method,after_task,after_task_name,eval_task,eval_task_name,raw,normalized
finetune,0,"biggrid50-goal(40,31)",0,"biggrid50-goal(40,31)",0.9554420709609985,0.8656406905119313
finetune,1,"biggrid50-goal(9,31)",0,"biggrid50-goal(40,31)",0.7727890610694885,0.31487154988468463
finetune,1,"biggrid50-goal(9,31)",1,"biggrid50-goal(9,31)",0.9261903762817383,0.6661534450774267
finetune,2,"biggrid50-goal(15,31)",0,"biggrid50-goal(40,31)",0.8207481503486633,0.45948666683920836
finetune,2,"biggrid50-goal(15,31)",1,"biggrid50-goal(9,31)",0.9370747208595276,0.715384165366089
finetune,2,"biggrid50-goal(15,31)",2,"biggrid50-goal(15,31)",0.9438775181770325,0.7573527668483298
finetune,3,"biggrid50-goal(9,24)",0,"biggrid50-goal(40,31)",0.7785713076591492,0.332307249340028
finetune,3,"biggrid50-goal(9,24)",1,"biggrid50-goal(9,31)",0.9306121468544006,0.6861534504693537
finetune,3,"biggrid50-goal(9,24)",2,"biggrid50-goal(15,31)",0.9557821750640869,0.8088229078940451
finetune,3,"biggrid50-goal(9,24)",3,"biggrid50-goal(9,24)",0.9646257162094116,0.8257949830955835
finetune,4,"biggrid50-goal(21,17)",0,"biggrid50-goal(40,31)",0.7690475583076477,0.3035894786939743
finetune,4,"biggrid50-goal(21,17)",1,"biggrid50-goal(9,31)",0.8588435053825378,0.3615384138406454
finetune,4,"biggrid50-goal(21,17)",2,"biggrid50-goal(15,31)",0.8554421067237854,0.37499961344629634
finetune,4,"biggrid50-goal(21,17)",3,"biggrid50-goal(9,24)",0.8976190090179443,0.4958122015896433
finetune,4,"biggrid50-goal(21,17)",4,"biggrid50-goal(21,17)",0.795578122138977,0.26438149902192937
finetune,5,"biggrid50-goal(27,3)",0,"biggrid50-goal(40,31)",0.7499999403953552,0.24615357793996698
finetune,5,"biggrid50-goal(27,3)",1,"biggrid50-goal(9,31)",0.8343536853790283,0.2507690909938912
finetune,5,"biggrid50-goal(27,3)",2,"biggrid50-goal(15,31)",0.8265305161476135,0.2499994845950618
finetune,5,"biggrid50-goal(27,3)",3,"biggrid50-goal(9,24)",0.8636053800582886,0.32830789696612833
finetune,5,"biggrid50-goal(27,3)",4,"biggrid50-goal(21,17)",0.7935373187065125,0.2570376042417379
finetune,5,"biggrid50-goal(27,3)",5,"biggrid50-goal(27,3)",0.8595237135887146,0.4920044841879781
finetune,6,"biggrid50-goal(3,31)",0,"biggrid50-goal(40,31)",0.7629250884056091,0.2851278749762755
finetune,6,"biggrid50-goal(3,31)",1,"biggrid50-goal(9,31)",0.8979591131210327,0.5384612896033671
finetune,6,"biggrid50-goal(3,31)",2,"biggrid50-goal(15,31)",0.9091836214065552,0.6073526637673421
finetune,6,"biggrid50-goal(3,31)",3,"biggrid50-goal(9,24)",0.9775508642196655,0.8894464662167041
finetune,6,"biggrid50-goal(3,31)",4,"biggrid50-goal(21,17)",0.7738094329833984,0.18604619238820824
finetune,6,"biggrid50-goal(3,31)",5,"biggrid50-goal(27,3)",0.7278910875320435,0.01598973835698611
finetune,6,"biggrid50-goal(3,31)",6,"biggrid50-goal(3,31)",0.9799317717552185,0.9345165473164035
finetune,7,"biggrid50-goal(33,10)",0,"biggrid50-goal(40,31)",0.8064624667167664,0.4164098311391779
finetune,7,"biggrid50-goal(33,10)",1,"biggrid50-goal(9,31)",0.8193877339363098,0.18307695169561278
finetune,7,"biggrid50-goal(33,10)",2,"biggrid50-goal(15,31)",0.8299320340156555,0.2647060491015977
finetune,7,"biggrid50-goal(33,10)",3,"biggrid50-goal(9,24)",0.8544217348098755,0.2830819049654192
finetune,7,"biggrid50-goal(33,10)",4,"biggrid50-goal(21,17)",0.7761905193328857,0.19461460585469645
finetune,7,"biggrid50-goal(33,10)",5,"biggrid50-goal(27,3)",0.8204081058502197,0.3505531842067089
finetune,7,"biggrid50-goal(33,10)",6,"biggrid50-goal(3,31)",0.788095235824585,0.30854605453683676
finetune,7,"biggrid50-goal(33,10)",7,"biggrid50-goal(33,10)",0.9486392736434937,0.6834370676461361
finetune,8,"biggrid50-goal(27,45)",0,"biggrid50-goal(40,31)",0.9309521913528442,0.7917942756411362
finetune,8,"biggrid50-goal(27,45)",1,"biggrid50-goal(9,31)",0.8346939086914062,0.25230794697255426
finetune,8,"biggrid50-goal(27,45)",2,"biggrid50-goal(15,31)",0.8598639965057373,0.3941177865213362
finetune,8,"biggrid50-goal(27,45)",3,"biggrid50-goal(9,24)",0.8629251718521118,0.3249581278865047
finetune,8,"biggrid50-goal(27,45)",4,"biggrid50-goal(21,17)",0.7540816068649292,0.11505499502385119
finetune,8,"biggrid50-goal(27,45)",5,"biggrid50-goal(27,3)",0.7619047164916992,0.13899107494849025
finetune,8,"biggrid50-goal(27,45)",6,"biggrid50-goal(3,31)",0.8221086859703064,0.4195333388180191
finetune,8,"biggrid50-goal(27,45)",7,"biggrid50-goal(33,10)",0.8425168395042419,0.029349181379403077
finetune,8,"biggrid50-goal(27,45)",8,"biggrid50-goal(27,45)",0.7200680375099182,0.2161903929029073
finetune,9,"biggrid50-goal(21,45)",0,"biggrid50-goal(40,31)",0.8425169587135315,0.5251280043825595
finetune,9,"biggrid50-goal(21,45)",1,"biggrid50-goal(9,31)",0.8306121826171875,0.23384598877023355
finetune,9,"biggrid50-goal(21,45)",2,"biggrid50-goal(15,31)",0.8455781936645508,0.332352689537589
finetune,9,"biggrid50-goal(21,45)",3,"biggrid50-goal(9,24)",0.8897958397865295,0.457286041278595
finetune,9,"biggrid50-goal(21,45)",4,"biggrid50-goal(21,17)",0.7833332419395447,0.22031791585160782
finetune,9,"biggrid50-goal(21,45)",5,"biggrid50-goal(27,3)",0.6948979496955872,-0.10332126068534964
finetune,9,"biggrid50-goal(21,45)",6,"biggrid50-goal(3,31)",0.8741495609283447,0.5893448503954711
finetune,9,"biggrid50-goal(21,45)",7,"biggrid50-goal(33,10)",0.8397958874702454,0.012578535483600769
finetune,9,"biggrid50-goal(21,45)",8,"biggrid50-goal(27,45)",0.6982992887496948,0.155237887654956
finetune,9,"biggrid50-goal(21,45)",9,"biggrid50-goal(21,45)",0.9649658203125,0.8795316092819787
finetune,10,"biggrid50-goal(33,3)",0,"biggrid50-goal(40,31)",0.8088434934616089,0.42358954339711624
finetune,10,"biggrid50-goal(33,3)",1,"biggrid50-goal(9,31)",0.8098639249801636,0.14000003774348932
finetune,10,"biggrid50-goal(33,3)",2,"biggrid50-goal(15,31)",0.7938775420188904,0.1088233717584895
finetune,10,"biggrid50-goal(33,3)",3,"biggrid50-goal(9,24)",0.8588434457778931,0.3048571651654543
finetune,10,"biggrid50-goal(33,3)",4,"biggrid50-goal(21,17)",0.7792516946792603,0.2056303407803974
finetune,10,"biggrid50-goal(33,3)",5,"biggrid50-goal(27,3)",0.7772107720375061,0.1943413962068046
finetune,10,"biggrid50-goal(33,3)",6,"biggrid50-goal(3,31)",0.8125849366188049,0.3884569536771609
finetune,10,"biggrid50-goal(33,3)",7,"biggrid50-goal(33,10)",0.9472788572311401,0.6750521120727343
finetune,10,"biggrid50-goal(33,3)",8,"biggrid50-goal(27,45)",0.6605441570281982,0.04952350371220165
finetune,10,"biggrid50-goal(33,3)",9,"biggrid50-goal(21,45)",0.7904761433601379,0.2795321011770845
finetune,10,"biggrid50-goal(33,3)",10,"biggrid50-goal(33,3)",0.9489794373512268,0.6815278780257312
finetune,11,"biggrid50-goal(21,24)",0,"biggrid50-goal(40,31)",0.8265305161476135,0.4769227257564516
finetune,11,"biggrid50-goal(21,24)",1,"biggrid50-goal(9,31)",0.8306122422218323,0.2338462583665858
finetune,11,"biggrid50-goal(21,24)",2,"biggrid50-goal(15,31)",0.845578134059906,0.3323524318351199
finetune,11,"biggrid50-goal(21,24)",3,"biggrid50-goal(9,24)",0.8945576548576355,0.4807361860184419
finetune,11,"biggrid50-goal(21,24)",4,"biggrid50-goal(21,17)",0.777550995349884,0.19951032121898488
finetune,11,"biggrid50-goal(21,24)",5,"biggrid50-goal(27,3)",0.7299318313598633,0.023369551277284434
finetune,11,"biggrid50-goal(21,24)",6,"biggrid50-goal(3,31)",0.8870747089385986,0.6315201390076103
finetune,11,"biggrid50-goal(21,24)",7,"biggrid50-goal(33,10)",0.9142856597900391,0.47169783594377407
finetune,11,"biggrid50-goal(21,24)",8,"biggrid50-goal(27,45)",0.6840136051177979,0.11523796776361005
finetune,11,"biggrid50-goal(21,24)",9,"biggrid50-goal(21,45)",0.8649658560752869,0.535672130596511
finetune,11,"biggrid50-goal(21,24)",10,"biggrid50-goal(33,3)",0.9159862399101257,0.47558319505316654
finetune,11,"biggrid50-goal(21,24)",11,"biggrid50-goal(21,24)",0.8894556164741516,0.5045726059299226
finetune,12,"biggrid50-goal(21,3)",0,"biggrid50-goal(40,31)",0.8921768069267273,0.6748715642631606
finetune,12,"biggrid50-goal(21,3)",1,"biggrid50-goal(9,31)",0.8323128819465637,0.2415383814890831
finetune,12,"biggrid50-goal(21,3)",2,"biggrid50-goal(15,31)",0.8448979258537292,0.3294115312577633
finetune,12,"biggrid50-goal(21,3)",3,"biggrid50-goal(9,24)",0.896938681602478,0.4924618454491925
finetune,12,"biggrid50-goal(21,3)",4,"biggrid50-goal(21,17)",0.7765305638313293,0.1958382665843028
finetune,12,"biggrid50-goal(21,3)",5,"biggrid50-goal(27,3)",0.7782312631607056,0.198031733755973
finetune,12,"biggrid50-goal(21,3)",6,"biggrid50-goal(3,31)",0.8571427464485168,0.5338509165162754
finetune,12,"biggrid50-goal(21,3)",7,"biggrid50-goal(33,10)",0.9408162832260132,0.6352198993540822
finetune,12,"biggrid50-goal(21,3)",8,"biggrid50-goal(27,45)",0.6863945722579956,0.12190467670984412
finetune,12,"biggrid50-goal(21,3)",9,"biggrid50-goal(21,45)",0.8642855882644653,0.533332964412004
finetune,12,"biggrid50-goal(21,3)",10,"biggrid50-goal(33,3)",0.9316324591636658,0.5732474384064172
finetune,12,"biggrid50-goal(21,3)",11,"biggrid50-goal(21,24)",0.8918367028236389,0.5152439342014896
finetune,12,"biggrid50-goal(21,3)",12,"biggrid50-goal(21,3)",0.9880950450897217,0.9599993511199889
finetune,13,"biggrid50-goal(3,17)",0,"biggrid50-goal(40,31)",0.7204080820083618,0.15692273294568962
finetune,13,"biggrid50-goal(3,17)",1,"biggrid50-goal(9,31)",0.8666666746139526,0.39692320467027153
finetune,13,"biggrid50-goal(3,17)",2,"biggrid50-goal(15,31)",0.8605441451072693,0.3970584293962237
finetune,13,"biggrid50-goal(3,17)",3,"biggrid50-goal(9,24)",0.9792516231536865,0.8978220630374175
finetune,13,"biggrid50-goal(3,17)",4,"biggrid50-goal(21,17)",0.7935373783111572,0.2570378187309105
finetune,13,"biggrid50-goal(3,17)",5,"biggrid50-goal(27,3)",0.7363945245742798,0.046740180277116954
finetune,13,"biggrid50-goal(3,17)",6,"biggrid50-goal(3,31)",0.9384353160858154,0.7991119087892867
finetune,13,"biggrid50-goal(3,17)",7,"biggrid50-goal(33,10)",0.8860543370246887,0.29769347594321566
finetune,13,"biggrid50-goal(3,17)",8,"biggrid50-goal(27,45)",0.6714285612106323,0.07999983978269193
finetune,13,"biggrid50-goal(3,17)",9,"biggrid50-goal(21,45)",0.8353740572929382,0.43391788917972185
finetune,13,"biggrid50-goal(3,17)",10,"biggrid50-goal(33,3)",0.8197278380393982,-0.12526508866053024
finetune,13,"biggrid50-goal(3,17)",11,"biggrid50-goal(21,24)",0.8942176103591919,0.5259144610816273
finetune,13,"biggrid50-goal(3,17)",12,"biggrid50-goal(21,3)",0.9095236659049988,0.6959995145416213
finetune,13,"biggrid50-goal(3,17)",13,"biggrid50-goal(3,17)",0.9163264632225037,0.6825804295515319
finetune,14,"biggrid50-goal(15,45)",0,"biggrid50-goal(40,31)",0.7860544323921204,0.35487175118334857
finetune,14,"biggrid50-goal(15,45)",1,"biggrid50-goal(9,31)",0.9051019549369812,0.5707689076683717
finetune,14,"biggrid50-goal(15,45)",2,"biggrid50-goal(15,31)",0.9091836810112,0.6073529214698112
finetune,14,"biggrid50-goal(15,45)",3,"biggrid50-goal(9,24)",0.954761803150177,0.7772189284848371
finetune,14,"biggrid50-goal(15,45)",4,"biggrid50-goal(21,17)",0.7571429014205933,0.12607115892789733
finetune,14,"biggrid50-goal(15,45)",5,"biggrid50-goal(27,3)",0.6731292009353638,-0.1820422109434965
finetune,14,"biggrid50-goal(15,45)",6,"biggrid50-goal(3,31)",0.9370747208595276,0.7946722307053325
finetune,14,"biggrid50-goal(15,45)",7,"biggrid50-goal(33,10)",0.7707481980323792,-0.41299837106146986
finetune,14,"biggrid50-goal(15,45)",8,"biggrid50-goal(27,45)",0.7006803154945374,0.16190476349421934
finetune,14,"biggrid50-goal(15,45)",9,"biggrid50-goal(21,45)",0.9081631898880005,0.684210310572322
finetune,14,"biggrid50-goal(15,45)",10,"biggrid50-goal(33,3)",0.712925136089325,-0.7919312592548498
finetune,14,"biggrid50-goal(15,45)",11,"biggrid50-goal(21,24)",0.874829888343811,0.4390243967592799
finetune,14,"biggrid50-goal(15,45)",12,"biggrid50-goal(21,3)",0.7176870107650757,0.05142834712437007
finetune,14,"biggrid50-goal(15,45)",13,"biggrid50-goal(3,17)",0.788095235824585,0.19612912503736518
finetune,14,"biggrid50-goal(15,45)",14,"biggrid50-goal(15,45)",0.9261904358863831,0.7148486657871777
finetune,15,"biggrid50-goal(3,24)",0,"biggrid50-goal(40,31)",0.7258502840995789,0.1733330673315274
finetune,15,"biggrid50-goal(3,24)",1,"biggrid50-goal(9,31)",0.9023809432983398,0.5584615645916464
finetune,15,"biggrid50-goal(3,24)",2,"biggrid50-goal(15,31)",0.8880951404571533,0.5161759839853377
finetune,15,"biggrid50-goal(3,24)",3,"biggrid50-goal(9,24)",0.9795916676521301,0.8994966540468158
finetune,15,"biggrid50-goal(3,24)",4,"biggrid50-goal(21,17)",0.7693876624107361,0.1701343131198737
finetune,15,"biggrid50-goal(3,24)",5,"biggrid50-goal(27,3)",0.6765305995941162,-0.16974194795764033
finetune,15,"biggrid50-goal(3,24)",6,"biggrid50-goal(3,31)",0.9717685580253601,0.9078796457670966
finetune,15,"biggrid50-goal(3,24)",7,"biggrid50-goal(33,10)",0.8040816187858582,-0.20754712129016045
finetune,15,"biggrid50-goal(3,24)",8,"biggrid50-goal(27,45)",0.6775510311126709,0.09714275796071405
finetune,15,"biggrid50-goal(3,24)",9,"biggrid50-goal(21,45)",0.8336734771728516,0.4280702811528955
finetune,15,"biggrid50-goal(3,24)",10,"biggrid50-goal(33,3)",0.7193877696990967,-0.7515912760717023
finetune,15,"biggrid50-goal(3,24)",11,"biggrid50-goal(21,24)",0.9010202288627625,0.5564017952236536
finetune,15,"biggrid50-goal(3,24)",12,"biggrid50-goal(21,3)",0.7374149560928345,0.11771424405779117
finetune,15,"biggrid50-goal(3,24)",13,"biggrid50-goal(3,17)",0.8982991576194763,0.6141929820832521
finetune,15,"biggrid50-goal(3,24)",14,"biggrid50-goal(15,45)",0.849319577217102,0.417870514312268
finetune,15,"biggrid50-goal(3,24)",15,"biggrid50-goal(3,24)",0.992516815662384,0.970229286213779
finetune,16,"biggrid50-goal(3,10)",0,"biggrid50-goal(40,31)",0.9129250645637512,0.7374355484813454
finetune,16,"biggrid50-goal(3,10)",1,"biggrid50-goal(9,31)",0.9047619104385376,0.5692308604787654
finetune,16,"biggrid50-goal(3,10)",2,"biggrid50-goal(15,31)",0.8935374021530151,0.5397057656288816
finetune,16,"biggrid50-goal(3,10)",3,"biggrid50-goal(9,24)",0.9673467874526978,0.8391952335357323
finetune,16,"biggrid50-goal(3,10)",4,"biggrid50-goal(21,17)",0.7534013986587524,0.11260724458629329
finetune,16,"biggrid50-goal(3,10)",5,"biggrid50-goal(27,3)",0.7006803154945374,-0.08241085671829604
finetune,16,"biggrid50-goal(3,10)",6,"biggrid50-goal(3,31)",0.9908161759376526,0.970032805033619
finetune,16,"biggrid50-goal(3,10)",7,"biggrid50-goal(33,10)",0.8261903524398804,-0.07127946986390245
finetune,16,"biggrid50-goal(3,10)",8,"biggrid50-goal(27,45)",0.6693877577781677,0.07428558935436097
finetune,16,"biggrid50-goal(3,10)",9,"biggrid50-goal(21,45)",0.8768705725669861,0.5766076413035303
finetune,16,"biggrid50-goal(3,10)",10,"biggrid50-goal(33,3)",0.7431972622871399,-0.6029715973777616
finetune,16,"biggrid50-goal(3,10)",11,"biggrid50-goal(21,24)",0.8853740692138672,0.48628031229689733
finetune,16,"biggrid50-goal(3,10)",12,"biggrid50-goal(21,3)",0.9241495728492737,0.7451425623430497
finetune,16,"biggrid50-goal(3,10)",13,"biggrid50-goal(3,17)",0.8557822108268738,0.45290290749759304
finetune,16,"biggrid50-goal(3,10)",14,"biggrid50-goal(15,45)",0.8455781936645508,0.4034162830127896
finetune,16,"biggrid50-goal(3,10)",15,"biggrid50-goal(3,24)",0.994217574596405,0.9769954976499425
finetune,16,"biggrid50-goal(3,10)",16,"biggrid50-goal(3,10)",0.8003400564193726,0.41475543162542117
finetune,17,"biggrid50-goal(46,31)",0,"biggrid50-goal(40,31)",0.9098637700080872,0.728204566891546
finetune,17,"biggrid50-goal(46,31)",1,"biggrid50-goal(9,31)",0.8272107839584351,0.21846120333253444
finetune,17,"biggrid50-goal(46,31)",2,"biggrid50-goal(15,31)",0.8037415146827698,0.15147055336966594
finetune,17,"biggrid50-goal(46,31)",3,"biggrid50-goal(9,24)",0.7942177057266235,-0.013400250440148856
finetune,17,"biggrid50-goal(46,31)",4,"biggrid50-goal(21,17)",0.7499999403953552,0.10036699097429562
finetune,17,"biggrid50-goal(46,31)",5,"biggrid50-goal(27,3)",0.7244898676872253,0.003690122004658779
finetune,17,"biggrid50-goal(46,31)",6,"biggrid50-goal(3,31)",0.7367346882820129,0.14095447924756335
finetune,17,"biggrid50-goal(46,31)",7,"biggrid50-goal(33,10)",0.8619046807289124,0.14884655428435814
finetune,17,"biggrid50-goal(46,31)",8,"biggrid50-goal(27,45)",0.6738095879554749,0.08666671562195524
finetune,17,"biggrid50-goal(46,31)",9,"biggrid50-goal(21,45)",0.8411563634872437,0.4538009042261783
finetune,17,"biggrid50-goal(46,31)",10,"biggrid50-goal(33,3)",0.8051019310951233,-0.21656050718436776
finetune,17,"biggrid50-goal(46,31)",11,"biggrid50-goal(21,24)",0.8530611395835876,0.3414632712958419
finetune,17,"biggrid50-goal(46,31)",12,"biggrid50-goal(21,3)",0.7333333492279053,0.10400004486084027
finetune,17,"biggrid50-goal(46,31)",13,"biggrid50-goal(3,17)",0.7129250764846802,-0.08903247571658625
finetune,17,"biggrid50-goal(46,31)",14,"biggrid50-goal(15,45)",0.776190459728241,0.13534797577436755
finetune,17,"biggrid50-goal(46,31)",15,"biggrid50-goal(3,24)",0.7438775300979614,-0.018944396083498474
finetune,17,"biggrid50-goal(46,31)",16,"biggrid50-goal(3,10)",0.6561224460601807,-0.007976197027948051
finetune,17,"biggrid50-goal(46,31)",17,"biggrid50-goal(46,31)",0.8380951285362244,0.4919954554167972
finetune,18,"biggrid50-goal(46,24)",0,"biggrid50-goal(40,31)",0.875510036945343,0.6246148365742418
finetune,18,"biggrid50-goal(46,24)",1,"biggrid50-goal(9,31)",0.8027210235595703,0.10769215008213252
finetune,18,"biggrid50-goal(46,24)",2,"biggrid50-goal(15,31)",0.8037413954734802,0.15147003796472774
finetune,18,"biggrid50-goal(46,24)",3,"biggrid50-goal(9,24)",0.803741455078125,0.03350062610037214
finetune,18,"biggrid50-goal(46,24)",4,"biggrid50-goal(21,17)",0.7469387650489807,0.08935125604859467
finetune,18,"biggrid50-goal(46,24)",5,"biggrid50-goal(27,3)",0.7479591369628906,0.0885605571222049
finetune,18,"biggrid50-goal(46,24)",6,"biggrid50-goal(3,31)",0.7465985417366028,0.17314063804010785
finetune,18,"biggrid50-goal(46,24)",7,"biggrid50-goal(33,10)",0.8874149322509766,0.30607953364011553
finetune,18,"biggrid50-goal(46,24)",8,"biggrid50-goal(27,45)",0.6636054515838623,0.05809512969424196
finetune,18,"biggrid50-goal(46,24)",9,"biggrid50-goal(21,45)",0.7758502960205078,0.22923972077574317
finetune,18,"biggrid50-goal(46,24)",10,"biggrid50-goal(33,3)",0.8340135216712952,-0.0360933558550179
finetune,18,"biggrid50-goal(46,24)",11,"biggrid50-goal(21,24)",0.8435373902320862,0.2987806295143381
finetune,18,"biggrid50-goal(46,24)",12,"biggrid50-goal(21,3)",0.7452380657196045,0.14399989265441793
finetune,18,"biggrid50-goal(46,24)",13,"biggrid50-goal(3,17)",0.712925136089325,-0.08903224960351072
finetune,18,"biggrid50-goal(46,24)",14,"biggrid50-goal(15,45)",0.7636053562164307,0.08672746025316666
finetune,18,"biggrid50-goal(46,24)",15,"biggrid50-goal(3,24)",0.7602040767669678,0.046008293316000856
finetune,18,"biggrid50-goal(46,24)",16,"biggrid50-goal(3,10)",0.6622448563575745,0.009969853179480594
finetune,18,"biggrid50-goal(46,24)",17,"biggrid50-goal(46,31)",0.8166665434837341,0.42475956256048925
finetune,18,"biggrid50-goal(46,24)",18,"biggrid50-goal(46,24)",0.9727889895439148,0.9095018453476188
finetune,19,"biggrid50-goal(3,45)",0,"biggrid50-goal(40,31)",0.8136053681373596,0.4379484287201431
finetune,19,"biggrid50-goal(3,45)",1,"biggrid50-goal(9,31)",0.9054421186447144,0.5723074940506825
finetune,19,"biggrid50-goal(3,45)",2,"biggrid50-goal(15,31)",0.8911564350128174,0.5294115827982571
finetune,19,"biggrid50-goal(3,45)",3,"biggrid50-goal(9,24)",0.9384353160858154,0.6968171323135304
finetune,19,"biggrid50-goal(3,45)",4,"biggrid50-goal(21,17)",0.7506802678108215,0.1028151703901987
finetune,19,"biggrid50-goal(3,45)",5,"biggrid50-goal(27,3)",0.6809523701667786,-0.153751778511635
finetune,19,"biggrid50-goal(3,45)",6,"biggrid50-goal(3,31)",0.98163241147995,0.940065804559641
finetune,19,"biggrid50-goal(3,45)",7,"biggrid50-goal(33,10)",0.7833332419395447,-0.33543018451751605
finetune,19,"biggrid50-goal(3,45)",8,"biggrid50-goal(27,45)",0.6710883975028992,0.0790473812647888
finetune,19,"biggrid50-goal(3,45)",9,"biggrid50-goal(21,45)",0.8751699924468994,0.5707600332767039
finetune,19,"biggrid50-goal(3,45)",10,"biggrid50-goal(33,3)",0.7289114594459534,-0.6921440742917947
finetune,19,"biggrid50-goal(3,45)",11,"biggrid50-goal(21,24)",0.8789114356040955,0.45731669039230516
finetune,19,"biggrid50-goal(3,45)",12,"biggrid50-goal(21,3)",0.7309523224830627,0.09599979492187305
finetune,19,"biggrid50-goal(3,45)",13,"biggrid50-goal(3,17)",0.8200680017471313,0.3174193443353926
finetune,19,"biggrid50-goal(3,45)",14,"biggrid50-goal(15,45)",0.881292462348938,0.5413925939162355
finetune,19,"biggrid50-goal(3,45)",15,"biggrid50-goal(3,24)",0.9870747923851013,0.9485790220887139
finetune,19,"biggrid50-goal(3,45)",16,"biggrid50-goal(3,10)",0.6976190209388733,0.11365884212098738
finetune,19,"biggrid50-goal(3,45)",17,"biggrid50-goal(46,31)",0.7353740334510803,0.16969024831565216
finetune,19,"biggrid50-goal(3,45)",18,"biggrid50-goal(46,24)",0.7465986013412476,0.15723971360934452
finetune,19,"biggrid50-goal(3,45)",19,"biggrid50-goal(3,45)",0.8826529383659363,0.710812794198738
finetune,20,"biggrid50-goal(21,10)",0,"biggrid50-goal(40,31)",0.8183672428131104,0.45230731404316993
finetune,20,"biggrid50-goal(21,10)",1,"biggrid50-goal(9,31)",0.845578134059906,0.301538128068512
finetune,20,"biggrid50-goal(21,10)",2,"biggrid50-goal(15,31)",0.8649659752845764,0.4161763447687945
finetune,20,"biggrid50-goal(21,10)",3,"biggrid50-goal(9,24)",0.8908162713050842,0.4623112819588576
finetune,20,"biggrid50-goal(21,10)",4,"biggrid50-goal(21,17)",0.8272107243537903,0.37821240433782904
finetune,20,"biggrid50-goal(21,10)",5,"biggrid50-goal(27,3)",0.7149659991264343,-0.030750441920130843
finetune,20,"biggrid50-goal(21,10)",6,"biggrid50-goal(3,31)",0.8336734175682068,0.45726953282341315
finetune,20,"biggrid50-goal(21,10)",7,"biggrid50-goal(33,10)",0.9146257638931274,0.4737940748371245
finetune,20,"biggrid50-goal(21,10)",8,"biggrid50-goal(27,45)",0.6741496324539185,0.08761884035379987
finetune,20,"biggrid50-goal(21,10)",9,"biggrid50-goal(21,45)",0.9102039337158203,0.6912276041695489
finetune,20,"biggrid50-goal(21,10)",10,"biggrid50-goal(33,3)",0.7734692692756653,-0.4140126796091942
finetune,20,"biggrid50-goal(21,10)",11,"biggrid50-goal(21,24)",0.914965808391571,0.6189017785279989
finetune,20,"biggrid50-goal(21,10)",12,"biggrid50-goal(21,3)",0.9278910756111145,0.7577140117427255
finetune,20,"biggrid50-goal(21,10)",13,"biggrid50-goal(3,17)",0.7751700282096863,0.14709673072148613
finetune,20,"biggrid50-goal(21,10)",14,"biggrid50-goal(15,45)",0.8119047284126282,0.2733242866778134
finetune,20,"biggrid50-goal(21,10)",15,"biggrid50-goal(3,24)",0.8336734175682068,0.33829492135767186
finetune,20,"biggrid50-goal(21,10)",16,"biggrid50-goal(3,10)",0.6826531291007996,0.06979071939171735
finetune,20,"biggrid50-goal(21,10)",17,"biggrid50-goal(46,31)",0.7465985417366028,0.20490908495845822
finetune,20,"biggrid50-goal(21,10)",18,"biggrid50-goal(46,24)",0.8673468232154846,0.5588231562679772
finetune,20,"biggrid50-goal(21,10)",19,"biggrid50-goal(3,45)",0.7687074542045593,0.43000835206402915
finetune,20,"biggrid50-goal(21,10)",20,"biggrid50-goal(21,10)",0.7693878412246704,0.13076953147290848
finetune,21,"biggrid50-goal(40,3)",0,"biggrid50-goal(40,31)",0.9765303134918213,0.9292298600686716
finetune,21,"biggrid50-goal(40,3)",1,"biggrid50-goal(9,31)",0.8639456033706665,0.38461559199719403
finetune,21,"biggrid50-goal(40,3)",2,"biggrid50-goal(15,31)",0.8425168991088867,0.31911709072466965
finetune,21,"biggrid50-goal(40,3)",3,"biggrid50-goal(9,24)",0.895578145980835,0.4857617202291181
finetune,21,"biggrid50-goal(40,3)",4,"biggrid50-goal(21,17)",0.8377550840377808,0.4161566114142558
finetune,21,"biggrid50-goal(40,3)",5,"biggrid50-goal(27,3)",0.7772108316421509,0.19434161175131423
finetune,21,"biggrid50-goal(40,3)",6,"biggrid50-goal(3,31)",0.7884353399276733,0.30965582818852305
finetune,21,"biggrid50-goal(40,3)",7,"biggrid50-goal(33,10)",0.8826529383659363,0.276728882762715
finetune,21,"biggrid50-goal(40,3)",8,"biggrid50-goal(27,45)",0.6588436365127563,0.0447620455878323
finetune,21,"biggrid50-goal(40,3)",9,"biggrid50-goal(21,45)",0.927210807800293,0.7497073736511057
finetune,21,"biggrid50-goal(40,3)",10,"biggrid50-goal(33,3)",0.8499999642372131,0.0636945732165579
finetune,21,"biggrid50-goal(40,3)",11,"biggrid50-goal(21,24)",0.8925169110298157,0.5182924271982634
finetune,21,"biggrid50-goal(40,3)",12,"biggrid50-goal(21,3)",0.9836732745170593,0.9451422018541547
finetune,21,"biggrid50-goal(40,3)",13,"biggrid50-goal(3,17)",0.7969387769699097,0.22967752205393882
finetune,21,"biggrid50-goal(40,3)",14,"biggrid50-goal(15,45)",0.8013604283332825,0.23258808572508222
finetune,21,"biggrid50-goal(40,3)",15,"biggrid50-goal(3,24)",0.8408162593841553,0.3667116340469386
finetune,21,"biggrid50-goal(40,3)",16,"biggrid50-goal(3,10)",0.6942176222801208,0.10368863951443615
finetune,21,"biggrid50-goal(40,3)",17,"biggrid50-goal(46,31)",0.7006803154945374,0.06083270603746943
finetune,21,"biggrid50-goal(40,3)",18,"biggrid50-goal(46,24)",0.9282311201095581,0.7613116498545567
finetune,21,"biggrid50-goal(40,3)",19,"biggrid50-goal(3,45)",0.7085033655166626,0.28164288007840305
finetune,21,"biggrid50-goal(40,3)",20,"biggrid50-goal(21,10)",0.7517006397247314,0.06410238552375166
finetune,21,"biggrid50-goal(40,3)",21,"biggrid50-goal(40,3)",0.9693875908851624,0.9068318012434979
finetune,22,"biggrid50-goal(15,38)",0,"biggrid50-goal(40,31)",0.8251699209213257,0.4728200073617797
finetune,22,"biggrid50-goal(15,38)",1,"biggrid50-goal(9,31)",0.8894556760787964,0.49999959560547164
finetune,22,"biggrid50-goal(15,38)",2,"biggrid50-goal(15,31)",0.9020407199859619,0.5764701152754684
finetune,22,"biggrid50-goal(15,38)",3,"biggrid50-goal(9,24)",0.9547617435455322,0.7772186349544236
finetune,22,"biggrid50-goal(15,38)",4,"biggrid50-goal(21,17)",0.7663265466690063,0.15911879268334533
finetune,22,"biggrid50-goal(15,38)",5,"biggrid50-goal(27,3)",0.701020359992981,-0.08118117529092582
finetune,22,"biggrid50-goal(15,38)",6,"biggrid50-goal(3,31)",0.9809522032737732,0.9378462572562685
finetune,22,"biggrid50-goal(15,38)",7,"biggrid50-goal(33,10)",0.8343536853790283,-0.020964593180500642
finetune,22,"biggrid50-goal(15,38)",8,"biggrid50-goal(27,45)",0.66700679063797,0.06761888040812689
finetune,22,"biggrid50-goal(15,38)",9,"biggrid50-goal(21,45)",0.9061223864555359,0.6771928120188011
finetune,22,"biggrid50-goal(15,38)",10,"biggrid50-goal(33,3)",0.7629251480102539,-0.4798294503270357
finetune,22,"biggrid50-goal(15,38)",11,"biggrid50-goal(21,24)",0.8646258115768433,0.3932927277200494
finetune,22,"biggrid50-goal(15,38)",12,"biggrid50-goal(21,3)",0.768367350101471,0.22171428891863146
finetune,22,"biggrid50-goal(15,38)",13,"biggrid50-goal(3,17)",0.8438774347305298,0.4077415690348092
finetune,22,"biggrid50-goal(15,38)",14,"biggrid50-goal(15,45)",0.8377550840377808,0.3731929620305282
finetune,22,"biggrid50-goal(15,38)",15,"biggrid50-goal(3,24)",0.9693876504898071,0.8782134109658912
finetune,22,"biggrid50-goal(15,38)",16,"biggrid50-goal(3,10)",0.6734694242477417,0.04287138201027141
finetune,22,"biggrid50-goal(15,38)",17,"biggrid50-goal(46,31)",0.7200679779052734,0.1216648510152842
finetune,22,"biggrid50-goal(15,38)",18,"biggrid50-goal(46,24)",0.8105441331863403,0.3699092372047771
finetune,22,"biggrid50-goal(15,38)",19,"biggrid50-goal(3,45)",0.8802719712257385,0.7049451974750504
finetune,22,"biggrid50-goal(15,38)",20,"biggrid50-goal(21,10)",0.7438775300979614,0.03461527919627921
finetune,22,"biggrid50-goal(15,38)",21,"biggrid50-goal(40,3)",0.7639455199241638,0.2815733438500111
finetune,22,"biggrid50-goal(15,38)",22,"biggrid50-goal(15,38)",0.956802487373352,0.8075747269080592
finetune,23,"biggrid50-goal(40,45)",0,"biggrid50-goal(40,31)",0.9163264036178589,0.7476918951406503
finetune,23,"biggrid50-goal(40,45)",1,"biggrid50-goal(9,31)",0.8071429133415222,0.12769269466676408
finetune,23,"biggrid50-goal(40,45)",2,"biggrid50-goal(15,31)",0.8278911709785461,0.25588231655965143
finetune,23,"biggrid50-goal(40,45)",3,"biggrid50-goal(9,24)",0.7921767830848694,-0.02345102533108763
finetune,23,"biggrid50-goal(40,45)",4,"biggrid50-goal(21,17)",0.7598639130592346,0.13586280414564672
finetune,23,"biggrid50-goal(40,45)",5,"biggrid50-goal(27,3)",0.7108842730522156,-0.04551092993876596
finetune,23,"biggrid50-goal(40,45)",6,"biggrid50-goal(3,31)",0.7619047164916992,0.2230853146760661
finetune,23,"biggrid50-goal(40,45)",7,"biggrid50-goal(33,10)",0.8272108435630798,-0.06498965106035302
finetune,23,"biggrid50-goal(40,45)",8,"biggrid50-goal(27,45)",0.7047618627548218,0.173333097457852
finetune,23,"biggrid50-goal(40,45)",9,"biggrid50-goal(21,45)",0.9377549886703491,0.7859645519891111
finetune,23,"biggrid50-goal(40,45)",10,"biggrid50-goal(33,3)",0.7275510430335999,-0.7006358407310123
finetune,23,"biggrid50-goal(40,45)",11,"biggrid50-goal(21,24)",0.8496598601341248,0.32621973779006697
finetune,23,"biggrid50-goal(40,45)",12,"biggrid50-goal(21,3)",0.7292517423629761,0.09028584566388936
finetune,23,"biggrid50-goal(40,45)",13,"biggrid50-goal(3,17)",0.7013605833053589,-0.1329029346311621
finetune,23,"biggrid50-goal(40,45)",14,"biggrid50-goal(15,45)",0.8333333730697632,0.3561103956019714
finetune,23,"biggrid50-goal(40,45)",15,"biggrid50-goal(3,24)",0.7431973218917847,-0.021650501253103117
finetune,23,"biggrid50-goal(40,45)",16,"biggrid50-goal(3,10)",0.6557823419570923,-0.008973112460481983
finetune,23,"biggrid50-goal(40,45)",17,"biggrid50-goal(46,31)",0.8343536257743835,0.4802558432025285
finetune,23,"biggrid50-goal(40,45)",18,"biggrid50-goal(46,24)",0.8605440855026245,0.5361986671630412
finetune,23,"biggrid50-goal(40,45)",19,"biggrid50-goal(3,45)",0.8496597409248352,0.6295051717872389
finetune,23,"biggrid50-goal(40,45)",20,"biggrid50-goal(21,10)",0.7431973218917847,0.03205141742554309
finetune,23,"biggrid50-goal(40,45)",21,"biggrid50-goal(40,3)",0.7289115190505981,0.17494812711586763
finetune,23,"biggrid50-goal(40,45)",22,"biggrid50-goal(15,38)",0.8996599316596985,0.5530306288854302
finetune,23,"biggrid50-goal(40,45)",23,"biggrid50-goal(40,45)",0.8891155123710632,0.747286499051611
finetune,24,"biggrid50-goal(15,17)",0,"biggrid50-goal(40,31)",0.7891156077384949,0.364102373311248
finetune,24,"biggrid50-goal(15,17)",1,"biggrid50-goal(9,31)",0.9224489331245422,0.6492306124501213
finetune,24,"biggrid50-goal(15,17)",2,"biggrid50-goal(15,31)",0.9193876385688782,0.6514700379647278
finetune,24,"biggrid50-goal(15,17)",3,"biggrid50-goal(9,24)",0.9901359677314758,0.9514233583284265
finetune,24,"biggrid50-goal(15,17)",4,"biggrid50-goal(21,17)",0.7884352803230286,0.23867776004667285
finetune,24,"biggrid50-goal(15,17)",5,"biggrid50-goal(27,3)",0.7095237374305725,-0.050430948915304585
finetune,24,"biggrid50-goal(15,17)",6,"biggrid50-goal(3,31)",0.9534012079238892,0.8479462282963496
finetune,24,"biggrid50-goal(15,17)",7,"biggrid50-goal(33,10)",0.839115560054779,0.008385322947901152
finetune,24,"biggrid50-goal(15,17)",8,"biggrid50-goal(27,45)",0.6775510311126709,0.09714275796071405
finetune,24,"biggrid50-goal(15,17)",9,"biggrid50-goal(21,45)",0.8826530575752258,0.5964912712188689
finetune,24,"biggrid50-goal(15,17)",10,"biggrid50-goal(33,3)",0.7465985417366028,-0.5817406930626763
finetune,24,"biggrid50-goal(15,17)",11,"biggrid50-goal(21,24)",0.9238094091415405,0.6585361944432052
finetune,24,"biggrid50-goal(15,17)",12,"biggrid50-goal(21,3)",0.8163264393806458,0.3828568304334338
finetune,24,"biggrid50-goal(15,17)",13,"biggrid50-goal(3,17)",0.8435373306274414,0.4064513678258278
finetune,24,"biggrid50-goal(15,17)",14,"biggrid50-goal(15,45)",0.8571427464485168,0.4480940655674512
finetune,24,"biggrid50-goal(15,17)",15,"biggrid50-goal(3,24)",0.9561222195625305,0.8254389062137268
finetune,24,"biggrid50-goal(15,17)",16,"biggrid50-goal(3,10)",0.69047611951828,0.09272152147535098
finetune,24,"biggrid50-goal(15,17)",17,"biggrid50-goal(46,31)",0.7387754321098328,0.18036272506674272
finetune,24,"biggrid50-goal(15,17)",18,"biggrid50-goal(46,24)",0.816326379776001,0.3891397853299126
finetune,24,"biggrid50-goal(15,17)",19,"biggrid50-goal(3,45)",0.8700678944587708,0.6797985222457799
finetune,24,"biggrid50-goal(15,17)",20,"biggrid50-goal(21,10)",0.7428570985794067,0.03076903721284052
finetune,24,"biggrid50-goal(15,17)",21,"biggrid50-goal(40,3)",0.7323128581047058,0.18530002826296676
finetune,24,"biggrid50-goal(15,17)",22,"biggrid50-goal(15,38)",0.9608842134475708,0.8257569602534467
finetune,24,"biggrid50-goal(15,17)",23,"biggrid50-goal(40,45)",0.7306120991706848,0.38604613695353523
finetune,24,"biggrid50-goal(15,17)",24,"biggrid50-goal(15,17)",0.9999999403953552,0.9999997415373514
finetune,25,"biggrid50-goal(15,24)",0,"biggrid50-goal(40,31)",0.8159863948822021,0.44512814097808145
finetune,25,"biggrid50-goal(15,24)",1,"biggrid50-goal(9,31)",0.9040815234184265,0.5661534181177915
finetune,25,"biggrid50-goal(15,24)",2,"biggrid50-goal(15,31)",0.9448978304862976,0.7617641177143647
finetune,25,"biggrid50-goal(15,24)",3,"biggrid50-goal(9,24)",0.9670067429542542,0.8375206425263341
finetune,25,"biggrid50-goal(15,24)",4,"biggrid50-goal(21,17)",0.7693876624107361,0.1701343131198737
finetune,25,"biggrid50-goal(15,24)",5,"biggrid50-goal(27,3)",0.7244898080825806,0.003689906460149161
finetune,25,"biggrid50-goal(15,24)",6,"biggrid50-goal(3,31)",0.9343535304069519,0.7857928745374241
finetune,25,"biggrid50-goal(15,24)",7,"biggrid50-goal(33,10)",0.8860543370246887,0.29769347594321566
finetune,25,"biggrid50-goal(15,24)",8,"biggrid50-goal(27,45)",0.6765305995941162,0.09428554930003395
finetune,25,"biggrid50-goal(15,24)",9,"biggrid50-goal(21,45)",0.8772107362747192,0.5777773268739308
finetune,25,"biggrid50-goal(15,24)",10,"biggrid50-goal(33,3)",0.7670066952705383,-0.45435229073808125
finetune,25,"biggrid50-goal(15,24)",11,"biggrid50-goal(21,24)",0.8806121945381165,0.4649389914061454
finetune,25,"biggrid50-goal(15,24)",12,"biggrid50-goal(21,3)",0.8486393690109253,0.4914282750265911
finetune,25,"biggrid50-goal(15,24)",13,"biggrid50-goal(3,17)",0.8792515397071838,0.5419349309880283
finetune,25,"biggrid50-goal(15,24)",14,"biggrid50-goal(15,45)",0.8357142806053162,0.3653086474620585
finetune,25,"biggrid50-goal(15,24)",15,"biggrid50-goal(3,24)",0.9367344975471497,0.7483077950388546
finetune,25,"biggrid50-goal(15,24)",16,"biggrid50-goal(3,10)",0.6952380537986755,0.10667973523910858
finetune,25,"biggrid50-goal(15,24)",17,"biggrid50-goal(46,31)",0.7176870703697205,0.11419434171338268
finetune,25,"biggrid50-goal(15,24)",18,"biggrid50-goal(46,24)",0.8421767950057983,0.475112883575197
finetune,25,"biggrid50-goal(15,24)",19,"biggrid50-goal(3,45)",0.8346938490867615,0.5926235968870274
finetune,25,"biggrid50-goal(15,24)",20,"biggrid50-goal(21,10)",0.7414965033531189,0.025640639680366506
finetune,25,"biggrid50-goal(15,24)",21,"biggrid50-goal(40,3)",0.9258501529693604,0.7743265595334542
finetune,25,"biggrid50-goal(15,24)",22,"biggrid50-goal(15,38)",0.9551019072532654,0.7999994158745128
finetune,25,"biggrid50-goal(15,24)",23,"biggrid50-goal(40,45)",0.6721088290214539,0.252713093418929
finetune,25,"biggrid50-goal(15,24)",24,"biggrid50-goal(15,17)",0.9666664600372314,0.8554563145138925
finetune,25,"biggrid50-goal(15,24)",25,"biggrid50-goal(15,24)",0.9568026065826416,0.7876249446888067
finetune,26,"biggrid50-goal(21,38)",0,"biggrid50-goal(40,31)",0.8506801724433899,0.5497432363648912
finetune,26,"biggrid50-goal(21,38)",1,"biggrid50-goal(9,31)",0.9020406007766724,0.5569221694202788
finetune,26,"biggrid50-goal(21,38)",2,"biggrid50-goal(15,31)",0.8962584733963013,0.5514703987481845
finetune,26,"biggrid50-goal(21,38)",3,"biggrid50-goal(9,24)",0.8836734294891357,0.42713547778826005
finetune,26,"biggrid50-goal(21,38)",4,"biggrid50-goal(21,17)",0.7544217705726624,0.11627908473180273
finetune,26,"biggrid50-goal(21,38)",5,"biggrid50-goal(27,3)",0.6976190805435181,-0.09348100718776277
finetune,26,"biggrid50-goal(21,38)",6,"biggrid50-goal(3,31)",0.8663264513015747,0.5638177224978503
finetune,26,"biggrid50-goal(21,38)",7,"biggrid50-goal(33,10)",0.7982993721961975,-0.24318612147311297
finetune,26,"biggrid50-goal(21,38)",8,"biggrid50-goal(27,45)",0.6833333373069763,0.11333321762083305
finetune,26,"biggrid50-goal(21,38)",9,"biggrid50-goal(21,45)",0.9200679063796997,0.7251458212793412
finetune,26,"biggrid50-goal(21,38)",10,"biggrid50-goal(33,3)",0.7275510430335999,-0.7006358407310123
finetune,26,"biggrid50-goal(21,38)",11,"biggrid50-goal(21,24)",0.8901359438896179,0.5076216331876493
finetune,26,"biggrid50-goal(21,38)",12,"biggrid50-goal(21,3)",0.7462584972381592,0.14742854258945984
finetune,26,"biggrid50-goal(21,38)",13,"biggrid50-goal(3,17)",0.771428644657135,0.1329036129703887
finetune,26,"biggrid50-goal(21,38)",14,"biggrid50-goal(15,45)",0.862925112247467,0.47043330225416463
finetune,26,"biggrid50-goal(21,38)",15,"biggrid50-goal(3,24)",0.852040708065033,0.4113664005220611
finetune,26,"biggrid50-goal(21,38)",16,"biggrid50-goal(3,10)",0.6690475940704346,0.029910083679047742
finetune,26,"biggrid50-goal(21,38)",17,"biggrid50-goal(46,31)",0.7554420828819275,0.23265722527947785
finetune,26,"biggrid50-goal(21,38)",18,"biggrid50-goal(46,24)",0.7897958159446716,0.3009046544626726
finetune,26,"biggrid50-goal(21,38)",19,"biggrid50-goal(3,45)",0.8619045615196228,0.6596810057965028
finetune,26,"biggrid50-goal(21,38)",20,"biggrid50-goal(21,10)",0.7384353876113892,0.014102587721052199
finetune,26,"biggrid50-goal(21,38)",21,"biggrid50-goal(40,3)",0.6727890372276306,0.0041405790534046714
finetune,26,"biggrid50-goal(21,38)",22,"biggrid50-goal(15,38)",0.9527209997177124,0.7893935556090119
finetune,26,"biggrid50-goal(21,38)",23,"biggrid50-goal(40,45)",0.8411563038825989,0.6379841093396107
finetune,26,"biggrid50-goal(21,38)",24,"biggrid50-goal(15,17)",0.8829931020736694,0.4926248975518676
finetune,26,"biggrid50-goal(21,38)",25,"biggrid50-goal(15,24)",0.9146258234977722,0.5802676036114179
finetune,26,"biggrid50-goal(21,38)",26,"biggrid50-goal(21,38)",0.9180271029472351,0.6286589972518201
finetune,27,"biggrid50-goal(33,17)",0,"biggrid50-goal(40,31)",0.7653059363365173,0.292307048041364
finetune,27,"biggrid50-goal(33,17)",1,"biggrid50-goal(9,31)",0.8540816903114319,0.34000036125911204
finetune,27,"biggrid50-goal(33,17)",2,"biggrid50-goal(15,31)",0.8870747685432434,0.5117643754168337
finetune,27,"biggrid50-goal(33,17)",3,"biggrid50-goal(9,24)",0.891496479511261,0.46566105103848127
finetune,27,"biggrid50-goal(33,17)",4,"biggrid50-goal(21,17)",0.7836733460426331,0.22154179107038677
finetune,27,"biggrid50-goal(33,17)",5,"biggrid50-goal(27,3)",0.7292516827583313,0.020909972878034356
finetune,27,"biggrid50-goal(33,17)",6,"biggrid50-goal(3,31)",0.8197277784347534,0.41176433977900606
finetune,27,"biggrid50-goal(33,17)",7,"biggrid50-goal(33,10)",0.8727890849113464,0.21593281161256098
finetune,27,"biggrid50-goal(33,17)",8,"biggrid50-goal(27,45)",0.6768707633018494,0.09523800781793706
finetune,27,"biggrid50-goal(33,17)",9,"biggrid50-goal(21,45)",0.8428570628166199,0.4596489221655928
finetune,27,"biggrid50-goal(33,17)",10,"biggrid50-goal(33,3)",0.8387753963470459,-0.006369568937933908
finetune,27,"biggrid50-goal(33,17)",11,"biggrid50-goal(21,24)",0.9299319386482239,0.6859755698494105
finetune,27,"biggrid50-goal(33,17)",12,"biggrid50-goal(21,3)",0.892857015132904,0.639999567413326
finetune,27,"biggrid50-goal(33,17)",13,"biggrid50-goal(3,17)",0.8098639249801636,0.27870969025674236
finetune,27,"biggrid50-goal(33,17)",14,"biggrid50-goal(15,45)",0.8108842968940735,0.26938201425711766
finetune,27,"biggrid50-goal(33,17)",15,"biggrid50-goal(3,24)",0.8384352922439575,0.3572393174411703
finetune,27,"biggrid50-goal(33,17)",16,"biggrid50-goal(3,10)",0.7006801962852478,0.12263177986793404
finetune,27,"biggrid50-goal(33,17)",17,"biggrid50-goal(46,31)",0.7187074422836304,0.11739593512280193
finetune,27,"biggrid50-goal(33,17)",18,"biggrid50-goal(46,24)",0.7765306234359741,0.25678738637800824
finetune,27,"biggrid50-goal(33,17)",19,"biggrid50-goal(3,45)",0.7625849843025208,0.41492028817118
finetune,27,"biggrid50-goal(33,17)",20,"biggrid50-goal(21,10)",0.7680272459983826,0.12564113394043447
finetune,27,"biggrid50-goal(33,17)",21,"biggrid50-goal(40,3)",0.8513604402542114,0.547618745276656
finetune,27,"biggrid50-goal(33,17)",22,"biggrid50-goal(15,38)",0.8952379822731018,0.5333328554124802
finetune,27,"biggrid50-goal(33,17)",23,"biggrid50-goal(40,45)",0.696938693523407,0.309302090857063
finetune,27,"biggrid50-goal(33,17)",24,"biggrid50-goal(15,17)",0.9214285016059875,0.6592916934498586
finetune,27,"biggrid50-goal(33,17)",25,"biggrid50-goal(15,24)",0.9190475344657898,0.6020064410067663
finetune,27,"biggrid50-goal(33,17)",26,"biggrid50-goal(21,38)",0.8568027019500732,0.3513096381788029
finetune,27,"biggrid50-goal(33,17)",27,"biggrid50-goal(33,17)",0.9653060436248779,0.8213656687125376
finetune,28,"biggrid50-goal(27,17)",0,"biggrid50-goal(40,31)",0.8639455437660217,0.5897434376635552
finetune,28,"biggrid50-goal(27,17)",1,"biggrid50-goal(9,31)",0.851360559463501,0.3276924789896823
finetune,28,"biggrid50-goal(27,17)",2,"biggrid50-goal(15,31)",0.8619047403335571,0.40294100365834423
finetune,28,"biggrid50-goal(27,17)",3,"biggrid50-goal(9,24)",0.8809524178504944,0.4137355208785248
finetune,28,"biggrid50-goal(27,17)",4,"biggrid50-goal(21,17)",0.7850339412689209,0.22643793541302035
finetune,28,"biggrid50-goal(27,17)",5,"biggrid50-goal(27,3)",0.7605441212654114,0.134070840427442
finetune,28,"biggrid50-goal(27,17)",6,"biggrid50-goal(3,31)",0.8819726705551147,0.6148719782930919
finetune,28,"biggrid50-goal(27,17)",7,"biggrid50-goal(33,10)",0.8775508999824524,0.24528236036646342
finetune,28,"biggrid50-goal(27,17)",8,"biggrid50-goal(27,45)",0.6955781579017639,0.14761872019081881
finetune,28,"biggrid50-goal(27,17)",9,"biggrid50-goal(21,45)",0.8918367028236389,0.6280701171878603
finetune,28,"biggrid50-goal(27,17)",10,"biggrid50-goal(33,3)",0.7904760837554932,-0.3078555536539449
finetune,28,"biggrid50-goal(27,17)",11,"biggrid50-goal(21,24)",0.9027210474014282,0.5640243633679703
finetune,28,"biggrid50-goal(27,17)",12,"biggrid50-goal(21,3)",0.8537414073944092,0.5085711241585839
finetune,28,"biggrid50-goal(27,17)",13,"biggrid50-goal(3,17)",0.7979592084884644,0.23354857790703407
finetune,28,"biggrid50-goal(27,17)",14,"biggrid50-goal(15,45)",0.7993196249008179,0.22470377115661253
finetune,28,"biggrid50-goal(27,17)",15,"biggrid50-goal(3,24)",0.8581631779670715,0.43572371832888285
finetune,28,"biggrid50-goal(27,17)",16,"biggrid50-goal(3,10)",0.689115583896637,0.08873351031814461
finetune,28,"biggrid50-goal(27,17)",17,"biggrid50-goal(46,31)",0.7258502840995789,0.1398078370682763
finetune,28,"biggrid50-goal(27,17)",18,"biggrid50-goal(46,24)",0.8166666030883789,0.3902712972224832
finetune,28,"biggrid50-goal(27,17)",19,"biggrid50-goal(3,45)",0.7894557118415833,0.48113984668982995
finetune,28,"biggrid50-goal(27,17)",20,"biggrid50-goal(21,10)",0.7704080939292908,0.13461509946534542
finetune,28,"biggrid50-goal(27,17)",21,"biggrid50-goal(40,3)",0.8884351849555969,0.6604549212936239
finetune,28,"biggrid50-goal(27,17)",22,"biggrid50-goal(15,38)",0.907482922077179,0.5878784934023026
finetune,28,"biggrid50-goal(27,17)",23,"biggrid50-goal(40,45)",0.6840134859085083,0.27984463890240907
finetune,28,"biggrid50-goal(27,17)",24,"biggrid50-goal(15,17)",0.9411563277244568,0.7448371439773939
finetune,28,"biggrid50-goal(27,17)",25,"biggrid50-goal(15,24)",0.9085032939910889,0.5501668859578434
finetune,28,"biggrid50-goal(27,17)",26,"biggrid50-goal(21,38)",0.8632652759552002,0.380585396358405
finetune,28,"biggrid50-goal(27,17)",27,"biggrid50-goal(33,17)",0.9693874716758728,0.8423803711784161
finetune,28,"biggrid50-goal(27,17)",28,"biggrid50-goal(27,17)",0.8091837167739868,0.2761289604853655
finetune,29,"biggrid50-goal(3,3)",0,"biggrid50-goal(40,31)",0.6874149441719055,0.05743572102305732
finetune,29,"biggrid50-goal(3,3)",1,"biggrid50-goal(9,31)",0.9146257638931274,0.6138458216204952
finetune,29,"biggrid50-goal(3,3)",2,"biggrid50-goal(15,31)",0.8493196964263916,0.34852918892786494
finetune,29,"biggrid50-goal(3,3)",3,"biggrid50-goal(9,24)",0.9717684984207153,0.8609704937357674
finetune,29,"biggrid50-goal(3,3)",4,"biggrid50-goal(21,17)",0.8295917510986328,0.38678060331514463
finetune,29,"biggrid50-goal(3,3)",5,"biggrid50-goal(27,3)",0.745918333530426,0.08118052865739696
finetune,29,"biggrid50-goal(3,3)",6,"biggrid50-goal(3,31)",0.9911563396453857,0.9711427731777083
finetune,29,"biggrid50-goal(3,3)",7,"biggrid50-goal(33,10)",0.799659788608551,-0.23480116589971117
finetune,29,"biggrid50-goal(3,3)",8,"biggrid50-goal(27,45)",0.6690475940704346,0.07333313083645784
finetune,29,"biggrid50-goal(3,3)",9,"biggrid50-goal(21,45)",0.8061224818229675,0.3333335382896274
finetune,29,"biggrid50-goal(3,3)",10,"biggrid50-goal(33,3)",0.7425168752670288,-0.6072185967601516
finetune,29,"biggrid50-goal(3,3)",11,"biggrid50-goal(21,24)",0.8333332538604736,0.25304869334463115
finetune,29,"biggrid50-goal(3,3)",12,"biggrid50-goal(21,3)",0.8680271506309509,0.5565712218911287
finetune,29,"biggrid50-goal(3,3)",13,"biggrid50-goal(3,17)",0.9044216871261597,0.6374190910887481
finetune,29,"biggrid50-goal(3,3)",14,"biggrid50-goal(15,45)",0.811564564704895,0.2720101191132742
finetune,29,"biggrid50-goal(3,3)",15,"biggrid50-goal(3,24)",0.9646256566047668,0.8592685406263169
finetune,29,"biggrid50-goal(3,3)",16,"biggrid50-goal(3,10)",0.7469387650489807,0.2582252074941624
finetune,29,"biggrid50-goal(3,3)",17,"biggrid50-goal(46,31)",0.6823128461837769,0.0032015934094192567
finetune,29,"biggrid50-goal(3,3)",18,"biggrid50-goal(46,24)",0.6795918941497803,-0.06561064176230401
finetune,29,"biggrid50-goal(3,3)",19,"biggrid50-goal(3,45)",0.780612051486969,0.4593457481295989
finetune,29,"biggrid50-goal(3,3)",20,"biggrid50-goal(21,10)",0.7465986609458923,0.04487184959755997
finetune,29,"biggrid50-goal(3,3)",21,"biggrid50-goal(40,3)",0.7489795088768005,0.23602461599190497
finetune,29,"biggrid50-goal(3,3)",22,"biggrid50-goal(15,38)",0.8690475225448608,0.41666626839928905
finetune,29,"biggrid50-goal(3,3)",23,"biggrid50-goal(40,45)",0.5928571224212646,0.07209291236989113
finetune,29,"biggrid50-goal(3,3)",24,"biggrid50-goal(15,17)",0.907482922077179,0.5988197044686383
finetune,29,"biggrid50-goal(3,3)",25,"biggrid50-goal(15,24)",0.8697278499603271,0.35953184019973566
finetune,29,"biggrid50-goal(3,3)",26,"biggrid50-goal(21,38)",0.8380951285362244,0.2665634681610199
finetune,29,"biggrid50-goal(3,3)",27,"biggrid50-goal(33,17)",0.779931902885437,-0.13309986732886636
finetune,29,"biggrid50-goal(3,3)",28,"biggrid50-goal(27,17)",0.7833331823348999,0.17806367527976982
finetune,29,"biggrid50-goal(3,3)",29,"biggrid50-goal(3,3)",0.8346937894821167,0.5173781106423025
finetune,30,"biggrid50-goal(9,10)",0,"biggrid50-goal(40,31)",0.8326529860496521,0.4953843294741504
finetune,30,"biggrid50-goal(9,10)",1,"biggrid50-goal(9,31)",0.9115645289421082,0.5999996225651069
finetune,30,"biggrid50-goal(9,10)",2,"biggrid50-goal(15,31)",0.8840134739875793,0.49852877660391437
finetune,30,"biggrid50-goal(9,10)",3,"biggrid50-goal(9,24)",0.9891155362129211,0.9463981176481638
finetune,30,"biggrid50-goal(9,10)",4,"biggrid50-goal(21,17)",0.7734693884849548,0.18482253165860188
finetune,30,"biggrid50-goal(9,10)",5,"biggrid50-goal(27,3)",0.7363945245742798,0.046740180277116954
finetune,30,"biggrid50-goal(9,10)",6,"biggrid50-goal(3,31)",0.9482991695404053,0.8312980675818312
finetune,30,"biggrid50-goal(9,10)",7,"biggrid50-goal(33,10)",0.8836734294891357,0.28301870156626446
finetune,30,"biggrid50-goal(9,10)",8,"biggrid50-goal(27,45)",0.6863945126533508,0.12190450981681487
finetune,30,"biggrid50-goal(9,10)",9,"biggrid50-goal(21,45)",0.8554421067237854,0.5029238040134132
finetune,30,"biggrid50-goal(9,10)",10,"biggrid50-goal(33,3)",0.7819727659225464,-0.36093355855017895
finetune,30,"biggrid50-goal(9,10)",11,"biggrid50-goal(21,24)",0.8717686533927917,0.4253048426214155
finetune,30,"biggrid50-goal(9,10)",12,"biggrid50-goal(21,3)",0.885033905506134,0.6137139188166992
finetune,30,"biggrid50-goal(9,10)",13,"biggrid50-goal(3,17)",0.8734692931175232,0.5199997015307403
finetune,30,"biggrid50-goal(9,10)",14,"biggrid50-goal(15,45)",0.8258503675460815,0.32720101191132744
finetune,30,"biggrid50-goal(9,10)",15,"biggrid50-goal(3,24)",0.936394453048706,0.7469549795820903
finetune,30,"biggrid50-goal(9,10)",16,"biggrid50-goal(3,10)",0.7323129177093506,0.21535382548389098
finetune,30,"biggrid50-goal(9,10)",17,"biggrid50-goal(46,31)",0.6962584853172302,0.04695844885707473
finetune,30,"biggrid50-goal(9,10)",18,"biggrid50-goal(46,24)",0.7411563992500305,0.1391400826788683
finetune,30,"biggrid50-goal(9,10)",19,"biggrid50-goal(3,45)",0.7591835856437683,0.40653796516927837
finetune,30,"biggrid50-goal(9,10)",20,"biggrid50-goal(21,10)",0.7615645527839661,0.10128175115443426
finetune,30,"biggrid50-goal(9,10)",21,"biggrid50-goal(40,3)",0.8571426868438721,0.565216886524007
finetune,30,"biggrid50-goal(9,10)",22,"biggrid50-goal(15,38)",0.9156461954116821,0.6242421635583225
finetune,30,"biggrid50-goal(9,10)",23,"biggrid50-goal(40,45)",0.6819728016853333,0.27519377686213453
finetune,30,"biggrid50-goal(9,10)",24,"biggrid50-goal(15,17)",0.9316326379776001,0.7035397235121662
finetune,30,"biggrid50-goal(9,10)",25,"biggrid50-goal(15,24)",0.9105441570281982,0.5602005561888463
finetune,30,"biggrid50-goal(9,10)",26,"biggrid50-goal(21,38)",0.8632652759552002,0.380585396358405
finetune,30,"biggrid50-goal(9,10)",27,"biggrid50-goal(33,17)",0.9017006158828735,0.4938702130748123
finetune,30,"biggrid50-goal(9,10)",28,"biggrid50-goal(27,17)",0.8044217824935913,0.25806432648572186
finetune,30,"biggrid50-goal(9,10)",29,"biggrid50-goal(3,3)",0.7768706679344177,0.34855986671497446
finetune,30,"biggrid50-goal(9,10)",30,"biggrid50-goal(9,10)",0.9952380061149597,0.9808215666096064
finetune,31,"biggrid50-goal(46,17)",0,"biggrid50-goal(40,31)",0.8333332538604736,0.49743559880601135
finetune,31,"biggrid50-goal(46,17)",1,"biggrid50-goal(9,31)",0.821088433265686,0.19076934441446233
finetune,31,"biggrid50-goal(46,17)",2,"biggrid50-goal(15,31)",0.8047618865966797,0.15588216193816995
finetune,31,"biggrid50-goal(46,17)",3,"biggrid50-goal(9,24)",0.8411563634872437,0.2177549502436596
finetune,31,"biggrid50-goal(46,17)",4,"biggrid50-goal(21,17)",0.7765305638313293,0.1958382665843028
finetune,31,"biggrid50-goal(46,17)",5,"biggrid50-goal(27,3)",0.7731291651725769,0.17958133927718872
finetune,31,"biggrid50-goal(46,17)",6,"biggrid50-goal(3,31)",0.7598639130592346,0.21642608928873933
finetune,31,"biggrid50-goal(46,17)",7,"biggrid50-goal(33,10)",0.9275509715080261,0.5534588676489282
finetune,31,"biggrid50-goal(46,17)",8,"biggrid50-goal(27,45)",0.6629251837730408,0.05619037955146497
finetune,31,"biggrid50-goal(46,17)",9,"biggrid50-goal(21,45)",0.768367350101471,0.20350889274616635
finetune,31,"biggrid50-goal(46,17)",10,"biggrid50-goal(33,3)",0.8914965391159058,0.3227176331396171
finetune,31,"biggrid50-goal(46,17)",11,"biggrid50-goal(21,24)",0.8428571224212646,0.29573186938708784
finetune,31,"biggrid50-goal(46,17)",12,"biggrid50-goal(21,3)",0.8738094568252563,0.57599977088928
finetune,31,"biggrid50-goal(46,17)",13,"biggrid50-goal(3,17)",0.787755012512207,0.19483847160223272
finetune,31,"biggrid50-goal(46,17)",14,"biggrid50-goal(15,45)",0.7693876624107361,0.10906646666695835
finetune,31,"biggrid50-goal(46,17)",15,"biggrid50-goal(3,24)",0.795918345451355,0.18809209389037237
finetune,31,"biggrid50-goal(46,17)",16,"biggrid50-goal(3,10)",0.6857143044471741,0.07876365713866401
finetune,31,"biggrid50-goal(46,17)",17,"biggrid50-goal(46,31)",0.7122448682785034,0.09711849112356871
finetune,31,"biggrid50-goal(46,17)",18,"biggrid50-goal(46,24)",0.9326528310775757,0.7760173398052325
finetune,31,"biggrid50-goal(46,17)",19,"biggrid50-goal(3,45)",0.6955781579017639,0.24979031706996785
finetune,31,"biggrid50-goal(46,17)",20,"biggrid50-goal(21,10)",0.7799319624900818,0.17051275887432718
finetune,31,"biggrid50-goal(46,17)",21,"biggrid50-goal(40,3)",0.9346936345100403,0.801241502515912
finetune,31,"biggrid50-goal(46,17)",22,"biggrid50-goal(15,38)",0.829931914806366,0.242424025187491
finetune,31,"biggrid50-goal(46,17)",23,"biggrid50-goal(40,45)",0.6636053919792175,0.23333316579344424
finetune,31,"biggrid50-goal(46,17)",24,"biggrid50-goal(15,17)",0.890816330909729,0.5265486371135305
finetune,31,"biggrid50-goal(46,17)",25,"biggrid50-goal(15,24)",0.8727891445159912,0.37458234554624015
finetune,31,"biggrid50-goal(46,17)",26,"biggrid50-goal(21,38)",0.823469340801239,0.200307975446208
finetune,31,"biggrid50-goal(46,17)",27,"biggrid50-goal(33,17)",0.9636052250862122,0.8126083918251503
finetune,31,"biggrid50-goal(46,17)",28,"biggrid50-goal(27,17)",0.7799320220947266,0.16516120512897042
finetune,31,"biggrid50-goal(46,17)",29,"biggrid50-goal(3,3)",0.6979591250419617,0.11817264893547043
finetune,31,"biggrid50-goal(46,17)",30,"biggrid50-goal(9,10)",0.8224489092826843,0.2849315121107175
finetune,31,"biggrid50-goal(46,17)",31,"biggrid50-goal(46,17)",0.9741495251655579,0.899069890945429
finetune,32,"biggrid50-goal(40,10)",0,"biggrid50-goal(40,31)",0.9493195414543152,0.8471789070632826
finetune,32,"biggrid50-goal(40,10)",1,"biggrid50-goal(9,31)",0.8789113759994507,0.45230692250641574
finetune,32,"biggrid50-goal(40,10)",2,"biggrid50-goal(15,31)",0.827551007270813,0.25441160856850403
finetune,32,"biggrid50-goal(40,10)",3,"biggrid50-goal(9,24)",0.8816326260566711,0.4170852899581484
finetune,32,"biggrid50-goal(40,10)",4,"biggrid50-goal(21,17)",0.778571367263794,0.20318216136449432
finetune,32,"biggrid50-goal(40,10)",5,"biggrid50-goal(27,3)",0.7598639130592346,0.1316110464836823
finetune,32,"biggrid50-goal(40,10)",6,"biggrid50-goal(3,31)",0.8598638772964478,0.5427300781917808
finetune,32,"biggrid50-goal(40,10)",7,"biggrid50-goal(33,10)",0.944557785987854,0.6582807314279332
finetune,32,"biggrid50-goal(40,10)",8,"biggrid50-goal(27,45)",0.6738095879554749,0.08666671562195524
finetune,32,"biggrid50-goal(40,10)",9,"biggrid50-goal(21,45)",0.7942175269126892,0.2923972077574318
finetune,32,"biggrid50-goal(40,10)",10,"biggrid50-goal(33,3)",0.9176869988441467,0.48619939131923
finetune,32,"biggrid50-goal(40,10)",11,"biggrid50-goal(21,24)",0.8697278499603271,0.41615856223966463
finetune,32,"biggrid50-goal(40,10)",12,"biggrid50-goal(21,3)",0.9187072515487671,0.7268563625989567
finetune,32,"biggrid50-goal(40,10)",13,"biggrid50-goal(3,17)",0.8190476894378662,0.31354874070844846
finetune,32,"biggrid50-goal(40,10)",14,"biggrid50-goal(15,45)",0.7908163070678711,0.19185257559111635
finetune,32,"biggrid50-goal(40,10)",15,"biggrid50-goal(3,24)",0.8295918107032776,0.322056867571816
finetune,32,"biggrid50-goal(40,10)",16,"biggrid50-goal(3,10)",0.7312924861907959,0.21236272975921855
finetune,32,"biggrid50-goal(40,10)",17,"biggrid50-goal(46,31)",0.7163264751434326,0.10992523880101551
finetune,32,"biggrid50-goal(40,10)",18,"biggrid50-goal(46,24)",0.9088433980941772,0.6968321235195492
finetune,32,"biggrid50-goal(40,10)",19,"biggrid50-goal(3,45)",0.7163265347480774,0.300922105472203
finetune,32,"biggrid50-goal(40,10)",20,"biggrid50-goal(21,10)",0.7547619342803955,0.07564111147406774
finetune,32,"biggrid50-goal(40,10)",21,"biggrid50-goal(40,3)",0.9251698851585388,0.7722561793040345
finetune,32,"biggrid50-goal(40,10)",22,"biggrid50-goal(15,38)",0.8717687129974365,0.42878793430393747
finetune,32,"biggrid50-goal(40,10)",23,"biggrid50-goal(40,45)",0.6952379941940308,0.30542607816333533
finetune,32,"biggrid50-goal(40,10)",24,"biggrid50-goal(15,17)",0.93265300989151,0.7079643455945429
finetune,32,"biggrid50-goal(40,10)",25,"biggrid50-goal(15,24)",0.8676871061325073,0.34949875604760133
finetune,32,"biggrid50-goal(40,10)",26,"biggrid50-goal(21,38)",0.8340135812759399,0.24807387090520372
finetune,32,"biggrid50-goal(40,10)",27,"biggrid50-goal(33,17)",0.9612243175506592,0.8003494317667419
finetune,32,"biggrid50-goal(40,10)",28,"biggrid50-goal(27,17)",0.7911564707756042,0.20774170820365742
finetune,32,"biggrid50-goal(40,10)",29,"biggrid50-goal(3,3)",0.7190475463867188,0.17974162278764644
finetune,32,"biggrid50-goal(40,10)",30,"biggrid50-goal(9,10)",0.8782311677932739,0.5095887365922243
finetune,32,"biggrid50-goal(40,10)",31,"biggrid50-goal(46,17)",0.9204081296920776,0.6892429945103854
finetune,32,"biggrid50-goal(40,10)",32,"biggrid50-goal(40,10)",0.7289115786552429,0.18423739772944342
finetune,33,"biggrid50-goal(46,38)",0,"biggrid50-goal(40,31)",0.9139453768730164,0.7405121828827119
finetune,33,"biggrid50-goal(46,38)",1,"biggrid50-goal(9,31)",0.8850339651107788,0.47999985980989684
finetune,33,"biggrid50-goal(46,38)",2,"biggrid50-goal(15,31)",0.8085033297538757,0.17205840362597682
finetune,33,"biggrid50-goal(46,38)",3,"biggrid50-goal(9,24)",0.9255101680755615,0.6331656491924098
finetune,33,"biggrid50-goal(46,38)",4,"biggrid50-goal(21,17)",0.7476189732551575,0.09179900648615258
finetune,33,"biggrid50-goal(46,38)",5,"biggrid50-goal(27,3)",0.7309523224830627,0.02705988882645283
finetune,33,"biggrid50-goal(46,38)",6,"biggrid50-goal(3,31)",0.8717687129974365,0.5815760458488611
finetune,33,"biggrid50-goal(46,38)",7,"biggrid50-goal(33,10)",0.8782311677932739,0.24947520552766367
finetune,33,"biggrid50-goal(46,38)",8,"biggrid50-goal(27,45)",0.669387698173523,0.07428542246133171
finetune,33,"biggrid50-goal(46,38)",9,"biggrid50-goal(21,45)",0.8877550363540649,0.6140349151245242
finetune,33,"biggrid50-goal(46,38)",10,"biggrid50-goal(33,3)",0.7945577502250671,-0.28237764995646963
finetune,33,"biggrid50-goal(46,38)",11,"biggrid50-goal(21,24)",0.8207483291625977,0.19664676455573932
finetune,33,"biggrid50-goal(46,38)",12,"biggrid50-goal(21,3)",0.8227890133857727,0.4045710792977436
finetune,33,"biggrid50-goal(46,38)",13,"biggrid50-goal(3,17)",0.7792516946792603,0.16258072802079154
finetune,33,"biggrid50-goal(46,38)",14,"biggrid50-goal(15,45)",0.8098639249801636,0.2654399721093437
finetune,33,"biggrid50-goal(46,38)",15,"biggrid50-goal(3,24)",0.8785713315010071,0.516914461514238
finetune,33,"biggrid50-goal(46,38)",16,"biggrid50-goal(3,10)",0.6758503317832947,0.049850314178614887
finetune,33,"biggrid50-goal(46,38)",17,"biggrid50-goal(46,31)",0.7027210593223572,0.06723589285630795
finetune,33,"biggrid50-goal(46,38)",18,"biggrid50-goal(46,24)",0.9833330512046814,0.9445691988507264
finetune,33,"biggrid50-goal(46,38)",19,"biggrid50-goal(3,45)",0.7840135097503662,0.4677282180197177
finetune,33,"biggrid50-goal(46,38)",20,"biggrid50-goal(21,10)",0.7534013390541077,0.07051271394159374
finetune,33,"biggrid50-goal(46,38)",21,"biggrid50-goal(40,3)",0.9343535304069519,0.8002064031039196
finetune,33,"biggrid50-goal(46,38)",22,"biggrid50-goal(15,38)",0.8581631779670715,0.36818146336179086
finetune,33,"biggrid50-goal(46,38)",23,"biggrid50-goal(40,45)",0.6653060913085938,0.23720917848717185
finetune,33,"biggrid50-goal(46,38)",24,"biggrid50-goal(15,17)",0.877210795879364,0.46755117754290415
finetune,33,"biggrid50-goal(46,38)",25,"biggrid50-goal(15,24)",0.8642855882644653,0.33277558161001725
finetune,33,"biggrid50-goal(46,38)",26,"biggrid50-goal(21,38)",0.8149660229682922,0.16178755364459213
finetune,33,"biggrid50-goal(46,38)",27,"biggrid50-goal(33,17)",0.9051019549369812,0.5113832323696698
finetune,33,"biggrid50-goal(46,38)",28,"biggrid50-goal(27,17)",0.753741443157196,0.06580594424410817
finetune,33,"biggrid50-goal(46,38)",29,"biggrid50-goal(3,3)",0.6809523105621338,0.06852018330519438
finetune,33,"biggrid50-goal(46,38)",30,"biggrid50-goal(9,10)",0.9292515516281128,0.71506800778631
finetune,33,"biggrid50-goal(46,38)",31,"biggrid50-goal(46,17)",0.9255101084709167,0.709163064754366
finetune,33,"biggrid50-goal(46,38)",32,"biggrid50-goal(40,10)",0.7081632018089294,0.12180112765535753
finetune,33,"biggrid50-goal(46,38)",33,"biggrid50-goal(46,38)",0.9772107005119324,0.9354522793976755
finetune,34,"biggrid50-goal(27,31)",0,"biggrid50-goal(40,31)",0.9506803154945374,0.8512821646508043
finetune,34,"biggrid50-goal(27,31)",1,"biggrid50-goal(9,31)",0.9142857193946838,0.6123077744308888
finetune,34,"biggrid50-goal(27,31)",2,"biggrid50-goal(15,31)",0.8156462907791138,0.20294120982031952
finetune,34,"biggrid50-goal(27,31)",3,"biggrid50-goal(9,24)",0.9414964318275452,0.7118919737630776
finetune,34,"biggrid50-goal(27,31)",4,"biggrid50-goal(21,17)",0.7598639130592346,0.13586280414564672
finetune,34,"biggrid50-goal(27,31)",5,"biggrid50-goal(27,3)",0.7282312512397766,0.017219850873375575
finetune,34,"biggrid50-goal(27,31)",6,"biggrid50-goal(3,31)",0.928571343421936,0.7669253610119362
finetune,34,"biggrid50-goal(27,31)",7,"biggrid50-goal(33,10)",0.8527210354804993,0.092242960920905
finetune,34,"biggrid50-goal(27,31)",8,"biggrid50-goal(27,45)",0.6690475940704346,0.07333313083645784
finetune,34,"biggrid50-goal(27,31)",9,"biggrid50-goal(21,45)",0.9081631898880005,0.684210310572322
finetune,34,"biggrid50-goal(27,31)",10,"biggrid50-goal(33,3)",0.8020408153533936,-0.2356680978353883
finetune,34,"biggrid50-goal(27,31)",11,"biggrid50-goal(21,24)",0.8224489092826843,0.2042682641781504
finetune,34,"biggrid50-goal(27,31)",12,"biggrid50-goal(21,3)",0.9639453887939453,0.8788565051923418
finetune,34,"biggrid50-goal(27,31)",13,"biggrid50-goal(3,17)",0.8017006516456604,0.24774192177120702
finetune,34,"biggrid50-goal(27,31)",14,"biggrid50-goal(15,45)",0.791156530380249,0.19316697342857728
finetune,34,"biggrid50-goal(27,31)",15,"biggrid50-goal(3,24)",0.9081631302833557,0.6346409442817877
finetune,34,"biggrid50-goal(27,31)",16,"biggrid50-goal(3,10)",0.6972788572311401,0.11266175197491812
finetune,34,"biggrid50-goal(27,31)",17,"biggrid50-goal(46,31)",0.6972789168357849,0.05016022928637887
finetune,34,"biggrid50-goal(27,31)",18,"biggrid50-goal(46,24)",0.9129250049591064,0.7104066980429284
finetune,34,"biggrid50-goal(27,31)",19,"biggrid50-goal(3,45)",0.7602040767669678,0.4090528383357095
finetune,34,"biggrid50-goal(27,31)",20,"biggrid50-goal(21,10)",0.7602040767669678,0.09615380294929476
finetune,34,"biggrid50-goal(27,31)",21,"biggrid50-goal(40,3)",0.9091835021972656,0.723601971804516
finetune,34,"biggrid50-goal(27,31)",22,"biggrid50-goal(15,38)",0.8901359438896179,0.5106055947539159
finetune,34,"biggrid50-goal(27,31)",23,"biggrid50-goal(40,45)",0.6329931020736694,0.1635656165221137
finetune,34,"biggrid50-goal(27,31)",24,"biggrid50-goal(15,17)",0.9295917749404907,0.6946899624221156
finetune,34,"biggrid50-goal(27,31)",25,"biggrid50-goal(15,24)",0.8704080581665039,0.3628760062241576
finetune,34,"biggrid50-goal(27,31)",26,"biggrid50-goal(21,38)",0.8159863948822021,0.16640988545559898
finetune,34,"biggrid50-goal(27,31)",27,"biggrid50-goal(33,17)",0.8921767473220825,0.4448331452572448
finetune,34,"biggrid50-goal(27,31)",28,"biggrid50-goal(27,17)",0.7530612349510193,0.0632255406592194
finetune,34,"biggrid50-goal(27,31)",29,"biggrid50-goal(3,3)",0.6806121468544006,0.0675270539436128
finetune,34,"biggrid50-goal(27,31)",30,"biggrid50-goal(9,10)",0.9795916676521301,0.917807571367907
finetune,34,"biggrid50-goal(27,31)",31,"biggrid50-goal(46,17)",0.8989794254302979,0.6055771635385708
finetune,34,"biggrid50-goal(27,31)",32,"biggrid50-goal(40,10)",0.6751700043678284,0.02251759327101664
finetune,34,"biggrid50-goal(27,31)",33,"biggrid50-goal(46,38)",0.8785712718963623,0.6560689538161034
finetune,34,"biggrid50-goal(27,31)",34,"biggrid50-goal(27,31)",0.8972787857055664,0.4181113916562616
finetune,35,"biggrid50-goal(21,31)",0,"biggrid50-goal(40,31)",0.9819727540016174,0.9456409133783092
finetune,35,"biggrid50-goal(21,31)",1,"biggrid50-goal(9,31)",0.9105440974235535,0.5953841330145266
finetune,35,"biggrid50-goal(21,31)",2,"biggrid50-goal(15,31)",0.8928571343421936,0.536764607349056
finetune,35,"biggrid50-goal(21,31)",3,"biggrid50-goal(9,24)",0.9619046449661255,0.8123947326554346
finetune,35,"biggrid50-goal(21,31)",4,"biggrid50-goal(21,17)",0.7921768426895142,0.2521418888774495
finetune,35,"biggrid50-goal(21,31)",5,"biggrid50-goal(27,3)",0.7435373067855835,0.07257017213168994
finetune,35,"biggrid50-goal(21,31)",6,"biggrid50-goal(3,31)",0.9765304327011108,0.9234178383375257
finetune,35,"biggrid50-goal(21,31)",7,"biggrid50-goal(33,10)",0.8897958397865295,0.3207543080170667
finetune,35,"biggrid50-goal(21,31)",8,"biggrid50-goal(27,45)",0.6731292605400085,0.08476179858614902
finetune,35,"biggrid50-goal(21,31)",9,"biggrid50-goal(21,45)",0.8833332657814026,0.5988302324470818
finetune,35,"biggrid50-goal(21,31)",10,"biggrid50-goal(33,3)",0.7952379584312439,-0.2781317667368609
finetune,35,"biggrid50-goal(21,31)",11,"biggrid50-goal(21,24)",0.835374116897583,0.2621952408568584
finetune,35,"biggrid50-goal(21,31)",12,"biggrid50-goal(21,3)",0.8768705725669861,0.5862851198795807
finetune,35,"biggrid50-goal(21,31)",13,"biggrid50-goal(3,17)",0.7996597290039062,0.23999958395194101
finetune,35,"biggrid50-goal(21,31)",14,"biggrid50-goal(15,45)",0.8064624667167664,0.2522989872827173
finetune,35,"biggrid50-goal(21,31)",15,"biggrid50-goal(3,24)",0.9261903166770935,0.7063593708613747
finetune,35,"biggrid50-goal(21,31)",16,"biggrid50-goal(3,10)",0.6976190209388733,0.11365884212098738
finetune,35,"biggrid50-goal(21,31)",17,"biggrid50-goal(46,31)",0.7306120991706848,0.15474885567207933
finetune,35,"biggrid50-goal(21,31)",18,"biggrid50-goal(46,24)",0.9840133786201477,0.9468318261705935
finetune,35,"biggrid50-goal(21,31)",19,"biggrid50-goal(3,45)",0.7928571105003357,0.48952216969173157
finetune,35,"biggrid50-goal(21,31)",20,"biggrid50-goal(21,10)",0.7357141971588135,0.0038457926561041795
finetune,35,"biggrid50-goal(21,31)",21,"biggrid50-goal(40,3)",0.9221085906028748,0.7629391961634927
finetune,35,"biggrid50-goal(21,31)",22,"biggrid50-goal(15,38)",0.9187074303627014,0.6378785730557781
finetune,35,"biggrid50-goal(21,31)",23,"biggrid50-goal(40,45)",0.7217686772346497,0.36589135998150357
finetune,35,"biggrid50-goal(21,31)",24,"biggrid50-goal(15,17)",0.9408162236213684,0.7433623561041511
finetune,35,"biggrid50-goal(21,31)",25,"biggrid50-goal(15,24)",0.8605441451072693,0.3143812032785252
finetune,35,"biggrid50-goal(21,31)",26,"biggrid50-goal(21,38)",0.8506802916526794,0.32357483727739556
finetune,35,"biggrid50-goal(21,31)",27,"biggrid50-goal(33,17)",0.9329930543899536,0.6549906043794671
finetune,35,"biggrid50-goal(21,31)",28,"biggrid50-goal(27,17)",0.754081666469574,0.06709659826290812
finetune,35,"biggrid50-goal(21,31)",29,"biggrid50-goal(3,3)",0.7020406723022461,0.13008898313785722
finetune,35,"biggrid50-goal(21,31)",30,"biggrid50-goal(9,10)",0.9316325783729553,0.72465734450725
finetune,35,"biggrid50-goal(21,31)",31,"biggrid50-goal(46,17)",0.9183672666549683,0.6812746871496848
finetune,35,"biggrid50-goal(21,31)",32,"biggrid50-goal(40,10)",0.7139455676078796,0.13920149373529783
finetune,35,"biggrid50-goal(21,31)",33,"biggrid50-goal(46,38)",0.8503400683403015,0.5761077492008371
finetune,35,"biggrid50-goal(21,31)",34,"biggrid50-goal(27,31)",0.94829922914505,0.707128758068862
finetune,35,"biggrid50-goal(21,31)",35,"biggrid50-goal(21,31)",0.8551019430160522,0.3817123132282281
finetune,36,"biggrid50-goal(46,10)",0,"biggrid50-goal(40,31)",0.9591834545135498,0.8769224022407417
finetune,36,"biggrid50-goal(46,10)",1,"biggrid50-goal(9,31)",0.8530611395835876,0.33538433251582733
finetune,36,"biggrid50-goal(46,10)",2,"biggrid50-goal(15,31)",0.8068027496337891,0.1647058944801162
finetune,36,"biggrid50-goal(46,10)",3,"biggrid50-goal(9,24)",0.8989794850349426,0.5025120332793042
finetune,36,"biggrid50-goal(46,10)",4,"biggrid50-goal(21,17)",0.7792516350746155,0.20563012629122482
finetune,36,"biggrid50-goal(46,10)",5,"biggrid50-goal(27,3)",0.7605441808700562,0.13407105597195162
finetune,36,"biggrid50-goal(46,10)",6,"biggrid50-goal(3,31)",0.8506801724433899,0.5127632722102058
finetune,36,"biggrid50-goal(46,10)",7,"biggrid50-goal(33,10)",0.937414824962616,0.6142549387990821
finetune,36,"biggrid50-goal(46,10)",8,"biggrid50-goal(27,45)",0.6602041125297546,0.04857137898035702
finetune,36,"biggrid50-goal(46,10)",9,"biggrid50-goal(21,45)",0.8380950689315796,0.44327434896145573
finetune,36,"biggrid50-goal(46,10)",10,"biggrid50-goal(33,3)",0.8384352326393127,-0.008492882601998675
finetune,36,"biggrid50-goal(46,10)",11,"biggrid50-goal(21,24)",0.820408046245575,0.19512171666592315
finetune,36,"biggrid50-goal(46,10)",12,"biggrid50-goal(21,3)",0.953061044216156,0.8422851070621977
finetune,36,"biggrid50-goal(46,10)",13,"biggrid50-goal(3,17)",0.8142856359481812,0.29548366265195364
finetune,36,"biggrid50-goal(46,10)",14,"biggrid50-goal(15,45)",0.7853742241859436,0.1708279670147856
finetune,36,"biggrid50-goal(46,10)",15,"biggrid50-goal(3,24)",0.8476189970970154,0.39377529415140294
finetune,36,"biggrid50-goal(46,10)",16,"biggrid50-goal(3,10)",0.6897958517074585,0.0907275158967478
finetune,36,"biggrid50-goal(46,10)",17,"biggrid50-goal(46,31)",0.7051019668579102,0.07470640215820948
finetune,36,"biggrid50-goal(46,10)",18,"biggrid50-goal(46,24)",0.938775360584259,0.7963795980555757
finetune,36,"biggrid50-goal(46,10)",19,"biggrid50-goal(3,45)",0.7088435292243958,0.2824811711338801
finetune,36,"biggrid50-goal(46,10)",20,"biggrid50-goal(21,10)",0.7397958636283875,0.019230535926191696
finetune,36,"biggrid50-goal(46,10)",21,"biggrid50-goal(40,3)",0.9792513251304626,0.936851861056498
finetune,36,"biggrid50-goal(46,10)",22,"biggrid50-goal(15,38)",0.8479591608047485,0.3227272075562473
finetune,36,"biggrid50-goal(46,10)",23,"biggrid50-goal(40,45)",0.6268706917762756,0.14961221534237026
finetune,36,"biggrid50-goal(46,10)",24,"biggrid50-goal(15,17)",0.935033917427063,0.7182886360951877
finetune,36,"biggrid50-goal(46,10)",25,"biggrid50-goal(15,24)",0.8585033416748047,0.30434782608695654
finetune,36,"biggrid50-goal(46,10)",26,"biggrid50-goal(21,38)",0.8268707394599915,0.2157164681810008
finetune,36,"biggrid50-goal(46,10)",27,"biggrid50-goal(33,17)",0.9452379941940308,0.7180380876329205
finetune,36,"biggrid50-goal(46,10)",28,"biggrid50-goal(27,17)",0.7741496562957764,0.14322551352563806
finetune,36,"biggrid50-goal(46,10)",29,"biggrid50-goal(3,3)",0.723129153251648,0.19165813100954637
finetune,36,"biggrid50-goal(46,10)",30,"biggrid50-goal(9,10)",0.9282311797142029,0.71095856639332
finetune,36,"biggrid50-goal(46,10)",31,"biggrid50-goal(46,17)",0.9027210474014282,0.62018588217936
finetune,36,"biggrid50-goal(46,10)",32,"biggrid50-goal(40,10)",0.6812924742698669,0.040941404789172214
finetune,36,"biggrid50-goal(46,10)",33,"biggrid50-goal(46,38)",0.8670066595077515,0.6233136964759171
finetune,36,"biggrid50-goal(46,10)",34,"biggrid50-goal(27,31)",0.8687074184417725,0.25626212566186785
finetune,36,"biggrid50-goal(46,10)",35,"biggrid50-goal(21,31)",0.8346938490867615,0.29462989508124005
finetune,36,"biggrid50-goal(46,10)",36,"biggrid50-goal(46,10)",0.9897956848144531,0.9691984730214966
finetune,37,"biggrid50-goal(9,17)",0,"biggrid50-goal(40,31)",0.745918333530426,0.2338459619488011
finetune,37,"biggrid50-goal(9,17)",1,"biggrid50-goal(9,31)",0.8605442047119141,0.3692308065594949
finetune,37,"biggrid50-goal(9,17)",2,"biggrid50-goal(15,31)",0.8173469305038452,0.21029397666864927
finetune,37,"biggrid50-goal(9,17)",3,"biggrid50-goal(9,24)",0.8904761075973511,0.4606361038886322
finetune,37,"biggrid50-goal(9,17)",4,"biggrid50-goal(21,17)",0.7595237493515015,0.13463871443769518
finetune,37,"biggrid50-goal(9,17)",5,"biggrid50-goal(27,3)",0.7697278261184692,0.16728129183584217
finetune,37,"biggrid50-goal(9,17)",6,"biggrid50-goal(3,31)",0.8384352922439575,0.47280772539384225
finetune,37,"biggrid50-goal(9,17)",7,"biggrid50-goal(33,10)",0.8384352922439575,0.004192477786700896
finetune,37,"biggrid50-goal(9,17)",8,"biggrid50-goal(27,45)",0.662925124168396,0.056190212658435726
finetune,37,"biggrid50-goal(9,17)",9,"biggrid50-goal(21,45)",0.7758503556251526,0.22923992573203728
finetune,37,"biggrid50-goal(9,17)",10,"biggrid50-goal(33,3)",0.7996598482131958,-0.2505301773210605
finetune,37,"biggrid50-goal(9,17)",11,"biggrid50-goal(21,24)",0.8244897723197937,0.21341481169037763
finetune,37,"biggrid50-goal(9,17)",12,"biggrid50-goal(21,3)",0.9285714626312256,0.7600001121521007
finetune,37,"biggrid50-goal(9,17)",13,"biggrid50-goal(3,17)",0.8319727182388306,0.3625804566851009
finetune,37,"biggrid50-goal(9,17)",14,"biggrid50-goal(15,45)",0.7918367385864258,0.19579484801181207
finetune,37,"biggrid50-goal(9,17)",15,"biggrid50-goal(3,24)",0.86530601978302,0.46414043101814956
finetune,37,"biggrid50-goal(9,17)",16,"biggrid50-goal(3,10)",0.6887754797935486,0.08773659488561068
finetune,37,"biggrid50-goal(9,17)",17,"biggrid50-goal(46,31)",0.6857141852378845,0.013873883140624927
finetune,37,"biggrid50-goal(9,17)",18,"biggrid50-goal(46,24)",0.7214285731315613,0.07352944091656428
finetune,37,"biggrid50-goal(9,17)",19,"biggrid50-goal(3,45)",0.685033917427063,0.22380535078522035
finetune,37,"biggrid50-goal(9,17)",20,"biggrid50-goal(21,10)",0.7357142567634583,0.003846017319771436
finetune,37,"biggrid50-goal(9,17)",21,"biggrid50-goal(40,3)",0.9003400206565857,0.6966870288220584
finetune,37,"biggrid50-goal(9,17)",22,"biggrid50-goal(15,38)",0.8493196368217468,0.32878750948540136
finetune,37,"biggrid50-goal(9,17)",23,"biggrid50-goal(40,45)",0.5911564230918884,0.06821689967616351
finetune,37,"biggrid50-goal(9,17)",24,"biggrid50-goal(15,17)",0.8976190686225891,0.5560472376675193
finetune,37,"biggrid50-goal(9,17)",25,"biggrid50-goal(15,24)",0.8690474629402161,0.35618679505701084
finetune,37,"biggrid50-goal(9,17)",26,"biggrid50-goal(21,38)",0.8088435530662537,0.13405248273139606
finetune,37,"biggrid50-goal(9,17)",27,"biggrid50-goal(33,17)",0.8306121826171875,0.12784580809241744
finetune,37,"biggrid50-goal(9,17)",28,"biggrid50-goal(27,17)",0.7673469185829163,0.11741899043179477
finetune,37,"biggrid50-goal(9,17)",29,"biggrid50-goal(3,3)",0.7370747923851013,0.23237330248315405
finetune,37,"biggrid50-goal(9,17)",30,"biggrid50-goal(9,10)",0.9646256566047668,0.8575335237901826
finetune,37,"biggrid50-goal(9,17)",31,"biggrid50-goal(46,17)",0.7367346286773682,-0.027888377604681193
finetune,37,"biggrid50-goal(9,17)",32,"biggrid50-goal(40,10)",0.6714285612106323,0.01125879663550832
finetune,37,"biggrid50-goal(9,17)",33,"biggrid50-goal(46,38)",0.710544228553772,0.18015425301580093
finetune,37,"biggrid50-goal(9,17)",34,"biggrid50-goal(27,31)",0.8421768546104431,0.10597347328927297
finetune,37,"biggrid50-goal(9,17)",35,"biggrid50-goal(21,31)",0.8017005920410156,0.1538459190742977
finetune,37,"biggrid50-goal(9,17)",36,"biggrid50-goal(46,10)",0.6642856597900391,-0.013347208413710565
finetune,37,"biggrid50-goal(9,17)",37,"biggrid50-goal(9,17)",0.8976190686225891,0.5718350971347522
finetune,38,"biggrid50-goal(33,24)",0,"biggrid50-goal(40,31)",0.7700679898262024,0.3066664725572407
finetune,38,"biggrid50-goal(33,24)",1,"biggrid50-goal(9,31)",0.8697279095649719,0.41076940372565984
finetune,38,"biggrid50-goal(33,24)",2,"biggrid50-goal(15,31)",0.840135931968689,0.3088229078940451
finetune,38,"biggrid50-goal(33,24)",3,"biggrid50-goal(9,24)",0.9119045734405518,0.5661632228700112
finetune,38,"biggrid50-goal(33,24)",4,"biggrid50-goal(21,17)",0.7663265466690063,0.15911879268334533
finetune,38,"biggrid50-goal(33,24)",5,"biggrid50-goal(27,3)",0.7581632137298584,0.1254609149907542
finetune,38,"biggrid50-goal(33,24)",6,"biggrid50-goal(3,31)",0.9003400206565857,0.6748053957638388
finetune,38,"biggrid50-goal(33,24)",7,"biggrid50-goal(33,10)",0.9105441570281982,0.448637003869923
finetune,38,"biggrid50-goal(33,24)",8,"biggrid50-goal(27,45)",0.6602039933204651,0.048571045194298536
finetune,38,"biggrid50-goal(33,24)",9,"biggrid50-goal(21,45)",0.819387674331665,0.3789471764093666
finetune,38,"biggrid50-goal(33,24)",10,"biggrid50-goal(33,3)",0.8806121945381165,0.25477717670345046
finetune,38,"biggrid50-goal(33,24)",11,"biggrid50-goal(21,24)",0.835374116897583,0.2621952408568584
finetune,38,"biggrid50-goal(33,24)",12,"biggrid50-goal(21,3)",0.9319726824760437,0.7714282109396764
finetune,38,"biggrid50-goal(33,24)",13,"biggrid50-goal(3,17)",0.8081632256507874,0.2722580058726088
finetune,38,"biggrid50-goal(33,24)",14,"biggrid50-goal(15,45)",0.7911564111709595,0.19316651288273373
finetune,38,"biggrid50-goal(33,24)",15,"biggrid50-goal(3,24)",0.8374148607254028,0.35317968543068734
finetune,38,"biggrid50-goal(33,24)",16,"biggrid50-goal(3,10)",0.6887754201889038,0.08773642017207536
finetune,38,"biggrid50-goal(33,24)",17,"biggrid50-goal(46,31)",0.7047618627548218,0.07363926669503135
finetune,38,"biggrid50-goal(33,24)",18,"biggrid50-goal(46,24)",0.9707481265068054,0.902714359853292
finetune,38,"biggrid50-goal(33,24)",19,"biggrid50-goal(3,45)",0.7520407438278198,0.3889353218864325
finetune,38,"biggrid50-goal(33,24)",20,"biggrid50-goal(21,10)",0.7438775300979614,0.03461527919627921
finetune,38,"biggrid50-goal(33,24)",21,"biggrid50-goal(40,3)",0.9622447490692139,0.8850927181318723
finetune,38,"biggrid50-goal(33,24)",22,"biggrid50-goal(15,38)",0.886734664440155,0.4954544416636531
finetune,38,"biggrid50-goal(33,24)",23,"biggrid50-goal(40,45)",0.6547619104385376,0.21317825297825926
finetune,38,"biggrid50-goal(33,24)",24,"biggrid50-goal(15,17)",0.9472788572311401,0.7713861687848973
finetune,38,"biggrid50-goal(33,24)",25,"biggrid50-goal(15,24)",0.8799319863319397,0.4096993122364477
finetune,38,"biggrid50-goal(33,24)",26,"biggrid50-goal(21,38)",0.8187074661254883,0.17873646363400225
finetune,38,"biggrid50-goal(33,24)",27,"biggrid50-goal(33,17)",0.9397957921028137,0.6900169498651653
finetune,38,"biggrid50-goal(33,24)",28,"biggrid50-goal(27,17)",0.777550995349884,0.15612866201597084
finetune,38,"biggrid50-goal(33,24)",29,"biggrid50-goal(3,3)",0.7275509238243103,0.20456776859302786
finetune,38,"biggrid50-goal(33,24)",30,"biggrid50-goal(9,10)",0.9636052846908569,0.8534240823971926
finetune,38,"biggrid50-goal(33,24)",31,"biggrid50-goal(46,17)",0.9183672070503235,0.6812744544304278
finetune,38,"biggrid50-goal(33,24)",32,"biggrid50-goal(40,10)",0.6795918345451355,0.035823818872039725
finetune,38,"biggrid50-goal(33,24)",33,"biggrid50-goal(46,38)",0.8799318671226501,0.6599226624641147
finetune,38,"biggrid50-goal(33,24)",34,"biggrid50-goal(27,31)",0.8897959589958191,0.37572315033220854
finetune,38,"biggrid50-goal(33,24)",35,"biggrid50-goal(21,31)",0.8340135812759399,0.29172715628754636
finetune,38,"biggrid50-goal(33,24)",36,"biggrid50-goal(46,10)",0.9799317717552185,0.9394244432426092
finetune,38,"biggrid50-goal(33,24)",37,"biggrid50-goal(9,17)",0.8870747089385986,0.5277377766754452
finetune,38,"biggrid50-goal(33,24)",38,"biggrid50-goal(33,24)",0.8544217348098755,0.2878533765178031
finetune,39,"biggrid50-goal(40,17)",0,"biggrid50-goal(40,31)",0.9095236659049988,0.7271790220910905
finetune,39,"biggrid50-goal(40,17)",1,"biggrid50-goal(9,31)",0.8962584733963013,0.5307691664808698
finetune,39,"biggrid50-goal(40,17)",2,"biggrid50-goal(15,31)",0.8748299479484558,0.4588235263799709
finetune,39,"biggrid50-goal(40,17)",3,"biggrid50-goal(9,24)",0.9448978304862976,0.7286425803436771
finetune,39,"biggrid50-goal(40,17)",4,"biggrid50-goal(21,17)",0.7639455199241638,0.15055059370602972
finetune,39,"biggrid50-goal(40,17)",5,"biggrid50-goal(27,3)",0.7506802082061768,0.09840059507528215
finetune,39,"biggrid50-goal(40,17)",6,"biggrid50-goal(3,31)",0.8897958397865295,0.6403993006831157
finetune,39,"biggrid50-goal(40,17)",7,"biggrid50-goal(33,10)",0.914965808391571,0.4758899463559756
finetune,39,"biggrid50-goal(40,17)",8,"biggrid50-goal(27,45)",0.6690475940704346,0.07333313083645784
finetune,39,"biggrid50-goal(40,17)",9,"biggrid50-goal(21,45)",0.837755024433136,0.44210507330364335
finetune,39,"biggrid50-goal(40,17)",10,"biggrid50-goal(33,3)",0.809183657169342,-0.19108223143263214
finetune,39,"biggrid50-goal(40,17)",11,"biggrid50-goal(21,24)",0.8377550840377808,0.2728660348674726
finetune,39,"biggrid50-goal(40,17)",12,"biggrid50-goal(21,3)",0.9530611634254456,0.8422855076054144
finetune,39,"biggrid50-goal(40,17)",13,"biggrid50-goal(3,17)",0.8350339531898499,0.3741933981313111
finetune,39,"biggrid50-goal(40,17)",14,"biggrid50-goal(15,45)",0.8057823181152344,0.24967134297240431
finetune,39,"biggrid50-goal(40,17)",15,"biggrid50-goal(3,24)",0.9210882782936096,0.686061685065036
finetune,39,"biggrid50-goal(40,17)",16,"biggrid50-goal(3,10)",0.7034013271331787,0.13060797689588208
finetune,39,"biggrid50-goal(40,17)",17,"biggrid50-goal(46,31)",0.7034013271331787,0.06937035080254908
finetune,39,"biggrid50-goal(40,17)",18,"biggrid50-goal(46,24)",0.9132652282714844,0.7115382099354991
finetune,39,"biggrid50-goal(40,17)",19,"biggrid50-goal(3,45)",0.7809523344039917,0.4601843329615103
finetune,39,"biggrid50-goal(40,17)",20,"biggrid50-goal(21,10)",0.7459183931350708,0.0423077631631566
finetune,39,"biggrid50-goal(40,17)",21,"biggrid50-goal(40,3)",0.953061044216156,0.8571423129265522
finetune,39,"biggrid50-goal(40,17)",22,"biggrid50-goal(15,38)",0.8785714507102966,0.4590910370192183
finetune,39,"biggrid50-goal(40,17)",23,"biggrid50-goal(40,45)",0.6612244844436646,0.22790691103400956
finetune,39,"biggrid50-goal(40,17)",24,"biggrid50-goal(15,17)",0.9187074899673462,0.6474926150759712
finetune,39,"biggrid50-goal(40,17)",25,"biggrid50-goal(15,24)",0.8744897246360779,0.38294305364672926
finetune,39,"biggrid50-goal(40,17)",26,"biggrid50-goal(21,38)",0.8176870346069336,0.17411386181120667
finetune,39,"biggrid50-goal(40,17)",27,"biggrid50-goal(33,17)",0.9462583661079407,0.723291839973386
finetune,39,"biggrid50-goal(40,17)",28,"biggrid50-goal(27,17)",0.7663265466690063,0.11354815894128384
finetune,39,"biggrid50-goal(40,17)",29,"biggrid50-goal(3,3)",0.7197277545928955,0.18172753347178325
finetune,39,"biggrid50-goal(40,17)",30,"biggrid50-goal(9,10)",0.962584912776947,0.8493146410042026
finetune,39,"biggrid50-goal(40,17)",31,"biggrid50-goal(46,17)",0.9346936345100403,0.7450190515619768
finetune,39,"biggrid50-goal(40,17)",32,"biggrid50-goal(40,10)",0.6778910756111145,0.03070587422885108
finetune,39,"biggrid50-goal(40,17)",33,"biggrid50-goal(46,38)",0.8159862756729126,0.47880510890310185
finetune,39,"biggrid50-goal(40,17)",34,"biggrid50-goal(27,31)",0.8833332657814026,0.33911369641833355
finetune,39,"biggrid50-goal(40,17)",35,"biggrid50-goal(21,31)",0.8034013509750366,0.16110314756279814
finetune,39,"biggrid50-goal(40,17)",36,"biggrid50-goal(46,10)",0.9897956848144531,0.9691984730214966
finetune,39,"biggrid50-goal(40,17)",37,"biggrid50-goal(9,17)",0.8914965391159058,0.5462302094251931
finetune,39,"biggrid50-goal(40,17)",38,"biggrid50-goal(33,24)",0.8659862279891968,0.34442510966203915
finetune,39,"biggrid50-goal(40,17)",39,"biggrid50-goal(40,17)",0.9724488854408264,0.8832849620411187
finetune,40,"biggrid50-goal(40,38)",0,"biggrid50-goal(40,31)",0.9503399729728699,0.850255900926549
finetune,40,"biggrid50-goal(40,38)",1,"biggrid50-goal(9,31)",0.8778911232948303,0.4476922417448923
finetune,40,"biggrid50-goal(40,38)",2,"biggrid50-goal(15,31)",0.8163264989852905,0.20588211039767615
finetune,40,"biggrid50-goal(40,38)",3,"biggrid50-goal(9,24)",0.8952379822731018,0.4840865421588927
finetune,40,"biggrid50-goal(40,38)",4,"biggrid50-goal(21,17)",0.7571429014205933,0.12607115892789733
finetune,40,"biggrid50-goal(40,38)",5,"biggrid50-goal(27,3)",0.7513605356216431,0.10086082010806108
finetune,40,"biggrid50-goal(40,38)",6,"biggrid50-goal(3,31)",0.8292515873908997,0.4428409194122673
finetune,40,"biggrid50-goal(40,38)",7,"biggrid50-goal(33,10)",0.8778911232948303,0.24737933400881257
finetune,40,"biggrid50-goal(40,38)",8,"biggrid50-goal(27,45)",0.6636054515838623,0.05809512969424196
finetune,40,"biggrid50-goal(40,38)",9,"biggrid50-goal(21,45)",0.8619046807289124,0.5251459852443766
finetune,40,"biggrid50-goal(40,38)",10,"biggrid50-goal(33,3)",0.8523808717727661,0.0785562806479697
finetune,40,"biggrid50-goal(40,38)",11,"biggrid50-goal(21,24)",0.8156461715698242,0.17378039577517124
finetune,40,"biggrid50-goal(40,38)",12,"biggrid50-goal(21,3)",0.8806121349334717,0.5988567695508649
finetune,40,"biggrid50-goal(40,38)",13,"biggrid50-goal(3,17)",0.7979591488838196,0.23354835179395853
finetune,40,"biggrid50-goal(40,38)",14,"biggrid50-goal(15,45)",0.7914965748786926,0.1944806804472729
finetune,40,"biggrid50-goal(40,38)",15,"biggrid50-goal(3,24)",0.8585033416748047,0.43707700804172317
finetune,40,"biggrid50-goal(40,38)",16,"biggrid50-goal(3,10)",0.6945578455924988,0.10468590437404071
finetune,40,"biggrid50-goal(40,38)",17,"biggrid50-goal(46,31)",0.7102040648460388,0.09071511728484531
finetune,40,"biggrid50-goal(40,38)",18,"biggrid50-goal(46,24)",0.9802720546722412,0.9343889617724218
finetune,40,"biggrid50-goal(40,38)",19,"biggrid50-goal(3,45)",0.7095237970352173,0.28415760635661697
finetune,40,"biggrid50-goal(40,38)",20,"biggrid50-goal(21,10)",0.7411563992500305,0.02435870879499845
finetune,40,"biggrid50-goal(40,38)",21,"biggrid50-goal(40,3)",0.9302719831466675,0.7877843031328355
finetune,40,"biggrid50-goal(40,38)",22,"biggrid50-goal(15,38)",0.8465986251831055,0.31666664011550816
finetune,40,"biggrid50-goal(40,38)",23,"biggrid50-goal(40,45)",0.7163264155387878,0.3534880650243139
finetune,40,"biggrid50-goal(40,38)",24,"biggrid50-goal(15,17)",0.9044217467308044,0.5855455797588596
finetune,40,"biggrid50-goal(40,38)",25,"biggrid50-goal(15,24)",0.8608842492103577,0.31605328629073615
finetune,40,"biggrid50-goal(40,38)",26,"biggrid50-goal(21,38)",0.8258503675460815,0.2110941363699939
finetune,40,"biggrid50-goal(40,38)",27,"biggrid50-goal(33,17)",0.9061223864555359,0.5166372916061186
finetune,40,"biggrid50-goal(40,38)",28,"biggrid50-goal(27,17)",0.76666659116745,0.11483813462055042
finetune,40,"biggrid50-goal(40,38)",29,"biggrid50-goal(3,3)",0.706462562084198,0.14299896876036503
finetune,40,"biggrid50-goal(40,38)",30,"biggrid50-goal(9,10)",0.9115645289421082,0.6438353698101169
finetune,40,"biggrid50-goal(40,38)",31,"biggrid50-goal(46,17)",0.9088433980941772,0.6440898733844338
finetune,40,"biggrid50-goal(40,38)",32,"biggrid50-goal(40,10)",0.6751700639724731,0.022517772634044718
finetune,40,"biggrid50-goal(40,38)",33,"biggrid50-goal(46,38)",0.9523807764053345,0.8651247555240795
finetune,40,"biggrid50-goal(40,38)",34,"biggrid50-goal(27,31)",0.8785713315010071,0.3121385936561981
finetune,40,"biggrid50-goal(40,38)",35,"biggrid50-goal(21,31)",0.8057823181152344,0.17126286050881478
finetune,40,"biggrid50-goal(40,38)",36,"biggrid50-goal(46,10)",0.9455779790878296,0.8357281880390043
finetune,40,"biggrid50-goal(40,38)",37,"biggrid50-goal(9,17)",0.8690475225448608,0.4523467013319806
finetune,40,"biggrid50-goal(40,38)",38,"biggrid50-goal(33,24)",0.8500000238418579,0.2662230422658084
finetune,40,"biggrid50-goal(40,38)",39,"biggrid50-goal(40,17)",0.9537413120269775,0.804033898116777
finetune,40,"biggrid50-goal(40,38)",40,"biggrid50-goal(40,38)",0.6996597647666931,0.14768306542775667
finetune,41,"biggrid50-goal(33,38)",0,"biggrid50-goal(40,31)",0.8965985774993896,0.6882049047857319
finetune,41,"biggrid50-goal(33,38)",1,"biggrid50-goal(9,31)",0.8360544443130493,0.25846175330909305
finetune,41,"biggrid50-goal(33,38)",2,"biggrid50-goal(15,31)",0.831632673740387,0.27205881594992737
finetune,41,"biggrid50-goal(33,38)",3,"biggrid50-goal(9,24)",0.8738094568252563,0.37855912964710015
finetune,41,"biggrid50-goal(33,38)",4,"biggrid50-goal(21,17)",0.7544217705726624,0.11627908473180273
finetune,41,"biggrid50-goal(33,38)",5,"biggrid50-goal(27,3)",0.7397958636283875,0.05904022771846352
finetune,41,"biggrid50-goal(33,38)",6,"biggrid50-goal(3,31)",0.8448979258537292,0.49389556419231484
finetune,41,"biggrid50-goal(33,38)",7,"biggrid50-goal(33,10)",0.853741466999054,0.09853241234995506
finetune,41,"biggrid50-goal(33,38)",8,"biggrid50-goal(27,45)",0.6663265824317932,0.06571429715837915
finetune,41,"biggrid50-goal(33,38)",9,"biggrid50-goal(21,45)",0.9108842611312866,0.6935669753103499
finetune,41,"biggrid50-goal(33,38)",10,"biggrid50-goal(33,3)",0.8088434934616089,-0.1932055450966969
finetune,41,"biggrid50-goal(33,38)",11,"biggrid50-goal(21,24)",0.829931914806366,0.2378048927083798
finetune,41,"biggrid50-goal(33,38)",12,"biggrid50-goal(21,3)",0.8054421544075012,0.3462856325748981
finetune,41,"biggrid50-goal(33,38)",13,"biggrid50-goal(3,17)",0.7340136170387268,-0.009032086802096339
finetune,41,"biggrid50-goal(33,38)",14,"biggrid50-goal(15,45)",0.8074829578399658,0.25624148997633484
finetune,41,"biggrid50-goal(33,38)",15,"biggrid50-goal(3,24)",0.8397958278656006,0.3626520020364556
finetune,41,"biggrid50-goal(33,38)",16,"biggrid50-goal(3,10)",0.6846938729286194,0.07577256141399158
finetune,41,"biggrid50-goal(33,38)",17,"biggrid50-goal(46,31)",0.7346938252449036,0.16755597738929592
finetune,41,"biggrid50-goal(33,38)",18,"biggrid50-goal(46,24)",0.9068025350570679,0.6900446380252223
finetune,41,"biggrid50-goal(33,38)",19,"biggrid50-goal(3,45)",0.7557822465896606,0.39815578905559396
finetune,41,"biggrid50-goal(33,38)",20,"biggrid50-goal(21,10)",0.7306123375892639,-0.015384293942753001
finetune,41,"biggrid50-goal(33,38)",21,"biggrid50-goal(40,3)",0.9044216275215149,0.7091093101985773
finetune,41,"biggrid50-goal(33,38)",22,"biggrid50-goal(15,38)",0.9238094091415405,0.6606055682027574
finetune,41,"biggrid50-goal(33,38)",23,"biggrid50-goal(40,45)",0.736394464969635,0.3992245529435785
finetune,41,"biggrid50-goal(33,38)",24,"biggrid50-goal(15,17)",0.9057822823524475,0.5914452481771275
finetune,41,"biggrid50-goal(33,38)",25,"biggrid50-goal(15,24)",0.8479592204093933,0.25250885711690224
finetune,41,"biggrid50-goal(33,38)",26,"biggrid50-goal(21,38)",0.8207482099533081,0.18798112725601598
finetune,41,"biggrid50-goal(33,38)",27,"biggrid50-goal(33,17)",0.9057823419570923,0.5148864500206081
finetune,41,"biggrid50-goal(33,38)",28,"biggrid50-goal(27,17)",0.7741495966911316,0.1432252874124603
finetune,41,"biggrid50-goal(33,38)",29,"biggrid50-goal(3,3)",0.6438775658607483,-0.03972186809251295
finetune,41,"biggrid50-goal(33,38)",30,"biggrid50-goal(9,10)",0.8387753963470459,0.3506847348619332
finetune,41,"biggrid50-goal(33,38)",31,"biggrid50-goal(46,17)",0.9217684864997864,0.6945543461135768
finetune,41,"biggrid50-goal(33,38)",32,"biggrid50-goal(40,10)",0.6775510907173157,0.029682787516691973
finetune,41,"biggrid50-goal(33,38)",33,"biggrid50-goal(46,38)",0.9122448563575745,0.7514449930234148
finetune,41,"biggrid50-goal(33,38)",34,"biggrid50-goal(27,31)",0.9023808836936951,0.44701343217766587
finetune,41,"biggrid50-goal(33,38)",35,"biggrid50-goal(21,31)",0.8445577621459961,0.33671973475788725
finetune,41,"biggrid50-goal(33,38)",36,"biggrid50-goal(46,10)",0.8826529383659363,0.6457901761120485
finetune,41,"biggrid50-goal(33,38)",37,"biggrid50-goal(9,17)",0.7955781817436218,0.14509228642755742
finetune,41,"biggrid50-goal(33,38)",38,"biggrid50-goal(33,24)",0.8506801724433899,0.26955022527224526
finetune,41,"biggrid50-goal(33,38)",39,"biggrid50-goal(40,17)",0.9027209877967834,0.5878960331163653
finetune,41,"biggrid50-goal(33,38)",40,"biggrid50-goal(40,38)",0.6734694242477417,0.0733591216871666
finetune,41,"biggrid50-goal(33,38)",41,"biggrid50-goal(33,38)",0.86530601978302,0.5489745402405986
finetune,42,"biggrid50-goal(9,45)",0,"biggrid50-goal(40,31)",0.8119046688079834,0.4328201655250157
finetune,42,"biggrid50-goal(9,45)",1,"biggrid50-goal(9,31)",0.865646243095398,0.39230771511969137
finetune,42,"biggrid50-goal(9,45)",2,"biggrid50-goal(15,31)",0.8697277903556824,0.4367641950251054
finetune,42,"biggrid50-goal(9,45)",3,"biggrid50-goal(9,24)",0.8765304684638977,0.3919590865568354
finetune,42,"biggrid50-goal(9,45)",4,"biggrid50-goal(21,17)",0.7564626336097717,0.12362319400116682
finetune,42,"biggrid50-goal(9,45)",5,"biggrid50-goal(27,3)",0.6673468947410583,-0.20295239936604048
finetune,42,"biggrid50-goal(9,45)",6,"biggrid50-goal(3,31)",0.9115644693374634,0.7114312326403375
finetune,42,"biggrid50-goal(9,45)",7,"biggrid50-goal(33,10)",0.7676870822906494,-0.43186562322512195
finetune,42,"biggrid50-goal(9,45)",8,"biggrid50-goal(27,45)",0.7051020264625549,0.17428555597575512
finetune,42,"biggrid50-goal(9,45)",9,"biggrid50-goal(21,45)",0.9585031867027283,0.8573092230947211
finetune,42,"biggrid50-goal(9,45)",10,"biggrid50-goal(33,3)",0.7006801962852478,-0.868364598293015
finetune,42,"biggrid50-goal(9,45)",11,"biggrid50-goal(21,24)",0.8472788333892822,0.3155486766489764
finetune,42,"biggrid50-goal(9,45)",12,"biggrid50-goal(21,3)",0.7081632018089294,0.01942834872654294
finetune,42,"biggrid50-goal(9,45)",13,"biggrid50-goal(3,17)",0.7401360869407654,0.014193796090324033
finetune,42,"biggrid50-goal(9,45)",14,"biggrid50-goal(15,45)",0.8615645170211792,0.46517686226892974
finetune,42,"biggrid50-goal(9,45)",15,"biggrid50-goal(3,24)",0.862925112247467,0.4546683515404193
finetune,42,"biggrid50-goal(9,45)",16,"biggrid50-goal(3,10)",0.6792517304420471,0.059820516785166124
finetune,42,"biggrid50-goal(9,45)",17,"biggrid50-goal(46,31)",0.7299319505691528,0.15261477176560798
finetune,42,"biggrid50-goal(9,45)",18,"biggrid50-goal(46,24)",0.7574828863143921,0.19343857900502281
finetune,42,"biggrid50-goal(9,45)",19,"biggrid50-goal(3,45)",0.8846938014030457,0.7158422467551658
finetune,42,"biggrid50-goal(9,45)",20,"biggrid50-goal(21,10)",0.7448979020118713,0.038461296516050646
finetune,42,"biggrid50-goal(9,45)",21,"biggrid50-goal(40,3)",0.6568025946617126,-0.04451380985154867
finetune,42,"biggrid50-goal(9,45)",22,"biggrid50-goal(15,38)",0.919387698173523,0.6409088567761477
finetune,42,"biggrid50-goal(9,45)",23,"biggrid50-goal(40,45)",0.7714284658432007,0.47906949070092486
finetune,42,"biggrid50-goal(9,45)",24,"biggrid50-goal(15,17)",0.8506801724433899,0.3525068679987315
finetune,42,"biggrid50-goal(9,45)",25,"biggrid50-goal(15,24)",0.8459183573722839,0.24247518688589922
finetune,42,"biggrid50-goal(9,45)",26,"biggrid50-goal(21,38)",0.839115560054779,0.2711860699838155
finetune,42,"biggrid50-goal(9,45)",27,"biggrid50-goal(33,17)",0.83299320936203,0.14010538194279273
finetune,42,"biggrid50-goal(9,45)",28,"biggrid50-goal(27,17)",0.7700679898262024,0.12774150922406097
finetune,42,"biggrid50-goal(9,45)",29,"biggrid50-goal(3,3)",0.6231291890144348,-0.10029806062213369
finetune,42,"biggrid50-goal(9,45)",30,"biggrid50-goal(9,10)",0.7591836452484131,0.03013726384034848
finetune,42,"biggrid50-goal(9,45)",31,"biggrid50-goal(46,17)",0.7387754917144775,-0.019920070243980542
finetune,42,"biggrid50-goal(9,45)",32,"biggrid50-goal(40,10)",0.6840136051177979,0.04912986511003473
finetune,42,"biggrid50-goal(9,45)",33,"biggrid50-goal(46,38)",0.7965985536575317,0.42389191315438723
finetune,42,"biggrid50-goal(9,45)",34,"biggrid50-goal(27,31)",0.8840135931968689,0.3429675719368713
finetune,42,"biggrid50-goal(9,45)",35,"biggrid50-goal(21,31)",0.8421767354011536,0.3265597674756931
finetune,42,"biggrid50-goal(9,45)",36,"biggrid50-goal(46,10)",0.7051020264625549,0.10985620076838296
finetune,42,"biggrid50-goal(9,45)",37,"biggrid50-goal(9,17)",0.7952381372451782,0.14367019426950453
finetune,42,"biggrid50-goal(9,45)",38,"biggrid50-goal(33,24)",0.8316326141357422,0.17637248121370597
finetune,42,"biggrid50-goal(9,45)",39,"biggrid50-goal(40,17)",0.7602039575576782,-0.015850162284128274
finetune,42,"biggrid50-goal(9,45)",40,"biggrid50-goal(40,38)",0.6744897365570068,0.07625460273739502
finetune,42,"biggrid50-goal(9,45)",41,"biggrid50-goal(33,38)",0.8258503079414368,0.41685630789779055
finetune,42,"biggrid50-goal(9,45)",42,"biggrid50-goal(9,45)",0.9860542416572571,0.9599212852404516
finetune,43,"biggrid50-goal(9,38)",0,"biggrid50-goal(40,31)",0.7748299241065979,0.3210255376112175
finetune,43,"biggrid50-goal(9,38)",1,"biggrid50-goal(9,31)",0.8785713911056519,0.45076914491316167
finetune,43,"biggrid50-goal(9,38)",2,"biggrid50-goal(15,31)",0.8870747685432434,0.5117643754168337
finetune,43,"biggrid50-goal(9,38)",3,"biggrid50-goal(9,24)",0.9221087694168091,0.6164150426118101
finetune,43,"biggrid50-goal(9,38)",4,"biggrid50-goal(21,17)",0.7425171136856079,0.0734398057586053
finetune,43,"biggrid50-goal(9,38)",5,"biggrid50-goal(27,3)",0.6676870584487915,-0.20172228684965102
finetune,43,"biggrid50-goal(9,38)",6,"biggrid50-goal(3,31)",0.9329929947853088,0.781353390945873
finetune,43,"biggrid50-goal(9,38)",7,"biggrid50-goal(33,10)",0.7707482576370239,-0.4129980036869705
finetune,43,"biggrid50-goal(9,38)",8,"biggrid50-goal(27,45)",0.696258544921875,0.1495238041196543
finetune,43,"biggrid50-goal(9,38)",9,"biggrid50-goal(21,45)",0.8979589939117432,0.649122202935835
finetune,43,"biggrid50-goal(9,38)",10,"biggrid50-goal(33,3)",0.6996598839759827,-0.8747334231224282
finetune,43,"biggrid50-goal(9,38)",11,"biggrid50-goal(21,24)",0.8503400683403015,0.3292682307868408
finetune,43,"biggrid50-goal(9,38)",12,"biggrid50-goal(21,3)",0.7380951642990112,0.11999974365234131
finetune,43,"biggrid50-goal(9,38)",13,"biggrid50-goal(3,17)",0.7503401637077332,0.052903450168974304
finetune,43,"biggrid50-goal(9,38)",14,"biggrid50-goal(15,45)",0.828911542892456,0.3390273686275711
finetune,43,"biggrid50-goal(9,38)",15,"biggrid50-goal(3,24)",0.8942176103591919,0.5791608086160946
finetune,43,"biggrid50-goal(9,38)",16,"biggrid50-goal(3,10)",0.6836735010147095,0.07278164040285447
finetune,43,"biggrid50-goal(9,38)",17,"biggrid50-goal(46,31)",0.7132652401924133,0.10032008453298796
finetune,43,"biggrid50-goal(9,38)",18,"biggrid50-goal(46,24)",0.7676869630813599,0.22737521354610832
finetune,43,"biggrid50-goal(9,38)",19,"biggrid50-goal(3,45)",0.8874148726463318,0.7225479876461134
finetune,43,"biggrid50-goal(9,38)",20,"biggrid50-goal(21,10)",0.7442176938056946,0.035897434745314524
finetune,43,"biggrid50-goal(9,38)",21,"biggrid50-goal(40,3)",0.664625883102417,-0.020703802294198256
finetune,43,"biggrid50-goal(9,38)",22,"biggrid50-goal(15,38)",0.9503400921821594,0.7787876953435109
finetune,43,"biggrid50-goal(9,38)",23,"biggrid50-goal(40,45)",0.7557821273803711,0.44341039126767606
finetune,43,"biggrid50-goal(9,38)",24,"biggrid50-goal(15,17)",0.8843536972999573,0.49852482443278434
finetune,43,"biggrid50-goal(9,38)",25,"biggrid50-goal(15,24)",0.8700679540634155,0.3612039232119466
finetune,43,"biggrid50-goal(9,38)",26,"biggrid50-goal(21,38)",0.8564625382423401,0.34976868090060814
finetune,43,"biggrid50-goal(9,38)",27,"biggrid50-goal(33,17)",0.8445577621459961,0.1996496475453078
finetune,43,"biggrid50-goal(9,38)",28,"biggrid50-goal(27,17)",0.773809552192688,0.14193531173319368
finetune,43,"biggrid50-goal(9,38)",29,"biggrid50-goal(3,3)",0.6438775658607483,-0.03972186809251295
finetune,43,"biggrid50-goal(9,38)",30,"biggrid50-goal(9,10)",0.7874149084091187,0.14383572988734625
finetune,43,"biggrid50-goal(9,38)",31,"biggrid50-goal(46,17)",0.7411563992500305,-0.01062409952192483
finetune,43,"biggrid50-goal(9,38)",32,"biggrid50-goal(40,10)",0.6748300194740295,0.02149450655885753
finetune,43,"biggrid50-goal(9,38)",33,"biggrid50-goal(46,38)",0.7659863233566284,0.33718676061069813
finetune,43,"biggrid50-goal(9,38)",34,"biggrid50-goal(27,31)",0.8921767473220825,0.38920968877946205
finetune,43,"biggrid50-goal(9,38)",35,"biggrid50-goal(21,31)",0.8431971669197083,0.3309140028343224
finetune,43,"biggrid50-goal(9,38)",36,"biggrid50-goal(46,10)",0.6976190209388733,0.08726889409204402
finetune,43,"biggrid50-goal(9,38)",37,"biggrid50-goal(9,17)",0.8153059482574463,0.22759531818844653
finetune,43,"biggrid50-goal(9,38)",38,"biggrid50-goal(33,24)",0.8244897723197937,0.1414307907446522
finetune,43,"biggrid50-goal(9,38)",39,"biggrid50-goal(40,17)",0.7632653117179871,-0.0028813197257405807
finetune,43,"biggrid50-goal(9,38)",40,"biggrid50-goal(40,38)",0.6775510311126709,0.08494206077803833
finetune,43,"biggrid50-goal(9,38)",41,"biggrid50-goal(33,38)",0.8013604879379272,0.3348516607063236
finetune,43,"biggrid50-goal(9,38)",42,"biggrid50-goal(9,45)",0.948979377746582,0.8533718342241675
finetune,43,"biggrid50-goal(9,38)",43,"biggrid50-goal(9,38)",0.9438773989677429,0.8277657589004883
finetune,44,"biggrid50-goal(9,3)",0,"biggrid50-goal(40,31)",0.6979591846466064,0.08923066526332742
finetune,44,"biggrid50-goal(9,3)",1,"biggrid50-goal(9,31)",0.8619047403335571,0.3753846128960337
finetune,44,"biggrid50-goal(9,3)",2,"biggrid50-goal(15,31)",0.8778910040855408,0.4720580943830139
finetune,44,"biggrid50-goal(9,3)",3,"biggrid50-goal(9,24)",0.9238093495368958,0.6247897588412828
finetune,44,"biggrid50-goal(9,3)",4,"biggrid50-goal(21,17)",0.7571428418159485,0.12607094443872474
finetune,44,"biggrid50-goal(9,3)",5,"biggrid50-goal(27,3)",0.7156462073326111,-0.02829064797637115
finetune,44,"biggrid50-goal(9,3)",6,"biggrid50-goal(3,31)",0.8448978066444397,0.4938951752075088
finetune,44,"biggrid50-goal(9,3)",7,"biggrid50-goal(33,10)",0.7993196249008179,-0.23689777216756097
finetune,44,"biggrid50-goal(9,3)",8,"biggrid50-goal(27,45)",0.664625883102417,0.06095233835492206
finetune,44,"biggrid50-goal(9,3)",9,"biggrid50-goal(21,45)",0.8030611872673035,0.32280698302490485
finetune,44,"biggrid50-goal(9,3)",10,"biggrid50-goal(33,3)",0.7404760718345642,-0.6199573625817589
finetune,44,"biggrid50-goal(9,3)",11,"biggrid50-goal(21,24)",0.8363944888114929,0.2667682474824956
finetune,44,"biggrid50-goal(9,3)",12,"biggrid50-goal(21,3)",0.8935372829437256,0.6422852672794844
finetune,44,"biggrid50-goal(9,3)",13,"biggrid50-goal(3,17)",0.8585033416748047,0.46322564773482183
finetune,44,"biggrid50-goal(9,3)",14,"biggrid50-goal(15,45)",0.8122449517250061,0.27463868451527434
finetune,44,"biggrid50-goal(9,3)",15,"biggrid50-goal(3,24)",0.8717686533927917,0.4898510385378116
finetune,44,"biggrid50-goal(9,3)",16,"biggrid50-goal(3,10)",0.6925169825553894,0.09870371292469585
finetune,44,"biggrid50-goal(9,3)",17,"biggrid50-goal(46,31)",0.6914965510368347,0.0320170562135019
finetune,44,"biggrid50-goal(9,3)",18,"biggrid50-goal(46,24)",0.6860544085502625,-0.04411766454993857
finetune,44,"biggrid50-goal(9,3)",19,"biggrid50-goal(3,45)",0.787755012512207,0.4769486851888792
finetune,44,"biggrid50-goal(9,3)",20,"biggrid50-goal(21,10)",0.7384353876113892,0.014102587721052199
finetune,44,"biggrid50-goal(9,3)",21,"biggrid50-goal(40,3)",0.7319726347923279,0.18426456604010438
finetune,44,"biggrid50-goal(9,3)",22,"biggrid50-goal(15,38)",0.8959182500839233,0.5363631391328498
finetune,44,"biggrid50-goal(9,3)",23,"biggrid50-goal(40,45)",0.6112244725227356,0.11395338759542811
finetune,44,"biggrid50-goal(9,3)",24,"biggrid50-goal(15,17)",0.9343537092208862,0.7153390603487023
finetune,44,"biggrid50-goal(9,3)",25,"biggrid50-goal(15,24)",0.8877550959587097,0.44816073799051137
finetune,44,"biggrid50-goal(9,3)",26,"biggrid50-goal(21,38)",0.8605442047119141,0.3682588181800017
finetune,44,"biggrid50-goal(9,3)",27,"biggrid50-goal(33,17)",0.7812924981117249,-0.12609435271493996
finetune,44,"biggrid50-goal(9,3)",28,"biggrid50-goal(27,17)",0.7707482576370239,0.13032213892212752
finetune,44,"biggrid50-goal(9,3)",29,"biggrid50-goal(3,3)",0.6853740811347961,0.08142982088867588
finetune,44,"biggrid50-goal(9,3)",30,"biggrid50-goal(9,10)",0.9568026065826416,0.8260270062723053
finetune,44,"biggrid50-goal(9,3)",31,"biggrid50-goal(46,17)",0.7204080820083618,-0.09163344017474423
finetune,44,"biggrid50-goal(9,3)",32,"biggrid50-goal(40,10)",0.6697278618812561,0.006141031355347754
finetune,44,"biggrid50-goal(9,3)",33,"biggrid50-goal(46,38)",0.6554421186447144,0.02408470832133991
finetune,44,"biggrid50-goal(9,3)",34,"biggrid50-goal(27,31)",0.8537415266036987,0.17148429243534274
finetune,44,"biggrid50-goal(9,3)",35,"biggrid50-goal(21,31)",0.8370746970176697,0.3047890993549017
finetune,44,"biggrid50-goal(9,3)",36,"biggrid50-goal(46,10)",0.6778910756111145,0.02772047470334639
finetune,44,"biggrid50-goal(9,3)",37,"biggrid50-goal(9,17)",0.8775510191917419,0.4879089761310369
finetune,44,"biggrid50-goal(9,3)",38,"biggrid50-goal(33,24)",0.8068027496337891,0.05490857900623625
finetune,44,"biggrid50-goal(9,3)",39,"biggrid50-goal(40,17)",0.7224489450454712,-0.17579206623273064
finetune,44,"biggrid50-goal(9,3)",40,"biggrid50-goal(40,38)",0.6602040529251099,0.035714146771017655
finetune,44,"biggrid50-goal(9,3)",41,"biggrid50-goal(33,38)",0.7476190328598022,0.15489733427165991
finetune,44,"biggrid50-goal(9,3)",42,"biggrid50-goal(9,45)",0.796598494052887,0.415444414124736
finetune,44,"biggrid50-goal(9,3)",43,"biggrid50-goal(9,38)",0.8068026304244995,0.4070980011754456
finetune,44,"biggrid50-goal(9,3)",44,"biggrid50-goal(9,3)",0.7081632614135742,0.1905661316242925
finetune,45,"biggrid50-goal(40,24)",0,"biggrid50-goal(40,31)",0.956802487373352,0.8697428697137533
finetune,45,"biggrid50-goal(40,24)",1,"biggrid50-goal(9,31)",0.8452380299568176,0.29999981128255343
finetune,45,"biggrid50-goal(40,24)",2,"biggrid50-goal(15,31)",0.8486394286155701,0.3455880306480392
finetune,45,"biggrid50-goal(40,24)",3,"biggrid50-goal(9,24)",0.9465985894203186,0.7370181771643906
finetune,45,"biggrid50-goal(40,24)",4,"biggrid50-goal(21,17)",0.7448979616165161,0.08200736126840318
finetune,45,"biggrid50-goal(40,24)",5,"biggrid50-goal(27,3)",0.7459183931350708,0.08118074420190657
finetune,45,"biggrid50-goal(40,24)",6,"biggrid50-goal(3,31)",0.8482992649078369,0.5049942731711928
finetune,45,"biggrid50-goal(40,24)",7,"biggrid50-goal(33,10)",0.8663265109062195,0.17610059889390886
finetune,45,"biggrid50-goal(40,24)",8,"biggrid50-goal(27,45)",0.6795918345451355,0.102857008389045
finetune,45,"biggrid50-goal(40,24)",9,"biggrid50-goal(21,45)",0.8826530575752258,0.5964912712188689
finetune,45,"biggrid50-goal(40,24)",10,"biggrid50-goal(33,3)",0.7935373187065125,-0.2887472188944036
finetune,45,"biggrid50-goal(40,24)",11,"biggrid50-goal(21,24)",0.8248298168182373,0.21493879105828814
finetune,45,"biggrid50-goal(40,24)",12,"biggrid50-goal(21,3)",0.8738095164299011,0.5759999711608884
finetune,45,"biggrid50-goal(40,24)",13,"biggrid50-goal(3,17)",0.8054421544075012,0.26193549174845554
finetune,45,"biggrid50-goal(40,24)",14,"biggrid50-goal(15,45)",0.8057823181152344,0.24967134297240431
finetune,45,"biggrid50-goal(40,24)",15,"biggrid50-goal(3,24)",0.8976189494132996,0.5926925201043078
finetune,45,"biggrid50-goal(40,24)",16,"biggrid50-goal(3,10)",0.6799319386482239,0.06181434765023398
finetune,45,"biggrid50-goal(40,24)",17,"biggrid50-goal(46,31)",0.7180271744728088,0.1152614771765608
finetune,45,"biggrid50-goal(40,24)",18,"biggrid50-goal(46,24)",0.9472787380218506,0.8246600607622679
finetune,45,"biggrid50-goal(40,24)",19,"biggrid50-goal(3,45)",0.7448979020118713,0.3713326786035866
finetune,45,"biggrid50-goal(40,24)",20,"biggrid50-goal(21,10)",0.7340136170387268,-0.0025640864344033763
finetune,45,"biggrid50-goal(40,24)",21,"biggrid50-goal(40,3)",0.9204080104827881,0.7577635176980957
finetune,45,"biggrid50-goal(40,24)",22,"biggrid50-goal(15,38)",0.9023808836936951,0.5651512327437384
finetune,45,"biggrid50-goal(40,24)",23,"biggrid50-goal(40,45)",0.708843469619751,0.3364339080268497
finetune,45,"biggrid50-goal(40,24)",24,"biggrid50-goal(15,17)",0.9278910756111145,0.6873152476679562
finetune,45,"biggrid50-goal(40,24)",25,"biggrid50-goal(15,24)",0.8704080581665039,0.3628760062241576
finetune,45,"biggrid50-goal(40,24)",26,"biggrid50-goal(21,38)",0.8207482099533081,0.18798112725601598
finetune,45,"biggrid50-goal(40,24)",27,"biggrid50-goal(33,17)",0.9139454364776611,0.5569170825362989
finetune,45,"biggrid50-goal(40,24)",28,"biggrid50-goal(27,17)",0.7731291651725769,0.13935422980877157
finetune,45,"biggrid50-goal(40,24)",29,"biggrid50-goal(3,3)",0.6517006754875183,-0.01688180699078149
finetune,45,"biggrid50-goal(40,24)",30,"biggrid50-goal(9,10)",0.8874148726463318,0.5465751494380515
finetune,45,"biggrid50-goal(40,24)",31,"biggrid50-goal(46,17)",0.8782311677932739,0.5245680556050084
finetune,45,"biggrid50-goal(40,24)",32,"biggrid50-goal(40,10)",0.6755102276802063,0.02354139743528806
finetune,45,"biggrid50-goal(40,24)",33,"biggrid50-goal(46,38)",0.8248298168182373,0.5038532865920415
finetune,45,"biggrid50-goal(40,24)",34,"biggrid50-goal(27,31)",0.9183672666549683,0.5375720786819975
finetune,45,"biggrid50-goal(40,24)",35,"biggrid50-goal(21,31)",0.86530601978302,0.4252536494698108
finetune,45,"biggrid50-goal(40,24)",36,"biggrid50-goal(46,10)",0.8615644574165344,0.5821350064031913
finetune,45,"biggrid50-goal(40,24)",37,"biggrid50-goal(9,17)",0.9207481741905212,0.6685627895440706
finetune,45,"biggrid50-goal(40,24)",38,"biggrid50-goal(33,24)",0.882652997970581,0.42595640110239363
finetune,45,"biggrid50-goal(40,24)",39,"biggrid50-goal(40,17)",0.8979591131210327,0.5677232599843751
finetune,45,"biggrid50-goal(40,24)",40,"biggrid50-goal(40,38)",0.7085034251213074,0.17277994090295776
finetune,45,"biggrid50-goal(40,24)",41,"biggrid50-goal(33,38)",0.7891156077384949,0.29384943690425674
finetune,45,"biggrid50-goal(40,24)",42,"biggrid50-goal(9,45)",0.8275508880615234,0.5043984989517432
finetune,45,"biggrid50-goal(40,24)",43,"biggrid50-goal(9,38)",0.8197277784347534,0.44676389366259955
finetune,45,"biggrid50-goal(40,24)",44,"biggrid50-goal(9,3)",0.6629251837730408,0.06509449854676753
finetune,45,"biggrid50-goal(40,24)",45,"biggrid50-goal(40,24)",0.9513604640960693,0.7936504283966966
finetune,46,"biggrid50-goal(33,31)",0,"biggrid50-goal(40,31)",0.8996596932411194,0.6974353471826814
finetune,46,"biggrid50-goal(33,31)",1,"biggrid50-goal(9,31)",0.8503401279449463,0.32307698943910207
finetune,46,"biggrid50-goal(33,31)",2,"biggrid50-goal(15,31)",0.8333333134651184,0.2794115827982571
finetune,46,"biggrid50-goal(33,31)",3,"biggrid50-goal(9,24)",0.9190475344657898,0.6013396141014359
finetune,46,"biggrid50-goal(33,31)",4,"biggrid50-goal(21,17)",0.7462584972381592,0.08690329112186417
finetune,46,"biggrid50-goal(33,31)",5,"biggrid50-goal(27,3)",0.7595236897468567,0.13038071842278323
finetune,46,"biggrid50-goal(33,31)",6,"biggrid50-goal(3,31)",0.8071428537368774,0.37069921380335924
finetune,46,"biggrid50-goal(33,31)",7,"biggrid50-goal(33,10)",0.8802719712257385,0.26205374101126444
finetune,46,"biggrid50-goal(33,31)",8,"biggrid50-goal(27,45)",0.6714285612106323,0.07999983978269193
finetune,46,"biggrid50-goal(33,31)",9,"biggrid50-goal(21,45)",0.8782311677932739,0.5812861786288382
finetune,46,"biggrid50-goal(33,31)",10,"biggrid50-goal(33,3)",0.7768706679344177,-0.3927810311855881
finetune,46,"biggrid50-goal(33,31)",11,"biggrid50-goal(21,24)",0.8302720189094543,0.23932913920676674
finetune,46,"biggrid50-goal(33,31)",12,"biggrid50-goal(21,3)",0.8499998450279236,0.4959994744872997
finetune,46,"biggrid50-goal(33,31)",13,"biggrid50-goal(3,17)",0.7908162474632263,0.20645141304844292
finetune,46,"biggrid50-goal(33,31)",14,"biggrid50-goal(15,45)",0.8040816783905029,0.2431011959684738
finetune,46,"biggrid50-goal(33,31)",15,"biggrid50-goal(3,24)",0.8792515397071838,0.5196205666838426
finetune,46,"biggrid50-goal(33,31)",16,"biggrid50-goal(3,10)",0.6772108674049377,0.05383832533582125
finetune,46,"biggrid50-goal(33,31)",17,"biggrid50-goal(46,31)",0.7238094806671143,0.13340446322955288
finetune,46,"biggrid50-goal(33,31)",18,"biggrid50-goal(46,24)",0.8734692931175232,0.5791852162856833
finetune,46,"biggrid50-goal(33,31)",19,"biggrid50-goal(3,45)",0.762584924697876,0.41492014128296284
finetune,46,"biggrid50-goal(33,31)",20,"biggrid50-goal(21,10)",0.7292517423629761,-0.02051269147522701
finetune,46,"biggrid50-goal(33,31)",21,"biggrid50-goal(40,3)",0.8408162593841553,0.5155277610179312
finetune,46,"biggrid50-goal(33,31)",22,"biggrid50-goal(15,38)",0.8819727301597595,0.47424219010948104
finetune,46,"biggrid50-goal(33,31)",23,"biggrid50-goal(40,45)",0.7139454483985901,0.34806167442172586
finetune,46,"biggrid50-goal(33,31)",24,"biggrid50-goal(15,17)",0.8809522986412048,0.4837753949244656
finetune,46,"biggrid50-goal(33,31)",25,"biggrid50-goal(15,24)",0.8642856478691101,0.3327758746494516
finetune,46,"biggrid50-goal(33,31)",26,"biggrid50-goal(21,38)",0.8299318552017212,0.22958346361402138
finetune,46,"biggrid50-goal(33,31)",27,"biggrid50-goal(33,17)",0.9476187825202942,0.730296433899362
finetune,46,"biggrid50-goal(33,31)",28,"biggrid50-goal(27,17)",0.7772108912467957,0.15483846022352643
finetune,46,"biggrid50-goal(33,31)",29,"biggrid50-goal(3,3)",0.660544216632843,0.008937468176181532
finetune,46,"biggrid50-goal(33,31)",30,"biggrid50-goal(9,10)",0.8044216632843018,0.21232866025105065
finetune,46,"biggrid50-goal(33,31)",31,"biggrid50-goal(46,17)",0.8615645170211792,0.45949509695433327
finetune,46,"biggrid50-goal(33,31)",32,"biggrid50-goal(40,10)",0.6734693646430969,0.01740000735388415
finetune,46,"biggrid50-goal(33,31)",33,"biggrid50-goal(46,38)",0.8547618389129639,0.5886318380453068
finetune,46,"biggrid50-goal(33,31)",34,"biggrid50-goal(27,31)",0.9275510311126709,0.5895956840916043
finetune,46,"biggrid50-goal(33,31)",35,"biggrid50-goal(21,31)",0.8340135812759399,0.29172715628754636
finetune,46,"biggrid50-goal(33,31)",36,"biggrid50-goal(46,10)",0.8214284181594849,0.46098515229663883
finetune,46,"biggrid50-goal(33,31)",37,"biggrid50-goal(9,17)",0.8360543847084045,0.31436686986423446
finetune,46,"biggrid50-goal(33,31)",38,"biggrid50-goal(33,24)",0.8758503794670105,0.39267903107858926
finetune,46,"biggrid50-goal(33,31)",39,"biggrid50-goal(40,17)",0.8996597528457642,0.5749276955653785
finetune,46,"biggrid50-goal(33,31)",40,"biggrid50-goal(40,38)",0.6697279214859009,0.06274134294637101
finetune,46,"biggrid50-goal(33,31)",41,"biggrid50-goal(33,38)",0.8217686414718628,0.4031887669055461
finetune,46,"biggrid50-goal(33,31)",42,"biggrid50-goal(9,45)",0.8241496682167053,0.49462373327426984
finetune,46,"biggrid50-goal(33,31)",43,"biggrid50-goal(9,38)",0.8173468112945557,0.43945696096646286
finetune,46,"biggrid50-goal(33,31)",44,"biggrid50-goal(9,3)",0.6574829816818237,0.050000090925186924
finetune,46,"biggrid50-goal(33,31)",45,"biggrid50-goal(40,24)",0.9068025946617126,0.6046170197002045
finetune,46,"biggrid50-goal(33,31)",46,"biggrid50-goal(33,31)",0.9377549290657043,0.7081331515557023
finetune,47,"biggrid50-goal(46,45)",0,"biggrid50-goal(40,31)",0.9108842015266418,0.7312815607548124
finetune,47,"biggrid50-goal(46,45)",1,"biggrid50-goal(9,31)",0.8030611872673035,0.10923073646444334
finetune,47,"biggrid50-goal(46,45)",2,"biggrid50-goal(15,31)",0.8197278380393982,0.2205879017968047
finetune,47,"biggrid50-goal(46,45)",3,"biggrid50-goal(9,24)",0.7659863829612732,-0.1524288761131407
finetune,47,"biggrid50-goal(46,45)",4,"biggrid50-goal(21,17)",0.7476189732551575,0.09179900648615258
finetune,47,"biggrid50-goal(46,45)",5,"biggrid50-goal(27,3)",0.7051020264625549,-0.06642090281680031
finetune,47,"biggrid50-goal(46,45)",6,"biggrid50-goal(3,31)",0.755442202091217,0.20199786486239954
finetune,47,"biggrid50-goal(46,45)",7,"biggrid50-goal(33,10)",0.8108842372894287,-0.16561903705265726
finetune,47,"biggrid50-goal(46,45)",8,"biggrid50-goal(27,45)",0.6863945722579956,0.12190467670984412
finetune,47,"biggrid50-goal(46,45)",9,"biggrid50-goal(21,45)",0.8948978781700134,0.6385962625399947
finetune,47,"biggrid50-goal(46,45)",10,"biggrid50-goal(33,3)",0.7265304923057556,-0.7070061537774669
finetune,47,"biggrid50-goal(46,45)",11,"biggrid50-goal(21,24)",0.8227890729904175,0.20579277780701372
finetune,47,"biggrid50-goal(46,45)",12,"biggrid50-goal(21,3)",0.7180272340774536,0.052571497464861845
finetune,47,"biggrid50-goal(46,45)",13,"biggrid50-goal(3,17)",0.6931972503662109,-0.16387092922977295
finetune,47,"biggrid50-goal(46,45)",14,"biggrid50-goal(15,45)",0.8081632256507874,0.2588695948324914
finetune,47,"biggrid50-goal(46,45)",15,"biggrid50-goal(3,24)",0.7163265943527222,-0.12855161483008234
finetune,47,"biggrid50-goal(46,45)",16,"biggrid50-goal(3,10)",0.6517007350921631,-0.020937145932101078
finetune,47,"biggrid50-goal(46,45)",17,"biggrid50-goal(46,31)",0.821088433265686,0.43863400676076886
finetune,47,"biggrid50-goal(46,45)",18,"biggrid50-goal(46,24)",0.8673468828201294,0.5588233545006144
finetune,47,"biggrid50-goal(46,45)",19,"biggrid50-goal(3,45)",0.7714284658432007,0.4367139460667595
finetune,47,"biggrid50-goal(46,45)",20,"biggrid50-goal(21,10)",0.7377551198005676,0.011538501286648822
finetune,47,"biggrid50-goal(46,45)",21,"biggrid50-goal(40,3)",0.7020407915115356,0.09316765454019708
finetune,47,"biggrid50-goal(46,45)",22,"biggrid50-goal(15,38)",0.8452380299568176,0.310605807163184
finetune,47,"biggrid50-goal(46,45)",23,"biggrid50-goal(40,45)",0.8316324949264526,0.616278682772412
finetune,47,"biggrid50-goal(46,45)",24,"biggrid50-goal(15,17)",0.8006802797317505,0.1356931490081108
finetune,47,"biggrid50-goal(46,45)",25,"biggrid50-goal(15,24)",0.8102040886878967,0.06689006039542741
finetune,47,"biggrid50-goal(46,45)",26,"biggrid50-goal(21,38)",0.8717686533927917,0.41910608817180955
finetune,47,"biggrid50-goal(46,45)",27,"biggrid50-goal(33,17)",0.8363944888114929,0.15761809434166668
finetune,47,"biggrid50-goal(46,45)",28,"biggrid50-goal(27,17)",0.7765305638313293,0.15225760441228212
finetune,47,"biggrid50-goal(46,45)",29,"biggrid50-goal(3,3)",0.5738095045089722,-0.24428998472456714
finetune,47,"biggrid50-goal(46,45)",30,"biggrid50-goal(9,10)",0.7074830532073975,-0.17808147491473972
finetune,47,"biggrid50-goal(46,45)",31,"biggrid50-goal(46,17)",0.8295917510986328,0.33466122941394544
finetune,47,"biggrid50-goal(46,45)",32,"biggrid50-goal(40,10)",0.6751700043678284,0.02251759327101664
finetune,47,"biggrid50-goal(46,45)",33,"biggrid50-goal(46,38)",0.9285712838172913,0.7976874709308951
finetune,47,"biggrid50-goal(46,45)",34,"biggrid50-goal(27,31)",0.8999998569488525,0.43352554315199343
finetune,47,"biggrid50-goal(46,45)",35,"biggrid50-goal(21,31)",0.8146258592605591,0.20899871916301016
finetune,47,"biggrid50-goal(46,45)",36,"biggrid50-goal(46,10)",0.7789115309715271,0.3326487550029992
finetune,47,"biggrid50-goal(46,45)",37,"biggrid50-goal(9,17)",0.7397959232330322,-0.08819339456264746
finetune,47,"biggrid50-goal(46,45)",38,"biggrid50-goal(33,24)",0.8659864068031311,0.3444259843924764
finetune,47,"biggrid50-goal(46,45)",39,"biggrid50-goal(40,17)",0.8166666030883789,0.22334305809251634
finetune,47,"biggrid50-goal(46,45)",40,"biggrid50-goal(40,38)",0.701020359992981,0.15154421427304024
finetune,47,"biggrid50-goal(46,45)",41,"biggrid50-goal(33,38)",0.8772108554840088,0.5888381183065893
finetune,47,"biggrid50-goal(46,45)",42,"biggrid50-goal(9,45)",0.911224365234375,0.7448677041488495
finetune,47,"biggrid50-goal(46,45)",43,"biggrid50-goal(9,38)",0.7775509357452393,0.317327688658011
finetune,47,"biggrid50-goal(46,45)",44,"biggrid50-goal(9,3)",0.6425170302391052,0.008490759273253165
finetune,47,"biggrid50-goal(46,45)",45,"biggrid50-goal(40,24)",0.8666665554046631,0.43434289284784994
finetune,47,"biggrid50-goal(46,45)",46,"biggrid50-goal(33,31)",0.907482922077179,0.5661878514185866
finetune,47,"biggrid50-goal(46,45)",47,"biggrid50-goal(46,45)",0.8860542178153992,0.6968320682656057
finetune,48,"biggrid50-goal(3,38)",0,"biggrid50-goal(40,31)",0.7938774824142456,0.3784612586342748
finetune,48,"biggrid50-goal(3,38)",1,"biggrid50-goal(9,31)",0.8802720308303833,0.45846126803565895
finetune,48,"biggrid50-goal(3,38)",2,"biggrid50-goal(15,31)",0.8520408272743225,0.3602940797496369
finetune,48,"biggrid50-goal(3,38)",3,"biggrid50-goal(9,24)",0.9408161640167236,0.7085419111530403
finetune,48,"biggrid50-goal(3,38)",4,"biggrid50-goal(21,17)",0.738095223903656,0.057527497511925596
finetune,48,"biggrid50-goal(3,38)",5,"biggrid50-goal(27,3)",0.6819727420806885,-0.15006187205148583
finetune,48,"biggrid50-goal(3,38)",6,"biggrid50-goal(3,31)",0.984693706035614,0.9500549343792357
finetune,48,"biggrid50-goal(3,38)",7,"biggrid50-goal(33,10)",0.8561223745346069,0.11320718672690629
finetune,48,"biggrid50-goal(3,38)",8,"biggrid50-goal(27,45)",0.677891194820404,0.09809521647861716
finetune,48,"biggrid50-goal(3,38)",9,"biggrid50-goal(21,45)",0.923129141330719,0.7356721715877698
finetune,48,"biggrid50-goal(3,38)",10,"biggrid50-goal(33,3)",0.7040815353393555,-0.8471333219236693
finetune,48,"biggrid50-goal(3,38)",11,"biggrid50-goal(21,24)",0.832312822341919,0.24847541958851754
finetune,48,"biggrid50-goal(3,38)",12,"biggrid50-goal(21,3)",0.730272114276886,0.09371429532732292
finetune,48,"biggrid50-goal(3,38)",13,"biggrid50-goal(3,17)",0.7629250884056091,0.10064496493664538
finetune,48,"biggrid50-goal(3,38)",14,"biggrid50-goal(15,45)",0.8445577621459961,0.39947401059209386
finetune,48,"biggrid50-goal(3,38)",15,"biggrid50-goal(3,24)",0.9659863114356995,0.864681699477678
finetune,48,"biggrid50-goal(3,38)",16,"biggrid50-goal(3,10)",0.6731292605400085,0.041874291864202155
finetune,48,"biggrid50-goal(3,38)",17,"biggrid50-goal(46,31)",0.7054421901702881,0.07577391166115738
finetune,48,"biggrid50-goal(3,38)",18,"biggrid50-goal(46,24)",0.7802719473838806,0.2692302507761799
finetune,48,"biggrid50-goal(3,38)",19,"biggrid50-goal(3,45)",0.862925112247467,0.6621960258511511
finetune,48,"biggrid50-goal(3,38)",20,"biggrid50-goal(21,10)",0.7282313704490662,-0.02435870879499845
finetune,48,"biggrid50-goal(3,38)",21,"biggrid50-goal(40,3)",0.8448978662490845,0.5279500423944502
finetune,48,"biggrid50-goal(3,38)",22,"biggrid50-goal(15,38)",0.9163264036178589,0.6272721817671071
finetune,48,"biggrid50-goal(3,38)",23,"biggrid50-goal(40,45)",0.7411563992500305,0.4100773341487545
finetune,48,"biggrid50-goal(3,38)",24,"biggrid50-goal(15,17)",0.8561224341392517,0.37610605859710095
finetune,48,"biggrid50-goal(3,38)",25,"biggrid50-goal(15,24)",0.8476189374923706,0.2508358949863883
finetune,48,"biggrid50-goal(3,38)",26,"biggrid50-goal(21,38)",0.8411563634872437,0.28043100361761797
finetune,48,"biggrid50-goal(3,38)",27,"biggrid50-goal(33,17)",0.9139453768730164,0.5569167756403155
finetune,48,"biggrid50-goal(3,38)",28,"biggrid50-goal(27,17)",0.7697277665138245,0.12645085520526103
finetune,48,"biggrid50-goal(3,38)",29,"biggrid50-goal(3,3)",0.6683672666549683,0.031777355258399836
finetune,48,"biggrid50-goal(3,38)",30,"biggrid50-goal(9,10)",0.9003399610519409,0.5986295940753372
finetune,48,"biggrid50-goal(3,38)",31,"biggrid50-goal(46,17)",0.7877550721168518,0.17131488474695156
finetune,48,"biggrid50-goal(3,38)",32,"biggrid50-goal(40,10)",0.6649659872055054,-0.00818846032086252
finetune,48,"biggrid50-goal(3,38)",33,"biggrid50-goal(46,38)",0.8030612468719482,0.4421966493820679
finetune,48,"biggrid50-goal(3,38)",34,"biggrid50-goal(27,31)",0.8823128342628479,0.3333332207851318
finetune,48,"biggrid50-goal(3,38)",35,"biggrid50-goal(21,31)",0.831292450428009,0.2801159467765941
finetune,48,"biggrid50-goal(3,38)",36,"biggrid50-goal(46,10)",0.802040696144104,0.4024636903611731
finetune,48,"biggrid50-goal(3,38)",37,"biggrid50-goal(9,17)",0.8170067667961121,0.23470827169064448
finetune,48,"biggrid50-goal(3,38)",38,"biggrid50-goal(33,24)",0.8462585210800171,0.247920182597063
finetune,48,"biggrid50-goal(3,38)",39,"biggrid50-goal(40,17)",0.7867346405982971,0.0965420123231906
finetune,48,"biggrid50-goal(3,38)",40,"biggrid50-goal(40,38)",0.6591836810112,0.03281849657246289
finetune,48,"biggrid50-goal(3,38)",41,"biggrid50-goal(33,38)",0.8078230619430542,0.35649171772443294
finetune,48,"biggrid50-goal(3,38)",42,"biggrid50-goal(9,45)",0.941156268119812,0.8308889995472599
finetune,48,"biggrid50-goal(3,38)",43,"biggrid50-goal(9,38)",0.8843536972999573,0.6450939048591486
finetune,48,"biggrid50-goal(3,38)",44,"biggrid50-goal(9,3)",0.6574829816818237,0.050000090925186924
finetune,48,"biggrid50-goal(3,38)",45,"biggrid50-goal(40,24)",0.7925169467926025,0.11976875706924721
finetune,48,"biggrid50-goal(3,38)",46,"biggrid50-goal(33,31)",0.8636054396629333,0.360446540216065
finetune,48,"biggrid50-goal(3,38)",47,"biggrid50-goal(46,45)",0.6884353756904602,0.1710408148280538
finetune,48,"biggrid50-goal(3,38)",48,"biggrid50-goal(3,38)",0.9778909683227539,0.9360230816954104
finetune,49,"biggrid50-goal(46,3)",0,"biggrid50-goal(40,31)",0.8554420471191406,0.5641021216879181
finetune,49,"biggrid50-goal(46,3)",1,"biggrid50-goal(9,31)",0.8911563754081726,0.5076919883243212
finetune,49,"biggrid50-goal(46,3)",2,"biggrid50-goal(15,31)",0.8265305161476135,0.2499994845950618
finetune,49,"biggrid50-goal(46,3)",3,"biggrid50-goal(9,24)",0.9540815949440002,0.7738691594052135
finetune,49,"biggrid50-goal(46,3)",4,"biggrid50-goal(21,17)",0.7775508761405945,0.1995098922406397
finetune,49,"biggrid50-goal(46,3)",5,"biggrid50-goal(27,3)",0.726190447807312,0.009839822408567636
finetune,49,"biggrid50-goal(46,3)",6,"biggrid50-goal(3,31)",0.8863943815231323,0.6293002027194317
finetune,49,"biggrid50-goal(46,3)",7,"biggrid50-goal(33,10)",0.9146257042884827,0.47379370746262517
finetune,49,"biggrid50-goal(46,3)",8,"biggrid50-goal(27,45)",0.6639455556869507,0.05904742131911583
finetune,49,"biggrid50-goal(46,3)",9,"biggrid50-goal(21,45)",0.8251699209213257,0.3988299864995289
finetune,49,"biggrid50-goal(46,3)",10,"biggrid50-goal(33,3)",0.8948978781700134,0.3439489095089628
finetune,49,"biggrid50-goal(46,3)",11,"biggrid50-goal(21,24)",0.855102002620697,0.35060981880806913
finetune,49,"biggrid50-goal(46,3)",12,"biggrid50-goal(21,3)",0.9598637819290161,0.865142305995391
finetune,49,"biggrid50-goal(46,3)",13,"biggrid50-goal(3,17)",0.8530610799789429,0.44258016726036425
finetune,49,"biggrid50-goal(46,3)",14,"biggrid50-goal(15,45)",0.8003401160240173,0.22864627385023004
finetune,49,"biggrid50-goal(46,3)",15,"biggrid50-goal(3,24)",0.9037414789199829,0.6170500750391676
finetune,49,"biggrid50-goal(46,3)",16,"biggrid50-goal(3,10)",0.7037414908409119,0.13160506704195135
finetune,49,"biggrid50-goal(46,3)",17,"biggrid50-goal(46,31)",0.6850339770317078,0.011739612214268683
finetune,49,"biggrid50-goal(46,3)",18,"biggrid50-goal(46,24)",0.8724488615989685,0.57579147353852
finetune,49,"biggrid50-goal(46,3)",19,"biggrid50-goal(3,45)",0.7459182739257812,0.3738472579935833
finetune,49,"biggrid50-goal(46,3)",20,"biggrid50-goal(21,10)",0.7323129177093506,-0.008974414852245446
finetune,49,"biggrid50-goal(46,3)",21,"biggrid50-goal(40,3)",0.9952380061149597,0.9855069755831912
finetune,49,"biggrid50-goal(46,3)",22,"biggrid50-goal(15,38)",0.8486394286155701,0.32575749127661685
finetune,49,"biggrid50-goal(46,3)",23,"biggrid50-goal(40,45)",0.6350340247154236,0.1682170219350015
finetune,49,"biggrid50-goal(46,3)",24,"biggrid50-goal(15,17)",0.9217685461044312,0.6607662228604526
finetune,49,"biggrid50-goal(46,3)",25,"biggrid50-goal(15,24)",0.8636054992675781,0.329432001664464
finetune,49,"biggrid50-goal(46,3)",26,"biggrid50-goal(21,38)",0.7996598482131958,0.09244987636160194
finetune,49,"biggrid50-goal(46,3)",27,"biggrid50-goal(33,17)",0.9346937537193298,0.6637472674748874
finetune,49,"biggrid50-goal(46,3)",28,"biggrid50-goal(27,17)",0.7884352803230286,0.19741873718503564
finetune,49,"biggrid50-goal(46,3)",29,"biggrid50-goal(3,3)",0.7452380657196045,0.2562064929464671
finetune,49,"biggrid50-goal(46,3)",30,"biggrid50-goal(9,10)",0.9751699566841125,0.8999995919124734
finetune,49,"biggrid50-goal(46,3)",31,"biggrid50-goal(46,17)",0.8891155123710632,0.5670646864119647
finetune,49,"biggrid50-goal(46,3)",32,"biggrid50-goal(40,10)",0.6727891564369202,0.015353116477453618
finetune,49,"biggrid50-goal(46,3)",33,"biggrid50-goal(46,38)",0.8108842372894287,0.4643542501458203
finetune,49,"biggrid50-goal(46,3)",34,"biggrid50-goal(27,31)",0.8425169587135315,0.10790007340393708
finetune,49,"biggrid50-goal(46,3)",35,"biggrid50-goal(21,31)",0.8132652044296265,0.2031927329032678
finetune,49,"biggrid50-goal(46,3)",36,"biggrid50-goal(46,10)",0.9676868915557861,0.9024635104457117
finetune,49,"biggrid50-goal(46,3)",37,"biggrid50-goal(9,17)",0.8894557356834412,0.5376954130361355
finetune,49,"biggrid50-goal(46,3)",38,"biggrid50-goal(33,24)",0.8153060674667358,0.09650551021860097
finetune,49,"biggrid50-goal(46,3)",39,"biggrid50-goal(40,17)",0.9513604044914246,0.793947637802632
finetune,49,"biggrid50-goal(46,3)",40,"biggrid50-goal(40,38)",0.6690475940704346,0.060810683949566055
finetune,49,"biggrid50-goal(46,3)",41,"biggrid50-goal(33,38)",0.7462584376335144,0.15034135421602296
finetune,49,"biggrid50-goal(46,3)",42,"biggrid50-goal(9,45)",0.8071428537368774,0.445747849313447
finetune,49,"biggrid50-goal(46,3)",43,"biggrid50-goal(9,38)",0.7629250884056091,0.2724425323992937
finetune,49,"biggrid50-goal(46,3)",44,"biggrid50-goal(9,3)",0.6693877577781677,0.08301899394091086
finetune,49,"biggrid50-goal(46,3)",45,"biggrid50-goal(40,24)",0.8710883259773254,0.4531019218237665
finetune,49,"biggrid50-goal(46,3)",46,"biggrid50-goal(33,31)",0.8129251003265381,0.1228066645090355
finetune,49,"biggrid50-goal(46,3)",47,"biggrid50-goal(46,45)",0.6421768069267273,0.047963730725247525
finetune,49,"biggrid50-goal(46,3)",48,"biggrid50-goal(3,38)",0.7581632137298584,0.30019674565066545
finetune,49,"biggrid50-goal(46,3)",49,"biggrid50-goal(46,3)",0.8425168991088867,0.5365362587553041
