method,task,task_name,phase,iter,frames_total,raw,normalized
finetune,0,"biggrid50-goal(40,31)",task1,10,10240,0.7867346405982971,0.3569228407842596
finetune,0,"biggrid50-goal(40,31)",task1,20,20480,0.8285714387893677,0.4830768932139345
finetune,0,"biggrid50-goal(40,31)",task1,30,30720,0.8285714387893677,0.4830768932139345
finetune,0,"biggrid50-goal(40,31)",task1,40,40960,0.8285714387893677,0.4830768932139345
finetune,0,"biggrid50-goal(40,31)",task1,50,51200,0.8285714387893677,0.4830768932139345
finetune,0,"biggrid50-goal(40,31)",task1,60,61440,0.8285714387893677,0.4830768932139345
finetune,0,"biggrid50-goal(40,31)",task1,70,71680,0.8285714387893677,0.4830768932139345
finetune,0,"biggrid50-goal(40,31)",task1,80,81920,0.8316326141357422,0.49230751534183387
finetune,0,"biggrid50-goal(40,31)",task1,90,92160,0.8336734771728516,0.4984615030683668
finetune,0,"biggrid50-goal(40,31)",task1,100,102400,0.8346937894821167,0.5015381374697333
finetune,0,"biggrid50-goal(40,31)",task1,110,112640,0.8346937894821167,0.5015381374697333
finetune,0,"biggrid50-goal(40,31)",task1,120,122880,0.8346937894821167,0.5015381374697333
finetune,0,"biggrid50-goal(40,31)",task1,130,133120,0.8346937894821167,0.5015381374697333
finetune,0,"biggrid50-goal(40,31)",task1,140,143360,0.8091837167739868,0.4246154476594717
finetune,0,"biggrid50-goal(40,31)",task1,150,153600,0.8244897723197937,0.47076909749181867
finetune,0,"biggrid50-goal(40,31)",task1,160,163840,0.7806122303009033,0.3384614167975108
finetune,0,"biggrid50-goal(40,31)",task1,170,174080,0.8265306353569031,0.47692308521835153
finetune,0,"biggrid50-goal(40,31)",task1,180,184320,0.8448978662490845,0.5323073571785979
finetune,0,"biggrid50-goal(40,31)",task1,190,194560,0.8367345929145813,0.5076919454653163
finetune,0,"biggrid50-goal(40,31)",task1,200,204800,0.8357142210006714,0.5046151313329997
finetune,0,"biggrid50-goal(40,31)",task1,210,215040,0.8306121826171875,0.48923052147856744
finetune,0,"biggrid50-goal(40,31)",task1,220,225280,0.9183672070503235,0.7538457031362332
finetune,0,"biggrid50-goal(40,31)",task1,230,235520,0.8020407557487488,0.4030766703475565
finetune,0,"biggrid50-goal(40,31)",task1,240,245760,0.851020336151123,0.5507689608962967
finetune,0,"biggrid50-goal(40,31)",task1,250,256000,0.9479590654373169,0.8430765481305106
finetune,0,"biggrid50-goal(40,31)",task1,260,266240,0.9224488139152527,0.766153319127399
finetune,0,"biggrid50-goal(40,31)",task1,270,276480,0.9479590654373169,0.8430765481305106
finetune,0,"biggrid50-goal(40,31)",task1,280,286720,0.938775360584259,0.8153841425539624
finetune,0,"biggrid50-goal(40,31)",task1,290,296960,0.9367345571517944,0.8092303345583794
finetune,0,"biggrid50-goal(40,31)",task1,300,307200,0.9132652282714844,0.7384612730127509
finetune,1,"biggrid50-goal(9,31)",finetune,10,317440,0.8795917630195618,0.4553843648673896
finetune,1,"biggrid50-goal(9,31)",finetune,20,327680,0.911224365234375,0.598461036182796
finetune,1,"biggrid50-goal(9,31)",finetune,30,337920,0.8928570747375488,0.5153843810431707
finetune,1,"biggrid50-goal(9,31)",finetune,40,348160,0.8897958993911743,0.5015384515841347
finetune,1,"biggrid50-goal(9,31)",finetune,50,358400,0.8897958993911743,0.5015384515841347
finetune,1,"biggrid50-goal(9,31)",finetune,60,368640,0.8846938014030457,0.47846127342758604
finetune,1,"biggrid50-goal(9,31)",finetune,70,378880,0.9132652282714844,0.6076920152839564
finetune,1,"biggrid50-goal(9,31)",finetune,80,389120,0.8979590535163879,0.5384610200070149
finetune,1,"biggrid50-goal(9,31)",finetune,90,399360,0.8867346048355103,0.48769198293239413
finetune,1,"biggrid50-goal(9,31)",finetune,100,409600,0.9122449159622192,0.6030770649260807
finetune,1,"biggrid50-goal(9,31)",finetune,110,419840,0.9122447967529297,0.6030765257333762
finetune,1,"biggrid50-goal(9,31)",finetune,120,430080,0.9214285016059875,0.6446151228995411
finetune,1,"biggrid50-goal(9,31)",finetune,130,440320,0.9051019549369812,0.5707689076683717
finetune,1,"biggrid50-goal(9,31)",finetune,140,450560,0.9091836214065552,0.5892305962743402
finetune,1,"biggrid50-goal(9,31)",finetune,150,460800,0.9204081296920776,0.6399999029453132
finetune,2,"biggrid50-goal(15,31)",finetune,10,471040,0.9275509715080261,0.6867644527275745
finetune,2,"biggrid50-goal(15,31)",finetune,20,481280,0.8816326260566711,0.48823510917822804
finetune,2,"biggrid50-goal(15,31)",finetune,30,491520,0.901020348072052,0.5720585067069645
finetune,2,"biggrid50-goal(15,31)",finetune,40,501760,0.9112244844436646,0.6161763963092883
finetune,2,"biggrid50-goal(15,31)",finetune,50,512000,0.8744897842407227,0.4573528183888235
finetune,2,"biggrid50-goal(15,31)",finetune,60,522240,0.9591835737228394,0.8235289569956428
finetune,2,"biggrid50-goal(15,31)",finetune,70,532480,0.9163264036178589,0.6382346968542775
finetune,2,"biggrid50-goal(15,31)",finetune,80,542720,0.9173468351364136,0.6426465631252506
finetune,2,"biggrid50-goal(15,31)",finetune,90,552960,0.9173468351364136,0.6426465631252506
finetune,2,"biggrid50-goal(15,31)",finetune,100,563200,0.9316326379776001,0.7044116601089978
finetune,2,"biggrid50-goal(15,31)",finetune,110,573440,0.9397958517074585,0.7397055594669064
finetune,2,"biggrid50-goal(15,31)",finetune,120,583680,0.9591835737228394,0.8235289569956428
finetune,2,"biggrid50-goal(15,31)",finetune,130,593920,0.9999998807907104,0.9999994845950618
finetune,2,"biggrid50-goal(15,31)",finetune,140,604160,0.9581632614135742,0.8191176061296078
finetune,2,"biggrid50-goal(15,31)",finetune,150,614400,0.9999998807907104,0.9999994845950618
finetune,3,"biggrid50-goal(9,24)",finetune,10,624640,0.9561222791671753,0.7839187601744979
finetune,3,"biggrid50-goal(9,24)",finetune,20,634880,0.9459182024002075,0.7336675274935262
finetune,3,"biggrid50-goal(9,24)",finetune,30,645120,0.938775360584259,0.6984917233229286
finetune,3,"biggrid50-goal(9,24)",finetune,40,655360,0.9010204076766968,0.5125628081702429
finetune,3,"biggrid50-goal(9,24)",finetune,50,665600,0.8979591131210327,0.49748708612945514
finetune,3,"biggrid50-goal(9,24)",finetune,60,675840,0.9336735010147095,0.6733669875736835
finetune,3,"biggrid50-goal(9,24)",finetune,70,686080,0.9295917749404907,0.6532660248526331
finetune,3,"biggrid50-goal(9,24)",finetune,80,696320,0.9295916557312012,0.6532654377918059
finetune,3,"biggrid50-goal(9,24)",finetune,90,706560,0.9673468470573425,0.8391955270661459
finetune,3,"biggrid50-goal(9,24)",finetune,100,716800,0.9632651209831238,0.8190945643450955
finetune,3,"biggrid50-goal(9,24)",finetune,110,727040,0.9591835141181946,0.7989941886848722
finetune,3,"biggrid50-goal(9,24)",finetune,120,737280,0.9418365359306335,0.7135668583028894
finetune,3,"biggrid50-goal(9,24)",finetune,130,747520,0.9530611038208008,0.7688436251945373
finetune,3,"biggrid50-goal(9,24)",finetune,140,757760,0.9448979496955872,0.7286431674045043
finetune,3,"biggrid50-goal(9,24)",finetune,150,768000,0.9581631422042847,0.7939692415350231
finetune,4,"biggrid50-goal(21,17)",finetune,10,778240,0.7704081535339355,0.17380658224372833
finetune,4,"biggrid50-goal(21,17)",finetune,20,788480,0.8142856359481812,0.33170107072994953
finetune,4,"biggrid50-goal(21,17)",finetune,30,798720,0.8051020503044128,0.2986536514636741
finetune,4,"biggrid50-goal(21,17)",finetune,40,808960,0.8183673024177551,0.34638907477950515
finetune,4,"biggrid50-goal(21,17)",finetune,50,819200,0.8357142210006714,0.40881250214489173
finetune,4,"biggrid50-goal(21,17)",finetune,60,829440,0.8183673024177551,0.34638907477950515
finetune,4,"biggrid50-goal(21,17)",finetune,70,839680,0.7948979139328003,0.26193374858437146
finetune,4,"biggrid50-goal(21,17)",finetune,80,849920,0.7897958755493164,0.24357390438930643
finetune,4,"biggrid50-goal(21,17)",finetune,90,860160,0.8091835975646973,0.3133412265348845
finetune,4,"biggrid50-goal(21,17)",finetune,100,870400,0.8153060674667358,0.3353731253646316
finetune,4,"biggrid50-goal(21,17)",finetune,110,880640,0.8091837167739868,0.3133416555132297
finetune,4,"biggrid50-goal(21,17)",finetune,120,890880,0.8091837167739868,0.3133416555132297
finetune,4,"biggrid50-goal(21,17)",finetune,130,901120,0.7989795804023743,0.276621752633927
finetune,4,"biggrid50-goal(21,17)",finetune,140,911360,0.8142856359481812,0.33170107072994953
finetune,4,"biggrid50-goal(21,17)",finetune,150,921600,0.8244897723197937,0.3684209736092522
finetune,4,"biggrid50-goal(21,17)",finetune,160,931840,0.8367346525192261,0.41248455677957374
finetune,4,"biggrid50-goal(21,17)",finetune,170,942080,0.8367346525192261,0.41248455677957374
finetune,4,"biggrid50-goal(21,17)",finetune,180,952320,0.8265305757522583,0.3757648683894437
finetune,4,"biggrid50-goal(21,17)",finetune,190,962560,0.8183673024177551,0.34638907477950515
finetune,4,"biggrid50-goal(21,17)",finetune,200,972800,0.7948979139328003,0.26193374858437146
finetune,4,"biggrid50-goal(21,17)",finetune,210,983040,0.8091837167739868,0.3133416555132297
finetune,4,"biggrid50-goal(21,17)",finetune,220,993280,0.8316326141357422,0.3941247125845087
finetune,4,"biggrid50-goal(21,17)",finetune,230,1003520,0.8357142210006714,0.40881250214489173
finetune,4,"biggrid50-goal(21,17)",finetune,240,1013760,0.7989795207977295,0.27662153814475443
finetune,4,"biggrid50-goal(21,17)",finetune,250,1024000,0.8397958874702454,0.4235005061944473
finetune,4,"biggrid50-goal(21,17)",finetune,260,1034240,0.8316326141357422,0.3941247125845087
finetune,4,"biggrid50-goal(21,17)",finetune,270,1044480,0.8051020503044128,0.2986536514636741
finetune,4,"biggrid50-goal(21,17)",finetune,280,1054720,0.8397958874702454,0.4235005061944473
finetune,4,"biggrid50-goal(21,17)",finetune,290,1064960,0.8397958874702454,0.4235005061944473
finetune,4,"biggrid50-goal(21,17)",finetune,300,1075200,0.8357142210006714,0.40881250214489173
finetune,4,"biggrid50-goal(21,17)",finetune,310,1085440,0.8071428537368774,0.3059975462438656
finetune,4,"biggrid50-goal(21,17)",finetune,320,1095680,0.827551007270813,0.37943692302412574
finetune,4,"biggrid50-goal(21,17)",finetune,330,1105920,0.827551007270813,0.37943692302412574
finetune,4,"biggrid50-goal(21,17)",finetune,340,1116160,0.8326530456542969,0.39779676721919077
finetune,4,"biggrid50-goal(21,17)",finetune,350,1126400,0.8336734771728516,0.40146882185387284
finetune,4,"biggrid50-goal(21,17)",finetune,360,1136640,0.8326530456542969,0.39779676721919077
finetune,4,"biggrid50-goal(21,17)",finetune,370,1146880,0.8367346525192261,0.41248455677957374
finetune,4,"biggrid50-goal(21,17)",finetune,380,1157120,0.8367346525192261,0.41248455677957374
finetune,4,"biggrid50-goal(21,17)",finetune,390,1167360,0.8367346525192261,0.41248455677957374
finetune,4,"biggrid50-goal(21,17)",finetune,400,1177600,0.8173469305038452,0.34271723463399567
finetune,4,"biggrid50-goal(21,17)",finetune,410,1187840,0.8744896650314331,0.5483471464360479
finetune,4,"biggrid50-goal(21,17)",finetune,420,1198080,0.8357142210006714,0.40881250214489173
finetune,4,"biggrid50-goal(21,17)",finetune,430,1208320,0.8520407676696777,0.46756408936476884
finetune,4,"biggrid50-goal(21,17)",finetune,440,1218560,0.8520407676696777,0.46756408936476884
finetune,4,"biggrid50-goal(21,17)",finetune,450,1228800,0.8357142210006714,0.40881250214489173
finetune,4,"biggrid50-goal(21,17)",finetune,460,1239040,0.8357142210006714,0.40881250214489173
finetune,4,"biggrid50-goal(21,17)",finetune,470,1249280,0.8357142210006714,0.40881250214489173
finetune,4,"biggrid50-goal(21,17)",finetune,480,1259520,0.8030611872673035,0.29130954219431004
finetune,4,"biggrid50-goal(21,17)",finetune,490,1269760,0.8357142210006714,0.40881250214489173
finetune,4,"biggrid50-goal(21,17)",finetune,500,1280000,0.8806121945381165,0.5703792597549676
finetune,5,"biggrid50-goal(27,3)",finetune,10,1290240,0.7897958755493164,0.23985211060106096
finetune,5,"biggrid50-goal(27,3)",finetune,20,1300480,0.7999999523162842,0.27675246846961027
finetune,5,"biggrid50-goal(27,3)",finetune,30,1310720,0.8010204434394836,0.2804428060187787
finetune,5,"biggrid50-goal(27,3)",finetune,40,1320960,0.8204081654548645,0.3505533997512185
finetune,5,"biggrid50-goal(27,3)",finetune,50,1331200,0.823469340801239,0.36162333467617563
finetune,5,"biggrid50-goal(27,3)",finetune,60,1341440,0.7775509357452393,0.19557150872319407
finetune,5,"biggrid50-goal(27,3)",finetune,70,1351680,0.778571367263794,0.19926163072785286
finetune,5,"biggrid50-goal(27,3)",finetune,80,1361920,0.8173468708992004,0.3394830337372422
finetune,5,"biggrid50-goal(27,3)",finetune,90,1372160,0.7918366193771362,0.24723192352135928
finetune,5,"biggrid50-goal(27,3)",finetune,100,1382400,0.7918366193771362,0.24723192352135928
finetune,5,"biggrid50-goal(27,3)",finetune,110,1392640,0.7938774824142456,0.25461216753067684
finetune,5,"biggrid50-goal(27,3)",finetune,120,1402880,0.787755012512207,0.2324718665917434
finetune,5,"biggrid50-goal(27,3)",finetune,130,1413120,0.8112243413925171,0.31734251725379914
finetune,5,"biggrid50-goal(27,3)",finetune,140,1423360,0.7857142686843872,0.22509205367144508
finetune,5,"biggrid50-goal(27,3)",finetune,150,1433600,0.7846938967704773,0.22140214721129592
finetune,5,"biggrid50-goal(27,3)",finetune,160,1443840,0.8010203242301941,0.28044237492975943
finetune,5,"biggrid50-goal(27,3)",finetune,170,1454080,0.8214284777641296,0.35424309066685805
finetune,5,"biggrid50-goal(27,3)",finetune,180,1464320,0.8275508880615234,0.3763831760612819
finetune,5,"biggrid50-goal(27,3)",finetune,190,1474560,0.8785713315010071,0.5608851809485381
finetune,5,"biggrid50-goal(27,3)",finetune,200,1484800,0.8693876266479492,0.5276747295401379
finetune,5,"biggrid50-goal(27,3)",finetune,210,1495040,0.8642855882644653,0.5092245506058632
finetune,5,"biggrid50-goal(27,3)",finetune,220,1505280,0.8867346048355103,0.5904055103522795
finetune,5,"biggrid50-goal(27,3)",finetune,230,1515520,0.8693876266479492,0.5276747295401379
finetune,5,"biggrid50-goal(27,3)",finetune,240,1525760,0.8397958874702454,0.4206639934836584
finetune,5,"biggrid50-goal(27,3)",finetune,250,1536000,0.8479591608047485,0.4501843228873998
finetune,5,"biggrid50-goal(27,3)",finetune,260,1546240,0.8979591131210327,0.6309959902254876
finetune,5,"biggrid50-goal(27,3)",finetune,270,1556480,0.8673467636108398,0.5202944855308204
finetune,5,"biggrid50-goal(27,3)",finetune,280,1566720,0.8367345929145813,0.40959362746968203
finetune,5,"biggrid50-goal(27,3)",finetune,290,1576960,0.8418366312980652,0.42804380640395673
finetune,5,"biggrid50-goal(27,3)",finetune,300,1587200,0.8397958874702454,0.4206639934836584
finetune,5,"biggrid50-goal(27,3)",finetune,310,1597440,0.8132652044296265,0.32472276126311667
finetune,5,"biggrid50-goal(27,3)",finetune,320,1607680,0.8530610799789429,0.4686340707326552
finetune,5,"biggrid50-goal(27,3)",finetune,330,1617920,0.8479591608047485,0.4501843228873998
finetune,5,"biggrid50-goal(27,3)",finetune,340,1628160,0.823469340801239,0.36162333467617563
finetune,5,"biggrid50-goal(27,3)",finetune,350,1638400,0.8979591131210327,0.6309959902254876
finetune,5,"biggrid50-goal(27,3)",finetune,360,1648640,0.8918366432189941,0.6088556892865541
finetune,5,"biggrid50-goal(27,3)",finetune,370,1658880,0.8632652163505554,0.5055346441457141
finetune,5,"biggrid50-goal(27,3)",finetune,380,1669120,0.8520406484603882,0.4649439487279964
finetune,5,"biggrid50-goal(27,3)",finetune,390,1679360,0.8908162117004395,0.6051655672818954
finetune,5,"biggrid50-goal(27,3)",finetune,400,1689600,0.8693877458572388,0.5276751606291572
finetune,5,"biggrid50-goal(27,3)",finetune,410,1699840,0.8622447848320007,0.5018445221410553
finetune,5,"biggrid50-goal(27,3)",finetune,420,1710080,0.8581632375717163,0.4870846807559491
finetune,5,"biggrid50-goal(27,3)",finetune,430,1720320,0.8551019430160522,0.47601431474197275
finetune,5,"biggrid50-goal(27,3)",finetune,440,1730560,0.8928570747375488,0.6125458112912129
finetune,5,"biggrid50-goal(27,3)",finetune,450,1740800,0.9030610918998718,0.6494459536152526
finetune,6,"biggrid50-goal(3,31)",finetune,10,1751040,0.8591834902763367,0.5405099474111992
finetune,6,"biggrid50-goal(3,31)",finetune,20,1761280,0.9999998211860657,0.9999994165227909
finetune,6,"biggrid50-goal(3,31)",finetune,30,1771520,0.9999998807907104,0.999999611015194
finetune,6,"biggrid50-goal(3,31)",finetune,40,1781760,0.9999998807907104,0.999999611015194
finetune,6,"biggrid50-goal(3,31)",finetune,50,1792000,0.9622446894645691,0.8768028716414322
finetune,6,"biggrid50-goal(3,31)",finetune,60,1802240,0.9683672189712524,0.8967809367882186
finetune,6,"biggrid50-goal(3,31)",finetune,70,1812480,0.9275507926940918,0.7635952620872652
finetune,6,"biggrid50-goal(3,31)",finetune,80,1822720,0.9765304327011108,0.9234178383375257
finetune,6,"biggrid50-goal(3,31)",finetune,90,1832960,0.9724488258361816,0.9100993875628721
finetune,6,"biggrid50-goal(3,31)",finetune,100,1843200,0.971428394317627,0.9067696776230072
finetune,6,"biggrid50-goal(3,31)",finetune,110,1853440,0.9775508642196655,0.9267475482773905
finetune,6,"biggrid50-goal(3,31)",finetune,120,1863680,0.9999998807907104,0.999999611015194
finetune,6,"biggrid50-goal(3,31)",finetune,130,1873920,0.9775508642196655,0.9267475482773905
finetune,6,"biggrid50-goal(3,31)",finetune,140,1884160,0.9704079627990723,0.9034399676831423
finetune,6,"biggrid50-goal(3,31)",finetune,150,1894400,0.9918365478515625,0.9733623204810808
finetune,7,"biggrid50-goal(33,10)",finetune,10,1904640,0.8642856478691101,0.16352169603580874
finetune,7,"biggrid50-goal(33,10)",finetune,20,1914880,0.8979590535163879,0.3710684499514698
finetune,7,"biggrid50-goal(33,10)",finetune,30,1925120,0.9142855405807495,0.47169710119477537
finetune,7,"biggrid50-goal(33,10)",finetune,40,1935360,0.901020348072052,0.38993680423862004
finetune,7,"biggrid50-goal(33,10)",finetune,50,1945600,0.9132652282714844,0.465408384514724
finetune,7,"biggrid50-goal(33,10)",finetune,60,1955840,0.9459182620048523,0.6666660543758344
finetune,7,"biggrid50-goal(33,10)",finetune,70,1966080,0.9408161044120789,0.635218797230584
finetune,7,"biggrid50-goal(33,10)",finetune,80,1976320,0.9040815234184265,0.4088044237767715
finetune,7,"biggrid50-goal(33,10)",finetune,90,1986560,0.9724488258361816,0.8301877504116432
finetune,7,"biggrid50-goal(33,10)",finetune,100,1996800,0.9683672785758972,0.805031046818941
finetune,7,"biggrid50-goal(33,10)",finetune,110,2007040,0.938775360584259,0.6226406291214827
finetune,7,"biggrid50-goal(33,10)",finetune,120,2017280,0.9714285135269165,0.8238990337315918
finetune,7,"biggrid50-goal(33,10)",finetune,130,2027520,0.9622448086738586,0.7672950729936393
finetune,7,"biggrid50-goal(33,10)",finetune,140,2037760,0.9683672189712524,0.8050306794444416
finetune,7,"biggrid50-goal(33,10)",finetune,150,2048000,0.9673467874526978,0.7987412280153915
finetune,8,"biggrid50-goal(27,45)",finetune,10,2058240,0.7734693884849548,0.3657141970225616
finetune,8,"biggrid50-goal(27,45)",finetune,20,2068480,0.7775510549545288,0.3771428647722528
finetune,8,"biggrid50-goal(27,45)",finetune,30,2078720,0.7795917987823486,0.38285694830755446
finetune,8,"biggrid50-goal(27,45)",finetune,40,2088960,0.7857142686843872,0.3999998664855766
finetune,8,"biggrid50-goal(27,45)",finetune,50,2099200,0.8010204434394836,0.4428571619306319
finetune,8,"biggrid50-goal(27,45)",finetune,60,2109440,0.7775510549545288,0.3771428647722528
finetune,8,"biggrid50-goal(27,45)",finetune,70,2119680,0.7846938371658325,0.3971426578248965
finetune,8,"biggrid50-goal(27,45)",finetune,80,2129920,0.7826530337333679,0.39142840739656554
finetune,8,"biggrid50-goal(27,45)",finetune,90,2140160,0.7826530337333679,0.39142840739656554
finetune,8,"biggrid50-goal(27,45)",finetune,100,2150400,0.7846938371658325,0.3971426578248965
finetune,8,"biggrid50-goal(27,45)",finetune,110,2160640,0.7938774824142456,0.42285686819890045
finetune,8,"biggrid50-goal(27,45)",finetune,120,2170880,0.7836734056472778,0.3942854491642164
finetune,8,"biggrid50-goal(27,45)",finetune,130,2181120,0.7979591488838196,0.4342855359485916
finetune,8,"biggrid50-goal(27,45)",finetune,140,2191360,0.7806122303009033,0.3857141569682346
finetune,8,"biggrid50-goal(27,45)",finetune,150,2201600,0.7877550721168518,0.4057141169139076
finetune,8,"biggrid50-goal(27,45)",finetune,160,2211840,0.791836678981781,0.4171426177705695
finetune,8,"biggrid50-goal(27,45)",finetune,170,2222080,0.7867346405982971,0.40285690825322745
finetune,8,"biggrid50-goal(27,45)",finetune,180,2232320,0.8081632852554321,0.4628571218763049
finetune,8,"biggrid50-goal(27,45)",finetune,190,2242560,0.8081632852554321,0.4628571218763049
finetune,8,"biggrid50-goal(27,45)",finetune,200,2252800,0.8081632852554321,0.4628571218763049
finetune,8,"biggrid50-goal(27,45)",finetune,210,2263040,0.8081632852554321,0.4628571218763049
finetune,8,"biggrid50-goal(27,45)",finetune,220,2273280,0.8081632852554321,0.4628571218763049
finetune,8,"biggrid50-goal(27,45)",finetune,230,2283520,0.8204081654548645,0.4971427913393199
finetune,8,"biggrid50-goal(27,45)",finetune,240,2293760,0.7989795804023743,0.4371427446092717
finetune,8,"biggrid50-goal(27,45)",finetune,250,2304000,0.8030611872673035,0.44857124546593363
finetune,8,"biggrid50-goal(27,45)",finetune,260,2314240,0.7887755036354065,0.40857132557458764
finetune,8,"biggrid50-goal(27,45)",finetune,270,2324480,0.8132652044296265,0.4771424976075884
finetune,8,"biggrid50-goal(27,45)",finetune,280,2334720,0.8142856359481812,0.47999970626826854
finetune,8,"biggrid50-goal(27,45)",finetune,290,2344960,0.8163264989852905,0.48571412358962873
finetune,8,"biggrid50-goal(27,45)",finetune,300,2355200,0.8214285969734192,0.5
finetune,8,"biggrid50-goal(27,45)",finetune,310,2365440,0.8295918703079224,0.5228571686063531
finetune,8,"biggrid50-goal(27,45)",finetune,320,2375680,0.8479591608047485,0.5742855893543609
finetune,8,"biggrid50-goal(27,45)",finetune,330,2385920,0.8489795923233032,0.5771427980150411
finetune,8,"biggrid50-goal(27,45)",finetune,340,2396160,0.8438774943351746,0.5628569216046698
finetune,8,"biggrid50-goal(27,45)",finetune,350,2406400,0.8244897723197937,0.5085712921959818
finetune,8,"biggrid50-goal(27,45)",finetune,360,2416640,0.8183673024177551,0.4914283740179597
finetune,8,"biggrid50-goal(27,45)",finetune,370,2426880,0.8306121826171875,0.5257140434809747
finetune,8,"biggrid50-goal(27,45)",finetune,380,2437120,0.8428570628166199,0.5599997129439896
finetune,8,"biggrid50-goal(27,45)",finetune,390,2447360,0.8346937894821167,0.5371425443376366
finetune,8,"biggrid50-goal(27,45)",finetune,400,2457600,0.8285714387893677,0.5199999599456729
finetune,8,"biggrid50-goal(27,45)",finetune,410,2467840,0.8285714387893677,0.5199999599456729
finetune,8,"biggrid50-goal(27,45)",finetune,420,2478080,0.8255101442337036,0.5114283339636326
finetune,8,"biggrid50-goal(27,45)",finetune,430,2488320,0.8459182977676392,0.5685711720330008
finetune,8,"biggrid50-goal(27,45)",finetune,440,2498560,0.8785713911056519,0.6599998464584131
finetune,8,"biggrid50-goal(27,45)",finetune,450,2508800,0.8571428060531616,0.5999997997283649
finetune,8,"biggrid50-goal(27,45)",finetune,460,2519040,0.8571428060531616,0.5999997997283649
finetune,8,"biggrid50-goal(27,45)",finetune,470,2529280,0.8571428060531616,0.5999997997283649
finetune,8,"biggrid50-goal(27,45)",finetune,480,2539520,0.8561223745346069,0.5971425910676849
finetune,8,"biggrid50-goal(27,45)",finetune,490,2549760,0.8561223745346069,0.5971425910676849
finetune,8,"biggrid50-goal(27,45)",finetune,500,2560000,0.8224490284919739,0.5028572086606801
finetune,9,"biggrid50-goal(21,45)",finetune,10,2570240,0.8806121945381165,0.5894735677090539
finetune,9,"biggrid50-goal(21,45)",finetune,20,2580480,0.8693877458572388,0.5508772231865415
finetune,9,"biggrid50-goal(21,45)",finetune,30,2590720,0.8051019906997681,0.3298244815784258
finetune,9,"biggrid50-goal(21,45)",finetune,40,2600960,0.8071428537368774,0.3368421850882409
finetune,9,"biggrid50-goal(21,45)",finetune,50,2611200,0.7826529741287231,0.252631382620813
finetune,9,"biggrid50-goal(21,45)",finetune,60,2621440,0.7989794611930847,0.3087715760052748
finetune,9,"biggrid50-goal(21,45)",finetune,70,2631680,0.7540816068649292,0.15438599295893146
finetune,9,"biggrid50-goal(21,45)",finetune,80,2641920,0.760204017162323,0.17543848861949435
finetune,9,"biggrid50-goal(21,45)",finetune,90,2652160,0.7591837048530579,0.171930046777175
finetune,9,"biggrid50-goal(21,45)",finetune,100,2662400,0.7561224102973938,0.16140349151245242
finetune,9,"biggrid50-goal(21,45)",finetune,110,2672640,0.7632652521133423,0.18596483892792282
finetune,9,"biggrid50-goal(21,45)",finetune,120,2682880,0.7785714268684387,0.2385965904700652
finetune,9,"biggrid50-goal(21,45)",finetune,130,2693120,0.7683672904968262,0.20350868778987224
finetune,9,"biggrid50-goal(21,45)",finetune,140,2703360,0.8071427345275879,0.33684177517565267
finetune,9,"biggrid50-goal(21,45)",finetune,150,2713600,0.7938774824142456,0.2912279320996194
finetune,9,"biggrid50-goal(21,45)",finetune,160,2723840,0.8040815591812134,0.3263156298235183
finetune,9,"biggrid50-goal(21,45)",finetune,170,2734080,0.810204029083252,0.34736833044037524
finetune,9,"biggrid50-goal(21,45)",finetune,180,2744320,0.7724489569664001,0.21754388985320824
finetune,9,"biggrid50-goal(21,45)",finetune,190,2754560,0.8755100965499878,0.5719295138908104
finetune,9,"biggrid50-goal(21,45)",finetune,200,2764800,0.9551018476486206,0.8456133921721862
finetune,9,"biggrid50-goal(21,45)",finetune,210,2775040,0.9530609846115112,0.8385956886623712
finetune,9,"biggrid50-goal(21,45)",finetune,220,2785280,0.9142855405807495,0.7052626012765908
finetune,9,"biggrid50-goal(21,45)",finetune,230,2795520,0.9051019549369812,0.6736839602638935
finetune,9,"biggrid50-goal(21,45)",finetune,240,2805760,0.8561223149299622,0.505262765241626
finetune,9,"biggrid50-goal(21,45)",finetune,250,2816000,0.8142856359481812,0.36140332754741716
finetune,9,"biggrid50-goal(21,45)",finetune,260,2826240,0.8224489092826843,0.38947352671779506
finetune,9,"biggrid50-goal(21,45)",finetune,270,2836480,0.8999997973442078,0.6561397014893559
finetune,9,"biggrid50-goal(21,45)",finetune,280,2846720,0.8540815114974976,0.4982452666881051
finetune,9,"biggrid50-goal(21,45)",finetune,290,2856960,0.8846938014030457,0.6035085648160958
finetune,9,"biggrid50-goal(21,45)",finetune,300,2867200,0.8816326260566711,0.5929824194639614
finetune,9,"biggrid50-goal(21,45)",finetune,310,2877440,0.9183672666549683,0.7192980082962209
finetune,9,"biggrid50-goal(21,45)",finetune,320,2887680,0.9408162236213684,0.7964909022975396
finetune,9,"biggrid50-goal(21,45)",finetune,330,2897920,0.9408162236213684,0.7964909022975396
finetune,9,"biggrid50-goal(21,45)",finetune,340,2908160,0.9632652401924133,0.8736840012551523
finetune,9,"biggrid50-goal(21,45)",finetune,350,2918400,0.9612244367599487,0.8666665027016314
finetune,9,"biggrid50-goal(21,45)",finetune,360,2928640,0.9622448086738586,0.8701751495002448
finetune,9,"biggrid50-goal(21,45)",finetune,370,2938880,0.938775360584259,0.7894731987877245
finetune,9,"biggrid50-goal(21,45)",finetune,380,2949120,0.9306120872497559,0.7614029996173466
finetune,9,"biggrid50-goal(21,45)",finetune,390,2959360,0.9183672666549683,0.7192980082962209
finetune,9,"biggrid50-goal(21,45)",finetune,400,2969600,0.9653059840202332,0.8807012948523792
finetune,10,"biggrid50-goal(33,3)",finetune,10,2979840,0.8306121826171875,-0.057324632224363604
finetune,10,"biggrid50-goal(33,3)",finetune,20,2990080,0.837755024433136,-0.012738765821607424
finetune,10,"biggrid50-goal(33,3)",finetune,30,3000320,0.8826529383659363,0.26751557047079744
finetune,10,"biggrid50-goal(33,3)",finetune,40,3010560,0.9183672070503235,0.49044527453883874
finetune,10,"biggrid50-goal(33,3)",finetune,50,3020800,0.9499999284744263,0.6878978190179256
finetune,10,"biggrid50-goal(33,3)",finetune,60,3031040,0.9540815353393555,0.7133753506611404
finetune,10,"biggrid50-goal(33,3)",finetune,70,3041280,0.9632652401924133,0.7707003549397644
finetune,10,"biggrid50-goal(33,3)",finetune,80,3051520,0.9642855525016785,0.7770691797691776
finetune,10,"biggrid50-goal(33,3)",finetune,90,3061760,0.9724489450454712,0.8280253592183884
finetune,10,"biggrid50-goal(33,3)",finetune,100,3072000,0.9867345094680786,0.91719634791538
finetune,10,"biggrid50-goal(33,3)",finetune,110,3082240,0.9877549409866333,0.9235659168533139
finetune,10,"biggrid50-goal(33,3)",finetune,120,3092480,0.9734692573547363,0.8343941840478015
finetune,10,"biggrid50-goal(33,3)",finetune,130,3102720,0.9653059840202332,0.7834387487071115
finetune,10,"biggrid50-goal(33,3)",finetune,140,3112960,0.9765305519104004,0.8535028908616032
finetune,10,"biggrid50-goal(33,3)",finetune,150,3123200,0.9724489450454712,0.8280253592183884
finetune,11,"biggrid50-goal(21,24)",finetune,10,3133440,0.8581631779670715,0.3643291058154572
finetune,11,"biggrid50-goal(21,24)",finetune,20,3143680,0.8918367624282837,0.515244201331966
finetune,11,"biggrid50-goal(21,24)",finetune,30,3153920,0.8806121945381165,0.4649389914061454
finetune,11,"biggrid50-goal(21,24)",finetune,40,3164160,0.8683673143386841,0.41006104198516413
finetune,11,"biggrid50-goal(21,24)",finetune,50,3174400,0.873469352722168,0.43292687650477935
finetune,11,"biggrid50-goal(21,24)",finetune,60,3184640,0.8673468828201294,0.40548776822905047
finetune,11,"biggrid50-goal(21,24)",finetune,70,3194880,0.8714284896850586,0.42378032899255214
finetune,11,"biggrid50-goal(21,24)",finetune,80,3205120,0.8816325068473816,0.46951173090130627
finetune,11,"biggrid50-goal(21,24)",finetune,90,3215360,0.8897957801818848,0.5060971195587859
finetune,11,"biggrid50-goal(21,24)",finetune,100,3225600,0.8918367624282837,0.515244201331966
finetune,11,"biggrid50-goal(21,24)",finetune,110,3235840,0.9122447967529297,0.6067070051494742
finetune,11,"biggrid50-goal(21,24)",finetune,120,3246080,0.8999999761581421,0.5518293228589692
finetune,11,"biggrid50-goal(21,24)",finetune,130,3256320,0.911224365234375,0.6021337313933606
finetune,11,"biggrid50-goal(21,24)",finetune,140,3266560,0.8928570747375488,0.5198169408271268
finetune,11,"biggrid50-goal(21,24)",finetune,150,3276800,0.8887754678726196,0.5015243800636251
finetune,12,"biggrid50-goal(21,3)",finetune,10,3287040,0.9999998807907104,0.9999995994567833
finetune,12,"biggrid50-goal(21,3)",finetune,20,3297280,0.9999998807907104,0.9999995994567833
finetune,12,"biggrid50-goal(21,3)",finetune,30,3307520,0.9999998807907104,0.9999995994567833
finetune,12,"biggrid50-goal(21,3)",finetune,40,3317760,0.9408162236213684,0.801142509471345
finetune,12,"biggrid50-goal(21,3)",finetune,50,3328000,0.9724487066268921,0.9074276533835187
finetune,12,"biggrid50-goal(21,3)",finetune,60,3338240,0.9673467874526978,0.8902852047947426
finetune,12,"biggrid50-goal(21,3)",finetune,70,3348480,0.9622446894645691,0.8731421553911415
finetune,12,"biggrid50-goal(21,3)",finetune,80,3358720,0.9663263559341431,0.8868565548597007
finetune,12,"biggrid50-goal(21,3)",finetune,90,3368960,0.9693875312805176,0.8971421041216098
finetune,12,"biggrid50-goal(21,3)",finetune,100,3379200,0.984693706035614,0.9485708517891965
finetune,12,"biggrid50-goal(21,3)",finetune,110,3389440,0.9744895696640015,0.9142849532536025
finetune,12,"biggrid50-goal(21,3)",finetune,120,3399680,0.9693875312805176,0.8971421041216098
finetune,12,"biggrid50-goal(21,3)",finetune,130,3409920,0.938775360584259,0.7942852096012613
finetune,12,"biggrid50-goal(21,3)",finetune,140,3420160,0.7755101919174194,0.24571423764909972
finetune,12,"biggrid50-goal(21,3)",finetune,150,3430400,0.777550995349884,0.25257133724757513
finetune,12,"biggrid50-goal(21,3)",finetune,160,3440640,0.9765304327011108,0.9211422531236864
finetune,12,"biggrid50-goal(21,3)",finetune,170,3450880,0.9744895696640015,0.9142849532536025
finetune,12,"biggrid50-goal(21,3)",finetune,180,3461120,0.9642855525016785,0.8799994552612252
finetune,12,"biggrid50-goal(21,3)",finetune,190,3471360,0.9765304327011108,0.9211422531236864
finetune,12,"biggrid50-goal(21,3)",finetune,200,3481600,0.9642855525016785,0.8799994552612252
finetune,12,"biggrid50-goal(21,3)",finetune,210,3491840,0.9663264155387878,0.8868567551313091
finetune,12,"biggrid50-goal(21,3)",finetune,220,3502080,0.9724488258361816,0.9074280539267354
finetune,12,"biggrid50-goal(21,3)",finetune,230,3512320,0.9724488258361816,0.9074280539267354
finetune,12,"biggrid50-goal(21,3)",finetune,240,3522560,0.9765304327011108,0.9211422531236864
finetune,12,"biggrid50-goal(21,3)",finetune,250,3532800,0.9826529622077942,0.9417139524623294
finetune,12,"biggrid50-goal(21,3)",finetune,260,3543040,0.9836732745170593,0.9451422018541547
finetune,12,"biggrid50-goal(21,3)",finetune,270,3553280,0.9826529622077942,0.9417139524623294
finetune,12,"biggrid50-goal(21,3)",finetune,280,3563520,0.9030610918998718,0.6742852656773116
finetune,12,"biggrid50-goal(21,3)",finetune,290,3573760,0.9173468351364136,0.7222853634098565
finetune,12,"biggrid50-goal(21,3)",finetune,300,3584000,0.9642855525016785,0.8799994552612252
finetune,13,"biggrid50-goal(3,17)",finetune,10,3594240,0.8010203242301941,0.24516106712709318
finetune,13,"biggrid50-goal(3,17)",finetune,20,3604480,0.8255101442337036,0.33806437258369915
finetune,13,"biggrid50-goal(3,17)",finetune,30,3614720,0.8561223745346069,0.45419333481964996
finetune,13,"biggrid50-goal(3,17)",finetune,40,3624960,0.810204029083252,0.27999989146572374
finetune,13,"biggrid50-goal(3,17)",finetune,50,3635200,0.8387754559516907,0.3883869681085596
finetune,13,"biggrid50-goal(3,17)",finetune,60,3645440,0.8653060793876648,0.4890321591582805
finetune,13,"biggrid50-goal(3,17)",finetune,70,3655680,0.8530611991882324,0.4425806194865153
finetune,13,"biggrid50-goal(3,17)",finetune,80,3665920,0.8428571820259094,0.40387119152094053
finetune,13,"biggrid50-goal(3,17)",finetune,90,3676160,0.8561223745346069,0.45419333481964996
finetune,13,"biggrid50-goal(3,17)",finetune,100,3686400,0.8581631779670715,0.4619352204127649
finetune,13,"biggrid50-goal(3,17)",finetune,110,3696640,0.8571428060531616,0.4580643906727452
finetune,13,"biggrid50-goal(3,17)",finetune,120,3706880,0.8765305280685425,0.5316126429769504
finetune,13,"biggrid50-goal(3,17)",finetune,130,3717120,0.8602040410041809,0.46967733211895535
finetune,13,"biggrid50-goal(3,17)",finetune,140,3727360,0.8346937894821167,0.37290297080925416
finetune,13,"biggrid50-goal(3,17)",finetune,150,3737600,0.8346937894821167,0.37290297080925416
finetune,13,"biggrid50-goal(3,17)",finetune,160,3747840,0.8581632375717163,0.46193544652584045
finetune,13,"biggrid50-goal(3,17)",finetune,170,3758080,0.8306121826171875,0.35741919962302426
finetune,13,"biggrid50-goal(3,17)",finetune,180,3768320,0.8357143402099609,0.37677447888850046
finetune,13,"biggrid50-goal(3,17)",finetune,190,3778560,0.8622449040412903,0.47741944382514584
finetune,13,"biggrid50-goal(3,17)",finetune,200,3788800,0.8489795923233032,0.4270968483002854
finetune,13,"biggrid50-goal(3,17)",finetune,210,3799040,0.8408163189888,0.3961290798147501
finetune,13,"biggrid50-goal(3,17)",finetune,220,3809280,0.8999999165534973,0.6206448925804612
finetune,13,"biggrid50-goal(3,17)",finetune,230,3819520,0.928571343421936,0.729031969223297
finetune,13,"biggrid50-goal(3,17)",finetune,240,3829760,0.911224365234375,0.6632253763991312
finetune,13,"biggrid50-goal(3,17)",finetune,250,3840000,0.911224365234375,0.6632253763991312
finetune,13,"biggrid50-goal(3,17)",finetune,260,3850240,0.9061223864555359,0.6438707754728816
finetune,13,"biggrid50-goal(3,17)",finetune,270,3860480,0.946938693523407,0.7987093917874827
finetune,13,"biggrid50-goal(3,17)",finetune,280,3870720,0.9091836214065552,0.6554837169190918
finetune,13,"biggrid50-goal(3,17)",finetune,290,3880960,0.9091836214065552,0.6554837169190918
finetune,13,"biggrid50-goal(3,17)",finetune,300,3891200,0.9377549886703491,0.7638705674488521
finetune,13,"biggrid50-goal(3,17)",finetune,310,3901440,0.9999998807907104,0.9999995477738489
finetune,13,"biggrid50-goal(3,17)",finetune,320,3911680,0.9408162236213684,0.7754835088950622
finetune,13,"biggrid50-goal(3,17)",finetune,330,3921920,0.9520405530929565,0.8180635404875812
finetune,13,"biggrid50-goal(3,17)",finetune,340,3932160,0.9346936941146851,0.7522573998895664
finetune,13,"biggrid50-goal(3,17)",finetune,350,3942400,0.9326529502868652,0.744515740409527
finetune,14,"biggrid50-goal(15,45)",finetune,10,3952640,0.8193877935409546,0.30223390064137917
finetune,14,"biggrid50-goal(15,45)",finetune,20,3962880,0.8469387292861938,0.4086724927251027
finetune,14,"biggrid50-goal(15,45)",finetune,30,3973120,0.8795917630195618,0.5348222166393831
finetune,14,"biggrid50-goal(15,45)",finetune,40,3983360,0.9244896769523621,0.7082780582374035
finetune,14,"biggrid50-goal(15,45)",finetune,50,3993600,0.9418366551399231,0.7752953077517004
finetune,14,"biggrid50-goal(15,45)",finetune,60,4003840,0.9295917749404907,0.7279891900679605
finetune,14,"biggrid50-goal(15,45)",finetune,70,4014080,0.8816326260566711,0.5427067614807747
finetune,14,"biggrid50-goal(15,45)",finetune,80,4024320,0.9193876385688782,0.6885671566797684
finetune,14,"biggrid50-goal(15,45)",finetune,90,4034560,0.9408162236213684,0.7713530353310046
finetune,14,"biggrid50-goal(15,45)",finetune,100,4044800,0.9214285016059875,0.6964517015211599
finetune,14,"biggrid50-goal(15,45)",finetune,110,4055040,0.9571428298950195,0.8344282426975276
finetune,14,"biggrid50-goal(15,45)",finetune,120,4065280,0.9581631422042847,0.8383700545723797
finetune,14,"biggrid50-goal(15,45)",finetune,130,4075520,0.9673468470573425,0.8738498155398761
finetune,14,"biggrid50-goal(15,45)",finetune,140,4085760,0.9653059840202332,0.8659652706984845
finetune,14,"biggrid50-goal(15,45)",finetune,150,4096000,0.95714271068573,0.834427782151684
finetune,15,"biggrid50-goal(3,24)",finetune,10,4106240,0.9367345571517944,0.7483080321668926
finetune,15,"biggrid50-goal(3,24)",finetune,20,4116480,0.9908161163330078,0.9634633119056534
finetune,15,"biggrid50-goal(3,24)",finetune,30,4126720,0.9918365478515625,0.9675229439161364
finetune,15,"biggrid50-goal(3,24)",finetune,40,4136960,0.994897723197937,0.9797013656915092
finetune,15,"biggrid50-goal(3,24)",finetune,50,4147200,0.994897723197937,0.9797013656915092
finetune,15,"biggrid50-goal(3,24)",finetune,60,4157440,0.9908161163330078,0.9634633119056534
finetune,15,"biggrid50-goal(3,24)",finetune,70,4167680,0.9785711169242859,0.9147484391639719
finetune,15,"biggrid50-goal(3,24)",finetune,80,4177920,0.9897956848144531,0.9594036798951704
finetune,15,"biggrid50-goal(3,24)",finetune,90,4188160,0.9918365478515625,0.9675229439161364
finetune,15,"biggrid50-goal(3,24)",finetune,100,4198400,0.9908161163330078,0.9634633119056534
finetune,15,"biggrid50-goal(3,24)",finetune,110,4208640,0.9928569793701172,0.9715825759266193
finetune,15,"biggrid50-goal(3,24)",finetune,120,4218880,0.9918365478515625,0.9675229439161364
finetune,15,"biggrid50-goal(3,24)",finetune,130,4229120,0.9877549409866333,0.9512848901302805
finetune,15,"biggrid50-goal(3,24)",finetune,140,4239360,0.98163241147995,0.9269273351954208
finetune,15,"biggrid50-goal(3,24)",finetune,150,4249600,0.9806120991706848,0.9228681774410138
finetune,16,"biggrid50-goal(3,10)",finetune,10,4259840,0.7204080820083618,0.18045829107449698
finetune,16,"biggrid50-goal(3,10)",finetune,20,4270080,0.7061223983764648,0.13858399921029482
finetune,16,"biggrid50-goal(3,10)",finetune,30,4280320,0.7193877100944519,0.17746737006335986
finetune,16,"biggrid50-goal(3,10)",finetune,40,4290560,0.7540816068649292,0.27916235342626344
finetune,16,"biggrid50-goal(3,10)",finetune,50,4300800,0.7520408034324646,0.27318033669045394
finetune,16,"biggrid50-goal(3,10)",finetune,60,4311040,0.7071427702903748,0.14157492022143192
finetune,16,"biggrid50-goal(3,10)",finetune,70,4321280,0.7265305519104004,0.19840451599546094
finetune,16,"biggrid50-goal(3,10)",finetune,80,4331520,0.7275509238243103,0.20139543700659807
finetune,16,"biggrid50-goal(3,10)",finetune,90,4341760,0.7234693765640259,0.18943157824851428
finetune,16,"biggrid50-goal(3,10)",finetune,100,4352000,0.728571355342865,0.2043865327312705
finetune,16,"biggrid50-goal(3,10)",finetune,110,4362240,0.7428570985794067,0.24626099930900797
finetune,16,"biggrid50-goal(3,10)",finetune,120,4372480,0.7408162355422974,0.2402788078596631
finetune,16,"biggrid50-goal(3,10)",finetune,130,4382720,0.7255101799964905,0.19541359498432384
finetune,16,"biggrid50-goal(3,10)",finetune,140,4392960,0.7448978424072266,0.2522428413312822
finetune,16,"biggrid50-goal(3,10)",finetune,150,4403200,0.7510203719139099,0.2701892409657815
finetune,16,"biggrid50-goal(3,10)",finetune,160,4413440,0.7530611753463745,0.276171257701591
finetune,16,"biggrid50-goal(3,10)",finetune,170,4423680,0.7336734533309937,0.21934183664109735
finetune,16,"biggrid50-goal(3,10)",finetune,180,4433920,0.7316325306892395,0.21335947047821716
finetune,16,"biggrid50-goal(3,10)",finetune,190,4444160,0.7275509834289551,0.20139561172013337
finetune,16,"biggrid50-goal(3,10)",finetune,200,4454400,0.7275509834289551,0.20139561172013337
finetune,16,"biggrid50-goal(3,10)",finetune,210,4464640,0.7857141494750977,0.37188387490161445
finetune,16,"biggrid50-goal(3,10)",finetune,220,4474880,0.7367345690727234,0.22831459967450868
finetune,16,"biggrid50-goal(3,10)",finetune,230,4485120,0.6897958517074585,0.0907275158967478
finetune,16,"biggrid50-goal(3,10)",finetune,240,4495360,0.714285671710968,0.16251224086706834
finetune,16,"biggrid50-goal(3,10)",finetune,250,4505600,0.86530601978302,0.6051841000200047
finetune,16,"biggrid50-goal(3,10)",finetune,260,4515840,0.8112243413925171,0.4466595208830721
finetune,16,"biggrid50-goal(3,10)",finetune,270,4526080,0.8693876266479492,0.6171481334916238
finetune,16,"biggrid50-goal(3,10)",finetune,280,4536320,0.8693876266479492,0.6171481334916238
finetune,16,"biggrid50-goal(3,10)",finetune,290,4546560,0.8693876266479492,0.6171481334916238
finetune,16,"biggrid50-goal(3,10)",finetune,300,4556800,0.8081631660461426,0.4376865831361254
finetune,16,"biggrid50-goal(3,10)",finetune,310,4567040,0.8112243413925171,0.4466595208830721
finetune,16,"biggrid50-goal(3,10)",finetune,320,4577280,0.7510203123092651,0.27018906625224615
finetune,16,"biggrid50-goal(3,10)",finetune,330,4587520,0.7510203123092651,0.27018906625224615
finetune,16,"biggrid50-goal(3,10)",finetune,340,4597760,0.6908162832260132,0.09371861162142023
finetune,16,"biggrid50-goal(3,10)",finetune,350,4608000,0.8081631660461426,0.4376865831361254
finetune,16,"biggrid50-goal(3,10)",finetune,360,4618240,0.8081631660461426,0.4376865831361254
finetune,16,"biggrid50-goal(3,10)",finetune,370,4628480,0.6897958517074585,0.0907275158967478
finetune,16,"biggrid50-goal(3,10)",finetune,380,4638720,0.8081631660461426,0.4376865831361254
finetune,16,"biggrid50-goal(3,10)",finetune,390,4648960,0.8081631660461426,0.4376865831361254
finetune,16,"biggrid50-goal(3,10)",finetune,400,4659200,0.7510203123092651,0.27018906625224615
finetune,16,"biggrid50-goal(3,10)",finetune,410,4669440,0.7510203123092651,0.27018906625224615
finetune,16,"biggrid50-goal(3,10)",finetune,420,4679680,0.7132652401924133,0.1595211451423959
finetune,16,"biggrid50-goal(3,10)",finetune,430,4689920,0.9040815234184265,0.7188431168545274
finetune,16,"biggrid50-goal(3,10)",finetune,440,4700160,0.8785713315010071,0.6440674708730697
finetune,16,"biggrid50-goal(3,10)",finetune,450,4710400,0.9377549886703491,0.8175470044927585
finetune,16,"biggrid50-goal(3,10)",finetune,460,4720640,0.8071427345275879,0.434695487411453
finetune,16,"biggrid50-goal(3,10)",finetune,470,4730880,0.8224488496780396,0.47956087500032757
finetune,16,"biggrid50-goal(3,10)",finetune,480,4741120,0.8224488496780396,0.47956087500032757
finetune,16,"biggrid50-goal(3,10)",finetune,490,4751360,0.8224488496780396,0.47956087500032757
finetune,16,"biggrid50-goal(3,10)",finetune,500,4761600,0.8224488496780396,0.47956087500032757
finetune,17,"biggrid50-goal(46,31)",finetune,10,4771840,0.7744897603988647,0.29242260883388427
finetune,17,"biggrid50-goal(46,31)",finetune,20,4782080,0.7755101323127747,0.29562420224330355
finetune,17,"biggrid50-goal(46,31)",finetune,30,4792320,0.7846938371658325,0.32443966504738614
finetune,17,"biggrid50-goal(46,31)",finetune,40,4802560,0.7489795684814453,0.2123799683001295
finetune,17,"biggrid50-goal(46,31)",finetune,50,4812800,0.7581632137298584,0.24119524408432727
finetune,17,"biggrid50-goal(46,31)",finetune,60,4823040,0.7510203719139099,0.21878334213885292
finetune,17,"biggrid50-goal(46,31)",finetune,70,4833280,0.7928571105003357,0.35005334742216465
finetune,17,"biggrid50-goal(46,31)",finetune,80,4843520,0.8030611872673035,0.3820704036356666
finetune,17,"biggrid50-goal(46,31)",finetune,90,4853760,0.8142856359481812,0.4172890532585877
finetune,17,"biggrid50-goal(46,31)",finetune,100,4864000,0.8622447848320007,0.5677691800580696
finetune,17,"biggrid50-goal(46,31)",finetune,110,4874240,0.8459182977676392,0.5165420023283975
finetune,17,"biggrid50-goal(46,31)",finetune,120,4884480,0.8765305280685425,0.6125931709689033
finetune,17,"biggrid50-goal(46,31)",finetune,130,4894720,0.8755100965499878,0.6093913905395991
finetune,17,"biggrid50-goal(46,31)",finetune,140,4904960,0.8397958874702454,0.49733188081222734
finetune,17,"biggrid50-goal(46,31)",finetune,150,4915200,0.8632652163505554,0.5709709604873738
finetune,17,"biggrid50-goal(46,31)",finetune,160,4925440,0.8428570628166199,0.50693684806037
finetune,17,"biggrid50-goal(46,31)",finetune,170,4935680,0.8448979258537292,0.5133404089189784
finetune,17,"biggrid50-goal(46,31)",finetune,180,4945920,0.8693877458572388,0.5901814560433138
finetune,17,"biggrid50-goal(46,31)",finetune,190,4956160,0.8897958993911743,0.6542155684703176
finetune,17,"biggrid50-goal(46,31)",finetune,200,4966400,0.8877550363540649,0.6478120076117093
finetune,18,"biggrid50-goal(46,24)",finetune,10,4976640,0.9499998092651367,0.8337097771111875
finetune,18,"biggrid50-goal(46,24)",finetune,20,4986880,0.9530611038208008,0.8438910053526777
finetune,18,"biggrid50-goal(46,24)",finetune,30,4997120,0.9744895100593567,0.9151574224841007
finetune,18,"biggrid50-goal(46,24)",finetune,40,5007360,0.9999998807907104,0.9999996035347258
finetune,18,"biggrid50-goal(46,24)",finetune,50,5017600,0.9999998807907104,0.9999996035347258
finetune,18,"biggrid50-goal(46,24)",finetune,60,5027840,0.9367344975471497,0.789592112561249
finetune,18,"biggrid50-goal(46,24)",finetune,70,5038080,0.9408162236213684,0.8031670835499025
finetune,18,"biggrid50-goal(46,24)",finetune,80,5048320,0.9622448086738586,0.8744340953792369
finetune,18,"biggrid50-goal(46,24)",finetune,90,5058560,0.9999998807907104,0.9999996035347258
finetune,18,"biggrid50-goal(46,24)",finetune,100,5068800,0.9999998807907104,0.9999996035347258
finetune,18,"biggrid50-goal(46,24)",finetune,110,5079040,0.9785712361335754,0.9287323934727543
finetune,18,"biggrid50-goal(46,24)",finetune,120,5089280,0.984693706035614,0.9490944534904604
finetune,18,"biggrid50-goal(46,24)",finetune,130,5099520,0.98163241147995,0.9389132252489703
finetune,18,"biggrid50-goal(46,24)",finetune,140,5109760,0.9826528429985046,0.9423069679961337
finetune,18,"biggrid50-goal(46,24)",finetune,150,5120000,0.9867345094680786,0.9558817407521502
finetune,19,"biggrid50-goal(3,45)",finetune,10,5130240,0.6193877458572388,0.062028543905916333
finetune,19,"biggrid50-goal(3,45)",finetune,20,5140480,0.6795917749404907,0.21039386900332527
finetune,19,"biggrid50-goal(3,45)",finetune,30,5150720,0.7438775300979614,0.3688180992135899
finetune,19,"biggrid50-goal(3,45)",finetune,40,5160960,0.8142855763435364,0.5423299526520521
finetune,19,"biggrid50-goal(3,45)",finetune,50,5171200,0.8704080581665039,0.6806368133012569
finetune,19,"biggrid50-goal(3,45)",finetune,60,5181440,0.8408161997795105,0.6077113670034422
finetune,19,"biggrid50-goal(3,45)",finetune,70,5191680,0.8602039217948914,0.6554899911837692
finetune,19,"biggrid50-goal(3,45)",finetune,80,5201920,0.8551019430160522,0.6429168004573511
finetune,19,"biggrid50-goal(3,45)",finetune,90,5212160,0.9224488139152527,0.808884768837606
finetune,19,"biggrid50-goal(3,45)",finetune,100,5222400,0.9183672666549683,0.7988263043894018
finetune,19,"biggrid50-goal(3,45)",finetune,110,5232640,0.9224488139152527,0.808884768837606
finetune,19,"biggrid50-goal(3,45)",finetune,120,5242880,0.9204080700874329,0.8038556100576125
finetune,19,"biggrid50-goal(3,45)",finetune,130,5253120,0.9193876385688782,0.8013408837793986
finetune,19,"biggrid50-goal(3,45)",finetune,140,5263360,0.9520406723022461,0.8818102151354207
finetune,19,"biggrid50-goal(3,45)",finetune,150,5273600,0.8979590535163879,0.7485328070426437
finetune,20,"biggrid50-goal(21,10)",finetune,10,5283840,0.7010204195976257,-0.12692306482580254
finetune,20,"biggrid50-goal(21,10)",finetune,20,5294080,0.7010204195976257,-0.12692306482580254
finetune,20,"biggrid50-goal(21,10)",finetune,30,5304320,0.7010204195976257,-0.12692306482580254
finetune,20,"biggrid50-goal(21,10)",finetune,40,5314560,0.7010204195976257,-0.12692306482580254
finetune,20,"biggrid50-goal(21,10)",finetune,50,5324800,0.7295918464660645,-0.019230760589858953
finetune,20,"biggrid50-goal(21,10)",finetune,60,5335040,0.7285714149475098,-0.023077002573297645
finetune,20,"biggrid50-goal(21,10)",finetune,70,5345280,0.7408163547515869,0.023077002573297645
finetune,20,"biggrid50-goal(21,10)",finetune,80,5355520,0.7428570985794067,0.03076903721284052
finetune,20,"biggrid50-goal(21,10)",finetune,90,5365760,0.7428570985794067,0.03076903721284052
finetune,20,"biggrid50-goal(21,10)",finetune,100,5376000,0.7857142686843872,0.19230760589858953
finetune,20,"biggrid50-goal(21,10)",finetune,110,5386240,0.7428570985794067,0.03076903721284052
finetune,20,"biggrid50-goal(21,10)",finetune,120,5396480,0.7857142686843872,0.19230760589858953
finetune,20,"biggrid50-goal(21,10)",finetune,130,5406720,0.7857142686843872,0.19230760589858953
finetune,20,"biggrid50-goal(21,10)",finetune,140,5416960,0.7877550721168518,0.19999986520179966
finetune,20,"biggrid50-goal(21,10)",finetune,150,5427200,0.7877550721168518,0.19999986520179966
finetune,20,"biggrid50-goal(21,10)",finetune,160,5437440,0.7908162474632263,0.2115381418247812
finetune,20,"biggrid50-goal(21,10)",finetune,170,5447680,0.7908162474632263,0.2115381418247812
finetune,20,"biggrid50-goal(21,10)",finetune,180,5457920,0.7887754440307617,0.20384588252157107
finetune,20,"biggrid50-goal(21,10)",finetune,190,5468160,0.7714285850524902,0.13846156611245136
finetune,20,"biggrid50-goal(21,10)",finetune,200,5478400,0.7734693884849548,0.1461538254156615
finetune,20,"biggrid50-goal(21,10)",finetune,210,5488640,0.7714285850524902,0.13846156611245136
finetune,20,"biggrid50-goal(21,10)",finetune,220,5498880,0.7744897603988647,0.14999984273543293
finetune,20,"biggrid50-goal(21,10)",finetune,230,5509120,0.7765306234359741,0.15769232670231031
finetune,20,"biggrid50-goal(21,10)",finetune,240,5519360,0.7316327095031738,-0.011538276622981566
finetune,20,"biggrid50-goal(21,10)",finetune,250,5529600,0.732653021812439,-0.007692483966877386
finetune,20,"biggrid50-goal(21,10)",finetune,260,5539840,0.7346938848495483,0.0
finetune,20,"biggrid50-goal(21,10)",finetune,270,5550080,0.7326531410217285,-0.007692034639542872
finetune,20,"biggrid50-goal(21,10)",finetune,280,5560320,0.7346938848495483,0.0
finetune,20,"biggrid50-goal(21,10)",finetune,290,5570560,0.7346938848495483,0.0
finetune,20,"biggrid50-goal(21,10)",finetune,300,5580800,0.7265306115150452,-0.030769261876507775
finetune,20,"biggrid50-goal(21,10)",finetune,310,5591040,0.7275510430335999,-0.02692301989306908
finetune,20,"biggrid50-goal(21,10)",finetune,320,5601280,0.7275510430335999,-0.02692301989306908
finetune,20,"biggrid50-goal(21,10)",finetune,330,5611520,0.7551020383834839,0.07692304235943581
finetune,20,"biggrid50-goal(21,10)",finetune,340,5621760,0.7551020383834839,0.07692304235943581
finetune,20,"biggrid50-goal(21,10)",finetune,350,5632000,0.7346938848495483,0.0
finetune,20,"biggrid50-goal(21,10)",finetune,360,5642240,0.7489795684814453,0.05384603978613816
finetune,20,"biggrid50-goal(21,10)",finetune,370,5652480,0.7489795684814453,0.05384603978613816
finetune,20,"biggrid50-goal(21,10)",finetune,380,5662720,0.7479591369628906,0.04999979780269947
finetune,20,"biggrid50-goal(21,10)",finetune,390,5672960,0.7448979616165161,0.038461521179717906
finetune,20,"biggrid50-goal(21,10)",finetune,400,5683200,0.7469387054443359,0.046153555819260776
finetune,20,"biggrid50-goal(21,10)",finetune,410,5693440,0.7306122779846191,-0.01538451860642026
finetune,20,"biggrid50-goal(21,10)",finetune,420,5703680,0.7448979616165161,0.038461521179717906
finetune,20,"biggrid50-goal(21,10)",finetune,430,5713920,0.7448979616165161,0.038461521179717906
finetune,20,"biggrid50-goal(21,10)",finetune,440,5724160,0.7448979616165161,0.038461521179717906
finetune,20,"biggrid50-goal(21,10)",finetune,450,5734400,0.7479591369628906,0.04999979780269947
finetune,20,"biggrid50-goal(21,10)",finetune,460,5744640,0.7306122779846191,-0.01538451860642026
finetune,20,"biggrid50-goal(21,10)",finetune,470,5754880,0.732653021812439,-0.007692483966877386
finetune,20,"biggrid50-goal(21,10)",finetune,480,5765120,0.732653021812439,-0.007692483966877386
finetune,20,"biggrid50-goal(21,10)",finetune,490,5775360,0.7959182858467102,0.23076890241464015
finetune,20,"biggrid50-goal(21,10)",finetune,500,5785600,0.7959182858467102,0.23076890241464015
finetune,21,"biggrid50-goal(40,3)",finetune,10,5795840,0.9377549886703491,0.8105586670618886
finetune,21,"biggrid50-goal(40,3)",finetune,20,5806080,0.8846938014030457,0.6490681021399674
finetune,21,"biggrid50-goal(40,3)",finetune,30,5816320,0.95714271068573,0.8695647757085061
finetune,21,"biggrid50-goal(40,3)",finetune,40,5826560,0.95714271068573,0.8695647757085061
finetune,21,"biggrid50-goal(40,3)",finetune,50,5836800,0.9408161044120789,0.8198751059861253
finetune,21,"biggrid50-goal(40,3)",finetune,60,5847040,0.9561222791671753,0.8664591146616589
finetune,21,"biggrid50-goal(40,3)",finetune,70,5857280,0.9622446894645691,0.8850925367264373
finetune,21,"biggrid50-goal(40,3)",finetune,80,5867520,0.9448977708816528,0.8322975687680794
finetune,21,"biggrid50-goal(40,3)",finetune,90,5877760,0.948979377746582,0.8447198501445983
finetune,21,"biggrid50-goal(40,3)",finetune,100,5888000,0.948979377746582,0.8447198501445983
finetune,21,"biggrid50-goal(40,3)",finetune,110,5898240,0.9530609846115112,0.8571421315211172
finetune,21,"biggrid50-goal(40,3)",finetune,120,5908480,0.8806120753288269,0.6366454579525784
finetune,21,"biggrid50-goal(40,3)",finetune,130,5918720,0.9499996900558472,0.8478251483805755
finetune,21,"biggrid50-goal(40,3)",finetune,140,5928960,0.9499998092651367,0.8478255111914454
finetune,21,"biggrid50-goal(40,3)",finetune,150,5939200,0.9693876504898071,0.9068319826489329
finetune,22,"biggrid50-goal(15,38)",finetune,10,5949440,0.8183673024177551,0.19090893642962323
finetune,22,"biggrid50-goal(15,38)",finetune,20,5959680,0.8622447848320007,0.3863631656840083
finetune,22,"biggrid50-goal(15,38)",finetune,30,5969920,0.9163264036178589,0.6272721817671071
finetune,22,"biggrid50-goal(15,38)",finetune,40,5980160,0.9520407915115356,0.7863635374002274
finetune,22,"biggrid50-goal(15,38)",finetune,50,5990400,0.9683672189712524,0.8590903466890971
finetune,22,"biggrid50-goal(15,38)",finetune,60,6000640,0.9653059840202332,0.8454539371916415
finetune,22,"biggrid50-goal(15,38)",finetune,70,6010880,0.9591835141181946,0.8181811181967302
finetune,22,"biggrid50-goal(15,38)",finetune,80,6021120,0.961224377155304,0.827272234869424
finetune,22,"biggrid50-goal(15,38)",finetune,90,6031360,0.9581632614135742,0.8136363563951385
finetune,22,"biggrid50-goal(15,38)",finetune,100,6041600,0.9632652401924133,0.8363633515421178
finetune,22,"biggrid50-goal(15,38)",finetune,110,6051840,0.951020359992981,0.7818179790638805
finetune,22,"biggrid50-goal(15,38)",finetune,120,6062080,0.960204005241394,0.8227269420446622
finetune,22,"biggrid50-goal(15,38)",finetune,130,6072320,0.9520407915115356,0.7863635374002274
finetune,22,"biggrid50-goal(15,38)",finetune,140,6082560,0.9581631422042847,0.8136358253719684
finetune,22,"biggrid50-goal(15,38)",finetune,150,6092800,0.9479590654373169,0.7681813040548399
finetune,23,"biggrid50-goal(40,45)",finetune,10,6103040,0.7428570985794067,0.41395334684248214
finetune,23,"biggrid50-goal(40,45)",finetune,20,6113280,0.7408162355422974,0.40930207727274764
finetune,23,"biggrid50-goal(40,45)",finetune,30,6123520,0.7428570985794067,0.41395334684248214
finetune,23,"biggrid50-goal(40,45)",finetune,40,6133760,0.731632649898529,0.38837204342470916
finetune,23,"biggrid50-goal(40,45)",finetune,50,6144000,0.741836667060852,0.4116277120576149
finetune,23,"biggrid50-goal(40,45)",finetune,60,6154240,0.7877550721168518,0.516278968043034
finetune,23,"biggrid50-goal(40,45)",finetune,70,6164480,0.7928570508956909,0.5279067344379103
finetune,23,"biggrid50-goal(40,45)",finetune,80,6174720,0.802040696144104,0.548836904129102
finetune,23,"biggrid50-goal(40,45)",finetune,90,6184960,0.8030611276626587,0.5511625389139693
finetune,23,"biggrid50-goal(40,45)",finetune,100,6195200,0.8040815591812134,0.5534881736988365
finetune,23,"biggrid50-goal(40,45)",finetune,110,6205440,0.7551019191741943,0.44186014920196903
finetune,23,"biggrid50-goal(40,45)",finetune,120,6215680,0.8091834783554077,0.5651158042505594
finetune,23,"biggrid50-goal(40,45)",finetune,130,6225920,0.8071427345275879,0.5604648063671316
finetune,23,"biggrid50-goal(40,45)",finetune,140,6236160,0.7775509357452393,0.4930230277238216
finetune,23,"biggrid50-goal(40,45)",finetune,150,6246400,0.766326367855072,0.467441452619742
finetune,23,"biggrid50-goal(40,45)",finetune,160,6256640,0.7612243890762329,0.4558136862248658
finetune,23,"biggrid50-goal(40,45)",finetune,170,6266880,0.7989795207977295,0.5418602714608071
finetune,23,"biggrid50-goal(40,45)",finetune,180,6277120,0.7989794015884399,0.5418599997745004
finetune,23,"biggrid50-goal(40,45)",finetune,190,6287360,0.8224489092826843,0.5953486489243736
finetune,23,"biggrid50-goal(40,45)",finetune,200,6297600,0.875510036945343,0.7162786691880967
finetune,23,"biggrid50-goal(40,45)",finetune,210,6307840,0.86530601978302,0.693023000555191
finetune,23,"biggrid50-goal(40,45)",finetune,220,6318080,0.9051018953323364,0.78372058367456
finetune,23,"biggrid50-goal(40,45)",finetune,230,6328320,0.9265305399894714,0.8325579632546987
finetune,23,"biggrid50-goal(40,45)",finetune,240,6338560,0.8183673024177551,0.5860463814712112
finetune,23,"biggrid50-goal(40,45)",finetune,250,6348800,0.8418366312980652,0.6395346230916245
finetune,23,"biggrid50-goal(40,45)",finetune,260,6359040,0.8673467636108398,0.6976739984386188
finetune,23,"biggrid50-goal(40,45)",finetune,270,6369280,0.8897958993911743,0.7488371486467781
finetune,23,"biggrid50-goal(40,45)",finetune,280,6379520,0.9010204076766968,0.7744185879077043
finetune,23,"biggrid50-goal(40,45)",finetune,290,6389760,0.8806120753288269,0.7279065714261262
finetune,23,"biggrid50-goal(40,45)",finetune,300,6400000,0.8918365240097046,0.7534878748438992
finetune,23,"biggrid50-goal(40,45)",finetune,310,6410240,0.9275509715080261,0.8348835980395659
finetune,23,"biggrid50-goal(40,45)",finetune,320,6420480,0.9183672070503235,0.8139531566620675
finetune,23,"biggrid50-goal(40,45)",finetune,330,6430720,0.9183672070503235,0.8139531566620675
finetune,23,"biggrid50-goal(40,45)",finetune,340,6440960,0.9591835141181946,0.9069763745663038
finetune,23,"biggrid50-goal(40,45)",finetune,350,6451200,0.896938681602478,0.7651160487682355
finetune,23,"biggrid50-goal(40,45)",finetune,360,6461440,0.893877387046814,0.7581391444136337
finetune,23,"biggrid50-goal(40,45)",finetune,370,6471680,0.9295917749404907,0.8395347317661471
finetune,23,"biggrid50-goal(40,45)",finetune,380,6481920,0.9999998807907104,0.9999997283136933
finetune,23,"biggrid50-goal(40,45)",finetune,390,6492160,0.9326529502868652,0.8465113644344422
finetune,23,"biggrid50-goal(40,45)",finetune,400,6502400,0.9326529502868652,0.8465113644344422
finetune,24,"biggrid50-goal(15,17)",finetune,10,6512640,0.7765306234359741,0.030973388427231522
finetune,24,"biggrid50-goal(15,17)",finetune,20,6522880,0.9081632494926453,0.6017697971404209
finetune,24,"biggrid50-goal(15,17)",finetune,30,6533120,0.8816326260566711,0.4867254875962483
finetune,24,"biggrid50-goal(15,17)",finetune,40,6543360,0.8846938014030457,0.499999612306027
finetune,24,"biggrid50-goal(15,17)",finetune,50,6553600,0.9153059720993042,0.6327426686423552
finetune,24,"biggrid50-goal(15,17)",finetune,60,6563840,0.9530611038208008,0.7964596303312121
finetune,24,"biggrid50-goal(15,17)",finetune,70,6574080,0.9091836214065552,0.6061944192227976
finetune,24,"biggrid50-goal(15,17)",finetune,80,6584320,0.928571343421936,0.6902650818770901
finetune,24,"biggrid50-goal(15,17)",finetune,90,6594560,1.0,1.0
finetune,24,"biggrid50-goal(15,17)",finetune,100,6604800,1.0,1.0
finetune,24,"biggrid50-goal(15,17)",finetune,110,6615040,0.9897956848144531,0.9557511945497464
finetune,24,"biggrid50-goal(15,17)",finetune,120,6625280,0.9255101084709167,0.6769906987046628
finetune,24,"biggrid50-goal(15,17)",finetune,130,6635520,0.9183672070503235,0.6460170518147825
finetune,24,"biggrid50-goal(15,17)",finetune,140,6645760,0.9255101084709167,0.6769906987046628
finetune,24,"biggrid50-goal(15,17)",finetune,150,6656000,0.9693875312805176,0.8672556513504286
finetune,25,"biggrid50-goal(15,24)",finetune,10,6666240,0.8999999165534973,0.5083610011399234
finetune,25,"biggrid50-goal(15,24)",finetune,20,6676480,0.9132652282714844,0.5735783924442712
finetune,25,"biggrid50-goal(15,24)",finetune,30,6686720,0.9214285016059875,0.6137121942499802
finetune,25,"biggrid50-goal(15,24)",finetune,40,6696960,0.9132652282714844,0.5735783924442712
finetune,25,"biggrid50-goal(15,24)",finetune,50,6707200,0.9326529502868652,0.668895915323325
finetune,25,"biggrid50-goal(15,24)",finetune,60,6717440,0.9204081296920776,0.6086956521739131
finetune,25,"biggrid50-goal(15,24)",finetune,70,6727680,0.9673469662666321,0.8394650858165983
finetune,25,"biggrid50-goal(15,24)",finetune,80,6737920,0.9428570866584778,0.719063387360037
finetune,25,"biggrid50-goal(15,24)",finetune,90,6748160,0.9193876385688782,0.6036785240189773
finetune,25,"biggrid50-goal(15,24)",finetune,100,6758400,0.951020359992981,0.7591971891657461
finetune,25,"biggrid50-goal(15,24)",finetune,110,6768640,0.9448979496955872,0.72909705759104
finetune,25,"biggrid50-goal(15,24)",finetune,120,6778880,0.9459182620048523,0.7341133066276729
finetune,25,"biggrid50-goal(15,24)",finetune,130,6789120,0.9224489331245422,0.6187290293654817
finetune,25,"biggrid50-goal(15,24)",finetune,140,6799360,0.9336733818054199,0.6739127504388266
finetune,25,"biggrid50-goal(15,24)",finetune,150,6809600,0.9234692454338074,0.6237452784021146
finetune,26,"biggrid50-goal(21,38)",finetune,10,6819840,0.8673469424247742,0.39907553363779863
finetune,26,"biggrid50-goal(21,38)",finetune,20,6830080,0.8816326260566711,0.4637903390862045
finetune,26,"biggrid50-goal(21,38)",finetune,30,6840320,0.8551019430160522,0.3436051217996178
finetune,26,"biggrid50-goal(21,38)",finetune,40,6850560,0.8714284896850586,0.4175651308936148
finetune,26,"biggrid50-goal(21,38)",finetune,50,6860800,0.8908162117004395,0.5053924054324211
finetune,26,"biggrid50-goal(21,38)",finetune,60,6871040,0.8867346048355103,0.48690253816481627
finetune,26,"biggrid50-goal(21,38)",finetune,70,6881280,0.8673468828201294,0.3990752636260099
finetune,26,"biggrid50-goal(21,38)",finetune,80,6891520,0.8795917630195618,0.4545451354406133
finetune,26,"biggrid50-goal(21,38)",finetune,90,6901760,0.8683673143386841,0.4036978654488055
finetune,26,"biggrid50-goal(21,38)",finetune,100,6912000,0.886734664440155,0.486902808176605
finetune,26,"biggrid50-goal(21,38)",finetune,110,6922240,0.9265305399894714,0.6671799590770133
finetune,26,"biggrid50-goal(21,38)",finetune,120,6932480,0.886734664440155,0.486902808176605
finetune,26,"biggrid50-goal(21,38)",finetune,130,6942720,0.8846938014030457,0.4776576045310138
finetune,26,"biggrid50-goal(21,38)",finetune,140,6952960,0.946938693523407,0.7596298354386153
finetune,26,"biggrid50-goal(21,38)",finetune,150,6963200,0.9438775181770325,0.745762569993806
finetune,27,"biggrid50-goal(33,17)",finetune,10,6973440,0.8632652163505554,0.29597171401099853
finetune,27,"biggrid50-goal(33,17)",finetune,20,6983680,0.9306120872497559,0.6427313374250752
finetune,27,"biggrid50-goal(33,17)",finetune,30,6993920,0.9775509834289551,0.884413151965991
finetune,27,"biggrid50-goal(33,17)",finetune,40,7004160,0.9520407915115356,0.7530647400146021
finetune,27,"biggrid50-goal(33,17)",finetune,50,7014400,0.9183672666549683,0.5796844679635886
finetune,27,"biggrid50-goal(33,17)",finetune,60,7024640,0.9377549886703491,0.6795091382882509
finetune,27,"biggrid50-goal(33,17)",finetune,70,7034880,0.9397957921028137,0.6900169498651653
finetune,27,"biggrid50-goal(33,17)",finetune,80,7045120,0.9326530694961548,0.65324006968994
finetune,27,"biggrid50-goal(33,17)",finetune,90,7055360,0.9459182024002075,0.7215403845959085
finetune,27,"biggrid50-goal(33,17)",finetune,100,7065600,0.9683672189712524,0.8371272326299175
finetune,27,"biggrid50-goal(33,17)",finetune,110,7075840,0.9653059840202332,0.8213653618165542
finetune,27,"biggrid50-goal(33,17)",finetune,120,7086080,0.9693876504898071,0.8423812918663665
finetune,27,"biggrid50-goal(33,17)",finetune,130,7096320,0.961224377155304,0.8003497386627253
finetune,27,"biggrid50-goal(33,17)",finetune,140,7106560,0.9561222791671753,0.7740797493764641
finetune,27,"biggrid50-goal(33,17)",finetune,150,7116800,0.95714271068573,0.779333808612913
finetune,28,"biggrid50-goal(27,17)",finetune,10,7127040,0.8377550840377808,0.38451586003051624
finetune,28,"biggrid50-goal(27,17)",finetune,20,7137280,0.8438774943351746,0.4077415273131152
finetune,28,"biggrid50-goal(27,17)",finetune,30,7147520,0.8408163189888,0.3961288067284046
finetune,28,"biggrid50-goal(27,17)",finetune,40,7157760,0.8408163189888,0.3961288067284046
finetune,28,"biggrid50-goal(27,17)",finetune,50,7168000,0.8428570628166199,0.40387046970942647
finetune,28,"biggrid50-goal(27,17)",finetune,60,7178240,0.8408163189888,0.3961288067284046
finetune,28,"biggrid50-goal(27,17)",finetune,70,7188480,0.8346939086914062,0.37290313944580566
finetune,28,"biggrid50-goal(27,17)",finetune,80,7198720,0.8387754559516907,0.38838669152102717
finetune,28,"biggrid50-goal(27,17)",finetune,90,7208960,0.8183673024177551,0.31096734835267503
finetune,28,"biggrid50-goal(27,17)",finetune,100,7219200,0.8387754559516907,0.38838669152102717
finetune,28,"biggrid50-goal(27,17)",finetune,110,7229440,0.8326530456542969,0.3651610242384282
finetune,28,"biggrid50-goal(27,17)",finetune,120,7239680,0.8316326141357422,0.3612899666347395
finetune,28,"biggrid50-goal(27,17)",finetune,130,7249920,0.8326530456542969,0.3651610242384282
finetune,28,"biggrid50-goal(27,17)",finetune,140,7260160,0.8265305757522583,0.3419351308426515
finetune,28,"biggrid50-goal(27,17)",finetune,150,7270400,0.8326530456542969,0.3651610242384282
finetune,28,"biggrid50-goal(27,17)",finetune,160,7280640,0.8326530456542969,0.3651610242384282
finetune,28,"biggrid50-goal(27,17)",finetune,170,7290880,0.8224489092826843,0.3264511265410744
finetune,28,"biggrid50-goal(27,17)",finetune,180,7301120,0.8367346525192261,0.3806448024268275
finetune,28,"biggrid50-goal(27,17)",finetune,190,7311360,0.8244897723197937,0.33419324174845183
finetune,28,"biggrid50-goal(27,17)",finetune,200,7321600,0.8244897723197937,0.33419324174845183
finetune,28,"biggrid50-goal(27,17)",finetune,210,7331840,0.827551007270813,0.3458061884463402
finetune,28,"biggrid50-goal(27,17)",finetune,220,7342080,0.8377550840377808,0.38451586003051624
finetune,28,"biggrid50-goal(27,17)",finetune,230,7352320,0.8244897723197937,0.33419324174845183
finetune,28,"biggrid50-goal(27,17)",finetune,240,7362560,0.8010204434394836,0.2451611779953891
finetune,28,"biggrid50-goal(27,17)",finetune,250,7372800,0.8010204434394836,0.2451611779953891
finetune,28,"biggrid50-goal(27,17)",finetune,260,7383040,0.8010204434394836,0.2451611779953891
finetune,28,"biggrid50-goal(27,17)",finetune,270,7393280,0.8040816187858582,0.2567738985800997
finetune,28,"biggrid50-goal(27,17)",finetune,280,7403520,0.8040816187858582,0.2567738985800997
finetune,28,"biggrid50-goal(27,17)",finetune,290,7413760,0.8081632852554321,0.2722579028816768
finetune,28,"biggrid50-goal(27,17)",finetune,300,7424000,0.8602040410041809,0.469677092293068
finetune,28,"biggrid50-goal(27,17)",finetune,310,7434240,0.8408163189888,0.3961288067284046
finetune,28,"biggrid50-goal(27,17)",finetune,320,7444480,0.8591836094856262,0.46580603468937926
finetune,28,"biggrid50-goal(27,17)",finetune,330,7454720,0.8591836094856262,0.46580603468937926
finetune,28,"biggrid50-goal(27,17)",finetune,340,7464960,0.8459182977676392,0.41548341640731484
finetune,28,"biggrid50-goal(27,17)",finetune,350,7475200,0.8479591608047485,0.4232255316146923
finetune,28,"biggrid50-goal(27,17)",finetune,360,7485440,0.8265306353569031,0.3419353569558292
finetune,28,"biggrid50-goal(27,17)",finetune,370,7495680,0.8285714387893677,0.3496772460500289
finetune,28,"biggrid50-goal(27,17)",finetune,380,7505920,0.8387755155563354,0.38838691763420496
finetune,28,"biggrid50-goal(27,17)",finetune,390,7516160,0.8765305280685425,0.531612431159843
finetune,28,"biggrid50-goal(27,17)",finetune,400,7526400,0.8795917630195618,0.5432253778577314
finetune,28,"biggrid50-goal(27,17)",finetune,410,7536640,0.8387754559516907,0.38838669152102717
finetune,28,"biggrid50-goal(27,17)",finetune,420,7546880,0.8418366312980652,0.39999941210573775
finetune,28,"biggrid50-goal(27,17)",finetune,430,7557120,0.820408046245575,0.31870901133369695
finetune,28,"biggrid50-goal(27,17)",finetune,440,7567360,0.820408046245575,0.31870901133369695
finetune,28,"biggrid50-goal(27,17)",finetune,450,7577600,0.8306121826171875,0.3574189090310508
finetune,28,"biggrid50-goal(27,17)",finetune,460,7587840,0.8306121826171875,0.3574189090310508
finetune,28,"biggrid50-goal(27,17)",finetune,470,7598080,0.8295918703079224,0.35354830365371764
finetune,28,"biggrid50-goal(27,17)",finetune,480,7608320,0.8091837167739868,0.2761289604853655
finetune,28,"biggrid50-goal(27,17)",finetune,490,7618560,0.8397958874702454,0.3922577491247159
finetune,28,"biggrid50-goal(27,17)",finetune,500,7628800,0.8408163189888,0.3961288067284046
finetune,29,"biggrid50-goal(3,3)",finetune,10,7639040,0.6030611991882324,-0.15888782040907812
finetune,29,"biggrid50-goal(3,3)",finetune,20,7649280,0.6071428060531616,-0.14697131218717818
finetune,29,"biggrid50-goal(3,3)",finetune,30,7659520,0.6540816426277161,-0.009930423518249949
finetune,29,"biggrid50-goal(3,3)",finetune,40,7669760,0.6265305280685425,-0.09036763710388374
finetune,29,"biggrid50-goal(3,3)",finetune,50,7680000,0.6612244844436646,0.010923552879831521
finetune,29,"biggrid50-goal(3,3)",finetune,60,7690240,0.6602040529251099,0.007944338814599959
finetune,29,"biggrid50-goal(3,3)",finetune,70,7700480,0.6448979377746582,-0.036742828046794546
finetune,29,"biggrid50-goal(3,3)",finetune,80,7710720,0.8428570032119751,0.5412111270861024
finetune,29,"biggrid50-goal(3,3)",finetune,90,7720960,0.8295917510986328,0.502482388355171
finetune,29,"biggrid50-goal(3,3)",finetune,100,7731200,0.8499997854232788,0.5620649294646707
finetune,29,"biggrid50-goal(3,3)",finetune,110,7741440,0.8734692335128784,0.6305854608088914
finetune,29,"biggrid50-goal(3,3)",finetune,120,7751680,0.9224488139152527,0.7735844295692564
finetune,29,"biggrid50-goal(3,3)",finetune,130,7761920,0.9265305399894714,0.7855012858301827
finetune,29,"biggrid50-goal(3,3)",finetune,140,7772160,0.8448978662490845,0.5471695552165655
finetune,29,"biggrid50-goal(3,3)",finetune,150,7782400,0.8459182977676392,0.5501487692817971
finetune,29,"biggrid50-goal(3,3)",finetune,160,7792640,0.8102039098739624,0.4458783652328503
finetune,29,"biggrid50-goal(3,3)",finetune,170,7802880,0.8510202169418335,0.5650441435299023
finetune,29,"biggrid50-goal(3,3)",finetune,180,7813120,0.79795902967453,0.4101286665476373
finetune,29,"biggrid50-goal(3,3)",finetune,190,7823360,0.8255100250244141,0.4905655320942448
finetune,29,"biggrid50-goal(3,3)",finetune,200,7833600,0.8989793658256531,0.7050638982250358
finetune,29,"biggrid50-goal(3,3)",finetune,210,7843840,0.7877549529075623,0.38033722197337433
finetune,29,"biggrid50-goal(3,3)",finetune,220,7854080,0.839795708656311,0.5322734848904077
finetune,29,"biggrid50-goal(3,3)",finetune,230,7864320,0.8153060078620911,0.46077426153949497
finetune,29,"biggrid50-goal(3,3)",finetune,240,7874560,0.7755101323127747,0.3445876973076745
finetune,29,"biggrid50-goal(3,3)",finetune,250,7884800,0.770408034324646,0.32969180100102985
finetune,29,"biggrid50-goal(3,3)",finetune,260,7895040,0.8030611276626587,0.425024562854282
finetune,29,"biggrid50-goal(3,3)",finetune,270,7905280,0.7918366193771362,0.3922539042147874
finetune,29,"biggrid50-goal(3,3)",finetune,280,7915520,0.8265304565429688,0.49354474615947636
finetune,29,"biggrid50-goal(3,3)",finetune,290,7925760,0.9551018476486206,0.8689170174029954
finetune,29,"biggrid50-goal(3,3)",finetune,300,7936000,0.8979590535163879,0.7020850321988306
finetune,29,"biggrid50-goal(3,3)",finetune,310,7946240,0.7857141494750977,0.37437896786242436
finetune,29,"biggrid50-goal(3,3)",finetune,320,7956480,0.9459182620048523,0.8421049609134772
finetune,29,"biggrid50-goal(3,3)",finetune,330,7966720,0.9999998807907104,0.9999996519609737
finetune,29,"biggrid50-goal(3,3)",finetune,340,7976960,0.9683672189712524,0.9076461041729531
finetune,29,"biggrid50-goal(3,3)",finetune,350,7987200,0.9030610918998718,0.716980754485962
finetune,29,"biggrid50-goal(3,3)",finetune,360,7997440,0.9999998807907104,0.9999996519609737
finetune,29,"biggrid50-goal(3,3)",finetune,370,8007680,0.8602039217948914,0.5918565480584469
finetune,29,"biggrid50-goal(3,3)",finetune,380,8017920,0.847959041595459,0.556106849373234
finetune,29,"biggrid50-goal(3,3)",finetune,390,8028160,0.8959182500839233,0.6961267780878806
finetune,29,"biggrid50-goal(3,3)",finetune,400,8038400,0.7826529741287231,0.365441673705756
finetune,29,"biggrid50-goal(3,3)",finetune,410,8048640,0.7846937775611877,0.37139992781670594
finetune,29,"biggrid50-goal(3,3)",finetune,420,8058880,0.7499998807907104,0.27010891185250385
finetune,29,"biggrid50-goal(3,3)",finetune,430,8069120,0.7836733460426331,0.3684207137514744
finetune,29,"biggrid50-goal(3,3)",finetune,440,8079360,0.7397958040237427,0.24031746727824085
finetune,29,"biggrid50-goal(3,3)",finetune,450,8089600,0.8081631660461426,0.43992028514141346
finetune,29,"biggrid50-goal(3,3)",finetune,460,8099840,0.8418366312980652,0.538232087040384
finetune,29,"biggrid50-goal(3,3)",finetune,470,8110080,0.8316324949264526,0.5084404684466078
finetune,29,"biggrid50-goal(3,3)",finetune,480,8120320,0.8102039098739624,0.4458783652328503
finetune,29,"biggrid50-goal(3,3)",finetune,490,8130560,0.8255100250244141,0.4905655320942448
finetune,29,"biggrid50-goal(3,3)",finetune,500,8140800,0.8265304565429688,0.49354474615947636
finetune,30,"biggrid50-goal(9,10)",finetune,10,8151040,0.9591835737228394,0.8356161029417589
finetune,30,"biggrid50-goal(9,10)",finetune,20,8161280,0.9999998807907104,0.9999995198970275
finetune,30,"biggrid50-goal(9,10)",finetune,30,8171520,0.9551019668579102,0.8191778572668266
finetune,30,"biggrid50-goal(9,10)",finetune,40,8181760,0.9448978304862976,0.7780817629765232
finetune,30,"biggrid50-goal(9,10)",finetune,50,8192000,0.9959182739257812,0.9835612742220952
finetune,30,"biggrid50-goal(9,10)",finetune,60,8202240,0.9999998807907104,0.9999995198970275
finetune,30,"biggrid50-goal(9,10)",finetune,70,8212480,0.9999998807907104,0.9999995198970275
finetune,30,"biggrid50-goal(9,10)",finetune,80,8222720,0.9999998807907104,0.9999995198970275
finetune,30,"biggrid50-goal(9,10)",finetune,90,8232960,0.9999998807907104,0.9999995198970275
finetune,30,"biggrid50-goal(9,10)",finetune,100,8243200,0.9999998807907104,0.9999995198970275
finetune,30,"biggrid50-goal(9,10)",finetune,110,8253440,0.9999998807907104,0.9999995198970275
finetune,30,"biggrid50-goal(9,10)",finetune,120,8263680,0.9999998807907104,0.9999995198970275
finetune,30,"biggrid50-goal(9,10)",finetune,130,8273920,0.9999998807907104,0.9999995198970275
finetune,30,"biggrid50-goal(9,10)",finetune,140,8284160,0.9999998807907104,0.9999995198970275
finetune,30,"biggrid50-goal(9,10)",finetune,150,8294400,0.9999998807907104,0.9999995198970275
finetune,31,"biggrid50-goal(46,17)",finetune,10,8304640,0.7173469662666321,-0.10358520305802413
finetune,31,"biggrid50-goal(46,17)",finetune,20,8314880,0.7897958755493164,0.17928295938839517
finetune,31,"biggrid50-goal(46,17)",finetune,30,8325120,0.7806121706962585,0.14342627442301334
finetune,31,"biggrid50-goal(46,17)",finetune,40,8335360,0.7928570508956909,0.1912349549909321
finetune,31,"biggrid50-goal(46,17)",finetune,50,8345600,0.7683672904968262,0.09561759385509457
finetune,31,"biggrid50-goal(46,17)",finetune,60,8355840,0.7765306234359741,0.12749035785938312
finetune,31,"biggrid50-goal(46,17)",finetune,70,8366080,0.8010203242301941,0.2231074862759636
finetune,31,"biggrid50-goal(46,17)",finetune,80,8376320,0.7785714268684387,0.13545843250082673
finetune,31,"biggrid50-goal(46,17)",finetune,90,8386560,0.8357141613960266,0.3585654533382763
finetune,31,"biggrid50-goal(46,17)",finetune,100,8396800,0.8469387292861938,0.4023904456643588
finetune,31,"biggrid50-goal(46,17)",finetune,110,8407040,0.8622447848320007,0.4621511218348145
finetune,31,"biggrid50-goal(46,17)",finetune,120,8417280,0.8499999046325684,0.41434244126689573
finetune,31,"biggrid50-goal(46,17)",finetune,130,8427520,0.8612244725227356,0.45816743359297823
finetune,31,"biggrid50-goal(46,17)",finetune,140,8437760,0.8663265109062195,0.4780877365562158
finetune,31,"biggrid50-goal(46,17)",finetune,150,8448000,0.896938681602478,0.5976093216163841
finetune,31,"biggrid50-goal(46,17)",finetune,160,8458240,0.8928570747375488,0.5816731723334969
finetune,31,"biggrid50-goal(46,17)",finetune,170,8468480,0.9224488139152527,0.697210603713315
finetune,31,"biggrid50-goal(46,17)",finetune,180,8478720,0.9051019549369812,0.6294818529014157
finetune,31,"biggrid50-goal(46,17)",finetune,190,8488960,0.9030610918998718,0.621513545540715
finetune,31,"biggrid50-goal(46,17)",finetune,200,8499200,0.9214285016059875,0.6932269154714787
finetune,31,"biggrid50-goal(46,17)",finetune,210,8509440,0.9683672189712524,0.8764935631017102
finetune,31,"biggrid50-goal(46,17)",finetune,220,8519680,0.984693706035614,0.9402383929525162
finetune,31,"biggrid50-goal(46,17)",finetune,230,8529920,0.9816325306892395,0.9282863973499793
finetune,31,"biggrid50-goal(46,17)",finetune,240,8540160,0.9653059840202332,0.8645413347799162
finetune,31,"biggrid50-goal(46,17)",finetune,250,8550400,0.9857141375541687,0.9442225466328665
finetune,32,"biggrid50-goal(40,10)",finetune,10,8560640,0.7081632614135742,0.12180130701838561
finetune,32,"biggrid50-goal(40,10)",finetune,20,8570880,0.704081654548645,0.10951888558163395
finetune,32,"biggrid50-goal(40,10)",finetune,30,8581120,0.7397958636283875,0.2169905215607812
finetune,32,"biggrid50-goal(40,10)",finetune,40,8591360,0.6887755393981934,0.06345953614927309
finetune,32,"biggrid50-goal(40,10)",finetune,50,8601600,0.7275509834289551,0.18014307788749812
finetune,32,"biggrid50-goal(40,10)",finetune,60,8611840,0.7255101799964905,0.1740018671691223
finetune,32,"biggrid50-goal(40,10)",finetune,70,8622080,0.7255101799964905,0.1740018671691223
finetune,32,"biggrid50-goal(40,10)",finetune,80,8632320,0.7275509834289551,0.18014307788749812
finetune,32,"biggrid50-goal(40,10)",finetune,90,8642560,0.7285714149475098,0.18321377292820007
finetune,32,"biggrid50-goal(40,10)",finetune,100,8652800,0.6938775777816772,0.07881265262672671
finetune,32,"biggrid50-goal(40,10)",finetune,110,8663040,0.7275509834289551,0.18014307788749812
finetune,32,"biggrid50-goal(40,10)",finetune,120,8673280,0.6969388127326965,0.08802455838580449
finetune,32,"biggrid50-goal(40,10)",finetune,130,8683520,0.7255101799964905,0.1740018671691223
finetune,32,"biggrid50-goal(40,10)",finetune,140,8693760,0.690816342830658,0.06960074686764892
finetune,32,"biggrid50-goal(40,10)",finetune,150,8704000,0.7183672785758972,0.15250736061026476
finetune,32,"biggrid50-goal(40,10)",finetune,160,8714240,0.7091836929321289,0.12487200205908756
finetune,32,"biggrid50-goal(40,10)",finetune,170,8724480,0.7010204195976257,0.10030697982255615
finetune,32,"biggrid50-goal(40,10)",finetune,180,8734720,0.699999988079071,0.0972362847818542
finetune,32,"biggrid50-goal(40,10)",finetune,190,8744960,0.6938775777816772,0.07881265262672671
finetune,32,"biggrid50-goal(40,10)",finetune,200,8755200,0.6938775777816772,0.07881265262672671
finetune,32,"biggrid50-goal(40,10)",finetune,210,8765440,0.6948980093002319,0.08188334766742866
finetune,32,"biggrid50-goal(40,10)",finetune,220,8775680,0.6938775777816772,0.07881265262672671
finetune,32,"biggrid50-goal(40,10)",finetune,230,8785920,0.6979591846466064,0.09109507406347837
finetune,32,"biggrid50-goal(40,10)",finetune,240,8796160,0.7234693765640259,0.16786065645074646
finetune,32,"biggrid50-goal(40,10)",finetune,250,8806400,0.6979591846466064,0.09109507406347837
finetune,32,"biggrid50-goal(40,10)",finetune,260,8816640,0.7173469662666321,0.14943702429561898
finetune,32,"biggrid50-goal(40,10)",finetune,270,8826880,0.6795918345451355,0.035823818872039725
finetune,32,"biggrid50-goal(40,10)",finetune,280,8837120,0.6816326379776001,0.04196502959041556
finetune,32,"biggrid50-goal(40,10)",finetune,290,8847360,0.6979591846466064,0.09109507406347837
finetune,32,"biggrid50-goal(40,10)",finetune,300,8857600,0.6826530694961548,0.04503572463111751
finetune,32,"biggrid50-goal(40,10)",finetune,310,8867840,0.6795918345451355,0.035823818872039725
finetune,32,"biggrid50-goal(40,10)",finetune,320,8878080,0.7173469662666321,0.14943702429561898
finetune,32,"biggrid50-goal(40,10)",finetune,330,8888320,0.7214285731315613,0.16171944573237063
finetune,32,"biggrid50-goal(40,10)",finetune,340,8898560,0.7030612230300903,0.10644819054093199
finetune,32,"biggrid50-goal(40,10)",finetune,350,8908800,0.7173469662666321,0.14943702429561898
finetune,32,"biggrid50-goal(40,10)",finetune,360,8919040,0.6836735010147095,0.048106419671819466
finetune,32,"biggrid50-goal(40,10)",finetune,370,8929280,0.6775510311126709,0.029682608153663893
finetune,32,"biggrid50-goal(40,10)",finetune,380,8939520,0.676530659198761,0.026612092475990015
finetune,32,"biggrid50-goal(40,10)",finetune,390,8949760,0.6775510311126709,0.029682608153663893
finetune,32,"biggrid50-goal(40,10)",finetune,400,8960000,0.6775510311126709,0.029682608153663893
finetune,32,"biggrid50-goal(40,10)",finetune,410,8970240,0.7020407915115356,0.10337749550023004
finetune,32,"biggrid50-goal(40,10)",finetune,420,8980480,0.6959183812141418,0.08495386334510253
finetune,32,"biggrid50-goal(40,10)",finetune,430,8990720,0.6959183812141418,0.08495386334510253
finetune,32,"biggrid50-goal(40,10)",finetune,440,9000960,0.6948979496955872,0.08188316830440058
finetune,32,"biggrid50-goal(40,10)",finetune,450,9011200,0.7357142567634583,0.20470810012402954
finetune,32,"biggrid50-goal(40,10)",finetune,460,9021440,0.7081632018089294,0.12180112765535753
finetune,32,"biggrid50-goal(40,10)",finetune,470,9031680,0.735714316368103,0.2047082794870576
finetune,32,"biggrid50-goal(40,10)",finetune,480,9041920,0.7438775300979614,0.22927312236056094
finetune,32,"biggrid50-goal(40,10)",finetune,490,9052160,0.7469387650489807,0.23848502811963873
finetune,32,"biggrid50-goal(40,10)",finetune,500,9062400,0.7510203719139099,0.2507674495563904
finetune,33,"biggrid50-goal(46,38)",finetune,10,9072640,0.8306121826171875,0.5202310840845226
finetune,33,"biggrid50-goal(46,38)",finetune,20,9082880,0.893877387046814,0.699421530087948
finetune,33,"biggrid50-goal(46,38)",finetune,30,9093120,0.9244896173477173,0.7861266826316371
finetune,33,"biggrid50-goal(46,38)",finetune,40,9103360,0.8857141733169556,0.6763002911342079
finetune,33,"biggrid50-goal(46,38)",finetune,50,9113600,0.8683673143386841,0.6271675739463162
finetune,33,"biggrid50-goal(46,38)",finetune,60,9123840,0.9510202407836914,0.8612712156984562
finetune,33,"biggrid50-goal(46,38)",finetune,70,9134080,0.9214285016059875,0.7774564712575665
finetune,33,"biggrid50-goal(46,38)",finetune,80,9144320,0.9081631898880005,0.7398842047241568
finetune,33,"biggrid50-goal(46,38)",finetune,90,9154560,0.9448978304862976,0.843930286483151
finetune,33,"biggrid50-goal(46,38)",finetune,100,9164800,0.9438773989677429,0.8410400472027396
finetune,33,"biggrid50-goal(46,38)",finetune,110,9175040,0.928571343421936,0.7976876397532829
finetune,33,"biggrid50-goal(46,38)",finetune,120,9185280,0.9479590654373169,0.8526008355019976
finetune,33,"biggrid50-goal(46,38)",finetune,130,9195520,0.961224377155304,0.8901731020354071
finetune,33,"biggrid50-goal(46,38)",finetune,140,9205760,0.961224377155304,0.8901731020354071
finetune,33,"biggrid50-goal(46,38)",finetune,150,9216000,0.9663263559341431,0.9046237919703007
finetune,34,"biggrid50-goal(27,31)",finetune,10,9226240,0.8785713911056519,0.31213893130080284
finetune,34,"biggrid50-goal(27,31)",finetune,20,9236480,0.8775509595870972,0.30635845566760106
finetune,34,"biggrid50-goal(27,31)",finetune,30,9246720,0.8877550363540649,0.36416186142120016
finetune,34,"biggrid50-goal(27,31)",finetune,40,9256960,0.873469352722168,0.2832372284240033
finetune,34,"biggrid50-goal(27,31)",finetune,50,9267200,0.8775509595870972,0.30635845566760106
finetune,34,"biggrid50-goal(27,31)",finetune,60,9277440,0.8816326260566711,0.32948002055580355
finetune,34,"biggrid50-goal(27,31)",finetune,70,9287680,0.873469352722168,0.2832372284240033
finetune,34,"biggrid50-goal(27,31)",finetune,80,9297920,0.8877550959587097,0.3641621990658049
finetune,34,"biggrid50-goal(27,31)",finetune,90,9308160,0.896938681602478,0.4161847915415975
finetune,34,"biggrid50-goal(27,31)",finetune,100,9318400,0.8785713911056519,0.31213893130080284
finetune,34,"biggrid50-goal(27,31)",finetune,110,9328640,0.8846938014030457,0.3468207721661995
finetune,34,"biggrid50-goal(27,31)",finetune,120,9338880,0.8683673739433289,0.25433586319180845
finetune,34,"biggrid50-goal(27,31)",finetune,130,9349120,0.8785713911056519,0.31213893130080284
finetune,34,"biggrid50-goal(27,31)",finetune,140,9359360,0.8816326260566711,0.32948002055580355
finetune,34,"biggrid50-goal(27,31)",finetune,150,9369600,0.8663265109062195,0.24277491192540485
finetune,35,"biggrid50-goal(21,31)",finetune,10,9379840,0.7979591488838196,0.13788098287707118
finetune,35,"biggrid50-goal(21,31)",finetune,20,9390080,0.7928571701049805,0.1161105690924573
finetune,35,"biggrid50-goal(21,31)",finetune,30,9400320,0.7948979139328003,0.12481853113736087
finetune,35,"biggrid50-goal(21,31)",finetune,40,9410560,0.795918345451355,0.12917276649599013
finetune,35,"biggrid50-goal(21,31)",finetune,50,9420800,0.8030611872673035,0.15965165099786255
finetune,35,"biggrid50-goal(21,31)",finetune,60,9431040,0.8081632852554321,0.18142257345483143
finetune,35,"biggrid50-goal(21,31)",finetune,70,9441280,0.8112244606018066,0.19448477085836424
finetune,35,"biggrid50-goal(21,31)",finetune,80,9451520,0.8295918703079224,0.2728594812966262
finetune,35,"biggrid50-goal(21,31)",finetune,90,9461760,0.8499999046325684,0.3599416451074367
finetune,35,"biggrid50-goal(21,31)",finetune,100,9472000,0.8051020503044128,0.1683601217151211
finetune,35,"biggrid50-goal(21,31)",finetune,110,9482240,0.8387755155563354,0.31204658217957965
finetune,35,"biggrid50-goal(21,31)",finetune,120,9492480,0.8500000238418579,0.35994215377979166
finetune,35,"biggrid50-goal(21,31)",finetune,130,9502720,0.8346937894821167,0.2946296407450626
finetune,35,"biggrid50-goal(21,31)",finetune,140,9512960,0.8948979377746582,0.5515239315082847
finetune,35,"biggrid50-goal(21,31)",finetune,150,9523200,0.9173468351364136,0.6473145660363538
finetune,35,"biggrid50-goal(21,31)",finetune,160,9533440,0.8326530456542969,0.285921678700159
finetune,35,"biggrid50-goal(21,31)",finetune,170,9543680,0.8785713315010071,0.4818574374511039
finetune,35,"biggrid50-goal(21,31)",finetune,180,9553920,0.8540816307067871,0.37735858654195376
finetune,35,"biggrid50-goal(21,31)",finetune,190,9564160,0.8653060793876648,0.4252539038059883
finetune,35,"biggrid50-goal(21,31)",finetune,200,9574400,0.8581631779670715,0.3947747649679384
finetune,35,"biggrid50-goal(21,31)",finetune,210,9584640,0.936734676361084,0.730043511833245
finetune,35,"biggrid50-goal(21,31)",finetune,220,9594880,0.8897958993911743,0.5297532633874934
finetune,35,"biggrid50-goal(21,31)",finetune,230,9605120,0.949999988079071,0.7866472998145381
finetune,35,"biggrid50-goal(21,31)",finetune,240,9615360,0.9030612111091614,0.5863570513687865
finetune,35,"biggrid50-goal(21,31)",finetune,250,9625600,0.9428570866584778,0.7561681609764882
finetune,36,"biggrid50-goal(46,10)",finetune,10,9635840,0.9897956848144531,0.9691984730214966
finetune,36,"biggrid50-goal(46,10)",finetune,20,9646080,0.9897956848144531,0.9691984730214966
finetune,36,"biggrid50-goal(46,10)",finetune,30,9656320,0.9897956848144531,0.9691984730214966
finetune,36,"biggrid50-goal(46,10)",finetune,40,9666560,0.9897956848144531,0.9691984730214966
finetune,36,"biggrid50-goal(46,10)",finetune,50,9676800,0.9897956848144531,0.9691984730214966
finetune,36,"biggrid50-goal(46,10)",finetune,60,9687040,0.9693875312805176,0.9075968583881806
finetune,36,"biggrid50-goal(46,10)",finetune,70,9697280,0.9693875312805176,0.9075968583881806
finetune,36,"biggrid50-goal(46,10)",finetune,80,9707520,0.9897956848144531,0.9691984730214966
finetune,36,"biggrid50-goal(46,10)",finetune,90,9717760,0.9897956848144531,0.9691984730214966
finetune,36,"biggrid50-goal(46,10)",finetune,100,9728000,0.9897956848144531,0.9691984730214966
finetune,36,"biggrid50-goal(46,10)",finetune,110,9738240,0.9897956848144531,0.9691984730214966
finetune,36,"biggrid50-goal(46,10)",finetune,120,9748480,0.9897956848144531,0.9691984730214966
finetune,36,"biggrid50-goal(46,10)",finetune,130,9758720,0.9897956848144531,0.9691984730214966
finetune,36,"biggrid50-goal(46,10)",finetune,140,9768960,0.9897956848144531,0.9691984730214966
finetune,36,"biggrid50-goal(46,10)",finetune,150,9779200,0.9897956848144531,0.9691984730214966
finetune,37,"biggrid50-goal(9,17)",finetune,10,9789440,0.8571427464485168,0.40256001515568857
finetune,37,"biggrid50-goal(9,17)",finetune,20,9799680,0.8714284896850586,0.4623040884214777
finetune,37,"biggrid50-goal(9,17)",finetune,30,9809920,0.9183672666549683,0.6586056517257668
finetune,37,"biggrid50-goal(9,17)",finetune,40,9820160,0.8877549171447754,0.5305824595339377
finetune,37,"biggrid50-goal(9,17)",finetune,50,9830400,0.8867346048355103,0.526315435246199
finetune,37,"biggrid50-goal(9,17)",finetune,60,9840640,0.9214285612106323,0.6714082202161431
finetune,37,"biggrid50-goal(9,17)",finetune,70,9850880,0.8959182500839233,0.5647221436325544
finetune,37,"biggrid50-goal(9,17)",finetune,80,9861120,0.896938681602478,0.5689896664626798
finetune,37,"biggrid50-goal(9,17)",finetune,90,9871360,0.8959182500839233,0.5647221436325544
finetune,37,"biggrid50-goal(9,17)",finetune,100,9881600,0.9030612111091614,0.5945945541722389
finetune,37,"biggrid50-goal(9,17)",finetune,110,9891840,0.9030610918998718,0.5945940556298522
finetune,37,"biggrid50-goal(9,17)",finetune,120,9902080,0.9132652282714844,0.6372685361175264
finetune,37,"biggrid50-goal(9,17)",finetune,130,9912320,0.9622448682785034,0.8421051450820664
finetune,37,"biggrid50-goal(9,17)",finetune,140,9922560,0.8979591131210327,0.5732571892928051
finetune,37,"biggrid50-goal(9,17)",finetune,150,9932800,0.8928570747375488,0.5519200736845647
finetune,38,"biggrid50-goal(33,24)",finetune,10,9943040,0.8418367505073547,0.2262895567682559
finetune,38,"biggrid50-goal(33,24)",finetune,20,9953280,0.8540816307067871,0.28618963922617846
finetune,38,"biggrid50-goal(33,24)",finetune,30,9963520,0.8489795923233032,0.2612312472373097
finetune,38,"biggrid50-goal(33,24)",finetune,40,9973760,0.8500000238418579,0.2662230422658084
finetune,38,"biggrid50-goal(33,24)",finetune,50,9984000,0.8591836094856262,0.31114773963823483
finetune,38,"biggrid50-goal(33,24)",finetune,60,9994240,0.8693877458572388,0.36106481519278477
finetune,38,"biggrid50-goal(33,24)",finetune,70,10004480,0.8500000238418579,0.2662230422658084
finetune,38,"biggrid50-goal(33,24)",finetune,80,10014720,0.8530611991882324,0.28119784419767974
finetune,38,"biggrid50-goal(33,24)",finetune,90,10024960,0.8693877458572388,0.36106481519278477
finetune,38,"biggrid50-goal(33,24)",finetune,100,10035200,0.8806121945381165,0.4159731026222086
finetune,38,"biggrid50-goal(33,24)",finetune,110,10045440,0.896938681602478,0.49583978204050116
finetune,38,"biggrid50-goal(33,24)",finetune,120,10055680,0.9030612111091614,0.525790260634681
finetune,38,"biggrid50-goal(33,24)",finetune,130,10065920,0.8928570747375488,0.47587318508013116
finetune,38,"biggrid50-goal(33,24)",finetune,140,10076160,0.9040815234184265,0.530781472509555
finetune,38,"biggrid50-goal(33,24)",finetune,150,10086400,0.8877550363540649,0.45091479309126237
finetune,39,"biggrid50-goal(40,17)",finetune,10,10096640,0.9499999284744263,0.7881842408400496
finetune,39,"biggrid50-goal(40,17)",finetune,20,10106880,0.951020359992981,0.792507104191612
finetune,39,"biggrid50-goal(40,17)",finetune,30,10117120,0.9581631422042847,0.8227661376377471
finetune,39,"biggrid50-goal(40,17)",finetune,40,10127360,0.9540815353393555,0.8054751892388983
finetune,39,"biggrid50-goal(40,17)",finetune,50,10137600,0.9469386339187622,0.7752156507853623
finetune,39,"biggrid50-goal(40,17)",finetune,60,10147840,0.9479590654373169,0.7795385141369247
finetune,39,"biggrid50-goal(40,17)",finetune,70,10158080,0.9591835141181946,0.8270887484856091
finetune,39,"biggrid50-goal(40,17)",finetune,80,10168320,0.9520406723022461,0.7968294625357735
finetune,39,"biggrid50-goal(40,17)",finetune,90,10178560,0.959183394908905,0.8270882434782082
finetune,39,"biggrid50-goal(40,17)",finetune,100,10188800,0.946938693523407,0.7752159032890626
finetune,39,"biggrid50-goal(40,17)",finetune,110,10199040,0.9704079627990723,0.8746389828342934
finetune,39,"biggrid50-goal(40,17)",finetune,120,10209280,0.9744895696640015,0.8919299312331422
finetune,39,"biggrid50-goal(40,17)",finetune,130,10219520,0.9897958040237427,0.9567718714917767
finetune,39,"biggrid50-goal(40,17)",finetune,140,10229760,0.9867345094680786,0.9438032814370895
finetune,39,"biggrid50-goal(40,17)",finetune,150,10240000,0.9806119799613953,0.9178663538314153
finetune,40,"biggrid50-goal(40,38)",finetune,10,10250240,0.7071428298950195,0.16891879205767416
finetune,40,"biggrid50-goal(40,38)",finetune,20,10260480,0.710204005241394,0.1776059118016648
finetune,40,"biggrid50-goal(40,38)",finetune,30,10270720,0.6999999284744263,0.14864839492615914
finetune,40,"biggrid50-goal(40,38)",finetune,40,10280960,0.7051020264625549,0.1631273225122383
finetune,40,"biggrid50-goal(40,38)",finetune,50,10291200,0.7081632614135742,0.17181461140455526
finetune,40,"biggrid50-goal(40,38)",finetune,60,10301440,0.7081632614135742,0.17181461140455526
finetune,40,"biggrid50-goal(40,38)",finetune,70,10311680,0.7112244367599487,0.1805017311485459
finetune,40,"biggrid50-goal(40,38)",finetune,80,10321920,0.7091836333274841,0.17471026160311004
finetune,40,"biggrid50-goal(40,38)",finetune,90,10332160,0.7112244367599487,0.1805017311485459
finetune,40,"biggrid50-goal(40,38)",finetune,100,10342400,0.7091836333274841,0.17471026160311004
finetune,40,"biggrid50-goal(40,38)",finetune,110,10352640,0.6999999284744263,0.14864839492615914
finetune,40,"biggrid50-goal(40,38)",finetune,120,10362880,0.7693876624107361,0.3455595435092628
finetune,40,"biggrid50-goal(40,38)",finetune,130,10373120,0.6989794969558716,0.14575257557927804
finetune,40,"biggrid50-goal(40,38)",finetune,140,10383360,0.6989794969558716,0.14575257557927804
finetune,40,"biggrid50-goal(40,38)",finetune,150,10393600,0.6959183216094971,0.13706545583528743
finetune,40,"biggrid50-goal(40,38)",finetune,160,10403840,0.6959183216094971,0.13706545583528743
finetune,40,"biggrid50-goal(40,38)",finetune,170,10414080,0.6999999284744263,0.14864839492615914
finetune,40,"biggrid50-goal(40,38)",finetune,180,10424320,0.7173468470573425,0.19787613978485347
finetune,40,"biggrid50-goal(40,38)",finetune,190,10434560,0.7173468470573425,0.19787613978485347
finetune,40,"biggrid50-goal(40,38)",finetune,200,10444800,0.7173468470573425,0.19787613978485347
finetune,40,"biggrid50-goal(40,38)",finetune,210,10455040,0.7173468470573425,0.19787613978485347
finetune,40,"biggrid50-goal(40,38)",finetune,220,10465280,0.7295917272567749,0.23262512620579498
finetune,40,"biggrid50-goal(40,38)",finetune,230,10475520,0.6999999284744263,0.14864839492615914
finetune,40,"biggrid50-goal(40,38)",finetune,240,10485760,0.6999999284744263,0.14864839492615914
finetune,40,"biggrid50-goal(40,38)",finetune,250,10496000,0.6999999284744263,0.14864839492615914
finetune,40,"biggrid50-goal(40,38)",finetune,260,10506240,0.7173468470573425,0.19787613978485347
finetune,40,"biggrid50-goal(40,38)",finetune,270,10516480,0.7306121587753296,0.23552094555267608
finetune,40,"biggrid50-goal(40,38)",finetune,280,10526720,0.741836667060852,0.26737428177506284
finetune,40,"biggrid50-goal(40,38)",finetune,290,10536960,0.7683672904968262,0.34266389331070807
finetune,40,"biggrid50-goal(40,38)",finetune,300,10547200,0.7071428298950195,0.16891879205767416
finetune,40,"biggrid50-goal(40,38)",finetune,310,10557440,0.7071428298950195,0.16891879205767416
finetune,40,"biggrid50-goal(40,38)",finetune,320,10567680,0.741836667060852,0.26737428177506284
finetune,40,"biggrid50-goal(40,38)",finetune,330,10577920,0.7357141971588135,0.24999970399042892
finetune,40,"biggrid50-goal(40,38)",finetune,340,10588160,0.7683672904968262,0.34266389331070807
finetune,40,"biggrid50-goal(40,38)",finetune,350,10598400,0.7244897484779358,0.2181465369163685
finetune,40,"biggrid50-goal(40,38)",finetune,360,10608640,0.7397958040237427,0.26158264308130064
finetune,40,"biggrid50-goal(40,38)",finetune,370,10618880,0.7397958040237427,0.26158264308130064
finetune,40,"biggrid50-goal(40,38)",finetune,380,10629120,0.7397958040237427,0.26158264308130064
finetune,40,"biggrid50-goal(40,38)",finetune,390,10639360,0.7397958040237427,0.26158264308130064
finetune,40,"biggrid50-goal(40,38)",finetune,400,10649600,0.7091835737228394,0.1747100924547837
finetune,40,"biggrid50-goal(40,38)",finetune,410,10659840,0.7397958040237427,0.26158264308130064
finetune,40,"biggrid50-goal(40,38)",finetune,420,10670080,0.7438774704933167,0.2731657513204987
finetune,40,"biggrid50-goal(40,38)",finetune,430,10680320,0.7397958040237427,0.26158264308130064
finetune,40,"biggrid50-goal(40,38)",finetune,440,10690560,0.7397958040237427,0.26158264308130064
finetune,40,"biggrid50-goal(40,38)",finetune,450,10700800,0.7397958040237427,0.26158264308130064
finetune,40,"biggrid50-goal(40,38)",finetune,460,10711040,0.7367346286773682,0.25289552333731
finetune,40,"biggrid50-goal(40,38)",finetune,470,10721280,0.7255101203918457,0.22104218711492327
finetune,40,"biggrid50-goal(40,38)",finetune,480,10731520,0.7357141971588135,0.24999970399042892
finetune,40,"biggrid50-goal(40,38)",finetune,490,10741760,0.728571355342865,0.22972947600724022
finetune,40,"biggrid50-goal(40,38)",finetune,500,10752000,0.7683672904968262,0.34266389331070807
finetune,41,"biggrid50-goal(33,38)",finetune,10,10762240,0.7683672904968262,0.22437328579429172
finetune,41,"biggrid50-goal(33,38)",finetune,20,10772480,0.7673469185829163,0.22095655023673053
finetune,41,"biggrid50-goal(33,38)",finetune,30,10782720,0.7673469185829163,0.22095655023673053
finetune,41,"biggrid50-goal(33,38)",finetune,40,10792960,0.7683672904968262,0.22437328579429172
finetune,41,"biggrid50-goal(33,38)",finetune,50,10803200,0.764285683631897,0.2107059443893805
finetune,41,"biggrid50-goal(33,38)",finetune,60,10813440,0.7724488973617554,0.23804062719920294
finetune,41,"biggrid50-goal(33,38)",finetune,70,10823680,0.764285683631897,0.2107059443893805
finetune,41,"biggrid50-goal(33,38)",finetune,80,10833920,0.7693876624107361,0.22779002135185292
finetune,41,"biggrid50-goal(33,38)",finetune,90,10844160,0.7826529741287231,0.2722091802988142
finetune,41,"biggrid50-goal(33,38)",finetune,100,10854400,0.7826529741287231,0.2722091802988142
finetune,41,"biggrid50-goal(33,38)",finetune,110,10864640,0.7683672904968262,0.22437328579429172
finetune,41,"biggrid50-goal(33,38)",finetune,120,10874880,0.7704080939292908,0.23120695649674733
finetune,41,"biggrid50-goal(33,38)",finetune,130,10885120,0.7897958755493164,0.2961273271384086
finetune,41,"biggrid50-goal(33,38)",finetune,140,10895360,0.8173468708992004,0.38838238058989233
finetune,41,"biggrid50-goal(33,38)",finetune,150,10905600,0.7897958159446716,0.2961271275510754
finetune,41,"biggrid50-goal(33,38)",finetune,160,10915840,0.787755012512207,0.2892934568486198
finetune,41,"biggrid50-goal(33,38)",finetune,170,10926080,0.8367346525192261,0.4533027512315536
finetune,41,"biggrid50-goal(33,38)",finetune,180,10936320,0.8459182977676392,0.4840543691862705
finetune,41,"biggrid50-goal(33,38)",finetune,190,10946560,0.8071427345275879,0.35421362790294786
finetune,41,"biggrid50-goal(33,38)",finetune,200,10956800,0.8051019906997681,0.34738015678782547
finetune,41,"biggrid50-goal(33,38)",finetune,210,10967040,0.8040816187858582,0.3439634212302643
finetune,41,"biggrid50-goal(33,38)",finetune,220,10977280,0.8397958874702454,0.46355335707890366
finetune,41,"biggrid50-goal(33,38)",finetune,230,10987520,0.8428570032119751,0.4738035637515872
finetune,41,"biggrid50-goal(33,38)",finetune,240,10997760,0.820408046245575,0.3986327868499091
finetune,41,"biggrid50-goal(33,38)",finetune,250,11008000,0.8285714387893677,0.42596806842173124
finetune,41,"biggrid50-goal(33,38)",finetune,260,11018240,0.8663264513015747,0.5523914753854929
finetune,41,"biggrid50-goal(33,38)",finetune,270,11028480,0.8989794850349426,0.6617308053867823
finetune,41,"biggrid50-goal(33,38)",finetune,280,11038720,0.8540815114974976,0.5113890519960929
finetune,41,"biggrid50-goal(33,38)",finetune,290,11048960,0.9071427583694458,0.689065687783938
finetune,41,"biggrid50-goal(33,38)",finetune,300,11059200,0.8438774943351746,0.4772206984838149
finetune,41,"biggrid50-goal(33,38)",finetune,310,11069440,0.8489794731140137,0.49430477544628726
finetune,41,"biggrid50-goal(33,38)",finetune,320,11079680,0.8663264513015747,0.5523914753854929
finetune,41,"biggrid50-goal(33,38)",finetune,330,11089920,0.9081631898880005,0.6924826229288323
finetune,41,"biggrid50-goal(33,38)",finetune,340,11100160,0.9265304803848267,0.753985858838266
finetune,41,"biggrid50-goal(33,38)",finetune,350,11110400,0.9224488139152527,0.7403183178460215
finetune,41,"biggrid50-goal(33,38)",finetune,360,11120640,0.8877550363540649,0.6241455167296098
finetune,41,"biggrid50-goal(33,38)",finetune,370,11130880,0.8693876266479492,0.5626418816455098
finetune,41,"biggrid50-goal(33,38)",finetune,380,11141120,0.9091836214065552,0.6958995580737267
finetune,41,"biggrid50-goal(33,38)",finetune,390,11151360,0.9071427583694458,0.689065687783938
finetune,41,"biggrid50-goal(33,38)",finetune,400,11161600,0.8928569555282593,0.641229394104749
finetune,41,"biggrid50-goal(33,38)",finetune,410,11171840,0.9051019549369812,0.6822320170814823
finetune,41,"biggrid50-goal(33,38)",finetune,420,11182080,0.9091836214065552,0.6958995580737267
finetune,41,"biggrid50-goal(33,38)",finetune,430,11192320,0.9091835021972656,0.6958991588990603
finetune,41,"biggrid50-goal(33,38)",finetune,440,11202560,0.9183672070503235,0.7266509764411103
finetune,41,"biggrid50-goal(33,38)",finetune,450,11212800,0.9091835021972656,0.6958991588990603
finetune,42,"biggrid50-goal(9,45)",finetune,10,11223040,0.8193876147270203,0.48093806779863674
finetune,42,"biggrid50-goal(9,45)",finetune,20,11233280,0.8387754559516907,0.5366567844972762
finetune,42,"biggrid50-goal(9,45)",finetune,30,11243520,0.86530601978302,0.6129029716226372
finetune,42,"biggrid50-goal(9,45)",finetune,40,11253760,0.8806121945381165,0.6568913870958293
finetune,42,"biggrid50-goal(9,45)",finetune,50,11264000,0.8989794850349426,0.7096771430680838
finetune,42,"biggrid50-goal(9,45)",finetune,60,11274240,0.8846938014030457,0.6686215170234885
finetune,42,"biggrid50-goal(9,45)",finetune,70,11284480,0.9193876385688782,0.768328135301956
finetune,42,"biggrid50-goal(9,45)",finetune,80,11294720,0.9367345571517944,0.8181814444411898
finetune,42,"biggrid50-goal(9,45)",finetune,90,11304960,0.911224365234375,0.7448677041488495
finetune,42,"biggrid50-goal(9,45)",finetune,100,11315200,0.9724488258361816,0.9208206808504661
finetune,42,"biggrid50-goal(9,45)",finetune,110,11325440,0.9755100011825562,0.9296181926473165
finetune,42,"biggrid50-goal(9,45)",finetune,120,11335680,0.9602039456367493,0.8856301197697004
finetune,42,"biggrid50-goal(9,45)",finetune,130,11345920,0.9724488258361816,0.9208206808504661
finetune,42,"biggrid50-goal(9,45)",finetune,140,11356160,0.9683672189712524,0.9090905509228069
finetune,42,"biggrid50-goal(9,45)",finetune,150,11366400,0.9908161163330078,0.9736064368227206
finetune,43,"biggrid50-goal(9,38)",finetune,10,11376640,0.9367345571517944,0.805845143732338
finetune,43,"biggrid50-goal(9,38)",finetune,20,11386880,0.9336733818054199,0.7964507250318876
finetune,43,"biggrid50-goal(9,38)",finetune,30,11397120,0.9367345571517944,0.805845143732338
finetune,43,"biggrid50-goal(9,38)",finetune,40,11407360,0.928571343421936,0.7807931166374573
finetune,43,"biggrid50-goal(9,38)",finetune,50,11417600,0.9306122064590454,0.7870563063314372
finetune,43,"biggrid50-goal(9,38)",finetune,60,11427840,0.9795917272567749,0.9373692005817595
finetune,43,"biggrid50-goal(9,38)",finetune,70,11438080,0.9867345690727234,0.9592898157499099
finetune,43,"biggrid50-goal(9,38)",finetune,80,11448320,0.9683672785758972,0.902922571866169
finetune,43,"biggrid50-goal(9,38)",finetune,90,11458560,0.9877550005912781,0.9624214105968999
finetune,43,"biggrid50-goal(9,38)",finetune,100,11468800,0.98163241147995,0.9436318415149603
finetune,43,"biggrid50-goal(9,38)",finetune,110,11479040,0.9387754201889038,0.8121083334263178
finetune,43,"biggrid50-goal(9,38)",finetune,120,11489280,0.928571343421936,0.7807931166374573
finetune,43,"biggrid50-goal(9,38)",finetune,130,11499520,0.9775508642196655,0.9311060108877797
finetune,43,"biggrid50-goal(9,38)",finetune,140,11509760,0.9551019668579102,0.8622127534565984
finetune,43,"biggrid50-goal(9,38)",finetune,150,11520000,0.954081654548645,0.859081524450128
finetune,44,"biggrid50-goal(9,3)",finetune,10,11530240,0.6132652759552002,-0.07264145437977533
finetune,44,"biggrid50-goal(9,3)",finetune,20,11540480,0.6193877458572388,-0.055660266470312345
finetune,44,"biggrid50-goal(9,3)",finetune,30,11550720,0.6244897842407227,-0.041509331651933754
finetune,44,"biggrid50-goal(9,3)",finetune,40,11560960,0.6204081773757935,-0.05283001337922796
finetune,44,"biggrid50-goal(9,3)",finetune,50,11571200,0.6316326856613159,-0.021697890651386387
finetune,44,"biggrid50-goal(9,3)",finetune,60,11581440,0.636734664440155,-0.007547121151529469
finetune,44,"biggrid50-goal(9,3)",finetune,70,11591680,0.6357142925262451,-0.010377208924092182
finetune,44,"biggrid50-goal(9,3)",finetune,80,11601920,0.6479591727256775,0.023585001576312103
finetune,44,"biggrid50-goal(9,3)",finetune,90,11612160,0.6448979377746582,0.015094407621580614
finetune,44,"biggrid50-goal(9,3)",finetune,100,11622400,0.6561223864555359,0.04622636503090051
finetune,44,"biggrid50-goal(9,3)",finetune,110,11632640,0.6571428179740906,0.0490566181219849
finetune,44,"biggrid50-goal(9,3)",finetune,120,11642880,0.6499999761581421,0.029245342439959205
finetune,44,"biggrid50-goal(9,3)",finetune,130,11653120,0.6612244248390198,0.0603772998492791
finetune,44,"biggrid50-goal(9,3)",finetune,140,11663360,0.669387698173523,0.08301882862238918
finetune,44,"biggrid50-goal(9,3)",finetune,150,11673600,0.6540815830230713,0.04056602416725341
finetune,44,"biggrid50-goal(9,3)",finetune,160,11683840,0.6714285016059875,0.08867916948603628
finetune,44,"biggrid50-goal(9,3)",finetune,170,11694080,0.6806122064590454,0.11415095135023076
finetune,44,"biggrid50-goal(9,3)",finetune,180,11704320,0.6673468351364136,0.07735832244022041
finetune,44,"biggrid50-goal(9,3)",finetune,190,11714560,0.6673468351364136,0.07735832244022041
finetune,44,"biggrid50-goal(9,3)",finetune,200,11724800,0.6734693050384521,0.0943395103496834
finetune,44,"biggrid50-goal(9,3)",finetune,210,11735040,0.6602040529251099,0.05754721207671639
finetune,44,"biggrid50-goal(9,3)",finetune,220,11745280,0.6683672666549683,0.0801885755313048
finetune,44,"biggrid50-goal(9,3)",finetune,230,11755520,0.6622448563575745,0.0632075529403635
finetune,44,"biggrid50-goal(9,3)",finetune,240,11765760,0.6734693050384521,0.0943395103496834
finetune,44,"biggrid50-goal(9,3)",finetune,250,11776000,0.6602040529251099,0.05754721207671639
finetune,44,"biggrid50-goal(9,3)",finetune,260,11786240,0.6642856597900391,0.0688678938040106
finetune,44,"biggrid50-goal(9,3)",finetune,270,11796480,0.6765305399894714,0.10283010430441487
finetune,44,"biggrid50-goal(9,3)",finetune,280,11806720,0.6755101084709167,0.09999985121333049
finetune,44,"biggrid50-goal(9,3)",finetune,290,11816960,0.6734693050384521,0.0943395103496834
finetune,44,"biggrid50-goal(9,3)",finetune,300,11827200,0.7020407915115356,0.17358494371482952
finetune,44,"biggrid50-goal(9,3)",finetune,310,11837440,0.6846938133239746,0.12547163307752496
finetune,44,"biggrid50-goal(9,3)",finetune,320,11847680,0.7061223387718201,0.18490546012360204
finetune,44,"biggrid50-goal(9,3)",finetune,330,11857920,0.6663264632225037,0.07452823466765769
finetune,44,"biggrid50-goal(9,3)",finetune,340,11868160,0.6448979377746582,0.015094407621580614
finetune,44,"biggrid50-goal(9,3)",finetune,350,11878400,0.6663264632225037,0.07452823466765769
finetune,44,"biggrid50-goal(9,3)",finetune,360,11888640,0.6663264632225037,0.07452823466765769
finetune,44,"biggrid50-goal(9,3)",finetune,370,11898880,0.6448979377746582,0.015094407621580614
finetune,44,"biggrid50-goal(9,3)",finetune,380,11909120,0.6285713911056519,-0.03018864992463955
finetune,44,"biggrid50-goal(9,3)",finetune,390,11919360,0.6622448563575745,0.0632075529403635
finetune,44,"biggrid50-goal(9,3)",finetune,400,11929600,0.6530612111091614,0.037735936394690694
finetune,44,"biggrid50-goal(9,3)",finetune,410,11939840,0.6632652878761292,0.06603780603144788
finetune,44,"biggrid50-goal(9,3)",finetune,420,11950080,0.6653060913085938,0.07169814689509499
finetune,44,"biggrid50-goal(9,3)",finetune,430,11960320,0.6591836214065552,0.054716958985632
finetune,44,"biggrid50-goal(9,3)",finetune,440,11970560,0.6602040529251099,0.05754721207671639
finetune,44,"biggrid50-goal(9,3)",finetune,450,11980800,0.728571355342865,0.2471697055792852
finetune,44,"biggrid50-goal(9,3)",finetune,460,11991040,0.7153060436248779,0.2103772419877965
finetune,44,"biggrid50-goal(9,3)",finetune,470,12001280,0.7153060436248779,0.2103772419877965
finetune,44,"biggrid50-goal(9,3)",finetune,480,12011520,0.701020359992981,0.17075469062374513
finetune,44,"biggrid50-goal(9,3)",finetune,490,12021760,0.7163264751434326,0.2132074950788809
finetune,44,"biggrid50-goal(9,3)",finetune,500,12032000,0.6642856597900391,0.0688678938040106
finetune,45,"biggrid50-goal(40,24)",finetune,10,12042240,0.7438775300979614,-0.08658030879761414
finetune,45,"biggrid50-goal(40,24)",finetune,20,12052480,0.7938774824142456,0.12554072708211061
finetune,45,"biggrid50-goal(40,24)",finetune,30,12062720,0.8418366312980652,0.32900380794254025
finetune,45,"biggrid50-goal(40,24)",finetune,40,12072960,0.8765305280685425,0.47619005474344117
finetune,45,"biggrid50-goal(40,24)",finetune,50,12083200,0.8918365240097046,0.541124590954044
finetune,45,"biggrid50-goal(40,24)",finetune,60,12093440,0.8979590535163879,0.5670989617483714
finetune,45,"biggrid50-goal(40,24)",finetune,70,12103680,0.8928569555282593,0.545453694897802
finetune,45,"biggrid50-goal(40,24)",finetune,80,12113920,0.8785713315010071,0.4848480097627363
finetune,45,"biggrid50-goal(40,24)",finetune,90,12124160,0.8887753486633301,0.5281377848592118
finetune,45,"biggrid50-goal(40,24)",finetune,100,12134400,0.8959182500839233,0.5584410067290763
finetune,45,"biggrid50-goal(40,24)",finetune,110,12144640,0.9081631898880005,0.6103892425812889
finetune,45,"biggrid50-goal(40,24)",finetune,120,12154880,0.9102040529251099,0.619047450468805
finetune,45,"biggrid50-goal(40,24)",finetune,130,12165120,0.8938775062561035,0.5497833045780022
finetune,45,"biggrid50-goal(40,24)",finetune,140,12175360,0.961224377155304,0.8354973374240668
finetune,45,"biggrid50-goal(40,24)",finetune,150,12185600,0.9448978304862976,0.766233191533264
finetune,46,"biggrid50-goal(33,31)",finetune,10,12195840,0.9612244367599487,0.818181564103725
finetune,46,"biggrid50-goal(33,31)",finetune,20,12206080,0.9112244844436646,0.5837320199731806
finetune,46,"biggrid50-goal(33,31)",finetune,30,12216320,0.9081631898880005,0.5693776240232666
finetune,46,"biggrid50-goal(33,31)",finetune,40,12226560,0.919387698173523,0.6220092912293411
finetune,46,"biggrid50-goal(33,31)",finetune,50,12236800,0.9244897961616516,0.6459330049932951
finetune,46,"biggrid50-goal(33,31)",finetune,60,12247040,0.9306122064590454,0.6746409584354156
finetune,46,"biggrid50-goal(33,31)",finetune,70,12257280,0.9306122064590454,0.6746409584354156
finetune,46,"biggrid50-goal(33,31)",finetune,80,12267520,0.9346938133239746,0.6937795940634959
finetune,46,"biggrid50-goal(33,31)",finetune,90,12277760,0.9499999284744263,0.7655498968976506
finetune,46,"biggrid50-goal(33,31)",finetune,100,12288000,0.9632652401924133,0.8277508819177651
finetune,46,"biggrid50-goal(33,31)",finetune,110,12298240,0.974489688873291,0.8803822696379372
finetune,46,"biggrid50-goal(33,31)",finetune,120,12308480,0.9499999284744263,0.7655498968976506
finetune,46,"biggrid50-goal(33,31)",finetune,130,12318720,0.9397958517074585,0.7177030283415474
finetune,46,"biggrid50-goal(33,31)",finetune,140,12328960,0.9408162236213684,0.7224875475056163
finetune,46,"biggrid50-goal(33,31)",finetune,150,12339200,0.9408162832260132,0.7224878269915187
finetune,47,"biggrid50-goal(46,45)",finetune,10,12349440,0.7479591369628906,0.32941171060003743
finetune,47,"biggrid50-goal(46,45)",finetune,20,12359680,0.7306121587753296,0.2832577644149608
finetune,47,"biggrid50-goal(46,45)",finetune,30,12369920,0.7571427226066589,0.35384586351160685
finetune,47,"biggrid50-goal(46,45)",finetune,40,12380160,0.7632652521133423,0.370135668820213
finetune,47,"biggrid50-goal(46,45)",finetune,50,12390400,0.7867345809936523,0.43257894455560447
finetune,47,"biggrid50-goal(46,45)",finetune,60,12400640,0.7918366193771362,0.446153597295663
finetune,47,"biggrid50-goal(46,45)",finetune,70,12410880,0.7989794611930847,0.4651580794145255
finetune,47,"biggrid50-goal(46,45)",finetune,80,12421120,0.8234692811965942,0.5303165077184646
finetune,47,"biggrid50-goal(46,45)",finetune,90,12431360,0.8489793539047241,0.598189454246563
finetune,47,"biggrid50-goal(46,45)",finetune,100,12441600,0.8816326260566711,0.6850678344101065
finetune,47,"biggrid50-goal(46,45)",finetune,110,12451840,0.8602039217948914,0.6280539122952277
finetune,47,"biggrid50-goal(46,45)",finetune,120,12462080,0.8826529383659363,0.6877825112203628
finetune,47,"biggrid50-goal(46,45)",finetune,130,12472320,0.8928569555282593,0.7149316581143828
finetune,47,"biggrid50-goal(46,45)",finetune,140,12482560,0.8928570747375488,0.7149319752865769
finetune,47,"biggrid50-goal(46,45)",finetune,150,12492800,0.8928570747375488,0.7149319752865769
finetune,47,"biggrid50-goal(46,45)",finetune,160,12503040,0.8581631779670715,0.6226242415025208
finetune,47,"biggrid50-goal(46,45)",finetune,170,12513280,0.8918366432189941,0.7122169813041265
finetune,47,"biggrid50-goal(46,45)",finetune,180,12523520,0.8479591608047485,0.5954750946085009
finetune,47,"biggrid50-goal(46,45)",finetune,190,12533760,0.9295917749404907,0.8126695384494371
finetune,47,"biggrid50-goal(46,45)",finetune,200,12544000,0.8448978662490845,0.5873301126611492
finetune,47,"biggrid50-goal(46,45)",finetune,210,12554240,0.8928570747375488,0.7149319752865769
finetune,47,"biggrid50-goal(46,45)",finetune,220,12564480,0.9244896173477173,0.7990945685371844
finetune,47,"biggrid50-goal(46,45)",finetune,230,12574720,0.8867346048355103,0.6986423285640679
finetune,47,"biggrid50-goal(46,45)",finetune,240,12584960,0.9091836214065552,0.7583709274892031
finetune,47,"biggrid50-goal(46,45)",finetune,250,12595200,0.8846937417984009,0.6932123405991668
finetune,47,"biggrid50-goal(46,45)",finetune,260,12605440,0.9081631898880005,0.7556559335067525
finetune,47,"biggrid50-goal(46,45)",finetune,270,12615680,0.8826529383659363,0.6877825112203628
finetune,47,"biggrid50-goal(46,45)",finetune,280,12625920,0.9163263440132141,0.7773750924358713
finetune,47,"biggrid50-goal(46,45)",finetune,290,12636160,0.9193875193595886,0.7855197572110287
finetune,47,"biggrid50-goal(46,45)",finetune,300,12646400,0.9102039337158203,0.7610856042994594
finetune,47,"biggrid50-goal(46,45)",finetune,310,12656640,0.9132651090621948,0.7692302690746168
finetune,47,"biggrid50-goal(46,45)",finetune,320,12666880,0.9530609846115112,0.8751124970126344
finetune,47,"biggrid50-goal(46,45)",finetune,330,12677120,0.9520406723022461,0.8723978202023781
finetune,47,"biggrid50-goal(46,45)",finetune,340,12687360,0.9081631898880005,0.7556559335067525
finetune,47,"biggrid50-goal(46,45)",finetune,350,12697600,0.9081631898880005,0.7556559335067525
finetune,48,"biggrid50-goal(3,38)",finetune,10,12707840,0.7540815472602844,0.28838562492486425
finetune,48,"biggrid50-goal(3,38)",finetune,20,12718080,0.8836733102798462,0.663385387767619
finetune,48,"biggrid50-goal(3,38)",finetune,30,12728320,0.911224365234375,0.7431098921132884
finetune,48,"biggrid50-goal(3,38)",finetune,40,12738560,0.9571425318717957,0.8759833186180856
finetune,48,"biggrid50-goal(3,38)",finetune,50,12748800,0.9510202407836914,0.8582672412023717
finetune,48,"biggrid50-goal(3,38)",finetune,60,12759040,0.9632651209831238,0.8937002584237822
finetune,48,"biggrid50-goal(3,38)",finetune,70,12769280,0.9734691381454468,0.9232276290432939
finetune,48,"biggrid50-goal(3,38)",finetune,80,12779520,0.9224488139152527,0.7755900860337495
finetune,48,"biggrid50-goal(3,38)",finetune,90,12789760,0.9734691381454468,0.9232276290432939
finetune,48,"biggrid50-goal(3,38)",finetune,100,12800000,0.9734691381454468,0.9232276290432939
finetune,48,"biggrid50-goal(3,38)",finetune,110,12810240,0.9632651209831238,0.8937002584237822
finetune,48,"biggrid50-goal(3,38)",finetune,120,12820480,0.9632651209831238,0.8937002584237822
finetune,48,"biggrid50-goal(3,38)",finetune,130,12830720,0.9734691381454468,0.9232276290432939
finetune,48,"biggrid50-goal(3,38)",finetune,140,12840960,0.9734691381454468,0.9232276290432939
finetune,48,"biggrid50-goal(3,38)",finetune,150,12851200,0.9581630825996399,0.8789364868750281
finetune,49,"biggrid50-goal(46,3)",finetune,10,12861440,0.623469352722168,-0.1081081175898948
finetune,49,"biggrid50-goal(46,3)",finetune,20,12871680,0.6744897961616516,0.04204212369076082
finetune,49,"biggrid50-goal(46,3)",finetune,30,12881920,0.6734693050384521,0.03903887679513334
finetune,49,"biggrid50-goal(46,3)",finetune,40,12892160,0.7397958040237427,0.23423396242301558
finetune,49,"biggrid50-goal(46,3)",finetune,50,12902400,0.646938681602478,-0.03903922762124112
finetune,49,"biggrid50-goal(46,3)",finetune,60,12912640,0.7795917391777039,0.35135111904757726
finetune,49,"biggrid50-goal(46,3)",finetune,70,12922880,0.7255101203918457,0.19219201414530868
finetune,49,"biggrid50-goal(46,3)",finetune,80,12933120,0.7653060555458069,0.30930917076987036
finetune,49,"biggrid50-goal(46,3)",finetune,90,12943360,0.7255101203918457,0.19219201414530868
finetune,49,"biggrid50-goal(46,3)",finetune,100,12953600,0.7734693288803101,0.3333332163912974
finetune,49,"biggrid50-goal(46,3)",finetune,110,12963840,0.7346938252449036,0.2192191312493093
finetune,49,"biggrid50-goal(46,3)",finetune,120,12974080,0.7469387054443359,0.25525511197492295
finetune,49,"biggrid50-goal(46,3)",finetune,130,12984320,0.7377550005912781,0.2282279948709223
finetune,49,"biggrid50-goal(46,3)",finetune,140,12994560,0.7683672308921814,0.3183180343914833
finetune,49,"biggrid50-goal(46,3)",finetune,150,13004800,0.7612243890762329,0.29729706025262986
finetune,49,"biggrid50-goal(46,3)",finetune,160,13015040,0.7591835260391235,0.2912909172874827
finetune,49,"biggrid50-goal(46,3)",finetune,170,13025280,0.7602039575576782,0.2942939887700563
finetune,49,"biggrid50-goal(46,3)",finetune,180,13035520,0.7642855644226074,0.3063059238742429
finetune,49,"biggrid50-goal(46,3)",finetune,190,13045760,0.7683671712875366,0.31831785897842946
finetune,49,"biggrid50-goal(46,3)",finetune,200,13056000,0.7897957563400269,0.38138095680804374
finetune,49,"biggrid50-goal(46,3)",finetune,210,13066240,0.7908161878585815,0.38438402829061735
finetune,49,"biggrid50-goal(46,3)",finetune,220,13076480,0.8602040410041809,0.5885885037792743
finetune,49,"biggrid50-goal(46,3)",finetune,230,13086720,0.8112243413925171,0.444444054637658
finetune,49,"biggrid50-goal(46,3)",finetune,240,13096960,0.8255100250244141,0.486486002915365
finetune,49,"biggrid50-goal(46,3)",finetune,250,13107200,0.7673467993736267,0.31531496290890976
finetune,49,"biggrid50-goal(46,3)",finetune,260,13117440,0.8173468708992004,0.4624623081200457
finetune,49,"biggrid50-goal(46,3)",finetune,270,13127680,0.7826529741287231,0.36036015808224414
finetune,49,"biggrid50-goal(46,3)",finetune,280,13137920,0.7897958755493164,0.3813813076341515
finetune,49,"biggrid50-goal(46,3)",finetune,290,13148160,0.7602039575576782,0.2942939887700563
finetune,49,"biggrid50-goal(46,3)",finetune,300,13158400,0.7306122183799744,0.20720719614512273
finetune,49,"biggrid50-goal(46,3)",finetune,310,13168640,0.732653021812439,0.21321316369721602
finetune,49,"biggrid50-goal(46,3)",finetune,320,13178880,0.7591835260391235,0.2912909172874827
finetune,49,"biggrid50-goal(46,3)",finetune,330,13189120,0.7581631541252136,0.288288021217963
finetune,49,"biggrid50-goal(46,3)",finetune,340,13199360,0.7948979139328003,0.3963963142209117
finetune,49,"biggrid50-goal(46,3)",finetune,350,13209600,0.7918366193771362,0.3873870997731909
finetune,49,"biggrid50-goal(46,3)",finetune,360,13219840,0.8051019906997681,0.42642632739443204
finetune,49,"biggrid50-goal(46,3)",finetune,370,13230080,0.8051018714904785,0.42642597656832426
finetune,49,"biggrid50-goal(46,3)",finetune,380,13240320,0.8122447729110718,0.44744712612023163
finetune,49,"biggrid50-goal(46,3)",finetune,390,13250560,0.7867345809936523,0.3723720931864308
finetune,49,"biggrid50-goal(46,3)",finetune,400,13260800,0.7918365597724915,0.38738692436013705
finetune,49,"biggrid50-goal(46,3)",finetune,410,13271040,0.7918365597724915,0.38738692436013705
finetune,49,"biggrid50-goal(46,3)",finetune,420,13281280,0.7724488377571106,0.33032996949566995
finetune,49,"biggrid50-goal(46,3)",finetune,430,13291520,0.7693876028060913,0.3213209304610031
finetune,49,"biggrid50-goal(46,3)",finetune,440,13301760,0.79795902967453,0.4054050024294708
finetune,49,"biggrid50-goal(46,3)",finetune,450,13312000,0.7571427226066589,0.2852849497353894
finetune,49,"biggrid50-goal(46,3)",finetune,460,13322240,0.8499997854232788,0.5585579643665922
finetune,49,"biggrid50-goal(46,3)",finetune,470,13332480,0.8530610799789429,0.567567178814313
finetune,49,"biggrid50-goal(46,3)",finetune,480,13342720,0.7959181666374207,0.39939885946432363
finetune,49,"biggrid50-goal(46,3)",finetune,490,13352960,0.79795902967453,0.4054050024294708
finetune,49,"biggrid50-goal(46,3)",finetune,500,13363200,0.7887753248214722,0.3783778853254702
