method,after_task,after_task_name,eval_task,eval_task_name,raw,normalized
finetune,0,"biggrid50-goal(40,31)",0,"biggrid50-goal(40,31)",0.8996597528457642,0.6581688255280836
finetune,1,"biggrid50-goal(9,31)",0,"biggrid50-goal(40,31)",0.7877550721168518,0.2769408584126556
finetune,1,"biggrid50-goal(9,31)",1,"biggrid50-goal(9,31)",0.9755100011825562,0.8907426671431854
finetune,2,"biggrid50-goal(15,31)",0,"biggrid50-goal(40,31)",0.8146257400512695,0.36848171304846283
finetune,2,"biggrid50-goal(15,31)",1,"biggrid50-goal(9,31)",0.9384352564811707,0.7253409555050673
finetune,2,"biggrid50-goal(15,31)",2,"biggrid50-goal(15,31)",0.9568026065826416,0.7879795226575727
finetune,3,"biggrid50-goal(9,24)",0,"biggrid50-goal(40,31)",0.752380907535553,0.15643096763870426
finetune,3,"biggrid50-goal(9,24)",1,"biggrid50-goal(9,31)",0.9472788572311401,0.7647949480509535
finetune,3,"biggrid50-goal(9,24)",2,"biggrid50-goal(15,31)",0.9336733222007751,0.67445688790384
finetune,3,"biggrid50-goal(9,24)",3,"biggrid50-goal(9,24)",0.9717685580253601,0.891644319668302
finetune,4,"biggrid50-goal(21,17)",0,"biggrid50-goal(40,31)",0.8037413954734802,0.3314017935156387
finetune,4,"biggrid50-goal(21,17)",1,"biggrid50-goal(9,31)",0.8251699805259705,0.22003011215207754
finetune,4,"biggrid50-goal(21,17)",2,"biggrid50-goal(15,31)",0.821088433265686,0.12187026160129681
finetune,4,"biggrid50-goal(21,17)",3,"biggrid50-goal(9,24)",0.84965980052948,0.42297617636871837
finetune,4,"biggrid50-goal(21,17)",4,"biggrid50-goal(21,17)",0.8146258592605591,0.317042523686184
finetune,5,"biggrid50-goal(27,3)",0,"biggrid50-goal(40,31)",0.7867346405982971,0.27346453346480554
finetune,5,"biggrid50-goal(27,3)",1,"biggrid50-goal(9,31)",0.8081632852554321,0.1441580723117113
finetune,5,"biggrid50-goal(27,3)",2,"biggrid50-goal(15,31)",0.8142856359481812,0.08848092441176204
finetune,5,"biggrid50-goal(27,3)",3,"biggrid50-goal(9,24)",0.8129251003265381,0.28198396506593376
finetune,5,"biggrid50-goal(27,3)",4,"biggrid50-goal(21,17)",0.7734693288803101,0.16541317554621784
finetune,5,"biggrid50-goal(27,3)",5,"biggrid50-goal(27,3)",0.8979589939117432,0.6871734964597053
finetune,6,"biggrid50-goal(3,31)",0,"biggrid50-goal(40,31)",0.7568026185035706,0.1714945009290844
finetune,6,"biggrid50-goal(3,31)",1,"biggrid50-goal(9,31)",0.881292462348938,0.4704095720691973
finetune,6,"biggrid50-goal(3,31)",2,"biggrid50-goal(15,31)",0.9020407199859619,0.51919845931373
finetune,6,"biggrid50-goal(3,31)",3,"biggrid50-goal(9,24)",0.962584912776947,0.8563963812275148
finetune,6,"biggrid50-goal(3,31)",4,"biggrid50-goal(21,17)",0.8085033893585205,0.2944860518049152
finetune,6,"biggrid50-goal(3,31)",5,"biggrid50-goal(27,3)",0.7540816068649292,0.24608944943022168
finetune,6,"biggrid50-goal(3,31)",6,"biggrid50-goal(3,31)",0.9588433504104614,0.8676142792996783
finetune,7,"biggrid50-goal(33,10)",0,"biggrid50-goal(40,31)",0.8248298764228821,0.403244353357872
finetune,7,"biggrid50-goal(33,10)",1,"biggrid50-goal(9,31)",0.8187074065208435,0.19119860405551442
finetune,7,"biggrid50-goal(33,10)",2,"biggrid50-goal(15,31)",0.8207482695579529,0.12020067772174792
finetune,7,"biggrid50-goal(33,10)",3,"biggrid50-goal(9,24)",0.829591691493988,0.34595235273743674
finetune,7,"biggrid50-goal(33,10)",4,"biggrid50-goal(21,17)",0.7795917987823486,0.18796964742748662
finetune,7,"biggrid50-goal(33,10)",5,"biggrid50-goal(27,3)",0.8666665554046631,0.5912404544339064
finetune,7,"biggrid50-goal(33,10)",6,"biggrid50-goal(3,31)",0.7557822465896606,0.21444180671938623
finetune,7,"biggrid50-goal(33,10)",7,"biggrid50-goal(33,10)",0.9649658799171448,0.8085495792341397
finetune,8,"biggrid50-goal(27,45)",0,"biggrid50-goal(40,31)",0.8353740572929382,0.4391654302226249
finetune,8,"biggrid50-goal(27,45)",1,"biggrid50-goal(9,31)",0.8234692811965942,0.21244277521081698
finetune,8,"biggrid50-goal(27,45)",2,"biggrid50-goal(15,31)",0.8564624786376953,0.2954923575653623
finetune,8,"biggrid50-goal(27,45)",3,"biggrid50-goal(9,24)",0.8435373902320862,0.3994776269981328
finetune,8,"biggrid50-goal(27,45)",4,"biggrid50-goal(21,17)",0.761904776096344,0.12280692122978207
finetune,8,"biggrid50-goal(27,45)",5,"biggrid50-goal(27,3)",0.7238094806671143,0.15328437276327544
finetune,8,"biggrid50-goal(27,45)",6,"biggrid50-goal(3,31)",0.8153060674667358,0.4059079246915223
finetune,8,"biggrid50-goal(27,45)",7,"biggrid50-goal(33,10)",0.853741466999054,0.20074322924606106
finetune,8,"biggrid50-goal(27,45)",8,"biggrid50-goal(27,45)",0.7139455080032349,0.1722439439094656
finetune,9,"biggrid50-goal(21,45)",0,"biggrid50-goal(40,31)",0.8527209758758545,0.4982615329415293
finetune,9,"biggrid50-goal(21,45)",1,"biggrid50-goal(9,31)",0.8377550840377808,0.27617608642006825
finetune,9,"biggrid50-goal(21,45)",2,"biggrid50-goal(15,31)",0.8761904239654541,0.39232061627450804
finetune,9,"biggrid50-goal(21,45)",3,"biggrid50-goal(9,24)",0.8360543847084045,0.3707569489975993
finetune,9,"biggrid50-goal(21,45)",4,"biggrid50-goal(21,17)",0.7717686295509338,0.15914744011339943
finetune,9,"biggrid50-goal(21,45)",5,"biggrid50-goal(27,3)",0.7122448682785034,0.11783080956340963
finetune,9,"biggrid50-goal(21,45)",6,"biggrid50-goal(3,31)",0.8129251003265381,0.3982492339583732
finetune,9,"biggrid50-goal(21,45)",7,"biggrid50-goal(33,10)",0.829931914806366,0.07063153314076732
finetune,9,"biggrid50-goal(21,45)",8,"biggrid50-goal(27,45)",0.6931972503662109,0.11220469826613044
finetune,9,"biggrid50-goal(21,45)",9,"biggrid50-goal(21,45)",0.9367345571517944,0.7609249843344777
finetune,10,"biggrid50-goal(33,3)",0,"biggrid50-goal(40,31)",0.8027209639549255,0.32792546856778865
finetune,10,"biggrid50-goal(33,3)",1,"biggrid50-goal(9,31)",0.8102039694786072,0.1532621852636595
finetune,10,"biggrid50-goal(33,3)",2,"biggrid50-goal(15,31)",0.8044217228889465,0.04006708760736957
finetune,10,"biggrid50-goal(33,3)",3,"biggrid50-goal(9,24)",0.8425169587135315,0.3955610877181263
finetune,10,"biggrid50-goal(33,3)",4,"biggrid50-goal(21,17)",0.7925169467926025,0.23558862184783527
finetune,10,"biggrid50-goal(33,3)",5,"biggrid50-goal(27,3)",0.7867345213890076,0.34619329466409454
finetune,10,"biggrid50-goal(33,3)",6,"biggrid50-goal(3,31)",0.7700679898262024,0.26039375939218223
finetune,10,"biggrid50-goal(33,3)",7,"biggrid50-goal(33,10)",0.9884352087974548,0.93680206220221
finetune,10,"biggrid50-goal(33,3)",8,"biggrid50-goal(27,45)",0.6799319386482239,0.07381885774377048
finetune,10,"biggrid50-goal(33,3)",9,"biggrid50-goal(21,45)",0.7751700282096863,0.15038563538052016
finetune,10,"biggrid50-goal(33,3)",10,"biggrid50-goal(33,3)",0.9795917272567749,0.9274482307356209
finetune,11,"biggrid50-goal(21,24)",0,"biggrid50-goal(40,31)",0.8180271983146667,0.3800695305600843
finetune,11,"biggrid50-goal(21,24)",1,"biggrid50-goal(9,31)",0.8442176580429077,0.30500759451663134
finetune,11,"biggrid50-goal(21,24)",2,"biggrid50-goal(15,31)",0.862925112247467,0.3272121108753482
finetune,11,"biggrid50-goal(21,24)",3,"biggrid50-goal(9,24)",0.8979590535163879,0.6083545364826092
finetune,11,"biggrid50-goal(21,24)",4,"biggrid50-goal(21,17)",0.7979591488838196,0.25563884347519605
finetune,11,"biggrid50-goal(21,24)",5,"biggrid50-goal(27,3)",0.7588434219360352,0.26068771748249037
finetune,11,"biggrid50-goal(21,24)",6,"biggrid50-goal(3,31)",0.8823128342628479,0.6214439122554006
finetune,11,"biggrid50-goal(21,24)",7,"biggrid50-goal(33,10)",0.9482991695404053,0.7174712616721974
finetune,11,"biggrid50-goal(21,24)",8,"biggrid50-goal(27,45)",0.6952381134033203,0.11811034486802932
finetune,11,"biggrid50-goal(21,24)",9,"biggrid50-goal(21,45)",0.839455783367157,0.39331632912778064
finetune,11,"biggrid50-goal(21,24)",10,"biggrid50-goal(33,3)",0.840135931968689,0.4316804208076357
finetune,11,"biggrid50-goal(21,24)",11,"biggrid50-goal(21,24)",0.9013605117797852,0.5109612151619234
finetune,12,"biggrid50-goal(21,3)",0,"biggrid50-goal(40,31)",0.7993196249008179,0.3163380571688948
finetune,12,"biggrid50-goal(21,3)",1,"biggrid50-goal(9,31)",0.8857142329216003,0.49013643538491647
finetune,12,"biggrid50-goal(21,3)",2,"biggrid50-goal(15,31)",0.8789113759994507,0.4056755320098168
finetune,12,"biggrid50-goal(21,3)",3,"biggrid50-goal(9,24)",0.9326528906822205,0.7415136692253809
finetune,12,"biggrid50-goal(21,3)",4,"biggrid50-goal(21,17)",0.8095237016677856,0.29824509779163183
finetune,12,"biggrid50-goal(21,3)",5,"biggrid50-goal(27,3)",0.7561224699020386,0.25234611106634236
finetune,12,"biggrid50-goal(21,3)",6,"biggrid50-goal(3,31)",0.8744897246360779,0.5962798618191663
finetune,12,"biggrid50-goal(21,3)",7,"biggrid50-goal(33,10)",0.8999999165534973,0.4535310717901213
finetune,12,"biggrid50-goal(21,3)",8,"biggrid50-goal(27,45)",0.6948979496955872,0.117126012941714
finetune,12,"biggrid50-goal(21,3)",9,"biggrid50-goal(21,45)",0.8578230738639832,0.46272484135139286
finetune,12,"biggrid50-goal(21,3)",10,"biggrid50-goal(33,3)",0.8795917630195618,0.5719465955375642
finetune,12,"biggrid50-goal(21,3)",11,"biggrid50-goal(21,24)",0.8829931616783142,0.4198988350098124
finetune,12,"biggrid50-goal(21,3)",12,"biggrid50-goal(21,3)",0.9897957444190979,0.9683538898694146
finetune,13,"biggrid50-goal(3,17)",0,"biggrid50-goal(40,31)",0.7166666388511658,0.03476243725304539
finetune,13,"biggrid50-goal(3,17)",1,"biggrid50-goal(9,31)",0.8697278499603271,0.4188163190633004
finetune,13,"biggrid50-goal(3,17)",2,"biggrid50-goal(15,31)",0.8625849485397339,0.3255425269957993
finetune,13,"biggrid50-goal(3,17)",3,"biggrid50-goal(9,24)",0.9795916676521301,0.9216703582489593
finetune,13,"biggrid50-goal(3,17)",4,"biggrid50-goal(21,17)",0.8034012913703918,0.27568884550645995
finetune,13,"biggrid50-goal(3,17)",5,"biggrid50-goal(27,3)",0.7316325306892395,0.1772674505401213
finetune,13,"biggrid50-goal(3,17)",6,"biggrid50-goal(3,31)",0.9833332300186157,0.9463891648679563
finetune,13,"biggrid50-goal(3,17)",7,"biggrid50-goal(33,10)",0.8217686414718628,0.026021818068112084
finetune,13,"biggrid50-goal(3,17)",8,"biggrid50-goal(27,45)",0.680272102355957,0.07480318967008581
finetune,13,"biggrid50-goal(3,17)",9,"biggrid50-goal(21,45)",0.7972788214683533,0.2339329853507658
finetune,13,"biggrid50-goal(3,17)",10,"biggrid50-goal(33,3)",0.8142856359481812,0.33978216288581414
finetune,13,"biggrid50-goal(3,17)",11,"biggrid50-goal(21,24)",0.8418366312980652,0.215851348871461
finetune,13,"biggrid50-goal(3,17)",12,"biggrid50-goal(21,3)",0.8091834783554077,0.4082272233555572
finetune,13,"biggrid50-goal(3,17)",13,"biggrid50-goal(3,17)",0.9534012675285339,0.8474384370361104
finetune,14,"biggrid50-goal(15,45)",0,"biggrid50-goal(40,31)",0.7741495966911316,0.23059080670435259
finetune,14,"biggrid50-goal(15,45)",1,"biggrid50-goal(9,31)",0.9040815830230713,0.5720787702414077
finetune,14,"biggrid50-goal(15,45)",2,"biggrid50-goal(15,31)",0.9248298406600952,0.6310515101879137
finetune,14,"biggrid50-goal(15,45)",3,"biggrid50-goal(9,24)",0.9207481741905212,0.6958219310643333
finetune,14,"biggrid50-goal(15,45)",4,"biggrid50-goal(21,17)",0.7782312631607056,0.18295714691967066
finetune,14,"biggrid50-goal(15,45)",5,"biggrid50-goal(27,3)",0.684353768825531,0.032325232381805465
finetune,14,"biggrid50-goal(15,45)",6,"biggrid50-goal(3,31)",0.9020407199859619,0.684901224631282
finetune,14,"biggrid50-goal(15,45)",7,"biggrid50-goal(33,10)",0.7663264870643616,-0.27695207607790717
finetune,14,"biggrid50-goal(15,45)",8,"biggrid50-goal(27,45)",0.6867347359657288,0.09350411644610468
finetune,14,"biggrid50-goal(15,45)",9,"biggrid50-goal(21,45)",0.9125849604606628,0.6696656024772923
finetune,14,"biggrid50-goal(15,45)",10,"biggrid50-goal(33,3)",0.7054422497749329,-0.04715799314560234
finetune,14,"biggrid50-goal(15,45)",11,"biggrid50-goal(21,24)",0.8486394286155701,0.24957852845926554
finetune,14,"biggrid50-goal(15,45)",12,"biggrid50-goal(21,3)",0.7438775300979614,0.20569611127665444
finetune,14,"biggrid50-goal(15,45)",13,"biggrid50-goal(3,17)",0.8170068264007568,0.4008909020622429
finetune,14,"biggrid50-goal(15,45)",14,"biggrid50-goal(15,45)",0.9102039337158203,0.6489355008745573
finetune,15,"biggrid50-goal(3,24)",0,"biggrid50-goal(40,31)",0.7217686772346497,0.05214365587956808
finetune,15,"biggrid50-goal(3,24)",1,"biggrid50-goal(9,31)",0.8863945007324219,0.4931713169785311
finetune,15,"biggrid50-goal(3,24)",2,"biggrid50-goal(15,31)",0.8982993364334106,0.5008350844899548
finetune,15,"biggrid50-goal(3,24)",3,"biggrid50-goal(9,24)",0.9870747327804565,0.9503912650193105
finetune,15,"biggrid50-goal(3,24)",4,"biggrid50-goal(21,17)",0.7897958159446716,0.22556340123610644
finetune,15,"biggrid50-goal(3,24)",5,"biggrid50-goal(27,3)",0.7040815353393555,0.09280452847813467
finetune,15,"biggrid50-goal(3,24)",6,"biggrid50-goal(3,31)",0.9676868319511414,0.8960604888171918
finetune,15,"biggrid50-goal(3,24)",7,"biggrid50-goal(33,10)",0.7979591488838196,-0.10408955231658999
finetune,15,"biggrid50-goal(3,24)",8,"biggrid50-goal(27,45)",0.6795918345451355,0.07283469829545171
finetune,15,"biggrid50-goal(3,24)",9,"biggrid50-goal(21,45)",0.8258503079414368,0.3419023327325401
finetune,15,"biggrid50-goal(3,24)",10,"biggrid50-goal(33,3)",0.7299319505691528,0.03990332476851469
finetune,15,"biggrid50-goal(3,24)",11,"biggrid50-goal(21,24)",0.8459183573722839,0.2360878930323699
finetune,15,"biggrid50-goal(3,24)",12,"biggrid50-goal(21,3)",0.76666659116745,0.276371049851048
finetune,15,"biggrid50-goal(3,24)",13,"biggrid50-goal(3,17)",0.9622447490692139,0.8763914856349019
finetune,15,"biggrid50-goal(3,24)",14,"biggrid50-goal(15,45)",0.8840134739875793,0.5465419216584944
finetune,15,"biggrid50-goal(3,24)",15,"biggrid50-goal(3,24)",0.9938774704933167,0.9792145062790124
finetune,16,"biggrid50-goal(3,10)",0,"biggrid50-goal(40,31)",0.7037414908409119,-0.009269929119115096
finetune,16,"biggrid50-goal(3,10)",1,"biggrid50-goal(9,31)",0.8721088171005249,0.42943853759817563
finetune,16,"biggrid50-goal(3,10)",2,"biggrid50-goal(15,31)",0.8846938610076904,0.4340569952112461
finetune,16,"biggrid50-goal(3,10)",3,"biggrid50-goal(9,24)",0.9227889776229858,0.7036547808545285
finetune,16,"biggrid50-goal(3,10)",4,"biggrid50-goal(21,17)",0.7962583899497986,0.24937288844628075
finetune,16,"biggrid50-goal(3,10)",5,"biggrid50-goal(27,3)",0.7578230500221252,0.2575595693940339
finetune,16,"biggrid50-goal(3,10)",6,"biggrid50-goal(3,31)",0.8738093972206116,0.594091500130182
finetune,16,"biggrid50-goal(3,10)",7,"biggrid50-goal(33,10)",0.877210795879364,0.3289957122141313
finetune,16,"biggrid50-goal(3,10)",8,"biggrid50-goal(27,45)",0.6731292605400085,0.054133943997429386
finetune,16,"biggrid50-goal(3,10)",9,"biggrid50-goal(21,45)",0.7629251480102539,0.1041132188177272
finetune,16,"biggrid50-goal(3,10)",10,"biggrid50-goal(33,3)",0.8156461119651794,0.34461867910239347
finetune,16,"biggrid50-goal(3,10)",11,"biggrid50-goal(21,24)",0.8602039813995361,0.30691372902357195
finetune,16,"biggrid50-goal(3,10)",12,"biggrid50-goal(21,3)",0.85748291015625,0.5580166054320718
finetune,16,"biggrid50-goal(3,10)",13,"biggrid50-goal(3,17)",0.8850337862968445,0.623607245940994
finetune,16,"biggrid50-goal(3,10)",14,"biggrid50-goal(15,45)",0.8238095045089722,0.3111699586653412
finetune,16,"biggrid50-goal(3,10)",15,"biggrid50-goal(3,24)",0.896938681602478,0.650115138834366
finetune,16,"biggrid50-goal(3,10)",16,"biggrid50-goal(3,10)",0.8003399968147278,0.4289879224092655
finetune,17,"biggrid50-goal(46,31)",0,"biggrid50-goal(40,31)",0.9210882782936096,0.7311698219256607
finetune,17,"biggrid50-goal(46,31)",1,"biggrid50-goal(9,31)",0.8214285373687744,0.2033383963444209
finetune,17,"biggrid50-goal(46,31)",2,"biggrid50-goal(15,31)",0.8272107839584351,0.151919845931373
finetune,17,"biggrid50-goal(46,31)",3,"biggrid50-goal(9,24)",0.8030611872673035,0.2441250766950814
finetune,17,"biggrid50-goal(46,31)",4,"biggrid50-goal(21,17)",0.7496598362922668,0.07769397746724449
finetune,17,"biggrid50-goal(46,31)",5,"biggrid50-goal(27,3)",0.7231292128562927,0.1511988797944365
finetune,17,"biggrid50-goal(46,31)",6,"biggrid50-goal(3,31)",0.7615644931793213,0.23304115554086507
finetune,17,"biggrid50-goal(46,31)",7,"biggrid50-goal(33,10)",0.8986393213272095,0.4460958478441857
finetune,17,"biggrid50-goal(46,31)",8,"biggrid50-goal(27,45)",0.6785714626312256,0.06988204747249882
finetune,17,"biggrid50-goal(46,31)",9,"biggrid50-goal(21,45)",0.818027138710022,0.3123392059708727
finetune,17,"biggrid50-goal(46,31)",10,"biggrid50-goal(33,3)",0.8557822704315186,0.4873034297839555
finetune,17,"biggrid50-goal(46,31)",11,"biggrid50-goal(21,24)",0.8789114356040955,0.39966229084890353
finetune,17,"biggrid50-goal(46,31)",12,"biggrid50-goal(21,3)",0.7612243890762329,0.2594933339445702
finetune,17,"biggrid50-goal(46,31)",13,"biggrid50-goal(3,17)",0.7231292724609375,0.09354120397645102
finetune,17,"biggrid50-goal(46,31)",14,"biggrid50-goal(15,45)",0.7751701474189758,0.12101072072563322
finetune,17,"biggrid50-goal(46,31)",15,"biggrid50-goal(3,24)",0.7551019787788391,0.16859097586738597
finetune,17,"biggrid50-goal(46,31)",16,"biggrid50-goal(3,10)",0.6653060913085938,0.042801456927248585
finetune,17,"biggrid50-goal(46,31)",17,"biggrid50-goal(46,31)",0.8850338459014893,0.5852755681353944
finetune,18,"biggrid50-goal(46,24)",0,"biggrid50-goal(40,31)",0.9554420709609985,0.8482035908081258
finetune,18,"biggrid50-goal(46,24)",1,"biggrid50-goal(9,31)",0.7931972146034241,0.07738987950884538
finetune,18,"biggrid50-goal(46,24)",2,"biggrid50-goal(15,31)",0.7860544323921204,-0.050082835583580565
finetune,18,"biggrid50-goal(46,24)",3,"biggrid50-goal(9,24)",0.7782313227653503,0.14882506109297983
finetune,18,"biggrid50-goal(46,24)",4,"biggrid50-goal(21,17)",0.7551020383834839,0.09774419909460529
finetune,18,"biggrid50-goal(46,24)",5,"biggrid50-goal(27,3)",0.7159863710403442,0.12930111225682572
finetune,18,"biggrid50-goal(46,24)",6,"biggrid50-goal(3,31)",0.7312924861907959,0.13566730460330528
finetune,18,"biggrid50-goal(46,24)",7,"biggrid50-goal(33,10)",0.8636053800582886,0.2546464042401004
finetune,18,"biggrid50-goal(46,24)",8,"biggrid50-goal(27,45)",0.6734694242477417,0.05511827592374472
finetune,18,"biggrid50-goal(46,24)",9,"biggrid50-goal(21,45)",0.7755101323127747,0.15167086140776623
finetune,18,"biggrid50-goal(46,24)",10,"biggrid50-goal(33,3)",0.8265305161476135,0.38331292779065396
finetune,18,"biggrid50-goal(46,24)",11,"biggrid50-goal(21,24)",0.85748291015625,0.29342309359667634
finetune,18,"biggrid50-goal(46,24)",12,"biggrid50-goal(21,3)",0.7353741526603699,0.17932487657575258
finetune,18,"biggrid50-goal(46,24)",13,"biggrid50-goal(3,17)",0.710544228553772,0.05233849594953155
finetune,18,"biggrid50-goal(46,24)",14,"biggrid50-goal(15,45)",0.7588435411453247,0.05718062113375996
finetune,18,"biggrid50-goal(46,24)",15,"biggrid50-goal(3,24)",0.7312924861907959,0.08775966943620418
finetune,18,"biggrid50-goal(46,24)",16,"biggrid50-goal(3,10)",0.65816330909729,0.02237365543878538
finetune,18,"biggrid50-goal(46,24)",17,"biggrid50-goal(46,31)",0.8588433861732483,0.49079712257688307
finetune,18,"biggrid50-goal(46,24)",18,"biggrid50-goal(46,24)",0.9877548813819885,0.9076907246789672
finetune,19,"biggrid50-goal(3,45)",0,"biggrid50-goal(40,31)",0.8561223745346069,0.509849147396787
finetune,19,"biggrid50-goal(3,45)",1,"biggrid50-goal(9,31)",0.8874148726463318,0.4977235064117292
finetune,19,"biggrid50-goal(3,45)",2,"biggrid50-goal(15,31)",0.9088435769081116,0.5525880890534451
finetune,19,"biggrid50-goal(3,45)",3,"biggrid50-goal(9,24)",0.9102039933204651,0.6553520927634159
finetune,19,"biggrid50-goal(3,45)",4,"biggrid50-goal(21,17)",0.75782310962677,0.10776920011023725
finetune,19,"biggrid50-goal(3,45)",5,"biggrid50-goal(27,3)",0.7057822942733765,0.0980185349946378
finetune,19,"biggrid50-goal(3,45)",6,"biggrid50-goal(3,31)",0.972108781337738,0.9102842646172936
finetune,19,"biggrid50-goal(3,45)",7,"biggrid50-goal(33,10)",0.7629252076148987,-0.2955389959206753
finetune,19,"biggrid50-goal(3,45)",8,"biggrid50-goal(27,45)",0.6860544681549072,0.09153562507147057
finetune,19,"biggrid50-goal(3,45)",9,"biggrid50-goal(21,45)",0.9217685461044312,0.704369633347944
finetune,19,"biggrid50-goal(3,45)",10,"biggrid50-goal(33,3)",0.7027209997177124,-0.05683208505657399
finetune,19,"biggrid50-goal(3,45)",11,"biggrid50-goal(21,24)",0.8731291890144348,0.3709948383218917
finetune,19,"biggrid50-goal(3,45)",12,"biggrid50-goal(21,3)",0.7197278141975403,0.13080142023839716
finetune,19,"biggrid50-goal(3,45)",13,"biggrid50-goal(3,17)",0.8180271983146667,0.4042315408679416
finetune,19,"biggrid50-goal(3,45)",14,"biggrid50-goal(15,45)",0.9095237851142883,0.6462764085778855
finetune,19,"biggrid50-goal(3,45)",15,"biggrid50-goal(3,24)",0.8789114356040955,0.5889140930742676
finetune,19,"biggrid50-goal(3,45)",16,"biggrid50-goal(3,10)",0.6976190805435181,0.13521409251695996
finetune,19,"biggrid50-goal(3,45)",17,"biggrid50-goal(46,31)",0.7714285254478455,0.17546015462192968
finetune,19,"biggrid50-goal(3,45)",18,"biggrid50-goal(46,24)",0.7438775300979614,-0.9307677065140273
finetune,19,"biggrid50-goal(3,45)",19,"biggrid50-goal(3,45)",0.9003399610519409,0.7592436068490425
finetune,20,"biggrid50-goal(21,10)",0,"biggrid50-goal(40,31)",0.7867345809936523,0.27346433040844176
finetune,20,"biggrid50-goal(21,10)",1,"biggrid50-goal(9,31)",0.8744897246360779,0.44006049021860294
finetune,20,"biggrid50-goal(21,10)",2,"biggrid50-goal(15,31)",0.869387686252594,0.35893157163515366
finetune,20,"biggrid50-goal(21,10)",3,"biggrid50-goal(9,24)",0.9353741407394409,0.7519581552550944
finetune,20,"biggrid50-goal(21,10)",4,"biggrid50-goal(21,17)",0.7891156077384949,0.22305737057829533
finetune,20,"biggrid50-goal(21,10)",5,"biggrid50-goal(27,3)",0.7540816068649292,0.24608944943022168
finetune,20,"biggrid50-goal(21,10)",6,"biggrid50-goal(3,31)",0.8564624786376953,0.5382928784874498
finetune,20,"biggrid50-goal(21,10)",7,"biggrid50-goal(33,10)",0.9476189017295837,0.7137538125595254
finetune,20,"biggrid50-goal(21,10)",8,"biggrid50-goal(27,45)",0.6704081892967224,0.04625997849889295
finetune,20,"biggrid50-goal(21,10)",9,"biggrid50-goal(21,45)",0.8438775539398193,0.41002584417006066
finetune,20,"biggrid50-goal(21,10)",10,"biggrid50-goal(33,3)",0.8690474629402161,0.5344614229295579
finetune,20,"biggrid50-goal(21,10)",11,"biggrid50-goal(21,24)",0.9054421782493591,0.5311974638125495
finetune,20,"biggrid50-goal(21,10)",12,"biggrid50-goal(21,3)",0.9078231453895569,0.7141350616548202
finetune,20,"biggrid50-goal(21,10)",13,"biggrid50-goal(3,17)",0.8108842968940735,0.3808460935172015
finetune,20,"biggrid50-goal(21,10)",14,"biggrid50-goal(15,45)",0.8030611872673035,0.23005284628437817
finetune,20,"biggrid50-goal(21,10)",15,"biggrid50-goal(3,24)",0.9057822823524475,0.6801384498953835
finetune,20,"biggrid50-goal(21,10)",16,"biggrid50-goal(3,10)",0.7435373067855835,0.266536647597923
finetune,20,"biggrid50-goal(21,10)",17,"biggrid50-goal(46,31)",0.7663265466690063,0.1570554748530799
finetune,20,"biggrid50-goal(21,10)",18,"biggrid50-goal(46,24)",0.8030611276626587,-0.4846148212285407
finetune,20,"biggrid50-goal(21,10)",19,"biggrid50-goal(3,45)",0.8176869750022888,0.5595724546549142
finetune,20,"biggrid50-goal(21,10)",20,"biggrid50-goal(21,10)",0.8081632852554321,0.3062730134178613
finetune,21,"biggrid50-goal(40,3)",0,"biggrid50-goal(40,31)",0.7911564111709595,0.2885282698115495
finetune,21,"biggrid50-goal(40,3)",1,"biggrid50-goal(9,31)",0.7897959351539612,0.06221573745522001
finetune,21,"biggrid50-goal(40,3)",2,"biggrid50-goal(15,31)",0.8037415146827698,0.03672850494863258
finetune,21,"biggrid50-goal(40,3)",3,"biggrid50-goal(9,24)",0.8010203838348389,0.23629222690488622
finetune,21,"biggrid50-goal(40,3)",4,"biggrid50-goal(21,17)",0.7612245082855225,0.12030067097587407
finetune,21,"biggrid50-goal(40,3)",5,"biggrid50-goal(27,3)",0.7622448801994324,0.2711155477858928
finetune,21,"biggrid50-goal(40,3)",6,"biggrid50-goal(3,31)",0.7278911471366882,0.12472645478887698
finetune,21,"biggrid50-goal(40,3)",7,"biggrid50-goal(33,10)",0.9755100011825562,0.8661698776202593
finetune,21,"biggrid50-goal(40,3)",8,"biggrid50-goal(27,45)",0.668367326259613,0.04035433189699407
finetune,21,"biggrid50-goal(40,3)",9,"biggrid50-goal(21,45)",0.7717686891555786,0.13753224890228724
finetune,21,"biggrid50-goal(40,3)",10,"biggrid50-goal(33,3)",0.9367346167564392,0.7750904476209002
finetune,21,"biggrid50-goal(40,3)",11,"biggrid50-goal(21,24)",0.8605440855026245,0.30859991069679255
finetune,21,"biggrid50-goal(40,3)",12,"biggrid50-goal(21,3)",0.8527209758758545,0.5432485809076719
finetune,21,"biggrid50-goal(40,3)",13,"biggrid50-goal(3,17)",0.7455781698226929,0.1670375994078606
finetune,21,"biggrid50-goal(40,3)",14,"biggrid50-goal(15,45)",0.7602041363716125,0.06249997087139277
finetune,21,"biggrid50-goal(40,3)",15,"biggrid50-goal(3,24)",0.7425168752670288,0.12586556478734728
finetune,21,"biggrid50-goal(40,3)",16,"biggrid50-goal(3,10)",0.6768706440925598,0.07587517828471312
finetune,21,"biggrid50-goal(40,3)",17,"biggrid50-goal(46,31)",0.829931914806366,0.3865030054863349
finetune,21,"biggrid50-goal(40,3)",18,"biggrid50-goal(46,24)",0.9690474271774292,0.766665423528825
finetune,21,"biggrid50-goal(40,3)",19,"biggrid50-goal(3,45)",0.6676870584487915,0.19720616156941528
finetune,21,"biggrid50-goal(40,3)",20,"biggrid50-goal(21,10)",0.7666665315628052,0.15621092582186583
finetune,21,"biggrid50-goal(40,3)",21,"biggrid50-goal(40,3)",0.9656460285186768,0.874844278447616
finetune,22,"biggrid50-goal(15,38)",0,"biggrid50-goal(40,31)",0.8397958278656006,0.45422916656936885
finetune,22,"biggrid50-goal(15,38)",1,"biggrid50-goal(9,31)",0.8755101561546326,0.44461294556624886
finetune,22,"biggrid50-goal(15,38)",2,"biggrid50-goal(15,31)",0.875510036945343,0.3889811559652298
finetune,22,"biggrid50-goal(15,38)",3,"biggrid50-goal(9,24)",0.8843536376953125,0.55613530911149
finetune,22,"biggrid50-goal(15,38)",4,"biggrid50-goal(21,17)",0.7469388246536255,0.06766919604770945
finetune,22,"biggrid50-goal(15,38)",5,"biggrid50-goal(27,3)",0.6931973099708557,0.05943682370631552
finetune,22,"biggrid50-goal(15,38)",6,"biggrid50-goal(3,31)",0.8520408272743225,0.5240700613178408
finetune,22,"biggrid50-goal(15,38)",7,"biggrid50-goal(33,10)",0.8564624786376953,0.21561269997615726
finetune,22,"biggrid50-goal(15,38)",8,"biggrid50-goal(27,45)",0.6768707036972046,0.06496056031891871
finetune,22,"biggrid50-goal(15,38)",9,"biggrid50-goal(21,45)",0.9159862995147705,0.6825189889555252
finetune,22,"biggrid50-goal(15,38)",10,"biggrid50-goal(33,3)",0.8221086859703064,0.36759324358284884
finetune,22,"biggrid50-goal(15,38)",11,"biggrid50-goal(21,24)",0.8673469424247742,0.3423273857948798
finetune,22,"biggrid50-goal(15,38)",12,"biggrid50-goal(21,3)",0.7112244963645935,0.10443037038734918
finetune,22,"biggrid50-goal(15,38)",13,"biggrid50-goal(3,17)",0.7564625144004822,0.2026723159023891
finetune,22,"biggrid50-goal(15,38)",14,"biggrid50-goal(15,45)",0.8744897246360779,0.5093081046970694
finetune,22,"biggrid50-goal(15,38)",15,"biggrid50-goal(3,24)",0.8302720189094543,0.4237871975329127
finetune,22,"biggrid50-goal(15,38)",16,"biggrid50-goal(3,10)",0.6673468947410583,0.048637995990330564
finetune,22,"biggrid50-goal(15,38)",17,"biggrid50-goal(46,31)",0.76666659116745,0.1582821381483039
finetune,22,"biggrid50-goal(15,38)",18,"biggrid50-goal(46,24)",0.8455781936645508,-0.16410183365827158
finetune,22,"biggrid50-goal(15,38)",19,"biggrid50-goal(3,45)",0.9139453768730164,0.7921112524467757
finetune,22,"biggrid50-goal(15,38)",20,"biggrid50-goal(21,10)",0.753741443157196,0.10947074554474888
finetune,22,"biggrid50-goal(15,38)",21,"biggrid50-goal(40,3)",0.750680148601532,0.09169727534784237
finetune,22,"biggrid50-goal(15,38)",22,"biggrid50-goal(15,38)",0.9602040648460388,0.8296941961626767
finetune,23,"biggrid50-goal(40,45)",0,"biggrid50-goal(40,31)",0.813945472240448,0.3661642307686841
finetune,23,"biggrid50-goal(40,45)",1,"biggrid50-goal(9,31)",0.8285714387893677,0.23520505194904653
finetune,23,"biggrid50-goal(40,45)",2,"biggrid50-goal(15,31)",0.8343536257743835,0.18697818190009588
finetune,23,"biggrid50-goal(40,45)",3,"biggrid50-goal(9,24)",0.811904788017273,0.27806788332556276
finetune,23,"biggrid50-goal(40,45)",4,"biggrid50-goal(21,17)",0.7561224699020386,0.10150368427351572
finetune,23,"biggrid50-goal(40,45)",5,"biggrid50-goal(27,3)",0.6799319386482239,0.018769253989946583
finetune,23,"biggrid50-goal(40,45)",6,"biggrid50-goal(3,31)",0.7755101919174194,0.2778993108213661
finetune,23,"biggrid50-goal(40,45)",7,"biggrid50-goal(33,10)",0.7897959351539612,-0.14869894166865355
finetune,23,"biggrid50-goal(40,45)",8,"biggrid50-goal(27,45)",0.688435435295105,0.09842543112168822
finetune,23,"biggrid50-goal(40,45)",9,"biggrid50-goal(21,45)",0.9479590654373169,0.803341497574378
finetune,23,"biggrid50-goal(40,45)",10,"biggrid50-goal(33,3)",0.7329931259155273,0.05078585707305269
finetune,23,"biggrid50-goal(40,45)",11,"biggrid50-goal(21,24)",0.8530611395835876,0.27150066327282957
finetune,23,"biggrid50-goal(40,45)",12,"biggrid50-goal(21,3)",0.6833333373069763,0.017932469172589872
finetune,23,"biggrid50-goal(40,45)",13,"biggrid50-goal(3,17)",0.7108843922615051,0.05345217231287769
finetune,23,"biggrid50-goal(40,45)",14,"biggrid50-goal(15,45)",0.8435373306274414,0.38829738397143626
finetune,23,"biggrid50-goal(40,45)",15,"biggrid50-goal(3,24)",0.7554420828819275,0.1697456018584096
finetune,23,"biggrid50-goal(40,45)",16,"biggrid50-goal(3,10)",0.6547619104385376,0.012645919869001328
finetune,23,"biggrid50-goal(40,45)",17,"biggrid50-goal(46,31)",0.7802719473838806,0.20736157088587237
finetune,23,"biggrid50-goal(40,45)",18,"biggrid50-goal(46,24)",0.7976189851760864,-0.525640167311376
finetune,23,"biggrid50-goal(40,45)",19,"biggrid50-goal(3,45)",0.8602039217948914,0.6622839011446461
finetune,23,"biggrid50-goal(40,45)",20,"biggrid50-goal(21,10)",0.7255101799964905,0.007379812920298322
finetune,23,"biggrid50-goal(40,45)",21,"biggrid50-goal(40,3)",0.6636053919792175,-0.22552671722572976
finetune,23,"biggrid50-goal(40,45)",22,"biggrid50-goal(15,38)",0.8710883855819702,0.44832566360123954
finetune,23,"biggrid50-goal(40,45)",23,"biggrid50-goal(40,45)",0.9387753009796143,0.817443609824327
finetune,24,"biggrid50-goal(15,17)",0,"biggrid50-goal(40,31)",0.8068026304244995,0.3418305653028251
finetune,24,"biggrid50-goal(15,17)",1,"biggrid50-goal(9,31)",0.8717686533927917,0.42792096384414435
finetune,24,"biggrid50-goal(15,17)",2,"biggrid50-goal(15,31)",0.877210795879364,0.39732878281279393
finetune,24,"biggrid50-goal(15,17)",3,"biggrid50-goal(9,24)",0.9204081296920776,0.6945167992540274
finetune,24,"biggrid50-goal(15,17)",4,"biggrid50-goal(21,17)",0.7751700282096863,0.17167891097903626
finetune,24,"biggrid50-goal(15,17)",5,"biggrid50-goal(27,3)",0.7139455080032349,0.12304445062070506
finetune,24,"biggrid50-goal(15,17)",6,"biggrid50-goal(3,31)",0.892857015132904,0.6553606425431777
finetune,24,"biggrid50-goal(15,17)",7,"biggrid50-goal(33,10)",0.8714285492897034,0.29739755761671544
finetune,24,"biggrid50-goal(15,17)",8,"biggrid50-goal(27,45)",0.6867346167564392,0.09350377149011158
finetune,24,"biggrid50-goal(15,17)",9,"biggrid50-goal(21,45)",0.8591835498809814,0.4678659707015316
finetune,24,"biggrid50-goal(15,17)",10,"biggrid50-goal(33,3)",0.8108842372894287,0.3276901307098968
finetune,24,"biggrid50-goal(15,17)",11,"biggrid50-goal(21,24)",0.8989795446395874,0.49915676140824833
finetune,24,"biggrid50-goal(15,17)",12,"biggrid50-goal(21,3)",0.779931902885437,0.31751030907634964
finetune,24,"biggrid50-goal(15,17)",13,"biggrid50-goal(3,17)",0.8360543847084045,0.46325150957104044
finetune,24,"biggrid50-goal(15,17)",14,"biggrid50-goal(15,45)",0.8360544443130493,0.3590424751020317
finetune,24,"biggrid50-goal(15,17)",15,"biggrid50-goal(3,24)",0.8710883259773254,0.5623552670452016
finetune,24,"biggrid50-goal(15,17)",16,"biggrid50-goal(3,10)",0.7251700162887573,0.21400762556553776
finetune,24,"biggrid50-goal(15,17)",17,"biggrid50-goal(46,31)",0.7551020383834839,0.11656462032137073
finetune,24,"biggrid50-goal(15,17)",18,"biggrid50-goal(46,24)",0.840135931968689,-0.20512807839496824
finetune,24,"biggrid50-goal(15,17)",19,"biggrid50-goal(3,45)",0.8870746493339539,0.7271975767957108
finetune,24,"biggrid50-goal(15,17)",20,"biggrid50-goal(21,10)",0.7578230500221252,0.12423080247436476
finetune,24,"biggrid50-goal(15,17)",21,"biggrid50-goal(40,3)",0.818027138710022,0.33705060068292736
finetune,24,"biggrid50-goal(15,17)",22,"biggrid50-goal(15,38)",0.9585033059120178,0.8224158367957873
finetune,24,"biggrid50-goal(15,17)",23,"biggrid50-goal(40,45)",0.7772107720375061,0.3356995154305985
finetune,24,"biggrid50-goal(15,17)",24,"biggrid50-goal(15,17)",0.9244897365570068,0.6666665789601782
finetune,25,"biggrid50-goal(15,24)",0,"biggrid50-goal(40,31)",0.7802721261978149,0.2514485533350891
finetune,25,"biggrid50-goal(15,24)",1,"biggrid50-goal(9,31)",0.8564625382423401,0.35963572911614294
finetune,25,"biggrid50-goal(15,24)",2,"biggrid50-goal(15,31)",0.8999999165534973,0.5091818336869778
finetune,25,"biggrid50-goal(15,24)",3,"biggrid50-goal(9,24)",0.9452379941940308,0.789816814856129
finetune,25,"biggrid50-goal(15,24)",4,"biggrid50-goal(21,17)",0.7901360392570496,0.22681685575720578
finetune,25,"biggrid50-goal(15,24)",5,"biggrid50-goal(27,3)",0.7360544204711914,0.19082361166158404
finetune,25,"biggrid50-goal(15,24)",6,"biggrid50-goal(3,31)",0.946598470211029,0.8282270282416377
finetune,25,"biggrid50-goal(15,24)",7,"biggrid50-goal(33,10)",0.873469352722168,0.30854990495473134
finetune,25,"biggrid50-goal(15,24)",8,"biggrid50-goal(27,45)",0.6870748400688171,0.09448827589442346
finetune,25,"biggrid50-goal(15,24)",9,"biggrid50-goal(21,45)",0.8619047403335571,0.4781491303664268
finetune,25,"biggrid50-goal(15,24)",10,"biggrid50-goal(33,3)",0.78231281042099,0.22611820466822877
finetune,25,"biggrid50-goal(15,24)",11,"biggrid50-goal(21,24)",0.8744897246360779,0.3777401560353395
finetune,25,"biggrid50-goal(15,24)",12,"biggrid50-goal(21,3)",0.8258503079414368,0.4599154940408104
finetune,25,"biggrid50-goal(15,24)",13,"biggrid50-goal(3,17)",0.8585032820701599,0.5367479050024501
finetune,25,"biggrid50-goal(15,24)",14,"biggrid50-goal(15,45)",0.8476190567016602,0.40425520015547683
finetune,25,"biggrid50-goal(15,24)",15,"biggrid50-goal(3,24)",0.929591715335846,0.7609695539736051
finetune,25,"biggrid50-goal(15,24)",16,"biggrid50-goal(3,10)",0.741836667060852,0.2616729502776784
finetune,25,"biggrid50-goal(15,24)",17,"biggrid50-goal(46,31)",0.7333332896232605,0.03803688289483077
finetune,25,"biggrid50-goal(15,24)",18,"biggrid50-goal(46,24)",0.8023808002471924,-0.4897434388158258
finetune,25,"biggrid50-goal(15,24)",19,"biggrid50-goal(3,45)",0.8727890849113464,0.6926868441006823
finetune,25,"biggrid50-goal(15,24)",20,"biggrid50-goal(21,10)",0.7632653117179871,0.1439113094695385
finetune,25,"biggrid50-goal(15,24)",21,"biggrid50-goal(40,3)",0.7540816068649292,0.10408920399333359
finetune,25,"biggrid50-goal(15,24)",22,"biggrid50-goal(15,38)",0.9034013748168945,0.5866083697306568
finetune,25,"biggrid50-goal(15,24)",23,"biggrid50-goal(40,45)",0.7142856121063232,0.14807278582530087
finetune,25,"biggrid50-goal(15,24)",24,"biggrid50-goal(15,17)",0.9282311797142029,0.6831828509257201
finetune,25,"biggrid50-goal(15,24)",25,"biggrid50-goal(15,24)",0.8935373425483704,0.4860424236198454
finetune,26,"biggrid50-goal(21,38)",0,"biggrid50-goal(40,31)",0.869387686252594,0.5550403564370188
finetune,26,"biggrid50-goal(21,38)",1,"biggrid50-goal(9,31)",0.8833332657814026,0.47951421685004125
finetune,26,"biggrid50-goal(21,38)",2,"biggrid50-goal(15,31)",0.8918365836143494,0.4691147460796082
finetune,26,"biggrid50-goal(21,38)",3,"biggrid50-goal(9,24)",0.9163264036178589,0.6788506421340015
finetune,26,"biggrid50-goal(21,38)",4,"biggrid50-goal(21,17)",0.7544217705726624,0.0952379488406973
finetune,26,"biggrid50-goal(21,38)",5,"biggrid50-goal(27,3)",0.6962584853172302,0.06882145070128881
finetune,26,"biggrid50-goal(21,38)",6,"biggrid50-goal(3,31)",0.9346937537193298,0.7899339580280894
finetune,26,"biggrid50-goal(21,38)",7,"biggrid50-goal(33,10)",0.8146257400512695,-0.013011886195831037
finetune,26,"biggrid50-goal(21,38)",8,"biggrid50-goal(27,45)",0.6731292605400085,0.054133943997429386
finetune,26,"biggrid50-goal(21,38)",9,"biggrid50-goal(21,45)",0.9125850200653076,0.6696658277184467
finetune,26,"biggrid50-goal(21,38)",10,"biggrid50-goal(33,3)",0.720748245716095,0.007255092168212868
finetune,26,"biggrid50-goal(21,38)",11,"biggrid50-goal(21,24)",0.8561223149299622,0.28667748037294577
finetune,26,"biggrid50-goal(21,38)",12,"biggrid50-goal(21,3)",0.7496597766876221,0.22362839559939043
finetune,26,"biggrid50-goal(21,38)",13,"biggrid50-goal(3,17)",0.8112245202064514,0.38195996502271745
finetune,26,"biggrid50-goal(21,38)",14,"biggrid50-goal(15,45)",0.8891155123710632,0.5664887258308294
finetune,26,"biggrid50-goal(21,38)",15,"biggrid50-goal(3,24)",0.8846938014030457,0.6085447584512714
finetune,26,"biggrid50-goal(21,38)",16,"biggrid50-goal(3,10)",0.6806122064590454,0.08657575559733455
finetune,26,"biggrid50-goal(21,38)",17,"biggrid50-goal(46,31)",0.7625849843025208,0.14355830832703337
finetune,26,"biggrid50-goal(21,38)",18,"biggrid50-goal(46,24)",0.8275508880615234,-0.2999998652019208
finetune,26,"biggrid50-goal(21,38)",19,"biggrid50-goal(3,45)",0.9224489331245422,0.8126539449209443
finetune,26,"biggrid50-goal(21,38)",20,"biggrid50-goal(21,10)",0.7448979616165161,0.0774906221972478
finetune,26,"biggrid50-goal(21,38)",21,"biggrid50-goal(40,3)",0.7197278141975403,-0.021065866118008546
finetune,26,"biggrid50-goal(21,38)",22,"biggrid50-goal(15,38)",0.950680136680603,0.7889367611224294
finetune,26,"biggrid50-goal(21,38)",23,"biggrid50-goal(40,45)",0.7812924981117249,0.3478701784100472
finetune,26,"biggrid50-goal(21,38)",24,"biggrid50-goal(15,17)",0.938775360584259,0.7297292106021357
finetune,26,"biggrid50-goal(21,38)",25,"biggrid50-goal(15,24)",0.9044216871261597,0.538587527166868
finetune,26,"biggrid50-goal(21,38)",26,"biggrid50-goal(21,38)",0.893197238445282,0.473154087139583
finetune,27,"biggrid50-goal(33,17)",0,"biggrid50-goal(40,31)",0.8816326260566711,0.5967554435857642
finetune,27,"biggrid50-goal(33,17)",1,"biggrid50-goal(9,31)",0.8397958874702454,0.2852807312009122
finetune,27,"biggrid50-goal(33,17)",2,"biggrid50-goal(15,31)",0.8588434457778931,0.3071785670716634
finetune,27,"biggrid50-goal(33,17)",3,"biggrid50-goal(9,24)",0.8534013032913208,0.4373365153689851
finetune,27,"biggrid50-goal(33,17)",4,"biggrid50-goal(21,17)",0.7581632137298584,0.10902221543914278
finetune,27,"biggrid50-goal(33,17)",5,"biggrid50-goal(27,3)",0.7455781698226929,0.22002051322532917
finetune,27,"biggrid50-goal(33,17)",6,"biggrid50-goal(3,31)",0.7948979139328003,0.3402624423527553
finetune,27,"biggrid50-goal(33,17)",7,"biggrid50-goal(33,10)",0.9176869988441467,0.5501854001607757
finetune,27,"biggrid50-goal(33,17)",8,"biggrid50-goal(27,45)",0.6846939325332642,0.08759864232220235
finetune,27,"biggrid50-goal(33,17)",9,"biggrid50-goal(21,45)",0.7955782413482666,0.227506629973381
finetune,27,"biggrid50-goal(33,17)",10,"biggrid50-goal(33,3)",0.8646256923675537,0.5187419506173153
finetune,27,"biggrid50-goal(33,17)",11,"biggrid50-goal(21,24)",0.891496479511261,0.4620569229637199
finetune,27,"biggrid50-goal(33,17)",12,"biggrid50-goal(21,3)",0.7676870226860046,0.2795356793490919
finetune,27,"biggrid50-goal(33,17)",13,"biggrid50-goal(3,17)",0.7904761433601379,0.3140309756971893
finetune,27,"biggrid50-goal(33,17)",14,"biggrid50-goal(15,45)",0.7982993721961975,0.21143617083252356
finetune,27,"biggrid50-goal(33,17)",15,"biggrid50-goal(3,24)",0.8051019906997681,0.338336982431716
finetune,27,"biggrid50-goal(33,17)",16,"biggrid50-goal(3,10)",0.6836733222007751,0.09533030849498637
finetune,27,"biggrid50-goal(33,17)",17,"biggrid50-goal(46,31)",0.8231291174888611,0.36196285908659703
finetune,27,"biggrid50-goal(33,17)",18,"biggrid50-goal(46,24)",0.9119046330451965,0.3358970430244016
finetune,27,"biggrid50-goal(33,17)",19,"biggrid50-goal(3,45)",0.7884352803230286,0.48890689422700606
finetune,27,"biggrid50-goal(33,17)",20,"biggrid50-goal(21,10)",0.7544217705726624,0.11193097057752781
finetune,27,"biggrid50-goal(33,17)",21,"biggrid50-goal(40,3)",0.8173468112945557,0.3345720846656207
finetune,27,"biggrid50-goal(33,17)",22,"biggrid50-goal(15,38)",0.875850260257721,0.4687039985062707
finetune,27,"biggrid50-goal(33,17)",23,"biggrid50-goal(40,45)",0.7204080820083618,0.16632842484286817
finetune,27,"biggrid50-goal(33,17)",24,"biggrid50-goal(15,17)",0.9241496920585632,0.6651654824098059
finetune,27,"biggrid50-goal(33,17)",25,"biggrid50-goal(15,24)",0.8717687129974365,0.3809525042723164
finetune,27,"biggrid50-goal(33,17)",26,"biggrid50-goal(21,38)",0.8744897246360779,0.38087204268037206
finetune,27,"biggrid50-goal(33,17)",27,"biggrid50-goal(33,17)",0.9891155958175659,0.960099566450686
finetune,28,"biggrid50-goal(27,17)",0,"biggrid50-goal(40,31)",0.8714284896850586,0.561992803276355
finetune,28,"biggrid50-goal(27,17)",1,"biggrid50-goal(9,31)",0.8578230738639832,0.36570549230337224
finetune,28,"biggrid50-goal(27,17)",2,"biggrid50-goal(15,31)",0.8863943815231323,0.4424034518580886
finetune,28,"biggrid50-goal(27,17)",3,"biggrid50-goal(9,24)",0.9207481145858765,0.6958217022945156
finetune,28,"biggrid50-goal(27,17)",4,"biggrid50-goal(21,17)",0.7639455199241638,0.13032545239540913
finetune,28,"biggrid50-goal(27,17)",5,"biggrid50-goal(27,3)",0.7442176938056946,0.21584971001725517
finetune,28,"biggrid50-goal(27,17)",6,"biggrid50-goal(3,31)",0.8846938014030457,0.6291026029885497
finetune,28,"biggrid50-goal(27,17)",7,"biggrid50-goal(33,10)",0.925510048866272,0.5929359020962074
finetune,28,"biggrid50-goal(27,17)",8,"biggrid50-goal(27,45)",0.6778911352157593,0.06791338361986815
finetune,28,"biggrid50-goal(27,17)",9,"biggrid50-goal(21,45)",0.8384353518486023,0.38946020056373354
finetune,28,"biggrid50-goal(27,17)",10,"biggrid50-goal(33,3)",0.8636053204536438,0.5151145104809902
finetune,28,"biggrid50-goal(27,17)",11,"biggrid50-goal(21,24)",0.8540815711021423,0.2765597993130568
finetune,28,"biggrid50-goal(27,17)",12,"biggrid50-goal(21,3)",0.7738094925880432,0.2985230866376477
finetune,28,"biggrid50-goal(27,17)",13,"biggrid50-goal(3,17)",0.869387686252594,0.5723828166391484
finetune,28,"biggrid50-goal(27,17)",14,"biggrid50-goal(15,45)",0.789455771446228,0.17686144616777053
finetune,28,"biggrid50-goal(27,17)",15,"biggrid50-goal(3,24)",0.9187073111534119,0.7240178799075652
finetune,28,"biggrid50-goal(27,17)",16,"biggrid50-goal(3,10)",0.7268707156181335,0.2188714933504298
finetune,28,"biggrid50-goal(27,17)",17,"biggrid50-goal(46,31)",0.7959182858467102,0.26380356358050655
finetune,28,"biggrid50-goal(27,17)",18,"biggrid50-goal(46,24)",0.8816325068473816,0.10769198279437317
finetune,28,"biggrid50-goal(27,17)",19,"biggrid50-goal(3,45)",0.8489794135093689,0.6351679963322483
finetune,28,"biggrid50-goal(27,17)",20,"biggrid50-goal(21,10)",0.7520408034324646,0.1033208295963304
finetune,28,"biggrid50-goal(27,17)",21,"biggrid50-goal(40,3)",0.8411563634872437,0.4213131965669057
finetune,28,"biggrid50-goal(27,17)",22,"biggrid50-goal(15,38)",0.8887754678726196,0.5240171319733833
finetune,28,"biggrid50-goal(27,17)",23,"biggrid50-goal(40,45)",0.7540816068649292,0.2667342617136855
finetune,28,"biggrid50-goal(27,17)",24,"biggrid50-goal(15,17)",0.9214285612106323,0.6531532894537772
finetune,28,"biggrid50-goal(27,17)",25,"biggrid50-goal(15,24)",0.8928571343421936,0.4827586603788298
finetune,28,"biggrid50-goal(27,17)",26,"biggrid50-goal(21,38)",0.8884353041648865,0.44966400526889133
finetune,28,"biggrid50-goal(27,17)",27,"biggrid50-goal(33,17)",0.9857141971588135,0.9476305990287202
finetune,28,"biggrid50-goal(27,17)",28,"biggrid50-goal(27,17)",0.82517009973526,0.3192054655576793
finetune,29,"biggrid50-goal(3,3)",0,"biggrid50-goal(40,31)",0.6935374140739441,-0.044032366372160486
finetune,29,"biggrid50-goal(3,3)",1,"biggrid50-goal(9,31)",0.8581632375717163,0.36722306605740346
finetune,29,"biggrid50-goal(3,3)",2,"biggrid50-goal(15,31)",0.853061318397522,0.2787988591713165
finetune,29,"biggrid50-goal(3,3)",3,"biggrid50-goal(9,24)",0.9095237851142883,0.6527413716031686
finetune,29,"biggrid50-goal(3,3)",4,"biggrid50-goal(21,17)",0.7785713076591492,0.1842099426524793
finetune,29,"biggrid50-goal(3,3)",5,"biggrid50-goal(27,3)",0.7142857313156128,0.12408747119953031
finetune,29,"biggrid50-goal(3,3)",6,"biggrid50-goal(3,31)",0.9210883378982544,0.7461703670442776
finetune,29,"biggrid50-goal(3,3)",7,"biggrid50-goal(33,10)",0.8302720189094543,0.07249009483680748
finetune,29,"biggrid50-goal(3,3)",8,"biggrid50-goal(27,45)",0.6574829816818237,0.008858297424851768
finetune,29,"biggrid50-goal(3,3)",9,"biggrid50-goal(21,45)",0.7357142567634583,0.001285451268400513
finetune,29,"biggrid50-goal(3,3)",10,"biggrid50-goal(33,3)",0.7812924981117249,0.22249097642746624
finetune,29,"biggrid50-goal(3,3)",11,"biggrid50-goal(21,24)",0.8248299360275269,0.1315348774533633
finetune,29,"biggrid50-goal(3,3)",12,"biggrid50-goal(21,3)",0.8363944888114929,0.49261580288794626
finetune,29,"biggrid50-goal(3,3)",13,"biggrid50-goal(3,17)",0.9091835618019104,0.7026722183313042
finetune,29,"biggrid50-goal(3,3)",14,"biggrid50-goal(15,45)",0.8006802201271057,0.22074427552959303
finetune,29,"biggrid50-goal(3,3)",15,"biggrid50-goal(3,24)",0.9210883975028992,0.7321014759624919
finetune,29,"biggrid50-goal(3,3)",16,"biggrid50-goal(3,10)",0.8421767950057983,0.5486379107580068
finetune,29,"biggrid50-goal(3,3)",17,"biggrid50-goal(46,31)",0.6778911352157593,-0.16196298809588314
finetune,29,"biggrid50-goal(3,3)",18,"biggrid50-goal(46,24)",0.6914965510368347,-1.3256393585229007
finetune,29,"biggrid50-goal(3,3)",19,"biggrid50-goal(3,45)",0.8173468112945557,0.5587506951190047
finetune,29,"biggrid50-goal(3,3)",20,"biggrid50-goal(21,10)",0.7561224699020386,0.1180811020704559
finetune,29,"biggrid50-goal(3,3)",21,"biggrid50-goal(40,3)",0.7540816068649292,0.10408920399333359
finetune,29,"biggrid50-goal(3,3)",22,"biggrid50-goal(15,38)",0.8605442047119141,0.4032020802017351
finetune,29,"biggrid50-goal(3,3)",23,"biggrid50-goal(40,45)",0.5585033893585205,-0.3164299507077486
finetune,29,"biggrid50-goal(3,3)",24,"biggrid50-goal(15,17)",0.906802773475647,0.5885890350225165
finetune,29,"biggrid50-goal(3,3)",25,"biggrid50-goal(15,24)",0.8503400683403015,0.2775038910522631
finetune,29,"biggrid50-goal(3,3)",26,"biggrid50-goal(21,38)",0.8295918703079224,0.15939601804712894
finetune,29,"biggrid50-goal(3,3)",27,"biggrid50-goal(33,17)",0.8350340723991394,0.3952620720606943
finetune,29,"biggrid50-goal(3,3)",28,"biggrid50-goal(27,17)",0.7636054158210754,0.07947015563655944
finetune,29,"biggrid50-goal(3,3)",29,"biggrid50-goal(3,3)",0.8309522867202759,0.5878936653335916
finetune,30,"biggrid50-goal(9,10)",0,"biggrid50-goal(40,31)",0.7306122183799744,0.08227112857305592
finetune,30,"biggrid50-goal(9,10)",1,"biggrid50-goal(9,31)",0.8663264513015747,0.4036416451807793
finetune,30,"biggrid50-goal(9,10)",2,"biggrid50-goal(15,31)",0.8731291890144348,0.3772955315592895
finetune,30,"biggrid50-goal(9,10)",3,"biggrid50-goal(9,24)",0.9697277545928955,0.8838114698781069
finetune,30,"biggrid50-goal(9,10)",4,"biggrid50-goal(21,17)",0.7812924981117249,0.19423538286030503
finetune,30,"biggrid50-goal(9,10)",5,"biggrid50-goal(27,3)",0.7581632733345032,0.2586025899728592
finetune,30,"biggrid50-goal(9,10)",6,"biggrid50-goal(3,31)",0.9653060436248779,0.8884023732623384
finetune,30,"biggrid50-goal(9,10)",7,"biggrid50-goal(33,10)",0.9275509715080261,0.6040889008754067
finetune,30,"biggrid50-goal(9,10)",8,"biggrid50-goal(27,45)",0.6649659872055054,0.030511875023823524
finetune,30,"biggrid50-goal(9,10)",9,"biggrid50-goal(21,45)",0.8105441331863403,0.28406153047760585
finetune,30,"biggrid50-goal(9,10)",10,"biggrid50-goal(33,3)",0.8190475106239319,0.35671071127831083
finetune,30,"biggrid50-goal(9,10)",11,"biggrid50-goal(21,24)",0.8646258115768433,0.32883645485770147
finetune,30,"biggrid50-goal(9,10)",12,"biggrid50-goal(21,3)",0.9122447967529297,0.7278477783635464
finetune,30,"biggrid50-goal(9,10)",13,"biggrid50-goal(3,17)",0.8741495609283447,0.5879729197308052
finetune,30,"biggrid50-goal(9,10)",14,"biggrid50-goal(15,45)",0.7897958755493164,0.17819110883053535
finetune,30,"biggrid50-goal(9,10)",15,"biggrid50-goal(3,24)",0.9156461358070374,0.7136254365765117
finetune,30,"biggrid50-goal(9,10)",16,"biggrid50-goal(3,10)",0.8748298287391663,0.6420230471612608
finetune,30,"biggrid50-goal(9,10)",17,"biggrid50-goal(46,31)",0.754761815071106,0.1153373119797163
finetune,30,"biggrid50-goal(9,10)",18,"biggrid50-goal(46,24)",0.7659863829612732,-0.7641011147351824
finetune,30,"biggrid50-goal(9,10)",19,"biggrid50-goal(3,45)",0.787755012512207,0.4872635191466948
finetune,30,"biggrid50-goal(9,10)",20,"biggrid50-goal(21,10)",0.75782310962677,0.12423101801887437
finetune,30,"biggrid50-goal(9,10)",21,"biggrid50-goal(40,3)",0.7993195652961731,0.26889662173533035
finetune,30,"biggrid50-goal(9,10)",22,"biggrid50-goal(15,38)",0.8765305280685425,0.4716151892069894
finetune,30,"biggrid50-goal(9,10)",23,"biggrid50-goal(40,45)",0.6360543966293335,-0.08519268587230934
finetune,30,"biggrid50-goal(9,10)",24,"biggrid50-goal(15,17)",0.9136053919792175,0.6186185964944594
finetune,30,"biggrid50-goal(9,10)",25,"biggrid50-goal(15,24)",0.9136054515838623,0.5829229348648354
finetune,30,"biggrid50-goal(9,10)",26,"biggrid50-goal(21,38)",0.8374149203300476,0.19798623678550584
finetune,30,"biggrid50-goal(9,10)",27,"biggrid50-goal(33,17)",0.8996598720550537,0.6321696125674676
finetune,30,"biggrid50-goal(9,10)",28,"biggrid50-goal(27,17)",0.7931972146034241,0.19470178846843458
finetune,30,"biggrid50-goal(9,10)",29,"biggrid50-goal(3,3)",0.7224489450454712,0.32338305132326944
finetune,30,"biggrid50-goal(9,10)",30,"biggrid50-goal(9,10)",0.9806121587753296,0.9372243939295981
finetune,31,"biggrid50-goal(46,17)",0,"biggrid50-goal(40,31)",0.8792515993118286,0.5886439510219929
finetune,31,"biggrid50-goal(46,17)",1,"biggrid50-goal(9,31)",0.7819727659225464,0.027314200256979723
finetune,31,"biggrid50-goal(46,17)",2,"biggrid50-goal(15,31)",0.8017007112503052,0.026711879321880384
finetune,31,"biggrid50-goal(46,17)",3,"biggrid50-goal(9,24)",0.8003399968147278,0.23368081943518562
finetune,31,"biggrid50-goal(46,17)",4,"biggrid50-goal(21,17)",0.7629252076148987,0.1265664064086925
finetune,31,"biggrid50-goal(46,17)",5,"biggrid50-goal(27,3)",0.7646257877349854,0.27841468181202716
finetune,31,"biggrid50-goal(46,17)",6,"biggrid50-goal(3,31)",0.7374149560928345,0.1553610259953748
finetune,31,"biggrid50-goal(46,17)",7,"biggrid50-goal(33,10)",0.9602039456367493,0.7825271097248443
finetune,31,"biggrid50-goal(46,17)",8,"biggrid50-goal(27,45)",0.6761904358863831,0.06299206894428461
finetune,31,"biggrid50-goal(46,17)",9,"biggrid50-goal(21,45)",0.7639455795288086,0.1079693473817743
finetune,31,"biggrid50-goal(46,17)",10,"biggrid50-goal(33,3)",0.9520407319068909,0.8295039567258407
finetune,31,"biggrid50-goal(46,17)",11,"biggrid50-goal(21,24)",0.8459182977676392,0.2360875975220872
finetune,31,"biggrid50-goal(46,17)",12,"biggrid50-goal(21,3)",0.7829931378364563,0.32700401272062757
finetune,31,"biggrid50-goal(46,17)",13,"biggrid50-goal(3,17)",0.7551020383834839,0.19821819587551412
finetune,31,"biggrid50-goal(46,17)",14,"biggrid50-goal(15,45)",0.7615646719932556,0.06781908758016775
finetune,31,"biggrid50-goal(46,17)",15,"biggrid50-goal(3,24)",0.7534013390541077,0.16281744120634742
finetune,31,"biggrid50-goal(46,17)",16,"biggrid50-goal(3,10)",0.6782312989234924,0.07976654525606262
finetune,31,"biggrid50-goal(46,17)",17,"biggrid50-goal(46,31)",0.8571427464485168,0.4846623009924254
finetune,31,"biggrid50-goal(46,17)",18,"biggrid50-goal(46,24)",0.9755100607872009,0.8153836959925879
finetune,31,"biggrid50-goal(46,17)",19,"biggrid50-goal(3,45)",0.660544216632843,0.17995065123039303
finetune,31,"biggrid50-goal(46,17)",20,"biggrid50-goal(21,10)",0.75782310962677,0.12423101801887437
finetune,31,"biggrid50-goal(46,17)",21,"biggrid50-goal(40,3)",0.8887752890586853,0.5947947689284337
finetune,31,"biggrid50-goal(46,17)",22,"biggrid50-goal(15,38)",0.8064625263214111,0.17176076149586175
finetune,31,"biggrid50-goal(46,17)",23,"biggrid50-goal(40,45)",0.706462562084198,0.12474645192650327
finetune,31,"biggrid50-goal(46,17)",24,"biggrid50-goal(15,17)",0.8469387292861938,0.3243244736623993
finetune,31,"biggrid50-goal(46,17)",25,"biggrid50-goal(15,24)",0.8428570032119751,0.2413787546963828
finetune,31,"biggrid50-goal(46,17)",26,"biggrid50-goal(21,38)",0.8255102038383484,0.1392616201546855
finetune,31,"biggrid50-goal(46,17)",27,"biggrid50-goal(33,17)",0.9676868915557861,0.8815454649937662
finetune,31,"biggrid50-goal(46,17)",28,"biggrid50-goal(27,17)",0.8023809790611267,0.23046372986943053
finetune,31,"biggrid50-goal(46,17)",29,"biggrid50-goal(3,3)",0.6598638296127319,0.17081238340194385
finetune,31,"biggrid50-goal(46,17)",30,"biggrid50-goal(9,10)",0.7469387650489807,0.1806167477398107
finetune,31,"biggrid50-goal(46,17)",31,"biggrid50-goal(46,17)",0.9629249572753906,0.8567666572408349
finetune,32,"biggrid50-goal(40,10)",0,"biggrid50-goal(40,31)",0.8768705725669861,0.5805324584582214
finetune,32,"biggrid50-goal(40,10)",1,"biggrid50-goal(9,31)",0.7921769022941589,0.07283795599009522
finetune,32,"biggrid50-goal(40,10)",2,"biggrid50-goal(15,31)",0.8204081058502197,0.11853109384219902
finetune,32,"biggrid50-goal(40,10)",3,"biggrid50-goal(9,24)",0.8200679421424866,0.3093990537165258
finetune,32,"biggrid50-goal(40,10)",4,"biggrid50-goal(21,17)",0.7506802082061768,0.08145324305005802
finetune,32,"biggrid50-goal(40,10)",5,"biggrid50-goal(27,3)",0.7520407438278198,0.23983278779410103
finetune,32,"biggrid50-goal(40,10)",6,"biggrid50-goal(3,31)",0.7479591369628906,0.18927775628315183
finetune,32,"biggrid50-goal(40,10)",7,"biggrid50-goal(33,10)",0.9585033655166626,0.7732339755240518
finetune,32,"biggrid50-goal(40,10)",8,"biggrid50-goal(27,45)",0.6772108674049377,0.06594489224523405
finetune,32,"biggrid50-goal(40,10)",9,"biggrid50-goal(21,45)",0.7867346405982971,0.1940873746476665
finetune,32,"biggrid50-goal(40,10)",10,"biggrid50-goal(33,3)",0.8894557356834412,0.607013192193937
finetune,32,"biggrid50-goal(40,10)",11,"biggrid50-goal(21,24)",0.8724489808082581,0.3676224749754505
finetune,32,"biggrid50-goal(40,10)",12,"biggrid50-goal(21,3)",0.7972788214683533,0.37130771659411926
finetune,32,"biggrid50-goal(40,10)",13,"biggrid50-goal(3,17)",0.7687074542045593,0.2427615427081323
finetune,32,"biggrid50-goal(40,10)",14,"biggrid50-goal(15,45)",0.7724489569664001,0.1103720212503676
finetune,32,"biggrid50-goal(40,10)",15,"biggrid50-goal(3,24)",0.76564621925354,0.20438782158944202
finetune,32,"biggrid50-goal(40,10)",16,"biggrid50-goal(3,10)",0.688095211982727,0.10797656929328255
finetune,32,"biggrid50-goal(40,10)",17,"biggrid50-goal(46,31)",0.8462583422660828,0.44539832477141705
finetune,32,"biggrid50-goal(40,10)",18,"biggrid50-goal(46,24)",0.9459182024002075,0.5923068040229139
finetune,32,"biggrid50-goal(40,10)",19,"biggrid50-goal(3,45)",0.7149659395217896,0.3114213776128339
finetune,32,"biggrid50-goal(40,10)",20,"biggrid50-goal(21,10)",0.7632653713226318,0.1439115250140481
finetune,32,"biggrid50-goal(40,10)",21,"biggrid50-goal(40,3)",0.927890956401825,0.7372979311318245
finetune,32,"biggrid50-goal(40,10)",22,"biggrid50-goal(15,38)",0.83299320936203,0.28529821913080566
finetune,32,"biggrid50-goal(40,10)",23,"biggrid50-goal(40,45)",0.7591835856437683,0.2819470572605878
finetune,32,"biggrid50-goal(40,10)",24,"biggrid50-goal(15,17)",0.9023808836936951,0.5690689912394374
finetune,32,"biggrid50-goal(40,10)",25,"biggrid50-goal(15,24)",0.8568027019500732,0.3087028070535879
finetune,32,"biggrid50-goal(40,10)",26,"biggrid50-goal(21,38)",0.8217686414718628,0.12080491723988891
finetune,32,"biggrid50-goal(40,10)",27,"biggrid50-goal(33,17)",0.9738094210624695,0.9039896500534671
finetune,32,"biggrid50-goal(40,10)",28,"biggrid50-goal(27,17)",0.8061224222183228,0.245033057247005
finetune,32,"biggrid50-goal(40,10)",29,"biggrid50-goal(3,3)",0.6445578336715698,0.13349926177873764
finetune,32,"biggrid50-goal(40,10)",30,"biggrid50-goal(9,10)",0.7602040767669678,0.22356830553108298
finetune,32,"biggrid50-goal(40,10)",31,"biggrid50-goal(46,17)",0.9738093018531799,0.8988165361634163
finetune,32,"biggrid50-goal(40,10)",32,"biggrid50-goal(40,10)",0.6911564469337463,0.06198327059413902
finetune,33,"biggrid50-goal(46,38)",0,"biggrid50-goal(40,31)",0.9731290340423584,0.9084581300823739
finetune,33,"biggrid50-goal(46,38)",1,"biggrid50-goal(9,31)",0.8227890729904175,0.2094081595316502
finetune,33,"biggrid50-goal(46,38)",2,"biggrid50-goal(15,31)",0.8214285373687744,0.12353955293066532
finetune,33,"biggrid50-goal(46,38)",3,"biggrid50-goal(9,24)",0.8006802797317505,0.23498686632476254
finetune,33,"biggrid50-goal(46,38)",4,"biggrid50-goal(21,17)",0.7469387054443359,0.06766875685551565
finetune,33,"biggrid50-goal(46,38)",5,"biggrid50-goal(27,3)",0.7023809552192688,0.08759107015044311
finetune,33,"biggrid50-goal(46,38)",6,"biggrid50-goal(3,31)",0.7775508761405945,0.28446343725782597
finetune,33,"biggrid50-goal(46,38)",7,"biggrid50-goal(33,10)",0.861224353313446,0.241634843764861
finetune,33,"biggrid50-goal(46,38)",8,"biggrid50-goal(27,45)",0.6795918345451355,0.07283469829545171
finetune,33,"biggrid50-goal(46,38)",9,"biggrid50-goal(21,45)",0.8061224222183228,0.2673522406764803
finetune,33,"biggrid50-goal(46,38)",10,"biggrid50-goal(33,3)",0.78231281042099,0.22611820466822877
finetune,33,"biggrid50-goal(46,38)",11,"biggrid50-goal(21,24)",0.8574829697608948,0.2934233891069591
finetune,33,"biggrid50-goal(46,38)",12,"biggrid50-goal(21,3)",0.7380951642990112,0.1877634572542107
finetune,33,"biggrid50-goal(46,38)",13,"biggrid50-goal(3,17)",0.7285714745521545,0.1113586597948002
finetune,33,"biggrid50-goal(46,38)",14,"biggrid50-goal(15,45)",0.7959184050559998,0.20212760007773842
finetune,33,"biggrid50-goal(46,38)",15,"biggrid50-goal(3,24)",0.7459183931350708,0.13741344352126528
finetune,33,"biggrid50-goal(46,38)",16,"biggrid50-goal(3,10)",0.6615646481513977,0.032101220543922004
finetune,33,"biggrid50-goal(46,38)",17,"biggrid50-goal(46,31)",0.8554420471191406,0.478527264392491
finetune,33,"biggrid50-goal(46,38)",18,"biggrid50-goal(46,24)",0.9938774108886719,0.9538451376760182
finetune,33,"biggrid50-goal(46,38)",19,"biggrid50-goal(3,45)",0.7632653117179871,0.4281018722639814
finetune,33,"biggrid50-goal(46,38)",20,"biggrid50-goal(21,10)",0.74217689037323,0.06765058424417054
finetune,33,"biggrid50-goal(46,38)",21,"biggrid50-goal(40,3)",0.831292450428009,0.38537775437415517
finetune,33,"biggrid50-goal(46,38)",22,"biggrid50-goal(15,38)",0.8717687129974365,0.45123710937868666
finetune,33,"biggrid50-goal(46,38)",23,"biggrid50-goal(40,45)",0.7880950570106506,0.3681536688381798
finetune,33,"biggrid50-goal(46,38)",24,"biggrid50-goal(15,17)",0.8574829697608948,0.3708710964582804
finetune,33,"biggrid50-goal(46,38)",25,"biggrid50-goal(15,24)",0.8459182977676392,0.25615741576004936
finetune,33,"biggrid50-goal(46,38)",26,"biggrid50-goal(21,38)",0.877210795879364,0.39429477859336476
finetune,33,"biggrid50-goal(46,38)",27,"biggrid50-goal(33,17)",0.9340134859085083,0.7581043044223253
finetune,33,"biggrid50-goal(46,38)",28,"biggrid50-goal(27,17)",0.7993196845054626,0.21854292800053848
finetune,33,"biggrid50-goal(46,38)",29,"biggrid50-goal(3,3)",0.6010203957557678,0.027363227092727593
finetune,33,"biggrid50-goal(46,38)",30,"biggrid50-goal(9,10)",0.7251700758934021,0.11013222915603195
finetune,33,"biggrid50-goal(46,38)",31,"biggrid50-goal(46,17)",0.891496479511261,0.5808144563398236
finetune,33,"biggrid50-goal(46,38)",32,"biggrid50-goal(40,10)",0.6843537092208862,0.041322059708982346
finetune,33,"biggrid50-goal(46,38)",33,"biggrid50-goal(46,38)",0.9823126196861267,0.9487675872139698
finetune,34,"biggrid50-goal(27,31)",0,"biggrid50-goal(40,31)",0.9367345571517944,0.7844723204733001
finetune,34,"biggrid50-goal(27,31)",1,"biggrid50-goal(9,31)",0.8421767950057983,0.29590268382133955
finetune,34,"biggrid50-goal(27,31)",2,"biggrid50-goal(15,31)",0.8598639369010925,0.3121873187103101
finetune,34,"biggrid50-goal(27,31)",3,"biggrid50-goal(9,24)",0.8639456033706665,0.47780681120953805
finetune,34,"biggrid50-goal(27,31)",4,"biggrid50-goal(21,17)",0.7428570985794067,0.05263125533206773
finetune,34,"biggrid50-goal(27,31)",5,"biggrid50-goal(27,3)",0.7051020264625549,0.09593304202579886
finetune,34,"biggrid50-goal(27,31)",6,"biggrid50-goal(3,31)",0.8724489212036133,0.5897153519305093
finetune,34,"biggrid50-goal(27,31)",7,"biggrid50-goal(33,10)",0.8816325664520264,0.35315929430679494
finetune,34,"biggrid50-goal(27,31)",8,"biggrid50-goal(27,45)",0.676530659198761,0.06397657334859648
finetune,34,"biggrid50-goal(27,31)",9,"biggrid50-goal(21,45)",0.8680270910263062,0.5012850007860916
finetune,34,"biggrid50-goal(27,31)",10,"biggrid50-goal(33,3)",0.8136054277420044,0.3373640107253058
finetune,34,"biggrid50-goal(27,31)",11,"biggrid50-goal(21,24)",0.8721088171005249,0.3659359977919472
finetune,34,"biggrid50-goal(27,31)",12,"biggrid50-goal(21,3)",0.7465986013412476,0.2141348768049664
finetune,34,"biggrid50-goal(27,31)",13,"biggrid50-goal(3,17)",0.7772108316421509,0.27060111008574744
finetune,34,"biggrid50-goal(27,31)",14,"biggrid50-goal(15,45)",0.8302721381187439,0.3364361125753091
finetune,34,"biggrid50-goal(27,31)",15,"biggrid50-goal(3,24)",0.8081632256507874,0.3487296281157297
finetune,34,"biggrid50-goal(27,31)",16,"biggrid50-goal(3,10)",0.6710883975028992,0.05933840283830456
finetune,34,"biggrid50-goal(27,31)",17,"biggrid50-goal(46,31)",0.8258503079414368,0.37177917566506435
finetune,34,"biggrid50-goal(27,31)",18,"biggrid50-goal(46,24)",0.8999998569488525,0.24615342447780347
finetune,34,"biggrid50-goal(27,31)",19,"biggrid50-goal(3,45)",0.9258501529693604,0.8208705323394847
finetune,34,"biggrid50-goal(27,31)",20,"biggrid50-goal(21,10)",0.7659863829612732,0.15375134742261576
finetune,34,"biggrid50-goal(27,31)",21,"biggrid50-goal(40,3)",0.7918366193771362,0.2416353341621111
finetune,34,"biggrid50-goal(27,31)",22,"biggrid50-goal(15,38)",0.9605439901351929,0.8311488987444868
finetune,34,"biggrid50-goal(27,31)",23,"biggrid50-goal(40,45)",0.8003399968147278,0.4046649468733144
finetune,34,"biggrid50-goal(27,31)",24,"biggrid50-goal(15,17)",0.884353756904602,0.4894898245124725
finetune,34,"biggrid50-goal(27,31)",25,"biggrid50-goal(15,24)",0.8724489808082581,0.38423655525984807
finetune,34,"biggrid50-goal(27,31)",26,"biggrid50-goal(21,38)",0.8823128342628479,0.41946255544170336
finetune,34,"biggrid50-goal(27,31)",27,"biggrid50-goal(33,17)",0.9401359558105469,0.7805482709812128
finetune,34,"biggrid50-goal(27,31)",28,"biggrid50-goal(27,17)",0.8013604283332825,0.22648966504078627
finetune,34,"biggrid50-goal(27,31)",29,"biggrid50-goal(3,3)",0.6142856478691101,0.059701401450694504
finetune,34,"biggrid50-goal(27,31)",30,"biggrid50-goal(9,10)",0.7435374855995178,0.16960379501441175
finetune,34,"biggrid50-goal(27,31)",31,"biggrid50-goal(46,17)",0.8588435053825378,0.45466504984484224
finetune,34,"biggrid50-goal(27,31)",32,"biggrid50-goal(40,10)",0.6761904358863831,0.01652864285292743
finetune,34,"biggrid50-goal(27,31)",33,"biggrid50-goal(46,38)",0.874829888343811,0.6374382913102494
finetune,34,"biggrid50-goal(27,31)",34,"biggrid50-goal(27,31)",0.9561223387718201,0.765879751410726
finetune,35,"biggrid50-goal(21,31)",0,"biggrid50-goal(40,31)",0.8986393809318542,0.6546927036365974
finetune,35,"biggrid50-goal(21,31)",1,"biggrid50-goal(9,31)",0.8925168514251709,0.5204849854066151
finetune,35,"biggrid50-goal(21,31)",2,"biggrid50-goal(15,31)",0.8867346048355103,0.44407332828781787
finetune,35,"biggrid50-goal(21,31)",3,"biggrid50-goal(9,24)",0.9023808240890503,0.6253258254129409
finetune,35,"biggrid50-goal(21,31)",4,"biggrid50-goal(21,17)",0.7489795684814453,0.07518772721333651
finetune,35,"biggrid50-goal(21,31)",5,"biggrid50-goal(27,3)",0.7115646600723267,0.11574549932417456
finetune,35,"biggrid50-goal(21,31)",6,"biggrid50-goal(3,31)",0.8884353637695312,0.6411378253735687
finetune,35,"biggrid50-goal(21,31)",7,"biggrid50-goal(33,10)",0.8445577621459961,0.15055717764410204
finetune,35,"biggrid50-goal(21,31)",8,"biggrid50-goal(27,45)",0.6748300194740295,0.05905543115100949
finetune,35,"biggrid50-goal(21,31)",9,"biggrid50-goal(21,45)",0.8642857074737549,0.4871466135217671
finetune,35,"biggrid50-goal(21,31)",10,"biggrid50-goal(33,3)",0.7802721261978149,0.2188635362911411
finetune,35,"biggrid50-goal(21,31)",11,"biggrid50-goal(21,24)",0.893197238445282,0.4704890133709538
finetune,35,"biggrid50-goal(21,31)",12,"biggrid50-goal(21,3)",0.7639455199241638,0.267932284322736
finetune,35,"biggrid50-goal(21,31)",13,"biggrid50-goal(3,17)",0.8010204434394836,0.3485524061127114
finetune,35,"biggrid50-goal(21,31)",14,"biggrid50-goal(15,45)",0.8374149203300476,0.36436135878194886
finetune,35,"biggrid50-goal(21,31)",15,"biggrid50-goal(3,24)",0.8734692931175232,0.5704384583942078
finetune,35,"biggrid50-goal(21,31)",16,"biggrid50-goal(3,10)",0.6982992887496948,0.13715943507333986
finetune,35,"biggrid50-goal(21,31)",17,"biggrid50-goal(46,31)",0.7884352207183838,0.23680944554389025
finetune,35,"biggrid50-goal(21,31)",18,"biggrid50-goal(46,24)",0.8908160924911499,0.17692202964569223
finetune,35,"biggrid50-goal(21,31)",19,"biggrid50-goal(3,45)",0.8816325664520264,0.7140507201447287
finetune,35,"biggrid50-goal(21,31)",20,"biggrid50-goal(21,10)",0.7547618746757507,0.11316086754940766
finetune,35,"biggrid50-goal(21,31)",21,"biggrid50-goal(40,3)",0.7833333611488342,0.2106569240039738
finetune,35,"biggrid50-goal(21,31)",22,"biggrid50-goal(15,38)",0.964285671710968,0.8471613403669891
finetune,35,"biggrid50-goal(21,31)",23,"biggrid50-goal(40,45)",0.7578229904174805,0.27789011035883726
finetune,35,"biggrid50-goal(21,31)",24,"biggrid50-goal(15,17)",0.9047619700431824,0.5795800876450939
finetune,35,"biggrid50-goal(21,31)",25,"biggrid50-goal(15,24)",0.8840134739875793,0.4400651343013702
finetune,35,"biggrid50-goal(21,31)",26,"biggrid50-goal(21,38)",0.8908162713050842,0.46140904620423717
finetune,35,"biggrid50-goal(21,31)",27,"biggrid50-goal(33,17)",0.9778910279273987,0.9189521487588498
finetune,35,"biggrid50-goal(21,31)",28,"biggrid50-goal(27,17)",0.7809523940086365,0.14701997360990707
finetune,35,"biggrid50-goal(21,31)",29,"biggrid50-goal(3,3)",0.6438775658607483,0.1318408975887097
finetune,35,"biggrid50-goal(21,31)",30,"biggrid50-goal(9,10)",0.7585033178329468,0.2180614431823774
finetune,35,"biggrid50-goal(21,31)",31,"biggrid50-goal(46,17)",0.8020407557487488,0.23521694918064345
finetune,35,"biggrid50-goal(21,31)",32,"biggrid50-goal(40,10)",0.668367326259613,-0.007231631995070173
finetune,35,"biggrid50-goal(21,31)",33,"biggrid50-goal(46,38)",0.8224489092826843,0.48571407360396013
finetune,35,"biggrid50-goal(21,31)",34,"biggrid50-goal(27,31)",0.9425169229507446,0.6932846484578618
finetune,35,"biggrid50-goal(21,31)",35,"biggrid50-goal(21,31)",0.9224488735198975,0.6666662396743654
finetune,36,"biggrid50-goal(46,10)",0,"biggrid50-goal(40,31)",0.8945577144622803,0.6407876069015609
finetune,36,"biggrid50-goal(46,10)",1,"biggrid50-goal(9,31)",0.791156530380249,0.06828576655689718
finetune,36,"biggrid50-goal(46,10)",2,"biggrid50-goal(15,31)",0.8129251003265381,0.08180317399392724
finetune,36,"biggrid50-goal(46,10)",3,"biggrid50-goal(9,24)",0.8098638653755188,0.2702345759957321
finetune,36,"biggrid50-goal(46,10)",4,"biggrid50-goal(21,17)",0.7527210712432861,0.08897221340787889
finetune,36,"biggrid50-goal(46,10)",5,"biggrid50-goal(27,3)",0.7343537211418152,0.18560978787468477
finetune,36,"biggrid50-goal(46,10)",6,"biggrid50-goal(3,31)",0.7363945245742798,0.15207867518799703
finetune,36,"biggrid50-goal(46,10)",7,"biggrid50-goal(33,10)",0.9462584853172302,0.7063195657753648
finetune,36,"biggrid50-goal(46,10)",8,"biggrid50-goal(27,45)",0.6802720427513123,0.07480301719208926
finetune,36,"biggrid50-goal(46,10)",9,"biggrid50-goal(21,45)",0.7778911590576172,0.16066856980426092
finetune,36,"biggrid50-goal(46,10)",10,"biggrid50-goal(33,3)",0.9068025350570679,0.668681369675965
finetune,36,"biggrid50-goal(46,10)",11,"biggrid50-goal(21,24)",0.8680270910263062,0.34569945363103827
finetune,36,"biggrid50-goal(46,10)",12,"biggrid50-goal(21,3)",0.8302720785140991,0.4736285804492443
finetune,36,"biggrid50-goal(46,10)",13,"biggrid50-goal(3,17)",0.7489795684814453,0.17817358247264253
finetune,36,"biggrid50-goal(46,10)",14,"biggrid50-goal(15,45)",0.7636054158210754,0.07579752961447239
finetune,36,"biggrid50-goal(46,10)",15,"biggrid50-goal(3,24)",0.7459183931350708,0.13741344352126528
finetune,36,"biggrid50-goal(46,10)",16,"biggrid50-goal(3,10)",0.6768707036972046,0.07587534874936054
finetune,36,"biggrid50-goal(46,10)",17,"biggrid50-goal(46,31)",0.8724488615989685,0.5398769853454052
finetune,36,"biggrid50-goal(46,10)",18,"biggrid50-goal(46,24)",0.9462584257125854,0.5948715621434871
finetune,36,"biggrid50-goal(46,10)",19,"biggrid50-goal(3,45)",0.6938774585723877,0.26047631814866085
finetune,36,"biggrid50-goal(46,10)",20,"biggrid50-goal(21,10)",0.7649660110473633,0.1500614409624666
finetune,36,"biggrid50-goal(46,10)",21,"biggrid50-goal(40,3)",0.969047486782074,0.8872362070931072
finetune,36,"biggrid50-goal(46,10)",22,"biggrid50-goal(15,38)",0.8176870346069336,0.21979579067281332
finetune,36,"biggrid50-goal(46,10)",23,"biggrid50-goal(40,45)",0.7435373663902283,0.2352940340113869
finetune,36,"biggrid50-goal(46,10)",24,"biggrid50-goal(15,17)",0.8591836094856262,0.3783784210463998
finetune,36,"biggrid50-goal(46,10)",25,"biggrid50-goal(15,24)",0.8346939086914062,0.20197071833903504
finetune,36,"biggrid50-goal(46,10)",26,"biggrid50-goal(21,38)",0.8251699805259705,0.13758333713112983
finetune,36,"biggrid50-goal(46,10)",27,"biggrid50-goal(33,17)",0.9568025469779968,0.8416452499452656
finetune,36,"biggrid50-goal(46,10)",28,"biggrid50-goal(27,17)",0.7925168871879578,0.19205256665123183
finetune,36,"biggrid50-goal(46,10)",29,"biggrid50-goal(3,3)",0.6452380418777466,0.13515748066392108
finetune,36,"biggrid50-goal(46,10)",30,"biggrid50-goal(9,10)",0.7544217705726624,0.2048458613132981
finetune,36,"biggrid50-goal(46,10)",31,"biggrid50-goal(46,17)",0.9867345690727234,0.9487511847533641
finetune,36,"biggrid50-goal(46,10)",32,"biggrid50-goal(40,10)",0.6823129653930664,0.0351239317833005
finetune,36,"biggrid50-goal(46,10)",33,"biggrid50-goal(46,38)",0.8445577025413513,0.549753337888937
finetune,36,"biggrid50-goal(46,10)",34,"biggrid50-goal(27,31)",0.898639440536499,0.4591653539751099
finetune,36,"biggrid50-goal(46,10)",35,"biggrid50-goal(21,31)",0.8258503079414368,0.25146191489138214
finetune,36,"biggrid50-goal(46,10)",36,"biggrid50-goal(46,10)",0.9693876504898071,0.9271842216932011
finetune,37,"biggrid50-goal(9,17)",0,"biggrid50-goal(40,31)",0.8272107839584351,0.4113554398089158
finetune,37,"biggrid50-goal(9,17)",1,"biggrid50-goal(9,31)",0.852721095085144,0.3429440133084863
finetune,37,"biggrid50-goal(9,17)",2,"biggrid50-goal(15,31)",0.8680271506309509,0.35225382121731885
finetune,37,"biggrid50-goal(9,17)",3,"biggrid50-goal(9,24)",0.9476190209388733,0.7989554827660833
finetune,37,"biggrid50-goal(9,17)",4,"biggrid50-goal(21,17)",0.7945577502250671,0.24310737260955922
finetune,37,"biggrid50-goal(9,17)",5,"biggrid50-goal(27,3)",0.7738094925880432,0.3065691109857586
finetune,37,"biggrid50-goal(9,17)",6,"biggrid50-goal(3,31)",0.8506802320480347,0.5196935296659709
finetune,37,"biggrid50-goal(9,17)",7,"biggrid50-goal(33,10)",0.8955780863761902,0.42936716397686603
finetune,37,"biggrid50-goal(9,17)",8,"biggrid50-goal(27,45)",0.6666666865348816,0.03543318969940707
finetune,37,"biggrid50-goal(9,17)",9,"biggrid50-goal(21,45)",0.7969388365745544,0.23264820980582862
finetune,37,"biggrid50-goal(9,17)",10,"biggrid50-goal(33,3)",0.8285713195800781,0.3905680199588668
finetune,37,"biggrid50-goal(9,17)",11,"biggrid50-goal(21,24)",0.8350340127944946,0.18212505581450464
finetune,37,"biggrid50-goal(9,17)",12,"biggrid50-goal(21,3)",0.8836734294891357,0.639240370616563
finetune,37,"biggrid50-goal(9,17)",13,"biggrid50-goal(3,17)",0.861564576625824,0.5467704068460557
finetune,37,"biggrid50-goal(9,17)",14,"biggrid50-goal(15,45)",0.7945578098297119,0.19680825034010563
finetune,37,"biggrid50-goal(9,17)",15,"biggrid50-goal(3,24)",0.8751699924468994,0.5762121954082067
finetune,37,"biggrid50-goal(9,17)",16,"biggrid50-goal(3,10)",0.8329931497573853,0.5223733997418143
finetune,37,"biggrid50-goal(9,17)",17,"biggrid50-goal(46,31)",0.7782312631607056,0.20000008600619074
finetune,37,"biggrid50-goal(9,17)",18,"biggrid50-goal(46,24)",0.8272107243537903,-0.30256417399556335
finetune,37,"biggrid50-goal(9,17)",19,"biggrid50-goal(3,45)",0.7717686295509338,0.4486439887721182
finetune,37,"biggrid50-goal(9,17)",20,"biggrid50-goal(21,10)",0.7639455199241638,0.1463711034132982
finetune,37,"biggrid50-goal(9,17)",21,"biggrid50-goal(40,3)",0.8619046807289124,0.49690185497836675
finetune,37,"biggrid50-goal(9,17)",22,"biggrid50-goal(15,38)",0.9023808240890503,0.5822409459877579
finetune,37,"biggrid50-goal(9,17)",23,"biggrid50-goal(40,45)",0.6819726824760437,0.05172389585623404
finetune,37,"biggrid50-goal(9,17)",24,"biggrid50-goal(15,17)",0.9401358962059021,0.7357351755204175
finetune,37,"biggrid50-goal(9,17)",25,"biggrid50-goal(15,24)",0.8874149322509766,0.4564859647320605
finetune,37,"biggrid50-goal(9,17)",26,"biggrid50-goal(21,38)",0.831632673740387,0.1694630699818735
finetune,37,"biggrid50-goal(9,17)",27,"biggrid50-goal(33,17)",0.9792516231536865,0.9239398668281242
finetune,37,"biggrid50-goal(9,17)",28,"biggrid50-goal(27,17)",0.7816326022148132,0.1496687312214296
finetune,37,"biggrid50-goal(9,17)",29,"biggrid50-goal(3,3)",0.6914965510368347,0.24792697211004286
finetune,37,"biggrid50-goal(9,17)",30,"biggrid50-goal(9,10)",0.938775360584259,0.801761640131737
finetune,37,"biggrid50-goal(9,17)",31,"biggrid50-goal(46,17)",0.8619046807289124,0.4664913983912224
finetune,37,"biggrid50-goal(9,17)",32,"biggrid50-goal(40,10)",0.6829931735992432,0.03718985373808411
finetune,37,"biggrid50-goal(9,17)",33,"biggrid50-goal(46,38)",0.7527209520339966,0.28374343549372305
finetune,37,"biggrid50-goal(9,17)",34,"biggrid50-goal(27,31)",0.8574829697608948,0.23956469844032208
finetune,37,"biggrid50-goal(9,17)",35,"biggrid50-goal(21,31)",0.8564625978469849,0.38304104429336316
finetune,37,"biggrid50-goal(9,17)",36,"biggrid50-goal(46,10)",0.8653059601783752,0.6796112843402338
finetune,37,"biggrid50-goal(9,17)",37,"biggrid50-goal(9,17)",0.9265304803848267,0.7142852506941125
finetune,38,"biggrid50-goal(33,24)",0,"biggrid50-goal(40,31)",0.9105440378189087,0.695248542004544
finetune,38,"biggrid50-goal(33,24)",1,"biggrid50-goal(9,31)",0.8261904120445251,0.22458256749972344
finetune,38,"biggrid50-goal(33,24)",2,"biggrid50-goal(15,31)",0.869387686252594,0.35893157163515366
finetune,38,"biggrid50-goal(33,24)",3,"biggrid50-goal(9,24)",0.8653060793876648,0.4830284822998504
finetune,38,"biggrid50-goal(33,24)",4,"biggrid50-goal(21,17)",0.7659862637519836,0.1378439835610362
finetune,38,"biggrid50-goal(33,24)",5,"biggrid50-goal(27,3)",0.7527210712432861,0.2419184634925438
finetune,38,"biggrid50-goal(33,24)",6,"biggrid50-goal(3,31)",0.840135931968689,0.4857764159259968
finetune,38,"biggrid50-goal(33,24)",7,"biggrid50-goal(33,10)",0.9472787976264954,0.7118952508634853
finetune,38,"biggrid50-goal(33,24)",8,"biggrid50-goal(27,45)",0.6785714626312256,0.06988204747249882
finetune,38,"biggrid50-goal(33,24)",9,"biggrid50-goal(21,45)",0.8241496682167053,0.3354757521140009
finetune,38,"biggrid50-goal(33,24)",10,"biggrid50-goal(33,3)",0.8472788333892822,0.45707356123972465
finetune,38,"biggrid50-goal(33,24)",11,"biggrid50-goal(21,24)",0.8836734294891357,0.42327149386653634
finetune,38,"biggrid50-goal(33,24)",12,"biggrid50-goal(21,3)",0.7904760837554932,0.35021061792348546
finetune,38,"biggrid50-goal(33,24)",13,"biggrid50-goal(3,17)",0.7816326022148132,0.28507773195622804
finetune,38,"biggrid50-goal(33,24)",14,"biggrid50-goal(15,45)",0.7948980331420898,0.1981383790605861
finetune,38,"biggrid50-goal(33,24)",15,"biggrid50-goal(3,24)",0.8125849962234497,0.36374118246975834
finetune,38,"biggrid50-goal(33,24)",16,"biggrid50-goal(3,10)",0.7115646004676819,0.17509719468034385
finetune,38,"biggrid50-goal(33,24)",17,"biggrid50-goal(46,31)",0.8309522867202759,0.39018385543391415
finetune,38,"biggrid50-goal(33,24)",18,"biggrid50-goal(46,24)",0.9285711646080017,0.4615369407396191
finetune,38,"biggrid50-goal(33,24)",19,"biggrid50-goal(3,45)",0.822108805179596,0.5702546086641994
finetune,38,"biggrid50-goal(33,24)",20,"biggrid50-goal(21,10)",0.7670067548751831,0.15744125388276492
finetune,38,"biggrid50-goal(33,24)",21,"biggrid50-goal(40,3)",0.9204079508781433,0.7100364264115913
finetune,38,"biggrid50-goal(33,24)",22,"biggrid50-goal(15,38)",0.8938775658607483,0.5458514448438663
finetune,38,"biggrid50-goal(33,24)",23,"biggrid50-goal(40,45)",0.7656461000442505,0.30121662198343774
finetune,38,"biggrid50-goal(33,24)",24,"biggrid50-goal(15,17)",0.9374148845672607,0.7237235088033195
finetune,38,"biggrid50-goal(33,24)",25,"biggrid50-goal(15,24)",0.8653060793876648,0.3497535882709916
finetune,38,"biggrid50-goal(33,24)",26,"biggrid50-goal(21,38)",0.8632652163505554,0.3255028160048455
finetune,38,"biggrid50-goal(33,24)",27,"biggrid50-goal(33,17)",0.9670066833496094,0.8790519337103492
finetune,38,"biggrid50-goal(33,24)",28,"biggrid50-goal(27,17)",0.8085033893585205,0.2543046372986943
finetune,38,"biggrid50-goal(33,24)",29,"biggrid50-goal(3,3)",0.6333333253860474,0.10613603468601003
finetune,38,"biggrid50-goal(33,24)",30,"biggrid50-goal(9,10)",0.8146257996559143,0.3997796019905298
finetune,38,"biggrid50-goal(33,24)",31,"biggrid50-goal(46,17)",0.8816325068473816,0.5427066168417815
finetune,38,"biggrid50-goal(33,24)",32,"biggrid50-goal(40,10)",0.6782312393188477,0.02272695180927478
finetune,38,"biggrid50-goal(33,24)",33,"biggrid50-goal(46,38)",0.8295917510986328,0.5064036847213825
finetune,38,"biggrid50-goal(33,24)",34,"biggrid50-goal(27,31)",0.9329931139945984,0.6424679809802045
finetune,38,"biggrid50-goal(33,24)",35,"biggrid50-goal(21,31)",0.8809522986412048,0.4883037841851104
finetune,38,"biggrid50-goal(33,24)",36,"biggrid50-goal(46,10)",0.8710882067680359,0.6933651710076972
finetune,38,"biggrid50-goal(33,24)",37,"biggrid50-goal(9,17)",0.8346939086914062,0.35714308893865804
finetune,38,"biggrid50-goal(33,24)",38,"biggrid50-goal(33,24)",0.9527209997177124,0.7454208750966855
finetune,39,"biggrid50-goal(40,17)",0,"biggrid50-goal(40,31)",0.8870747089385986,0.6152950987676307
finetune,39,"biggrid50-goal(40,17)",1,"biggrid50-goal(9,31)",0.8142858147621155,0.1714725384831389
finetune,39,"biggrid50-goal(40,17)",2,"biggrid50-goal(15,31)",0.823469340801239,0.1335561785574175
finetune,39,"biggrid50-goal(40,17)",3,"biggrid50-goal(9,24)",0.8367345333099365,0.37336744138802885
finetune,39,"biggrid50-goal(40,17)",4,"biggrid50-goal(21,17)",0.7534013390541077,0.09147846366178687
finetune,39,"biggrid50-goal(40,17)",5,"biggrid50-goal(27,3)",0.7404761910438538,0.20437940732383908
finetune,39,"biggrid50-goal(40,17)",6,"biggrid50-goal(3,31)",0.7578230500221252,0.2210063166080432
finetune,39,"biggrid50-goal(40,17)",7,"biggrid50-goal(33,10)",0.9251698851585388,0.5910770146795756
finetune,39,"biggrid50-goal(40,17)",8,"biggrid50-goal(27,45)",0.6744898557662964,0.05807109922469416
finetune,39,"biggrid50-goal(40,17)",9,"biggrid50-goal(21,45)",0.787074863910675,0.19537305115722148
finetune,39,"biggrid50-goal(40,17)",10,"biggrid50-goal(33,3)",0.8591836094856262,0.4993952500643103
finetune,39,"biggrid50-goal(40,17)",11,"biggrid50-goal(21,24)",0.8380951285362244,0.19730157740433815
finetune,39,"biggrid50-goal(40,17)",12,"biggrid50-goal(21,3)",0.7513604760169983,0.22890271647951235
finetune,39,"biggrid50-goal(40,17)",13,"biggrid50-goal(3,17)",0.7486393451690674,0.17705971096712655
finetune,39,"biggrid50-goal(40,17)",14,"biggrid50-goal(15,45)",0.7690476179122925,0.09707422947843015
finetune,39,"biggrid50-goal(40,17)",15,"biggrid50-goal(3,24)",0.8068027496337891,0.344110921798675
finetune,39,"biggrid50-goal(40,17)",16,"biggrid50-goal(3,10)",0.6748298406600952,0.07003863922163114
finetune,39,"biggrid50-goal(40,17)",17,"biggrid50-goal(46,31)",0.8537413477897644,0.4723922277925565
finetune,39,"biggrid50-goal(40,17)",18,"biggrid50-goal(46,24)",0.982312798500061,0.8666658279230627
finetune,39,"biggrid50-goal(40,17)",19,"biggrid50-goal(3,45)",0.7061223387718201,0.2900572135857716
finetune,39,"biggrid50-goal(40,17)",20,"biggrid50-goal(21,10)",0.7506802082061768,0.09840059507528215
finetune,39,"biggrid50-goal(40,17)",21,"biggrid50-goal(40,3)",0.8765305280685425,0.5501856064101799
finetune,39,"biggrid50-goal(40,17)",22,"biggrid50-goal(15,38)",0.8360544443130493,0.2983987048224041
finetune,39,"biggrid50-goal(40,17)",23,"biggrid50-goal(40,45)",0.7751700282096863,0.32961453939247987
finetune,39,"biggrid50-goal(40,17)",24,"biggrid50-goal(15,17)",0.8795917630195618,0.4684684210595558
finetune,39,"biggrid50-goal(40,17)",25,"biggrid50-goal(15,24)",0.8564624786376953,0.307060349940048
finetune,39,"biggrid50-goal(40,17)",26,"biggrid50-goal(21,38)",0.8244897127151489,0.13422765315288165
finetune,39,"biggrid50-goal(40,17)",27,"biggrid50-goal(33,17)",0.9629250168800354,0.864089216504153
finetune,39,"biggrid50-goal(40,17)",28,"biggrid50-goal(27,17)",0.7996598482131958,0.21986753890913985
finetune,39,"biggrid50-goal(40,17)",29,"biggrid50-goal(3,3)",0.6275510191917419,0.09203986641835038
finetune,39,"biggrid50-goal(40,17)",30,"biggrid50-goal(9,10)",0.775170087814331,0.27202653267805776
finetune,39,"biggrid50-goal(40,17)",31,"biggrid50-goal(46,17)",0.9411563277244568,0.7726671296684349
finetune,39,"biggrid50-goal(40,17)",32,"biggrid50-goal(40,10)",0.6867346167564392,0.0485533296427215
finetune,39,"biggrid50-goal(40,17)",33,"biggrid50-goal(46,38)",0.8469385504722595,0.556649587181512
finetune,39,"biggrid50-goal(40,17)",34,"biggrid50-goal(27,31)",0.9136053323745728,0.5390196173842025
finetune,39,"biggrid50-goal(40,17)",35,"biggrid50-goal(21,31)",0.8299318552017212,0.26900540597872913
finetune,39,"biggrid50-goal(40,17)",36,"biggrid50-goal(46,10)",0.9136053919792175,0.7944982751993789
finetune,39,"biggrid50-goal(40,17)",37,"biggrid50-goal(9,17)",0.8425168991088867,0.3875658242125549
finetune,39,"biggrid50-goal(40,17)",38,"biggrid50-goal(33,24)",0.9418365955352783,0.686812569605587
finetune,39,"biggrid50-goal(40,17)",39,"biggrid50-goal(40,17)",0.9775509238243103,0.9284161882318238
finetune,40,"biggrid50-goal(40,38)",0,"biggrid50-goal(40,31)",0.9751699566841125,0.9154109830344378
finetune,40,"biggrid50-goal(40,38)",1,"biggrid50-goal(9,31)",0.8125849366188049,0.1638844037985347
finetune,40,"biggrid50-goal(40,38)",2,"biggrid50-goal(15,31)",0.8431971669197083,0.23038385216620244
finetune,40,"biggrid50-goal(40,38)",3,"biggrid50-goal(9,24)",0.8323128819465637,0.3563966099973325
finetune,40,"biggrid50-goal(40,38)",4,"biggrid50-goal(21,17)",0.7506802678108215,0.08145346264615493
finetune,40,"biggrid50-goal(40,38)",5,"biggrid50-goal(27,3)",0.7193877100944519,0.1397285771010204
finetune,40,"biggrid50-goal(40,38)",6,"biggrid50-goal(3,31)",0.7809523344039917,0.2954046705244514
finetune,40,"biggrid50-goal(40,38)",7,"biggrid50-goal(33,10)",0.8469387292861938,0.16356841239874975
finetune,40,"biggrid50-goal(40,38)",8,"biggrid50-goal(27,45)",0.6761904954910278,0.06299224142228116
finetune,40,"biggrid50-goal(40,38)",9,"biggrid50-goal(21,45)",0.8302720189094543,0.3586116225336657
finetune,40,"biggrid50-goal(40,38)",10,"biggrid50-goal(33,3)",0.7914965152740479,0.2587664372685306
finetune,40,"biggrid50-goal(40,38)",11,"biggrid50-goal(21,24)",0.8619047403335571,0.3153458194308058
finetune,40,"biggrid50-goal(40,38)",12,"biggrid50-goal(21,3)",0.7411563992500305,0.1972571608984886
finetune,40,"biggrid50-goal(40,38)",13,"biggrid50-goal(3,17)",0.7472789287567139,0.17260578608242141
finetune,40,"biggrid50-goal(40,38)",14,"biggrid50-goal(15,45)",0.8013604879379272,0.22340383388398052
finetune,40,"biggrid50-goal(40,38)",15,"biggrid50-goal(3,24)",0.7659863829612732,0.20554264993342589
finetune,40,"biggrid50-goal(40,38)",16,"biggrid50-goal(3,10)",0.6782312989234924,0.07976654525606262
finetune,40,"biggrid50-goal(40,38)",17,"biggrid50-goal(46,31)",0.832312822341919,0.39509179870767097
finetune,40,"biggrid50-goal(40,38)",18,"biggrid50-goal(46,24)",0.9387752413749695,0.5384599139718659
finetune,40,"biggrid50-goal(40,38)",19,"biggrid50-goal(3,45)",0.7721087336540222,0.44946560431651983
finetune,40,"biggrid50-goal(40,38)",20,"biggrid50-goal(21,10)",0.7435374855995178,0.07257081876521879
finetune,40,"biggrid50-goal(40,38)",21,"biggrid50-goal(40,3)",0.7792516350746155,0.19578669648818992
finetune,40,"biggrid50-goal(40,38)",22,"biggrid50-goal(15,38)",0.9074829816818237,0.6040755139349692
finetune,40,"biggrid50-goal(40,38)",23,"biggrid50-goal(40,45)",0.7751699686050415,0.329614361666677
finetune,40,"biggrid50-goal(40,38)",24,"biggrid50-goal(15,17)",0.864625871181488,0.40240280695845737
finetune,40,"biggrid50-goal(40,38)",25,"biggrid50-goal(15,24)",0.8578231334686279,0.3136290274081434
finetune,40,"biggrid50-goal(40,38)",26,"biggrid50-goal(21,38)",0.8646258115768433,0.3322144779842962
finetune,40,"biggrid50-goal(40,38)",27,"biggrid50-goal(33,17)",0.906462550163269,0.6571071104097721
finetune,40,"biggrid50-goal(40,38)",28,"biggrid50-goal(27,17)",0.7945578098297119,0.2
finetune,40,"biggrid50-goal(40,38)",29,"biggrid50-goal(3,3)",0.5993196368217468,0.023217098660391046
finetune,40,"biggrid50-goal(40,38)",30,"biggrid50-goal(9,10)",0.7105442881584167,0.06277560607040192
finetune,40,"biggrid50-goal(40,38)",31,"biggrid50-goal(46,17)",0.8965985774993896,0.6005255745535701
finetune,40,"biggrid50-goal(40,38)",32,"biggrid50-goal(40,10)",0.6785714626312256,0.0237602748479976
finetune,40,"biggrid50-goal(40,38)",33,"biggrid50-goal(46,38)",0.9326528310775757,0.8049254385343986
finetune,40,"biggrid50-goal(40,38)",34,"biggrid50-goal(27,31)",0.9544216394424438,0.7568052442783026
finetune,40,"biggrid50-goal(40,38)",35,"biggrid50-goal(21,31)",0.8479591608047485,0.34649118649460925
finetune,40,"biggrid50-goal(40,38)",36,"biggrid50-goal(46,10)",0.8374148011207581,0.6132682402043078
finetune,40,"biggrid50-goal(40,38)",37,"biggrid50-goal(9,17)",0.7982993721961975,0.21560880471713725
finetune,40,"biggrid50-goal(40,38)",38,"biggrid50-goal(33,24)",0.9200680255889893,0.5695972424151975
finetune,40,"biggrid50-goal(40,38)",39,"biggrid50-goal(40,17)",0.899319589138031,0.6789583890454054
finetune,40,"biggrid50-goal(40,38)",40,"biggrid50-goal(40,38)",0.7452380657196045,0.0899148063900637
finetune,41,"biggrid50-goal(33,38)",0,"biggrid50-goal(40,31)",0.904081404209137,0.6732321557620999
finetune,41,"biggrid50-goal(33,38)",1,"biggrid50-goal(9,31)",0.8139456510543823,0.16995496472910762
finetune,41,"biggrid50-goal(33,38)",2,"biggrid50-goal(15,31)",0.8333332538604736,0.18197001536180998
finetune,41,"biggrid50-goal(33,38)",3,"biggrid50-goal(9,24)",0.82517009973526,0.3289817501165582
finetune,41,"biggrid50-goal(33,38)",4,"biggrid50-goal(21,17)",0.7482993006706238,0.07268147695942852
finetune,41,"biggrid50-goal(33,38)",5,"biggrid50-goal(27,3)",0.7166666388511658,0.13138660522566467
finetune,41,"biggrid50-goal(33,38)",6,"biggrid50-goal(3,31)",0.7840136289596558,0.3052517229465847
finetune,41,"biggrid50-goal(33,38)",7,"biggrid50-goal(33,10)",0.837755024433136,0.11338236079679075
finetune,41,"biggrid50-goal(33,38)",8,"biggrid50-goal(27,45)",0.6727890372276306,0.053149439593117506
finetune,41,"biggrid50-goal(33,38)",9,"biggrid50-goal(21,45)",0.9098637700080872,0.6593824428123971
finetune,41,"biggrid50-goal(33,38)",10,"biggrid50-goal(33,3)",0.799659788608551,0.28778701783694466
finetune,41,"biggrid50-goal(33,38)",11,"biggrid50-goal(21,24)",0.874829888343811,0.3794266332188428
finetune,41,"biggrid50-goal(33,38)",12,"biggrid50-goal(21,3)",0.7098639011383057,0.10021080277333932
finetune,41,"biggrid50-goal(33,38)",13,"biggrid50-goal(3,17)",0.7401360869407654,0.14922053387385112
finetune,41,"biggrid50-goal(33,38)",14,"biggrid50-goal(15,45)",0.7972788214683533,0.20744625072879774
finetune,41,"biggrid50-goal(33,38)",15,"biggrid50-goal(3,24)",0.7659863233566284,0.20554244758046566
finetune,41,"biggrid50-goal(33,38)",16,"biggrid50-goal(3,10)",0.6744898557662964,0.06906630887273604
finetune,41,"biggrid50-goal(33,38)",17,"biggrid50-goal(46,31)",0.8391156792640686,0.4196321601228856
finetune,41,"biggrid50-goal(33,38)",18,"biggrid50-goal(46,24)",0.8904760479927063,0.1743586195059111
finetune,41,"biggrid50-goal(33,38)",19,"biggrid50-goal(3,45)",0.8006802201271057,0.5184879336556247
finetune,41,"biggrid50-goal(33,38)",20,"biggrid50-goal(21,10)",0.7442176938056946,0.07503061270897848
finetune,41,"biggrid50-goal(33,38)",21,"biggrid50-goal(40,3)",0.770408034324646,0.1635683768803574
finetune,41,"biggrid50-goal(33,38)",22,"biggrid50-goal(15,38)",0.8942176103591919,0.5473066575791331
finetune,41,"biggrid50-goal(33,38)",23,"biggrid50-goal(40,45)",0.8047618269920349,0.41784971328384857
finetune,41,"biggrid50-goal(33,38)",24,"biggrid50-goal(15,17)",0.8530611395835876,0.35135131579466683
finetune,41,"biggrid50-goal(33,38)",25,"biggrid50-goal(15,24)",0.8540815711021423,0.2955663153569452
finetune,41,"biggrid50-goal(33,38)",26,"biggrid50-goal(21,38)",0.875850260257721,0.3875834106368684
finetune,41,"biggrid50-goal(33,38)",27,"biggrid50-goal(33,17)",0.8972788453102112,0.6234411605714408
finetune,41,"biggrid50-goal(33,38)",28,"biggrid50-goal(27,17)",0.78231281042099,0.1523174888329521
finetune,41,"biggrid50-goal(33,38)",29,"biggrid50-goal(3,3)",0.5945577621459961,0.011608549330195523
finetune,41,"biggrid50-goal(33,38)",30,"biggrid50-goal(9,10)",0.7051020860671997,0.045154379927955714
finetune,41,"biggrid50-goal(33,38)",31,"biggrid50-goal(46,17)",0.8380950689315796,0.3745068708786932
finetune,41,"biggrid50-goal(33,38)",32,"biggrid50-goal(40,10)",0.6744898557662964,0.011363656935302899
finetune,41,"biggrid50-goal(33,38)",33,"biggrid50-goal(46,38)",0.8877550363540649,0.6748766516796746
finetune,41,"biggrid50-goal(33,38)",34,"biggrid50-goal(27,31)",0.9493197202682495,0.729582676987555
finetune,41,"biggrid50-goal(33,38)",35,"biggrid50-goal(21,31)",0.837755024433136,0.3026313058970284
finetune,41,"biggrid50-goal(33,38)",36,"biggrid50-goal(46,10)",0.7850339412689209,0.488672998757032
finetune,41,"biggrid50-goal(33,38)",37,"biggrid50-goal(9,17)",0.7819727659225464,0.15211645791909492
finetune,41,"biggrid50-goal(33,38)",38,"biggrid50-goal(33,24)",0.9102040529251099,0.5164835658601244
finetune,41,"biggrid50-goal(33,38)",39,"biggrid50-goal(40,17)",0.8731290698051453,0.5954441637221233
finetune,41,"biggrid50-goal(33,38)",40,"biggrid50-goal(40,38)",0.7244898080825806,0.015795876016905432
finetune,41,"biggrid50-goal(33,38)",41,"biggrid50-goal(33,38)",0.9163264036178589,0.6784309521404301
finetune,42,"biggrid50-goal(9,45)",0,"biggrid50-goal(40,31)",0.7670067548751831,0.20625714123849356
finetune,42,"biggrid50-goal(9,45)",1,"biggrid50-goal(9,31)",0.8904761075973511,0.511380606540219
finetune,42,"biggrid50-goal(9,45)",2,"biggrid50-goal(15,31)",0.9132652282714844,0.5742903390861376
finetune,42,"biggrid50-goal(9,45)",3,"biggrid50-goal(9,24)",0.8979590535163879,0.6083545364826092
finetune,42,"biggrid50-goal(9,45)",4,"biggrid50-goal(21,17)",0.7568027377128601,0.10400993452742371
finetune,42,"biggrid50-goal(9,45)",5,"biggrid50-goal(27,3)",0.672448992729187,-0.0041711686672817345
finetune,42,"biggrid50-goal(9,45)",6,"biggrid50-goal(3,31)",0.8962584137916565,0.6663016840837045
finetune,42,"biggrid50-goal(9,45)",7,"biggrid50-goal(33,10)",0.7282313108444214,-0.48513020354931213
finetune,42,"biggrid50-goal(9,45)",8,"biggrid50-goal(27,45)",0.6795918941497803,0.07283487077344826
finetune,42,"biggrid50-goal(9,45)",9,"biggrid50-goal(21,45)",0.9258501529693604,0.7197936971218235
finetune,42,"biggrid50-goal(9,45)",10,"biggrid50-goal(33,3)",0.6874149441719055,-0.11124538226595182
finetune,42,"biggrid50-goal(9,45)",11,"biggrid50-goal(21,24)",0.8217687010765076,0.11635776484296435
finetune,42,"biggrid50-goal(9,45)",12,"biggrid50-goal(21,3)",0.7044216990470886,0.08333308686686153
finetune,42,"biggrid50-goal(9,45)",13,"biggrid50-goal(3,17)",0.798299252986908,0.339643385490282
finetune,42,"biggrid50-goal(9,45)",14,"biggrid50-goal(15,45)",0.9003400802612305,0.6103720212503676
finetune,42,"biggrid50-goal(9,45)",15,"biggrid50-goal(3,24)",0.8581631183624268,0.5184752299741393
finetune,42,"biggrid50-goal(9,45)",16,"biggrid50-goal(3,10)",0.6860544681549072,0.102140200694848
finetune,42,"biggrid50-goal(9,45)",17,"biggrid50-goal(46,31)",0.7227890491485596,0.0
finetune,42,"biggrid50-goal(9,45)",18,"biggrid50-goal(46,24)",0.7244897484779358,-1.0769216252514546
finetune,42,"biggrid50-goal(9,45)",19,"biggrid50-goal(3,45)",0.9860542416572571,0.9663101628918332
finetune,42,"biggrid50-goal(9,45)",20,"biggrid50-goal(21,10)",0.734013557434082,0.03813003929591955
finetune,42,"biggrid50-goal(9,45)",21,"biggrid50-goal(40,3)",0.6112244129180908,-0.41635703312034833
finetune,42,"biggrid50-goal(9,45)",22,"biggrid50-goal(15,38)",0.9588434100151062,0.8238713046077826
finetune,42,"biggrid50-goal(9,45)",23,"biggrid50-goal(40,45)",0.7738094329833984,0.32555759249072935
finetune,42,"biggrid50-goal(9,45)",24,"biggrid50-goal(15,17)",0.8646258115768433,0.40240254383899193
finetune,42,"biggrid50-goal(9,45)",25,"biggrid50-goal(15,24)",0.8877550363540649,0.4581278463525683
finetune,42,"biggrid50-goal(9,45)",26,"biggrid50-goal(21,38)",0.9105441570281982,0.5587244696193432
finetune,42,"biggrid50-goal(9,45)",27,"biggrid50-goal(33,17)",0.7710884213447571,0.16084784433652446
finetune,42,"biggrid50-goal(9,45)",28,"biggrid50-goal(27,17)",0.7799318432807922,0.1430459087812628
finetune,42,"biggrid50-goal(9,45)",29,"biggrid50-goal(3,3)",0.6272108554840088,0.09121061167091417
finetune,42,"biggrid50-goal(9,45)",30,"biggrid50-goal(9,10)",0.7768706679344177,0.2775328160477542
finetune,42,"biggrid50-goal(9,45)",31,"biggrid50-goal(46,17)",0.7061224579811096,-0.13534765200074791
finetune,42,"biggrid50-goal(9,45)",32,"biggrid50-goal(40,10)",0.660544216632843,-0.030991906843067775
finetune,42,"biggrid50-goal(9,45)",33,"biggrid50-goal(46,38)",0.7414965033531189,0.25123123878004205
finetune,42,"biggrid50-goal(9,45)",34,"biggrid50-goal(27,31)",0.8704081177711487,0.3085300621473185
finetune,42,"biggrid50-goal(9,45)",35,"biggrid50-goal(21,31)",0.8602040410041809,0.39912268453817323
finetune,42,"biggrid50-goal(9,45)",36,"biggrid50-goal(46,10)",0.5996598601341248,0.04773467772932277
finetune,42,"biggrid50-goal(9,45)",37,"biggrid50-goal(9,17)",0.8323128819465637,0.3478835420809051
finetune,42,"biggrid50-goal(9,45)",38,"biggrid50-goal(33,24)",0.8397958874702454,0.13736283486906928
finetune,42,"biggrid50-goal(9,45)",39,"biggrid50-goal(40,17)",0.6979591846466064,0.036876497573757085
finetune,42,"biggrid50-goal(9,45)",40,"biggrid50-goal(40,38)",0.684353768825531,-0.1275819608689829
finetune,42,"biggrid50-goal(9,45)",41,"biggrid50-goal(33,38)",0.7891156077384949,0.1895425061178545
finetune,42,"biggrid50-goal(9,45)",42,"biggrid50-goal(9,45)",0.9836732149124146,0.9466658411026887
finetune,43,"biggrid50-goal(9,38)",0,"biggrid50-goal(40,31)",0.7727890014648438,0.22595563908843125
finetune,43,"biggrid50-goal(9,38)",1,"biggrid50-goal(9,31)",0.8836734294891357,0.48103179060407253
finetune,43,"biggrid50-goal(9,38)",2,"biggrid50-goal(15,31)",0.9472788572311401,0.7412352697327291
finetune,43,"biggrid50-goal(9,38)",3,"biggrid50-goal(9,24)",0.918367326259613,0.6866839494638322
finetune,43,"biggrid50-goal(9,38)",4,"biggrid50-goal(21,17)",0.7571428418159485,0.10526294985632925
finetune,43,"biggrid50-goal(9,38)",5,"biggrid50-goal(27,3)",0.6806122660636902,0.020854929688389378
finetune,43,"biggrid50-goal(9,38)",6,"biggrid50-goal(3,31)",0.905782163143158,0.6969360635641038
finetune,43,"biggrid50-goal(9,38)",7,"biggrid50-goal(33,10)",0.7465986013412476,-0.3847587517865774
finetune,43,"biggrid50-goal(9,38)",8,"biggrid50-goal(27,45)",0.684353768825531,0.08661431039588702
finetune,43,"biggrid50-goal(9,38)",9,"biggrid50-goal(21,45)",0.9238094091415405,0.7120818904760382
finetune,43,"biggrid50-goal(9,38)",10,"biggrid50-goal(33,3)",0.6908162832260132,-0.09915356198559704
finetune,43,"biggrid50-goal(9,38)",11,"biggrid50-goal(21,24)",0.8285713195800781,0.15008405789992071
finetune,43,"biggrid50-goal(9,38)",12,"biggrid50-goal(21,3)",0.7187073826789856,0.12763679074035325
finetune,43,"biggrid50-goal(9,38)",13,"biggrid50-goal(3,17)",0.8309523463249207,0.4465477301160374
finetune,43,"biggrid50-goal(9,38)",14,"biggrid50-goal(15,45)",0.9197277426719666,0.68616955086484
finetune,43,"biggrid50-goal(9,38)",15,"biggrid50-goal(3,24)",0.8999998569488525,0.6605075821654195
finetune,43,"biggrid50-goal(9,38)",16,"biggrid50-goal(3,10)",0.6914965510368347,0.11770413439841917
finetune,43,"biggrid50-goal(9,38)",17,"biggrid50-goal(46,31)",0.710204005241394,-0.04539879780546604
finetune,43,"biggrid50-goal(9,38)",18,"biggrid50-goal(46,24)",0.7023810148239136,-1.243587318376438
finetune,43,"biggrid50-goal(9,38)",19,"biggrid50-goal(3,45)",0.9414964318275452,0.8586684471696597
finetune,43,"biggrid50-goal(9,38)",20,"biggrid50-goal(21,10)",0.7357141971588135,0.044279955244338025
finetune,43,"biggrid50-goal(9,38)",21,"biggrid50-goal(40,3)",0.6061223745346069,-0.4349443832210502
finetune,43,"biggrid50-goal(9,38)",22,"biggrid50-goal(15,38)",0.9428570866584778,0.7554581956025282
finetune,43,"biggrid50-goal(9,38)",23,"biggrid50-goal(40,45)",0.7748298645019531,0.3286002582355915
finetune,43,"biggrid50-goal(9,38)",24,"biggrid50-goal(15,17)",0.8918367028236389,0.5225226315630217
finetune,43,"biggrid50-goal(9,38)",25,"biggrid50-goal(15,24)",0.8877550363540649,0.4581278463525683
finetune,43,"biggrid50-goal(9,38)",26,"biggrid50-goal(21,38)",0.8982992768287659,0.49832186398792155
finetune,43,"biggrid50-goal(9,38)",27,"biggrid50-goal(33,17)",0.7710884213447571,0.16084784433652446
finetune,43,"biggrid50-goal(9,38)",28,"biggrid50-goal(27,17)",0.7802721261978149,0.14437098389554442
finetune,43,"biggrid50-goal(9,38)",29,"biggrid50-goal(3,3)",0.6282312870025635,0.0936982306083783
finetune,43,"biggrid50-goal(9,38)",30,"biggrid50-goal(9,10)",0.7887754440307617,0.3160791155516657
finetune,43,"biggrid50-goal(9,38)",31,"biggrid50-goal(46,17)",0.6870747208595276,-0.20893545822898138
finetune,43,"biggrid50-goal(9,38)",32,"biggrid50-goal(40,10)",0.6612244248390198,-0.028925984888284167
finetune,43,"biggrid50-goal(9,38)",33,"biggrid50-goal(46,38)",0.7387754321098328,0.24334951504920294
finetune,43,"biggrid50-goal(9,38)",34,"biggrid50-goal(27,31)",0.8670067191123962,0.2903810478824719
finetune,43,"biggrid50-goal(9,38)",35,"biggrid50-goal(21,31)",0.8602039813995361,0.3991224283427925
finetune,43,"biggrid50-goal(9,38)",36,"biggrid50-goal(46,10)",0.6013604998588562,0.05177988847456623
finetune,43,"biggrid50-goal(9,38)",37,"biggrid50-goal(9,17)",0.8496598601341248,0.41534400119421194
finetune,43,"biggrid50-goal(9,38)",38,"biggrid50-goal(33,24)",0.8323128819465637,0.097069745199421
finetune,43,"biggrid50-goal(9,38)",39,"biggrid50-goal(40,17)",0.7023809552192688,0.05097628457070677
finetune,43,"biggrid50-goal(9,38)",40,"biggrid50-goal(40,38)",0.6792517304420471,-0.1458079552788376
finetune,43,"biggrid50-goal(9,38)",41,"biggrid50-goal(33,38)",0.7782312631607056,0.14771248477551602
finetune,43,"biggrid50-goal(9,38)",42,"biggrid50-goal(9,45)",0.9401358366012573,0.8044437538783497
finetune,43,"biggrid50-goal(9,38)",43,"biggrid50-goal(9,38)",0.9816324710845947,0.9386357467743821
