method,task,task_name,phase,iter,frames_total,raw,normalized
finetune,0,"biggrid50-goal(40,31)",task1,10,10240,0.8285714387893677,0.41599081048120096
finetune,0,"biggrid50-goal(40,31)",task1,20,20480,0.8285714387893677,0.41599081048120096
finetune,0,"biggrid50-goal(40,31)",task1,30,30720,0.8285714387893677,0.41599081048120096
finetune,0,"biggrid50-goal(40,31)",task1,40,40960,0.8285714387893677,0.41599081048120096
finetune,0,"biggrid50-goal(40,31)",task1,50,51200,0.8285714387893677,0.41599081048120096
finetune,0,"biggrid50-goal(40,31)",task1,60,61440,0.8285714387893677,0.41599081048120096
finetune,0,"biggrid50-goal(40,31)",task1,70,71680,0.8285714387893677,0.41599081048120096
finetune,0,"biggrid50-goal(40,31)",task1,80,81920,0.8285714387893677,0.41599081048120096
finetune,0,"biggrid50-goal(40,31)",task1,90,92160,0.8591836094856262,0.5202779191839734
finetune,0,"biggrid50-goal(40,31)",task1,100,102400,0.8714284896850586,0.561992803276355
finetune,0,"biggrid50-goal(40,31)",task1,110,112640,0.896938681602478,0.6488988964089685
finetune,0,"biggrid50-goal(40,31)",task1,120,122880,0.8642855882644653,0.5376589347541323
finetune,0,"biggrid50-goal(40,31)",task1,130,133120,0.8673468828201294,0.5480879095976824
finetune,0,"biggrid50-goal(40,31)",task1,140,143360,0.8693876266479492,0.5550401533806549
finetune,0,"biggrid50-goal(40,31)",task1,150,153600,0.8673468828201294,0.5480879095976824
finetune,0,"biggrid50-goal(40,31)",task1,160,163840,0.8673468828201294,0.5480879095976824
finetune,0,"biggrid50-goal(40,31)",task1,170,174080,0.8673468828201294,0.5480879095976824
finetune,0,"biggrid50-goal(40,31)",task1,180,184320,0.8551018834114075,0.5063726193925732
finetune,0,"biggrid50-goal(40,31)",task1,190,194560,0.8734692335128784,0.5689450470593276
finetune,0,"biggrid50-goal(40,31)",task1,200,204800,0.8867346048355103,0.6141364591559231
finetune,1,"biggrid50-goal(9,31)",finetune,10,215040,0.8642856478691101,0.39453700039993533
finetune,1,"biggrid50-goal(9,31)",finetune,20,225280,0.9051019549369812,0.5766309596746058
finetune,1,"biggrid50-goal(9,31)",finetune,30,235520,0.8887754678726196,0.5037935355134063
finetune,1,"biggrid50-goal(9,31)",finetune,40,245760,0.8806122541427612,0.46737495639003057
finetune,1,"biggrid50-goal(9,31)",finetune,50,256000,0.8887754678726196,0.5037935355134063
finetune,1,"biggrid50-goal(9,31)",finetune,60,266240,0.9091836214065552,0.5948405151507415
finetune,1,"biggrid50-goal(9,31)",finetune,70,276480,0.8846938014030457,0.48558398003727055
finetune,1,"biggrid50-goal(9,31)",finetune,80,286720,0.9224488139152527,0.6540205732690033
finetune,1,"biggrid50-goal(9,31)",finetune,90,296960,0.9265305399894714,0.672230394659587
finetune,1,"biggrid50-goal(9,31)",finetune,100,307200,0.8989794850349426,0.549316759417626
finetune,1,"biggrid50-goal(9,31)",finetune,110,317440,0.8918367624282837,0.5174509015563441
finetune,1,"biggrid50-goal(9,31)",finetune,120,327680,0.9122447967529297,0.6084973493647836
finetune,1,"biggrid50-goal(9,31)",finetune,130,337920,0.9122447967529297,0.6084973493647836
finetune,1,"biggrid50-goal(9,31)",finetune,140,348160,0.9999998807907104,0.9999994681711043
finetune,1,"biggrid50-goal(9,31)",finetune,150,358400,0.9999998807907104,0.9999994681711043
finetune,2,"biggrid50-goal(15,31)",finetune,10,368640,0.896938681602478,0.49415674897175926
finetune,2,"biggrid50-goal(15,31)",finetune,20,378880,0.9091836214065552,0.5542570878326332
finetune,2,"biggrid50-goal(15,31)",finetune,30,389120,0.9214285016059875,0.6143571341433268
finetune,2,"biggrid50-goal(15,31)",finetune,40,399360,0.9755101203918457,0.8797993222782521
finetune,2,"biggrid50-goal(15,31)",finetune,50,409600,0.9142856597900391,0.579298798174604
finetune,2,"biggrid50-goal(15,31)",finetune,60,419840,0.9275509715080261,0.6444073035737637
finetune,2,"biggrid50-goal(15,31)",finetune,70,430080,0.9408162236213684,0.7095155164227432
finetune,2,"biggrid50-goal(15,31)",finetune,80,440320,0.911224365234375,0.564273420909205
finetune,2,"biggrid50-goal(15,31)",finetune,90,450560,0.961224377155304,0.8096823577906259
finetune,2,"biggrid50-goal(15,31)",finetune,100,460800,0.9734693765640259,0.8697829892016803
finetune,2,"biggrid50-goal(15,31)",finetune,110,471040,0.9867345690727234,0.9348909095004794
finetune,2,"biggrid50-goal(15,31)",finetune,120,481280,0.9989795684814453,0.9949915409115337
finetune,2,"biggrid50-goal(15,31)",finetune,130,491520,0.9836733937263489,0.9198661173354412
finetune,2,"biggrid50-goal(15,31)",finetune,140,501760,0.9999998807907104,0.9999994148996392
finetune,2,"biggrid50-goal(15,31)",finetune,150,512000,0.974489688873291,0.8747908631897858
finetune,3,"biggrid50-goal(9,24)",finetune,10,522240,0.938775360584259,0.7650124473657842
finetune,3,"biggrid50-goal(9,24)",finetune,20,532480,0.9857141375541687,0.9451691363893626
finetune,3,"biggrid50-goal(9,24)",finetune,30,542720,0.9877550005912781,0.9530022149493755
finetune,3,"biggrid50-goal(9,24)",finetune,40,552960,0.9459182620048523,0.792427764786194
finetune,3,"biggrid50-goal(9,24)",finetune,50,563200,0.9653059244155884,0.8668399521779573
finetune,3,"biggrid50-goal(9,24)",finetune,60,573440,0.9346936941146851,0.749346519015576
finetune,3,"biggrid50-goal(9,24)",finetune,70,583680,0.9418365359306335,0.7767616076661681
finetune,3,"biggrid50-goal(9,24)",finetune,80,593920,0.936734676361084,0.7571800551152245
finetune,3,"biggrid50-goal(9,24)",finetune,90,604160,0.9377549886703491,0.7610961368555954
finetune,3,"biggrid50-goal(9,24)",finetune,100,614400,0.9693876504898071,0.8825061092979832
finetune,3,"biggrid50-goal(9,24)",finetune,110,624640,0.9673467874526978,0.8746730307379702
finetune,3,"biggrid50-goal(9,24)",finetune,120,634880,0.9887754321098328,0.956918754229382
finetune,3,"biggrid50-goal(9,24)",finetune,130,645120,0.9999998807907104,0.9999995424603645
finetune,3,"biggrid50-goal(9,24)",finetune,140,655360,0.9999998807907104,0.9999995424603645
finetune,3,"biggrid50-goal(9,24)",finetune,150,665600,0.9775508642196655,0.913837508458764
finetune,4,"biggrid50-goal(21,17)",finetune,10,675840,0.7632652521133423,0.12781920214150114
finetune,4,"biggrid50-goal(21,17)",finetune,20,686080,0.7816326022148132,0.19548839818921057
finetune,4,"biggrid50-goal(21,17)",finetune,30,696320,0.7795917987823486,0.18796964742748662
finetune,4,"biggrid50-goal(21,17)",finetune,40,706560,0.7887755036354065,0.2218043552493898
finetune,4,"biggrid50-goal(21,17)",finetune,50,716800,0.7887755036354065,0.2218043552493898
finetune,4,"biggrid50-goal(21,17)",finetune,60,727040,0.7775510549545288,0.18045111626185956
finetune,4,"biggrid50-goal(21,17)",finetune,70,737280,0.7999999523162842,0.26315759423692003
finetune,4,"biggrid50-goal(21,17)",finetune,80,747520,0.7877551317214966,0.21804508966657626
finetune,4,"biggrid50-goal(21,17)",finetune,90,757760,0.7632652521133423,0.12781920214150114
finetune,4,"biggrid50-goal(21,17)",finetune,100,768000,0.7918366193771362,0.2330821519978304
finetune,4,"biggrid50-goal(21,17)",finetune,110,778240,0.7785713076591492,0.1842099426524793
finetune,4,"biggrid50-goal(21,17)",finetune,120,788480,0.7857142090797424,0.2105258997126585
finetune,4,"biggrid50-goal(21,17)",finetune,130,798720,0.7714284658432007,0.15789420518839697
finetune,4,"biggrid50-goal(21,17)",finetune,140,808960,0.7826529741287231,0.1992476637720241
finetune,4,"biggrid50-goal(21,17)",finetune,150,819200,0.7704080939292908,0.15413493960558344
finetune,4,"biggrid50-goal(21,17)",finetune,160,829440,0.7806121706962585,0.19172891301030015
finetune,4,"biggrid50-goal(21,17)",finetune,170,839680,0.7897958755493164,0.22556362083220333
finetune,4,"biggrid50-goal(21,17)",finetune,180,849920,0.8010203242301941,0.26691685981973357
finetune,4,"biggrid50-goal(21,17)",finetune,190,860160,0.8244897127151489,0.35338304256980135
finetune,4,"biggrid50-goal(21,17)",finetune,200,870400,0.851020336151123,0.45112746126050357
finetune,4,"biggrid50-goal(21,17)",finetune,210,880640,0.8255101442337036,0.3571425277487118
finetune,4,"biggrid50-goal(21,17)",finetune,220,890880,0.8061224222183228,0.28571406611818884
finetune,4,"biggrid50-goal(21,17)",finetune,230,901120,0.760204017162323,0.11654096620086675
finetune,4,"biggrid50-goal(21,17)",finetune,240,911360,0.7775508761405945,0.18045045747356886
finetune,4,"biggrid50-goal(21,17)",finetune,250,921600,0.7714284658432007,0.15789420518839697
finetune,4,"biggrid50-goal(21,17)",finetune,260,931840,0.7693876624107361,0.15037545442667302
finetune,4,"biggrid50-goal(21,17)",finetune,270,942080,0.7846938371658325,0.20676663412984497
finetune,4,"biggrid50-goal(21,17)",finetune,280,952320,0.7795917391777039,0.18796942783138973
finetune,4,"biggrid50-goal(21,17)",finetune,290,962560,0.7816325426101685,0.19548817859311368
finetune,4,"biggrid50-goal(21,17)",finetune,300,972800,0.8091835975646973,0.2969920824627263
finetune,4,"biggrid50-goal(21,17)",finetune,310,983040,0.8153060674667358,0.3195485543439951
finetune,4,"biggrid50-goal(21,17)",finetune,320,993280,0.8142856359481812,0.31578906916508465
finetune,4,"biggrid50-goal(21,17)",finetune,330,1003520,0.7999999523162842,0.26315759423692003
finetune,4,"biggrid50-goal(21,17)",finetune,340,1013760,0.8020407557487488,0.270676344998644
finetune,4,"biggrid50-goal(21,17)",finetune,350,1024000,0.8285714387893677,0.3684209832854431
finetune,4,"biggrid50-goal(21,17)",finetune,360,1034240,0.7887755036354065,0.2218043552493898
finetune,4,"biggrid50-goal(21,17)",finetune,370,1044480,0.7979592084884644,0.25563906307129297
finetune,4,"biggrid50-goal(21,17)",finetune,380,1054720,0.8071428537368774,0.28947355129709923
finetune,4,"biggrid50-goal(21,17)",finetune,390,1064960,0.8255101442337036,0.3571425277487118
finetune,4,"biggrid50-goal(21,17)",finetune,400,1075200,0.7704080939292908,0.15413493960558344
finetune,4,"biggrid50-goal(21,17)",finetune,410,1085440,0.8051019906997681,0.2819545809392784
finetune,4,"biggrid50-goal(21,17)",finetune,420,1095680,0.8479591608047485,0.43984944491596606
finetune,4,"biggrid50-goal(21,17)",finetune,430,1105920,0.8071428537368774,0.28947355129709923
finetune,4,"biggrid50-goal(21,17)",finetune,440,1116160,0.8091835975646973,0.2969920824627263
finetune,4,"biggrid50-goal(21,17)",finetune,450,1126400,0.787755012512207,0.21804465047438246
finetune,4,"biggrid50-goal(21,17)",finetune,460,1136640,0.8183673024177551,0.33082679028462947
finetune,4,"biggrid50-goal(21,17)",finetune,470,1146880,0.8193877339363098,0.3345862754635399
finetune,4,"biggrid50-goal(21,17)",finetune,480,1157120,0.823469340801239,0.3496237769869878
finetune,4,"biggrid50-goal(21,17)",finetune,490,1167360,0.8602039217948914,0.4849617298902129
finetune,4,"biggrid50-goal(21,17)",finetune,500,1177600,0.8602039217948914,0.4849617298902129
finetune,5,"biggrid50-goal(27,3)",finetune,10,1187840,0.8448978662490845,0.5245043139718527
finetune,5,"biggrid50-goal(27,3)",finetune,20,1198080,0.8387754559516907,0.5057348772523023
finetune,5,"biggrid50-goal(27,3)",finetune,30,1208320,0.861224353313446,0.574556327953591
finetune,5,"biggrid50-goal(27,3)",finetune,40,1218560,0.8438774943351746,0.5213761658833962
finetune,5,"biggrid50-goal(27,3)",finetune,50,1228800,0.8173469305038452,0.4400415746394699
finetune,5,"biggrid50-goal(27,3)",finetune,60,1239040,0.827551007270813,0.47132415190165783
finetune,5,"biggrid50-goal(27,3)",finetune,70,1249280,0.8857141733169556,0.6496346230206044
finetune,5,"biggrid50-goal(27,3)",finetune,80,1259520,0.9377549886703491,0.8091758401496044
finetune,5,"biggrid50-goal(27,3)",finetune,90,1269760,0.9377549886703491,0.8091758401496044
finetune,5,"biggrid50-goal(27,3)",finetune,100,1280000,0.9530612230300903,0.856100071502094
finetune,5,"biggrid50-goal(27,3)",finetune,110,1290240,0.9438775181770325,0.8279456423283625
finetune,5,"biggrid50-goal(27,3)",finetune,120,1300480,1.0,1.0
finetune,5,"biggrid50-goal(27,3)",finetune,130,1310720,0.9775509834289551,0.9311781838395035
finetune,5,"biggrid50-goal(27,3)",finetune,140,1320960,0.9479591250419617,0.8404586001413962
finetune,5,"biggrid50-goal(27,3)",finetune,150,1331200,0.9479591250419617,0.8404586001413962
finetune,5,"biggrid50-goal(27,3)",finetune,160,1341440,0.9775509834289551,0.9311781838395035
finetune,5,"biggrid50-goal(27,3)",finetune,170,1351680,0.9479591250419617,0.8404586001413962
finetune,5,"biggrid50-goal(27,3)",finetune,180,1361920,0.9632652401924133,0.8873824660346781
finetune,5,"biggrid50-goal(27,3)",finetune,190,1372160,0.9775509834289551,0.9311781838395035
finetune,5,"biggrid50-goal(27,3)",finetune,200,1382400,0.9999998807907104,0.9999996345407923
finetune,6,"biggrid50-goal(3,31)",finetune,10,1392640,0.714285671710968,0.08096267207896661
finetune,6,"biggrid50-goal(3,31)",finetune,20,1402880,0.8663263320922852,0.5700212470862426
finetune,6,"biggrid50-goal(3,31)",finetune,30,1413120,0.9163263440132141,0.7308527938518808
finetune,6,"biggrid50-goal(3,31)",finetune,40,1423360,0.9193876385688782,0.7406998462740142
finetune,6,"biggrid50-goal(3,31)",finetune,50,1433600,0.9234692454338074,0.7538288660513282
finetune,6,"biggrid50-goal(3,31)",finetune,60,1443840,0.9142856597900391,0.724288667415421
finetune,6,"biggrid50-goal(3,31)",finetune,70,1454080,0.9010202288627625,0.6816186820978056
finetune,6,"biggrid50-goal(3,31)",finetune,80,1464320,0.8999999165534973,0.6783367147426249
finetune,6,"biggrid50-goal(3,31)",finetune,90,1474560,0.9091835021972656,0.7078769133785321
finetune,6,"biggrid50-goal(3,31)",finetune,100,1484800,0.9071427583694458,0.7013125952159737
finetune,6,"biggrid50-goal(3,31)",finetune,110,1495040,0.9051019549369812,0.6947480853273167
finetune,6,"biggrid50-goal(3,31)",finetune,120,1505280,0.9061223864555359,0.6980304361346945
finetune,6,"biggrid50-goal(3,31)",finetune,130,1515520,0.9051018953323364,0.6947478936012181
finetune,6,"biggrid50-goal(3,31)",finetune,140,1525760,0.9051018953323364,0.6947478936012181
finetune,6,"biggrid50-goal(3,31)",finetune,150,1536000,0.9306120872497559,0.7768047465246769
finetune,7,"biggrid50-goal(33,10)",finetune,10,1546240,0.9336732625961304,0.637545291448271
finetune,7,"biggrid50-goal(33,10)",finetune,20,1556480,0.9275509119033813,0.604088575154815
finetune,7,"biggrid50-goal(33,10)",finetune,30,1566720,0.960204005241394,0.7825274354454359
finetune,7,"biggrid50-goal(33,10)",finetune,40,1576960,0.9673468470573425,0.8215608139887874
finetune,7,"biggrid50-goal(33,10)",finetune,50,1587200,0.9704080820083618,0.8382894978561071
finetune,7,"biggrid50-goal(33,10)",finetune,60,1597440,0.9632652401924133,0.7992561193127556
finetune,7,"biggrid50-goal(33,10)",finetune,70,1607680,0.9663263559341431,0.8159841517388919
finetune,7,"biggrid50-goal(33,10)",finetune,80,1617920,0.9561222195625305,0.7602217636076292
finetune,7,"biggrid50-goal(33,10)",finetune,90,1628160,0.961224377155304,0.7881034462541481
finetune,7,"biggrid50-goal(33,10)",finetune,100,1638400,0.9540814161300659,0.7490694162696133
finetune,7,"biggrid50-goal(33,10)",finetune,110,1648640,0.9204080700874329,0.5650551966114635
finetune,7,"biggrid50-goal(33,10)",finetune,120,1658880,0.928571343421936,0.6096649116841187
finetune,7,"biggrid50-goal(33,10)",finetune,130,1669120,0.8969386219978333,0.43680206220220996
finetune,7,"biggrid50-goal(33,10)",finetune,140,1679360,0.9153059720993042,0.5371738396855363
finetune,7,"biggrid50-goal(33,10)",finetune,150,1689600,0.9244896173477173,0.5873595655669036
finetune,8,"biggrid50-goal(27,45)",finetune,10,1699840,0.8010204434394836,0.4242127371205937
finetune,8,"biggrid50-goal(27,45)",finetune,20,1710080,0.8020408749580383,0.42716556042154313
finetune,8,"biggrid50-goal(27,45)",finetune,30,1720320,0.8122448921203613,0.45669293104105474
finetune,8,"biggrid50-goal(27,45)",finetune,40,1730560,0.8112244606018066,0.4537401077401053
finetune,8,"biggrid50-goal(27,45)",finetune,50,1740800,0.8153060674667358,0.46555105598790997
finetune,8,"biggrid50-goal(27,45)",finetune,60,1751040,0.8153060674667358,0.46555105598790997
finetune,8,"biggrid50-goal(27,45)",finetune,70,1761280,0.8193877339363098,0.4773621767137112
finetune,8,"biggrid50-goal(27,45)",finetune,80,1771520,0.8214284777641296,0.483267478359617
finetune,8,"biggrid50-goal(27,45)",finetune,90,1781760,0.8265305757522583,0.4980314223863676
finetune,8,"biggrid50-goal(27,45)",finetune,100,1792000,0.8265305757522583,0.4980314223863676
finetune,8,"biggrid50-goal(27,45)",finetune,110,1802240,0.8265305757522583,0.4980314223863676
finetune,8,"biggrid50-goal(27,45)",finetune,120,1812480,0.827551007270813,0.500984245687317
finetune,8,"biggrid50-goal(27,45)",finetune,130,1822720,0.8244897723197937,0.4921259482624653
finetune,8,"biggrid50-goal(27,45)",finetune,140,1832960,0.827551007270813,0.500984245687317
finetune,8,"biggrid50-goal(27,45)",finetune,150,1843200,0.827551007270813,0.500984245687317
finetune,8,"biggrid50-goal(27,45)",finetune,160,1853440,0.8193877339363098,0.4773621767137112
finetune,8,"biggrid50-goal(27,45)",finetune,170,1863680,0.8173469305038452,0.4714567025898089
finetune,8,"biggrid50-goal(27,45)",finetune,180,1873920,0.8163264989852905,0.46850387928885945
finetune,8,"biggrid50-goal(27,45)",finetune,190,1884160,0.8163264989852905,0.46850387928885945
finetune,8,"biggrid50-goal(27,45)",finetune,200,1894400,0.8163264989852905,0.46850387928885945
finetune,8,"biggrid50-goal(27,45)",finetune,210,1904640,0.813265323638916,0.4596457543420042
finetune,8,"biggrid50-goal(27,45)",finetune,220,1914880,0.8193877339363098,0.4773621767137112
finetune,8,"biggrid50-goal(27,45)",finetune,230,1925120,0.8142856359481812,0.46259823268696054
finetune,8,"biggrid50-goal(27,45)",finetune,240,1935360,0.8112244606018066,0.4537401077401053
finetune,8,"biggrid50-goal(27,45)",finetune,250,1945600,0.8081632852554321,0.4448819827932501
finetune,8,"biggrid50-goal(27,45)",finetune,260,1955840,0.8081632852554321,0.4448819827932501
finetune,8,"biggrid50-goal(27,45)",finetune,270,1966080,0.8081632852554321,0.4448819827932501
finetune,8,"biggrid50-goal(27,45)",finetune,280,1976320,0.8112244606018066,0.4537401077401053
finetune,8,"biggrid50-goal(27,45)",finetune,290,1986560,0.7979591488838196,0.4153542672177454
finetune,8,"biggrid50-goal(27,45)",finetune,300,1996800,0.7969387769699097,0.4124016163947925
finetune,8,"biggrid50-goal(27,45)",finetune,310,2007040,0.7908163070678711,0.39468502154508894
finetune,8,"biggrid50-goal(27,45)",finetune,320,2017280,0.7969387769699097,0.4124016163947925
finetune,8,"biggrid50-goal(27,45)",finetune,330,2027520,0.810204029083252,0.4507872844391559
finetune,8,"biggrid50-goal(27,45)",finetune,340,2037760,0.810204029083252,0.4507872844391559
finetune,8,"biggrid50-goal(27,45)",finetune,350,2048000,0.810204029083252,0.4507872844391559
finetune,8,"biggrid50-goal(27,45)",finetune,360,2058240,0.8071428537368774,0.44192915949230066
finetune,8,"biggrid50-goal(27,45)",finetune,370,2068480,0.8091835975646973,0.44783446113820646
finetune,8,"biggrid50-goal(27,45)",finetune,380,2078720,0.810204029083252,0.4507872844391559
finetune,8,"biggrid50-goal(27,45)",finetune,390,2088960,0.8102041482925415,0.450787629395149
finetune,8,"biggrid50-goal(27,45)",finetune,400,2099200,0.8051020503044128,0.43602368536839836
finetune,8,"biggrid50-goal(27,45)",finetune,410,2109440,0.8051020503044128,0.43602368536839836
finetune,8,"biggrid50-goal(27,45)",finetune,420,2119680,0.8040816187858582,0.4330708620674489
finetune,8,"biggrid50-goal(27,45)",finetune,430,2129920,0.8112244606018066,0.4537401077401053
finetune,8,"biggrid50-goal(27,45)",finetune,440,2140160,0.7999999523162842,0.4212597413416477
finetune,8,"biggrid50-goal(27,45)",finetune,450,2150400,0.7969387769699097,0.4124016163947925
finetune,8,"biggrid50-goal(27,45)",finetune,460,2160640,0.7897959351539612,0.39173237072213607
finetune,8,"biggrid50-goal(27,45)",finetune,470,2170880,0.7897959351539612,0.39173237072213607
finetune,8,"biggrid50-goal(27,45)",finetune,480,2181120,0.7867347002029419,0.3828740732972843
finetune,8,"biggrid50-goal(27,45)",finetune,490,2191360,0.7877551317214966,0.3858268965982337
finetune,8,"biggrid50-goal(27,45)",finetune,500,2201600,0.7867347002029419,0.3828740732972843
finetune,9,"biggrid50-goal(21,45)",finetune,10,2211840,0.9010202288627625,0.6259634127278371
finetune,9,"biggrid50-goal(21,45)",finetune,20,2222080,0.8459182977676392,0.41773765081584596
finetune,9,"biggrid50-goal(21,45)",finetune,30,2232320,0.8581632375717163,0.4640102926197934
finetune,9,"biggrid50-goal(21,45)",finetune,40,2242560,0.8357142210006714,0.3791772661399928
finetune,9,"biggrid50-goal(21,45)",finetune,50,2252800,0.8387754559516907,0.3907454265909796
finetune,9,"biggrid50-goal(21,45)",finetune,60,2263040,0.8520406484603882,0.4408735212355108
finetune,9,"biggrid50-goal(21,45)",finetune,70,2273280,0.8581631779670715,0.4640100673786389
finetune,9,"biggrid50-goal(21,45)",finetune,80,2283520,0.8846938014030457,0.564267157632319
finetune,9,"biggrid50-goal(21,45)",finetune,90,2293760,0.893877387046814,0.5989711885029707
finetune,9,"biggrid50-goal(21,45)",finetune,100,2304000,0.9397958517074585,0.772493370026619
finetune,9,"biggrid50-goal(21,45)",finetune,110,2314240,0.9367345571517944,0.7609249843344777
finetune,9,"biggrid50-goal(21,45)",finetune,120,2324480,0.9234692454338074,0.7107964392076377
finetune,9,"biggrid50-goal(21,45)",finetune,130,2334720,0.9153059720993042,0.6799480864187242
finetune,9,"biggrid50-goal(21,45)",finetune,140,2344960,0.8918366432189941,0.5912593818571854
finetune,9,"biggrid50-goal(21,45)",finetune,150,2355200,0.8775508999824524,0.5372747081662983
finetune,9,"biggrid50-goal(21,45)",finetune,160,2365440,0.8908162117004395,0.5874032532931382
finetune,9,"biggrid50-goal(21,45)",finetune,170,2375680,0.9142855405807495,0.6760919578546771
finetune,9,"biggrid50-goal(21,45)",finetune,180,2385920,0.9306122064590454,0.7377891139148129
finetune,9,"biggrid50-goal(21,45)",finetune,190,2396160,0.9346938133239746,0.7532131776886924
finetune,9,"biggrid50-goal(21,45)",finetune,200,2406400,0.9183672070503235,0.691516246869711
finetune,10,"biggrid50-goal(33,3)",finetune,10,2416640,0.8153060674667358,0.3434098149177019
finetune,10,"biggrid50-goal(33,3)",finetune,20,2426880,0.8642856478691101,0.5175330864326237
finetune,10,"biggrid50-goal(33,3)",finetune,30,2437120,0.8683673143386841,0.5320434826646121
finetune,10,"biggrid50-goal(33,3)",finetune,40,2447360,0.9030610918998718,0.6553804733153561
finetune,10,"biggrid50-goal(33,3)",finetune,50,2457600,0.8806121945381165,0.575574247569452
finetune,10,"biggrid50-goal(33,3)",finetune,60,2467840,0.8989795446395874,0.6408705008744929
finetune,10,"biggrid50-goal(33,3)",finetune,70,2478080,0.9316325187683105,0.7569523993570241
finetune,10,"biggrid50-goal(33,3)",finetune,80,2488320,0.9367345571517944,0.7750902357253375
finetune,10,"biggrid50-goal(33,3)",finetune,90,2498560,0.8887754678726196,0.604594828137866
finetune,10,"biggrid50-goal(33,3)",finetune,100,2508800,0.8938775062561035,0.6227326645061795
finetune,10,"biggrid50-goal(33,3)",finetune,110,2519040,0.9306120872497559,0.7533247473251363
finetune,10,"biggrid50-goal(33,3)",finetune,120,2529280,0.9887754321098328,0.9600964633359227
finetune,10,"biggrid50-goal(33,3)",finetune,130,2539520,0.9999998807907104,0.9999995762088748
finetune,10,"biggrid50-goal(33,3)",finetune,140,2549760,0.9999998807907104,0.9999995762088748
finetune,10,"biggrid50-goal(33,3)",finetune,150,2560000,0.9999998807907104,0.9999995762088748
finetune,11,"biggrid50-goal(21,24)",finetune,10,2570240,0.8663264513015747,0.33726795424436984
finetune,11,"biggrid50-goal(21,24)",finetune,20,2580480,0.9132652282714844,0.5699828929097331
finetune,11,"biggrid50-goal(21,24)",finetune,30,2590720,0.9204080700874329,0.6053959586604756
finetune,11,"biggrid50-goal(21,24)",finetune,40,2600960,0.9357141256332397,0.6812809306919049
finetune,11,"biggrid50-goal(21,24)",finetune,50,2611200,0.9326529502868652,0.6661041135917886
finetune,11,"biggrid50-goal(21,24)",finetune,60,2621440,0.9377549886703491,0.6913992027723592
finetune,11,"biggrid50-goal(21,24)",finetune,70,2631680,0.928571343421936,0.6458681604514451
finetune,11,"biggrid50-goal(21,24)",finetune,80,2641920,0.9071427583694458,0.5396286676889352
finetune,11,"biggrid50-goal(21,24)",finetune,90,2652160,0.9173468351364136,0.5902188460500766
finetune,11,"biggrid50-goal(21,24)",finetune,100,2662400,0.9081631898880005,0.5446878037291625
finetune,11,"biggrid50-goal(21,24)",finetune,110,2672640,0.9224488139152527,0.6155136397203645
finetune,11,"biggrid50-goal(21,24)",finetune,120,2682880,0.9244896173477173,0.6256316162905362
finetune,11,"biggrid50-goal(21,24)",finetune,130,2693120,0.9418366551399231,0.7116354514229855
finetune,11,"biggrid50-goal(21,24)",finetune,140,2703360,0.921428382396698,0.6104545036801373
finetune,11,"biggrid50-goal(21,24)",finetune,150,2713600,0.9051019549369812,0.5295106911187635
finetune,12,"biggrid50-goal(21,3)",finetune,10,2723840,0.9999998807907104,0.9999996303002923
finetune,12,"biggrid50-goal(21,3)",finetune,20,2734080,0.9999998807907104,0.9999996303002923
finetune,12,"biggrid50-goal(21,3)",finetune,30,2744320,0.9459182620048523,0.8322781487508956
finetune,12,"biggrid50-goal(21,3)",finetune,40,2754560,0.883673369884491,0.6392401857667092
finetune,12,"biggrid50-goal(21,3)",finetune,50,2764800,0.9408162236213684,0.8164553709603837
finetune,12,"biggrid50-goal(21,3)",finetune,60,2775040,0.9540814161300659,0.8575942604859776
finetune,12,"biggrid50-goal(21,3)",finetune,70,2785280,0.9581630825996399,0.8702525936282994
finetune,12,"biggrid50-goal(21,3)",finetune,80,2795520,0.8744896054267883,0.6107588899840216
finetune,12,"biggrid50-goal(21,3)",finetune,90,2805760,0.8530610799789429,0.544303334173784
finetune,12,"biggrid50-goal(21,3)",finetune,100,2816000,0.7775509357452393,0.3101262968141497
finetune,12,"biggrid50-goal(21,3)",finetune,110,2826240,0.7775509357452393,0.3101262968141497
finetune,12,"biggrid50-goal(21,3)",finetune,120,2836480,0.7775509357452393,0.3101262968141497
finetune,12,"biggrid50-goal(21,3)",finetune,130,2846720,0.8499997854232788,0.5348094456796523
finetune,12,"biggrid50-goal(21,3)",finetune,140,2856960,0.9295916557312012,0.7816450010314622
finetune,12,"biggrid50-goal(21,3)",finetune,150,2867200,0.9561222195625305,0.8639233346322116
finetune,12,"biggrid50-goal(21,3)",finetune,160,2877440,0.9897956848144531,0.9683537050195609
finetune,12,"biggrid50-goal(21,3)",finetune,170,2887680,0.9183672070503235,0.7468350008022484
finetune,12,"biggrid50-goal(21,3)",finetune,180,2897920,0.948979377746582,0.8417714826954658
finetune,12,"biggrid50-goal(21,3)",finetune,190,2908160,0.9724487066268921,0.9145561126519374
finetune,12,"biggrid50-goal(21,3)",finetune,200,2918400,0.9897956848144531,0.9683537050195609
finetune,12,"biggrid50-goal(21,3)",finetune,210,2928640,0.9897956848144531,0.9683537050195609
finetune,12,"biggrid50-goal(21,3)",finetune,220,2938880,0.9897956848144531,0.9683537050195609
finetune,12,"biggrid50-goal(21,3)",finetune,230,2949120,0.9897956848144531,0.9683537050195609
finetune,12,"biggrid50-goal(21,3)",finetune,240,2959360,0.9581630825996399,0.8702525936282994
finetune,12,"biggrid50-goal(21,3)",finetune,250,2969600,0.9897956848144531,0.9683537050195609
finetune,13,"biggrid50-goal(3,17)",finetune,10,2979840,0.7469387650489807,0.17149210971907528
finetune,13,"biggrid50-goal(3,17)",finetune,20,2990080,0.7489795684814453,0.17817358247264253
finetune,13,"biggrid50-goal(3,17)",finetune,30,3000320,0.7908163666725159,0.3151448472027053
finetune,13,"biggrid50-goal(3,17)",finetune,40,3010560,0.8755100965499878,0.5924272348998502
finetune,13,"biggrid50-goal(3,17)",finetune,50,3020800,0.8459183573722839,0.49554558725987025
finetune,13,"biggrid50-goal(3,17)",finetune,60,3031040,0.8459183573722839,0.49554558725987025
finetune,13,"biggrid50-goal(3,17)",finetune,70,3041280,0.8744896650314331,0.5890864009519816
finetune,13,"biggrid50-goal(3,17)",finetune,80,3051520,0.8673468828201294,0.5657013438855811
finetune,13,"biggrid50-goal(3,17)",finetune,90,3061760,0.9714285135269165,0.9064586008813791
finetune,13,"biggrid50-goal(3,17)",finetune,100,3072000,0.9714285135269165,0.9064586008813791
finetune,13,"biggrid50-goal(3,17)",finetune,110,3082240,0.9622448086738586,0.8763916807770717
finetune,13,"biggrid50-goal(3,17)",finetune,120,3092480,0.8959182500839233,0.6592423527198623
finetune,13,"biggrid50-goal(3,17)",finetune,130,3102720,0.9755101203918457,0.9198215463885137
finetune,13,"biggrid50-goal(3,17)",finetune,140,3112960,0.9551018476486206,0.8530060382841618
finetune,13,"biggrid50-goal(3,17)",finetune,150,3123200,0.9755101203918457,0.9198215463885137
finetune,13,"biggrid50-goal(3,17)",finetune,160,3133440,0.9734693765640259,0.9131402687771162
finetune,13,"biggrid50-goal(3,17)",finetune,170,3143680,0.928571343421936,0.7661466973456177
finetune,13,"biggrid50-goal(3,17)",finetune,180,3153920,0.9255101084709167,0.7561243906441819
finetune,13,"biggrid50-goal(3,17)",finetune,190,3164160,0.9265304803848267,0.7594650294498806
finetune,13,"biggrid50-goal(3,17)",finetune,200,3174400,0.8632652163505554,0.5523382032362768
finetune,14,"biggrid50-goal(15,45)",finetune,10,3184640,0.8326530456542969,0.3457444503012364
finetune,14,"biggrid50-goal(15,45)",finetune,20,3194880,0.8479591608047485,0.4055848628182417
finetune,14,"biggrid50-goal(15,45)",finetune,30,3205120,0.8428571820259094,0.38563829167476443
finetune,14,"biggrid50-goal(15,45)",finetune,40,3215360,0.9234693646430969,0.7007977043861158
finetune,14,"biggrid50-goal(15,45)",finetune,50,3225600,0.9102040529251099,0.648935966932273
finetune,14,"biggrid50-goal(15,45)",finetune,60,3235840,0.9224489331245422,0.6968082503401056
finetune,14,"biggrid50-goal(15,45)",finetune,70,3246080,0.901020348072052,0.6130315796047551
finetune,14,"biggrid50-goal(15,45)",finetune,80,3256320,0.886734664440155,0.55718062113376
finetune,14,"biggrid50-goal(15,45)",finetune,90,3266560,0.9122447967529297,0.6569144089665776
finetune,14,"biggrid50-goal(15,45)",finetune,100,3276800,0.9142856597900391,0.6648933170585979
finetune,14,"biggrid50-goal(15,45)",finetune,110,3287040,0.9346936941146851,0.7446800676902227
finetune,14,"biggrid50-goal(15,45)",finetune,120,3297280,0.9112244844436646,0.6529254209782831
finetune,14,"biggrid50-goal(15,45)",finetune,130,3307520,0.9520407915115356,0.8124998543569638
finetune,14,"biggrid50-goal(15,45)",finetune,140,3317760,0.8938776254653931,0.5851065664269732
finetune,14,"biggrid50-goal(15,45)",finetune,150,3328000,0.9153060913085938,0.668882771104608
finetune,15,"biggrid50-goal(3,24)",finetune,10,3338240,0.896938681602478,0.650115138834366
finetune,15,"biggrid50-goal(3,24)",finetune,20,3348480,0.9448978304862976,0.8129325800407134
finetune,15,"biggrid50-goal(3,24)",finetune,30,3358720,0.9918365478515625,0.9722857385680695
finetune,15,"biggrid50-goal(3,24)",finetune,40,3368960,0.9999998807907104,0.9999995952940796
finetune,15,"biggrid50-goal(3,24)",finetune,50,3379200,0.9999998807907104,0.9999995952940796
finetune,15,"biggrid50-goal(3,24)",finetune,60,3389440,0.9999998807907104,0.9999995952940796
finetune,15,"biggrid50-goal(3,24)",finetune,70,3399680,0.9979591369628906,0.9930714346420174
finetune,15,"biggrid50-goal(3,24)",finetune,80,3409920,0.9979591369628906,0.9930714346420174
finetune,15,"biggrid50-goal(3,24)",finetune,90,3420160,0.9999998807907104,0.9999995952940796
finetune,15,"biggrid50-goal(3,24)",finetune,100,3430400,0.9948978424072266,0.9826785866050435
finetune,15,"biggrid50-goal(3,24)",finetune,110,3440640,0.9663263559341431,0.8856806951228889
finetune,15,"biggrid50-goal(3,24)",finetune,120,3450880,0.971428394317627,0.903001703811925
finetune,15,"biggrid50-goal(3,24)",finetune,130,3461120,0.9999998807907104,0.9999995952940796
finetune,15,"biggrid50-goal(3,24)",finetune,140,3471360,0.9999998807907104,0.9999995952940796
finetune,15,"biggrid50-goal(3,24)",finetune,150,3481600,0.9999998807907104,0.9999995952940796
finetune,16,"biggrid50-goal(3,10)",finetune,10,3491840,0.7244898080825806,0.21206228300915786
finetune,16,"biggrid50-goal(3,10)",finetune,20,3502080,0.7387754321098328,0.25291805645073173
finetune,16,"biggrid50-goal(3,10)",finetune,30,3512320,0.7663264274597168,0.33171175996395696
finetune,16,"biggrid50-goal(3,10)",finetune,40,3522560,0.7612243890762329,0.3171203270739283
finetune,16,"biggrid50-goal(3,10)",finetune,50,3532800,0.7632652521133423,0.3229570366016577
finetune,16,"biggrid50-goal(3,10)",finetune,60,3543040,0.7765305042266846,0.36089462574401426
finetune,16,"biggrid50-goal(3,10)",finetune,70,3553280,0.7632652521133423,0.3229570366016577
finetune,16,"biggrid50-goal(3,10)",finetune,80,3563520,0.7683672904968262,0.3375484694916864
finetune,16,"biggrid50-goal(3,10)",finetune,90,3573760,0.7938774824142456,0.4105056339418296
finetune,16,"biggrid50-goal(3,10)",finetune,100,3584000,0.7908162474632263,0.40175074011488293
finetune,16,"biggrid50-goal(3,10)",finetune,110,3594240,0.7979591488838196,0.422178882532641
finetune,16,"biggrid50-goal(3,10)",finetune,120,3604480,0.7612243890762329,0.3171203270739283
finetune,16,"biggrid50-goal(3,10)",finetune,130,3614720,0.7244897484779358,0.21206211254451046
finetune,16,"biggrid50-goal(3,10)",finetune,140,3624960,0.7734693288803101,0.352139902381715
finetune,16,"biggrid50-goal(3,10)",finetune,150,3635200,0.8591836094856262,0.5972760772129848
finetune,16,"biggrid50-goal(3,10)",finetune,160,3645440,0.8438774943351746,0.5535017785428988
finetune,16,"biggrid50-goal(3,10)",finetune,170,3655680,0.7969387173652649,0.4192605277687763
finetune,16,"biggrid50-goal(3,10)",finetune,180,3665920,0.7897958755493164,0.3988325558156657
finetune,16,"biggrid50-goal(3,10)",finetune,190,3676160,0.8081631660461426,0.45136157784805087
finetune,16,"biggrid50-goal(3,10)",finetune,200,3686400,0.8173468708992004,0.4776262593288909
finetune,16,"biggrid50-goal(3,10)",finetune,210,3696640,0.8020407557487488,0.43385196065880494
finetune,16,"biggrid50-goal(3,10)",finetune,220,3706880,0.8051019906997681,0.4426068544857516
finetune,16,"biggrid50-goal(3,10)",finetune,230,3717120,0.7857142090797424,0.3871593072248543
finetune,16,"biggrid50-goal(3,10)",finetune,240,3727360,0.8051019906997681,0.4426068544857516
finetune,16,"biggrid50-goal(3,10)",finetune,250,3737600,0.8285714387893677,0.5097276503374604
finetune,16,"biggrid50-goal(3,10)",finetune,260,3747840,0.7989795207977295,0.4250970668318583
finetune,16,"biggrid50-goal(3,10)",finetune,270,3758080,0.8387754559516907,0.5389103456528702
finetune,16,"biggrid50-goal(3,10)",finetune,280,3768320,0.8163264989852905,0.47470807502967366
finetune,16,"biggrid50-goal(3,10)",finetune,290,3778560,0.8387754559516907,0.5389103456528702
finetune,16,"biggrid50-goal(3,10)",finetune,300,3788800,0.8775508999824524,0.64980509924537
finetune,16,"biggrid50-goal(3,10)",finetune,310,3799040,0.8346937894821167,0.5272370970620589
finetune,16,"biggrid50-goal(3,10)",finetune,320,3809280,0.833673357963562,0.5243187422981942
finetune,16,"biggrid50-goal(3,10)",finetune,330,3819520,0.8387754559516907,0.5389103456528702
finetune,16,"biggrid50-goal(3,10)",finetune,340,3829760,0.8387754559516907,0.5389103456528702
finetune,16,"biggrid50-goal(3,10)",finetune,350,3840000,0.8265305757522583,0.503890940809731
finetune,16,"biggrid50-goal(3,10)",finetune,360,3850240,0.7948978543281555,0.4134238182410469
finetune,16,"biggrid50-goal(3,10)",finetune,370,3860480,0.8265305757522583,0.503890940809731
finetune,16,"biggrid50-goal(3,10)",finetune,380,3870720,0.7948978543281555,0.4134238182410469
finetune,16,"biggrid50-goal(3,10)",finetune,390,3880960,0.8224489092826843,0.4922176922189196
finetune,16,"biggrid50-goal(3,10)",finetune,400,3891200,0.8357142210006714,0.5301554518259235
finetune,16,"biggrid50-goal(3,10)",finetune,410,3901440,0.9061223268508911,0.73151715752246
finetune,16,"biggrid50-goal(3,10)",finetune,420,3911680,0.7999998331069946,0.4280150806664281
finetune,16,"biggrid50-goal(3,10)",finetune,430,3921920,0.8071428537368774,0.448443564013481
finetune,16,"biggrid50-goal(3,10)",finetune,440,3932160,0.8224489092826843,0.4922176922189196
finetune,16,"biggrid50-goal(3,10)",finetune,450,3942400,0.7897958159446716,0.3988323853510182
finetune,16,"biggrid50-goal(3,10)",finetune,460,3952640,0.7540815472602844,0.29669235512081765
finetune,16,"biggrid50-goal(3,10)",finetune,470,3962880,0.7540815472602844,0.29669235512081765
finetune,16,"biggrid50-goal(3,10)",finetune,480,3973120,0.7571427822113037,0.30544724894776437
finetune,16,"biggrid50-goal(3,10)",finetune,490,3983360,0.8255101442337036,0.5009725860458663
finetune,16,"biggrid50-goal(3,10)",finetune,500,3993600,0.823469340801239,0.49513604698278424
finetune,17,"biggrid50-goal(46,31)",finetune,10,4003840,0.7428570985794067,0.0723927008266055
finetune,17,"biggrid50-goal(46,31)",finetune,20,4014080,0.7193877696990967,-0.012269643168915299
finetune,17,"biggrid50-goal(46,31)",finetune,30,4024320,0.7275510430335999,0.017178231489102587
finetune,17,"biggrid50-goal(46,31)",finetune,40,4034560,0.7244898080825806,0.006135251615411277
finetune,17,"biggrid50-goal(46,31)",finetune,50,4044800,0.7306122779846191,0.028221211362793895
finetune,17,"biggrid50-goal(46,31)",finetune,60,4055040,0.735714316368103,0.04662610614712047
finetune,17,"biggrid50-goal(46,31)",finetune,70,4065280,0.7418367266654968,0.06871185087902627
finetune,17,"biggrid50-goal(46,31)",finetune,80,4075520,0.7581632733345032,0.12760760019506204
finetune,17,"biggrid50-goal(46,31)",finetune,90,4085760,0.777550995349884,0.1975461143693123
finetune,17,"biggrid50-goal(46,31)",finetune,100,4096000,0.777550995349884,0.1975461143693123
finetune,17,"biggrid50-goal(46,31)",finetune,110,4106240,0.777550995349884,0.1975461143693123
finetune,17,"biggrid50-goal(46,31)",finetune,120,4116480,0.7734693288803101,0.18282206953256494
finetune,17,"biggrid50-goal(46,31)",finetune,130,4126720,0.791836678981781,0.24907973375923598
finetune,17,"biggrid50-goal(46,31)",finetune,140,4136960,0.8183673024177551,0.3447852726439249
finetune,17,"biggrid50-goal(46,31)",finetune,150,4147200,0.837755024433136,0.4147237868181752
finetune,17,"biggrid50-goal(46,31)",finetune,160,4157440,0.8744897842407227,0.547239330286994
finetune,17,"biggrid50-goal(46,31)",finetune,170,4167680,0.8959182500839233,0.6245395443564028
finetune,17,"biggrid50-goal(46,31)",finetune,180,4177920,0.8928570747375488,0.6134967794981883
finetune,17,"biggrid50-goal(46,31)",finetune,190,4188160,0.9142855405807495,0.690796993567597
finetune,17,"biggrid50-goal(46,31)",finetune,200,4198400,0.9081630706787109,0.6687110338202144
finetune,17,"biggrid50-goal(46,31)",finetune,210,4208640,0.9326529502868652,0.7570548728097448
finetune,17,"biggrid50-goal(46,31)",finetune,220,4218880,0.9081631898880005,0.668711463851168
finetune,17,"biggrid50-goal(46,31)",finetune,230,4229120,0.9071427583694458,0.665030398888112
finetune,17,"biggrid50-goal(46,31)",finetune,240,4239360,0.9071427583694458,0.665030398888112
finetune,17,"biggrid50-goal(46,31)",finetune,250,4249600,0.9071427583694458,0.665030398888112
finetune,17,"biggrid50-goal(46,31)",finetune,260,4259840,0.9051019549369812,0.6576684839774767
finetune,17,"biggrid50-goal(46,31)",finetune,270,4270080,0.9061223864555359,0.6613495489405328
finetune,17,"biggrid50-goal(46,31)",finetune,280,4280320,0.9061223864555359,0.6613495489405328
finetune,17,"biggrid50-goal(46,31)",finetune,290,4290560,0.9061223864555359,0.6613495489405328
finetune,17,"biggrid50-goal(46,31)",finetune,300,4300800,0.9061223864555359,0.6613495489405328
finetune,18,"biggrid50-goal(46,24)",finetune,10,4311040,0.8867344856262207,0.14615302008356582
finetune,18,"biggrid50-goal(46,24)",finetune,20,4321280,0.8826529383659363,0.11538445984837013
finetune,18,"biggrid50-goal(46,24)",finetune,30,4331520,0.8785713315010071,0.08461545028624372
finetune,18,"biggrid50-goal(46,24)",finetune,40,4341760,0.8744897842407227,0.053846890051048035
finetune,18,"biggrid50-goal(46,24)",finetune,50,4352000,0.9336732625961304,0.4999988766826732
finetune,18,"biggrid50-goal(46,24)",finetune,60,4362240,0.9969385862350464,0.9769216701841477
finetune,18,"biggrid50-goal(46,24)",finetune,70,4372480,0.9938772916793823,0.9538442390221568
finetune,18,"biggrid50-goal(46,24)",finetune,80,4382720,0.9918365478515625,0.9384601835680243
finetune,18,"biggrid50-goal(46,24)",finetune,90,4392960,0.9908161163330078,0.9307677065140273
finetune,18,"biggrid50-goal(46,24)",finetune,100,4403200,0.9908161163330078,0.9307677065140273
finetune,18,"biggrid50-goal(46,24)",finetune,110,4413440,0.9908162355422974,0.9307686051678887
finetune,18,"biggrid50-goal(46,24)",finetune,120,4423680,0.994897723197937,0.9615367160761538
finetune,18,"biggrid50-goal(46,24)",finetune,130,4433920,0.9908161163330078,0.9307677065140273
finetune,18,"biggrid50-goal(46,24)",finetune,140,4444160,0.9938772916793823,0.9538442390221568
finetune,18,"biggrid50-goal(46,24)",finetune,150,4454400,0.9755100011825562,0.8153832466656572
finetune,19,"biggrid50-goal(3,45)",finetune,10,4464640,0.6204081177711487,0.0829908015344887
finetune,19,"biggrid50-goal(3,45)",finetune,20,4474880,0.6438774466514587,0.13968745779248923
finetune,19,"biggrid50-goal(3,45)",finetune,30,4485120,0.6357142925262451,0.11996710082026202
finetune,19,"biggrid50-goal(3,45)",finetune,40,4495360,0.6520407795906067,0.1594082467392403
finetune,19,"biggrid50-goal(3,45)",finetune,50,4505600,0.68265300989151,0.23336055732777103
finetune,19,"biggrid50-goal(3,45)",finetune,60,4515840,0.7602040767669678,0.4207066124068267
finetune,19,"biggrid50-goal(3,45)",finetune,70,4526080,0.8030611276626587,0.5242396744409602
finetune,19,"biggrid50-goal(3,45)",finetune,80,4536320,0.8816325068473816,0.7140505761532208
finetune,19,"biggrid50-goal(3,45)",finetune,90,4546560,0.9306120872497559,0.8323743018931715
finetune,19,"biggrid50-goal(3,45)",finetune,100,4556800,0.9153059720993042,0.7953981465989062
finetune,19,"biggrid50-goal(3,45)",finetune,110,4567040,0.9418365359306335,0.8594900627140614
finetune,19,"biggrid50-goal(3,45)",finetune,120,4577280,0.9551018476486206,0.891536092767393
finetune,19,"biggrid50-goal(3,45)",finetune,130,4587520,0.9704079627990723,0.9285122480616583
finetune,19,"biggrid50-goal(3,45)",finetune,140,4597760,0.9632651209831238,0.911256737722636
finetune,19,"biggrid50-goal(3,45)",finetune,150,4608000,0.9581630825996399,0.8989313526245476
finetune,19,"biggrid50-goal(3,45)",finetune,160,4618240,0.9346936941146851,0.8422345523750391
finetune,19,"biggrid50-goal(3,45)",finetune,170,4628480,0.9561222791671753,0.8940012273836139
finetune,19,"biggrid50-goal(3,45)",finetune,180,4638720,0.9346936941146851,0.8422345523750391
finetune,19,"biggrid50-goal(3,45)",finetune,190,4648960,0.9530609846115112,0.8866058235349512
finetune,19,"biggrid50-goal(3,45)",finetune,200,4659200,0.9377549290657043,0.8496298122321938
finetune,20,"biggrid50-goal(21,10)",finetune,10,4669440,0.7336734533309937,0.0369001423240397
finetune,20,"biggrid50-goal(21,10)",finetune,20,4679680,0.735714316368103,0.044280386333357256
finetune,20,"biggrid50-goal(21,10)",finetune,30,4689920,0.7346938848495483,0.04059026432869848
finetune,20,"biggrid50-goal(21,10)",finetune,40,4700160,0.735714316368103,0.044280386333357256
finetune,20,"biggrid50-goal(21,10)",finetune,50,4710400,0.7234693765640259,-2.1554450961791933e-07
finetune,20,"biggrid50-goal(21,10)",finetune,60,4720640,0.7448979020118713,0.07749040665273818
finetune,20,"biggrid50-goal(21,10)",finetune,70,4730880,0.7938774824142456,0.25461216753067684
finetune,20,"biggrid50-goal(21,10)",finetune,80,4741120,0.7755101919174194,0.18819169580289574
finetune,20,"biggrid50-goal(21,10)",finetune,90,4751360,0.7571429014205933,0.12177122407511468
finetune,20,"biggrid50-goal(21,10)",finetune,100,4761600,0.7887754440307617,0.23616198859640217
finetune,20,"biggrid50-goal(21,10)",finetune,110,4771840,0.7500000596046448,0.09594101667603208
finetune,20,"biggrid50-goal(21,10)",finetune,120,4782080,0.7591836452484131,0.129151036995413
finetune,20,"biggrid50-goal(21,10)",finetune,130,4792320,0.7581632733345032,0.12546113053526384
finetune,20,"biggrid50-goal(21,10)",finetune,140,4802560,0.7734693884849548,0.18081166733808782
finetune,20,"biggrid50-goal(21,10)",finetune,150,4812800,0.7602040767669678,0.1328411590000718
finetune,20,"biggrid50-goal(21,10)",finetune,160,4823040,0.7734693884849548,0.18081166733808782
finetune,20,"biggrid50-goal(21,10)",finetune,170,4833280,0.7673469185829163,0.15867136639915438
finetune,20,"biggrid50-goal(21,10)",finetune,180,4843520,0.791836678981781,0.24723213906586888
finetune,20,"biggrid50-goal(21,10)",finetune,190,4853760,0.7785714268684387,0.1992618462723625
finetune,20,"biggrid50-goal(21,10)",finetune,200,4864000,0.7765306234359741,0.19188181780755453
finetune,20,"biggrid50-goal(21,10)",finetune,210,4874240,0.7877550721168518,0.232472082136253
finetune,20,"biggrid50-goal(21,10)",finetune,220,4884480,0.7714284658432007,0.17343120778426063
finetune,20,"biggrid50-goal(21,10)",finetune,230,4894720,0.7704081535339355,0.1697415168686211
finetune,20,"biggrid50-goal(21,10)",finetune,240,4904960,0.777550995349884,0.1955717242677037
finetune,20,"biggrid50-goal(21,10)",finetune,250,4915200,0.7734693288803101,0.1808114517935782
finetune,20,"biggrid50-goal(21,10)",finetune,260,4925440,0.7653061151504517,0.15129133793434643
finetune,20,"biggrid50-goal(21,10)",finetune,270,4935680,0.8173469305038452,0.33948324928175183
finetune,20,"biggrid50-goal(21,10)",finetune,280,4945920,0.8010204434394836,0.2804428060187787
finetune,20,"biggrid50-goal(21,10)",finetune,290,4956160,0.7938774824142456,0.25461216753067684
finetune,20,"biggrid50-goal(21,10)",finetune,300,4966400,0.7785714268684387,0.1992618462723625
finetune,20,"biggrid50-goal(21,10)",finetune,310,4976640,0.7918366193771362,0.24723192352135928
finetune,20,"biggrid50-goal(21,10)",finetune,320,4986880,0.7704080939292908,0.16974130132411147
finetune,20,"biggrid50-goal(21,10)",finetune,330,4997120,0.7561224699020386,0.1180811020704559
finetune,20,"biggrid50-goal(21,10)",finetune,340,5007360,0.7510203123092651,0.099630492047162
finetune,20,"biggrid50-goal(21,10)",finetune,350,5017600,0.7438775300979614,0.07380050019258902
finetune,20,"biggrid50-goal(21,10)",finetune,360,5027840,0.8530611991882324,0.46863450182167443
finetune,20,"biggrid50-goal(21,10)",finetune,370,5038080,0.8724489212036133,0.5387450955541143
finetune,20,"biggrid50-goal(21,10)",finetune,380,5048320,0.8479591608047485,0.4501843228873998
finetune,20,"biggrid50-goal(21,10)",finetune,390,5058560,0.8428570628166199,0.43173392840861546
finetune,20,"biggrid50-goal(21,10)",finetune,400,5068800,0.8438774943351746,0.43542405041327426
finetune,20,"biggrid50-goal(21,10)",finetune,410,5079040,0.8428571820259094,0.4317343594976347
finetune,20,"biggrid50-goal(21,10)",finetune,420,5089280,0.7622449398040771,0.14022140300938934
finetune,20,"biggrid50-goal(21,10)",finetune,430,5099520,0.8163264989852905,0.33579312727709304
finetune,20,"biggrid50-goal(21,10)",finetune,440,5109760,0.7693877816200256,0.16605161040847194
finetune,20,"biggrid50-goal(21,10)",finetune,450,5120000,0.7846938371658325,0.2214019316667863
finetune,20,"biggrid50-goal(21,10)",finetune,460,5130240,0.7734693288803101,0.1808114517935782
finetune,20,"biggrid50-goal(21,10)",finetune,470,5140480,0.8418366312980652,0.42804380640395673
finetune,20,"biggrid50-goal(21,10)",finetune,480,5150720,0.8704081773757935,0.531365282633816
finetune,20,"biggrid50-goal(21,10)",finetune,490,5160960,0.9469388127326965,0.8081181821924455
finetune,20,"biggrid50-goal(21,10)",finetune,500,5171200,0.7938774824142456,0.25461216753067684
finetune,21,"biggrid50-goal(40,3)",finetune,10,5181440,0.8499999046325684,0.45353129902772427
finetune,21,"biggrid50-goal(40,3)",finetune,20,5191680,0.8571427464485168,0.47955354573930414
finetune,21,"biggrid50-goal(40,3)",finetune,30,5201920,0.8867346048355103,0.5873603066115837
finetune,21,"biggrid50-goal(40,3)",finetune,40,5212160,0.9510201215744019,0.8215603098687889
finetune,21,"biggrid50-goal(40,3)",finetune,50,5222400,0.9510201215744019,0.8215603098687889
finetune,21,"biggrid50-goal(40,3)",finetune,60,5232640,0.9448977708816528,0.799255837183169
finetune,21,"biggrid50-goal(40,3)",finetune,70,5242880,0.971428394317627,0.8959101445656246
finetune,21,"biggrid50-goal(40,3)",finetune,80,5253120,0.971428394317627,0.8959101445656246
finetune,21,"biggrid50-goal(40,3)",finetune,90,5263360,0.971428394317627,0.8959101445656246
finetune,21,"biggrid50-goal(40,3)",finetune,100,5273600,0.971428394317627,0.8959101445656246
finetune,21,"biggrid50-goal(40,3)",finetune,110,5283840,0.9653059244155884,0.8736052375859766
finetune,21,"biggrid50-goal(40,3)",finetune,120,5294080,0.9704079627990723,0.8921925876866785
finetune,21,"biggrid50-goal(40,3)",finetune,130,5304320,0.9316325187683105,0.7509289006389551
finetune,21,"biggrid50-goal(40,3)",finetune,140,5314560,0.9183672070503235,0.7026017469477273
finetune,21,"biggrid50-goal(40,3)",finetune,150,5324800,0.9408161044120789,0.7843858268143991
finetune,22,"biggrid50-goal(15,38)",finetune,10,5335040,0.7836734652519226,0.07423549040669178
finetune,22,"biggrid50-goal(15,38)",finetune,20,5345280,0.8040816187858582,0.16157172158171038
finetune,22,"biggrid50-goal(15,38)",finetune,30,5355520,0.851020336151123,0.3624449002382162
finetune,22,"biggrid50-goal(15,38)",finetune,40,5365760,0.8571428060531616,0.38864587162141306
finetune,22,"biggrid50-goal(15,38)",finetune,50,5376000,0.8632652163505554,0.41484658792788165
finetune,22,"biggrid50-goal(15,38)",finetune,60,5386240,0.8765304684638977,0.47161493413026107
finetune,22,"biggrid50-goal(15,38)",finetune,70,5396480,0.925510048866272,0.6812219399656514
finetune,22,"biggrid50-goal(15,38)",finetune,80,5406720,0.9336732625961304,0.7161562283742762
finetune,22,"biggrid50-goal(15,38)",finetune,90,5416960,0.9357141256332397,0.7248900555531607
finetune,22,"biggrid50-goal(15,38)",finetune,100,5427200,0.9551018476486206,0.807859373138737
finetune,22,"biggrid50-goal(15,38)",finetune,110,5437440,0.9632652401924133,0.8427944267775468
finetune,22,"biggrid50-goal(15,38)",finetune,120,5447680,0.9683672189712524,0.8646282294945731
finetune,22,"biggrid50-goal(15,38)",finetune,130,5457920,0.9704080820083618,0.8733620566734577
finetune,22,"biggrid50-goal(15,38)",finetune,140,5468160,0.9632651209831238,0.8427939166240901
finetune,22,"biggrid50-goal(15,38)",finetune,150,5478400,0.9346938133239746,0.7205236521171751
finetune,23,"biggrid50-goal(40,45)",finetune,10,5488640,0.7428570985794067,0.23326564942341307
finetune,23,"biggrid50-goal(40,45)",finetune,20,5498880,0.7673469185829163,0.30628802776787944
finetune,23,"biggrid50-goal(40,45)",finetune,30,5509120,0.7867346405982971,0.36409725511383784
finetune,23,"biggrid50-goal(40,45)",finetune,40,5519360,0.7867345809936523,0.364097077388035
finetune,23,"biggrid50-goal(40,45)",finetune,50,5529600,0.7979590892791748,0.3975656896783074
finetune,23,"biggrid50-goal(40,45)",finetune,60,5539840,0.8224488496780396,0.47058789029697096
finetune,23,"biggrid50-goal(40,45)",finetune,70,5550080,0.830612063407898,0.49492850535265687
finetune,23,"biggrid50-goal(40,45)",finetune,80,5560320,0.9081631898880005,0.7261661256397018
finetune,23,"biggrid50-goal(40,45)",finetune,90,5570560,0.9295916557312012,0.7900603290237789
finetune,23,"biggrid50-goal(40,45)",finetune,100,5580800,0.9244896769523621,0.7748475334768765
finetune,23,"biggrid50-goal(40,45)",finetune,110,5591040,0.9081631898880005,0.7261661256397018
finetune,23,"biggrid50-goal(40,45)",finetune,120,5601280,0.8999999165534973,0.701825332858213
finetune,23,"biggrid50-goal(40,45)",finetune,130,5611520,0.9163264036178589,0.7505067406953877
finetune,23,"biggrid50-goal(40,45)",finetune,140,5621760,0.9214285016059875,0.7657198916938958
finetune,23,"biggrid50-goal(40,45)",finetune,150,5632000,0.9285712242126465,0.7870176632789166
finetune,23,"biggrid50-goal(40,45)",finetune,160,5642240,0.9153059720993042,0.7474640749505256
finetune,23,"biggrid50-goal(40,45)",finetune,170,5652480,0.9214285016059875,0.7657198916938958
finetune,23,"biggrid50-goal(40,45)",finetune,180,5662720,0.9193876385688782,0.7596345602041714
finetune,23,"biggrid50-goal(40,45)",finetune,190,5672960,0.9397957921028137,0.8204864532949919
finetune,23,"biggrid50-goal(40,45)",finetune,200,5683200,0.9489794969558716,0.8478699118213429
finetune,24,"biggrid50-goal(15,17)",finetune,10,5693440,0.8030611872673035,0.13063092101022086
finetune,24,"biggrid50-goal(15,17)",finetune,20,5703680,0.8642856478691101,0.4009009210496888
finetune,24,"biggrid50-goal(15,17)",finetune,30,5713920,0.8846938014030457,0.49099092106284475
finetune,24,"biggrid50-goal(15,17)",finetune,40,5724160,0.8704080581665039,0.4279277631819563
finetune,24,"biggrid50-goal(15,17)",finetune,50,5734400,0.9081632494926453,0.5945947368213327
finetune,24,"biggrid50-goal(15,17)",finetune,60,5744640,0.938775360584259,0.7297292106021357
finetune,24,"biggrid50-goal(15,17)",finetune,70,5754880,0.9551019668579102,0.8018015789799121
finetune,24,"biggrid50-goal(15,17)",finetune,80,5765120,0.9224488139152527,0.6576571053438248
finetune,24,"biggrid50-goal(15,17)",finetune,90,5775360,0.9224488139152527,0.6576571053438248
finetune,24,"biggrid50-goal(15,17)",finetune,100,5785600,0.925510048866272,0.6711706579696912
finetune,24,"biggrid50-goal(15,17)",finetune,110,5795840,0.9020406603813171,0.5675671053306688
finetune,24,"biggrid50-goal(15,17)",finetune,120,5806080,0.928571343421936,0.6846844737150232
finetune,24,"biggrid50-goal(15,17)",finetune,130,5816320,0.9377549886703491,0.7252248684731573
finetune,24,"biggrid50-goal(15,17)",finetune,140,5826560,0.919387698173523,0.6441440789568892
finetune,24,"biggrid50-goal(15,17)",finetune,150,5836800,0.9071428179740906,0.5900901315728887
finetune,25,"biggrid50-goal(15,24)",finetune,10,5847040,0.8581631779670715,0.3152706212821352
finetune,25,"biggrid50-goal(15,24)",finetune,20,5857280,0.886734664440155,0.45320191374452884
finetune,25,"biggrid50-goal(15,24)",finetune,30,5867520,0.8693877458572388,0.3694581819426976
finetune,25,"biggrid50-goal(15,24)",finetune,40,5877760,0.8663265109062195,0.3546798086255471
finetune,25,"biggrid50-goal(15,24)",finetune,50,5888000,0.8826530575752258,0.43349760781933894
finetune,25,"biggrid50-goal(15,24)",finetune,60,5898240,0.8999999165534973,0.5172410518746542
finetune,25,"biggrid50-goal(15,24)",finetune,70,5908480,0.8551019430160522,0.3004922479649847
finetune,25,"biggrid50-goal(15,24)",finetune,80,5918720,0.8724489212036133,0.384236267513332
finetune,25,"biggrid50-goal(15,24)",finetune,90,5928960,0.8653060793876648,0.3497535882709916
finetune,25,"biggrid50-goal(15,24)",finetune,100,5939200,0.8775509595870972,0.40886679379307744
finetune,25,"biggrid50-goal(15,24)",finetune,110,5949440,0.8948978185653687,0.4926102378483927
finetune,25,"biggrid50-goal(15,24)",finetune,120,5959680,0.8704081773757935,0.37438440229725306
finetune,25,"biggrid50-goal(15,24)",finetune,130,5969920,0.8887754678726196,0.46305406670712385
finetune,25,"biggrid50-goal(15,24)",finetune,140,5980160,0.8887754678726196,0.46305406670712385
finetune,25,"biggrid50-goal(15,24)",finetune,150,5990400,0.8857142329216003,0.44827569338997336
finetune,26,"biggrid50-goal(21,38)",finetune,10,6000640,0.8765305280685425,0.3909390946151166
finetune,26,"biggrid50-goal(21,38)",finetune,20,6010880,0.8489795923233032,0.25503345246163367
finetune,26,"biggrid50-goal(21,38)",finetune,30,6021120,0.8785713315010071,0.40100614654986116
finetune,26,"biggrid50-goal(21,38)",finetune,40,6031360,0.8938775062561035,0.47650977111783116
finetune,26,"biggrid50-goal(21,38)",finetune,50,6041600,0.9122447967529297,0.5671135325534864
finetune,26,"biggrid50-goal(21,38)",finetune,60,6051840,0.9183672070503235,0.5973146883577201
finetune,26,"biggrid50-goal(21,38)",finetune,70,6062080,0.9408162832260132,0.7080534357317275
finetune,26,"biggrid50-goal(21,38)",finetune,80,6072320,0.8877550363540649,0.4463083212906432
finetune,26,"biggrid50-goal(21,38)",finetune,90,6082560,0.8908162117004395,0.4614087521812828
finetune,26,"biggrid50-goal(21,38)",finetune,100,6092800,0.9459183812141418,0.7332215066030205
finetune,26,"biggrid50-goal(21,38)",finetune,110,6103040,0.919387698173523,0.6023486553595239
finetune,26,"biggrid50-goal(21,38)",finetune,120,6113280,0.9397958517074585,0.7030197627528781
finetune,26,"biggrid50-goal(21,38)",finetune,130,6123520,0.9438775181770325,0.7231541606453216
finetune,26,"biggrid50-goal(21,38)",finetune,140,6133760,0.9397958517074585,0.7030197627528781
finetune,26,"biggrid50-goal(21,38)",finetune,150,6144000,0.936734676361084,0.6879193318622385
finetune,27,"biggrid50-goal(33,17)",finetune,10,6154240,0.9163263440132141,0.6932661545298933
finetune,27,"biggrid50-goal(33,17)",finetune,20,6164480,0.9999998807907104,0.999999562998373
finetune,27,"biggrid50-goal(33,17)",finetune,30,6174720,1.0,1.0
finetune,27,"biggrid50-goal(33,17)",finetune,40,6184960,1.0,1.0
finetune,27,"biggrid50-goal(33,17)",finetune,50,6195200,1.0,1.0
finetune,27,"biggrid50-goal(33,17)",finetune,60,6205440,0.9999998211860657,0.9999993444975596
finetune,27,"biggrid50-goal(33,17)",finetune,70,6215680,0.9755101203918457,0.91022413376445
finetune,27,"biggrid50-goal(33,17)",finetune,80,6225920,0.9836733937263489,0.9401493496760288
finetune,27,"biggrid50-goal(33,17)",finetune,90,6236160,0.9938775300979614,0.9775560334411125
finetune,27,"biggrid50-goal(33,17)",finetune,100,6246400,0.9969385862350464,0.9887773612181158
finetune,27,"biggrid50-goal(33,17)",finetune,110,6256640,0.9999998807907104,0.999999562998373
finetune,27,"biggrid50-goal(33,17)",finetune,120,6266880,0.9173468351364136,0.6970071069574592
finetune,27,"biggrid50-goal(33,17)",finetune,130,6277120,0.9367345571517944,0.7680793035592471
finetune,27,"biggrid50-goal(33,17)",finetune,140,6287360,0.9214285016059875,0.7119698241636554
finetune,27,"biggrid50-goal(33,17)",finetune,150,6297600,0.9153060913085938,0.6895260761055814
finetune,28,"biggrid50-goal(27,17)",finetune,10,6307840,0.8071428537368774,0.24900665786996903
finetune,28,"biggrid50-goal(27,17)",finetune,20,6318080,0.8255101442337036,0.32052961226060045
finetune,28,"biggrid50-goal(27,17)",finetune,30,6328320,0.827551007270813,0.32847681350652846
finetune,28,"biggrid50-goal(27,17)",finetune,40,6338560,0.8183673024177551,0.29271510420837266
finetune,28,"biggrid50-goal(27,17)",finetune,50,6348800,0.820408046245575,0.30066184124862044
finetune,28,"biggrid50-goal(27,17)",finetune,60,6359040,0.8265305757522583,0.32450321288356443
finetune,28,"biggrid50-goal(27,17)",finetune,70,6369280,0.8173468708992004,0.2887415035854086
finetune,28,"biggrid50-goal(27,17)",finetune,80,6379520,0.8173468708992004,0.2887415035854086
finetune,28,"biggrid50-goal(27,17)",finetune,90,6389760,0.810204029083252,0.2609269955331808
finetune,28,"biggrid50-goal(27,17)",finetune,100,6400000,0.8122447729110718,0.2688737325734286
finetune,28,"biggrid50-goal(27,17)",finetune,110,6410240,0.810204029083252,0.2609269955331808
finetune,28,"biggrid50-goal(27,17)",finetune,120,6420480,0.7938774824142456,0.19735077818279723
finetune,28,"biggrid50-goal(27,17)",finetune,130,6430720,0.8142856359481812,0.2768209338193567
finetune,28,"biggrid50-goal(27,17)",finetune,140,6440960,0.8142856359481812,0.2768209338193567
finetune,28,"biggrid50-goal(27,17)",finetune,150,6451200,0.8010204434394836,0.22516575044070528
finetune,28,"biggrid50-goal(27,17)",finetune,160,6461440,0.8010204434394836,0.22516575044070528
finetune,28,"biggrid50-goal(27,17)",finetune,170,6471680,0.791836678981781,0.18940380903970933
finetune,28,"biggrid50-goal(27,17)",finetune,180,6481920,0.7989795804023743,0.21721854919477723
finetune,28,"biggrid50-goal(27,17)",finetune,190,6492160,0.8204081654548645,0.30066230545430067
finetune,28,"biggrid50-goal(27,17)",finetune,200,6502400,0.8459182977676392,0.39999976789715985
finetune,28,"biggrid50-goal(27,17)",finetune,210,6512640,0.8357142210006714,0.3602646900788801
finetune,28,"biggrid50-goal(27,17)",finetune,220,6522880,0.8459182977676392,0.39999976789715985
finetune,28,"biggrid50-goal(27,17)",finetune,230,6533120,0.8204081654548645,0.30066230545430067
finetune,28,"biggrid50-goal(27,17)",finetune,240,6543360,0.8469387292861938,0.4039733685201239
finetune,28,"biggrid50-goal(27,17)",finetune,250,6553600,0.8367346525192261,0.36423829070184416
finetune,28,"biggrid50-goal(27,17)",finetune,260,6563840,0.8346937894821167,0.35629108945591614
finetune,28,"biggrid50-goal(27,17)",finetune,270,6574080,0.833673357963562,0.3523174888329521
finetune,28,"biggrid50-goal(27,17)",finetune,280,6584320,0.8142856359481812,0.2768209338193567
finetune,28,"biggrid50-goal(27,17)",finetune,290,6594560,0.8183673024177551,0.29271510420837266
finetune,28,"biggrid50-goal(27,17)",finetune,300,6604800,0.8499999046325684,0.4158937061833357
finetune,28,"biggrid50-goal(27,17)",finetune,310,6615040,0.8520407676696777,0.4238409074292638
finetune,28,"biggrid50-goal(27,17)",finetune,320,6625280,0.8428570628166199,0.3880791981311079
finetune,28,"biggrid50-goal(27,17)",finetune,330,6635520,0.8132652044296265,0.27284733319639265
finetune,28,"biggrid50-goal(27,17)",finetune,340,6645760,0.8153060674667358,0.2807945344423207
finetune,28,"biggrid50-goal(27,17)",finetune,350,6656000,0.8357142210006714,0.3602646900788801
finetune,28,"biggrid50-goal(27,17)",finetune,360,6666240,0.823469340801239,0.3125826431175125
finetune,28,"biggrid50-goal(27,17)",finetune,370,6676480,0.8489795923233032,0.41192056976605196
finetune,28,"biggrid50-goal(27,17)",finetune,380,6686720,0.8387754559516907,0.3721852598449321
finetune,28,"biggrid50-goal(27,17)",finetune,390,6696960,0.7928570508956909,0.19337717755983322
finetune,28,"biggrid50-goal(27,17)",finetune,400,6707200,0.7857142686843872,0.16556290161044557
finetune,28,"biggrid50-goal(27,17)",finetune,410,6717440,0.8408163189888,0.38013246109086013
finetune,28,"biggrid50-goal(27,17)",finetune,420,6727680,0.8122448921203613,0.2688741967791089
finetune,28,"biggrid50-goal(27,17)",finetune,430,6737920,0.823469340801239,0.3125826431175125
finetune,28,"biggrid50-goal(27,17)",finetune,440,6748160,0.8122448921203613,0.2688741967791089
finetune,28,"biggrid50-goal(27,17)",finetune,450,6758400,0.8051019906997681,0.241059456624041
finetune,28,"biggrid50-goal(27,17)",finetune,460,6768640,0.8132652044296265,0.27284733319639265
finetune,28,"biggrid50-goal(27,17)",finetune,470,6778880,0.8183673024177551,0.29271510420837266
finetune,28,"biggrid50-goal(27,17)",finetune,480,6789120,0.8173468708992004,0.2887415035854086
finetune,28,"biggrid50-goal(27,17)",finetune,490,6799360,0.8132652044296265,0.27284733319639265
finetune,28,"biggrid50-goal(27,17)",finetune,500,6809600,0.8153060674667358,0.2807945344423207
finetune,29,"biggrid50-goal(3,3)",finetune,10,6819840,0.5857142210006714,-0.00995033044501207
finetune,29,"biggrid50-goal(3,3)",finetune,20,6830080,0.6316326260566711,0.10199005155851797
finetune,29,"biggrid50-goal(3,3)",finetune,30,6840320,0.6744896769523621,0.2064674314448111
finetune,29,"biggrid50-goal(3,3)",finetune,40,6850560,0.8397958874702454,0.6094526904136437
finetune,29,"biggrid50-goal(3,3)",finetune,50,6860800,0.8571427464485168,0.6517410499117782
finetune,29,"biggrid50-goal(3,3)",finetune,60,6871040,0.7377550005912781,0.36069631825132015
finetune,29,"biggrid50-goal(3,3)",finetune,70,6881280,0.8142855763435364,0.5472633794157961
finetune,29,"biggrid50-goal(3,3)",finetune,80,6891520,0.8765305280685425,0.6990047925896854
finetune,29,"biggrid50-goal(3,3)",finetune,90,6901760,0.9306122064590454,0.8308456901783952
finetune,29,"biggrid50-goal(3,3)",finetune,100,6912000,0.851020336151123,0.6368157722015267
finetune,29,"biggrid50-goal(3,3)",finetune,110,6922240,0.9397958517074585,0.8532336793961944
finetune,29,"biggrid50-goal(3,3)",finetune,120,6932480,0.9275509119033813,0.8233828333660027
finetune,29,"biggrid50-goal(3,3)",finetune,130,6942720,0.9306120872497559,0.8308453995687062
finetune,29,"biggrid50-goal(3,3)",finetune,140,6952960,0.9397957921028137,0.8532335340913499
finetune,29,"biggrid50-goal(3,3)",finetune,150,6963200,0.9397957921028137,0.8532335340913499
finetune,30,"biggrid50-goal(9,10)",finetune,10,6973440,0.9602039456367493,0.8711449406401771
finetune,30,"biggrid50-goal(9,10)",finetune,20,6983680,0.9653059840202332,0.8876647557142816
finetune,30,"biggrid50-goal(9,10)",finetune,30,6993920,0.9734692573547363,0.9140964984314494
finetune,30,"biggrid50-goal(9,10)",finetune,40,7004160,0.9795916676521301,0.933920160724573
finetune,30,"biggrid50-goal(9,10)",finetune,50,7014400,0.9581631422042847,0.8645370532091359
finetune,30,"biggrid50-goal(9,10)",finetune,60,7024640,0.984693706035614,0.9504399757986774
finetune,30,"biggrid50-goal(9,10)",finetune,70,7034880,0.988775372505188,0.9636559436537628
finetune,30,"biggrid50-goal(9,10)",finetune,80,7045120,0.984693706035614,0.9504399757986774
finetune,30,"biggrid50-goal(9,10)",finetune,90,7055360,0.9714285135269165,0.9074888039934113
finetune,30,"biggrid50-goal(9,10)",finetune,100,7065600,0.9653061032295227,0.8876651417002877
finetune,30,"biggrid50-goal(9,10)",finetune,110,7075840,0.9673467874526978,0.8942726431453227
finetune,30,"biggrid50-goal(9,10)",finetune,120,7086080,0.9734692573547363,0.9140964984314494
finetune,30,"biggrid50-goal(9,10)",finetune,130,7096320,0.9775508642196655,0.9273122732935317
finetune,30,"biggrid50-goal(9,10)",finetune,140,7106560,0.98163241147995,0.9405278551626111
finetune,30,"biggrid50-goal(9,10)",finetune,150,7116800,0.98163241147995,0.9405278551626111
finetune,31,"biggrid50-goal(46,17)",finetune,10,7127040,0.787755012512207,0.18002632478223105
finetune,31,"biggrid50-goal(46,17)",finetune,20,7137280,0.8346937894821167,0.3613665859483876
finetune,31,"biggrid50-goal(46,17)",finetune,30,7147520,0.8510202169418335,0.4244410589231156
finetune,31,"biggrid50-goal(46,17)",finetune,40,7157760,0.8469387292861938,0.408672901224959
finetune,31,"biggrid50-goal(46,17)",finetune,50,7168000,0.8887754678726196,0.5703022744501317
finetune,31,"biggrid50-goal(46,17)",finetune,60,7178240,0.8785713315010071,0.5308802682954012
finetune,31,"biggrid50-goal(46,17)",finetune,70,7188480,0.8571427464485168,0.448094446834164
finetune,31,"biggrid50-goal(46,17)",finetune,80,7198720,0.9785712361335754,0.9172134877204746
finetune,31,"biggrid50-goal(46,17)",finetune,90,7208960,0.9367345571517944,0.7555843447680647
finetune,31,"biggrid50-goal(46,17)",finetune,100,7219200,0.9602039456367493,0.846254475351143
finetune,31,"biggrid50-goal(46,17)",finetune,110,7229440,0.9397957921028137,0.7674109235872075
finetune,31,"biggrid50-goal(46,17)",finetune,120,7239680,0.9948978424072266,0.9802886515134908
finetune,31,"biggrid50-goal(46,17)",finetune,130,7249920,0.9642855525016785,0.862023093594825
finetune,31,"biggrid50-goal(46,17)",finetune,140,7260160,0.9653059244155884,0.8659651330193641
finetune,31,"biggrid50-goal(46,17)",finetune,150,7270400,0.9632651209831238,0.858080823897523
finetune,32,"biggrid50-goal(40,10)",finetune,10,7280640,0.6959183812141418,0.07644617252294836
finetune,32,"biggrid50-goal(40,10)",finetune,20,7290880,0.6959183812141418,0.07644617252294836
finetune,32,"biggrid50-goal(40,10)",finetune,30,7301120,0.6959183812141418,0.07644617252294836
finetune,32,"biggrid50-goal(40,10)",finetune,40,7311360,0.6989795565605164,0.08574354544213662
finetune,32,"biggrid50-goal(40,10)",finetune,50,7321600,0.7040815949440002,0.10123940834833776
finetune,32,"biggrid50-goal(40,10)",finetune,60,7331840,0.7030612230300903,0.09814034438549683
finetune,32,"biggrid50-goal(40,10)",finetune,70,7342080,0.7051020264625549,0.1043386533418442
finetune,32,"biggrid50-goal(40,10)",finetune,80,7352320,0.7030612230300903,0.09814034438549683
finetune,32,"biggrid50-goal(40,10)",finetune,90,7362560,0.7153061032295227,0.13533037915424645
finetune,32,"biggrid50-goal(40,10)",finetune,100,7372800,0.7153061032295227,0.13533037915424645
finetune,32,"biggrid50-goal(40,10)",finetune,110,7383040,0.7153061032295227,0.13533037915424645
finetune,32,"biggrid50-goal(40,10)",finetune,120,7393280,0.7153061032295227,0.13533037915424645
finetune,32,"biggrid50-goal(40,10)",finetune,130,7403520,0.7040815949440002,0.10123940834833776
finetune,32,"biggrid50-goal(40,10)",finetune,140,7413760,0.686734676361084,0.04855351067338701
finetune,32,"biggrid50-goal(40,10)",finetune,150,7424000,0.6887754797935486,0.05475181962973436
finetune,32,"biggrid50-goal(40,10)",finetune,160,7434240,0.701020359992981,0.09194185439848397
finetune,32,"biggrid50-goal(40,10)",finetune,170,7444480,0.7459183931350708,0.22830573762211875
finetune,32,"biggrid50-goal(40,10)",finetune,180,7454720,0.710204005241394,0.11983433521737981
finetune,32,"biggrid50-goal(40,10)",finetune,190,7464960,0.7051020264625549,0.1043386533418442
finetune,32,"biggrid50-goal(40,10)",finetune,200,7475200,0.7030612230300903,0.09814034438549683
finetune,32,"biggrid50-goal(40,10)",finetune,210,7485440,0.6948980093002319,0.07334710856010743
finetune,32,"biggrid50-goal(40,10)",finetune,220,7495680,0.704081654548645,0.10123958937900326
finetune,32,"biggrid50-goal(40,10)",finetune,230,7505920,0.7091836333274841,0.11673527125453889
finetune,32,"biggrid50-goal(40,10)",finetune,240,7516160,0.6959183812141418,0.07644617252294836
finetune,32,"biggrid50-goal(40,10)",finetune,250,7526400,0.6959183812141418,0.07644617252294836
finetune,32,"biggrid50-goal(40,10)",finetune,260,7536640,0.704081654548645,0.10123958937900326
finetune,32,"biggrid50-goal(40,10)",finetune,270,7546880,0.6959183812141418,0.07644617252294836
finetune,32,"biggrid50-goal(40,10)",finetune,280,7557120,0.6948979496955872,0.07334692752944193
finetune,32,"biggrid50-goal(40,10)",finetune,290,7567360,0.699999988079071,0.08884279043564305
finetune,32,"biggrid50-goal(40,10)",finetune,300,7577600,0.6877550482749939,0.05165257463622793
finetune,32,"biggrid50-goal(40,10)",finetune,310,7587840,0.6938775181770325,0.0702476825359355
finetune,32,"biggrid50-goal(40,10)",finetune,320,7598080,0.6938775181770325,0.0702476825359355
finetune,32,"biggrid50-goal(40,10)",finetune,330,7608320,0.7020407915115356,0.0950410993919904
finetune,32,"biggrid50-goal(40,10)",finetune,340,7618560,0.6877550482749939,0.05165257463622793
finetune,32,"biggrid50-goal(40,10)",finetune,350,7628800,0.6897959113121033,0.057851064623240786
finetune,32,"biggrid50-goal(40,10)",finetune,360,7639040,0.6836735010147095,0.039256137754198735
finetune,32,"biggrid50-goal(40,10)",finetune,370,7649280,0.6836735010147095,0.039256137754198735
finetune,32,"biggrid50-goal(40,10)",finetune,380,7659520,0.6877551078796387,0.05165275566689344
finetune,32,"biggrid50-goal(40,10)",finetune,390,7669760,0.7153061032295227,0.13533037915424645
finetune,32,"biggrid50-goal(40,10)",finetune,400,7680000,0.7071428298950195,0.11053696229819154
finetune,32,"biggrid50-goal(40,10)",finetune,410,7690240,0.6999999284744263,0.08884260940497754
finetune,32,"biggrid50-goal(40,10)",finetune,420,7700480,0.6959183216094971,0.07644599149228284
finetune,32,"biggrid50-goal(40,10)",finetune,430,7710720,0.6938775181770325,0.0702476825359355
finetune,32,"biggrid50-goal(40,10)",finetune,440,7720960,0.701020359992981,0.09194185439848397
finetune,32,"biggrid50-goal(40,10)",finetune,450,7731200,0.6999999284744263,0.08884260940497754
finetune,32,"biggrid50-goal(40,10)",finetune,460,7741440,0.6938775181770325,0.0702476825359355
finetune,32,"biggrid50-goal(40,10)",finetune,470,7751680,0.6938775181770325,0.0702476825359355
finetune,32,"biggrid50-goal(40,10)",finetune,480,7761920,0.6836735010147095,0.039256137754198735
finetune,32,"biggrid50-goal(40,10)",finetune,490,7772160,0.6846939325332642,0.042355382747705166
finetune,32,"biggrid50-goal(40,10)",finetune,500,7782400,0.6846939325332642,0.042355382747705166
finetune,33,"biggrid50-goal(46,38)",finetune,10,7792640,0.8908162117004395,0.6837435045528988
finetune,33,"biggrid50-goal(46,38)",finetune,20,7802880,0.9806120991706848,0.9438419415020439
finetune,33,"biggrid50-goal(46,38)",finetune,30,7813120,0.9806120991706848,0.9438419415020439
finetune,33,"biggrid50-goal(46,38)",finetune,40,7823360,0.9806120991706848,0.9438419415020439
finetune,33,"biggrid50-goal(46,38)",finetune,50,7833600,0.9806120991706848,0.9438419415020439
finetune,33,"biggrid50-goal(46,38)",finetune,60,7843840,0.9846936464309692,0.9556643544503632
finetune,33,"biggrid50-goal(46,38)",finetune,70,7854080,0.9795916676521301,0.9408862087790096
finetune,33,"biggrid50-goal(46,38)",finetune,80,7864320,0.9704080820083618,0.9142854775113973
finetune,33,"biggrid50-goal(46,38)",finetune,90,7874560,0.9581631422042847,0.8788173754267425
finetune,33,"biggrid50-goal(46,38)",finetune,100,7884800,0.9806119799613953,0.9438415962061651
finetune,33,"biggrid50-goal(46,38)",finetune,110,7895040,0.925510048866272,0.7842360000649157
finetune,33,"biggrid50-goal(46,38)",finetune,120,7905280,0.9367344975471497,0.8167481967785967
finetune,33,"biggrid50-goal(46,38)",finetune,130,7915520,0.938775360584259,0.8226596622246654
finetune,33,"biggrid50-goal(46,38)",finetune,140,7925760,0.9510202407836914,0.8581275916613808
finetune,33,"biggrid50-goal(46,38)",finetune,150,7936000,0.95714271068573,0.8758616427037081
finetune,34,"biggrid50-goal(27,31)",finetune,10,7946240,0.9408162236213684,0.6842101413254384
finetune,34,"biggrid50-goal(27,31)",finetune,20,7956480,0.951020359992981,0.7386568660844709
finetune,34,"biggrid50-goal(27,31)",finetune,30,7966720,0.9448977708816528,0.705988258765138
finetune,34,"biggrid50-goal(27,31)",finetune,40,7976960,0.9183672666549683,0.5644281101407848
finetune,34,"biggrid50-goal(27,31)",finetune,50,7987200,0.8928570747375488,0.4283120933319721
finetune,34,"biggrid50-goal(27,31)",finetune,60,7997440,0.9234693646430969,0.5916516315380547
finetune,34,"biggrid50-goal(27,31)",finetune,70,8007680,0.9040816426277161,0.48820358597756003
finetune,34,"biggrid50-goal(27,31)",finetune,80,8017920,0.9285714030265808,0.6188748348998172
finetune,34,"biggrid50-goal(27,31)",finetune,90,8028160,0.9530612230300903,0.7495464018575818
finetune,34,"biggrid50-goal(27,31)",finetune,100,8038400,0.9653061032295227,0.8148820263187104
finetune,34,"biggrid50-goal(27,31)",finetune,110,8048640,0.9540815353393555,0.7549905336731225
finetune,34,"biggrid50-goal(27,31)",finetune,120,8058880,0.9714285135269165,0.8475496795315209
finetune,34,"biggrid50-goal(27,31)",finetune,130,8069120,0.951020359992981,0.7386568660844709
finetune,34,"biggrid50-goal(27,31)",finetune,140,8079360,0.9377549886703491,0.6678761557012795
finetune,34,"biggrid50-goal(27,31)",finetune,150,8089600,0.9561223983764648,0.7658800694462334
finetune,35,"biggrid50-goal(21,31)",finetune,10,8099840,0.8826529383659363,0.49561355078855657
finetune,35,"biggrid50-goal(21,31)",finetune,20,8110080,0.9020407795906067,0.578947247065346
finetune,35,"biggrid50-goal(21,31)",finetune,30,8120320,0.8908162117004395,0.5307013015493928
finetune,35,"biggrid50-goal(21,31)",finetune,40,8130560,0.8928570747375488,0.5394734313861375
finetune,35,"biggrid50-goal(21,31)",finetune,50,8140800,0.9397958517074585,0.7412278061144102
finetune,35,"biggrid50-goal(21,31)",finetune,60,8151040,0.9418366551399231,0.7499996797557741
finetune,35,"biggrid50-goal(21,31)",finetune,70,8161280,0.9020407795906067,0.578947247065346
finetune,35,"biggrid50-goal(21,31)",finetune,80,8171520,0.9836733937263489,0.9298242422829468
finetune,35,"biggrid50-goal(21,31)",finetune,90,8181760,0.919387698173523,0.65350855731001
finetune,35,"biggrid50-goal(21,31)",finetune,100,8192000,0.9316326379776001,0.7061403115489547
finetune,35,"biggrid50-goal(21,31)",finetune,110,8202240,0.9285714030265808,0.6929823729892185
finetune,35,"biggrid50-goal(21,31)",finetune,120,8212480,0.9275509715080261,0.6885963080708463
finetune,35,"biggrid50-goal(21,31)",finetune,130,8222720,0.8918366432189941,0.5350873664677651
finetune,35,"biggrid50-goal(21,31)",finetune,140,8232960,0.8918366432189941,0.5350873664677651
finetune,35,"biggrid50-goal(21,31)",finetune,150,8243200,0.8867346048355103,0.5131575542666651
finetune,36,"biggrid50-goal(46,10)",finetune,10,8253440,0.8265305757522583,0.5873785795230843
finetune,36,"biggrid50-goal(46,10)",finetune,20,8263680,0.9377549886703491,0.851941487072892
finetune,36,"biggrid50-goal(46,10)",finetune,30,8273920,0.8571428060531616,0.6601940742738236
finetune,36,"biggrid50-goal(46,10)",finetune,40,8284160,0.9693876504898071,0.9271842216932011
finetune,36,"biggrid50-goal(46,10)",finetune,50,8294400,0.9693876504898071,0.9271842216932011
finetune,36,"biggrid50-goal(46,10)",finetune,60,8304640,0.9387754201889038,0.8543687269424618
finetune,36,"biggrid50-goal(46,10)",finetune,70,8314880,0.9387754201889038,0.8543687269424618
finetune,36,"biggrid50-goal(46,10)",finetune,80,8325120,0.9387754201889038,0.8543687269424618
finetune,36,"biggrid50-goal(46,10)",finetune,90,8335360,0.9193876385688782,0.8082521618668423
finetune,36,"biggrid50-goal(46,10)",finetune,100,8345600,0.9693876504898071,0.9271842216932011
finetune,36,"biggrid50-goal(46,10)",finetune,110,8355840,0.9540815353393555,0.8907764743178315
finetune,36,"biggrid50-goal(46,10)",finetune,120,8366080,0.9540815353393555,0.8907764743178315
finetune,36,"biggrid50-goal(46,10)",finetune,130,8376320,0.9540815353393555,0.8907764743178315
finetune,36,"biggrid50-goal(46,10)",finetune,140,8386560,0.9142855405807495,0.7961161042970227
finetune,36,"biggrid50-goal(46,10)",finetune,150,8396800,0.9142855405807495,0.7961161042970227
finetune,37,"biggrid50-goal(9,17)",finetune,10,8407040,0.7346938848495483,-0.03174582570531985
finetune,37,"biggrid50-goal(9,17)",finetune,20,8417280,0.7530611753463745,0.039682513927450695
finetune,37,"biggrid50-goal(9,17)",finetune,30,8427520,0.8020407557487488,0.2301586271383742
finetune,37,"biggrid50-goal(9,17)",finetune,40,8437760,0.8387754559516907,0.37301576999551705
finetune,37,"biggrid50-goal(9,17)",finetune,50,8448000,0.8683673143386841,0.4880951994626046
finetune,37,"biggrid50-goal(9,17)",finetune,60,8458240,0.9408162236213684,0.769840909270024
finetune,37,"biggrid50-goal(9,17)",finetune,70,8468480,0.9122447967529297,0.6587298239140019
finetune,37,"biggrid50-goal(9,17)",finetune,80,8478720,0.928571343421936,0.7222219389162434
finetune,37,"biggrid50-goal(9,17)",finetune,90,8488960,0.9234693646430969,0.7023809137483189
finetune,37,"biggrid50-goal(9,17)",finetune,100,8499200,0.919387698173523,0.6865077690998581
finetune,37,"biggrid50-goal(9,17)",finetune,110,8509440,0.9040815234184265,0.6269837664128811
finetune,37,"biggrid50-goal(9,17)",finetune,120,8519680,0.8979591131210327,0.6031743971338913
finetune,37,"biggrid50-goal(9,17)",finetune,130,8529920,0.9214285016059875,0.694444225526188
finetune,37,"biggrid50-goal(9,17)",finetune,140,8540160,0.9102039337158203,0.650793135691871
finetune,37,"biggrid50-goal(9,17)",finetune,150,8550400,0.9153060913085938,0.6706348562471982
finetune,38,"biggrid50-goal(33,24)",finetune,10,8560640,0.8520407676696777,0.20329677736161528
finetune,38,"biggrid50-goal(33,24)",finetune,20,8570880,0.8653060793876648,0.2747253487901867
finetune,38,"biggrid50-goal(33,24)",finetune,30,8581120,0.8734692335128784,0.3186807755386309
finetune,38,"biggrid50-goal(33,24)",finetune,40,8591360,0.8714284896850586,0.30769215956248375
finetune,38,"biggrid50-goal(33,24)",finetune,50,8601600,0.9020407795906067,0.4725274972157765
finetune,38,"biggrid50-goal(33,24)",finetune,60,8611840,0.9091836214065552,0.510988936924099
finetune,38,"biggrid50-goal(33,24)",finetune,70,8622080,0.9591835737228394,0.7802193358303084
finetune,38,"biggrid50-goal(33,24)",finetune,80,8632320,0.9999998807907104,0.9999993581040962
finetune,38,"biggrid50-goal(33,24)",finetune,90,8642560,0.9999998807907104,0.9999993581040962
finetune,38,"biggrid50-goal(33,24)",finetune,100,8652800,0.9999998807907104,0.9999993581040962
finetune,38,"biggrid50-goal(33,24)",finetune,110,8663040,0.9938775300979614,0.9670328682797511
finetune,38,"biggrid50-goal(33,24)",finetune,120,8673280,0.9999998807907104,0.9999993581040962
finetune,38,"biggrid50-goal(33,24)",finetune,130,8683520,0.9999998807907104,0.9999993581040962
finetune,38,"biggrid50-goal(33,24)",finetune,140,8693760,0.9999998807907104,0.9999993581040962
finetune,38,"biggrid50-goal(33,24)",finetune,150,8704000,0.9938775300979614,0.9670328682797511
finetune,39,"biggrid50-goal(40,17)",finetune,10,8714240,0.9571426510810852,0.8633399266016615
finetune,39,"biggrid50-goal(40,17)",finetune,20,8724480,0.9816325306892395,0.9414312885078516
finetune,39,"biggrid50-goal(40,17)",finetune,30,8734720,0.9836732745170593,0.9479386485833596
finetune,39,"biggrid50-goal(40,17)",finetune,40,8744960,0.9469386339187622,0.830802175911592
finetune,39,"biggrid50-goal(40,17)",finetune,50,8755200,0.9734691381454468,0.9154005177682785
finetune,39,"biggrid50-goal(40,17)",finetune,60,8765440,0.9551018476486206,0.8568323764636476
finetune,39,"biggrid50-goal(40,17)",finetune,70,8775680,0.9581630825996399,0.8665937967019214
finetune,39,"biggrid50-goal(40,17)",finetune,80,8785920,0.9704079627990723,0.9056392875925106
finetune,39,"biggrid50-goal(40,17)",finetune,90,8796160,0.9704080820083618,0.9056396677175222
finetune,39,"biggrid50-goal(40,17)",finetune,100,8806400,0.9755101203918457,0.92190863809381
finetune,39,"biggrid50-goal(40,17)",finetune,110,8816640,0.9622448086738586,0.8796092771029609
finetune,39,"biggrid50-goal(40,17)",finetune,120,8826880,0.9653059840202332,0.8893705072787288
finetune,39,"biggrid50-goal(40,17)",finetune,130,8837120,0.9275509119033813,0.7689801645067014
finetune,39,"biggrid50-goal(40,17)",finetune,140,8847360,0.9448978304862976,0.8242946257735781
finetune,39,"biggrid50-goal(40,17)",finetune,150,8857600,0.9693876504898071,0.9023857976172623
finetune,40,"biggrid50-goal(40,38)",finetune,10,8867840,0.7234693765640259,0.012150591964746356
finetune,40,"biggrid50-goal(40,38)",finetune,20,8878080,0.7479591369628906,0.09963527996186079
finetune,40,"biggrid50-goal(40,38)",finetune,30,8888320,0.764285683631897,0.15795854724358396
finetune,40,"biggrid50-goal(40,38)",finetune,40,8898560,0.7663264870643616,0.1652489024224318
finetune,40,"biggrid50-goal(40,38)",finetune,50,8908800,0.764285683631897,0.15795854724358396
finetune,40,"biggrid50-goal(40,38)",finetune,60,8919040,0.7755101323127747,0.1980556071899821
finetune,40,"biggrid50-goal(40,38)",finetune,70,8929280,0.8346937894821167,0.4094771849293907
finetune,40,"biggrid50-goal(40,38)",finetune,80,8939520,0.7734693288803101,0.1907652520111343
finetune,40,"biggrid50-goal(40,38)",finetune,90,8949760,0.8030611872673035,0.29647614734357375
finetune,40,"biggrid50-goal(40,38)",finetune,100,8960000,0.7969387173652649,0.27460486888156
finetune,40,"biggrid50-goal(40,38)",finetune,110,8970240,0.7704080939292908,0.1798296127801274
finetune,40,"biggrid50-goal(40,38)",finetune,120,8980480,0.7867346405982971,0.2381528800618506
finetune,40,"biggrid50-goal(40,38)",finetune,130,8990720,0.7581632137298584,0.13608726878157018
finetune,40,"biggrid50-goal(40,38)",finetune,140,9000960,0.7510203719139099,0.11057091919286768
finetune,40,"biggrid50-goal(40,38)",finetune,150,9011200,0.8071428537368774,0.3110570706267397
finetune,40,"biggrid50-goal(40,38)",finetune,160,9021440,0.778571367263794,0.208991246420989
finetune,40,"biggrid50-goal(40,38)",finetune,170,9031680,0.7479591965675354,0.09963549288733113
finetune,40,"biggrid50-goal(40,38)",finetune,180,9041920,0.7438775300979614,0.08505456960416516
finetune,40,"biggrid50-goal(40,38)",finetune,190,9052160,0.7540815472602844,0.12150634549840424
finetune,40,"biggrid50-goal(40,38)",finetune,200,9062400,0.7540815472602844,0.12150634549840424
finetune,40,"biggrid50-goal(40,38)",finetune,210,9072640,0.7428570985794067,0.08140928555200609
finetune,40,"biggrid50-goal(40,38)",finetune,220,9082880,0.7489795684814453,0.10328056401401986
finetune,40,"biggrid50-goal(40,38)",finetune,230,9093120,0.7346938848495483,0.05224786483661483
finetune,40,"biggrid50-goal(40,38)",finetune,240,9103360,0.7346938848495483,0.05224786483661483
finetune,40,"biggrid50-goal(40,38)",finetune,250,9113600,0.7244898080825806,0.015795876016905432
finetune,40,"biggrid50-goal(40,38)",finetune,260,9123840,0.7204081416130066,0.0012149527337394675
finetune,40,"biggrid50-goal(40,38)",finetune,270,9134080,0.7295917868614197,0.0340216575012898
finetune,40,"biggrid50-goal(40,38)",finetune,280,9144320,0.7183672785758972,-0.006075615370578683
finetune,40,"biggrid50-goal(40,38)",finetune,290,9154560,0.7295917868614197,0.0340216575012898
finetune,40,"biggrid50-goal(40,38)",finetune,300,9164800,0.728571355342865,0.03037637344913072
finetune,40,"biggrid50-goal(40,38)",finetune,310,9175040,0.7234693765640259,0.012150591964746356
finetune,40,"biggrid50-goal(40,38)",finetune,320,9185280,0.732653021812439,0.04495729673229668
finetune,40,"biggrid50-goal(40,38)",finetune,330,9195520,0.7591835856437683,0.13973233990825892
finetune,40,"biggrid50-goal(40,38)",finetune,340,9205760,0.7489795088768005,0.10328035108854954
finetune,40,"biggrid50-goal(40,38)",finetune,350,9216000,0.7479591369628906,0.09963527996186079
finetune,40,"biggrid50-goal(40,38)",finetune,360,9226240,0.7622448205947876,0.15066797913926583
finetune,40,"biggrid50-goal(40,38)",finetune,370,9236480,0.760204017162323,0.143377623960418
finetune,40,"biggrid50-goal(40,38)",finetune,380,9246720,0.7244897484779358,0.015795663091435094
finetune,40,"biggrid50-goal(40,38)",finetune,390,9256960,0.7428570985794067,0.08140928555200609
finetune,40,"biggrid50-goal(40,38)",finetune,400,9267200,0.7510203719139099,0.11057091919286768
finetune,40,"biggrid50-goal(40,38)",finetune,410,9277440,0.745918333530426,0.09234492478301298
finetune,40,"biggrid50-goal(40,38)",finetune,420,9287680,0.7479591369628906,0.09963527996186079
finetune,40,"biggrid50-goal(40,38)",finetune,430,9297920,0.7469387650489807,0.09599020883517205
finetune,40,"biggrid50-goal(40,38)",finetune,440,9308160,0.718367338180542,-0.006075402445108346
finetune,40,"biggrid50-goal(40,38)",finetune,450,9318400,0.7183672785758972,-0.006075615370578683
finetune,40,"biggrid50-goal(40,38)",finetune,460,9328640,0.718367338180542,-0.006075402445108346
finetune,40,"biggrid50-goal(40,38)",finetune,470,9338880,0.7193877100944519,-0.0024303313184196075
finetune,40,"biggrid50-goal(40,38)",finetune,480,9349120,0.7306121587753296,0.037666728627978534
finetune,40,"biggrid50-goal(40,38)",finetune,490,9359360,0.7316325902938843,0.04131201268013761
finetune,40,"biggrid50-goal(40,38)",finetune,500,9369600,0.764285683631897,0.15795854724358396
finetune,41,"biggrid50-goal(33,38)",finetune,10,9379840,0.8081632852554321,0.26274532980292525
finetune,41,"biggrid50-goal(33,38)",finetune,20,9390080,0.8081632852554321,0.26274532980292525
finetune,41,"biggrid50-goal(33,38)",finetune,30,9400320,0.8030611872673035,0.24313727107152192
finetune,41,"biggrid50-goal(33,38)",finetune,40,9410560,0.8183673024177551,0.30196076005938377
finetune,41,"biggrid50-goal(33,38)",finetune,50,9420800,0.8163264989852905,0.2941176740080921
finetune,41,"biggrid50-goal(33,38)",finetune,60,9431040,0.8367346525192261,0.3725489926585746
finetune,41,"biggrid50-goal(33,38)",finetune,70,9441280,0.8408163189888,0.3882353938299407
finetune,41,"biggrid50-goal(33,38)",finetune,80,9451520,0.8714284896850586,0.5058821427368817
finetune,41,"biggrid50-goal(33,38)",finetune,90,9461760,0.8163264393806458,0.29411744493930936
finetune,41,"biggrid50-goal(33,38)",finetune,100,9472000,0.8224488496780396,0.3176467030931845
finetune,41,"biggrid50-goal(33,38)",finetune,110,9482240,0.8316324949264526,0.3529407048583885
finetune,41,"biggrid50-goal(33,38)",finetune,120,9492480,0.8244897127151489,0.3254900182132589
finetune,41,"biggrid50-goal(33,38)",finetune,130,9502720,0.8265304565429688,0.33333287519576793
finetune,41,"biggrid50-goal(33,38)",finetune,140,9512960,0.8244897127151489,0.3254900182132589
finetune,41,"biggrid50-goal(33,38)",finetune,150,9523200,0.8387753367424011,0.38039162057230086
finetune,41,"biggrid50-goal(33,38)",finetune,160,9533440,0.8387753367424011,0.38039162057230086
finetune,41,"biggrid50-goal(33,38)",finetune,170,9543680,0.7908161878585815,0.19607806755742355
finetune,41,"biggrid50-goal(33,38)",finetune,180,9553920,0.8091835975646973,0.266666529225397
finetune,41,"biggrid50-goal(33,38)",finetune,190,9564160,0.8071427345275879,0.2588232141053226
finetune,41,"biggrid50-goal(33,38)",finetune,200,9574400,0.8224489092826843,0.3176469321619672
finetune,41,"biggrid50-goal(33,38)",finetune,210,9584640,0.820408046245575,0.3098036170418928
finetune,41,"biggrid50-goal(33,38)",finetune,220,9594880,0.7928570508956909,0.20392138267749796
finetune,41,"biggrid50-goal(33,38)",finetune,230,9605120,0.8244897723197937,0.3254902472820416
finetune,41,"biggrid50-goal(33,38)",finetune,240,9615360,0.8061224222183228,0.25490201468285084
finetune,41,"biggrid50-goal(33,38)",finetune,250,9625600,0.8040815591812134,0.2470586995627764
finetune,41,"biggrid50-goal(33,38)",finetune,260,9635840,0.8316324949264526,0.3529407048583885
finetune,41,"biggrid50-goal(33,38)",finetune,270,9646080,0.802040696144104,0.239215384442702
finetune,41,"biggrid50-goal(33,38)",finetune,280,9656320,0.7999998927116394,0.2313722983914103
finetune,41,"biggrid50-goal(33,38)",finetune,290,9666560,0.8132652044296265,0.28235270132798046
finetune,41,"biggrid50-goal(33,38)",finetune,300,9676800,0.8091835975646973,0.266666529225397
finetune,41,"biggrid50-goal(33,38)",finetune,310,9687040,0.8132652044296265,0.28235270132798046
finetune,41,"biggrid50-goal(33,38)",finetune,320,9697280,0.847959041595459,0.4156858514062876
finetune,41,"biggrid50-goal(33,38)",finetune,330,9707520,0.8193876147270203,0.3058819594818556
finetune,41,"biggrid50-goal(33,38)",finetune,340,9717760,0.8091835975646973,0.266666529225397
finetune,41,"biggrid50-goal(33,38)",finetune,350,9728000,0.8571427464485168,0.45098008224027436
finetune,41,"biggrid50-goal(33,38)",finetune,360,9738240,0.8551018834114075,0.44313676712019995
finetune,41,"biggrid50-goal(33,38)",finetune,370,9748480,0.8908162117004395,0.580391803827327
finetune,41,"biggrid50-goal(33,38)",finetune,380,9758720,0.8857141733169556,0.5607839741647064
finetune,41,"biggrid50-goal(33,38)",finetune,390,9768960,0.8867344856262207,0.5647051735871782
finetune,41,"biggrid50-goal(33,38)",finetune,400,9779200,0.8918366432189941,0.5843134613873643
finetune,41,"biggrid50-goal(33,38)",finetune,410,9789440,0.893877387046814,0.5921563183698733
finetune,41,"biggrid50-goal(33,38)",finetune,420,9799680,0.8897957801818848,0.5764701462672899
finetune,41,"biggrid50-goal(33,38)",finetune,430,9809920,0.861224353313446,0.4666662543428578
finetune,41,"biggrid50-goal(33,38)",finetune,440,9820160,0.8897957801818848,0.5764701462672899
finetune,41,"biggrid50-goal(33,38)",finetune,450,9830400,0.8602039217948914,0.4627445967828206
finetune,42,"biggrid50-goal(9,45)",finetune,10,9840640,0.8295917510986328,0.44333311331274483
finetune,42,"biggrid50-goal(9,45)",finetune,20,9850880,0.9418365359306335,0.8099993710915923
finetune,42,"biggrid50-goal(9,45)",finetune,30,9861120,0.9561222195625305,0.8566659326156768
finetune,42,"biggrid50-goal(9,45)",finetune,40,9871360,0.931632399559021,0.7766658625206221
finetune,42,"biggrid50-goal(9,45)",finetune,50,9881600,0.9632652401924133,0.8799997975031753
finetune,42,"biggrid50-goal(9,45)",finetune,60,9891840,0.9591835141181946,0.8666661604246046
finetune,42,"biggrid50-goal(9,45)",finetune,70,9902080,0.9724487066268921,0.9099991179705612
finetune,42,"biggrid50-goal(9,45)",finetune,80,9912320,0.9806119799613953,0.9366658080022462
finetune,42,"biggrid50-goal(9,45)",finetune,90,9922560,0.9632651209831238,0.8799994080862045
finetune,42,"biggrid50-goal(9,45)",finetune,100,9932800,0.9602039456367493,0.8699995696942473
finetune,42,"biggrid50-goal(9,45)",finetune,110,9943040,0.9744895696640015,0.9166659365098465
finetune,42,"biggrid50-goal(9,45)",finetune,120,9953280,0.9734691381454468,0.9133325272402039
finetune,42,"biggrid50-goal(9,45)",finetune,130,9963520,0.9377549290657043,0.7966661234299924
finetune,42,"biggrid50-goal(9,45)",finetune,140,9973760,0.9877549409866333,0.9599994781812592
finetune,42,"biggrid50-goal(9,45)",finetune,150,9984000,0.9897958040237427,0.9666662967205445
finetune,43,"biggrid50-goal(9,38)",finetune,10,9994240,0.971428394317627,0.9045448489978893
finetune,43,"biggrid50-goal(9,38)",finetune,20,10004480,0.9857141375541687,0.9522722253652163
finetune,43,"biggrid50-goal(9,38)",finetune,30,10014720,0.9744895696640015,0.9147719590238544
finetune,43,"biggrid50-goal(9,38)",finetune,40,10024960,0.9806120991706848,0.9352267764769698
finetune,43,"biggrid50-goal(9,38)",finetune,50,10035200,0.988775372505188,0.9624995345249098
finetune,43,"biggrid50-goal(9,38)",finetune,60,10045440,0.9469386339187622,0.8227267739877983
finetune,43,"biggrid50-goal(9,38)",finetune,70,10055680,0.9816325306892395,0.9386359459081105
finetune,43,"biggrid50-goal(9,38)",finetune,80,10065920,0.988775372505188,0.9624995345249098
finetune,43,"biggrid50-goal(9,38)",finetune,90,10076160,0.9908162355422974,0.969317873387191
finetune,43,"biggrid50-goal(9,38)",finetune,100,10086400,0.9928569793701172,0.9761358139820154
finetune,43,"biggrid50-goal(9,38)",finetune,110,10096640,0.9897958040237427,0.9659087039560504
finetune,43,"biggrid50-goal(9,38)",finetune,120,10106880,0.9918365478515625,0.9727266445508748
finetune,43,"biggrid50-goal(9,38)",finetune,130,10117120,0.9836732745170593,0.9454538865029349
finetune,43,"biggrid50-goal(9,38)",finetune,140,10127360,0.9969387054443359,0.989772491706578
finetune,43,"biggrid50-goal(9,38)",finetune,150,10137600,0.9948978424072266,0.9829541528442968
finetune,44,"biggrid50-goal(9,3)",finetune,10,10147840,0.6214285492897034,-0.058991568083668566
finetune,44,"biggrid50-goal(9,3)",finetune,20,10158080,0.6214285492897034,-0.058991568083668566
finetune,44,"biggrid50-goal(9,3)",finetune,30,10168320,0.6336734294891357,-0.024738523224993328
finetune,44,"biggrid50-goal(9,3)",finetune,40,10178560,0.6408162713050842,-0.004757594285284588
finetune,44,"biggrid50-goal(9,3)",finetune,50,10188800,0.6510204076766968,0.02378680428687023
finetune,44,"biggrid50-goal(9,3)",finetune,60,10199040,0.640816330909729,-0.0047574275510627725
finetune,44,"biggrid50-goal(9,3)",finetune,70,10209280,0.6428571343421936,0.0009513854696794651
finetune,44,"biggrid50-goal(9,3)",finetune,80,10219520,0.6438775062561035,0.003805708612939676
finetune,44,"biggrid50-goal(9,3)",finetune,90,10229760,0.6438775062561035,0.003805708612939676
finetune,44,"biggrid50-goal(9,3)",finetune,100,10240000,0.6438775062561035,0.003805708612939676
finetune,44,"biggrid50-goal(9,3)",finetune,110,10250240,0.6510204076766968,0.02378680428687023
finetune,44,"biggrid50-goal(9,3)",finetune,120,10260480,0.6469387412071228,0.01236901151116394
finetune,44,"biggrid50-goal(9,3)",finetune,130,10270720,0.6346938610076904,-0.0218840333475113
finetune,44,"biggrid50-goal(9,3)",finetune,140,10280960,0.6346938610076904,-0.0218840333475113
finetune,44,"biggrid50-goal(9,3)",finetune,150,10291200,0.6479591131210327,0.01522333465442415
finetune,44,"biggrid50-goal(9,3)",finetune,160,10301440,0.6479591131210327,0.01522333465442415
finetune,44,"biggrid50-goal(9,3)",finetune,170,10311680,0.6479591131210327,0.01522333465442415
finetune,44,"biggrid50-goal(9,3)",finetune,180,10321920,0.640816330909729,-0.0047574275510627725
finetune,44,"biggrid50-goal(9,3)",finetune,190,10332160,0.6479591131210327,0.01522333465442415
finetune,44,"biggrid50-goal(9,3)",finetune,200,10342400,0.6377550363540649,-0.013320897183508852
finetune,44,"biggrid50-goal(9,3)",finetune,210,10352640,0.6377550363540649,-0.013320897183508852
finetune,44,"biggrid50-goal(9,3)",finetune,220,10362880,0.6377550363540649,-0.013320897183508852
finetune,44,"biggrid50-goal(9,3)",finetune,230,10373120,0.6397958993911743,-0.007611917428544799
finetune,44,"biggrid50-goal(9,3)",finetune,240,10383360,0.6397958993911743,-0.007611917428544799
finetune,44,"biggrid50-goal(9,3)",finetune,250,10393600,0.7030612230300903,0.16936245335401726
finetune,44,"biggrid50-goal(9,3)",finetune,260,10403840,0.7030612230300903,0.16936245335401726
finetune,44,"biggrid50-goal(9,3)",finetune,270,10414080,0.6897959113121033,0.13225491861786
finetune,44,"biggrid50-goal(9,3)",finetune,280,10424320,0.6897959113121033,0.13225491861786
finetune,44,"biggrid50-goal(9,3)",finetune,290,10434560,0.6755102276802063,0.09229306073844253
finetune,44,"biggrid50-goal(9,3)",finetune,300,10444800,0.6846938729286194,0.1179828026988935
finetune,44,"biggrid50-goal(9,3)",finetune,310,10455040,0.6653060913085938,0.0637486621662877
finetune,44,"biggrid50-goal(9,3)",finetune,320,10465280,0.6887754797935486,0.12940042874037797
finetune,44,"biggrid50-goal(9,3)",finetune,330,10475520,0.6663265228271484,0.06660315204376974
finetune,44,"biggrid50-goal(9,3)",finetune,340,10485760,0.7020407915115356,0.16650796347653524
finetune,44,"biggrid50-goal(9,3)",finetune,350,10496000,0.7020407915115356,0.16650796347653524
finetune,44,"biggrid50-goal(9,3)",finetune,360,10506240,0.6479591131210327,0.01522333465442415
finetune,44,"biggrid50-goal(9,3)",finetune,370,10516480,0.6765305995941162,0.09514738388170274
finetune,44,"biggrid50-goal(9,3)",finetune,380,10526720,0.6806122064590454,0.10656500992318721
finetune,44,"biggrid50-goal(9,3)",finetune,390,10536960,0.6806122064590454,0.10656500992318721
finetune,44,"biggrid50-goal(9,3)",finetune,400,10547200,0.6744897365570068,0.08943840412673869
finetune,44,"biggrid50-goal(9,3)",finetune,410,10557440,0.6887755393981934,0.12940059547459978
finetune,44,"biggrid50-goal(9,3)",finetune,420,10567680,0.6581631898880005,0.043767566492357156
finetune,44,"biggrid50-goal(9,3)",finetune,430,10577920,0.6806122064590454,0.10656500992318721
finetune,44,"biggrid50-goal(9,3)",finetune,440,10588160,0.6581631898880005,0.043767566492357156
finetune,44,"biggrid50-goal(9,3)",finetune,450,10598400,0.6540815830230713,0.03234994045087268
finetune,44,"biggrid50-goal(9,3)",finetune,460,10608640,0.6765305399894714,0.09514721714748092
finetune,44,"biggrid50-goal(9,3)",finetune,470,10618880,0.6765305399894714,0.09514721714748092
finetune,44,"biggrid50-goal(9,3)",finetune,480,10629120,0.6663264632225037,0.06660298530954792
finetune,44,"biggrid50-goal(9,3)",finetune,490,10639360,0.6540815830230713,0.03234994045087268
finetune,44,"biggrid50-goal(9,3)",finetune,500,10649600,0.6418367028236389,-0.0019031044078025613
finetune,45,"biggrid50-goal(40,24)",finetune,10,10659840,0.8040816187858582,0.26342719078402477
finetune,45,"biggrid50-goal(40,24)",finetune,20,10670080,0.8765305280685425,0.5358053939126662
finetune,45,"biggrid50-goal(40,24)",finetune,30,10680320,0.8969386219978333,0.61253146210027
finetune,45,"biggrid50-goal(40,24)",finetune,40,10690560,0.9336733818054199,0.7506391019228632
finetune,45,"biggrid50-goal(40,24)",finetune,50,10700800,0.9183672070503235,0.6930941586263522
finetune,45,"biggrid50-goal(40,24)",finetune,60,10711040,0.9275509119033813,0.7276211246042588
finetune,45,"biggrid50-goal(40,24)",finetune,70,10721280,0.9122446775436401,0.6700759572187145
finetune,45,"biggrid50-goal(40,24)",finetune,80,10731520,0.9122447967529297,0.670076405396781
finetune,45,"biggrid50-goal(40,24)",finetune,90,10741760,0.9244896173477173,0.7161119118559233
finetune,45,"biggrid50-goal(40,24)",finetune,100,10752000,0.9724488258361816,0.8964188779772468
finetune,45,"biggrid50-goal(40,24)",finetune,110,10762240,0.9428569674491882,0.7851656197227033
finetune,45,"biggrid50-goal(40,24)",finetune,120,10772480,0.9673467874526978,0.8772373049080876
finetune,45,"biggrid50-goal(40,24)",finetune,130,10782720,0.9734692573547363,0.900255282226692
finetune,45,"biggrid50-goal(40,24)",finetune,140,10792960,0.9673467874526978,0.8772373049080876
finetune,45,"biggrid50-goal(40,24)",finetune,150,10803200,0.9663264155387878,0.8734011247476757
finetune,46,"biggrid50-goal(33,31)",finetune,10,10813440,0.9459182024002075,0.6520777165575042
finetune,46,"biggrid50-goal(33,31)",finetune,20,10823680,0.9153059124946594,0.45514088608900616
finetune,46,"biggrid50-goal(33,31)",finetune,30,10833920,0.9530611038208008,0.6980298609563989
finetune,46,"biggrid50-goal(33,31)",finetune,40,10844160,0.9153059720993042,0.45514126954120326
finetune,46,"biggrid50-goal(33,31)",finetune,50,10854400,0.9193876385688782,0.48139969254802834
finetune,46,"biggrid50-goal(33,31)",finetune,60,10864640,0.9336732625961304,0.5733028309892262
finetune,46,"biggrid50-goal(33,31)",finetune,70,10874880,0.9632652401924133,0.763675726747363
finetune,46,"biggrid50-goal(33,31)",finetune,80,10885120,0.9499998092651367,0.6783357561121321
finetune,46,"biggrid50-goal(33,31)",finetune,90,10895360,0.9173467755317688,0.4682702893185173
finetune,46,"biggrid50-goal(33,31)",finetune,100,10905600,0.9224488139152527,0.5010930304879008
finetune,46,"biggrid50-goal(33,31)",finetune,110,10915840,0.9163264036178589,0.46170597115595885
finetune,46,"biggrid50-goal(33,31)",finetune,120,10926080,0.9448978304862976,0.6455133983949458
finetune,46,"biggrid50-goal(33,31)",finetune,130,10936320,0.9489794969558716,0.6717718214017708
finetune,46,"biggrid50-goal(33,31)",finetune,140,10946560,0.9724488258361816,0.8227561240191772
finetune,46,"biggrid50-goal(33,31)",finetune,150,10956800,0.9530611038208008,0.6980298609563989
finetune,47,"biggrid50-goal(46,45)",finetune,10,10967040,0.6959182620048523,0.04792310744287794
finetune,47,"biggrid50-goal(46,45)",finetune,20,10977280,0.7183672189712524,0.11821056807972771
finetune,47,"biggrid50-goal(46,45)",finetune,30,10987520,0.8367345929145813,0.48881763678146506
finetune,47,"biggrid50-goal(46,45)",finetune,40,10997760,0.8448978662490845,0.5143767642734692
finetune,47,"biggrid50-goal(46,45)",finetune,50,11008000,0.9132651090621948,0.7284339204820509
finetune,47,"biggrid50-goal(46,45)",finetune,60,11018240,0.9132651090621948,0.7284339204820509
finetune,47,"biggrid50-goal(46,45)",finetune,70,11028480,0.9244896769523621,0.7635779307327993
finetune,47,"biggrid50-goal(46,45)",finetune,80,11038720,0.8928570747375488,0.664536568305913
finetune,47,"biggrid50-goal(46,45)",finetune,90,11048960,0.9010202288627625,0.6900953225548192
finetune,47,"biggrid50-goal(46,45)",finetune,100,11059200,0.911224365234375,0.7220443718859861
finetune,47,"biggrid50-goal(46,45)",finetune,110,11069440,0.9224488139152527,0.7571880088936366
finetune,47,"biggrid50-goal(46,45)",finetune,120,11079680,0.9999998807907104,0.9999996267569019
finetune,47,"biggrid50-goal(46,45)",finetune,130,11089920,0.9346936941146851,0.7955266068208683
finetune,47,"biggrid50-goal(46,45)",finetune,140,11100160,0.9999998807907104,0.9999996267569019
finetune,47,"biggrid50-goal(46,45)",finetune,150,11110400,0.9581630825996399,0.8690090283772995
finetune,48,"biggrid50-goal(3,38)",finetune,10,11120640,0.7510203123092651,0.25910907621028373
finetune,48,"biggrid50-goal(3,38)",finetune,20,11130880,0.8030611276626587,0.41396736252092475
finetune,48,"biggrid50-goal(3,38)",finetune,30,11141120,0.8938775062561035,0.684210414295135
finetune,48,"biggrid50-goal(3,38)",finetune,40,11151360,0.9540814161300659,0.8633596887438901
finetune,48,"biggrid50-goal(3,38)",finetune,50,11161600,0.9377549290657043,0.8147768256374801
finetune,48,"biggrid50-goal(3,38)",finetune,60,11171840,0.9357141256332397,0.8087039899199334
finetune,48,"biggrid50-goal(3,38)",finetune,70,11182080,0.9326528310775757,0.7995944702945589
finetune,48,"biggrid50-goal(3,38)",finetune,80,11192320,0.9448977708816528,0.8360318393319118
finetune,48,"biggrid50-goal(3,38)",finetune,90,11202560,0.9265304803848267,0.781376140507955
finetune,48,"biggrid50-goal(3,38)",finetune,100,11212800,0.9448977708816528,0.8360318393319118
finetune,48,"biggrid50-goal(3,38)",finetune,110,11223040,0.9581630825996399,0.8755055375450199
finetune,48,"biggrid50-goal(3,38)",finetune,120,11233280,0.8826528787612915,0.650809197067501
finetune,48,"biggrid50-goal(3,38)",finetune,130,11243520,0.9653059244155884,0.8967605512394516
finetune,48,"biggrid50-goal(3,38)",finetune,140,11253760,0.9622446894645691,0.8876512089801134
finetune,48,"biggrid50-goal(3,38)",finetune,150,11264000,0.9285712242126465,0.7874487988594654
finetune,49,"biggrid50-goal(46,3)",finetune,10,11274240,0.5938774943351746,0.024509509865638223
finetune,49,"biggrid50-goal(46,3)",finetune,20,11284480,0.5938775539398193,0.02450965303368071
finetune,49,"biggrid50-goal(46,3)",finetune,30,11294720,0.6571427583694458,0.17647021768271356
finetune,49,"biggrid50-goal(46,3)",finetune,40,11304960,0.6836733818054199,0.24019574507441088
finetune,49,"biggrid50-goal(46,3)",finetune,50,11315200,0.7836732864379883,0.48039163331686424
finetune,49,"biggrid50-goal(46,3)",finetune,60,11325440,0.7918365597724915,0.4999994989118513
finetune,49,"biggrid50-goal(46,3)",finetune,70,11335680,0.8142855763435364,0.5539211650900763
finetune,49,"biggrid50-goal(46,3)",finetune,80,11345920,0.7806121110916138,0.47303880899078127
finetune,49,"biggrid50-goal(46,3)",finetune,90,11356160,0.7489795088768005,0.39705852666626484
finetune,49,"biggrid50-goal(46,3)",finetune,100,11366400,0.8193877339363098,0.5661763495270229
finetune,49,"biggrid50-goal(46,3)",finetune,110,11376640,0.8183673024177551,0.5637253126396335
finetune,49,"biggrid50-goal(46,3)",finetune,120,11386880,0.8765304684638977,0.7034309791878048
finetune,49,"biggrid50-goal(46,3)",finetune,130,11397120,0.8448978662490845,0.6274506968632884
finetune,49,"biggrid50-goal(46,3)",finetune,140,11407360,0.8265305757522583,0.5833331782346206
finetune,49,"biggrid50-goal(46,3)",finetune,150,11417600,0.8112243413925171,0.5465681975959509
finetune,49,"biggrid50-goal(46,3)",finetune,160,11427840,0.8948978185653687,0.7475486409845151
finetune,49,"biggrid50-goal(46,3)",finetune,170,11438080,0.8357141613960266,0.6053917943809121
finetune,49,"biggrid50-goal(46,3)",finetune,180,11448320,0.8826529383659363,0.7181369141760557
finetune,49,"biggrid50-goal(46,3)",finetune,190,11458560,0.8326529264450073,0.5980388268867866
finetune,49,"biggrid50-goal(46,3)",finetune,200,11468800,0.86530601978302,0.6764702892667348
finetune,49,"biggrid50-goal(46,3)",finetune,210,11479040,0.7918366193771362,0.4999996420798938
finetune,49,"biggrid50-goal(46,3)",finetune,220,11489280,0.86530601978302,0.6764702892667348
finetune,49,"biggrid50-goal(46,3)",finetune,230,11499520,0.7755100131034851,0.4607837677218772
finetune,49,"biggrid50-goal(46,3)",finetune,240,11509760,0.8408161997795105,0.6176466924817736
finetune,49,"biggrid50-goal(46,3)",finetune,250,11520000,0.8285713195800781,0.5882349656733143
finetune,49,"biggrid50-goal(46,3)",finetune,260,11530240,0.812244713306427,0.5490190913152977
finetune,49,"biggrid50-goal(46,3)",finetune,270,11540480,0.7561224102973938,0.4142154985419051
finetune,49,"biggrid50-goal(46,3)",finetune,280,11550720,0.7612244486808777,0.42647039664276665
finetune,49,"biggrid50-goal(46,3)",finetune,290,11560960,0.8051018714904785,0.5318622626077
finetune,49,"biggrid50-goal(46,3)",finetune,300,11571200,0.8132652044296265,0.5514702713707295
finetune,49,"biggrid50-goal(46,3)",finetune,310,11581440,0.7928570508956909,0.5024506789672831
finetune,49,"biggrid50-goal(46,3)",finetune,320,11591680,0.7846937775611877,0.48284281337229606
finetune,49,"biggrid50-goal(46,3)",finetune,330,11601920,0.7867345809936523,0.48774474397903217
finetune,49,"biggrid50-goal(46,3)",finetune,340,11612160,0.787755012512207,0.4901957808664215
finetune,49,"biggrid50-goal(46,3)",finetune,350,11622400,0.8051019906997681,0.5318625489437849
finetune,49,"biggrid50-goal(46,3)",finetune,360,11632640,0.7897958755493164,0.49509785464120015
finetune,49,"biggrid50-goal(46,3)",finetune,370,11642880,0.8040815591812134,0.5294115120563956
finetune,49,"biggrid50-goal(46,3)",finetune,380,11653120,0.8112244606018066,0.5465684839320358
finetune,49,"biggrid50-goal(46,3)",finetune,390,11663360,0.8479591608047485,0.6348038075254564
finetune,49,"biggrid50-goal(46,3)",finetune,400,11673600,0.802040696144104,0.524509438281617
finetune,49,"biggrid50-goal(46,3)",finetune,410,11683840,0.820408046245575,0.5686271000783273
finetune,49,"biggrid50-goal(46,3)",finetune,420,11694080,0.8081631660461426,0.5392153732698679
finetune,49,"biggrid50-goal(46,3)",finetune,430,11704320,0.8704080581665039,0.6887251873675964
finetune,49,"biggrid50-goal(46,3)",finetune,440,11714560,0.8081631660461426,0.5392153732698679
finetune,49,"biggrid50-goal(46,3)",finetune,450,11724800,0.8530610799789429,0.647058419290233
finetune,49,"biggrid50-goal(46,3)",finetune,460,11735040,0.8132652044296265,0.5514702713707295
finetune,49,"biggrid50-goal(46,3)",finetune,470,11745280,0.8153060078620911,0.5563722019774656
finetune,49,"biggrid50-goal(46,3)",finetune,480,11755520,0.8530610799789429,0.647058419290233
finetune,49,"biggrid50-goal(46,3)",finetune,490,11765760,0.8795917630195618,0.7107840898499728
finetune,49,"biggrid50-goal(46,3)",finetune,500,11776000,0.8255100250244141,0.5808818550111463
