method,after_task,after_task_name,eval_task,eval_task_name,raw,normalized
baseline,0,"biggrid50-goal(40,31)",0,"biggrid50-goal(40,31)",0.9877548813819885,0.9622238812282446
baseline,1,"biggrid50-goal(9,31)",0,"biggrid50-goal(40,31)",0.6697279214859009,-0.018887415805955137
baseline,1,"biggrid50-goal(9,31)",1,"biggrid50-goal(9,31)",0.8870747089385986,0.525035291958698
baseline,2,"biggrid50-goal(15,31)",0,"biggrid50-goal(40,31)",0.6857141852378845,0.030430113656214317
baseline,2,"biggrid50-goal(15,31)",1,"biggrid50-goal(9,31)",0.8772107362747192,0.48354734136418115
baseline,2,"biggrid50-goal(15,31)",2,"biggrid50-goal(15,31)",0.9170066714286804,0.5871398102867167
baseline,3,"biggrid50-goal(9,24)",0,"biggrid50-goal(40,31)",0.652721107006073,-0.07135333824905807
baseline,3,"biggrid50-goal(9,24)",1,"biggrid50-goal(9,31)",0.8717687129974365,0.4606581464570534
baseline,3,"biggrid50-goal(9,24)",2,"biggrid50-goal(15,31)",0.8465986251831055,0.23688660523168878
baseline,3,"biggrid50-goal(9,24)",3,"biggrid50-goal(9,24)",0.8534013032913208,0.3348765778480771
baseline,4,"biggrid50-goal(21,17)",0,"biggrid50-goal(40,31)",0.8017006516456604,0.38824767897497947
baseline,4,"biggrid50-goal(21,17)",1,"biggrid50-goal(9,31)",0.800000011920929,0.15879839623712888
baseline,4,"biggrid50-goal(21,17)",2,"biggrid50-goal(15,31)",0.8142856359481812,0.07614179483081561
baseline,4,"biggrid50-goal(21,17)",3,"biggrid50-goal(9,24)",0.8557822704315186,0.3456791091657096
baseline,4,"biggrid50-goal(21,17)",4,"biggrid50-goal(21,17)",0.8017005920410156,0.29161584846523353
baseline,5,"biggrid50-goal(27,3)",0,"biggrid50-goal(40,31)",0.7744897603988647,0.3043022398420103
baseline,5,"biggrid50-goal(27,3)",1,"biggrid50-goal(9,31)",0.8010204434394836,0.16309033964264055
baseline,5,"biggrid50-goal(27,3)",2,"biggrid50-goal(15,31)",0.8068026900291443,0.03891698983829212
baseline,5,"biggrid50-goal(27,3)",3,"biggrid50-goal(9,24)",0.8231292963027954,0.19753142174736205
baseline,5,"biggrid50-goal(27,3)",4,"biggrid50-goal(21,17)",0.7857142090797424,0.23450775900248697
baseline,5,"biggrid50-goal(27,3)",5,"biggrid50-goal(27,3)",0.9255101084709167,0.7721120842687091
baseline,6,"biggrid50-goal(3,31)",0,"biggrid50-goal(40,31)",0.7044217586517334,0.08814286738759877
baseline,6,"biggrid50-goal(3,31)",1,"biggrid50-goal(9,31)",0.94931960105896,0.7868378229518191
baseline,6,"biggrid50-goal(3,31)",2,"biggrid50-goal(15,31)",0.8942175507545471,0.47377261744258004
baseline,6,"biggrid50-goal(3,31)",3,"biggrid50-goal(9,24)",0.9659863114356995,0.8456787035231678
baseline,6,"biggrid50-goal(3,31)",4,"biggrid50-goal(21,17)",0.7401360869407654,0.07168922256668825
baseline,6,"biggrid50-goal(3,31)",5,"biggrid50-goal(27,3)",0.6772109270095825,0.012487096508904753
baseline,6,"biggrid50-goal(3,31)",6,"biggrid50-goal(3,31)",0.9704081416130066,0.8092104277142904
baseline,7,"biggrid50-goal(33,10)",0,"biggrid50-goal(40,31)",0.8285713195800781,0.47114353119431884
baseline,7,"biggrid50-goal(33,10)",1,"biggrid50-goal(9,31)",0.7785714268684387,0.06866959030241404
baseline,7,"biggrid50-goal(33,10)",2,"biggrid50-goal(15,31)",0.784013569355011,-0.07445020300584451
baseline,7,"biggrid50-goal(33,10)",3,"biggrid50-goal(9,24)",0.7731292843818665,-0.02932038378111312
baseline,7,"biggrid50-goal(33,10)",4,"biggrid50-goal(21,17)",0.7496597766876221,0.10571065989847715
baseline,7,"biggrid50-goal(33,10)",5,"biggrid50-goal(27,3)",0.7561224699020386,0.2539022290558629
baseline,7,"biggrid50-goal(33,10)",6,"biggrid50-goal(3,31)",0.7091836333274841,-0.8749998558901168
baseline,7,"biggrid50-goal(33,10)",7,"biggrid50-goal(33,10)",0.9421767592430115,0.8023252402079867
baseline,8,"biggrid50-goal(27,45)",0,"biggrid50-goal(40,31)",0.8442175388336182,0.5194120253827922
baseline,8,"biggrid50-goal(27,45)",1,"biggrid50-goal(9,31)",0.823469340801239,0.2575105875876094
baseline,8,"biggrid50-goal(27,45)",2,"biggrid50-goal(15,31)",0.8435373902320862,0.22165812766136614
baseline,8,"biggrid50-goal(27,45)",3,"biggrid50-goal(9,24)",0.8112244009971619,0.1435184947308386
baseline,8,"biggrid50-goal(27,45)",4,"biggrid50-goal(21,17)",0.7564625144004822,0.13001205157905496
baseline,8,"biggrid50-goal(27,45)",5,"biggrid50-goal(27,3)",0.6948979496955872,0.06659724021655071
baseline,8,"biggrid50-goal(27,45)",6,"biggrid50-goal(3,31)",0.7867346405982971,-0.37500004803662773
baseline,8,"biggrid50-goal(27,45)",7,"biggrid50-goal(33,10)",0.7697278261184692,0.21279063464953088
baseline,8,"biggrid50-goal(27,45)",8,"biggrid50-goal(27,45)",0.789455771446228,0.38833983779086945
baseline,9,"biggrid50-goal(21,45)",0,"biggrid50-goal(40,31)",0.7571427822113037,0.2507869143652555
baseline,9,"biggrid50-goal(21,45)",1,"biggrid50-goal(9,31)",0.84183669090271,0.33476381400341804
baseline,9,"biggrid50-goal(21,45)",2,"biggrid50-goal(15,31)",0.8819727301597595,0.41285930018208705
baseline,9,"biggrid50-goal(21,45)",3,"biggrid50-goal(9,24)",0.8224489688873291,0.19444475243230028
baseline,9,"biggrid50-goal(21,45)",4,"biggrid50-goal(21,17)",0.7268707156181335,0.024301391680577794
baseline,9,"biggrid50-goal(21,45)",5,"biggrid50-goal(27,3)",0.6557824015617371,-0.053069476353036237
baseline,9,"biggrid50-goal(21,45)",6,"biggrid50-goal(3,31)",0.7979590892791748,-0.30263190761903186
baseline,9,"biggrid50-goal(21,45)",7,"biggrid50-goal(33,10)",0.714625895023346,0.02441895484208034
baseline,9,"biggrid50-goal(21,45)",8,"biggrid50-goal(27,45)",0.6772108674049377,0.06225283609702072
baseline,9,"biggrid50-goal(21,45)",9,"biggrid50-goal(21,45)",0.93265300989151,0.691107441721867
baseline,10,"biggrid50-goal(33,3)",0,"biggrid50-goal(40,31)",0.7027210593223572,0.08289621997929511
baseline,10,"biggrid50-goal(33,3)",1,"biggrid50-goal(9,31)",0.7846938967704773,0.09442074934022651
baseline,10,"biggrid50-goal(33,3)",2,"biggrid50-goal(15,31)",0.7840136289596558,-0.07444990649544575
baseline,10,"biggrid50-goal(33,3)",3,"biggrid50-goal(9,24)",0.8006802201271057,0.09567917677279988
baseline,10,"biggrid50-goal(33,3)",4,"biggrid50-goal(21,17)",0.7649659514427185,0.16038884441113344
baseline,10,"biggrid50-goal(33,3)",5,"biggrid50-goal(27,3)",0.8272107839584351,0.47138365359033885
baseline,10,"biggrid50-goal(33,3)",6,"biggrid50-goal(3,31)",0.7210884094238281,-0.7982453949206454
baseline,10,"biggrid50-goal(33,3)",7,"biggrid50-goal(33,10)",0.9064624905586243,0.6802322998796566
baseline,10,"biggrid50-goal(33,3)",8,"biggrid50-goal(27,45)",0.6445578336715698,-0.03260875211731088
baseline,10,"biggrid50-goal(33,3)",9,"biggrid50-goal(21,45)",0.7173469662666321,-0.2964115924754435
baseline,10,"biggrid50-goal(33,3)",10,"biggrid50-goal(33,3)",0.9554420709609985,0.8671396542699957
baseline,11,"biggrid50-goal(21,24)",0,"biggrid50-goal(40,31)",0.7663264870643616,0.2791185897141218
baseline,11,"biggrid50-goal(21,24)",1,"biggrid50-goal(9,31)",0.8176870942115784,0.2331904106151393
baseline,11,"biggrid50-goal(21,24)",2,"biggrid50-goal(15,31)",0.825850248336792,0.13367133542056886
baseline,11,"biggrid50-goal(21,24)",3,"biggrid50-goal(9,24)",0.9115646481513977,0.598765710873681
baseline,11,"biggrid50-goal(21,24)",4,"biggrid50-goal(21,17)",0.7829931378364563,0.22478728750042584
baseline,11,"biggrid50-goal(21,24)",5,"biggrid50-goal(27,3)",0.7302720546722412,0.17481770998112503
baseline,11,"biggrid50-goal(21,24)",6,"biggrid50-goal(3,31)",0.8030611872673035,-0.2697368092380968
baseline,11,"biggrid50-goal(21,24)",7,"biggrid50-goal(33,10)",0.8238094449043274,0.39767427075679423
baseline,11,"biggrid50-goal(21,24)",8,"biggrid50-goal(27,45)",0.6663265228271484,0.030632306692243517
baseline,11,"biggrid50-goal(21,24)",9,"biggrid50-goal(21,45)",0.8136054277420044,0.14508582816869836
baseline,11,"biggrid50-goal(21,24)",10,"biggrid50-goal(33,3)",0.7846938371658325,0.35801210134991635
baseline,11,"biggrid50-goal(21,24)",11,"biggrid50-goal(21,24)",0.9704080820083618,0.8489579292751824
baseline,12,"biggrid50-goal(21,3)",0,"biggrid50-goal(40,31)",0.7190476059913635,0.13326352023507215
baseline,12,"biggrid50-goal(21,3)",1,"biggrid50-goal(9,31)",0.7863944172859192,0.10157315269064991
baseline,12,"biggrid50-goal(21,3)",2,"biggrid50-goal(15,31)",0.7891156673431396,-0.04906920938170762
baseline,12,"biggrid50-goal(21,3)",3,"biggrid50-goal(9,24)",0.8139455914497375,0.15586463113436314
baseline,12,"biggrid50-goal(21,3)",4,"biggrid50-goal(21,17)",0.7693877816200256,0.17618492999012025
baseline,12,"biggrid50-goal(21,3)",5,"biggrid50-goal(27,3)",0.7860543131828308,0.34547311524237595
baseline,12,"biggrid50-goal(21,3)",6,"biggrid50-goal(3,31)",0.7282313108444214,-0.7521924877631494
baseline,12,"biggrid50-goal(21,3)",7,"biggrid50-goal(33,10)",0.9125850200653076,0.7011628034922005
baseline,12,"biggrid50-goal(21,3)",8,"biggrid50-goal(27,45)",0.6476190686225891,-0.023715440343521244
baseline,12,"biggrid50-goal(21,3)",9,"biggrid50-goal(21,45)",0.7316325902938843,-0.2308893925186378
baseline,12,"biggrid50-goal(21,3)",10,"biggrid50-goal(33,3)",0.8935372829437256,0.6825554126837574
baseline,12,"biggrid50-goal(21,3)",11,"biggrid50-goal(21,24)",0.8153060674667358,0.05729145275352795
baseline,12,"biggrid50-goal(21,3)",12,"biggrid50-goal(21,3)",0.9520407319068909,0.8488743281147696
baseline,13,"biggrid50-goal(3,17)",0,"biggrid50-goal(40,31)",0.6843538284301758,0.02623342092149612
baseline,13,"biggrid50-goal(3,17)",1,"biggrid50-goal(9,31)",0.8928571343421936,0.5493562210240547
baseline,13,"biggrid50-goal(3,17)",2,"biggrid50-goal(15,31)",0.8486393690109253,0.24703852826470551
baseline,13,"biggrid50-goal(3,17)",3,"biggrid50-goal(9,24)",0.9431971907615662,0.7422836647477972
baseline,13,"biggrid50-goal(3,17)",4,"biggrid50-goal(21,17)",0.7547618746757507,0.12393686335297925
baseline,13,"biggrid50-goal(3,17)",5,"biggrid50-goal(27,3)",0.6765305995941162,0.010405761799685302
baseline,13,"biggrid50-goal(3,17)",6,"biggrid50-goal(3,31)",0.9391154646873474,0.6074550540488921
baseline,13,"biggrid50-goal(3,17)",7,"biggrid50-goal(33,10)",0.7656461596488953,0.1988370334960598
baseline,13,"biggrid50-goal(3,17)",8,"biggrid50-goal(27,45)",0.6602041125297546,0.012845856304417617
baseline,13,"biggrid50-goal(3,17)",9,"biggrid50-goal(21,45)",0.7829931378364563,0.004680020448947344
baseline,13,"biggrid50-goal(3,17)",10,"biggrid50-goal(33,3)",0.6959183812141418,0.09330640195000751
baseline,13,"biggrid50-goal(3,17)",11,"biggrid50-goal(21,24)",0.831632673740387,0.14062516637688566
baseline,13,"biggrid50-goal(3,17)",12,"biggrid50-goal(21,3)",0.7710883617401123,0.2786707030805391
baseline,13,"biggrid50-goal(3,17)",13,"biggrid50-goal(3,17)",0.9142855405807495,0.47717748189362785
baseline,14,"biggrid50-goal(15,45)",0,"biggrid50-goal(40,31)",0.7513605356216431,0.23294871771297437
baseline,14,"biggrid50-goal(15,45)",1,"biggrid50-goal(9,31)",0.8258503079414368,0.2675249550687175
baseline,14,"biggrid50-goal(15,45)",2,"biggrid50-goal(15,31)",0.8540816903114319,0.2741120032450098
baseline,14,"biggrid50-goal(15,45)",3,"biggrid50-goal(9,24)",0.8153061270713806,0.16203742890776418
baseline,14,"biggrid50-goal(15,45)",4,"biggrid50-goal(21,17)",0.7275511026382446,0.02673193540694307
baseline,14,"biggrid50-goal(15,45)",5,"biggrid50-goal(27,3)",0.6459183096885681,-0.08324682379461198
baseline,14,"biggrid50-goal(15,45)",6,"biggrid50-goal(3,31)",0.7792516946792603,-0.42324534688401766
baseline,14,"biggrid50-goal(15,45)",7,"biggrid50-goal(33,10)",0.6959183812141418,-0.03953462593492327
baseline,14,"biggrid50-goal(15,45)",8,"biggrid50-goal(27,45)",0.6741496324539185,0.05335952432323108
baseline,14,"biggrid50-goal(15,45)",9,"biggrid50-goal(21,45)",0.8999999165534973,0.5413413197225723
baseline,14,"biggrid50-goal(15,45)",10,"biggrid50-goal(33,3)",0.6465986371040344,-0.053752458170010724
baseline,14,"biggrid50-goal(15,45)",11,"biggrid50-goal(21,24)",0.8295918703079224,0.13020856626097327
baseline,14,"biggrid50-goal(15,45)",12,"biggrid50-goal(21,3)",0.6642856597900391,-0.05787801280117682
baseline,14,"biggrid50-goal(15,45)",13,"biggrid50-goal(3,17)",0.7115646600723267,-0.7593354931430103
baseline,14,"biggrid50-goal(15,45)",14,"biggrid50-goal(15,45)",0.8602040410041809,0.22011375482360687
baseline,15,"biggrid50-goal(3,24)",0,"biggrid50-goal(40,31)",0.6758503317832947,1.8387997786085067e-07
baseline,15,"biggrid50-goal(3,24)",1,"biggrid50-goal(9,31)",0.8931971788406372,0.5507864509965106
baseline,15,"biggrid50-goal(3,24)",2,"biggrid50-goal(15,31)",0.8547618985176086,0.27749577991574953
baseline,15,"biggrid50-goal(3,24)",3,"biggrid50-goal(9,24)",0.9394556879997253,0.7253083356567637
baseline,15,"biggrid50-goal(3,24)",4,"biggrid50-goal(21,17)",0.7602040767669678,0.1433780192825265
baseline,15,"biggrid50-goal(3,24)",5,"biggrid50-goal(27,3)",0.6778910756111145,0.01456788417027703
baseline,15,"biggrid50-goal(3,24)",6,"biggrid50-goal(3,31)",0.9452379941940308,0.6469292489646186
baseline,15,"biggrid50-goal(3,24)",7,"biggrid50-goal(33,10)",0.7350340485572815,0.09418634931541182
baseline,15,"biggrid50-goal(3,24)",8,"biggrid50-goal(27,45)",0.6659863591194153,0.029644083979709832
baseline,15,"biggrid50-goal(3,24)",9,"biggrid50-goal(21,45)",0.7891155481338501,0.03276096328757836
baseline,15,"biggrid50-goal(3,24)",10,"biggrid50-goal(33,3)",0.676530659198761,0.03549717460404913
baseline,15,"biggrid50-goal(3,24)",11,"biggrid50-goal(21,24)",0.8438774943351746,0.20312476707236007
baseline,15,"biggrid50-goal(3,24)",12,"biggrid50-goal(21,3)",0.7275509238243103,0.14147877295322225
baseline,15,"biggrid50-goal(3,24)",13,"biggrid50-goal(3,17)",0.8789114356040955,0.26141016836262987
baseline,15,"biggrid50-goal(3,24)",14,"biggrid50-goal(15,45)",0.8421768546104431,0.11954464818635707
baseline,15,"biggrid50-goal(3,24)",15,"biggrid50-goal(3,24)",0.9414964318275452,0.5678380874972812
baseline,16,"biggrid50-goal(3,10)",0,"biggrid50-goal(40,31)",0.6792516708374023,0.010493294816607305
baseline,16,"biggrid50-goal(3,10)",1,"biggrid50-goal(9,31)",0.9166666269302368,0.6494991437422487
baseline,16,"biggrid50-goal(3,10)",2,"biggrid50-goal(15,31)",0.8510204553604126,0.2588835256746872
baseline,16,"biggrid50-goal(3,10)",3,"biggrid50-goal(9,24)",0.9554420709609985,0.7978391151367678
baseline,16,"biggrid50-goal(3,10)",4,"biggrid50-goal(21,17)",0.7448979616165161,0.0887000476952952
baseline,16,"biggrid50-goal(3,10)",5,"biggrid50-goal(27,3)",0.7051020264625549,0.09781470796488902
baseline,16,"biggrid50-goal(3,10)",6,"biggrid50-goal(3,31)",0.9085032343864441,0.410086769521413
baseline,16,"biggrid50-goal(3,10)",7,"biggrid50-goal(33,10)",0.8163264393806458,0.3720928384459928
baseline,16,"biggrid50-goal(3,10)",8,"biggrid50-goal(27,45)",0.66700679063797,0.032608578957557505
baseline,16,"biggrid50-goal(3,10)",9,"biggrid50-goal(21,45)",0.7819727659225464,0.0
baseline,16,"biggrid50-goal(3,10)",10,"biggrid50-goal(33,3)",0.730272114276886,0.1957404456829958
baseline,16,"biggrid50-goal(3,10)",11,"biggrid50-goal(21,24)",0.8435373306274414,0.20138851493703158
baseline,16,"biggrid50-goal(3,10)",12,"biggrid50-goal(21,3)",0.7765305638313293,0.29581976477959687
baseline,16,"biggrid50-goal(3,10)",13,"biggrid50-goal(3,17)",0.9350338578224182,0.6037335791992222
baseline,16,"biggrid50-goal(3,10)",14,"biggrid50-goal(15,45)",0.8285713791847229,0.0436431470283589
baseline,16,"biggrid50-goal(3,10)",15,"biggrid50-goal(3,24)",0.946938693523407,0.6080397076085703
baseline,16,"biggrid50-goal(3,10)",16,"biggrid50-goal(3,10)",0.9132652282714844,0.7298726371225382
baseline,17,"biggrid50-goal(46,31)",0,"biggrid50-goal(40,31)",0.8809522390365601,0.6327383590183016
baseline,17,"biggrid50-goal(46,31)",1,"biggrid50-goal(9,31)",0.7588436007499695,-0.014305809491362087
baseline,17,"biggrid50-goal(46,31)",2,"biggrid50-goal(15,31)",0.7710884809494019,-0.138747593447476
baseline,17,"biggrid50-goal(46,31)",3,"biggrid50-goal(9,24)",0.7513604760169983,-0.12808622986897475
baseline,17,"biggrid50-goal(46,31)",4,"biggrid50-goal(21,17)",0.7414966225624084,0.0765494583177188
baseline,17,"biggrid50-goal(46,31)",5,"biggrid50-goal(27,3)",0.720748245716095,0.14568139459272378
baseline,17,"biggrid50-goal(46,31)",6,"biggrid50-goal(3,31)",0.6857143640518188,-1.026314848967078
baseline,17,"biggrid50-goal(46,31)",7,"biggrid50-goal(33,10)",0.84183669090271,0.45930228530233175
baseline,17,"biggrid50-goal(46,31)",8,"biggrid50-goal(27,45)",0.6680271625518799,0.0355729007756518
baseline,17,"biggrid50-goal(46,31)",9,"biggrid50-goal(21,45)",0.7472789287567139,-0.15912616289718937
baseline,17,"biggrid50-goal(46,31)",10,"biggrid50-goal(33,3)",0.7670067548751831,0.3052737466109911
baseline,17,"biggrid50-goal(46,31)",11,"biggrid50-goal(21,24)",0.7986394166946411,-0.02777790454111924
baseline,17,"biggrid50-goal(46,31)",12,"biggrid50-goal(21,3)",0.7370747923851013,0.17148967788200215
baseline,17,"biggrid50-goal(46,31)",13,"biggrid50-goal(3,17)",0.6972789168357849,-0.8464725794940723
baseline,17,"biggrid50-goal(46,31)",14,"biggrid50-goal(15,45)",0.7500000596046448,-0.39468634293704247
baseline,17,"biggrid50-goal(46,31)",15,"biggrid50-goal(3,24)",0.7013605833053589,-1.2060292303370639
baseline,17,"biggrid50-goal(46,31)",16,"biggrid50-goal(3,10)",0.652721107006073,-0.08156774587569636
baseline,17,"biggrid50-goal(46,31)",17,"biggrid50-goal(46,31)",0.8435372710227966,0.5418322319308851
baseline,18,"biggrid50-goal(46,24)",0,"biggrid50-goal(40,31)",0.8979590535163879,0.6852042814614046
baseline,18,"biggrid50-goal(46,24)",1,"biggrid50-goal(9,31)",0.7734693288803101,0.04721012397248443
baseline,18,"biggrid50-goal(46,24)",2,"biggrid50-goal(15,31)",0.7778910994529724,-0.10490715814648978
baseline,18,"biggrid50-goal(46,24)",3,"biggrid50-goal(9,24)",0.7867346405982971,0.03240759395289733
baseline,18,"biggrid50-goal(46,24)",4,"biggrid50-goal(21,17)",0.7472788691520691,0.09720535379688618
baseline,18,"biggrid50-goal(46,24)",5,"biggrid50-goal(27,3)",0.7428570985794067,0.21331930216388423
baseline,18,"biggrid50-goal(46,24)",6,"biggrid50-goal(3,31)",0.701700747013092,-0.9232447704444848
baseline,18,"biggrid50-goal(46,24)",7,"biggrid50-goal(33,10)",0.8904761075973511,0.6255811877931919
baseline,18,"biggrid50-goal(46,24)",8,"biggrid50-goal(27,45)",0.6602040529251099,0.012845683144664237
baseline,18,"biggrid50-goal(46,24)",9,"biggrid50-goal(21,45)",0.7499999403953552,-0.14664601723944679
baseline,18,"biggrid50-goal(46,24)",10,"biggrid50-goal(33,3)",0.8197278380393982,0.4624745296708785
baseline,18,"biggrid50-goal(46,24)",11,"biggrid50-goal(21,24)",0.821088433265686,0.08680560942997567
baseline,18,"biggrid50-goal(46,24)",12,"biggrid50-goal(21,3)",0.7632653713226318,0.2540194786144317
baseline,18,"biggrid50-goal(46,24)",13,"biggrid50-goal(3,17)",0.714285671710968,-0.7427384549495719
baseline,18,"biggrid50-goal(46,24)",14,"biggrid50-goal(15,45)",0.7479591965675354,-0.40607180087419303
baseline,18,"biggrid50-goal(46,24)",15,"biggrid50-goal(3,24)",0.7149659991264343,-1.1055269412408055
baseline,18,"biggrid50-goal(46,24)",16,"biggrid50-goal(3,10)",0.6632652878761292,-0.04872887727238132
baseline,18,"biggrid50-goal(46,24)",17,"biggrid50-goal(46,31)",0.7969386577606201,0.40537812063542156
baseline,18,"biggrid50-goal(46,24)",18,"biggrid50-goal(46,24)",0.9499998092651367,0.8643906467076826
baseline,19,"biggrid50-goal(3,45)",0,"biggrid50-goal(40,31)",0.7445577383041382,0.21196212807975978
baseline,19,"biggrid50-goal(3,45)",1,"biggrid50-goal(9,31)",0.8870747685432434,0.5250355426563269
baseline,19,"biggrid50-goal(3,45)",2,"biggrid50-goal(15,31)",0.8887754678726196,0.4467003285038708
baseline,19,"biggrid50-goal(3,45)",3,"biggrid50-goal(9,24)",0.8806121945381165,0.4583333446011817
baseline,19,"biggrid50-goal(3,45)",4,"biggrid50-goal(21,17)",0.734013557434082,0.04981773583620073
baseline,19,"biggrid50-goal(3,45)",5,"biggrid50-goal(27,3)",0.6482992768287659,-0.07596269936019107
baseline,19,"biggrid50-goal(3,45)",6,"biggrid50-goal(3,31)",0.9068027138710022,0.3991228896068337
baseline,19,"biggrid50-goal(3,45)",7,"biggrid50-goal(33,10)",0.6918367147445679,-0.05348822708839434
baseline,19,"biggrid50-goal(3,45)",8,"biggrid50-goal(27,45)",0.6690476536750793,0.03853756891325285
baseline,19,"biggrid50-goal(3,45)",9,"biggrid50-goal(21,45)",0.9227889776229858,0.6458652392499501
baseline,19,"biggrid50-goal(3,45)",10,"biggrid50-goal(33,3)",0.6568027138710022,-0.02332651162460045
baseline,19,"biggrid50-goal(3,45)",11,"biggrid50-goal(21,24)",0.8224489688873291,0.09375000950725061
baseline,19,"biggrid50-goal(3,45)",12,"biggrid50-goal(21,3)",0.6914965510368347,0.027866920050681813
baseline,19,"biggrid50-goal(3,45)",13,"biggrid50-goal(3,17)",0.7782313227653503,-0.35269660515293116
baseline,19,"biggrid50-goal(3,45)",14,"biggrid50-goal(15,45)",0.8704081177711487,0.27703971443249775
baseline,19,"biggrid50-goal(3,45)",15,"biggrid50-goal(3,24)",0.8840134739875793,0.14321535468883878
baseline,19,"biggrid50-goal(3,45)",16,"biggrid50-goal(3,10)",0.668367326259613,-0.032839054236426045
baseline,19,"biggrid50-goal(3,45)",17,"biggrid50-goal(46,31)",0.684353768825531,0.0756972591363576
baseline,19,"biggrid50-goal(3,45)",18,"biggrid50-goal(46,24)",0.6778911352157593,0.1263838357189253
baseline,19,"biggrid50-goal(3,45)",19,"biggrid50-goal(3,45)",0.9724488854408264,0.8827781688854985
baseline,20,"biggrid50-goal(21,10)",0,"biggrid50-goal(40,31)",0.7119047045707703,0.11122771144818354
baseline,20,"biggrid50-goal(21,10)",1,"biggrid50-goal(9,31)",0.8323128819465637,0.29470659477661465
baseline,20,"biggrid50-goal(21,10)",2,"biggrid50-goal(15,31)",0.8163264989852905,0.08629431088462988
baseline,20,"biggrid50-goal(21,10)",3,"biggrid50-goal(9,24)",0.8605440855026245,0.367283630944252
baseline,20,"biggrid50-goal(21,10)",4,"biggrid50-goal(21,17)",0.787755012512207,0.2417981126290328
baseline,20,"biggrid50-goal(21,10)",5,"biggrid50-goal(27,3)",0.7649659514427185,0.2809572097350447
baseline,20,"biggrid50-goal(21,10)",6,"biggrid50-goal(3,31)",0.7676869630813599,-0.4978074161635951
baseline,20,"biggrid50-goal(21,10)",7,"biggrid50-goal(33,10)",0.899319589138031,0.6558135488022508
baseline,20,"biggrid50-goal(21,10)",8,"biggrid50-goal(27,45)",0.6585034728050232,0.007905262221009334
baseline,20,"biggrid50-goal(21,10)",9,"biggrid50-goal(21,45)",0.7935373783111572,0.05304205429906312
baseline,20,"biggrid50-goal(21,10)",10,"biggrid50-goal(33,3)",0.8088434934616089,0.43002019853749435
baseline,20,"biggrid50-goal(21,10)",11,"biggrid50-goal(21,24)",0.8911563754081726,0.44444403880175176
baseline,20,"biggrid50-goal(21,10)",12,"biggrid50-goal(21,3)",0.9316324591636658,0.7845652997878741
baseline,20,"biggrid50-goal(21,10)",13,"biggrid50-goal(3,17)",0.7819727659225464,-0.3298753595188746
baseline,20,"biggrid50-goal(21,10)",14,"biggrid50-goal(15,45)",0.7850339412689209,-0.1992411911503336
baseline,20,"biggrid50-goal(21,10)",15,"biggrid50-goal(3,24)",0.8057821989059448,-0.43467379827950137
baseline,20,"biggrid50-goal(21,10)",16,"biggrid50-goal(3,10)",0.7289114594459534,0.15572000586600632
baseline,20,"biggrid50-goal(21,10)",17,"biggrid50-goal(46,31)",0.6911564469337463,0.09561745269368561
baseline,20,"biggrid50-goal(21,10)",18,"biggrid50-goal(46,24)",0.7197278141975403,0.2398523024834276
baseline,20,"biggrid50-goal(21,10)",19,"biggrid50-goal(3,45)",0.6534013152122498,-0.474674732502607
baseline,20,"biggrid50-goal(21,10)",20,"biggrid50-goal(21,10)",0.8391155004501343,0.3943655588174845
baseline,21,"biggrid50-goal(40,3)",0,"biggrid50-goal(40,31)",0.7714284658432007,0.294858164179077
baseline,21,"biggrid50-goal(40,3)",1,"biggrid50-goal(9,31)",0.775170087814331,0.054363530113423125
baseline,21,"biggrid50-goal(40,3)",2,"biggrid50-goal(15,31)",0.7901360392570496,-0.04399324786519926
baseline,21,"biggrid50-goal(40,3)",3,"biggrid50-goal(9,24)",0.7908163070678711,0.05092625770146169
baseline,21,"biggrid50-goal(40,3)",4,"biggrid50-goal(21,17)",0.7717686891555786,0.18469023609171123
baseline,21,"biggrid50-goal(40,3)",5,"biggrid50-goal(27,3)",0.7506802082061768,0.23725264547780162
baseline,21,"biggrid50-goal(40,3)",6,"biggrid50-goal(3,31)",0.7214285731315613,-0.7960522346447076
baseline,21,"biggrid50-goal(40,3)",7,"biggrid50-goal(33,10)",0.9632651805877686,0.8744182009127842
baseline,21,"biggrid50-goal(40,3)",8,"biggrid50-goal(27,45)",0.6414965987205505,-0.041502063891100525
baseline,21,"biggrid50-goal(40,3)",9,"biggrid50-goal(21,45)",0.7176870107650757,-0.29485195016799304
baseline,21,"biggrid50-goal(40,3)",10,"biggrid50-goal(33,3)",0.9499999284744263,0.8509125775662051
baseline,21,"biggrid50-goal(40,3)",11,"biggrid50-goal(21,24)",0.7972789406776428,-0.034722000386374664
baseline,21,"biggrid50-goal(40,3)",12,"biggrid50-goal(21,3)",0.9122447371482849,0.7234721548672682
baseline,21,"biggrid50-goal(40,3)",13,"biggrid50-goal(3,17)",0.775170087814331,-0.3713688639112672
baseline,21,"biggrid50-goal(40,3)",14,"biggrid50-goal(15,45)",0.7350340485572815,-0.47817792770699735
baseline,21,"biggrid50-goal(40,3)",15,"biggrid50-goal(3,24)",0.7414965033531189,-0.9095478957838184
baseline,21,"biggrid50-goal(40,3)",16,"biggrid50-goal(3,10)",0.7013605237007141,0.06991518423158102
baseline,21,"biggrid50-goal(40,3)",17,"biggrid50-goal(46,31)",0.701020359992981,0.1245018206215631
baseline,21,"biggrid50-goal(40,3)",18,"biggrid50-goal(46,24)",0.7731291651725769,0.3846862033991574
baseline,21,"biggrid50-goal(40,3)",19,"biggrid50-goal(3,45)",0.6006802916526794,-0.6989870704521386
baseline,21,"biggrid50-goal(40,3)",20,"biggrid50-goal(21,10)",0.7360543608665466,0.006401672588698089
baseline,21,"biggrid50-goal(40,3)",21,"biggrid50-goal(40,3)",0.9571426510810852,0.9013307769038157
baseline,22,"biggrid50-goal(15,38)",0,"biggrid50-goal(40,31)",0.7802720665931702,0.3221406203742693
baseline,22,"biggrid50-goal(15,38)",1,"biggrid50-goal(9,31)",0.8921767473220825,0.5464945075909988
baseline,22,"biggrid50-goal(15,38)",2,"biggrid50-goal(15,31)",0.8765305876731873,0.38578671473297904
baseline,22,"biggrid50-goal(15,38)",3,"biggrid50-goal(9,24)",0.8503400087356567,0.32098737721538295
baseline,22,"biggrid50-goal(15,38)",4,"biggrid50-goal(21,17)",0.7289115786552429,0.03159195823254863
baseline,22,"biggrid50-goal(15,38)",5,"biggrid50-goal(27,3)",0.68265300989151,0.029136133039118845
baseline,22,"biggrid50-goal(15,38)",6,"biggrid50-goal(3,31)",0.8690474629402161,0.15570092933581484
baseline,22,"biggrid50-goal(15,38)",7,"biggrid50-goal(33,10)",0.7401360869407654,0.11162819793374469
baseline,22,"biggrid50-goal(15,38)",8,"biggrid50-goal(27,45)",0.6758504509925842,0.058300637885899495
baseline,22,"biggrid50-goal(15,38)",9,"biggrid50-goal(21,45)",0.8976190090179443,0.5304210897539292
baseline,22,"biggrid50-goal(15,38)",10,"biggrid50-goal(33,3)",0.6833332777023315,0.055780842757984554
baseline,22,"biggrid50-goal(15,38)",11,"biggrid50-goal(21,24)",0.8581631779670715,0.27604127211576635
baseline,22,"biggrid50-goal(15,38)",12,"biggrid50-goal(21,3)",0.7125850319862366,0.09431936979052995
baseline,22,"biggrid50-goal(15,38)",13,"biggrid50-goal(3,17)",0.7421768307685852,-0.5726139962502058
baseline,22,"biggrid50-goal(15,38)",14,"biggrid50-goal(15,45)",0.8581631779670715,0.20872829688645633
baseline,22,"biggrid50-goal(15,38)",15,"biggrid50-goal(3,24)",0.8374149203300476,-0.20100501848800767
baseline,22,"biggrid50-goal(15,38)",16,"biggrid50-goal(3,10)",0.6755101680755615,-0.010593339112710857
baseline,22,"biggrid50-goal(15,38)",17,"biggrid50-goal(46,31)",0.744557797908783,0.251991932085981
baseline,22,"biggrid50-goal(15,38)",18,"biggrid50-goal(46,24)",0.7163264155387878,0.2306271082266954
baseline,22,"biggrid50-goal(15,38)",19,"biggrid50-goal(3,45)",0.8074828386306763,0.18089650681068448
baseline,22,"biggrid50-goal(15,38)",20,"biggrid50-goal(21,10)",0.7272108793258667,-0.02688877500558696
baseline,22,"biggrid50-goal(15,38)",21,"biggrid50-goal(40,3)",0.5989795923233032,0.07674242412806921
baseline,22,"biggrid50-goal(15,38)",22,"biggrid50-goal(15,38)",0.9571427702903748,0.7206204109418184
baseline,23,"biggrid50-goal(40,45)",0,"biggrid50-goal(40,31)",0.7904760837554932,0.3536199531841576
baseline,23,"biggrid50-goal(40,45)",1,"biggrid50-goal(9,31)",0.7999999523162842,0.15879814553950006
baseline,23,"biggrid50-goal(40,45)",2,"biggrid50-goal(15,31)",0.839115560054779,0.19966120721836775
baseline,23,"biggrid50-goal(40,45)",3,"biggrid50-goal(9,24)",0.789455771446228,0.044753459928060645
baseline,23,"biggrid50-goal(40,45)",4,"biggrid50-goal(21,17)",0.7319728136062622,0.04252759513507989
baseline,23,"biggrid50-goal(40,45)",5,"biggrid50-goal(27,3)",0.6585033535957336,-0.04474523161185277
baseline,23,"biggrid50-goal(40,45)",6,"biggrid50-goal(3,31)",0.7585033774375916,-0.5570173635116081
baseline,23,"biggrid50-goal(40,45)",7,"biggrid50-goal(33,10)",0.7598639130592346,0.17906982241093547
baseline,23,"biggrid50-goal(40,45)",8,"biggrid50-goal(27,45)",0.6993197202682495,0.1264821176191088
baseline,23,"biggrid50-goal(40,45)",9,"biggrid50-goal(21,45)",0.8976190090179443,0.5304210897539292
baseline,23,"biggrid50-goal(40,45)",10,"biggrid50-goal(33,3)",0.660544216632843,-0.012170307527842969
baseline,23,"biggrid50-goal(40,45)",11,"biggrid50-goal(21,24)",0.8374148607254028,0.17013841035727487
baseline,23,"biggrid50-goal(40,45)",12,"biggrid50-goal(21,3)",0.6836735010147095,0.0032155077628593077
baseline,23,"biggrid50-goal(40,45)",13,"biggrid50-goal(3,17)",0.7044217586517334,-0.8029042181003007
baseline,23,"biggrid50-goal(40,45)",14,"biggrid50-goal(15,45)",0.8462584018707275,0.1423145665030118
baseline,23,"biggrid50-goal(40,45)",15,"biggrid50-goal(3,24)",0.7404760718345642,-0.9170857545916216
baseline,23,"biggrid50-goal(40,45)",16,"biggrid50-goal(3,10)",0.6551020741462708,-0.07415244562342097
baseline,23,"biggrid50-goal(40,45)",17,"biggrid50-goal(46,31)",0.7357141971588135,0.2260953313824471
baseline,23,"biggrid50-goal(40,45)",18,"biggrid50-goal(46,24)",0.7812924981117249,0.40682660495198264
baseline,23,"biggrid50-goal(40,45)",19,"biggrid50-goal(3,45)",0.7581631541252136,-0.02894414102600517
baseline,23,"biggrid50-goal(40,45)",20,"biggrid50-goal(21,10)",0.7200680375099182,-0.05377732563514124
baseline,23,"biggrid50-goal(40,45)",21,"biggrid50-goal(40,3)",0.6374149322509766,0.16523098503454048
baseline,23,"biggrid50-goal(40,45)",22,"biggrid50-goal(15,38)",0.8506802320480347,0.026607746433177173
baseline,23,"biggrid50-goal(40,45)",23,"biggrid50-goal(40,45)",0.911224365234375,0.8025715925987147
baseline,24,"biggrid50-goal(15,17)",0,"biggrid50-goal(40,31)",0.7469387054443359,0.21930739767538932
baseline,24,"biggrid50-goal(15,17)",1,"biggrid50-goal(9,31)",0.8438774943351746,0.34334745011681256
baseline,24,"biggrid50-goal(15,17)",2,"biggrid50-goal(15,31)",0.8901359438896179,0.45346817835574904
baseline,24,"biggrid50-goal(15,17)",3,"biggrid50-goal(9,24)",0.9261903762817383,0.6651231517235616
baseline,24,"biggrid50-goal(15,17)",4,"biggrid50-goal(21,17)",0.775850236415863,0.19927073041937793
baseline,24,"biggrid50-goal(15,17)",5,"biggrid50-goal(27,3)",0.7027209997177124,0.09053040118118572
baseline,24,"biggrid50-goal(15,17)",6,"biggrid50-goal(3,31)",0.8496597409248352,0.030701169518953523
baseline,24,"biggrid50-goal(15,17)",7,"biggrid50-goal(33,10)",0.8095237612724304,0.348837176131332
baseline,24,"biggrid50-goal(15,17)",8,"biggrid50-goal(27,45)",0.6744898557662964,0.05434792019551814
baseline,24,"biggrid50-goal(15,17)",9,"biggrid50-goal(21,45)",0.8173468708992004,0.16224626765703726
baseline,24,"biggrid50-goal(15,17)",10,"biggrid50-goal(33,3)",0.7724488377571106,0.3215006455889789
baseline,24,"biggrid50-goal(15,17)",11,"biggrid50-goal(21,24)",0.896938681602478,0.47395789124618
baseline,24,"biggrid50-goal(15,17)",12,"biggrid50-goal(21,3)",0.8302720785140991,0.46516602124864626
baseline,24,"biggrid50-goal(15,17)",13,"biggrid50-goal(3,17)",0.8622447848320007,0.1597505372559898
baseline,24,"biggrid50-goal(15,17)",14,"biggrid50-goal(15,45)",0.7704082131385803,-0.28083442371926065
baseline,24,"biggrid50-goal(15,17)",15,"biggrid50-goal(3,24)",0.8704081177711487,0.0427135058880716
baseline,24,"biggrid50-goal(15,17)",16,"biggrid50-goal(3,10)",0.6846939325332642,0.018008639364986253
baseline,24,"biggrid50-goal(15,17)",17,"biggrid50-goal(46,31)",0.7068026661872864,0.14143407241504377
baseline,24,"biggrid50-goal(15,17)",18,"biggrid50-goal(46,24)",0.7377549409866333,0.28874505608412443
baseline,24,"biggrid50-goal(15,17)",19,"biggrid50-goal(3,45)",0.7302719950675964,-0.14761276075163013
baseline,24,"biggrid50-goal(15,17)",20,"biggrid50-goal(21,10)",0.7527210712432861,0.06914192322570165
baseline,24,"biggrid50-goal(15,17)",21,"biggrid50-goal(40,3)",0.7187073826789856,0.3523882201330626
baseline,24,"biggrid50-goal(15,17)",22,"biggrid50-goal(15,38)",0.8914965391159058,0.2926828794447106
baseline,24,"biggrid50-goal(15,17)",23,"biggrid50-goal(40,45)",0.6204081177711487,0.1558244447504991
baseline,24,"biggrid50-goal(15,17)",24,"biggrid50-goal(15,17)",0.9248298406600952,0.6759526364920396
baseline,25,"biggrid50-goal(15,24)",0,"biggrid50-goal(40,31)",0.7493196725845337,0.22665266727101885
baseline,25,"biggrid50-goal(15,24)",1,"biggrid50-goal(9,31)",0.8785713315010071,0.4892700161374064
baseline,25,"biggrid50-goal(15,24)",2,"biggrid50-goal(15,31)",0.907482922077179,0.5397627857507776
baseline,25,"biggrid50-goal(15,24)",3,"biggrid50-goal(9,24)",0.8853740692138672,0.4799381368080854
baseline,25,"biggrid50-goal(15,24)",4,"biggrid50-goal(21,17)",0.7625850439071655,0.15188353830954246
baseline,25,"biggrid50-goal(15,24)",5,"biggrid50-goal(27,3)",0.6948979496955872,0.06659724021655071
baseline,25,"biggrid50-goal(15,24)",6,"biggrid50-goal(3,31)",0.8510203957557678,0.03947381062270457
baseline,25,"biggrid50-goal(15,24)",7,"biggrid50-goal(33,10)",0.7680271863937378,0.206976820953203
baseline,25,"biggrid50-goal(15,24)",8,"biggrid50-goal(27,45)",0.6840136051177979,0.08201573190991399
baseline,25,"biggrid50-goal(15,24)",9,"biggrid50-goal(21,45)",0.8683673739433289,0.39625603831717193
baseline,25,"biggrid50-goal(15,24)",10,"biggrid50-goal(33,3)",0.7023809552192688,0.1125761443986603
baseline,25,"biggrid50-goal(15,24)",11,"biggrid50-goal(21,24)",0.9159862399101257,0.5711797965600486
baseline,25,"biggrid50-goal(15,24)",12,"biggrid50-goal(21,3)",0.7530612349510193,0.22186496445098397
baseline,25,"biggrid50-goal(15,24)",13,"biggrid50-goal(3,17)",0.8017005920410156,-0.20954383321741715
baseline,25,"biggrid50-goal(15,24)",14,"biggrid50-goal(15,45)",0.8469387292861938,0.1461099408282056
baseline,25,"biggrid50-goal(15,24)",15,"biggrid50-goal(3,24)",0.8741495609283447,0.07035129416053702
baseline,25,"biggrid50-goal(15,24)",16,"biggrid50-goal(3,10)",0.6955782771110535,0.051906916132816776
baseline,25,"biggrid50-goal(15,24)",17,"biggrid50-goal(46,31)",0.6829931139945984,0.07171287134588458
baseline,25,"biggrid50-goal(15,24)",18,"biggrid50-goal(46,24)",0.7187074422836304,0.2370848735330719
baseline,25,"biggrid50-goal(15,24)",19,"biggrid50-goal(3,45)",0.7448979020118713,-0.08538385926614216
baseline,25,"biggrid50-goal(15,24)",20,"biggrid50-goal(21,10)",0.7574830651283264,0.08706799760545898
baseline,25,"biggrid50-goal(15,24)",21,"biggrid50-goal(40,3)",0.6108843684196472,0.10415044254709632
baseline,25,"biggrid50-goal(15,24)",22,"biggrid50-goal(15,38)",0.9146257638931274,0.4434586845370134
baseline,25,"biggrid50-goal(15,24)",23,"biggrid50-goal(40,45)",0.6687074303627014,0.2632374346852039
baseline,25,"biggrid50-goal(15,24)",24,"biggrid50-goal(15,17)",0.8792515993118286,0.47947162498519347
baseline,25,"biggrid50-goal(15,24)",25,"biggrid50-goal(15,24)",0.9394557476043701,0.6291665480162008
baseline,26,"biggrid50-goal(21,38)",0,"biggrid50-goal(40,31)",0.7880951762199402,0.34627486746850594
baseline,26,"biggrid50-goal(21,38)",1,"biggrid50-goal(9,31)",0.831292450428009,0.29041465137110295
baseline,26,"biggrid50-goal(21,38)",2,"biggrid50-goal(15,31)",0.8925169706344604,0.46531287925533193
baseline,26,"biggrid50-goal(21,38)",3,"biggrid50-goal(9,24)",0.8316326141357422,0.23611127261693796
baseline,26,"biggrid50-goal(21,38)",4,"biggrid50-goal(21,17)",0.7561224699020386,0.1287973120294348
baseline,26,"biggrid50-goal(21,38)",5,"biggrid50-goal(27,3)",0.6846939325332642,0.035379954817494806
baseline,26,"biggrid50-goal(21,38)",6,"biggrid50-goal(3,31)",0.7959182858467102,-0.3157897163955928
baseline,26,"biggrid50-goal(21,38)",7,"biggrid50-goal(33,10)",0.7629250884056091,0.1895347685701955
baseline,26,"biggrid50-goal(21,38)",8,"biggrid50-goal(27,45)",0.6717687249183655,0.046442657974508805
baseline,26,"biggrid50-goal(21,38)",9,"biggrid50-goal(21,45)",0.9336733222007751,0.6957871887891653
baseline,26,"biggrid50-goal(21,38)",10,"biggrid50-goal(33,3)",0.6925170421600342,0.08316447901013836
baseline,26,"biggrid50-goal(21,38)",11,"biggrid50-goal(21,24)",0.8557822704315186,0.263888724096545
baseline,26,"biggrid50-goal(21,38)",12,"biggrid50-goal(21,3)",0.7034013271331787,0.06538036338994155
baseline,26,"biggrid50-goal(21,38)",13,"biggrid50-goal(3,17)",0.7244898676872253,-0.6804971076704268
baseline,26,"biggrid50-goal(21,38)",14,"biggrid50-goal(15,45)",0.8789114356040955,0.32447757074761957
baseline,26,"biggrid50-goal(21,38)",15,"biggrid50-goal(3,24)",0.76564621925354,-0.7311555731282379
baseline,26,"biggrid50-goal(21,38)",16,"biggrid50-goal(3,10)",0.6578231453895569,-0.06567792283974108
baseline,26,"biggrid50-goal(21,38)",17,"biggrid50-goal(46,31)",0.7397958636283875,0.23804762205634764
baseline,26,"biggrid50-goal(21,38)",18,"biggrid50-goal(46,24)",0.7173469066619873,0.233394860493711
baseline,26,"biggrid50-goal(21,38)",19,"biggrid50-goal(3,45)",0.7908162474632263,0.10998509845770559
baseline,26,"biggrid50-goal(21,38)",20,"biggrid50-goal(21,10)",0.7251700162887573,-0.034571410364916205
baseline,26,"biggrid50-goal(21,38)",21,"biggrid50-goal(40,3)",0.6013604998588562,0.08222391803104794
baseline,26,"biggrid50-goal(21,38)",22,"biggrid50-goal(15,38)",0.9170066714286804,0.4589794490235459
baseline,26,"biggrid50-goal(21,38)",23,"biggrid50-goal(40,45)",0.712925136089325,0.36157332655005453
baseline,26,"biggrid50-goal(21,38)",24,"biggrid50-goal(15,17)",0.807823121547699,0.17155409358565846
baseline,26,"biggrid50-goal(21,38)",25,"biggrid50-goal(15,24)",0.8479591608047485,0.06875009583306865
baseline,26,"biggrid50-goal(21,38)",26,"biggrid50-goal(21,38)",0.8938774466514587,0.39062409621647337
baseline,27,"biggrid50-goal(33,17)",0,"biggrid50-goal(40,31)",0.829931914806366,0.4753409594489485
baseline,27,"biggrid50-goal(33,17)",1,"biggrid50-goal(9,31)",0.7986394166946411,0.1530757214639037
baseline,27,"biggrid50-goal(33,17)",2,"biggrid50-goal(15,31)",0.8047618865966797,0.028764770294876625
baseline,27,"biggrid50-goal(33,17)",3,"biggrid50-goal(9,24)",0.8176870346069336,0.1728396897970354
baseline,27,"biggrid50-goal(33,17)",4,"biggrid50-goal(21,17)",0.7707482576370239,0.18104495281572583
baseline,27,"biggrid50-goal(33,17)",5,"biggrid50-goal(27,3)",0.7574828863143921,0.2580641690771722
baseline,27,"biggrid50-goal(33,17)",6,"biggrid50-goal(3,31)",0.7411564588546753,-0.6688593145519086
baseline,27,"biggrid50-goal(33,17)",7,"biggrid50-goal(33,10)",0.907482922077179,0.6837207511091931
baseline,27,"biggrid50-goal(33,17)",8,"biggrid50-goal(27,45)",0.6761904954910278,0.059288514278926424
baseline,27,"biggrid50-goal(33,17)",9,"biggrid50-goal(21,45)",0.7965986132621765,0.06708266240920312
baseline,27,"biggrid50-goal(33,17)",10,"biggrid50-goal(33,3)",0.8486393690109253,0.5486813189742733
baseline,27,"biggrid50-goal(33,17)",11,"biggrid50-goal(21,24)",0.8921768069267273,0.44965249097571774
baseline,27,"biggrid50-goal(33,17)",12,"biggrid50-goal(21,3)",0.7622448205947876,0.25080359520814216
baseline,27,"biggrid50-goal(33,17)",13,"biggrid50-goal(3,17)",0.7278911471366882,-0.6597507190377492
baseline,27,"biggrid50-goal(33,17)",14,"biggrid50-goal(15,45)",0.7646258473396301,-0.31309277784889994
baseline,27,"biggrid50-goal(33,17)",15,"biggrid50-goal(3,24)",0.7704080939292908,-0.6959799260479693
baseline,27,"biggrid50-goal(33,17)",16,"biggrid50-goal(3,10)",0.6591836214065552,-0.06144084708101215
baseline,27,"biggrid50-goal(33,17)",17,"biggrid50-goal(46,31)",0.8051019310951233,0.42928252744371886
baseline,27,"biggrid50-goal(33,17)",18,"biggrid50-goal(46,24)",0.8499998450279236,0.5931730717313575
baseline,27,"biggrid50-goal(33,17)",19,"biggrid50-goal(3,45)",0.6476190686225891,-0.4992764788943847
baseline,27,"biggrid50-goal(33,17)",20,"biggrid50-goal(21,10)",0.7448979616165161,0.03969256893504852
baseline,27,"biggrid50-goal(33,17)",21,"biggrid50-goal(40,3)",0.7673469185829163,0.46436960350047146
baseline,27,"biggrid50-goal(33,17)",22,"biggrid50-goal(15,38)",0.8010204434394836,-0.2971166619845985
baseline,27,"biggrid50-goal(33,17)",23,"biggrid50-goal(40,45)",0.6884353756904602,0.3071104730210241
baseline,27,"biggrid50-goal(33,17)",24,"biggrid50-goal(15,17)",0.8625849485397339,0.40762417529729383
baseline,27,"biggrid50-goal(33,17)",25,"biggrid50-goal(15,24)",0.8394556641578674,0.016666192064802868
baseline,27,"biggrid50-goal(33,17)",26,"biggrid50-goal(21,38)",0.8241495490074158,-0.00976676609355026
baseline,27,"biggrid50-goal(33,17)",27,"biggrid50-goal(33,17)",0.9925168752670288,0.971612407819352
baseline,28,"biggrid50-goal(27,17)",0,"biggrid50-goal(40,31)",0.75782310962677,0.25288572043255925
baseline,28,"biggrid50-goal(27,17)",1,"biggrid50-goal(9,31)",0.8146258592605591,0.22031483109623304
baseline,28,"biggrid50-goal(27,17)",2,"biggrid50-goal(15,31)",0.8333331942558289,0.17089614041309237
baseline,28,"biggrid50-goal(27,17)",3,"biggrid50-goal(9,24)",0.8802720308303833,0.4567900099436508
baseline,28,"biggrid50-goal(27,17)",4,"biggrid50-goal(21,17)",0.7901360392570496,0.2503038445814738
baseline,28,"biggrid50-goal(27,17)",5,"biggrid50-goal(27,3)",0.7564624547958374,0.25494234936262544
baseline,28,"biggrid50-goal(27,17)",6,"biggrid50-goal(3,31)",0.7938774824142456,-0.32894752517215364
baseline,28,"biggrid50-goal(27,17)",7,"biggrid50-goal(33,10)",0.8619047403335571,0.5279069985422675
baseline,28,"biggrid50-goal(27,17)",8,"biggrid50-goal(27,45)",0.6717687249183655,0.046442657974508805
baseline,28,"biggrid50-goal(27,17)",9,"biggrid50-goal(21,45)",0.7989795804023743,0.07800316575949523
baseline,28,"biggrid50-goal(27,17)",10,"biggrid50-goal(33,3)",0.7636053562164307,0.2951316459453191
baseline,28,"biggrid50-goal(27,17)",11,"biggrid50-goal(21,24)",0.9010202288627625,0.4947907872459853
baseline,28,"biggrid50-goal(27,17)",12,"biggrid50-goal(21,3)",0.7887754440307617,0.33440491882533296
baseline,28,"biggrid50-goal(27,17)",13,"biggrid50-goal(3,17)",0.7639456391334534,-0.43983332794047447
baseline,28,"biggrid50-goal(27,17)",14,"biggrid50-goal(15,45)",0.7649660110473633,-0.311195090686303
baseline,28,"biggrid50-goal(27,17)",15,"biggrid50-goal(3,24)",0.8170067071914673,-0.35175911257563175
baseline,28,"biggrid50-goal(27,17)",16,"biggrid50-goal(3,10)",0.6979591846466064,0.05932203075198117
baseline,28,"biggrid50-goal(27,17)",17,"biggrid50-goal(46,31)",0.7170068025588989,0.1713147118300432
baseline,28,"biggrid50-goal(27,17)",18,"biggrid50-goal(46,24)",0.7778911590576172,0.3976015723535804
baseline,28,"biggrid50-goal(27,17)",19,"biggrid50-goal(3,45)",0.6717687249183655,-0.39652684509293934
baseline,28,"biggrid50-goal(27,17)",20,"biggrid50-goal(21,10)",0.7557823061943054,0.08066565188866281
baseline,28,"biggrid50-goal(27,17)",21,"biggrid50-goal(40,3)",0.7289114594459534,0.37588076814193344
baseline,28,"biggrid50-goal(27,17)",22,"biggrid50-goal(15,38)",0.8217687010765076,-0.16186200993220132
baseline,28,"biggrid50-goal(27,17)",23,"biggrid50-goal(40,45)",0.6602040529251099,0.2443267474288647
baseline,28,"biggrid50-goal(27,17)",24,"biggrid50-goal(15,17)",0.8853740692138672,0.5058646810507169
baseline,28,"biggrid50-goal(27,17)",25,"biggrid50-goal(15,24)",0.9017006158828735,0.3979164248022553
baseline,28,"biggrid50-goal(27,17)",26,"biggrid50-goal(21,38)",0.8370748162269592,0.06445257885270618
baseline,28,"biggrid50-goal(27,17)",27,"biggrid50-goal(33,17)",0.9017005562782288,0.6270963508515193
baseline,28,"biggrid50-goal(27,17)",28,"biggrid50-goal(27,17)",0.8136053681373596,0.28831128221187285
baseline,29,"biggrid50-goal(3,3)",0,"biggrid50-goal(40,31)",0.6727891564369202,-0.009443524022999708
baseline,29,"biggrid50-goal(3,3)",1,"biggrid50-goal(9,31)",0.8438774347305298,0.34334719941918374
baseline,29,"biggrid50-goal(3,3)",2,"biggrid50-goal(15,31)",0.8095237612724304,0.05245328256284612
baseline,29,"biggrid50-goal(3,3)",3,"biggrid50-goal(9,24)",0.9085033535957336,0.5848765102409869
baseline,29,"biggrid50-goal(3,3)",4,"biggrid50-goal(21,17)",0.7639455199241638,0.15674356113514804
baseline,29,"biggrid50-goal(3,3)",5,"biggrid50-goal(27,3)",0.7336734533309937,0.18522365413009273
baseline,29,"biggrid50-goal(3,3)",6,"biggrid50-goal(3,31)",0.8394557237625122,-0.03508787436385094
baseline,29,"biggrid50-goal(3,3)",7,"biggrid50-goal(33,10)",0.7884353399276733,0.2767442154265345
baseline,29,"biggrid50-goal(3,3)",8,"biggrid50-goal(27,45)",0.6459184288978577,-0.028656034426929527
baseline,29,"biggrid50-goal(3,3)",9,"biggrid50-goal(21,45)",0.7534013390541077,-0.13104522005855834
baseline,29,"biggrid50-goal(3,3)",10,"biggrid50-goal(33,3)",0.7693876624107361,0.3123730038059981
baseline,29,"biggrid50-goal(3,3)",11,"biggrid50-goal(21,24)",0.8105441331863403,0.03298574825104618
baseline,29,"biggrid50-goal(3,3)",12,"biggrid50-goal(21,3)",0.8727890849113464,0.5991424436131038
baseline,29,"biggrid50-goal(3,3)",13,"biggrid50-goal(3,17)",0.8795916438102722,0.26555915523835044
baseline,29,"biggrid50-goal(3,3)",14,"biggrid50-goal(15,45)",0.7986394166946411,-0.12333968999233544
baseline,29,"biggrid50-goal(3,3)",15,"biggrid50-goal(3,24)",0.8846938014030457,0.14824088742436825
baseline,29,"biggrid50-goal(3,3)",16,"biggrid50-goal(3,10)",0.7367346286773682,0.18008453731875246
baseline,29,"biggrid50-goal(3,3)",17,"biggrid50-goal(46,31)",0.6612244844436646,0.00796807742293121
baseline,29,"biggrid50-goal(3,3)",18,"biggrid50-goal(46,24)",0.6625850200653076,0.08487094653862033
baseline,29,"biggrid50-goal(3,3)",19,"biggrid50-goal(3,45)",0.7044217586517334,-0.25759785920933576
baseline,29,"biggrid50-goal(3,3)",20,"biggrid50-goal(21,10)",0.739795982837677,0.020486653664823492
baseline,29,"biggrid50-goal(3,3)",21,"biggrid50-goal(40,3)",0.7030611634254456,0.31636638637334513
baseline,29,"biggrid50-goal(3,3)",22,"biggrid50-goal(15,38)",0.8295917510986328,-0.11086476827259661
baseline,29,"biggrid50-goal(3,3)",23,"biggrid50-goal(40,45)",0.5510203838348389,0.0015128496783090124
baseline,29,"biggrid50-goal(3,3)",24,"biggrid50-goal(15,17)",0.9122447967529297,0.621700386216657
baseline,29,"biggrid50-goal(3,3)",25,"biggrid50-goal(15,24)",0.8707483410835266,0.2083337896812793
baseline,29,"biggrid50-goal(3,3)",26,"biggrid50-goal(21,38)",0.8047619462013245,-0.121094072206849
baseline,29,"biggrid50-goal(3,3)",27,"biggrid50-goal(33,17)",0.7693877816200256,0.1251615012641982
baseline,29,"biggrid50-goal(3,3)",28,"biggrid50-goal(27,17)",0.7629251480102539,0.0948049536280118
baseline,29,"biggrid50-goal(3,3)",29,"biggrid50-goal(3,3)",0.8136052489280701,0.42617752800453157
baseline,30,"biggrid50-goal(9,10)",0,"biggrid50-goal(40,31)",0.7034013867378235,0.08499502604659886
baseline,30,"biggrid50-goal(9,10)",1,"biggrid50-goal(9,31)",0.815646231174469,0.22460652380411592
baseline,30,"biggrid50-goal(9,10)",2,"biggrid50-goal(15,31)",0.8136054277420044,0.07275801816007588
baseline,30,"biggrid50-goal(9,10)",3,"biggrid50-goal(9,24)",0.897278904914856,0.5339507933962476
baseline,30,"biggrid50-goal(9,10)",4,"biggrid50-goal(21,17)",0.8003400564193726,0.28675561271420297
baseline,30,"biggrid50-goal(9,10)",5,"biggrid50-goal(27,3)",0.7418367266654968,0.21019766479861984
baseline,30,"biggrid50-goal(9,10)",6,"biggrid50-goal(3,31)",0.7935373783111572,-0.33114030115506954
baseline,30,"biggrid50-goal(9,10)",7,"biggrid50-goal(33,10)",0.8554420471191406,0.5058136099316533
baseline,30,"biggrid50-goal(9,10)",8,"biggrid50-goal(27,45)",0.6642857193946838,0.02470348989630155
baseline,30,"biggrid50-goal(9,10)",9,"biggrid50-goal(21,45)",0.8030611872673035,0.09672379431858256
baseline,30,"biggrid50-goal(9,10)",10,"biggrid50-goal(33,3)",0.7442176938056946,0.2373225963251636
baseline,30,"biggrid50-goal(9,10)",11,"biggrid50-goal(21,24)",0.84965980052948,0.23263861951678827
baseline,30,"biggrid50-goal(9,10)",12,"biggrid50-goal(21,3)",0.8690474629402161,0.5873521232681429
baseline,30,"biggrid50-goal(9,10)",13,"biggrid50-goal(3,17)",0.8027210235595703,-0.2033196257767989
baseline,30,"biggrid50-goal(9,10)",14,"biggrid50-goal(15,45)",0.8173469305038452,-0.018975209029891815
baseline,30,"biggrid50-goal(9,10)",15,"biggrid50-goal(3,24)",0.8105441331863403,-0.3994977109037417
baseline,30,"biggrid50-goal(9,10)",16,"biggrid50-goal(3,10)",0.7404761910438538,0.1917372845959788
baseline,30,"biggrid50-goal(9,10)",17,"biggrid50-goal(46,31)",0.698639452457428,0.11752984014625015
baseline,30,"biggrid50-goal(9,10)",18,"biggrid50-goal(46,24)",0.6996599435806274,0.18542469098201939
baseline,30,"biggrid50-goal(9,10)",19,"biggrid50-goal(3,45)",0.6785714626312256,-0.36758321126714844
baseline,30,"biggrid50-goal(9,10)",20,"biggrid50-goal(21,10)",0.7455781102180481,0.04225292384408199
baseline,30,"biggrid50-goal(9,10)",21,"biggrid50-goal(40,3)",0.6962584853172302,0.3007047791847868
baseline,30,"biggrid50-goal(9,10)",22,"biggrid50-goal(15,38)",0.8214285373687744,-0.16407948403220485
baseline,30,"biggrid50-goal(9,10)",23,"biggrid50-goal(40,45)",0.5989795923233032,0.10816948105133575
baseline,30,"biggrid50-goal(9,10)",24,"biggrid50-goal(15,17)",0.9493197202682495,0.7815248607541335
baseline,30,"biggrid50-goal(9,10)",25,"biggrid50-goal(15,24)",0.9210883378982544,0.5166661920648029
baseline,30,"biggrid50-goal(9,10)",26,"biggrid50-goal(21,38)",0.8401361107826233,0.08203111496725415
baseline,30,"biggrid50-goal(9,10)",27,"biggrid50-goal(33,17)",0.8547618389129639,0.4490320777575733
baseline,30,"biggrid50-goal(9,10)",28,"biggrid50-goal(27,17)",0.7942176461219788,0.21428542168104375
baseline,30,"biggrid50-goal(9,10)",29,"biggrid50-goal(3,3)",0.6863945722579956,0.03455520746574655
baseline,30,"biggrid50-goal(9,10)",30,"biggrid50-goal(9,10)",0.9431972503662109,0.7193277593066602
baseline,31,"biggrid50-goal(46,17)",0,"biggrid50-goal(40,31)",0.8724488019943237,0.6065053058567612
baseline,31,"biggrid50-goal(46,17)",1,"biggrid50-goal(9,31)",0.7707483172416687,0.035765526518920523
baseline,31,"biggrid50-goal(46,17)",2,"biggrid50-goal(15,31)",0.7809523940086365,-0.08967838406576838
baseline,31,"biggrid50-goal(46,17)",3,"biggrid50-goal(9,24)",0.7629251480102539,-0.07561690793834341
baseline,31,"biggrid50-goal(46,17)",4,"biggrid50-goal(21,17)",0.7574829459190369,0.13365733485504036
baseline,31,"biggrid50-goal(46,17)",5,"biggrid50-goal(27,3)",0.7343537211418152,0.18730480649002978
baseline,31,"biggrid50-goal(46,17)",6,"biggrid50-goal(3,31)",0.7013605237007141,-0.9254383150134445
baseline,31,"biggrid50-goal(46,17)",7,"biggrid50-goal(33,10)",0.8693876266479492,0.5534880233237197
baseline,31,"biggrid50-goal(46,17)",8,"biggrid50-goal(27,45)",0.6704081892967224,0.04249011344388083
baseline,31,"biggrid50-goal(46,17)",9,"biggrid50-goal(21,45)",0.7476189732551575,-0.15756652058973888
baseline,31,"biggrid50-goal(46,17)",10,"biggrid50-goal(33,3)",0.8102039694786072,0.43407678998763916
baseline,31,"biggrid50-goal(46,17)",11,"biggrid50-goal(21,24)",0.8088434934616089,0.024305400270462265
baseline,31,"biggrid50-goal(46,17)",12,"biggrid50-goal(21,3)",0.7605441212654114,0.24544447821061502
baseline,31,"biggrid50-goal(46,17)",13,"biggrid50-goal(3,17)",0.710544228553772,-0.7655597005836285
baseline,31,"biggrid50-goal(46,17)",14,"biggrid50-goal(15,45)",0.7428571581840515,-0.4345347806786385
baseline,31,"biggrid50-goal(46,17)",15,"biggrid50-goal(3,24)",0.7006801962852478,-1.2110552033680844
baseline,31,"biggrid50-goal(46,17)",16,"biggrid50-goal(3,10)",0.6636054515838623,-0.04766946910786583
baseline,31,"biggrid50-goal(46,17)",17,"biggrid50-goal(46,31)",0.8370748162269592,0.522908309860679
baseline,31,"biggrid50-goal(46,17)",18,"biggrid50-goal(46,24)",0.9602039456367493,0.8920660678195492
baseline,31,"biggrid50-goal(46,17)",19,"biggrid50-goal(3,45)",0.5887755155563354,-0.7496383662472459
baseline,31,"biggrid50-goal(46,17)",20,"biggrid50-goal(21,10)",0.75,0.05889870858130625
baseline,31,"biggrid50-goal(46,17)",21,"biggrid50-goal(40,3)",0.8676869869232178,0.6953796131790235
baseline,31,"biggrid50-goal(46,17)",22,"biggrid50-goal(15,38)",0.7629252076148987,-0.5454535564095959
baseline,31,"biggrid50-goal(46,17)",23,"biggrid50-goal(40,45)",0.712584912776947,0.36081670287847056
baseline,31,"biggrid50-goal(46,17)",24,"biggrid50-goal(15,17)",0.8153060674667358,0.2038119591752729
baseline,31,"biggrid50-goal(46,17)",25,"biggrid50-goal(15,24)",0.8149659633636475,-0.13333318730199062
baseline,31,"biggrid50-goal(46,17)",26,"biggrid50-goal(21,38)",0.8047618865966797,-0.12109441446806617
baseline,31,"biggrid50-goal(46,17)",27,"biggrid50-goal(33,17)",0.9238093495368958,0.7109671172798778
baseline,31,"biggrid50-goal(46,17)",28,"biggrid50-goal(27,17)",0.7829931974411011,0.17142842837739916
baseline,31,"biggrid50-goal(46,17)",29,"biggrid50-goal(3,3)",0.5880952477455139,-0.2680625490046044
baseline,31,"biggrid50-goal(46,17)",30,"biggrid50-goal(9,10)",0.7197278738021851,-0.3848732001704664
baseline,31,"biggrid50-goal(46,17)",31,"biggrid50-goal(46,17)",0.9629250168800354,0.8968775199741106
baseline,32,"biggrid50-goal(40,10)",0,"biggrid50-goal(40,31)",0.8329930901527405,0.48478466735192605
baseline,32,"biggrid50-goal(40,10)",1,"biggrid50-goal(9,31)",0.7772108912467957,0.06294716622681767
baseline,32,"biggrid50-goal(40,10)",2,"biggrid50-goal(15,31)",0.7734693288803101,-0.1269037820790894
baseline,32,"biggrid50-goal(40,10)",3,"biggrid50-goal(9,24)",0.8098638653755188,0.13734569695743756
baseline,32,"biggrid50-goal(40,10)",4,"biggrid50-goal(21,17)",0.776190459728241,0.20048610874527306
baseline,32,"biggrid50-goal(40,10)",5,"biggrid50-goal(27,3)",0.7476189136505127,0.22788718633416127
baseline,32,"biggrid50-goal(40,10)",6,"biggrid50-goal(3,31)",0.7153061032295227,-0.8355260452674123
baseline,32,"biggrid50-goal(40,10)",7,"biggrid50-goal(33,10)",0.936394453048706,0.7825578253581877
baseline,32,"biggrid50-goal(40,10)",8,"biggrid50-goal(27,45)",0.6557824015617371,1.7315975337895285e-07
baseline,32,"biggrid50-goal(40,10)",9,"biggrid50-goal(21,45)",0.7510204315185547,-0.14196545002720148
baseline,32,"biggrid50-goal(40,10)",10,"biggrid50-goal(33,3)",0.8965985774993896,0.6916834099183439
baseline,32,"biggrid50-goal(40,10)",11,"biggrid50-goal(21,24)",0.8544217348098755,0.25694432401927003
baseline,32,"biggrid50-goal(40,10)",12,"biggrid50-goal(21,3)",0.8057822585105896,0.387995525335459
baseline,32,"biggrid50-goal(40,10)",13,"biggrid50-goal(3,17)",0.7350340485572815,-0.6161819940804588
baseline,32,"biggrid50-goal(40,10)",14,"biggrid50-goal(15,45)",0.7411564588546753,-0.4440225514531921
baseline,32,"biggrid50-goal(40,10)",15,"biggrid50-goal(3,24)",0.7523810267448425,-0.8291446555612403
baseline,32,"biggrid50-goal(40,10)",16,"biggrid50-goal(3,10)",0.672448992729187,-0.020127084427795216
baseline,32,"biggrid50-goal(40,10)",17,"biggrid50-goal(46,31)",0.7353740930557251,0.22509940897433256
baseline,32,"biggrid50-goal(40,10)",18,"biggrid50-goal(46,24)",0.8666665554046631,0.6383761356093532
baseline,32,"biggrid50-goal(40,10)",19,"biggrid50-goal(3,45)",0.6034013628959656,-0.687409718361865
baseline,32,"biggrid50-goal(40,10)",20,"biggrid50-goal(21,10)",0.7459183931350708,0.04353388661471314
baseline,32,"biggrid50-goal(40,10)",21,"biggrid50-goal(40,3)",0.9482991695404053,0.8809706875586899
baseline,32,"biggrid50-goal(40,10)",22,"biggrid50-goal(15,38)",0.7707482576370239,-0.4944563147499912
baseline,32,"biggrid50-goal(40,10)",23,"biggrid50-goal(40,45)",0.6795917749404907,0.28744316209310106
baseline,32,"biggrid50-goal(40,10)",24,"biggrid50-goal(15,17)",0.86530601978302,0.4193543082389718
baseline,32,"biggrid50-goal(40,10)",25,"biggrid50-goal(15,24)",0.8272107839584351,-0.05833368015777226
baseline,32,"biggrid50-goal(40,10)",26,"biggrid50-goal(21,38)",0.7993196845054626,-0.15234457490301173
baseline,32,"biggrid50-goal(40,10)",27,"biggrid50-goal(33,17)",0.9374149441719055,0.7625805923529463
baseline,32,"biggrid50-goal(40,10)",28,"biggrid50-goal(27,17)",0.7931973338127136,0.2103896830974376
baseline,32,"biggrid50-goal(40,10)",29,"biggrid50-goal(3,3)",0.6071428060531616,-0.20942400403101577
baseline,32,"biggrid50-goal(40,10)",30,"biggrid50-goal(9,10)",0.7697278261184692,-0.1378147612454648
baseline,32,"biggrid50-goal(40,10)",31,"biggrid50-goal(46,17)",0.9115645289421082,0.754020519220771
baseline,32,"biggrid50-goal(40,10)",32,"biggrid50-goal(40,10)",0.7210884094238281,0.18892179096695824
baseline,33,"biggrid50-goal(46,38)",0,"biggrid50-goal(40,31)",0.861564576625824,0.5729275347395248
baseline,33,"biggrid50-goal(46,38)",1,"biggrid50-goal(9,31)",0.7945576906204224,0.13590794784185692
baseline,33,"biggrid50-goal(46,38)",2,"biggrid50-goal(15,31)",0.8030612468719482,0.020304735597229763
baseline,33,"biggrid50-goal(46,38)",3,"biggrid50-goal(9,24)",0.7860543727874756,0.029321195066196806
baseline,33,"biggrid50-goal(46,38)",4,"biggrid50-goal(21,17)",0.7489795684814453,0.10328075494838687
baseline,33,"biggrid50-goal(46,38)",5,"biggrid50-goal(27,3)",0.7499999403953552,0.23517149311786456
baseline,33,"biggrid50-goal(46,38)",6,"biggrid50-goal(3,31)",0.7003401517868042,-0.932017027255214
baseline,33,"biggrid50-goal(46,38)",7,"biggrid50-goal(33,10)",0.8612244129180908,0.5255812285461268
baseline,33,"biggrid50-goal(46,38)",8,"biggrid50-goal(27,45)",0.6649659872055054,0.02667976216161554
baseline,33,"biggrid50-goal(46,38)",9,"biggrid50-goal(21,45)",0.7459182739257812,-0.16536691918018312
baseline,33,"biggrid50-goal(46,38)",10,"biggrid50-goal(33,3)",0.8044216632843018,0.4168354321269602
baseline,33,"biggrid50-goal(46,38)",11,"biggrid50-goal(21,24)",0.8146257996559143,0.053819252714890485
baseline,33,"biggrid50-goal(46,38)",12,"biggrid50-goal(21,3)",0.7540816068649292,0.22508028439212815
baseline,33,"biggrid50-goal(46,38)",13,"biggrid50-goal(3,17)",0.7088435888290405,-0.7759328948999673
baseline,33,"biggrid50-goal(46,38)",14,"biggrid50-goal(15,45)",0.7551020383834839,-0.36622369565181245
baseline,33,"biggrid50-goal(46,38)",15,"biggrid50-goal(3,24)",0.7241495847702026,-1.0376884134480333
baseline,33,"biggrid50-goal(46,38)",16,"biggrid50-goal(3,10)",0.6673469543457031,-0.0360169074637505
baseline,33,"biggrid50-goal(46,38)",17,"biggrid50-goal(46,31)",0.8312923312187195,0.5059755344486873
baseline,33,"biggrid50-goal(46,38)",18,"biggrid50-goal(46,24)",0.9591835141181946,0.8892984772108635
baseline,33,"biggrid50-goal(46,38)",19,"biggrid50-goal(3,45)",0.615646243095398,-0.635311380355527
baseline,33,"biggrid50-goal(46,38)",20,"biggrid50-goal(21,10)",0.7411564588546753,0.025608036610988504
baseline,33,"biggrid50-goal(46,38)",21,"biggrid50-goal(40,3)",0.8251699209213257,0.5974938135073505
baseline,33,"biggrid50-goal(46,38)",22,"biggrid50-goal(15,38)",0.7931972742080688,-0.3481146807509493
baseline,33,"biggrid50-goal(46,38)",23,"biggrid50-goal(40,45)",0.7727890610694885,0.4947048935709655
baseline,33,"biggrid50-goal(46,38)",24,"biggrid50-goal(15,17)",0.8105441927909851,0.18328422652733645
baseline,33,"biggrid50-goal(46,38)",25,"biggrid50-goal(15,24)",0.8180271983146667,-0.11458312797675765
baseline,33,"biggrid50-goal(46,38)",26,"biggrid50-goal(21,38)",0.821088433265686,-0.02734427542444669
baseline,33,"biggrid50-goal(46,38)",27,"biggrid50-goal(33,17)",0.8999999165534973,0.6206448925804612
baseline,33,"biggrid50-goal(46,38)",28,"biggrid50-goal(27,17)",0.7870747447013855,0.18701252061887577
baseline,33,"biggrid50-goal(46,38)",29,"biggrid50-goal(3,3)",0.5969387888908386,-0.24083741196603217
baseline,33,"biggrid50-goal(46,38)",30,"biggrid50-goal(9,10)",0.7227891087532043,-0.3697471071814704
baseline,33,"biggrid50-goal(46,38)",31,"biggrid50-goal(46,17)",0.9081630706787109,0.7445595085254703
baseline,33,"biggrid50-goal(46,38)",32,"biggrid50-goal(40,10)",0.6925169825553894,0.1058357432121842
baseline,33,"biggrid50-goal(46,38)",33,"biggrid50-goal(46,38)",0.8673468232154846,0.6486483969072295
baseline,34,"biggrid50-goal(27,31)",0,"biggrid50-goal(40,31)",0.8044216632843018,0.39664198384430516
baseline,34,"biggrid50-goal(27,31)",1,"biggrid50-goal(9,31)",0.8397958874702454,0.32618017789002346
baseline,34,"biggrid50-goal(27,31)",2,"biggrid50-goal(15,31)",0.8469388484954834,0.23857908658785618
baseline,34,"biggrid50-goal(27,31)",3,"biggrid50-goal(9,24)",0.8673468232154846,0.39814789023961844
baseline,34,"biggrid50-goal(27,31)",4,"biggrid50-goal(21,17)",0.7534013390541077,0.11907662760194869
baseline,34,"biggrid50-goal(27,31)",5,"biggrid50-goal(27,3)",0.7193877100944519,0.14151908987284967
baseline,34,"biggrid50-goal(27,31)",6,"biggrid50-goal(3,31)",0.8207482099533081,-0.15570208221488052
baseline,34,"biggrid50-goal(27,31)",7,"biggrid50-goal(33,10)",0.8227890729904175,0.3941860232919324
baseline,34,"biggrid50-goal(27,31)",8,"biggrid50-goal(27,45)",0.6710883975028992,0.04446621254944144
baseline,34,"biggrid50-goal(27,31)",9,"biggrid50-goal(21,45)",0.8608843088150024,0.3619343391955472
baseline,34,"biggrid50-goal(27,31)",10,"biggrid50-goal(33,3)",0.7568026781082153,0.2748478000655808
baseline,34,"biggrid50-goal(27,31)",11,"biggrid50-goal(21,24)",0.8993196487426758,0.4861107434974209
baseline,34,"biggrid50-goal(27,31)",12,"biggrid50-goal(21,3)",0.7217686176300049,0.12325800054768812
baseline,34,"biggrid50-goal(27,31)",13,"biggrid50-goal(3,17)",0.7465986609458923,-0.5456426730498726
baseline,34,"biggrid50-goal(27,31)",14,"biggrid50-goal(15,45)",0.7921768426895142,-0.1593927534087376
baseline,34,"biggrid50-goal(27,31)",15,"biggrid50-goal(3,24)",0.8282312154769897,-0.2688444268717622
baseline,34,"biggrid50-goal(27,31)",16,"biggrid50-goal(3,10)",0.6734694242477417,-0.01694904556735976
baseline,34,"biggrid50-goal(27,31)",17,"biggrid50-goal(46,31)",0.7598639130592346,0.29681262939922454
baseline,34,"biggrid50-goal(27,31)",18,"biggrid50-goal(46,24)",0.7816326022148132,0.4077490273826579
baseline,34,"biggrid50-goal(27,31)",19,"biggrid50-goal(3,45)",0.7231292128562927,-0.17800318318854458
baseline,34,"biggrid50-goal(27,31)",20,"biggrid50-goal(21,10)",0.7404762506484985,0.02304745732592234
baseline,34,"biggrid50-goal(27,31)",21,"biggrid50-goal(40,3)",0.6806122064590454,0.26468280819903595
baseline,34,"biggrid50-goal(27,31)",22,"biggrid50-goal(15,38)",0.8663265109062195,0.12860339541250573
baseline,34,"biggrid50-goal(27,31)",23,"biggrid50-goal(40,45)",0.6942176222801208,0.31996962900917425
baseline,34,"biggrid50-goal(27,31)",24,"biggrid50-goal(15,17)",0.8615645170211792,0.40322524697079054
baseline,34,"biggrid50-goal(27,31)",25,"biggrid50-goal(15,24)",0.8857142329216003,0.2999998539686573
baseline,34,"biggrid50-goal(27,31)",26,"biggrid50-goal(21,38)",0.8806122541427612,0.3144528355486191
baseline,34,"biggrid50-goal(27,31)",27,"biggrid50-goal(33,17)",0.847278892993927,0.42064516391615187
baseline,34,"biggrid50-goal(27,31)",28,"biggrid50-goal(27,17)",0.7867346405982971,0.18571394109100708
baseline,34,"biggrid50-goal(27,31)",29,"biggrid50-goal(3,3)",0.6129251718521118,-0.19162279762550272
baseline,34,"biggrid50-goal(27,31)",30,"biggrid50-goal(9,10)",0.7595237493515015,-0.1882348748641909
baseline,34,"biggrid50-goal(27,31)",31,"biggrid50-goal(46,17)",0.7513605356216431,0.3084199629696436
baseline,34,"biggrid50-goal(27,31)",32,"biggrid50-goal(40,10)",0.6700679659843445,0.04055373712063908
baseline,34,"biggrid50-goal(27,31)",33,"biggrid50-goal(46,38)",0.8170067071914673,0.5153151372473737
baseline,34,"biggrid50-goal(27,31)",34,"biggrid50-goal(27,31)",0.9663264751434326,0.8241560816003332
baseline,35,"biggrid50-goal(21,31)",0,"biggrid50-goal(40,31)",0.7976189255714417,0.3756555780910684
baseline,35,"biggrid50-goal(21,31)",1,"biggrid50-goal(9,31)",0.8510204553604126,0.3733908032577655
baseline,35,"biggrid50-goal(21,31)",2,"biggrid50-goal(15,31)",0.873469352722168,0.3705582371626564
baseline,35,"biggrid50-goal(21,31)",3,"biggrid50-goal(9,24)",0.8833332657814026,0.4706789401479838
baseline,35,"biggrid50-goal(21,31)",4,"biggrid50-goal(21,17)",0.741836667060852,0.07776419786733894
baseline,35,"biggrid50-goal(21,31)",5,"biggrid50-goal(27,3)",0.690816342830658,0.05411032605692835
baseline,35,"biggrid50-goal(21,31)",6,"biggrid50-goal(3,31)",0.8404760956764221,-0.02850916212208144
baseline,35,"biggrid50-goal(21,31)",7,"biggrid50-goal(33,10)",0.7724488377571106,0.22209269581072055
baseline,35,"biggrid50-goal(21,31)",8,"biggrid50-goal(27,45)",0.6639454960823059,0.023715094024014487
baseline,35,"biggrid50-goal(21,31)",9,"biggrid50-goal(21,45)",0.8823127746582031,0.4602177758215802
baseline,35,"biggrid50-goal(21,31)",10,"biggrid50-goal(33,3)",0.7180271744728088,0.15922916764786121
baseline,35,"biggrid50-goal(21,31)",11,"biggrid50-goal(21,24)",0.8904761075973511,0.4409718387631143
baseline,35,"biggrid50-goal(21,31)",12,"biggrid50-goal(21,3)",0.7221088409423828,0.12433008689759471
baseline,35,"biggrid50-goal(21,31)",13,"biggrid50-goal(3,17)",0.7394558787345886,-0.5892106708801255
baseline,35,"biggrid50-goal(21,31)",14,"biggrid50-goal(15,45)",0.8102041482925415,-0.058822981733056896
baseline,35,"biggrid50-goal(21,31)",15,"biggrid50-goal(3,24)",0.8013604283332825,-0.4673371192874962
baseline,35,"biggrid50-goal(21,31)",16,"biggrid50-goal(3,10)",0.6578232049942017,-0.06567773720663007
baseline,35,"biggrid50-goal(21,31)",17,"biggrid50-goal(46,31)",0.7476189732551575,0.2609559319170267
baseline,35,"biggrid50-goal(21,31)",18,"biggrid50-goal(46,24)",0.7476189732551575,0.3154980547653157
baseline,35,"biggrid50-goal(21,31)",19,"biggrid50-goal(3,45)",0.7649659514427185,-2.5360010712068527e-07
baseline,35,"biggrid50-goal(21,31)",20,"biggrid50-goal(21,10)",0.7309523224830627,-0.012804467057559632
baseline,35,"biggrid50-goal(21,31)",21,"biggrid50-goal(40,3)",0.6251699924468994,0.13703981764306877
baseline,35,"biggrid50-goal(21,31)",22,"biggrid50-goal(15,38)",0.8690475225448608,0.1463412454456688
baseline,35,"biggrid50-goal(21,31)",23,"biggrid50-goal(40,45)",0.6727890372276306,0.27231453275505796
baseline,35,"biggrid50-goal(21,31)",24,"biggrid50-goal(15,17)",0.8204081058502197,0.2258060869142931
baseline,35,"biggrid50-goal(21,31)",25,"biggrid50-goal(15,24)",0.8792516589164734,0.26041659821447477
baseline,35,"biggrid50-goal(21,31)",26,"biggrid50-goal(21,38)",0.8870747685432434,0.3515618234993129
baseline,35,"biggrid50-goal(21,31)",27,"biggrid50-goal(33,17)",0.820408046245575,0.3187093194312985
baseline,35,"biggrid50-goal(21,31)",28,"biggrid50-goal(27,17)",0.7622448801994324,0.09220756699086397
baseline,35,"biggrid50-goal(21,31)",29,"biggrid50-goal(3,3)",0.5877550840377808,-0.26910975434988404
baseline,35,"biggrid50-goal(21,31)",30,"biggrid50-goal(9,10)",0.7564626336097717,-0.20336037881940547
baseline,35,"biggrid50-goal(21,31)",31,"biggrid50-goal(46,17)",0.7197278141975403,0.22043490111091069
baseline,35,"biggrid50-goal(21,31)",32,"biggrid50-goal(40,10)",0.6721088290214539,0.04648859100606173
baseline,35,"biggrid50-goal(21,31)",33,"biggrid50-goal(46,38)",0.7496597170829773,0.3369366504921809
baseline,35,"biggrid50-goal(21,31)",34,"biggrid50-goal(27,31)",0.9489794373512268,0.7335694527575953
baseline,35,"biggrid50-goal(21,31)",35,"biggrid50-goal(21,31)",0.9176871180534363,0.5925929968693247
baseline,36,"biggrid50-goal(46,10)",0,"biggrid50-goal(40,31)",0.7690475583076477,0.28751307846342533
baseline,36,"biggrid50-goal(46,10)",1,"biggrid50-goal(9,31)",0.7670068144798279,0.02002873496221611
baseline,36,"biggrid50-goal(46,10)",2,"biggrid50-goal(15,31)",0.7867347002029419,-0.06091361377089175
baseline,36,"biggrid50-goal(46,10)",3,"biggrid50-goal(9,24)",0.7897958755493164,0.0462965241572303
baseline,36,"biggrid50-goal(46,10)",4,"biggrid50-goal(21,17)",0.75,0.1069260382243723
baseline,36,"biggrid50-goal(46,10)",5,"biggrid50-goal(27,3)",0.7632653117179871,0.27575442000984324
baseline,36,"biggrid50-goal(46,10)",6,"biggrid50-goal(3,31)",0.6952381134033203,-0.9649117413431272
baseline,36,"biggrid50-goal(46,10)",7,"biggrid50-goal(33,10)",0.910544216632843,0.6941861047978023
baseline,36,"biggrid50-goal(46,10)",8,"biggrid50-goal(27,45)",0.6476190090179443,-0.023715613503274623
baseline,36,"biggrid50-goal(46,10)",9,"biggrid50-goal(21,45)",0.7275510430335999,-0.24960974769607616
baseline,36,"biggrid50-goal(46,10)",10,"biggrid50-goal(33,3)",0.8806121945381165,0.6440161055122546
baseline,36,"biggrid50-goal(46,10)",11,"biggrid50-goal(21,24)",0.7850340604782104,-0.09722190531386857
baseline,36,"biggrid50-goal(46,10)",12,"biggrid50-goal(21,3)",0.9105440974235535,0.7181132256914563
baseline,36,"biggrid50-goal(46,10)",13,"biggrid50-goal(3,17)",0.7649659514427185,-0.43360984762689364
baseline,36,"biggrid50-goal(46,10)",14,"biggrid50-goal(15,45)",0.7265306711196899,-0.5256161165413347
baseline,36,"biggrid50-goal(46,10)",15,"biggrid50-goal(3,24)",0.7442176342010498,-0.8894470857281739
baseline,36,"biggrid50-goal(46,10)",16,"biggrid50-goal(3,10)",0.6901360154151917,0.03495749929923501
baseline,36,"biggrid50-goal(46,10)",17,"biggrid50-goal(46,31)",0.7030611634254456,0.1304778786887615
baseline,36,"biggrid50-goal(46,10)",18,"biggrid50-goal(46,24)",0.8142855763435364,0.4963096636439792
baseline,36,"biggrid50-goal(46,10)",19,"biggrid50-goal(3,45)",0.585374116897583,-0.7641103099601949
baseline,36,"biggrid50-goal(46,10)",20,"biggrid50-goal(21,10)",0.7486393451690674,0.053776652507043166
baseline,36,"biggrid50-goal(46,10)",21,"biggrid50-goal(40,3)",0.9534011483192444,0.8927168243370919
baseline,36,"biggrid50-goal(46,10)",22,"biggrid50-goal(15,38)",0.7629251480102539,-0.545453944962969
baseline,36,"biggrid50-goal(46,10)",23,"biggrid50-goal(40,45)",0.58299320936203,0.0726173147786445
baseline,36,"biggrid50-goal(46,10)",24,"biggrid50-goal(15,17)",0.787755012512207,0.08504346382716528
baseline,36,"biggrid50-goal(46,10)",25,"biggrid50-goal(15,24)",0.8176870942115784,-0.11666626508047422
baseline,36,"biggrid50-goal(46,10)",26,"biggrid50-goal(21,38)",0.8027210831642151,-0.1328130962832143
baseline,36,"biggrid50-goal(46,10)",27,"biggrid50-goal(33,17)",0.8867346048355103,0.5703222970556008
baseline,36,"biggrid50-goal(46,10)",28,"biggrid50-goal(27,17)",0.76564621925354,0.10519450017660317
baseline,36,"biggrid50-goal(46,10)",29,"biggrid50-goal(3,3)",0.6741495728492737,-0.0031414325409473438
baseline,36,"biggrid50-goal(46,10)",30,"biggrid50-goal(9,10)",0.8006801605224609,0.015126092988995966
baseline,36,"biggrid50-goal(46,10)",31,"biggrid50-goal(46,17)",0.7979591488838196,0.4380320129553195
baseline,36,"biggrid50-goal(46,10)",32,"biggrid50-goal(40,10)",0.6908162832260132,0.100890089418003
baseline,36,"biggrid50-goal(46,10)",33,"biggrid50-goal(46,38)",0.6938775181770325,0.18918922759042262
baseline,36,"biggrid50-goal(46,10)",34,"biggrid50-goal(27,31)",0.8442176580429077,0.18650104068718035
baseline,36,"biggrid50-goal(46,10)",35,"biggrid50-goal(21,31)",0.7863945364952087,-0.057238668855267925
baseline,36,"biggrid50-goal(46,10)",36,"biggrid50-goal(46,10)",0.9421765804290771,0.8658241059248725
baseline,37,"biggrid50-goal(9,17)",0,"biggrid50-goal(40,31)",0.6959183812141418,0.06190999810603623
baseline,37,"biggrid50-goal(9,17)",1,"biggrid50-goal(9,31)",0.8765305876731873,0.48068663072164064
baseline,37,"biggrid50-goal(9,17)",2,"biggrid50-goal(15,31)",0.8602039813995361,0.30456806885445875
baseline,37,"biggrid50-goal(9,17)",3,"biggrid50-goal(9,24)",0.9571427702903748,0.8055552475676997
baseline,37,"biggrid50-goal(9,17)",4,"biggrid50-goal(21,17)",0.78231281042099,0.22235695669948558
baseline,37,"biggrid50-goal(9,17)",5,"biggrid50-goal(27,3)",0.7438775300979614,0.216441121878431
baseline,37,"biggrid50-goal(9,17)",6,"biggrid50-goal(3,31)",0.845578134059906,0.004385551965831739
baseline,37,"biggrid50-goal(9,17)",7,"biggrid50-goal(33,10)",0.8234692811965942,0.39651138575872386
baseline,37,"biggrid50-goal(9,17)",8,"biggrid50-goal(27,45)",0.6557824015617371,1.7315975337895285e-07
baseline,37,"biggrid50-goal(9,17)",9,"biggrid50-goal(21,45)",0.7683674097061157,-0.06240209519695781
baseline,37,"biggrid50-goal(9,17)",10,"biggrid50-goal(33,3)",0.7585033178329468,0.27991867267261394
baseline,37,"biggrid50-goal(9,17)",11,"biggrid50-goal(21,24)",0.8816326260566711,0.3958332382608272
baseline,37,"biggrid50-goal(9,17)",12,"biggrid50-goal(21,3)",0.796598494052887,0.35905633111315544
baseline,37,"biggrid50-goal(9,17)",13,"biggrid50-goal(3,17)",0.8663265109062195,0.18464736701846285
baseline,37,"biggrid50-goal(9,17)",14,"biggrid50-goal(15,45)",0.7782313227653503,-0.2371912766909018
baseline,37,"biggrid50-goal(9,17)",15,"biggrid50-goal(3,24)",0.9064624905586243,0.30904472609657796
baseline,37,"biggrid50-goal(9,17)",16,"biggrid50-goal(3,10)",0.7282312512397766,0.15360156080319734
baseline,37,"biggrid50-goal(9,17)",17,"biggrid50-goal(46,31)",0.6636055111885071,0.014940406977251568
baseline,37,"biggrid50-goal(9,17)",18,"biggrid50-goal(46,24)",0.6962584853172302,0.17619933506695726
baseline,37,"biggrid50-goal(9,17)",19,"biggrid50-goal(3,45)",0.7377550601959229,-0.11577453530316371
baseline,37,"biggrid50-goal(9,17)",20,"biggrid50-goal(21,10)",0.7513605356216431,0.06402031590350395
baseline,37,"biggrid50-goal(9,17)",21,"biggrid50-goal(40,3)",0.6714285016059875,0.24353943265543215
baseline,37,"biggrid50-goal(9,17)",22,"biggrid50-goal(15,38)",0.8557823300361633,0.059867526612991905
baseline,37,"biggrid50-goal(9,17)",23,"biggrid50-goal(40,45)",0.5911564230918884,0.09077151091835264
baseline,37,"biggrid50-goal(9,17)",24,"biggrid50-goal(15,17)",0.9676869511604309,0.8607032581104599
baseline,37,"biggrid50-goal(9,17)",25,"biggrid50-goal(15,24)",0.8969388604164124,0.36875067995843946
baseline,37,"biggrid50-goal(9,17)",26,"biggrid50-goal(21,38)",0.8268707394599915,0.005858827515748294
baseline,37,"biggrid50-goal(9,17)",27,"biggrid50-goal(33,17)",0.8482992649078369,0.42451599365617154
baseline,37,"biggrid50-goal(9,17)",28,"biggrid50-goal(27,17)",0.7826530337333679,0.17012962126812003
baseline,37,"biggrid50-goal(9,17)",29,"biggrid50-goal(3,3)",0.6857143044471741,0.03246098027007879
baseline,37,"biggrid50-goal(9,17)",30,"biggrid50-goal(9,10)",0.9384352564811707,0.6957979213586889
baseline,37,"biggrid50-goal(9,17)",31,"biggrid50-goal(46,17)",0.7003400921821594,0.1665087814466243
baseline,37,"biggrid50-goal(9,17)",32,"biggrid50-goal(40,10)",0.66700679063797,0.031651802954531114
baseline,37,"biggrid50-goal(9,17)",33,"biggrid50-goal(46,38)",0.6670067310333252,0.1180179645407448
baseline,37,"biggrid50-goal(9,17)",34,"biggrid50-goal(27,31)",0.8251699805259705,0.08703363223325836
baseline,37,"biggrid50-goal(9,17)",35,"biggrid50-goal(21,31)",0.8340135812759399,0.17845144267135227
baseline,37,"biggrid50-goal(9,17)",36,"biggrid50-goal(46,10)",0.6721087694168091,0.23914740170405138
baseline,37,"biggrid50-goal(9,17)",37,"biggrid50-goal(9,17)",0.9622446894645691,0.8262901425128967
baseline,38,"biggrid50-goal(33,24)",0,"biggrid50-goal(40,31)",0.8547618389129639,0.5519411289862881
baseline,38,"biggrid50-goal(33,24)",1,"biggrid50-goal(9,31)",0.8071428537368774,0.1888412479828242
baseline,38,"biggrid50-goal(33,24)",2,"biggrid50-goal(15,31)",0.8251699805259705,0.13028726223943038
baseline,38,"biggrid50-goal(33,24)",3,"biggrid50-goal(9,24)",0.8428570628166199,0.2870369894616772
baseline,38,"biggrid50-goal(33,24)",4,"biggrid50-goal(21,17)",0.7615646123886108,0.14823825503355706
baseline,38,"biggrid50-goal(33,24)",5,"biggrid50-goal(27,3)",0.7255101799964905,0.16024964346156562
baseline,38,"biggrid50-goal(33,24)",6,"biggrid50-goal(3,31)",0.7489795684814453,-0.6184208554285808
baseline,38,"biggrid50-goal(33,24)",7,"biggrid50-goal(33,10)",0.869387686252594,0.5534882270883943
baseline,38,"biggrid50-goal(33,24)",8,"biggrid50-goal(27,45)",0.6687074899673462,0.03754934620071917
baseline,38,"biggrid50-goal(33,24)",9,"biggrid50-goal(21,45)",0.7996598482131958,0.08112327051934312
baseline,38,"biggrid50-goal(33,24)",10,"biggrid50-goal(33,3)",0.8132652044296265,0.4432046094964228
baseline,38,"biggrid50-goal(33,24)",11,"biggrid50-goal(21,24)",0.9132652282714844,0.5572913006375182
baseline,38,"biggrid50-goal(33,24)",12,"biggrid50-goal(21,3)",0.7704080939292908,0.27652709384587126
baseline,38,"biggrid50-goal(33,24)",13,"biggrid50-goal(3,17)",0.7469387650489807,-0.5435681796120123
baseline,38,"biggrid50-goal(33,24)",14,"biggrid50-goal(15,45)",0.7829931974411011,-0.21062598404905322
baseline,38,"biggrid50-goal(33,24)",15,"biggrid50-goal(3,24)",0.7823129296302795,-0.6080397076085703
baseline,38,"biggrid50-goal(33,24)",16,"biggrid50-goal(3,10)",0.668707549571991,-0.03177946043879955
baseline,38,"biggrid50-goal(33,24)",17,"biggrid50-goal(46,31)",0.7714285254478455,0.3306771329861859
baseline,38,"biggrid50-goal(33,24)",18,"biggrid50-goal(46,24)",0.8819727301597595,0.6798891864479882
baseline,38,"biggrid50-goal(33,24)",19,"biggrid50-goal(3,45)",0.6544217467308044,-0.4703330986687009
baseline,38,"biggrid50-goal(33,24)",20,"biggrid50-goal(21,10)",0.7608843445777893,0.09987179153492054
baseline,38,"biggrid50-goal(33,24)",21,"biggrid50-goal(40,3)",0.7557821869850159,0.4377444596018222
baseline,38,"biggrid50-goal(33,24)",22,"biggrid50-goal(15,38)",0.799659788608551,-0.30598655838461264
baseline,38,"biggrid50-goal(33,24)",23,"biggrid50-goal(40,45)",0.7153059840202332,0.36686810159170663
baseline,38,"biggrid50-goal(33,24)",24,"biggrid50-goal(15,17)",0.8360543847084045,0.2932548652224375
baseline,38,"biggrid50-goal(33,24)",25,"biggrid50-goal(15,24)",0.8785713315010071,0.2562495938503281
baseline,38,"biggrid50-goal(33,24)",26,"biggrid50-goal(21,38)",0.8438775539398193,0.10351519383108382
baseline,38,"biggrid50-goal(33,24)",27,"biggrid50-goal(33,17)",0.9428569078445435,0.7832249422620262
baseline,38,"biggrid50-goal(33,24)",28,"biggrid50-goal(27,17)",0.881292462348938,0.5467529594686611
baseline,38,"biggrid50-goal(33,24)",29,"biggrid50-goal(3,3)",0.5999999642372131,-0.23141348133297296
baseline,38,"biggrid50-goal(33,24)",30,"biggrid50-goal(9,10)",0.753741443157196,-0.21680625294700964
baseline,38,"biggrid50-goal(33,24)",31,"biggrid50-goal(46,17)",0.8309522271156311,0.529800849098645
baseline,38,"biggrid50-goal(33,24)",32,"biggrid50-goal(40,10)",0.6761904954910278,0.058358125445894034
baseline,38,"biggrid50-goal(33,24)",33,"biggrid50-goal(46,38)",0.7938775420188904,0.4540541146426668
baseline,38,"biggrid50-goal(33,24)",34,"biggrid50-goal(27,31)",0.9312924146652222,0.6412074150089907
baseline,38,"biggrid50-goal(33,24)",35,"biggrid50-goal(21,31)",0.8353740572929382,0.18518510870039803
baseline,38,"biggrid50-goal(33,24)",36,"biggrid50-goal(46,10)",0.7231292128562927,0.3575373839188811
baseline,38,"biggrid50-goal(33,24)",37,"biggrid50-goal(9,17)",0.7870748043060303,0.020344293958250662
baseline,38,"biggrid50-goal(33,24)",38,"biggrid50-goal(33,24)",0.9571428298950195,0.8122204620110387
baseline,39,"biggrid50-goal(40,17)",0,"biggrid50-goal(40,31)",0.84183669090271,0.5120671235471184
baseline,39,"biggrid50-goal(40,17)",1,"biggrid50-goal(9,31)",0.7911564111709595,0.12160213835049484
baseline,39,"biggrid50-goal(40,17)",2,"biggrid50-goal(15,31)",0.7911564111709595,-0.03891728634869089
baseline,39,"biggrid50-goal(40,17)",3,"biggrid50-goal(9,24)",0.8357142210006714,0.2546296659371411
baseline,39,"biggrid50-goal(40,17)",4,"biggrid50-goal(21,17)",0.7625850439071655,0.15188353830954246
baseline,39,"biggrid50-goal(40,17)",5,"biggrid50-goal(27,3)",0.7265306115150452,0.1633714631761124
baseline,39,"biggrid50-goal(40,17)",6,"biggrid50-goal(3,31)",0.7353741526603699,-0.7061399648986754
baseline,39,"biggrid50-goal(40,17)",7,"biggrid50-goal(33,10)",0.9006802439689636,0.6604650887945323
baseline,39,"biggrid50-goal(40,17)",8,"biggrid50-goal(27,45)",0.6673468947410583,0.03359662851033781
baseline,39,"biggrid50-goal(40,17)",9,"biggrid50-goal(21,45)",0.7884353399276733,0.02964113190937945
baseline,39,"biggrid50-goal(40,17)",10,"biggrid50-goal(33,3)",0.8462584018707275,0.5415818840534635
baseline,39,"biggrid50-goal(40,17)",11,"biggrid50-goal(21,24)",0.8870747685432434,0.423610838569927
baseline,39,"biggrid50-goal(40,17)",12,"biggrid50-goal(21,3)",0.7581632733345032,0.23794212762185027
baseline,39,"biggrid50-goal(40,17)",13,"biggrid50-goal(3,17)",0.7646257281303406,-0.43568506819179137
baseline,39,"biggrid50-goal(40,17)",14,"biggrid50-goal(15,45)",0.7564626336097717,-0.3586332795206403
baseline,39,"biggrid50-goal(40,17)",15,"biggrid50-goal(3,24)",0.7744897603988647,-0.6658289311122481
baseline,39,"biggrid50-goal(40,17)",16,"biggrid50-goal(3,10)",0.6622449159622192,-0.051906730499705775
baseline,39,"biggrid50-goal(40,17)",17,"biggrid50-goal(46,31)",0.7499999403953552,0.2679280869318434
baseline,39,"biggrid50-goal(40,17)",18,"biggrid50-goal(46,24)",0.8870747089385986,0.6937266545164266
baseline,39,"biggrid50-goal(40,17)",19,"biggrid50-goal(3,45)",0.6248299479484558,-0.5962374366506933
baseline,39,"biggrid50-goal(40,17)",20,"biggrid50-goal(21,10)",0.7397958636283875,0.02048620491275811
baseline,39,"biggrid50-goal(40,17)",21,"biggrid50-goal(40,3)",0.8340135216712952,0.6178541773045432
baseline,39,"biggrid50-goal(40,17)",22,"biggrid50-goal(15,38)",0.7897959351539612,-0.37028747898411946
baseline,39,"biggrid50-goal(40,17)",23,"biggrid50-goal(40,45)",0.6877549886703491,0.3055973582328092
baseline,39,"biggrid50-goal(40,17)",24,"biggrid50-goal(15,17)",0.8636053800582886,0.41202310362379707
baseline,39,"biggrid50-goal(40,17)",25,"biggrid50-goal(15,24)",0.8510203957557678,0.08750015515830163
baseline,39,"biggrid50-goal(40,17)",26,"biggrid50-goal(21,38)",0.8098639249801636,-0.09179753879958723
baseline,39,"biggrid50-goal(40,17)",27,"biggrid50-goal(33,17)",0.9812923669815063,0.9290316978876064
baseline,39,"biggrid50-goal(40,17)",28,"biggrid50-goal(27,17)",0.788095235824585,0.19090894194671318
baseline,39,"biggrid50-goal(40,17)",29,"biggrid50-goal(3,3)",0.6170067191123962,-0.17905761794638755
baseline,39,"biggrid50-goal(40,17)",30,"biggrid50-goal(9,10)",0.7714285254478455,-0.12941131080338023
baseline,39,"biggrid50-goal(40,17)",31,"biggrid50-goal(46,17)",0.9078230261802673,0.7436136892951499
baseline,39,"biggrid50-goal(40,17)",32,"biggrid50-goal(40,10)",0.6840136051177979,0.08110782090330418
baseline,39,"biggrid50-goal(40,17)",33,"biggrid50-goal(46,38)",0.7826529741287231,0.424324182666441
baseline,39,"biggrid50-goal(40,17)",34,"biggrid50-goal(27,31)",0.8897958397865295,0.42451135013559904
baseline,39,"biggrid50-goal(40,17)",35,"biggrid50-goal(21,31)",0.8421767950057983,0.21885520892212962
baseline,39,"biggrid50-goal(40,17)",36,"biggrid50-goal(46,10)",0.7568026185035706,0.43567457024934786
baseline,39,"biggrid50-goal(40,17)",37,"biggrid50-goal(9,17)",0.806122362613678,0.10798093611998649
baseline,39,"biggrid50-goal(40,17)",38,"biggrid50-goal(33,24)",0.9132652282714844,0.6199698831522719
baseline,39,"biggrid50-goal(40,17)",39,"biggrid50-goal(40,17)",0.98945552110672,0.9688121110703282
baseline,40,"biggrid50-goal(40,38)",0,"biggrid50-goal(40,31)",0.8921768069267273,0.6673660848091234
baseline,40,"biggrid50-goal(40,38)",1,"biggrid50-goal(9,31)",0.8040816783905029,0.1759659191615468
baseline,40,"biggrid50-goal(40,38)",2,"biggrid50-goal(15,31)",0.8306122422218323,0.15736044070933589
baseline,40,"biggrid50-goal(40,38)",3,"biggrid50-goal(9,24)",0.8095237612724304,0.1358026327282679
baseline,40,"biggrid50-goal(40,38)",4,"biggrid50-goal(21,17)",0.7431972622871399,0.0826246465437945
baseline,40,"biggrid50-goal(40,38)",5,"biggrid50-goal(27,3)",0.7074829339981079,0.10509865005002753
baseline,40,"biggrid50-goal(40,38)",6,"biggrid50-goal(3,31)",0.7809523344039917,-0.41228069838339454
baseline,40,"biggrid50-goal(40,38)",7,"biggrid50-goal(33,10)",0.8078230619430542,0.34302315867032956
baseline,40,"biggrid50-goal(40,38)",8,"biggrid50-goal(27,45)",0.6816326975822449,0.07509886556119172
baseline,40,"biggrid50-goal(40,38)",9,"biggrid50-goal(21,45)",0.8952379822731018,0.5195003130219881
baseline,40,"biggrid50-goal(40,38)",10,"biggrid50-goal(33,3)",0.7282313108444214,0.18965529191907432
baseline,40,"biggrid50-goal(40,38)",11,"biggrid50-goal(21,24)",0.8768707513809204,0.371527837990365
baseline,40,"biggrid50-goal(40,38)",12,"biggrid50-goal(21,3)",0.714625895023346,0.10075038531624857
baseline,40,"biggrid50-goal(40,38)",13,"biggrid50-goal(3,17)",0.7146259546279907,-0.7406628708211555
baseline,40,"biggrid50-goal(40,38)",14,"biggrid50-goal(15,45)",0.8105442523956299,-0.05692562708967545
baseline,40,"biggrid50-goal(40,38)",15,"biggrid50-goal(3,24)",0.7663265466690063,-0.7261300403927083
baseline,40,"biggrid50-goal(40,38)",16,"biggrid50-goal(3,10)",0.6649659872055054,-0.04343220771602589
baseline,40,"biggrid50-goal(40,38)",17,"biggrid50-goal(46,31)",0.7326529622077942,0.21713115701189767
baseline,40,"biggrid50-goal(40,38)",18,"biggrid50-goal(46,24)",0.8360543847084045,0.5553505189070733
baseline,40,"biggrid50-goal(40,38)",19,"biggrid50-goal(3,45)",0.7095237374305725,-0.23589045084012644
baseline,40,"biggrid50-goal(40,38)",20,"biggrid50-goal(21,10)",0.7343537211418152,-2.2437603269069047e-07
baseline,40,"biggrid50-goal(40,38)",21,"biggrid50-goal(40,3)",0.6816325783729553,0.267031980664303
baseline,40,"biggrid50-goal(40,38)",22,"biggrid50-goal(15,38)",0.8486394286155701,0.013304067493275113
baseline,40,"biggrid50-goal(40,38)",23,"biggrid50-goal(40,45)",0.7319726943969727,0.40393325009765985
baseline,40,"biggrid50-goal(40,38)",24,"biggrid50-goal(15,17)",0.8176870942115784,0.21407621091936319
baseline,40,"biggrid50-goal(40,38)",25,"biggrid50-goal(15,24)",0.8408162593841553,0.024999835714739453
baseline,40,"biggrid50-goal(40,38)",26,"biggrid50-goal(21,38)",0.8663264513015747,0.23242103605893052
baseline,40,"biggrid50-goal(40,38)",27,"biggrid50-goal(33,17)",0.8384352922439575,0.3870965407865027
baseline,40,"biggrid50-goal(40,38)",28,"biggrid50-goal(27,17)",0.7802720665931702,0.16103865424739738
baseline,40,"biggrid50-goal(40,38)",29,"biggrid50-goal(3,3)",0.5863945484161377,-0.2732982087412195
baseline,40,"biggrid50-goal(40,38)",30,"biggrid50-goal(9,10)",0.7282313108444214,-0.3428562424769342
baseline,40,"biggrid50-goal(40,38)",31,"biggrid50-goal(46,17)",0.7874149084091187,0.40870365900240857
baseline,40,"biggrid50-goal(40,38)",32,"biggrid50-goal(40,10)",0.6782312393188477,0.06429263266929067
baseline,40,"biggrid50-goal(40,38)",33,"biggrid50-goal(46,38)",0.9265304803848267,0.8054050862484876
baseline,40,"biggrid50-goal(40,38)",34,"biggrid50-goal(27,31)",0.9363945126533508,0.6678506876130057
baseline,40,"biggrid50-goal(40,38)",35,"biggrid50-goal(21,31)",0.8605441451072693,0.3097642730118796
baseline,40,"biggrid50-goal(40,38)",36,"biggrid50-goal(46,10)",0.6700679659843445,0.23441183560964796
baseline,40,"biggrid50-goal(40,38)",37,"biggrid50-goal(9,17)",0.7574828863143921,-0.11580629742077078
baseline,40,"biggrid50-goal(40,38)",38,"biggrid50-goal(33,24)",0.894557774066925,0.5380028027576294
baseline,40,"biggrid50-goal(40,38)",39,"biggrid50-goal(40,17)",0.8020408153533936,0.4144870385864777
baseline,40,"biggrid50-goal(40,38)",40,"biggrid50-goal(40,38)",0.7408163547515869,0.2529412866257424
baseline,41,"biggrid50-goal(33,38)",0,"biggrid50-goal(40,31)",0.8649657964706421,0.5834202779161985
baseline,41,"biggrid50-goal(33,38)",1,"biggrid50-goal(9,31)",0.8061224818229675,0.18454955527494135
baseline,41,"biggrid50-goal(33,38)",2,"biggrid50-goal(15,31)",0.843197226524353,0.2199659428155975
baseline,41,"biggrid50-goal(33,38)",3,"biggrid50-goal(9,24)",0.8003401160240173,0.09413611254363023
baseline,41,"biggrid50-goal(33,38)",4,"biggrid50-goal(21,17)",0.7571429014205933,0.13244259530542024
baseline,41,"biggrid50-goal(33,38)",5,"biggrid50-goal(27,3)",0.7068026661872864,0.10301749769009047
baseline,41,"biggrid50-goal(33,38)",6,"biggrid50-goal(3,31)",0.7646257877349854,-0.5175439371819255
baseline,41,"biggrid50-goal(33,38)",7,"biggrid50-goal(33,10)",0.795578122138977,0.30116255897459093
baseline,41,"biggrid50-goal(33,38)",8,"biggrid50-goal(27,45)",0.6819727420806885,0.07608674195421863
baseline,41,"biggrid50-goal(33,38)",9,"biggrid50-goal(21,45)",0.8894557356834412,0.4929795592541055
baseline,41,"biggrid50-goal(33,38)",10,"biggrid50-goal(33,3)",0.7598639130592346,0.28397561957436446
baseline,41,"biggrid50-goal(33,38)",11,"biggrid50-goal(21,24)",0.8738094568252563,0.3559024814684671
baseline,41,"biggrid50-goal(33,38)",12,"biggrid50-goal(21,3)",0.7241496443748474,0.13076091460159822
baseline,41,"biggrid50-goal(33,38)",13,"biggrid50-goal(3,17)",0.720748245716095,-0.7033194439950395
baseline,41,"biggrid50-goal(33,38)",14,"biggrid50-goal(15,45)",0.7921769022941589,-0.15939242088952216
baseline,41,"biggrid50-goal(33,38)",15,"biggrid50-goal(3,24)",0.7612245082855225,-0.7638184538407417
baseline,41,"biggrid50-goal(33,38)",16,"biggrid50-goal(3,10)",0.656462550163269,-0.06991536986469203
baseline,41,"biggrid50-goal(33,38)",17,"biggrid50-goal(46,31)",0.7646257877349854,0.31075676488935416
baseline,41,"biggrid50-goal(33,38)",18,"biggrid50-goal(46,24)",0.7908162474632263,0.4326566962275089
baseline,41,"biggrid50-goal(33,38)",19,"biggrid50-goal(3,45)",0.7622448205947876,-0.011577859290487765
baseline,41,"biggrid50-goal(33,38)",20,"biggrid50-goal(21,10)",0.7275510430335999,-0.02560826098702119
baseline,41,"biggrid50-goal(33,38)",21,"biggrid50-goal(40,3)",0.6517006158828735,0.1981204973565463
baseline,41,"biggrid50-goal(33,38)",22,"biggrid50-goal(15,38)",0.8901360034942627,0.28381376015144255
baseline,41,"biggrid50-goal(33,38)",23,"biggrid50-goal(40,45)",0.7765305042266846,0.5030255005241886
baseline,41,"biggrid50-goal(33,38)",24,"biggrid50-goal(15,17)",0.8292516469955444,0.26392927592149457
baseline,41,"biggrid50-goal(33,38)",25,"biggrid50-goal(15,24)",0.8411563038825989,0.027082607740099258
baseline,41,"biggrid50-goal(33,38)",26,"biggrid50-goal(21,38)",0.8564625382423401,0.17578056948843926
baseline,41,"biggrid50-goal(33,38)",27,"biggrid50-goal(33,17)",0.8840135335922241,0.5599997829314475
baseline,41,"biggrid50-goal(33,38)",28,"biggrid50-goal(27,17)",0.7914965152740479,0.20389564755104195
baseline,41,"biggrid50-goal(33,38)",29,"biggrid50-goal(3,3)",0.5870748162269592,-0.2712039815455518
baseline,41,"biggrid50-goal(33,38)",30,"biggrid50-goal(9,10)",0.7340136170387268,-0.31428486439411546
baseline,41,"biggrid50-goal(33,38)",31,"biggrid50-goal(46,17)",0.7721088528633118,0.36613052006960434
baseline,41,"biggrid50-goal(33,38)",32,"biggrid50-goal(40,10)",0.6639455556869507,0.022749695457410145
baseline,41,"biggrid50-goal(33,38)",33,"biggrid50-goal(46,38)",0.8428570628166199,0.5837836361523753
baseline,41,"biggrid50-goal(33,38)",34,"biggrid50-goal(27,31)",0.9098638892173767,0.5293071641048674
baseline,41,"biggrid50-goal(33,38)",35,"biggrid50-goal(21,31)",0.8714285492897034,0.36363655137175027
baseline,41,"biggrid50-goal(33,38)",36,"biggrid50-goal(46,10)",0.6537414789199829,0.19652716854529645
baseline,41,"biggrid50-goal(33,38)",37,"biggrid50-goal(9,17)",0.7714285254478455,-0.05164327102570508
baseline,41,"biggrid50-goal(33,38)",38,"biggrid50-goal(33,24)",0.8704080581665039,0.4321903451633105
baseline,41,"biggrid50-goal(33,38)",39,"biggrid50-goal(40,17)",0.820067822933197,0.46780634585841574
baseline,41,"biggrid50-goal(33,38)",40,"biggrid50-goal(40,38)",0.7333332896232605,0.23137245267595621
baseline,41,"biggrid50-goal(33,38)",41,"biggrid50-goal(33,38)",0.897278904914856,0.6321558757123166
baseline,42,"biggrid50-goal(9,45)",0,"biggrid50-goal(40,31)",0.768367350101471,0.2854146401560773
baseline,42,"biggrid50-goal(9,45)",1,"biggrid50-goal(9,31)",0.8816325068473816,0.5021453449586838
baseline,42,"biggrid50-goal(9,45)",2,"biggrid50-goal(15,31)",0.9034013152122498,0.5194583466639466
baseline,42,"biggrid50-goal(9,45)",3,"biggrid50-goal(9,24)",0.8863944411277771,0.48456759992395554
baseline,42,"biggrid50-goal(9,45)",4,"biggrid50-goal(21,17)",0.73435378074646,0.05103311416209587
baseline,42,"biggrid50-goal(9,45)",5,"biggrid50-goal(27,3)",0.6656462550163269,-0.022892858308590055
baseline,42,"biggrid50-goal(9,45)",6,"biggrid50-goal(3,31)",0.8482991456985474,0.02192891270822437
baseline,42,"biggrid50-goal(9,45)",7,"biggrid50-goal(33,10)",0.722449004650116,0.05116306838627751
baseline,42,"biggrid50-goal(9,45)",8,"biggrid50-goal(27,45)",0.6857141852378845,0.08695615283356889
baseline,42,"biggrid50-goal(9,45)",9,"biggrid50-goal(21,45)",0.9129250645637512,0.6006235835413312
baseline,42,"biggrid50-goal(9,45)",10,"biggrid50-goal(33,3)",0.6761904358863831,0.03448271572135793
baseline,42,"biggrid50-goal(9,45)",11,"biggrid50-goal(21,24)",0.8370748162269592,0.1684027666859854
baseline,42,"biggrid50-goal(9,45)",12,"biggrid50-goal(21,3)",0.7125850319862366,0.09431936979052995
baseline,42,"biggrid50-goal(9,45)",13,"biggrid50-goal(3,17)",0.7561224102973938,-0.4875517669005228
baseline,42,"biggrid50-goal(9,45)",14,"biggrid50-goal(15,45)",0.9112244248390198,0.5047435528680614
baseline,42,"biggrid50-goal(9,45)",15,"biggrid50-goal(3,24)",0.8292515873908997,-0.2613070083594502
baseline,42,"biggrid50-goal(9,45)",16,"biggrid50-goal(3,10)",0.6707483530044556,-0.02542356835103964
baseline,42,"biggrid50-goal(9,45)",17,"biggrid50-goal(46,31)",0.7054421901702881,0.13745020824308188
baseline,42,"biggrid50-goal(9,45)",18,"biggrid50-goal(46,24)",0.6979591250419617,0.1808117705369934
baseline,42,"biggrid50-goal(9,45)",19,"biggrid50-goal(3,45)",0.8721086978912354,0.4558603941554305
baseline,42,"biggrid50-goal(9,45)",20,"biggrid50-goal(21,10)",0.724829912185669,-0.035851700007449284
baseline,42,"biggrid50-goal(9,45)",21,"biggrid50-goal(40,3)",0.5857142806053162,0.04620208427133045
baseline,42,"biggrid50-goal(9,45)",22,"biggrid50-goal(15,38)",0.9714285135269165,0.8137469406278789
baseline,42,"biggrid50-goal(9,45)",23,"biggrid50-goal(40,45)",0.7187073826789856,0.37443248253820466
baseline,42,"biggrid50-goal(9,45)",24,"biggrid50-goal(15,17)",0.8741496205329895,0.45747775419292125
baseline,42,"biggrid50-goal(9,45)",25,"biggrid50-goal(15,24)",0.8806122541427612,0.2687502418644114
baseline,42,"biggrid50-goal(9,45)",26,"biggrid50-goal(21,38)",0.9006801843643188,0.429686711194851
baseline,42,"biggrid50-goal(9,45)",27,"biggrid50-goal(33,17)",0.753741443157196,0.06580636671109034
baseline,42,"biggrid50-goal(9,45)",28,"biggrid50-goal(27,17)",0.7782313227653503,0.15324672191736427
baseline,42,"biggrid50-goal(9,45)",29,"biggrid50-goal(3,3)",0.6095237731933594,-0.2020941170987329
baseline,42,"biggrid50-goal(9,45)",30,"biggrid50-goal(9,10)",0.7976189851760864,2.9451689069093956e-07
baseline,42,"biggrid50-goal(9,45)",31,"biggrid50-goal(46,17)",0.6778910756111145,0.10406780189289845
baseline,42,"biggrid50-goal(9,45)",32,"biggrid50-goal(40,10)",0.6574830412864685,0.003956627033952772
baseline,42,"biggrid50-goal(9,45)",33,"biggrid50-goal(46,38)",0.7670067548751831,0.38288285159298896
baseline,42,"biggrid50-goal(9,45)",34,"biggrid50-goal(27,31)",0.8911563158035278,0.4316157870704539
baseline,42,"biggrid50-goal(9,45)",35,"biggrid50-goal(21,31)",0.875850260257721,0.3855217772512128
baseline,42,"biggrid50-goal(9,45)",36,"biggrid50-goal(46,10)",0.593537449836731,0.05682720806021315
baseline,42,"biggrid50-goal(9,45)",37,"biggrid50-goal(9,17)",0.7758503556251526,-0.03129870283015634
baseline,42,"biggrid50-goal(9,45)",38,"biggrid50-goal(33,24)",0.833673357963562,0.27123653007532345
baseline,42,"biggrid50-goal(9,45)",39,"biggrid50-goal(40,17)",0.6976191401481628,0.10563425969510065
baseline,42,"biggrid50-goal(9,45)",40,"biggrid50-goal(40,38)",0.6857141852378845,0.09411739238819193
baseline,42,"biggrid50-goal(9,45)",41,"biggrid50-goal(33,38)",0.7880951762199402,0.24116906784237405
baseline,42,"biggrid50-goal(9,45)",42,"biggrid50-goal(9,45)",0.9921767711639404,0.9675137145725439
baseline,43,"biggrid50-goal(9,38)",0,"biggrid50-goal(40,31)",0.7513604760169983,0.23294853383299652
baseline,43,"biggrid50-goal(9,38)",1,"biggrid50-goal(9,31)",0.8999999761581421,0.57939907276975
baseline,43,"biggrid50-goal(9,38)",2,"biggrid50-goal(15,31)",0.8826530575752258,0.4162436698736243
baseline,43,"biggrid50-goal(9,38)",3,"biggrid50-goal(9,24)",0.8976189494132996,0.535493587197056
baseline,43,"biggrid50-goal(9,38)",4,"biggrid50-goal(21,17)",0.7391157150268555,0.06804415221612782
baseline,43,"biggrid50-goal(9,38)",5,"biggrid50-goal(27,3)",0.6476190090179443,-0.07804385172012814
baseline,43,"biggrid50-goal(9,38)",6,"biggrid50-goal(3,31)",0.911224365234375,0.4276308988498494
baseline,43,"biggrid50-goal(9,38)",7,"biggrid50-goal(33,10)",0.710544228553772,0.010465353688609269
baseline,43,"biggrid50-goal(9,38)",8,"biggrid50-goal(27,45)",0.6704081296920776,0.04248994028412745
baseline,43,"biggrid50-goal(9,38)",9,"biggrid50-goal(21,45)",0.891496479511261,0.5023396001520002
baseline,43,"biggrid50-goal(9,38)",10,"biggrid50-goal(33,3)",0.6656462550163269,0.0030426657448621693
baseline,43,"biggrid50-goal(9,38)",11,"biggrid50-goal(21,24)",0.847278892993927,0.2204860714975669
baseline,43,"biggrid50-goal(9,38)",12,"biggrid50-goal(21,3)",0.6768707036972046,-0.01822096022724925
baseline,43,"biggrid50-goal(9,38)",13,"biggrid50-goal(3,17)",0.7758503556251526,-0.36721951347202797
baseline,43,"biggrid50-goal(9,38)",14,"biggrid50-goal(15,45)",0.8588435649871826,0.2125240037308656
baseline,43,"biggrid50-goal(9,38)",15,"biggrid50-goal(3,24)",0.8455780744552612,-0.14070434950303848
baseline,43,"biggrid50-goal(9,38)",16,"biggrid50-goal(3,10)",0.6812924742698669,0.007415114619164391
baseline,43,"biggrid50-goal(9,38)",17,"biggrid50-goal(46,31)",0.7176870107650757,0.17330655664627231
baseline,43,"biggrid50-goal(9,38)",18,"biggrid50-goal(46,24)",0.7003401517868042,0.1872695358433699
baseline,43,"biggrid50-goal(9,38)",19,"biggrid50-goal(3,45)",0.8778910040855408,0.4804623941473153
baseline,43,"biggrid50-goal(9,38)",20,"biggrid50-goal(21,10)",0.7173469662666321,-0.06402054027953663
baseline,43,"biggrid50-goal(9,38)",21,"biggrid50-goal(40,3)",0.5816326141357422,0.03680498273216209
baseline,43,"biggrid50-goal(9,38)",22,"biggrid50-goal(15,38)",0.9554421305656433,0.7095342061019199
baseline,43,"biggrid50-goal(9,38)",23,"biggrid50-goal(40,45)",0.714285671710968,0.3645990259066726
baseline,43,"biggrid50-goal(9,38)",24,"biggrid50-goal(15,17)",0.8166666030883789,0.20967702564611188
baseline,43,"biggrid50-goal(9,38)",25,"biggrid50-goal(15,24)",0.8775510191917419,0.2500001825391784
baseline,43,"biggrid50-goal(9,38)",26,"biggrid50-goal(21,38)",0.8789114356040955,0.30468641171628597
baseline,43,"biggrid50-goal(9,38)",27,"biggrid50-goal(33,17)",0.7534013390541077,0.06451616550210895
baseline,43,"biggrid50-goal(9,38)",28,"biggrid50-goal(27,17)",0.7513604760169983,0.05064892563367768
baseline,43,"biggrid50-goal(9,38)",29,"biggrid50-goal(3,3)",0.6040816903114319,-0.21884775116918356
baseline,43,"biggrid50-goal(9,38)",30,"biggrid50-goal(9,10)",0.7646257281303406,-0.16302511257171853
baseline,43,"biggrid50-goal(9,38)",31,"biggrid50-goal(46,17)",0.6809523105621338,0.11258249599456746
baseline,43,"biggrid50-goal(9,38)",32,"biggrid50-goal(40,10)",0.660544216632843,0.012858561200060735
baseline,43,"biggrid50-goal(9,38)",33,"biggrid50-goal(46,38)",0.7268706560134888,0.27657644402120785
baseline,43,"biggrid50-goal(9,38)",34,"biggrid50-goal(27,31)",0.8843536972999573,0.3960923573688963
baseline,43,"biggrid50-goal(9,38)",35,"biggrid50-goal(21,31)",0.8663263916969299,0.3383834599331383
baseline,43,"biggrid50-goal(9,38)",36,"biggrid50-goal(46,10)",0.5857142806053162,0.03867399723464737
baseline,43,"biggrid50-goal(9,38)",37,"biggrid50-goal(9,17)",0.8078230023384094,0.11580547470887655
baseline,43,"biggrid50-goal(9,38)",38,"biggrid50-goal(33,24)",0.835374116897583,0.27868843896428547
baseline,43,"biggrid50-goal(9,38)",39,"biggrid50-goal(40,17)",0.6986395120620728,0.10865226051240608
baseline,43,"biggrid50-goal(9,38)",40,"biggrid50-goal(40,38)",0.6795917749404907,0.07647044574101215
baseline,43,"biggrid50-goal(9,38)",41,"biggrid50-goal(33,38)",0.8193877339363098,0.35322768131761645
baseline,43,"biggrid50-goal(9,38)",42,"biggrid50-goal(9,45)",0.9343535900115967,0.7274005328412159
baseline,43,"biggrid50-goal(9,38)",43,"biggrid50-goal(9,38)",0.9646257162094116,0.8571423413335246
baseline,44,"biggrid50-goal(9,3)",0,"biggrid50-goal(40,31)",0.6768707036972046,0.0031480252209777635
baseline,44,"biggrid50-goal(9,3)",1,"biggrid50-goal(9,31)",0.9003400802612305,0.5808295534398347
baseline,44,"biggrid50-goal(9,3)",2,"biggrid50-goal(15,31)",0.8217687010765076,0.11336719284413664
baseline,44,"biggrid50-goal(9,3)",3,"biggrid50-goal(9,24)",0.9408162236213684,0.7314811334301647
baseline,44,"biggrid50-goal(9,3)",4,"biggrid50-goal(21,17)",0.7540816068649292,0.12150674547746397
baseline,44,"biggrid50-goal(9,3)",5,"biggrid50-goal(27,3)",0.7316325902938843,0.17898001470099914
baseline,44,"biggrid50-goal(9,3)",6,"biggrid50-goal(3,31)",0.8340136408805847,-0.0701749801416581
baseline,44,"biggrid50-goal(9,3)",7,"biggrid50-goal(33,10)",0.8251699805259705,0.4023254032197264
baseline,44,"biggrid50-goal(9,3)",8,"biggrid50-goal(27,45)",0.6598638892173767,0.011857460432130554
baseline,44,"biggrid50-goal(9,3)",9,"biggrid50-goal(21,45)",0.7724488973617554,-0.04368201340116843
baseline,44,"biggrid50-goal(9,3)",10,"biggrid50-goal(33,3)",0.7455781698226929,0.24137918777530837
baseline,44,"biggrid50-goal(9,3)",11,"biggrid50-goal(21,24)",0.8234692811965942,0.09895785321717755
baseline,44,"biggrid50-goal(9,3)",12,"biggrid50-goal(21,3)",0.8639455437660217,0.5712753357407069
baseline,44,"biggrid50-goal(9,3)",13,"biggrid50-goal(3,17)",0.8687073588371277,0.19916954821052218
baseline,44,"biggrid50-goal(9,3)",14,"biggrid50-goal(15,45)",0.8061224222183228,-0.08159389760735798
baseline,44,"biggrid50-goal(9,3)",15,"biggrid50-goal(3,24)",0.8707482814788818,0.045226272255836336
baseline,44,"biggrid50-goal(9,3)",16,"biggrid50-goal(3,10)",0.741836667060852,0.19597436035470775
baseline,44,"biggrid50-goal(9,3)",17,"biggrid50-goal(46,31)",0.6676871180534363,0.026892523111648383
baseline,44,"biggrid50-goal(9,3)",18,"biggrid50-goal(46,24)",0.662925124168396,0.08579336896929558
baseline,44,"biggrid50-goal(9,3)",19,"biggrid50-goal(3,45)",0.7102040648460388,-0.23299585921745095
baseline,44,"biggrid50-goal(9,3)",20,"biggrid50-goal(21,10)",0.755442202091217,0.07938536224612974
baseline,44,"biggrid50-goal(9,3)",21,"biggrid50-goal(40,3)",0.7244897484779358,0.3657007920823872
baseline,44,"biggrid50-goal(9,3)",22,"biggrid50-goal(15,38)",0.8340135216712952,-0.08203993629278895
baseline,44,"biggrid50-goal(9,3)",23,"biggrid50-goal(40,45)",0.561564564704895,0.024962085969575193
baseline,44,"biggrid50-goal(9,3)",24,"biggrid50-goal(15,17)",0.9285714626312256,0.692082211653717
baseline,44,"biggrid50-goal(9,3)",25,"biggrid50-goal(15,24)",0.8666666746139526,0.18333358888818307
baseline,44,"biggrid50-goal(9,3)",26,"biggrid50-goal(21,38)",0.8166666030883789,-0.05273526608242677
baseline,44,"biggrid50-goal(9,3)",27,"biggrid50-goal(33,17)",0.7945577502250671,0.2206449830256914
baseline,44,"biggrid50-goal(9,3)",28,"biggrid50-goal(27,17)",0.7588434815406799,0.07922040622371435
baseline,44,"biggrid50-goal(9,3)",29,"biggrid50-goal(3,3)",0.7404760718345642,0.20104691175345332
baseline,44,"biggrid50-goal(9,3)",30,"biggrid50-goal(9,10)",0.9850338697433472,0.926049753916412
baseline,44,"biggrid50-goal(9,3)",31,"biggrid50-goal(46,17)",0.7061224579811096,0.18259218463187157
baseline,44,"biggrid50-goal(9,3)",32,"biggrid50-goal(40,10)",0.6795918345451355,0.06824925970324344
baseline,44,"biggrid50-goal(9,3)",33,"biggrid50-goal(46,38)",0.6377550959587097,0.04054067281145568
baseline,44,"biggrid50-goal(9,3)",34,"biggrid50-goal(27,31)",0.8207482695579529,0.06394335623872277
baseline,44,"biggrid50-goal(9,3)",35,"biggrid50-goal(21,31)",0.7972788214683533,-0.003366980520898113
baseline,44,"biggrid50-goal(9,3)",36,"biggrid50-goal(46,10)",0.6520408391952515,0.1925809326211889
baseline,44,"biggrid50-goal(9,3)",37,"biggrid50-goal(9,17)",0.9340135455131531,0.6964003886490988
baseline,44,"biggrid50-goal(9,3)",38,"biggrid50-goal(33,24)",0.7948979735374451,0.10134141672451337
baseline,44,"biggrid50-goal(9,3)",39,"biggrid50-goal(40,17)",0.7255101799964905,0.18812886770053336
baseline,44,"biggrid50-goal(9,3)",40,"biggrid50-goal(40,38)",0.6506803035736084,-0.006862615573094973
baseline,44,"biggrid50-goal(9,3)",41,"biggrid50-goal(33,38)",0.7091836333274841,-0.04141307721171911
baseline,44,"biggrid50-goal(9,3)",42,"biggrid50-goal(9,45)",0.7598639130592346,0.0028248405783039966
baseline,44,"biggrid50-goal(9,3)",43,"biggrid50-goal(9,38)",0.7809523344039917,0.11538458761026671
baseline,44,"biggrid50-goal(9,3)",44,"biggrid50-goal(9,3)",0.7306122183799744,0.23255803686273643
baseline,45,"biggrid50-goal(40,24)",0,"biggrid50-goal(40,31)",0.9023808240890503,0.6988454176190118
baseline,45,"biggrid50-goal(40,24)",1,"biggrid50-goal(9,31)",0.7829931378364563,0.08726734319928782
baseline,45,"biggrid50-goal(40,24)",2,"biggrid50-goal(15,31)",0.7877550721168518,-0.055837652254383384
baseline,45,"biggrid50-goal(40,24)",3,"biggrid50-goal(9,24)",0.7965985536575317,0.07716051302423552
baseline,45,"biggrid50-goal(40,24)",4,"biggrid50-goal(21,17)",0.764285683631897,0.15795872653561815
baseline,45,"biggrid50-goal(40,24)",5,"biggrid50-goal(27,3)",0.7275510430335999,0.16649328289065918
baseline,45,"biggrid50-goal(40,24)",6,"biggrid50-goal(3,31)",0.7227891087532043,-0.7872803621270004
baseline,45,"biggrid50-goal(40,24)",7,"biggrid50-goal(33,10)",0.8809522390365601,0.5930228530233176
baseline,45,"biggrid50-goal(40,24)",8,"biggrid50-goal(27,45)",0.6826530694961548,0.07806318737928601
baseline,45,"biggrid50-goal(40,24)",9,"biggrid50-goal(21,45)",0.769727885723114,-0.05616215905891101
baseline,45,"biggrid50-goal(40,24)",10,"biggrid50-goal(33,3)",0.8108843564987183,0.4361055300272187
baseline,45,"biggrid50-goal(40,24)",11,"biggrid50-goal(21,24)",0.8534013032913208,0.2517358718453041
baseline,45,"biggrid50-goal(40,24)",12,"biggrid50-goal(21,3)",0.7588434815406799,0.24008554903480298
baseline,45,"biggrid50-goal(40,24)",13,"biggrid50-goal(3,17)",0.7166666388511658,-0.7282155466304752
baseline,45,"biggrid50-goal(40,24)",14,"biggrid50-goal(15,45)",0.7646257877349854,-0.3130931103681154
baseline,45,"biggrid50-goal(40,24)",15,"biggrid50-goal(3,24)",0.7435373663902283,-0.8944721781682122
baseline,45,"biggrid50-goal(40,24)",16,"biggrid50-goal(3,10)",0.6625850796699524,-0.050847322335190286
baseline,45,"biggrid50-goal(40,24)",17,"biggrid50-goal(46,31)",0.8034012913703918,0.4243025663241387
baseline,45,"biggrid50-goal(40,24)",18,"biggrid50-goal(46,24)",0.9227889776229858,0.7905900626038048
baseline,45,"biggrid50-goal(40,24)",19,"biggrid50-goal(3,45)",0.6108843684196472,-0.6555717465135057
baseline,45,"biggrid50-goal(40,24)",20,"biggrid50-goal(21,10)",0.7329931855201721,-0.005121831698230391
baseline,45,"biggrid50-goal(40,24)",21,"biggrid50-goal(40,3)",0.8234692811965942,0.5935784803232277
baseline,45,"biggrid50-goal(40,24)",22,"biggrid50-goal(15,38)",0.7782313823699951,-0.4456749929768978
baseline,45,"biggrid50-goal(40,24)",23,"biggrid50-goal(40,45)",0.7367345690727234,0.4145231978458229
baseline,45,"biggrid50-goal(40,24)",24,"biggrid50-goal(15,17)",0.8238095045089722,0.24046901003813861
baseline,45,"biggrid50-goal(40,24)",25,"biggrid50-goal(15,24)",0.8241496682167053,-0.0770830093262917
baseline,45,"biggrid50-goal(40,24)",26,"biggrid50-goal(21,38)",0.8248298764228821,-0.005860196560617028
baseline,45,"biggrid50-goal(40,24)",27,"biggrid50-goal(33,17)",0.9513604044914246,0.815483364182694
baseline,45,"biggrid50-goal(40,24)",28,"biggrid50-goal(27,17)",0.778571367263794,0.15454507386382257
baseline,45,"biggrid50-goal(40,24)",29,"biggrid50-goal(3,3)",0.589455783367157,-0.26387409461326894
baseline,45,"biggrid50-goal(40,24)",30,"biggrid50-goal(9,10)",0.731632649898529,-0.3260496361096557
baseline,45,"biggrid50-goal(40,24)",31,"biggrid50-goal(46,17)",0.8670066595077515,0.6300847109191805
baseline,45,"biggrid50-goal(40,24)",32,"biggrid50-goal(40,10)",0.6908162832260132,0.100890089418003
baseline,45,"biggrid50-goal(40,24)",33,"biggrid50-goal(46,38)",0.8306121826171875,0.5513512557749481
baseline,45,"biggrid50-goal(40,24)",34,"biggrid50-goal(27,31)",0.8877550959587097,0.4138545391049063
baseline,45,"biggrid50-goal(40,24)",35,"biggrid50-goal(21,31)",0.8081632256507874,0.0505052978389726
baseline,45,"biggrid50-goal(40,24)",36,"biggrid50-goal(46,10)",0.7731291651725769,0.4735593756228233
baseline,45,"biggrid50-goal(40,24)",37,"biggrid50-goal(9,17)",0.7687073945999146,-0.0641630263950657
baseline,45,"biggrid50-goal(40,24)",38,"biggrid50-goal(33,24)",0.9197278618812561,0.6482860400628244
baseline,45,"biggrid50-goal(40,24)",39,"biggrid50-goal(40,17)",0.9448978304862976,0.837021785526783
baseline,45,"biggrid50-goal(40,24)",40,"biggrid50-goal(40,38)",0.7030611634254456,0.1441175040592427
baseline,45,"biggrid50-goal(40,24)",41,"biggrid50-goal(33,38)",0.8207481503486633,0.3580993309379206
baseline,45,"biggrid50-goal(40,24)",42,"biggrid50-goal(9,45)",0.685033917427063,-0.30790985063219206
baseline,45,"biggrid50-goal(40,24)",43,"biggrid50-goal(9,38)",0.7442176342010498,-0.03296705941879361
baseline,45,"biggrid50-goal(40,24)",44,"biggrid50-goal(9,3)",0.6418367624282837,-0.02034879426470226
baseline,45,"biggrid50-goal(40,24)",45,"biggrid50-goal(40,24)",0.9581632018089294,0.8289287908673632
baseline,46,"biggrid50-goal(33,31)",0,"biggrid50-goal(40,31)",0.7421768307685852,0.2046170423641081
baseline,46,"biggrid50-goal(33,31)",1,"biggrid50-goal(9,31)",0.8159863948822021,0.2260372551718294
baseline,46,"biggrid50-goal(33,31)",2,"biggrid50-goal(15,31)",0.8445577621459961,0.22673408917787452
baseline,46,"biggrid50-goal(33,31)",3,"biggrid50-goal(9,24)",0.8207482099533081,0.18672834957300713
baseline,46,"biggrid50-goal(33,31)",4,"biggrid50-goal(21,17)",0.7408162355422974,0.07411891459135353
baseline,46,"biggrid50-goal(33,31)",5,"biggrid50-goal(27,3)",0.6812924742698669,0.024973828319244724
baseline,46,"biggrid50-goal(33,31)",6,"biggrid50-goal(3,31)",0.784013569355011,-0.39254379307204224
baseline,46,"biggrid50-goal(33,31)",7,"biggrid50-goal(33,10)",0.7622449398040771,0.18720960986807866
baseline,46,"biggrid50-goal(33,31)",8,"biggrid50-goal(27,45)",0.6673469543457031,0.033596801670091186
baseline,46,"biggrid50-goal(33,31)",9,"biggrid50-goal(21,45)",0.7996598482131958,0.08112327051934312
baseline,46,"biggrid50-goal(33,31)",10,"biggrid50-goal(33,3)",0.7455781698226929,0.24137918777530837
baseline,46,"biggrid50-goal(33,31)",11,"biggrid50-goal(21,24)",0.8707482814788818,0.34027773341060824
baseline,46,"biggrid50-goal(33,31)",12,"biggrid50-goal(21,3)",0.6812925338745117,-0.004287218469335663
baseline,46,"biggrid50-goal(33,31)",13,"biggrid50-goal(3,17)",0.7346938252449036,-0.6182572146453565
baseline,46,"biggrid50-goal(33,31)",14,"biggrid50-goal(15,45)",0.7585033178329468,-0.34724881914113614
baseline,46,"biggrid50-goal(33,31)",15,"biggrid50-goal(3,24)",0.7765305638313293,-0.650753653792133
baseline,46,"biggrid50-goal(33,31)",16,"biggrid50-goal(3,10)",0.6574830412864685,-0.06673714537114556
baseline,46,"biggrid50-goal(33,31)",17,"biggrid50-goal(46,31)",0.741836667060852,0.24402368012354606
baseline,46,"biggrid50-goal(33,31)",18,"biggrid50-goal(46,24)",0.8139454126358032,0.495387079554974
baseline,46,"biggrid50-goal(33,31)",19,"biggrid50-goal(3,45)",0.7234693169593811,-0.17655614097731395
baseline,46,"biggrid50-goal(33,31)",20,"biggrid50-goal(21,10)",0.7217686772346497,-0.047375428670410454
baseline,46,"biggrid50-goal(33,31)",21,"biggrid50-goal(40,3)",0.7122448682785034,0.33750976191694887
baseline,46,"biggrid50-goal(33,31)",22,"biggrid50-goal(15,38)",0.8282312750816345,-0.1197334990124916
baseline,46,"biggrid50-goal(33,31)",23,"biggrid50-goal(40,45)",0.7146257162094116,0.3653552519133976
baseline,46,"biggrid50-goal(33,31)",24,"biggrid50-goal(15,17)",0.8088435530662537,0.17595302191216172
baseline,46,"biggrid50-goal(33,31)",25,"biggrid50-goal(15,24)",0.8687074184417725,0.19583314166719604
baseline,46,"biggrid50-goal(33,31)",26,"biggrid50-goal(21,38)",0.843197226524353,0.0996086242981506
baseline,46,"biggrid50-goal(33,31)",27,"biggrid50-goal(33,17)",0.8904761075973511,0.5845158670328493
baseline,46,"biggrid50-goal(33,31)",28,"biggrid50-goal(27,17)",0.7574829459190369,0.07402563294941866
baseline,46,"biggrid50-goal(33,31)",29,"biggrid50-goal(3,3)",0.59183669090271,-0.25654439117587746
baseline,46,"biggrid50-goal(33,31)",30,"biggrid50-goal(9,10)",0.7431973218917847,-0.26890658542712753
baseline,46,"biggrid50-goal(33,31)",31,"biggrid50-goal(46,17)",0.7591836452484131,0.3301796078389763
baseline,46,"biggrid50-goal(33,31)",32,"biggrid50-goal(40,10)",0.66700679063797,0.031651802954531114
baseline,46,"biggrid50-goal(33,31)",33,"biggrid50-goal(46,38)",0.7690475583076477,0.3882882220106039
baseline,46,"biggrid50-goal(33,31)",34,"biggrid50-goal(27,31)",0.9047619104385376,0.502664514014494
baseline,46,"biggrid50-goal(33,31)",35,"biggrid50-goal(21,31)",0.8819726705551147,0.4158246019392958
baseline,46,"biggrid50-goal(33,31)",36,"biggrid50-goal(46,10)",0.6625850200653076,0.21704809326350197
baseline,46,"biggrid50-goal(33,31)",37,"biggrid50-goal(9,17)",0.7717686295509338,-0.05007847300284631
baseline,46,"biggrid50-goal(33,31)",38,"biggrid50-goal(33,24)",0.9047617316246033,0.5827116445021083
baseline,46,"biggrid50-goal(33,31)",39,"biggrid50-goal(40,17)",0.8159863352775574,0.455734342589194
baseline,46,"biggrid50-goal(33,31)",40,"biggrid50-goal(40,38)",0.6704081296920776,0.049999939869434205
baseline,46,"biggrid50-goal(33,31)",41,"biggrid50-goal(33,38)",0.8272107839584351,0.38124201452017964
baseline,46,"biggrid50-goal(33,31)",42,"biggrid50-goal(9,45)",0.7840135097503662,0.10310705237427195
baseline,46,"biggrid50-goal(33,31)",43,"biggrid50-goal(9,38)",0.791836678981781,0.15934058659831757
baseline,46,"biggrid50-goal(33,31)",44,"biggrid50-goal(9,3)",0.6418368220329285,-0.020348624460766376
baseline,46,"biggrid50-goal(33,31)",45,"biggrid50-goal(40,24)",0.8710882663726807,0.47287825319967175
baseline,46,"biggrid50-goal(33,31)",46,"biggrid50-goal(33,31)",0.9595237374305725,0.820241377950286
baseline,47,"biggrid50-goal(46,45)",0,"biggrid50-goal(40,31)",0.8826529383659363,0.6379850064266053
baseline,47,"biggrid50-goal(46,45)",1,"biggrid50-goal(9,31)",0.8129251599311829,0.21316167565292318
baseline,47,"biggrid50-goal(46,45)",2,"biggrid50-goal(15,31)",0.8159863948822021,0.08460242254926001
baseline,47,"biggrid50-goal(46,45)",3,"biggrid50-goal(9,24)",0.7884352803230286,0.04012345595546802
baseline,47,"biggrid50-goal(46,45)",4,"biggrid50-goal(21,17)",0.732653021812439,0.04495750008517017
baseline,47,"biggrid50-goal(46,45)",5,"biggrid50-goal(27,3)",0.660884439945221,-0.03746074247886708
baseline,47,"biggrid50-goal(46,45)",6,"biggrid50-goal(3,31)",0.7608843445777893,-0.5416663944591095
baseline,47,"biggrid50-goal(46,45)",7,"biggrid50-goal(33,10)",0.7574829459190369,0.1709302387184669
baseline,47,"biggrid50-goal(46,45)",8,"biggrid50-goal(27,45)",0.6795918345451355,0.06916987560549637
baseline,47,"biggrid50-goal(46,45)",9,"biggrid50-goal(21,45)",0.9061223268508911,0.5694222625612033
baseline,47,"biggrid50-goal(46,45)",10,"biggrid50-goal(33,3)",0.6918367147445679,0.08113591669636169
baseline,47,"biggrid50-goal(46,45)",11,"biggrid50-goal(21,24)",0.8527209758758545,0.24826336757464712
baseline,47,"biggrid50-goal(46,45)",12,"biggrid50-goal(21,3)",0.6792516112327576,-0.0107184218167694
baseline,47,"biggrid50-goal(46,45)",13,"biggrid50-goal(3,17)",0.7074830532073975,-0.7842315957784458
baseline,47,"biggrid50-goal(46,45)",14,"biggrid50-goal(15,45)",0.828911542892456,0.04554083419095581
baseline,47,"biggrid50-goal(46,45)",15,"biggrid50-goal(3,24)",0.7360543608665466,-0.9497486353041253
baseline,47,"biggrid50-goal(46,45)",16,"biggrid50-goal(3,10)",0.6530612111091614,-0.08050852334429187
baseline,47,"biggrid50-goal(46,45)",17,"biggrid50-goal(46,31)",0.8037413954734802,0.42529848873225323
baseline,47,"biggrid50-goal(46,45)",18,"biggrid50-goal(46,24)",0.8119046688079834,0.4898522216542626
baseline,47,"biggrid50-goal(46,45)",19,"biggrid50-goal(3,45)",0.7632652521133423,-0.0072362254565816325
baseline,47,"biggrid50-goal(46,45)",20,"biggrid50-goal(21,10)",0.716666579246521,-0.06658179269270087
baseline,47,"biggrid50-goal(46,45)",21,"biggrid50-goal(40,3)",0.6448978781700134,0.18245875294195463
baseline,47,"biggrid50-goal(46,45)",22,"biggrid50-goal(15,38)",0.8598639369010925,0.08647488449279603
baseline,47,"biggrid50-goal(46,45)",23,"biggrid50-goal(40,45)",0.8874148726463318,0.7496215887479932
baseline,47,"biggrid50-goal(46,45)",24,"biggrid50-goal(15,17)",0.798979640007019,0.13343116152520507
baseline,47,"biggrid50-goal(46,45)",25,"biggrid50-goal(15,24)",0.8333332538604736,-0.020833561507306312
baseline,47,"biggrid50-goal(46,45)",26,"biggrid50-goal(21,38)",0.8513604998588562,0.14648369381996032
baseline,47,"biggrid50-goal(46,45)",27,"biggrid50-goal(33,17)",0.7785713076591492,0.15999964726360216
baseline,47,"biggrid50-goal(46,45)",28,"biggrid50-goal(27,17)",0.7595237493515015,0.08181779286086219
baseline,47,"biggrid50-goal(46,45)",29,"biggrid50-goal(3,3)",0.571088433265686,-0.32041859588608124
baseline,47,"biggrid50-goal(46,45)",30,"biggrid50-goal(9,10)",0.6935374140739441,-0.5142848054907373
baseline,47,"biggrid50-goal(46,45)",31,"biggrid50-goal(46,17)",0.776190459728241,0.3774833350133161
baseline,47,"biggrid50-goal(46,45)",32,"biggrid50-goal(40,10)",0.6632652282714844,0.020771295274927253
baseline,47,"biggrid50-goal(46,45)",33,"biggrid50-goal(46,38)",0.9496597051620483,0.8666662667249319
baseline,47,"biggrid50-goal(46,45)",34,"biggrid50-goal(27,31)",0.8935374021530151,0.4440498745479384
baseline,47,"biggrid50-goal(46,45)",35,"biggrid50-goal(21,31)",0.8435373902320862,0.22558946497667628
baseline,47,"biggrid50-goal(46,45)",36,"biggrid50-goal(46,10)",0.6908162236213684,0.28255696503310224
baseline,47,"biggrid50-goal(46,45)",37,"biggrid50-goal(9,17)",0.747619092464447,-0.16118900516855036
baseline,47,"biggrid50-goal(46,45)",38,"biggrid50-goal(33,24)",0.8360544443130493,0.281669306983442
baseline,47,"biggrid50-goal(46,45)",39,"biggrid50-goal(40,17)",0.7680271863937378,0.3138833679048597
baseline,47,"biggrid50-goal(46,45)",40,"biggrid50-goal(40,38)",0.6795918941497803,0.07647078934424525
baseline,47,"biggrid50-goal(46,45)",41,"biggrid50-goal(33,38)",0.8350340127944946,0.40925698805523764
baseline,47,"biggrid50-goal(46,45)",42,"biggrid50-goal(9,45)",0.8091835379600525,0.20762664879308793
baseline,47,"biggrid50-goal(46,45)",43,"biggrid50-goal(9,38)",0.8292515873908997,0.31043922780867034
baseline,47,"biggrid50-goal(46,45)",44,"biggrid50-goal(9,3)",0.6346938610076904,-0.04069775833334041
baseline,47,"biggrid50-goal(46,45)",45,"biggrid50-goal(40,24)",0.8238094449043274,0.27955454047149414
baseline,47,"biggrid50-goal(46,45)",46,"biggrid50-goal(33,31)",0.8891156315803528,0.5075528221070501
baseline,47,"biggrid50-goal(46,45)",47,"biggrid50-goal(46,45)",0.9115644097328186,0.7946282601849961
baseline,48,"biggrid50-goal(3,38)",0,"biggrid50-goal(40,31)",0.726190447807312,0.15529914514198292
baseline,48,"biggrid50-goal(3,38)",1,"biggrid50-goal(9,31)",0.9224488735198975,0.6738193207147188
baseline,48,"biggrid50-goal(3,38)",2,"biggrid50-goal(15,31)",0.8714286088943481,0.3604063141296397
baseline,48,"biggrid50-goal(3,38)",3,"biggrid50-goal(9,24)",0.9537414312362671,0.7901232531341971
baseline,48,"biggrid50-goal(3,38)",4,"biggrid50-goal(21,17)",0.7534013986587524,0.11907684052737369
baseline,48,"biggrid50-goal(3,38)",5,"biggrid50-goal(27,3)",0.6826530694961548,0.029136315388401238
baseline,48,"biggrid50-goal(3,38)",6,"biggrid50-goal(3,31)",0.9472787380218506,0.6600866734481575
baseline,48,"biggrid50-goal(3,38)",7,"biggrid50-goal(33,10)",0.732653021812439,0.08604656185826863
baseline,48,"biggrid50-goal(3,38)",8,"biggrid50-goal(27,45)",0.6710883975028992,0.04446621254944144
baseline,48,"biggrid50-goal(3,38)",9,"biggrid50-goal(21,45)",0.8591836094856262,0.35413394060510295
baseline,48,"biggrid50-goal(3,38)",10,"biggrid50-goal(33,3)",0.6857141852378845,0.06288009995299153
baseline,48,"biggrid50-goal(3,38)",11,"biggrid50-goal(21,24)",0.839115560054779,0.17881906256987828
baseline,48,"biggrid50-goal(3,38)",12,"biggrid50-goal(21,3)",0.7353740930557251,0.166130560884475
baseline,48,"biggrid50-goal(3,38)",13,"biggrid50-goal(3,17)",0.8714284300804138,0.21576694996747925
baseline,48,"biggrid50-goal(3,38)",14,"biggrid50-goal(15,45)",0.8438774943351746,0.12903208644169525
baseline,48,"biggrid50-goal(3,38)",15,"biggrid50-goal(3,24)",0.9108842015266418,0.3417076068090817
baseline,48,"biggrid50-goal(3,38)",16,"biggrid50-goal(3,10)",0.7319727540016174,0.1652541224473127
baseline,48,"biggrid50-goal(3,38)",17,"biggrid50-goal(46,31)",0.6816326379776001,0.06772900717392268
baseline,48,"biggrid50-goal(3,38)",18,"biggrid50-goal(46,24)",0.6625850200653076,0.08487094653862033
baseline,48,"biggrid50-goal(3,38)",19,"biggrid50-goal(3,45)",0.8316326141357422,0.28364664781234405
baseline,48,"biggrid50-goal(3,38)",20,"biggrid50-goal(21,10)",0.7394558191299438,0.01920613964625772
baseline,48,"biggrid50-goal(3,38)",21,"biggrid50-goal(40,3)",0.5860544443130493,0.04698523324377505
baseline,48,"biggrid50-goal(3,38)",22,"biggrid50-goal(15,38)",0.8959181904792786,0.32150693431777216
baseline,48,"biggrid50-goal(3,38)",23,"biggrid50-goal(40,45)",0.6445578336715698,0.20953107227280446
baseline,48,"biggrid50-goal(3,38)",24,"biggrid50-goal(15,17)",0.8687074184417725,0.4340172313628173
baseline,48,"biggrid50-goal(3,38)",25,"biggrid50-goal(15,24)",0.8952379822731018,0.358332803969716
baseline,48,"biggrid50-goal(3,38)",26,"biggrid50-goal(21,38)",0.8503400087356567,0.14062383952056048
baseline,48,"biggrid50-goal(3,38)",27,"biggrid50-goal(33,17)",0.7482993006706238,0.04516133846278382
baseline,48,"biggrid50-goal(3,38)",28,"biggrid50-goal(27,17)",0.7659863829612732,0.1064933072858823
baseline,48,"biggrid50-goal(3,38)",29,"biggrid50-goal(3,3)",0.6476190090179443,-0.08481666016177276
baseline,48,"biggrid50-goal(3,38)",30,"biggrid50-goal(9,10)",0.8727890849113464,0.37142879862731565
baseline,48,"biggrid50-goal(3,38)",31,"biggrid50-goal(46,17)",0.6636054515838623,0.06433294958990737
baseline,48,"biggrid50-goal(3,38)",32,"biggrid50-goal(40,10)",0.6646258234977722,0.024727922308880025
baseline,48,"biggrid50-goal(3,38)",33,"biggrid50-goal(46,38)",0.6955782771110535,0.1936939397460412
baseline,48,"biggrid50-goal(3,38)",34,"biggrid50-goal(27,31)",0.8506803512573242,0.22024937273969186
baseline,48,"biggrid50-goal(3,38)",35,"biggrid50-goal(21,31)",0.8285713195800781,0.15151500847866645
baseline,48,"biggrid50-goal(3,38)",36,"biggrid50-goal(46,10)",0.5857142806053162,0.03867399723464737
baseline,48,"biggrid50-goal(3,38)",37,"biggrid50-goal(9,17)",0.8615645170211792,0.36306687249090014
baseline,48,"biggrid50-goal(3,38)",38,"biggrid50-goal(33,24)",0.7921769022941589,0.08941898928360449
baseline,48,"biggrid50-goal(3,38)",39,"biggrid50-goal(40,17)",0.6884353756904602,0.07847101827160703
baseline,48,"biggrid50-goal(3,38)",40,"biggrid50-goal(40,38)",0.6557822823524475,0.007843087398746569
baseline,48,"biggrid50-goal(3,38)",41,"biggrid50-goal(33,38)",0.7323129773139954,0.04141307721171911
baseline,48,"biggrid50-goal(3,38)",42,"biggrid50-goal(9,45)",0.9166664481163025,0.6539539352729599
baseline,48,"biggrid50-goal(3,38)",43,"biggrid50-goal(9,38)",0.8867346048355103,0.5425821408308719
baseline,48,"biggrid50-goal(3,38)",44,"biggrid50-goal(9,3)",0.6673469543457031,0.052325592254902874
baseline,48,"biggrid50-goal(3,38)",45,"biggrid50-goal(40,24)",0.7255102396011353,-0.12239218191376601
baseline,48,"biggrid50-goal(3,38)",46,"biggrid50-goal(33,31)",0.8105440735816956,0.15860966131221235
baseline,48,"biggrid50-goal(3,38)",47,"biggrid50-goal(46,45)",0.5993196964263916,0.06951024122860139
baseline,48,"biggrid50-goal(3,38)",48,"biggrid50-goal(3,38)",0.8333331942558289,0.45434248894861107
baseline,49,"biggrid50-goal(46,3)",0,"biggrid50-goal(40,31)",0.7962585091590881,0.37145870147637233
baseline,49,"biggrid50-goal(46,3)",1,"biggrid50-goal(9,31)",0.776190459728241,0.05865522282130599
baseline,49,"biggrid50-goal(46,3)",2,"biggrid50-goal(15,31)",0.7836735248565674,-0.07614179483081561
baseline,49,"biggrid50-goal(46,3)",3,"biggrid50-goal(9,24)",0.7758502960205078,-0.01697505866267226
baseline,49,"biggrid50-goal(46,3)",4,"biggrid50-goal(21,17)",0.7486394047737122,0.10206558954791674
baseline,49,"biggrid50-goal(46,3)",5,"biggrid50-goal(27,3)",0.7717686295509338,0.3017687333344153
baseline,49,"biggrid50-goal(46,3)",6,"biggrid50-goal(3,31)",0.7044217586517334,-0.9057014097020922
baseline,49,"biggrid50-goal(46,3)",7,"biggrid50-goal(33,10)",0.9108842015266418,0.6953483785018487
baseline,49,"biggrid50-goal(46,3)",8,"biggrid50-goal(27,45)",0.6506802439689636,-0.014822301729484984
baseline,49,"biggrid50-goal(46,3)",9,"biggrid50-goal(21,45)",0.7180272340774536,-0.2932914877155956
baseline,49,"biggrid50-goal(46,3)",10,"biggrid50-goal(33,3)",0.8523808717727661,0.5598375230710307
baseline,49,"biggrid50-goal(46,3)",11,"biggrid50-goal(21,24)",0.809183657169342,0.026041652405790754
baseline,49,"biggrid50-goal(46,3)",12,"biggrid50-goal(21,3)",0.8969385623931885,0.6752404775329542
baseline,49,"biggrid50-goal(46,3)",13,"biggrid50-goal(3,17)",0.738095223903656,-0.5975100988856414
baseline,49,"biggrid50-goal(46,3)",14,"biggrid50-goal(15,45)",0.7340136170387268,-0.48387065667557266
baseline,49,"biggrid50-goal(46,3)",15,"biggrid50-goal(3,24)",0.7329931855201721,-0.9723613311365523
baseline,49,"biggrid50-goal(46,3)",16,"biggrid50-goal(3,10)",0.6860544085502625,0.022245715123715187
baseline,49,"biggrid50-goal(46,3)",17,"biggrid50-goal(46,31)",0.7078230381011963,0.1444220141788911
baseline,49,"biggrid50-goal(46,3)",18,"biggrid50-goal(46,24)",0.8829930424690247,0.6826564537400139
baseline,49,"biggrid50-goal(46,3)",19,"biggrid50-goal(3,45)",0.5874149799346924,-0.7554270422923827
baseline,49,"biggrid50-goal(46,3)",20,"biggrid50-goal(21,10)",0.7438775300979614,0.0358512512553839
baseline,49,"biggrid50-goal(46,3)",21,"biggrid50-goal(40,3)",0.975169837474823,0.9428342417925453
baseline,49,"biggrid50-goal(46,3)",22,"biggrid50-goal(15,38)",0.7625849843025208,-0.5476714190629725
baseline,49,"biggrid50-goal(46,3)",23,"biggrid50-goal(40,45)",0.5955781936645508,0.10060510010483771
baseline,49,"biggrid50-goal(46,3)",24,"biggrid50-goal(15,17)",0.8568027019500732,0.38269777126960214
baseline,49,"biggrid50-goal(46,3)",25,"biggrid50-goal(15,24)",0.8051020503044128,-0.1937496394851227
baseline,49,"biggrid50-goal(46,3)",26,"biggrid50-goal(21,38)",0.7969387769699097,-0.1660161992234093
baseline,49,"biggrid50-goal(46,3)",27,"biggrid50-goal(33,17)",0.903401255607605,0.6335480352356528
baseline,49,"biggrid50-goal(46,3)",28,"biggrid50-goal(27,17)",0.7741495966911316,0.1376619469316564
baseline,49,"biggrid50-goal(46,3)",29,"biggrid50-goal(3,3)",0.6857141852378845,0.03246061328029597
baseline,49,"biggrid50-goal(46,3)",30,"biggrid50-goal(9,10)",0.7887754440307617,-0.043697176554924014
baseline,49,"biggrid50-goal(46,3)",31,"biggrid50-goal(46,17)",0.907142698764801,0.7417213876834275
baseline,49,"biggrid50-goal(46,3)",32,"biggrid50-goal(40,10)",0.6942176818847656,0.11078139700636541
baseline,49,"biggrid50-goal(46,3)",33,"biggrid50-goal(46,38)",0.772108793258667,0.39639635657289507
baseline,49,"biggrid50-goal(46,3)",34,"biggrid50-goal(27,31)",0.8275509476661682,0.0994670971971012
baseline,49,"biggrid50-goal(46,3)",35,"biggrid50-goal(21,31)",0.7598639130592346,-0.1885517942085457
baseline,49,"biggrid50-goal(46,3)",36,"biggrid50-goal(46,10)",0.8163264989852905,0.5737962853212112
baseline,49,"biggrid50-goal(46,3)",37,"biggrid50-goal(9,17)",0.8122447729110718,0.1361497686671272
baseline,49,"biggrid50-goal(46,3)",38,"biggrid50-goal(33,24)",0.8088435530662537,0.16244424909756533
baseline,49,"biggrid50-goal(46,3)",39,"biggrid50-goal(40,17)",0.9153059720993042,0.7494965885078675
baseline,49,"biggrid50-goal(46,3)",40,"biggrid50-goal(40,38)",0.6602040529251099,0.020588190322518022
baseline,49,"biggrid50-goal(46,3)",41,"biggrid50-goal(33,38)",0.730272114276886,0.034104749004603134
baseline,49,"biggrid50-goal(46,3)",42,"biggrid50-goal(9,45)",0.6622448563575745,-0.402542381271552
baseline,49,"biggrid50-goal(46,3)",43,"biggrid50-goal(9,38)",0.690816342830658,-0.24862608166506553
baseline,49,"biggrid50-goal(46,3)",44,"biggrid50-goal(9,3)",0.6663265228271484,0.049418548872544314
baseline,49,"biggrid50-goal(46,3)",45,"biggrid50-goal(40,24)",0.8636053800582886,0.44228063423851677
baseline,49,"biggrid50-goal(46,3)",46,"biggrid50-goal(33,31)",0.8091837167739868,0.15256819775489336
baseline,49,"biggrid50-goal(46,3)",47,"biggrid50-goal(46,45)",0.6142857074737549,0.10426543105208337
baseline,49,"biggrid50-goal(46,3)",48,"biggrid50-goal(3,38)",0.6537415385246277,-0.13363023564002435
baseline,49,"biggrid50-goal(46,3)",49,"biggrid50-goal(46,3)",0.8751699328422546,0.7187736587606066
