iter,frames,agent_steps,episodes,wall_s,train_return_mean,greedy_score,pg_loss,v_loss,entropy,approx_kl,clipfrac
0,8192,2048,0,2397.9,nan,0.0,0.0153,177.841,2.8776,0.01137,0.3313
1,16384,4096,0,2400.6,nan,,-0.0041,0.1978,2.8884,0.00136,0.0826
2,24576,6144,0,2403.3,nan,,-0.0031,0.1048,2.8877,0.00107,0.0388
3,32768,8192,0,2405.9,nan,,-0.002,0.0782,2.8865,0.00043,0.0043
4,40960,10240,0,2408.5,nan,,-0.0037,0.0435,2.8853,0.00099,0.0293
5,49152,12288,0,2411.1,nan,,-0.004,0.0309,2.8862,0.00116,0.0631
6,57344,14336,1,2413.8,6.0,,-0.0028,0.0278,2.8837,0.00061,0.0137
7,65536,16384,5,2416.4,6.0,,-0.0044,0.0359,2.8805,0.00105,0.0426
8,73728,18432,7,2419.1,6.571,,-0.0049,0.03,2.8756,0.00162,0.0734
9,81920,20480,8,2421.7,7.125,,-0.0052,0.0341,2.8707,0.00121,0.0663
10,90112,22528,8,2424.4,7.125,,-0.0077,0.0257,2.877,0.00186,0.1038
11,98304,24576,9,2427.0,7.778,,-0.01,0.0114,2.8705,0.00154,0.0857
12,106496,26624,10,2429.7,8.4,,-0.0103,0.0241,2.8774,0.00212,0.1201
13,114688,28672,15,2432.3,10.2,,-0.0102,0.0321,2.8717,0.00193,0.1072
14,122880,30720,15,2435.0,10.2,,-0.0131,0.0388,2.8671,0.0023,0.1343
15,131072,32768,17,2437.6,9.588,,-0.0178,0.025,2.8565,0.00255,0.1552
16,139264,34816,18,2440.3,10.056,,-0.0179,0.031,2.8528,0.00333,0.1827
17,147456,36864,19,2443.0,10.211,,-0.0183,0.0258,2.8578,0.00366,0.234
18,155648,38912,20,2445.6,10.3,,-0.0209,0.0266,2.8539,0.00372,0.2142
19,163840,40960,21,2448.3,10.19,,-0.0183,0.0256,2.8499,0.00372,0.2091
20,172032,43008,23,2450.9,10.0,,-0.0204,0.0262,2.8535,0.00364,0.2124
21,180224,45056,25,2453.6,9.92,,-0.0204,0.0295,2.8535,0.00382,0.2083
22,188416,47104,26,2456.2,10.038,,-0.0199,0.0284,2.8517,0.00332,0.1896
23,196608,49152,27,2458.9,10.259,,-0.0233,0.0306,2.8457,0.00357,0.2108
24,204800,51200,30,2461.5,10.167,,-0.023,0.0352,2.8487,0.00369,0.2087
25,212992,53248,32,2464.2,10.188,,-0.0213,0.0258,2.8535,0.00421,0.2355
26,221184,55296,33,2466.8,10.333,,-0.02,0.032,2.8467,0.00485,0.2754
27,229376,57344,34,2469.5,10.471,,-0.0235,0.0297,2.8437,0.00478,0.2584
28,237568,59392,35,2472.1,10.486,,-0.023,0.0184,2.8446,0.00427,0.2432
29,245760,61440,36,2474.8,10.611,,-0.0234,0.0247,2.8316,0.0055,0.2938
30,253952,63488,36,2477.5,10.611,,-0.0248,0.0279,2.8266,0.00542,0.2855
31,262144,65536,37,2480.1,10.595,,-0.0245,0.0326,2.8341,0.00556,0.2739
32,270336,67584,38,2482.7,10.711,,-0.0269,0.0234,2.8318,0.00657,0.3263
33,278528,69632,40,2485.4,10.75,,-0.026,0.0318,2.8296,0.0054,0.2729
34,286720,71680,41,2488.1,10.829,,-0.0278,0.0259,2.8206,0.00633,0.3073
35,294912,73728,43,2490.7,10.721,,-0.0258,0.0275,2.8165,0.00643,0.3112
36,303104,75776,44,2493.4,10.614,,-0.0245,0.0313,2.814,0.00588,0.2924
37,311296,77824,44,2496.0,10.614,,-0.0259,0.0285,2.8161,0.00594,0.2954
38,319488,79872,44,2498.6,10.614,,-0.0259,0.0354,2.8062,0.00671,0.3033
39,327680,81920,48,2501.3,11.042,,-0.0281,0.0247,2.8205,0.00613,0.2914
40,335872,83968,52,2504.0,11.327,,-0.0258,0.0244,2.8149,0.00665,0.321
41,344064,86016,54,2506.7,11.148,,-0.027,0.0348,2.7852,0.00702,0.3292
42,352256,88064,54,2509.3,11.148,,-0.0236,0.0323,2.7864,0.00765,0.3483
43,360448,90112,55,2511.9,11.127,,-0.0247,0.0182,2.7849,0.0069,0.3201
44,368640,92160,55,2514.6,11.127,,-0.0275,0.0358,2.777,0.00717,0.3469
45,376832,94208,57,2517.2,11.123,,-0.0255,0.0174,2.7791,0.0074,0.3352
46,385024,96256,58,2519.9,11.069,,-0.0274,0.0251,2.7669,0.00808,0.3473
47,393216,98304,60,2522.6,10.983,,-0.0262,0.0287,2.7579,0.00767,0.3567
48,401408,100352,61,2525.2,10.984,,-0.0254,0.0273,2.761,0.00811,0.3733
49,409600,102400,61,2527.9,10.984,,-0.0256,0.0238,2.7752,0.0087,0.3685
50,417792,104448,65,2530.5,10.969,,-0.0243,0.0283,2.7521,0.0085,0.3401
51,425984,106496,68,2533.2,11.0,,-0.0248,0.0246,2.7572,0.00842,0.3696
52,434176,108544,68,2535.8,11.0,,-0.0255,0.028,2.7464,0.00788,0.3478
53,442368,110592,69,2538.5,11.072,,-0.0284,0.0271,2.7373,0.0078,0.337
54,450560,112640,72,2541.1,11.056,,-0.0245,0.0246,2.753,0.00904,0.3757
55,458752,114688,73,2543.8,10.986,,-0.0277,0.0294,2.7551,0.00752,0.3228
56,466944,116736,75,2546.4,10.867,,-0.029,0.0288,2.7712,0.00753,0.3448
57,475136,118784,77,2549.1,10.883,,-0.0288,0.0251,2.7614,0.00847,0.356
58,483328,120832,77,2551.8,10.883,,-0.0295,0.0295,2.7445,0.00907,0.3566
59,491520,122880,78,2554.4,10.936,,-0.0281,0.0227,2.7447,0.0084,0.3629
60,499712,124928,79,2557.1,10.924,,-0.0262,0.0302,2.733,0.00862,0.3625
61,507904,126976,82,2559.7,10.915,,-0.0286,0.0211,2.747,0.00958,0.351
62,516096,129024,83,2562.4,10.952,,-0.03,0.0275,2.7122,0.0088,0.3549
63,524288,131072,86,2565.0,10.93,,-0.0291,0.0305,2.7123,0.01107,0.374
64,532480,133120,86,2567.7,10.93,,-0.0293,0.0286,2.7126,0.00979,0.3666
65,540672,135168,90,2570.3,10.878,,-0.027,0.02,2.7465,0.0101,0.3888
66,548864,137216,91,2573.0,10.89,,-0.0317,0.0358,2.7017,0.00908,0.3679
67,557056,139264,92,2575.7,10.913,,-0.0303,0.024,2.7309,0.0107,0.3763
68,565248,141312,94,2578.3,10.883,,-0.0244,0.0219,2.7227,0.01171,0.4124
69,573440,143360,94,2580.9,10.883,,-0.0302,0.0272,2.6804,0.0115,0.4282
70,581632,145408,94,2583.6,10.883,,-0.0283,0.0281,2.723,0.0107,0.3917
71,589824,147456,97,2586.2,11.0,,-0.0273,0.0242,2.7444,0.00993,0.3665
72,598016,149504,100,2588.9,10.95,,-0.0256,0.0253,2.7365,0.01109,0.3721
73,606208,151552,103,2591.5,11.03,,-0.0285,0.0279,2.7175,0.01012,0.3975
74,614400,153600,105,2594.2,11.05,,-0.0301,0.0377,2.7123,0.01009,0.3938
75,622592,155648,106,2596.9,11.03,,-0.0292,0.0365,2.7164,0.00872,0.3503
76,630784,157696,106,2599.5,11.03,,-0.0283,0.0275,2.7193,0.01032,0.3811
77,638976,159744,107,2602.2,11.07,,-0.028,0.0256,2.7076,0.01186,0.4119
78,647168,161792,108,2604.8,11.11,,-0.0304,0.0314,2.6761,0.01263,0.4351
79,655360,163840,109,2607.5,11.1,,-0.0308,0.0244,2.6825,0.01209,0.3853
80,663552,165888,110,2610.1,11.05,,-0.0271,0.0286,2.6628,0.01223,0.4124
81,671744,167936,113,2612.8,10.85,,-0.0314,0.0264,2.6685,0.01048,0.3832
82,679936,169984,113,2615.4,10.85,,-0.0286,0.0336,2.6462,0.01389,0.4458
83,688128,172032,116,2618.1,10.87,,-0.0298,0.0295,2.6181,0.01201,0.4167
84,696320,174080,118,2620.8,10.9,,-0.0285,0.036,2.6058,0.01264,0.4393
85,704512,176128,119,2623.4,10.92,,-0.0307,0.0315,2.6402,0.011,0.3911
86,712704,178176,121,2626.0,11.01,,-0.0299,0.0317,2.5907,0.01437,0.4419
87,720896,180224,123,2628.7,11.12,,-0.0287,0.0319,2.5221,0.0131,0.4244
88,729088,182272,123,2631.4,11.12,,-0.03,0.0361,2.5155,0.01446,0.4619
89,737280,184320,125,2634.0,11.18,,-0.029,0.0291,2.5517,0.01343,0.4089
90,745472,186368,126,2636.7,11.11,,-0.0295,0.0243,2.5485,0.01375,0.4132
91,753664,188416,128,2639.3,11.07,,-0.0292,0.0247,2.5822,0.01504,0.4413
92,761856,190464,130,2642.0,11.12,,-0.0313,0.0345,2.5968,0.01301,0.4166
93,770048,192512,132,2644.6,11.19,,-0.0299,0.0302,2.6083,0.01392,0.4247
94,778240,194560,133,2647.3,11.15,,-0.0293,0.0218,2.6391,0.01365,0.4379
95,786432,196608,135,2650.0,11.08,,-0.03,0.028,2.5827,0.01383,0.4257
96,794624,198656,136,2652.6,10.99,,-0.0311,0.0371,2.5998,0.01474,0.4288
97,802816,200704,138,2655.3,11.04,,-0.0297,0.0288,2.6498,0.01336,0.3866
98,811008,202752,138,2657.9,11.04,,-0.0293,0.0318,2.6392,0.01321,0.4342
99,819200,204800,139,2660.6,11.16,,-0.0298,0.0304,2.6557,0.01251,0.3923
100,827392,206848,141,2797.5,11.13,624.760009765625,-0.0288,0.0326,2.6683,0.01233,0.3855
101,835584,208896,142,2800.1,11.1,,-0.0287,0.029,2.6614,0.01375,0.3993
102,843776,210944,145,2802.8,11.21,,-0.0328,0.0296,2.6218,0.01411,0.4285
103,851968,212992,148,2805.5,11.0,,-0.0307,0.032,2.6072,0.01306,0.4193
104,860160,215040,150,2808.1,11.03,,-0.0286,0.0356,2.6372,0.01328,0.4259
105,868352,217088,152,2810.8,11.01,,-0.0314,0.0342,2.6175,0.01352,0.4182
106,876544,219136,152,2813.4,11.01,,-0.0343,0.038,2.6358,0.01264,0.3959
107,884736,221184,152,2816.0,11.01,,-0.0325,0.0403,2.6408,0.01405,0.4423
108,892928,223232,152,2818.6,11.01,,-0.0298,0.0301,2.6615,0.01294,0.3966
109,901120,225280,155,2821.3,10.96,,-0.0328,0.0322,2.621,0.01394,0.4075
110,909312,227328,155,2823.9,10.96,,-0.0324,0.035,2.5958,0.01464,0.4481
111,917504,229376,159,2826.6,11.2,,-0.0307,0.0328,2.6239,0.01433,0.4542
112,925696,231424,159,2829.2,11.2,,-0.0318,0.0296,2.5875,0.01369,0.4165
113,933888,233472,160,2831.9,11.19,,-0.0285,0.036,2.604,0.0139,0.4497
114,942080,235520,165,2834.5,11.51,,-0.0316,0.0312,2.6064,0.01324,0.4174
115,950272,237568,168,2837.2,11.66,,-0.0308,0.0369,2.534,0.01523,0.4586
116,958464,239616,168,2839.9,11.66,,-0.0337,0.0334,2.4934,0.01368,0.4237
117,966656,241664,168,2842.5,11.66,,-0.0338,0.0406,2.4597,0.01314,0.4086
118,974848,243712,168,2845.1,11.66,,-0.0289,0.0274,2.5806,0.0155,0.406
119,983040,245760,168,2847.8,11.66,,-0.0312,0.0346,2.5612,0.01519,0.4303
120,991232,247808,169,2850.4,11.68,,-0.028,0.0336,2.5758,0.01539,0.4127
121,999424,249856,172,2853.0,11.7,,-0.0299,0.0398,2.579,0.01523,0.4257
122,1007616,251904,176,2855.7,11.89,,-0.0294,0.0314,2.6007,0.01355,0.4082
123,1015808,253952,179,2858.4,11.87,,-0.0315,0.043,2.5034,0.01368,0.4288
124,1024000,256000,182,2861.0,12.04,,-0.0295,0.0317,2.5455,0.0153,0.4282
125,1032192,258048,183,2863.7,12.05,,-0.0343,0.0464,2.4879,0.01444,0.4412
126,1040384,260096,184,2866.3,12.05,,-0.0325,0.03,2.5546,0.01406,0.4089
127,1048576,262144,184,2869.0,12.05,,-0.032,0.036,2.5279,0.01437,0.4463
128,1056768,264192,185,2871.6,12.02,,-0.0291,0.0335,2.5668,0.01503,0.4358
129,1064960,266240,186,2874.2,11.99,,-0.0312,0.0366,2.5426,0.01688,0.4425
130,1073152,268288,188,2876.9,11.98,,-0.0322,0.0306,2.5597,0.01564,0.4108
131,1081344,270336,190,2879.5,11.97,,-0.0297,0.0295,2.5389,0.01671,0.4396
132,1089536,272384,191,2882.2,11.98,,-0.0315,0.0312,2.5408,0.01524,0.4534
133,1097728,274432,194,2884.8,12.0,,-0.0311,0.0276,2.5625,0.01567,0.424
134,1105920,276480,194,2887.5,12.0,,-0.0341,0.0362,2.5043,0.01691,0.4788
135,1114112,278528,195,2890.1,11.94,,-0.0349,0.0274,2.5109,0.01604,0.4523
136,1122304,280576,197,2892.8,12.06,,-0.0302,0.0354,2.532,0.01532,0.4366
137,1130496,282624,198,2895.4,12.02,,-0.0316,0.0293,2.5753,0.01519,0.4343
138,1138688,284672,201,2898.1,12.3,,-0.0275,0.032,2.5415,0.01767,0.4677
139,1146880,286720,201,2900.7,12.3,,-0.0315,0.04,2.533,0.01531,0.4465
140,1155072,288768,201,2903.3,12.3,,-0.0333,0.0384,2.5125,0.01612,0.4481
141,1163264,290816,204,2906.0,12.59,,-0.0299,0.0283,2.5751,0.01626,0.4065
142,1171456,292864,205,2908.6,12.65,,-0.0302,0.0357,2.541,0.01727,0.4823
143,1179648,294912,206,2911.3,12.66,,-0.029,0.0355,2.5342,0.01679,0.4556
144,1187840,296960,211,2913.9,12.91,,-0.0281,0.0389,2.5596,0.01523,0.4379
145,1196032,299008,213,2916.6,13.06,,-0.0297,0.0277,2.5182,0.01728,0.4447
146,1204224,301056,213,2919.2,13.06,,-0.0314,0.0488,2.4719,0.019,0.4961
147,1212416,303104,214,2921.9,13.03,,-0.0288,0.0299,2.5561,0.01675,0.4456
148,1220608,305152,215,2924.5,13.05,,-0.0279,0.0263,2.5784,0.01484,0.4204
149,1228800,307200,215,2927.1,13.05,,-0.0267,0.0271,2.5696,0.01926,0.4536
150,1236992,309248,218,2929.8,13.14,,-0.0303,0.0348,2.5482,0.01763,0.4158
151,1245184,311296,219,2932.4,13.05,,-0.0292,0.0304,2.5598,0.01613,0.4407
152,1253376,313344,221,2935.1,13.03,,-0.0328,0.0301,2.5334,0.01666,0.4805
153,1261568,315392,223,2937.7,13.07,,-0.0293,0.0304,2.5555,0.01794,0.4597
154,1269760,317440,224,2940.4,13.09,,-0.0275,0.0402,2.5683,0.01666,0.4652
155,1277952,319488,226,2943.0,13.23,,-0.0306,0.0356,2.5836,0.01456,0.4554
156,1286144,321536,227,2945.7,13.3,,-0.0311,0.0309,2.6056,0.01375,0.4208
157,1294336,323584,228,2948.3,13.42,,-0.0319,0.0306,2.5923,0.0153,0.4432
158,1302528,325632,229,2950.9,13.44,,-0.0286,0.0416,2.5816,0.01579,0.4696
159,1310720,327680,229,2953.6,13.44,,-0.0338,0.0304,2.6009,0.01391,0.4187
160,1318912,329728,233,2956.3,13.51,,-0.0311,0.028,2.583,0.01455,0.4397
161,1327104,331776,234,2958.9,13.57,,-0.0325,0.0392,2.5838,0.01734,0.444
162,1335296,333824,235,2961.6,13.61,,-0.0325,0.0328,2.5605,0.01532,0.4521
163,1343488,335872,237,2964.2,13.63,,-0.0258,0.0315,2.5746,0.01734,0.4497
164,1351680,337920,238,2966.8,13.56,,-0.03,0.0412,2.53,0.01606,0.4812
165,1359872,339968,243,2969.5,13.74,,-0.0321,0.03,2.5438,0.01583,0.4382
166,1368064,342016,243,2972.2,13.74,,-0.0313,0.0327,2.4652,0.0179,0.4896
167,1376256,344064,243,2974.8,13.74,,-0.0327,0.028,2.5173,0.01661,0.4557
168,1384448,346112,243,2977.4,13.74,,-0.0281,0.0395,2.5038,0.0154,0.4492
169,1392640,348160,244,2980.1,13.76,,-0.0297,0.0312,2.5771,0.01513,0.4518
170,1400832,350208,247,2982.7,13.94,,-0.0296,0.0229,2.5797,0.01307,0.4094
171,1409024,352256,247,2985.3,13.94,,-0.032,0.0252,2.5502,0.01615,0.4324
172,1417216,354304,251,2988.0,13.81,,-0.0317,0.0279,2.53,0.01625,0.4463
173,1425408,356352,253,2990.7,13.94,,-0.0293,0.0294,2.5498,0.01456,0.4244
174,1433600,358400,253,2993.3,13.94,,-0.0311,0.0305,2.5446,0.01635,0.4465
175,1441792,360448,255,2996.0,14.16,,-0.0346,0.0338,2.5787,0.01416,0.4213
176,1449984,362496,256,2998.6,14.16,,-0.034,0.0367,2.5883,0.01624,0.4419
177,1458176,364544,256,3001.2,14.16,,-0.0313,0.0207,2.6057,0.01532,0.4214
178,1466368,366592,256,3003.9,14.16,,-0.035,0.0318,2.5342,0.01606,0.4514
179,1474560,368640,259,3006.5,14.2,,-0.0315,0.0295,2.6085,0.0156,0.4122
180,1482752,370688,260,3009.2,14.2,,-0.0332,0.0264,2.592,0.01654,0.4685
181,1490944,372736,262,3011.8,14.09,,-0.0289,0.0245,2.5888,0.01592,0.437
182,1499136,374784,264,3014.4,14.08,,-0.0292,0.0244,2.5812,0.01665,0.4363
183,1507328,376832,264,3017.1,14.08,,-0.0297,0.0335,2.5502,0.01716,0.4696
184,1515520,378880,266,3019.7,14.1,,-0.0329,0.0327,2.5553,0.01681,0.4308
185,1523712,380928,266,3022.4,14.1,,-0.0337,0.033,2.5517,0.01808,0.4615
186,1531904,382976,267,3025.0,14.05,,-0.034,0.0328,2.5769,0.01612,0.4358
187,1540096,385024,269,3027.7,13.94,,-0.0311,0.0366,2.5509,0.01772,0.4685
188,1548288,387072,270,3030.3,13.95,,-0.0332,0.0342,2.5682,0.01638,0.4585
189,1556480,389120,271,3033.0,14.04,,-0.0336,0.0287,2.5762,0.01563,0.4343
190,1564672,391168,275,3035.6,14.43,,-0.032,0.0249,2.587,0.01714,0.4347
191,1572864,393216,277,3038.3,14.34,,-0.0347,0.0336,2.564,0.01824,0.4763
192,1581056,395264,278,3040.9,14.4,,-0.0334,0.0313,2.5718,0.01736,0.4526
193,1589248,397312,278,3043.6,14.4,,-0.0319,0.0409,2.5541,0.01677,0.4655
194,1597440,399360,278,3046.2,14.4,,-0.0314,0.0253,2.5779,0.01643,0.3949
195,1605632,401408,281,3048.9,14.3,,-0.0349,0.0285,2.5798,0.01517,0.4095
196,1613824,403456,283,3051.5,14.31,,-0.0303,0.025,2.5726,0.01765,0.4294
197,1622016,405504,283,3054.2,14.31,,-0.0356,0.0393,2.5386,0.01789,0.4575
198,1630208,407552,285,3056.8,14.44,,-0.0321,0.0316,2.589,0.0168,0.4177
199,1638400,409600,286,3059.5,14.44,,-0.035,0.0313,2.554,0.01536,0.428
200,1646592,411648,290,3196.1,14.65,877.719970703125,-0.0345,0.0282,2.5812,0.01577,0.4319
201,1654784,413696,292,3198.7,14.75,,-0.0316,0.0339,2.5271,0.01625,0.4709
202,1662976,415744,292,3201.4,14.75,,-0.0351,0.0383,2.5348,0.01712,0.451
203,1671168,417792,293,3204.0,14.85,,-0.0325,0.0362,2.5579,0.01587,0.4482
204,1679360,419840,293,3206.7,14.85,,-0.0351,0.0331,2.5354,0.0171,0.4401
205,1687552,421888,295,3209.3,14.8,,-0.0339,0.0335,2.5691,0.0166,0.4109
206,1695744,423936,295,3212.0,14.8,,-0.0364,0.0344,2.5912,0.01618,0.441
207,1703936,425984,298,3214.6,14.92,,-0.0335,0.0266,2.6227,0.01518,0.4302
208,1712128,428032,300,3217.3,14.89,,-0.0352,0.0377,2.6006,0.01653,0.4299
209,1720320,430080,300,3219.9,14.89,,-0.0342,0.0325,2.5878,0.0161,0.4536
210,1728512,432128,302,3222.6,14.66,,-0.0343,0.0314,2.6216,0.0151,0.4231
211,1736704,434176,304,3225.2,14.75,,-0.0326,0.0337,2.6265,0.0147,0.4314
212,1744896,436224,305,3227.9,14.83,,-0.0357,0.041,2.5808,0.01504,0.4615
213,1753088,438272,306,3230.5,14.89,,-0.0332,0.0443,2.5699,0.0163,0.4354
214,1761280,440320,306,3233.2,14.89,,-0.0305,0.0395,2.5532,0.01855,0.4873
215,1769472,442368,308,3235.8,14.9,,-0.0329,0.0415,2.591,0.01864,0.4613
216,1777664,444416,310,3238.5,14.92,,-0.0326,0.0262,2.6077,0.01851,0.4495
217,1785856,446464,311,3241.2,14.94,,-0.0358,0.0369,2.5981,0.01759,0.4822
218,1794048,448512,312,3243.8,14.88,,-0.0336,0.04,2.6116,0.01562,0.4623
219,1802240,450560,314,3246.5,15.13,,-0.0321,0.0377,2.6309,0.01625,0.4178
220,1810432,452608,314,3249.1,15.13,,-0.0344,0.0307,2.6234,0.01689,0.4535
221,1818624,454656,317,3251.8,15.4,,-0.0329,0.0324,2.6029,0.01692,0.4568
222,1826816,456704,320,3254.4,15.61,,-0.0333,0.0259,2.6199,0.01571,0.4421
223,1835008,458752,322,3257.1,15.5,,-0.0352,0.0338,2.5917,0.01677,0.4597
224,1843200,460800,323,3259.7,15.51,,-0.0361,0.0379,2.5664,0.01895,0.4753
225,1851392,462848,323,3262.4,15.51,,-0.0349,0.0331,2.6058,0.01706,0.4474
226,1859584,464896,325,3265.0,15.44,,-0.036,0.0371,2.5929,0.01702,0.4506
227,1867776,466944,327,3267.7,15.48,,-0.0353,0.0391,2.6511,0.01739,0.4436
228,1875968,468992,329,3270.3,15.25,,-0.0351,0.031,2.6369,0.01628,0.4404
229,1884160,471040,330,3273.0,15.19,,-0.0327,0.0385,2.617,0.01769,0.4604
230,1892352,473088,334,3275.6,15.18,,-0.035,0.0366,2.6267,0.01637,0.4226
231,1900544,475136,334,3278.3,15.18,,-0.0357,0.0371,2.6133,0.01798,0.4716
232,1908736,477184,335,3280.9,15.19,,-0.0327,0.036,2.5688,0.01656,0.4575
233,1916928,479232,336,3283.6,15.27,,-0.0327,0.0403,2.559,0.01835,0.4668
234,1925120,481280,337,3286.2,15.34,,-0.0348,0.045,2.5572,0.01886,0.4559
235,1933312,483328,337,3288.9,15.34,,-0.0313,0.0292,2.5839,0.01622,0.4138
236,1941504,485376,339,3291.5,15.35,,-0.0346,0.0284,2.569,0.02067,0.4677
237,1949696,487424,342,3294.2,15.38,,-0.0361,0.0374,2.5452,0.02121,0.4653
238,1957888,489472,344,3296.9,15.35,,-0.0352,0.0365,2.5033,0.01927,0.4647
239,1966080,491520,347,3299.5,15.28,,-0.0343,0.0349,2.5505,0.01908,0.4465
240,1974272,493568,348,3302.2,15.32,,-0.0353,0.038,2.5223,0.01801,0.45
241,1982464,495616,348,3304.8,15.32,,-0.0363,0.0379,2.5093,0.01944,0.4626
242,1990656,497664,348,3307.5,15.32,,-0.0351,0.0341,2.4999,0.01825,0.4423
243,1998848,499712,349,3310.1,15.27,,-0.034,0.0357,2.5731,0.01841,0.4508
244,2007040,501760,351,3312.8,15.49,,-0.0351,0.0311,2.5451,0.01648,0.4371
245,2015232,503808,353,3315.4,15.49,,-0.0355,0.0328,2.5203,0.01854,0.4482
246,2023424,505856,353,3318.1,15.49,,-0.0348,0.0323,2.5571,0.01886,0.4507
247,2031616,507904,354,3320.8,15.51,,-0.0372,0.0408,2.5163,0.01758,0.4574
248,2039808,509952,355,3323.4,15.49,,-0.0311,0.0314,2.5633,0.01661,0.4431
249,2048000,512000,358,3326.1,15.48,,-0.0336,0.0268,2.5603,0.01849,0.4139
250,2056192,514048,359,3328.7,15.53,,-0.0371,0.03,2.5135,0.01833,0.4613
251,2064384,516096,362,3331.4,15.74,,-0.038,0.0374,2.4659,0.02014,0.4645
252,2072576,518144,363,3334.0,15.8,,-0.0319,0.0323,2.4951,0.0182,0.4326
253,2080768,520192,364,3336.7,15.86,,-0.0311,0.0292,2.5161,0.01907,0.4551
254,2088960,522240,364,3339.3,15.86,,-0.0281,0.0355,2.4917,0.02296,0.5315
255,2097152,524288,366,3342.0,15.81,,-0.0354,0.0416,2.4787,0.01784,0.4374
256,2105344,526336,367,3344.6,15.87,,-0.0325,0.0297,2.4784,0.02462,0.4916
257,2113536,528384,369,3347.3,15.82,,-0.0327,0.0317,2.5148,0.01868,0.4524
258,2121728,530432,371,3349.9,15.83,,-0.0336,0.0225,2.5827,0.01741,0.4489
259,2129920,532480,372,3352.6,15.89,,-0.0356,0.0343,2.4571,0.01882,0.47
260,2138112,534528,373,3355.3,15.86,,-0.0356,0.0411,2.4344,0.02106,0.4722
261,2146304,536576,373,3357.9,15.86,,-0.0392,0.0317,2.4682,0.02079,0.4858
262,2154496,538624,378,3360.6,15.92,,-0.0357,0.0287,2.5131,0.01973,0.4553
263,2162688,540672,379,3363.3,15.94,,-0.0342,0.0302,2.5266,0.02114,0.4561
264,2170880,542720,380,3365.9,16.0,,-0.0322,0.0421,2.5262,0.01783,0.4429
265,2179072,544768,381,3368.5,16.06,,-0.0336,0.0292,2.5354,0.01873,0.4719
266,2187264,546816,382,3371.2,16.07,,-0.0326,0.0413,2.5504,0.0206,0.4655
267,2195456,548864,383,3373.8,15.96,,-0.033,0.0307,2.5658,0.01862,0.4203
268,2203648,550912,384,3376.5,15.96,,-0.0361,0.0337,2.5708,0.0186,0.4825
269,2211840,552960,386,3379.1,16.0,,-0.0328,0.0265,2.5432,0.01939,0.4573
270,2220032,555008,388,3381.8,16.02,,-0.0348,0.034,2.5719,0.01831,0.4507
271,2228224,557056,389,3384.4,15.97,,-0.0329,0.0407,2.5535,0.02263,0.4518
272,2236416,559104,390,3387.1,16.01,,-0.0352,0.0307,2.5433,0.01986,0.4678
273,2244608,561152,392,3389.7,16.08,,-0.0341,0.0386,2.4874,0.02108,0.4868
274,2252800,563200,393,3392.4,16.05,,-0.0368,0.0322,2.4985,0.0214,0.4751
275,2260992,565248,394,3395.1,16.2,,-0.0339,0.0377,2.4728,0.02026,0.5004
276,2269184,567296,396,3397.7,16.16,,-0.0374,0.0372,2.5505,0.02219,0.459
277,2277376,569344,397,3400.4,16.09,,-0.0381,0.0257,2.5072,0.02156,0.4791
278,2285568,571392,399,3403.0,16.14,,-0.0313,0.0269,2.5305,0.02051,0.4376
279,2293760,573440,400,3405.7,16.12,,-0.0358,0.0351,2.45,0.02318,0.463
280,2301952,575488,403,3408.3,16.22,,-0.0353,0.0419,2.4371,0.02099,0.4707
281,2310144,577536,404,3411.0,16.18,,-0.0362,0.0363,2.3798,0.02262,0.4727
282,2318336,579584,405,3413.6,16.14,,-0.0363,0.0361,2.3734,0.02158,0.4763
283,2326528,581632,408,3416.3,16.11,,-0.0333,0.0342,2.4968,0.0228,0.4598
284,2334720,583680,408,3418.9,16.11,,-0.0376,0.0348,2.4011,0.02412,0.4889
285,2342912,585728,411,3421.6,16.2,,-0.0335,0.0306,2.3998,0.02577,0.5016
286,2351104,587776,411,3424.3,16.2,,-0.0372,0.0359,2.3319,0.02337,0.5006
287,2359296,589824,412,3426.9,16.16,,-0.0353,0.0339,2.3512,0.02601,0.5057
288,2367488,591872,415,3429.6,15.93,,-0.0298,0.0289,2.3931,0.02691,0.4993
289,2375680,593920,415,3432.2,15.93,,-0.0322,0.042,2.3159,0.02143,0.479
290,2383872,595968,416,3434.9,15.91,,-0.0305,0.0432,2.3981,0.0237,0.4885
291,2392064,598016,417,3437.5,15.83,,-0.0342,0.0308,2.4434,0.02181,0.4548
292,2400256,600064,418,3440.2,15.7,,-0.037,0.034,2.4167,0.02514,0.4957
293,2408448,602112,418,3442.8,15.7,,-0.0342,0.037,2.3951,0.02084,0.4802
294,2416640,604160,422,3445.5,15.85,,-0.0333,0.0407,2.4172,0.02183,0.457
295,2424832,606208,425,3448.2,16.1,,-0.0326,0.0307,2.3731,0.02239,0.5013
296,2433024,608256,428,3450.8,16.19,,-0.0326,0.0423,2.3529,0.02273,0.4952
297,2441216,610304,429,3453.5,16.26,,-0.0348,0.0478,2.3429,0.01971,0.4695
298,2449408,612352,429,3456.1,16.26,,-0.0348,0.0342,2.3964,0.02066,0.4867
299,2457600,614400,430,3458.8,16.17,,-0.0358,0.0316,2.4565,0.02168,0.4581
300,2465792,616448,431,3597.2,16.29,856.3200073242188,-0.0352,0.0403,2.4168,0.02077,0.4974
301,2473984,618496,432,3599.9,16.27,,-0.0335,0.0324,2.5178,0.02177,0.4573
302,2482176,620544,433,3602.5,16.31,,-0.033,0.036,2.454,0.02124,0.4742
303,2490368,622592,435,3605.1,16.39,,-0.0305,0.0333,2.4795,0.02145,0.4885
304,2498560,624640,435,3607.8,16.39,,-0.0302,0.0263,2.5134,0.02131,0.4576
305,2506752,626688,436,3610.4,16.3,,-0.0325,0.0377,2.5033,0.02168,0.4817
306,2514944,628736,440,3613.1,16.37,,-0.0343,0.0274,2.5302,0.02001,0.4863
307,2523136,630784,441,3615.7,16.39,,-0.0356,0.0411,2.49,0.02033,0.4858
308,2531328,632832,443,3618.4,16.39,,-0.0341,0.0291,2.4959,0.01873,0.4464
309,2539520,634880,444,3621.1,16.41,,-0.0375,0.0369,2.5156,0.01918,0.4594
310,2547712,636928,444,3623.7,16.41,,-0.0349,0.0432,2.4841,0.01885,0.457
311,2555904,638976,444,3626.4,16.41,,-0.0352,0.0337,2.4846,0.01809,0.4572
312,2564096,641024,445,3629.0,16.35,,-0.0383,0.0352,2.4917,0.01906,0.4501
313,2572288,643072,447,3631.7,16.48,,-0.0313,0.0313,2.5569,0.01852,0.4481
314,2580480,645120,449,3634.3,16.61,,-0.0325,0.0288,2.5078,0.01939,0.4474
315,2588672,647168,451,3637.0,16.64,,-0.0346,0.0358,2.5123,0.01753,0.4351
316,2596864,649216,453,3639.7,16.6,,-0.038,0.0485,2.5018,0.01828,0.444
317,2605056,651264,453,3642.3,16.6,,-0.0327,0.0252,2.5691,0.01961,0.4443
318,2613248,653312,455,3645.0,16.72,,-0.0386,0.0423,2.4904,0.01698,0.4384
319,2621440,655360,457,3647.7,16.76,,-0.0347,0.0383,2.4783,0.01848,0.444
320,2629632,657408,458,3650.3,16.77,,-0.0365,0.0382,2.4853,0.02041,0.4716
321,2637824,659456,461,3653.0,16.63,,-0.0337,0.0326,2.5793,0.01728,0.4136
322,2646016,661504,461,3655.6,16.63,,-0.0351,0.0227,2.5427,0.01947,0.4509
323,2654208,663552,463,3658.3,16.55,,-0.0353,0.0393,2.4932,0.01748,0.4502
324,2662400,665600,463,3660.9,16.55,,-0.0351,0.0357,2.5298,0.01834,0.4537
325,2670592,667648,464,3663.5,16.61,,-0.0373,0.0355,2.538,0.01954,0.4594
326,2678784,669696,466,3666.2,16.65,,-0.0332,0.032,2.5615,0.01872,0.4194
327,2686976,671744,467,3668.9,16.64,,-0.0363,0.0339,2.5276,0.01944,0.4607
328,2695168,673792,469,3671.5,16.8,,-0.0359,0.0317,2.5085,0.01567,0.4277
329,2703360,675840,470,3674.2,16.72,,-0.0335,0.0441,2.4585,0.01698,0.4694
330,2711552,677888,470,3676.8,16.72,,-0.0367,0.034,2.4504,0.01778,0.4614
331,2719744,679936,471,3679.5,16.85,,-0.037,0.0474,2.4402,0.01964,0.4641
332,2727936,681984,475,3682.2,16.96,,-0.0334,0.0307,2.4867,0.01806,0.4537
333,2736128,684032,477,3684.8,16.88,,-0.0355,0.0288,2.4738,0.01776,0.4526
334,2744320,686080,477,3687.5,16.88,,-0.0328,0.036,2.4168,0.01837,0.4417
335,2752512,688128,479,3690.1,16.96,,-0.0359,0.0482,2.4269,0.01753,0.4252
336,2760704,690176,480,3692.8,17.0,,-0.0359,0.039,2.3895,0.02111,0.4396
337,2768896,692224,481,3695.4,17.07,,-0.0338,0.0462,2.4197,0.02399,0.4497
338,2777088,694272,483,3698.1,17.25,,-0.0354,0.0349,2.3631,0.02224,0.475
339,2785280,696320,485,3700.8,17.31,,-0.0347,0.0367,2.3312,0.02238,0.4829
340,2793472,698368,486,3703.5,17.37,,-0.036,0.0426,2.3408,0.02287,0.4821
341,2801664,700416,486,3706.1,17.37,,-0.0353,0.0408,2.3763,0.02045,0.4548
342,2809856,702464,488,3708.8,17.39,,-0.0361,0.0333,2.4242,0.02147,0.4615
343,2818048,704512,491,3711.4,17.63,,-0.0329,0.0259,2.4071,0.02246,0.4807
344,2826240,706560,492,3714.1,17.6,,-0.0333,0.0385,2.3564,0.02263,0.4778
345,2834432,708608,493,3716.7,17.67,,-0.0345,0.0431,2.3695,0.02497,0.4485
346,2842624,710656,496,3719.4,17.8,,-0.0298,0.0336,2.4856,0.01988,0.4269
347,2850816,712704,496,3722.0,17.8,,-0.0378,0.0332,2.3901,0.02142,0.4851
348,2859008,714752,497,3724.7,17.82,,-0.0332,0.0359,2.4458,0.02068,0.439
349,2867200,716800,499,3727.3,17.89,,-0.0323,0.0418,2.4137,0.02264,0.4685
350,2875392,718848,502,3730.0,17.83,,-0.0362,0.0316,2.4819,0.02057,0.4371
351,2883584,720896,502,3732.7,17.83,,-0.0345,0.0473,2.3694,0.02186,0.4844
352,2891776,722944,504,3735.3,17.82,,-0.036,0.0361,2.4551,0.0215,0.4451
353,2899968,724992,505,3738.0,17.92,,-0.038,0.0337,2.4479,0.02336,0.4622
354,2908160,727040,505,3740.7,17.92,,-0.0377,0.0349,2.4188,0.02035,0.4691
355,2916352,729088,506,3743.3,18.02,,-0.0331,0.0375,2.4399,0.02609,0.4819
356,2924544,731136,509,3746.0,18.15,,-0.0354,0.0402,2.4063,0.02335,0.4888
357,2932736,733184,512,3748.6,18.13,,-0.0329,0.0234,2.4977,0.02223,0.4417
358,2940928,735232,513,3751.3,18.15,,-0.0381,0.0428,2.4523,0.02144,0.4818
359,2949120,737280,513,3753.9,18.15,,-0.035,0.0384,2.422,0.01895,0.4537
360,2957312,739328,515,3756.6,18.24,,-0.0369,0.0394,2.4272,0.02255,0.4734
361,2965504,741376,515,3759.2,18.24,,-0.0351,0.0325,2.4939,0.02553,0.4579
362,2973696,743424,518,3761.9,18.52,,-0.036,0.0373,2.4233,0.02271,0.4636
363,2981888,745472,520,3764.6,18.54,,-0.0378,0.0339,2.4695,0.02411,0.4675
364,2990080,747520,520,3767.2,18.54,,-0.0362,0.0305,2.4666,0.02182,0.481
365,2998272,749568,523,3769.9,18.3,,-0.034,0.0367,2.4849,0.02057,0.4496
366,3006464,751616,523,3772.5,18.3,,-0.037,0.0388,2.4823,0.0232,0.48
367,3014656,753664,524,3775.2,18.36,,-0.0363,0.0349,2.4776,0.02529,0.4583
368,3022848,755712,526,3777.8,18.4,,-0.0314,0.0377,2.482,0.02514,0.4448
369,3031040,757760,528,3780.5,18.33,,-0.0371,0.0291,2.434,0.02505,0.4904
370,3039232,759808,528,3783.1,18.33,,-0.0347,0.0553,2.4296,0.0217,0.4435
371,3047424,761856,531,3785.8,18.46,,-0.0332,0.0388,2.4678,0.02266,0.4758
372,3055616,763904,533,3788.4,18.6,,-0.0343,0.0403,2.4498,0.02256,0.4604
373,3063808,765952,536,3791.1,18.67,,-0.0362,0.0344,2.4684,0.02271,0.4581
374,3072000,768000,538,3793.7,18.52,,-0.0326,0.0339,2.4257,0.02349,0.4774
375,3080192,770048,539,3796.4,18.52,,-0.0362,0.0373,2.3453,0.02519,0.4985
376,3088384,772096,540,3799.1,18.59,,-0.0386,0.0419,2.3506,0.026,0.5137
377,3096576,774144,542,3801.7,18.54,,-0.0337,0.0422,2.3854,0.02204,0.4679
378,3104768,776192,542,3804.4,18.54,,-0.0285,0.0453,2.3753,0.02484,0.4772
379,3112960,778240,543,3807.0,18.48,,-0.0356,0.0385,2.3505,0.02469,0.498
380,3121152,780288,545,3809.7,18.47,,-0.0333,0.0329,2.3993,0.01954,0.451
381,3129344,782336,546,3812.3,18.51,,-0.0318,0.0337,2.4183,0.02501,0.4924
382,3137536,784384,547,3815.0,18.46,,-0.0308,0.0306,2.4231,0.02235,0.4827
383,3145728,786432,550,3817.7,18.35,,-0.0366,0.033,2.3667,0.02297,0.479
384,3153920,788480,553,3820.3,18.46,,-0.0337,0.038,2.3573,0.02131,0.4622
385,3162112,790528,554,3823.0,18.38,,-0.0353,0.027,2.355,0.02131,0.4675
386,3170304,792576,556,3825.6,18.35,,-0.0336,0.0302,2.4075,0.0227,0.4629
387,3178496,794624,556,3828.3,18.35,,-0.0387,0.0402,2.3362,0.02331,0.4846
388,3186688,796672,556,3830.9,18.35,,-0.0353,0.0293,2.4328,0.0232,0.4385
389,3194880,798720,556,3833.6,18.35,,-0.0354,0.0376,2.4211,0.02075,0.4403
390,3203072,800768,560,3836.2,18.2,,-0.0324,0.028,2.5194,0.02132,0.4082
391,3211264,802816,562,3838.9,18.38,,-0.0357,0.0251,2.5013,0.02111,0.4606
392,3219456,804864,562,3841.5,18.38,,-0.0339,0.0313,2.4833,0.02164,0.4797
393,3227648,806912,564,3844.2,18.3,,-0.0359,0.0382,2.4834,0.01917,0.4425
394,3235840,808960,567,3846.9,18.32,,-0.0341,0.0321,2.5154,0.01993,0.4316
395,3244032,811008,569,3849.5,18.21,,-0.0375,0.0347,2.4953,0.0202,0.4521
396,3252224,813056,569,3852.2,18.21,,-0.0393,0.0384,2.3689,0.02068,0.4944
397,3260416,815104,569,3854.9,18.21,,-0.0376,0.0332,2.4156,0.02116,0.4498
398,3268608,817152,570,3857.5,18.15,,-0.0343,0.0394,2.4376,0.02181,0.4801
399,3276800,819200,573,3860.2,18.26,,-0.0352,0.0262,2.4889,0.02207,0.4534
400,3284992,821248,574,3999.9,18.19,902.9199829101562,-0.0332,0.0337,2.4403,0.02207,0.4667
401,3293184,823296,575,4002.6,18.22,,-0.0337,0.0344,2.5131,0.02103,0.4281
402,3301376,825344,576,4005.2,18.33,,-0.0379,0.0526,2.4255,0.02239,0.4801
403,3309568,827392,576,4007.9,18.33,,-0.0353,0.0424,2.4151,0.023,0.4668
404,3317760,829440,576,4010.6,18.33,,-0.0351,0.0394,2.4775,0.02667,0.4775
405,3325952,831488,577,4013.2,18.32,,-0.0346,0.0284,2.5368,0.02561,0.4609
406,3334144,833536,578,4015.9,18.37,,-0.0365,0.0391,2.4905,0.02356,0.4663
407,3342336,835584,580,4018.5,18.44,,-0.0354,0.0283,2.4861,0.02254,0.4686
408,3350528,837632,584,4021.2,18.39,,-0.0385,0.0363,2.4622,0.02318,0.4863
409,3358720,839680,586,4023.9,18.39,,-0.0389,0.0413,2.4019,0.02602,0.4794
410,3366912,841728,589,4026.5,18.4,,-0.0346,0.0447,2.4654,0.02594,0.447
411,3375104,843776,590,4029.2,18.63,,-0.0391,0.0436,2.4248,0.02478,0.4927
412,3383296,845824,590,4031.8,18.63,,-0.0368,0.0373,2.4736,0.02102,0.4659
413,3391488,847872,592,4034.4,18.4,,-0.0344,0.0334,2.568,0.02089,0.4288
414,3399680,849920,593,4037.1,18.34,,-0.0394,0.0296,2.4683,0.02423,0.4762
415,3407872,851968,593,4039.8,18.34,,-0.0381,0.0297,2.4678,0.02205,0.4709
416,3416064,854016,594,4042.4,18.24,,-0.0369,0.0366,2.4076,0.02374,0.4938
417,3424256,856064,596,4045.1,18.2,,-0.0355,0.0296,2.5009,0.02583,0.4623
418,3432448,858112,597,4047.7,18.18,,-0.0375,0.027,2.502,0.02692,0.472
419,3440640,860160,598,4050.4,18.12,,-0.0347,0.0393,2.395,0.02553,0.4716
420,3448832,862208,599,4053.1,18.12,,-0.0365,0.0341,2.4063,0.025,0.4845
421,3457024,864256,600,4055.7,18.1,,-0.0371,0.0288,2.5001,0.02488,0.4741
422,3465216,866304,601,4058.4,18.24,,-0.0346,0.0392,2.4814,0.0246,0.4518
423,3473408,868352,601,4061.0,18.24,,-0.0342,0.0329,2.4206,0.02454,0.4678
424,3481600,870400,601,4063.7,18.24,,-0.0383,0.0429,2.3622,0.0232,0.4739
425,3489792,872448,603,4066.4,18.43,,-0.0373,0.0452,2.4244,0.02644,0.4847
426,3497984,874496,606,4069.0,18.49,,-0.0356,0.0345,2.4172,0.02494,0.473
427,3506176,876544,608,4071.7,18.45,,-0.0346,0.0279,2.3899,0.02454,0.5148
428,3514368,878592,611,4074.4,18.71,,-0.0382,0.0327,2.3556,0.03037,0.4916
429,3522560,880640,613,4077.0,18.66,,-0.0371,0.0389,2.4195,0.02475,0.4576
430,3530752,882688,613,4079.6,18.66,,-0.0364,0.0338,2.3468,0.02664,0.4982
431,3538944,884736,615,4082.3,18.63,,-0.0363,0.0471,2.327,0.02549,0.4929
432,3547136,886784,616,4085.0,18.63,,-0.0356,0.0438,2.383,0.02496,0.4764
433,3555328,888832,616,4087.6,18.63,,-0.0368,0.0345,2.3659,0.02721,0.4658
434,3563520,890880,616,4090.2,18.63,,-0.036,0.0226,2.4164,0.02766,0.4797
435,3571712,892928,617,4092.9,18.47,,-0.036,0.0418,2.3692,0.02774,0.4919
436,3579904,894976,619,4095.5,18.5,,-0.0346,0.0327,2.3939,0.02948,0.4921
437,3588096,897024,620,4098.2,18.52,,-0.0367,0.0356,2.4041,0.02324,0.4943
438,3596288,899072,626,4100.9,18.6,,-0.0339,0.0333,2.4324,0.02581,0.4779
439,3604480,901120,626,4103.5,18.6,,-0.0388,0.0287,2.322,0.02541,0.4769
440,3612672,903168,628,4106.2,18.71,,-0.0361,0.0453,2.2696,0.02548,0.4899
441,3620864,905216,628,4108.8,18.71,,-0.0324,0.0383,2.3874,0.02689,0.465
442,3629056,907264,630,4111.5,18.74,,-0.037,0.0373,2.3539,0.02715,0.4741
443,3637248,909312,631,4114.1,18.7,,-0.0326,0.0267,2.4112,0.02829,0.4697
444,3645440,911360,632,4116.8,18.67,,-0.0325,0.0469,2.3313,0.03123,0.4985
445,3653632,913408,634,4119.5,18.48,,-0.0341,0.0318,2.3567,0.02636,0.462
446,3661824,915456,635,4122.1,18.45,,-0.0359,0.0377,2.3346,0.02439,0.4496
447,3670016,917504,635,4124.8,18.45,,-0.0376,0.0401,2.3703,0.02341,0.4513
448,3678208,919552,637,4127.4,18.48,,-0.0328,0.0302,2.4082,0.02593,0.4701
449,3686400,921600,638,4130.0,18.61,,-0.0371,0.0347,2.3689,0.02386,0.4573
450,3694592,923648,640,4132.7,18.62,,-0.0374,0.0375,2.3667,0.02507,0.4607
451,3702784,925696,643,4135.4,18.75,,-0.0323,0.0316,2.4099,0.03055,0.474
452,3710976,927744,644,4138.0,18.77,,-0.0367,0.0359,2.3581,0.02802,0.5002
453,3719168,929792,644,4140.7,18.77,,-0.0359,0.0448,2.3143,0.02761,0.4966
454,3727360,931840,647,4143.3,18.89,,-0.0373,0.0587,2.385,0.02464,0.4924
455,3735552,933888,648,4146.0,18.75,,-0.0307,0.0248,2.461,0.0251,0.4536
456,3743744,935936,650,4148.6,18.92,,-0.036,0.0331,2.3473,0.02587,0.5026
457,3751936,937984,652,4151.3,18.83,,-0.0376,0.035,2.4243,0.02535,0.4774
458,3760128,940032,653,4154.0,18.78,,-0.0363,0.0356,2.3269,0.02529,0.475
459,3768320,942080,656,4156.6,18.76,,-0.0385,0.0464,2.328,0.02952,0.4983
460,3776512,944128,657,4159.3,18.76,,-0.0401,0.0346,2.3649,0.02598,0.4761
461,3784704,946176,658,4162.0,18.81,,-0.038,0.0334,2.3474,0.02651,0.4963
462,3792896,948224,658,4164.6,18.81,,-0.0369,0.0289,2.3702,0.02324,0.48
463,3801088,950272,659,4167.3,18.69,,-0.0346,0.0373,2.4087,0.02744,0.4551
464,3809280,952320,659,4169.9,18.69,,-0.0362,0.031,2.403,0.02508,0.4602
465,3817472,954368,660,4172.6,18.69,,-0.0374,0.0342,2.3108,0.0259,0.4956
466,3825664,956416,663,4175.3,18.85,,-0.0347,0.0299,2.3821,0.02622,0.4668
467,3833856,958464,664,4177.9,18.91,,-0.0349,0.0233,2.399,0.02771,0.4757
468,3842048,960512,664,4180.5,18.91,,-0.0384,0.0347,2.3367,0.02689,0.4822
469,3850240,962560,668,4183.2,19.05,,-0.0336,0.03,2.3812,0.03059,0.4718
470,3858432,964608,671,4185.9,19.06,,-0.0372,0.0302,2.3565,0.02581,0.4672
471,3866624,966656,671,4188.6,19.06,,-0.0361,0.0345,2.3217,0.02607,0.483
472,3874816,968704,673,4191.2,18.91,,-0.0357,0.0375,2.3661,0.02641,0.4988
473,3883008,970752,673,4193.9,18.91,,-0.0359,0.0388,2.3176,0.02659,0.4713
474,3891200,972800,673,4196.6,18.91,,-0.0373,0.038,2.3123,0.0249,0.5092
475,3899392,974848,673,4199.2,18.91,,-0.0326,0.0247,2.4414,0.02493,0.4387
476,3907584,976896,675,4201.8,19.03,,-0.0385,0.0293,2.3526,0.02639,0.4832
477,3915776,978944,676,4204.5,18.92,,-0.0358,0.0283,2.3467,0.0306,0.5038
478,3923968,980992,676,4207.1,18.92,,-0.0342,0.0294,2.37,0.02326,0.4785
479,3932160,983040,676,4209.8,18.92,,-0.0358,0.0315,2.4099,0.02362,0.459
480,3940352,985088,680,4212.4,18.77,,-0.0314,0.0329,2.4544,0.02348,0.4203
481,3948544,987136,684,4215.1,18.72,,-0.0336,0.0295,2.3659,0.02886,0.4974
482,3956736,989184,684,4217.8,18.72,,-0.0381,0.0348,2.3319,0.02648,0.4974
483,3964928,991232,685,4220.5,18.73,,-0.0375,0.0471,2.2825,0.02917,0.5112
484,3973120,993280,686,4223.1,18.75,,-0.0356,0.0328,2.3956,0.02639,0.4733
485,3981312,995328,688,4225.8,18.88,,-0.0388,0.0319,2.3809,0.02613,0.486
486,3989504,997376,690,4228.4,18.76,,-0.0359,0.0354,2.3277,0.02485,0.4945
487,3997696,999424,690,4231.1,18.76,,-0.0363,0.0266,2.4328,0.02351,0.4587
488,4005888,1001472,690,4233.7,18.76,,-0.0335,0.029,2.468,0.02793,0.4647
489,4014080,1003520,693,4236.4,18.85,,-0.0353,0.0348,2.4396,0.02528,0.4761
490,4022272,1005568,693,4239.0,18.85,,-0.0329,0.0356,2.4542,0.02283,0.441
491,4030464,1007616,697,4241.7,18.91,,-0.0371,0.0272,2.4275,0.02521,0.4702
492,4038656,1009664,697,4244.4,18.91,,-0.0379,0.0391,2.4031,0.0259,0.4913
493,4046848,1011712,699,4247.0,18.95,,-0.0366,0.035,2.4112,0.0251,0.4559
494,4055040,1013760,699,4249.6,18.95,,-0.0345,0.0441,2.4138,0.0264,0.4745
495,4063232,1015808,700,4252.3,18.93,,-0.0328,0.0333,2.3792,0.02564,0.4761
496,4071424,1017856,702,4254.9,18.8,,-0.0372,0.0403,2.3679,0.02654,0.4801
497,4079616,1019904,704,4257.6,18.71,,-0.0366,0.0304,2.3821,0.02733,0.4701
498,4087808,1021952,706,4260.2,18.46,,-0.0366,0.0406,2.368,0.02811,0.4961
499,4096000,1024000,706,4262.9,18.46,,-0.04,0.0234,2.3847,0.02592,0.4916
500,4104192,1026048,707,4408.0,18.47,1065.800048828125,-0.0376,0.0304,2.3975,0.0279,0.4719
501,4112384,1028096,710,4410.7,18.35,,-0.0366,0.0316,2.3835,0.02525,0.4646
502,4120576,1030144,712,4413.4,18.35,,-0.037,0.0303,2.371,0.02462,0.4567
503,4128768,1032192,712,4416.0,18.35,,-0.0371,0.0368,2.3881,0.02769,0.4685
504,4136960,1034240,713,4418.7,18.39,,-0.0365,0.0321,2.3616,0.03014,0.5106
505,4145152,1036288,713,4421.4,18.39,,-0.0345,0.0393,2.3809,0.02446,0.4834
506,4153344,1038336,713,4424.0,18.39,,-0.0349,0.0518,2.4501,0.02396,0.4601
507,4161536,1040384,714,4426.6,18.48,,-0.0289,0.0295,2.5168,0.0333,0.408
508,4169728,1042432,715,4429.3,18.45,,-0.0359,0.0469,2.3669,0.02625,0.4791
509,4177920,1044480,719,4432.0,18.47,,-0.0349,0.0475,2.3591,0.02456,0.4528
510,4186112,1046528,720,4434.6,18.55,,-0.039,0.042,2.3089,0.02301,0.4598
511,4194304,1048576,723,4437.3,18.77,,-0.039,0.0447,2.3006,0.0251,0.4807
512,4202496,1050624,724,4440.0,18.89,,-0.0371,0.0457,2.3005,0.02585,0.4963
513,4210688,1052672,725,4442.7,18.83,,-0.0364,0.0323,2.354,0.02833,0.4492
514,4218880,1054720,726,4445.3,18.81,,-0.0402,0.0569,2.3255,0.02632,0.4803
515,4227072,1056768,728,4448.0,19.0,,-0.0367,0.027,2.3771,0.0264,0.465
516,4235264,1058816,728,4450.7,19.0,,-0.038,0.0342,2.3702,0.02709,0.4701
517,4243456,1060864,729,4453.3,18.9,,-0.0335,0.028,2.4783,0.02464,0.447
518,4251648,1062912,729,4455.9,18.9,,-0.0377,0.0447,2.4405,0.02496,0.4445
519,4259840,1064960,731,4458.6,19.0,,-0.0346,0.0339,2.4224,0.0259,0.4595
520,4268032,1067008,732,4461.3,18.94,,-0.034,0.0445,2.4393,0.02323,0.4404
521,4276224,1069056,734,4463.9,19.32,,-0.0365,0.0383,2.3658,0.02228,0.4498
522,4284416,1071104,735,4466.6,19.47,,-0.0407,0.048,2.2838,0.02423,0.4641
523,4292608,1073152,736,4469.2,19.53,,-0.0356,0.0409,2.4024,0.0219,0.4427
524,4300800,1075200,740,4471.9,19.79,,-0.0335,0.0398,2.3675,0.02473,0.4664
525,4308992,1077248,741,4474.6,19.72,,-0.0358,0.0358,2.3229,0.0234,0.4624
526,4317184,1079296,741,4477.2,19.72,,-0.0355,0.0365,2.3038,0.02659,0.4822
527,4325376,1081344,741,4479.9,19.72,,-0.0391,0.0395,2.2848,0.02818,0.5247
528,4333568,1083392,745,4482.6,19.94,,-0.0374,0.0381,2.3717,0.02552,0.4635
529,4341760,1085440,745,4485.2,19.94,,-0.0368,0.0275,2.4353,0.03039,0.4639
530,4349952,1087488,746,4487.9,19.86,,-0.0367,0.0315,2.3934,0.02639,0.4506
531,4358144,1089536,746,4490.5,19.86,,-0.0345,0.0437,2.4376,0.02514,0.4451
532,4366336,1091584,749,4493.2,19.82,,-0.032,0.0221,2.5356,0.02311,0.4222
533,4374528,1093632,750,4495.9,19.83,,-0.0386,0.0419,2.3343,0.02607,0.4891
534,4382720,1095680,751,4498.5,19.81,,-0.0397,0.0351,2.2892,0.02692,0.4821
535,4390912,1097728,753,4501.2,20.06,,-0.0351,0.033,2.397,0.02356,0.4694
536,4399104,1099776,753,4503.9,20.06,,-0.0368,0.0279,2.3754,0.02765,0.4695
537,4407296,1101824,755,4506.5,20.19,,-0.0389,0.0407,2.3431,0.02868,0.4696
538,4415488,1103872,756,4509.2,20.18,,-0.0382,0.0408,2.3692,0.02968,0.4813
539,4423680,1105920,756,4511.9,20.18,,-0.0395,0.0314,2.3694,0.03146,0.4711
540,4431872,1107968,758,4514.5,20.51,,-0.0375,0.036,2.3738,0.02604,0.4597
541,4440064,1110016,760,4517.2,20.75,,-0.0367,0.0362,2.3852,0.0256,0.4573
542,4448256,1112064,761,4519.9,20.79,,-0.0396,0.0367,2.3374,0.02533,0.4915
543,4456448,1114112,761,4522.5,20.79,,-0.0349,0.0462,2.3494,0.02593,0.4562
544,4464640,1116160,762,4525.2,20.73,,-0.0344,0.0471,2.3798,0.02613,0.4462
545,4472832,1118208,766,4527.8,20.86,,-0.0336,0.0414,2.3987,0.02538,0.4646
546,4481024,1120256,766,4530.5,20.86,,-0.0381,0.0307,2.2758,0.0273,0.4862
547,4489216,1122304,769,4533.2,20.94,,-0.0338,0.0431,2.3509,0.02782,0.4761
548,4497408,1124352,770,4535.8,21.09,,-0.0361,0.043,2.312,0.03014,0.4785
549,4505600,1126400,770,4538.5,21.09,,-0.037,0.0381,2.3733,0.02857,0.4824
550,4513792,1128448,771,4541.1,21.08,,-0.0341,0.0527,2.3834,0.02547,0.4685
551,4521984,1130496,773,4543.8,21.14,,-0.0342,0.0388,2.4357,0.02765,0.4572
552,4530176,1132544,774,4546.4,21.06,,-0.0412,0.0424,2.3238,0.03144,0.4945
553,4538368,1134592,775,4549.1,21.01,,-0.0364,0.0448,2.3564,0.02858,0.4708
554,4546560,1136640,778,4551.8,21.04,,-0.0374,0.0321,2.3731,0.02789,0.4775
555,4554752,1138688,779,4554.4,21.03,,-0.0371,0.0334,2.3685,0.02797,0.4773
556,4562944,1140736,780,4557.1,20.98,,-0.0377,0.0325,2.3353,0.02909,0.4899
557,4571136,1142784,783,4559.8,21.02,,-0.0348,0.0374,2.3631,0.02812,0.4912
558,4579328,1144832,783,4562.4,21.02,,-0.0399,0.0426,2.2635,0.02956,0.5101
559,4587520,1146880,785,4565.1,21.19,,-0.0328,0.0354,2.4417,0.02341,0.4556
560,4595712,1148928,786,4567.7,21.21,,-0.0327,0.038,2.3748,0.02635,0.452
561,4603904,1150976,787,4570.4,21.16,,-0.0362,0.043,2.3512,0.02623,0.4598
562,4612096,1153024,788,4573.1,21.1,,-0.0343,0.0372,2.4138,0.02353,0.4418
563,4620288,1155072,789,4575.7,21.14,,-0.0388,0.0351,2.3246,0.02898,0.4707
564,4628480,1157120,790,4578.4,21.03,,-0.0401,0.0362,2.3357,0.02633,0.4833
565,4636672,1159168,793,4581.1,21.04,,-0.0362,0.0255,2.4606,0.02564,0.4333
566,4644864,1161216,795,4583.7,21.18,,-0.0379,0.0286,2.4609,0.02416,0.4783
567,4653056,1163264,797,4586.4,21.16,,-0.0365,0.0257,2.4611,0.02365,0.4589
568,4661248,1165312,798,4589.1,21.28,,-0.0357,0.0365,2.4308,0.02687,0.4894
569,4669440,1167360,799,4591.7,21.24,,-0.0392,0.0336,2.4495,0.02644,0.486
570,4677632,1169408,801,4594.4,21.15,,-0.0385,0.0438,2.4086,0.02722,0.486
571,4685824,1171456,803,4597.1,21.12,,-0.0358,0.0365,2.458,0.02708,0.4712
572,4694016,1173504,803,4599.7,21.12,,-0.0395,0.0273,2.4351,0.02542,0.5046
573,4702208,1175552,804,4602.4,21.15,,-0.0366,0.0293,2.5109,0.02591,0.4618
574,4710400,1177600,804,4605.0,21.15,,-0.0367,0.0353,2.4961,0.02482,0.436
575,4718592,1179648,807,4607.7,21.18,,-0.0375,0.0327,2.4481,0.02605,0.4482
576,4726784,1181696,810,4610.4,21.1,,-0.0337,0.0307,2.4072,0.02692,0.476
577,4734976,1183744,811,4613.0,20.99,,-0.0382,0.0373,2.3492,0.02937,0.5027
578,4743168,1185792,811,4615.7,20.99,,-0.0415,0.0349,2.3741,0.03258,0.5098
579,4751360,1187840,811,4618.3,20.99,,-0.0381,0.0342,2.3563,0.02904,0.4822
580,4759552,1189888,814,4621.0,20.8,,-0.0395,0.03,2.4383,0.02853,0.4875
581,4767744,1191936,815,4623.7,20.91,,-0.0405,0.0318,2.4425,0.02837,0.498
582,4775936,1193984,817,4626.3,21.03,,-0.0362,0.0226,2.4793,0.02663,0.4808
583,4784128,1196032,817,4629.0,21.03,,-0.0388,0.0329,2.3988,0.02756,0.4916
584,4792320,1198080,818,4631.7,21.07,,-0.0339,0.0348,2.4152,0.03043,0.4797
585,4800512,1200128,819,4634.3,21.11,,-0.0374,0.0399,2.3395,0.02919,0.5044
586,4808704,1202176,820,4637.0,20.99,,-0.0381,0.0407,2.3846,0.02999,0.4891
587,4816896,1204224,823,4639.7,20.88,,-0.0347,0.0282,2.3971,0.03243,0.4978
588,4825088,1206272,824,4642.3,20.87,,-0.0365,0.0318,2.3217,0.02917,0.5145
589,4833280,1208320,826,4645.0,20.86,,-0.0368,0.0408,2.4,0.02874,0.4669
590,4841472,1210368,827,4647.7,20.87,,-0.0391,0.0344,2.3588,0.03234,0.4856
591,4849664,1212416,828,4650.3,20.74,,-0.0395,0.0428,2.27,0.02868,0.4979
592,4857856,1214464,829,4653.0,20.92,,-0.0348,0.0336,2.3875,0.02771,0.4922
593,4866048,1216512,830,4655.7,20.87,,-0.0387,0.0323,2.3702,0.02876,0.4873
594,4874240,1218560,831,4658.3,20.85,,-0.0381,0.0338,2.3953,0.02963,0.4987
595,4882432,1220608,832,4661.0,20.96,,-0.0371,0.0367,2.4286,0.02759,0.4771
596,4890624,1222656,835,4663.6,20.64,,-0.0338,0.0347,2.4554,0.03104,0.4713
597,4898816,1224704,837,4666.3,20.78,,-0.0316,0.0376,2.4147,0.0271,0.4689
598,4907008,1226752,838,4668.9,20.75,,-0.0358,0.0373,2.375,0.02721,0.4987
599,4915200,1228800,839,4671.6,20.61,,-0.038,0.0338,2.3962,0.02877,0.4946
600,4923392,1230848,840,4810.2,20.53,974.2000122070312,-0.0353,0.043,2.3485,0.02999,0.5046
601,4931584,1232896,843,4812.8,20.65,,-0.0382,0.0287,2.3901,0.03268,0.4875
602,4939776,1234944,844,4815.4,20.66,,-0.0371,0.0386,2.3524,0.03251,0.5044
603,4947968,1236992,844,4818.1,20.66,,-0.0403,0.0403,2.3481,0.03016,0.5037
604,4956160,1239040,846,4820.7,20.77,,-0.0389,0.031,2.3564,0.0275,0.489
605,4964352,1241088,847,4823.4,20.77,,-0.0388,0.0288,2.3918,0.03126,0.4828
606,4972544,1243136,848,4826.0,20.76,,-0.0367,0.0333,2.4024,0.02763,0.4969
607,4980736,1245184,849,4828.6,20.82,,-0.0376,0.0291,2.3771,0.02685,0.4749
608,4988928,1247232,852,4831.3,20.58,,-0.0344,0.047,2.3742,0.02447,0.4548
609,4997120,1249280,853,4833.9,20.67,,-0.0392,0.0337,2.3619,0.02315,0.4788
610,5005312,1251328,854,4836.6,20.67,,-0.0372,0.039,2.3436,0.02849,0.4825
611,5013504,1253376,855,4839.2,20.68,,-0.0325,0.0495,2.3867,0.02543,0.4695
612,5021696,1255424,856,4841.9,20.79,,-0.0351,0.0331,2.4173,0.0261,0.4662
613,5029888,1257472,857,4844.5,20.79,,-0.0391,0.032,2.3505,0.02528,0.4786
614,5038080,1259520,858,4847.2,20.65,,-0.0375,0.0438,2.3019,0.02735,0.5037
615,5046272,1261568,858,4849.8,20.65,,-0.0383,0.0406,2.3223,0.02526,0.4885
616,5054464,1263616,859,4852.5,20.72,,-0.033,0.0411,2.4805,0.02502,0.4351
617,5062656,1265664,861,4855.1,20.71,,-0.0356,0.0294,2.5194,0.02513,0.4781
618,5070848,1267712,864,4857.7,20.62,,-0.0324,0.0354,2.5184,0.02545,0.4425
619,5079040,1269760,864,4860.4,20.62,,-0.0375,0.0313,2.3844,0.02407,0.4933
620,5087232,1271808,866,4863.1,20.68,,-0.0353,0.0325,2.4023,0.02444,0.4868
621,5095424,1273856,866,4865.7,20.68,,-0.0377,0.0414,2.3955,0.02645,0.4871
622,5103616,1275904,867,4868.4,20.84,,-0.0398,0.0417,2.3665,0.02642,0.4861
623,5111808,1277952,870,4871.0,20.81,,-0.0332,0.0385,2.423,0.02802,0.451
624,5120000,1280000,870,4873.6,20.81,,-0.0376,0.0307,2.3642,0.02764,0.507
625,5128192,1282048,871,4876.3,20.82,,-0.0381,0.0292,2.4115,0.02485,0.4734
626,5136384,1284096,871,4878.9,20.82,,-0.0383,0.0281,2.4353,0.02487,0.4906
627,5144576,1286144,875,4881.6,21.05,,-0.0341,0.0337,2.4866,0.02629,0.4808
628,5152768,1288192,876,4884.3,21.15,,-0.0356,0.0304,2.4452,0.02211,0.4668
629,5160960,1290240,876,4886.9,21.15,,-0.0368,0.0344,2.4598,0.02031,0.4679
630,5169152,1292288,876,4889.6,21.15,,-0.0395,0.0354,2.4508,0.02194,0.486
631,5177344,1294336,878,4892.2,21.2,,-0.0371,0.0369,2.4786,0.02432,0.464
632,5185536,1296384,879,4894.8,21.21,,-0.0382,0.024,2.4627,0.02307,0.4487
633,5193728,1298432,880,4897.5,21.23,,-0.0382,0.0434,2.3735,0.02264,0.4868
634,5201920,1300480,882,4900.2,21.26,,-0.0353,0.0408,2.422,0.02583,0.4635
635,5210112,1302528,883,4902.8,21.25,,-0.0393,0.0335,2.3677,0.02752,0.4591
636,5218304,1304576,884,4905.5,21.25,,-0.0375,0.0422,2.4019,0.02283,0.4657
637,5226496,1306624,886,4908.1,21.39,,-0.036,0.038,2.4337,0.02737,0.4388
638,5234688,1308672,886,4910.8,21.39,,-0.0379,0.0361,2.3367,0.02437,0.483
639,5242880,1310720,889,4913.4,21.54,,-0.0381,0.0442,2.4018,0.02533,0.4741
640,5251072,1312768,890,4916.1,21.65,,-0.0381,0.0257,2.3538,0.0287,0.5057
641,5259264,1314816,890,4918.7,21.65,,-0.0381,0.0389,2.3811,0.02815,0.5039
642,5267456,1316864,892,4921.4,21.75,,-0.035,0.0323,2.4309,0.03065,0.4758
643,5275648,1318912,892,4924.0,21.75,,-0.0367,0.0382,2.3792,0.03284,0.5067
644,5283840,1320960,895,4926.7,21.51,,-0.0373,0.0309,2.4013,0.02679,0.4839
645,5292032,1323008,896,4929.3,21.62,,-0.0353,0.0325,2.4334,0.029,0.4803
646,5300224,1325056,898,4932.0,21.61,,-0.0408,0.0393,2.3391,0.02895,0.4763
647,5308416,1327104,899,4934.6,21.65,,-0.0364,0.0429,2.4115,0.0291,0.4722
648,5316608,1329152,899,4937.2,21.65,,-0.0391,0.0261,2.4362,0.0271,0.4847
649,5324800,1331200,902,4939.9,21.89,,-0.0363,0.0355,2.4336,0.02704,0.4718
650,5332992,1333248,904,4942.5,21.8,,-0.0371,0.0252,2.4087,0.03124,0.5112
651,5341184,1335296,905,4945.2,21.78,,-0.0378,0.0392,2.3368,0.02848,0.5151
652,5349376,1337344,907,4947.9,21.92,,-0.0377,0.0397,2.4001,0.02762,0.4824
653,5357568,1339392,908,4950.5,22.01,,-0.0369,0.0352,2.4402,0.02981,0.5055
654,5365760,1341440,910,4953.2,22.19,,-0.0396,0.0303,2.3707,0.03134,0.5349
655,5373952,1343488,910,4955.8,22.19,,-0.0365,0.0338,2.3853,0.02838,0.4948
656,5382144,1345536,911,4958.4,22.22,,-0.0347,0.0303,2.4241,0.0276,0.4878
657,5390336,1347584,911,4961.1,22.22,,-0.0402,0.0378,2.3685,0.02925,0.4879
658,5398528,1349632,913,4963.8,22.32,,-0.0379,0.0354,2.4044,0.03168,0.4875
659,5406720,1351680,914,4966.4,22.45,,-0.0361,0.0372,2.4341,0.02882,0.4692
660,5414912,1353728,917,4969.0,22.29,,-0.0389,0.0342,2.4186,0.02907,0.4855
661,5423104,1355776,919,4971.7,22.22,,-0.0395,0.037,2.404,0.02609,0.4813
662,5431296,1357824,920,4974.3,22.17,,-0.0376,0.0365,2.3751,0.02853,0.4896
663,5439488,1359872,922,4977.0,22.32,,-0.0412,0.0335,2.3825,0.02882,0.4839
664,5447680,1361920,922,4979.6,22.32,,-0.0396,0.0389,2.3715,0.02734,0.502
665,5455872,1363968,924,4982.3,22.2,,-0.0374,0.0362,2.4219,0.02617,0.4871
666,5464064,1366016,925,4985.0,22.24,,-0.0382,0.0273,2.4618,0.02558,0.4718
667,5472256,1368064,926,4987.6,22.24,,-0.041,0.0221,2.4639,0.02499,0.4673
668,5480448,1370112,927,4990.3,22.1,,-0.0393,0.0367,2.3841,0.0286,0.5015
669,5488640,1372160,929,4992.9,22.06,,-0.04,0.0344,2.3675,0.03005,0.495
670,5496832,1374208,929,4995.6,22.06,,-0.0404,0.0397,2.376,0.02976,0.5071
671,5505024,1376256,930,4998.2,21.98,,-0.0395,0.0289,2.4061,0.03168,0.4926
672,5513216,1378304,930,5000.9,21.98,,-0.0381,0.0279,2.4144,0.02823,0.4923
673,5521408,1380352,931,5003.5,22.09,,-0.0387,0.0272,2.4732,0.02737,0.4872
674,5529600,1382400,931,5006.1,22.09,,-0.0391,0.0266,2.4724,0.02808,0.4923
675,5537792,1384448,934,5008.8,22.29,,-0.0404,0.0226,2.5011,0.02839,0.4843
676,5545984,1386496,936,5011.5,22.32,,-0.0388,0.0414,2.4542,0.02988,0.4937
677,5554176,1388544,937,5014.1,22.39,,-0.0371,0.0378,2.4257,0.02487,0.4774
678,5562368,1390592,937,5016.8,22.39,,-0.0396,0.0479,2.3487,0.02834,0.52
679,5570560,1392640,940,5019.4,22.51,,-0.0406,0.041,2.405,0.02618,0.493
680,5578752,1394688,942,5022.1,22.5,,-0.0378,0.0331,2.4726,0.02598,0.4304
681,5586944,1396736,943,5024.7,22.53,,-0.0395,0.032,2.3851,0.02363,0.4929
682,5595136,1398784,944,5027.4,22.5,,-0.0372,0.04,2.403,0.02672,0.4688
683,5603328,1400832,945,5030.0,22.58,,-0.0408,0.036,2.4315,0.02561,0.4672
684,5611520,1402880,946,5032.7,22.5,,-0.0386,0.0373,2.4121,0.02607,0.4728
685,5619712,1404928,947,5035.3,22.5,,-0.0374,0.0352,2.4411,0.02571,0.4851
686,5627904,1406976,950,5038.0,22.66,,-0.0329,0.0283,2.5037,0.02598,0.4714
687,5636096,1409024,952,5040.6,22.8,,-0.0336,0.0266,2.4957,0.02512,0.4625
688,5644288,1411072,952,5043.3,22.8,,-0.0362,0.042,2.3723,0.02975,0.484
689,5652480,1413120,954,5045.9,22.72,,-0.0395,0.0369,2.4014,0.02799,0.4855
690,5660672,1415168,954,5048.6,22.72,,-0.0413,0.0415,2.3946,0.02754,0.5071
691,5668864,1417216,957,5051.2,22.36,,-0.0404,0.027,2.4681,0.02351,0.4678
692,5677056,1419264,960,5053.9,22.18,,-0.0376,0.0294,2.4306,0.02486,0.4707
693,5685248,1421312,960,5056.5,22.18,,-0.0372,0.0383,2.4352,0.02288,0.4773
694,5693440,1423360,961,5059.2,22.19,,-0.0397,0.0325,2.4402,0.02354,0.4674
695,5701632,1425408,961,5061.8,22.19,,-0.038,0.0434,2.4209,0.02264,0.4633
696,5709824,1427456,961,5064.5,22.19,,-0.036,0.0322,2.5025,0.02427,0.4784
697,5718016,1429504,963,5067.1,22.11,,-0.0375,0.0278,2.4771,0.02292,0.4744
698,5726208,1431552,964,5069.8,22.17,,-0.039,0.0356,2.4576,0.0228,0.4829
699,5734400,1433600,965,5072.4,22.16,,-0.0366,0.0329,2.4705,0.02613,0.453
700,5742592,1435648,966,5247.2,22.18,1346.800048828125,-0.038,0.0297,2.4983,0.02296,0.4463
701,5750784,1437696,967,5249.9,22.14,,-0.04,0.0306,2.4284,0.02474,0.4933
702,5758976,1439744,969,5252.5,22.29,,-0.0369,0.0454,2.3938,0.02465,0.4957
703,5767168,1441792,971,5255.2,22.17,,-0.0375,0.0365,2.4239,0.02503,0.505
704,5775360,1443840,972,5257.8,22.09,,-0.0372,0.0344,2.4784,0.0256,0.4602
705,5783552,1445888,973,5260.5,22.22,,-0.039,0.0258,2.4501,0.02461,0.4703
706,5791744,1447936,974,5263.2,22.08,,-0.0396,0.0229,2.4367,0.02586,0.5027
707,5799936,1449984,975,5265.8,22.17,,-0.039,0.0334,2.4535,0.02644,0.4874
708,5808128,1452032,976,5268.5,22.15,,-0.0362,0.0272,2.4587,0.02643,0.4828
709,5816320,1454080,976,5271.1,22.15,,-0.0358,0.039,2.4709,0.02351,0.4454
710,5824512,1456128,978,5273.8,22.28,,-0.0395,0.0238,2.4427,0.02345,0.488
711,5832704,1458176,978,5276.4,22.28,,-0.0375,0.0482,2.4041,0.0248,0.4944
712,5840896,1460224,982,5279.1,22.52,,-0.0366,0.0301,2.4413,0.02566,0.455
713,5849088,1462272,984,5281.8,22.49,,-0.0354,0.0418,2.4227,0.02698,0.4694
714,5857280,1464320,985,5284.4,22.32,,-0.039,0.0433,2.3715,0.02838,0.4934
715,5865472,1466368,987,5287.1,22.19,,-0.0367,0.0328,2.4241,0.02527,0.4487
716,5873664,1468416,988,5289.7,22.24,,-0.0374,0.0381,2.383,0.02736,0.4944
717,5881856,1470464,988,5292.4,22.24,,-0.0389,0.0345,2.3566,0.02508,0.4966
718,5890048,1472512,988,5295.0,22.24,,-0.0363,0.0346,2.415,0.02596,0.4731
719,5898240,1474560,990,5297.7,22.25,,-0.0357,0.0261,2.4486,0.02779,0.5034
720,5906432,1476608,990,5300.3,22.25,,-0.039,0.0265,2.4341,0.02621,0.4998
721,5914624,1478656,992,5303.0,22.32,,-0.0366,0.0217,2.4721,0.02821,0.4728
722,5922816,1480704,992,5305.6,22.32,,-0.0378,0.0298,2.4187,0.02625,0.5004
723,5931008,1482752,992,5308.3,22.32,,-0.0367,0.028,2.4295,0.02953,0.496
724,5939200,1484800,994,5310.9,22.47,,-0.0336,0.0393,2.4679,0.03353,0.4948
725,5947392,1486848,998,5313.6,22.26,,-0.0349,0.0176,2.4345,0.02809,0.488
726,5955584,1488896,998,5316.2,22.26,,-0.04,0.0341,2.2681,0.03242,0.5118
727,5963776,1490944,1000,5318.9,22.37,,-0.0381,0.0366,2.3108,0.02944,0.519
728,5971968,1492992,1002,5321.6,22.38,,-0.037,0.0328,2.3766,0.02967,0.4768
729,5980160,1495040,1003,5324.2,22.34,,-0.0354,0.0362,2.3761,0.02804,0.479
730,5988352,1497088,1004,5326.9,22.5,,-0.0404,0.0254,2.3446,0.02762,0.4999
731,5996544,1499136,1004,5329.5,22.5,,-0.0374,0.0371,2.3901,0.02805,0.4637
732,6004736,1501184,1005,5332.2,22.53,,-0.0388,0.0374,2.4331,0.02746,0.4575
733,6012928,1503232,1007,5334.9,22.6,,-0.0389,0.0339,2.3629,0.03041,0.4973
734,6021120,1505280,1008,5337.5,22.51,,-0.0387,0.034,2.4075,0.03101,0.4987
735,6029312,1507328,1008,5340.2,22.51,,-0.041,0.0327,2.4108,0.03071,0.4745
736,6037504,1509376,1011,5342.8,22.61,,-0.0376,0.0344,2.3537,0.02567,0.4564
737,6045696,1511424,1012,5345.5,22.5,,-0.0383,0.0376,2.3224,0.02845,0.4949
738,6053888,1513472,1014,5348.2,22.5,,-0.0379,0.0321,2.3108,0.02832,0.4789
739,6062080,1515520,1015,5350.8,22.57,,-0.0382,0.0341,2.3657,0.032,0.4875
740,6070272,1517568,1016,5353.5,22.65,,-0.0359,0.0312,2.2794,0.03063,0.4868
741,6078464,1519616,1016,5356.1,22.65,,-0.0386,0.0383,2.3072,0.02941,0.5066
742,6086656,1521664,1016,5358.8,22.65,,-0.0383,0.0389,2.3238,0.03431,0.4802
743,6094848,1523712,1017,5361.4,22.7,,-0.0377,0.0368,2.3097,0.0346,0.4852
744,6103040,1525760,1019,5364.1,22.74,,-0.0382,0.0345,2.3874,0.03152,0.4775
745,6111232,1527808,1021,5366.7,22.83,,-0.0353,0.0311,2.3929,0.0278,0.4725
746,6119424,1529856,1021,5369.4,22.83,,-0.0389,0.0344,2.3338,0.03217,0.4996
747,6127616,1531904,1023,5372.1,22.96,,-0.0371,0.0406,2.3445,0.03123,0.4751
748,6135808,1533952,1024,5374.7,22.94,,-0.0379,0.0392,2.3699,0.03244,0.4941
749,6144000,1536000,1025,5377.4,22.93,,-0.039,0.0271,2.3173,0.02933,0.5015
750,6152192,1538048,1026,5380.0,23.07,,-0.0372,0.0365,2.4084,0.02943,0.4512
751,6160384,1540096,1026,5382.6,23.07,,-0.0386,0.025,2.3784,0.03353,0.5009
752,6168576,1542144,1026,5385.3,23.07,,-0.0369,0.0358,2.3437,0.03105,0.4877
753,6176768,1544192,1029,5388.0,23.15,,-0.0376,0.0284,2.3902,0.02646,0.4746
754,6184960,1546240,1030,5390.6,23.25,,-0.0359,0.0311,2.3979,0.03107,0.5048
755,6193152,1548288,1032,5393.3,23.08,,-0.0394,0.0315,2.3576,0.02861,0.4962
756,6201344,1550336,1034,5396.0,23.12,,-0.0353,0.0474,2.4218,0.02781,0.4539
757,6209536,1552384,1035,5398.6,22.99,,-0.0361,0.0327,2.4006,0.02573,0.4545
758,6217728,1554432,1035,5401.3,22.99,,-0.0372,0.0311,2.3486,0.03059,0.4841
759,6225920,1556480,1037,5403.9,22.84,,-0.0388,0.0452,2.355,0.02814,0.4725
760,6234112,1558528,1038,5406.6,22.87,,-0.0398,0.0358,2.2858,0.02885,0.476
761,6242304,1560576,1040,5409.3,23.0,,-0.0376,0.0292,2.3939,0.02927,0.468
762,6250496,1562624,1040,5411.9,23.0,,-0.0377,0.0211,2.411,0.02844,0.4622
763,6258688,1564672,1040,5414.5,23.0,,-0.038,0.0337,2.3128,0.02713,0.4786
764,6266880,1566720,1040,5417.2,23.0,,-0.0416,0.0388,2.3549,0.02769,0.5044
765,6275072,1568768,1043,5419.9,23.06,,-0.0385,0.0258,2.437,0.02586,0.4553
766,6283264,1570816,1045,5422.5,22.96,,-0.0354,0.0295,2.4576,0.02448,0.4167
767,6291456,1572864,1047,5425.2,23.08,,-0.0397,0.0349,2.3936,0.0221,0.476
768,6299648,1574912,1048,5427.9,23.17,,-0.036,0.034,2.4221,0.02131,0.4493
769,6307840,1576960,1050,5430.6,23.17,,-0.0361,0.0321,2.4302,0.0234,0.4719
770,6316032,1579008,1050,5433.2,23.17,,-0.0388,0.0278,2.4449,0.02406,0.4508
771,6324224,1581056,1050,5435.9,23.17,,-0.0399,0.0334,2.378,0.02182,0.4896
772,6332416,1583104,1051,5438.5,23.13,,-0.0384,0.0393,2.376,0.02306,0.4655
773,6340608,1585152,1052,5441.2,23.24,,-0.0386,0.032,2.4302,0.02731,0.4591
774,6348800,1587200,1053,5443.9,23.3,,-0.04,0.0218,2.4402,0.02592,0.4757
775,6356992,1589248,1054,5446.5,23.43,,-0.0376,0.0227,2.4623,0.02592,0.4774
776,6365184,1591296,1055,5449.1,23.51,,-0.0365,0.0362,2.3968,0.02444,0.4491
777,6373376,1593344,1057,5451.8,23.56,,-0.0359,0.0346,2.4745,0.025,0.4319
778,6381568,1595392,1059,5454.4,23.59,,-0.0384,0.0326,2.3256,0.02698,0.4728
779,6389760,1597440,1060,5457.1,23.52,,-0.0381,0.0302,2.2871,0.02713,0.4581
780,6397952,1599488,1061,5459.8,23.52,,-0.0381,0.0406,2.2944,0.03005,0.4762
781,6406144,1601536,1062,5462.4,23.58,,-0.0359,0.0409,2.359,0.02575,0.4426
782,6414336,1603584,1063,5465.1,23.67,,-0.0344,0.0322,2.3545,0.02503,0.4351
783,6422528,1605632,1064,5467.7,23.67,,-0.0403,0.0284,2.3203,0.0272,0.4935
784,6430720,1607680,1066,5470.4,23.89,,-0.04,0.0286,2.3095,0.02972,0.4698
785,6438912,1609728,1066,5473.0,23.89,,-0.0353,0.039,2.3387,0.02472,0.4407
786,6447104,1611776,1068,5475.7,23.72,,-0.038,0.0408,2.3187,0.02899,0.4628
787,6455296,1613824,1070,5478.4,23.62,,-0.0361,0.0352,2.3119,0.02628,0.442
788,6463488,1615872,1070,5481.0,23.62,,-0.0381,0.0466,2.2481,0.0297,0.4756
789,6471680,1617920,1072,5483.7,23.82,,-0.0347,0.0335,2.4239,0.0314,0.4175
790,6479872,1619968,1072,5486.3,23.82,,-0.04,0.0301,2.2925,0.02827,0.4855
791,6488064,1622016,1073,5489.0,23.67,,-0.0382,0.0376,2.3633,0.02537,0.4623
792,6496256,1624064,1076,5491.7,23.8,,-0.0343,0.0278,2.4492,0.02461,0.4403
793,6504448,1626112,1078,5494.3,23.57,,-0.04,0.0232,2.3802,0.02521,0.4698
794,6512640,1628160,1079,5497.0,23.5,,-0.0364,0.0401,2.4053,0.02807,0.4766
795,6520832,1630208,1080,5499.6,23.35,,-0.0382,0.0235,2.3903,0.02952,0.4846
796,6529024,1632256,1083,5502.3,23.44,,-0.038,0.0373,2.3006,0.02944,0.5189
797,6537216,1634304,1085,5505.0,23.57,,-0.0389,0.0365,2.3206,0.03151,0.505
798,6545408,1636352,1085,5507.6,23.57,,-0.0422,0.031,2.352,0.03108,0.5272
799,6553600,1638400,1086,5510.3,23.51,,-0.0366,0.0336,2.3612,0.03037,0.4747
800,6561792,1640448,1086,5711.3,23.51,1632.9200439453125,-0.0376,0.036,2.3724,0.03144,0.5023
801,6569984,1642496,1089,5713.9,23.43,,-0.0328,0.0267,2.4442,0.02715,0.4728
802,6578176,1644544,1089,5716.6,23.43,,-0.0385,0.0301,2.361,0.02917,0.4941
803,6586368,1646592,1089,5719.2,23.43,,-0.0402,0.0343,2.3185,0.02924,0.4956
804,6594560,1648640,1090,5721.9,23.44,,-0.0382,0.0345,2.3737,0.02797,0.4755
805,6602752,1650688,1090,5724.5,23.44,,-0.0379,0.028,2.418,0.03045,0.4862
806,6610944,1652736,1091,5727.2,23.39,,-0.04,0.0347,2.3571,0.03155,0.4967
807,6619136,1654784,1092,5729.8,23.31,,-0.0407,0.0375,2.3803,0.0318,0.4895
808,6627328,1656832,1093,5732.5,23.3,,-0.0376,0.0331,2.4013,0.02753,0.4567
809,6635520,1658880,1095,5735.1,23.48,,-0.0369,0.0313,2.3753,0.03112,0.4948
810,6643712,1660928,1096,5737.8,23.55,,-0.0363,0.0413,2.3931,0.0318,0.4794
811,6651904,1662976,1100,5740.5,23.73,,-0.0332,0.0322,2.4413,0.03214,0.5078
812,6660096,1665024,1100,5743.1,23.73,,-0.0401,0.0378,2.3136,0.03292,0.512
813,6668288,1667072,1100,5745.8,23.73,,-0.0411,0.04,2.3431,0.02786,0.5012
814,6676480,1669120,1100,5748.4,23.73,,-0.041,0.0273,2.4099,0.03059,0.4969
815,6684672,1671168,1102,5751.1,23.89,,-0.0374,0.043,2.4247,0.02727,0.4891
816,6692864,1673216,1104,5753.8,24.02,,-0.0373,0.0227,2.4977,0.02867,0.4594
817,6701056,1675264,1105,5756.4,24.21,,-0.0373,0.0225,2.448,0.02979,0.474
818,6709248,1677312,1105,5759.1,24.21,,-0.0362,0.0418,2.4041,0.02571,0.4629
819,6717440,1679360,1108,5761.7,24.08,,-0.0389,0.038,2.4661,0.02758,0.476
820,6725632,1681408,1108,5764.4,24.08,,-0.0387,0.0413,2.4063,0.02919,0.5109
821,6733824,1683456,1112,5767.0,24.16,,-0.0376,0.0329,2.4534,0.02835,0.4708
822,6742016,1685504,1113,5769.7,24.07,,-0.0388,0.0341,2.4176,0.0329,0.4927
823,6750208,1687552,1115,5772.4,23.98,,-0.0417,0.0366,2.3828,0.02574,0.4805
824,6758400,1689600,1116,5775.0,24.04,,-0.04,0.0371,2.4195,0.02845,0.4899
825,6766592,1691648,1117,5777.7,24.08,,-0.0381,0.031,2.4242,0.02767,0.4814
826,6774784,1693696,1117,5780.4,24.08,,-0.0398,0.0322,2.4396,0.02583,0.486
827,6782976,1695744,1117,5783.0,24.08,,-0.0373,0.0349,2.4237,0.03039,0.4944
828,6791168,1697792,1118,5785.7,24.16,,-0.0402,0.0449,2.431,0.03191,0.4882
829,6799360,1699840,1121,5788.4,24.06,,-0.0359,0.0442,2.4526,0.02734,0.4646
830,6807552,1701888,1123,5791.0,23.9,,-0.0369,0.0287,2.5041,0.02635,0.4646
831,6815744,1703936,1124,5793.7,23.88,,-0.0403,0.0388,2.4283,0.02903,0.5048
832,6823936,1705984,1126,5796.3,23.79,,-0.0366,0.0362,2.3925,0.02537,0.4677
833,6832128,1708032,1126,5799.0,23.79,,-0.0392,0.0464,2.383,0.02882,0.502
834,6840320,1710080,1130,5801.7,23.87,,-0.0386,0.0274,2.4329,0.02515,0.4735
835,6848512,1712128,1130,5804.3,23.87,,-0.0414,0.0306,2.3736,0.02755,0.5027
836,6856704,1714176,1130,5807.0,23.87,,-0.0396,0.0381,2.3843,0.02701,0.4944
837,6864896,1716224,1131,5809.6,24.0,,-0.033,0.0339,2.51,0.02757,0.4539
838,6873088,1718272,1132,5812.3,24.02,,-0.0374,0.0246,2.4527,0.02774,0.4855
839,6881280,1720320,1134,5814.9,23.91,,-0.0405,0.0408,2.388,0.02814,0.4863
840,6889472,1722368,1135,5817.6,24.03,,-0.039,0.0288,2.4391,0.03017,0.4877
841,6897664,1724416,1136,5820.3,23.97,,-0.0385,0.0372,2.4215,0.02758,0.4775
842,6905856,1726464,1137,5822.9,23.85,,-0.0403,0.0373,2.3672,0.02941,0.4987
843,6914048,1728512,1138,5825.6,23.81,,-0.0427,0.0421,2.3646,0.03217,0.5043
844,6922240,1730560,1138,5828.8,23.81,,-0.0431,0.0337,2.4047,0.02817,0.525
845,6930432,1732608,1139,5831.5,23.83,,-0.0412,0.0226,2.4565,0.02878,0.4749
846,6938624,1734656,1141,5834.1,23.78,,-0.0351,0.04,2.4304,0.02719,0.4559
847,6946816,1736704,1143,5836.8,23.84,,-0.0389,0.0249,2.4079,0.03062,0.4585
848,6955008,1738752,1144,5839.4,23.89,,-0.0382,0.0415,2.3228,0.02943,0.4844
849,6963200,1740800,1145,5842.1,23.93,,-0.0392,0.0396,2.2872,0.03121,0.4779
850,6971392,1742848,1145,5844.7,23.93,,-0.041,0.0446,2.2701,0.02934,0.5007
851,6979584,1744896,1147,5847.4,24.29,,-0.0397,0.0372,2.322,0.03303,0.493
852,6987776,1746944,1149,5850.1,24.25,,-0.0404,0.0293,2.3203,0.0293,0.4978
853,6995968,1748992,1149,5852.7,24.25,,-0.0417,0.0312,2.3062,0.02625,0.4906
854,7004160,1751040,1149,5855.4,24.25,,-0.041,0.031,2.3369,0.03138,0.4985
855,7012352,1753088,1149,5858.0,24.25,,-0.0418,0.0254,2.3808,0.03084,0.4829
856,7020544,1755136,1150,5860.7,24.28,,-0.0395,0.0372,2.287,0.03099,0.4977
857,7028736,1757184,1153,5863.4,24.39,,-0.0372,0.0367,2.38,0.02847,0.4636
858,7036928,1759232,1154,5866.0,24.47,,-0.039,0.0245,2.3685,0.03054,0.4736
859,7045120,1761280,1156,5868.7,24.53,,-0.04,0.0386,2.2516,0.03608,0.5005
860,7053312,1763328,1158,5871.3,24.8,,-0.0355,0.0518,2.373,0.02543,0.4789
861,7061504,1765376,1159,5874.0,24.77,,-0.0377,0.0266,2.3796,0.03137,0.5004
862,7069696,1767424,1160,5876.6,24.92,,-0.0403,0.044,2.3091,0.03083,0.5121
863,7077888,1769472,1161,5879.3,24.95,,-0.0401,0.0257,2.3522,0.03127,0.5049
864,7086080,1771520,1161,5881.9,24.95,,-0.0397,0.0354,2.3148,0.03347,0.5236
865,7094272,1773568,1162,5884.6,25.0,,-0.041,0.0326,2.2498,0.0297,0.4943
866,7102464,1775616,1164,5887.3,24.87,,-0.0409,0.0274,2.3331,0.03141,0.5073
867,7110656,1777664,1166,5889.9,24.57,,-0.0366,0.0269,2.3984,0.02836,0.4739
868,7118848,1779712,1166,5892.6,24.57,,-0.0387,0.0313,2.3577,0.02856,0.4988
869,7127040,1781760,1167,5895.2,24.68,,-0.0377,0.0299,2.3933,0.0308,0.4591
870,7135232,1783808,1167,5897.9,24.68,,-0.0421,0.0438,2.2631,0.03119,0.4971
871,7143424,1785856,1170,5900.6,24.92,,-0.0391,0.0351,2.3714,0.03159,0.5024
872,7151616,1787904,1171,5903.2,24.81,,-0.0354,0.0372,2.3999,0.03092,0.4907
873,7159808,1789952,1171,5905.9,24.81,,-0.0372,0.0311,2.4233,0.03016,0.4741
874,7168000,1792000,1172,5908.5,24.91,,-0.0366,0.0406,2.3617,0.02915,0.4797
875,7176192,1794048,1172,5911.2,24.91,,-0.0389,0.0437,2.387,0.02748,0.4586
876,7184384,1796096,1174,5913.8,25.01,,-0.0397,0.0402,2.4249,0.02667,0.4716
877,7192576,1798144,1177,5916.5,24.98,,-0.0403,0.0304,2.4276,0.02679,0.4669
878,7200768,1800192,1178,5919.2,25.09,,-0.0409,0.0259,2.3791,0.02708,0.4781
879,7208960,1802240,1179,5921.8,25.09,,-0.0409,0.04,2.36,0.02672,0.4944
880,7217152,1804288,1181,5924.5,25.39,,-0.0362,0.0323,2.5108,0.02635,0.4528
881,7225344,1806336,1183,5927.1,25.48,,-0.0374,0.0272,2.4735,0.02531,0.4536
882,7233536,1808384,1183,5929.8,25.48,,-0.0385,0.0303,2.3663,0.02754,0.4777
883,7241728,1810432,1184,5932.4,25.39,,-0.0387,0.0396,2.4238,0.02864,0.4891
884,7249920,1812480,1185,5935.1,25.52,,-0.0444,0.0292,2.3911,0.03103,0.5037
885,7258112,1814528,1185,5937.7,25.52,,-0.0396,0.0382,2.4548,0.02857,0.4762
886,7266304,1816576,1186,5940.4,25.6,,-0.0418,0.0301,2.4458,0.03214,0.5029
887,7274496,1818624,1186,5943.0,25.6,,-0.0407,0.0264,2.4349,0.02998,0.4812
888,7282688,1820672,1186,5945.7,25.6,,-0.0407,0.031,2.4216,0.03211,0.4792
889,7290880,1822720,1191,5948.4,25.69,,-0.0386,0.024,2.5124,0.02754,0.4414
890,7299072,1824768,1193,5951.0,25.84,,-0.0409,0.0252,2.4879,0.02974,0.4664
891,7307264,1826816,1194,5953.7,25.8,,-0.042,0.0391,2.4132,0.0299,0.5134
892,7315456,1828864,1195,5956.3,25.82,,-0.0431,0.0373,2.3839,0.03309,0.5219
893,7323648,1830912,1196,5959.0,25.82,,-0.0411,0.0463,2.3698,0.03192,0.4972
894,7331840,1832960,1197,5961.7,25.84,,-0.0433,0.0379,2.3477,0.0317,0.524
895,7340032,1835008,1198,5964.3,25.7,,-0.038,0.0321,2.4338,0.03022,0.4707
896,7348224,1837056,1199,5967.0,25.85,,-0.0376,0.0268,2.5033,0.02805,0.5125
897,7356416,1839104,1200,5969.6,25.92,,-0.0394,0.0314,2.459,0.02899,0.5017
898,7364608,1841152,1200,5972.3,25.92,,-0.037,0.0313,2.4341,0.03238,0.5057
899,7372800,1843200,1201,5975.0,25.82,,-0.0399,0.0279,2.4268,0.02958,0.5
900,7380992,1845248,1201,6137.2,25.82,1289.9200439453125,-0.0398,0.0407,2.4611,0.02624,0.4619
901,7389184,1847296,1203,6139.8,25.72,,-0.0382,0.024,2.4953,0.02844,0.4677
902,7397376,1849344,1203,6142.5,25.72,,-0.0402,0.026,2.4285,0.03048,0.4841
903,7405568,1851392,1204,6145.1,25.66,,-0.0419,0.0257,2.4307,0.03106,0.4988
904,7413760,1853440,1205,6147.8,25.54,,-0.039,0.0358,2.4418,0.02792,0.4836
905,7421952,1855488,1207,6150.4,25.62,,-0.0409,0.0307,2.4689,0.02741,0.4568
906,7430144,1857536,1208,6153.1,25.78,,-0.04,0.0345,2.4493,0.02616,0.4652
907,7438336,1859584,1209,6155.8,25.9,,-0.0399,0.0272,2.442,0.02772,0.5017
908,7446528,1861632,1209,6158.4,25.9,,-0.0396,0.0438,2.3698,0.0288,0.4995
909,7454720,1863680,1209,6161.1,25.9,,-0.0409,0.0384,2.4351,0.03181,0.481
910,7462912,1865728,1211,6163.7,26.1,,-0.04,0.0342,2.4392,0.03327,0.5099
911,7471104,1867776,1214,6166.4,26.33,,-0.0404,0.029,2.4744,0.02864,0.4984
912,7479296,1869824,1214,6169.0,26.33,,-0.0363,0.028,2.4565,0.0283,0.4825
913,7487488,1871872,1217,6171.7,26.6,,-0.0383,0.0257,2.4428,0.02977,0.4646
914,7495680,1873920,1217,6174.4,26.6,,-0.0402,0.0412,2.3149,0.04064,0.5204
915,7503872,1875968,1217,6177.0,26.6,,-0.0395,0.036,2.3925,0.03128,0.4999
916,7512064,1878016,1219,6179.7,26.55,,-0.0432,0.0264,2.4347,0.03112,0.5018
917,7520256,1880064,1219,6182.3,26.55,,-0.0409,0.0289,2.438,0.02982,0.5082
918,7528448,1882112,1220,6185.0,26.58,,-0.039,0.037,2.4239,0.03133,0.4904
919,7536640,1884160,1223,6187.6,26.99,,-0.0369,0.027,2.4927,0.02715,0.467
920,7544832,1886208,1224,6190.3,27.13,,-0.0355,0.0257,2.4208,0.03202,0.4816
921,7553024,1888256,1225,6193.0,27.06,,-0.043,0.0348,2.3101,0.0308,0.5331
922,7561216,1890304,1226,6195.6,27.06,,-0.0404,0.0439,2.3169,0.0301,0.4893
923,7569408,1892352,1226,6198.3,27.06,,-0.0416,0.0292,2.2983,0.03698,0.5114
924,7577600,1894400,1229,6200.9,27.02,,-0.0401,0.0363,2.4026,0.03057,0.4453
925,7585792,1896448,1229,6203.6,27.02,,-0.0403,0.0327,2.3287,0.03201,0.5043
926,7593984,1898496,1230,6206.2,26.98,,-0.0422,0.023,2.3724,0.0358,0.5065
927,7602176,1900544,1230,6208.9,26.98,,-0.04,0.0423,2.2756,0.03417,0.4967
928,7610368,1902592,1231,6211.6,27.21,,-0.0433,0.0387,2.3759,0.03352,0.5023
929,7618560,1904640,1233,6214.2,27.5,,-0.0402,0.0299,2.3722,0.03289,0.4849
930,7626752,1906688,1236,6216.9,27.68,,-0.0361,0.0436,2.352,0.03094,0.4639
931,7634944,1908736,1237,6219.5,27.85,,-0.0389,0.0326,2.3302,0.03219,0.5039
932,7643136,1910784,1239,6222.2,27.87,,-0.0398,0.0375,2.2694,0.0349,0.5137
933,7651328,1912832,1240,6224.8,27.84,,-0.0373,0.0352,2.2905,0.03566,0.4922
934,7659520,1914880,1240,6227.5,27.84,,-0.0412,0.0339,2.187,0.036,0.532
935,7667712,1916928,1240,6230.2,27.84,,-0.0418,0.0305,2.248,0.03222,0.5145
936,7675904,1918976,1240,6232.8,27.84,,-0.0413,0.0239,2.2844,0.03797,0.5178
937,7684096,1921024,1241,6235.5,27.85,,-0.0422,0.0248,2.3513,0.03619,0.5104
938,7692288,1923072,1241,6238.1,27.85,,-0.037,0.0314,2.2955,0.03823,0.5021
939,7700480,1925120,1244,6240.8,27.94,,-0.0314,0.0412,2.3439,0.0352,0.4836
940,7708672,1927168,1248,6243.4,27.66,,-0.0378,0.0551,2.2947,0.03354,0.4803
941,7716864,1929216,1249,6246.1,27.6,,-0.039,0.0374,2.2609,0.03539,0.5074
942,7725056,1931264,1251,6248.8,27.69,,-0.0409,0.0422,2.2518,0.03407,0.4932
943,7733248,1933312,1253,6251.4,27.57,,-0.0403,0.0401,2.2344,0.03467,0.5125
944,7741440,1935360,1254,6254.1,27.5,,-0.0421,0.0406,2.2273,0.03474,0.5261
945,7749632,1937408,1254,6256.7,27.5,,-0.0397,0.0316,2.3285,0.03253,0.4956
946,7757824,1939456,1254,6259.4,27.5,,-0.0411,0.0278,2.3111,0.03343,0.51
947,7766016,1941504,1255,6262.1,27.68,,-0.0378,0.03,2.3338,0.03458,0.4905
948,7774208,1943552,1256,6264.7,27.71,,-0.0381,0.0291,2.3406,0.03144,0.5103
949,7782400,1945600,1256,6267.4,27.71,,-0.0398,0.0182,2.4116,0.03099,0.4873
950,7790592,1947648,1257,6270.0,27.57,,-0.0367,0.0337,2.3707,0.03205,0.5216
951,7798784,1949696,1258,6272.7,27.53,,-0.0373,0.03,2.3274,0.03143,0.4924
952,7806976,1951744,1260,6275.3,27.36,,-0.04,0.0247,2.3661,0.03293,0.4843
953,7815168,1953792,1262,6278.0,27.36,,-0.0346,0.028,2.4133,0.02953,0.4827
954,7823360,1955840,1262,6280.6,27.36,,-0.0389,0.0252,2.3427,0.03056,0.5038
955,7831552,1957888,1262,6283.3,27.36,,-0.0419,0.0384,2.2811,0.0322,0.5209
956,7839744,1959936,1263,6285.9,27.48,,-0.04,0.047,2.3714,0.03398,0.4943
957,7847936,1961984,1265,6288.6,27.51,,-0.0387,0.0256,2.4147,0.03121,0.4801
958,7856128,1964032,1265,6291.2,27.51,,-0.0404,0.0277,2.3814,0.03086,0.5032
959,7864320,1966080,1267,6293.9,27.72,,-0.0395,0.0381,2.3869,0.03143,0.4969
960,7872512,1968128,1269,6296.5,27.75,,-0.0384,0.0372,2.4111,0.02938,0.4957
961,7880704,1970176,1272,6299.2,27.65,,-0.0375,0.0327,2.4094,0.03058,0.5164
962,7888896,1972224,1273,6301.9,27.67,,-0.0407,0.0455,2.4152,0.03105,0.5211
963,7897088,1974272,1277,6304.5,27.73,,-0.035,0.0395,2.4311,0.02963,0.4611
964,7905280,1976320,1277,6307.2,27.73,,-0.04,0.0289,2.4228,0.03136,0.4954
965,7913472,1978368,1277,6309.8,27.73,,-0.0377,0.0349,2.4237,0.02872,0.4744
966,7921664,1980416,1278,6312.4,27.67,,-0.0408,0.0381,2.3479,0.0363,0.512
967,7929856,1982464,1278,6315.1,27.67,,-0.0405,0.0329,2.3745,0.03216,0.4906
968,7938048,1984512,1278,6317.7,27.67,,-0.0357,0.0435,2.3759,0.03257,0.4655
969,7946240,1986560,1279,6320.3,27.67,,-0.0364,0.0345,2.4232,0.03598,0.4807
970,7954432,1988608,1281,6323.0,27.63,,-0.0389,0.042,2.3447,0.03623,0.5123
971,7962624,1990656,1282,6325.7,27.39,,-0.0417,0.0396,2.3176,0.0372,0.5249
972,7970816,1992704,1285,6328.3,27.42,,-0.0413,0.0565,2.3607,0.03606,0.5217
973,7979008,1994752,1285,6331.0,27.42,,-0.0424,0.04,2.3601,0.03199,0.5244
974,7987200,1996800,1287,6333.7,27.38,,-0.0421,0.0284,2.3457,0.03656,0.5035
975,7995392,1998848,1288,6336.3,27.46,,-0.0393,0.0363,2.3845,0.03699,0.4939
976,8003584,2000896,1288,6339.0,27.46,,-0.0394,0.0398,2.4117,0.03436,0.484
977,8011776,2002944,1290,6341.6,27.41,,-0.0371,0.0304,2.5025,0.03399,0.4503
978,8019968,2004992,1293,6344.3,27.34,,-0.0405,0.0352,2.4238,0.03583,0.4849
979,8028160,2007040,1294,6346.9,27.32,,-0.0388,0.0464,2.3587,0.03583,0.5114
980,8036352,2009088,1296,6349.6,27.34,,-0.0347,0.044,2.4049,0.03432,0.4729
981,8044544,2011136,1297,6352.2,27.25,,-0.0405,0.0341,2.4164,0.03377,0.5115
982,8052736,2013184,1297,6354.9,27.25,,-0.0409,0.0497,2.3488,0.03477,0.4995
983,8060928,2015232,1298,6357.5,27.29,,-0.039,0.0284,2.4174,0.03235,0.4833
984,8069120,2017280,1298,6360.2,27.29,,-0.0408,0.0333,2.4133,0.03929,0.524
985,8077312,2019328,1298,6362.9,27.29,,-0.0426,0.0338,2.4246,0.03213,0.5089
986,8085504,2021376,1301,6365.5,27.35,,-0.0395,0.0361,2.4541,0.03496,0.4912
987,8093696,2023424,1301,6368.2,27.35,,-0.0388,0.0279,2.4661,0.03102,0.484
988,8101888,2025472,1302,6370.8,27.24,,-0.0413,0.0327,2.3991,0.03554,0.4984
989,8110080,2027520,1303,6373.5,27.39,,-0.0438,0.0247,2.4225,0.03197,0.5076
990,8118272,2029568,1305,6376.2,27.46,,-0.0418,0.0384,2.4251,0.03602,0.4954
991,8126464,2031616,1306,6378.8,27.57,,-0.0404,0.0275,2.4284,0.03639,0.495
992,8134656,2033664,1308,6381.5,27.38,,-0.0416,0.0419,2.3686,0.03214,0.504
993,8142848,2035712,1310,6384.2,27.65,,-0.0409,0.0456,2.377,0.03018,0.4928
994,8151040,2037760,1311,6386.8,27.5,,-0.0417,0.0222,2.4742,0.02904,0.5063
995,8159232,2039808,1312,6389.5,27.35,,-0.0418,0.0419,2.3777,0.03197,0.5127
996,8167424,2041856,1313,6392.1,27.44,,-0.0369,0.0377,2.424,0.0343,0.4786
997,8175616,2043904,1313,6394.8,27.44,,-0.0421,0.0304,2.4436,0.03522,0.5034
998,8183808,2045952,1315,6397.4,27.68,,-0.0427,0.0317,2.4361,0.03225,0.4916
999,8192000,2048000,1315,6400.1,27.68,,-0.038,0.0331,2.4559,0.02991,0.4712
1000,8200192,2050048,1316,6552.0,27.51,1338.800048828125,-0.0407,0.0281,2.4502,0.03187,0.5059
1001,8208384,2052096,1319,6554.7,27.34,,-0.0385,0.0264,2.4693,0.03219,0.473
1002,8216576,2054144,1319,6557.3,27.34,,-0.0372,0.0278,2.4472,0.03132,0.4657
1003,8224768,2056192,1320,6560.0,27.31,,-0.0409,0.0273,2.3503,0.03039,0.5166
1004,8232960,2058240,1321,6562.7,27.16,,-0.0354,0.0497,2.3982,0.03028,0.4852
1005,8241152,2060288,1323,6565.4,27.07,,-0.0415,0.028,2.4192,0.03174,0.4941
1006,8249344,2062336,1324,6568.0,27.0,,-0.037,0.0476,2.3597,0.02784,0.4672
1007,8257536,2064384,1327,6570.7,27.48,,-0.0402,0.0209,2.4666,0.02944,0.502
1008,8265728,2066432,1327,6573.4,27.48,,-0.0412,0.0365,2.3188,0.02877,0.5116
1009,8273920,2068480,1328,6576.0,27.6,,-0.0408,0.035,2.3919,0.0313,0.4872
1010,8282112,2070528,1328,6578.7,27.6,,-0.0407,0.0356,2.4374,0.03046,0.4973
1011,8290304,2072576,1330,6581.4,27.58,,-0.0406,0.0283,2.4326,0.02668,0.4822
1012,8298496,2074624,1330,6584.0,27.58,,-0.0396,0.0318,2.4243,0.02718,0.4819
1013,8306688,2076672,1332,6586.7,27.22,,-0.0391,0.0255,2.4502,0.02973,0.4598
1014,8314880,2078720,1333,6589.3,27.02,,-0.0403,0.0337,2.472,0.02981,0.4772
1015,8323072,2080768,1333,6592.0,27.02,,-0.0436,0.0351,2.3692,0.03141,0.5076
1016,8331264,2082816,1335,6594.7,27.18,,-0.0421,0.0394,2.401,0.03042,0.4976
1017,8339456,2084864,1335,6597.3,27.18,,-0.0403,0.0221,2.4565,0.02655,0.4695
1018,8347648,2086912,1336,6600.0,27.14,,-0.0415,0.0357,2.4119,0.02993,0.5044
1019,8355840,2088960,1337,6602.7,27.13,,-0.0403,0.0367,2.4482,0.02767,0.4888
1020,8364032,2091008,1340,6605.4,27.47,,-0.039,0.0397,2.4529,0.02638,0.4507
1021,8372224,2093056,1342,6608.0,27.59,,-0.0403,0.0414,2.3755,0.02906,0.4988
1022,8380416,2095104,1342,6610.7,27.59,,-0.0393,0.0401,2.3986,0.03013,0.4749
1023,8388608,2097152,1342,6613.4,27.59,,-0.0371,0.041,2.4358,0.02984,0.4705
1024,8396800,2099200,1344,6616.0,27.45,,-0.0362,0.0278,2.5139,0.02435,0.4508
1025,8404992,2101248,1345,6618.7,27.32,,-0.0382,0.0377,2.4304,0.02777,0.4797
1026,8413184,2103296,1345,6621.3,27.32,,-0.041,0.0305,2.4953,0.02614,0.4821
1027,8421376,2105344,1347,6624.0,27.48,,-0.0384,0.0289,2.4843,0.02566,0.4597
1028,8429568,2107392,1347,6626.6,27.48,,-0.0389,0.0366,2.5142,0.02611,0.4806
1029,8437760,2109440,1348,6629.3,27.57,,-0.0384,0.024,2.5159,0.0238,0.454
1030,8445952,2111488,1349,6631.9,27.59,,-0.0356,0.0323,2.507,0.02433,0.4325
1031,8454144,2113536,1349,6634.6,27.59,,-0.0415,0.0264,2.4544,0.02646,0.4828
1032,8462336,2115584,1351,6637.3,27.61,,-0.0396,0.0405,2.4633,0.0271,0.5083
1033,8470528,2117632,1352,6639.9,27.52,,-0.0401,0.0317,2.5037,0.02414,0.465
1034,8478720,2119680,1353,6642.6,27.56,,-0.0409,0.0304,2.5218,0.02421,0.4645
1035,8486912,2121728,1354,6645.3,27.81,,-0.0383,0.0353,2.4772,0.02368,0.4711
1036,8495104,2123776,1358,6647.9,27.95,,-0.0395,0.0256,2.5076,0.02438,0.4532
1037,8503296,2125824,1359,6650.6,28.01,,-0.0419,0.0298,2.4568,0.0243,0.4855
1038,8511488,2127872,1360,6653.2,28.07,,-0.0341,0.0355,2.5399,0.02193,0.4363
1039,8519680,2129920,1361,6655.9,28.07,,-0.0374,0.0314,2.4748,0.0252,0.4655
1040,8527872,2131968,1362,6658.5,28.08,,-0.0409,0.031,2.503,0.02366,0.4529
1041,8536064,2134016,1363,6661.2,27.99,,-0.0396,0.023,2.4764,0.02486,0.4642
1042,8544256,2136064,1364,6663.8,27.99,,-0.0398,0.029,2.5077,0.02647,0.4703
1043,8552448,2138112,1366,6666.5,27.59,,-0.0386,0.0279,2.4791,0.0235,0.4857
1044,8560640,2140160,1367,6669.2,27.42,,-0.0433,0.0309,2.408,0.02276,0.4775
1045,8568832,2142208,1367,6671.8,27.42,,-0.0388,0.0388,2.4641,0.02644,0.4615
1046,8577024,2144256,1371,6674.5,27.29,,-0.0371,0.0345,2.4914,0.02407,0.4419
1047,8585216,2146304,1372,6677.2,27.29,,-0.0409,0.0291,2.4569,0.02516,0.4792
1048,8593408,2148352,1372,6679.8,27.29,,-0.0423,0.0308,2.4472,0.0254,0.4827
1049,8601600,2150400,1373,6682.5,27.29,,-0.0426,0.0341,2.4156,0.02687,0.4965
1050,8609792,2152448,1374,6685.2,27.39,,-0.0409,0.0269,2.456,0.0283,0.4897
1051,8617984,2154496,1374,6687.8,27.39,,-0.0381,0.0212,2.52,0.02356,0.4474
1052,8626176,2156544,1374,6690.4,27.39,,-0.0393,0.0209,2.5435,0.02584,0.4646
1053,8634368,2158592,1376,6693.1,27.34,,-0.0386,0.0266,2.4936,0.02537,0.4547
1054,8642560,2160640,1378,6695.8,27.41,,-0.0353,0.0447,2.4365,0.02537,0.4454
1055,8650752,2162688,1380,6698.4,27.51,,-0.0395,0.0432,2.4251,0.02737,0.4686
1056,8658944,2164736,1383,6701.1,27.59,,-0.0391,0.0385,2.4142,0.0269,0.4915
1057,8667136,2166784,1385,6703.8,27.66,,-0.0383,0.041,2.4076,0.02609,0.4722
1058,8675328,2168832,1386,6706.4,27.71,,-0.0396,0.0379,2.3883,0.02697,0.5027
1059,8683520,2170880,1387,6709.1,27.85,,-0.0424,0.0235,2.4292,0.02714,0.4874
1060,8691712,2172928,1387,6711.8,27.85,,-0.0377,0.0306,2.4033,0.02607,0.4962
1061,8699904,2174976,1387,6714.4,27.85,,-0.0359,0.0386,2.4017,0.02744,0.4905
1062,8708096,2177024,1387,6717.1,27.85,,-0.0419,0.035,2.3639,0.02653,0.4979
1063,8716288,2179072,1387,6719.8,27.85,,-0.0432,0.0412,2.3382,0.0282,0.5035
1064,8724480,2181120,1388,6722.4,27.9,,-0.0376,0.0358,2.4291,0.02766,0.4587
1065,8732672,2183168,1390,6725.1,27.92,,-0.0364,0.0344,2.4387,0.02602,0.4409
1066,8740864,2185216,1391,6727.7,27.97,,-0.0378,0.033,2.4398,0.02986,0.4768
1067,8749056,2187264,1392,6730.4,28.11,,-0.0366,0.0329,2.4063,0.03213,0.452
1068,8757248,2189312,1393,6733.1,28.07,,-0.0413,0.0316,2.3417,0.029,0.5162
1069,8765440,2191360,1394,6735.8,28.17,,-0.0401,0.0328,2.3794,0.02839,0.5121
1070,8773632,2193408,1395,6738.4,28.27,,-0.041,0.0362,2.3941,0.02917,0.4961
1071,8781824,2195456,1396,6741.1,28.18,,-0.0367,0.0232,2.4811,0.0282,0.4651
1072,8790016,2197504,1397,6743.7,28.37,,-0.0375,0.0371,2.3717,0.02972,0.4933
1073,8798208,2199552,1398,6746.4,28.41,,-0.0397,0.0329,2.396,0.02834,0.4753
1074,8806400,2201600,1400,6749.1,28.46,,-0.0385,0.0304,2.3641,0.03161,0.4745
1075,8814592,2203648,1400,6751.7,28.46,,-0.0406,0.0328,2.3455,0.0306,0.5244
1076,8822784,2205696,1400,6754.4,28.46,,-0.0416,0.0323,2.3456,0.03129,0.4858
1077,8830976,2207744,1401,6757.0,28.53,,-0.0408,0.0384,2.3271,0.03641,0.4854
1078,8839168,2209792,1406,6759.7,28.61,,-0.0367,0.0258,2.4395,0.02835,0.4733
1079,8847360,2211840,1406,6762.4,28.61,,-0.0428,0.0238,2.344,0.03182,0.4956
1080,8855552,2213888,1407,6765.0,28.76,,-0.0375,0.0367,2.3581,0.03035,0.4608
1081,8863744,2215936,1409,6767.7,28.56,,-0.038,0.0404,2.3106,0.03515,0.4958
1082,8871936,2217984,1409,6770.4,28.56,,-0.042,0.049,2.2996,0.03244,0.4911
1083,8880128,2220032,1410,6773.0,28.47,,-0.039,0.0398,2.3059,0.03327,0.4976
1084,8888320,2222080,1411,6775.7,28.47,,-0.0423,0.0229,2.3564,0.03935,0.4869
1085,8896512,2224128,1411,6778.4,28.47,,-0.0418,0.026,2.384,0.02876,0.4846
1086,8904704,2226176,1411,6781.0,28.47,,-0.0401,0.033,2.3448,0.03362,0.4896
1087,8912896,2228224,1413,6783.7,28.27,,-0.0381,0.034,2.4029,0.03263,0.4783
1088,8921088,2230272,1415,6786.4,27.96,,-0.0392,0.029,2.3796,0.02791,0.4711
1089,8929280,2232320,1415,6789.0,27.96,,-0.0395,0.0337,2.3322,0.03021,0.4873
1090,8937472,2234368,1416,6791.7,28.11,,-0.0412,0.0457,2.3573,0.03426,0.4998
1091,8945664,2236416,1416,6794.4,28.11,,-0.0411,0.0365,2.3783,0.03228,0.4911
1092,8953856,2238464,1416,6797.0,28.11,,-0.0407,0.0245,2.4306,0.03339,0.4819
1093,8962048,2240512,1418,6799.7,28.51,,-0.0347,0.0332,2.4235,0.03087,0.4622
1094,8970240,2242560,1421,6802.3,28.72,,-0.041,0.0292,2.4232,0.02966,0.5021
1095,8978432,2244608,1425,6805.0,28.76,,-0.0384,0.0291,2.365,0.027,0.4652
1096,8986624,2246656,1425,6807.7,28.76,,-0.0405,0.0318,2.2704,0.02639,0.4983
1097,8994816,2248704,1426,6810.3,28.53,,-0.0413,0.0323,2.2787,0.0317,0.519
1098,9003008,2250752,1427,6813.0,28.48,,-0.0397,0.0299,2.342,0.03116,0.5062
1099,9011200,2252800,1427,6815.7,28.48,,-0.0424,0.0285,2.3759,0.03314,0.5083
1100,9019392,2254848,1427,8583.6,28.48,649.0800170898438,-0.04,0.0258,2.3853,0.02875,0.4855
1101,9027584,2256896,1428,8586.2,28.57,,-0.0394,0.0255,2.3623,0.03031,0.4868
1102,9035776,2258944,1428,8588.9,28.57,,-0.0378,0.037,2.3427,0.03188,0.4841
1103,9043968,2260992,1428,8591.5,28.57,,-0.0401,0.0413,2.341,0.03208,0.473
1104,9052160,2263040,1430,8594.2,28.42,,-0.0363,0.0477,2.4118,0.0296,0.4661
1105,9060352,2265088,1433,8596.8,29.26,,-0.0353,0.0348,2.4209,0.02995,0.474
1106,9068544,2267136,1435,8599.5,29.14,,-0.0413,0.0278,2.3835,0.03167,0.4839
1107,9076736,2269184,1437,8602.2,29.27,,-0.0419,0.032,2.3255,0.03128,0.4944
1108,9084928,2271232,1438,8604.8,29.28,,-0.0406,0.0326,2.3372,0.02807,0.4813
1109,9093120,2273280,1439,8607.5,29.15,,-0.0415,0.0205,2.431,0.02884,0.485
1110,9101312,2275328,1439,8610.1,29.15,,-0.0417,0.0381,2.3817,0.03182,0.5081
1111,9109504,2277376,1441,8612.8,29.23,,-0.0386,0.0296,2.419,0.0293,0.4808
1112,9117696,2279424,1442,8615.4,29.25,,-0.0435,0.0222,2.3979,0.02699,0.4791
1113,9125888,2281472,1442,8618.1,29.25,,-0.0407,0.0359,2.2806,0.02846,0.4991
1114,9134080,2283520,1442,8620.7,29.25,,-0.0405,0.0472,2.3326,0.02968,0.4866
1115,9142272,2285568,1443,8623.4,29.13,,-0.0385,0.042,2.4061,0.03177,0.4713
1116,9150464,2287616,1444,8626.0,29.11,,-0.0419,0.0306,2.385,0.03071,0.5027
1117,9158656,2289664,1445,8628.7,29.12,,-0.0423,0.0273,2.378,0.03176,0.505
1118,9166848,2291712,1446,8631.4,29.06,,-0.0399,0.0427,2.387,0.02807,0.4877
1119,9175040,2293760,1448,8634.0,29.06,,-0.0348,0.0381,2.4606,0.02732,0.4548
1120,9183232,2295808,1451,8636.7,29.13,,-0.0394,0.0324,2.3819,0.02823,0.4752
1121,9191424,2297856,1452,8639.3,29.43,,-0.0422,0.0289,2.3385,0.03094,0.5133
1122,9199616,2299904,1455,8642.0,29.29,,-0.0373,0.0361,2.3767,0.02736,0.4689
1123,9207808,2301952,1455,8644.7,29.29,,-0.0387,0.034,2.3811,0.02848,0.4867
1124,9216000,2304000,1455,8647.3,29.29,,-0.0387,0.0344,2.3476,0.02935,0.4905
1125,9224192,2306048,1458,8650.0,29.23,,-0.0407,0.0283,2.3538,0.03344,0.4854
1126,9232384,2308096,1458,8652.6,29.23,,-0.0386,0.0434,2.4255,0.03276,0.4677
1127,9240576,2310144,1459,8655.3,29.18,,-0.0398,0.0236,2.4216,0.03025,0.4712
1128,9248768,2312192,1460,8657.9,29.26,,-0.0417,0.0378,2.3519,0.03179,0.5148
1129,9256960,2314240,1462,8660.6,29.06,,-0.035,0.0449,2.4418,0.03316,0.4482
1130,9265152,2316288,1464,8663.2,29.07,,-0.036,0.0339,2.4245,0.03012,0.4874
1131,9273344,2318336,1464,8665.9,29.07,,-0.0404,0.0428,2.3041,0.03006,0.4867
1132,9281536,2320384,1465,8668.5,29.21,,-0.0413,0.036,2.3804,0.03238,0.4886
1133,9289728,2322432,1465,8671.2,29.21,,-0.039,0.0277,2.4221,0.02991,0.4946
1134,9297920,2324480,1467,8673.8,29.5,,-0.0368,0.0297,2.4471,0.03317,0.464
1135,9306112,2326528,1470,8676.5,29.54,,-0.0372,0.0511,2.3808,0.03159,0.4639
1136,9314304,2328576,1474,8679.1,29.4,,-0.0405,0.0252,2.4243,0.03126,0.4614
1137,9322496,2330624,1474,8681.8,29.4,,-0.0411,0.0329,2.3213,0.02933,0.5042
1138,9330688,2332672,1475,8684.5,29.25,,-0.0432,0.0352,2.3687,0.0292,0.5
1139,9338880,2334720,1477,8687.1,29.36,,-0.0419,0.0273,2.4061,0.03067,0.4867
1140,9347072,2336768,1478,8689.8,29.51,,-0.0393,0.0251,2.459,0.0288,0.4486
1141,9355264,2338816,1478,8692.4,29.51,,-0.0428,0.0246,2.4209,0.0283,0.4747
1142,9363456,2340864,1479,8695.1,29.31,,-0.0446,0.0235,2.3907,0.03132,0.5096
1143,9371648,2342912,1479,8697.7,29.31,,-0.0394,0.031,2.4422,0.02889,0.4598
1144,9379840,2344960,1481,8700.4,29.25,,-0.0369,0.0353,2.4629,0.03055,0.4573
1145,9388032,2347008,1482,8703.0,29.27,,-0.0399,0.0263,2.4865,0.02892,0.4606
1146,9396224,2349056,1486,8705.7,29.1,,-0.0386,0.0509,2.4239,0.02948,0.467
1147,9404416,2351104,1488,8708.3,29.03,,-0.0389,0.034,2.4373,0.03009,0.4996
1148,9412608,2353152,1489,8711.0,29.16,,-0.0408,0.0204,2.3803,0.02904,0.4878
1149,9420800,2355200,1490,8713.7,29.19,,-0.0429,0.0317,2.3301,0.03367,0.4845
1150,9428992,2357248,1492,8716.3,29.07,,-0.0408,0.0287,2.3621,0.03136,0.5034
1151,9437184,2359296,1493,8719.0,28.97,,-0.0428,0.023,2.447,0.03179,0.4929
1152,9445376,2361344,1493,8721.6,28.97,,-0.0387,0.033,2.4468,0.03254,0.4902
1153,9453568,2363392,1493,8724.3,28.97,,-0.0397,0.0286,2.453,0.0312,0.4697
1154,9461760,2365440,1495,8726.9,28.97,,-0.04,0.0257,2.4907,0.03055,0.4658
1155,9469952,2367488,1496,8729.6,28.76,,-0.0405,0.0354,2.4432,0.02996,0.4923
1156,9478144,2369536,1497,8732.3,28.53,,-0.0379,0.0362,2.409,0.03054,0.5082
1157,9486336,2371584,1497,8734.9,28.53,,-0.044,0.0336,2.3916,0.03331,0.509
1158,9494528,2373632,1499,8737.6,28.36,,-0.0419,0.0359,2.4274,0.03446,0.5049
1159,9502720,2375680,1503,8740.2,28.18,,-0.0376,0.026,2.5448,0.02592,0.4742
1160,9510912,2377728,1504,8742.9,28.07,,-0.0428,0.0244,2.4193,0.02897,0.4917
1161,9519104,2379776,1506,8745.6,28.23,,-0.0436,0.0307,2.3963,0.02948,0.4841
1162,9527296,2381824,1508,8748.2,28.34,,-0.0388,0.0297,2.448,0.0328,0.4498
1163,9535488,2383872,1508,8750.9,28.34,,-0.0432,0.0253,2.3857,0.02993,0.5128
1164,9543680,2385920,1509,8753.5,28.22,,-0.0432,0.0293,2.4135,0.03186,0.5026
1165,9551872,2387968,1510,8756.2,28.16,,-0.0393,0.0356,2.4266,0.03339,0.4727
1166,9560064,2390016,1511,8758.8,28.13,,-0.0418,0.0274,2.4866,0.02771,0.4724
1167,9568256,2392064,1513,8761.5,28.29,,-0.0386,0.0378,2.4413,0.03285,0.4585
1168,9576448,2394112,1513,8764.1,28.29,,-0.0389,0.0405,2.3578,0.03018,0.4877
1169,9584640,2396160,1513,8766.8,28.29,,-0.0422,0.0336,2.368,0.03021,0.4803
1170,9592832,2398208,1513,8769.4,28.29,,-0.0388,0.0307,2.4561,0.03302,0.4728
1171,9601024,2400256,1513,8772.1,28.29,,-0.0419,0.0227,2.4575,0.03316,0.5
1172,9609216,2402304,1516,8774.7,28.18,,-0.0387,0.0329,2.4851,0.03114,0.4741
1173,9617408,2404352,1518,8777.4,27.95,,-0.0401,0.0235,2.4593,0.03312,0.4562
1174,9625600,2406400,1521,8780.0,27.65,,-0.0371,0.0374,2.4266,0.03123,0.4868
1175,9633792,2408448,1524,8782.7,27.85,,-0.0374,0.0309,2.4112,0.02895,0.4608
1176,9641984,2410496,1524,8785.4,27.85,,-0.0442,0.0375,2.2608,0.03101,0.4886
1177,9650176,2412544,1524,8788.0,27.85,,-0.0411,0.0349,2.2765,0.02926,0.5037
1178,9658368,2414592,1525,8790.7,27.82,,-0.0395,0.0324,2.4091,0.03712,0.486
1179,9666560,2416640,1525,8793.3,27.82,,-0.0408,0.0248,2.416,0.03253,0.4747
1180,9674752,2418688,1527,8796.0,28.18,,-0.0373,0.0364,2.4292,0.03502,0.4578
1181,9682944,2420736,1528,8798.6,28.19,,-0.0359,0.0311,2.4905,0.02974,0.4414
1182,9691136,2422784,1530,8801.3,28.04,,-0.039,0.047,2.3278,0.03222,0.5028
1183,9699328,2424832,1530,8803.9,28.04,,-0.0389,0.0407,2.3116,0.03362,0.4865
1184,9707520,2426880,1532,8806.6,27.53,,-0.0409,0.032,2.4153,0.02946,0.4895
1185,9715712,2428928,1532,8809.6,27.53,,-0.0416,0.0322,2.3393,0.03494,0.5007
1186,9723904,2430976,1534,8812.3,27.28,,-0.0398,0.0401,2.4199,0.03086,0.4875
1187,9732096,2433024,1535,8814.9,27.28,,-0.0375,0.0278,2.4684,0.02849,0.4575
1188,9740288,2435072,1535,8817.6,27.28,,-0.0383,0.037,2.4413,0.03204,0.4562
1189,9748480,2437120,1538,8820.2,27.27,,-0.0411,0.0339,2.3916,0.03319,0.4838
1190,9756672,2439168,1540,8822.9,27.16,,-0.0407,0.0372,2.3868,0.03587,0.4955
1191,9764864,2441216,1540,8825.5,27.16,,-0.0425,0.031,2.387,0.03056,0.4783
1192,9773056,2443264,1542,8828.2,27.12,,-0.0425,0.0316,2.4041,0.03243,0.4792
1193,9781248,2445312,1544,8830.8,27.2,,-0.0392,0.0474,2.3981,0.03177,0.4688
1194,9789440,2447360,1546,8833.5,27.04,,-0.0414,0.0265,2.4331,0.03048,0.4766
1195,9797632,2449408,1546,8836.1,27.04,,-0.0434,0.0386,2.333,0.03227,0.4973
1196,9805824,2451456,1546,8838.8,27.04,,-0.0385,0.0351,2.4394,0.03077,0.4554
1197,9814016,2453504,1548,8841.4,26.76,,-0.0414,0.0262,2.4388,0.03319,0.4603
1198,9822208,2455552,1550,8844.1,26.66,,-0.0391,0.0343,2.3609,0.03487,0.481
1199,9830400,2457600,1550,8846.7,26.66,,-0.0425,0.044,2.2769,0.03095,0.5142
1200,9838592,2459648,1551,10612.0,26.65,494.3999938964844,-0.0446,0.031,2.3337,0.03577,0.5068
1201,9846784,2461696,1552,10614.6,26.53,,-0.0404,0.0314,2.4084,0.02945,0.4518
1202,9854976,2463744,1552,10617.3,26.53,,-0.0407,0.027,2.3538,0.0347,0.504
1203,9863168,2465792,1553,10619.9,26.52,,-0.0412,0.0227,2.4402,0.03745,0.476
1204,9871360,2467840,1555,10622.6,26.37,,-0.0386,0.0313,2.4162,0.03772,0.4622
1205,9879552,2469888,1558,10625.3,26.26,,-0.0415,0.0286,2.382,0.03344,0.4987
1206,9887744,2471936,1558,10627.9,26.26,,-0.0441,0.0284,2.3773,0.03518,0.5085
1207,9895936,2473984,1558,10630.6,26.26,,-0.044,0.034,2.2741,0.03534,0.5142
1208,9904128,2476032,1560,10633.2,26.41,,-0.0377,0.0273,2.3944,0.0349,0.4871
1209,9912320,2478080,1562,10635.9,26.43,,-0.0416,0.0227,2.4442,0.03179,0.4823
1210,9920512,2480128,1563,10638.5,26.53,,-0.0373,0.0295,2.4124,0.03773,0.4919
1211,9928704,2482176,1564,10641.2,26.51,,-0.0398,0.0261,2.3467,0.03244,0.4873
1212,9936896,2484224,1565,10643.9,26.67,,-0.0426,0.0338,2.2614,0.03193,0.484
1213,9945088,2486272,1565,10646.5,26.67,,-0.0419,0.0407,2.3839,0.03625,0.4916
1214,9953280,2488320,1568,10649.2,26.61,,-0.0389,0.0295,2.4057,0.03466,0.49
1215,9961472,2490368,1569,10651.8,26.43,,-0.0413,0.0309,2.3636,0.03399,0.507
1216,9969664,2492416,1571,10654.5,26.6,,-0.0425,0.0262,2.3366,0.03435,0.5138
1217,9977856,2494464,1572,10657.1,26.62,,-0.039,0.038,2.3681,0.03401,0.4679
1218,9986048,2496512,1573,10659.8,26.63,,-0.0406,0.0238,2.3543,0.03429,0.4911
1219,9994240,2498560,1574,10662.5,26.69,,-0.0419,0.0337,2.2748,0.03465,0.5261
1220,10002432,2500608,1574,10665.1,26.69,,-0.0409,0.0402,2.3624,0.03132,0.4867
1221,10010624,2502656,1574,10667.8,26.69,,-0.0411,0.039,2.2849,0.03733,0.5021
1222,10018816,2504704,1577,10670.4,26.92,,-0.0356,0.0335,2.4255,0.03292,0.4513
1223,10027008,2506752,1578,10673.1,26.7,,-0.0405,0.0323,2.3397,0.03053,0.4902
1224,10035200,2508800,1579,10675.8,26.71,,-0.04,0.0242,2.3176,0.03694,0.5114
1225,10043392,2510848,1579,10678.4,26.71,,-0.0418,0.0383,2.2707,0.0387,0.5109
1226,10051584,2512896,1582,10681.1,26.78,,-0.0427,0.0279,2.3357,0.04048,0.4989
1227,10059776,2514944,1583,10683.7,26.77,,-0.0436,0.0237,2.3854,0.03911,0.5179
1228,10067968,2516992,1584,10686.4,26.86,,-0.0417,0.0283,2.3731,0.03176,0.4923
1229,10076160,2519040,1587,10689.1,26.93,,-0.0389,0.0341,2.4065,0.03581,0.4733
1230,10084352,2521088,1588,10691.7,26.89,,-0.0405,0.0379,2.3022,0.03707,0.5045
1231,10092544,2523136,1589,10694.4,26.83,,-0.0403,0.0341,2.2724,0.03649,0.4905
1232,10100736,2525184,1590,10697.1,26.7,,-0.0435,0.031,2.2622,0.03766,0.5154
1233,10108928,2527232,1590,10699.7,26.7,,-0.0424,0.0351,2.2941,0.0356,0.4955
1234,10117120,2529280,1590,10702.4,26.7,,-0.0411,0.0282,2.3985,0.04045,0.517
1235,10125312,2531328,1590,10705.0,26.7,,-0.0405,0.0279,2.3663,0.0346,0.504
1236,10133504,2533376,1592,10707.7,26.63,,-0.0418,0.0302,2.4347,0.03937,0.4907
1237,10141696,2535424,1592,10710.3,26.63,,-0.0416,0.0231,2.3992,0.03367,0.4935
1238,10149888,2537472,1592,10713.0,26.63,,-0.0418,0.0428,2.3312,0.03792,0.5435
1239,10158080,2539520,1597,10715.7,27.07,,-0.0432,0.0262,2.3661,0.03221,0.4923
1240,10166272,2541568,1597,10718.4,27.07,,-0.0461,0.0298,2.3342,0.03441,0.5173
1241,10174464,2543616,1597,10721.0,27.07,,-0.0445,0.0284,2.3678,0.03189,0.5211
1242,10182656,2545664,1601,10723.7,27.27,,-0.0399,0.0265,2.4111,0.03414,0.4962
1243,10190848,2547712,1601,10726.4,27.27,,-0.0403,0.0278,2.3784,0.03314,0.5015
1244,10199040,2549760,1602,10729.0,27.4,,-0.037,0.042,2.4048,0.03413,0.5088
1245,10207232,2551808,1603,10731.7,27.25,,-0.0439,0.0242,2.3857,0.03134,0.4971
1246,10215424,2553856,1603,10734.3,27.25,,-0.042,0.0345,2.3139,0.03146,0.5233
1247,10223616,2555904,1603,10737.0,27.25,,-0.042,0.0431,2.3191,0.03437,0.5148
1248,10231808,2557952,1605,10739.7,27.49,,-0.0403,0.0256,2.4463,0.03322,0.4989
1249,10240000,2560000,1606,10742.3,27.65,,-0.0409,0.0262,2.3762,0.02844,0.484
1250,10248192,2562048,1606,10745.0,27.65,,-0.0376,0.0294,2.347,0.03491,0.4988
1251,10256384,2564096,1606,10747.7,27.65,,-0.0412,0.0398,2.3224,0.03438,0.4996
1252,10264576,2566144,1608,10750.3,27.74,,-0.0418,0.0331,2.3653,0.03432,0.5052
1253,10272768,2568192,1612,10753.0,27.86,,-0.0404,0.0257,2.4097,0.02776,0.4679
1254,10280960,2570240,1612,10755.7,27.86,,-0.0419,0.0292,2.3614,0.03604,0.4971
1255,10289152,2572288,1614,10758.4,28.1,,-0.0402,0.0446,2.2709,0.03312,0.5135
1256,10297344,2574336,1614,10761.0,28.1,,-0.0401,0.0439,2.33,0.03536,0.4812
1257,10305536,2576384,1617,10763.7,28.62,,-0.0404,0.0308,2.3595,0.03969,0.512
1258,10313728,2578432,1617,10766.4,28.62,,-0.0445,0.0274,2.3596,0.03473,0.5026
1259,10321920,2580480,1618,10769.0,28.55,,-0.0384,0.0276,2.4007,0.03083,0.4637
1260,10330112,2582528,1619,10771.7,28.7,,-0.0411,0.0314,2.374,0.03543,0.4795
1261,10338304,2584576,1621,10774.4,28.92,,-0.038,0.0506,2.3376,0.03592,0.4634
1262,10346496,2586624,1621,10777.0,28.92,,-0.0393,0.0418,2.3042,0.03252,0.4736
1263,10354688,2588672,1621,10779.7,28.92,,-0.0419,0.0321,2.3264,0.03819,0.4906
1264,10362880,2590720,1622,10782.3,28.97,,-0.0413,0.0406,2.3582,0.03505,0.4691
1265,10371072,2592768,1623,10785.0,29.12,,-0.0393,0.0349,2.4147,0.03491,0.501
1266,10379264,2594816,1625,10787.7,28.98,,-0.0391,0.0291,2.4071,0.03236,0.4833
1267,10387456,2596864,1626,10790.3,28.97,,-0.0409,0.0366,2.3437,0.03701,0.5024
1268,10395648,2598912,1626,10793.0,28.97,,-0.0434,0.0364,2.3168,0.03547,0.5071
1269,10403840,2600960,1627,10795.7,28.82,,-0.0416,0.0339,2.3658,0.03106,0.4757
1270,10412032,2603008,1632,10798.3,29.04,,-0.0373,0.0369,2.3624,0.03301,0.4719
1271,10420224,2605056,1632,10801.0,29.04,,-0.0422,0.0388,2.2747,0.03503,0.5216
1272,10428416,2607104,1634,10803.7,29.19,,-0.0387,0.041,2.2835,0.03016,0.4819
1273,10436608,2609152,1634,10806.3,29.19,,-0.0394,0.0336,2.2941,0.03009,0.4707
1274,10444800,2611200,1635,10809.0,29.18,,-0.0414,0.0333,2.2672,0.034,0.4889
1275,10452992,2613248,1635,10811.7,29.18,,-0.0424,0.0264,2.3096,0.03952,0.509
1276,10461184,2615296,1635,10814.3,29.18,,-0.0412,0.0324,2.2697,0.03398,0.493
1277,10469376,2617344,1635,10817.0,29.18,,-0.0399,0.0281,2.3718,0.03349,0.4789
1278,10477568,2619392,1635,10819.6,29.18,,-0.04,0.0271,2.3627,0.03131,0.4912
1279,10485760,2621440,1637,10822.3,29.01,,-0.0382,0.0416,2.348,0.03324,0.5089
1280,10493952,2623488,1641,10825.0,29.22,,-0.0413,0.0275,2.401,0.03425,0.464
1281,10502144,2625536,1642,10827.6,29.22,,-0.0371,0.0336,2.3167,0.03719,0.4921
1282,10510336,2627584,1644,10830.3,29.46,,-0.0412,0.0292,2.3231,0.0361,0.5153
1283,10518528,2629632,1646,10833.0,29.6,,-0.0408,0.0412,2.3032,0.03453,0.4954
1284,10526720,2631680,1647,10835.7,29.64,,-0.0417,0.0248,2.3356,0.03377,0.5087
1285,10534912,2633728,1650,10838.3,29.69,,-0.035,0.0329,2.3723,0.02982,0.4584
1286,10543104,2635776,1651,10841.0,29.72,,-0.0399,0.0292,2.3287,0.02951,0.5013
1287,10551296,2637824,1651,10843.7,29.72,,-0.0384,0.0302,2.2924,0.03566,0.5021
1288,10559488,2639872,1652,10846.3,29.54,,-0.0388,0.0294,2.4049,0.03396,0.4628
1289,10567680,2641920,1653,10849.0,29.42,,-0.0345,0.0355,2.4363,0.03177,0.4464
1290,10575872,2643968,1653,10851.6,29.42,,-0.0418,0.0303,2.3941,0.03446,0.4913
1291,10584064,2646016,1653,10854.3,29.42,,-0.0442,0.0407,2.291,0.03661,0.5145
1292,10592256,2648064,1655,10857.0,29.29,,-0.0395,0.0405,2.3853,0.03612,0.486
1293,10600448,2650112,1655,10859.6,29.29,,-0.0441,0.0252,2.4121,0.03497,0.5024
1294,10608640,2652160,1656,10862.3,29.34,,-0.0443,0.0312,2.3972,0.03281,0.5043
1295,10616832,2654208,1657,10865.0,29.35,,-0.0405,0.0362,2.3986,0.03121,0.4813
1296,10625024,2656256,1659,10867.6,29.38,,-0.0415,0.0247,2.4246,0.0352,0.4706
1297,10633216,2658304,1659,10870.3,29.38,,-0.0436,0.0302,2.2389,0.03698,0.5261
1298,10641408,2660352,1659,10873.0,29.38,,-0.0472,0.0339,2.2502,0.03866,0.5322
1299,10649600,2662400,1659,10875.7,29.38,,-0.0441,0.0309,2.3932,0.03607,0.5049
1300,10657792,2664448,1663,11039.9,29.6,1495.8800048828125,-0.0423,0.0248,2.4222,0.03407,0.4977
1301,10665984,2666496,1664,11042.5,29.71,,-0.0398,0.0284,2.4098,0.03705,0.4945
1302,10674176,2668544,1666,11045.1,29.87,,-0.0424,0.0337,2.3099,0.03518,0.5098
1303,10682368,2670592,1666,11047.8,29.87,,-0.0418,0.0489,2.1923,0.03689,0.5016
1304,10690560,2672640,1667,11050.5,29.78,,-0.0437,0.0338,2.2143,0.0398,0.5259
1305,10698752,2674688,1668,11053.1,29.74,,-0.0397,0.0437,2.2217,0.03565,0.4985
1306,10706944,2676736,1669,11055.8,29.97,,-0.04,0.0263,2.3685,0.03748,0.4822
1307,10715136,2678784,1669,11058.4,29.97,,-0.0415,0.0242,2.3279,0.03375,0.476
1308,10723328,2680832,1670,11061.1,30.03,,-0.0404,0.0385,2.1914,0.03768,0.5149
1309,10731520,2682880,1671,11063.7,30.03,,-0.0373,0.0419,2.2405,0.03572,0.4822
1310,10739712,2684928,1673,11066.4,30.29,,-0.041,0.0337,2.2953,0.03999,0.5194
1311,10747904,2686976,1673,11069.1,30.29,,-0.0418,0.0322,2.2237,0.03912,0.5055
1312,10756096,2689024,1673,11071.7,30.29,,-0.0413,0.0298,2.2143,0.04223,0.5179
1313,10764288,2691072,1674,11074.4,30.37,,-0.047,0.0331,2.2462,0.04052,0.5333
1314,10772480,2693120,1675,11077.0,30.37,,-0.0417,0.0299,2.2331,0.0382,0.5038
1315,10780672,2695168,1677,11079.7,30.31,,-0.0401,0.0316,2.3254,0.0438,0.5156
1316,10788864,2697216,1680,11082.4,30.69,,-0.0407,0.0196,2.3834,0.0359,0.5024
1317,10797056,2699264,1682,11085.1,30.93,,-0.0437,0.0298,2.2614,0.03979,0.5271
1318,10805248,2701312,1682,11087.7,30.93,,-0.0401,0.0491,2.2226,0.03863,0.5007
1319,10813440,2703360,1683,11090.4,30.94,,-0.0415,0.0319,2.3109,0.0416,0.5092
1320,10821632,2705408,1684,11093.0,30.9,,-0.0369,0.0337,2.3071,0.03703,0.4879
1321,10829824,2707456,1686,11095.7,30.97,,-0.037,0.0287,2.3896,0.03799,0.4734
1322,10838016,2709504,1688,11098.3,31.28,,-0.0382,0.0239,2.3221,0.04165,0.5022
1323,10846208,2711552,1688,11101.0,31.28,,-0.042,0.0347,2.1502,0.03686,0.506
1324,10854400,2713600,1689,11103.7,31.29,,-0.0426,0.044,2.22,0.03921,0.5077
1325,10862592,2715648,1690,11106.3,31.26,,-0.0428,0.0313,2.3086,0.03528,0.5087
1326,10870784,2717696,1690,11109.0,31.26,,-0.0396,0.0332,2.3455,0.04031,0.5071
1327,10878976,2719744,1690,11111.6,31.26,,-0.0388,0.0342,2.3436,0.03583,0.5099
1328,10887168,2721792,1692,11114.3,31.3,,-0.0391,0.0332,2.3459,0.03759,0.4994
1329,10895360,2723840,1694,11117.0,31.3,,-0.0415,0.0318,2.3156,0.03896,0.5094
1330,10903552,2725888,1695,11119.6,31.17,,-0.0401,0.0292,2.3139,0.03763,0.4821
1331,10911744,2727936,1696,11122.3,31.17,,-0.0422,0.0328,2.26,0.03918,0.5146
1332,10919936,2729984,1699,11125.0,31.11,,-0.0384,0.0381,2.3111,0.03896,0.4912
1333,10928128,2732032,1699,11127.6,31.11,,-0.0424,0.0261,2.2932,0.03702,0.5104
1334,10936320,2734080,1700,11130.3,31.27,,-0.0392,0.0331,2.3693,0.03202,0.5096
1335,10944512,2736128,1702,11133.0,31.24,,-0.0421,0.0215,2.3451,0.03349,0.4889
1336,10952704,2738176,1702,11135.6,31.24,,-0.042,0.0303,2.2782,0.03477,0.5059
1337,10960896,2740224,1703,11138.3,31.15,,-0.0375,0.0463,2.3476,0.03566,0.4869
1338,10969088,2742272,1704,11141.0,30.93,,-0.0435,0.0277,2.3137,0.03373,0.4937
1339,10977280,2744320,1706,11143.6,30.86,,-0.0404,0.0358,2.3406,0.03479,0.4843
1340,10985472,2746368,1708,11146.3,31.11,,-0.0409,0.0317,2.3853,0.03452,0.4849
1341,10993664,2748416,1708,11148.9,31.11,,-0.0407,0.0307,2.2968,0.03572,0.524
1342,11001856,2750464,1708,11151.6,31.11,,-0.0426,0.0271,2.2709,0.03844,0.5103
1343,11010048,2752512,1708,11154.3,31.11,,-0.0398,0.0351,2.315,0.03678,0.5122
1344,11018240,2754560,1710,11156.9,30.9,,-0.0402,0.0218,2.4608,0.03209,0.484
1345,11026432,2756608,1711,11159.6,31.0,,-0.0416,0.0289,2.4016,0.03601,0.4838
1346,11034624,2758656,1714,11162.3,31.03,,-0.0411,0.0396,2.2961,0.03231,0.4926
1347,11042816,2760704,1716,11164.9,30.92,,-0.0431,0.0356,2.2766,0.03705,0.4952
1348,11051008,2762752,1717,11167.6,30.75,,-0.041,0.0433,2.2708,0.03399,0.516
1349,11059200,2764800,1718,11170.3,30.78,,-0.0393,0.0304,2.3243,0.03327,0.5009
1350,11067392,2766848,1720,11172.9,30.85,,-0.034,0.0381,2.4055,0.02873,0.4426
1351,11075584,2768896,1721,11175.6,30.72,,-0.0417,0.0276,2.4175,0.02746,0.4635
1352,11083776,2770944,1721,11178.2,30.72,,-0.0454,0.0269,2.3633,0.032,0.4875
1353,11091968,2772992,1723,11180.9,30.64,,-0.0338,0.037,2.4095,0.03092,0.4508
1354,11100160,2775040,1724,11183.6,30.65,,-0.0423,0.0261,2.354,0.03083,0.4926
1355,11108352,2777088,1724,11186.2,30.65,,-0.0411,0.0317,2.3289,0.04742,0.4816
1356,11116544,2779136,1726,11188.9,30.38,,-0.0397,0.0394,2.4086,0.03509,0.4897
1357,11124736,2781184,1727,11191.6,30.29,,-0.0372,0.0324,2.4015,0.03387,0.4658
1358,11132928,2783232,1731,11194.2,30.25,,-0.0411,0.0277,2.4506,0.03424,0.4861
1359,11141120,2785280,1731,11196.9,30.25,,-0.0394,0.026,2.3793,0.03484,0.4926
1360,11149312,2787328,1731,11199.6,30.25,,-0.0412,0.0274,2.3529,0.03533,0.5173
1361,11157504,2789376,1731,11202.2,30.25,,-0.0411,0.0314,2.3575,0.02953,0.4886
1362,11165696,2791424,1731,11204.9,30.25,,-0.0403,0.0513,2.365,0.03729,0.5028
1363,11173888,2793472,1734,11207.6,30.11,,-0.0392,0.0289,2.4225,0.03352,0.4795
1364,11182080,2795520,1736,11210.2,30.15,,-0.0432,0.0302,2.3798,0.03452,0.52
1365,11190272,2797568,1736,11212.9,30.15,,-0.0453,0.0232,2.3605,0.03245,0.5388
1366,11198464,2799616,1737,11215.6,30.04,,-0.041,0.031,2.36,0.03256,0.5194
1367,11206656,2801664,1738,11218.2,30.09,,-0.041,0.0298,2.3759,0.03298,0.4879
1368,11214848,2803712,1739,11220.9,30.09,,-0.0399,0.0311,2.3901,0.03189,0.4675
1369,11223040,2805760,1741,11223.5,30.01,,-0.0384,0.0303,2.4151,0.03269,0.444
1370,11231232,2807808,1743,11226.2,29.72,,-0.0375,0.0367,2.4219,0.03748,0.4635
1371,11239424,2809856,1744,11228.9,29.75,,-0.0435,0.0311,2.294,0.03429,0.5188
1372,11247616,2811904,1744,11231.5,29.75,,-0.0419,0.0376,2.2683,0.03473,0.4967
1373,11255808,2813952,1745,11234.2,29.69,,-0.0464,0.0275,2.3349,0.03445,0.5073
1374,11264000,2816000,1745,11236.9,29.69,,-0.0446,0.0292,2.3478,0.04034,0.521
1375,11272192,2818048,1747,11239.6,29.62,,-0.0422,0.0256,2.3862,0.03755,0.5057
1376,11280384,2820096,1748,11242.2,29.61,,-0.0394,0.0374,2.3791,0.03818,0.5051
1377,11288576,2822144,1749,11244.9,29.78,,-0.04,0.0352,2.3279,0.03603,0.4911
1378,11296768,2824192,1751,11247.5,30.03,,-0.0384,0.0432,2.4324,0.02956,0.4629
1379,11304960,2826240,1753,11250.2,30.56,,-0.0409,0.0379,2.3382,0.03404,0.506
1380,11313152,2828288,1753,11252.9,30.56,,-0.0442,0.0312,2.2771,0.03198,0.5043
1381,11321344,2830336,1754,11255.5,30.7,,-0.0381,0.0476,2.3432,0.03415,0.4757
1382,11329536,2832384,1755,11258.2,30.84,,-0.0428,0.0264,2.4042,0.03748,0.5001
1383,11337728,2834432,1758,11260.8,30.88,,-0.0441,0.0249,2.3748,0.03944,0.4985
1384,11345920,2836480,1759,11263.5,30.88,,-0.0381,0.026,2.3767,0.02986,0.5063
1385,11354112,2838528,1760,11266.2,30.74,,-0.041,0.0244,2.3313,0.03602,0.5132
1386,11362304,2840576,1760,11268.8,30.74,,-0.0408,0.0281,2.3704,0.03346,0.5088
1387,11370496,2842624,1760,11271.5,30.74,,-0.0438,0.0235,2.3056,0.03379,0.491
1388,11378688,2844672,1761,11274.2,30.66,,-0.041,0.0286,2.4231,0.03471,0.5074
1389,11386880,2846720,1762,11276.8,30.78,,-0.0397,0.0261,2.4282,0.03422,0.4929
1390,11395072,2848768,1764,11279.5,30.69,,-0.0419,0.0225,2.4006,0.03103,0.4878
1391,11403264,2850816,1764,11282.1,30.69,,-0.0387,0.0484,2.33,0.0335,0.504
1392,11411456,2852864,1765,11284.8,30.6,,-0.04,0.0319,2.3832,0.0362,0.5024
1393,11419648,2854912,1765,11287.4,30.6,,-0.0381,0.0341,2.318,0.03168,0.4962
1394,11427840,2856960,1767,11290.1,30.48,,-0.037,0.0511,2.3916,0.03262,0.4786
1395,11436032,2859008,1772,11292.8,30.22,,-0.0417,0.0219,2.4576,0.03429,0.5072
1396,11444224,2861056,1773,11295.4,30.22,,-0.0431,0.0281,2.3617,0.03432,0.4948
1397,11452416,2863104,1775,11298.1,30.28,,-0.0434,0.0274,2.3167,0.03437,0.5051
1398,11460608,2865152,1775,11300.8,30.28,,-0.043,0.0393,2.3201,0.03503,0.5192
1399,11468800,2867200,1775,11303.4,30.28,,-0.0405,0.0389,2.339,0.03992,0.5206
1400,11476992,2869248,1776,11529.7,30.2,1716.47998046875,-0.0403,0.037,2.4139,0.03653,0.4723
1401,11485184,2871296,1777,11532.4,30.2,,-0.0419,0.0173,2.4508,0.03545,0.5222
1402,11493376,2873344,1778,11535.0,30.12,,-0.0353,0.036,2.3938,0.03446,0.4691
1403,11501568,2875392,1780,11537.6,29.97,,-0.0387,0.032,2.4335,0.03171,0.481
1404,11509760,2877440,1781,11540.3,29.95,,-0.043,0.0254,2.3962,0.04175,0.5093
1405,11517952,2879488,1784,11543.0,29.69,,-0.0396,0.0313,2.3762,0.03569,0.4973
1406,11526144,2881536,1784,11545.6,29.69,,-0.0428,0.0316,2.3261,0.03289,0.504
1407,11534336,2883584,1785,11548.3,29.62,,-0.042,0.0376,2.3094,0.03602,0.5035
1408,11542528,2885632,1786,11550.9,29.54,,-0.0387,0.0327,2.3607,0.04002,0.48
1409,11550720,2887680,1787,11553.6,29.3,,-0.0433,0.0266,2.3849,0.03913,0.5083
1410,11558912,2889728,1788,11556.3,29.3,,-0.0433,0.0275,2.3765,0.03715,0.5089
1411,11567104,2891776,1789,11558.9,29.28,,-0.0422,0.0276,2.3575,0.03509,0.5254
1412,11575296,2893824,1789,11561.6,29.28,,-0.0405,0.0377,2.3732,0.03542,0.493
1413,11583488,2895872,1789,11564.2,29.28,,-0.0412,0.0277,2.3723,0.03364,0.5018
1414,11591680,2897920,1790,11566.9,29.44,,-0.0407,0.0299,2.3107,0.03864,0.5211
1415,11599872,2899968,1790,11569.5,29.44,,-0.0419,0.032,2.3087,0.03577,0.5052
1416,11608064,2902016,1792,11572.2,29.5,,-0.0421,0.0233,2.3772,0.0333,0.4836
1417,11616256,2904064,1792,11574.9,29.5,,-0.0451,0.0303,2.3253,0.04633,0.5179
1418,11624448,2906112,1795,11577.5,29.42,,-0.0409,0.0307,2.3754,0.03567,0.4994
1419,11632640,2908160,1799,11580.2,29.63,,-0.0404,0.0268,2.3884,0.03673,0.5048
1420,11640832,2910208,1800,11582.9,29.75,,-0.0381,0.0259,2.4235,0.03208,0.4832
1421,11649024,2912256,1800,11585.5,29.75,,-0.0419,0.0287,2.244,0.0409,0.5222
1422,11657216,2914304,1800,11588.2,29.75,,-0.0418,0.0313,2.2573,0.03439,0.5161
1423,11665408,2916352,1800,11590.8,29.75,,-0.0426,0.0349,2.2859,0.03604,0.528
1424,11673600,2918400,1802,11593.5,29.71,,-0.0441,0.0213,2.3606,0.04429,0.5217
1425,11681792,2920448,1802,11596.2,29.71,,-0.0424,0.0193,2.4066,0.0388,0.4991
1426,11689984,2922496,1805,11598.8,29.88,,-0.0397,0.024,2.4326,0.03858,0.4962
1427,11698176,2924544,1807,11601.5,29.8,,-0.041,0.0386,2.3187,0.03366,0.4963
1428,11706368,2926592,1807,11604.1,29.8,,-0.0408,0.0423,2.3125,0.03645,0.5007
1429,11714560,2928640,1808,11606.8,29.7,,-0.0394,0.058,2.334,0.03589,0.51
1430,11722752,2930688,1812,11609.5,29.49,,-0.0411,0.0275,2.4186,0.04052,0.5145
1431,11730944,2932736,1813,11612.1,29.55,,-0.0429,0.0254,2.4045,0.03343,0.4928
1432,11739136,2934784,1813,11614.8,29.55,,-0.037,0.0314,2.3556,0.03414,0.4758
1433,11747328,2936832,1814,11617.4,29.55,,-0.0417,0.0345,2.3475,0.03652,0.4788
1434,11755520,2938880,1814,11620.1,29.55,,-0.0423,0.0296,2.2866,0.03718,0.5275
1435,11763712,2940928,1814,11622.7,29.55,,-0.042,0.024,2.3832,0.03891,0.5292
1436,11771904,2942976,1815,11625.4,29.54,,-0.0402,0.0313,2.39,0.03672,0.4944
1437,11780096,2945024,1816,11628.0,29.52,,-0.0405,0.0177,2.4376,0.03872,0.5031
1438,11788288,2947072,1816,11630.7,29.52,,-0.0432,0.0254,2.3445,0.03107,0.5133
1439,11796480,2949120,1817,11633.4,29.61,,-0.0414,0.0433,2.3416,0.03516,0.4972
1440,11804672,2951168,1821,11636.0,29.41,,-0.0404,0.0332,2.3926,0.03551,0.4836
1441,11812864,2953216,1823,11638.7,29.28,,-0.0446,0.0253,2.3776,0.03684,0.5176
1442,11821056,2955264,1825,11641.4,29.41,,-0.0431,0.0298,2.36,0.03305,0.4905
1443,11829248,2957312,1826,11644.1,29.56,,-0.0443,0.0307,2.2881,0.03678,0.5221
1444,11837440,2959360,1826,11646.7,29.56,,-0.0437,0.023,2.3863,0.03333,0.4973
1445,11845632,2961408,1827,11649.4,29.63,,-0.0409,0.0313,2.3534,0.03489,0.509
1446,11853824,2963456,1828,11652.0,29.71,,-0.0359,0.0204,2.4654,0.03068,0.4738
1447,11862016,2965504,1828,11654.6,29.71,,-0.0423,0.0262,2.3527,0.03668,0.5106
1448,11870208,2967552,1829,11657.3,29.77,,-0.0382,0.0459,2.2866,0.03459,0.4984
1449,11878400,2969600,1830,11660.0,29.79,,-0.0405,0.0348,2.3466,0.0408,0.4989
1450,11886592,2971648,1832,11662.6,29.82,,-0.0376,0.0388,2.4179,0.03677,0.4669
1451,11894784,2973696,1835,11665.3,29.72,,-0.041,0.0264,2.3684,0.03323,0.4962
1452,11902976,2975744,1837,11668.0,29.65,,-0.037,0.0393,2.3367,0.0334,0.4974
1453,11911168,2977792,1839,11670.6,29.61,,-0.0385,0.0346,2.3698,0.02901,0.4446
1454,11919360,2979840,1840,11673.3,29.47,,-0.0441,0.0301,2.3222,0.0326,0.5264
1455,11927552,2981888,1840,11675.9,29.47,,-0.0423,0.0361,2.2076,0.03885,0.5269
1456,11935744,2983936,1841,11678.6,29.29,,-0.0434,0.0354,2.292,0.03714,0.5096
1457,11943936,2985984,1842,11681.2,29.19,,-0.0446,0.0166,2.405,0.0412,0.5178
1458,11952128,2988032,1843,11683.9,29.19,,-0.0407,0.0224,2.3833,0.04185,0.5059
1459,11960320,2990080,1844,11686.5,29.17,,-0.0379,0.0476,2.2794,0.0381,0.5046
1460,11968512,2992128,1845,11689.2,29.23,,-0.0395,0.0491,2.3019,0.03687,0.4874
1461,11976704,2994176,1845,11691.9,29.23,,-0.0427,0.0319,2.3149,0.03973,0.5028
1462,11984896,2996224,1846,11694.5,29.08,,-0.0434,0.0317,2.3209,0.03908,0.5005
1463,11993088,2998272,1846,11697.2,29.08,,-0.0417,0.0305,2.2789,0.0451,0.5192
1464,12001280,3000320,1847,11699.8,29.21,,-0.0438,0.0269,2.3513,0.04444,0.5203
1465,12009472,3002368,1848,11702.5,29.22,,-0.0418,0.0251,2.3836,0.03893,0.4833
1466,12017664,3004416,1850,11705.2,29.31,,-0.0399,0.0227,2.4396,0.0362,0.4878
1467,12025856,3006464,1851,11707.8,29.16,,-0.0434,0.0274,2.3471,0.03723,0.5029
1468,12034048,3008512,1853,11710.5,28.82,,-0.039,0.0363,2.3696,0.03357,0.4854
1469,12042240,3010560,1856,11713.1,28.71,,-0.0424,0.0369,2.3487,0.03765,0.4933
1470,12050432,3012608,1857,11715.8,29.0,,-0.0416,0.028,2.3436,0.03873,0.5238
1471,12058624,3014656,1859,11718.5,29.1,,-0.0394,0.0402,2.3187,0.03509,0.4846
1472,12066816,3016704,1859,11721.1,29.1,,-0.0427,0.0338,2.3476,0.03668,0.4884
1473,12075008,3018752,1859,11723.8,29.1,,-0.0396,0.0442,2.3893,0.0321,0.4744
1474,12083200,3020800,1860,11726.4,29.15,,-0.0385,0.0451,2.3959,0.03896,0.49
1475,12091392,3022848,1860,11729.1,29.15,,-0.0378,0.0289,2.4344,0.03838,0.486
1476,12099584,3024896,1861,11731.7,29.14,,-0.0395,0.0241,2.4269,0.03753,0.4951
1477,12107776,3026944,1862,11734.3,28.87,,-0.0424,0.0261,2.4066,0.03754,0.4873
1478,12115968,3028992,1866,11737.0,28.8,,-0.0391,0.0405,2.366,0.03946,0.507
1479,12124160,3031040,1868,11739.7,29.08,,-0.0369,0.0302,2.414,0.03585,0.5
1480,12132352,3033088,1870,11742.4,28.99,,-0.0411,0.0275,2.3321,0.03577,0.5026
1481,12140544,3035136,1870,11745.0,28.99,,-0.0462,0.0304,2.3346,0.04009,0.5208
1482,12148736,3037184,1870,11747.7,28.99,,-0.0395,0.0369,2.3858,0.03658,0.4655
1483,12156928,3039232,1872,11750.3,28.73,,-0.0444,0.0174,2.4249,0.03386,0.5052
1484,12165120,3041280,1873,11753.0,28.72,,-0.0414,0.0254,2.3998,0.03106,0.4871
1485,12173312,3043328,1874,11755.6,28.72,,-0.0393,0.033,2.3408,0.03411,0.5077
1486,12181504,3045376,1874,11758.3,28.72,,-0.0415,0.0268,2.376,0.03644,0.4847
1487,12189696,3047424,1875,11761.0,28.71,,-0.0422,0.0387,2.31,0.03826,0.5146
1488,12197888,3049472,1876,11763.6,28.78,,-0.0417,0.0397,2.3104,0.03932,0.5118
1489,12206080,3051520,1877,11766.3,28.69,,-0.0442,0.0276,2.3725,0.03795,0.5017
1490,12214272,3053568,1878,11769.0,28.56,,-0.0423,0.029,2.3985,0.03834,0.5305
1491,12222464,3055616,1879,11771.6,28.54,,-0.0447,0.0238,2.44,0.03623,0.5001
1492,12230656,3057664,1880,11774.3,28.69,,-0.0406,0.0216,2.4708,0.03464,0.4745
1493,12238848,3059712,1881,11776.9,28.57,,-0.0406,0.0337,2.4191,0.03288,0.506
1494,12247040,3061760,1881,11779.6,28.57,,-0.0409,0.0339,2.4109,0.0342,0.5046
1495,12255232,3063808,1885,11782.2,28.99,,-0.0389,0.0308,2.4547,0.03221,0.478
1496,12263424,3065856,1889,11784.9,29.21,,-0.0375,0.0332,2.4391,0.03037,0.4655
1497,12271616,3067904,1889,11787.6,29.21,,-0.0445,0.0363,2.3363,0.03056,0.4993
1498,12279808,3069952,1889,11790.3,29.21,,-0.0444,0.0455,2.2864,0.03516,0.5275
1499,12288000,3072000,1889,11792.9,29.21,,-0.0401,0.0404,2.3848,0.03607,0.4988
1500,12296192,3074048,1889,11971.8,29.21,1786.3599853515625,-0.0427,0.0217,2.4596,0.03492,0.5199
1501,12304384,3076096,1889,11974.4,29.21,,-0.0431,0.0204,2.4735,0.03357,0.4995
1502,12312576,3078144,1889,11977.1,29.21,,-0.036,0.0249,2.5409,0.03004,0.4396
1503,12320768,3080192,1891,11979.7,29.26,,-0.0397,0.0227,2.4954,0.02954,0.4567
1504,12328960,3082240,1893,11982.4,29.36,,-0.0362,0.0317,2.4136,0.03139,0.4847
1505,12337152,3084288,1896,11985.0,29.04,,-0.0416,0.0443,2.3658,0.0321,0.5115
1506,12345344,3086336,1897,11987.7,29.19,,-0.045,0.0359,2.3767,0.0334,0.5249
1507,12353536,3088384,1897,11990.4,29.19,,-0.0454,0.0352,2.342,0.03545,0.5239
1508,12361728,3090432,1897,11993.0,29.19,,-0.0401,0.0465,2.4061,0.03023,0.4854
1509,12369920,3092480,1900,11995.7,29.13,,-0.0399,0.0235,2.5401,0.03232,0.4901
1510,12378112,3094528,1901,11998.4,29.03,,-0.0423,0.0193,2.5056,0.02686,0.4983
1511,12386304,3096576,1901,12001.0,29.03,,-0.0378,0.0284,2.4654,0.02789,0.4531
1512,12394496,3098624,1901,12003.6,29.03,,-0.0408,0.04,2.3802,0.03241,0.4858
1513,12402688,3100672,1901,12006.3,29.03,,-0.0429,0.031,2.406,0.0316,0.495
1514,12410880,3102720,1904,12008.9,28.75,,-0.0381,0.041,2.4776,0.03186,0.4863
1515,12419072,3104768,1906,12011.6,28.87,,-0.0405,0.0295,2.5006,0.03332,0.4969
1516,12427264,3106816,1908,12014.3,28.77,,-0.0389,0.0287,2.4852,0.02967,0.4493
1517,12435456,3108864,1909,12016.9,28.82,,-0.0415,0.0431,2.4166,0.03148,0.4716
1518,12443648,3110912,1910,12019.6,28.9,,-0.0447,0.0474,2.393,0.0342,0.5181
1519,12451840,3112960,1910,12022.3,28.9,,-0.0432,0.038,2.3817,0.0349,0.5118
1520,12460032,3115008,1913,12024.9,28.79,,-0.0405,0.0462,2.4312,0.03073,0.4752
1521,12468224,3117056,1915,12027.6,29.04,,-0.0413,0.0227,2.5286,0.03389,0.4923
1522,12476416,3119104,1915,12030.3,29.04,,-0.042,0.021,2.4258,0.03409,0.5143
1523,12484608,3121152,1917,12032.9,28.97,,-0.0399,0.0325,2.4052,0.03286,0.4989
1524,12492800,3123200,1917,12035.6,28.97,,-0.0429,0.0295,2.3679,0.03829,0.4958
1525,12500992,3125248,1917,12038.3,28.97,,-0.0438,0.0266,2.3568,0.03235,0.5325
1526,12509184,3127296,1918,12040.9,28.83,,-0.037,0.0384,2.4172,0.04191,0.5092
1527,12517376,3129344,1918,12043.6,28.83,,-0.0424,0.0188,2.4283,0.03939,0.5135
1528,12525568,3131392,1918,12046.2,28.83,,-0.0425,0.0288,2.4065,0.03965,0.5123
1529,12533760,3133440,1920,12048.9,28.9,,-0.0391,0.0367,2.385,0.03631,0.5007
1530,12541952,3135488,1922,12051.6,29.14,,-0.0391,0.0411,2.4419,0.02769,0.4641
1531,12550144,3137536,1924,12054.2,28.97,,-0.0403,0.04,2.3775,0.03507,0.4797
1532,12558336,3139584,1924,12056.8,28.97,,-0.0405,0.0357,2.3018,0.03965,0.5099
1533,12566528,3141632,1924,12059.5,28.97,,-0.0459,0.0362,2.2007,0.04174,0.5278
1534,12574720,3143680,1924,12062.2,28.97,,-0.0448,0.0388,2.2775,0.04221,0.5514
1535,12582912,3145728,1927,12064.8,29.2,,-0.0396,0.0292,2.4814,0.03557,0.4994
1536,12591104,3147776,1930,12067.4,29.48,,-0.0387,0.0199,2.52,0.02763,0.4478
1537,12599296,3149824,1932,12070.1,29.57,,-0.0423,0.0231,2.3625,0.03413,0.5194
1538,12607488,3151872,1932,12072.7,29.57,,-0.0441,0.039,2.2318,0.04368,0.5321
1539,12615680,3153920,1933,12075.4,29.86,,-0.0408,0.032,2.3275,0.03469,0.5049
1540,12623872,3155968,1933,12078.0,29.86,,-0.0458,0.0391,2.309,0.03793,0.5146
1541,12632064,3158016,1933,12080.7,29.86,,-0.0378,0.0345,2.3789,0.03867,0.4852
1542,12640256,3160064,1935,12083.3,29.76,,-0.0366,0.0291,2.4262,0.03812,0.4978
1543,12648448,3162112,1936,12086.0,29.81,,-0.0399,0.0254,2.4273,0.04055,0.4923
1544,12656640,3164160,1936,12088.6,29.81,,-0.0433,0.024,2.3563,0.03984,0.5121
1545,12664832,3166208,1936,12091.3,29.81,,-0.0451,0.032,2.2638,0.04145,0.5157
1546,12673024,3168256,1936,12093.9,29.81,,-0.0453,0.0318,2.2963,0.03939,0.5145
1547,12681216,3170304,1937,12096.6,29.85,,-0.0453,0.0266,2.3626,0.03908,0.5138
1548,12689408,3172352,1937,12099.2,29.85,,-0.0426,0.025,2.4423,0.04208,0.5222
1549,12697600,3174400,1939,12101.9,29.78,,-0.035,0.03,2.515,0.03282,0.469
1550,12705792,3176448,1945,12104.5,30.82,,-0.0387,0.0215,2.4866,0.03777,0.4977
1551,12713984,3178496,1945,12107.2,30.82,,-0.0433,0.0373,2.366,0.03777,0.52
1552,12722176,3180544,1945,12109.8,30.82,,-0.0427,0.0566,2.3023,0.04027,0.5219
1553,12730368,3182592,1946,12112.5,31.22,,-0.0459,0.0322,2.3633,0.03833,0.5276
1554,12738560,3184640,1946,12115.1,31.22,,-0.0424,0.0456,2.3098,0.03768,0.5231
1555,12746752,3186688,1948,12117.8,31.1,,-0.04,0.0246,2.4302,0.03696,0.4984
1556,12754944,3188736,1949,12120.4,30.95,,-0.0406,0.0284,2.3868,0.03656,0.5194
1557,12763136,3190784,1950,12123.1,31.07,,-0.0407,0.0333,2.374,0.03437,0.4937
1558,12771328,3192832,1951,12125.7,30.92,,-0.0413,0.0308,2.3582,0.03976,0.5214
1559,12779520,3194880,1952,12128.3,30.77,,-0.0414,0.0528,2.3296,0.03973,0.5117
1560,12787712,3196928,1954,12131.0,31.24,,-0.0428,0.0382,2.3757,0.03933,0.499
1561,12795904,3198976,1955,12133.6,31.22,,-0.0448,0.0223,2.4369,0.04024,0.5223
1562,12804096,3201024,1956,12136.3,31.21,,-0.0426,0.0259,2.4264,0.03573,0.507
1563,12812288,3203072,1958,12138.9,30.77,,-0.0414,0.0271,2.4315,0.03615,0.5004
1564,12820480,3205120,1959,12141.6,30.83,,-0.0446,0.0261,2.3716,0.03429,0.5199
1565,12828672,3207168,1959,12144.2,30.83,,-0.0447,0.0306,2.3338,0.03823,0.5347
1566,12836864,3209216,1962,12146.9,31.2,,-0.0436,0.0258,2.4148,0.03314,0.4999
1567,12845056,3211264,1962,12149.5,31.2,,-0.0421,0.0327,2.4206,0.03439,0.5056
1568,12853248,3213312,1962,12152.2,31.2,,-0.0434,0.0235,2.4109,0.03583,0.525
1569,12861440,3215360,1963,12154.8,31.21,,-0.0402,0.0383,2.3885,0.0342,0.4958
1570,12869632,3217408,1963,12157.4,31.21,,-0.0415,0.0319,2.4066,0.0353,0.5156
1571,12877824,3219456,1964,12160.1,31.25,,-0.0421,0.0236,2.4423,0.04141,0.4952
1572,12886016,3221504,1967,12162.7,30.93,,-0.037,0.0486,2.431,0.03563,0.4758
1573,12894208,3223552,1968,12165.3,31.08,,-0.036,0.0329,2.4661,0.03244,0.4498
1574,12902400,3225600,1969,12168.0,30.99,,-0.0429,0.0384,2.3188,0.03881,0.5338
1575,12910592,3227648,1971,12170.7,31.13,,-0.0452,0.0308,2.3525,0.04164,0.5209
1576,12918784,3229696,1972,12173.3,30.98,,-0.0459,0.0285,2.3349,0.041,0.5142
1577,12926976,3231744,1973,12176.0,30.97,,-0.0443,0.0279,2.3387,0.0449,0.5249
1578,12935168,3233792,1973,12178.6,30.97,,-0.0402,0.0328,2.3668,0.04394,0.5006
1579,12943360,3235840,1975,12181.2,31.26,,-0.0397,0.0335,2.4311,0.03447,0.5023
1580,12951552,3237888,1975,12183.9,31.26,,-0.0393,0.0447,2.4119,0.03244,0.4971
1581,12959744,3239936,1977,12186.5,31.61,,-0.0411,0.0354,2.4267,0.04092,0.4897
1582,12967936,3241984,1977,12189.1,31.61,,-0.0423,0.0476,2.3666,0.03787,0.5154
1583,12976128,3244032,1979,12191.8,31.61,,-0.0427,0.0392,2.3461,0.04435,0.5261
1584,12984320,3246080,1981,12194.4,31.72,,-0.042,0.0384,2.3685,0.04601,0.5233
1585,12992512,3248128,1982,12197.1,31.8,,-0.0421,0.0355,2.3818,0.0389,0.5013
1586,13000704,3250176,1983,12199.7,31.74,,-0.0431,0.035,2.3769,0.04157,0.5275
1587,13008896,3252224,1984,12202.4,31.79,,-0.044,0.0348,2.3443,0.03971,0.5137
1588,13017088,3254272,1987,12205.0,31.48,,-0.0445,0.0262,2.3991,0.03566,0.528
1589,13025280,3256320,1988,12207.7,31.38,,-0.0464,0.0264,2.3371,0.0407,0.5447
1590,13033472,3258368,1988,12210.3,31.38,,-0.0406,0.0317,2.3403,0.0389,0.5063
1591,13041664,3260416,1989,12213.0,31.44,,-0.0397,0.0337,2.3625,0.03601,0.5142
1592,13049856,3262464,1990,12215.6,31.39,,-0.043,0.0372,2.3488,0.04292,0.4971
1593,13058048,3264512,1991,12218.3,31.44,,-0.0414,0.0342,2.2784,0.04518,0.5179
1594,13066240,3266560,1991,12220.9,31.44,,-0.0453,0.0268,2.3216,0.04772,0.5217
1595,13074432,3268608,1992,12223.6,31.43,,-0.0434,0.0246,2.3473,0.04556,0.5089
1596,13082624,3270656,1993,12226.2,31.35,,-0.0447,0.0297,2.3273,0.04229,0.5151
1597,13090816,3272704,1995,12228.9,31.47,,-0.0419,0.022,2.3732,0.04214,0.4888
1598,13099008,3274752,1996,12231.5,31.57,,-0.0436,0.0245,2.351,0.03984,0.4977
1599,13107200,3276800,1996,12234.1,31.57,,-0.0442,0.0336,2.3318,0.04444,0.5212
1600,13115392,3278848,1997,12412.8,31.57,1833.3599853515625,-0.0383,0.0376,2.3549,0.03669,0.4751
1601,13123584,3280896,2001,12415.4,31.55,,-0.0373,0.0458,2.3579,0.04003,0.4874
1602,13131776,3282944,2002,12418.0,31.88,,-0.0411,0.0273,2.3569,0.03786,0.5032
1603,13139968,3284992,2002,12420.7,31.88,,-0.0419,0.0406,2.2372,0.04397,0.5343
1604,13148160,3287040,2006,12423.3,31.83,,-0.0424,0.0356,2.3141,0.03661,0.5219
1605,13156352,3289088,2007,12426.0,31.77,,-0.0413,0.0372,2.3063,0.04168,0.519
1606,13164544,3291136,2007,12428.6,31.77,,-0.0411,0.027,2.352,0.03942,0.4944
1607,13172736,3293184,2007,12431.2,31.77,,-0.0378,0.0415,2.3242,0.0351,0.4822
1608,13180928,3295232,2008,12433.9,31.7,,-0.0394,0.049,2.2568,0.04007,0.4998
1609,13189120,3297280,2009,12436.6,31.7,,-0.0451,0.0333,2.3148,0.04606,0.5074
1610,13197312,3299328,2009,12439.2,31.7,,-0.0443,0.037,2.3012,0.04216,0.5013
1611,13205504,3301376,2011,12441.9,31.7,,-0.043,0.0246,2.3417,0.04471,0.4985
1612,13213696,3303424,2011,12444.5,31.7,,-0.0438,0.0328,2.3062,0.04245,0.5197
1613,13221888,3305472,2012,12447.2,31.66,,-0.04,0.0333,2.4054,0.03992,0.4945
1614,13230080,3307520,2015,12449.8,31.22,,-0.0395,0.0242,2.3916,0.03804,0.4807
1615,13238272,3309568,2016,12452.4,31.37,,-0.0421,0.0309,2.3256,0.0404,0.5205
1616,13246464,3311616,2016,12455.1,31.37,,-0.0425,0.0428,2.2929,0.03825,0.5198
1617,13254656,3313664,2018,12457.8,31.56,,-0.0391,0.0298,2.2974,0.03718,0.5074
1618,13262848,3315712,2018,12460.4,31.56,,-0.0417,0.0418,2.236,0.03723,0.5139
1619,13271040,3317760,2021,12463.1,31.66,,-0.039,0.0292,2.2811,0.04111,0.52
1620,13279232,3319808,2021,12465.7,31.66,,-0.0371,0.0375,2.2823,0.04351,0.4988
1621,13287424,3321856,2022,12468.3,31.8,,-0.0427,0.0263,2.2674,0.04512,0.5079
1622,13295616,3323904,2022,12471.0,31.8,,-0.0414,0.0412,2.2091,0.05109,0.5249
1623,13303808,3325952,2024,12473.7,31.94,,-0.0444,0.0318,2.1863,0.04491,0.52
1624,13312000,3328000,2025,12476.3,31.96,,-0.0426,0.0255,2.3229,0.04322,0.5214
1625,13320192,3330048,2026,12478.9,31.67,,-0.0402,0.0379,2.3433,0.0362,0.5154
1626,13328384,3332096,2028,12481.6,31.67,,-0.0379,0.029,2.317,0.04144,0.4795
1627,13336576,3334144,2029,12484.2,31.52,,-0.0462,0.0348,2.1964,0.04634,0.5441
1628,13344768,3336192,2030,12486.9,31.44,,-0.0432,0.0317,2.2498,0.04078,0.4949
1629,13352960,3338240,2030,12489.5,31.44,,-0.0451,0.0308,2.2485,0.04182,0.5345
1630,13361152,3340288,2030,12492.2,31.44,,-0.0392,0.0396,2.2871,0.0445,0.5065
1631,13369344,3342336,2031,12494.8,31.5,,-0.041,0.0191,2.3501,0.04049,0.5105
1632,13377536,3344384,2033,12497.5,31.29,,-0.0386,0.0236,2.4086,0.03728,0.5093
1633,13385728,3346432,2034,12500.1,31.4,,-0.0383,0.0351,2.2989,0.04447,0.5244
1634,13393920,3348480,2035,12502.7,31.48,,-0.042,0.0275,2.2945,0.04211,0.5269
1635,13402112,3350528,2035,12505.4,31.48,,-0.0424,0.0451,2.1847,0.04501,0.5228
1636,13410304,3352576,2035,12508.0,31.48,,-0.0438,0.0327,2.2572,0.04061,0.5201
1637,13418496,3354624,2038,12510.7,31.46,,-0.0423,0.0292,2.4254,0.04667,0.4904
1638,13426688,3356672,2040,12513.3,31.33,,-0.0423,0.0186,2.4154,0.03373,0.5021
1639,13434880,3358720,2041,12516.0,31.3,,-0.0416,0.0303,2.2985,0.04141,0.5277
1640,13443072,3360768,2043,12518.6,31.5,,-0.0385,0.0488,2.1991,0.04408,0.5281
1641,13451264,3362816,2044,12521.3,31.61,,-0.0418,0.0406,2.2051,0.04435,0.5165
1642,13459456,3364864,2045,12523.9,31.73,,-0.0423,0.0364,2.2887,0.04468,0.525
1643,13467648,3366912,2046,12526.6,31.58,,-0.0403,0.0316,2.3147,0.04761,0.5243
1644,13475840,3368960,2047,12529.2,31.65,,-0.0435,0.0271,2.2311,0.04508,0.5463
1645,13484032,3371008,2048,12531.8,31.69,,-0.0392,0.0298,2.2764,0.03891,0.5022
1646,13492224,3373056,2050,12534.5,31.45,,-0.0404,0.023,2.2101,0.04727,0.4963
1647,13500416,3375104,2051,12537.1,31.63,,-0.0397,0.0357,2.1678,0.04636,0.5342
1648,13508608,3377152,2051,12539.8,31.63,,-0.0402,0.0383,2.1304,0.04817,0.5073
1649,13516800,3379200,2051,12542.4,31.63,,-0.0442,0.0384,2.1948,0.04798,0.5388
1650,13524992,3381248,2054,12545.1,31.21,,-0.0431,0.0253,2.3361,0.04752,0.5068
1651,13533184,3383296,2054,12547.7,31.21,,-0.0446,0.0254,2.2915,0.04143,0.5272
1652,13541376,3385344,2056,12550.4,31.24,,-0.0424,0.0277,2.2872,0.03975,0.5157
1653,13549568,3387392,2058,12553.0,31.23,,-0.0398,0.0288,2.3137,0.0401,0.4919
1654,13557760,3389440,2058,12555.7,31.23,,-0.0426,0.0282,2.2386,0.04239,0.5287
1655,13565952,3391488,2060,12558.3,31.19,,-0.0394,0.0436,2.248,0.04101,0.515
1656,13574144,3393536,2061,12561.0,31.05,,-0.0354,0.0401,2.3007,0.0371,0.4902
1657,13582336,3395584,2062,12563.6,31.2,,-0.0439,0.023,2.2824,0.04166,0.505
1658,13590528,3397632,2063,12566.3,31.2,,-0.0432,0.0315,2.2063,0.04136,0.5243
1659,13598720,3399680,2064,12568.9,31.26,,-0.0411,0.0372,2.2602,0.04486,0.4967
1660,13606912,3401728,2065,12571.6,31.37,,-0.0423,0.0264,2.2818,0.04406,0.5079
1661,13615104,3403776,2065,12574.2,31.37,,-0.0386,0.0386,2.29,0.04209,0.5002
1662,13623296,3405824,2068,12576.8,31.62,,-0.0425,0.0237,2.2948,0.04349,0.517
1663,13631488,3407872,2069,12579.5,31.71,,-0.0445,0.032,2.1845,0.04326,0.5306
1664,13639680,3409920,2071,12582.1,31.64,,-0.0392,0.0399,2.2061,0.04317,0.5179
1665,13647872,3411968,2071,12584.8,31.64,,-0.0434,0.0315,2.1676,0.04745,0.5266
1666,13656064,3414016,2072,12587.4,31.79,,-0.0415,0.03,2.1849,0.05053,0.5208
1667,13664256,3416064,2073,12590.1,31.91,,-0.0411,0.0261,2.2329,0.04254,0.5229
1668,13672448,3418112,2073,12592.7,31.91,,-0.0417,0.0324,2.2353,0.04097,0.5023
1669,13680640,3420160,2075,12595.4,31.78,,-0.0405,0.026,2.2361,0.04543,0.4923
1670,13688832,3422208,2076,12598.0,31.77,,-0.042,0.0348,2.1941,0.04338,0.5205
1671,13697024,3424256,2077,12600.7,31.47,,-0.0376,0.0643,2.18,0.04008,0.5085
1672,13705216,3426304,2081,12603.3,31.48,,-0.0389,0.0252,2.2831,0.04751,0.4988
1673,13713408,3428352,2082,12606.0,31.62,,-0.0363,0.0526,2.1847,0.04181,0.5024
1674,13721600,3430400,2082,12608.6,31.62,,-0.0424,0.028,2.1908,0.04427,0.5209
1675,13729792,3432448,2084,12611.2,31.31,,-0.0384,0.0369,2.282,0.04274,0.494
1676,13737984,3434496,2085,12613.9,31.33,,-0.0431,0.0274,2.1918,0.04307,0.516
1677,13746176,3436544,2086,12616.5,31.48,,-0.0437,0.0265,2.1397,0.04293,0.5181
1678,13754368,3438592,2086,12619.2,31.48,,-0.0427,0.0247,2.1909,0.04846,0.5198
1679,13762560,3440640,2087,12621.8,31.6,,-0.0404,0.0223,2.1922,0.04411,0.5127
1680,13770752,3442688,2088,12624.4,31.59,,-0.0365,0.0333,2.2175,0.03905,0.4995
1681,13778944,3444736,2089,12627.1,31.61,,-0.0349,0.0383,2.2023,0.03607,0.5067
1682,13787136,3446784,2090,12629.7,31.37,,-0.0418,0.0399,2.1359,0.04151,0.5385
1683,13795328,3448832,2091,12632.4,31.58,,-0.0416,0.044,2.177,0.03824,0.5007
1684,13803520,3450880,2094,12635.0,31.59,,-0.0422,0.0266,2.2474,0.04055,0.5027
1685,13811712,3452928,2096,12637.7,31.7,,-0.0446,0.026,2.1824,0.04432,0.5299
1686,13819904,3454976,2098,12640.4,31.62,,-0.0419,0.0207,2.186,0.04573,0.5133
1687,13828096,3457024,2098,12643.0,31.62,,-0.0437,0.0252,2.169,0.0428,0.521
1688,13836288,3459072,2099,12645.7,31.47,,-0.0373,0.0475,2.2287,0.04299,0.4691
1689,13844480,3461120,2099,12648.3,31.47,,-0.0365,0.0243,2.2957,0.04027,0.495
1690,13852672,3463168,2099,12650.9,31.47,,-0.04,0.0401,2.1327,0.04556,0.5284
1691,13860864,3465216,2100,12653.6,31.39,,-0.0406,0.0349,2.2188,0.04429,0.4886
1692,13869056,3467264,2102,12656.2,31.55,,-0.0412,0.0248,2.2493,0.04147,0.5282
1693,13877248,3469312,2103,12658.9,31.63,,-0.0447,0.0288,2.1183,0.04792,0.5503
1694,13885440,3471360,2103,12661.5,31.63,,-0.0397,0.0302,2.1811,0.04418,0.5176
1695,13893632,3473408,2106,12664.2,31.5,,-0.0408,0.023,2.2917,0.03999,0.5143
1696,13901824,3475456,2107,12666.8,31.56,,-0.0431,0.0213,2.2602,0.04269,0.5233
1697,13910016,3477504,2108,12669.5,31.68,,-0.0423,0.0234,2.2918,0.03854,0.5154
1698,13918208,3479552,2111,12672.1,31.79,,-0.0394,0.0306,2.23,0.04116,0.5117
1699,13926400,3481600,2113,12674.8,32.1,,-0.0402,0.0427,2.2059,0.04535,0.5076
1700,13934592,3483648,2115,12839.4,32.29,1525.3199462890625,-0.0405,0.0398,2.2668,0.0389,0.4943
1701,13942784,3485696,2115,12842.0,32.29,,-0.0448,0.0268,2.2229,0.03942,0.522
1702,13950976,3487744,2115,12844.6,32.29,,-0.0432,0.03,2.2425,0.04062,0.5131
1703,13959168,3489792,2115,12847.3,32.29,,-0.0374,0.0419,2.2031,0.04518,0.5017
1704,13967360,3491840,2116,12849.9,32.14,,-0.0416,0.0255,2.2884,0.03729,0.5176
1705,13975552,3493888,2117,12852.5,32.26,,-0.0394,0.0376,2.2532,0.04424,0.4965
1706,13983744,3495936,2119,12855.1,32.29,,-0.0403,0.0303,2.3,0.03754,0.4915
1707,13991936,3497984,2121,12857.8,32.14,,-0.042,0.0308,2.2392,0.04444,0.5059
1708,14000128,3500032,2121,12860.4,32.14,,-0.0383,0.0378,2.2475,0.04031,0.4989
1709,14008320,3502080,2123,12863.0,31.85,,-0.0415,0.0364,2.1802,0.05103,0.5151
1710,14016512,3504128,2126,12865.7,31.75,,-0.0402,0.0396,2.2351,0.0477,0.5139
1711,14024704,3506176,2126,12868.3,31.75,,-0.0414,0.0313,2.2609,0.04674,0.5394
1712,14032896,3508224,2127,12871.0,31.79,,-0.0399,0.0407,2.2569,0.04336,0.4966
1713,14041088,3510272,2129,12873.6,31.7,,-0.042,0.0263,2.2659,0.04449,0.5186
1714,14049280,3512320,2130,12876.2,31.72,,-0.039,0.0409,2.3106,0.04194,0.5065
1715,14057472,3514368,2132,12878.9,31.65,,-0.0429,0.0199,2.3149,0.04377,0.5317
1716,14065664,3516416,2132,12881.9,31.65,,-0.0409,0.0278,2.2729,0.04318,0.5098
1717,14073856,3518464,2133,12885.0,31.62,,-0.0447,0.0302,2.2941,0.04397,0.5363
1718,14082048,3520512,2134,12888.2,31.62,,-0.0404,0.0289,2.3032,0.04152,0.5122
1719,14090240,3522560,2134,12891.5,31.62,,-0.0447,0.0289,2.2395,0.04331,0.5331
1720,14098432,3524608,2134,12894.7,31.62,,-0.047,0.0329,2.2769,0.04002,0.5365
1721,14106624,3526656,2135,12898.0,31.44,,-0.0426,0.0346,2.3093,0.04544,0.5112
1722,14114816,3528704,2137,12901.2,31.44,,-0.0407,0.0254,2.3706,0.0427,0.4871
1723,14123008,3530752,2137,12904.5,31.44,,-0.0446,0.0268,2.3629,0.04194,0.5396
1724,14131200,3532800,2139,12907.7,31.54,,-0.0439,0.0234,2.2814,0.04572,0.5366
1725,14139392,3534848,2141,12910.3,31.35,,-0.0366,0.0365,2.326,0.04785,0.5319
1726,14147584,3536896,2142,12913.0,31.45,,-0.0423,0.0298,2.3256,0.03963,0.5126
1727,14155776,3538944,2145,12915.7,31.02,,-0.0433,0.0288,2.3264,0.04221,0.5334
1728,14163968,3540992,2146,12918.3,31.04,,-0.0373,0.0402,2.3194,0.04295,0.5063
1729,14172160,3543040,2147,12921.0,31.13,,-0.0424,0.0336,2.2554,0.04128,0.515
1730,14180352,3545088,2147,12923.6,31.13,,-0.0435,0.033,2.2473,0.04038,0.5156
1731,14188544,3547136,2149,12926.3,31.16,,-0.0378,0.0365,2.3108,0.0425,0.4795
1732,14196736,3549184,2149,12928.9,31.16,,-0.0432,0.0216,2.3005,0.04464,0.5145
1733,14204928,3551232,2149,12931.6,31.16,,-0.0409,0.0363,2.2429,0.03856,0.5055
1734,14213120,3553280,2151,12934.2,31.05,,-0.0367,0.032,2.3408,0.03997,0.474
1735,14221312,3555328,2152,12936.9,31.03,,-0.044,0.027,2.2969,0.04386,0.5299
1736,14229504,3557376,2153,12939.5,31.11,,-0.0426,0.0458,2.2823,0.0423,0.5052
1737,14237696,3559424,2155,12942.2,31.29,,-0.0443,0.0236,2.3009,0.03961,0.5087
1738,14245888,3561472,2157,12944.9,31.29,,-0.0442,0.0287,2.3206,0.04653,0.5148
1739,14254080,3563520,2158,12947.5,31.3,,-0.0457,0.0232,2.3369,0.04755,0.5299
1740,14262272,3565568,2159,12950.2,31.21,,-0.0363,0.0417,2.3406,0.0428,0.4884
1741,14270464,3567616,2161,12952.8,31.47,,-0.0426,0.0189,2.3226,0.03393,0.5052
1742,14278656,3569664,2161,12955.5,31.47,,-0.0446,0.0248,2.2513,0.04011,0.515
1743,14286848,3571712,2161,12958.2,31.47,,-0.0436,0.0288,2.3038,0.03676,0.5054
1744,14295040,3573760,2163,12960.9,31.31,,-0.043,0.0217,2.3664,0.03934,0.494
1745,14303232,3575808,2163,12963.5,31.31,,-0.0423,0.0238,2.3384,0.04013,0.5126
1746,14311424,3577856,2163,12966.2,31.31,,-0.0432,0.0209,2.3482,0.03864,0.5133
1747,14319616,3579904,2164,12968.8,31.33,,-0.0411,0.0323,2.3809,0.03474,0.4796
1748,14327808,3581952,2167,12971.5,30.99,,-0.0447,0.0291,2.3239,0.03645,0.501
1749,14336000,3584000,2169,12974.2,31.21,,-0.0417,0.0315,2.4027,0.03644,0.4739
1750,14344192,3586048,2169,12977.5,31.21,,-0.0372,0.0418,2.326,0.03524,0.494
1751,14352384,3588096,2171,12980.8,31.46,,-0.0429,0.0316,2.2534,0.03898,0.5098
1752,14360576,3590144,2172,12983.5,31.52,,-0.0418,0.0324,2.2599,0.04894,0.53
1753,14368768,3592192,2172,12986.2,31.52,,-0.0449,0.0232,2.3392,0.04167,0.5266
1754,14376960,3594240,2173,12988.8,31.4,,-0.0419,0.0288,2.3854,0.03999,0.4984
1755,14385152,3596288,2173,12991.5,31.4,,-0.0425,0.0223,2.4046,0.03731,0.4821
1756,14393344,3598336,2176,12994.2,31.54,,-0.0425,0.028,2.3801,0.03872,0.504
1757,14401536,3600384,2176,12996.8,31.54,,-0.044,0.025,2.3243,0.0391,0.5123
1758,14409728,3602432,2177,12999.5,31.58,,-0.0444,0.0253,2.3158,0.04166,0.5215
1759,14417920,3604480,2177,13002.2,31.58,,-0.043,0.0373,2.298,0.04289,0.5311
1760,14426112,3606528,2178,13004.8,31.75,,-0.0402,0.0309,2.3649,0.03952,0.4958
1761,14434304,3608576,2178,13007.5,31.75,,-0.0417,0.0286,2.4009,0.04211,0.4973
1762,14442496,3610624,2179,13010.1,31.85,,-0.0386,0.0292,2.4031,0.03703,0.4911
1763,14450688,3612672,2183,13012.8,31.72,,-0.0391,0.03,2.3039,0.03784,0.4846
1764,14458880,3614720,2183,13015.5,31.72,,-0.0423,0.0458,2.2562,0.03958,0.5059
1765,14467072,3616768,2183,13018.1,31.72,,-0.0436,0.0383,2.2762,0.03916,0.5198
1766,14475264,3618816,2185,13020.8,32.06,,-0.0419,0.0354,2.315,0.04196,0.5021
1767,14483456,3620864,2186,13023.4,31.97,,-0.0449,0.0253,2.3539,0.03604,0.5151
1768,14491648,3622912,2186,13026.1,31.97,,-0.0427,0.0269,2.3581,0.04253,0.5034
1769,14499840,3624960,2187,13028.7,31.85,,-0.0412,0.0287,2.363,0.04322,0.5055
1770,14508032,3627008,2190,13031.4,32.0,,-0.0398,0.0514,2.3574,0.03419,0.4972
1771,14516224,3629056,2190,13034.1,32.0,,-0.0428,0.0241,2.4094,0.03532,0.4722
1772,14524416,3631104,2192,13036.7,32.1,,-0.0422,0.0266,2.3375,0.03504,0.5061
1773,14532608,3633152,2193,13039.4,32.1,,-0.0417,0.042,2.3648,0.03592,0.5076
1774,14540800,3635200,2196,13042.1,32.32,,-0.0385,0.0357,2.3047,0.03273,0.4956
1775,14548992,3637248,2196,13044.7,32.32,,-0.0451,0.0257,2.2923,0.03694,0.5229
1776,14557184,3639296,2196,13047.4,32.32,,-0.0427,0.0325,2.3088,0.03982,0.5118
1777,14565376,3641344,2198,13050.1,32.29,,-0.0405,0.027,2.4014,0.03518,0.5059
1778,14573568,3643392,2199,13052.7,32.29,,-0.0436,0.0181,2.4227,0.03867,0.5193
1779,14581760,3645440,2199,13055.4,32.29,,-0.0417,0.0207,2.4128,0.04065,0.5057
1780,14589952,3647488,2199,13058.0,32.29,,-0.0431,0.0259,2.389,0.04013,0.4917
1781,14598144,3649536,2199,13060.6,32.29,,-0.0395,0.043,2.3141,0.03449,0.4948
1782,14606336,3651584,2202,13063.3,32.3,,-0.0372,0.0431,2.3869,0.03395,0.4838
1783,14614528,3653632,2203,13066.0,32.13,,-0.0459,0.0363,2.2865,0.03564,0.5293
1784,14622720,3655680,2204,13068.6,32.12,,-0.0412,0.0462,2.3534,0.04056,0.4998
1785,14630912,3657728,2206,13071.3,32.18,,-0.038,0.0406,2.3178,0.03999,0.4841
1786,14639104,3659776,2210,13073.9,31.91,,-0.0405,0.0374,2.3004,0.03635,0.498
1787,14647296,3661824,2211,13076.6,31.8,,-0.0419,0.0336,2.3089,0.04033,0.4884
1788,14655488,3663872,2212,13079.3,31.8,,-0.0431,0.0333,2.2996,0.03855,0.5052
1789,14663680,3665920,2212,13081.9,31.8,,-0.0415,0.043,2.258,0.03703,0.5215
1790,14671872,3667968,2214,13084.6,31.91,,-0.0407,0.0208,2.3433,0.03879,0.5077
1791,14680064,3670016,2214,13087.2,31.91,,-0.0407,0.0301,2.2623,0.03507,0.5144
1792,14688256,3672064,2214,13089.9,31.91,,-0.0423,0.0285,2.3286,0.04038,0.4955
1793,14696448,3674112,2215,13092.5,31.77,,-0.0398,0.029,2.3399,0.04153,0.5225
1794,14704640,3676160,2215,13095.1,31.77,,-0.0422,0.0341,2.3104,0.04154,0.5146
1795,14712832,3678208,2217,13097.8,31.55,,-0.0401,0.0321,2.2612,0.04027,0.5209
1796,14721024,3680256,2220,13100.5,31.55,,-0.0435,0.0227,2.3529,0.04328,0.4984
1797,14729216,3682304,2220,13103.1,31.55,,-0.0418,0.0328,2.2411,0.04381,0.5442
1798,14737408,3684352,2222,13105.8,31.5,,-0.0436,0.0316,2.3091,0.04025,0.536
1799,14745600,3686400,2226,13108.5,31.68,,-0.0389,0.0327,2.3186,0.03645,0.5135
1800,14753792,3688448,2227,13280.5,31.58,1585.0,-0.0418,0.0298,2.3121,0.03755,0.5237
1801,14761984,3690496,2227,13283.1,31.58,,-0.0431,0.0332,2.2509,0.04142,0.5267
1802,14770176,3692544,2228,13285.8,31.58,,-0.0433,0.0268,2.3285,0.04257,0.5139
1803,14778368,3694592,2229,13288.4,31.58,,-0.0429,0.0189,2.3237,0.03651,0.5178
1804,14786560,3696640,2229,13291.1,31.58,,-0.0399,0.0238,2.3389,0.03403,0.5046
1805,14794752,3698688,2230,13293.7,31.44,,-0.0382,0.0378,2.3301,0.03455,0.486
1806,14802944,3700736,2230,13296.3,31.44,,-0.038,0.0418,2.2743,0.04121,0.515
1807,14811136,3702784,2232,13299.0,31.66,,-0.0394,0.034,2.3361,0.03678,0.5148
1808,14819328,3704832,2234,13301.6,31.6,,-0.0426,0.0289,2.2936,0.03918,0.5146
1809,14827520,3706880,2235,13304.3,31.71,,-0.0399,0.0395,2.2376,0.0348,0.5018
1810,14835712,3708928,2236,13307.0,31.65,,-0.0399,0.0387,2.3055,0.03316,0.4764
1811,14843904,3710976,2237,13309.6,31.68,,-0.0436,0.0276,2.2969,0.0355,0.5193
1812,14852096,3713024,2238,13312.3,31.78,,-0.0403,0.0325,2.3584,0.03731,0.5031
1813,14860288,3715072,2240,13314.9,31.77,,-0.0435,0.0248,2.3005,0.04181,0.5084
1814,14868480,3717120,2241,13317.6,31.9,,-0.0419,0.0233,2.3217,0.03388,0.5052
1815,14876672,3719168,2241,13320.2,31.9,,-0.0335,0.0418,2.3626,0.02839,0.4629
1816,14884864,3721216,2242,13322.8,31.77,,-0.0348,0.0255,2.3411,0.03553,0.472
1817,14893056,3723264,2243,13325.5,31.93,,-0.0401,0.0369,2.2919,0.03581,0.5128
1818,14901248,3725312,2244,13328.1,31.93,,-0.0457,0.0346,2.2199,0.035,0.5271
1819,14909440,3727360,2244,13330.8,31.93,,-0.0439,0.033,2.2467,0.03856,0.5389
1820,14917632,3729408,2245,13333.5,31.8,,-0.045,0.0302,2.3511,0.04123,0.5305
1821,14925824,3731456,2248,13336.1,31.45,,-0.0386,0.024,2.3612,0.04411,0.502
1822,14934016,3733504,2250,13338.8,31.53,,-0.042,0.037,2.3644,0.04205,0.4977
1823,14942208,3735552,2254,13341.4,31.56,,-0.0434,0.0198,2.3616,0.0362,0.5006
1824,14950400,3737600,2254,13344.1,31.56,,-0.0391,0.046,2.2804,0.03962,0.502
1825,14958592,3739648,2255,13346.7,31.41,,-0.0437,0.033,2.2619,0.03991,0.522
1826,14966784,3741696,2256,13349.4,31.54,,-0.0437,0.0409,2.2457,0.04053,0.5122
1827,14974976,3743744,2258,13352.0,31.38,,-0.0386,0.0372,2.2824,0.04203,0.4933
1828,14983168,3745792,2258,13354.7,31.38,,-0.0399,0.0398,2.2559,0.04373,0.5206
1829,14991360,3747840,2258,13357.3,31.38,,-0.0446,0.0253,2.2895,0.0455,0.5129
1830,14999552,3749888,2258,13359.9,31.38,,-0.037,0.0351,2.2723,0.04091,0.489
1831,15007744,3751936,2258,13362.6,31.38,,-0.0399,0.0344,2.2505,0.04272,0.5168
1832,15015936,3753984,2259,13365.2,31.28,,-0.0364,0.0503,2.3344,0.04417,0.4918
1833,15024128,3756032,2260,13367.9,31.31,,-0.039,0.0281,2.3275,0.03998,0.4966
1834,15032320,3758080,2261,13370.5,31.16,,-0.0438,0.0368,2.2505,0.04982,0.5311
1835,15040512,3760128,2262,13373.2,31.17,,-0.0435,0.0349,2.1984,0.04453,0.5219
1836,15048704,3762176,2262,13375.8,31.17,,-0.0419,0.0479,2.1858,0.04974,0.5181
1837,15056896,3764224,2266,13378.5,31.05,,-0.0414,0.0296,2.3363,0.0533,0.5208
1838,15065088,3766272,2269,13381.2,31.02,,-0.0418,0.0246,2.2503,0.04383,0.5117
1839,15073280,3768320,2270,13383.8,31.16,,-0.0399,0.0311,2.2648,0.0422,0.5056
1840,15081472,3770368,2271,13386.5,31.03,,-0.0438,0.0291,2.2561,0.04064,0.512
1841,15089664,3772416,2272,13389.1,30.97,,-0.0388,0.037,2.2463,0.04444,0.5099
1842,15097856,3774464,2272,13391.8,30.97,,-0.041,0.0254,2.3281,0.04474,0.5079
1843,15106048,3776512,2272,13394.4,30.97,,-0.0426,0.0235,2.3352,0.04231,0.4877
1844,15114240,3778560,2273,13397.0,30.97,,-0.0372,0.0411,2.2455,0.05237,0.5114
1845,15122432,3780608,2275,13399.7,30.56,,-0.0443,0.0326,2.217,0.04869,0.5122
1846,15130624,3782656,2275,13402.4,30.56,,-0.044,0.0357,2.2465,0.04301,0.5051
1847,15138816,3784704,2277,13405.0,30.73,,-0.0444,0.0203,2.2762,0.04033,0.5028
1848,15147008,3786752,2278,13407.7,30.74,,-0.0444,0.0425,2.1544,0.04547,0.5223
1849,15155200,3788800,2280,13410.4,30.56,,-0.0383,0.0365,2.2484,0.04163,0.4988
1850,15163392,3790848,2280,13413.0,30.56,,-0.0393,0.035,2.257,0.04477,0.493
1851,15171584,3792896,2282,13415.7,30.46,,-0.0434,0.0192,2.3046,0.0415,0.5061
1852,15179776,3794944,2283,13418.3,30.44,,-0.0423,0.0331,2.178,0.04338,0.5167
1853,15187968,3796992,2285,13421.0,30.13,,-0.0402,0.0325,2.257,0.04528,0.5144
1854,15196160,3799040,2286,13423.6,30.17,,-0.0402,0.0463,2.2163,0.04023,0.516
1855,15204352,3801088,2287,13426.3,30.29,,-0.0445,0.0262,2.2327,0.049,0.5377
1856,15212544,3803136,2288,13428.9,30.53,,-0.0406,0.0252,2.1638,0.04572,0.5214
1857,15220736,3805184,2288,13431.6,30.53,,-0.0355,0.0261,2.3119,0.04606,0.4768
1858,15228928,3807232,2289,13434.2,30.29,,-0.042,0.0239,2.2554,0.05498,0.5138
1859,15237120,3809280,2290,13436.9,30.23,,-0.0364,0.0359,2.2115,0.04093,0.4866
1860,15245312,3811328,2293,13439.5,30.05,,-0.039,0.0331,2.2378,0.04293,0.4806
1861,15253504,3813376,2295,13442.2,29.98,,-0.0387,0.0311,2.2376,0.03999,0.5167
1862,15261696,3815424,2297,13444.8,29.65,,-0.0349,0.0323,2.1752,0.03774,0.4988
1863,15269888,3817472,2298,13447.5,29.58,,-0.0426,0.0287,2.1591,0.04441,0.5297
1864,15278080,3819520,2299,13450.1,29.58,,-0.0403,0.0266,2.2027,0.04681,0.5001
1865,15286272,3821568,2299,13452.8,29.58,,-0.0386,0.0348,2.2948,0.04667,0.5039
1866,15294464,3823616,2299,13455.4,29.58,,-0.0424,0.0253,2.1851,0.04513,0.5165
1867,15302656,3825664,2301,13458.1,29.59,,-0.0356,0.0348,2.2803,0.04203,0.4994
1868,15310848,3827712,2301,13460.7,29.59,,-0.0416,0.0231,2.2707,0.04246,0.5112
1869,15319040,3829760,2301,13463.4,29.59,,-0.0415,0.0249,2.259,0.03945,0.4994
1870,15327232,3831808,2302,13466.1,29.4,,-0.0365,0.0437,2.2272,0.04076,0.483
1871,15335424,3833856,2303,13468.7,29.62,,-0.0425,0.0251,2.2967,0.04252,0.5082
1872,15343616,3835904,2304,13471.4,29.62,,-0.0433,0.0355,2.144,0.04225,0.5179
1873,15351808,3837952,2305,13474.0,29.81,,-0.0384,0.0412,2.2176,0.04272,0.501
1874,15360000,3840000,2306,13476.7,29.97,,-0.0413,0.0263,2.2851,0.04701,0.4867
1875,15368192,3842048,2307,13479.3,30.08,,-0.036,0.0404,2.2849,0.04154,0.4783
1876,15376384,3844096,2310,13482.0,30.38,,-0.0366,0.0285,2.3565,0.04131,0.4954
1877,15384576,3846144,2310,13484.6,30.38,,-0.0376,0.0419,2.2266,0.04705,0.4883
1878,15392768,3848192,2313,13487.2,30.21,,-0.0387,0.0294,2.2481,0.05205,0.4941
1879,15400960,3850240,2313,13489.9,30.21,,-0.0441,0.0362,2.1147,0.0586,0.527
1880,15409152,3852288,2314,13492.6,30.3,,-0.0432,0.0234,2.1612,0.05115,0.5253
1881,15417344,3854336,2315,13495.2,30.37,,-0.0387,0.0326,2.2568,0.04798,0.51
1882,15425536,3856384,2315,13497.9,30.37,,-0.043,0.031,2.2624,0.04696,0.5157
1883,15433728,3858432,2316,13500.5,30.37,,-0.0421,0.0305,2.2803,0.04522,0.5055
1884,15441920,3860480,2317,13503.2,30.83,,-0.0433,0.0322,2.2862,0.03931,0.4943
1885,15450112,3862528,2317,13505.8,30.83,,-0.0415,0.0285,2.3063,0.04196,0.4868
1886,15458304,3864576,2317,13508.5,30.83,,-0.0423,0.0245,2.3218,0.04071,0.5011
1887,15466496,3866624,2318,13511.1,30.53,,-0.0454,0.026,2.2799,0.04489,0.5271
1888,15474688,3868672,2318,13513.7,30.53,,-0.04,0.0268,2.2789,0.04692,0.5134
1889,15482880,3870720,2322,13516.4,30.52,,-0.0375,0.0277,2.3305,0.04247,0.4995
1890,15491072,3872768,2323,13519.0,30.54,,-0.0429,0.0246,2.262,0.04449,0.5157
1891,15499264,3874816,2324,13521.7,30.54,,-0.042,0.031,2.2638,0.04166,0.5089
1892,15507456,3876864,2326,13524.3,30.69,,-0.0438,0.0291,2.2194,0.04437,0.528
1893,15515648,3878912,2327,13527.0,30.81,,-0.0437,0.03,2.2503,0.04061,0.4939
1894,15523840,3880960,2328,13529.6,30.81,,-0.0422,0.0229,2.2957,0.04489,0.4961
1895,15532032,3883008,2328,13532.3,30.81,,-0.0408,0.0362,2.2359,0.04365,0.5063
1896,15540224,3885056,2328,13534.9,30.81,,-0.0417,0.0474,2.203,0.04452,0.5138
1897,15548416,3887104,2331,13537.6,30.95,,-0.0428,0.0216,2.3103,0.03993,0.4821
1898,15556608,3889152,2331,13540.2,30.95,,-0.044,0.038,2.2713,0.03334,0.4884
1899,15564800,3891200,2331,13542.9,30.95,,-0.0406,0.0364,2.2514,0.03469,0.5049
1900,15572992,3893248,2333,13711.6,31.18,1723.9200439453125,-0.0413,0.0263,2.2687,0.04397,0.5133
1901,15581184,3895296,2334,13714.2,31.49,,-0.0405,0.0231,2.3488,0.04278,0.4871
1902,15589376,3897344,2336,13716.9,31.39,,-0.0422,0.0313,2.2819,0.04996,0.51
1903,15597568,3899392,2339,13719.5,31.35,,-0.0372,0.0497,2.2689,0.04046,0.5138
1904,15605760,3901440,2340,13722.2,31.35,,-0.0428,0.034,2.2225,0.03955,0.5083
1905,15613952,3903488,2340,13724.8,31.35,,-0.042,0.037,2.1939,0.0436,0.4991
1906,15622144,3905536,2341,13727.5,31.29,,-0.0447,0.0285,2.1702,0.04383,0.5198
1907,15630336,3907584,2343,13730.1,31.27,,-0.0384,0.0314,2.2787,0.04366,0.4882
1908,15638528,3909632,2343,13732.8,31.27,,-0.0367,0.0315,2.2945,0.03944,0.4847
1909,15646720,3911680,2346,13735.4,31.37,,-0.0373,0.0435,2.2469,0.03998,0.4904
1910,15654912,3913728,2347,13738.1,31.4,,-0.0415,0.0359,2.1754,0.04008,0.5148
1911,15663104,3915776,2348,13740.7,31.33,,-0.0372,0.0437,2.1696,0.03967,0.5028
1912,15671296,3917824,2349,13743.4,31.21,,-0.0432,0.0238,2.2112,0.0413,0.5022
1913,15679488,3919872,2352,13746.0,31.31,,-0.0412,0.0328,2.2359,0.042,0.5045
1914,15687680,3921920,2353,13748.7,31.29,,-0.0423,0.0259,2.1509,0.04127,0.5011
1915,15695872,3923968,2353,13751.3,31.29,,-0.0364,0.0352,2.2196,0.04008,0.5046
1916,15704064,3926016,2354,13754.0,31.29,,-0.0382,0.0445,2.2036,0.04388,0.483
1917,15712256,3928064,2355,13756.6,31.25,,-0.0444,0.0276,2.1788,0.0487,0.53
1918,15720448,3930112,2356,13759.3,31.12,,-0.042,0.0244,2.1624,0.04114,0.5027
1919,15728640,3932160,2357,13762.0,31.2,,-0.0418,0.0245,2.2216,0.04403,0.5001
1920,15736832,3934208,2357,13764.6,31.2,,-0.0442,0.0256,2.2247,0.04208,0.5208
1921,15745024,3936256,2358,13767.3,31.25,,-0.0425,0.0255,2.2144,0.04628,0.5187
1922,15753216,3938304,2358,13769.9,31.25,,-0.0368,0.0307,2.3179,0.04103,0.4775
1923,15761408,3940352,2359,13772.6,31.35,,-0.0388,0.0274,2.2451,0.03692,0.4949
1924,15769600,3942400,2362,13775.2,31.34,,-0.0349,0.0405,2.2077,0.04097,0.4978
1925,15777792,3944448,2363,13777.9,31.32,,-0.0438,0.0305,2.2053,0.0425,0.5085
1926,15785984,3946496,2367,13780.6,31.4,,-0.0376,0.0288,2.2184,0.03624,0.4857
1927,15794176,3948544,2367,13783.2,31.4,,-0.0423,0.0279,2.1344,0.04242,0.5121
1928,15802368,3950592,2368,13785.9,31.25,,-0.043,0.0251,2.1342,0.04279,0.5159
1929,15810560,3952640,2370,13788.6,31.1,,-0.0409,0.0281,2.1914,0.04279,0.5033
1930,15818752,3954688,2370,13791.2,31.1,,-0.0391,0.0255,2.2225,0.04412,0.5146
1931,15826944,3956736,2371,13793.9,31.1,,-0.0415,0.0168,2.2763,0.04135,0.5029
1932,15835136,3958784,2371,13796.5,31.1,,-0.0362,0.0335,2.2862,0.03873,0.4946
1933,15843328,3960832,2371,13799.1,31.1,,-0.0382,0.04,2.2527,0.03577,0.4888
1934,15851520,3962880,2373,13801.8,31.42,,-0.038,0.0408,2.2658,0.03936,0.4701
1935,15859712,3964928,2373,13804.5,31.42,,-0.0419,0.0304,2.262,0.04843,0.4921
1936,15867904,3966976,2373,13807.1,31.42,,-0.0437,0.0299,2.2521,0.04065,0.4983
1937,15876096,3969024,2376,13809.8,31.48,,-0.0425,0.023,2.2513,0.04334,0.5217
1938,15884288,3971072,2376,13812.4,31.48,,-0.0445,0.02,2.2297,0.03922,0.5118
1939,15892480,3973120,2379,13815.1,31.25,,-0.0422,0.0257,2.2031,0.04153,0.496
1940,15900672,3975168,2379,13817.8,31.25,,-0.0435,0.0306,2.2367,0.03552,0.5007
1941,15908864,3977216,2380,13820.4,31.31,,-0.0443,0.0278,2.2552,0.03975,0.4979
1942,15917056,3979264,2381,13823.1,31.38,,-0.0416,0.025,2.3081,0.03598,0.4932
1943,15925248,3981312,2384,13825.7,31.9,,-0.0322,0.0425,2.403,0.03388,0.4528
1944,15933440,3983360,2385,13828.4,32.14,,-0.0406,0.0215,2.3826,0.03183,0.5037
1945,15941632,3985408,2386,13831.0,32.39,,-0.0381,0.0338,2.2611,0.0329,0.524
1946,15949824,3987456,2386,13833.7,32.39,,-0.0428,0.0229,2.259,0.03966,0.5087
1947,15958016,3989504,2387,13836.4,32.27,,-0.0387,0.0335,2.3976,0.03656,0.4703
1948,15966208,3991552,2388,13839.0,32.13,,-0.042,0.0222,2.3906,0.03709,0.505
1949,15974400,3993600,2390,13841.6,32.04,,-0.0392,0.0304,2.3618,0.03809,0.4895
1950,15982592,3995648,2391,13844.3,31.95,,-0.0405,0.0233,2.3194,0.03535,0.4993
1951,15990784,3997696,2391,13846.9,31.95,,-0.0439,0.0271,2.2508,0.03769,0.532
1952,15998976,3999744,2394,13849.6,31.68,,-0.0352,0.0507,2.2688,0.03904,0.4932
1953,16007168,4001792,2395,13852.3,31.79,,-0.041,0.0364,2.2465,0.03961,0.5057
1954,16015360,4003840,2396,13854.9,31.94,,-0.0422,0.0284,2.2794,0.03864,0.5051
1955,16023552,4005888,2396,13857.6,31.94,,-0.0377,0.0366,2.2946,0.04143,0.5005
1956,16031744,4007936,2399,13860.2,32.17,,-0.0407,0.0206,2.3392,0.03667,0.4961
1957,16039936,4009984,2401,13862.9,32.11,,-0.0435,0.0301,2.3248,0.03863,0.5115
1958,16048128,4012032,2401,13865.6,32.11,,-0.0438,0.0213,2.3048,0.03759,0.502
1959,16056320,4014080,2402,13868.2,32.19,,-0.0421,0.022,2.2041,0.045,0.5182
1960,16064512,4016128,2402,13870.9,32.19,,-0.0384,0.0373,2.2356,0.04165,0.4843
1961,16072704,4018176,2405,13873.5,31.73,,-0.042,0.022,2.271,0.03799,0.4973
1962,16080896,4020224,2405,13876.2,31.73,,-0.0428,0.0268,2.2633,0.03803,0.506
1963,16089088,4022272,2406,13878.8,31.58,,-0.0369,0.0395,2.2502,0.03838,0.4969
1964,16097280,4024320,2407,13881.5,31.57,,-0.0393,0.0271,2.3248,0.0364,0.5105
1965,16105472,4026368,2408,13884.1,31.69,,-0.0433,0.027,2.2389,0.04167,0.5068
1966,16113664,4028416,2408,13886.8,31.69,,-0.0425,0.0239,2.2486,0.04214,0.4968
1967,16121856,4030464,2408,13889.4,31.69,,-0.0451,0.0257,2.3207,0.04352,0.5254
1968,16130048,4032512,2411,13892.1,31.56,,-0.0372,0.0309,2.3373,0.03692,0.4775
1969,16138240,4034560,2415,13894.8,31.49,,-0.0415,0.0202,2.2329,0.03962,0.5037
1970,16146432,4036608,2416,13897.4,31.49,,-0.0402,0.0327,2.1737,0.03195,0.4878
1971,16154624,4038656,2416,13900.1,31.49,,-0.0374,0.0387,2.2373,0.03391,0.4718
1972,16162816,4040704,2417,13902.7,31.28,,-0.0417,0.0245,2.2395,0.0382,0.5065
1973,16171008,4042752,2419,13905.4,31.43,,-0.0414,0.028,2.2799,0.03821,0.4961
1974,16179200,4044800,2419,13908.0,31.43,,-0.0394,0.0212,2.3253,0.03767,0.4926
1975,16187392,4046848,2420,13910.7,31.54,,-0.0425,0.0287,2.2937,0.0419,0.5216
1976,16195584,4048896,2421,13913.3,31.83,,-0.0407,0.0267,2.3243,0.04584,0.5126
1977,16203776,4050944,2421,13916.0,31.83,,-0.0394,0.0284,2.2979,0.03897,0.4843
1978,16211968,4052992,2425,13918.7,31.56,,-0.0357,0.0254,2.3454,0.04204,0.4875
1979,16220160,4055040,2425,13921.3,31.56,,-0.0406,0.0288,2.2379,0.03683,0.5026
1980,16228352,4057088,2425,13924.0,31.56,,-0.0413,0.0297,2.2804,0.03455,0.4773
1981,16236544,4059136,2427,13926.6,31.36,,-0.0405,0.0232,2.2904,0.04102,0.5
1982,16244736,4061184,2428,13929.3,31.36,,-0.0386,0.0224,2.3079,0.03446,0.4774
1983,16252928,4063232,2429,13931.9,31.06,,-0.0444,0.0218,2.2793,0.0331,0.5132
1984,16261120,4065280,2431,13934.6,31.12,,-0.0385,0.0288,2.2703,0.0363,0.495
1985,16269312,4067328,2434,13937.2,30.88,,-0.0356,0.0405,2.2724,0.0352,0.4731
1986,16277504,4069376,2434,13939.9,30.88,,-0.0438,0.0185,2.2635,0.03595,0.5088
1987,16285696,4071424,2434,13942.5,30.88,,-0.0427,0.0266,2.2734,0.04267,0.5129
1988,16293888,4073472,2435,13945.2,31.02,,-0.0418,0.0227,2.2124,0.03846,0.5055
1989,16302080,4075520,2435,13947.8,31.02,,-0.0452,0.0239,2.2732,0.03728,0.5065
1990,16310272,4077568,2435,13950.5,31.02,,-0.0373,0.0384,2.2887,0.03762,0.4755
1991,16318464,4079616,2435,13953.1,31.02,,-0.0427,0.0337,2.3237,0.03802,0.5017
1992,16326656,4081664,2439,13955.8,30.78,,-0.0387,0.0376,2.2826,0.03727,0.4882
1993,16334848,4083712,2441,13958.5,31.08,,-0.0439,0.0261,2.28,0.04075,0.5076
1994,16343040,4085760,2441,13961.1,31.08,,-0.0436,0.0321,2.1997,0.04132,0.5084
1995,16351232,4087808,2442,13963.8,30.92,,-0.041,0.0354,2.2762,0.03258,0.4814
1996,16359424,4089856,2443,13966.4,30.84,,-0.0405,0.038,2.233,0.04355,0.5011
1997,16367616,4091904,2446,13969.1,31.02,,-0.0434,0.0223,2.285,0.04189,0.5084
1998,16375808,4093952,2447,13971.7,31.26,,-0.0446,0.0203,2.2998,0.04172,0.5145
1999,16384000,4096000,2450,13974.4,31.36,,-0.0418,0.0207,2.2913,0.0387,0.5051
2000,16392192,4098048,2450,14151.3,31.36,1829.6800537109375,-0.0379,0.0358,2.2542,0.03568,0.5072
2001,16400384,4100096,2450,14153.9,31.36,,-0.0451,0.0322,2.1578,0.04088,0.533
2002,16408576,4102144,2450,14156.6,31.36,,-0.0444,0.0362,2.1902,0.04155,0.5276
2003,16416768,4104192,2450,14159.2,31.36,,-0.044,0.0279,2.2671,0.0434,0.5149
2004,16424960,4106240,2450,14161.8,31.36,,-0.0439,0.0266,2.3268,0.04405,0.5083
2005,16433152,4108288,2453,14164.4,31.45,,-0.0423,0.021,2.3737,0.04031,0.5117
2006,16441344,4110336,2454,14167.7,31.6,,-0.0406,0.0322,2.2694,0.04626,0.5031
2007,16449536,4112384,2454,14171.0,31.6,,-0.044,0.0297,2.2452,0.04261,0.5195
2008,16457728,4114432,2455,14174.2,31.64,,-0.0422,0.0448,2.1957,0.04804,0.5342
2009,16465920,4116480,2456,14177.3,31.64,,-0.0445,0.0274,2.2578,0.04093,0.5215
2010,16474112,4118528,2459,14179.9,31.82,,-0.0433,0.0229,2.3003,0.03918,0.5192
2011,16482304,4120576,2460,14182.6,31.96,,-0.0432,0.0309,2.26,0.04436,0.5419
2012,16490496,4122624,2462,14185.2,32.23,,-0.044,0.0241,2.3421,0.04141,0.5237
2013,16498688,4124672,2465,14187.8,32.24,,-0.0405,0.0302,2.3066,0.03542,0.4929
2014,16506880,4126720,2466,14190.4,32.38,,-0.0448,0.0204,2.3034,0.03494,0.5272
2015,16515072,4128768,2466,14193.1,32.38,,-0.0436,0.0276,2.2471,0.04013,0.5282
2016,16523264,4130816,2466,14195.7,32.38,,-0.043,0.0256,2.3312,0.04279,0.515
2017,16531456,4132864,2466,14198.3,32.38,,-0.0438,0.0229,2.3591,0.04041,0.5157
2018,16539648,4134912,2466,14200.9,32.38,,-0.038,0.0391,2.3776,0.03932,0.4839
2019,16547840,4136960,2468,14203.5,32.36,,-0.0416,0.0237,2.3405,0.03952,0.5116
2020,16556032,4139008,2468,14206.1,32.36,,-0.0421,0.0341,2.2048,0.04031,0.5106
2021,16564224,4141056,2469,14208.8,32.29,,-0.0426,0.0438,2.1855,0.03654,0.5267
2022,16572416,4143104,2470,14211.4,32.24,,-0.0398,0.0359,2.2315,0.03919,0.5186
2023,16580608,4145152,2473,14214.0,32.0,,-0.0382,0.0437,2.2848,0.03831,0.5016
2024,16588800,4147200,2476,14216.7,32.13,,-0.0402,0.0296,2.2248,0.04133,0.5289
2025,16596992,4149248,2478,14219.3,32.28,,-0.0422,0.025,2.1937,0.03737,0.5159
2026,16605184,4151296,2478,14221.9,32.28,,-0.0424,0.035,2.1863,0.04122,0.5189
2027,16613376,4153344,2480,14224.5,32.44,,-0.0379,0.0356,2.2727,0.04396,0.4946
2028,16621568,4155392,2482,14227.2,32.28,,-0.0407,0.0283,2.2873,0.03849,0.5231
2029,16629760,4157440,2482,14229.8,32.28,,-0.0428,0.0238,2.2487,0.03953,0.5126
2030,16637952,4159488,2482,14232.4,32.28,,-0.0404,0.0332,2.264,0.04105,0.4978
2031,16646144,4161536,2482,14235.0,32.28,,-0.0406,0.0261,2.2712,0.03468,0.5026
2032,16654336,4163584,2482,14237.6,32.28,,-0.0429,0.0312,2.2039,0.04387,0.5211
2033,16662528,4165632,2483,14240.3,32.38,,-0.0437,0.0227,2.2616,0.03816,0.4993
2034,16670720,4167680,2484,14242.8,32.02,,-0.0365,0.0273,2.34,0.03454,0.4729
2035,16678912,4169728,2485,14245.5,31.89,,-0.0367,0.037,2.2473,0.03631,0.5071
2036,16687104,4171776,2488,14248.1,31.7,,-0.038,0.0303,2.2922,0.03931,0.4764
2037,16695296,4173824,2490,14250.8,31.94,,-0.0436,0.0278,2.247,0.04177,0.5316
2038,16703488,4175872,2491,14253.4,31.98,,-0.0381,0.0316,2.2621,0.03181,0.4933
2039,16711680,4177920,2491,14256.0,31.98,,-0.0399,0.0314,2.2744,0.03998,0.5055
2040,16719872,4179968,2494,14258.6,32.1,,-0.0427,0.0298,2.3115,0.03898,0.5032
2041,16728064,4182016,2496,14261.2,32.05,,-0.0404,0.0228,2.3575,0.03431,0.4915
2042,16736256,4184064,2496,14263.8,32.05,,-0.0423,0.0315,2.2688,0.03885,0.5122
2043,16744448,4186112,2496,14266.5,32.05,,-0.0465,0.0317,2.2038,0.03762,0.5404
2044,16752640,4188160,2497,14269.1,32.21,,-0.0407,0.0288,2.282,0.03704,0.4922
2045,16760832,4190208,2497,14271.7,32.21,,-0.0387,0.0421,2.341,0.03606,0.4906
2046,16769024,4192256,2499,14274.4,32.36,,-0.0417,0.0201,2.4121,0.03749,0.498
2047,16777216,4194304,2499,14276.9,32.36,,-0.0409,0.023,2.3499,0.03412,0.4847
2048,16785408,4196352,2501,14279.6,32.32,,-0.0415,0.036,2.2504,0.03858,0.5109
2049,16793600,4198400,2505,14282.2,32.36,,-0.0429,0.0283,2.2932,0.03581,0.5076
2050,16801792,4200448,2505,14284.8,32.36,,-0.0407,0.0415,2.2489,0.03893,0.5248
2051,16809984,4202496,2506,14287.5,32.46,,-0.0407,0.033,2.2338,0.03386,0.5049
2052,16818176,4204544,2507,14290.1,32.62,,-0.0383,0.0336,2.2325,0.04555,0.493
2053,16826368,4206592,2508,14292.7,32.46,,-0.0424,0.0236,2.3043,0.03685,0.5018
2054,16834560,4208640,2508,14295.3,32.46,,-0.0436,0.0188,2.272,0.03856,0.5092
2055,16842752,4210688,2509,14297.9,32.52,,-0.0371,0.036,2.254,0.04742,0.4811
2056,16850944,4212736,2510,14300.5,32.55,,-0.0416,0.0262,2.2552,0.041,0.5142
2057,16859136,4214784,2513,14303.1,32.27,,-0.0369,0.0476,2.2735,0.03949,0.474
2058,16867328,4216832,2514,14305.7,32.23,,-0.041,0.0454,2.1467,0.03875,0.5221
2059,16875520,4218880,2514,14308.4,32.23,,-0.0435,0.0384,2.1903,0.04661,0.5271
2060,16883712,4220928,2515,14311.0,32.18,,-0.0403,0.0314,2.2028,0.04359,0.5043
2061,16891904,4222976,2516,14313.6,32.18,,-0.0398,0.0306,2.2494,0.03703,0.5016
2062,16900096,4225024,2519,14316.2,32.09,,-0.0422,0.0248,2.2463,0.04744,0.5179
2063,16908288,4227072,2519,14318.8,32.09,,-0.0432,0.028,2.2279,0.0456,0.5371
2064,16916480,4229120,2521,14321.5,32.11,,-0.0429,0.0364,2.2271,0.0425,0.5201
2065,16924672,4231168,2523,14324.1,32.43,,-0.0413,0.0259,2.2767,0.04339,0.5028
2066,16932864,4233216,2525,14326.7,32.45,,-0.0362,0.0392,2.272,0.03219,0.49
2067,16941056,4235264,2526,14329.3,32.38,,-0.0427,0.0244,2.3133,0.03527,0.4833
2068,16949248,4237312,2526,14332.0,32.38,,-0.0425,0.0222,2.2207,0.04264,0.5012
2069,16957440,4239360,2528,14334.6,32.38,,-0.0443,0.0192,2.1871,0.04283,0.5255
2070,16965632,4241408,2528,14337.2,32.38,,-0.044,0.0205,2.2383,0.04502,0.5603
2071,16973824,4243456,2530,14339.8,32.26,,-0.0392,0.0262,2.3205,0.03642,0.4923
2072,16982016,4245504,2531,14342.5,32.16,,-0.0406,0.0232,2.3014,0.03709,0.5107
2073,16990208,4247552,2531,14345.0,32.16,,-0.0375,0.0403,2.2655,0.03722,0.5092
2074,16998400,4249600,2532,14347.7,32.15,,-0.0416,0.034,2.2214,0.03921,0.5142
2075,17006592,4251648,2533,14350.3,32.06,,-0.0393,0.0333,2.2846,0.04313,0.5044
2076,17014784,4253696,2533,14352.9,32.06,,-0.0422,0.0304,2.2518,0.04262,0.5215
2077,17022976,4255744,2534,14355.5,32.13,,-0.0447,0.0205,2.277,0.05015,0.5347
2078,17031168,4257792,2537,14358.2,32.23,,-0.0401,0.0228,2.3404,0.0478,0.5018
2079,17039360,4259840,2538,14360.8,32.36,,-0.0399,0.0284,2.2735,0.03723,0.5267
2080,17047552,4261888,2540,14363.4,32.27,,-0.0388,0.0317,2.1991,0.04,0.5272
2081,17055744,4263936,2541,14366.1,32.22,,-0.0424,0.0438,2.1859,0.04155,0.5143
2082,17063936,4265984,2543,14368.7,32.32,,-0.0422,0.0286,2.1963,0.04198,0.512
2083,17072128,4268032,2543,14371.3,32.32,,-0.0384,0.037,2.2318,0.04204,0.5159
2084,17080320,4270080,2543,14373.9,32.32,,-0.0404,0.023,2.3212,0.04404,0.4915
2085,17088512,4272128,2544,14376.5,32.3,,-0.0396,0.0327,2.2373,0.03973,0.5022
2086,17096704,4274176,2546,14379.1,32.16,,-0.0409,0.0215,2.2748,0.03778,0.5081
2087,17104896,4276224,2548,14381.7,32.02,,-0.0369,0.0317,2.3189,0.03749,0.4727
2088,17113088,4278272,2549,14384.4,32.03,,-0.0422,0.0432,2.1822,0.03852,0.5092
2089,17121280,4280320,2551,14387.0,32.19,,-0.0407,0.0416,2.1828,0.04211,0.5236
2090,17129472,4282368,2552,14389.6,32.13,,-0.042,0.0276,2.2001,0.04637,0.5009
2091,17137664,4284416,2553,14392.2,32.13,,-0.0439,0.0199,2.2366,0.04158,0.5131
2092,17145856,4286464,2554,14394.8,31.98,,-0.0434,0.0238,2.2687,0.04974,0.5289
2093,17154048,4288512,2555,14397.5,31.98,,-0.0396,0.0223,2.2524,0.044,0.51
2094,17162240,4290560,2555,14400.1,31.98,,-0.044,0.0256,2.25,0.04098,0.5321
2095,17170432,4292608,2557,14402.7,31.98,,-0.0415,0.0212,2.3359,0.04287,0.5079
2096,17178624,4294656,2557,14405.3,31.98,,-0.0432,0.0239,2.2784,0.04752,0.5073
2097,17186816,4296704,2557,14408.0,31.98,,-0.0445,0.0347,2.179,0.0437,0.5143
2098,17195008,4298752,2559,14410.6,31.83,,-0.0395,0.0262,2.2431,0.04428,0.4976
2099,17203200,4300800,2559,14413.2,31.83,,-0.0434,0.0279,2.2145,0.04886,0.5408
2100,17211392,4302848,2559,14584.1,31.83,1839.3599853515625,-0.0411,0.0357,2.3009,0.04383,0.5111
2101,17219584,4304896,2561,14586.7,31.71,,-0.0374,0.0438,2.3436,0.04189,0.5043
2102,17227776,4306944,2564,14589.3,31.61,,-0.0392,0.0273,2.358,0.0396,0.4814
2103,17235968,4308992,2564,14591.9,31.61,,-0.0434,0.0257,2.2621,0.04643,0.5188
2104,17244160,4311040,2565,14594.5,31.46,,-0.0423,0.0354,2.1932,0.05027,0.5234
2105,17252352,4313088,2568,14597.2,31.53,,-0.0379,0.0649,2.1922,0.04295,0.4719
2106,17260544,4315136,2568,14599.7,31.53,,-0.042,0.0317,2.2425,0.0441,0.5082
2107,17268736,4317184,2570,14602.4,31.93,,-0.037,0.0446,2.2712,0.0378,0.4641
2108,17276928,4319232,2572,14605.0,31.88,,-0.0393,0.0308,2.2503,0.04362,0.4973
2109,17285120,4321280,2572,14607.6,31.88,,-0.0431,0.0317,2.1665,0.04922,0.5311
2110,17293312,4323328,2572,14610.2,31.88,,-0.0436,0.0221,2.226,0.04434,0.5181
2111,17301504,4325376,2572,14612.8,31.88,,-0.037,0.0324,2.3016,0.05149,0.494
2112,17309696,4327424,2573,14615.4,31.88,,-0.0417,0.0309,2.25,0.04705,0.5044
2113,17317888,4329472,2576,14618.1,32.05,,-0.0403,0.0346,2.2386,0.04368,0.5229
2114,17326080,4331520,2577,14620.7,31.77,,-0.0442,0.0307,2.2257,0.04664,0.5316
2115,17334272,4333568,2580,14623.3,31.32,,-0.0421,0.038,2.1691,0.04765,0.5182
2116,17342464,4335616,2581,14626.0,31.62,,-0.0442,0.0305,2.1874,0.04811,0.5327
2117,17350656,4337664,2583,14628.6,31.64,,-0.039,0.0339,2.271,0.04182,0.5054
2118,17358848,4339712,2583,14631.2,31.64,,-0.0416,0.0306,2.2814,0.04393,0.5332
2119,17367040,4341760,2584,14633.8,31.71,,-0.0435,0.0237,2.2882,0.04847,0.5155
2120,17375232,4343808,2585,14636.4,31.7,,-0.0414,0.036,2.2936,0.04697,0.4899
2121,17383424,4345856,2585,14639.0,31.7,,-0.043,0.0317,2.2163,0.04581,0.5112
2122,17391616,4347904,2586,14641.6,31.74,,-0.0391,0.0373,2.2147,0.04411,0.5013
2123,17399808,4349952,2586,14644.3,31.74,,-0.0425,0.0293,2.2949,0.04339,0.5087
2124,17408000,4352000,2589,14646.9,31.87,,-0.0402,0.0274,2.33,0.03803,0.4987
2125,17416192,4354048,2590,14649.5,32.02,,-0.0423,0.0253,2.289,0.03809,0.5011
2126,17424384,4356096,2591,14652.1,32.0,,-0.0436,0.0315,2.1774,0.04472,0.5165
2127,17432576,4358144,2592,14654.7,32.03,,-0.0425,0.0461,2.1853,0.04395,0.5209
2128,17440768,4360192,2592,14657.3,32.03,,-0.0417,0.0301,2.2909,0.04601,0.52
2129,17448960,4362240,2593,14660.0,32.03,,-0.0449,0.0273,2.2639,0.04826,0.5109
2130,17457152,4364288,2593,14662.6,32.03,,-0.0415,0.0322,2.2618,0.0451,0.5127
2131,17465344,4366336,2594,14665.2,32.04,,-0.0431,0.0273,2.2374,0.04434,0.5018
2132,17473536,4368384,2595,14667.8,32.18,,-0.0436,0.0266,2.2491,0.04707,0.5115
2133,17481728,4370432,2596,14670.5,32.13,,-0.0459,0.0295,2.2042,0.04192,0.5223
2134,17489920,4372480,2597,14673.1,31.97,,-0.045,0.0318,2.254,0.04851,0.5073
2135,17498112,4374528,2598,14675.7,31.97,,-0.042,0.0322,2.2888,0.04281,0.5027
2136,17506304,4376576,2600,14678.4,32.24,,-0.0421,0.0287,2.344,0.03934,0.5059
2137,17514496,4378624,2602,14680.9,32.54,,-0.0372,0.0267,2.3816,0.03786,0.4734
2138,17522688,4380672,2605,14683.6,32.53,,-0.0394,0.028,2.2788,0.03969,0.4839
2139,17530880,4382720,2605,14686.2,32.53,,-0.0409,0.0347,2.1889,0.04001,0.4974
2140,17539072,4384768,2606,14688.8,32.33,,-0.0427,0.0347,2.2266,0.0358,0.5004
2141,17547264,4386816,2606,14691.4,32.33,,-0.044,0.0263,2.2319,0.04614,0.5184
2142,17555456,4388864,2607,14694.0,32.21,,-0.0403,0.0415,2.2801,0.04691,0.5017
2143,17563648,4390912,2610,14696.7,32.41,,-0.0391,0.0265,2.3972,0.0455,0.4799
2144,17571840,4392960,2611,14699.3,32.26,,-0.0431,0.0231,2.3009,0.03995,0.5194
2145,17580032,4395008,2612,14701.9,32.35,,-0.0431,0.0345,2.1862,0.0385,0.4912
2146,17588224,4397056,2612,14704.5,32.35,,-0.0433,0.0314,2.1941,0.04469,0.5193
2147,17596416,4399104,2612,14707.1,32.35,,-0.044,0.025,2.2971,0.0383,0.5353
2148,17604608,4401152,2612,14709.7,32.35,,-0.0439,0.0295,2.3081,0.04378,0.514
2149,17612800,4403200,2613,14712.3,32.44,,-0.0431,0.0245,2.3034,0.0393,0.491
2150,17620992,4405248,2615,14715.0,32.61,,-0.0397,0.0342,2.3407,0.03677,0.494
2151,17629184,4407296,2616,14717.6,32.72,,-0.0397,0.0318,2.3577,0.04062,0.4939
2152,17637376,4409344,2617,14720.2,32.87,,-0.0427,0.0218,2.3494,0.03511,0.4911
2153,17645568,4411392,2618,14722.8,32.75,,-0.039,0.0421,2.3041,0.03443,0.4808
2154,17653760,4413440,2618,14725.4,32.75,,-0.0413,0.0229,2.3309,0.03805,0.4989
2155,17661952,4415488,2620,14728.1,32.6,,-0.0404,0.0326,2.3214,0.03637,0.4756
2156,17670144,4417536,2621,14730.7,32.7,,-0.0387,0.0438,2.3237,0.03741,0.5007
2157,17678336,4419584,2622,14733.3,32.56,,-0.0412,0.0384,2.2896,0.03848,0.4976
2158,17686528,4421632,2623,14735.9,32.51,,-0.0406,0.0377,2.2396,0.03767,0.4978
2159,17694720,4423680,2624,14738.5,32.58,,-0.043,0.0428,2.2096,0.04336,0.5244
2160,17702912,4425728,2626,14741.2,33.16,,-0.0434,0.0255,2.3036,0.04091,0.5142
2161,17711104,4427776,2626,14743.8,33.16,,-0.0392,0.0347,2.3122,0.03881,0.4856
2162,17719296,4429824,2629,14746.4,33.31,,-0.0419,0.0188,2.3613,0.03774,0.4932
2163,17727488,4431872,2629,14749.0,33.31,,-0.0401,0.0485,2.3139,0.03622,0.4927
2164,17735680,4433920,2630,14751.6,33.45,,-0.0368,0.0393,2.2889,0.03413,0.4648
2165,17743872,4435968,2631,14754.2,33.79,,-0.0409,0.0364,2.3553,0.04466,0.4943
2166,17752064,4438016,2633,14756.8,33.9,,-0.0358,0.0247,2.4234,0.03397,0.4889
2167,17760256,4440064,2634,14759.4,33.81,,-0.0424,0.022,2.3055,0.03838,0.5212
2168,17768448,4442112,2634,14762.1,33.81,,-0.0445,0.0236,2.2377,0.04876,0.5194
2169,17776640,4444160,2635,14764.7,33.72,,-0.0418,0.0274,2.2674,0.04606,0.5234
2170,17784832,4446208,2636,14767.3,33.57,,-0.0375,0.0361,2.3407,0.04342,0.49
2171,17793024,4448256,2638,14770.0,33.46,,-0.0351,0.0352,2.3745,0.03673,0.481
2172,17801216,4450304,2639,14772.6,33.48,,-0.0412,0.0298,2.3449,0.04117,0.4957
2173,17809408,4452352,2640,14775.2,33.53,,-0.0401,0.0355,2.285,0.03966,0.5146
2174,17817600,4454400,2640,14777.8,33.53,,-0.0428,0.0343,2.21,0.04401,0.5175
2175,17825792,4456448,2642,14780.5,33.35,,-0.0436,0.0397,2.3603,0.03228,0.4966
2176,17833984,4458496,2645,14783.1,33.56,,-0.0395,0.0268,2.3644,0.04392,0.4989
2177,17842176,4460544,2646,14785.7,33.53,,-0.0395,0.0302,2.3534,0.03977,0.4979
2178,17850368,4462592,2647,14788.3,33.65,,-0.0438,0.0261,2.3586,0.04024,0.5303
2179,17858560,4464640,2648,14790.9,33.65,,-0.0394,0.0298,2.3249,0.03842,0.5125
2180,17866752,4466688,2648,14793.5,33.65,,-0.037,0.0257,2.4395,0.03736,0.4742
2181,17874944,4468736,2648,14796.1,33.65,,-0.042,0.0243,2.3569,0.03392,0.4984
2182,17883136,4470784,2648,14798.7,33.65,,-0.0398,0.036,2.3324,0.03932,0.5057
2183,17891328,4472832,2649,14801.3,33.5,,-0.0448,0.0215,2.3633,0.03779,0.4884
2184,17899520,4474880,2650,14804.0,33.54,,-0.0399,0.0509,2.2975,0.04425,0.5072
2185,17907712,4476928,2653,14806.6,33.21,,-0.0412,0.0319,2.3418,0.04153,0.5244
2186,17915904,4478976,2653,14809.2,33.21,,-0.0423,0.032,2.2782,0.0397,0.5197
2187,17924096,4481024,2656,14811.8,33.32,,-0.0405,0.0324,2.3259,0.04346,0.5145
2188,17932288,4483072,2658,14814.5,33.25,,-0.0429,0.0314,2.3164,0.04146,0.5419
2189,17940480,4485120,2660,14817.1,33.02,,-0.0386,0.0304,2.338,0.04099,0.5096
2190,17948672,4487168,2661,14819.7,33.17,,-0.0419,0.0304,2.3034,0.0465,0.5038
2191,17956864,4489216,2661,14822.4,33.17,,-0.0455,0.0357,2.1713,0.04286,0.5298
2192,17965056,4491264,2662,14825.0,33.23,,-0.04,0.043,2.3332,0.04146,0.5052
2193,17973248,4493312,2662,14827.6,33.23,,-0.0379,0.0339,2.3872,0.03917,0.5094
2194,17981440,4495360,2662,14830.2,33.23,,-0.0413,0.0283,2.3285,0.04553,0.5333
2195,17989632,4497408,2663,14832.8,33.2,,-0.0398,0.0368,2.3507,0.04153,0.4945
2196,17997824,4499456,2665,14835.4,33.14,,-0.0436,0.0301,2.3694,0.04548,0.5089
2197,18006016,4501504,2666,14838.6,33.0,,-0.0402,0.0552,2.2434,0.04296,0.5221
2198,18014208,4503552,2667,14841.3,32.98,,-0.0416,0.0306,2.3073,0.04311,0.5116
2199,18022400,4505600,2668,14843.9,33.08,,-0.0441,0.0346,2.3323,0.04438,0.5107
2200,18030592,4507648,2669,15036.1,32.75,1955.4000244140625,-0.0429,0.0282,2.3763,0.04518,0.5
2201,18038784,4509696,2674,15038.7,32.95,,-0.0398,0.0188,2.4244,0.03832,0.4692
2202,18046976,4511744,2676,15041.3,33.0,,-0.0395,0.0276,2.2688,0.03649,0.5054
2203,18055168,4513792,2676,15043.9,33.0,,-0.0408,0.0266,2.2921,0.03389,0.5077
2204,18063360,4515840,2676,15046.5,33.0,,-0.0383,0.0351,2.2827,0.03736,0.5056
2205,18071552,4517888,2677,15049.1,33.4,,-0.0387,0.0369,2.2355,0.03943,0.4995
2206,18079744,4519936,2679,15051.7,33.46,,-0.0371,0.0223,2.3883,0.03457,0.4928
2207,18087936,4521984,2679,15054.3,33.46,,-0.037,0.0242,2.3554,0.03619,0.4991
2208,18096128,4524032,2681,15056.9,33.31,,-0.0421,0.024,2.2776,0.03865,0.4994
2209,18104320,4526080,2681,15059.6,33.31,,-0.0415,0.0307,2.2166,0.04709,0.5067
2210,18112512,4528128,2682,15062.2,33.03,,-0.0455,0.03,2.188,0.04633,0.5294
2211,18120704,4530176,2682,15064.8,33.03,,-0.0466,0.0231,2.2711,0.04394,0.5369
2212,18128896,4532224,2682,15067.4,33.03,,-0.0413,0.0293,2.3627,0.04229,0.4949
2213,18137088,4534272,2683,15070.0,33.02,,-0.0399,0.0237,2.411,0.04552,0.4893
2214,18145280,4536320,2687,15072.6,32.94,,-0.0415,0.0261,2.3452,0.03842,0.5024
2215,18153472,4538368,2688,15075.3,32.87,,-0.0387,0.0457,2.2695,0.03904,0.5054
2216,18161664,4540416,2690,15077.9,32.81,,-0.0443,0.0278,2.2677,0.04028,0.5101
2217,18169856,4542464,2691,15080.5,32.81,,-0.0428,0.0455,2.2113,0.04296,0.5133
2218,18178048,4544512,2692,15083.1,32.73,,-0.0408,0.0267,2.3125,0.0434,0.5017
2219,18186240,4546560,2693,15085.8,32.71,,-0.0412,0.0268,2.3115,0.03898,0.5034
2220,18194432,4548608,2695,15088.4,32.54,,-0.0367,0.0251,2.3595,0.03557,0.5116
2221,18202624,4550656,2695,15091.0,32.54,,-0.041,0.0287,2.2763,0.03851,0.5042
2222,18210816,4552704,2696,15093.6,32.52,,-0.0381,0.0268,2.2915,0.04294,0.5031
2223,18219008,4554752,2696,15096.2,32.52,,-0.0442,0.0304,2.2066,0.04528,0.5303
2224,18227200,4556800,2699,15098.9,32.43,,-0.0402,0.039,2.247,0.04136,0.4955
2225,18235392,4558848,2700,15101.5,32.43,,-0.043,0.0298,2.2962,0.042,0.4972
2226,18243584,4560896,2700,15104.1,32.43,,-0.0442,0.0305,2.295,0.04129,0.5325
2227,18251776,4562944,2700,15106.7,32.43,,-0.0453,0.0298,2.3207,0.04096,0.5258
2228,18259968,4564992,2703,15109.3,32.13,,-0.0408,0.0271,2.3829,0.03762,0.474
2229,18268160,4567040,2703,15111.9,32.13,,-0.0427,0.0247,2.3452,0.04326,0.5244
2230,18276352,4569088,2703,15114.6,32.13,,-0.0405,0.0334,2.281,0.04154,0.5256
2231,18284544,4571136,2703,15117.2,32.13,,-0.045,0.0258,2.3517,0.03738,0.4967
2232,18292736,4573184,2703,15119.8,32.13,,-0.0461,0.0267,2.2808,0.03958,0.5167
2233,18300928,4575232,2705,15122.4,32.21,,-0.0433,0.0257,2.3424,0.03903,0.4927
2234,18309120,4577280,2706,15125.0,32.46,,-0.0432,0.0208,2.3588,0.03924,0.5197
2235,18317312,4579328,2707,15127.6,32.43,,-0.0378,0.0355,2.3418,0.04484,0.5048
2236,18325504,4581376,2707,15130.3,32.43,,-0.0371,0.029,2.3125,0.04124,0.5024
2237,18333696,4583424,2708,15132.9,32.31,,-0.0408,0.0211,2.3437,0.04485,0.5034
2238,18341888,4585472,2710,15135.5,32.48,,-0.0405,0.0385,2.3372,0.04111,0.4951
2239,18350080,4587520,2712,15138.1,32.7,,-0.0412,0.0238,2.3623,0.04366,0.5021
2240,18358272,4589568,2713,15140.7,32.7,,-0.0437,0.0213,2.2898,0.04196,0.5209
2241,18366464,4591616,2713,15143.3,32.7,,-0.0426,0.0256,2.171,0.03678,0.5236
2242,18374656,4593664,2714,15146.0,32.87,,-0.0453,0.0325,2.2207,0.04055,0.5254
2243,18382848,4595712,2715,15148.6,33.1,,-0.0418,0.0284,2.2591,0.04159,0.4987
2244,18391040,4597760,2717,15151.2,32.99,,-0.0442,0.0167,2.3798,0.03896,0.4955
2245,18399232,4599808,2718,15153.8,33.26,,-0.0445,0.0232,2.3212,0.03612,0.5081
2246,18407424,4601856,2719,15156.4,33.4,,-0.034,0.04,2.3471,0.03403,0.4684
2247,18415616,4603904,2720,15159.0,33.3,,-0.0447,0.0237,2.2796,0.04216,0.5243
2248,18423808,4605952,2720,15161.7,33.3,,-0.0437,0.0264,2.2101,0.03891,0.501
2249,18432000,4608000,2720,15164.2,33.3,,-0.0368,0.0357,2.3445,0.03834,0.4723
2250,18440192,4610048,2720,15166.9,33.3,,-0.045,0.0258,2.282,0.04368,0.5223
2251,18448384,4612096,2721,15169.5,33.35,,-0.0433,0.0284,2.2926,0.04692,0.5516
2252,18456576,4614144,2723,15172.1,33.28,,-0.0379,0.0269,2.3484,0.0408,0.5011
2253,18464768,4616192,2724,15174.7,33.14,,-0.0426,0.0242,2.377,0.03674,0.5023
2254,18472960,4618240,2726,15177.3,33.01,,-0.0446,0.0247,2.2854,0.03577,0.5066
2255,18481152,4620288,2729,15180.0,33.15,,-0.0432,0.0262,2.2906,0.03965,0.498
2256,18489344,4622336,2729,15182.6,33.15,,-0.0419,0.0315,2.2878,0.03642,0.5051
2257,18497536,4624384,2732,15185.2,32.83,,-0.0414,0.0202,2.3198,0.03833,0.507
2258,18505728,4626432,2734,15187.8,32.87,,-0.0407,0.0276,2.3428,0.04466,0.5229
2259,18513920,4628480,2734,15190.4,32.87,,-0.0457,0.025,2.2368,0.04106,0.5327
2260,18522112,4630528,2735,15193.1,32.97,,-0.045,0.0238,2.3133,0.03875,0.5076
2261,18530304,4632576,2736,15195.7,33.13,,-0.041,0.0179,2.3466,0.04192,0.5027
2262,18538496,4634624,2736,15198.3,33.13,,-0.0409,0.0232,2.3135,0.03951,0.4984
2263,18546688,4636672,2737,15200.9,33.19,,-0.0403,0.0243,2.3281,0.03455,0.5026
2264,18554880,4638720,2737,15203.5,33.19,,-0.0389,0.0444,2.2672,0.03756,0.5128
2265,18563072,4640768,2739,15206.1,33.02,,-0.0462,0.0246,2.3366,0.0394,0.5165
2266,18571264,4642816,2739,15208.8,33.02,,-0.0462,0.0302,2.2829,0.03822,0.5259
2267,18579456,4644864,2739,15211.4,33.02,,-0.0431,0.0262,2.3196,0.03997,0.5197
2268,18587648,4646912,2741,15214.0,32.96,,-0.0453,0.0207,2.3948,0.04328,0.5242
2269,18595840,4648960,2744,15216.6,32.81,,-0.0442,0.0246,2.3529,0.04144,0.5106
2270,18604032,4651008,2746,15219.3,33.01,,-0.0423,0.0282,2.2892,0.03673,0.5295
2271,18612224,4653056,2746,15221.9,33.01,,-0.0411,0.0317,2.3002,0.04187,0.5015
2272,18620416,4655104,2748,15224.5,32.96,,-0.041,0.0238,2.3153,0.03775,0.5162
2273,18628608,4657152,2748,15227.1,32.96,,-0.0434,0.0272,2.3315,0.03985,0.5231
2274,18636800,4659200,2749,15229.7,32.96,,-0.0397,0.0281,2.2806,0.03763,0.4962
2275,18644992,4661248,2750,15232.4,33.02,,-0.0426,0.0157,2.4132,0.03809,0.505
2276,18653184,4663296,2751,15235.0,33.04,,-0.0424,0.0217,2.3223,0.04074,0.5129
2277,18661376,4665344,2753,15237.6,33.32,,-0.0429,0.0326,2.3085,0.03811,0.5272
2278,18669568,4667392,2753,15240.2,33.32,,-0.0385,0.0311,2.3261,0.03871,0.5178
2279,18677760,4669440,2753,15242.8,33.32,,-0.0442,0.0229,2.3406,0.04382,0.5138
2280,18685952,4671488,2754,15245.4,33.08,,-0.0413,0.0292,2.3433,0.04471,0.5219
2281,18694144,4673536,2755,15248.1,33.12,,-0.0457,0.0267,2.289,0.04039,0.5067
2282,18702336,4675584,2757,15250.7,33.35,,-0.0445,0.0229,2.3263,0.04793,0.522
2283,18710528,4677632,2757,15253.3,33.35,,-0.0448,0.025,2.3326,0.04215,0.5353
2284,18718720,4679680,2758,15255.9,33.5,,-0.0438,0.0314,2.2879,0.04653,0.5297
2285,18726912,4681728,2761,15258.6,33.67,,-0.0421,0.0344,2.3443,0.04354,0.509
2286,18735104,4683776,2761,15261.2,33.67,,-0.0438,0.0319,2.3604,0.04006,0.5123
2287,18743296,4685824,2762,15263.8,33.74,,-0.0411,0.0321,2.299,0.0392,0.5128
2288,18751488,4687872,2762,15266.4,33.74,,-0.0455,0.0274,2.2917,0.04371,0.5242
2289,18759680,4689920,2762,15269.0,33.74,,-0.0465,0.0312,2.271,0.04323,0.5356
2290,18767872,4691968,2764,15271.7,33.97,,-0.0438,0.0242,2.3575,0.03613,0.5048
2291,18776064,4694016,2765,15274.3,34.12,,-0.0413,0.0191,2.3822,0.04018,0.5015
2292,18784256,4696064,2766,15276.9,34.24,,-0.0383,0.0314,2.3207,0.04092,0.5177
2293,18792448,4698112,2767,15279.5,34.21,,-0.0437,0.0263,2.2589,0.04133,0.5094
2294,18800640,4700160,2768,15282.2,34.21,,-0.0432,0.0348,2.3087,0.04746,0.5265
2295,18808832,4702208,2768,15284.8,34.21,,-0.0442,0.0251,2.3597,0.04167,0.528
2296,18817024,4704256,2769,15287.4,34.38,,-0.042,0.0203,2.3623,0.04363,0.5071
2297,18825216,4706304,2770,15290.0,33.99,,-0.0423,0.0226,2.3414,0.04378,0.516
2298,18833408,4708352,2772,15293.3,34.11,,-0.0399,0.0302,2.3663,0.03448,0.4896
2299,18841600,4710400,2774,15296.6,34.22,,-0.0364,0.0449,2.3154,0.03394,0.4908
2300,18849792,4712448,2775,15472.6,34.32,1836.199951171875,-0.039,0.0261,2.2998,0.04046,0.5126
2301,18857984,4714496,2777,15475.2,33.98,,-0.0369,0.0396,2.3278,0.03831,0.5166
2302,18866176,4716544,2778,15477.9,34.15,,-0.04,0.0281,2.3648,0.03943,0.4778
2303,18874368,4718592,2778,15480.5,34.15,,-0.0374,0.0397,2.2987,0.04362,0.5031
2304,18882560,4720640,2782,15483.1,34.36,,-0.0399,0.0245,2.3992,0.04154,0.4894
2305,18890752,4722688,2782,15485.7,34.36,,-0.0413,0.0352,2.3004,0.04829,0.5088
2306,18898944,4724736,2783,15488.3,34.34,,-0.0441,0.0286,2.2735,0.04431,0.5148
2307,18907136,4726784,2784,15490.9,34.47,,-0.04,0.0396,2.2922,0.03774,0.5012
2308,18915328,4728832,2784,15493.6,34.47,,-0.0421,0.0373,2.2875,0.04097,0.5155
2309,18923520,4730880,2786,15496.2,34.25,,-0.0373,0.0365,2.3434,0.04255,0.4971
2310,18931712,4732928,2787,15498.8,34.24,,-0.0405,0.0303,2.3637,0.04063,0.5134
2311,18939904,4734976,2788,15501.4,34.19,,-0.0463,0.0293,2.2816,0.04232,0.5244
2312,18948096,4737024,2789,15504.0,34.19,,-0.0444,0.0288,2.27,0.0466,0.5155
2313,18956288,4739072,2790,15506.6,34.15,,-0.042,0.0348,2.2955,0.04442,0.5142
2314,18964480,4741120,2791,15509.2,34.14,,-0.044,0.0244,2.327,0.04632,0.5311
2315,18972672,4743168,2793,15511.9,34.2,,-0.0427,0.0259,2.3043,0.04673,0.5131
2316,18980864,4745216,2793,15514.4,34.2,,-0.0379,0.0393,2.3397,0.04201,0.4879
2317,18989056,4747264,2794,15517.1,34.2,,-0.0418,0.0389,2.3271,0.04081,0.5079
2318,18997248,4749312,2794,15519.7,34.2,,-0.0441,0.0232,2.313,0.04558,0.5212
2319,19005440,4751360,2796,15522.3,34.3,,-0.0417,0.0307,2.2784,0.04544,0.4956
2320,19013632,4753408,2797,15524.9,34.37,,-0.0434,0.0259,2.304,0.04435,0.5272
2321,19021824,4755456,2798,15527.5,34.22,,-0.0419,0.0369,2.2723,0.041,0.5023
2322,19030016,4757504,2802,15530.2,34.28,,-0.0412,0.0221,2.3827,0.04224,0.5409
2323,19038208,4759552,2805,15532.8,34.28,,-0.0425,0.0216,2.311,0.04043,0.5247
2324,19046400,4761600,2805,15535.4,34.28,,-0.0464,0.0231,2.2702,0.0387,0.519
2325,19054592,4763648,2807,15538.0,34.13,,-0.0387,0.0287,2.3326,0.04119,0.4907
2326,19062784,4765696,2807,15540.6,34.13,,-0.0441,0.0189,2.4273,0.03637,0.4979
2327,19070976,4767744,2807,15543.3,34.13,,-0.0436,0.0183,2.4015,0.0394,0.5128
2328,19079168,4769792,2809,15545.9,33.97,,-0.032,0.0314,2.4236,0.03381,0.4542
2329,19087360,4771840,2810,15548.5,33.81,,-0.0439,0.0213,2.3498,0.03765,0.5269
2330,19095552,4773888,2810,15551.1,33.81,,-0.0453,0.0281,2.2553,0.03948,0.5366
2331,19103744,4775936,2810,15553.7,33.81,,-0.04,0.0357,2.3518,0.04018,0.486
2332,19111936,4777984,2812,15556.3,33.69,,-0.0461,0.0202,2.3773,0.0453,0.5397
2333,19120128,4780032,2815,15558.9,33.08,,-0.0387,0.0267,2.4062,0.0441,0.5081
2334,19128320,4782080,2815,15561.5,33.08,,-0.0442,0.0228,2.3399,0.03872,0.5168
2335,19136512,4784128,2816,15564.2,33.08,,-0.0436,0.0396,2.3401,0.0369,0.5049
2336,19144704,4786176,2819,15566.8,32.67,,-0.0421,0.0208,2.3529,0.03939,0.5115
2337,19152896,4788224,2820,15569.4,32.67,,-0.0454,0.021,2.3527,0.03692,0.5068
2338,19161088,4790272,2820,15572.0,32.67,,-0.0388,0.0359,2.3658,0.03527,0.5092
2339,19169280,4792320,2823,15574.6,32.52,,-0.0389,0.0249,2.3981,0.03539,0.4938
2340,19177472,4794368,2825,15577.2,32.66,,-0.0401,0.0281,2.326,0.03532,0.5026
2341,19185664,4796416,2825,15579.8,32.66,,-0.0406,0.0323,2.3468,0.03321,0.5017
2342,19193856,4798464,2825,15582.4,32.66,,-0.0388,0.0335,2.3402,0.03861,0.5195
2343,19202048,4800512,2826,15585.1,32.51,,-0.0403,0.0262,2.3743,0.03729,0.5208
2344,19210240,4802560,2828,15587.7,32.22,,-0.0419,0.0299,2.3772,0.03586,0.5026
2345,19218432,4804608,2830,15590.3,31.99,,-0.0391,0.027,2.408,0.03373,0.4971
2346,19226624,4806656,2831,15592.9,31.92,,-0.0346,0.038,2.3991,0.03452,0.4611
2347,19234816,4808704,2832,15595.5,31.84,,-0.044,0.0218,2.3748,0.04044,0.5144
2348,19243008,4810752,2833,15598.1,31.74,,-0.0416,0.0511,2.3143,0.03945,0.5219
2349,19251200,4812800,2837,15600.7,31.47,,-0.037,0.0483,2.3842,0.03679,0.4573
2350,19259392,4814848,2839,15603.4,31.8,,-0.0412,0.0325,2.3509,0.03686,0.4985
2351,19267584,4816896,2839,15606.0,31.8,,-0.0441,0.0238,2.3584,0.03738,0.5044
2352,19275776,4818944,2840,15608.6,31.79,,-0.0416,0.0283,2.3663,0.03746,0.483
2353,19283968,4820992,2840,15611.2,31.79,,-0.0397,0.0363,2.3478,0.04485,0.506
2354,19292160,4823040,2841,15613.8,31.66,,-0.0409,0.0392,2.3711,0.03878,0.4822
2355,19300352,4825088,2841,15616.4,31.66,,-0.0408,0.0249,2.4541,0.05953,0.4969
2356,19308544,4827136,2843,15619.0,31.54,,-0.0397,0.0446,2.3746,0.03906,0.4833
2357,19316736,4829184,2844,15621.6,31.39,,-0.0422,0.0211,2.4459,0.04013,0.4885
2358,19324928,4831232,2846,15624.3,31.27,,-0.0432,0.0272,2.3524,0.04398,0.5122
2359,19333120,4833280,2847,15626.9,31.27,,-0.0411,0.0425,2.3073,0.0417,0.5168
2360,19341312,4835328,2848,15629.5,31.15,,-0.0422,0.0381,2.341,0.04337,0.5032
2361,19349504,4837376,2848,15632.1,31.15,,-0.0461,0.0304,2.2762,0.04361,0.5253
2362,19357696,4839424,2850,15634.8,31.14,,-0.0449,0.0294,2.2918,0.0433,0.5375
2363,19365888,4841472,2850,15637.4,31.14,,-0.0431,0.0372,2.3017,0.04256,0.5173
2364,19374080,4843520,2852,15640.0,31.24,,-0.0381,0.0229,2.4116,0.04289,0.4803
2365,19382272,4845568,2853,15642.6,31.17,,-0.0421,0.0313,2.3166,0.04225,0.4994
2366,19390464,4847616,2854,15645.2,31.26,,-0.0432,0.0376,2.338,0.0397,0.5094
2367,19398656,4849664,2857,15647.9,31.45,,-0.044,0.0201,2.3731,0.03949,0.5111
2368,19406848,4851712,2857,15650.5,31.45,,-0.0414,0.0288,2.3384,0.04183,0.4744
2369,19415040,4853760,2857,15653.1,31.45,,-0.043,0.029,2.343,0.04109,0.5148
2370,19423232,4855808,2858,15655.7,31.3,,-0.044,0.0247,2.3375,0.04258,0.5107
2371,19431424,4857856,2860,15658.3,31.0,,-0.044,0.0243,2.3885,0.03673,0.4952
2372,19439616,4859904,2860,15660.9,31.0,,-0.0466,0.0222,2.3314,0.03982,0.5146
2373,19447808,4861952,2862,15663.6,30.82,,-0.041,0.032,2.3297,0.03695,0.4783
2374,19456000,4864000,2864,15666.2,30.83,,-0.043,0.0234,2.3634,0.03661,0.4868
2375,19464192,4866048,2864,15668.8,30.83,,-0.0451,0.0251,2.2851,0.0377,0.5316
2376,19472384,4868096,2865,15671.4,30.78,,-0.0381,0.0465,2.3163,0.04064,0.4871
2377,19480576,4870144,2867,15674.0,30.65,,-0.0407,0.021,2.4185,0.03934,0.4851
2378,19488768,4872192,2868,15676.6,30.63,,-0.044,0.0226,2.3257,0.04141,0.5204
2379,19496960,4874240,2868,15679.3,30.63,,-0.0447,0.0308,2.2845,0.03914,0.5154
2380,19505152,4876288,2870,15681.9,30.55,,-0.0428,0.0283,2.3653,0.04129,0.4866
2381,19513344,4878336,2871,15684.5,30.69,,-0.0398,0.0272,2.3867,0.04007,0.5042
2382,19521536,4880384,2873,15687.1,30.5,,-0.0409,0.0227,2.3803,0.03501,0.4927
2383,19529728,4882432,2873,15689.7,30.5,,-0.0358,0.0388,2.362,0.03656,0.4491
2384,19537920,4884480,2874,15692.3,30.3,,-0.0415,0.0277,2.3775,0.03352,0.4838
2385,19546112,4886528,2877,15695.0,30.42,,-0.042,0.0274,2.3441,0.03729,0.4905
2386,19554304,4888576,2878,15697.6,30.34,,-0.0426,0.0203,2.3483,0.0359,0.5087
2387,19562496,4890624,2879,15700.2,30.34,,-0.0459,0.0231,2.3182,0.03928,0.5168
2388,19570688,4892672,2881,15702.8,30.29,,-0.0435,0.0219,2.3,0.03862,0.5105
2389,19578880,4894720,2881,15705.4,30.29,,-0.045,0.0211,2.3406,0.03594,0.5194
2390,19587072,4896768,2882,15708.1,30.13,,-0.0438,0.0221,2.3713,0.04024,0.5082
2391,19595264,4898816,2884,15710.7,30.04,,-0.0376,0.0212,2.3898,0.03511,0.4843
2392,19603456,4900864,2885,15713.3,30.12,,-0.0361,0.0335,2.3159,0.03974,0.5006
2393,19611648,4902912,2887,15715.9,30.06,,-0.0392,0.0383,2.2805,0.03742,0.4847
2394,19619840,4904960,2887,15718.5,30.06,,-0.0424,0.0443,2.2389,0.04627,0.5421
2395,19628032,4907008,2888,15721.2,30.18,,-0.046,0.0282,2.3211,0.0395,0.5013
2396,19636224,4909056,2888,15723.8,30.18,,-0.0449,0.022,2.3142,0.04327,0.5286
2397,19644416,4911104,2890,15726.4,30.21,,-0.0433,0.0262,2.3893,0.04111,0.5194
2398,19652608,4913152,2891,15729.0,30.25,,-0.0365,0.0317,2.3625,0.04002,0.4783
2399,19660800,4915200,2892,15731.6,30.25,,-0.0411,0.0246,2.3251,0.0409,0.501
2400,19668992,4917248,2892,15910.0,30.25,1769.8800048828125,-0.0461,0.0323,2.2672,0.04,0.5143
2401,19677184,4919296,2892,15912.6,30.25,,-0.0434,0.0291,2.2434,0.04222,0.5173
2402,19685376,4921344,2893,15915.2,30.36,,-0.0434,0.0294,2.274,0.04382,0.5222
2403,19693568,4923392,2893,15917.8,30.36,,-0.0416,0.0351,2.2959,0.04159,0.4989
2404,19701760,4925440,2896,15920.4,30.23,,-0.0417,0.0214,2.3327,0.04258,0.5132
2405,19709952,4927488,2900,15923.1,30.16,,-0.0408,0.0309,2.3052,0.04202,0.5043
2406,19718144,4929536,2901,15925.7,30.31,,-0.0441,0.0226,2.2678,0.03884,0.5115
2407,19726336,4931584,2901,15928.3,30.31,,-0.0438,0.0289,2.286,0.0384,0.5131
2408,19734528,4933632,2901,15930.9,30.31,,-0.0429,0.0232,2.2844,0.04462,0.5265
2409,19742720,4935680,2902,15933.6,30.3,,-0.0424,0.0158,2.3632,0.04091,0.5049
2410,19750912,4937728,2903,15936.1,30.67,,-0.0411,0.0206,2.3705,0.03744,0.4968
2411,19759104,4939776,2904,15938.8,30.67,,-0.04,0.0326,2.2712,0.03924,0.5255
2412,19767296,4941824,2904,15941.4,30.67,,-0.0446,0.0293,2.1816,0.04409,0.5271
2413,19775488,4943872,2904,15944.0,30.67,,-0.0441,0.0356,2.1541,0.04214,0.5297
2414,19783680,4945920,2904,15946.6,30.67,,-0.0419,0.0374,2.2729,0.03985,0.5035
2415,19791872,4947968,2908,15949.2,30.95,,-0.0393,0.0222,2.3778,0.03337,0.5121
2416,19800064,4950016,2909,15951.8,31.09,,-0.0404,0.0297,2.3758,0.04181,0.5045
2417,19808256,4952064,2909,15954.5,31.09,,-0.0426,0.0281,2.3019,0.04214,0.5159
2418,19816448,4954112,2910,15957.1,31.11,,-0.0428,0.0307,2.2915,0.03707,0.5122
2419,19824640,4956160,2912,15959.7,31.03,,-0.0415,0.0395,2.2968,0.03736,0.4951
2420,19832832,4958208,2915,15962.3,31.47,,-0.0426,0.024,2.3512,0.03609,0.4971
2421,19841024,4960256,2916,15965.0,31.61,,-0.0398,0.0257,2.364,0.0371,0.4974
2422,19849216,4962304,2917,15967.6,31.76,,-0.0418,0.0401,2.3508,0.03443,0.4946
2423,19857408,4964352,2917,15970.2,31.76,,-0.0419,0.0316,2.3117,0.03974,0.5127
2424,19865600,4966400,2918,15972.8,31.88,,-0.0446,0.0285,2.3207,0.03623,0.51
2425,19873792,4968448,2919,15975.4,31.88,,-0.0402,0.0297,2.3363,0.03697,0.4913
2426,19881984,4970496,2920,15978.1,31.82,,-0.0399,0.0295,2.3709,0.03446,0.5026
2427,19890176,4972544,2921,15980.7,31.83,,-0.0398,0.0333,2.3272,0.0393,0.4874
2428,19898368,4974592,2923,15983.3,31.92,,-0.0399,0.0272,2.3319,0.03737,0.4983
2429,19906560,4976640,2924,15985.9,31.77,,-0.0452,0.0348,2.3211,0.04084,0.5244
2430,19914752,4978688,2924,15988.5,31.77,,-0.0442,0.0305,2.2767,0.04096,0.5138
2431,19922944,4980736,2925,15991.2,31.9,,-0.0443,0.0287,2.3419,0.04281,0.5166
2432,19931136,4982784,2926,15993.8,31.88,,-0.0415,0.0294,2.384,0.03782,0.5065
2433,19939328,4984832,2927,15996.4,32.03,,-0.0401,0.0312,2.4173,0.03778,0.5004
2434,19947520,4986880,2929,15999.0,32.01,,-0.0406,0.0279,2.415,0.03653,0.5049
2435,19955712,4988928,2930,16001.6,32.09,,-0.0407,0.0331,2.3655,0.04147,0.4939
2436,19963904,4990976,2931,16004.3,32.17,,-0.0443,0.0361,2.3409,0.03776,0.5255
2437,19972096,4993024,2931,16006.9,32.17,,-0.0416,0.0358,2.328,0.03651,0.5065
2438,19980288,4995072,2934,16009.5,32.39,,-0.039,0.0326,2.3685,0.04043,0.5055
2439,19988480,4997120,2934,16012.1,32.39,,-0.0364,0.0275,2.3741,0.03806,0.4794
2440,19996672,4999168,2936,16014.7,32.51,,-0.0434,0.0194,2.3179,0.04124,0.5231
2441,20004864,5001216,2938,16017.4,32.46,,-0.0438,0.0267,2.3109,0.04251,0.5337
2442,20013056,5003264,2940,16020.0,32.36,,-0.0373,0.0408,2.2921,0.04191,0.516
2443,20021248,5005312,2940,16022.6,32.36,,-0.0386,0.0325,2.3051,0.03994,0.4961
2444,20029440,5007360,2940,16025.2,32.36,,-0.0397,0.0387,2.2996,0.0348,0.473
2445,20037632,5009408,2941,16027.8,32.43,,-0.0441,0.0278,2.3078,0.05291,0.5144
2446,20045824,5011456,2942,16030.5,32.43,,-0.044,0.0226,2.3335,0.04909,0.5131
2447,20054016,5013504,2943,16033.1,32.55,,-0.0417,0.019,2.3673,0.04023,0.5139
2448,20062208,5015552,2944,16035.7,32.85,,-0.0399,0.0351,2.3184,0.04063,0.4883
2449,20070400,5017600,2945,16038.3,32.85,,-0.0442,0.0265,2.3163,0.03859,0.5027
2450,20078592,5019648,2946,16040.9,32.85,,-0.0404,0.0392,2.2493,0.04419,0.5144
2451,20086784,5021696,2949,16043.5,33.03,,-0.044,0.0257,2.3026,0.04293,0.5151
2452,20094976,5023744,2951,16046.2,32.91,,-0.0441,0.0318,2.3349,0.03496,0.4995
2453,20103168,5025792,2952,16048.8,32.74,,-0.0422,0.0287,2.2879,0.03827,0.5198
2454,20111360,5027840,2952,16051.4,32.74,,-0.0438,0.0255,2.2937,0.04026,0.5135
2455,20119552,5029888,2952,16054.0,32.74,,-0.0428,0.0225,2.2466,0.04563,0.5315
2456,20127744,5031936,2954,16056.7,32.78,,-0.044,0.0222,2.2828,0.04151,0.5371
2457,20135936,5033984,2956,16059.3,32.59,,-0.0406,0.0205,2.3525,0.04272,0.5101
2458,20144128,5036032,2956,16061.9,32.59,,-0.0406,0.0169,2.276,0.03769,0.502
2459,20152320,5038080,2956,16064.5,32.59,,-0.0423,0.0282,2.2762,0.04149,0.5049
2460,20160512,5040128,2956,16067.1,32.59,,-0.0442,0.0253,2.2678,0.03872,0.5239
2461,20168704,5042176,2956,16069.8,32.59,,-0.0428,0.0359,2.2882,0.04086,0.5134
2462,20176896,5044224,2957,16072.4,32.44,,-0.0448,0.0167,2.3684,0.04507,0.519
2463,20185088,5046272,2957,16075.0,32.44,,-0.0437,0.0185,2.3235,0.04215,0.5288
2464,20193280,5048320,2959,16077.6,32.73,,-0.0358,0.0445,2.3619,0.03642,0.4669
2465,20201472,5050368,2961,16080.9,32.88,,-0.0412,0.0296,2.3137,0.04256,0.4871
2466,20209664,5052416,2963,16084.2,32.83,,-0.0435,0.0278,2.1917,0.0415,0.5229
2467,20217856,5054464,2963,16086.9,32.83,,-0.0462,0.0394,2.2249,0.04324,0.5317
2468,20226048,5056512,2965,16089.5,32.87,,-0.0434,0.0247,2.2629,0.0407,0.5159
2469,20234240,5058560,2966,16092.2,32.92,,-0.0437,0.0205,2.3413,0.03872,0.5167
2470,20242432,5060608,2968,16094.8,33.24,,-0.0395,0.0328,2.2775,0.04194,0.5087
2471,20250624,5062656,2968,16097.4,33.24,,-0.0412,0.0242,2.2919,0.0364,0.5016
2472,20258816,5064704,2968,16100.1,33.24,,-0.0416,0.0354,2.195,0.03819,0.5206
2473,20267008,5066752,2968,16102.7,33.24,,-0.0445,0.033,2.1976,0.04111,0.5106
2474,20275200,5068800,2969,16105.4,33.24,,-0.0413,0.0313,2.2465,0.04165,0.5
2475,20283392,5070848,2972,16108.0,33.51,,-0.0459,0.0197,2.3096,0.03931,0.5101
2476,20291584,5072896,2972,16110.7,33.51,,-0.0427,0.0232,2.304,0.04062,0.5077
2477,20299776,5074944,2972,16113.3,33.51,,-0.0425,0.0297,2.2474,0.03952,0.5239
2478,20307968,5076992,2973,16116.0,33.51,,-0.0417,0.0428,2.1955,0.04685,0.5175
2479,20316160,5079040,2974,16118.6,33.72,,-0.0434,0.022,2.3196,0.04681,0.5006
2480,20324352,5081088,2974,16121.3,33.72,,-0.0432,0.0286,2.3247,0.04336,0.5094
2481,20332544,5083136,2975,16123.9,33.57,,-0.0437,0.022,2.3242,0.04456,0.5116
2482,20340736,5085184,2976,16126.6,33.72,,-0.0389,0.0398,2.3181,0.05246,0.5144
2483,20348928,5087232,2979,16129.2,34.34,,-0.0431,0.0238,2.3446,0.03926,0.5181
2484,20357120,5089280,2981,16131.9,34.71,,-0.0382,0.044,2.3412,0.03603,0.4939
2485,20365312,5091328,2983,16134.5,34.71,,-0.0402,0.0301,2.3825,0.03254,0.4985
2486,20373504,5093376,2983,16137.2,34.71,,-0.043,0.038,2.2435,0.04327,0.5236
2487,20381696,5095424,2984,16139.8,34.7,,-0.0473,0.0268,2.294,0.04592,0.53
2488,20389888,5097472,2985,16142.5,34.68,,-0.0457,0.0256,2.3283,0.042,0.5312
2489,20398080,5099520,2985,16145.2,34.68,,-0.0452,0.021,2.3855,0.03869,0.5112
2490,20406272,5101568,2985,16147.8,34.68,,-0.0425,0.0178,2.3586,0.03821,0.5336
2491,20414464,5103616,2988,16150.5,34.8,,-0.039,0.0326,2.3517,0.03945,0.4893
2492,20422656,5105664,2991,16153.1,34.91,,-0.0423,0.0276,2.3244,0.0348,0.4919
2493,20430848,5107712,2991,16155.8,34.91,,-0.0419,0.0322,2.304,0.03675,0.5049
2494,20439040,5109760,2994,16158.5,34.48,,-0.0397,0.0515,2.2609,0.04562,0.5166
2495,20447232,5111808,2994,16161.1,34.48,,-0.0452,0.0312,2.29,0.04535,0.5248
2496,20455424,5113856,2995,16163.8,34.59,,-0.0443,0.0306,2.2946,0.04407,0.5117
2497,20463616,5115904,2995,16166.4,34.59,,-0.0452,0.0199,2.3416,0.04362,0.5325
2498,20471808,5117952,2996,16169.1,34.44,,-0.0366,0.028,2.3608,0.03895,0.4968
2499,20480000,5120000,2996,16171.8,34.44,,-0.0422,0.0195,2.324,0.04354,0.5146
2500,20488192,5122048,2997,16377.6,34.48,2033.219970703125,-0.0384,0.0395,2.2612,0.03986,0.5195
2501,20496384,5124096,2998,16380.6,34.36,,-0.0432,0.0366,2.2612,0.04343,0.5205
2502,20504576,5126144,2998,16383.3,34.36,,-0.0464,0.0301,2.2475,0.04436,0.5598
2503,20512768,5128192,3000,16386.0,34.24,,-0.0412,0.0365,2.3319,0.03964,0.4965
2504,20520960,5130240,3002,16388.7,33.94,,-0.0437,0.0242,2.3692,0.04122,0.5364
2505,20529152,5132288,3003,16391.3,33.66,,-0.042,0.024,2.3915,0.03636,0.4902
2506,20537344,5134336,3003,16394.0,33.66,,-0.0446,0.0276,2.3567,0.03866,0.5234
2507,20545536,5136384,3004,16396.7,33.66,,-0.0425,0.0411,2.3545,0.04256,0.5123
2508,20553728,5138432,3005,16399.3,33.76,,-0.0418,0.0392,2.3656,0.03965,0.5123
2509,20561920,5140480,3006,16402.0,33.63,,-0.0429,0.0281,2.368,0.04433,0.5062
2510,20570112,5142528,3008,16404.6,33.88,,-0.0406,0.0316,2.3558,0.03893,0.512
2511,20578304,5144576,3009,16407.3,33.83,,-0.0455,0.0253,2.3259,0.03482,0.5414
2512,20586496,5146624,3010,16410.0,34.13,,-0.044,0.031,2.2815,0.03784,0.5106
2513,20594688,5148672,3010,16412.6,34.13,,-0.0443,0.0362,2.311,0.03784,0.5209
2514,20602880,5150720,3013,16415.3,34.21,,-0.0416,0.0294,2.3824,0.03746,0.5054
2515,20611072,5152768,3014,16418.0,34.15,,-0.0421,0.0236,2.3964,0.04019,0.5129
2516,20619264,5154816,3014,16420.6,34.15,,-0.0422,0.0313,2.3227,0.04098,0.5354
2517,20627456,5156864,3015,16423.3,33.97,,-0.043,0.0293,2.3206,0.03926,0.5303
2518,20635648,5158912,3016,16426.0,33.83,,-0.0451,0.0263,2.3309,0.03937,0.5275
2519,20643840,5160960,3017,16428.6,33.67,,-0.0429,0.0234,2.3704,0.03924,0.511
2520,20652032,5163008,3018,16431.3,33.52,,-0.0407,0.028,2.4041,0.03752,0.5018
2521,20660224,5165056,3021,16434.0,33.83,,-0.0387,0.0279,2.3703,0.04084,0.4939
2522,20668416,5167104,3021,16436.6,33.83,,-0.0384,0.0209,2.3691,0.03836,0.4969
2523,20676608,5169152,3022,16439.3,33.69,,-0.0412,0.0329,2.3544,0.04424,0.5198
2524,20684800,5171200,3023,16441.9,33.73,,-0.0421,0.0215,2.3732,0.04071,0.5284
2525,20692992,5173248,3024,16444.6,33.74,,-0.0439,0.0256,2.3247,0.03875,0.5388
2526,20701184,5175296,3024,16447.2,33.74,,-0.0447,0.0246,2.3093,0.04062,0.5387
2527,20709376,5177344,3024,16449.9,33.74,,-0.0439,0.0227,2.3421,0.04339,0.5142
2528,20717568,5179392,3028,16452.6,33.62,,-0.0427,0.0207,2.3515,0.0445,0.5317
2529,20725760,5181440,3029,16455.2,33.62,,-0.0434,0.0213,2.3097,0.04162,0.5345
2530,20733952,5183488,3030,16457.9,33.74,,-0.0374,0.0336,2.294,0.03607,0.5059
2531,20742144,5185536,3031,16460.6,33.74,,-0.0425,0.0373,2.2852,0.03861,0.5338
2532,20750336,5187584,3031,16463.2,33.74,,-0.0463,0.0237,2.3134,0.04053,0.5372
2533,20758528,5189632,3032,16465.9,33.87,,-0.0381,0.0364,2.411,0.03592,0.4973
2534,20766720,5191680,3034,16468.5,33.69,,-0.042,0.0146,2.4176,0.03871,0.5127
2535,20774912,5193728,3035,16471.2,33.78,,-0.0437,0.019,2.3313,0.04123,0.5355
2536,20783104,5195776,3037,16473.8,33.63,,-0.0435,0.0402,2.3023,0.03804,0.5201
2537,20791296,5197824,3038,16476.5,33.65,,-0.042,0.0404,2.2985,0.04045,0.5231
2538,20799488,5199872,3039,16479.1,33.78,,-0.046,0.0282,2.3197,0.0381,0.5349
2539,20807680,5201920,3039,16481.8,33.78,,-0.0457,0.0311,2.2663,0.04164,0.5486
2540,20815872,5203968,3040,16484.5,33.78,,-0.0432,0.0233,2.3251,0.04352,0.5222
2541,20824064,5206016,3040,16487.1,33.78,,-0.0373,0.0303,2.3804,0.03669,0.4956
2542,20832256,5208064,3043,16489.8,33.8,,-0.0431,0.0179,2.3479,0.04486,0.5194
2543,20840448,5210112,3044,16492.4,33.62,,-0.0459,0.0244,2.3269,0.03393,0.5099
2544,20848640,5212160,3046,16495.1,33.61,,-0.0365,0.0315,2.3023,0.03898,0.5045
2545,20856832,5214208,3046,16497.7,33.61,,-0.0377,0.0372,2.3076,0.04483,0.5148
2546,20865024,5216256,3049,16500.4,33.43,,-0.0445,0.0214,2.3178,0.03788,0.5223
2547,20873216,5218304,3050,16503.1,33.43,,-0.0421,0.0256,2.3206,0.04023,0.52
2548,20881408,5220352,3050,16505.7,33.43,,-0.0412,0.0343,2.24,0.05038,0.5356
2549,20889600,5222400,3050,16508.4,33.43,,-0.0413,0.0313,2.3116,0.04223,0.5128
2550,20897792,5224448,3051,16511.0,33.45,,-0.041,0.0208,2.3331,0.04431,0.5396
2551,20905984,5226496,3051,16513.7,33.45,,-0.0431,0.0379,2.3034,0.04344,0.5375
2552,20914176,5228544,3052,16516.4,33.5,,-0.0429,0.0469,2.2773,0.04469,0.5175
2553,20922368,5230592,3054,16519.0,33.63,,-0.043,0.0327,2.3232,0.04338,0.5219
2554,20930560,5232640,3055,16521.7,33.78,,-0.0461,0.0265,2.2742,0.04294,0.5532
2555,20938752,5234688,3056,16524.4,33.93,,-0.041,0.0376,2.3125,0.05428,0.5267
2556,20946944,5236736,3058,16527.0,33.87,,-0.0425,0.042,2.2785,0.0368,0.5186
2557,20955136,5238784,3060,16529.7,33.79,,-0.0439,0.0254,2.3104,0.0404,0.537
2558,20963328,5240832,3063,16532.4,33.69,,-0.0402,0.0307,2.3339,0.04093,0.5321
2559,20971520,5242880,3063,16535.0,33.69,,-0.0428,0.0342,2.2416,0.04594,0.5347
2560,20979712,5244928,3064,16537.7,33.84,,-0.0373,0.039,2.2905,0.04186,0.4851
2561,20987904,5246976,3065,16540.3,33.78,,-0.042,0.0188,2.3043,0.0389,0.5242
2562,20996096,5249024,3065,16543.0,33.78,,-0.0468,0.0242,2.2223,0.04304,0.5393
2563,21004288,5251072,3065,16545.6,33.78,,-0.0444,0.0356,2.2707,0.04975,0.5298
2564,21012480,5253120,3066,16548.3,33.72,,-0.0395,0.0311,2.3252,0.04088,0.5199
2565,21020672,5255168,3067,16551.0,33.7,,-0.0403,0.0234,2.2905,0.0449,0.5454
2566,21028864,5257216,3068,16553.6,33.55,,-0.0454,0.025,2.2316,0.04082,0.5294
2567,21037056,5259264,3068,16556.3,33.55,,-0.0428,0.0255,2.2341,0.04635,0.5369
2568,21045248,5261312,3070,16559.0,33.28,,-0.0429,0.0258,2.2408,0.03927,0.5167
2569,21053440,5263360,3071,16561.6,33.18,,-0.0388,0.0368,2.3025,0.03969,0.4972
2570,21061632,5265408,3074,16564.3,33.29,,-0.0413,0.0245,2.3197,0.04395,0.5159
2571,21069824,5267456,3074,16567.0,33.29,,-0.0441,0.02,2.3023,0.04103,0.5288
2572,21078016,5269504,3076,16569.6,33.14,,-0.0435,0.0275,2.2495,0.04586,0.5275
2573,21086208,5271552,3077,16572.3,32.82,,-0.0408,0.04,2.2703,0.04044,0.505
2574,21094400,5273600,3078,16575.0,32.87,,-0.046,0.0228,2.2707,0.05333,0.5311
2575,21102592,5275648,3078,16577.6,32.87,,-0.0381,0.0433,2.2538,0.03885,0.5074
2576,21110784,5277696,3080,16580.3,32.83,,-0.0411,0.0261,2.2455,0.05032,0.516
2577,21118976,5279744,3081,16583.0,33.06,,-0.0414,0.0293,2.2524,0.04366,0.5164
2578,21127168,5281792,3081,16585.6,33.06,,-0.041,0.0323,2.2484,0.04285,0.5244
2579,21135360,5283840,3082,16588.3,33.07,,-0.0372,0.0459,2.2673,0.03904,0.4918
2580,21143552,5285888,3084,16590.9,33.08,,-0.0381,0.0365,2.2452,0.05227,0.4967
2581,21151744,5287936,3084,16593.6,33.08,,-0.0415,0.0344,2.2545,0.04579,0.5378
2582,21159936,5289984,3084,16596.2,33.08,,-0.0392,0.0296,2.2652,0.04527,0.4899
2583,21168128,5292032,3086,16598.9,33.01,,-0.0451,0.0319,2.1882,0.04887,0.5308
2584,21176320,5294080,3087,16601.6,32.77,,-0.0459,0.0298,2.1836,0.05215,0.53
2585,21184512,5296128,3087,16604.2,32.77,,-0.0469,0.0223,2.1855,0.04706,0.5476
2586,21192704,5298176,3088,16606.9,33.02,,-0.0434,0.0224,2.2604,0.05524,0.5499
2587,21200896,5300224,3089,16609.6,33.02,,-0.041,0.0321,2.3267,0.05061,0.5125
2588,21209088,5302272,3091,16612.2,33.19,,-0.043,0.0177,2.2888,0.04898,0.5339
2589,21217280,5304320,3092,16614.9,33.48,,-0.0442,0.0264,2.2408,0.04374,0.5392
2590,21225472,5306368,3093,16617.6,33.57,,-0.0386,0.0404,2.2238,0.04555,0.5149
2591,21233664,5308416,3094,16620.2,33.65,,-0.0408,0.0418,2.1981,0.04793,0.5243
2592,21241856,5310464,3095,16622.9,33.95,,-0.0403,0.0449,2.2317,0.04897,0.5211
2593,21250048,5312512,3096,16625.6,33.95,,-0.0391,0.0399,2.2118,0.04615,0.5084
2594,21258240,5314560,3098,16628.2,34.34,,-0.0379,0.0426,2.314,0.04154,0.4855
2595,21266432,5316608,3099,16630.9,34.32,,-0.0392,0.0261,2.2852,0.03858,0.4873
2596,21274624,5318656,3099,16633.5,34.32,,-0.038,0.0445,2.2291,0.03937,0.5214
2597,21282816,5320704,3100,16636.2,34.32,,-0.0429,0.0215,2.2313,0.04655,0.5326
2598,21291008,5322752,3102,16638.9,34.86,,-0.0413,0.035,2.2563,0.04956,0.5239
2599,21299200,5324800,3103,16641.5,34.77,,-0.0385,0.0286,2.3039,0.04448,0.5292
2600,21307392,5326848,3103,16877.0,34.77,2801.89990234375,-0.0417,0.0237,2.3053,0.05163,0.5232
2601,21315584,5328896,3103,16879.6,34.77,,-0.0426,0.0346,2.2154,0.04419,0.5322
2602,21323776,5330944,3107,16882.3,34.5,,-0.0366,0.0371,2.311,0.03945,0.4844
2603,21331968,5332992,3107,16885.0,34.5,,-0.0408,0.0262,2.3379,0.03958,0.5156
2604,21340160,5335040,3109,16887.6,34.36,,-0.0408,0.028,2.2658,0.04242,0.5355
2605,21348352,5337088,3109,16890.3,34.36,,-0.0411,0.0366,2.2229,0.04348,0.5367
2606,21356544,5339136,3109,16893.0,34.36,,-0.0459,0.0278,2.2625,0.04562,0.551
2607,21364736,5341184,3110,16895.7,34.06,,-0.0395,0.0368,2.2164,0.04618,0.5265
2608,21372928,5343232,3111,16898.3,34.15,,-0.042,0.0274,2.3387,0.05223,0.5273
2609,21381120,5345280,3111,16901.0,34.15,,-0.0443,0.0259,2.334,0.0433,0.5178
2610,21389312,5347328,3113,16903.6,34.37,,-0.0399,0.0354,2.2769,0.04385,0.4963
2611,21397504,5349376,3115,16906.3,34.46,,-0.0397,0.034,2.2786,0.04607,0.5266
2612,21405696,5351424,3116,16909.0,34.54,,-0.043,0.0294,2.2379,0.04522,0.5375
2613,21413888,5353472,3116,16911.7,34.54,,-0.0445,0.0359,2.2816,0.03996,0.5155
2614,21422080,5355520,3116,16914.3,34.54,,-0.0443,0.0281,2.2728,0.04313,0.52
2615,21430272,5357568,3119,16917.0,34.66,,-0.0366,0.0405,2.3002,0.04637,0.5133
2616,21438464,5359616,3119,16919.7,34.66,,-0.0431,0.0241,2.2902,0.0466,0.5256
2617,21446656,5361664,3120,16922.3,34.35,,-0.0434,0.0305,2.2444,0.04245,0.5326
2618,21454848,5363712,3121,16925.0,34.32,,-0.0457,0.0315,2.2233,0.04751,0.5433
2619,21463040,5365760,3122,16927.7,34.41,,-0.0404,0.0455,2.2357,0.05107,0.5399
2620,21471232,5367808,3123,16930.4,34.77,,-0.0422,0.0302,2.3439,0.04345,0.5077
2621,21479424,5369856,3124,16933.0,34.91,,-0.0407,0.0272,2.3701,0.04046,0.5079
2622,21487616,5371904,3125,16935.7,34.91,,-0.0425,0.0233,2.385,0.03809,0.5065
2623,21495808,5373952,3126,16938.4,34.91,,-0.0415,0.0257,2.3049,0.03924,0.5052
2624,21504000,5376000,3126,16941.1,34.91,,-0.0434,0.0315,2.2586,0.04302,0.5358
2625,21512192,5378048,3127,16943.7,34.91,,-0.0398,0.0337,2.3382,0.04939,0.5101
2626,21520384,5380096,3127,16946.4,34.91,,-0.0404,0.038,2.2858,0.05088,0.5162
2627,21528576,5382144,3129,16949.1,34.97,,-0.0402,0.0277,2.2563,0.04229,0.5259
2628,21536768,5384192,3130,16951.7,35.43,,-0.0365,0.0409,2.3205,0.0471,0.4954
2629,21544960,5386240,3133,16954.4,35.44,,-0.0375,0.0355,2.378,0.03815,0.4966
2630,21553152,5388288,3134,16957.0,35.34,,-0.0422,0.0328,2.2123,0.05376,0.5409
2631,21561344,5390336,3134,16959.7,35.34,,-0.0449,0.0364,2.2356,0.04567,0.5518
2632,21569536,5392384,3136,16962.4,35.42,,-0.0404,0.0378,2.2342,0.04121,0.5118
2633,21577728,5394432,3138,16965.1,35.33,,-0.0457,0.0275,2.2894,0.04435,0.5281
2634,21585920,5396480,3140,16967.7,35.45,,-0.0383,0.0243,2.3262,0.03709,0.4935
2635,21594112,5398528,3141,16970.4,35.66,,-0.0425,0.0206,2.2279,0.04135,0.5127
2636,21602304,5400576,3141,16973.1,35.66,,-0.0452,0.0252,2.17,0.04254,0.5245
2637,21610496,5402624,3141,16975.7,35.66,,-0.0459,0.0271,2.1734,0.04822,0.5382
2638,21618688,5404672,3141,16978.4,35.66,,-0.041,0.0341,2.2672,0.05067,0.5187
2639,21626880,5406720,3141,16981.0,35.66,,-0.0455,0.0208,2.3298,0.04577,0.5443
2640,21635072,5408768,3142,16983.7,35.65,,-0.0438,0.0221,2.3246,0.05204,0.5317
2641,21643264,5410816,3143,16986.4,35.77,,-0.0391,0.0369,2.327,0.04274,0.4913
2642,21651456,5412864,3145,16989.0,35.85,,-0.0388,0.0279,2.3299,0.03821,0.4888
2643,21659648,5414912,3145,16991.7,35.85,,-0.0437,0.0267,2.2348,0.05062,0.532
2644,21667840,5416960,3146,16994.4,35.86,,-0.0444,0.0318,2.2413,0.04354,0.5135
2645,21676032,5419008,3146,16997.1,35.86,,-0.0401,0.0387,2.2808,0.0402,0.509
2646,21684224,5421056,3148,16999.7,36.03,,-0.0405,0.0255,2.3541,0.03987,0.4935
2647,21692416,5423104,3148,17002.4,36.03,,-0.0454,0.0331,2.2337,0.04155,0.5203
2648,21700608,5425152,3149,17005.1,36.04,,-0.0402,0.0431,2.2404,0.05311,0.5238
2649,21708800,5427200,3151,17007.7,36.24,,-0.0404,0.039,2.3125,0.04625,0.498
2650,21716992,5429248,3153,17010.4,36.57,,-0.0419,0.0288,2.309,0.04204,0.5093
2651,21725184,5431296,3153,17013.1,36.57,,-0.0441,0.0275,2.2265,0.0468,0.5251
2652,21733376,5433344,3155,17015.8,36.5,,-0.0442,0.029,2.2637,0.04707,0.5167
2653,21741568,5435392,3155,17018.4,36.5,,-0.0429,0.0317,2.2489,0.05165,0.5289
2654,21749760,5437440,3155,17021.1,36.5,,-0.0455,0.0257,2.2531,0.0382,0.5256
2655,21757952,5439488,3156,17023.8,36.64,,-0.0396,0.0383,2.2502,0.03867,0.5034
2656,21766144,5441536,3157,17026.4,36.67,,-0.0423,0.0306,2.3154,0.0418,0.504
2657,21774336,5443584,3158,17029.1,36.82,,-0.039,0.0329,2.3207,0.03793,0.4955
2658,21782528,5445632,3158,17031.8,36.82,,-0.0424,0.0247,2.3033,0.04285,0.5195
2659,21790720,5447680,3158,17034.5,36.82,,-0.043,0.0296,2.2483,0.04342,0.5378
2660,21798912,5449728,3159,17037.2,37.13,,-0.0449,0.0292,2.2947,0.0433,0.5211
2661,21807104,5451776,3159,17039.8,37.13,,-0.0427,0.0324,2.3698,0.03866,0.4979
2662,21815296,5453824,3161,17042.5,37.2,,-0.0417,0.0312,2.3434,0.03906,0.4943
2663,21823488,5455872,3164,17045.2,37.26,,-0.0384,0.0273,2.3171,0.03792,0.4828
2664,21831680,5457920,3165,17047.8,37.38,,-0.044,0.0311,2.2627,0.03647,0.5056
2665,21839872,5459968,3165,17050.5,37.38,,-0.0432,0.0455,2.2454,0.04029,0.5164
2666,21848064,5462016,3168,17053.2,37.45,,-0.0414,0.0349,2.2914,0.03857,0.4918
2667,21856256,5464064,3169,17055.9,37.64,,-0.0442,0.0247,2.3335,0.04145,0.5055
2668,21864448,5466112,3170,17058.6,37.68,,-0.0434,0.0215,2.3428,0.04455,0.5148
2669,21872640,5468160,3170,17061.2,37.68,,-0.0399,0.0245,2.3578,0.04207,0.5048
2670,21880832,5470208,3173,17063.9,37.53,,-0.0342,0.0265,2.3658,0.03338,0.4716
2671,21889024,5472256,3175,17066.5,37.58,,-0.0409,0.037,2.2578,0.04083,0.5062
2672,21897216,5474304,3175,17069.2,37.58,,-0.0392,0.0406,2.2434,0.04003,0.4922
2673,21905408,5476352,3175,17071.9,37.58,,-0.0438,0.0311,2.2315,0.04212,0.5243
2674,21913600,5478400,3177,17074.6,37.26,,-0.0388,0.034,2.2825,0.0372,0.5093
2675,21921792,5480448,3179,17077.2,36.9,,-0.0445,0.0192,2.3578,0.04167,0.5273
2676,21929984,5482496,3180,17079.9,36.8,,-0.0377,0.0306,2.2826,0.04124,0.4957
2677,21938176,5484544,3180,17082.6,36.8,,-0.0406,0.0259,2.2628,0.04157,0.4891
2678,21946368,5486592,3180,17085.2,36.8,,-0.0434,0.0218,2.2557,0.04654,0.5321
2679,21954560,5488640,3181,17087.9,36.5,,-0.0383,0.0308,2.2755,0.04192,0.5156
2680,21962752,5490688,3182,17090.6,36.35,,-0.0415,0.0204,2.3025,0.05417,0.5077
2681,21970944,5492736,3182,17093.2,36.35,,-0.0407,0.0242,2.2667,0.04352,0.5072
2682,21979136,5494784,3183,17095.9,36.25,,-0.0417,0.0312,2.2045,0.04957,0.5171
2683,21987328,5496832,3185,17098.6,36.71,,-0.0407,0.0444,2.2056,0.04792,0.5044
2684,21995520,5498880,3187,17101.2,36.86,,-0.043,0.0234,2.2497,0.0399,0.4978
2685,22003712,5500928,3187,17103.9,36.86,,-0.0413,0.0361,2.2434,0.04448,0.5168
2686,22011904,5502976,3188,17106.6,36.71,,-0.0384,0.0283,2.2918,0.03953,0.491
2687,22020096,5505024,3189,17109.2,36.86,,-0.0419,0.0269,2.2642,0.03972,0.5306
2688,22028288,5507072,3190,17111.9,36.86,,-0.0395,0.0326,2.2766,0.03428,0.4894
2689,22036480,5509120,3192,17114.6,36.68,,-0.0424,0.03,2.2612,0.03855,0.5012
2690,22044672,5511168,3193,17117.3,36.77,,-0.0412,0.0423,2.2005,0.04767,0.5208
2691,22052864,5513216,3194,17119.9,37.02,,-0.0412,0.0321,2.2337,0.04465,0.5068
2692,22061056,5515264,3195,17122.6,37.04,,-0.0344,0.0395,2.3134,0.03332,0.4761
2693,22069248,5517312,3197,17125.2,37.07,,-0.0433,0.018,2.3255,0.03784,0.5059
2694,22077440,5519360,3198,17127.9,36.77,,-0.0421,0.0285,2.1819,0.04724,0.5092
2695,22085632,5521408,3199,17130.6,36.79,,-0.0423,0.0263,2.2398,0.0356,0.5109
2696,22093824,5523456,3200,17133.2,36.87,,-0.0385,0.0356,2.2918,0.0432,0.5065
2697,22102016,5525504,3201,17135.9,36.79,,-0.0422,0.0258,2.2644,0.04612,0.5094
2698,22110208,5527552,3201,17138.5,36.79,,-0.041,0.0177,2.228,0.04146,0.5031
2699,22118400,5529600,3202,17141.2,36.55,,-0.0455,0.0186,2.2124,0.04883,0.5289
2700,22126592,5531648,3204,17304.0,36.39,1739.8399658203125,-0.0435,0.0268,2.247,0.04253,0.5244
2701,22134784,5533696,3204,17306.6,36.39,,-0.0406,0.027,2.1673,0.05083,0.5198
2702,22142976,5535744,3204,17309.3,36.39,,-0.0405,0.0308,2.1934,0.04366,0.5205
2703,22151168,5537792,3205,17311.9,36.35,,-0.0369,0.0318,2.223,0.04374,0.5046
2704,22159360,5539840,3205,17314.6,36.35,,-0.0456,0.0245,2.2662,0.03965,0.5306
2705,22167552,5541888,3207,17317.3,36.47,,-0.0387,0.0311,2.273,0.04479,0.498
2706,22175744,5543936,3209,17319.9,36.75,,-0.0373,0.0526,2.2281,0.04199,0.4962
2707,22183936,5545984,3212,17322.6,36.89,,-0.0382,0.0427,2.2367,0.04371,0.522
2708,22192128,5548032,3214,17325.3,36.74,,-0.0408,0.0339,2.1916,0.04335,0.5093
2709,22200320,5550080,3216,17328.0,36.86,,-0.0396,0.0323,2.1868,0.04123,0.5358
2710,22208512,5552128,3216,17330.6,36.86,,-0.0427,0.0294,2.2261,0.03935,0.5187
2711,22216704,5554176,3217,17333.3,36.77,,-0.0431,0.023,2.2432,0.04592,0.5298
2712,22224896,5556224,3218,17336.0,36.85,,-0.0407,0.0313,2.2464,0.04453,0.5128
2713,22233088,5558272,3218,17338.6,36.85,,-0.0424,0.0303,2.2937,0.0405,0.5238
2714,22241280,5560320,3218,17341.3,36.85,,-0.0359,0.0422,2.2936,0.04775,0.5032
2715,22249472,5562368,3218,17343.9,36.85,,-0.0396,0.0223,2.3349,0.04281,0.5129
2716,22257664,5564416,3219,17346.6,36.98,,-0.0466,0.0243,2.2597,0.04798,0.5468
2717,22265856,5566464,3220,17349.3,36.97,,-0.0463,0.033,2.2087,0.04985,0.5175
2718,22274048,5568512,3220,17352.0,36.97,,-0.044,0.0328,2.2538,0.0481,0.5217
2719,22282240,5570560,3221,17354.7,36.95,,-0.043,0.0346,2.2458,0.05616,0.5137
2720,22290432,5572608,3225,17357.3,36.64,,-0.0422,0.019,2.2968,0.04038,0.5244
2721,22298624,5574656,3226,17360.0,36.63,,-0.043,0.0237,2.2859,0.04265,0.5222
2722,22306816,5576704,3227,17362.7,36.71,,-0.0374,0.0368,2.1999,0.04092,0.5017
2723,22315008,5578752,3229,17365.3,36.64,,-0.0403,0.0421,2.2042,0.04638,0.5063
2724,22323200,5580800,3231,17368.0,36.4,,-0.0422,0.0202,2.2883,0.04835,0.504
2725,22331392,5582848,3231,17370.7,36.4,,-0.0408,0.0288,2.2595,0.04073,0.5233
2726,22339584,5584896,3233,17373.3,36.65,,-0.0431,0.0217,2.2656,0.04346,0.524
2727,22347776,5586944,3234,17376.0,36.79,,-0.0373,0.0439,2.172,0.04272,0.5096
2728,22355968,5588992,3234,17378.7,36.79,,-0.0437,0.018,2.2463,0.04589,0.5288
2729,22364160,5591040,3234,17381.3,36.79,,-0.037,0.0321,2.244,0.03906,0.5011
2730,22372352,5593088,3235,17384.0,36.65,,-0.0348,0.0449,2.2787,0.03672,0.4829
2731,22380544,5595136,3235,17386.6,36.65,,-0.0439,0.0231,2.2646,0.05099,0.5266
2732,22388736,5597184,3235,17389.3,36.65,,-0.0408,0.0333,2.2334,0.04037,0.5004
2733,22396928,5599232,3237,17392.0,36.85,,-0.0365,0.0322,2.312,0.04239,0.511
2734,22405120,5601280,3241,17394.7,36.62,,-0.0425,0.017,2.3487,0.04366,0.5135
2735,22413312,5603328,3243,17397.3,36.47,,-0.0439,0.0311,2.1814,0.05072,0.5479
2736,22421504,5605376,3243,17400.0,36.47,,-0.0422,0.0293,2.1293,0.05114,0.5177
2737,22429696,5607424,3243,17402.7,36.47,,-0.0431,0.0334,2.1217,0.05034,0.5359
2738,22437888,5609472,3243,17405.3,36.47,,-0.0444,0.0223,2.2584,0.04793,0.5372
2739,22446080,5611520,3245,17408.0,36.57,,-0.0417,0.0205,2.3583,0.04318,0.516
2740,22454272,5613568,3247,17410.7,36.58,,-0.0435,0.0215,2.2158,0.04544,0.5374
2741,22462464,5615616,3248,17413.3,36.61,,-0.0353,0.0454,2.2705,0.0389,0.4994
2742,22470656,5617664,3249,17416.0,36.76,,-0.0448,0.0249,2.1571,0.05381,0.5325
2743,22478848,5619712,3251,17418.7,36.5,,-0.0425,0.0394,2.1856,0.04801,0.5184
2744,22487040,5621760,3253,17421.3,35.97,,-0.04,0.0248,2.3173,0.04237,0.4973
2745,22495232,5623808,3253,17424.0,35.97,,-0.0442,0.027,2.2196,0.04441,0.5225
2746,22503424,5625856,3254,17426.7,36.05,,-0.0422,0.0267,2.1763,0.04636,0.5162
2747,22511616,5627904,3254,17429.4,36.05,,-0.0439,0.0212,2.2051,0.05176,0.5298
2748,22519808,5629952,3254,17432.0,36.05,,-0.0417,0.0274,2.2163,0.04499,0.5104
2749,22528000,5632000,3256,17434.7,35.8,,-0.0411,0.0205,2.2796,0.04536,0.4962
2750,22536192,5634048,3257,17437.4,35.92,,-0.0411,0.0298,2.2165,0.04112,0.5177
2751,22544384,5636096,3259,17440.0,35.31,,-0.043,0.0285,2.2342,0.04322,0.5071
2752,22552576,5638144,3260,17442.7,35.24,,-0.0417,0.0346,2.1286,0.04373,0.5132
2753,22560768,5640192,3262,17445.4,35.51,,-0.039,0.0413,2.1934,0.0439,0.4963
2754,22568960,5642240,3262,17448.1,35.51,,-0.0419,0.0269,2.2191,0.04007,0.514
2755,22577152,5644288,3262,17450.7,35.51,,-0.0389,0.0259,2.2013,0.04683,0.4955
2756,22585344,5646336,3267,17453.4,35.09,,-0.0387,0.0228,2.2673,0.04568,0.4967
2757,22593536,5648384,3267,17456.1,35.09,,-0.043,0.0263,2.1545,0.05139,0.5184
2758,22601728,5650432,3267,17458.7,35.09,,-0.0417,0.0286,2.1503,0.04616,0.5186
2759,22609920,5652480,3268,17461.4,35.09,,-0.0408,0.0285,2.1723,0.0441,0.517
2760,22618112,5654528,3268,17464.1,35.09,,-0.0414,0.0312,2.2624,0.04615,0.5103
2761,22626304,5656576,3270,17466.7,34.83,,-0.0437,0.015,2.3688,0.04293,0.5034
2762,22634496,5658624,3272,17469.4,34.83,,-0.0393,0.0271,2.2343,0.03808,0.5133
2763,22642688,5660672,3275,17472.1,34.69,,-0.0402,0.0258,2.1678,0.0498,0.5067
2764,22650880,5662720,3275,17474.7,34.69,,-0.0377,0.0496,2.1356,0.03688,0.4955
2765,22659072,5664768,3278,17477.4,34.94,,-0.0386,0.0466,2.1245,0.04884,0.5039
2766,22667264,5666816,3278,17480.1,34.94,,-0.0448,0.0231,2.1374,0.04075,0.5367
2767,22675456,5668864,3279,17482.7,35.08,,-0.038,0.0299,2.2505,0.04479,0.4828
2768,22683648,5670912,3281,17485.4,35.15,,-0.0397,0.0265,2.1817,0.04514,0.4966
2769,22691840,5672960,3283,17488.1,35.31,,-0.0397,0.0254,2.2263,0.04273,0.5059
2770,22700032,5675008,3283,17490.7,35.31,,-0.0365,0.0477,2.1505,0.04453,0.4894
2771,22708224,5677056,3285,17493.4,34.84,,-0.0357,0.0377,2.1511,0.04499,0.4929
2772,22716416,5679104,3286,17496.1,34.72,,-0.0436,0.024,2.1029,0.0437,0.5295
2773,22724608,5681152,3287,17498.7,34.5,,-0.0358,0.0345,2.1921,0.0435,0.4814
2774,22732800,5683200,3288,17501.4,34.42,,-0.0375,0.0423,2.1902,0.04365,0.5005
2775,22740992,5685248,3290,17504.1,34.07,,-0.0391,0.0313,2.2285,0.04494,0.4896
2776,22749184,5687296,3291,17506.7,33.98,,-0.0356,0.0304,2.17,0.04514,0.4966
2777,22757376,5689344,3291,17509.8,33.98,,-0.0377,0.0353,2.1229,0.04505,0.5167
2778,22765568,5691392,3292,17512.4,33.79,,-0.0436,0.0278,2.1593,0.04886,0.511
2779,22773760,5693440,3292,17515.1,33.79,,-0.0446,0.0315,2.0443,0.04579,0.5181
2780,22781952,5695488,3295,17517.8,33.45,,-0.0433,0.0274,2.1965,0.04976,0.5135
2781,22790144,5697536,3296,17520.4,33.41,,-0.043,0.032,2.1767,0.04516,0.5159
2782,22798336,5699584,3299,17523.1,33.52,,-0.0405,0.024,2.2442,0.0449,0.4984
2783,22806528,5701632,3300,17525.7,33.37,,-0.0441,0.0233,2.1738,0.03805,0.5111
2784,22814720,5703680,3300,17528.4,33.37,,-0.0444,0.0226,2.1631,0.04229,0.5292
2785,22822912,5705728,3302,17531.1,33.33,,-0.0361,0.0404,2.2232,0.04084,0.4957
2786,22831104,5707776,3302,17533.7,33.33,,-0.0412,0.0242,2.2354,0.0408,0.4994
2787,22839296,5709824,3302,17536.3,33.33,,-0.0426,0.0205,2.2595,0.04101,0.5125
2788,22847488,5711872,3302,17539.0,33.33,,-0.0405,0.0382,2.2423,0.0444,0.5105
2789,22855680,5713920,3304,17541.7,33.57,,-0.0437,0.03,2.1652,0.04511,0.5167
2790,22863872,5715968,3306,17544.3,33.56,,-0.0404,0.0347,2.2823,0.03719,0.475
2791,22872064,5718016,3308,17547.0,33.23,,-0.0367,0.0379,2.2711,0.03647,0.4744
2792,22880256,5720064,3310,17549.6,33.01,,-0.0424,0.025,2.2312,0.04218,0.521
2793,22888448,5722112,3311,17552.3,32.92,,-0.0419,0.0311,2.1526,0.04449,0.5283
2794,22896640,5724160,3313,17555.0,32.9,,-0.0389,0.0417,2.1864,0.04991,0.4989
2795,22904832,5726208,3313,17557.6,32.9,,-0.035,0.0377,2.2028,0.03919,0.4871
2796,22913024,5728256,3313,17560.2,32.9,,-0.0411,0.0263,2.0839,0.04654,0.5115
2797,22921216,5730304,3313,17562.9,32.9,,-0.0449,0.0282,2.1276,0.0502,0.53
2798,22929408,5732352,3314,17565.6,33.02,,-0.043,0.0279,2.1465,0.04168,0.504
2799,22937600,5734400,3316,17568.3,32.93,,-0.0399,0.0244,2.2266,0.04695,0.5035
2800,22945792,5736448,3316,17747.1,32.93,1813.8399658203125,-0.0415,0.0192,2.2078,0.04279,0.5114
2801,22953984,5738496,3316,17749.8,32.93,,-0.0418,0.0303,2.1825,0.04126,0.5146
2802,22962176,5740544,3317,17752.4,33.09,,-0.0426,0.0311,2.1478,0.04382,0.5059
2803,22970368,5742592,3318,17755.1,33.04,,-0.0374,0.0528,2.16,0.03764,0.4789
2804,22978560,5744640,3320,17757.8,32.83,,-0.0438,0.028,2.1845,0.0429,0.5299
2805,22986752,5746688,3322,17760.5,33.01,,-0.0418,0.0378,2.1207,0.04083,0.5331
2806,22994944,5748736,3322,17763.1,33.01,,-0.043,0.0282,2.2141,0.04374,0.5239
2807,23003136,5750784,3323,17765.8,33.02,,-0.0401,0.0381,2.1585,0.03834,0.5173
2808,23011328,5752832,3324,17768.4,32.86,,-0.0392,0.0327,2.1443,0.03716,0.5114
2809,23019520,5754880,3327,17771.1,33.07,,-0.0396,0.0391,2.1524,0.04185,0.4869
2810,23027712,5756928,3327,17773.8,33.07,,-0.0395,0.0316,2.2112,0.04407,0.4979
2811,23035904,5758976,3329,17776.4,33.29,,-0.0362,0.0378,2.1992,0.03922,0.4968
2812,23044096,5761024,3331,17779.1,33.5,,-0.0407,0.0318,2.1749,0.04161,0.5098
2813,23052288,5763072,3333,17781.8,33.08,,-0.0346,0.0444,2.1242,0.03693,0.4939
2814,23060480,5765120,3333,17784.5,33.08,,-0.0417,0.027,2.0622,0.04076,0.5184
2815,23068672,5767168,3334,17787.1,33.04,,-0.04,0.0332,2.181,0.04054,0.5012
2816,23076864,5769216,3335,17789.8,32.96,,-0.0422,0.018,2.2135,0.04042,0.5203
2817,23085056,5771264,3335,17792.5,32.96,,-0.0399,0.0263,2.2097,0.04403,0.5044
2818,23093248,5773312,3336,17795.1,32.92,,-0.0441,0.0177,2.2351,0.04534,0.5094
2819,23101440,5775360,3339,17797.8,32.8,,-0.0358,0.0367,2.1941,0.03713,0.4894
2820,23109632,5777408,3339,17800.5,32.8,,-0.0432,0.0198,2.1521,0.04497,0.5062
2821,23117824,5779456,3340,17803.1,32.81,,-0.0382,0.0396,2.1877,0.04598,0.5077
2822,23126016,5781504,3343,17805.8,32.85,,-0.0396,0.0334,2.2848,0.04102,0.4916
2823,23134208,5783552,3344,17808.4,32.5,,-0.0446,0.0247,2.218,0.05836,0.5173
2824,23142400,5785600,3344,17811.1,32.5,,-0.0438,0.0195,2.1855,0.04119,0.5121
2825,23150592,5787648,3346,17813.8,32.34,,-0.0422,0.023,2.2075,0.04228,0.4856
2826,23158784,5789696,3349,17816.4,32.32,,-0.0374,0.0243,2.288,0.0384,0.4738
2827,23166976,5791744,3349,17819.1,32.32,,-0.0421,0.0241,2.2264,0.04081,0.5151
2828,23175168,5793792,3352,17821.8,32.39,,-0.0349,0.0371,2.2115,0.04366,0.4901
2829,23183360,5795840,3353,17824.4,32.38,,-0.0435,0.0299,2.0545,0.04304,0.525
2830,23191552,5797888,3353,17827.1,32.38,,-0.0377,0.03,2.1165,0.04415,0.5184
2831,23199744,5799936,3354,17829.8,32.23,,-0.0386,0.0312,2.1519,0.04366,0.5131
2832,23207936,5801984,3354,17832.4,32.23,,-0.0404,0.0181,2.2985,0.05067,0.4928
2833,23216128,5804032,3355,17835.1,31.93,,-0.0415,0.0204,2.2411,0.04379,0.52
2834,23224320,5806080,3356,17837.7,31.93,,-0.0413,0.0235,2.2068,0.04324,0.5151
2835,23232512,5808128,3358,17840.4,31.77,,-0.0417,0.0344,2.0676,0.04591,0.4951
2836,23240704,5810176,3358,17843.1,31.77,,-0.0447,0.0329,2.0596,0.05134,0.5131
2837,23248896,5812224,3358,17845.7,31.77,,-0.039,0.0313,2.1539,0.04448,0.5044
2838,23257088,5814272,3360,17848.4,32.08,,-0.0447,0.0222,2.2075,0.04456,0.5312
2839,23265280,5816320,3362,17851.1,31.8,,-0.0333,0.0375,2.295,0.03988,0.531
2840,23273472,5818368,3362,17853.8,31.8,,-0.0397,0.0276,2.1718,0.04632,0.5142
2841,23281664,5820416,3363,17856.4,31.79,,-0.0411,0.0282,2.1997,0.04637,0.514
2842,23289856,5822464,3366,17859.1,32.12,,-0.0384,0.0238,2.2483,0.04282,0.5002
2843,23298048,5824512,3366,17861.7,32.12,,-0.0434,0.0217,2.1007,0.04273,0.5131
2844,23306240,5826560,3367,17864.4,32.12,,-0.0425,0.022,2.1167,0.04697,0.5192
2845,23314432,5828608,3367,17867.1,32.12,,-0.0449,0.0301,2.0624,0.04753,0.5295
2846,23322624,5830656,3369,17869.7,32.05,,-0.0431,0.0193,2.1818,0.04802,0.538
2847,23330816,5832704,3370,17872.4,32.05,,-0.0438,0.0208,2.1893,0.04357,0.532
2848,23339008,5834752,3371,17875.1,32.05,,-0.0431,0.024,2.1433,0.04458,0.5044
2849,23347200,5836800,3371,17877.8,32.05,,-0.04,0.03,2.1196,0.04442,0.5229
2850,23355392,5838848,3374,17880.4,32.18,,-0.0383,0.0291,2.2177,0.04252,0.5005
2851,23363584,5840896,3375,17883.1,32.18,,-0.0401,0.0265,2.184,0.04823,0.5156
2852,23371776,5842944,3376,17885.8,32.26,,-0.0437,0.0229,2.0832,0.04425,0.5363
2853,23379968,5844992,3378,17888.4,32.16,,-0.0388,0.0323,2.0832,0.04628,0.4922
2854,23388160,5847040,3378,17891.1,32.16,,-0.039,0.0419,2.151,0.04569,0.5007
2855,23396352,5849088,3380,17894.4,31.95,,-0.0448,0.02,2.1342,0.04628,0.5485
2856,23404544,5851136,3382,17897.8,32.33,,-0.0386,0.0266,2.2093,0.06341,0.5076
2857,23412736,5853184,3383,17901.0,32.48,,-0.0425,0.0164,2.1972,0.04606,0.5286
2858,23420928,5855232,3383,17904.3,32.48,,-0.0367,0.0417,2.0954,0.05014,0.5123
2859,23429120,5857280,3384,17907.0,32.43,,-0.0426,0.027,2.0385,0.04804,0.5173
2860,23437312,5859328,3384,17909.6,32.43,,-0.043,0.032,2.0025,0.04992,0.5223
2861,23445504,5861376,3386,17912.3,32.81,,-0.0424,0.0291,2.0746,0.05471,0.5294
2862,23453696,5863424,3388,17915.0,33.12,,-0.0414,0.0198,2.208,0.05282,0.5118
2863,23461888,5865472,3390,17917.7,33.02,,-0.0427,0.0197,2.1549,0.05403,0.5308
2864,23470080,5867520,3391,17920.3,33.08,,-0.038,0.0334,2.0569,0.04362,0.4991
2865,23478272,5869568,3391,17923.0,33.08,,-0.0403,0.0292,2.0574,0.04484,0.5078
2866,23486464,5871616,3391,17925.7,33.08,,-0.0439,0.0295,2.0793,0.05686,0.5184
2867,23494656,5873664,3392,17928.3,33.28,,-0.0373,0.0388,2.1565,0.0453,0.5162
2868,23502848,5875712,3393,17931.0,33.59,,-0.0406,0.0215,2.2502,0.04817,0.5057
2869,23511040,5877760,3393,17933.7,33.59,,-0.0422,0.0257,2.1697,0.05123,0.5188
2870,23519232,5879808,3395,17936.3,33.38,,-0.0331,0.0488,2.2243,0.03852,0.4869
2871,23527424,5881856,3396,17939.0,33.34,,-0.0368,0.0425,2.1362,0.04371,0.5081
2872,23535616,5883904,3396,17941.6,33.34,,-0.0435,0.0288,2.0394,0.04674,0.5308
2873,23543808,5885952,3398,17944.3,33.24,,-0.0418,0.0301,2.0921,0.04784,0.5081
2874,23552000,5888000,3400,17947.0,33.39,,-0.043,0.0345,2.0651,0.06276,0.5166
2875,23560192,5890048,3404,17949.7,33.68,,-0.0377,0.0253,2.2217,0.04265,0.485
2876,23568384,5892096,3404,17952.3,33.68,,-0.0419,0.0248,2.1188,0.04406,0.517
2877,23576576,5894144,3405,17955.0,33.69,,-0.0441,0.0291,2.017,0.04968,0.5347
2878,23584768,5896192,3405,17957.7,33.69,,-0.0409,0.0375,2.0343,0.05365,0.5177
2879,23592960,5898240,3405,17960.4,33.69,,-0.0365,0.0376,2.1967,0.048,0.4888
2880,23601152,5900288,3409,17963.1,34.23,,-0.0371,0.0275,2.1205,0.04744,0.5049
2881,23609344,5902336,3409,17965.7,34.23,,-0.0387,0.0349,2.0886,0.05564,0.5278
2882,23617536,5904384,3409,17968.4,34.23,,-0.042,0.0224,2.1487,0.0461,0.5375
2883,23625728,5906432,3409,17971.0,34.23,,-0.0384,0.0381,2.1073,0.05246,0.494
2884,23633920,5908480,3412,17973.7,33.87,,-0.04,0.0243,2.1781,0.05167,0.5192
2885,23642112,5910528,3412,17976.4,33.87,,-0.038,0.0401,2.1407,0.04795,0.5073
2886,23650304,5912576,3414,17979.0,33.77,,-0.0385,0.0297,2.1684,0.04526,0.4797
2887,23658496,5914624,3414,17981.7,33.77,,-0.0404,0.0341,2.0683,0.04658,0.5195
2888,23666688,5916672,3414,17984.4,33.77,,-0.0432,0.0365,2.0427,0.06749,0.5129
2889,23674880,5918720,3415,17987.1,33.79,,-0.0427,0.0278,2.1183,0.05517,0.51
2890,23683072,5920768,3416,17989.7,33.66,,-0.0425,0.0239,2.2242,0.0459,0.5057
2891,23691264,5922816,3418,17992.4,33.68,,-0.0376,0.0337,2.1942,0.03771,0.5182
2892,23699456,5924864,3420,17995.1,33.9,,-0.0424,0.028,2.1284,0.04111,0.5074
2893,23707648,5926912,3420,17997.7,33.9,,-0.039,0.0376,2.0816,0.04514,0.5101
2894,23715840,5928960,3422,18000.4,34.0,,-0.0349,0.0504,2.062,0.04435,0.5001
2895,23724032,5931008,3425,18003.1,33.95,,-0.0428,0.0248,2.1232,0.04835,0.5237
2896,23732224,5933056,3425,18005.8,33.95,,-0.0429,0.0247,2.0923,0.05072,0.5149
2897,23740416,5935104,3426,18008.4,33.91,,-0.0335,0.0412,2.1677,0.04224,0.4729
2898,23748608,5937152,3427,18011.1,33.91,,-0.0399,0.0298,2.1145,0.05324,0.5065
2899,23756800,5939200,3427,18013.8,33.91,,-0.0422,0.0264,2.0053,0.05522,0.5234
2900,23764992,5941248,3427,18190.1,33.91,1877.6800537109375,-0.0429,0.0223,2.081,0.05337,0.5256
2901,23773184,5943296,3428,18192.8,33.88,,-0.0417,0.0254,2.072,0.05115,0.5293
2902,23781376,5945344,3428,18195.4,33.88,,-0.0376,0.0312,2.2405,0.0483,0.5022
2903,23789568,5947392,3433,18198.1,33.85,,-0.0413,0.0148,2.2084,0.05054,0.5283
2904,23797760,5949440,3434,18200.8,33.85,,-0.0446,0.0248,2.1007,0.04509,0.5369
2905,23805952,5951488,3436,18204.1,33.91,,-0.0397,0.0253,2.0995,0.05518,0.5057
2906,23814144,5953536,3436,18207.4,33.91,,-0.0419,0.024,2.0579,0.04817,0.5131
2907,23822336,5955584,3437,18210.7,33.91,,-0.041,0.0262,2.1814,0.0526,0.506
2908,23830528,5957632,3437,18213.3,33.91,,-0.0385,0.0207,2.2086,0.04846,0.5038
2909,23838720,5959680,3438,18216.0,33.91,,-0.0401,0.0226,2.1473,0.04553,0.5144
2910,23846912,5961728,3438,18218.7,33.91,,-0.0429,0.0274,2.0824,0.05483,0.5222
2911,23855104,5963776,3438,18221.3,33.91,,-0.0408,0.0308,2.1557,0.0473,0.501
2912,23863296,5965824,3442,18224.0,34.24,,-0.0356,0.0391,2.2087,0.0441,0.4972
2913,23871488,5967872,3442,18226.7,34.24,,-0.0456,0.02,2.198,0.04704,0.5142
2914,23879680,5969920,3442,18229.3,34.24,,-0.0396,0.0335,2.1656,0.0465,0.5118
2915,23887872,5971968,3444,18232.0,34.4,,-0.0417,0.0269,2.1638,0.04758,0.4866
2916,23896064,5974016,3444,18234.6,34.4,,-0.0396,0.0348,2.1816,0.04647,0.5026
2917,23904256,5976064,3446,18237.3,34.43,,-0.0421,0.0224,2.2214,0.0482,0.4991
2918,23912448,5978112,3446,18240.0,34.43,,-0.0429,0.0245,2.1507,0.05188,0.5193
2919,23920640,5980160,3447,18242.6,34.43,,-0.0448,0.0244,2.1528,0.05331,0.5233
2920,23928832,5982208,3448,18245.3,34.45,,-0.0434,0.0265,2.1589,0.06471,0.5123
2921,23937024,5984256,3449,18247.9,34.6,,-0.044,0.0271,2.18,0.04503,0.5315
2922,23945216,5986304,3449,18250.6,34.6,,-0.0382,0.0272,2.2416,0.05104,0.4889
2923,23953408,5988352,3450,18253.2,34.56,,-0.0409,0.0385,2.1674,0.04952,0.4993
2924,23961600,5990400,3451,18255.9,34.88,,-0.0415,0.0299,2.1402,0.04317,0.505
2925,23969792,5992448,3454,18258.6,35.25,,-0.0412,0.0375,2.1846,0.04323,0.5193
2926,23977984,5994496,3455,18261.2,35.28,,-0.0396,0.0494,2.1628,0.04915,0.4941
2927,23986176,5996544,3459,18264.4,35.99,,-0.0403,0.0285,2.1658,0.04468,0.5098
2928,23994368,5998592,3460,18267.0,35.96,,-0.0404,0.0285,2.1323,0.04751,0.5111
2929,24002560,6000640,3461,18269.7,35.97,,-0.041,0.0332,2.1268,0.04981,0.491
2930,24010752,6002688,3461,18272.4,35.97,,-0.0404,0.0288,2.0615,0.04928,0.5099
2931,24018944,6004736,3462,18275.0,35.97,,-0.037,0.0267,2.2691,0.03986,0.4894
2932,24027136,6006784,3463,18277.7,35.98,,-0.0436,0.0154,2.1801,0.04569,0.5208
2933,24035328,6008832,3463,18280.3,35.98,,-0.042,0.0256,2.1986,0.0522,0.5227
2934,24043520,6010880,3465,18283.0,35.83,,-0.0388,0.0313,2.1884,0.04589,0.5101
2935,24051712,6012928,3467,18285.6,35.54,,-0.0422,0.0286,2.2379,0.04916,0.5052
2936,24059904,6014976,3467,18288.3,35.54,,-0.0442,0.0264,2.1189,0.05677,0.5363
2937,24068096,6017024,3468,18291.0,35.5,,-0.0386,0.0326,2.2303,0.03881,0.4924
2938,24076288,6019072,3469,18293.6,35.51,,-0.0427,0.0168,2.2761,0.04267,0.5117
2939,24084480,6021120,3469,18296.3,35.51,,-0.0434,0.0263,2.191,0.04694,0.5292
2940,24092672,6023168,3470,18299.0,35.31,,-0.0391,0.0423,2.1503,0.04565,0.516
2941,24100864,6025216,3471,18301.6,35.46,,-0.0427,0.0257,2.1895,0.04905,0.502
2942,24109056,6027264,3471,18304.3,35.46,,-0.0397,0.0388,2.1519,0.04308,0.4922
2943,24117248,6029312,3474,18306.9,35.49,,-0.0422,0.0248,2.2016,0.05168,0.5182
2944,24125440,6031360,3474,18309.6,35.49,,-0.0391,0.0309,2.2027,0.05208,0.4915
2945,24133632,6033408,3476,18312.3,35.65,,-0.0418,0.0265,2.2396,0.04588,0.5013
2946,24141824,6035456,3478,18314.9,35.58,,-0.0379,0.0461,2.2371,0.04545,0.4983
2947,24150016,6037504,3478,18317.6,35.58,,-0.0424,0.0226,2.2287,0.04646,0.5303
2948,24158208,6039552,3480,18320.3,35.72,,-0.0371,0.0496,2.1418,0.04805,0.4923
2949,24166400,6041600,3483,18322.9,35.64,,-0.0417,0.02,2.2352,0.05178,0.5076
2950,24174592,6043648,3483,18325.6,35.64,,-0.0422,0.0313,2.1101,0.04505,0.5319
2951,24182784,6045696,3485,18328.2,35.98,,-0.0403,0.0244,2.0684,0.05286,0.5137
2952,24190976,6047744,3485,18330.9,35.98,,-0.0429,0.0216,2.0786,0.06011,0.5255
2953,24199168,6049792,3486,18333.6,35.78,,-0.0373,0.0359,2.1199,0.05319,0.502
2954,24207360,6051840,3486,18336.2,35.78,,-0.0384,0.034,2.2098,0.04653,0.5106
2955,24215552,6053888,3488,18338.9,35.57,,-0.0419,0.033,2.1411,0.05467,0.5133
2956,24223744,6055936,3491,18341.5,35.79,,-0.0374,0.0317,2.1196,0.04746,0.5074
2957,24231936,6057984,3493,18344.2,35.3,,-0.0365,0.0473,2.1203,0.05037,0.4969
2958,24240128,6060032,3494,18346.9,35.36,,-0.035,0.041,2.1071,0.05636,0.4977
2959,24248320,6062080,3495,18349.5,35.14,,-0.0419,0.0228,2.1946,0.04656,0.5244
2960,24256512,6064128,3496,18352.2,35.07,,-0.042,0.0268,2.1513,0.05527,0.5367
2961,24264704,6066176,3496,18354.8,35.07,,-0.0416,0.017,2.2071,0.05176,0.5071
2962,24272896,6068224,3497,18357.5,35.1,,-0.0378,0.0384,2.1084,0.04702,0.4908
2963,24281088,6070272,3497,18360.2,35.1,,-0.0431,0.0297,2.1154,0.05047,0.517
2964,24289280,6072320,3498,18362.8,35.49,,-0.0342,0.0288,2.2495,0.04706,0.5034
2965,24297472,6074368,3500,18365.5,35.12,,-0.0423,0.0304,2.2421,0.04642,0.5178
2966,24305664,6076416,3500,18368.1,35.12,,-0.0453,0.0203,2.1644,0.0511,0.5242
2967,24313856,6078464,3502,18370.8,35.17,,-0.0421,0.0273,2.189,0.05168,0.5027
2968,24322048,6080512,3502,18373.4,35.17,,-0.0406,0.0345,2.2484,0.05189,0.4946
2969,24330240,6082560,3504,18376.1,35.01,,-0.0398,0.0265,2.162,0.04863,0.5045
2970,24338432,6084608,3504,18378.8,35.01,,-0.0437,0.0324,2.1451,0.05212,0.5281
2971,24346624,6086656,3507,18381.4,34.7,,-0.0432,0.0301,2.1652,0.05632,0.4989
2972,24354816,6088704,3508,18384.1,34.88,,-0.0366,0.035,2.2641,0.04949,0.4907
2973,24363008,6090752,3510,18386.8,35.1,,-0.0415,0.0144,2.3059,0.04823,0.506
2974,24371200,6092800,3510,18389.4,35.1,,-0.0362,0.031,2.2014,0.04202,0.4924
2975,24379392,6094848,3511,18392.1,35.09,,-0.0424,0.0228,2.1266,0.05002,0.5184
2976,24387584,6096896,3512,18394.7,35.06,,-0.0445,0.0306,2.0563,0.04441,0.5227
2977,24395776,6098944,3513,18397.4,34.96,,-0.0443,0.0196,2.2091,0.05506,0.5262
2978,24403968,6100992,3515,18400.1,35.03,,-0.0396,0.0257,2.234,0.05024,0.5006
2979,24412160,6103040,3515,18402.7,35.03,,-0.0426,0.0206,2.2573,0.0437,0.5037
2980,24420352,6105088,3515,18405.4,35.03,,-0.0416,0.028,2.129,0.05269,0.5188
2981,24428544,6107136,3518,18408.0,34.83,,-0.037,0.0472,2.2525,0.04345,0.5023
2982,24436736,6109184,3519,18410.7,34.92,,-0.0415,0.0236,2.3191,0.04094,0.5038
2983,24444928,6111232,3519,18413.3,34.92,,-0.0432,0.033,2.1762,0.05039,0.5093
2984,24453120,6113280,3521,18416.0,35.22,,-0.043,0.0335,2.1726,0.04885,0.5012
2985,24461312,6115328,3522,18418.7,34.91,,-0.0374,0.0268,2.309,0.03581,0.4839
2986,24469504,6117376,3523,18421.3,34.6,,-0.0418,0.0316,2.1921,0.04037,0.5085
2987,24477696,6119424,3523,18424.0,34.6,,-0.0448,0.0262,2.3288,0.04447,0.5159
2988,24485888,6121472,3524,18426.6,34.59,,-0.0375,0.0477,2.2846,0.04414,0.4846
2989,24494080,6123520,3525,18429.3,34.57,,-0.0441,0.0272,2.2903,0.05242,0.5203
2990,24502272,6125568,3525,18432.0,34.57,,-0.0436,0.0299,2.2207,0.05067,0.5173
2991,24510464,6127616,3526,18434.6,34.35,,-0.0394,0.0399,2.2682,0.04055,0.5004
2992,24518656,6129664,3528,18437.3,34.43,,-0.0382,0.0319,2.2803,0.04284,0.4949
2993,24526848,6131712,3530,18439.9,34.38,,-0.0403,0.0337,2.2584,0.058,0.5033
2994,24535040,6133760,3534,18442.6,34.71,,-0.0396,0.0313,2.3144,0.04619,0.481
2995,24543232,6135808,3534,18445.3,34.71,,-0.0419,0.0243,2.2885,0.03683,0.5068
2996,24551424,6137856,3534,18447.9,34.71,,-0.0448,0.0308,2.2138,0.04138,0.5189
2997,24559616,6139904,3536,18450.6,34.69,,-0.0372,0.0535,2.2935,0.03803,0.4684
2998,24567808,6141952,3538,18453.2,34.78,,-0.0387,0.0198,2.4243,0.05437,0.4814
2999,24576000,6144000,3538,18455.9,34.78,,-0.0448,0.023,2.2426,0.04154,0.5302
3000,24584192,6146048,3538,18636.2,34.78,1925.43994140625,-0.0421,0.0404,2.245,0.04797,0.509
3001,24592384,6148096,3538,18638.8,34.78,,-0.0383,0.0332,2.3185,0.04473,0.4938
3002,24600576,6150144,3538,18641.4,34.78,,-0.0412,0.0307,2.3044,0.04118,0.5083
3003,24608768,6152192,3540,18644.0,34.65,,-0.0427,0.0184,2.3755,0.0403,0.4928
3004,24616960,6154240,3542,18646.7,34.54,,-0.0362,0.034,2.3221,0.04403,0.4934
3005,24625152,6156288,3544,18649.3,34.44,,-0.0407,0.0311,2.2036,0.0464,0.524
3006,24633344,6158336,3544,18651.9,34.44,,-0.0429,0.0395,2.1467,0.03744,0.51
3007,24641536,6160384,3545,18654.6,34.39,,-0.0413,0.0352,2.2663,0.03952,0.4988
3008,24649728,6162432,3547,18657.2,34.17,,-0.0428,0.0247,2.3302,0.04008,0.5096
3009,24657920,6164480,3547,18659.8,34.17,,-0.0444,0.0214,2.3398,0.04214,0.514
3010,24666112,6166528,3548,18662.4,34.16,,-0.043,0.0233,2.3004,0.04999,0.5179
3011,24674304,6168576,3549,18665.1,34.16,,-0.0408,0.0337,2.197,0.04903,0.5121
3012,24682496,6170624,3549,18667.7,34.16,,-0.0415,0.0345,2.22,0.04564,0.5027
3013,24690688,6172672,3551,18670.3,34.42,,-0.0415,0.0364,2.2256,0.04564,0.5104
3014,24698880,6174720,3551,18672.9,34.42,,-0.0434,0.0256,2.2833,0.0466,0.5109
3015,24707072,6176768,3551,18675.8,34.42,,-0.042,0.02,2.3366,0.04623,0.5026
3016,24715264,6178816,3551,18679.1,34.42,,-0.0431,0.0272,2.166,0.04683,0.5331
3017,24723456,6180864,3554,18682.4,34.55,,-0.0367,0.047,2.2475,0.04883,0.4664
3018,24731648,6182912,3555,18685.6,34.8,,-0.0397,0.0238,2.2677,0.0432,0.5021
3019,24739840,6184960,3555,18688.3,34.8,,-0.0433,0.0264,2.1644,0.04405,0.5037
3020,24748032,6187008,3557,18691.0,35.15,,-0.0418,0.0366,2.2084,0.04156,0.4915
3021,24756224,6189056,3559,18693.6,34.7,,-0.0414,0.0234,2.3246,0.04642,0.4926
3022,24764416,6191104,3561,18696.2,34.42,,-0.0387,0.0286,2.2671,0.03882,0.5021
3023,24772608,6193152,3562,18698.9,34.33,,-0.0435,0.0249,2.228,0.04313,0.4974
3024,24780800,6195200,3565,18701.5,34.49,,-0.0423,0.0203,2.2512,0.04418,0.4996
3025,24788992,6197248,3566,18704.2,34.5,,-0.0385,0.0315,2.175,0.04274,0.4973
3026,24797184,6199296,3566,18706.8,34.5,,-0.0367,0.0405,2.2128,0.04906,0.4863
3027,24805376,6201344,3567,18709.5,34.44,,-0.038,0.0363,2.2018,0.03938,0.4856
3028,24813568,6203392,3567,18712.1,34.44,,-0.042,0.0314,2.1963,0.04968,0.5148
3029,24821760,6205440,3568,18714.7,34.43,,-0.0392,0.032,2.2878,0.05292,0.4901
3030,24829952,6207488,3570,18717.4,34.53,,-0.0365,0.0269,2.3248,0.04087,0.4794
3031,24838144,6209536,3571,18720.0,34.38,,-0.0424,0.0228,2.2294,0.04768,0.5243
3032,24846336,6211584,3571,18722.6,34.38,,-0.042,0.0326,2.0717,0.04274,0.515
3033,24854528,6213632,3571,18725.3,34.38,,-0.0408,0.0324,2.174,0.05316,0.5117
3034,24862720,6215680,3573,18727.9,34.17,,-0.0385,0.0219,2.2819,0.04662,0.4885
3035,24870912,6217728,3574,18730.6,34.36,,-0.0426,0.0268,2.2408,0.04777,0.5153
3036,24879104,6219776,3575,18733.2,34.21,,-0.045,0.0305,2.1788,0.0429,0.5137
3037,24887296,6221824,3577,18735.9,34.35,,-0.0411,0.0321,2.1732,0.04773,0.5336
3038,24895488,6223872,3579,18738.5,34.46,,-0.0432,0.0292,2.1141,0.04348,0.5151
3039,24903680,6225920,3579,18741.2,34.46,,-0.043,0.0257,2.0955,0.04437,0.5474
3040,24911872,6227968,3580,18743.9,34.46,,-0.0363,0.0371,2.196,0.04248,0.4949
3041,24920064,6230016,3581,18746.5,34.66,,-0.0428,0.0276,2.2275,0.04741,0.5026
3042,24928256,6232064,3582,18749.1,34.43,,-0.0432,0.0219,2.2337,0.05324,0.524
3043,24936448,6234112,3582,18751.8,34.43,,-0.0372,0.0401,2.1807,0.05082,0.5112
3044,24944640,6236160,3585,18754.4,34.43,,-0.0391,0.0211,2.2488,0.04466,0.4886
3045,24952832,6238208,3585,18757.0,34.43,,-0.0407,0.0272,2.1485,0.04612,0.5065
3046,24961024,6240256,3586,18759.7,34.49,,-0.0438,0.0269,2.0421,0.04153,0.507
3047,24969216,6242304,3588,18762.4,34.64,,-0.0398,0.0394,2.1014,0.05377,0.5073
3048,24977408,6244352,3589,18765.0,34.6,,-0.0401,0.0228,2.1993,0.04824,0.5212
3049,24985600,6246400,3590,18767.7,34.66,,-0.0385,0.0258,2.2482,0.04344,0.506
3050,24993792,6248448,3590,18770.3,34.66,,-0.0427,0.0181,2.2695,0.03949,0.5104
3051,25001984,6250496,3590,18773.0,34.66,,-0.0439,0.0318,2.0874,0.04998,0.5389
3052,25010176,6252544,3591,18775.6,34.48,,-0.0398,0.0382,2.1958,0.05121,0.4987
3053,25018368,6254592,3592,18778.3,34.71,,-0.0395,0.0338,2.1538,0.0498,0.5128
3054,25026560,6256640,3594,18780.9,34.62,,-0.0392,0.0289,2.2238,0.04593,0.5096
3055,25034752,6258688,3595,18783.6,34.79,,-0.0413,0.0276,2.2076,0.04153,0.512
3056,25042944,6260736,3597,18786.2,35.05,,-0.037,0.0332,2.1705,0.04132,0.4889
3057,25051136,6262784,3598,18788.9,35.07,,-0.0421,0.035,2.1511,0.04283,0.5085
3058,25059328,6264832,3598,18791.5,35.07,,-0.0398,0.0271,2.2253,0.05356,0.5111
3059,25067520,6266880,3600,18794.2,35.37,,-0.0437,0.0196,2.1889,0.04382,0.522
3060,25075712,6268928,3600,18796.8,35.37,,-0.0422,0.0417,2.0945,0.04968,0.5249
3061,25083904,6270976,3601,18799.5,35.22,,-0.0423,0.0314,2.0599,0.04913,0.5194
3062,25092096,6273024,3603,18802.1,35.01,,-0.0379,0.0379,2.1875,0.04716,0.5148
3063,25100288,6275072,3603,18804.7,35.01,,-0.0382,0.03,2.247,0.04015,0.5067
3064,25108480,6277120,3605,18807.4,34.93,,-0.0403,0.0273,2.2734,0.04158,0.5126
3065,25116672,6279168,3607,18810.0,35.15,,-0.0407,0.0304,2.2556,0.03968,0.5237
3066,25124864,6281216,3608,18812.7,35.19,,-0.0381,0.0469,2.1906,0.04452,0.5059
3067,25133056,6283264,3610,18815.3,35.21,,-0.0389,0.0298,2.1991,0.04906,0.5085
3068,25141248,6285312,3610,18817.9,35.21,,-0.0392,0.0387,2.2081,0.04186,0.5079
3069,25149440,6287360,3611,18820.6,35.13,,-0.0424,0.027,2.239,0.0449,0.5065
3070,25157632,6289408,3612,18823.2,35.14,,-0.044,0.0214,2.3123,0.04483,0.5067
3071,25165824,6291456,3612,18825.9,35.14,,-0.0389,0.0266,2.3363,0.04093,0.5049
3072,25174016,6293504,3614,18828.5,35.25,,-0.0397,0.0323,2.2686,0.03877,0.5006
3073,25182208,6295552,3615,18831.2,35.17,,-0.0445,0.0363,2.1967,0.04032,0.5085
3074,25190400,6297600,3618,18833.9,35.45,,-0.0411,0.0295,2.2542,0.04462,0.4976
3075,25198592,6299648,3618,18836.5,35.45,,-0.0417,0.03,2.2029,0.04131,0.5132
3076,25206784,6301696,3619,18839.1,35.21,,-0.0431,0.024,2.2288,0.04884,0.5187
3077,25214976,6303744,3621,18841.8,35.05,,-0.0387,0.0363,2.2265,0.04368,0.4905
3078,25223168,6305792,3622,18844.4,35.05,,-0.0424,0.0225,2.2789,0.05193,0.514
3079,25231360,6307840,3623,18847.1,35.05,,-0.0439,0.0184,2.267,0.04188,0.5167
3080,25239552,6309888,3624,18849.7,35.12,,-0.0395,0.0265,2.2415,0.04791,0.5049
3081,25247744,6311936,3624,18852.4,35.12,,-0.0426,0.0248,2.1761,0.03759,0.5251
3082,25255936,6313984,3624,18855.0,35.12,,-0.041,0.0323,2.1684,0.04768,0.5264
3083,25264128,6316032,3624,18857.7,35.12,,-0.0432,0.0241,2.2633,0.04773,0.5164
3084,25272320,6318080,3626,18860.3,35.44,,-0.04,0.0273,2.2936,0.03969,0.4989
3085,25280512,6320128,3627,18863.6,35.83,,-0.0452,0.0231,2.3091,0.05062,0.5387
3086,25288704,6322176,3629,18866.9,35.66,,-0.0373,0.0322,2.2554,0.05028,0.496
3087,25296896,6324224,3631,18870.2,35.61,,-0.0393,0.0377,2.1914,0.04456,0.5096
3088,25305088,6326272,3633,18873.5,34.88,,-0.0404,0.0383,2.1866,0.04344,0.5164
3089,25313280,6328320,3635,18876.7,34.97,,-0.0399,0.0269,2.189,0.04043,0.4923
3090,25321472,6330368,3636,18880.0,35.11,,-0.0405,0.0203,2.2562,0.04013,0.5017
3091,25329664,6332416,3637,18883.3,35.02,,-0.0394,0.029,2.2053,0.0513,0.4987
3092,25337856,6334464,3637,18885.9,35.02,,-0.0368,0.0423,2.2178,0.04727,0.4905
3093,25346048,6336512,3637,18888.5,35.02,,-0.0447,0.0298,2.1713,0.04611,0.5309
3094,25354240,6338560,3638,18891.2,35.32,,-0.0461,0.0247,2.1522,0.04784,0.5374
3095,25362432,6340608,3640,18893.8,35.25,,-0.0416,0.0295,2.2641,0.04316,0.5205
3096,25370624,6342656,3640,18896.5,35.25,,-0.0424,0.0199,2.318,0.03943,0.4897
3097,25378816,6344704,3640,18899.1,35.25,,-0.039,0.0314,2.2406,0.03791,0.4908
3098,25387008,6346752,3641,18901.7,35.27,,-0.0392,0.0324,2.2008,0.05197,0.4937
3099,25395200,6348800,3643,18904.4,35.46,,-0.04,0.0415,2.2409,0.0409,0.5105
3100,25403392,6350848,3644,19100.5,35.63,2229.679931640625,-0.0448,0.0205,2.2634,0.0442,0.5321
3101,25411584,6352896,3644,19103.1,35.63,,-0.0406,0.0315,2.1921,0.04484,0.5059
3102,25419776,6354944,3645,19105.8,35.71,,-0.0409,0.0384,2.2265,0.05044,0.5115
3103,25427968,6356992,3646,19108.4,35.85,,-0.0379,0.0393,2.2259,0.04831,0.5011
3104,25436160,6359040,3651,19111.1,35.29,,-0.0365,0.0268,2.2967,0.04284,0.4835
3105,25444352,6361088,3651,19113.7,35.29,,-0.0427,0.0275,2.2859,0.03968,0.5148
3106,25452544,6363136,3651,19116.4,35.29,,-0.0442,0.0295,2.154,0.04742,0.5215
3107,25460736,6365184,3651,19119.0,35.29,,-0.0428,0.039,2.1829,0.03895,0.5168
3108,25468928,6367232,3651,19121.7,35.29,,-0.0414,0.0259,2.1618,0.0432,0.5447
3109,25477120,6369280,3652,19124.3,35.41,,-0.0399,0.0217,2.3485,0.05059,0.5074
3110,25485312,6371328,3652,19126.9,35.41,,-0.0418,0.0335,2.3194,0.04516,0.5046
3111,25493504,6373376,3654,19129.6,35.46,,-0.0381,0.029,2.3367,0.04122,0.4816
3112,25501696,6375424,3655,19132.2,35.03,,-0.0349,0.0331,2.3614,0.03917,0.5037
3113,25509888,6377472,3656,19134.8,34.86,,-0.0396,0.0322,2.3153,0.04206,0.5082
3114,25518080,6379520,3657,19137.5,34.74,,-0.0414,0.0348,2.2563,0.03996,0.5028
3115,25526272,6381568,3658,19140.1,34.55,,-0.0458,0.0337,2.1792,0.04243,0.5198
3116,25534464,6383616,3658,19142.8,34.55,,-0.0466,0.035,2.1767,0.04269,0.5233
3117,25542656,6385664,3659,19145.4,35.01,,-0.0437,0.0268,2.2636,0.04076,0.5088
3118,25550848,6387712,3663,19148.1,35.37,,-0.04,0.0226,2.3054,0.04079,0.507
3119,25559040,6389760,3664,19150.7,35.37,,-0.0412,0.0223,2.3795,0.03327,0.4907
3120,25567232,6391808,3665,19153.4,35.37,,-0.0419,0.0342,2.2802,0.0382,0.5126
3121,25575424,6393856,3665,19156.0,35.37,,-0.0435,0.0367,2.2405,0.0406,0.5269
3122,25583616,6395904,3666,19158.7,35.37,,-0.0449,0.026,2.2818,0.03954,0.5134
3123,25591808,6397952,3666,19161.3,35.37,,-0.0447,0.0193,2.3407,0.03598,0.4993
3124,25600000,6400000,3666,19163.9,35.37,,-0.038,0.0317,2.3619,0.03788,0.4727
3125,25608192,6402048,3669,19166.6,35.31,,-0.039,0.0376,2.3344,0.03919,0.4855
3126,25616384,6404096,3670,19169.2,35.7,,-0.0425,0.0319,2.2213,0.03778,0.5109
3127,25624576,6406144,3670,19171.8,35.7,,-0.0436,0.0308,2.1787,0.04124,0.5364
3128,25632768,6408192,3670,19174.5,35.7,,-0.0405,0.0398,2.2782,0.04029,0.4985
3129,25640960,6410240,3671,19177.1,35.69,,-0.0366,0.0328,2.3557,0.03424,0.4821
3130,25649152,6412288,3673,19179.8,36.13,,-0.0415,0.0259,2.3945,0.03894,0.4987
3131,25657344,6414336,3675,19182.4,36.01,,-0.0387,0.0265,2.3516,0.03689,0.4633
3132,25665536,6416384,3675,19185.0,36.01,,-0.0392,0.0515,2.2165,0.04023,0.496
3133,25673728,6418432,3677,19187.7,35.87,,-0.0425,0.0315,2.29,0.04322,0.4946
3134,25681920,6420480,3680,19190.3,36.32,,-0.0413,0.0303,2.2782,0.03656,0.4919
3135,25690112,6422528,3681,19193.0,36.19,,-0.0409,0.0224,2.321,0.03825,0.4882
3136,25698304,6424576,3681,19195.6,36.19,,-0.0459,0.0233,2.2682,0.04039,0.524
3137,25706496,6426624,3682,19198.3,36.19,,-0.0453,0.0247,2.2776,0.04289,0.5208
3138,25714688,6428672,3684,19200.9,35.81,,-0.0454,0.0261,2.25,0.04209,0.5067
3139,25722880,6430720,3684,19203.5,35.81,,-0.0392,0.033,2.3313,0.03711,0.4833
3140,25731072,6432768,3684,19206.2,35.81,,-0.0407,0.0296,2.3097,0.0403,0.4932
3141,25739264,6434816,3684,19208.8,35.81,,-0.0447,0.0224,2.2872,0.04129,0.5161
3142,25747456,6436864,3686,19211.5,35.79,,-0.0417,0.0339,2.2935,0.04003,0.501
3143,25755648,6438912,3688,19214.1,35.62,,-0.0414,0.0243,2.3854,0.03742,0.4987
3144,25763840,6440960,3689,19216.7,35.66,,-0.0385,0.0337,2.378,0.03604,0.4644
3145,25772032,6443008,3692,19219.4,35.67,,-0.0448,0.0243,2.3111,0.0414,0.5143
3146,25780224,6445056,3693,19222.0,35.74,,-0.0395,0.0514,2.2647,0.0386,0.4807
3147,25788416,6447104,3695,19224.7,35.48,,-0.0441,0.0239,2.3049,0.05261,0.5067
3148,25796608,6449152,3697,19227.3,35.22,,-0.0412,0.0266,2.221,0.03914,0.5093
3149,25804800,6451200,3697,19229.9,35.22,,-0.0429,0.0229,2.2636,0.03967,0.4989
3150,25812992,6453248,3697,19232.6,35.22,,-0.0408,0.0325,2.2397,0.03852,0.5128
3151,25821184,6455296,3699,19235.2,35.06,,-0.0392,0.037,2.3037,0.04143,0.4734
3152,25829376,6457344,3700,19237.9,35.06,,-0.0438,0.0227,2.2718,0.04461,0.5088
3153,25837568,6459392,3700,19240.5,35.06,,-0.0429,0.021,2.2868,0.0402,0.5072
3154,25845760,6461440,3700,19243.1,35.06,,-0.0431,0.0302,2.2243,0.04305,0.5206
3155,25853952,6463488,3702,19245.8,34.89,,-0.0385,0.0244,2.3847,0.04179,0.493
3156,25862144,6465536,3704,19248.4,35.02,,-0.0408,0.0249,2.3327,0.03741,0.4783
3157,25870336,6467584,3705,19251.1,34.87,,-0.0445,0.0252,2.2579,0.04204,0.5043
3158,25878528,6469632,3706,19253.7,34.68,,-0.0416,0.0284,2.2551,0.04142,0.4928
3159,25886720,6471680,3707,19256.4,34.63,,-0.0451,0.027,2.2023,0.04467,0.5225
3160,25894912,6473728,3707,19259.0,34.63,,-0.0469,0.0279,2.2046,0.04915,0.5249
3161,25903104,6475776,3707,19261.7,34.63,,-0.0428,0.0233,2.3456,0.0407,0.5133
3162,25911296,6477824,3709,19264.3,34.54,,-0.0413,0.0227,2.3075,0.04335,0.4891
3163,25919488,6479872,3709,19266.9,34.54,,-0.0389,0.0258,2.3112,0.04259,0.4862
3164,25927680,6481920,3710,19269.6,34.62,,-0.0444,0.0326,2.1897,0.0434,0.5229
3165,25935872,6483968,3711,19272.2,34.63,,-0.0442,0.0256,2.2372,0.04377,0.5294
3166,25944064,6486016,3712,19274.9,34.72,,-0.045,0.029,2.2782,0.04144,0.519
3167,25952256,6488064,3712,19277.5,34.72,,-0.0426,0.0298,2.3449,0.04602,0.4889
3168,25960448,6490112,3713,19280.2,34.72,,-0.0439,0.026,2.3327,0.04215,0.5126
3169,25968640,6492160,3714,19282.8,34.76,,-0.0392,0.0291,2.2918,0.03473,0.4882
3170,25976832,6494208,3714,19285.4,34.76,,-0.0459,0.0275,2.2476,0.03755,0.5161
3171,25985024,6496256,3716,19288.1,34.74,,-0.042,0.0515,2.2538,0.04168,0.5117
3172,25993216,6498304,3718,19290.8,34.87,,-0.0408,0.0377,2.3163,0.03996,0.4774
3173,26001408,6500352,3721,19293.4,35.52,,-0.0433,0.0194,2.3313,0.03755,0.494
3174,26009600,6502400,3722,19296.0,35.45,,-0.0372,0.0397,2.22,0.03241,0.4915
3175,26017792,6504448,3723,19298.7,35.78,,-0.044,0.0269,2.2732,0.03131,0.4833
3176,26025984,6506496,3723,19301.3,35.78,,-0.0435,0.0223,2.3596,0.04023,0.5186
3177,26034176,6508544,3725,19304.0,35.92,,-0.0447,0.0238,2.3381,0.03866,0.5071
3178,26042368,6510592,3725,19306.6,35.92,,-0.0423,0.0223,2.3438,0.04177,0.4966
3179,26050560,6512640,3725,19309.3,35.92,,-0.0442,0.0305,2.302,0.03717,0.5208
3180,26058752,6514688,3727,19311.9,35.77,,-0.0411,0.0321,2.3289,0.03676,0.4841
3181,26066944,6516736,3727,19314.5,35.77,,-0.0455,0.0229,2.3768,0.0354,0.5045
3182,26075136,6518784,3729,19317.2,35.94,,-0.0449,0.0308,2.3322,0.03922,0.5033
3183,26083328,6520832,3729,19319.9,35.94,,-0.0409,0.0226,2.3629,0.03797,0.4877
3184,26091520,6522880,3730,19322.5,35.93,,-0.0444,0.0211,2.3945,0.03616,0.5088
3185,26099712,6524928,3731,19325.1,35.93,,-0.0376,0.0274,2.3443,0.03308,0.4811
3186,26107904,6526976,3732,19327.8,35.94,,-0.0445,0.0221,2.3043,0.0348,0.5011
3187,26116096,6529024,3733,19330.4,36.17,,-0.0446,0.0303,2.278,0.03622,0.5199
3188,26124288,6531072,3734,19333.1,36.02,,-0.0438,0.0272,2.2823,0.03858,0.5109
3189,26132480,6533120,3735,19335.7,35.93,,-0.0445,0.0228,2.3533,0.03649,0.5342
3190,26140672,6535168,3738,19338.4,35.77,,-0.0399,0.034,2.3311,0.03681,0.4725
3191,26148864,6537216,3738,19341.0,35.77,,-0.0446,0.0215,2.3115,0.03531,0.4979
3192,26157056,6539264,3738,19343.6,35.77,,-0.0427,0.0303,2.2784,0.03761,0.4823
3193,26165248,6541312,3739,19346.3,35.77,,-0.0453,0.0294,2.2553,0.03871,0.509
3194,26173440,6543360,3740,19349.0,35.96,,-0.0435,0.0278,2.2971,0.04119,0.5088
3195,26181632,6545408,3742,19351.6,36.02,,-0.0355,0.0394,2.3521,0.04144,0.4756
3196,26189824,6547456,3742,19354.2,36.02,,-0.0404,0.0182,2.3121,0.03466,0.4895
3197,26198016,6549504,3742,19356.9,36.02,,-0.0441,0.0233,2.2608,0.04265,0.4969
3198,26206208,6551552,3742,19359.5,36.02,,-0.0439,0.0313,2.2808,0.07017,0.5078
3199,26214400,6553600,3743,19362.2,35.84,,-0.0429,0.042,2.2944,0.03991,0.4993
3200,26222592,6555648,3743,19542.2,35.84,1858.47998046875,-0.0413,0.033,2.3599,0.03333,0.4847
