method,task,task_name,phase,iter,frames_total,raw,normalized
finetune,0,"biggrid50-goal(40,31)",task1,10,10240,0.7867346405982971,0.3698490472794748
finetune,0,"biggrid50-goal(40,31)",task1,20,20480,0.8285714387893677,0.49346733349735816
finetune,0,"biggrid50-goal(40,31)",task1,30,30720,0.8285714387893677,0.49346733349735816
finetune,0,"biggrid50-goal(40,31)",task1,40,40960,0.8285714387893677,0.49346733349735816
finetune,0,"biggrid50-goal(40,31)",task1,50,51200,0.8346937298774719,0.511557320417055
finetune,0,"biggrid50-goal(40,31)",task1,60,61440,0.8285714387893677,0.49346733349735816
finetune,0,"biggrid50-goal(40,31)",task1,70,71680,0.8285714387893677,0.49346733349735816
finetune,0,"biggrid50-goal(40,31)",task1,80,81920,0.8306121826171875,0.499497270431171
finetune,0,"biggrid50-goal(40,31)",task1,90,92160,0.8295917510986328,0.4964821258460061
finetune,0,"biggrid50-goal(40,31)",task1,100,102400,0.8428570032119751,0.5356779487435988
finetune,0,"biggrid50-goal(40,31)",task1,110,112640,0.8530610799789429,0.5658286901222137
finetune,0,"biggrid50-goal(40,31)",task1,120,122880,0.8663264513015747,0.6050248652563234
finetune,0,"biggrid50-goal(40,31)",task1,130,133120,0.8326530456542969,0.5055275596015008
finetune,0,"biggrid50-goal(40,31)",task1,140,143360,0.8530610799789429,0.5658286901222137
finetune,0,"biggrid50-goal(40,31)",task1,150,153600,0.9193876385688782,0.7618086852014696
finetune,0,"biggrid50-goal(40,31)",task1,160,163840,0.9438773989677429,0.8341703940628422
finetune,0,"biggrid50-goal(40,31)",task1,170,174080,0.9632651209831238,0.8914567322349073
finetune,0,"biggrid50-goal(40,31)",task1,180,184320,0.95714271068573,0.8733663930786933
finetune,0,"biggrid50-goal(40,31)",task1,190,194560,0.9530611038208008,0.8613061669745508
finetune,0,"biggrid50-goal(40,31)",task1,200,204800,0.9530611038208008,0.8613061669745508
finetune,0,"biggrid50-goal(40,31)",task1,210,215040,0.9122447967529297,0.7407032014600908
finetune,0,"biggrid50-goal(40,31)",task1,220,225280,0.8704080581665039,0.617085091360466
finetune,0,"biggrid50-goal(40,31)",task1,230,235520,0.8918366432189941,0.6804017187028608
finetune,0,"biggrid50-goal(40,31)",task1,240,245760,0.9602039456367493,0.8824116507159295
finetune,0,"biggrid50-goal(40,31)",task1,250,256000,0.9489794969558716,0.8492459408704082
finetune,1,"biggrid50-goal(9,31)",finetune,10,266240,0.8948979377746582,0.5573065927756409
finetune,1,"biggrid50-goal(9,31)",finetune,20,276480,0.9030610918998718,0.5916900714331801
finetune,1,"biggrid50-goal(9,31)",finetune,30,286720,0.8775509595870972,0.4842405394908519
finetune,1,"biggrid50-goal(9,31)",finetune,40,296960,0.8775509595870972,0.4842405394908519
finetune,1,"biggrid50-goal(9,31)",finetune,50,307200,0.9102039337158203,0.6217759604615729
finetune,1,"biggrid50-goal(9,31)",finetune,60,317440,0.9102039337158203,0.6217759604615729
finetune,1,"biggrid50-goal(9,31)",finetune,70,327680,0.8908162117004395,0.5401142258049696
finetune,1,"biggrid50-goal(9,31)",finetune,80,337920,0.8887754678726196,0.5315185444331553
finetune,1,"biggrid50-goal(9,31)",finetune,90,348160,0.8897957801818848,0.5358161340623018
finetune,1,"biggrid50-goal(9,31)",finetune,100,358400,0.8948979377746582,0.5573065927756409
finetune,1,"biggrid50-goal(9,31)",finetune,110,368640,0.9153060913085938,0.643266419174912
finetune,1,"biggrid50-goal(9,31)",finetune,120,378880,0.9275509119033813,0.6948420137463619
finetune,1,"biggrid50-goal(9,31)",finetune,130,389120,0.9051019549369812,0.6002862549185157
finetune,1,"biggrid50-goal(9,31)",finetune,140,399360,0.9653061032295227,0.8538681444871826
finetune,1,"biggrid50-goal(9,31)",finetune,150,409600,0.9673468470573425,0.862463825858997
finetune,2,"biggrid50-goal(15,31)",finetune,10,419840,0.8265305757522583,0.24444451367411466
finetune,2,"biggrid50-goal(15,31)",finetune,20,430080,0.8469387888908386,0.33333359294459664
finetune,2,"biggrid50-goal(15,31)",finetune,30,440320,0.8959182500839233,0.5466662928264475
finetune,2,"biggrid50-goal(15,31)",finetune,40,450560,0.8510204553604126,0.35111151264319834
finetune,2,"biggrid50-goal(15,31)",finetune,50,460800,0.8989795446395874,0.5599999273088463
finetune,2,"biggrid50-goal(15,31)",finetune,60,471040,0.8989795446395874,0.5599999273088463
finetune,2,"biggrid50-goal(15,31)",finetune,70,481280,0.8561223745346069,0.3733331983354764
finetune,2,"biggrid50-goal(15,31)",finetune,80,491520,0.8295918703079224,0.2577781481565134
finetune,2,"biggrid50-goal(15,31)",finetune,90,501760,0.8214285969734192,0.22222256837057328
finetune,2,"biggrid50-goal(15,31)",finetune,100,512000,0.9999998807907104,0.9999994807774735
finetune,2,"biggrid50-goal(15,31)",finetune,110,522240,0.8846938014030457,0.49777759778063524
finetune,2,"biggrid50-goal(15,31)",finetune,120,532480,0.960204005241394,0.8266663862865024
finetune,2,"biggrid50-goal(15,31)",finetune,130,542720,0.9999998807907104,0.9999994807774735
finetune,2,"biggrid50-goal(15,31)",finetune,140,552960,1.0,1.0
finetune,2,"biggrid50-goal(15,31)",finetune,150,563200,0.9979591369628906,0.9911109103450675
finetune,3,"biggrid50-goal(9,24)",finetune,10,573440,0.9346936941146851,0.7217383574898857
finetune,3,"biggrid50-goal(9,24)",finetune,20,583680,0.9693877100944519,0.8695650296761152
finetune,3,"biggrid50-goal(9,24)",finetune,30,593920,0.9693876504898071,0.8695647757085061
finetune,3,"biggrid50-goal(9,24)",finetune,40,604160,0.9663263559341431,0.8565209993117477
finetune,3,"biggrid50-goal(9,24)",finetune,50,614400,0.9285712242126465,0.695651312631587
finetune,3,"biggrid50-goal(9,24)",finetune,60,624640,0.8989794850349426,0.5695647757085062
finetune,3,"biggrid50-goal(9,24)",finetune,70,634880,0.9510202407836914,0.7913036411336098
finetune,3,"biggrid50-goal(9,24)",finetune,80,645120,0.9479590654373169,0.7782603726720694
finetune,3,"biggrid50-goal(9,24)",finetune,90,655360,0.9132653474807739,0.6304349703238848
finetune,3,"biggrid50-goal(9,24)",finetune,100,665600,0.9214285016059875,0.665217104210529
finetune,3,"biggrid50-goal(9,24)",finetune,110,675840,0.95714271068573,0.8173906859919086
finetune,3,"biggrid50-goal(9,24)",finetune,120,686080,0.9510202407836914,0.7913036411336098
finetune,3,"biggrid50-goal(9,24)",finetune,130,696320,0.9622448086738586,0.8391300593522302
finetune,3,"biggrid50-goal(9,24)",finetune,140,706560,0.9581630825996399,0.8217383574898858
finetune,3,"biggrid50-goal(9,24)",finetune,150,716800,0.9571426510810852,0.8173904320242996
finetune,4,"biggrid50-goal(21,17)",finetune,10,727040,0.7816325426101685,0.21419789629019528
finetune,4,"biggrid50-goal(21,17)",finetune,20,737280,0.7948979139328003,0.26193374858437146
finetune,4,"biggrid50-goal(21,17)",finetune,30,747520,0.8030611872673035,0.29130954219431004
finetune,4,"biggrid50-goal(21,17)",finetune,40,757760,0.7775510549545288,0.19951053570815747
finetune,4,"biggrid50-goal(21,17)",finetune,50,768000,0.7806122303009033,0.2105262706338584
finetune,4,"biggrid50-goal(21,17)",finetune,60,778240,0.781632661819458,0.21419832526854043
finetune,4,"biggrid50-goal(21,17)",finetune,70,788480,0.8061224222183228,0.3023254916091836
finetune,4,"biggrid50-goal(21,17)",finetune,80,798720,0.810204029083252,0.31701328116956656
finetune,4,"biggrid50-goal(21,17)",finetune,90,808960,0.7867345809936523,0.23255774048526032
finetune,4,"biggrid50-goal(21,17)",finetune,100,819200,0.8010203242301941,0.28396543292494597
finetune,4,"biggrid50-goal(21,17)",finetune,110,829440,0.8112244606018066,0.32068533580424863
finetune,4,"biggrid50-goal(21,17)",finetune,120,839680,0.7806121706962585,0.2105260561446858
finetune,4,"biggrid50-goal(21,17)",finetune,130,849920,0.7571428418159485,0.12607094443872474
finetune,4,"biggrid50-goal(21,17)",finetune,140,860160,0.7836734056472778,0.22154200555955936
finetune,4,"biggrid50-goal(21,17)",finetune,150,870400,0.8632652163505554,0.5079556179004084
finetune,4,"biggrid50-goal(21,17)",finetune,160,880640,0.7683672904968262,0.16646247297436426
finetune,4,"biggrid50-goal(21,17)",finetune,170,890880,0.7897958159446716,0.24357368990013384
finetune,4,"biggrid50-goal(21,17)",finetune,180,901120,0.8081631660461426,0.3096691719002025
finetune,4,"biggrid50-goal(21,17)",finetune,190,911360,0.8040815591812134,0.29498138233981946
finetune,4,"biggrid50-goal(21,17)",finetune,200,921600,0.827551007270813,0.37943692302412574
finetune,4,"biggrid50-goal(21,17)",finetune,210,931840,0.8316326141357422,0.3941247125845087
finetune,4,"biggrid50-goal(21,17)",finetune,220,942080,0.8795917630195618,0.5667072051202855
finetune,4,"biggrid50-goal(21,17)",finetune,230,952320,0.8295917510986328,0.38678060331514463
finetune,4,"biggrid50-goal(21,17)",finetune,240,962560,0.8295917510986328,0.38678060331514463
finetune,4,"biggrid50-goal(21,17)",finetune,250,972800,0.8071428537368774,0.3059975462438656
finetune,4,"biggrid50-goal(21,17)",finetune,260,983040,0.8132652044296265,0.3280290160952675
finetune,4,"biggrid50-goal(21,17)",finetune,270,993280,0.837755024433136,0.4161563969250832
finetune,4,"biggrid50-goal(21,17)",finetune,280,1003520,0.8448978662490845,0.44186013590033973
finetune,4,"biggrid50-goal(21,17)",finetune,290,1013760,0.8357142210006714,0.40881250214489173
finetune,4,"biggrid50-goal(21,17)",finetune,300,1024000,0.8357142210006714,0.40881250214489173
finetune,4,"biggrid50-goal(21,17)",finetune,310,1034240,0.8071428537368774,0.3059975462438656
finetune,4,"biggrid50-goal(21,17)",finetune,320,1044480,0.810204029083252,0.31701328116956656
finetune,4,"biggrid50-goal(21,17)",finetune,330,1054720,0.8275508880615234,0.37943649404578056
finetune,4,"biggrid50-goal(21,17)",finetune,340,1064960,0.8418366312980652,0.43084418648546624
finetune,4,"biggrid50-goal(21,17)",finetune,350,1075200,0.8163264393806458,0.33904496551014107
finetune,4,"biggrid50-goal(21,17)",finetune,360,1085440,0.7969387769699097,0.26927785785373554
finetune,4,"biggrid50-goal(21,17)",finetune,370,1095680,0.7704081535339355,0.17380658224372833
finetune,4,"biggrid50-goal(21,17)",finetune,380,1105920,0.7704081535339355,0.17380658224372833
finetune,4,"biggrid50-goal(21,17)",finetune,390,1116160,0.7897959351539612,0.24357411887847902
finetune,4,"biggrid50-goal(21,17)",finetune,400,1126400,0.795918345451355,0.2656058032190535
finetune,4,"biggrid50-goal(21,17)",finetune,410,1136640,0.795918345451355,0.2656058032190535
finetune,4,"biggrid50-goal(21,17)",finetune,420,1146880,0.7826530337333679,0.2178701654140499
finetune,4,"biggrid50-goal(21,17)",finetune,430,1157120,0.7867347002029419,0.23255816946360547
finetune,4,"biggrid50-goal(21,17)",finetune,440,1167360,0.7948979139328003,0.26193374858437146
finetune,4,"biggrid50-goal(21,17)",finetune,450,1177600,0.8081631660461426,0.3096691719002025
finetune,4,"biggrid50-goal(21,17)",finetune,460,1187840,0.8142856359481812,0.33170107072994953
finetune,4,"biggrid50-goal(21,17)",finetune,470,1198080,0.823469340801239,0.3647489189745702
finetune,4,"biggrid50-goal(21,17)",finetune,480,1208320,0.8489794731140137,0.45654792546072276
finetune,4,"biggrid50-goal(21,17)",finetune,490,1218560,0.7948979139328003,0.26193374858437146
finetune,4,"biggrid50-goal(21,17)",finetune,500,1228800,0.820408046245575,0.35373275507052404
finetune,5,"biggrid50-goal(27,3)",finetune,10,1239040,0.7744897603988647,0.3269034456526651
finetune,5,"biggrid50-goal(27,3)",finetune,20,1249280,0.7938774824142456,0.38477136734118045
finetune,5,"biggrid50-goal(27,3)",finetune,30,1259520,0.7846938371658325,0.3573602839953047
finetune,5,"biggrid50-goal(27,3)",finetune,40,1269760,0.8051019906997681,0.4182739606805839
finetune,5,"biggrid50-goal(27,3)",finetune,50,1280000,0.820408046245575,0.46395904028829354
finetune,5,"biggrid50-goal(27,3)",finetune,60,1290240,0.8438774347305298,0.5340098040576146
finetune,5,"biggrid50-goal(27,3)",finetune,70,1300480,0.7806122303009033,0.3451776198207488
finetune,5,"biggrid50-goal(27,3)",finetune,80,1310720,0.7948979139328003,0.3878171223379443
finetune,5,"biggrid50-goal(27,3)",finetune,90,1320960,0.9326530694961548,0.7989847957760786
finetune,5,"biggrid50-goal(27,3)",finetune,100,1331200,0.896938681602478,0.6923855057643404
finetune,5,"biggrid50-goal(27,3)",finetune,110,1341440,0.7836734056472778,0.3543145289985408
finetune,5,"biggrid50-goal(27,3)",finetune,120,1351680,0.8520406484603882,0.5583751324067264
finetune,5,"biggrid50-goal(27,3)",finetune,130,1361920,0.8357141613960266,0.509644297802253
finetune,5,"biggrid50-goal(27,3)",finetune,140,1372160,0.8448979258537292,0.5370557369606282
finetune,5,"biggrid50-goal(27,3)",finetune,150,1382400,0.8285713195800781,0.48832454654365515
finetune,5,"biggrid50-goal(27,3)",finetune,160,1392640,0.8255102038383484,0.47918781527211296
finetune,5,"biggrid50-goal(27,3)",finetune,170,1402880,0.8775509595870972,0.634517584075825
finetune,5,"biggrid50-goal(27,3)",finetune,180,1413120,0.8153060674667358,0.44873079902322355
finetune,5,"biggrid50-goal(27,3)",finetune,190,1423360,0.8704080581665039,0.6131976549109774
finetune,5,"biggrid50-goal(27,3)",finetune,200,1433600,0.833673357963562,0.503552965714975
finetune,5,"biggrid50-goal(27,3)",finetune,210,1443840,0.8642855882644653,0.5949234807428938
finetune,5,"biggrid50-goal(27,3)",finetune,220,1454080,0.8326529264450073,0.5005072107182111
finetune,5,"biggrid50-goal(27,3)",finetune,230,1464320,0.8663264513015747,0.6010149907364216
finetune,5,"biggrid50-goal(27,3)",finetune,240,1474560,0.7877549529075623,0.3664970152668469
finetune,5,"biggrid50-goal(27,3)",finetune,250,1484800,0.8387754559516907,0.5187815627925446
finetune,5,"biggrid50-goal(27,3)",finetune,260,1495040,0.8540815114974976,0.5644666424002542
finetune,5,"biggrid50-goal(27,3)",finetune,270,1505280,0.8285713195800781,0.48832454654365515
finetune,5,"biggrid50-goal(27,3)",finetune,280,1515520,0.8387754559516907,0.5187815627925446
finetune,5,"biggrid50-goal(27,3)",finetune,290,1525760,0.8602040410041809,0.5827409944745877
finetune,5,"biggrid50-goal(27,3)",finetune,300,1536000,0.8581632375717163,0.5766496623873097
finetune,5,"biggrid50-goal(27,3)",finetune,310,1546240,0.8561223745346069,0.5705581523937819
finetune,5,"biggrid50-goal(27,3)",finetune,320,1556480,0.8693877458572388,0.6101522557267133
finetune,5,"biggrid50-goal(27,3)",finetune,330,1566720,0.8693877458572388,0.6101522557267133
finetune,5,"biggrid50-goal(27,3)",finetune,340,1576960,0.8806120753288269,0.6436543153473673
finetune,5,"biggrid50-goal(27,3)",finetune,350,1587200,0.8887754678726196,0.6680201774152286
finetune,5,"biggrid50-goal(27,3)",finetune,360,1597440,0.8918366432189941,0.6771570865930205
finetune,5,"biggrid50-goal(27,3)",finetune,370,1607680,0.8428570628166199,0.5309642269671005
finetune,5,"biggrid50-goal(27,3)",finetune,380,1617920,0.8520406484603882,0.5583751324067264
finetune,5,"biggrid50-goal(27,3)",finetune,390,1628160,0.873469352722168,0.6223349199012691
finetune,5,"biggrid50-goal(27,3)",finetune,400,1638400,0.8806121945381165,0.643654671159867
finetune,6,"biggrid50-goal(3,31)",finetune,10,1648640,0.7775508761405945,0.23687241105309845
finetune,6,"biggrid50-goal(3,31)",finetune,20,1658880,0.9551017880439758,0.8459734808410261
finetune,6,"biggrid50-goal(3,31)",finetune,30,1669120,0.9999998211860657,0.9999993865660417
finetune,6,"biggrid50-goal(3,31)",finetune,40,1679360,0.9999998807907104,0.9999995910440278
finetune,6,"biggrid50-goal(3,31)",finetune,50,1689600,0.9999998807907104,0.9999995910440278
finetune,6,"biggrid50-goal(3,31)",finetune,60,1699840,0.9999998807907104,0.9999995910440278
finetune,6,"biggrid50-goal(3,31)",finetune,70,1710080,0.9428569674491882,0.8039667502436355
finetune,6,"biggrid50-goal(3,31)",finetune,80,1720320,0.9357141256332397,0.7794627218228313
finetune,6,"biggrid50-goal(3,31)",finetune,90,1730560,0.9397957921028137,0.793465169833281
finetune,6,"biggrid50-goal(3,31)",finetune,100,1740800,0.9316325187683105,0.7654604782903678
finetune,6,"biggrid50-goal(3,31)",finetune,110,1751040,0.9999998807907104,0.9999995910440278
finetune,6,"biggrid50-goal(3,31)",finetune,120,1761280,0.9999998807907104,0.9999995910440278
finetune,6,"biggrid50-goal(3,31)",finetune,130,1771520,0.9999998807907104,0.9999995910440278
finetune,6,"biggrid50-goal(3,31)",finetune,140,1781760,0.9999998807907104,0.9999995910440278
finetune,6,"biggrid50-goal(3,31)",finetune,150,1792000,0.9999998807907104,0.9999995910440278
finetune,7,"biggrid50-goal(33,10)",finetune,10,1802240,0.8846938014030457,0.5291663604064151
finetune,7,"biggrid50-goal(33,10)",finetune,20,1812480,0.9387754201889038,0.7499996349215544
finetune,7,"biggrid50-goal(33,10)",finetune,30,1822720,0.9418365359306335,0.7624991907427788
finetune,7,"biggrid50-goal(33,10)",finetune,40,1832960,0.9530611038208008,0.8083328425056453
finetune,7,"biggrid50-goal(33,10)",finetune,50,1843200,0.9234693646430969,0.6874999087303886
finetune,7,"biggrid50-goal(33,10)",finetune,60,1853440,0.9438773989677429,0.7708327147281894
finetune,7,"biggrid50-goal(33,10)",finetune,70,1863680,0.9275509119033813,0.7041662265443184
finetune,7,"biggrid50-goal(33,10)",finetune,80,1873920,0.9091835021972656,0.6291659709894064
finetune,7,"biggrid50-goal(33,10)",finetune,90,1884160,0.9183672070503235,0.6666660987668623
finetune,7,"biggrid50-goal(33,10)",finetune,100,1894400,0.9234692454338074,0.6874994219591277
finetune,7,"biggrid50-goal(33,10)",finetune,110,1904640,0.9142856597900391,0.6499997809529326
finetune,7,"biggrid50-goal(33,10)",finetune,120,1914880,0.896938681602478,0.579166287390726
finetune,7,"biggrid50-goal(33,10)",finetune,130,1925120,0.901020348072052,0.5958330919759165
finetune,7,"biggrid50-goal(33,10)",finetune,140,1935360,0.8938775062561035,0.566666488183871
finetune,7,"biggrid50-goal(33,10)",finetune,150,1945600,0.8602040410041809,0.4291665064377933
finetune,8,"biggrid50-goal(27,45)",finetune,10,1955840,0.7795917987823486,0.38049705505259895
finetune,8,"biggrid50-goal(27,45)",finetune,20,1966080,0.7908163070678711,0.4120458626743309
finetune,8,"biggrid50-goal(27,45)",finetune,30,1976320,0.7908163070678711,0.4120458626743309
finetune,8,"biggrid50-goal(27,45)",finetune,40,1986560,0.8295918703079224,0.5210326221800937
finetune,8,"biggrid50-goal(27,45)",finetune,50,1996800,0.8408163189888,0.5525812622706142
finetune,8,"biggrid50-goal(27,45)",finetune,60,2007040,0.833673357963562,0.5325044894176397
finetune,8,"biggrid50-goal(27,45)",finetune,70,2017280,0.791836678981781,0.4149138294837174
finetune,8,"biggrid50-goal(27,45)",finetune,80,2027520,0.7948979139328003,0.4235180649742999
finetune,8,"biggrid50-goal(27,45)",finetune,90,2037760,0.8153060674667358,0.48087941153656777
finetune,8,"biggrid50-goal(27,45)",finetune,100,2048000,0.8153060674667358,0.48087941153656777
finetune,8,"biggrid50-goal(27,45)",finetune,110,2058240,0.7989795207977295,0.43499026727426887
finetune,8,"biggrid50-goal(27,45)",finetune,120,2068480,0.7897958755493164,0.4091777283337329
finetune,8,"biggrid50-goal(27,45)",finetune,130,2078720,0.7897958755493164,0.4091777283337329
finetune,8,"biggrid50-goal(27,45)",finetune,140,2088960,0.795918345451355,0.42638619931489785
finetune,8,"biggrid50-goal(27,45)",finetune,150,2099200,0.8051020503044128,0.4521989057866453
finetune,8,"biggrid50-goal(27,45)",finetune,160,2109440,0.7857142686843872,0.3977055260337639
finetune,8,"biggrid50-goal(27,45)",finetune,170,2119680,0.7979591488838196,0.43212230046488237
finetune,8,"biggrid50-goal(27,45)",finetune,180,2129920,0.7857142686843872,0.3977055260337639
finetune,8,"biggrid50-goal(27,45)",finetune,190,2140160,0.8285714387893677,0.5181644878394958
finetune,8,"biggrid50-goal(27,45)",finetune,200,2150400,0.8255102038383484,0.5095602523489132
finetune,8,"biggrid50-goal(27,45)",finetune,210,2160640,0.8255102038383484,0.5095602523489132
finetune,8,"biggrid50-goal(27,45)",finetune,220,2170880,0.8316326141357422,0.5267685557988667
finetune,8,"biggrid50-goal(27,45)",finetune,230,2181120,0.8387754559516907,0.5468449935894182
finetune,8,"biggrid50-goal(27,45)",finetune,240,2191360,0.8102041482925415,0.4665394099584238
finetune,8,"biggrid50-goal(27,45)",finetune,250,2201600,0.8387754559516907,0.5468449935894182
finetune,8,"biggrid50-goal(27,45)",finetune,260,2211840,0.8500000238418579,0.5783939687423616
finetune,8,"biggrid50-goal(27,45)",finetune,270,2222080,0.8561223745346069,0.5956021046611036
finetune,8,"biggrid50-goal(27,45)",finetune,280,2232320,0.8551019430160522,0.5927339703205057
finetune,8,"biggrid50-goal(27,45)",finetune,290,2242560,0.7989795207977295,0.43499026727426887
finetune,8,"biggrid50-goal(27,45)",finetune,300,2252800,0.791836678981781,0.4149138294837174
finetune,8,"biggrid50-goal(27,45)",finetune,310,2263040,0.8020407557487488,0.44359450276485135
finetune,8,"biggrid50-goal(27,45)",finetune,320,2273280,0.8173469305038452,0.48661568021776375
finetune,8,"biggrid50-goal(27,45)",finetune,330,2283520,0.8204081654548645,0.4952199157083463
finetune,8,"biggrid50-goal(27,45)",finetune,340,2293760,0.8183673024177551,0.48948364702715025
finetune,8,"biggrid50-goal(27,45)",finetune,350,2304000,0.8051020503044128,0.4521989057866453
finetune,8,"biggrid50-goal(27,45)",finetune,360,2314240,0.8428570628166199,0.5583171958893872
finetune,8,"biggrid50-goal(27,45)",finetune,370,2324480,0.8183673024177551,0.48948364702715025
finetune,8,"biggrid50-goal(27,45)",finetune,380,2334720,0.8183673024177551,0.48948364702715025
finetune,8,"biggrid50-goal(27,45)",finetune,390,2344960,0.8214284777641296,0.49808771498652127
finetune,8,"biggrid50-goal(27,45)",finetune,400,2355200,0.873469352722168,0.6443593832640006
finetune,8,"biggrid50-goal(27,45)",finetune,410,2365440,0.876530647277832,0.6529637862857945
finetune,8,"biggrid50-goal(27,45)",finetune,420,2375680,0.8785713911056519,0.6586997199045675
finetune,8,"biggrid50-goal(27,45)",finetune,430,2385920,0.8214285969734192,0.49808805004894424
finetune,8,"biggrid50-goal(27,45)",finetune,440,2396160,0.8214285969734192,0.49808805004894424
finetune,8,"biggrid50-goal(27,45)",finetune,450,2406400,0.8214284777641296,0.49808771498652127
finetune,8,"biggrid50-goal(27,45)",finetune,460,2416640,0.8183673024177551,0.48948364702715025
finetune,8,"biggrid50-goal(27,45)",finetune,470,2426880,0.8367346525192261,0.5411088924394337
finetune,8,"biggrid50-goal(27,45)",finetune,480,2437120,0.8602040410041809,0.6070744744922841
finetune,8,"biggrid50-goal(27,45)",finetune,490,2447360,0.8602040410041809,0.6070744744922841
finetune,8,"biggrid50-goal(27,45)",finetune,500,2457600,0.8397958874702454,0.5497131279300161
finetune,9,"biggrid50-goal(21,45)",finetune,10,2467840,0.9765304327011108,0.910272411331243
finetune,9,"biggrid50-goal(21,45)",finetune,20,2478080,0.9459182024002075,0.7932373772510571
finetune,9,"biggrid50-goal(21,45)",finetune,30,2488320,0.9826528429985046,0.933679281420915
finetune,9,"biggrid50-goal(21,45)",finetune,40,2498560,0.9357141256332397,0.7542256992243286
finetune,9,"biggrid50-goal(21,45)",finetune,50,2508800,0.9704080820083618,0.8868657691188464
finetune,9,"biggrid50-goal(21,45)",finetune,60,2519040,0.9346938133239746,0.7503248960252962
finetune,9,"biggrid50-goal(21,45)",finetune,70,2529280,0.9734692573547363,0.8985690902250447
finetune,9,"biggrid50-goal(21,45)",finetune,80,2539520,0.9806120991706848,0.9258772192682997
finetune,9,"biggrid50-goal(21,45)",finetune,90,2549760,0.9183672070503235,0.687905892154345
finetune,9,"biggrid50-goal(21,45)",finetune,100,2560000,0.9826529622077942,0.9336797371754657
finetune,9,"biggrid50-goal(21,45)",finetune,110,2570240,0.9714285135269165,0.8907670280724295
finetune,9,"biggrid50-goal(21,45)",finetune,120,2580480,0.9622448086738586,0.8556563811220085
finetune,9,"biggrid50-goal(21,45)",finetune,130,2590720,0.9857140779495239,0.9453828304043888
finetune,9,"biggrid50-goal(21,45)",finetune,140,2600960,0.9836732745170593,0.9375805403744981
finetune,9,"biggrid50-goal(21,45)",finetune,150,2611200,0.9724487066268921,0.8946673755169111
finetune,10,"biggrid50-goal(33,3)",finetune,10,2621440,0.8367345929145813,0.34065905233514965
finetune,10,"biggrid50-goal(33,3)",finetune,20,2631680,0.8918366432189941,0.5631865228787402
finetune,10,"biggrid50-goal(33,3)",finetune,30,2641920,0.9102040529251099,0.6373625871042922
finetune,10,"biggrid50-goal(33,3)",finetune,40,2652160,0.9999998807907104,0.9999995185779563
finetune,10,"biggrid50-goal(33,3)",finetune,50,2662400,0.9428569674491882,0.769230102646401
finetune,10,"biggrid50-goal(33,3)",finetune,60,2672640,0.9489795565605164,0.7939559388102954
finetune,10,"biggrid50-goal(33,3)",finetune,70,2682880,0.9887754321098328,0.9546700224992593
finetune,10,"biggrid50-goal(33,3)",finetune,80,2693120,0.9367345571517944,0.7445049886155722
finetune,10,"biggrid50-goal(33,3)",finetune,90,2703360,0.9469386339187622,0.7857137527113087
finetune,10,"biggrid50-goal(33,3)",finetune,100,2713600,0.9999998807907104,0.9999995185779563
finetune,10,"biggrid50-goal(33,3)",finetune,110,2723840,0.9999998807907104,0.9999995185779563
finetune,10,"biggrid50-goal(33,3)",finetune,120,2734080,0.9040816426277161,0.6126374730734633
finetune,10,"biggrid50-goal(33,3)",finetune,130,2744320,0.9295917749404907,0.7156591426017829
finetune,10,"biggrid50-goal(33,3)",finetune,140,2754560,0.9551019668579102,0.8186810528411242
finetune,10,"biggrid50-goal(33,3)",finetune,150,2764800,0.9275509715080261,0.7074174379248399
finetune,11,"biggrid50-goal(21,24)",finetune,10,2775040,0.8530611991882324,0.2894733732364184
finetune,11,"biggrid50-goal(21,24)",finetune,20,2785280,0.8724489212036133,0.38322323813333803
finetune,11,"biggrid50-goal(21,24)",finetune,30,2795520,0.8938775062561035,0.48684175257301116
finetune,11,"biggrid50-goal(21,24)",finetune,40,2805760,0.8989795446395874,0.5115127999900853
finetune,11,"biggrid50-goal(21,24)",finetune,50,2816000,0.8979591131210327,0.5065784752187085
finetune,11,"biggrid50-goal(21,24)",finetune,60,2826240,0.8765305280685425,0.40295996077903534
finetune,11,"biggrid50-goal(21,24)",finetune,70,2836480,0.9397958517074585,0.7088811793266779
finetune,11,"biggrid50-goal(21,24)",finetune,80,2846720,0.928571343421936,0.654604759721153
finetune,11,"biggrid50-goal(21,24)",finetune,90,2856960,0.9030612111091614,0.5312498108556875
finetune,11,"biggrid50-goal(21,24)",finetune,100,2867200,0.8806121945381165,0.42269697164463754
finetune,11,"biggrid50-goal(21,24)",finetune,110,2877440,0.8744896650314331,0.3930913112362818
finetune,11,"biggrid50-goal(21,24)",finetune,120,2887680,0.8632652163505554,0.33881517985066173
finetune,11,"biggrid50-goal(21,24)",finetune,130,2897920,0.8632652163505554,0.33881517985066173
finetune,11,"biggrid50-goal(21,24)",finetune,140,2908160,0.8448979258537292,0.2499996397251189
finetune,11,"biggrid50-goal(21,24)",finetune,150,2918400,0.8438774943351746,0.24506531495374215
finetune,11,"biggrid50-goal(21,24)",finetune,160,2928640,0.8908162117004395,0.47203877825888085
finetune,11,"biggrid50-goal(21,24)",finetune,170,2938880,0.8908162117004395,0.47203877825888085
finetune,11,"biggrid50-goal(21,24)",finetune,180,2949120,0.946938693523407,0.7434205880666007
finetune,11,"biggrid50-goal(21,24)",finetune,190,2959360,0.9418366551399231,0.7187495406495266
finetune,11,"biggrid50-goal(21,24)",finetune,200,2969600,0.9744898080825806,0.8766447629146296
finetune,11,"biggrid50-goal(21,24)",finetune,210,2979840,0.9816325902938843,0.9111838834346474
finetune,11,"biggrid50-goal(21,24)",finetune,220,2990080,0.9244897961616516,0.6348683252953605
finetune,11,"biggrid50-goal(21,24)",finetune,230,3000320,0.9204080700874329,0.6151310262098535
finetune,11,"biggrid50-goal(21,24)",finetune,240,3010560,0.9091835021972656,0.5608543183844237
finetune,11,"biggrid50-goal(21,24)",finetune,250,3020800,0.8806121945381165,0.42269697164463754
finetune,11,"biggrid50-goal(21,24)",finetune,260,3031040,0.893877387046814,0.4868411761332014
finetune,11,"biggrid50-goal(21,24)",finetune,270,3041280,0.8959183692932129,0.49671040211576467
finetune,11,"biggrid50-goal(21,24)",finetune,280,3051520,0.9020407795906067,0.5263154860843107
finetune,11,"biggrid50-goal(21,24)",finetune,290,3061760,0.8999999165534973,0.5164468365415571
finetune,11,"biggrid50-goal(21,24)",finetune,300,3072000,0.8928570747375488,0.48190742780163437
finetune,12,"biggrid50-goal(21,3)",finetune,10,3082240,0.8653060793876648,0.5879290974932262
finetune,12,"biggrid50-goal(21,3)",finetune,20,3092480,0.9999998807907104,0.9999996353014352
finetune,12,"biggrid50-goal(21,3)",finetune,30,3102720,0.9428569674491882,0.8251815606217454
finetune,12,"biggrid50-goal(21,3)",finetune,40,3112960,0.9397957921028137,0.8158164661766698
finetune,12,"biggrid50-goal(21,3)",finetune,50,3123200,0.9153060913085938,0.7408947988696533
finetune,12,"biggrid50-goal(21,3)",finetune,60,3133440,0.9132652282714844,0.7346511594405597
finetune,12,"biggrid50-goal(21,3)",finetune,70,3143680,0.9653059840202332,0.8938601355475155
finetune,12,"biggrid50-goal(21,3)",finetune,80,3153920,0.9510202407836914,0.8501555712902725
finetune,12,"biggrid50-goal(21,3)",finetune,90,3164160,0.9204079508781433,0.7565029856959753
finetune,12,"biggrid50-goal(21,3)",finetune,100,3174400,0.9183670878410339,0.7502593462668816
finetune,12,"biggrid50-goal(21,3)",finetune,110,3184640,0.9010202288627625,0.6971898699138455
finetune,12,"biggrid50-goal(21,3)",finetune,120,3194880,0.8520406484603882,0.5473459882519651
finetune,12,"biggrid50-goal(21,3)",finetune,130,3205120,0.8459182977676392,0.528615799361814
finetune,12,"biggrid50-goal(21,3)",finetune,140,3215360,0.8479591608047485,0.5348594387909076
finetune,12,"biggrid50-goal(21,3)",finetune,150,3225600,0.8816325068473816,0.6378767541317156
finetune,13,"biggrid50-goal(3,17)",finetune,10,3235840,0.7887754440307617,0.2333328934362231
finetune,13,"biggrid50-goal(3,17)",finetune,20,3246080,0.8642855882644653,0.5074068216791969
finetune,13,"biggrid50-goal(3,17)",finetune,30,3256320,0.8469387888908386,0.44444434829207063
finetune,13,"biggrid50-goal(3,17)",finetune,40,3266560,0.8489795923233032,0.4518517108283702
finetune,13,"biggrid50-goal(3,17)",finetune,50,3276800,0.871428370475769,0.533332482384825
finetune,13,"biggrid50-goal(3,17)",finetune,60,3287040,0.8530611991882324,0.4666664359009695
finetune,13,"biggrid50-goal(3,17)",finetune,70,3297280,0.9153059124946594,0.6925917504580519
finetune,13,"biggrid50-goal(3,17)",finetune,80,3307520,0.8295917510986328,0.38148100953358
finetune,13,"biggrid50-goal(3,17)",finetune,90,3317760,0.7785714268684387,0.196296080754725
finetune,13,"biggrid50-goal(3,17)",finetune,100,3328000,0.7693877220153809,0.16296262482711502
finetune,13,"biggrid50-goal(3,17)",finetune,110,3338240,0.7979591488838196,0.26666634936383304
finetune,13,"biggrid50-goal(3,17)",finetune,120,3348480,0.7806121706962585,0.20370322694818352
finetune,13,"biggrid50-goal(3,17)",finetune,130,3358720,0.8755100965499878,0.5481476401431065
finetune,13,"biggrid50-goal(3,17)",finetune,140,3368960,0.8785713315010071,0.5592587921189764
finetune,13,"biggrid50-goal(3,17)",finetune,150,3379200,0.8724489212036133,0.5370367045100776
finetune,13,"biggrid50-goal(3,17)",finetune,160,3389440,0.8806121945381165,0.5666663709981171
finetune,13,"biggrid50-goal(3,17)",finetune,170,3399680,0.8816326260566711,0.5703701604376875
finetune,13,"biggrid50-goal(3,17)",finetune,180,3409920,0.8714284896850586,0.5333329150705072
finetune,13,"biggrid50-goal(3,17)",finetune,190,3420160,0.8387754559516907,0.41481446546118994
finetune,13,"biggrid50-goal(3,17)",finetune,200,3430400,0.8642855882644653,0.5074068216791969
finetune,13,"biggrid50-goal(3,17)",finetune,210,3440640,0.9887754321098328,0.9592589651932494
finetune,13,"biggrid50-goal(3,17)",finetune,220,3450880,0.9785712957382202,0.922221719826069
finetune,13,"biggrid50-goal(3,17)",finetune,230,3461120,0.9836733937263489,0.9407404506810797
finetune,13,"biggrid50-goal(3,17)",finetune,240,3471360,0.9999998807907104,0.9999995673143178
finetune,13,"biggrid50-goal(3,17)",finetune,250,3481600,0.9091835021972656,0.670369662849153
finetune,14,"biggrid50-goal(15,45)",finetune,10,3491840,0.8214284777641296,0.2788457326017642
finetune,14,"biggrid50-goal(15,45)",finetune,20,3502080,0.8224489092826843,0.2829667062877104
finetune,14,"biggrid50-goal(15,45)",finetune,30,3512320,0.8224489092826843,0.2829667062877104
finetune,14,"biggrid50-goal(15,45)",finetune,40,3522560,0.820408046245575,0.27472475891581805
finetune,14,"biggrid50-goal(15,45)",finetune,50,3532800,0.8010204434394836,0.19642866599363848
finetune,14,"biggrid50-goal(15,45)",finetune,60,3543040,0.823469340801239,0.2870876799736566
finetune,14,"biggrid50-goal(15,45)",finetune,70,3553280,0.8326530456542969,0.3241757210139328
finetune,14,"biggrid50-goal(15,45)",finetune,80,3563520,0.8571428060531616,0.4230766823658433
finetune,14,"biggrid50-goal(15,45)",finetune,90,3573760,0.883673369884491,0.5302193503785663
finetune,14,"biggrid50-goal(15,45)",finetune,100,3584000,0.8928570747375488,0.5673073914188426
finetune,14,"biggrid50-goal(15,45)",finetune,110,3594240,0.8744897842407227,0.4931317907604496
finetune,14,"biggrid50-goal(15,45)",finetune,120,3604480,0.8775509595870972,0.5054942303961286
finetune,14,"biggrid50-goal(15,45)",finetune,130,3614720,0.8785713315010071,0.509614963370995
finetune,14,"biggrid50-goal(15,45)",finetune,140,3624960,0.8795918226242065,0.5137361777680209
finetune,14,"biggrid50-goal(15,45)",finetune,150,3635200,0.8683673143386841,0.4684064300669321
finetune,14,"biggrid50-goal(15,45)",finetune,160,3645440,0.8693877458572388,0.4725274037528783
finetune,14,"biggrid50-goal(15,45)",finetune,170,3655680,0.8653060793876648,0.45604374972017336
finetune,14,"biggrid50-goal(15,45)",finetune,180,3665920,0.8653060793876648,0.45604374972017336
finetune,14,"biggrid50-goal(15,45)",finetune,190,3676160,0.8653060793876648,0.45604374972017336
finetune,14,"biggrid50-goal(15,45)",finetune,200,3686400,0.8683673143386841,0.4684064300669321
finetune,15,"biggrid50-goal(3,24)",finetune,10,3696640,0.861224353313446,0.5125442543186562
finetune,15,"biggrid50-goal(3,24)",finetune,20,3706880,0.8459182977676392,0.45878104083226384
finetune,15,"biggrid50-goal(3,24)",finetune,30,3717120,0.830612063407898,0.4050171992538267
finetune,15,"biggrid50-goal(3,24)",finetune,40,3727360,0.8316326141357422,0.4086019299174896
finetune,15,"biggrid50-goal(3,24)",finetune,50,3737600,0.8428570032119751,0.44802810502536444
finetune,15,"biggrid50-goal(3,24)",finetune,60,3747840,0.8112243413925171,0.3369169473889167
finetune,15,"biggrid50-goal(3,24)",finetune,70,3758080,0.8091834783554077,0.32974832351765043
finetune,15,"biggrid50-goal(3,24)",finetune,80,3768320,0.8234692811965942,0.37992785316045447
finetune,15,"biggrid50-goal(3,24)",finetune,90,3778560,0.8489794731140137,0.4695335579111333
finetune,15,"biggrid50-goal(3,24)",finetune,100,3788800,0.8520406484603882,0.48028607499000286
finetune,15,"biggrid50-goal(3,24)",finetune,110,3799040,0.9030610918998718,0.6594976938553755
finetune,15,"biggrid50-goal(3,24)",finetune,120,3809280,0.925510048866272,0.73835067216317
finetune,15,"biggrid50-goal(3,24)",finetune,130,3819520,0.9397958517074585,0.788530201805974
finetune,15,"biggrid50-goal(3,24)",finetune,140,3829760,0.9775508642196655,0.9211463936001608
finetune,15,"biggrid50-goal(3,24)",finetune,150,3840000,0.9265304803848267,0.7419349840988031
finetune,15,"biggrid50-goal(3,24)",finetune,160,3850240,0.9469386339187622,0.8136195478993462
finetune,15,"biggrid50-goal(3,24)",finetune,170,3860480,0.9295917749404907,0.7526879199057025
finetune,15,"biggrid50-goal(3,24)",finetune,180,3870720,0.9530609846115112,0.8351245820570852
finetune,15,"biggrid50-goal(3,24)",finetune,190,3880960,0.9673467874526978,0.8853041116998892
finetune,15,"biggrid50-goal(3,24)",finetune,200,3891200,0.9765304327011108,0.9175620816645277
finetune,16,"biggrid50-goal(3,10)",finetune,10,3901440,0.6744897961616516,0.05899718585940876
finetune,16,"biggrid50-goal(3,10)",finetune,20,3911680,0.6785714030265808,0.07079651964625777
finetune,16,"biggrid50-goal(3,10)",finetune,30,3921920,0.672448992729187,0.053097518965984254
finetune,16,"biggrid50-goal(3,10)",finetune,40,3932160,0.6622449159622192,0.023599012190473827
finetune,16,"biggrid50-goal(3,10)",finetune,50,3942400,0.6673469543457031,0.03834826557822904
finetune,16,"biggrid50-goal(3,10)",finetune,60,3952640,0.6693877577781677,0.044247932471653546
finetune,16,"biggrid50-goal(3,10)",finetune,70,3962880,0.6693877577781677,0.044247932471653546
finetune,16,"biggrid50-goal(3,10)",finetune,80,3973120,0.6693877577781677,0.044247932471653546
finetune,16,"biggrid50-goal(3,10)",finetune,90,3983360,0.6693877577781677,0.044247932471653546
finetune,16,"biggrid50-goal(3,10)",finetune,100,3993600,0.6979591846466064,0.12684378590476034
finetune,16,"biggrid50-goal(3,10)",finetune,110,4003840,0.6693877577781677,0.044247932471653546
finetune,16,"biggrid50-goal(3,10)",finetune,120,4014080,0.6693877577781677,0.044247932471653546
finetune,16,"biggrid50-goal(3,10)",finetune,130,4024320,0.6734694242477417,0.05604743856689046
finetune,16,"biggrid50-goal(3,10)",finetune,140,4034560,0.6959183812141418,0.12094411901133582
finetune,16,"biggrid50-goal(3,10)",finetune,150,4044800,0.7051019668579102,0.14749253387755215
finetune,16,"biggrid50-goal(3,10)",finetune,160,4055040,0.7051019668579102,0.14749253387755215
finetune,16,"biggrid50-goal(3,10)",finetune,170,4065280,0.6948979496955872,0.11799419941042961
finetune,16,"biggrid50-goal(3,10)",finetune,180,4075520,0.6948979496955872,0.11799419941042961
finetune,16,"biggrid50-goal(3,10)",finetune,190,4085760,0.6632653474807739,0.026548931791380032
finetune,16,"biggrid50-goal(3,10)",finetune,200,4096000,0.672448992729187,0.053097518965984254
finetune,16,"biggrid50-goal(3,10)",finetune,210,4106240,0.6744898557662964,0.058997358167796665
finetune,16,"biggrid50-goal(3,10)",finetune,220,4116480,0.672448992729187,0.053097518965984254
finetune,16,"biggrid50-goal(3,10)",finetune,230,4126720,0.686734676361084,0.0943953595283437
finetune,16,"biggrid50-goal(3,10)",finetune,240,4136960,0.686734676361084,0.0943953595283437
finetune,16,"biggrid50-goal(3,10)",finetune,250,4147200,0.686734676361084,0.0943953595283437
finetune,16,"biggrid50-goal(3,10)",finetune,260,4157440,0.6989796161651611,0.12979370550566655
finetune,16,"biggrid50-goal(3,10)",finetune,270,4167680,0.7061224579811096,0.15044262578684625
finetune,16,"biggrid50-goal(3,10)",finetune,280,4177920,0.7061224579811096,0.15044262578684625
finetune,16,"biggrid50-goal(3,10)",finetune,290,4188160,0.6693877577781677,0.044247932471653546
finetune,16,"biggrid50-goal(3,10)",finetune,300,4198400,0.6755101680755615,0.061946933151927064
finetune,16,"biggrid50-goal(3,10)",finetune,310,4208640,0.6877551078796387,0.0973452791292499
finetune,16,"biggrid50-goal(3,10)",finetune,320,4218880,0.6887755393981934,0.1002951987301561
finetune,16,"biggrid50-goal(3,10)",finetune,330,4229120,0.6816326379776001,0.07964610614058848
finetune,16,"biggrid50-goal(3,10)",finetune,340,4239360,0.6785714626312256,0.07079669195464568
finetune,16,"biggrid50-goal(3,10)",finetune,350,4249600,0.6846938729286194,0.08849569263491919
finetune,16,"biggrid50-goal(3,10)",finetune,360,4259840,0.686734676361084,0.0943953595283437
finetune,16,"biggrid50-goal(3,10)",finetune,370,4270080,0.6775510311126709,0.06784677235373947
finetune,16,"biggrid50-goal(3,10)",finetune,380,4280320,0.6826530694961548,0.08259602574149469
finetune,16,"biggrid50-goal(3,10)",finetune,390,4290560,0.676530659198761,0.06489702506122116
finetune,16,"biggrid50-goal(3,10)",finetune,400,4300800,0.6704081892967224,0.04719785207255975
finetune,16,"biggrid50-goal(3,10)",finetune,410,4311040,0.6704081892967224,0.04719785207255975
finetune,16,"biggrid50-goal(3,10)",finetune,420,4321280,0.6683673858642578,0.04129818517913525
finetune,16,"biggrid50-goal(3,10)",finetune,430,4331520,0.6653061509132385,0.032448598684804535
finetune,16,"biggrid50-goal(3,10)",finetune,440,4341760,0.6653061509132385,0.032448598684804535
finetune,16,"biggrid50-goal(3,10)",finetune,450,4352000,0.6653061509132385,0.032448598684804535
finetune,16,"biggrid50-goal(3,10)",finetune,460,4362240,0.6653061509132385,0.032448598684804535
finetune,16,"biggrid50-goal(3,10)",finetune,470,4372480,0.6765305995941162,0.06489685275283327
finetune,16,"biggrid50-goal(3,10)",finetune,480,4382720,0.6693877577781677,0.044247932471653546
finetune,16,"biggrid50-goal(3,10)",finetune,490,4392960,0.6765305995941162,0.06489685275283327
finetune,16,"biggrid50-goal(3,10)",finetune,500,4403200,0.6744898557662964,0.058997358167796665
finetune,17,"biggrid50-goal(46,31)",finetune,10,4413440,0.7183673977851868,0.10195256914141354
finetune,17,"biggrid50-goal(46,31)",finetune,20,4423680,0.7336734533309937,0.15075929020777062
finetune,17,"biggrid50-goal(46,31)",finetune,30,4433920,0.7591836452484131,0.23210414208920888
finetune,17,"biggrid50-goal(46,31)",finetune,40,4444160,0.7632652521133423,0.24511924236523666
finetune,17,"biggrid50-goal(46,31)",finetune,50,4454400,0.7857142686843872,0.316702864070907
finetune,17,"biggrid50-goal(46,31)",finetune,60,4464640,0.7948979139328003,0.34598693472322245
finetune,17,"biggrid50-goal(46,31)",finetune,70,4474880,0.8020407557487488,0.36876345523752396
finetune,17,"biggrid50-goal(46,31)",finetune,80,4485120,0.810204029083252,0.3947938458520854
finetune,17,"biggrid50-goal(46,31)",finetune,90,4495360,0.823469340801239,0.43709320684293446
finetune,17,"biggrid50-goal(46,31)",finetune,100,4505600,0.8071428537368774,0.38503261567631747
finetune,17,"biggrid50-goal(46,31)",finetune,110,4515840,0.8244897723197937,0.4403470769431943
finetune,17,"biggrid50-goal(46,31)",finetune,120,4526080,0.8469387292861938,0.5119305085863588
finetune,17,"biggrid50-goal(46,31)",finetune,130,4536320,0.8510204553604126,0.5249459889873983
finetune,17,"biggrid50-goal(46,31)",finetune,140,4546560,0.8438774943351746,0.502169088348085
finetune,17,"biggrid50-goal(46,31)",finetune,150,4556800,0.8295917510986328,0.4566158572569761
finetune,17,"biggrid50-goal(46,31)",finetune,160,4567040,0.830612063407898,0.4598693472322243
finetune,17,"biggrid50-goal(46,31)",finetune,170,4577280,0.8744896650314331,0.5997827205433051
finetune,17,"biggrid50-goal(46,31)",finetune,180,4587520,0.851020336151123,0.5249456088623866
finetune,17,"biggrid50-goal(46,31)",finetune,190,4597760,0.8520407676696777,0.5281994789626464
finetune,17,"biggrid50-goal(46,31)",finetune,200,4608000,0.8469387292861938,0.5119305085863588
finetune,17,"biggrid50-goal(46,31)",finetune,210,4618240,0.8153060674667358,0.41106281622837304
finetune,17,"biggrid50-goal(46,31)",finetune,220,4628480,0.8255101442337036,0.4436007569809483
finetune,17,"biggrid50-goal(46,31)",finetune,230,4638720,0.8418366312980652,0.4956613481475653
finetune,17,"biggrid50-goal(46,31)",finetune,240,4648960,0.8438774943351746,0.502169088348085
finetune,17,"biggrid50-goal(46,31)",finetune,250,4659200,0.8499999046325684,0.5216917387621267
finetune,17,"biggrid50-goal(46,31)",finetune,260,4669440,0.8530610799789429,0.5314529689378946
finetune,17,"biggrid50-goal(46,31)",finetune,270,4679680,0.9326529502868652,0.785249134882989
finetune,17,"biggrid50-goal(46,31)",finetune,280,4689920,0.8959183692932129,0.6681128522737273
finetune,17,"biggrid50-goal(46,31)",finetune,290,4700160,0.9326529502868652,0.785249134882989
finetune,17,"biggrid50-goal(46,31)",finetune,300,4710400,0.851020336151123,0.5249456088623866
finetune,17,"biggrid50-goal(46,31)",finetune,310,4720640,0.8428570628166199,0.49891521824782514
finetune,17,"biggrid50-goal(46,31)",finetune,320,4730880,0.8367346525192261,0.4793925678337835
finetune,17,"biggrid50-goal(46,31)",finetune,330,4741120,0.8744896650314331,0.5997827205433051
finetune,17,"biggrid50-goal(46,31)",finetune,340,4751360,0.7693877220153809,0.2646420828417842
finetune,17,"biggrid50-goal(46,31)",finetune,350,4761600,0.7653061151504517,0.2516269825657564
finetune,17,"biggrid50-goal(46,31)",finetune,360,4771840,0.8714284896850586,0.5900214903675371
finetune,17,"biggrid50-goal(46,31)",finetune,370,4782080,0.9224489331245422,0.7527113841929195
finetune,17,"biggrid50-goal(46,31)",finetune,380,4792320,0.9224488139152527,0.7527110040679078
finetune,17,"biggrid50-goal(46,31)",finetune,390,4802560,0.8877549171447754,0.6420818914716483
finetune,17,"biggrid50-goal(46,31)",finetune,400,4812800,0.9091836214065552,0.7104120232020704
finetune,17,"biggrid50-goal(46,31)",finetune,410,4823040,0.8948978185653687,0.6648586020484557
finetune,17,"biggrid50-goal(46,31)",finetune,420,4833280,0.8989794850349426,0.6778738923869894
finetune,17,"biggrid50-goal(46,31)",finetune,430,4843520,0.8387754559516907,0.4859001179717974
finetune,17,"biggrid50-goal(46,31)",finetune,440,4853760,0.827551007270813,0.45010849718146806
finetune,17,"biggrid50-goal(46,31)",finetune,450,4864000,0.8428570628166199,0.49891521824782514
finetune,17,"biggrid50-goal(46,31)",finetune,460,4874240,0.8785713911056519,0.6127982009443446
finetune,17,"biggrid50-goal(46,31)",finetune,470,4884480,0.8316326141357422,0.4631235974574959
finetune,17,"biggrid50-goal(46,31)",finetune,480,4894720,0.8744896650314331,0.5997827205433051
finetune,17,"biggrid50-goal(46,31)",finetune,490,4904960,0.8367345929145813,0.47939237777127763
finetune,17,"biggrid50-goal(46,31)",finetune,500,4915200,0.896938681602478,0.6713663422489754
finetune,18,"biggrid50-goal(46,24)",finetune,10,4925440,0.8438774347305298,0.575785334230144
finetune,18,"biggrid50-goal(46,24)",finetune,20,4935680,0.8602040410041809,0.6201478247617246
finetune,18,"biggrid50-goal(46,24)",finetune,30,4945920,0.8653060793876648,0.6340110321965939
finetune,18,"biggrid50-goal(46,24)",finetune,40,4956160,0.8704080581665039,0.6478740776743214
finetune,18,"biggrid50-goal(46,24)",finetune,50,4966400,0.8673468828201294,0.6395562827791132
finetune,18,"biggrid50-goal(46,24)",finetune,60,4976640,0.8112243413925171,0.4870606770812667
finetune,18,"biggrid50-goal(46,24)",finetune,70,4986880,0.7969387173652649,0.44824392300363125
finetune,18,"biggrid50-goal(46,24)",finetune,80,4997120,0.7122448086738586,0.21811448523622987
finetune,18,"biggrid50-goal(46,24)",finetune,90,5007360,0.6918366551399231,0.16266165549675252
finetune,18,"biggrid50-goal(46,24)",finetune,100,5017600,0.724489688873291,0.2513861506884879
finetune,18,"biggrid50-goal(46,24)",finetune,110,5027840,0.7530611157417297,0.3290201447151846
finetune,18,"biggrid50-goal(46,24)",finetune,120,5038080,0.7948978543281555,0.44269851046396996
finetune,18,"biggrid50-goal(46,24)",finetune,130,5048320,0.8081631660461426,0.47874288218605865
finetune,18,"biggrid50-goal(46,24)",finetune,140,5058560,0.7897958755493164,0.42883546498624253
finetune,18,"biggrid50-goal(46,24)",finetune,150,5068800,0.7887754440307617,0.4260627587164119
finetune,18,"biggrid50-goal(46,24)",finetune,160,5079040,0.8683671951293945,0.64232866513466
finetune,18,"biggrid50-goal(46,24)",finetune,170,5089280,0.9357141256332397,0.8253230680577921
finetune,18,"biggrid50-goal(46,24)",finetune,180,5099520,0.9775508642196655,0.9390014338065775
finetune,18,"biggrid50-goal(46,24)",finetune,190,5109760,0.9551018476486206,0.8780031915274389
finetune,18,"biggrid50-goal(46,24)",finetune,200,5120000,0.9581630825996399,0.8863211483797888
finetune,18,"biggrid50-goal(46,24)",finetune,210,5130240,0.9775508642196655,0.9390014338065775
finetune,18,"biggrid50-goal(46,24)",finetune,220,5140480,0.9632652401924133,0.900184679728942
finetune,18,"biggrid50-goal(46,24)",finetune,230,5150720,0.9704080820083618,0.9195931377463308
finetune,18,"biggrid50-goal(46,24)",finetune,240,5160960,0.9571426510810852,0.8835484421099582
finetune,18,"biggrid50-goal(46,24)",finetune,250,5171200,0.9071427583694458,0.7476892359882373
finetune,18,"biggrid50-goal(46,24)",finetune,260,5181440,0.9275509119033813,0.8031420657277147
finetune,18,"biggrid50-goal(46,24)",finetune,270,5191680,0.9928569793701172,0.9805910561111855
finetune,18,"biggrid50-goal(46,24)",finetune,280,5201920,0.9948978424072266,0.9861364686508468
finetune,18,"biggrid50-goal(46,24)",finetune,290,5212160,0.9999998807907104,0.9999996760857162
finetune,18,"biggrid50-goal(46,24)",finetune,300,5222400,0.9561222195625305,0.8807757358401276
finetune,19,"biggrid50-goal(3,45)",finetune,10,5232640,0.6479591727256775,0.1502461672153035
finetune,19,"biggrid50-goal(3,45)",finetune,20,5242880,0.7887754440307617,0.4901475564558827
finetune,19,"biggrid50-goal(3,45)",finetune,30,5253120,0.9367345571517944,0.8472902902787689
finetune,19,"biggrid50-goal(3,45)",finetune,40,5263360,0.9989794492721558,0.9975366013673719
finetune,19,"biggrid50-goal(3,45)",finetune,50,5273600,0.9877549409866333,0.9704429571142469
finetune,19,"biggrid50-goal(3,45)",finetune,60,5283840,0.984693706035614,0.9630537683294583
finetune,19,"biggrid50-goal(3,45)",finetune,70,5294080,0.9836732745170593,0.960590657443429
finetune,19,"biggrid50-goal(3,45)",finetune,80,5304320,0.9346936345100403,0.8423639246334108
finetune,19,"biggrid50-goal(3,45)",finetune,90,5314560,0.9459182024002075,0.8694577127598352
finetune,19,"biggrid50-goal(3,45)",finetune,100,5324800,0.9663263559341431,0.9187187794940264
finetune,19,"biggrid50-goal(3,45)",finetune,110,5335040,0.9428569674491882,0.8620685239750466
finetune,19,"biggrid50-goal(3,45)",finetune,120,5345280,0.9734691381454468,0.935959980203034
finetune,19,"biggrid50-goal(3,45)",finetune,130,5355520,0.9744895696640015,0.9384230910890633
finetune,19,"biggrid50-goal(3,45)",finetune,140,5365760,0.971428394317627,0.9310340461775741
finetune,19,"biggrid50-goal(3,45)",finetune,150,5376000,0.9959182739257812,0.9901475564558827
finetune,20,"biggrid50-goal(21,10)",finetune,10,5386240,0.6969387531280518,-0.12358169059961346
finetune,20,"biggrid50-goal(21,10)",finetune,20,5396480,0.7316327095031738,0.005044105538616157
finetune,20,"biggrid50-goal(21,10)",finetune,30,5406720,0.7316327095031738,0.005044105538616157
finetune,20,"biggrid50-goal(21,10)",finetune,40,5416960,0.7336734533309937,0.01261004286583687
finetune,20,"biggrid50-goal(21,10)",finetune,50,5427200,0.7336734533309937,0.01261004286583687
finetune,20,"biggrid50-goal(21,10)",finetune,60,5437440,0.7336734533309937,0.01261004286583687
finetune,20,"biggrid50-goal(21,10)",finetune,70,5447680,0.735714316368103,0.020176422154464628
finetune,20,"biggrid50-goal(21,10)",finetune,80,5457920,0.735714316368103,0.020176422154464628
finetune,20,"biggrid50-goal(21,10)",finetune,90,5468160,0.735714316368103,0.020176422154464628
finetune,20,"biggrid50-goal(21,10)",finetune,100,5478400,0.7336734533309937,0.01261004286583687
finetune,20,"biggrid50-goal(21,10)",finetune,110,5488640,0.7336734533309937,0.01261004286583687
finetune,20,"biggrid50-goal(21,10)",finetune,120,5498880,0.7336734533309937,0.01261004286583687
finetune,20,"biggrid50-goal(21,10)",finetune,130,5509120,0.7336734533309937,0.01261004286583687
finetune,20,"biggrid50-goal(21,10)",finetune,140,5519360,0.735714316368103,0.020176422154464628
finetune,20,"biggrid50-goal(21,10)",finetune,150,5529600,0.735714316368103,0.020176422154464628
finetune,20,"biggrid50-goal(21,10)",finetune,160,5539840,0.735714316368103,0.020176422154464628
finetune,20,"biggrid50-goal(21,10)",finetune,170,5550080,0.7367346882820129,0.023959390818074983
finetune,20,"biggrid50-goal(21,10)",finetune,180,5560320,0.7367346882820129,0.023959390818074983
finetune,20,"biggrid50-goal(21,10)",finetune,190,5570560,0.7367346882820129,0.023959390818074983
finetune,20,"biggrid50-goal(21,10)",finetune,200,5580800,0.735714316368103,0.020176422154464628
finetune,20,"biggrid50-goal(21,10)",finetune,210,5591040,0.7367346882820129,0.023959390818074983
finetune,20,"biggrid50-goal(21,10)",finetune,220,5601280,0.735714316368103,0.020176422154464628
finetune,20,"biggrid50-goal(21,10)",finetune,230,5611520,0.735714316368103,0.020176422154464628
finetune,20,"biggrid50-goal(21,10)",finetune,240,5621760,0.7316327095031738,0.005044105538616157
finetune,20,"biggrid50-goal(21,10)",finetune,250,5632000,0.7306122779846191,0.0012609158943022777
finetune,20,"biggrid50-goal(21,10)",finetune,260,5642240,0.7346938848495483,0.01639323251015075
finetune,20,"biggrid50-goal(21,10)",finetune,270,5652480,0.7346938848495483,0.01639323251015075
finetune,20,"biggrid50-goal(21,10)",finetune,280,5662720,0.7142857313156128,-0.05926879253049865
finetune,20,"biggrid50-goal(21,10)",finetune,290,5672960,0.7142857313156128,-0.05926879253049865
finetune,20,"biggrid50-goal(21,10)",finetune,300,5683200,0.7142857313156128,-0.05926879253049865
finetune,20,"biggrid50-goal(21,10)",finetune,310,5693440,0.7173469662666321,-0.047919444578260535
finetune,20,"biggrid50-goal(21,10)",finetune,320,5703680,0.7153061628341675,-0.05548560288618477
finetune,20,"biggrid50-goal(21,10)",finetune,330,5713920,0.7142857313156128,-0.05926879253049865
finetune,20,"biggrid50-goal(21,10)",finetune,340,5724160,0.7346938848495483,0.01639323251015075
finetune,20,"biggrid50-goal(21,10)",finetune,350,5734400,0.7142857313156128,-0.05926879253049865
finetune,20,"biggrid50-goal(21,10)",finetune,360,5744640,0.7132652997970581,-0.06305198217481253
finetune,20,"biggrid50-goal(21,10)",finetune,370,5754880,0.7132652997970581,-0.06305198217481253
finetune,20,"biggrid50-goal(21,10)",finetune,380,5765120,0.7071427702903748,-0.08575089905999228
finetune,20,"biggrid50-goal(21,10)",finetune,390,5775360,0.7153061628341675,-0.05548560288618477
finetune,20,"biggrid50-goal(21,10)",finetune,400,5785600,0.7530612349510193,0.08448909924287591
finetune,20,"biggrid50-goal(21,10)",finetune,410,5795840,0.7561224699020386,0.09583844719511403
finetune,20,"biggrid50-goal(21,10)",finetune,420,5806080,0.7561224699020386,0.09583844719511403
finetune,20,"biggrid50-goal(21,10)",finetune,430,5816320,0.7581632733345032,0.10340460550303826
finetune,20,"biggrid50-goal(21,10)",finetune,440,5826560,0.7561224699020386,0.09583844719511403
finetune,20,"biggrid50-goal(21,10)",finetune,450,5836800,0.7173469066619873,-0.04791966555896406
finetune,20,"biggrid50-goal(21,10)",finetune,460,5847040,0.7561224699020386,0.09583844719511403
finetune,20,"biggrid50-goal(21,10)",finetune,470,5857280,0.7826530337333679,0.19419894715953614
finetune,20,"biggrid50-goal(21,10)",finetune,480,5867520,0.7826530337333679,0.19419894715953614
finetune,20,"biggrid50-goal(21,10)",finetune,490,5877760,0.7561224699020386,0.09583844719511403
finetune,20,"biggrid50-goal(21,10)",finetune,500,5888000,0.764285683631897,0.12610308042681098
finetune,21,"biggrid50-goal(40,3)",finetune,10,5898240,0.7234693765640259,0.2997414300693691
finetune,21,"biggrid50-goal(40,3)",finetune,20,5908480,0.7357141375541687,0.3307488415218843
finetune,21,"biggrid50-goal(40,3)",finetune,30,5918720,0.7357141971588135,0.3307489924587418
finetune,21,"biggrid50-goal(40,3)",finetune,40,5928960,0.7775509357452393,0.43669217650495745
finetune,21,"biggrid50-goal(40,3)",finetune,50,5939200,0.7867345213890076,0.4599477728285582
finetune,21,"biggrid50-goal(40,3)",finetune,60,5949440,0.8285713195800781,0.5658911078116314
finetune,21,"biggrid50-goal(40,3)",finetune,70,5959680,0.8540815114974976,0.6304905734649684
finetune,21,"biggrid50-goal(40,3)",finetune,80,5969920,0.8551018834114075,0.6330744615289874
finetune,21,"biggrid50-goal(40,3)",finetune,90,5980160,0.8438774347305298,0.6046507872036336
finetune,21,"biggrid50-goal(40,3)",finetune,100,5990400,0.8653060793876648,0.6589145496640372
finetune,21,"biggrid50-goal(40,3)",finetune,110,6000640,0.8785713315010071,0.6925061510542864
finetune,21,"biggrid50-goal(40,3)",finetune,120,6010880,0.9010202288627625,0.7493534997049939
finetune,21,"biggrid50-goal(40,3)",finetune,130,6021120,0.890816330909729,0.7235141662542317
finetune,21,"biggrid50-goal(40,3)",finetune,140,6031360,0.8724488019943237,0.677002067985885
finetune,21,"biggrid50-goal(40,3)",finetune,150,6041600,0.9775508642196655,0.9431520476018623
finetune,21,"biggrid50-goal(40,3)",finetune,160,6051840,0.9867345690727234,0.9664079457991782
finetune,21,"biggrid50-goal(40,3)",finetune,170,6062080,0.9928569793701172,0.9819117269938645
finetune,21,"biggrid50-goal(40,3)",finetune,180,6072320,0.971428394317627,0.9276481154703184
finetune,21,"biggrid50-goal(40,3)",finetune,190,6082560,0.9704079627990723,0.925064076469442
finetune,21,"biggrid50-goal(40,3)",finetune,200,6092800,0.9928569793701172,0.9819117269938645
finetune,22,"biggrid50-goal(15,38)",finetune,10,6103040,0.7897958159446716,-0.14444480501569026
finetune,22,"biggrid50-goal(15,38)",finetune,20,6113280,0.8755100965499878,0.3222217534796027
finetune,22,"biggrid50-goal(15,38)",finetune,30,6123520,0.8857141733169556,0.37777727297803365
finetune,22,"biggrid50-goal(15,38)",finetune,40,6133760,0.8765304684638977,0.32777711072097304
finetune,22,"biggrid50-goal(15,38)",finetune,50,6144000,0.8867346048355103,0.38333295473352524
finetune,22,"biggrid50-goal(15,38)",finetune,60,6154240,0.8948978185653687,0.427777110720973
finetune,22,"biggrid50-goal(15,38)",finetune,70,6164480,0.8959181904792786,0.43333246796234337
finetune,22,"biggrid50-goal(15,38)",finetune,80,6174720,0.8999999761581421,0.455555519498431
finetune,22,"biggrid50-goal(15,38)",finetune,90,6184960,0.9020406603813171,0.46666590946705044
finetune,22,"biggrid50-goal(15,38)",finetune,100,6195200,0.9367345571517944,0.6555548704701885
finetune,22,"biggrid50-goal(15,38)",finetune,110,6205440,0.8959181904792786,0.43333246796234337
finetune,22,"biggrid50-goal(15,38)",finetune,120,6215680,0.8979590535163879,0.44444383147332656
finetune,22,"biggrid50-goal(15,38)",finetune,130,6225920,0.9163264036178589,0.5444438314733265
finetune,22,"biggrid50-goal(15,38)",finetune,140,6236160,0.8948979377746582,0.4277777597492155
finetune,22,"biggrid50-goal(15,38)",finetune,150,6246400,0.8887754678726196,0.39444431824450843
finetune,23,"biggrid50-goal(40,45)",finetune,10,6256640,0.6979591250419617,-0.1058531334038503
finetune,23,"biggrid50-goal(40,45)",finetune,20,6266880,0.7275510430335999,0.0024908622193551824
finetune,23,"biggrid50-goal(40,45)",finetune,30,6277120,0.7275509834289551,0.0024906439906694144
finetune,23,"biggrid50-goal(40,45)",finetune,40,6287360,0.7469387054443359,0.07347432506777637
finetune,23,"biggrid50-goal(40,45)",finetune,50,6297600,0.7806121110916138,0.1967617481776268
finetune,23,"biggrid50-goal(40,45)",finetune,60,6307840,0.8295917510986328,0.3760894248779392
finetune,23,"biggrid50-goal(40,45)",finetune,70,6318080,0.8387754559516907,0.409713446095005
finetune,23,"biggrid50-goal(40,45)",finetune,80,6328320,0.8551019430160522,0.4694891200997567
finetune,23,"biggrid50-goal(40,45)",finetune,90,6338560,0.8397958874702454,0.413449521195352
finetune,23,"biggrid50-goal(40,45)",finetune,100,6348800,0.8979591131210327,0.6264007826553586
finetune,23,"biggrid50-goal(40,45)",finetune,110,6359040,0.9183672666549683,0.7011205388328126
finetune,23,"biggrid50-goal(40,45)",finetune,120,6369280,0.9234693646430969,0.7198006961058618
finetune,23,"biggrid50-goal(40,45)",finetune,130,6379520,0.8979591131210327,0.6264007826553586
finetune,23,"biggrid50-goal(40,45)",finetune,140,6389760,0.8857142329216003,0.5815689725946234
finetune,23,"biggrid50-goal(40,45)",finetune,150,6400000,0.9377549886703491,0.7721042199099195
finetune,23,"biggrid50-goal(40,45)",finetune,160,6410240,0.8377550840377808,0.40597758922334376
finetune,23,"biggrid50-goal(40,45)",finetune,170,6420480,0.9275509119033813,0.7347443418211925
finetune,23,"biggrid50-goal(40,45)",finetune,180,6430720,0.9091836214065552,0.6674967358444326
finetune,23,"biggrid50-goal(40,45)",finetune,190,6440960,0.9428570866584778,0.7907843771829688
finetune,23,"biggrid50-goal(40,45)",finetune,200,6451200,0.9999998807907104,0.9999995635426284
finetune,24,"biggrid50-goal(15,17)",finetune,10,6461440,0.9234693646430969,0.6853145687695105
finetune,24,"biggrid50-goal(15,17)",finetune,20,6471680,0.8642856478691101,0.44195773071386923
finetune,24,"biggrid50-goal(15,17)",finetune,30,6481920,0.8959182500839233,0.5720274606003226
finetune,24,"biggrid50-goal(15,17)",finetune,40,6492160,0.8979590535163879,0.5804190165466023
finetune,24,"biggrid50-goal(15,17)",finetune,50,6502400,0.9193875193595886,0.668530476526363
finetune,24,"biggrid50-goal(15,17)",finetune,60,6512640,0.8867346048355103,0.5342653362982402
finetune,24,"biggrid50-goal(15,17)",finetune,70,6522880,0.8826529383659363,0.5174819793180339
finetune,24,"biggrid50-goal(15,17)",finetune,80,6533120,0.8887754678726196,0.542657137332167
finetune,24,"biggrid50-goal(15,17)",finetune,90,6543360,0.9214285016059875,0.6769227677355838
finetune,24,"biggrid50-goal(15,17)",finetune,100,6553600,0.925510048866272,0.6937056345404962
finetune,24,"biggrid50-goal(15,17)",finetune,110,6563840,0.9479591250419617,0.7860137303001613
finetune,24,"biggrid50-goal(15,17)",finetune,120,6574080,0.9489795565605164,0.7902096308171247
finetune,24,"biggrid50-goal(15,17)",finetune,130,6584320,0.9663265347480774,0.86153846907962
finetune,24,"biggrid50-goal(15,17)",finetune,140,6594560,0.8989794850349426,0.5846149170635657
finetune,24,"biggrid50-goal(15,17)",finetune,150,6604800,0.8785713315010071,0.5006988674254743
finetune,25,"biggrid50-goal(15,24)",finetune,10,6615040,0.9040816426277161,0.5331126615580831
finetune,25,"biggrid50-goal(15,24)",finetune,20,6625280,0.8999999761581421,0.5132449485718132
finetune,25,"biggrid50-goal(15,24)",finetune,30,6635520,0.8897958993911743,0.46357610129896354
finetune,25,"biggrid50-goal(15,24)",finetune,40,6645760,0.8887754678726196,0.4586091005202585
finetune,25,"biggrid50-goal(15,24)",finetune,50,6656000,0.8785713315010071,0.4089399631188587
finetune,25,"biggrid50-goal(15,24)",finetune,60,6666240,0.9112244844436646,0.5678807966233679
finetune,25,"biggrid50-goal(15,24)",finetune,70,6676480,0.890816330909729,0.4685431020776686
finetune,25,"biggrid50-goal(15,24)",finetune,80,6686720,0.8918367624282837,0.4735101028563736
finetune,25,"biggrid50-goal(15,24)",finetune,90,6696960,0.8887754678726196,0.4586091005202585
finetune,25,"biggrid50-goal(15,24)",finetune,100,6707200,0.8887754678726196,0.4586091005202585
finetune,25,"biggrid50-goal(15,24)",finetune,110,6717440,0.8948979377746582,0.4884105249353884
finetune,25,"biggrid50-goal(15,24)",finetune,120,6727680,0.9265305399894714,0.6423837774040922
finetune,25,"biggrid50-goal(15,24)",finetune,130,6737920,0.9438773989677429,0.7268204696136764
finetune,25,"biggrid50-goal(15,24)",finetune,140,6748160,0.9163264036178589,0.5927146400026924
finetune,25,"biggrid50-goal(15,24)",finetune,150,6758400,0.9122449159622192,0.5728477974020729
finetune,26,"biggrid50-goal(21,38)",finetune,10,6768640,0.8438774943351746,0.2596772857840174
finetune,26,"biggrid50-goal(21,38)",finetune,20,6778880,0.8489795923233032,0.2838711008568837
finetune,26,"biggrid50-goal(21,38)",finetune,30,6789120,0.8989795446395874,0.5209676056294239
finetune,26,"biggrid50-goal(21,38)",finetune,40,6799360,0.9163265228271484,0.6032258420097155
finetune,26,"biggrid50-goal(21,38)",finetune,50,6809600,0.919387698173523,0.6177417353555755
finetune,26,"biggrid50-goal(21,38)",finetune,60,6819840,0.8826530575752258,0.4435484714332996
finetune,26,"biggrid50-goal(21,38)",finetune,70,6830080,0.886734664440155,0.46290318432199856
finetune,26,"biggrid50-goal(21,38)",finetune,80,6840320,0.8795917630195618,0.42903201280478276
finetune,26,"biggrid50-goal(21,38)",finetune,90,6850560,0.8642856478691101,0.356451415510169
finetune,26,"biggrid50-goal(21,38)",finetune,100,6860800,0.9418367147445679,0.724193504167405
finetune,26,"biggrid50-goal(21,38)",finetune,110,6871040,0.9214285612106323,0.6274193744412534
finetune,26,"biggrid50-goal(21,38)",finetune,120,6881280,0.9102040529251099,0.5741934900353386
finetune,26,"biggrid50-goal(21,38)",finetune,130,6891520,0.8714284896850586,0.3903223043860564
finetune,26,"biggrid50-goal(21,38)",finetune,140,6901760,0.8846938014030457,0.45322554523632064
finetune,26,"biggrid50-goal(21,38)",finetune,150,6912000,0.8683673143386841,0.3758064110401964
finetune,27,"biggrid50-goal(33,17)",finetune,10,6922240,0.8979590535163879,0.5732569400216118
finetune,27,"biggrid50-goal(33,17)",finetune,20,6932480,0.9295916557312012,0.7055469072299864
finetune,27,"biggrid50-goal(33,17)",finetune,30,6942720,0.9816325306892395,0.9231858354137091
finetune,27,"biggrid50-goal(33,17)",finetune,40,6952960,0.9826529622077942,0.9274533582438346
finetune,27,"biggrid50-goal(33,17)",finetune,50,6963200,0.9734692573547363,0.8890464005862858
finetune,27,"biggrid50-goal(33,17)",finetune,60,6973440,0.9581631422042847,0.8250350537615646
finetune,27,"biggrid50-goal(33,17)",finetune,70,6983680,0.9673467874526978,0.86344176214792
finetune,27,"biggrid50-goal(33,17)",finetune,80,6993920,0.9632651209831238,0.8463719200986117
finetune,27,"biggrid50-goal(33,17)",finetune,90,7004160,0.9551018476486206,0.8122324852711884
finetune,27,"biggrid50-goal(33,17)",finetune,100,7014400,0.964285671710968,0.8506399414711238
finetune,27,"biggrid50-goal(33,17)",finetune,110,7024640,0.9765305519104004,0.9018489690766621
finetune,27,"biggrid50-goal(33,17)",finetune,120,7034880,0.9806121587753296,0.918918561854777
finetune,27,"biggrid50-goal(33,17)",finetune,130,7045120,0.9724489450454712,0.8847793762985471
finetune,27,"biggrid50-goal(33,17)",finetune,140,7055360,0.9999998807907104,0.9999995014576133
finetune,27,"biggrid50-goal(33,17)",finetune,150,7065600,0.9948979616165161,0.9786628843917596
finetune,28,"biggrid50-goal(27,17)",finetune,10,7075840,0.8397958874702454,0.29910678313368316
finetune,28,"biggrid50-goal(27,17)",finetune,20,7086080,0.8367346525192261,0.2857138759322216
finetune,28,"biggrid50-goal(27,17)",finetune,30,7096320,0.8367346525192261,0.2857138759322216
finetune,28,"biggrid50-goal(27,17)",finetune,40,7106560,0.8183673024177551,0.20535669349385663
finetune,28,"biggrid50-goal(27,17)",finetune,50,7116800,0.8081632852554321,0.16071410410632547
finetune,28,"biggrid50-goal(27,17)",finetune,60,7127040,0.810204029083252,0.16964236121342727
finetune,28,"biggrid50-goal(27,17)",finetune,70,7137280,0.8071428537368774,0.15624971478237015
finetune,28,"biggrid50-goal(27,17)",finetune,80,7147520,0.8173468708992004,0.2008923041699013
finetune,28,"biggrid50-goal(27,17)",finetune,90,7157760,0.8295917510986328,0.25446367220534316
finetune,28,"biggrid50-goal(27,17)",finetune,100,7168000,0.8295917510986328,0.25446367220534316
finetune,28,"biggrid50-goal(27,17)",finetune,110,7178240,0.8285714387893677,0.24999980442219666
finetune,28,"biggrid50-goal(27,17)",finetune,120,7188480,0.8285714387893677,0.24999980442219666
finetune,28,"biggrid50-goal(27,17)",finetune,130,7198720,0.827551007270813,0.24553541509824134
finetune,28,"biggrid50-goal(27,17)",finetune,140,7208960,0.827551007270813,0.24553541509824134
finetune,28,"biggrid50-goal(27,17)",finetune,150,7219200,0.8602040410041809,0.38839248344955435
finetune,28,"biggrid50-goal(27,17)",finetune,160,7229440,0.873469352722168,0.4464282408089515
finetune,28,"biggrid50-goal(27,17)",finetune,170,7239680,0.8540816307067871,0.3616069298170357
finetune,28,"biggrid50-goal(27,17)",finetune,180,7249920,0.8469387292861938,0.3303567260901572
finetune,28,"biggrid50-goal(27,17)",finetune,190,7260160,0.8530611991882324,0.3571425404930803
finetune,28,"biggrid50-goal(27,17)",finetune,200,7270400,0.8071428537368774,0.15624971478237015
finetune,28,"biggrid50-goal(27,17)",finetune,210,7280640,0.8265305757522583,0.241071025774286
finetune,28,"biggrid50-goal(27,17)",finetune,220,7290880,0.8265305757522583,0.241071025774286
finetune,28,"biggrid50-goal(27,17)",finetune,230,7301120,0.8122448921203613,0.17857113986133794
finetune,28,"biggrid50-goal(27,17)",finetune,240,7311360,0.8081632852554321,0.16071410410632547
finetune,28,"biggrid50-goal(27,17)",finetune,250,7321600,0.8122448921203613,0.17857113986133794
finetune,28,"biggrid50-goal(27,17)",finetune,260,7331840,0.8122448921203613,0.17857113986133794
finetune,28,"biggrid50-goal(27,17)",finetune,270,7342080,0.8377550840377808,0.29017826525617696
finetune,28,"biggrid50-goal(27,17)",finetune,280,7352320,0.883673369884491,0.4910708301964827
finetune,28,"biggrid50-goal(27,17)",finetune,290,7362560,0.883673369884491,0.4910708301964827
finetune,28,"biggrid50-goal(27,17)",finetune,300,7372800,0.813265323638916,0.18303552918529328
finetune,28,"biggrid50-goal(27,17)",finetune,310,7383040,0.813265323638916,0.18303552918529328
finetune,28,"biggrid50-goal(27,17)",finetune,320,7393280,0.8153060674667358,0.19196378629239508
finetune,28,"biggrid50-goal(27,17)",finetune,330,7403520,0.833673357963562,0.2723207079603556
finetune,28,"biggrid50-goal(27,17)",finetune,340,7413760,0.7989795207977295,0.12053512173153634
finetune,28,"biggrid50-goal(27,17)",finetune,350,7424000,0.7795917987823486,0.03571381073962049
finetune,28,"biggrid50-goal(27,17)",finetune,360,7434240,0.8020407557487488,0.1339280289329979
finetune,28,"biggrid50-goal(27,17)",finetune,370,7444480,0.8193877339363098,0.20982108281781198
finetune,28,"biggrid50-goal(27,17)",finetune,380,7454720,0.8224489092826843,0.2232137292488691
finetune,28,"biggrid50-goal(27,17)",finetune,390,7464960,0.8193877339363098,0.20982108281781198
finetune,28,"biggrid50-goal(27,17)",finetune,400,7475200,0.7918367385864258,0.08928543954546675
finetune,28,"biggrid50-goal(27,17)",finetune,410,7485440,0.7918367385864258,0.08928543954546675
finetune,28,"biggrid50-goal(27,17)",finetune,420,7495680,0.8091835975646973,0.16517797188947195
finetune,28,"biggrid50-goal(27,17)",finetune,430,7505920,0.8112244606018066,0.17410675053738262
finetune,28,"biggrid50-goal(27,17)",finetune,440,7516160,0.8112244606018066,0.17410675053738262
finetune,28,"biggrid50-goal(27,17)",finetune,450,7526400,0.810204029083252,0.16964236121342727
finetune,28,"biggrid50-goal(27,17)",finetune,460,7536640,0.7857142686843872,0.06249962514254362
finetune,28,"biggrid50-goal(27,17)",finetune,470,7546880,0.7846938371658325,0.058035235818588285
finetune,28,"biggrid50-goal(27,17)",finetune,480,7557120,0.8081632852554321,0.16071410410632547
finetune,28,"biggrid50-goal(27,17)",finetune,490,7567360,0.8346937894821167,0.27678509728431094
finetune,28,"biggrid50-goal(27,17)",finetune,500,7577600,0.7928570508956909,0.09374930732861321
finetune,29,"biggrid50-goal(3,3)",finetune,10,7587840,0.5540816187858582,-0.2654439161755164
finetune,29,"biggrid50-goal(3,3)",finetune,20,7598080,0.5724489092826843,-0.21332052993485084
finetune,29,"biggrid50-goal(3,3)",finetune,30,7608320,0.5908163189888,-0.16119680539758985
finetune,29,"biggrid50-goal(3,3)",finetune,40,7618560,0.5785714387893677,-0.19594578594079945
finetune,29,"biggrid50-goal(3,3)",finetune,50,7628800,0.6499999165534973,0.006756628752639559
finetune,29,"biggrid50-goal(3,3)",finetune,60,7639040,0.6418366432189941,-0.016409414658932756
finetune,29,"biggrid50-goal(3,3)",finetune,70,7649280,0.6448979377746582,-0.007721958087758197
finetune,29,"biggrid50-goal(3,3)",finetune,80,7659520,0.6448979377746582,-0.007721958087758197
finetune,29,"biggrid50-goal(3,3)",finetune,90,7669760,0.6428570747375488,-0.013513595801874568
finetune,29,"biggrid50-goal(3,3)",finetune,100,7680000,0.6306121945381165,-0.04826257634508418
finetune,29,"biggrid50-goal(3,3)",finetune,110,7690240,0.6591836214065552,0.03281849102127006
finetune,29,"biggrid50-goal(3,3)",finetune,120,7700480,0.6489794850349426,0.0038608098955813727
finetune,29,"biggrid50-goal(3,3)",finetune,130,7710720,0.623469352722168,-0.0685328008995983
finetune,29,"biggrid50-goal(3,3)",finetune,140,7720960,0.651020348072052,0.009652447609697745
finetune,29,"biggrid50-goal(3,3)",finetune,150,7731200,0.6489795446395874,0.0038609790438790983
finetune,29,"biggrid50-goal(3,3)",finetune,160,7741440,0.651020348072052,0.009652447609697745
finetune,29,"biggrid50-goal(3,3)",finetune,170,7751680,0.6540815234184265,0.018339565884276855
finetune,29,"biggrid50-goal(3,3)",finetune,180,7761920,0.6581631898880005,0.029922672164211874
finetune,29,"biggrid50-goal(3,3)",finetune,190,7772160,0.7091835737228394,0.17471023205116668
finetune,29,"biggrid50-goal(3,3)",finetune,200,7782400,0.710204005241394,0.17760605090822487
finetune,29,"biggrid50-goal(3,3)",finetune,210,7792640,0.6857142448425293,0.10810808982180566
finetune,29,"biggrid50-goal(3,3)",finetune,220,7802880,0.710204005241394,0.17760605090822487
finetune,29,"biggrid50-goal(3,3)",finetune,230,7813120,0.68265300989151,0.09942080239892882
finetune,29,"biggrid50-goal(3,3)",finetune,240,7823360,0.6897958517074585,0.11969102695344294
finetune,29,"biggrid50-goal(3,3)",finetune,250,7833600,0.6765305399894714,0.08204622755317514
finetune,29,"biggrid50-goal(3,3)",finetune,260,7843840,0.6632652282714844,0.04440142815290735
finetune,29,"biggrid50-goal(3,3)",finetune,270,7854080,0.6714285016059875,0.06756747156447968
finetune,29,"biggrid50-goal(3,3)",finetune,280,7864320,0.6714285016059875,0.06756747156447968
finetune,29,"biggrid50-goal(3,3)",finetune,290,7874560,0.651020348072052,0.009652447609697745
finetune,29,"biggrid50-goal(3,3)",finetune,300,7884800,0.7346938252449036,0.2471041811429418
finetune,29,"biggrid50-goal(3,3)",finetune,310,7895040,0.6489795446395874,0.0038609790438790983
finetune,29,"biggrid50-goal(3,3)",finetune,320,7905280,0.7132652401924133,0.1862933383311017
finetune,29,"biggrid50-goal(3,3)",finetune,330,7915520,0.6724489331245422,0.07046329042153786
finetune,29,"biggrid50-goal(3,3)",finetune,340,7925760,0.6816325783729553,0.09652498354187063
finetune,29,"biggrid50-goal(3,3)",finetune,350,7936000,0.6928570866584778,0.12837831437631977
finetune,29,"biggrid50-goal(3,3)",finetune,360,7946240,0.6806122064590454,0.09362933383311017
finetune,29,"biggrid50-goal(3,3)",finetune,370,7956480,0.6959182620048523,0.13706543265089888
finetune,29,"biggrid50-goal(3,3)",finetune,380,7966720,0.6836733818054199,0.10231645210768928
finetune,29,"biggrid50-goal(3,3)",finetune,390,7976960,0.6448978781700134,-0.007722127236055922
finetune,29,"biggrid50-goal(3,3)",finetune,400,7987200,0.6928570866584778,0.12837831437631977
finetune,29,"biggrid50-goal(3,3)",finetune,410,7997440,0.752040684223175,0.2963317485265492
finetune,29,"biggrid50-goal(3,3)",finetune,420,8007680,0.7510203123092651,0.2934360988177887
finetune,29,"biggrid50-goal(3,3)",finetune,430,8017920,0.7081631422042847,0.1718144131941085
finetune,29,"biggrid50-goal(3,3)",finetune,440,8028160,0.7183672785758972,0.20077209431979717
finetune,29,"biggrid50-goal(3,3)",finetune,450,8038400,0.7326529622077942,0.24131254342882544
finetune,29,"biggrid50-goal(3,3)",finetune,460,8048640,0.6744897961616516,0.07625492813565422
finetune,29,"biggrid50-goal(3,3)",finetune,470,8058880,0.6734693646430969,0.07335910927859604
finetune,29,"biggrid50-goal(3,3)",finetune,480,8069120,0.7244898080825806,0.21814683831384857
finetune,29,"biggrid50-goal(3,3)",finetune,490,8079360,0.7806121706962585,0.37741298504120113
finetune,29,"biggrid50-goal(3,3)",finetune,500,8089600,0.7836734056472778,0.38610027246407796
finetune,30,"biggrid50-goal(9,10)",finetune,10,8099840,0.9632652401924133,0.8666664214781664
finetune,30,"biggrid50-goal(9,10)",finetune,20,8110080,0.919387698173523,0.7074071878595347
finetune,30,"biggrid50-goal(9,10)",finetune,30,8120320,0.9275509119033813,0.7370366315946152
finetune,30,"biggrid50-goal(9,10)",finetune,40,8130560,0.9479590654373169,0.8111106736179049
finetune,30,"biggrid50-goal(9,10)",finetune,50,8140800,0.938775360584259,0.7777772249017479
finetune,30,"biggrid50-goal(9,10)",finetune,60,8151040,0.971428394317627,0.8962956488704527
finetune,30,"biggrid50-goal(9,10)",finetune,70,8161280,0.9112244844436646,0.6777777441244542
finetune,30,"biggrid50-goal(9,10)",finetune,80,8171520,0.9530611038208008,0.8296291841237273
finetune,30,"biggrid50-goal(9,10)",finetune,90,8181760,0.9489795565605164,0.8148146785989814
finetune,30,"biggrid50-goal(9,10)",finetune,100,8192000,0.9591835737228394,0.851851483267832
finetune,30,"biggrid50-goal(9,10)",finetune,110,8202240,0.9489795565605164,0.8148146785989814
finetune,30,"biggrid50-goal(9,10)",finetune,120,8212480,0.9540815353393555,0.8333329727620095
finetune,30,"biggrid50-goal(9,10)",finetune,130,8222720,0.9520406723022461,0.8259253954854451
finetune,30,"biggrid50-goal(9,10)",finetune,140,8232960,0.9479591250419617,0.8111108899606991
finetune,30,"biggrid50-goal(9,10)",finetune,150,8243200,0.9673467874526978,0.8814809270029124
finetune,31,"biggrid50-goal(46,17)",finetune,10,8253440,0.8520406484603882,0.47400200919329893
finetune,31,"biggrid50-goal(46,17)",finetune,20,8263680,0.7999998927116394,0.28899624457573964
finetune,31,"biggrid50-goal(46,17)",finetune,30,8273920,0.8918366432189941,0.6154774419210278
finetune,31,"biggrid50-goal(46,17)",finetune,40,8284160,0.9102039337158203,0.6807734694945677
finetune,31,"biggrid50-goal(46,17)",finetune,50,8294400,0.9408162236213684,0.789600676540009
finetune,31,"biggrid50-goal(46,17)",finetune,60,8304640,0.9591835141181946,0.8548967041135489
finetune,31,"biggrid50-goal(46,17)",finetune,70,8314880,0.9653059840202332,0.8766621879017407
finetune,31,"biggrid50-goal(46,17)",finetune,80,8325120,0.9499999284744263,0.8222489022222966
finetune,31,"biggrid50-goal(46,17)",finetune,90,8335360,0.9448978304862976,0.8041108578017917
finetune,31,"biggrid50-goal(46,17)",finetune,100,8345600,0.928571343421936,0.7460699208591431
finetune,31,"biggrid50-goal(46,17)",finetune,110,8355840,0.9051018953323364,0.6626356369695805
finetune,31,"biggrid50-goal(46,17)",finetune,120,8366080,0.9071427583694458,0.6698909394959895
finetune,31,"biggrid50-goal(46,17)",finetune,130,8376320,0.9091835021972656,0.6771458182313632
finetune,31,"biggrid50-goal(46,17)",finetune,140,8386560,0.911224365234375,0.6844011207577723
finetune,31,"biggrid50-goal(46,17)",finetune,150,8396800,0.9091835021972656,0.6771458182313632
finetune,32,"biggrid50-goal(40,10)",finetune,10,8407040,0.7091836333274841,0.16340499444452064
finetune,32,"biggrid50-goal(40,10)",finetune,20,8417280,0.7020407915115356,0.14285709386702514
finetune,32,"biggrid50-goal(40,10)",finetune,30,8427520,0.7020407915115356,0.14285709386702514
finetune,32,"biggrid50-goal(40,10)",finetune,40,8437760,0.6999999284744263,0.13698611816024472
finetune,32,"biggrid50-goal(40,10)",finetune,50,8448000,0.718367338180542,0.18982387072879658
finetune,32,"biggrid50-goal(40,10)",finetune,60,8458240,0.7122448682785034,0.1722112865392793
finetune,32,"biggrid50-goal(40,10)",finetune,70,8468480,0.7122448682785034,0.1722112865392793
finetune,32,"biggrid50-goal(40,10)",finetune,80,8478720,0.718367338180542,0.18982387072879658
finetune,32,"biggrid50-goal(40,10)",finetune,90,8488960,0.7193877100944519,0.1927591871167748
finetune,32,"biggrid50-goal(40,10)",finetune,100,8499200,0.718367338180542,0.18982387072879658
finetune,32,"biggrid50-goal(40,10)",finetune,110,8509440,0.7234693765640259,0.20450096706492366
finetune,32,"biggrid50-goal(40,10)",finetune,120,8519680,0.7336734533309937,0.23385515973717783
finetune,32,"biggrid50-goal(40,10)",finetune,130,8529920,0.7265306115150452,0.21330725915968232
finetune,32,"biggrid50-goal(40,10)",finetune,140,8540160,0.7295918464660645,0.22211355125444096
finetune,32,"biggrid50-goal(40,10)",finetune,150,8550400,0.7244898080825806,0.2074364549183139
finetune,32,"biggrid50-goal(40,10)",finetune,160,8560640,0.7499999403953552,0.28082176513353724
finetune,32,"biggrid50-goal(40,10)",finetune,170,8570880,0.7418367266654968,0.25733854816806356
finetune,32,"biggrid50-goal(40,10)",finetune,180,8581120,0.7397959232330322,0.25146774392669513
finetune,32,"biggrid50-goal(40,10)",finetune,190,8591360,0.7418367266654968,0.25733854816806356
finetune,32,"biggrid50-goal(40,10)",finetune,200,8601600,0.7438775300979614,0.263209352409432
finetune,32,"biggrid50-goal(40,10)",finetune,210,8611840,0.7285714149475098,0.21917806340105073
finetune,32,"biggrid50-goal(40,10)",finetune,220,8622080,0.7275510430335999,0.21624274701307253
finetune,32,"biggrid50-goal(40,10)",finetune,230,8632320,0.731632649898529,0.2279843554958094
finetune,32,"biggrid50-goal(40,10)",finetune,240,8642560,0.7173469066619873,0.18688838287540638
finetune,32,"biggrid50-goal(40,10)",finetune,250,8652800,0.7030612230300903,0.14579258172041537
finetune,32,"biggrid50-goal(40,10)",finetune,260,8663040,0.7091836333274841,0.16340499444452064
finetune,32,"biggrid50-goal(40,10)",finetune,270,8673280,0.6959183812141418,0.12524468114291984
finetune,32,"biggrid50-goal(40,10)",finetune,280,8683520,0.7091836333274841,0.16340499444452064
finetune,32,"biggrid50-goal(40,10)",finetune,290,8693760,0.7091836333274841,0.16340499444452064
finetune,32,"biggrid50-goal(40,10)",finetune,300,8704000,0.6928571462631226,0.1164383890481612
finetune,32,"biggrid50-goal(40,10)",finetune,310,8714240,0.7173469066619873,0.18688838287540638
finetune,32,"biggrid50-goal(40,10)",finetune,320,8724480,0.7255101799964905,0.2103717713062921
finetune,32,"biggrid50-goal(40,10)",finetune,330,8734720,0.7285714149475098,0.21917806340105073
finetune,32,"biggrid50-goal(40,10)",finetune,340,8744960,0.7275510430335999,0.21624274701307253
finetune,32,"biggrid50-goal(40,10)",finetune,350,8755200,0.7275510430335999,0.21624274701307253
finetune,32,"biggrid50-goal(40,10)",finetune,360,8765440,0.7285714149475098,0.21917806340105073
finetune,32,"biggrid50-goal(40,10)",finetune,370,8775680,0.7173469066619873,0.18688838287540638
finetune,32,"biggrid50-goal(40,10)",finetune,380,8785920,0.7204081416130066,0.19569467497016502
finetune,32,"biggrid50-goal(40,10)",finetune,390,8796160,0.7163265347480774,0.18395306648742815
finetune,32,"biggrid50-goal(40,10)",finetune,400,8806400,0.7132652997970581,0.1751467743926695
finetune,32,"biggrid50-goal(40,10)",finetune,410,8816640,0.7275509834289551,0.21624257554766052
finetune,32,"biggrid50-goal(40,10)",finetune,420,8826880,0.7224489450454712,0.20156547921153345
finetune,32,"biggrid50-goal(40,10)",finetune,430,8837120,0.7295917868614197,0.22211337978902895
finetune,32,"biggrid50-goal(40,10)",finetune,440,8847360,0.7204081416130066,0.19569467497016502
finetune,32,"biggrid50-goal(40,10)",finetune,450,8857600,0.7234693765640259,0.20450096706492366
finetune,32,"biggrid50-goal(40,10)",finetune,460,8867840,0.7234693765640259,0.20450096706492366
finetune,32,"biggrid50-goal(40,10)",finetune,470,8878080,0.7275509834289551,0.21624257554766052
finetune,32,"biggrid50-goal(40,10)",finetune,480,8888320,0.7275509834289551,0.21624257554766052
finetune,32,"biggrid50-goal(40,10)",finetune,490,8898560,0.7295917868614197,0.22211337978902895
finetune,32,"biggrid50-goal(40,10)",finetune,500,8908800,0.714285671710968,0.17808209078064774
finetune,33,"biggrid50-goal(46,38)",finetune,10,8919040,0.9153059720993042,0.6437762182713948
finetune,33,"biggrid50-goal(46,38)",finetune,20,8929280,0.9183672070503235,0.6566517977903009
finetune,33,"biggrid50-goal(46,38)",finetune,30,8939520,0.9499999284744263,0.7896992856872462
finetune,33,"biggrid50-goal(46,38)",finetune,40,8949760,0.9561222791671753,0.815449943329801
finetune,33,"biggrid50-goal(46,38)",finetune,50,8960000,0.9428569674491882,0.7596559325462932
finetune,33,"biggrid50-goal(46,38)",finetune,60,8970240,0.9428569674491882,0.7596559325462932
finetune,33,"biggrid50-goal(46,38)",finetune,70,8980480,0.938775360584259,0.7424886603195041
finetune,33,"biggrid50-goal(46,38)",finetune,80,8990720,0.8836733102798462,0.5107289810720783
finetune,33,"biggrid50-goal(46,38)",finetune,90,9000960,0.8775508999824524,0.4849780727318947
finetune,33,"biggrid50-goal(46,38)",finetune,100,9011200,0.928571343421936,0.6995704797525314
finetune,33,"biggrid50-goal(46,38)",finetune,110,9021440,0.9122446775436401,0.6309003880548597
finetune,33,"biggrid50-goal(46,38)",finetune,120,9031680,0.9265304803848267,0.690986592941508
finetune,33,"biggrid50-goal(46,38)",finetune,130,9041920,0.9010202288627625,0.5836902640823752
finetune,33,"biggrid50-goal(46,38)",finetune,140,9052160,0.9061223268508911,0.6051497304123048
finetune,33,"biggrid50-goal(46,38)",finetune,150,9062400,0.9408162236213684,0.7510725471305275
finetune,34,"biggrid50-goal(27,31)",finetune,10,9072640,0.8326530456542969,-0.12072828561403592
finetune,34,"biggrid50-goal(27,31)",finetune,20,9082880,0.8673469424247742,0.11161792947467458
finetune,34,"biggrid50-goal(27,31)",finetune,30,9093120,0.8908162117004395,0.26879242973832923
finetune,34,"biggrid50-goal(27,31)",finetune,40,9103360,0.9020407795906067,0.3439637453890373
finetune,34,"biggrid50-goal(27,31)",finetune,50,9113600,0.9173468351364136,0.44646892367826385
finetune,34,"biggrid50-goal(27,31)",finetune,60,9123840,0.9040816426277161,0.3576314750569921
finetune,34,"biggrid50-goal(27,31)",finetune,70,9134080,0.9142856597900391,0.4259681275250272
finetune,34,"biggrid50-goal(27,31)",finetune,80,9144320,0.8765305280685425,0.1731207171087323
finetune,34,"biggrid50-goal(27,31)",finetune,90,9154560,0.9020406603813171,0.34396294704034175
finetune,34,"biggrid50-goal(27,31)",finetune,100,9164800,0.8897958993911743,0.2619593632530474
finetune,34,"biggrid50-goal(27,31)",finetune,110,9175040,0.9030612111091614,0.3507976102230147
finetune,34,"biggrid50-goal(27,31)",finetune,120,9185280,0.9183672070503235,0.4533023893378935
finetune,34,"biggrid50-goal(27,31)",finetune,130,9195520,0.9204080700874329,0.4669701190058483
finetune,34,"biggrid50-goal(27,31)",finetune,140,9205760,0.9214285016059875,0.4738039838398257
finetune,34,"biggrid50-goal(27,31)",finetune,150,9216000,0.9061223864555359,0.3712984063762514
finetune,35,"biggrid50-goal(21,31)",finetune,10,9226240,0.8918366432189941,0.5577186345889921
finetune,35,"biggrid50-goal(21,31)",finetune,20,9236480,0.9224489331245422,0.6828926841074053
finetune,35,"biggrid50-goal(21,31)",finetune,30,9246720,0.919387698173523,0.6703752547831476
finetune,35,"biggrid50-goal(21,31)",finetune,40,9256960,0.8877550363540649,0.541028891306091
finetune,35,"biggrid50-goal(21,31)",finetune,50,9267200,0.9132652282714844,0.6453403961346322
finetune,35,"biggrid50-goal(21,31)",finetune,60,9277440,0.8857142329216003,0.5326840196646404
finetune,35,"biggrid50-goal(21,31)",finetune,70,9287680,0.8979591131210327,0.5827534932375075
finetune,35,"biggrid50-goal(21,31)",finetune,80,9297920,0.9214285016059875,0.6787201264245982
finetune,35,"biggrid50-goal(21,31)",finetune,90,9308160,0.8948978185653687,0.570235820189086
finetune,35,"biggrid50-goal(21,31)",finetune,100,9318400,0.8857141733169556,0.5326837759404767
finetune,35,"biggrid50-goal(21,31)",finetune,110,9328640,0.9204080700874329,0.6745475687417911
finetune,35,"biggrid50-goal(21,31)",finetune,120,9338880,0.8785713911056519,0.5034768470574816
finetune,35,"biggrid50-goal(21,31)",finetune,130,9349120,0.919387698173523,0.6703752547831476
finetune,35,"biggrid50-goal(21,31)",finetune,140,9359360,0.9081631898880005,0.624478095168924
finetune,35,"biggrid50-goal(21,31)",finetune,150,9369600,0.9112244844436646,0.6369957682173454
finetune,36,"biggrid50-goal(46,10)",finetune,10,9379840,0.7897958159446716,0.4871367582085741
finetune,36,"biggrid50-goal(46,10)",finetune,20,9390080,0.827551007270813,0.5792531444974585
finetune,36,"biggrid50-goal(46,10)",finetune,30,9400320,0.8714284896850586,0.6863069026029259
finetune,36,"biggrid50-goal(46,10)",finetune,40,9410560,0.8989794850349426,0.7535267481698574
finetune,36,"biggrid50-goal(46,10)",finetune,50,9420800,0.9234691858291626,0.8132775442649524
finetune,36,"biggrid50-goal(46,10)",finetune,60,9431040,0.9234691858291626,0.8132775442649524
finetune,36,"biggrid50-goal(46,10)",finetune,70,9441280,0.9693875312805176,0.9253106686849776
finetune,36,"biggrid50-goal(46,10)",finetune,80,9451520,0.9795916676521301,0.9502070639815123
finetune,36,"biggrid50-goal(46,10)",finetune,90,9461760,0.9020406603813171,0.760995506790858
finetune,36,"biggrid50-goal(46,10)",finetune,100,9472000,0.8857142329216003,0.7211617396777402
finetune,36,"biggrid50-goal(46,10)",finetune,110,9482240,0.8765305280685425,0.6987550275384843
finetune,36,"biggrid50-goal(46,10)",finetune,120,9492480,0.8765305280685425,0.6987550275384843
finetune,36,"biggrid50-goal(46,10)",finetune,130,9502720,0.8857142329216003,0.7211617396777402
finetune,36,"biggrid50-goal(46,10)",finetune,140,9512960,0.8857142329216003,0.7211617396777402
finetune,36,"biggrid50-goal(46,10)",finetune,150,9523200,0.883673369884491,0.7161823733631824
finetune,37,"biggrid50-goal(9,17)",finetune,10,9533440,0.8183673620223999,0.31185588603051345
finetune,37,"biggrid50-goal(9,17)",finetune,20,9543680,0.8316326141357422,0.3621134017708484
finetune,37,"biggrid50-goal(9,17)",finetune,30,9553920,0.8244897127151489,0.3350513845916907
finetune,37,"biggrid50-goal(9,17)",finetune,40,9564160,0.8346937894821167,0.373711151051437
finetune,37,"biggrid50-goal(9,17)",finetune,50,9574400,0.8438774943351746,0.4085050763582101
finetune,37,"biggrid50-goal(9,17)",finetune,60,9584640,0.8479591608047485,0.42396911843511004
finetune,37,"biggrid50-goal(9,17)",finetune,70,9594880,0.827551007270813,0.3466495855156175
finetune,37,"biggrid50-goal(9,17)",finetune,80,9605120,0.8326529264450073,0.36597901710215247
finetune,37,"biggrid50-goal(9,17)",finetune,90,9615360,0.8581632375717163,0.4626288848948563
finetune,37,"biggrid50-goal(9,17)",finetune,100,9625600,0.851020336151123,0.43556686771569864
finetune,37,"biggrid50-goal(9,17)",finetune,110,9635840,0.8224489092826843,0.3273194764640753
finetune,37,"biggrid50-goal(9,17)",finetune,120,9646080,0.8316326141357422,0.3621134017708484
finetune,37,"biggrid50-goal(9,17)",finetune,130,9656320,0.8295917510986328,0.3543812678215639
finetune,37,"biggrid50-goal(9,17)",finetune,140,9666560,0.8489795923233032,0.4278351854097523
finetune,37,"biggrid50-goal(9,17)",finetune,150,9676800,0.8571427464485168,0.458762592098545
finetune,37,"biggrid50-goal(9,17)",finetune,160,9687040,0.8704080581665039,0.5090203336605489
finetune,37,"biggrid50-goal(9,17)",finetune,170,9697280,0.873469352722168,0.5206185345844757
finetune,37,"biggrid50-goal(9,17)",finetune,180,9707520,0.8857142329216003,0.5670102091718374
finetune,37,"biggrid50-goal(9,17)",finetune,190,9717760,0.8846938014030457,0.5631441421971951
finetune,37,"biggrid50-goal(9,17)",finetune,200,9728000,0.8642856478691101,0.4858246092777026
finetune,38,"biggrid50-goal(33,24)",finetune,10,9738240,0.8030611872673035,0.0721153400606985
finetune,38,"biggrid50-goal(33,24)",finetune,20,9748480,0.8469387292861938,0.2788460377339415
finetune,38,"biggrid50-goal(33,24)",finetune,30,9758720,0.8591836094856262,0.336538253616593
finetune,38,"biggrid50-goal(33,24)",finetune,40,9768960,0.9591835737228394,0.8076918648457305
finetune,38,"biggrid50-goal(33,24)",finetune,50,9779200,0.9224489331245422,0.6346152171977761
finetune,38,"biggrid50-goal(33,24)",finetune,60,9789440,0.9653061032295227,0.8365383940313613
finetune,38,"biggrid50-goal(33,24)",finetune,70,9799680,0.9306122660636902,0.6730770688922595
finetune,38,"biggrid50-goal(33,24)",finetune,80,9809920,0.9306122064590454,0.6730767880627228
finetune,38,"biggrid50-goal(33,24)",finetune,90,9820160,0.9622448682785034,0.8221152698533143
finetune,38,"biggrid50-goal(33,24)",finetune,100,9830400,0.9571428298950195,0.7980768231664148
finetune,38,"biggrid50-goal(33,24)",finetune,110,9840640,0.9316326379776001,0.6778845897319173
finetune,38,"biggrid50-goal(33,24)",finetune,120,9850880,0.9306122660636902,0.6730770688922595
finetune,38,"biggrid50-goal(33,24)",finetune,130,9861120,0.9163264036178589,0.6057686880121453
finetune,38,"biggrid50-goal(33,24)",finetune,140,9871360,0.9163264036178589,0.6057686880121453
finetune,38,"biggrid50-goal(33,24)",finetune,150,9881600,0.9673468470573425,0.846153435710677
finetune,39,"biggrid50-goal(40,17)",finetune,10,9891840,0.9173468351364136,0.5652949445070715
finetune,39,"biggrid50-goal(40,17)",finetune,20,9902080,0.9530611038208008,0.7531301372181936
finetune,39,"biggrid50-goal(40,17)",finetune,30,9912320,0.9061223268508911,0.5062609014042827
finetune,39,"biggrid50-goal(40,17)",finetune,40,9922560,0.9275509119033813,0.618962142424535
finetune,39,"biggrid50-goal(40,17)",finetune,50,9932800,0.9132651090621948,0.5438275637657698
finetune,39,"biggrid50-goal(40,17)",finetune,60,9943040,0.8999997973442078,0.4740601437762778
finetune,39,"biggrid50-goal(40,17)",finetune,70,9953280,0.9081631898880005,0.5169945917749336
finetune,39,"biggrid50-goal(40,17)",finetune,80,9963520,0.9112244844436646,0.5330951273309099
finetune,39,"biggrid50-goal(40,17)",finetune,90,9973760,0.9346938133239746,0.6565294317539176
finetune,39,"biggrid50-goal(40,17)",finetune,100,9984000,0.9275509119033813,0.618962142424535
finetune,39,"biggrid50-goal(40,17)",finetune,110,9994240,0.9061223864555359,0.5062612148882304
finetune,39,"biggrid50-goal(40,17)",finetune,120,10004480,0.9438773989677429,0.7048294710021079
finetune,39,"biggrid50-goal(40,17)",finetune,130,10014720,0.919387698173523,0.5760286348777225
finetune,39,"biggrid50-goal(40,17)",finetune,140,10024960,0.951020359992981,0.7423970738154382
finetune,39,"biggrid50-goal(40,17)",finetune,150,10035200,0.9346938133239746,0.6565294317539176
finetune,40,"biggrid50-goal(40,38)",finetune,10,10045440,0.7724488973617554,0.36164101363609763
finetune,40,"biggrid50-goal(40,38)",finetune,20,10055680,0.7693877220153809,0.3530533655494152
finetune,40,"biggrid50-goal(40,38)",finetune,30,10065920,0.8081631660461426,0.4618318019547024
finetune,40,"biggrid50-goal(40,38)",finetune,40,10076160,0.7806121706962585,0.38454179869407823
finetune,40,"biggrid50-goal(40,38)",finetune,50,10086400,0.8102041482925415,0.46755745805081556
finetune,40,"biggrid50-goal(40,38)",finetune,60,10096640,0.8091837167739868,0.46469479721425644
finetune,40,"biggrid50-goal(40,38)",finetune,70,10106880,0.8091837167739868,0.46469479721425644
finetune,40,"biggrid50-goal(40,38)",finetune,80,10117120,0.7999999523162842,0.4389311841082193
finetune,40,"biggrid50-goal(40,38)",finetune,90,10127360,0.8163264393806458,0.484732587012683
finetune,40,"biggrid50-goal(40,38)",finetune,100,10137600,0.8448978662490845,0.5648852511098663
finetune,40,"biggrid50-goal(40,38)",finetune,110,10147840,0.8183673024177551,0.49045790868580125
finetune,40,"biggrid50-goal(40,38)",finetune,120,10158080,0.8346937894821167,0.536259311590265
finetune,40,"biggrid50-goal(40,38)",finetune,130,10168320,0.8081631660461426,0.4618318019547024
finetune,40,"biggrid50-goal(40,38)",finetune,140,10178560,0.810204029083252,0.46755712362782065
finetune,40,"biggrid50-goal(40,38)",finetune,150,10188800,0.7918367385864258,0.4160305662617362
finetune,40,"biggrid50-goal(40,38)",finetune,160,10199040,0.7836734652519226,0.3931297812037556
finetune,40,"biggrid50-goal(40,38)",finetune,170,10209280,0.8346937894821167,0.536259311590265
finetune,40,"biggrid50-goal(40,38)",finetune,180,10219520,0.871428370475769,0.6393124263224339
finetune,40,"biggrid50-goal(40,38)",finetune,190,10229760,0.8244897127151489,0.5076333720706636
finetune,40,"biggrid50-goal(40,38)",finetune,200,10240000,0.833673357963562,0.5333966507537058
finetune,40,"biggrid50-goal(40,38)",finetune,210,10250240,0.8142856359481812,0.4790074325510622
finetune,40,"biggrid50-goal(40,38)",finetune,220,10260480,0.8357142210006714,0.539121972426824
finetune,40,"biggrid50-goal(40,38)",finetune,230,10270720,0.7897958159446716,0.41030507737712046
finetune,40,"biggrid50-goal(40,38)",finetune,240,10280960,0.8785713911056519,0.6593510521783478
finetune,40,"biggrid50-goal(40,38)",finetune,250,10291200,0.810204029083252,0.46755712362782065
finetune,40,"biggrid50-goal(40,38)",finetune,260,10301440,0.9561223983764648,0.8769082594119172
finetune,40,"biggrid50-goal(40,38)",finetune,270,10311680,0.9999998807907104,0.999999665577005
finetune,40,"biggrid50-goal(40,38)",finetune,280,10321920,0.7999998927116394,0.4389310168967218
finetune,40,"biggrid50-goal(40,38)",finetune,290,10332160,0.8581631779670715,0.6020990059276475
finetune,40,"biggrid50-goal(40,38)",finetune,300,10342400,0.7867347002029419,0.40171759650193545
finetune,40,"biggrid50-goal(40,38)",finetune,310,10352640,0.8938775062561035,0.7022899614577498
finetune,40,"biggrid50-goal(40,38)",finetune,320,10362880,0.8255101442337036,0.5104960329072227
finetune,40,"biggrid50-goal(40,38)",finetune,330,10373120,0.8897958993911743,0.6908396525345083
finetune,40,"biggrid50-goal(40,38)",finetune,340,10383360,0.7826530337333679,0.39026712036719646
finetune,40,"biggrid50-goal(40,38)",finetune,350,10393600,0.7918366193771362,0.4160302318387412
finetune,40,"biggrid50-goal(40,38)",finetune,360,10403840,0.9999998807907104,0.999999665577005
finetune,40,"biggrid50-goal(40,38)",finetune,370,10414080,0.8214285969734192,0.4990458911954786
finetune,40,"biggrid50-goal(40,38)",finetune,380,10424320,0.9204080700874329,0.7767173038818149
finetune,40,"biggrid50-goal(40,38)",finetune,390,10434560,0.9081631898880005,0.7423662099005928
finetune,40,"biggrid50-goal(40,38)",finetune,400,10444800,0.928571343421936,0.7996180889397955
finetune,40,"biggrid50-goal(40,38)",finetune,410,10455040,0.9183672666549683,0.7709921494201941
finetune,40,"biggrid50-goal(40,38)",finetune,420,10465280,0.9357141256332397,0.8196560459497195
finetune,40,"biggrid50-goal(40,38)",finetune,430,10475520,0.8867346048355103,0.6822516700248309
finetune,40,"biggrid50-goal(40,38)",finetune,440,10485760,0.833673357963562,0.5333966507537058
finetune,40,"biggrid50-goal(40,38)",finetune,450,10496000,0.8581631779670715,0.6020990059276475
finetune,40,"biggrid50-goal(40,38)",finetune,460,10506240,0.8744896650314331,0.6479004088321113
finetune,40,"biggrid50-goal(40,38)",finetune,470,10516480,0.8795917630195618,0.6622135458034094
finetune,40,"biggrid50-goal(40,38)",finetune,480,10526720,0.8785713315010071,0.6593508849668503
finetune,40,"biggrid50-goal(40,38)",finetune,490,10536960,0.8918366432189941,0.6965646397846316
finetune,40,"biggrid50-goal(40,38)",finetune,500,10547200,0.8918366432189941,0.6965646397846316
finetune,41,"biggrid50-goal(33,38)",finetune,10,10557440,0.8989795446395874,0.5586922428569829
finetune,41,"biggrid50-goal(33,38)",finetune,20,10567680,0.8622449636459351,0.39821726291297044
finetune,41,"biggrid50-goal(33,38)",finetune,30,10577920,0.8989795446395874,0.5586922428569829
finetune,41,"biggrid50-goal(33,38)",finetune,40,10588160,0.9234693646430969,0.665675996791042
finetune,41,"biggrid50-goal(33,38)",finetune,50,10598400,0.9081632494926453,0.5988112482258164
finetune,41,"biggrid50-goal(33,38)",finetune,60,10608640,0.9081632494926453,0.5988112482258164
finetune,41,"biggrid50-goal(33,38)",finetune,70,10618880,0.8530611991882324,0.35809799716130636
finetune,41,"biggrid50-goal(33,38)",finetune,80,10629120,0.8724489212036133,0.44279324119079316
finetune,41,"biggrid50-goal(33,38)",finetune,90,10639360,0.8602040410041809,0.38930149441517886
finetune,41,"biggrid50-goal(33,38)",finetune,100,10649600,0.8969388008117676,0.5497772555076827
finetune,41,"biggrid50-goal(33,38)",finetune,110,10659840,0.9265305399894714,0.6790487381978227
finetune,41,"biggrid50-goal(33,38)",finetune,120,10670080,0.8959183692932129,0.5453195014502021
finetune,41,"biggrid50-goal(33,38)",finetune,130,10680320,0.9183672666549683,0.6433874868864697
finetune,41,"biggrid50-goal(33,38)",finetune,140,10690560,0.9061223864555359,0.5898957401108554
finetune,41,"biggrid50-goal(33,38)",finetune,150,10700800,0.8897958993911743,0.5185734978709798
finetune,42,"biggrid50-goal(9,45)",finetune,10,10711040,0.8224489092826843,0.383707080489515
finetune,42,"biggrid50-goal(9,45)",finetune,20,10721280,0.8663264513015747,0.5360092621461705
finetune,42,"biggrid50-goal(9,45)",finetune,30,10731520,0.8816325068473816,0.5891377088394862
finetune,42,"biggrid50-goal(9,45)",finetune,40,10741760,0.9377549290657043,0.7839427719860629
finetune,42,"biggrid50-goal(9,45)",finetune,50,10752000,0.9755100011825562,0.9149934094517007
finetune,42,"biggrid50-goal(9,45)",finetune,60,10762240,0.984693706035614,0.9468707257382273
finetune,42,"biggrid50-goal(9,45)",finetune,70,10772480,0.98163241147995,0.9362447467506042
finetune,42,"biggrid50-goal(9,45)",finetune,80,10782720,0.9775508642196655,0.9220773954434495
finetune,42,"biggrid50-goal(9,45)",finetune,90,10792960,0.9795916676521301,0.9291611745430839
finetune,42,"biggrid50-goal(9,45)",finetune,100,10803200,0.9795917272567749,0.9291613814351982
finetune,42,"biggrid50-goal(9,45)",finetune,110,10813440,0.98163241147995,0.9362447467506042
finetune,42,"biggrid50-goal(9,45)",finetune,120,10823680,0.984693706035614,0.9468707257382273
finetune,42,"biggrid50-goal(9,45)",finetune,130,10833920,0.9826528429985046,0.9397867397464785
finetune,42,"biggrid50-goal(9,45)",finetune,140,10844160,0.9846936464309692,0.9468705188461131
finetune,42,"biggrid50-goal(9,45)",finetune,150,10854400,0.9785712361335754,0.9256191815472096
finetune,43,"biggrid50-goal(9,38)",finetune,10,10864640,0.9602039456367493,0.8753989269632171
finetune,43,"biggrid50-goal(9,38)",finetune,20,10874880,0.9479590654373169,0.8370603218811754
finetune,43,"biggrid50-goal(9,38)",finetune,30,10885120,0.9724488258361816,0.9137375320452588
finetune,43,"biggrid50-goal(9,38)",finetune,40,10895360,0.961224377155304,0.8785938884790472
finetune,43,"biggrid50-goal(9,38)",finetune,50,10905600,0.9673467874526978,0.8977630977092761
finetune,43,"biggrid50-goal(9,38)",finetune,60,10915840,0.95714271068573,0.8658142290373106
finetune,43,"biggrid50-goal(9,38)",finetune,70,10926080,0.9551018476486206,0.8594243060056506
finetune,43,"biggrid50-goal(9,38)",finetune,80,10936320,0.9571426510810852,0.8658140424157268
finetune,43,"biggrid50-goal(9,38)",finetune,90,10946560,0.9561222195625305,0.8626190808998967
finetune,43,"biggrid50-goal(9,38)",finetune,100,10956800,0.961224377155304,0.8785938884790472
finetune,43,"biggrid50-goal(9,38)",finetune,110,10967040,0.9602039456367493,0.8753989269632171
finetune,43,"biggrid50-goal(9,38)",finetune,120,10977280,0.9591835141181946,0.872203965447387
finetune,43,"biggrid50-goal(9,38)",finetune,130,10987520,0.9602039456367493,0.8753989269632171
finetune,43,"biggrid50-goal(9,38)",finetune,140,10997760,0.9571426510810852,0.8658140424157268
finetune,43,"biggrid50-goal(9,38)",finetune,150,11008000,0.9591835141181946,0.872203965447387
finetune,44,"biggrid50-goal(9,3)",finetune,10,11018240,0.6183673143386841,-0.05451108377872892
finetune,44,"biggrid50-goal(9,3)",finetune,20,11028480,0.6204081773757935,-0.048871858487067
finetune,44,"biggrid50-goal(9,3)",finetune,30,11038720,0.6224489808082581,-0.043232797892405424
finetune,44,"biggrid50-goal(9,3)",finetune,40,11048960,0.6224489808082581,-0.043232797892405424
finetune,44,"biggrid50-goal(9,3)",finetune,50,11059200,0.6265305876731873,-0.031954676703082274
finetune,44,"biggrid50-goal(9,3)",finetune,60,11069440,0.6224489808082581,-0.043232797892405424
finetune,44,"biggrid50-goal(9,3)",finetune,70,11079680,0.6224489808082581,-0.043232797892405424
finetune,44,"biggrid50-goal(9,3)",finetune,80,11089920,0.623469352722168,-0.04041334994357481
finetune,44,"biggrid50-goal(9,3)",finetune,90,11100160,0.6224489808082581,-0.043232797892405424
finetune,44,"biggrid50-goal(9,3)",finetune,100,11110400,0.6224489808082581,-0.043232797892405424
finetune,44,"biggrid50-goal(9,3)",finetune,110,11120640,0.6224489808082581,-0.043232797892405424
finetune,44,"biggrid50-goal(9,3)",finetune,120,11130880,0.6224489808082581,-0.043232797892405424
finetune,44,"biggrid50-goal(9,3)",finetune,130,11141120,0.6224489808082581,-0.043232797892405424
finetune,44,"biggrid50-goal(9,3)",finetune,140,11151360,0.6224489808082581,-0.043232797892405424
finetune,44,"biggrid50-goal(9,3)",finetune,150,11161600,0.6224489808082581,-0.043232797892405424
finetune,44,"biggrid50-goal(9,3)",finetune,160,11171840,0.6295918226242065,-0.023496003462589735
finetune,44,"biggrid50-goal(9,3)",finetune,170,11182080,0.6285713911056519,-0.026315616108420693
finetune,44,"biggrid50-goal(9,3)",finetune,180,11192320,0.6295918226242065,-0.023496003462589735
finetune,44,"biggrid50-goal(9,3)",finetune,190,11202560,0.6285713911056519,-0.026315616108420693
finetune,44,"biggrid50-goal(9,3)",finetune,200,11212800,0.6285713911056519,-0.026315616108420693
finetune,44,"biggrid50-goal(9,3)",finetune,210,11223040,0.6285713911056519,-0.026315616108420693
finetune,44,"biggrid50-goal(9,3)",finetune,220,11233280,0.6285713911056519,-0.026315616108420693
finetune,44,"biggrid50-goal(9,3)",finetune,230,11243520,0.6285713911056519,-0.026315616108420693
finetune,44,"biggrid50-goal(9,3)",finetune,240,11253760,0.6285713911056519,-0.026315616108420693
finetune,44,"biggrid50-goal(9,3)",finetune,250,11264000,0.6285713911056519,-0.026315616108420693
finetune,44,"biggrid50-goal(9,3)",finetune,260,11274240,0.6285713911056519,-0.026315616108420693
finetune,44,"biggrid50-goal(9,3)",finetune,270,11284480,0.6285713911056519,-0.026315616108420693
finetune,44,"biggrid50-goal(9,3)",finetune,280,11294720,0.6336734294891357,-0.01221788227326658
finetune,44,"biggrid50-goal(9,3)",finetune,290,11304960,0.6336734294891357,-0.01221788227326658
finetune,44,"biggrid50-goal(9,3)",finetune,300,11315200,0.6285713911056519,-0.026315616108420693
finetune,44,"biggrid50-goal(9,3)",finetune,310,11325440,0.6397958993911743,0.004699464207718492
finetune,44,"biggrid50-goal(9,3)",finetune,320,11335680,0.6285713911056519,-0.026315616108420693
finetune,44,"biggrid50-goal(9,3)",finetune,330,11345920,0.6326530575752258,-0.015037330222097198
finetune,44,"biggrid50-goal(9,3)",finetune,340,11356160,0.6316326260566711,-0.017856942867928157
finetune,44,"biggrid50-goal(9,3)",finetune,350,11366400,0.6295918226242065,-0.023496003462589735
finetune,44,"biggrid50-goal(9,3)",finetune,360,11376640,0.6397958993911743,0.004699464207718492
finetune,44,"biggrid50-goal(9,3)",finetune,370,11386880,0.6704081296920776,0.08928586721864318
finetune,44,"biggrid50-goal(9,3)",finetune,380,11397120,0.6704081296920776,0.08928586721864318
finetune,44,"biggrid50-goal(9,3)",finetune,390,11407360,0.6346938610076904,-0.009398269627435622
finetune,44,"biggrid50-goal(9,3)",finetune,400,11417600,0.6377550363540649,-0.0009397610839434259
finetune,44,"biggrid50-goal(9,3)",finetune,410,11427840,0.6520408391952515,0.03853415716968864
finetune,44,"biggrid50-goal(9,3)",finetune,420,11438080,0.6479591727256775,0.02725587128336514
finetune,44,"biggrid50-goal(9,3)",finetune,430,11448320,0.644897997379303,0.018797362739872946
finetune,44,"biggrid50-goal(9,3)",finetune,440,11458560,0.6346938610076904,-0.009398269627435622
finetune,44,"biggrid50-goal(9,3)",finetune,450,11468800,0.6622448563575745,0.06672946014299652
finetune,44,"biggrid50-goal(9,3)",finetune,460,11479040,0.6642856597900391,0.0723685207376581
finetune,44,"biggrid50-goal(9,3)",finetune,470,11489280,0.6459183692932129,0.021616810688703563
finetune,44,"biggrid50-goal(9,3)",finetune,480,11499520,0.6204081773757935,-0.048871858487067
finetune,44,"biggrid50-goal(9,3)",finetune,490,11509760,0.6459183692932129,0.021616810688703563
finetune,44,"biggrid50-goal(9,3)",finetune,500,11520000,0.6622448563575745,0.06672946014299652
finetune,45,"biggrid50-goal(40,24)",finetune,10,11530240,0.7306122183799744,0.054892466181535766
finetune,45,"biggrid50-goal(40,24)",finetune,20,11540480,0.7428570985794067,0.09785183300059785
finetune,45,"biggrid50-goal(40,24)",finetune,30,11550720,0.7428570985794067,0.09785183300059785
finetune,45,"biggrid50-goal(40,24)",finetune,40,11560960,0.7469387054443359,0.11217155223556625
finetune,45,"biggrid50-goal(40,24)",finetune,50,11571200,0.7489795684814453,0.11933162096720734
finetune,45,"biggrid50-goal(40,24)",finetune,60,11581440,0.8030611276626587,0.30906884184424466
finetune,45,"biggrid50-goal(40,24)",finetune,70,11591680,0.8346937894821167,0.4200473978147989
finetune,45,"biggrid50-goal(40,24)",finetune,80,11601920,0.9020406603813171,0.6563240198767188
finetune,45,"biggrid50-goal(40,24)",finetune,90,11612160,0.9459182620048523,0.810262151780492
finetune,45,"biggrid50-goal(40,24)",finetune,100,11622400,0.9510202407836914,0.8281616962671241
finetune,45,"biggrid50-goal(40,24)",finetune,110,11632640,0.9693876504898071,0.8926010601669525
finetune,45,"biggrid50-goal(40,24)",finetune,120,11642880,0.9755100011825562,0.9140804299052483
finetune,45,"biggrid50-goal(40,24)",finetune,130,11653120,0.9744895696640015,0.9105003955394277
finetune,45,"biggrid50-goal(40,24)",finetune,140,11663360,0.9632652401924133,0.8711214813145
finetune,45,"biggrid50-goal(40,24)",finetune,150,11673600,0.9806120991706848,0.9319803926201942
finetune,45,"biggrid50-goal(40,24)",finetune,160,11683840,0.964285671710968,0.8747015156803205
finetune,45,"biggrid50-goal(40,24)",finetune,170,11694080,0.9673468470573425,0.8854412005494684
finetune,45,"biggrid50-goal(40,24)",finetune,180,11704320,0.961224377155304,0.8639614125828589
finetune,45,"biggrid50-goal(40,24)",finetune,190,11714560,0.9530611038208008,0.8353217649987652
finetune,45,"biggrid50-goal(40,24)",finetune,200,11724800,0.946938693523407,0.8138421861463125
finetune,46,"biggrid50-goal(33,31)",finetune,10,11735040,0.9438775181770325,0.733440891690678
finetune,46,"biggrid50-goal(33,31)",finetune,20,11745280,0.9346938133239746,0.6898220049791272
finetune,46,"biggrid50-goal(33,31)",finetune,30,11755520,0.9387754201889038,0.7092079881189441
finetune,46,"biggrid50-goal(33,31)",finetune,40,11765760,0.9479591250419617,0.752826874830495
finetune,46,"biggrid50-goal(33,31)",finetune,50,11776000,0.9479590654373169,0.75282659173252
finetune,46,"biggrid50-goal(33,31)",finetune,60,11786240,0.95714271068573,0.7964451953460958
finetune,46,"biggrid50-goal(33,31)",finetune,70,11796480,0.9459182620048523,0.7431336001626114
finetune,46,"biggrid50-goal(33,31)",finetune,80,11806720,0.9448978304862976,0.7382869628286697
finetune,46,"biggrid50-goal(33,31)",finetune,90,11816960,0.9275509119033813,0.6558961098374848
finetune,46,"biggrid50-goal(33,31)",finetune,100,11827200,0.9142856597900391,0.592891523084092
finetune,46,"biggrid50-goal(33,31)",finetune,110,11837440,0.9234692454338074,0.6365098435996926
finetune,46,"biggrid50-goal(33,31)",finetune,120,11847680,0.9295917749404907,0.6655893845053684
finetune,46,"biggrid50-goal(33,31)",finetune,130,11857920,0.9428570866584778,0.7285942543567363
finetune,46,"biggrid50-goal(33,31)",finetune,140,11868160,0.928571343421936,0.6607427471714266
finetune,46,"biggrid50-goal(33,31)",finetune,150,11878400,0.9448979496955872,0.7382875290246199
finetune,47,"biggrid50-goal(46,45)",finetune,10,11888640,0.6867346167564392,0.2667195356090325
finetune,47,"biggrid50-goal(46,45)",finetune,20,11898880,0.6959182620048523,0.2882162856898497
finetune,47,"biggrid50-goal(46,45)",finetune,30,11909120,0.7306121587753296,0.3694265249827378
finetune,47,"biggrid50-goal(46,45)",finetune,40,11919360,0.7469385862350464,0.40764284555269553
finetune,47,"biggrid50-goal(46,45)",finetune,50,11929600,0.8632651567459106,0.6799359433792602
finetune,47,"biggrid50-goal(46,45)",finetune,60,11939840,0.7989795207977295,0.5294584137726758
finetune,47,"biggrid50-goal(46,45)",finetune,70,11950080,0.8316324949264526,0.6058913339534552
finetune,47,"biggrid50-goal(46,45)",finetune,80,11960320,0.8530610799789429,0.6560506035026047
finetune,47,"biggrid50-goal(46,45)",finetune,90,11970560,0.9132651090621948,0.7969740529666997
finetune,47,"biggrid50-goal(46,45)",finetune,100,11980800,0.9193876385688782,0.8113054522212978
finetune,47,"biggrid50-goal(46,45)",finetune,110,11991040,0.9040814638137817,0.7754773028858825
finetune,47,"biggrid50-goal(46,45)",finetune,120,12001280,0.8704080581665039,0.6966557929092647
finetune,47,"biggrid50-goal(46,45)",finetune,130,12011520,0.9122446775436401,0.7945854631708613
finetune,47,"biggrid50-goal(46,45)",finetune,140,12021760,0.8775508999824524,0.7133755029188372
finetune,47,"biggrid50-goal(46,45)",finetune,150,12032000,0.9193875193595886,0.8113051731804338
finetune,48,"biggrid50-goal(3,38)",finetune,10,12042240,0.7642855644226074,0.29068535676914153
finetune,48,"biggrid50-goal(3,38)",finetune,20,12052480,0.7908161878585815,0.3705216198774377
finetune,48,"biggrid50-goal(3,38)",finetune,30,12062720,0.8734691739082336,0.6192419545831371
finetune,48,"biggrid50-goal(3,38)",finetune,40,12072960,0.8765304684638977,0.6284540380529358
finetune,48,"biggrid50-goal(3,38)",finetune,50,12083200,0.8836733102798462,0.6499483613934783
finetune,48,"biggrid50-goal(3,38)",finetune,60,12093440,0.8387754559516907,0.5148412117333532
finetune,48,"biggrid50-goal(3,38)",finetune,70,12103680,0.8857141733169556,0.656089750373344
finetune,48,"biggrid50-goal(3,38)",finetune,80,12113920,0.9897956848144531,0.9692930551006711
finetune,48,"biggrid50-goal(3,38)",finetune,90,12124160,0.8979590535163879,0.6929371874375593
finetune,48,"biggrid50-goal(3,38)",finetune,100,12134400,0.8979590535163879,0.6929371874375593
finetune,48,"biggrid50-goal(3,38)",finetune,110,12144640,0.8857141733169556,0.656089750373344
finetune,48,"biggrid50-goal(3,38)",finetune,120,12154880,0.9897956848144531,0.9692930551006711
finetune,48,"biggrid50-goal(3,38)",finetune,130,12165120,0.9897956848144531,0.9692930551006711
finetune,48,"biggrid50-goal(3,38)",finetune,140,12175360,0.9897956848144531,0.9692930551006711
finetune,48,"biggrid50-goal(3,38)",finetune,150,12185600,0.9897956848144531,0.9692930551006711
finetune,49,"biggrid50-goal(46,3)",finetune,10,12195840,0.6306121945381165,-0.0422263787433075
finetune,49,"biggrid50-goal(46,3)",finetune,20,12206080,0.6622448563575745,0.0470250640239534
finetune,49,"biggrid50-goal(46,3)",finetune,30,12216320,0.7265304923057556,0.2284067571085592
finetune,49,"biggrid50-goal(46,3)",finetune,40,12226560,0.77448970079422,0.3637234932087857
finetune,49,"biggrid50-goal(46,3)",finetune,50,12236800,0.7622448205947876,0.32917460729620807
finetune,49,"biggrid50-goal(46,3)",finetune,60,12247040,0.810204029083252,0.46449134339643455
finetune,49,"biggrid50-goal(46,3)",finetune,70,12257280,0.9265305399894714,0.7927061800016548
finetune,49,"biggrid50-goal(46,3)",finetune,80,12267520,0.8622447848320007,0.6113241505684628
finetune,49,"biggrid50-goal(46,3)",finetune,90,12277760,0.8285713195800781,0.5163145881781545
finetune,49,"biggrid50-goal(46,3)",finetune,100,12288000,0.8224489092826843,0.4990402293090122
finetune,49,"biggrid50-goal(46,3)",finetune,110,12298240,0.820408046245575,0.49328194151167165
finetune,49,"biggrid50-goal(46,3)",finetune,120,12308480,0.8173468708992004,0.4846448461642471
finetune,49,"biggrid50-goal(46,3)",finetune,130,12318720,0.8734692335128784,0.64299389258237
finetune,49,"biggrid50-goal(46,3)",finetune,140,12328960,0.8653059005737305,0.6199610777415941
finetune,49,"biggrid50-goal(46,3)",finetune,150,12339200,0.858163058757782,0.5998075749737817
finetune,49,"biggrid50-goal(46,3)",finetune,160,12349440,0.8489793539047241,0.5738957844086285
finetune,49,"biggrid50-goal(46,3)",finetune,170,12359680,0.8561221957206726,0.5940492871764411
finetune,49,"biggrid50-goal(46,3)",finetune,180,12369920,0.847959041595459,0.5710169768585446
finetune,49,"biggrid50-goal(46,3)",finetune,190,12380160,0.8867346048355103,0.6804220905679111
finetune,49,"biggrid50-goal(46,3)",finetune,200,12390400,0.8530610799789429,0.5854123600033097
finetune,49,"biggrid50-goal(46,3)",finetune,210,12400640,0.9081630706787109,0.7408824306970555
finetune,49,"biggrid50-goal(46,3)",finetune,220,12410880,0.8520406484603882,0.5825332161046394
finetune,49,"biggrid50-goal(46,3)",finetune,230,12421120,0.8724488019943237,0.6401147486836998
finetune,49,"biggrid50-goal(46,3)",finetune,240,12431360,0.8744896650314331,0.6458730364810403
finetune,49,"biggrid50-goal(46,3)",finetune,250,12441600,0.79795902967453,0.42994212113527064
finetune,49,"biggrid50-goal(46,3)",finetune,260,12451840,0.9010202288627625,0.720728927929243
finetune,49,"biggrid50-goal(46,3)",finetune,270,12462080,0.8591834902763367,0.602686718872452
finetune,49,"biggrid50-goal(46,3)",finetune,280,12472320,0.847959041595459,0.5710169768585446
finetune,49,"biggrid50-goal(46,3)",finetune,290,12482560,0.8551018834114075,0.591170479626357
finetune,49,"biggrid50-goal(46,3)",finetune,300,12492800,0.8979590535163879,0.7120918325818185
finetune,49,"biggrid50-goal(46,3)",finetune,310,12503040,0.8632651567459106,0.6142031262928399
finetune,49,"biggrid50-goal(46,3)",finetune,320,12513280,0.921428382396698,0.7783104605083034
finetune,49,"biggrid50-goal(46,3)",finetune,330,12523520,0.9040814638137817,0.7293661914509607
finetune,49,"biggrid50-goal(46,3)",finetune,340,12533760,0.9285712242126465,0.7984639632761159
finetune,49,"biggrid50-goal(46,3)",finetune,350,12544000,0.9346936941146851,0.8157384903195514
finetune,49,"biggrid50-goal(46,3)",finetune,360,12554240,0.951020359992981,0.8618041200011032
finetune,49,"biggrid50-goal(46,3)",finetune,370,12564480,0.8877550363540649,0.6833012344665814
finetune,49,"biggrid50-goal(46,3)",finetune,380,12574720,0.9999998807907104,0.9999996636514137
finetune,49,"biggrid50-goal(46,3)",finetune,390,12584960,0.8591834902763367,0.602686718872452
finetune,49,"biggrid50-goal(46,3)",finetune,400,12595200,0.8551018834114075,0.591170479626357
