method,after_task,after_task_name,eval_task,eval_task_name,raw,normalized
finetune,0,"biggrid50-goal(40,31)",0,"biggrid50-goal(40,31)",0.938775360584259,0.8224847561370774
finetune,1,"biggrid50-goal(9,31)",0,"biggrid50-goal(40,31)",0.7534013390541077,0.28500973052973794
finetune,1,"biggrid50-goal(9,31)",1,"biggrid50-goal(9,31)",0.9445577263832092,0.7457094117100296
finetune,2,"biggrid50-goal(15,31)",0,"biggrid50-goal(40,31)",0.7438775300979614,0.2573963172783481
finetune,2,"biggrid50-goal(15,31)",1,"biggrid50-goal(9,31)",0.9377549886703491,0.7145080907299016
finetune,2,"biggrid50-goal(15,31)",2,"biggrid50-goal(15,31)",0.93265300989151,0.6876968487342117
finetune,3,"biggrid50-goal(9,24)",0,"biggrid50-goal(40,31)",0.7204082012176514,0.1893491441264186
finetune,3,"biggrid50-goal(9,24)",1,"biggrid50-goal(9,31)",0.8846937417984009,0.4711382791718723
finetune,3,"biggrid50-goal(9,24)",2,"biggrid50-goal(15,31)",0.9261904358863831,0.6577284385077377
finetune,3,"biggrid50-goal(9,24)",3,"biggrid50-goal(9,24)",0.988775372505188,0.9326522912304356
finetune,4,"biggrid50-goal(21,17)",0,"biggrid50-goal(40,31)",0.7690475583076477,0.3303745126310243
finetune,4,"biggrid50-goal(21,17)",1,"biggrid50-goal(9,31)",0.9180270433425903,0.6240242325493659
finetune,4,"biggrid50-goal(21,17)",2,"biggrid50-goal(15,31)",0.8387755155563354,0.2523657780125336
finetune,4,"biggrid50-goal(21,17)",3,"biggrid50-goal(9,24)",0.883673369884491,0.30204080172948694
finetune,4,"biggrid50-goal(21,17)",4,"biggrid50-goal(21,17)",0.777550995349884,0.20341036817837785
finetune,5,"biggrid50-goal(27,3)",0,"biggrid50-goal(40,31)",0.7846938371658325,0.3757394675505282
finetune,5,"biggrid50-goal(27,3)",1,"biggrid50-goal(9,31)",0.8465985059738159,0.29641131909379453
finetune,5,"biggrid50-goal(27,3)",2,"biggrid50-goal(15,31)",0.8238094449043274,0.18296473990883771
finetune,5,"biggrid50-goal(27,3)",3,"biggrid50-goal(9,24)",0.8374149203300476,0.024490336008983603
finetune,5,"biggrid50-goal(27,3)",4,"biggrid50-goal(21,17)",0.7765305638313293,0.19975620407481987
finetune,5,"biggrid50-goal(27,3)",5,"biggrid50-goal(27,3)",0.9057821035385132,0.6690554397889109
finetune,6,"biggrid50-goal(3,31)",0,"biggrid50-goal(40,31)",0.7370747923851013,0.23767240129357892
finetune,6,"biggrid50-goal(3,31)",1,"biggrid50-goal(9,31)",0.9309523701667786,0.6833073165130717
finetune,6,"biggrid50-goal(3,31)",2,"biggrid50-goal(15,31)",0.9142856597900391,0.6025233122799336
finetune,6,"biggrid50-goal(3,31)",3,"biggrid50-goal(9,24)",0.9659863114356995,0.7959180389134559
finetune,6,"biggrid50-goal(3,31)",4,"biggrid50-goal(21,17)",0.7931972742080688,0.25943967491599906
finetune,6,"biggrid50-goal(3,31)",5,"biggrid50-goal(27,3)",0.7370747327804565,0.07646328143270278
finetune,6,"biggrid50-goal(3,31)",6,"biggrid50-goal(3,31)",0.9816324710845947,0.9277101367815345
finetune,7,"biggrid50-goal(33,10)",0,"biggrid50-goal(40,31)",0.8353740572929382,0.5226821318233169
finetune,7,"biggrid50-goal(33,10)",1,"biggrid50-goal(9,31)",0.8435373306274414,0.2823709843653035
finetune,7,"biggrid50-goal(33,10)",2,"biggrid50-goal(15,31)",0.8112245202064514,0.12460561153119327
finetune,7,"biggrid50-goal(33,10)",3,"biggrid50-goal(9,24)",0.8316326141357422,-0.010203472206079311
finetune,7,"biggrid50-goal(33,10)",4,"biggrid50-goal(21,17)",0.7595238089561462,0.13885503427272955
finetune,7,"biggrid50-goal(33,10)",5,"biggrid50-goal(27,3)",0.8265305161476135,0.39068070717287245
finetune,7,"biggrid50-goal(33,10)",6,"biggrid50-goal(3,31)",0.8040815591812134,0.22891547611032512
finetune,7,"biggrid50-goal(33,10)",7,"biggrid50-goal(33,10)",0.9615644812583923,0.8509229451480793
finetune,8,"biggrid50-goal(27,45)",0,"biggrid50-goal(40,31)",0.8438774943351746,0.5473370700088327
finetune,8,"biggrid50-goal(27,45)",1,"biggrid50-goal(9,31)",0.874829888343811,0.4258968968449024
finetune,8,"biggrid50-goal(27,45)",2,"biggrid50-goal(15,31)",0.8819727301597595,0.45268098474741036
finetune,8,"biggrid50-goal(27,45)",3,"biggrid50-goal(9,24)",0.8734692931175232,0.24081639221730883
finetune,8,"biggrid50-goal(27,45)",4,"biggrid50-goal(21,17)",0.7697278261184692,0.17539560808748478
finetune,8,"biggrid50-goal(27,45)",5,"biggrid50-goal(27,3)",0.7309523820877075,0.05495825177734309
finetune,8,"biggrid50-goal(27,45)",6,"biggrid50-goal(3,31)",0.8190475702285767,0.2878178410676781
finetune,8,"biggrid50-goal(27,45)",7,"biggrid50-goal(33,10)",0.8751699924468994,0.5158309164951087
finetune,8,"biggrid50-goal(27,45)",8,"biggrid50-goal(27,45)",0.6955782771110535,0.13942327944438884
finetune,9,"biggrid50-goal(21,45)",0,"biggrid50-goal(40,31)",0.8051020503044128,0.4349112155048357
finetune,9,"biggrid50-goal(21,45)",1,"biggrid50-goal(9,31)",0.8510202765464783,0.3166921367236303
finetune,9,"biggrid50-goal(21,45)",2,"biggrid50-goal(15,31)",0.8809522986412048,0.447949014122113
finetune,9,"biggrid50-goal(21,45)",3,"biggrid50-goal(9,24)",0.8479591608047485,0.08775572606443376
finetune,9,"biggrid50-goal(21,45)",4,"biggrid50-goal(21,17)",0.7598639726638794,0.14007316012197055
finetune,9,"biggrid50-goal(21,45)",5,"biggrid50-goal(27,3)",0.6870747804641724,-0.09916377936303525
finetune,9,"biggrid50-goal(21,45)",6,"biggrid50-goal(3,31)",0.8268707394599915,0.31860782029017193
finetune,9,"biggrid50-goal(21,45)",7,"biggrid50-goal(33,10)",0.7843537926673889,0.16358871867309513
finetune,9,"biggrid50-goal(21,45)",8,"biggrid50-goal(27,45)",0.6870748400688171,0.11538471907552708
finetune,9,"biggrid50-goal(21,45)",9,"biggrid50-goal(21,45)",0.9812923669815063,0.9367811102693886
finetune,10,"biggrid50-goal(33,3)",0,"biggrid50-goal(40,31)",0.770408034324646,0.3343190884461171
finetune,10,"biggrid50-goal(33,3)",1,"biggrid50-goal(9,31)",0.8289116024971008,0.21528886871939834
finetune,10,"biggrid50-goal(33,3)",2,"biggrid50-goal(15,31)",0.8142856359481812,0.13880069420662514
finetune,10,"biggrid50-goal(33,3)",3,"biggrid50-goal(9,24)",0.8159863352775574,-0.10408106701761852
finetune,10,"biggrid50-goal(33,3)",4,"biggrid50-goal(21,17)",0.7727891206741333,0.18635810039815875
finetune,10,"biggrid50-goal(33,3)",5,"biggrid50-goal(27,3)",0.8040816187858582,0.31182795473802183
finetune,10,"biggrid50-goal(33,3)",6,"biggrid50-goal(3,31)",0.8105441331863403,0.2543505029460801
finetune,10,"biggrid50-goal(33,3)",7,"biggrid50-goal(33,10)",0.9316326379776001,0.734828478657652
finetune,10,"biggrid50-goal(33,3)",8,"biggrid50-goal(27,45)",0.668707549571991,0.06346180611370429
finetune,10,"biggrid50-goal(33,3)",9,"biggrid50-goal(21,45)",0.7925168871879578,0.2988502598451826
finetune,10,"biggrid50-goal(33,3)",10,"biggrid50-goal(33,3)",0.9404760003089905,0.7741927533439877
finetune,11,"biggrid50-goal(21,24)",0,"biggrid50-goal(40,31)",0.8102039694786072,0.44970376365242315
finetune,11,"biggrid50-goal(21,24)",1,"biggrid50-goal(9,31)",0.8588435053825378,0.3525740249160035
finetune,11,"biggrid50-goal(21,24)",2,"biggrid50-goal(15,31)",0.8659864068031311,0.3785488052188771
finetune,11,"biggrid50-goal(21,24)",3,"biggrid50-goal(9,24)",0.8670068383216858,0.2020416957984125
finetune,11,"biggrid50-goal(21,24)",4,"biggrid50-goal(21,17)",0.7690475583076477,0.17295956983316776
finetune,11,"biggrid50-goal(21,24)",5,"biggrid50-goal(27,3)",0.775850236415863,0.21266396601101548
finetune,11,"biggrid50-goal(21,24)",6,"biggrid50-goal(3,31)",0.8506802320480347,0.4123158509358792
finetune,11,"biggrid50-goal(21,24)",7,"biggrid50-goal(33,10)",0.9333332777023315,0.7414246264352204
finetune,11,"biggrid50-goal(21,24)",8,"biggrid50-goal(27,45)",0.6795917749404907,0.0942306713724713
finetune,11,"biggrid50-goal(21,24)",9,"biggrid50-goal(21,45)",0.8738093972206116,0.5735628449487349
finetune,11,"biggrid50-goal(21,24)",10,"biggrid50-goal(33,3)",0.923129141330719,0.7083865829867019
finetune,11,"biggrid50-goal(21,24)",11,"biggrid50-goal(21,24)",0.9105441570281982,0.5645692693518645
finetune,12,"biggrid50-goal(21,3)",0,"biggrid50-goal(40,31)",0.8081632256507874,0.44378681352067517
finetune,12,"biggrid50-goal(21,3)",1,"biggrid50-goal(9,31)",0.8544217348098755,0.33229320728616774
finetune,12,"biggrid50-goal(21,3)",2,"biggrid50-goal(15,31)",0.8204081058502197,0.16719196515810228
finetune,12,"biggrid50-goal(21,3)",3,"biggrid50-goal(9,24)",0.8612244129180908,0.16734717232820912
finetune,12,"biggrid50-goal(21,3)",4,"biggrid50-goal(21,17)",0.7574828863143921,0.13154649262144866
finetune,12,"biggrid50-goal(21,3)",5,"biggrid50-goal(27,3)",0.7836734056472778,0.24014319658167257
finetune,12,"biggrid50-goal(21,3)",6,"biggrid50-goal(3,31)",0.8510202765464783,0.4136541785026355
finetune,12,"biggrid50-goal(21,3)",7,"biggrid50-goal(33,10)",0.9214285016059875,0.6952504360712094
finetune,12,"biggrid50-goal(21,3)",8,"biggrid50-goal(27,45)",0.6778911352157593,0.08942309409688418
finetune,12,"biggrid50-goal(21,3)",9,"biggrid50-goal(21,45)",0.8673468232154846,0.551723804541958
finetune,12,"biggrid50-goal(21,3)",10,"biggrid50-goal(33,3)",0.9221087098121643,0.7045155253830131
finetune,12,"biggrid50-goal(21,3)",11,"biggrid50-goal(21,24)",0.9095237851142883,0.5596025587017096
finetune,12,"biggrid50-goal(21,3)",12,"biggrid50-goal(21,3)",0.8619046807289124,0.5548243098432257
finetune,13,"biggrid50-goal(3,17)",0,"biggrid50-goal(40,31)",0.7210884094238281,0.19132134562485623
finetune,13,"biggrid50-goal(3,17)",1,"biggrid50-goal(9,31)",0.8863944411277771,0.4789386777623165
finetune,13,"biggrid50-goal(3,17)",2,"biggrid50-goal(15,31)",0.8785713911056519,0.4369082099966749
finetune,13,"biggrid50-goal(3,17)",3,"biggrid50-goal(9,24)",0.9680271148681641,0.8081628492903775
finetune,13,"biggrid50-goal(3,17)",4,"biggrid50-goal(21,17)",0.7921768426895142,0.25578551081244105
finetune,13,"biggrid50-goal(3,17)",5,"biggrid50-goal(27,3)",0.724829912185669,0.033452803394041206
finetune,13,"biggrid50-goal(3,17)",6,"biggrid50-goal(3,31)",0.9683671593666077,0.8755012863662073
finetune,13,"biggrid50-goal(3,17)",7,"biggrid50-goal(33,10)",0.8455781936645508,0.4010553559023062
finetune,13,"biggrid50-goal(3,17)",8,"biggrid50-goal(27,45)",0.6738094687461853,0.07788453794046571
finetune,13,"biggrid50-goal(3,17)",9,"biggrid50-goal(21,45)",0.7976189255714417,0.31609162873711877
finetune,13,"biggrid50-goal(3,17)",10,"biggrid50-goal(33,3)",0.8442175388336182,0.4090315029923818
finetune,13,"biggrid50-goal(3,17)",11,"biggrid50-goal(21,24)",0.8921768069267273,0.475165286235025
finetune,13,"biggrid50-goal(3,17)",12,"biggrid50-goal(21,3)",0.7993196249008179,0.35306985814396813
finetune,13,"biggrid50-goal(3,17)",13,"biggrid50-goal(3,17)",0.9414965510368347,0.771276456919043
finetune,14,"biggrid50-goal(15,45)",0,"biggrid50-goal(40,31)",0.7578230500221252,0.29783007717888776
finetune,14,"biggrid50-goal(15,45)",1,"biggrid50-goal(9,31)",0.9027209877967834,0.5538217387619638
finetune,14,"biggrid50-goal(15,45)",2,"biggrid50-goal(15,31)",0.9197278618812561,0.6277600282812636
finetune,14,"biggrid50-goal(15,45)",3,"biggrid50-goal(9,24)",0.9636053442955017,0.7816322479932623
finetune,14,"biggrid50-goal(15,45)",4,"biggrid50-goal(21,17)",0.7530612349510193,0.11571256413463546
finetune,14,"biggrid50-goal(15,45)",5,"biggrid50-goal(27,3)",0.6809523701667786,-0.12066901838236603
finetune,14,"biggrid50-goal(15,45)",6,"biggrid50-goal(3,31)",0.892857015132904,0.5783128064459299
finetune,14,"biggrid50-goal(15,45)",7,"biggrid50-goal(33,10)",0.7663265466690063,0.09366774899405972
finetune,14,"biggrid50-goal(15,45)",8,"biggrid50-goal(27,45)",0.6823129057884216,0.10192309830932746
finetune,14,"biggrid50-goal(15,45)",9,"biggrid50-goal(21,45)",0.9204080104827881,0.7310340007335809
finetune,14,"biggrid50-goal(15,45)",10,"biggrid50-goal(33,3)",0.7268707156181335,-0.03612949411246508
finetune,14,"biggrid50-goal(15,45)",11,"biggrid50-goal(21,24)",0.862925112247467,0.33278121870238264
finetune,14,"biggrid50-goal(15,45)",12,"biggrid50-goal(21,3)",0.7248298525810242,0.11293836073247032
finetune,14,"biggrid50-goal(15,45)",13,"biggrid50-goal(3,17)",0.844897985458374,0.3936172493472865
finetune,14,"biggrid50-goal(15,45)",14,"biggrid50-goal(15,45)",0.9435374140739441,0.7652050887825346
finetune,15,"biggrid50-goal(3,24)",0,"biggrid50-goal(40,31)",0.7333333492279053,0.22682442896108426
finetune,15,"biggrid50-goal(3,24)",1,"biggrid50-goal(9,31)",0.9197278618812561,0.6318251779031081
finetune,15,"biggrid50-goal(3,24)",2,"biggrid50-goal(15,31)",0.874829888343811,0.41955801957078925
finetune,15,"biggrid50-goal(3,24)",3,"biggrid50-goal(9,24)",0.9972788691520691,0.9836732285365344
finetune,15,"biggrid50-goal(3,24)",4,"biggrid50-goal(21,17)",0.7741496562957764,0.19123017690679278
finetune,15,"biggrid50-goal(3,24)",5,"biggrid50-goal(27,3)",0.704761803150177,-0.03703732394321965
finetune,15,"biggrid50-goal(3,24)",6,"biggrid50-goal(3,31)",0.9846936464309692,0.939758134533238
finetune,15,"biggrid50-goal(3,24)",7,"biggrid50-goal(33,10)",0.8204081058502197,0.3034299644785467
finetune,15,"biggrid50-goal(3,24)",8,"biggrid50-goal(27,45)",0.6738094687461853,0.07788453794046571
finetune,15,"biggrid50-goal(3,24)",9,"biggrid50-goal(21,45)",0.8292515873908997,0.42298819643614993
finetune,15,"biggrid50-goal(3,24)",10,"biggrid50-goal(33,3)",0.8173468112945557,0.3070960646358086
finetune,15,"biggrid50-goal(3,24)",11,"biggrid50-goal(21,24)",0.8863944411277771,0.44701933532709676
finetune,15,"biggrid50-goal(3,24)",12,"biggrid50-goal(21,3)",0.7928571105003357,0.3322367529846604
finetune,15,"biggrid50-goal(3,24)",13,"biggrid50-goal(3,17)",0.9091835618019104,0.6449464453328536
finetune,15,"biggrid50-goal(3,24)",14,"biggrid50-goal(15,45)",0.8486394286155701,0.37057980364955345
finetune,15,"biggrid50-goal(3,24)",15,"biggrid50-goal(3,24)",0.9887753129005432,0.9342618363009101
finetune,16,"biggrid50-goal(3,10)",0,"biggrid50-goal(40,31)",0.7534013390541077,0.28500973052973794
finetune,16,"biggrid50-goal(3,10)",1,"biggrid50-goal(9,31)",0.878911554813385,0.44461779878563873
finetune,16,"biggrid50-goal(3,10)",2,"biggrid50-goal(15,31)",0.8649659752845764,0.37381683459357984
finetune,16,"biggrid50-goal(3,10)",3,"biggrid50-goal(9,24)",0.9278910160064697,0.5673464570730686
finetune,16,"biggrid50-goal(3,10)",4,"biggrid50-goal(21,17)",0.7486394047737122,0.09987799531532747
finetune,16,"biggrid50-goal(3,10)",5,"biggrid50-goal(27,3)",0.7377550601959229,0.07885296179882174
finetune,16,"biggrid50-goal(3,10)",6,"biggrid50-goal(3,31)",0.9486392140388489,0.7978571745265944
finetune,16,"biggrid50-goal(3,10)",7,"biggrid50-goal(33,10)",0.8455781936645508,0.4010553559023062
finetune,16,"biggrid50-goal(3,10)",8,"biggrid50-goal(27,45)",0.6690475344657898,0.06442291717426608
finetune,16,"biggrid50-goal(3,10)",9,"biggrid50-goal(21,45)",0.8006802201271057,0.3264366917793609
finetune,16,"biggrid50-goal(3,10)",10,"biggrid50-goal(33,3)",0.8540814518928528,0.4464507466709357
finetune,16,"biggrid50-goal(3,10)",11,"biggrid50-goal(21,24)",0.8598639369010925,0.3178807966233679
finetune,16,"biggrid50-goal(3,10)",12,"biggrid50-goal(21,3)",0.9180269837379456,0.7357448877969841
finetune,16,"biggrid50-goal(3,10)",13,"biggrid50-goal(3,17)",0.9323127865791321,0.7353718532962848
finetune,16,"biggrid50-goal(3,10)",14,"biggrid50-goal(15,45)",0.8374148607254028,0.32390338283032855
finetune,16,"biggrid50-goal(3,10)",15,"biggrid50-goal(3,24)",0.9204080700874329,0.5338643054048214
finetune,16,"biggrid50-goal(3,10)",16,"biggrid50-goal(3,10)",0.738095223903656,0.17822830045273783
finetune,17,"biggrid50-goal(46,31)",0,"biggrid50-goal(40,31)",0.8884352445602417,0.6765281926135074
finetune,17,"biggrid50-goal(46,31)",1,"biggrid50-goal(9,31)",0.8649658560752869,0.3806546943729855
finetune,17,"biggrid50-goal(46,31)",2,"biggrid50-goal(15,31)",0.8867346048355103,0.4747628693984399
finetune,17,"biggrid50-goal(46,31)",3,"biggrid50-goal(9,24)",0.9204081296920776,0.5224491766519265
finetune,17,"biggrid50-goal(46,31)",4,"biggrid50-goal(21,17)",0.7564626336097717,0.12789296885038545
finetune,17,"biggrid50-goal(46,31)",5,"biggrid50-goal(27,3)",0.7482993006706238,0.11589007637807029
finetune,17,"biggrid50-goal(46,31)",6,"biggrid50-goal(3,31)",0.8578230738639832,0.4404282366707383
finetune,17,"biggrid50-goal(46,31)",7,"biggrid50-goal(33,10)",0.8489795327186584,0.41424788264164947
finetune,17,"biggrid50-goal(46,31)",8,"biggrid50-goal(27,45)",0.6724489331245422,0.07403840872090339
finetune,17,"biggrid50-goal(46,31)",9,"biggrid50-goal(21,45)",0.8568027019500732,0.516091951013226
finetune,17,"biggrid50-goal(46,31)",10,"biggrid50-goal(33,3)",0.8329931497573853,0.3664512260308726
finetune,17,"biggrid50-goal(46,31)",11,"biggrid50-goal(21,24)",0.8976190090179443,0.5016554735072015
finetune,17,"biggrid50-goal(46,31)",12,"biggrid50-goal(21,3)",0.7363945245742798,0.15021921038913327
finetune,17,"biggrid50-goal(46,31)",13,"biggrid50-goal(3,17)",0.8129251003265381,0.26861689980416265
finetune,17,"biggrid50-goal(46,31)",14,"biggrid50-goal(15,45)",0.7928571105003357,0.13861372886645032
finetune,17,"biggrid50-goal(46,31)",15,"biggrid50-goal(3,24)",0.9037413001060486,0.43625420334466325
finetune,17,"biggrid50-goal(46,31)",16,"biggrid50-goal(3,10)",0.6782312393188477,-0.009605343084302595
finetune,17,"biggrid50-goal(46,31)",17,"biggrid50-goal(46,31)",0.8452379703521729,0.5220584093647598
finetune,18,"biggrid50-goal(46,24)",0,"biggrid50-goal(40,31)",0.919387698173523,0.7662720017032963
finetune,18,"biggrid50-goal(46,24)",1,"biggrid50-goal(9,31)",0.843537449836731,0.28237153112860147
finetune,18,"biggrid50-goal(46,24)",2,"biggrid50-goal(15,31)",0.861224353313446,0.3564660913673875
finetune,18,"biggrid50-goal(46,24)",3,"biggrid50-goal(9,24)",0.9210883378982544,0.52653042248333
finetune,18,"biggrid50-goal(46,24)",4,"biggrid50-goal(21,17)",0.7574829459190369,0.13154670606561358
finetune,18,"biggrid50-goal(46,24)",5,"biggrid50-goal(27,3)",0.7435373663902283,0.09916356999906414
finetune,18,"biggrid50-goal(46,24)",6,"biggrid50-goal(3,31)",0.828231155872345,0.3239620689113192
finetune,18,"biggrid50-goal(46,24)",7,"biggrid50-goal(33,10)",0.8755100965499878,0.5171500535769399
finetune,18,"biggrid50-goal(46,24)",8,"biggrid50-goal(27,45)",0.67482990026474,0.0807692191040032
finetune,18,"biggrid50-goal(46,24)",9,"biggrid50-goal(21,45)",0.7952381372451782,0.3080462071425651
finetune,18,"biggrid50-goal(46,24)",10,"biggrid50-goal(33,3)",0.8496597409248352,0.42967676669009197
finetune,18,"biggrid50-goal(46,24)",11,"biggrid50-goal(21,24)",0.9363945126533508,0.6903971511697403
finetune,18,"biggrid50-goal(46,24)",12,"biggrid50-goal(21,3)",0.7591837048530579,0.22368432935378618
finetune,18,"biggrid50-goal(46,24)",13,"biggrid50-goal(3,17)",0.807482898235321,0.2473402098563704
finetune,18,"biggrid50-goal(46,24)",14,"biggrid50-goal(15,45)",0.7894557118415833,0.12446929883374011
finetune,18,"biggrid50-goal(46,24)",15,"biggrid50-goal(3,24)",0.8367346525192261,0.04382509338729625
finetune,18,"biggrid50-goal(46,24)",16,"biggrid50-goal(3,10)",0.6714285612106323,-0.03094992653857548
finetune,18,"biggrid50-goal(46,24)",17,"biggrid50-goal(46,31)",0.8806121349334717,0.6313021594360881
finetune,18,"biggrid50-goal(46,24)",18,"biggrid50-goal(46,24)",0.961224377155304,0.8713314306396966
finetune,19,"biggrid50-goal(3,45)",0,"biggrid50-goal(40,31)",0.7197278738021851,0.1873765969915459
finetune,19,"biggrid50-goal(3,45)",1,"biggrid50-goal(9,31)",0.907482922077179,0.575662745462548
finetune,19,"biggrid50-goal(3,45)",2,"biggrid50-goal(15,31)",0.9221087694168091,0.6388008324067018
finetune,19,"biggrid50-goal(3,45)",3,"biggrid50-goal(9,24)",0.9346937537193298,0.6081628492903774
finetune,19,"biggrid50-goal(3,45)",4,"biggrid50-goal(21,17)",0.7391156554222107,0.06577345975488925
finetune,19,"biggrid50-goal(3,45)",5,"biggrid50-goal(27,3)",0.6833332777023315,-0.11230597455683405
finetune,19,"biggrid50-goal(3,45)",6,"biggrid50-goal(3,31)",0.9408162236213684,0.7670678990696923
finetune,19,"biggrid50-goal(3,45)",7,"biggrid50-goal(33,10)",0.7278911471366882,-0.055408843489448176
finetune,19,"biggrid50-goal(3,45)",8,"biggrid50-goal(27,45)",0.6778910160064697,0.08942275710142114
finetune,19,"biggrid50-goal(3,45)",9,"biggrid50-goal(21,45)",0.8670066595077515,0.5505742859519643
finetune,19,"biggrid50-goal(3,45)",10,"biggrid50-goal(33,3)",0.6897958517074585,-0.17677483016639217
finetune,19,"biggrid50-goal(3,45)",11,"biggrid50-goal(21,24)",0.8435373306274414,0.2384102348068382
finetune,19,"biggrid50-goal(3,45)",12,"biggrid50-goal(21,3)",0.7190476059913635,0.09429822412396066
finetune,19,"biggrid50-goal(3,45)",13,"biggrid50-goal(3,17)",0.8414965867996216,0.3803192307441354
finetune,19,"biggrid50-goal(3,45)",14,"biggrid50-goal(15,45)",0.8792516589164734,0.4978781867785544
finetune,19,"biggrid50-goal(3,45)",15,"biggrid50-goal(3,24)",0.9295917749404907,0.5876493140776833
finetune,19,"biggrid50-goal(3,45)",16,"biggrid50-goal(3,10)",0.6792516708374023,-0.0064035620562017306
finetune,19,"biggrid50-goal(3,45)",17,"biggrid50-goal(46,31)",0.6812925338745117,0.015756295946966307
finetune,19,"biggrid50-goal(3,45)",18,"biggrid50-goal(46,24)",0.6778910756111145,-0.06884922636318505
finetune,19,"biggrid50-goal(3,45)",19,"biggrid50-goal(3,45)",0.9391155242919922,0.8209996710789749
finetune,20,"biggrid50-goal(21,10)",0,"biggrid50-goal(40,31)",0.8221086859703064,0.4842204006029973
finetune,20,"biggrid50-goal(21,10)",1,"biggrid50-goal(9,31)",0.8999999761581421,0.5413415931042213
finetune,20,"biggrid50-goal(21,10)",2,"biggrid50-goal(15,31)",0.8714285492897034,0.40378524482005385
finetune,20,"biggrid50-goal(21,10)",3,"biggrid50-goal(9,24)",0.9476189017295837,0.6857136726384511
finetune,20,"biggrid50-goal(21,10)",4,"biggrid50-goal(21,17)",0.7585033774375916,0.13520087016917157
finetune,20,"biggrid50-goal(21,10)",5,"biggrid50-goal(27,3)",0.7316325902938843,0.05734751341551986
finetune,20,"biggrid50-goal(21,10)",6,"biggrid50-goal(3,31)",0.9445577263832092,0.7817934903090306
finetune,20,"biggrid50-goal(21,10)",7,"biggrid50-goal(33,10)",0.8561223149299622,0.4419520732021671
finetune,20,"biggrid50-goal(21,10)",8,"biggrid50-goal(27,45)",0.6727891564369202,0.07500019377239124
finetune,20,"biggrid50-goal(21,10)",9,"biggrid50-goal(21,45)",0.8789114356040955,0.5908042138406712
finetune,20,"biggrid50-goal(21,10)",10,"biggrid50-goal(33,3)",0.7894556522369385,0.2012895686755466
finetune,20,"biggrid50-goal(21,10)",11,"biggrid50-goal(21,24)",0.8755100965499878,0.39403925091129377
finetune,20,"biggrid50-goal(21,10)",12,"biggrid50-goal(21,3)",0.7574828863143921,0.21820142761042133
finetune,20,"biggrid50-goal(21,10)",13,"biggrid50-goal(3,17)",0.8265305757522583,0.32180850815926865
finetune,20,"biggrid50-goal(21,10)",14,"biggrid50-goal(15,45)",0.8636053800582886,0.4328144530664235
finetune,20,"biggrid50-goal(21,10)",15,"biggrid50-goal(3,24)",0.9217686057090759,0.5418323772647794
finetune,20,"biggrid50-goal(21,10)",16,"biggrid50-goal(3,10)",0.6758502721786499,-0.017076040803258037
finetune,20,"biggrid50-goal(21,10)",17,"biggrid50-goal(46,31)",0.7731291651725769,0.2993694389191812
finetune,20,"biggrid50-goal(21,10)",18,"biggrid50-goal(46,24)",0.788095235824585,0.29683959026817697
finetune,20,"biggrid50-goal(21,10)",19,"biggrid50-goal(3,45)",0.903061032295227,0.7149994821728134
finetune,20,"biggrid50-goal(21,10)",20,"biggrid50-goal(21,10)",0.7778911590576172,0.21325303366990928
finetune,21,"biggrid50-goal(40,3)",0,"biggrid50-goal(40,31)",0.9061223268508911,0.7278102704829768
finetune,21,"biggrid50-goal(40,3)",1,"biggrid50-goal(9,31)",0.8285714387893677,0.21372867964864992
finetune,21,"biggrid50-goal(40,3)",2,"biggrid50-goal(15,31)",0.8040816783905029,0.09148264635457219
finetune,21,"biggrid50-goal(40,3)",3,"biggrid50-goal(9,24)",0.8323127627372742,-0.006122584002245901
finetune,21,"biggrid50-goal(40,3)",4,"biggrid50-goal(21,17)",0.7731292247772217,0.1875760128032348
finetune,21,"biggrid50-goal(40,3)",5,"biggrid50-goal(27,3)",0.7792516350746155,0.2246115303857259
finetune,21,"biggrid50-goal(40,3)",6,"biggrid50-goal(3,31)",0.7717686891555786,0.10174034193155035
finetune,21,"biggrid50-goal(40,3)",7,"biggrid50-goal(33,10)",0.936394453048706,0.7532977849085262
finetune,21,"biggrid50-goal(40,3)",8,"biggrid50-goal(27,45)",0.6727890372276306,0.0749998567769282
finetune,21,"biggrid50-goal(40,3)",9,"biggrid50-goal(21,45)",0.7826529741287231,0.2655170406513039
finetune,21,"biggrid50-goal(40,3)",10,"biggrid50-goal(33,3)",0.9119046330451965,0.665805853798837
finetune,21,"biggrid50-goal(40,3)",11,"biggrid50-goal(21,24)",0.8792516589164734,0.4122514903903622
finetune,21,"biggrid50-goal(40,3)",12,"biggrid50-goal(21,3)",0.8687074184417725,0.5767541874977543
finetune,21,"biggrid50-goal(40,3)",13,"biggrid50-goal(3,17)",0.7629252076148987,0.07313863625983265
finetune,21,"biggrid50-goal(40,3)",14,"biggrid50-goal(15,45)",0.7938775420188904,0.14285710744844307
finetune,21,"biggrid50-goal(40,3)",15,"biggrid50-goal(3,24)",0.7670067548751831,-0.3645412075262778
finetune,21,"biggrid50-goal(40,3)",16,"biggrid50-goal(3,10)",0.6738094687461853,-0.0234794158395399
finetune,21,"biggrid50-goal(40,3)",17,"biggrid50-goal(46,31)",0.7710884809494019,0.29306732550138775
finetune,21,"biggrid50-goal(40,3)",18,"biggrid50-goal(46,24)",0.8870747685432434,0.6252818933581752
finetune,21,"biggrid50-goal(40,3)",19,"biggrid50-goal(3,45)",0.7629251480102539,0.3030000506436741
finetune,21,"biggrid50-goal(40,3)",20,"biggrid50-goal(21,10)",0.7656462788581848,0.16987960328728946
finetune,21,"biggrid50-goal(40,3)",21,"biggrid50-goal(40,3)",0.98061203956604,0.9533164554055296
finetune,22,"biggrid50-goal(15,38)",0,"biggrid50-goal(40,31)",0.7734692692756653,0.3431948592801741
finetune,22,"biggrid50-goal(15,38)",1,"biggrid50-goal(9,31)",0.8697278499603271,0.40249597445521873
finetune,22,"biggrid50-goal(15,38)",2,"biggrid50-goal(15,31)",0.8714284896850586,0.40378496841990047
finetune,22,"biggrid50-goal(15,38)",3,"biggrid50-goal(9,24)",0.9465985894203186,0.6795918038913455
finetune,22,"biggrid50-goal(15,38)",4,"biggrid50-goal(21,17)",0.7605441808700562,0.14250898493212263
finetune,22,"biggrid50-goal(15,38)",5,"biggrid50-goal(27,3)",0.748299241065979,0.1158898670140992
finetune,22,"biggrid50-goal(15,38)",6,"biggrid50-goal(3,31)",0.9173468351364136,0.6746984305792718
finetune,22,"biggrid50-goal(15,38)",7,"biggrid50-goal(33,10)",0.8619047403335571,0.4643799466195667
finetune,22,"biggrid50-goal(15,38)",8,"biggrid50-goal(27,45)",0.6761904358863831,0.08461534832356551
finetune,22,"biggrid50-goal(15,38)",9,"biggrid50-goal(21,45)",0.8656461834907532,0.5459768158596906
finetune,22,"biggrid50-goal(15,38)",10,"biggrid50-goal(33,3)",0.7894557118415833,0.20128979478872436
finetune,22,"biggrid50-goal(15,38)",11,"biggrid50-goal(21,24)",0.8772107362747192,0.40231719870440197
finetune,22,"biggrid50-goal(15,38)",12,"biggrid50-goal(21,3)",0.8278910517692566,0.4451751137171307
finetune,22,"biggrid50-goal(15,38)",13,"biggrid50-goal(3,17)",0.8557822108268738,0.4361699301566233
finetune,22,"biggrid50-goal(15,38)",14,"biggrid50-goal(15,45)",0.8782311677932739,0.49363456033566316
finetune,22,"biggrid50-goal(15,38)",15,"biggrid50-goal(3,24)",0.8935372829437256,0.37649366439497844
finetune,22,"biggrid50-goal(15,38)",16,"biggrid50-goal(3,10)",0.6778910756111145,-0.010672665766976171
finetune,22,"biggrid50-goal(15,38)",17,"biggrid50-goal(46,31)",0.7421768307685852,0.20378134167994755
finetune,22,"biggrid50-goal(15,38)",18,"biggrid50-goal(46,24)",0.7659863233566284,0.2234759166849618
finetune,22,"biggrid50-goal(15,38)",19,"biggrid50-goal(3,45)",0.8707481622695923,0.6199996600390044
finetune,22,"biggrid50-goal(15,38)",20,"biggrid50-goal(21,10)",0.7469388246536255,0.10361464606744539
finetune,22,"biggrid50-goal(15,38)",21,"biggrid50-goal(40,3)",0.7880951762199402,0.4897623025167631
finetune,22,"biggrid50-goal(15,38)",22,"biggrid50-goal(15,38)",0.930952250957489,0.5915484664411025
finetune,23,"biggrid50-goal(40,45)",0,"biggrid50-goal(40,31)",0.9455782175064087,0.8422090177582816
finetune,23,"biggrid50-goal(40,45)",1,"biggrid50-goal(9,31)",0.8299319744110107,0.2199688891683457
finetune,23,"biggrid50-goal(40,45)",2,"biggrid50-goal(15,31)",0.8408163189888,0.2618294428629749
finetune,23,"biggrid50-goal(40,45)",3,"biggrid50-goal(9,24)",0.8180271983146667,-0.09183589901312672
finetune,23,"biggrid50-goal(40,45)",4,"biggrid50-goal(21,17)",0.7418367862701416,0.07551782621632225
finetune,23,"biggrid50-goal(40,45)",5,"biggrid50-goal(27,3)",0.7353740930557251,0.07048970860931866
finetune,23,"biggrid50-goal(40,45)",6,"biggrid50-goal(3,31)",0.7945577502250671,0.1914322169343361
finetune,23,"biggrid50-goal(40,45)",7,"biggrid50-goal(33,10)",0.8374149203300476,0.3693930605436759
finetune,23,"biggrid50-goal(40,45)",8,"biggrid50-goal(27,45)",0.6744897961616516,0.07980777104797838
finetune,23,"biggrid50-goal(40,45)",9,"biggrid50-goal(21,45)",0.8238094449043274,0.4045975103767871
finetune,23,"biggrid50-goal(40,45)",10,"biggrid50-goal(33,3)",0.8329930901527405,0.3664509999176948
finetune,23,"biggrid50-goal(40,45)",11,"biggrid50-goal(21,24)",0.8901359438896179,0.46523128467761493
finetune,23,"biggrid50-goal(40,45)",12,"biggrid50-goal(21,3)",0.7200679183006287,0.09758738873033597
finetune,23,"biggrid50-goal(40,45)",13,"biggrid50-goal(3,17)",0.7568026185035706,0.04920192313966159
finetune,23,"biggrid50-goal(40,45)",14,"biggrid50-goal(15,45)",0.809183657169342,0.20650629901294354
finetune,23,"biggrid50-goal(40,45)",15,"biggrid50-goal(3,24)",0.7792515158653259,-0.29282890986541965
finetune,23,"biggrid50-goal(40,45)",16,"biggrid50-goal(3,10)",0.656802773475647,-0.0768408744752221
finetune,23,"biggrid50-goal(40,45)",17,"biggrid50-goal(46,31)",0.8319727182388306,0.4810921871611903
finetune,23,"biggrid50-goal(40,45)",18,"biggrid50-goal(46,24)",0.8782311677932739,0.5959363052537683
finetune,23,"biggrid50-goal(40,45)",19,"biggrid50-goal(3,45)",0.7629250884056091,0.3029998754060475
finetune,23,"biggrid50-goal(40,45)",20,"biggrid50-goal(21,10)",0.7360544204711914,0.06506025113878083
finetune,23,"biggrid50-goal(40,45)",21,"biggrid50-goal(40,3)",0.7785713076591492,0.46683013571231746
finetune,23,"biggrid50-goal(40,45)",22,"biggrid50-goal(15,38)",0.8544216752052307,0.1388323176364562
finetune,23,"biggrid50-goal(40,45)",23,"biggrid50-goal(40,45)",0.861224353313446,0.6948388639146444
finetune,24,"biggrid50-goal(15,17)",0,"biggrid50-goal(40,31)",0.8649657964706421,0.6084806738251429
finetune,24,"biggrid50-goal(15,17)",1,"biggrid50-goal(9,31)",0.8683672547340393,0.39625549155387396
finetune,24,"biggrid50-goal(15,17)",2,"biggrid50-goal(15,31)",0.8846938014030457,0.46529920454799867
finetune,24,"biggrid50-goal(15,17)",3,"biggrid50-goal(9,24)",0.9193876385688782,0.5163262350221103
finetune,24,"biggrid50-goal(15,17)",4,"biggrid50-goal(21,17)",0.7615646123886108,0.14616314903568062
finetune,24,"biggrid50-goal(15,17)",5,"biggrid50-goal(27,3)",0.7629251480102539,0.16726401697020604
finetune,24,"biggrid50-goal(15,17)",6,"biggrid50-goal(3,31)",0.9574829339981079,0.8326637785690709
finetune,24,"biggrid50-goal(15,17)",7,"biggrid50-goal(33,10)",0.9210883378982544,0.6939310678051718
finetune,24,"biggrid50-goal(15,17)",8,"biggrid50-goal(27,45)",0.6782312989234924,0.0903847106506405
finetune,24,"biggrid50-goal(15,17)",9,"biggrid50-goal(21,45)",0.8350339531898499,0.4425286025080735
finetune,24,"biggrid50-goal(15,17)",10,"biggrid50-goal(33,3)",0.8693876266479492,0.5045154801603775
finetune,24,"biggrid50-goal(15,17)",11,"biggrid50-goal(21,24)",0.8751699924468994,0.3923837774040922
finetune,24,"biggrid50-goal(15,17)",12,"biggrid50-goal(21,3)",0.9170066714286804,0.7324557231906088
finetune,24,"biggrid50-goal(15,17)",13,"biggrid50-goal(3,17)",0.9180271029472351,0.6795209208550478
finetune,24,"biggrid50-goal(15,17)",14,"biggrid50-goal(15,45)",0.7986394166946411,0.16265896248897949
finetune,24,"biggrid50-goal(15,17)",15,"biggrid50-goal(3,24)",0.9003400802612305,0.4163347218522957
finetune,24,"biggrid50-goal(15,17)",16,"biggrid50-goal(3,10)",0.6697278618812561,-0.03628616591210363
finetune,24,"biggrid50-goal(15,17)",17,"biggrid50-goal(46,31)",0.7914965152740479,0.3560921411428956
finetune,24,"biggrid50-goal(15,17)",18,"biggrid50-goal(46,24)",0.8717686533927917,0.5744918403715197
finetune,24,"biggrid50-goal(15,17)",19,"biggrid50-goal(3,45)",0.8221086859703064,0.47699962341434043
finetune,24,"biggrid50-goal(15,17)",20,"biggrid50-goal(21,10)",0.7455782294273376,0.09879518835408563
finetune,24,"biggrid50-goal(15,17)",21,"biggrid50-goal(40,3)",0.945237934589386,0.8681404714338201
finetune,24,"biggrid50-goal(15,17)",22,"biggrid50-goal(15,38)",0.8887755274772644,0.34205231884936893
finetune,24,"biggrid50-goal(15,17)",23,"biggrid50-goal(40,45)",0.7102040648460388,0.3627523350387004
finetune,24,"biggrid50-goal(15,17)",24,"biggrid50-goal(15,17)",0.9479590058326721,0.7487675813171888
finetune,25,"biggrid50-goal(15,24)",0,"biggrid50-goal(40,31)",0.8251699805259705,0.4930963442552719
finetune,25,"biggrid50-goal(15,24)",1,"biggrid50-goal(9,31)",0.8353740572929382,0.24492945386547982
finetune,25,"biggrid50-goal(15,24)",2,"biggrid50-goal(15,31)",0.8751699328422546,0.4211348824456328
finetune,25,"biggrid50-goal(15,24)",3,"biggrid50-goal(9,24)",0.9401360154151917,0.6408163922173088
finetune,25,"biggrid50-goal(15,24)",4,"biggrid50-goal(21,17)",0.7581632733345032,0.13398295776409552
finetune,25,"biggrid50-goal(15,24)",5,"biggrid50-goal(27,3)",0.7547618746757507,0.13859015558046056
finetune,25,"biggrid50-goal(15,24)",6,"biggrid50-goal(3,31)",0.8244896531105042,0.309236477671981
finetune,25,"biggrid50-goal(15,24)",7,"biggrid50-goal(33,10)",0.9139454960823059,0.6662266460604477
finetune,25,"biggrid50-goal(15,24)",8,"biggrid50-goal(27,45)",0.6795918941497803,0.09423100836793434
finetune,25,"biggrid50-goal(15,24)",9,"biggrid50-goal(21,45)",0.7945577502250671,0.30574696854001066
finetune,25,"biggrid50-goal(15,24)",10,"biggrid50-goal(33,3)",0.9044216275215149,0.6374187010069272
finetune,25,"biggrid50-goal(15,24)",11,"biggrid50-goal(21,24)",0.8887754082679749,0.45860881039170837
finetune,25,"biggrid50-goal(15,24)",12,"biggrid50-goal(21,3)",0.953061044216156,0.8486836328225502
finetune,25,"biggrid50-goal(15,24)",13,"biggrid50-goal(3,17)",0.887414813041687,0.5598399185704339
finetune,25,"biggrid50-goal(15,24)",14,"biggrid50-goal(15,45)",0.7948979139328003,0.14710023816953735
finetune,25,"biggrid50-goal(15,24)",15,"biggrid50-goal(3,24)",0.8731291890144348,0.25697223741684505
finetune,25,"biggrid50-goal(15,24)",16,"biggrid50-goal(3,10)",0.6714285612106323,-0.03094992653857548
finetune,25,"biggrid50-goal(15,24)",17,"biggrid50-goal(46,31)",0.7962585091590881,0.3707982996056048
finetune,25,"biggrid50-goal(15,24)",18,"biggrid50-goal(46,24)",0.8459182977676392,0.48871299191651885
finetune,25,"biggrid50-goal(15,24)",19,"biggrid50-goal(3,45)",0.8085033297538757,0.4369998827660278
finetune,25,"biggrid50-goal(15,24)",20,"biggrid50-goal(21,10)",0.7595238089561462,0.14819278253112844
finetune,25,"biggrid50-goal(15,24)",21,"biggrid50-goal(40,3)",0.9159862995147705,0.7977065536878847
finetune,25,"biggrid50-goal(15,24)",22,"biggrid50-goal(15,38)",0.8792516589164734,0.2857139331233772
finetune,25,"biggrid50-goal(15,24)",23,"biggrid50-goal(40,45)",0.6870747208595276,0.3118919927786875
finetune,25,"biggrid50-goal(15,24)",24,"biggrid50-goal(15,17)",0.9826528429985046,0.9162550931147994
finetune,25,"biggrid50-goal(15,24)",25,"biggrid50-goal(15,24)",0.8826529383659363,0.35873530511550705
finetune,26,"biggrid50-goal(21,38)",0,"biggrid50-goal(40,31)",0.8904761075973511,0.6824454883816905
finetune,26,"biggrid50-goal(21,38)",1,"biggrid50-goal(9,31)",0.8387755155563354,0.2605305244280172
finetune,26,"biggrid50-goal(21,38)",2,"biggrid50-goal(15,31)",0.8605442047119141,0.3533120892175471
finetune,26,"biggrid50-goal(21,38)",3,"biggrid50-goal(9,24)",0.869387686252594,0.21632677146346566
finetune,26,"biggrid50-goal(21,38)",4,"biggrid50-goal(21,17)",0.7530612349510193,0.11571256413463546
finetune,26,"biggrid50-goal(21,38)",5,"biggrid50-goal(27,3)",0.7343537211418152,0.06690560678808241
finetune,26,"biggrid50-goal(21,38)",6,"biggrid50-goal(3,31)",0.8540815114974976,0.4257024108428695
finetune,26,"biggrid50-goal(21,38)",7,"biggrid50-goal(33,10)",0.836054265499115,0.36411558747952577
finetune,26,"biggrid50-goal(21,38)",8,"biggrid50-goal(27,45)",0.6714286208152771,0.07115406455282892
finetune,26,"biggrid50-goal(21,38)",9,"biggrid50-goal(21,45)",0.8704080581665039,0.5620686661616332
finetune,26,"biggrid50-goal(21,38)",10,"biggrid50-goal(33,3)",0.8139455318450928,0.29419314225865356
finetune,26,"biggrid50-goal(21,38)",11,"biggrid50-goal(21,24)",0.8823128938674927,0.4271522025979271
finetune,26,"biggrid50-goal(21,38)",12,"biggrid50-goal(21,3)",0.7091835737228394,0.062499699771018956
finetune,26,"biggrid50-goal(21,38)",13,"biggrid50-goal(3,17)",0.7823129296302795,0.14893636357704723
finetune,26,"biggrid50-goal(21,38)",14,"biggrid50-goal(15,45)",0.8176870942115784,0.24186712623382056
finetune,26,"biggrid50-goal(21,38)",15,"biggrid50-goal(3,24)",0.7982991337776184,-0.1812752056684806
finetune,26,"biggrid50-goal(21,38)",16,"biggrid50-goal(3,10)",0.6666666865348816,-0.04589113495656649
finetune,26,"biggrid50-goal(21,38)",17,"biggrid50-goal(46,31)",0.8190475702285767,0.44117628651505664
finetune,26,"biggrid50-goal(21,38)",18,"biggrid50-goal(46,24)",0.8452379703521729,0.4864554716287018
finetune,26,"biggrid50-goal(21,38)",19,"biggrid50-goal(3,45)",0.8190475106239319,0.4679997693872834
finetune,26,"biggrid50-goal(21,38)",20,"biggrid50-goal(21,10)",0.7367346286773682,0.06746966330090733
finetune,26,"biggrid50-goal(21,38)",21,"biggrid50-goal(40,3)",0.7472788095474243,0.3914821002112611
finetune,26,"biggrid50-goal(21,38)",22,"biggrid50-goal(15,38)",0.895578145980835,0.3822931666471566
finetune,26,"biggrid50-goal(21,38)",23,"biggrid50-goal(40,45)",0.809863805770874,0.5818994295666452
finetune,26,"biggrid50-goal(21,38)",24,"biggrid50-goal(15,17)",0.8544217348098755,0.2972082824981009
finetune,26,"biggrid50-goal(21,38)",25,"biggrid50-goal(15,24)",0.889115571975708,0.3940515602667782
finetune,26,"biggrid50-goal(21,38)",26,"biggrid50-goal(21,38)",0.8911564350128174,0.42958992205517205
finetune,27,"biggrid50-goal(33,17)",0,"biggrid50-goal(40,31)",0.8078230619430542,0.44280053995323887
finetune,27,"biggrid50-goal(33,17)",1,"biggrid50-goal(9,31)",0.8353740572929382,0.24492945386547982
finetune,27,"biggrid50-goal(33,17)",2,"biggrid50-goal(15,31)",0.8700679540634155,0.3974758585196063
finetune,27,"biggrid50-goal(33,17)",3,"biggrid50-goal(9,24)",0.905782163143158,0.4346934505874927
finetune,27,"biggrid50-goal(33,17)",4,"biggrid50-goal(21,17)",0.7581632137298584,0.1339827443199306
finetune,27,"biggrid50-goal(33,17)",5,"biggrid50-goal(27,3)",0.7476189732551575,0.11350039601195133
finetune,27,"biggrid50-goal(33,17)",6,"biggrid50-goal(3,31)",0.8023808598518372,0.2222219615682994
finetune,27,"biggrid50-goal(33,17)",7,"biggrid50-goal(33,10)",0.9207481741905212,0.6926116995391343
finetune,27,"biggrid50-goal(33,17)",8,"biggrid50-goal(27,45)",0.6840135455131531,0.1067306755849146
finetune,27,"biggrid50-goal(33,17)",9,"biggrid50-goal(21,45)",0.8040816187858582,0.3379310719890297
finetune,27,"biggrid50-goal(33,17)",10,"biggrid50-goal(33,3)",0.8809521198272705,0.5483859589143312
finetune,27,"biggrid50-goal(33,17)",11,"biggrid50-goal(21,24)",0.84965980052948,0.26821165922196805
finetune,27,"biggrid50-goal(33,17)",12,"biggrid50-goal(21,3)",0.8731291890144348,0.5910085791512156
finetune,27,"biggrid50-goal(33,17)",13,"biggrid50-goal(3,17)",0.8309523463249207,0.3390957459203657
finetune,27,"biggrid50-goal(33,17)",14,"biggrid50-goal(15,45)",0.7778910994529724,0.07637883158868178
finetune,27,"biggrid50-goal(33,17)",15,"biggrid50-goal(3,24)",0.8561222553253174,0.1573699428523156
finetune,27,"biggrid50-goal(33,17)",16,"biggrid50-goal(3,10)",0.6778911352157593,-0.010672478747056307
finetune,27,"biggrid50-goal(33,17)",17,"biggrid50-goal(46,31)",0.7891156077384949,0.348739338021309
finetune,27,"biggrid50-goal(33,17)",18,"biggrid50-goal(46,24)",0.8687074184417725,0.5643337902171484
finetune,27,"biggrid50-goal(33,17)",19,"biggrid50-goal(3,45)",0.8023808598518372,0.41899982423666055
finetune,27,"biggrid50-goal(33,17)",20,"biggrid50-goal(21,10)",0.74217689037323,0.08674707189494187
finetune,27,"biggrid50-goal(33,17)",21,"biggrid50-goal(40,3)",0.9639453887939453,0.9131854505373381
finetune,27,"biggrid50-goal(33,17)",22,"biggrid50-goal(15,38)",0.8755101561546326,0.26358109661414003
finetune,27,"biggrid50-goal(33,17)",23,"biggrid50-goal(40,45)",0.7299319505691528,0.4061330301647339
finetune,27,"biggrid50-goal(33,17)",24,"biggrid50-goal(15,17)",0.9241495132446289,0.6338251881862756
finetune,27,"biggrid50-goal(33,17)",25,"biggrid50-goal(15,24)",0.8571428060531616,0.2193304748094209
finetune,27,"biggrid50-goal(33,17)",26,"biggrid50-goal(21,38)",0.8693877458572388,0.31550803141283085
finetune,27,"biggrid50-goal(33,17)",27,"biggrid50-goal(33,17)",0.9639454483985901,0.8661611769948433
finetune,28,"biggrid50-goal(27,17)",0,"biggrid50-goal(40,31)",0.8125849366188049,0.456607160169825
finetune,28,"biggrid50-goal(27,17)",1,"biggrid50-goal(9,31)",0.8156462907791138,0.154446415829891
finetune,28,"biggrid50-goal(27,17)",2,"biggrid50-goal(15,31)",0.8064625859260559,0.10252345048001033
finetune,28,"biggrid50-goal(27,17)",3,"biggrid50-goal(9,24)",0.8738093972206116,0.24285701513301064
finetune,28,"biggrid50-goal(27,17)",4,"biggrid50-goal(21,17)",0.7455781698226929,0.08891571644881843
finetune,28,"biggrid50-goal(27,17)",5,"biggrid50-goal(27,3)",0.7853740453720093,0.2461167694050567
finetune,28,"biggrid50-goal(27,17)",6,"biggrid50-goal(3,31)",0.8448978662490845,0.3895579484106979
finetune,28,"biggrid50-goal(27,17)",7,"biggrid50-goal(33,10)",0.9125850200653076,0.6609498665489169
finetune,28,"biggrid50-goal(27,17)",8,"biggrid50-goal(27,45)",0.6738095879554749,0.07788487493592874
finetune,28,"biggrid50-goal(27,17)",9,"biggrid50-goal(21,45)",0.8163264989852905,0.37931031704516316
finetune,28,"biggrid50-goal(27,17)",10,"biggrid50-goal(33,3)",0.8942175507545471,0.5987090294227512
finetune,28,"biggrid50-goal(27,17)",11,"biggrid50-goal(21,24)",0.8666665554046631,0.35099287792435074
finetune,28,"biggrid50-goal(27,17)",12,"biggrid50-goal(21,3)",0.9003400206565857,0.6787277054762343
finetune,28,"biggrid50-goal(27,17)",13,"biggrid50-goal(3,17)",0.8112244009971619,0.26196789050258706
finetune,28,"biggrid50-goal(27,17)",14,"biggrid50-goal(15,45)",0.8513604998588562,0.3818951493870028
finetune,28,"biggrid50-goal(27,17)",15,"biggrid50-goal(3,24)",0.8295918107032776,0.0019925415831350277
finetune,28,"biggrid50-goal(27,17)",16,"biggrid50-goal(3,10)",0.6792517304420471,-0.006403375036281865
finetune,28,"biggrid50-goal(27,17)",17,"biggrid50-goal(46,31)",0.7758502960205078,0.30777293174456094
finetune,28,"biggrid50-goal(27,17)",18,"biggrid50-goal(46,24)",0.7965986132621765,0.325056220443474
finetune,28,"biggrid50-goal(27,17)",19,"biggrid50-goal(3,45)",0.8278910517692566,0.4939997760463132
finetune,28,"biggrid50-goal(27,17)",20,"biggrid50-goal(21,10)",0.7561224102973938,0.13614445494228242
finetune,28,"biggrid50-goal(27,17)",21,"biggrid50-goal(40,3)",0.9064624309539795,0.7747743868834389
finetune,28,"biggrid50-goal(27,17)",22,"biggrid50-goal(15,38)",0.855102002620697,0.14285679026623435
finetune,28,"biggrid50-goal(27,17)",23,"biggrid50-goal(40,45)",0.7122448086738586,0.36723983496988977
finetune,28,"biggrid50-goal(27,17)",24,"biggrid50-goal(15,17)",0.8908162713050842,0.47290606800027624
finetune,28,"biggrid50-goal(27,17)",25,"biggrid50-goal(15,24)",0.8557822704315186,0.21189557658407696
finetune,28,"biggrid50-goal(27,17)",26,"biggrid50-goal(21,38)",0.8578230738639832,0.2549017341654362
finetune,28,"biggrid50-goal(27,17)",27,"biggrid50-goal(33,17)",0.9156462550163269,0.6868687740315578
finetune,28,"biggrid50-goal(27,17)",28,"biggrid50-goal(27,17)",0.8319727778434753,0.36828637509240875
finetune,29,"biggrid50-goal(3,3)",0,"biggrid50-goal(40,31)",0.7102040648460388,0.15976318374015605
finetune,29,"biggrid50-goal(3,3)",1,"biggrid50-goal(9,31)",0.8295918107032776,0.21840870009759725
finetune,29,"biggrid50-goal(3,3)",2,"biggrid50-goal(15,31)",0.8112245202064514,0.12460561153119327
finetune,29,"biggrid50-goal(3,3)",3,"biggrid50-goal(9,24)",0.9418366551399231,0.6510202220509583
finetune,29,"biggrid50-goal(3,3)",4,"biggrid50-goal(21,17)",0.7925169467926025,0.2570034232175171
finetune,29,"biggrid50-goal(3,3)",5,"biggrid50-goal(27,3)",0.7826529741287231,0.23655888539646522
finetune,29,"biggrid50-goal(3,3)",6,"biggrid50-goal(3,31)",0.9108842611312866,0.6492634037435169
finetune,29,"biggrid50-goal(3,3)",7,"biggrid50-goal(33,10)",0.8731290698051453,0.50791493808309
finetune,29,"biggrid50-goal(3,3)",8,"biggrid50-goal(27,45)",0.6877551674842834,0.11730795218303976
finetune,29,"biggrid50-goal(3,3)",9,"biggrid50-goal(21,45)",0.7897958755493164,0.28965511823806817
finetune,29,"biggrid50-goal(3,3)",10,"biggrid50-goal(33,3)",0.9034011960029602,0.6335476434032384
finetune,29,"biggrid50-goal(3,3)",11,"biggrid50-goal(21,24)",0.8268707394599915,0.1572847797402073
finetune,29,"biggrid50-goal(3,3)",12,"biggrid50-goal(21,3)",0.9411563277244568,0.81030658711031
finetune,29,"biggrid50-goal(3,3)",13,"biggrid50-goal(3,17)",0.840135931968689,0.37499965045687617
finetune,29,"biggrid50-goal(3,3)",14,"biggrid50-goal(15,45)",0.7938775420188904,0.14285710744844307
finetune,29,"biggrid50-goal(3,3)",15,"biggrid50-goal(3,24)",0.8639455437660217,0.20318757782274688
finetune,29,"biggrid50-goal(3,3)",16,"biggrid50-goal(3,10)",0.6921768188476562,0.03415133352683661
finetune,29,"biggrid50-goal(3,3)",17,"biggrid50-goal(46,31)",0.7115647196769714,0.10924393414450702
finetune,29,"biggrid50-goal(3,3)",18,"biggrid50-goal(46,24)",0.7125850319862366,0.046275210196222695
finetune,29,"biggrid50-goal(3,3)",19,"biggrid50-goal(3,45)",0.8210882544517517,0.4739995552469037
finetune,29,"biggrid50-goal(3,3)",20,"biggrid50-goal(21,10)",0.7537415027618408,0.1277108789857329
finetune,29,"biggrid50-goal(3,3)",21,"biggrid50-goal(40,3)",0.8197277784347534,0.5659292619638101
finetune,29,"biggrid50-goal(3,3)",22,"biggrid50-goal(15,38)",0.8401359915733337,0.05432544422928564
finetune,29,"biggrid50-goal(3,3)",23,"biggrid50-goal(40,45)",0.6149659752845764,0.1533282444068775
finetune,29,"biggrid50-goal(3,3)",24,"biggrid50-goal(15,17)",0.8959182500839233,0.497536313620773
finetune,29,"biggrid50-goal(3,3)",25,"biggrid50-goal(15,24)",0.8768707513809204,0.32713747623868283
finetune,29,"biggrid50-goal(3,3)",26,"biggrid50-goal(21,38)",0.8387755155563354,0.1550803141283083
finetune,29,"biggrid50-goal(3,3)",27,"biggrid50-goal(33,17)",0.8336734175682068,0.38257576260438475
finetune,29,"biggrid50-goal(3,3)",28,"biggrid50-goal(27,17)",0.7693877816200256,0.13299238926245785
finetune,29,"biggrid50-goal(3,3)",29,"biggrid50-goal(3,3)",0.8435373902320862,0.5775940723652642
finetune,30,"biggrid50-goal(9,10)",0,"biggrid50-goal(40,31)",0.7125850319862366,0.1666665802575579
finetune,30,"biggrid50-goal(9,10)",1,"biggrid50-goal(9,31)",0.8469387292861938,0.2979717815461919
finetune,30,"biggrid50-goal(9,10)",2,"biggrid50-goal(15,31)",0.8268707394599915,0.1971606517847296
finetune,30,"biggrid50-goal(9,10)",3,"biggrid50-goal(9,24)",0.9329931139945984,0.5979590194567279
finetune,30,"biggrid50-goal(9,10)",4,"biggrid50-goal(21,17)",0.7571428418159485,0.13032879366053754
finetune,30,"biggrid50-goal(9,10)",5,"biggrid50-goal(27,3)",0.7411563396453857,0.09080010744558997
finetune,30,"biggrid50-goal(9,10)",6,"biggrid50-goal(3,31)",0.9738093614578247,0.8969203921475712
finetune,30,"biggrid50-goal(9,10)",7,"biggrid50-goal(33,10)",0.8748299479484558,0.514512010597484
finetune,30,"biggrid50-goal(9,10)",8,"biggrid50-goal(27,45)",0.6656462550163269,0.0548077626230918
finetune,30,"biggrid50-goal(9,10)",9,"biggrid50-goal(21,45)",0.821768581867218,0.397700801681959
finetune,30,"biggrid50-goal(9,10)",10,"biggrid50-goal(33,3)",0.919387698173523,0.6941932327039247
finetune,30,"biggrid50-goal(9,10)",11,"biggrid50-goal(21,24)",0.83299320936203,0.18708620415533714
finetune,30,"biggrid50-goal(9,10)",12,"biggrid50-goal(21,3)",0.7948979139328003,0.3388156586370546
finetune,30,"biggrid50-goal(9,10)",13,"biggrid50-goal(3,17)",0.8850339651107788,0.5505318182114763
finetune,30,"biggrid50-goal(9,10)",14,"biggrid50-goal(15,45)",0.7918367385864258,0.13437059814535604
finetune,30,"biggrid50-goal(9,10)",15,"biggrid50-goal(3,24)",0.9272107481956482,0.5737046647046113
finetune,30,"biggrid50-goal(9,10)",16,"biggrid50-goal(3,10)",0.7115646600723267,0.09498405094123386
finetune,30,"biggrid50-goal(9,10)",17,"biggrid50-goal(46,31)",0.7068026661872864,0.09453759160861919
finetune,30,"biggrid50-goal(9,10)",18,"biggrid50-goal(46,24)",0.7217686772346497,0.07674916287413543
finetune,30,"biggrid50-goal(9,10)",19,"biggrid50-goal(3,45)",0.8785713315010071,0.642999773768224
finetune,30,"biggrid50-goal(9,10)",20,"biggrid50-goal(21,10)",0.744557797908783,0.09518064785149137
finetune,30,"biggrid50-goal(9,10)",21,"biggrid50-goal(40,3)",0.8071427941322327,0.535626349086066
finetune,30,"biggrid50-goal(9,10)",22,"biggrid50-goal(15,38)",0.8387754559516907,0.046277204151546396
finetune,30,"biggrid50-goal(9,10)",23,"biggrid50-goal(40,45)",0.6775509715080261,0.2909497147833226
finetune,30,"biggrid50-goal(9,10)",24,"biggrid50-goal(15,17)",0.9108842015266418,0.5697857438825074
finetune,30,"biggrid50-goal(9,10)",25,"biggrid50-goal(15,24)",0.8442175984382629,0.14869829022747022
finetune,30,"biggrid50-goal(9,10)",26,"biggrid50-goal(21,38)",0.8387754559516907,0.1550800017617474
finetune,30,"biggrid50-goal(9,10)",27,"biggrid50-goal(33,17)",0.8380951285362244,0.39898968443513977
finetune,30,"biggrid50-goal(9,10)",28,"biggrid50-goal(27,17)",0.7925169467926025,0.2199485894824685
finetune,30,"biggrid50-goal(9,10)",29,"biggrid50-goal(3,3)",0.7629250884056091,0.3599630729699869
finetune,30,"biggrid50-goal(9,10)",30,"biggrid50-goal(9,10)",0.9435372948646545,0.7237933177067737
finetune,31,"biggrid50-goal(46,17)",0,"biggrid50-goal(40,31)",0.8523808121681213,0.5719916625579136
finetune,31,"biggrid50-goal(46,17)",1,"biggrid50-goal(9,31)",0.7778911590576172,-0.018720628559087342
finetune,31,"biggrid50-goal(46,17)",2,"biggrid50-goal(15,31)",0.786394476890564,0.009463112050134566
finetune,31,"biggrid50-goal(46,17)",3,"biggrid50-goal(9,24)",0.777550995349884,-0.33469291414613733
finetune,31,"biggrid50-goal(46,17)",4,"biggrid50-goal(21,17)",0.7465986013412476,0.09256988055237643
finetune,31,"biggrid50-goal(46,17)",5,"biggrid50-goal(27,3)",0.7391156554222107,0.08363211316708857
finetune,31,"biggrid50-goal(46,17)",6,"biggrid50-goal(3,31)",0.720748245716095,-0.09906298303244618
finetune,31,"biggrid50-goal(46,17)",7,"biggrid50-goal(33,10)",0.8761904239654541,0.5197887901090149
finetune,31,"biggrid50-goal(46,17)",8,"biggrid50-goal(27,45)",0.6741496920585632,0.07884632299195356
finetune,31,"biggrid50-goal(46,17)",9,"biggrid50-goal(21,45)",0.7880951762199402,0.2839079281332338
finetune,31,"biggrid50-goal(46,17)",10,"biggrid50-goal(33,3)",0.8659862279891968,0.491612105556867
finetune,31,"biggrid50-goal(46,17)",11,"biggrid50-goal(21,24)",0.8268707394599915,0.1572847797402073
finetune,31,"biggrid50-goal(46,17)",12,"biggrid50-goal(21,3)",0.8146257400512695,0.4024119387567465
finetune,31,"biggrid50-goal(46,17)",13,"biggrid50-goal(3,17)",0.722449004650116,-0.08510606070492129
finetune,31,"biggrid50-goal(46,17)",14,"biggrid50-goal(15,45)",0.7513605356216431,-0.03394628507324662
finetune,31,"biggrid50-goal(46,17)",15,"biggrid50-goal(3,24)",0.7292516827583313,-0.5856564234157846
finetune,31,"biggrid50-goal(46,17)",16,"biggrid50-goal(3,10)",0.6687074303627014,-0.039487946940204494
finetune,31,"biggrid50-goal(46,17)",17,"biggrid50-goal(46,31)",0.7615644931793213,0.2636550085759694
finetune,31,"biggrid50-goal(46,17)",18,"biggrid50-goal(46,24)",0.8397958278656006,0.46839689160777614
finetune,31,"biggrid50-goal(46,17)",19,"biggrid50-goal(3,45)",0.6972788572311401,0.10999998773336614
finetune,31,"biggrid50-goal(46,17)",20,"biggrid50-goal(21,10)",0.7408163547515869,0.08192782531128436
finetune,31,"biggrid50-goal(46,17)",21,"biggrid50-goal(40,3)",0.9649657607078552,0.9156423658951043
finetune,31,"biggrid50-goal(46,17)",22,"biggrid50-goal(15,38)",0.7874149084091187,-0.2575457980331069
finetune,31,"biggrid50-goal(46,17)",23,"biggrid50-goal(40,45)",0.7765304446220398,0.5086009323115985
finetune,31,"biggrid50-goal(46,17)",24,"biggrid50-goal(15,17)",0.8370748162269592,0.2134645265992956
finetune,31,"biggrid50-goal(46,17)",25,"biggrid50-goal(15,24)",0.8027210235595703,-0.07806740852788624
finetune,31,"biggrid50-goal(46,17)",26,"biggrid50-goal(21,38)",0.811564564704895,0.012477482275540418
finetune,31,"biggrid50-goal(46,17)",27,"biggrid50-goal(33,17)",0.9207481741905212,0.7058077103658793
finetune,31,"biggrid50-goal(46,17)",28,"biggrid50-goal(27,17)",0.7836734056472778,0.18670049216685405
finetune,31,"biggrid50-goal(46,17)",29,"biggrid50-goal(3,3)",0.6510204076766968,0.05785127424643788
finetune,31,"biggrid50-goal(46,17)",30,"biggrid50-goal(9,10)",0.7574829459190369,-0.18635532510640357
finetune,31,"biggrid50-goal(46,17)",31,"biggrid50-goal(46,17)",0.9234693050384521,0.7148286558142242
finetune,32,"biggrid50-goal(40,10)",0,"biggrid50-goal(40,31)",0.8744896650314331,0.6360942598947502
finetune,32,"biggrid50-goal(40,10)",1,"biggrid50-goal(9,31)",0.8105441331863403,0.13104494667690936
finetune,32,"biggrid50-goal(40,10)",2,"biggrid50-goal(15,31)",0.8105441331863403,0.1214505037807395
finetune,32,"biggrid50-goal(40,10)",3,"biggrid50-goal(9,24)",0.8333333134651184,7.152551404492875e-07
finetune,32,"biggrid50-goal(40,10)",4,"biggrid50-goal(21,17)",0.7680272459983826,0.16930583261793963
finetune,32,"biggrid50-goal(40,10)",5,"biggrid50-goal(27,3)",0.7510203719139099,0.12544796038666176
finetune,32,"biggrid50-goal(40,10)",6,"biggrid50-goal(3,31)",0.7353740930557251,-0.041499414818910556
finetune,32,"biggrid50-goal(40,10)",7,"biggrid50-goal(33,10)",0.9102040529251099,0.6517149822392734
finetune,32,"biggrid50-goal(40,10)",8,"biggrid50-goal(27,45)",0.6795918941497803,0.09423100836793434
finetune,32,"biggrid50-goal(40,10)",9,"biggrid50-goal(21,45)",0.7935373187065125,0.3022986141925966
finetune,32,"biggrid50-goal(40,10)",10,"biggrid50-goal(33,3)",0.8989794850349426,0.6167736634223948
finetune,32,"biggrid50-goal(40,10)",11,"biggrid50-goal(21,24)",0.8476189970970154,0.2582779477931082
finetune,32,"biggrid50-goal(40,10)",12,"biggrid50-goal(21,3)",0.8710882663726807,0.5844292892057258
finetune,32,"biggrid50-goal(40,10)",13,"biggrid50-goal(3,17)",0.7666666507720947,0.08776608387730012
finetune,32,"biggrid50-goal(40,10)",14,"biggrid50-goal(15,45)",0.7612245082855225,0.007072215016355101
finetune,32,"biggrid50-goal(40,10)",15,"biggrid50-goal(3,24)",0.7636054158210754,-0.38446138717617273
finetune,32,"biggrid50-goal(40,10)",16,"biggrid50-goal(3,10)",0.6690475940704346,-0.03842062425753092
finetune,32,"biggrid50-goal(40,10)",17,"biggrid50-goal(46,31)",0.7625848650932312,0.26680615732145546
finetune,32,"biggrid50-goal(40,10)",18,"biggrid50-goal(46,24)",0.9312924742698669,0.7720088449542029
finetune,32,"biggrid50-goal(40,10)",19,"biggrid50-goal(3,45)",0.6489795446395874,-0.031999967756276705
finetune,32,"biggrid50-goal(40,10)",20,"biggrid50-goal(21,10)",0.7370747923851013,0.06867458051167283
finetune,32,"biggrid50-goal(40,10)",21,"biggrid50-goal(40,3)",0.919047474861145,0.8050774432809773
finetune,32,"biggrid50-goal(40,10)",22,"biggrid50-goal(15,38)",0.7976190447807312,-0.19718329226824552
finetune,32,"biggrid50-goal(40,10)",23,"biggrid50-goal(40,45)",0.6948978900909424,0.3290947748766062
finetune,32,"biggrid50-goal(40,10)",24,"biggrid50-goal(15,17)",0.8850339651107788,0.44499148270067446
finetune,32,"biggrid50-goal(40,10)",25,"biggrid50-goal(15,24)",0.8513604998588562,0.18773199449141337
finetune,32,"biggrid50-goal(40,10)",26,"biggrid50-goal(21,38)",0.818027138710022,0.046345514275620385
finetune,32,"biggrid50-goal(40,10)",27,"biggrid50-goal(33,17)",0.9197277426719666,0.7020197460913387
finetune,32,"biggrid50-goal(40,10)",28,"biggrid50-goal(27,17)",0.7850340008735657,0.19181577367540384
finetune,32,"biggrid50-goal(40,10)",29,"biggrid50-goal(3,3)",0.6775510311126709,0.12947664608335005
finetune,32,"biggrid50-goal(40,10)",30,"biggrid50-goal(9,10)",0.7619047164916992,-0.16472471819854673
finetune,32,"biggrid50-goal(40,10)",31,"biggrid50-goal(46,17)",0.9054420590400696,0.6476549031662261
finetune,32,"biggrid50-goal(40,10)",32,"biggrid50-goal(40,10)",0.714625895023346,0.13683155950308956
finetune,33,"biggrid50-goal(46,38)",0,"biggrid50-goal(40,31)",0.9999999403953552,0.9999998271817825
finetune,33,"biggrid50-goal(46,38)",1,"biggrid50-goal(9,31)",0.8333333134651184,0.23556941296758513
finetune,33,"biggrid50-goal(46,38)",2,"biggrid50-goal(15,31)",0.8425169587135315,0.26971569203826595
finetune,33,"biggrid50-goal(46,38)",3,"biggrid50-goal(9,24)",0.8557822108268738,0.13469398702884802
finetune,33,"biggrid50-goal(46,38)",4,"biggrid50-goal(21,17)",0.755442202091217,0.12423880474682747
finetune,33,"biggrid50-goal(46,38)",5,"biggrid50-goal(27,3)",0.7704080939292908,0.19354819799383255
finetune,33,"biggrid50-goal(46,38)",6,"biggrid50-goal(3,31)",0.8353740572929382,0.35207468923470886
finetune,33,"biggrid50-goal(46,38)",7,"biggrid50-goal(33,10)",0.8833332061767578,0.5474929806695326
finetune,33,"biggrid50-goal(46,38)",8,"biggrid50-goal(27,45)",0.680612325668335,0.09711568953147184
finetune,33,"biggrid50-goal(46,38)",9,"biggrid50-goal(21,45)",0.9238094091415405,0.7425283809432498
finetune,33,"biggrid50-goal(46,38)",10,"biggrid50-goal(33,3)",0.8551019430160522,0.45032203038780216
finetune,33,"biggrid50-goal(46,38)",11,"biggrid50-goal(21,24)",0.8775509595870972,0.40397325246870386
finetune,33,"biggrid50-goal(46,38)",12,"biggrid50-goal(21,3)",0.7789114713668823,0.2872804173269302
finetune,33,"biggrid50-goal(46,38)",13,"biggrid50-goal(3,17)",0.7731292247772217,0.1130319929830383
finetune,33,"biggrid50-goal(46,38)",14,"biggrid50-goal(15,45)",0.7765305638313293,0.07072115871995709
finetune,33,"biggrid50-goal(46,38)",15,"biggrid50-goal(3,24)",0.8404761552810669,0.06573746554156254
finetune,33,"biggrid50-goal(46,38)",16,"biggrid50-goal(3,10)",0.668707549571991,-0.03948757290036476
finetune,33,"biggrid50-goal(46,38)",17,"biggrid50-goal(46,31)",0.7639455199241638,0.2710081798439133
finetune,33,"biggrid50-goal(46,38)",18,"biggrid50-goal(46,24)",0.9346937537193298,0.78329525968208
finetune,33,"biggrid50-goal(46,38)",19,"biggrid50-goal(3,45)",0.7040815353393555,0.12999985805752245
finetune,33,"biggrid50-goal(46,38)",20,"biggrid50-goal(21,10)",0.7523809671401978,0.1228916324020754
finetune,33,"biggrid50-goal(46,38)",21,"biggrid50-goal(40,3)",0.8319727182388306,0.5954133944153578
finetune,33,"biggrid50-goal(46,38)",22,"biggrid50-goal(15,38)",0.8261903524398804,-0.028169898044812895
finetune,33,"biggrid50-goal(46,38)",23,"biggrid50-goal(40,45)",0.7710883021354675,0.49663391631424714
finetune,33,"biggrid50-goal(46,38)",24,"biggrid50-goal(15,17)",0.8914965391159058,0.4761901199327824
finetune,33,"biggrid50-goal(46,38)",25,"biggrid50-goal(15,24)",0.884353756904602,0.36802974219866613
finetune,33,"biggrid50-goal(46,38)",26,"biggrid50-goal(21,38)",0.8581631779670715,0.2566840977619873
finetune,33,"biggrid50-goal(46,38)",27,"biggrid50-goal(33,17)",0.9214284420013428,0.7083329461290413
finetune,33,"biggrid50-goal(46,38)",28,"biggrid50-goal(27,17)",0.799659788608551,0.24680275297920834
finetune,33,"biggrid50-goal(46,38)",29,"biggrid50-goal(3,3)",0.6738094687461853,0.11937545881207219
finetune,33,"biggrid50-goal(46,38)",30,"biggrid50-goal(9,10)",0.7486394047737122,-0.22961653892211728
finetune,33,"biggrid50-goal(46,38)",31,"biggrid50-goal(46,17)",0.8812924027442932,0.5576676117800543
finetune,33,"biggrid50-goal(46,38)",32,"biggrid50-goal(40,10)",0.6891156435012817,0.05967093546964585
finetune,33,"biggrid50-goal(46,38)",33,"biggrid50-goal(46,38)",0.9323127865791321,0.8177651837740834
finetune,34,"biggrid50-goal(27,31)",0,"biggrid50-goal(40,31)",0.9999999403953552,0.9999998271817825
finetune,34,"biggrid50-goal(27,31)",1,"biggrid50-goal(9,31)",0.8629251718521118,0.3712949268567398
finetune,34,"biggrid50-goal(27,31)",2,"biggrid50-goal(15,31)",0.8472788333892822,0.29179757668929557
finetune,34,"biggrid50-goal(27,31)",3,"biggrid50-goal(9,24)",0.9210883378982544,0.52653042248333
finetune,34,"biggrid50-goal(27,31)",4,"biggrid50-goal(21,17)",0.7908163070678711,0.250913434303807
finetune,34,"biggrid50-goal(27,31)",5,"biggrid50-goal(27,3)",0.7329931855201721,0.062126664783786686
finetune,34,"biggrid50-goal(27,31)",6,"biggrid50-goal(3,31)",0.87312912940979,0.5006689291948476
finetune,34,"biggrid50-goal(27,31)",7,"biggrid50-goal(33,10)",0.8591836094856262,0.4538256940438857
finetune,34,"biggrid50-goal(27,31)",8,"biggrid50-goal(27,45)",0.6850340366363525,0.1096155252461836
finetune,34,"biggrid50-goal(27,31)",9,"biggrid50-goal(21,45)",0.952380895614624,0.8390802884451729
finetune,34,"biggrid50-goal(27,31)",10,"biggrid50-goal(33,3)",0.778571367263794,0.15999949350648177
finetune,34,"biggrid50-goal(27,31)",11,"biggrid50-goal(21,24)",0.8608843088150024,0.32284750727352274
finetune,34,"biggrid50-goal(27,31)",12,"biggrid50-goal(21,3)",0.8187074065208435,0.4155699422080828
finetune,34,"biggrid50-goal(27,31)",13,"biggrid50-goal(3,17)",0.8071427941322327,0.24601054781330484
finetune,34,"biggrid50-goal(27,31)",14,"biggrid50-goal(15,45)",0.8326530456542969,0.30410177565069063
finetune,34,"biggrid50-goal(27,31)",15,"biggrid50-goal(3,24)",0.8925169110298157,0.3705177850393918
finetune,34,"biggrid50-goal(27,31)",16,"biggrid50-goal(3,10)",0.6833333373069763,0.006403375036281865
finetune,34,"biggrid50-goal(27,31)",17,"biggrid50-goal(46,31)",0.7438774704933167,0.20903331761348387
finetune,34,"biggrid50-goal(27,31)",18,"biggrid50-goal(46,24)",0.9241495728492737,0.7483066619989359
finetune,34,"biggrid50-goal(27,31)",19,"biggrid50-goal(3,45)",0.8326529264450073,0.5079996852732226
finetune,34,"biggrid50-goal(27,31)",20,"biggrid50-goal(21,10)",0.7367346882820129,0.06746987443060959
finetune,34,"biggrid50-goal(27,31)",21,"biggrid50-goal(40,3)",0.8200679421424866,0.566748329429595
finetune,34,"biggrid50-goal(27,31)",22,"biggrid50-goal(15,38)",0.885033905506134,0.31991877715831474
finetune,34,"biggrid50-goal(27,31)",23,"biggrid50-goal(40,45)",0.7503400444984436,0.451009471222619
finetune,34,"biggrid50-goal(27,31)",24,"biggrid50-goal(15,17)",0.8979590535163879,0.5073884694182915
finetune,34,"biggrid50-goal(27,31)",25,"biggrid50-goal(15,24)",0.8884353637695312,0.3903344368746979
finetune,34,"biggrid50-goal(27,31)",26,"biggrid50-goal(21,38)",0.8819727301597595,0.38146141944987877
finetune,34,"biggrid50-goal(27,31)",27,"biggrid50-goal(33,17)",0.9377549886703491,0.7689390469641192
finetune,34,"biggrid50-goal(27,31)",28,"biggrid50-goal(27,17)",0.7738094925880432,0.1496162138311816
finetune,34,"biggrid50-goal(27,31)",29,"biggrid50-goal(3,3)",0.6629251837730408,0.08999088892958279
finetune,34,"biggrid50-goal(27,31)",30,"biggrid50-goal(9,10)",0.8006802201271057,0.024958953310137446
finetune,34,"biggrid50-goal(27,31)",31,"biggrid50-goal(46,17)",0.8210883736610413,0.3333332592996981
finetune,34,"biggrid50-goal(27,31)",32,"biggrid50-goal(40,10)",0.6758502721786499,0.019547288378031547
finetune,34,"biggrid50-goal(27,31)",33,"biggrid50-goal(46,38)",0.8370746970176697,0.561354927363827
finetune,34,"biggrid50-goal(27,31)",34,"biggrid50-goal(27,31)",0.9200679659843445,0.5631966349154234
finetune,35,"biggrid50-goal(21,31)",0,"biggrid50-goal(40,31)",0.815646231174469,0.46548310382209956
finetune,35,"biggrid50-goal(21,31)",1,"biggrid50-goal(9,31)",0.8714285492897034,0.4102963730456629
finetune,35,"biggrid50-goal(21,31)",2,"biggrid50-goal(15,31)",0.9316325783729553,0.6829648781089144
finetune,35,"biggrid50-goal(21,31)",3,"biggrid50-goal(9,24)",0.9360542893409729,0.6163260562083253
finetune,35,"biggrid50-goal(21,31)",4,"biggrid50-goal(21,17)",0.76666659116745,0.16443332922097575
finetune,35,"biggrid50-goal(21,31)",5,"biggrid50-goal(27,3)",0.710544228553772,-0.016726297015035054
finetune,35,"biggrid50-goal(21,31)",6,"biggrid50-goal(3,31)",0.9044216871261597,0.6238283769077619
finetune,35,"biggrid50-goal(21,31)",7,"biggrid50-goal(33,10)",0.8510202765464783,0.422163167501049
finetune,35,"biggrid50-goal(21,31)",8,"biggrid50-goal(27,45)",0.6870747804641724,0.11538455057779558
finetune,35,"biggrid50-goal(21,31)",9,"biggrid50-goal(21,45)",0.895578145980835,0.6471261934538874
finetune,35,"biggrid50-goal(21,31)",10,"biggrid50-goal(33,3)",0.7608842253684998,0.09290244301721806
finetune,35,"biggrid50-goal(21,31)",11,"biggrid50-goal(21,24)",0.8996598720550537,0.5115894750646116
finetune,35,"biggrid50-goal(21,31)",12,"biggrid50-goal(21,3)",0.7564625144004822,0.21491207085749817
finetune,35,"biggrid50-goal(21,31)",13,"biggrid50-goal(3,17)",0.809183657169342,0.25398945218669516
finetune,35,"biggrid50-goal(21,31)",14,"biggrid50-goal(15,45)",0.8544217348098755,0.3946250372720826
finetune,35,"biggrid50-goal(21,31)",15,"biggrid50-goal(3,24)",0.8880951404571533,0.3446213769551465
finetune,35,"biggrid50-goal(21,31)",16,"biggrid50-goal(3,10)",0.6948978900909424,0.04268916690854576
finetune,35,"biggrid50-goal(21,31)",17,"biggrid50-goal(46,31)",0.7401360273361206,0.19747886011579677
finetune,35,"biggrid50-goal(21,31)",18,"biggrid50-goal(46,24)",0.8068026304244995,0.3589160579827096
finetune,35,"biggrid50-goal(21,31)",19,"biggrid50-goal(3,45)",0.8894556164741516,0.6749995662868742
finetune,35,"biggrid50-goal(21,31)",20,"biggrid50-goal(21,10)",0.7363945245742798,0.06626495721984409
finetune,35,"biggrid50-goal(21,31)",21,"biggrid50-goal(40,3)",0.7690475583076477,0.4438982559474603
finetune,35,"biggrid50-goal(21,31)",22,"biggrid50-goal(15,38)",0.9200679063796997,0.5271621932282801
finetune,35,"biggrid50-goal(21,31)",23,"biggrid50-goal(40,45)",0.7353740930557251,0.4181000461620853
finetune,35,"biggrid50-goal(21,31)",24,"biggrid50-goal(15,17)",0.8768706917762756,0.40558257176400175
finetune,35,"biggrid50-goal(21,31)",25,"biggrid50-goal(15,24)",0.8993196487426758,0.44981362267744934
finetune,35,"biggrid50-goal(21,31)",26,"biggrid50-goal(21,38)",0.887414813041687,0.40998142356062267
finetune,35,"biggrid50-goal(21,31)",27,"biggrid50-goal(33,17)",0.9187074303627014,0.6982322243359889
finetune,35,"biggrid50-goal(21,31)",28,"biggrid50-goal(27,17)",0.7738094329833984,0.1496159897420981
finetune,35,"biggrid50-goal(21,31)",29,"biggrid50-goal(3,3)",0.6605441570281982,0.0835627728936161
finetune,35,"biggrid50-goal(21,31)",30,"biggrid50-goal(9,10)",0.8027209639549255,0.034941951481077704
finetune,35,"biggrid50-goal(21,31)",31,"biggrid50-goal(46,17)",0.776870608329773,0.16856748025189797
finetune,35,"biggrid50-goal(21,31)",32,"biggrid50-goal(40,10)",0.6700680255889893,0.002057780099856601
finetune,35,"biggrid50-goal(21,31)",33,"biggrid50-goal(46,38)",0.7241495847702026,0.25732576088371134
finetune,35,"biggrid50-goal(21,31)",34,"biggrid50-goal(27,31)",0.8938775658607483,0.4200743554966653
finetune,35,"biggrid50-goal(21,31)",35,"biggrid50-goal(21,31)",0.8857142329216003,0.49321251540267386
finetune,36,"biggrid50-goal(46,10)",0,"biggrid50-goal(40,31)",0.8748297095298767,0.6370801878257515
finetune,36,"biggrid50-goal(46,10)",1,"biggrid50-goal(9,31)",0.8540815711021423,0.3307330182154193
finetune,36,"biggrid50-goal(46,10)",2,"biggrid50-goal(15,31)",0.8462584018707275,0.2870656060639982
finetune,36,"biggrid50-goal(46,10)",3,"biggrid50-goal(9,24)",0.9153061509132385,0.49183732952340764
finetune,36,"biggrid50-goal(46,10)",4,"biggrid50-goal(21,17)",0.7748298645019531,0.19366600171694487
finetune,36,"biggrid50-goal(46,10)",5,"biggrid50-goal(27,3)",0.7738094329833984,0.20549555300457187
finetune,36,"biggrid50-goal(46,10)",6,"biggrid50-goal(3,31)",0.8221086859703064,0.29986560423085107
finetune,36,"biggrid50-goal(46,10)",7,"biggrid50-goal(33,10)",0.8819726705551147,0.5422159699737953
finetune,36,"biggrid50-goal(46,10)",8,"biggrid50-goal(27,45)",0.6792516708374023,0.09326922331644649
finetune,36,"biggrid50-goal(46,10)",9,"biggrid50-goal(21,45)",0.7976190447807312,0.3160920315822528
finetune,36,"biggrid50-goal(46,10)",10,"biggrid50-goal(33,3)",0.8445577025413513,0.41032193089800395
finetune,36,"biggrid50-goal(46,10)",11,"biggrid50-goal(21,24)",0.9251700639724731,0.6357615932467358
finetune,36,"biggrid50-goal(46,10)",12,"biggrid50-goal(21,3)",0.7799319624900818,0.29057015837294914
finetune,36,"biggrid50-goal(46,10)",13,"biggrid50-goal(3,17)",0.8146257996559143,0.27526590910573817
finetune,36,"biggrid50-goal(46,10)",14,"biggrid50-goal(15,45)",0.8010203242301941,0.17255976607879844
finetune,36,"biggrid50-goal(46,10)",15,"biggrid50-goal(3,24)",0.8615645170211792,0.18924292844967489
finetune,36,"biggrid50-goal(46,10)",16,"biggrid50-goal(3,10)",0.6772108674049377,-0.012806937092483595
finetune,36,"biggrid50-goal(46,10)",17,"biggrid50-goal(46,31)",0.7636053562164307,0.26995767421329886
finetune,36,"biggrid50-goal(46,10)",18,"biggrid50-goal(46,24)",0.973129153251648,0.9108348711132735
finetune,36,"biggrid50-goal(46,10)",19,"biggrid50-goal(3,45)",0.7724488377571106,0.33099969385986633
finetune,36,"biggrid50-goal(46,10)",20,"biggrid50-goal(21,10)",0.7496598362922668,0.11325292810505815
finetune,36,"biggrid50-goal(46,10)",21,"biggrid50-goal(40,3)",0.8673467636108398,0.6805892348672729
finetune,36,"biggrid50-goal(46,10)",22,"biggrid50-goal(15,38)",0.8520408272743225,0.1247484263867753
finetune,36,"biggrid50-goal(46,10)",23,"biggrid50-goal(40,45)",0.6503400802612305,0.23111424159311358
finetune,36,"biggrid50-goal(46,10)",24,"biggrid50-goal(15,17)",0.871768593788147,0.3809517506503073
finetune,36,"biggrid50-goal(46,10)",25,"biggrid50-goal(15,24)",0.8908162713050842,0.4033453459087539
finetune,36,"biggrid50-goal(46,10)",26,"biggrid50-goal(21,38)",0.864625871181488,0.2905527544951891
finetune,36,"biggrid50-goal(46,10)",27,"biggrid50-goal(33,17)",0.9414964318275452,0.7828277330317123
finetune,36,"biggrid50-goal(46,10)",28,"biggrid50-goal(27,17)",0.7904761433601379,0.21227600335326904
finetune,36,"biggrid50-goal(46,10)",29,"biggrid50-goal(3,3)",0.6727890372276306,0.11662057492753143
finetune,36,"biggrid50-goal(46,10)",30,"biggrid50-goal(9,10)",0.8030611872673035,0.03660627047049668
finetune,36,"biggrid50-goal(46,10)",31,"biggrid50-goal(46,17)",0.8357142210006714,0.3878326016589161
finetune,36,"biggrid50-goal(46,10)",32,"biggrid50-goal(40,10)",0.6755101680755615,0.018518578613726154
finetune,36,"biggrid50-goal(46,10)",33,"biggrid50-goal(46,38)",0.8459182977676392,0.5851646231098363
finetune,36,"biggrid50-goal(46,10)",34,"biggrid50-goal(27,31)",0.9054421186447144,0.48327099041208865
finetune,36,"biggrid50-goal(46,10)",35,"biggrid50-goal(21,31)",0.883673369884491,0.48416253593957237
finetune,36,"biggrid50-goal(46,10)",36,"biggrid50-goal(46,10)",0.875850260257721,0.7054073900790309
finetune,37,"biggrid50-goal(9,17)",0,"biggrid50-goal(40,31)",0.8357142210006714,0.5236684053907532
finetune,37,"biggrid50-goal(9,17)",1,"biggrid50-goal(9,31)",0.8816326260566711,0.4570982178250303
finetune,37,"biggrid50-goal(9,17)",2,"biggrid50-goal(15,31)",0.8455781936645508,0.2839113275140045
finetune,37,"biggrid50-goal(9,17)",3,"biggrid50-goal(9,24)",0.9540815949440002,0.7244897995676283
finetune,37,"biggrid50-goal(9,17)",4,"biggrid50-goal(21,17)",0.7799319624900818,0.21193660879056986
finetune,37,"biggrid50-goal(9,17)",5,"biggrid50-goal(27,3)",0.7309523224830627,0.054958042413371995
finetune,37,"biggrid50-goal(9,17)",6,"biggrid50-goal(3,31)",0.9326530694961548,0.7349398268689726
finetune,37,"biggrid50-goal(9,17)",7,"biggrid50-goal(33,10)",0.8173468112945557,0.2915563436368281
finetune,37,"biggrid50-goal(9,17)",8,"biggrid50-goal(27,45)",0.6812925338745117,0.09903858564352148
finetune,37,"biggrid50-goal(9,17)",9,"biggrid50-goal(21,45)",0.86530601978302,0.5448272972696969
finetune,37,"biggrid50-goal(9,17)",10,"biggrid50-goal(33,3)",0.8581631779670715,0.4619349770856906
finetune,37,"biggrid50-goal(9,17)",11,"biggrid50-goal(21,24)",0.9020407199859619,0.523178369872123
finetune,37,"biggrid50-goal(9,17)",12,"biggrid50-goal(21,3)",0.8091835379600525,0.38486799820381407
finetune,37,"biggrid50-goal(9,17)",13,"biggrid50-goal(3,17)",0.896938681602478,0.5970741842362576
finetune,37,"biggrid50-goal(9,17)",14,"biggrid50-goal(15,45)",0.815646231174469,0.23338036906983506
finetune,37,"biggrid50-goal(9,17)",15,"biggrid50-goal(3,24)",0.9306122064590454,0.5936255425120336
finetune,37,"biggrid50-goal(9,17)",16,"biggrid50-goal(3,10)",0.6918366551399231,0.033084010844163035
finetune,37,"biggrid50-goal(9,17)",17,"biggrid50-goal(46,31)",0.7142857313156128,0.11764705882352941
finetune,37,"biggrid50-goal(9,17)",18,"biggrid50-goal(46,24)",0.84965980052948,0.5011283645735058
finetune,37,"biggrid50-goal(9,17)",19,"biggrid50-goal(3,45)",0.8588435053825378,0.5849999745905441
finetune,37,"biggrid50-goal(9,17)",20,"biggrid50-goal(21,10)",0.7408163547515869,0.08192782531128436
finetune,37,"biggrid50-goal(9,17)",21,"biggrid50-goal(40,3)",0.8003401160240173,0.5192464349683108
finetune,37,"biggrid50-goal(9,17)",22,"biggrid50-goal(15,38)",0.911224365234375,0.4748482801320664
finetune,37,"biggrid50-goal(9,17)",23,"biggrid50-goal(40,45)",0.6448978185653687,0.21914696346012746
finetune,37,"biggrid50-goal(9,17)",24,"biggrid50-goal(15,17)",0.9778910279273987,0.8932670173338552
finetune,37,"biggrid50-goal(9,17)",25,"biggrid50-goal(15,24)",0.9030611515045166,0.47025975565744094
finetune,37,"biggrid50-goal(9,17)",26,"biggrid50-goal(21,38)",0.8717687129974365,0.32798582605493215
finetune,37,"biggrid50-goal(9,17)",27,"biggrid50-goal(33,17)",0.853401243686676,0.455807820995677
finetune,37,"biggrid50-goal(9,17)",28,"biggrid50-goal(27,17)",0.7826530337333679,0.18286431114679605
finetune,37,"biggrid50-goal(9,17)",29,"biggrid50-goal(3,3)",0.7234693169593811,0.2534433634815038
finetune,37,"biggrid50-goal(9,17)",30,"biggrid50-goal(9,10)",0.8789114356040955,0.4076537680001143
finetune,37,"biggrid50-goal(9,17)",31,"biggrid50-goal(46,17)",0.77448970079422,0.15969565957083887
finetune,37,"biggrid50-goal(9,17)",32,"biggrid50-goal(40,10)",0.6721088290214539,0.008230579542557683
finetune,37,"biggrid50-goal(9,17)",33,"biggrid50-goal(46,38)",0.7367346286773682,0.29120857342257617
finetune,37,"biggrid50-goal(9,17)",34,"biggrid50-goal(27,31)",0.9170067310333252,0.5464679510481038
finetune,37,"biggrid50-goal(9,17)",35,"biggrid50-goal(21,31)",0.8687074780464172,0.41779795815124565
finetune,37,"biggrid50-goal(9,17)",36,"biggrid50-goal(46,10)",0.7585033178329468,0.4269570114723386
finetune,37,"biggrid50-goal(9,17)",37,"biggrid50-goal(9,17)",0.9159862995147705,0.5719233497900793
finetune,38,"biggrid50-goal(33,24)",0,"biggrid50-goal(40,31)",0.8513604402542114,0.5690331874920396
finetune,38,"biggrid50-goal(33,24)",1,"biggrid50-goal(9,31)",0.8326531052589417,0.23244958158938622
finetune,38,"biggrid50-goal(33,24)",2,"biggrid50-goal(15,31)",0.8578230738639832,0.3406935930168054
finetune,38,"biggrid50-goal(33,24)",3,"biggrid50-goal(9,24)",0.8510203957557678,0.10612312044360124
finetune,38,"biggrid50-goal(33,24)",4,"biggrid50-goal(21,17)",0.7751700282096863,0.19488412756618584
finetune,38,"biggrid50-goal(33,24)",5,"biggrid50-goal(27,3)",0.7360543608665466,0.07287917961146653
finetune,38,"biggrid50-goal(33,24)",6,"biggrid50-goal(3,31)",0.8397958278656006,0.3694776393731513
finetune,38,"biggrid50-goal(33,24)",7,"biggrid50-goal(33,10)",0.8680270910263062,0.4881262635661782
finetune,38,"biggrid50-goal(33,24)",8,"biggrid50-goal(27,45)",0.677210807800293,0.0874998609893715
finetune,38,"biggrid50-goal(33,24)",9,"biggrid50-goal(21,45)",0.8639455437660217,0.5402298271774233
finetune,38,"biggrid50-goal(33,24)",10,"biggrid50-goal(33,3)",0.8500000238418579,0.4309676468220697
finetune,38,"biggrid50-goal(33,24)",11,"biggrid50-goal(21,24)",0.9499998688697815,0.7566218940288063
finetune,38,"biggrid50-goal(33,24)",12,"biggrid50-goal(21,3)",0.7595237493515015,0.2247805254093634
finetune,38,"biggrid50-goal(33,24)",13,"biggrid50-goal(3,17)",0.7972788214683533,0.20744662010441553
finetune,38,"biggrid50-goal(33,24)",14,"biggrid50-goal(15,45)",0.8071428537368774,0.1980197897098565
finetune,38,"biggrid50-goal(33,24)",15,"biggrid50-goal(3,24)",0.8244897127151489,-0.027888251509852923
finetune,38,"biggrid50-goal(33,24)",16,"biggrid50-goal(3,10)",0.6653061509132385,-0.05016005164742107
finetune,38,"biggrid50-goal(33,24)",17,"biggrid50-goal(46,31)",0.7499999403953552,0.2279409463791149
finetune,38,"biggrid50-goal(33,24)",18,"biggrid50-goal(46,24)",0.887414813041687,0.626410257931681
finetune,38,"biggrid50-goal(33,24)",19,"biggrid50-goal(3,45)",0.7636053562164307,0.3049998624384631
finetune,38,"biggrid50-goal(33,24)",20,"biggrid50-goal(21,10)",0.7455781698226929,0.09879497722438337
finetune,38,"biggrid50-goal(33,24)",21,"biggrid50-goal(40,3)",0.7976189851760864,0.5126943258014145
finetune,38,"biggrid50-goal(33,24)",22,"biggrid50-goal(15,38)",0.8727890253067017,0.24748426386775302
finetune,38,"biggrid50-goal(33,24)",23,"biggrid50-goal(40,45)",0.7231292128562927,0.3911741291002273
finetune,38,"biggrid50-goal(33,24)",24,"biggrid50-goal(15,17)",0.8707482814788818,0.37602610437144635
finetune,38,"biggrid50-goal(33,24)",25,"biggrid50-goal(15,24)",0.8976190090179443,0.44052016275606526
finetune,38,"biggrid50-goal(33,24)",26,"biggrid50-goal(21,38)",0.8472788333892822,0.19964315244081668
finetune,38,"biggrid50-goal(33,24)",27,"biggrid50-goal(33,17)",0.9204081296920776,0.7045454243736915
finetune,38,"biggrid50-goal(33,24)",28,"biggrid50-goal(27,17)",0.7765305042266846,0.1598461045810307
finetune,38,"biggrid50-goal(33,24)",29,"biggrid50-goal(3,3)",0.6659862995147705,0.0982550578348608
finetune,38,"biggrid50-goal(33,24)",30,"biggrid50-goal(9,10)",0.7499999403953552,-0.22296101242378552
finetune,38,"biggrid50-goal(33,24)",31,"biggrid50-goal(46,17)",0.8445577621459961,0.42078571304829493
finetune,38,"biggrid50-goal(33,24)",32,"biggrid50-goal(40,10)",0.6809523701667786,0.034979557413218614
finetune,38,"biggrid50-goal(33,24)",33,"biggrid50-goal(46,38)",0.8676869869232178,0.6437726358681655
finetune,38,"biggrid50-goal(33,24)",34,"biggrid50-goal(27,31)",0.9353740811347961,0.6468397285314301
finetune,38,"biggrid50-goal(33,24)",35,"biggrid50-goal(21,31)",0.8840134739875793,0.48567068964332405
finetune,38,"biggrid50-goal(33,24)",36,"biggrid50-goal(46,10)",0.8289114832878113,0.594027238636354
finetune,38,"biggrid50-goal(33,24)",37,"biggrid50-goal(9,17)",0.8272107839584351,0.11958373017415642
finetune,38,"biggrid50-goal(33,24)",38,"biggrid50-goal(33,24)",0.8897959589958191,0.47909995475375733
finetune,39,"biggrid50-goal(40,17)",0,"biggrid50-goal(40,31)",0.8993195295333862,0.70808618167999
finetune,39,"biggrid50-goal(40,17)",1,"biggrid50-goal(9,31)",0.8568027019500732,0.34321371063645983
finetune,39,"biggrid50-goal(40,17)",2,"biggrid50-goal(15,31)",0.8156461715698242,0.14510980410691932
finetune,39,"biggrid50-goal(40,17)",3,"biggrid50-goal(9,24)",0.8384352922439575,0.03061256238365928
finetune,39,"biggrid50-goal(40,17)",4,"biggrid50-goal(21,17)",0.7751700282096863,0.19488412756618584
finetune,39,"biggrid50-goal(40,17)",5,"biggrid50-goal(27,3)",0.7670067548751831,0.18160084298309323
finetune,39,"biggrid50-goal(40,17)",6,"biggrid50-goal(3,31)",0.7972787618637085,0.20214141794222226
finetune,39,"biggrid50-goal(40,17)",7,"biggrid50-goal(33,10)",0.8918367028236389,0.5804748754784068
finetune,39,"biggrid50-goal(40,17)",8,"biggrid50-goal(27,45)",0.6680272221565247,0.061538573006191616
finetune,39,"biggrid50-goal(40,17)",9,"biggrid50-goal(21,45)",0.7670068144798279,0.2126438182306357
finetune,39,"biggrid50-goal(40,17)",10,"biggrid50-goal(33,3)",0.9329929947853088,0.7458056005520779
finetune,39,"biggrid50-goal(40,17)",11,"biggrid50-goal(21,24)",0.8853740692138672,0.44205262467694184
finetune,39,"biggrid50-goal(40,17)",12,"biggrid50-goal(21,3)",0.7942177057266235,0.3366228822328044
finetune,39,"biggrid50-goal(40,17)",13,"biggrid50-goal(3,17)",0.777550995349884,0.13031923074413537
finetune,39,"biggrid50-goal(40,17)",14,"biggrid50-goal(15,45)",0.7721089124679565,0.05233409368794957
finetune,39,"biggrid50-goal(40,17)",15,"biggrid50-goal(3,24)",0.7921767830848694,-0.2171311799595278
finetune,39,"biggrid50-goal(40,17)",16,"biggrid50-goal(3,10)",0.6680271625518799,-0.04162240528563178
finetune,39,"biggrid50-goal(40,17)",17,"biggrid50-goal(46,31)",0.7693876624107361,0.28781479734831544
finetune,39,"biggrid50-goal(40,17)",18,"biggrid50-goal(46,24)",0.9782311320304871,0.9277646909902907
finetune,39,"biggrid50-goal(40,17)",19,"biggrid50-goal(3,45)",0.723129153251648,0.18599984544041334
finetune,39,"biggrid50-goal(40,17)",20,"biggrid50-goal(21,10)",0.7442176938056946,0.09397594177042812
finetune,39,"biggrid50-goal(40,17)",21,"biggrid50-goal(40,3)",0.8527209758758545,0.6453723477542023
finetune,39,"biggrid50-goal(40,17)",22,"biggrid50-goal(15,38)",0.8336734771728516,0.016096480155478488
finetune,39,"biggrid50-goal(40,17)",23,"biggrid50-goal(40,45)",0.6860542893409729,0.30964811174527546
finetune,39,"biggrid50-goal(40,17)",24,"biggrid50-goal(15,17)",0.8578231334686279,0.3136288299072305
finetune,39,"biggrid50-goal(40,17)",25,"biggrid50-goal(15,24)",0.8765305876731873,0.325278588822051
finetune,39,"biggrid50-goal(40,17)",26,"biggrid50-goal(21,38)",0.839115560054779,0.1568623653582985
finetune,39,"biggrid50-goal(40,17)",27,"biggrid50-goal(33,17)",0.9612243175506592,0.8560600126826
finetune,39,"biggrid50-goal(40,17)",28,"biggrid50-goal(27,17)",0.7789115905761719,0.16879801528780544
finetune,39,"biggrid50-goal(40,17)",29,"biggrid50-goal(3,3)",0.6717687249183655,0.11386601287522018
finetune,39,"biggrid50-goal(40,17)",30,"biggrid50-goal(9,10)",0.7639455795288086,-0.15474113687449176
finetune,39,"biggrid50-goal(40,17)",31,"biggrid50-goal(46,17)",0.8649658560752869,0.49683106427644635
finetune,39,"biggrid50-goal(40,17)",32,"biggrid50-goal(40,10)",0.6877550482749939,0.05555555555555555
finetune,39,"biggrid50-goal(40,17)",33,"biggrid50-goal(46,38)",0.8207482099533081,0.5173989980321066
finetune,39,"biggrid50-goal(40,17)",34,"biggrid50-goal(27,31)",0.8714285492897034,0.29739755761671544
finetune,39,"biggrid50-goal(40,17)",35,"biggrid50-goal(21,31)",0.8530610799789429,0.3484157514046763
finetune,39,"biggrid50-goal(40,17)",36,"biggrid50-goal(46,10)",0.8986392617225647,0.7594829880863849
finetune,39,"biggrid50-goal(40,17)",37,"biggrid50-goal(9,17)",0.8472788333892822,0.2218368546882289
finetune,39,"biggrid50-goal(40,17)",38,"biggrid50-goal(33,24)",0.9170066714286804,0.60771648467685
finetune,39,"biggrid50-goal(40,17)",39,"biggrid50-goal(40,17)",0.9472787976264954,0.7792018400449926
finetune,40,"biggrid50-goal(40,38)",0,"biggrid50-goal(40,31)",0.9503400325775146,0.8560154651566502
finetune,40,"biggrid50-goal(40,38)",1,"biggrid50-goal(9,31)",0.8408163189888,0.2698908387075609
finetune,40,"biggrid50-goal(40,38)",2,"biggrid50-goal(15,31)",0.8619047403335571,0.3596211991178413
finetune,40,"biggrid50-goal(40,38)",3,"biggrid50-goal(9,24)",0.8309523463249207,-0.01428507566505317
finetune,40,"biggrid50-goal(40,38)",4,"biggrid50-goal(21,17)",0.7908162474632263,0.2509132208596421
finetune,40,"biggrid50-goal(40,38)",5,"biggrid50-goal(27,3)",0.7445579171180725,0.10274829991221368
finetune,40,"biggrid50-goal(40,38)",6,"biggrid50-goal(3,31)",0.8139455318450928,0.2677375320301315
finetune,40,"biggrid50-goal(40,38)",7,"biggrid50-goal(33,10)",0.8670068383216858,0.4841690835048913
finetune,40,"biggrid50-goal(40,38)",8,"biggrid50-goal(27,45)",0.6704081892967224,0.06826938338929144
finetune,40,"biggrid50-goal(40,38)",9,"biggrid50-goal(21,45)",0.8462584018707275,0.48045949321679293
finetune,40,"biggrid50-goal(40,38)",10,"biggrid50-goal(33,3)",0.862925112247467,0.47999961108533423
finetune,40,"biggrid50-goal(40,38)",11,"biggrid50-goal(21,24)",0.9017006158828735,0.5215228963649213
finetune,40,"biggrid50-goal(40,38)",12,"biggrid50-goal(21,3)",0.7928570508956909,0.3322365608381125
finetune,40,"biggrid50-goal(40,38)",13,"biggrid50-goal(3,17)",0.7571428418159485,0.05053205124022561
finetune,40,"biggrid50-goal(40,38)",14,"biggrid50-goal(15,45)",0.8095237016677856,0.207920345438777
finetune,40,"biggrid50-goal(40,38)",15,"biggrid50-goal(3,24)",0.7877550721168518,-0.24302723896500938
finetune,40,"biggrid50-goal(40,38)",16,"biggrid50-goal(3,10)",0.6707482933998108,-0.03308438488400277
finetune,40,"biggrid50-goal(40,38)",17,"biggrid50-goal(46,31)",0.7520407438278198,0.2342434279432657
finetune,40,"biggrid50-goal(40,38)",18,"biggrid50-goal(46,24)",0.9445577263832092,0.8160267326478098
finetune,40,"biggrid50-goal(40,38)",19,"biggrid50-goal(3,45)",0.732653021812439,0.21400001436948538
finetune,40,"biggrid50-goal(40,38)",20,"biggrid50-goal(21,10)",0.7370747923851013,0.06867458051167283
finetune,40,"biggrid50-goal(40,38)",21,"biggrid50-goal(40,3)",0.8210882544517517,0.5692051012675668
finetune,40,"biggrid50-goal(40,38)",22,"biggrid50-goal(15,38)",0.8625850081443787,0.1871224632847087
finetune,40,"biggrid50-goal(40,38)",23,"biggrid50-goal(40,45)",0.7394556403160095,0.42707517709228143
finetune,40,"biggrid50-goal(40,38)",24,"biggrid50-goal(15,17)",0.8561223745346069,0.30541826845606684
finetune,40,"biggrid50-goal(40,38)",25,"biggrid50-goal(15,24)",0.8639455437660217,0.2565052916567322
finetune,40,"biggrid50-goal(40,38)",26,"biggrid50-goal(21,38)",0.8428571224212646,0.17647055148628696
finetune,40,"biggrid50-goal(40,38)",27,"biggrid50-goal(33,17)",0.9299318194389343,0.7398985037983635
finetune,40,"biggrid50-goal(40,38)",28,"biggrid50-goal(27,17)",0.7765305638313293,0.1598463286701142
finetune,40,"biggrid50-goal(40,38)",29,"biggrid50-goal(3,3)",0.6421768069267273,0.03397598938468574
finetune,40,"biggrid50-goal(40,38)",30,"biggrid50-goal(9,10)",0.753741443157196,-0.20465816876509454
finetune,40,"biggrid50-goal(40,38)",31,"biggrid50-goal(46,17)",0.8629249334335327,0.48922610716191023
finetune,40,"biggrid50-goal(40,38)",32,"biggrid50-goal(40,10)",0.672448992729187,0.009259469592485983
finetune,40,"biggrid50-goal(40,38)",33,"biggrid50-goal(46,38)",0.9122446775436401,0.7637356562273481
finetune,40,"biggrid50-goal(40,38)",34,"biggrid50-goal(27,31)",0.9333332180976868,0.6356870554728226
finetune,40,"biggrid50-goal(40,38)",35,"biggrid50-goal(21,31)",0.8785713315010071,0.4615381159021143
finetune,40,"biggrid50-goal(40,38)",36,"biggrid50-goal(46,10)",0.8204079866409302,0.573849449493508
finetune,40,"biggrid50-goal(40,38)",37,"biggrid50-goal(9,17)",0.795578122138977,-0.04159478988493236
finetune,40,"biggrid50-goal(40,38)",38,"biggrid50-goal(33,24)",0.9136053919792175,0.5916397001689832
finetune,40,"biggrid50-goal(40,38)",39,"biggrid50-goal(40,17)",0.9346936941146851,0.7264950053532349
finetune,40,"biggrid50-goal(40,38)",40,"biggrid50-goal(40,38)",0.7360544204711914,0.2679244983573949
finetune,41,"biggrid50-goal(33,38)",0,"biggrid50-goal(40,31)",0.8666665554046631,0.613411868844107
finetune,41,"biggrid50-goal(33,38)",1,"biggrid50-goal(9,31)",0.8585034012794495,0.351014109226904
finetune,41,"biggrid50-goal(33,38)",2,"biggrid50-goal(15,31)",0.8673468828201294,0.38485763871901796
finetune,41,"biggrid50-goal(33,38)",3,"biggrid50-goal(9,24)",0.8683672547340393,0.21020418746121977
finetune,41,"biggrid50-goal(33,38)",4,"biggrid50-goal(21,17)",0.76666659116745,0.16443332922097575
finetune,41,"biggrid50-goal(33,38)",5,"biggrid50-goal(27,3)",0.7316325306892395,0.05734730405154876
finetune,41,"biggrid50-goal(33,38)",6,"biggrid50-goal(3,31)",0.8517006039619446,0.4163317719902702
finetune,41,"biggrid50-goal(33,38)",7,"biggrid50-goal(33,10)",0.845578134059906,0.40105512471809973
finetune,41,"biggrid50-goal(33,38)",8,"biggrid50-goal(27,45)",0.6833333373069763,0.10480777947286496
finetune,41,"biggrid50-goal(33,38)",9,"biggrid50-goal(21,45)",0.8914965391159058,0.6333331789093652
finetune,41,"biggrid50-goal(33,38)",10,"biggrid50-goal(33,3)",0.8098639249801636,0.27870936407025426
finetune,41,"biggrid50-goal(33,38)",11,"biggrid50-goal(21,24)",0.9020407199859619,0.523178369872123
finetune,41,"biggrid50-goal(33,38)",12,"biggrid50-goal(21,3)",0.7880951762199402,0.316885780982526
finetune,41,"biggrid50-goal(33,38)",13,"biggrid50-goal(3,17)",0.8047618865966797,0.2367022144255981
finetune,41,"biggrid50-goal(33,38)",14,"biggrid50-goal(15,45)",0.8119046688079834,0.21782139688949445
finetune,41,"biggrid50-goal(33,38)",15,"biggrid50-goal(3,24)",0.8595237731933594,0.17729116973850162
finetune,41,"biggrid50-goal(33,38)",16,"biggrid50-goal(3,10)",0.6938775181770325,0.03948757290036476
finetune,41,"biggrid50-goal(33,38)",17,"biggrid50-goal(46,31)",0.7653060555458069,0.2752098342200138
finetune,41,"biggrid50-goal(33,38)",18,"biggrid50-goal(46,24)",0.8190473914146423,0.39954766524459107
finetune,41,"biggrid50-goal(33,38)",19,"biggrid50-goal(3,45)",0.7387754321098328,0.23199989766122606
finetune,41,"biggrid50-goal(33,38)",20,"biggrid50-goal(21,10)",0.7448979020118713,0.09638535393255461
finetune,41,"biggrid50-goal(33,38)",21,"biggrid50-goal(40,3)",0.7928569316864014,0.5012279553596032
finetune,41,"biggrid50-goal(33,38)",22,"biggrid50-goal(15,38)",0.9170066714286804,0.5090534767579125
finetune,41,"biggrid50-goal(33,38)",23,"biggrid50-goal(40,45)",0.7309523224830627,0.4083767801303286
finetune,41,"biggrid50-goal(33,38)",24,"biggrid50-goal(15,17)",0.8874148726463318,0.4564855205911466
finetune,41,"biggrid50-goal(33,38)",25,"biggrid50-goal(15,24)",0.8683673143386841,0.2806688737493958
finetune,41,"biggrid50-goal(33,38)",26,"biggrid50-goal(21,38)",0.8663265109062195,0.2994651972110664
finetune,41,"biggrid50-goal(33,38)",27,"biggrid50-goal(33,17)",0.9394556879997253,0.7752522470018218
finetune,41,"biggrid50-goal(33,38)",28,"biggrid50-goal(27,17)",0.7826530337333679,0.18286431114679605
finetune,41,"biggrid50-goal(33,38)",29,"biggrid50-goal(3,3)",0.656802773475647,0.0734620683706825
finetune,41,"biggrid50-goal(33,38)",30,"biggrid50-goal(9,10)",0.76564621925354,-0.14642187453985575
finetune,41,"biggrid50-goal(33,38)",31,"biggrid50-goal(46,17)",0.8561223745346069,0.46387817498797324
finetune,41,"biggrid50-goal(33,38)",32,"biggrid50-goal(40,10)",0.6700680255889893,0.002057780099856601
finetune,41,"biggrid50-goal(33,38)",33,"biggrid50-goal(46,38)",0.8278910517692566,0.5366297271443626
finetune,41,"biggrid50-goal(33,38)",34,"biggrid50-goal(27,31)",0.9411563277244568,0.6784378831288459
finetune,41,"biggrid50-goal(33,38)",35,"biggrid50-goal(21,31)",0.8775509595870972,0.45701339048071143
finetune,41,"biggrid50-goal(33,38)",36,"biggrid50-goal(46,10)",0.7724488973617554,0.4600482179362463
finetune,41,"biggrid50-goal(33,38)",37,"biggrid50-goal(9,17)",0.8442175388336182,0.2062385807028456
finetune,41,"biggrid50-goal(33,38)",38,"biggrid50-goal(33,24)",0.8914965391159058,0.48713806527517095
finetune,41,"biggrid50-goal(33,38)",39,"biggrid50-goal(40,17)",0.8557822108268738,0.39601107242181643
finetune,41,"biggrid50-goal(33,38)",40,"biggrid50-goal(40,38)",0.6772108674049377,0.10471690190394066
finetune,41,"biggrid50-goal(33,38)",41,"biggrid50-goal(33,38)",0.8482992649078369,0.48498824329301116
finetune,42,"biggrid50-goal(9,45)",0,"biggrid50-goal(40,31)",0.7499999403953552,0.2751476861282446
finetune,42,"biggrid50-goal(9,45)",1,"biggrid50-goal(9,31)",0.9176869988441467,0.6224645902419155
finetune,42,"biggrid50-goal(9,45)",2,"biggrid50-goal(15,31)",0.8738095164299011,0.4148263253456453
finetune,42,"biggrid50-goal(9,45)",3,"biggrid50-goal(9,24)",0.9517005085945129,0.7102032933922942
finetune,42,"biggrid50-goal(9,45)",4,"biggrid50-goal(21,17)",0.7503401637077332,0.10596841111736739
finetune,42,"biggrid50-goal(9,45)",5,"biggrid50-goal(27,3)",0.6935374736785889,-0.07646328143270278
finetune,42,"biggrid50-goal(9,45)",6,"biggrid50-goal(3,31)",0.9384351968765259,0.7576967910400318
finetune,42,"biggrid50-goal(9,45)",7,"biggrid50-goal(33,10)",0.7785714268684387,0.14116107643990194
finetune,42,"biggrid50-goal(9,45)",8,"biggrid50-goal(27,45)",0.6904761791229248,0.1250000421244329
finetune,42,"biggrid50-goal(9,45)",9,"biggrid50-goal(21,45)",0.8982992768287659,0.6563217379061359
finetune,42,"biggrid50-goal(9,45)",10,"biggrid50-goal(33,3)",0.7054421305656433,-0.11741989488450591
finetune,42,"biggrid50-goal(9,45)",11,"biggrid50-goal(21,24)",0.8452380299568176,0.24668847272849653
finetune,42,"biggrid50-goal(9,45)",12,"biggrid50-goal(21,3)",0.7431972622871399,0.17214908804366186
finetune,42,"biggrid50-goal(9,45)",13,"biggrid50-goal(3,17)",0.8397958874702454,0.3736702214425598
finetune,42,"biggrid50-goal(9,45)",14,"biggrid50-goal(15,45)",0.8656461834907532,0.44130096236951055
finetune,42,"biggrid50-goal(9,45)",15,"biggrid50-goal(3,24)",0.9340134859085083,0.6135453730831649
finetune,42,"biggrid50-goal(9,45)",16,"biggrid50-goal(3,10)",0.6768707036972046,-0.013874259775157171
finetune,42,"biggrid50-goal(9,45)",17,"biggrid50-goal(46,31)",0.7081632018089294,0.09873924598471971
finetune,42,"biggrid50-goal(9,45)",18,"biggrid50-goal(46,24)",0.6982992887496948,-0.0011289579291098282
finetune,42,"biggrid50-goal(9,45)",19,"biggrid50-goal(3,45)",0.9064624905586243,0.7249997678101447
finetune,42,"biggrid50-goal(9,45)",20,"biggrid50-goal(21,10)",0.7384353876113892,0.07349403822503259
finetune,42,"biggrid50-goal(9,45)",21,"biggrid50-goal(40,3)",0.6146258115768433,0.07207190915771103
finetune,42,"biggrid50-goal(9,45)",22,"biggrid50-goal(15,38)",0.9132652282714844,0.48692099283958384
finetune,42,"biggrid50-goal(9,45)",23,"biggrid50-goal(40,45)",0.7197278141975403,0.3836946130340653
finetune,42,"biggrid50-goal(9,45)",24,"biggrid50-goal(15,17)",0.8727890849113464,0.3858782601689648
finetune,42,"biggrid50-goal(9,45)",25,"biggrid50-goal(15,24)",0.8870748281478882,0.38289953864935394
finetune,42,"biggrid50-goal(9,45)",26,"biggrid50-goal(21,38)",0.8908161520957947,0.4278066213589382
finetune,42,"biggrid50-goal(9,45)",27,"biggrid50-goal(33,17)",0.7928571105003357,0.2310607317762853
finetune,42,"biggrid50-goal(9,45)",28,"biggrid50-goal(27,17)",0.767346978187561,0.12531980313325838
finetune,42,"biggrid50-goal(9,45)",29,"biggrid50-goal(3,3)",0.6639454960823059,0.09274545098189405
finetune,42,"biggrid50-goal(9,45)",30,"biggrid50-goal(9,10)",0.8207482695579529,0.12312869810192409
finetune,42,"biggrid50-goal(9,45)",31,"biggrid50-goal(46,17)",0.722108781337738,-0.03548794902695372
finetune,42,"biggrid50-goal(9,45)",32,"biggrid50-goal(40,10)",0.6625850796699524,-0.020575817856714036
finetune,42,"biggrid50-goal(9,45)",33,"biggrid50-goal(46,38)",0.6999999284744263,0.19230745159661253
finetune,42,"biggrid50-goal(9,45)",34,"biggrid50-goal(27,31)",0.8646257519721985,0.2602224150488125
finetune,42,"biggrid50-goal(9,45)",35,"biggrid50-goal(21,31)",0.8510204553604126,0.33936682918216626
finetune,42,"biggrid50-goal(9,45)",36,"biggrid50-goal(46,10)",0.6149659752845764,0.08635991920115388
finetune,42,"biggrid50-goal(9,45)",37,"biggrid50-goal(9,17)",0.9013604521751404,0.4973999839643912
finetune,42,"biggrid50-goal(9,45)",38,"biggrid50-goal(33,24)",0.8370748162269592,0.22990359676638683
finetune,42,"biggrid50-goal(9,45)",39,"biggrid50-goal(40,17)",0.722449004650116,-0.16239285729441594
finetune,42,"biggrid50-goal(9,45)",40,"biggrid50-goal(40,38)",0.6772108674049377,0.10471690190394066
finetune,42,"biggrid50-goal(9,45)",41,"biggrid50-goal(33,38)",0.7653061747550964,0.20323339795137862
finetune,42,"biggrid50-goal(9,45)",42,"biggrid50-goal(9,45)",0.9840134382247925,0.9518930508677044
finetune,43,"biggrid50-goal(9,38)",0,"biggrid50-goal(40,31)",0.7333332896232605,0.22682425614286675
finetune,43,"biggrid50-goal(9,38)",1,"biggrid50-goal(9,31)",0.8955782055854797,0.5210607754743855
finetune,43,"biggrid50-goal(9,38)",2,"biggrid50-goal(15,31)",0.8792517185211182,0.4400630413469753
finetune,43,"biggrid50-goal(9,38)",3,"biggrid50-goal(9,24)",0.9537413120269775,0.7224481037692158
finetune,43,"biggrid50-goal(9,38)",4,"biggrid50-goal(21,17)",0.7554420828819275,0.12423837785849762
finetune,43,"biggrid50-goal(9,38)",5,"biggrid50-goal(27,3)",0.694557785987854,-0.07287938897543762
finetune,43,"biggrid50-goal(9,38)",6,"biggrid50-goal(3,31)",0.9353740215301514,0.7456487932883283
finetune,43,"biggrid50-goal(9,38)",7,"biggrid50-goal(33,10)",0.7741495966911316,0.12401044490244605
finetune,43,"biggrid50-goal(9,38)",8,"biggrid50-goal(27,45)",0.6887754201889038,0.12019212785338271
finetune,43,"biggrid50-goal(9,38)",9,"biggrid50-goal(21,45)",0.898639440536499,0.6574712564961296
finetune,43,"biggrid50-goal(9,38)",10,"biggrid50-goal(33,3)",0.7074829936027527,-0.10967777967712847
finetune,43,"biggrid50-goal(9,38)",11,"biggrid50-goal(21,24)",0.8493196368217468,0.26655589558621634
finetune,43,"biggrid50-goal(9,38)",12,"biggrid50-goal(21,3)",0.7037414908409119,0.04495614351118225
finetune,43,"biggrid50-goal(9,38)",13,"biggrid50-goal(3,17)",0.8391156792640686,0.37101089735642867
finetune,43,"biggrid50-goal(9,38)",14,"biggrid50-goal(15,45)",0.8755101561546326,0.4823194624591122
finetune,43,"biggrid50-goal(9,38)",15,"biggrid50-goal(3,24)",0.9221087098121643,0.543824220690387
finetune,43,"biggrid50-goal(9,38)",16,"biggrid50-goal(3,10)",0.6853740811347961,0.012806563052643863
finetune,43,"biggrid50-goal(9,38)",17,"biggrid50-goal(46,31)",0.7163264751434326,0.12394935631450155
finetune,43,"biggrid50-goal(9,38)",18,"biggrid50-goal(46,24)",0.6928570866584778,-0.019187735735236817
finetune,43,"biggrid50-goal(9,38)",19,"biggrid50-goal(3,45)",0.8972788453102112,0.6979998552537204
finetune,43,"biggrid50-goal(9,38)",20,"biggrid50-goal(21,10)",0.7275510430335999,0.034939854426070296
finetune,43,"biggrid50-goal(9,38)",21,"biggrid50-goal(40,3)",0.6047618985176086,0.04832096192706898
finetune,43,"biggrid50-goal(9,38)",22,"biggrid50-goal(15,38)",0.9387754201889038,0.6378263757744659
finetune,43,"biggrid50-goal(9,38)",23,"biggrid50-goal(40,45)",0.7115644812583923,0.3657438269024035
finetune,43,"biggrid50-goal(9,38)",24,"biggrid50-goal(15,17)",0.845578134059906,0.25451503188232316
finetune,43,"biggrid50-goal(9,38)",25,"biggrid50-goal(15,24)",0.8799318671226501,0.3438655086648192
finetune,43,"biggrid50-goal(9,38)",26,"biggrid50-goal(21,38)",0.8768708109855652,0.3547240913022468
finetune,43,"biggrid50-goal(9,38)",27,"biggrid50-goal(33,17)",0.7819727659225464,0.1906567383060985
finetune,43,"biggrid50-goal(9,38)",28,"biggrid50-goal(27,17)",0.7734693884849548,0.14833756152085675
finetune,43,"biggrid50-goal(9,38)",29,"biggrid50-goal(3,3)",0.6717686057090759,0.11386569104299067
finetune,43,"biggrid50-goal(9,38)",30,"biggrid50-goal(9,10)",0.8071428537368774,0.056573141542049274
finetune,43,"biggrid50-goal(9,38)",31,"biggrid50-goal(46,17)",0.726190447807312,-0.020278701100598828
finetune,43,"biggrid50-goal(9,38)",32,"biggrid50-goal(40,10)",0.6598638892173767,-0.028806577684894624
finetune,43,"biggrid50-goal(9,38)",33,"biggrid50-goal(46,38)",0.7003401517868042,0.19322343749222703
finetune,43,"biggrid50-goal(9,38)",34,"biggrid50-goal(27,31)",0.8642856478691101,0.25836385335277234
finetune,43,"biggrid50-goal(9,38)",35,"biggrid50-goal(21,31)",0.8513604402542114,0.3408744542656222
finetune,43,"biggrid50-goal(9,38)",36,"biggrid50-goal(46,10)",0.5918367505073547,0.031477011619430756
finetune,43,"biggrid50-goal(9,38)",37,"biggrid50-goal(9,17)",0.8676869869232178,0.3258229182864251
finetune,43,"biggrid50-goal(9,38)",38,"biggrid50-goal(33,24)",0.8200680017471313,0.1495177020994144
finetune,43,"biggrid50-goal(9,38)",39,"biggrid50-goal(40,17)",0.7132653594017029,-0.20085427094283084
finetune,43,"biggrid50-goal(9,38)",40,"biggrid50-goal(40,38)",0.6653060913085938,0.07169799342957958
finetune,43,"biggrid50-goal(9,38)",41,"biggrid50-goal(33,38)",0.7571427822113037,0.17551933887240836
finetune,43,"biggrid50-goal(9,38)",42,"biggrid50-goal(9,45)",0.9629249572753906,0.8884333467377279
finetune,43,"biggrid50-goal(9,38)",43,"biggrid50-goal(9,38)",0.9806121587753296,0.9355200644176905
finetune,44,"biggrid50-goal(9,3)",0,"biggrid50-goal(40,31)",0.7068026661872864,0.1499011393386627
finetune,44,"biggrid50-goal(9,3)",1,"biggrid50-goal(9,31)",0.9224488735198975,0.6443053235608507
finetune,44,"biggrid50-goal(9,3)",2,"biggrid50-goal(15,31)",0.853741466999054,0.3217662633159229
finetune,44,"biggrid50-goal(9,3)",3,"biggrid50-goal(9,24)",0.9690475463867188,0.8142854332926234
finetune,44,"biggrid50-goal(9,3)",4,"biggrid50-goal(21,17)",0.7476189732551575,0.09622383121176949
finetune,44,"biggrid50-goal(9,3)",5,"biggrid50-goal(27,3)",0.7027209997177124,-0.044205736949663246
finetune,44,"biggrid50-goal(9,3)",6,"biggrid50-goal(3,31)",0.8986393809318542,0.6010707089711111
finetune,44,"biggrid50-goal(9,3)",7,"biggrid50-goal(33,10)",0.7938774824142456,0.20052756235904987
finetune,44,"biggrid50-goal(9,3)",8,"biggrid50-goal(27,45)",0.6721088886260986,0.07307712916261008
finetune,44,"biggrid50-goal(9,3)",9,"biggrid50-goal(21,45)",0.7795917987823486,0.2551723804541958
finetune,44,"biggrid50-goal(9,3)",10,"biggrid50-goal(33,3)",0.720748245716095,-0.059355387508241826
finetune,44,"biggrid50-goal(9,3)",11,"biggrid50-goal(21,24)",0.8608842492103577,0.3228472171449726
finetune,44,"biggrid50-goal(9,3)",12,"biggrid50-goal(21,3)",0.8496597409248352,0.5153504916357647
finetune,44,"biggrid50-goal(9,3)",13,"biggrid50-goal(3,17)",0.8782311677932739,0.5239357810051741
finetune,44,"biggrid50-goal(9,3)",14,"biggrid50-goal(15,45)",0.8564624786376953,0.40311129871427115
finetune,44,"biggrid50-goal(9,3)",15,"biggrid50-goal(3,24)",0.9105441570281982,0.47609560988074423
finetune,44,"biggrid50-goal(9,3)",16,"biggrid50-goal(3,10)",0.7057822346687317,0.07684068745530225
finetune,44,"biggrid50-goal(9,3)",17,"biggrid50-goal(46,31)",0.6809523105621338,0.014705606243173186
finetune,44,"biggrid50-goal(9,3)",18,"biggrid50-goal(46,24)",0.6887754797935486,-0.03273167075093107
finetune,44,"biggrid50-goal(9,3)",19,"biggrid50-goal(3,45)",0.7969387173652649,0.40299992797733547
finetune,44,"biggrid50-goal(9,3)",20,"biggrid50-goal(21,10)",0.7632653117179871,0.1614458162010377
finetune,44,"biggrid50-goal(9,3)",21,"biggrid50-goal(40,3)",0.7278910279273987,0.34479898617617344
finetune,44,"biggrid50-goal(9,3)",22,"biggrid50-goal(15,38)",0.8792516589164734,0.2857139331233772
finetune,44,"biggrid50-goal(9,3)",23,"biggrid50-goal(40,45)",0.6241496205329895,0.17352264943631665
finetune,44,"biggrid50-goal(9,3)",24,"biggrid50-goal(15,17)",0.8993197083473206,0.5139571487765014
finetune,44,"biggrid50-goal(9,3)",25,"biggrid50-goal(15,24)",0.8772108554840088,0.328996037934723
finetune,44,"biggrid50-goal(9,3)",26,"biggrid50-goal(21,38)",0.8534013032913208,0.23172882084434557
finetune,44,"biggrid50-goal(9,3)",27,"biggrid50-goal(33,17)",0.8085033297538757,0.28914137558860586
finetune,44,"biggrid50-goal(9,3)",28,"biggrid50-goal(27,17)",0.7693877816200256,0.13299238926245785
finetune,44,"biggrid50-goal(9,3)",29,"biggrid50-goal(3,3)",0.7136053442955017,0.22681335565132568
finetune,44,"biggrid50-goal(9,3)",30,"biggrid50-goal(9,10)",0.9380950927734375,0.6971709201368894
finetune,44,"biggrid50-goal(9,3)",31,"biggrid50-goal(46,17)",0.723809540271759,-0.02915052178165793
finetune,44,"biggrid50-goal(9,3)",32,"biggrid50-goal(40,10)",0.6653060913085938,-0.012345598885402166
finetune,44,"biggrid50-goal(9,3)",33,"biggrid50-goal(46,38)",0.6503401398658752,0.05860801275832912
finetune,44,"biggrid50-goal(9,3)",34,"biggrid50-goal(27,31)",0.8571428060531616,0.2193304748094209
finetune,44,"biggrid50-goal(9,3)",35,"biggrid50-goal(21,31)",0.8387754559516907,0.2850677453340008
finetune,44,"biggrid50-goal(9,3)",36,"biggrid50-goal(46,10)",0.655102014541626,0.18159798076430775
finetune,44,"biggrid50-goal(9,3)",37,"biggrid50-goal(9,17)",0.9510203003883362,0.7504327792139636
finetune,44,"biggrid50-goal(9,3)",38,"biggrid50-goal(33,24)",0.8034012913703918,0.07073937319022072
finetune,44,"biggrid50-goal(9,3)",39,"biggrid50-goal(40,17)",0.7431973218917847,-0.07549821030462141
finetune,44,"biggrid50-goal(9,3)",40,"biggrid50-goal(40,38)",0.6731292009353638,0.09339605298657878
finetune,44,"biggrid50-goal(9,3)",41,"biggrid50-goal(33,38)",0.7299318909645081,0.08314055841322902
finetune,44,"biggrid50-goal(9,3)",42,"biggrid50-goal(9,45)",0.8312925100326538,0.4923234431381637
finetune,44,"biggrid50-goal(9,3)",43,"biggrid50-goal(9,38)",0.8727890849113464,0.5769229015634016
finetune,44,"biggrid50-goal(9,3)",44,"biggrid50-goal(9,3)",0.7431973218917847,0.2626954460285997
finetune,45,"biggrid50-goal(40,24)",0,"biggrid50-goal(40,31)",0.8462584018707275,0.5542402937080171
finetune,45,"biggrid50-goal(40,24)",1,"biggrid50-goal(9,31)",0.8676869869232178,0.39313538679402604
finetune,45,"biggrid50-goal(40,24)",2,"biggrid50-goal(15,31)",0.8670067191123962,0.3832802230438677
finetune,45,"biggrid50-goal(40,24)",3,"biggrid50-goal(9,24)",0.9006801247596741,0.40408124583140365
finetune,45,"biggrid50-goal(40,24)",4,"biggrid50-goal(21,17)",0.7581632137298584,0.1339827443199306
finetune,45,"biggrid50-goal(40,24)",5,"biggrid50-goal(27,3)",0.6979591846466064,-0.06093182460072721
finetune,45,"biggrid50-goal(40,24)",6,"biggrid50-goal(3,31)",0.8503400087356567,0.41097681960353133
finetune,45,"biggrid50-goal(40,24)",7,"biggrid50-goal(33,10)",0.8159863948822021,0.28627979530950365
finetune,45,"biggrid50-goal(40,24)",8,"biggrid50-goal(27,45)",0.6925169825553894,0.13076923595377635
finetune,45,"biggrid50-goal(40,24)",9,"biggrid50-goal(21,45)",0.8357142210006714,0.44482743826549387
finetune,45,"biggrid50-goal(40,24)",10,"biggrid50-goal(33,3)",0.8064624071121216,0.26580553724038813
finetune,45,"biggrid50-goal(40,24)",11,"biggrid50-goal(21,24)",0.9122448563575745,0.5728475072735227
finetune,45,"biggrid50-goal(40,24)",12,"biggrid50-goal(21,3)",0.7445577383041382,0.17653483299871012
finetune,45,"biggrid50-goal(40,24)",13,"biggrid50-goal(3,17)",0.7850339412689209,0.15957435900781952
finetune,45,"biggrid50-goal(40,24)",14,"biggrid50-goal(15,45)",0.8030611276626587,0.18104627538188547
finetune,45,"biggrid50-goal(40,24)",15,"biggrid50-goal(3,24)",0.8459182977676392,0.09760975298139445
finetune,45,"biggrid50-goal(40,24)",16,"biggrid50-goal(3,10)",0.7098638415336609,0.08964743752786597
finetune,45,"biggrid50-goal(40,24)",17,"biggrid50-goal(46,31)",0.7986393570899963,0.37815091865401274
finetune,45,"biggrid50-goal(40,24)",18,"biggrid50-goal(46,24)",0.8680270910263062,0.5620762699293314
finetune,45,"biggrid50-goal(40,24)",19,"biggrid50-goal(3,45)",0.8040816187858582,0.4240000546741395
finetune,45,"biggrid50-goal(40,24)",20,"biggrid50-goal(21,10)",0.7465986609458923,0.10240972885667989
finetune,45,"biggrid50-goal(40,24)",21,"biggrid50-goal(40,3)",0.7598639130592346,0.4217853001285937
finetune,45,"biggrid50-goal(40,24)",22,"biggrid50-goal(15,38)",0.9187074899673462,0.5191146583323578
finetune,45,"biggrid50-goal(40,24)",23,"biggrid50-goal(40,45)",0.7289113998413086,0.4038888869956871
finetune,45,"biggrid50-goal(40,24)",24,"biggrid50-goal(15,17)",0.8642855882644653,0.3448268916461407
finetune,45,"biggrid50-goal(40,24)",25,"biggrid50-goal(15,24)",0.8785713911056519,0.3364309361600669
finetune,45,"biggrid50-goal(40,24)",26,"biggrid50-goal(21,38)",0.843197226524353,0.17825291508283805
finetune,45,"biggrid50-goal(40,24)",27,"biggrid50-goal(33,17)",0.9377549290657043,0.7689388257045238
finetune,45,"biggrid50-goal(40,24)",28,"biggrid50-goal(27,17)",0.7945577502250671,0.22762117561166795
finetune,45,"biggrid50-goal(40,24)",29,"biggrid50-goal(3,3)",0.6619047522544861,0.08723600504504203
finetune,45,"biggrid50-goal(40,24)",30,"biggrid50-goal(9,10)",0.777550995349884,-0.08818558031461694
finetune,45,"biggrid50-goal(40,24)",31,"biggrid50-goal(46,17)",0.8697277903556824,0.5145751498403761
finetune,45,"biggrid50-goal(40,24)",32,"biggrid50-goal(40,10)",0.6744897961616516,0.015432269035187067
finetune,45,"biggrid50-goal(40,24)",33,"biggrid50-goal(46,38)",0.7880951762199402,0.429486978894613
finetune,45,"biggrid50-goal(40,24)",34,"biggrid50-goal(27,31)",0.9180271029472351,0.5520439618568158
finetune,45,"biggrid50-goal(40,24)",35,"biggrid50-goal(21,31)",0.8602040410041809,0.38009041521538367
finetune,45,"biggrid50-goal(40,24)",36,"biggrid50-goal(46,10)",0.786394476890564,0.493139424400154
finetune,45,"biggrid50-goal(40,24)",37,"biggrid50-goal(9,17)",0.8670066595077515,0.32235643270875447
finetune,45,"biggrid50-goal(40,24)",38,"biggrid50-goal(33,24)",0.8557822704315186,0.3183278836872927
finetune,45,"biggrid50-goal(40,24)",39,"biggrid50-goal(40,17)",0.8789114356040955,0.4928770398520815
finetune,45,"biggrid50-goal(40,24)",40,"biggrid50-goal(40,38)",0.6979591846466064,0.16226412349427866
finetune,45,"biggrid50-goal(40,24)",41,"biggrid50-goal(33,38)",0.7938775420188904,0.30023088472761267
finetune,45,"biggrid50-goal(40,24)",42,"biggrid50-goal(9,45)",0.8489794135093689,0.5455470804547067
finetune,45,"biggrid50-goal(40,24)",43,"biggrid50-goal(9,38)",0.829931914806366,0.4343888496498319
finetune,45,"biggrid50-goal(40,24)",44,"biggrid50-goal(9,3)",0.6520408391952515,0.0009766418818333486
finetune,45,"biggrid50-goal(40,24)",45,"biggrid50-goal(40,24)",0.9772106409072876,0.919663409221325
finetune,46,"biggrid50-goal(33,31)",0,"biggrid50-goal(40,31)",0.8714284300804138,0.6272184890606932
finetune,46,"biggrid50-goal(33,31)",1,"biggrid50-goal(9,31)",0.8503401279449463,0.3135725787270804
finetune,46,"biggrid50-goal(33,31)",2,"biggrid50-goal(15,31)",0.8397958874702454,0.2570974722376776
finetune,46,"biggrid50-goal(33,31)",3,"biggrid50-goal(9,24)",0.8503400683403015,0.10204115935705715
finetune,46,"biggrid50-goal(33,31)",4,"biggrid50-goal(21,17)",0.7425171136856079,0.07795407791480419
finetune,46,"biggrid50-goal(33,31)",5,"biggrid50-goal(27,3)",0.6962584853172302,-0.06690560678808241
finetune,46,"biggrid50-goal(33,31)",6,"biggrid50-goal(3,31)",0.8054421544075012,0.234270428497064
finetune,46,"biggrid50-goal(33,31)",7,"biggrid50-goal(33,10)",0.8459182977676392,0.4023744929841373
finetune,46,"biggrid50-goal(33,31)",8,"biggrid50-goal(27,45)",0.6877550482749939,0.11730761518757674
finetune,46,"biggrid50-goal(33,31)",9,"biggrid50-goal(21,45)",0.8911564350128174,0.6321838617419386
finetune,46,"biggrid50-goal(33,31)",10,"biggrid50-goal(33,3)",0.8387753963470459,0.3883864654078494
finetune,46,"biggrid50-goal(33,31)",11,"biggrid50-goal(21,24)",0.8884353637695312,0.4569536270130569
finetune,46,"biggrid50-goal(33,31)",12,"biggrid50-goal(21,3)",0.7619047164916992,0.2324560114104306
finetune,46,"biggrid50-goal(33,31)",13,"biggrid50-goal(3,17)",0.7578230500221252,0.05319137532635676
finetune,46,"biggrid50-goal(33,31)",14,"biggrid50-goal(15,45)",0.822108805179596,0.2602544391267266
finetune,46,"biggrid50-goal(33,31)",15,"biggrid50-goal(3,24)",0.803741455078125,-0.1494018709923576
finetune,46,"biggrid50-goal(33,31)",16,"biggrid50-goal(3,10)",0.6755102276802063,-0.01814298944609188
finetune,46,"biggrid50-goal(33,31)",17,"biggrid50-goal(46,31)",0.7704080939292908,0.29096613016698014
finetune,46,"biggrid50-goal(33,31)",18,"biggrid50-goal(46,24)",0.9051018953323364,0.6851010385700921
finetune,46,"biggrid50-goal(33,31)",19,"biggrid50-goal(3,45)",0.7874148488044739,0.37499975904826344
finetune,46,"biggrid50-goal(33,31)",20,"biggrid50-goal(21,10)",0.7336734533309937,0.05662646405252907
finetune,46,"biggrid50-goal(33,31)",21,"biggrid50-goal(40,3)",0.9057821035385132,0.7731362519518692
finetune,46,"biggrid50-goal(33,31)",22,"biggrid50-goal(15,38)",0.8863945007324219,0.3279673698269625
finetune,46,"biggrid50-goal(33,31)",23,"biggrid50-goal(40,45)",0.7646257281303406,0.4824230192834837
finetune,46,"biggrid50-goal(33,31)",24,"biggrid50-goal(15,17)",0.8479591608047485,0.26600964526599297
finetune,46,"biggrid50-goal(33,31)",25,"biggrid50-goal(15,24)",0.8632652163505554,0.25278751682346856
finetune,46,"biggrid50-goal(33,31)",26,"biggrid50-goal(21,38)",0.8496599197387695,0.21212157181603983
finetune,46,"biggrid50-goal(33,31)",27,"biggrid50-goal(33,17)",0.9605440497398376,0.853534776919438
finetune,46,"biggrid50-goal(33,31)",28,"biggrid50-goal(27,17)",0.7775509357452393,0.1636825096901722
finetune,46,"biggrid50-goal(33,31)",29,"biggrid50-goal(3,3)",0.6442176103591919,0.03948559623765251
finetune,46,"biggrid50-goal(33,31)",30,"biggrid50-goal(9,10)",0.7452381253242493,-0.24625506359138927
finetune,46,"biggrid50-goal(33,31)",31,"biggrid50-goal(46,17)",0.8438774943351746,0.4182508754107201
finetune,46,"biggrid50-goal(33,31)",32,"biggrid50-goal(40,10)",0.6676871180534363,-0.0051437291071498754
finetune,46,"biggrid50-goal(33,31)",33,"biggrid50-goal(46,38)",0.8738094568252563,0.6602562096638438
finetune,46,"biggrid50-goal(33,31)",34,"biggrid50-goal(27,31)",0.9105441570281982,0.5111520216174242
finetune,46,"biggrid50-goal(33,31)",35,"biggrid50-goal(21,31)",0.8540815114974976,0.35294074113622703
finetune,46,"biggrid50-goal(33,31)",36,"biggrid50-goal(46,10)",0.8404761552810669,0.6214688338619693
finetune,46,"biggrid50-goal(33,31)",37,"biggrid50-goal(9,17)",0.8095237612724304,0.029462697772508165
finetune,46,"biggrid50-goal(33,31)",38,"biggrid50-goal(33,24)",0.8673468828201294,0.37299019063712685
finetune,46,"biggrid50-goal(33,31)",39,"biggrid50-goal(40,17)",0.8928569555282593,0.5512813440076845
finetune,46,"biggrid50-goal(33,31)",40,"biggrid50-goal(40,38)",0.6928571462631226,0.14811318633648804
finetune,46,"biggrid50-goal(33,31)",41,"biggrid50-goal(33,38)",0.8350340127944946,0.4399537825838854
finetune,46,"biggrid50-goal(33,31)",42,"biggrid50-goal(9,45)",0.8602039813995361,0.5793241817549808
finetune,46,"biggrid50-goal(33,31)",43,"biggrid50-goal(9,38)",0.8523808121681213,0.5090492225611781
finetune,46,"biggrid50-goal(33,31)",44,"biggrid50-goal(9,3)",0.6421768665313721,-0.02734374799456421
finetune,46,"biggrid50-goal(33,31)",45,"biggrid50-goal(40,24)",0.9503400325775146,0.8249396806346209
finetune,46,"biggrid50-goal(33,31)",46,"biggrid50-goal(33,31)",0.9676869511604309,0.8524838986788876
finetune,47,"biggrid50-goal(46,45)",0,"biggrid50-goal(40,31)",0.9540815353393555,0.8668636103073624
finetune,47,"biggrid50-goal(46,45)",1,"biggrid50-goal(9,31)",0.8068026900291443,0.11388450718857046
finetune,47,"biggrid50-goal(46,45)",2,"biggrid50-goal(15,31)",0.8278911709785461,0.20189262241002692
finetune,47,"biggrid50-goal(46,45)",3,"biggrid50-goal(9,24)",0.7795917987823486,-0.3224481037692158
finetune,47,"biggrid50-goal(46,45)",4,"biggrid50-goal(21,17)",0.7340136170387268,0.047503066125429184
finetune,47,"biggrid50-goal(46,45)",5,"biggrid50-goal(27,3)",0.6751700639724731,-0.14097962658260843
finetune,47,"biggrid50-goal(46,45)",6,"biggrid50-goal(3,31)",0.7591836452484131,0.05220885041532727
finetune,47,"biggrid50-goal(46,45)",7,"biggrid50-goal(33,10)",0.776190459728241,0.13192619213025844
finetune,47,"biggrid50-goal(46,45)",8,"biggrid50-goal(27,45)",0.6928570866584778,0.13173068400980117
finetune,47,"biggrid50-goal(46,45)",9,"biggrid50-goal(21,45)",0.8598639369010925,0.5264368126329011
finetune,47,"biggrid50-goal(46,45)",10,"biggrid50-goal(33,3)",0.7323129177093506,-0.01548423041475488
finetune,47,"biggrid50-goal(46,45)",11,"biggrid50-goal(21,24)",0.8639455437660217,0.3377482194810877
finetune,47,"biggrid50-goal(46,45)",12,"biggrid50-goal(21,3)",0.7040815949440002,0.04605253171330736
finetune,47,"biggrid50-goal(46,45)",13,"biggrid50-goal(3,17)",0.7163265943527222,-0.10904207473884468
finetune,47,"biggrid50-goal(46,45)",14,"biggrid50-goal(15,45)",0.8180271983146667,0.2432814205205525
finetune,47,"biggrid50-goal(46,45)",15,"biggrid50-goal(3,24)",0.7387754917144775,-0.529879571317315
finetune,47,"biggrid50-goal(46,45)",16,"biggrid50-goal(3,10)",0.6506803035736084,-0.09605118660398757
finetune,47,"biggrid50-goal(46,45)",17,"biggrid50-goal(46,31)",0.8102040886878967,0.4138655330704032
finetune,47,"biggrid50-goal(46,45)",18,"biggrid50-goal(46,24)",0.8411563634872437,0.47291153661300755
finetune,47,"biggrid50-goal(46,45)",19,"biggrid50-goal(3,45)",0.7642856240272522,0.30699984947087877
finetune,47,"biggrid50-goal(46,45)",20,"biggrid50-goal(21,10)",0.730272114276886,0.044578347593385304
finetune,47,"biggrid50-goal(46,45)",21,"biggrid50-goal(40,3)",0.6999999284744263,0.2776410512537889
finetune,47,"biggrid50-goal(46,45)",22,"biggrid50-goal(15,38)",0.8608843684196472,0.1770623394829889
finetune,47,"biggrid50-goal(46,45)",23,"biggrid50-goal(40,45)",0.8785713911056519,0.7329841861435628
finetune,47,"biggrid50-goal(46,45)",24,"biggrid50-goal(15,17)",0.8292516469955444,0.17569749775557653
finetune,47,"biggrid50-goal(46,45)",25,"biggrid50-goal(15,24)",0.8282312750816345,0.06133807321938324
finetune,47,"biggrid50-goal(46,45)",26,"biggrid50-goal(21,38)",0.8700679540634155,0.31907275860593304
finetune,47,"biggrid50-goal(46,45)",27,"biggrid50-goal(33,17)",0.8438774347305298,0.42045429905181414
finetune,47,"biggrid50-goal(46,45)",28,"biggrid50-goal(27,17)",0.7551019787788391,0.07928361409081121
finetune,47,"biggrid50-goal(46,45)",29,"biggrid50-goal(3,3)",0.5874149203300476,-0.11386601287522018
finetune,47,"biggrid50-goal(46,45)",30,"biggrid50-goal(9,10)",0.7010204195976257,-0.4625611326699578
finetune,47,"biggrid50-goal(46,45)",31,"biggrid50-goal(46,17)",0.8459183573722839,0.42585561042435044
finetune,47,"biggrid50-goal(46,45)",32,"biggrid50-goal(40,10)",0.6697278618812561,0.0010288900499283004
finetune,47,"biggrid50-goal(46,45)",33,"biggrid50-goal(46,38)",0.9496597051620483,0.8644684288964344
finetune,47,"biggrid50-goal(46,45)",34,"biggrid50-goal(27,31)",0.9132652878761292,0.5260221437887037
finetune,47,"biggrid50-goal(46,45)",35,"biggrid50-goal(21,31)",0.8319727778434753,0.2549020281574887
finetune,47,"biggrid50-goal(46,45)",36,"biggrid50-goal(46,10)",0.7561224102973938,0.4213074002340462
finetune,47,"biggrid50-goal(46,45)",37,"biggrid50-goal(9,17)",0.7493197321891785,-0.27729606836028614
finetune,47,"biggrid50-goal(46,45)",38,"biggrid50-goal(33,24)",0.8520408272743225,0.3006432516891273
finetune,47,"biggrid50-goal(46,45)",39,"biggrid50-goal(40,17)",0.8248298764228821,0.26638166005947594
finetune,47,"biggrid50-goal(46,45)",40,"biggrid50-goal(40,38)",0.696938693523407,0.15943370461675194
finetune,47,"biggrid50-goal(46,45)",41,"biggrid50-goal(33,38)",0.8918367028236389,0.6327943324982901
finetune,47,"biggrid50-goal(46,45)",42,"biggrid50-goal(9,45)",0.8078230619430542,0.4216989047736744
finetune,47,"biggrid50-goal(46,45)",43,"biggrid50-goal(9,38)",0.8156461715698242,0.3868774329344165
finetune,47,"biggrid50-goal(46,45)",44,"biggrid50-goal(9,3)",0.6394557952880859,-0.03515619852714806
finetune,47,"biggrid50-goal(46,45)",45,"biggrid50-goal(40,24)",0.8846938014030457,0.593524905494583
finetune,47,"biggrid50-goal(46,45)",46,"biggrid50-goal(33,31)",0.9244897365570068,0.6552792115611146
finetune,47,"biggrid50-goal(46,45)",47,"biggrid50-goal(46,45)",0.8999998569488525,0.7710277319022442
finetune,48,"biggrid50-goal(3,38)",0,"biggrid50-goal(40,31)",0.7190475463867188,0.18540404985667322
finetune,48,"biggrid50-goal(3,38)",1,"biggrid50-goal(9,31)",0.9459182620048523,0.7519496212297253
finetune,48,"biggrid50-goal(3,38)",2,"biggrid50-goal(15,31)",0.9105441570281982,0.585173121854048
finetune,48,"biggrid50-goal(3,38)",3,"biggrid50-goal(9,24)",0.9840134978294373,0.9040810670176185
finetune,48,"biggrid50-goal(3,38)",4,"biggrid50-goal(21,17)",0.7649660110473633,0.1583435537514306
finetune,48,"biggrid50-goal(3,38)",5,"biggrid50-goal(27,3)",0.6833332777023315,-0.11230597455683405
finetune,48,"biggrid50-goal(3,38)",6,"biggrid50-goal(3,31)",0.9673468470573425,0.8714855999003468
finetune,48,"biggrid50-goal(3,38)",7,"biggrid50-goal(33,10)",0.7374149560928345,-0.018469537435080584
finetune,48,"biggrid50-goal(3,38)",8,"biggrid50-goal(27,45)",0.6860544085502625,0.11250003791198959
finetune,48,"biggrid50-goal(3,38)",9,"biggrid50-goal(21,45)",0.8656461238861084,0.5459766144371236
finetune,48,"biggrid50-goal(3,38)",10,"biggrid50-goal(33,3)",0.6942176818847656,-0.1600003979591929
finetune,48,"biggrid50-goal(3,38)",11,"biggrid50-goal(21,24)",0.8540815114974976,0.28973455558688943
finetune,48,"biggrid50-goal(3,38)",12,"biggrid50-goal(21,3)",0.7965985536575317,0.3442979839407758
finetune,48,"biggrid50-goal(3,38)",13,"biggrid50-goal(3,17)",0.8564624786376953,0.43882948727150367
finetune,48,"biggrid50-goal(3,38)",14,"biggrid50-goal(15,45)",0.9034011960029602,0.5983020041288668
finetune,48,"biggrid50-goal(3,38)",15,"biggrid50-goal(3,24)",0.9469386339187622,0.6892424048315293
finetune,48,"biggrid50-goal(3,38)",16,"biggrid50-goal(3,10)",0.6952381134033203,0.0437566766111392
finetune,48,"biggrid50-goal(3,38)",17,"biggrid50-goal(46,31)",0.6911564469337463,0.046218382210284466
finetune,48,"biggrid50-goal(3,38)",18,"biggrid50-goal(46,24)",0.6904761791229248,-0.02708826560179114
finetune,48,"biggrid50-goal(3,38)",19,"biggrid50-goal(3,45)",0.9088433980941772,0.7319996348047861
finetune,48,"biggrid50-goal(3,38)",20,"biggrid50-goal(21,10)",0.7336733937263489,0.05662625292282682
finetune,48,"biggrid50-goal(3,38)",21,"biggrid50-goal(40,3)",0.6425169706344604,0.13922998759988978
finetune,48,"biggrid50-goal(3,38)",22,"biggrid50-goal(15,38)",0.942857027053833,0.6619710960076837
finetune,48,"biggrid50-goal(3,38)",23,"biggrid50-goal(40,45)",0.6853741407394409,0.3081524968812413
finetune,48,"biggrid50-goal(3,38)",24,"biggrid50-goal(15,17)",0.939115583896637,0.7060751939412077
finetune,48,"biggrid50-goal(3,38)",25,"biggrid50-goal(15,24)",0.8802720904350281,0.34572472180204267
finetune,48,"biggrid50-goal(3,38)",26,"biggrid50-goal(21,38)",0.8772108554840088,0.356506142532237
finetune,48,"biggrid50-goal(3,38)",27,"biggrid50-goal(33,17)",0.7897958755493164,0.21969706021225877
finetune,48,"biggrid50-goal(3,38)",28,"biggrid50-goal(27,17)",0.7734693288803101,0.14833733743177327
finetune,48,"biggrid50-goal(3,38)",29,"biggrid50-goal(3,3)",0.669387698173523,0.10743789683925349
finetune,48,"biggrid50-goal(3,38)",30,"biggrid50-goal(9,10)",0.8942176103591919,0.4825291700477398
finetune,48,"biggrid50-goal(3,38)",31,"biggrid50-goal(46,17)",0.694557785987854,-0.1381494286009997
finetune,48,"biggrid50-goal(3,38)",32,"biggrid50-goal(40,10)",0.6636053919792175,-0.017489688563797855
finetune,48,"biggrid50-goal(3,38)",33,"biggrid50-goal(46,38)",0.7034013271331787,0.20146506391601302
finetune,48,"biggrid50-goal(3,38)",34,"biggrid50-goal(27,31)",0.8741496801376343,0.31226767978799497
finetune,48,"biggrid50-goal(3,38)",35,"biggrid50-goal(21,31)",0.8425169587135315,0.3016590219361564
finetune,48,"biggrid50-goal(3,38)",36,"biggrid50-goal(46,10)",0.644897997379303,0.1573850580971538
finetune,48,"biggrid50-goal(3,38)",37,"biggrid50-goal(9,17)",0.9469386339187622,0.7296353842714974
finetune,48,"biggrid50-goal(3,38)",38,"biggrid50-goal(33,24)",0.8204081654548645,0.15112554958971294
finetune,48,"biggrid50-goal(3,38)",39,"biggrid50-goal(40,17)",0.7278910875320435,-0.1396012320553052
finetune,48,"biggrid50-goal(3,38)",40,"biggrid50-goal(40,38)",0.6619047522544861,0.06226409043056885
finetune,48,"biggrid50-goal(3,38)",41,"biggrid50-goal(33,38)",0.7598639726638794,0.18475756091835868
finetune,48,"biggrid50-goal(3,38)",42,"biggrid50-goal(9,45)",0.9527208805084229,0.8577271192903826
finetune,48,"biggrid50-goal(3,38)",43,"biggrid50-goal(9,38)",0.9629250764846802,0.8766965000236888
finetune,48,"biggrid50-goal(3,38)",44,"biggrid50-goal(9,3)",0.6697278618812561,0.05175774147414911
finetune,48,"biggrid50-goal(3,38)",45,"biggrid50-goal(40,24)",0.7544217705726624,0.13429255990070707
finetune,48,"biggrid50-goal(3,38)",46,"biggrid50-goal(33,31)",0.823469340801239,0.1940991164919596
finetune,48,"biggrid50-goal(3,38)",47,"biggrid50-goal(46,45)",0.6476190090179443,0.193146406816362
finetune,48,"biggrid50-goal(3,38)",48,"biggrid50-goal(3,38)",0.8680270314216614,0.6104412434835698
finetune,49,"biggrid50-goal(46,3)",0,"biggrid50-goal(40,31)",0.9098638892173767,0.7386585884519065
finetune,49,"biggrid50-goal(46,3)",1,"biggrid50-goal(9,31)",0.8619047999382019,0.3666149064077925
finetune,49,"biggrid50-goal(46,3)",2,"biggrid50-goal(15,31)",0.8265305757522583,0.1955832361095794
finetune,49,"biggrid50-goal(46,3)",3,"biggrid50-goal(9,24)",0.8527209758758545,0.11632659264968055
finetune,49,"biggrid50-goal(46,3)",4,"biggrid50-goal(21,17)",0.7625849843025208,0.14981709969507367
finetune,49,"biggrid50-goal(46,3)",5,"biggrid50-goal(27,3)",0.7840136289596558,0.24133824612870314
finetune,49,"biggrid50-goal(46,3)",6,"biggrid50-goal(3,31)",0.7986393570899963,0.20749637032896115
finetune,49,"biggrid50-goal(46,3)",7,"biggrid50-goal(33,10)",0.9013604521751404,0.6174139503485679
finetune,49,"biggrid50-goal(46,3)",8,"biggrid50-goal(27,45)",0.6670067310333252,0.05865372334492261
finetune,49,"biggrid50-goal(46,3)",9,"biggrid50-goal(21,45)",0.7629251480102539,0.19885060226354653
finetune,49,"biggrid50-goal(46,3)",10,"biggrid50-goal(33,3)",0.9068025350570679,0.6464507918935712
finetune,49,"biggrid50-goal(46,3)",11,"biggrid50-goal(21,24)",0.8530611395835876,0.28476784493673457
finetune,49,"biggrid50-goal(46,3)",12,"biggrid50-goal(21,3)",0.8278910517692566,0.4451751137171307
finetune,49,"biggrid50-goal(46,3)",13,"biggrid50-goal(3,17)",0.7918366193771362,0.18616993015662328
finetune,49,"biggrid50-goal(46,3)",14,"biggrid50-goal(15,45)",0.7615646123886108,0.008486509303087033
finetune,49,"biggrid50-goal(46,3)",15,"biggrid50-goal(3,24)",0.7904761433601379,-0.22709109524509344
finetune,49,"biggrid50-goal(46,3)",16,"biggrid50-goal(3,10)",0.6993197202682495,0.056563426683702935
finetune,49,"biggrid50-goal(46,3)",17,"biggrid50-goal(46,31)",0.7333332896232605,0.17647040416211546
finetune,49,"biggrid50-goal(46,3)",18,"biggrid50-goal(46,24)",0.9132651090621948,0.7121889086014807
finetune,49,"biggrid50-goal(46,3)",19,"biggrid50-goal(3,45)",0.6809523701667786,0.06200012371776438
finetune,49,"biggrid50-goal(46,3)",20,"biggrid50-goal(21,10)",0.7340136170387268,0.057831381263294575
finetune,49,"biggrid50-goal(46,3)",21,"biggrid50-goal(40,3)",0.9193876385688782,0.8058965107467622
finetune,49,"biggrid50-goal(46,3)",22,"biggrid50-goal(15,38)",0.8149660229682922,-0.09456734979979889
finetune,49,"biggrid50-goal(46,3)",23,"biggrid50-goal(40,45)",0.6448978781700134,0.21914709452794484
finetune,49,"biggrid50-goal(46,3)",24,"biggrid50-goal(15,17)",0.8884353041648865,0.46141174236320526
finetune,49,"biggrid50-goal(46,3)",25,"biggrid50-goal(15,24)",0.8455781936645508,0.15613351417340582
finetune,49,"biggrid50-goal(46,3)",26,"biggrid50-goal(21,38)",0.8319727778434753,0.11942960616511634
finetune,49,"biggrid50-goal(46,3)",27,"biggrid50-goal(33,17)",0.9700679183006287,0.8888885201228964
finetune,49,"biggrid50-goal(46,3)",28,"biggrid50-goal(27,17)",0.7908162474632263,0.21355465566359388
finetune,49,"biggrid50-goal(46,3)",29,"biggrid50-goal(3,3)",0.6710883975028992,0.11202931634144983
finetune,49,"biggrid50-goal(46,3)",30,"biggrid50-goal(9,10)",0.7965985536575317,0.004992082238584851
finetune,49,"biggrid50-goal(46,3)",31,"biggrid50-goal(46,17)",0.9037414193153381,0.6413179201227418
finetune,49,"biggrid50-goal(46,3)",32,"biggrid50-goal(40,10)",0.6914965510368347,0.06687244467665232
finetune,49,"biggrid50-goal(46,3)",33,"biggrid50-goal(46,38)",0.8003400564193726,0.46245396601191646
finetune,49,"biggrid50-goal(46,3)",34,"biggrid50-goal(27,31)",0.8904761075973511,0.4014864584921221
finetune,49,"biggrid50-goal(46,3)",35,"biggrid50-goal(21,31)",0.8517006039619446,0.34238287227952174
finetune,49,"biggrid50-goal(46,3)",36,"biggrid50-goal(46,10)",0.9091835618019104,0.7845033617626618
finetune,49,"biggrid50-goal(46,3)",37,"biggrid50-goal(9,17)",0.8442175984382629,0.20623888440755714
finetune,49,"biggrid50-goal(46,3)",38,"biggrid50-goal(33,24)",0.8397959470748901,0.24276553149121585
finetune,49,"biggrid50-goal(46,3)",39,"biggrid50-goal(40,17)",0.9397957921028137,0.7478627624788785
finetune,49,"biggrid50-goal(46,3)",40,"biggrid50-goal(40,38)",0.6836735010147095,0.12264156557988456
finetune,49,"biggrid50-goal(46,3)",41,"biggrid50-goal(33,38)",0.7646257877349854,0.20092353891045073
finetune,49,"biggrid50-goal(46,3)",42,"biggrid50-goal(9,45)",0.7411564588546753,0.2210849811112829
finetune,49,"biggrid50-goal(46,3)",43,"biggrid50-goal(9,38)",0.7527210116386414,0.17760141236817278
finetune,49,"biggrid50-goal(46,3)",44,"biggrid50-goal(9,3)",0.6612244248390198,0.027343576864043477
finetune,49,"biggrid50-goal(46,3)",45,"biggrid50-goal(40,24)",0.9506800174713135,0.8261381885510977
finetune,49,"biggrid50-goal(46,3)",46,"biggrid50-goal(33,31)",0.8996597528457642,0.5419249313403042
finetune,49,"biggrid50-goal(46,3)",47,"biggrid50-goal(46,45)",0.6666666269302368,0.2367601071788337
finetune,49,"biggrid50-goal(46,3)",48,"biggrid50-goal(3,38)",0.7309523224830627,0.20582313312959316
finetune,49,"biggrid50-goal(46,3)",49,"biggrid50-goal(46,3)",0.9275509119033813,0.7979124107663754
