method,task,task_name,phase,iter,frames_total,raw,normalized
finetune,0,"biggrid50-goal(40,31)",task1,10,10240,0.8285714387893677,0.5029585614749827
finetune,0,"biggrid50-goal(40,31)",task1,20,20480,0.8285714387893677,0.5029585614749827
finetune,0,"biggrid50-goal(40,31)",task1,30,30720,0.8285714387893677,0.5029585614749827
finetune,0,"biggrid50-goal(40,31)",task1,40,40960,0.8285714387893677,0.5029585614749827
finetune,0,"biggrid50-goal(40,31)",task1,50,51200,0.8285714387893677,0.5029585614749827
finetune,0,"biggrid50-goal(40,31)",task1,60,61440,0.8285714387893677,0.5029585614749827
finetune,0,"biggrid50-goal(40,31)",task1,70,71680,0.8285714387893677,0.5029585614749827
finetune,0,"biggrid50-goal(40,31)",task1,80,81920,0.8295917510986328,0.5059168637226392
finetune,0,"biggrid50-goal(40,31)",task1,90,92160,0.8540815114974976,0.5769226847586603
finetune,0,"biggrid50-goal(40,31)",task1,100,102400,0.8602040410041809,0.5946743992449918
finetune,0,"biggrid50-goal(40,31)",task1,110,112640,0.8602040410041809,0.5946743992449918
finetune,0,"biggrid50-goal(40,31)",task1,120,122880,0.8642856478691101,0.6065086451449228
finetune,0,"biggrid50-goal(40,31)",task1,130,133120,0.9999998807907104,0.999999654363565
finetune,0,"biggrid50-goal(40,31)",task1,140,143360,0.9397957921028137,0.8254434040211689
finetune,0,"biggrid50-goal(40,31)",task1,150,153600,0.8877549171447754,0.6745556454786348
finetune,0,"biggrid50-goal(40,31)",task1,160,163840,0.8714284896850586,0.6272186618789107
finetune,0,"biggrid50-goal(40,31)",task1,170,174080,0.8775509595870972,0.6449702035470248
finetune,0,"biggrid50-goal(40,31)",task1,180,184320,0.948979377746582,0.8520703708869048
finetune,0,"biggrid50-goal(40,31)",task1,190,194560,0.9306120872497559,0.7988160915189978
finetune,0,"biggrid50-goal(40,31)",task1,200,204800,0.9061223268508911,0.7278102704829768
finetune,1,"biggrid50-goal(9,31)",finetune,10,215040,0.8561223745346069,0.34009333249496293
finetune,1,"biggrid50-goal(9,31)",finetune,20,225280,0.9551018476486206,0.7940708987968473
finetune,1,"biggrid50-goal(9,31)",finetune,30,235520,0.9683672785758972,0.8549138984496527
finetune,1,"biggrid50-goal(9,31)",finetune,40,245760,0.9999998807907104,0.999999453236702
finetune,1,"biggrid50-goal(9,31)",finetune,50,256000,0.9999998807907104,0.999999453236702
finetune,1,"biggrid50-goal(9,31)",finetune,60,266240,0.9724488258361816,0.873634253627091
finetune,1,"biggrid50-goal(9,31)",finetune,70,276480,0.974489688873291,0.8829948412882836
finetune,1,"biggrid50-goal(9,31)",finetune,80,286720,0.928571343421936,0.6723865397811306
finetune,1,"biggrid50-goal(9,31)",finetune,90,296960,0.9520406723022461,0.7800305640683564
finetune,1,"biggrid50-goal(9,31)",finetune,100,307200,0.960204005241394,0.817472367949829
finetune,1,"biggrid50-goal(9,31)",finetune,110,317440,0.971428394317627,0.8689539597964947
finetune,1,"biggrid50-goal(9,31)",finetune,120,327680,0.9999998807907104,0.999999453236702
finetune,1,"biggrid50-goal(9,31)",finetune,130,337920,0.9999998807907104,0.999999453236702
finetune,1,"biggrid50-goal(9,31)",finetune,140,348160,0.9908162355422974,0.957877902287931
finetune,1,"biggrid50-goal(9,31)",finetune,150,358400,0.9826529622077942,0.9204363717881073
finetune,2,"biggrid50-goal(15,31)",finetune,10,368640,0.9714285731315613,0.8675078628933623
finetune,2,"biggrid50-goal(15,31)",finetune,20,378880,0.9744898080825806,0.8817034983691009
finetune,2,"biggrid50-goal(15,31)",finetune,30,389120,0.9765305519104004,0.8911668868193888
finetune,2,"biggrid50-goal(15,31)",finetune,40,399360,0.9755101203918457,0.8864349161940915
finetune,2,"biggrid50-goal(15,31)",finetune,50,409600,0.9999998807907104,0.9999994471996934
finetune,2,"biggrid50-goal(15,31)",finetune,60,419840,0.9765305519104004,0.8911668868193888
finetune,2,"biggrid50-goal(15,31)",finetune,70,430080,0.9765305519104004,0.8911668868193888
finetune,2,"biggrid50-goal(15,31)",finetune,80,440320,0.9693877100944519,0.8580439216427678
finetune,2,"biggrid50-goal(15,31)",finetune,90,450560,0.9765305519104004,0.8911668868193888
finetune,2,"biggrid50-goal(15,31)",finetune,100,460800,0.9999998807907104,0.9999994471996934
finetune,2,"biggrid50-goal(15,31)",finetune,110,471040,1.0,1.0
finetune,2,"biggrid50-goal(15,31)",finetune,120,481280,0.9765305519104004,0.8911668868193888
finetune,2,"biggrid50-goal(15,31)",finetune,130,491520,0.9765305519104004,0.8911668868193888
finetune,2,"biggrid50-goal(15,31)",finetune,140,501760,1.0,1.0
finetune,2,"biggrid50-goal(15,31)",finetune,150,512000,0.9204080700874329,0.6309143068312574
finetune,3,"biggrid50-goal(9,24)",finetune,10,522240,0.9663263559341431,0.7979583042015875
finetune,3,"biggrid50-goal(9,24)",finetune,20,532480,0.9918365478515625,0.9510193279820328
finetune,3,"biggrid50-goal(9,24)",finetune,30,542720,0.9928569793701172,0.9571419119842787
finetune,3,"biggrid50-goal(9,24)",finetune,40,552960,0.9948978424072266,0.9693870799887705
finetune,3,"biggrid50-goal(9,24)",finetune,50,563200,0.9938774108886719,0.9632644959865246
finetune,3,"biggrid50-goal(9,24)",finetune,60,573440,0.9908162355422974,0.9448974592349273
finetune,3,"biggrid50-goal(9,24)",finetune,70,583680,0.9959181547164917,0.9755089487358759
finetune,3,"biggrid50-goal(9,24)",finetune,80,593920,0.9999998807907104,0.9999992847448596
finetune,3,"biggrid50-goal(9,24)",finetune,90,604160,0.991836667060852,0.9510200432371733
finetune,3,"biggrid50-goal(9,24)",finetune,100,614400,0.9673467874526978,0.8040808882038334
finetune,3,"biggrid50-goal(9,24)",finetune,110,624640,0.9765305519104004,0.8591834289689061
finetune,3,"biggrid50-goal(9,24)",finetune,120,634880,0.9693877100944519,0.8163264138358954
finetune,3,"biggrid50-goal(9,24)",finetune,130,645120,0.9999998807907104,0.9999992847448596
finetune,3,"biggrid50-goal(9,24)",finetune,140,655360,0.9999998807907104,0.9999992847448596
finetune,3,"biggrid50-goal(9,24)",finetune,150,665600,0.984693706035614,0.9081623128490222
finetune,4,"biggrid50-goal(21,17)",finetune,10,675840,0.7867347002029419,0.23629720477790495
finetune,4,"biggrid50-goal(21,17)",finetune,20,686080,0.7571428418159485,0.13032879366053754
finetune,4,"biggrid50-goal(21,17)",finetune,30,696320,0.8214285969734192,0.3605360095247324
finetune,4,"biggrid50-goal(21,17)",finetune,40,706560,0.7959182858467102,0.26918361448910216
finetune,4,"biggrid50-goal(21,17)",finetune,50,716800,0.7887753844261169,0.24360489265252613
finetune,4,"biggrid50-goal(21,17)",finetune,60,727040,0.7887753844261169,0.24360489265252613
finetune,4,"biggrid50-goal(21,17)",finetune,70,737280,0.7867345809936523,0.2362967778895751
finetune,4,"biggrid50-goal(21,17)",finetune,80,747520,0.8581631779670715,0.4920825021461811
finetune,4,"biggrid50-goal(21,17)",finetune,90,757760,0.8204081654548645,0.3568818454211744
finetune,4,"biggrid50-goal(21,17)",finetune,100,768000,0.7938774824142456,0.26187549972615115
finetune,4,"biggrid50-goal(21,17)",finetune,110,778240,0.837755024433136,0.4190009276283408
finetune,4,"biggrid50-goal(21,17)",finetune,120,788480,0.7581632733345032,0.13398295776409552
finetune,4,"biggrid50-goal(21,17)",finetune,130,798720,0.7989795207977295,0.2801458933556112
finetune,4,"biggrid50-goal(21,17)",finetune,140,808960,0.7989795207977295,0.2801458933556112
finetune,4,"biggrid50-goal(21,17)",finetune,150,819200,0.795918345451355,0.2691838279332671
finetune,4,"biggrid50-goal(21,17)",finetune,160,829440,0.7581632137298584,0.1339827443199306
finetune,4,"biggrid50-goal(21,17)",finetune,170,839680,0.7581631541252136,0.13398253087576567
finetune,4,"biggrid50-goal(21,17)",finetune,180,849920,0.7663265466690063,0.16321563026006464
finetune,4,"biggrid50-goal(21,17)",finetune,190,860160,0.778571367263794,0.2070643188377709
finetune,4,"biggrid50-goal(21,17)",finetune,200,870400,0.8020407557487488,0.29110817222212027
finetune,4,"biggrid50-goal(21,17)",finetune,210,880640,0.8010203242301941,0.28745400811856225
finetune,4,"biggrid50-goal(21,17)",finetune,220,890880,0.791836678981781,0.2545673849632001
finetune,4,"biggrid50-goal(21,17)",finetune,230,901120,0.7908162474632263,0.2509132208596421
finetune,4,"biggrid50-goal(21,17)",finetune,240,911360,0.7897958755493164,0.24725927020024904
finetune,4,"biggrid50-goal(21,17)",finetune,250,921600,0.7744897603988647,0.19244808931186883
finetune,4,"biggrid50-goal(21,17)",finetune,260,931840,0.778571367263794,0.2070643188377709
finetune,4,"biggrid50-goal(21,17)",finetune,270,942080,0.823469340801239,0.36784391084351853
finetune,4,"biggrid50-goal(21,17)",finetune,280,952320,0.8959182500839233,0.6272833723153527
finetune,4,"biggrid50-goal(21,17)",finetune,290,962560,0.8224489092826843,0.3641897467399606
finetune,4,"biggrid50-goal(21,17)",finetune,300,972800,0.8163264393806458,0.34226518900694247
finetune,4,"biggrid50-goal(21,17)",finetune,310,983040,0.8163264393806458,0.34226518900694247
finetune,4,"biggrid50-goal(21,17)",finetune,320,993280,0.8357142210006714,0.4116928128653897
finetune,4,"biggrid50-goal(21,17)",finetune,330,1003520,0.8255101442337036,0.3751520256064696
finetune,4,"biggrid50-goal(21,17)",finetune,340,1013760,0.8142856359481812,0.33495707424399146
finetune,4,"biggrid50-goal(21,17)",finetune,350,1024000,0.8397958874702454,0.42630925583545676
finetune,4,"biggrid50-goal(21,17)",finetune,360,1034240,0.8183673024177551,0.34957351721405844
finetune,4,"biggrid50-goal(21,17)",finetune,370,1044480,0.8214284777641296,0.36053558263640256
finetune,4,"biggrid50-goal(21,17)",finetune,380,1054720,0.8193876147270203,0.3532272544292866
finetune,4,"biggrid50-goal(21,17)",finetune,390,1064960,0.823469340801239,0.36784391084351853
finetune,4,"biggrid50-goal(21,17)",finetune,400,1075200,0.8132652044296265,0.33130291014043345
finetune,4,"biggrid50-goal(21,17)",finetune,410,1085440,0.8091835975646973,0.31668668061453137
finetune,4,"biggrid50-goal(21,17)",finetune,420,1095680,0.7806121706962585,0.21437243360072195
finetune,4,"biggrid50-goal(21,17)",finetune,430,1105920,0.7969387173652649,0.2728377785926602
finetune,4,"biggrid50-goal(21,17)",finetune,440,1116160,0.7714284658432007,0.18148559700119485
finetune,4,"biggrid50-goal(21,17)",finetune,450,1126400,0.7816325426101685,0.218026384260115
finetune,4,"biggrid50-goal(21,17)",finetune,460,1136640,0.7571428418159485,0.13032879366053754
finetune,4,"biggrid50-goal(21,17)",finetune,470,1146880,0.7816325426101685,0.218026384260115
finetune,4,"biggrid50-goal(21,17)",finetune,480,1157120,0.7816325426101685,0.218026384260115
finetune,4,"biggrid50-goal(21,17)",finetune,490,1167360,0.8153060078620911,0.3386110249033845
finetune,4,"biggrid50-goal(21,17)",finetune,500,1177600,0.8132652044296265,0.33130291014043345
finetune,5,"biggrid50-goal(27,3)",finetune,10,1187840,0.8499999046325684,0.47311798015690154
finetune,5,"biggrid50-goal(27,3)",finetune,20,1198080,0.8224489092826843,0.3763438811599853
finetune,5,"biggrid50-goal(27,3)",finetune,30,1208320,0.7622448801994324,0.16487454596805817
finetune,5,"biggrid50-goal(27,3)",finetune,40,1218560,0.7734693288803101,0.20430092218548349
finetune,5,"biggrid50-goal(27,3)",finetune,50,1228800,0.770408034324646,0.19354798862986144
finetune,5,"biggrid50-goal(27,3)",finetune,60,1239040,0.8030611872673035,0.3082436435528145
finetune,5,"biggrid50-goal(27,3)",finetune,70,1249280,0.8765305280685425,0.5663079773325815
finetune,5,"biggrid50-goal(27,3)",finetune,80,1259520,0.8336734771728516,0.4157706761053528
finetune,5,"biggrid50-goal(27,3)",finetune,90,1269760,0.9153060913085938,0.7025088712748654
finetune,5,"biggrid50-goal(27,3)",finetune,100,1280000,0.8826529383659363,0.5878132163519124
finetune,5,"biggrid50-goal(27,3)",finetune,110,1290240,0.9214285016059875,0.7240141102941962
finetune,5,"biggrid50-goal(27,3)",finetune,120,1300480,0.9591835737228394,0.8566304836873015
finetune,5,"biggrid50-goal(27,3)",finetune,130,1310720,0.7806121706962585,0.22939047239002164
finetune,5,"biggrid50-goal(27,3)",finetune,140,1320960,0.8091835975646973,0.32974888257214524
finetune,5,"biggrid50-goal(27,3)",finetune,150,1331200,0.8091835975646973,0.32974888257214524
finetune,5,"biggrid50-goal(27,3)",finetune,160,1341440,0.8520406484603882,0.48028618379937404
finetune,5,"biggrid50-goal(27,3)",finetune,170,1351680,0.9051019549369812,0.6666663875147052
finetune,5,"biggrid50-goal(27,3)",finetune,180,1361920,0.9377549886703491,0.7813616237097161
finetune,5,"biggrid50-goal(27,3)",finetune,190,1372160,0.9142856597900391,0.698924560089658
finetune,5,"biggrid50-goal(27,3)",finetune,200,1382400,0.9418365359306335,0.7956982403586321
finetune,5,"biggrid50-goal(27,3)",finetune,210,1392640,0.9357141256332397,0.7741930013393014
finetune,5,"biggrid50-goal(27,3)",finetune,220,1402880,0.896938681602478,0.6379925261249597
finetune,5,"biggrid50-goal(27,3)",finetune,230,1413120,0.8530610799789429,0.4838704949845814
finetune,5,"biggrid50-goal(27,3)",finetune,240,1423360,0.9020406603813171,0.6559134539590832
finetune,5,"biggrid50-goal(27,3)",finetune,250,1433600,0.9234693646430969,0.7311827326646109
finetune,5,"biggrid50-goal(27,3)",finetune,260,1443840,0.9428569674491882,0.7992825515438394
finetune,5,"biggrid50-goal(27,3)",finetune,270,1454080,0.9438773989677429,0.8028668627290468
finetune,5,"biggrid50-goal(27,3)",finetune,280,1464320,0.9142856597900391,0.698924560089658
finetune,5,"biggrid50-goal(27,3)",finetune,290,1474560,0.9346936941146851,0.770608690154094
finetune,5,"biggrid50-goal(27,3)",finetune,300,1484800,0.9081631898880005,0.6774191117063562
finetune,6,"biggrid50-goal(3,31)",finetune,10,1495040,0.8255101442337036,0.31325286790343304
finetune,6,"biggrid50-goal(3,31)",finetune,20,1505280,0.9224489331245422,0.694778974205349
finetune,6,"biggrid50-goal(3,31)",finetune,30,1515520,0.9122449159622192,0.6546185907187863
finetune,6,"biggrid50-goal(3,31)",finetune,40,1525760,0.9132652282714844,0.6586342771846467
finetune,6,"biggrid50-goal(3,31)",finetune,50,1536000,0.9183672070503235,0.6787143516336628
finetune,6,"biggrid50-goal(3,31)",finetune,60,1546240,0.9091836214065552,0.6425701237900217
finetune,6,"biggrid50-goal(3,31)",finetune,70,1556480,0.9071428179740906,0.6345380470927091
finetune,6,"biggrid50-goal(3,31)",finetune,80,1566720,0.9673467874526978,0.8714853653118162
finetune,6,"biggrid50-goal(3,31)",finetune,90,1576960,0.8806121945381165,0.5301203462620546
finetune,6,"biggrid50-goal(3,31)",finetune,100,1587200,0.8632652163505554,0.46184710786357175
finetune,6,"biggrid50-goal(3,31)",finetune,110,1597440,0.8928569555282593,0.5783125718573993
finetune,6,"biggrid50-goal(3,31)",finetune,120,1607680,0.9295916557312012,0.7228908907631469
finetune,6,"biggrid50-goal(3,31)",finetune,130,1617920,0.8806120753288269,0.5301198770849935
finetune,6,"biggrid50-goal(3,31)",finetune,140,1628160,0.8428570628166199,0.38152587171338537
finetune,6,"biggrid50-goal(3,31)",finetune,150,1638400,0.820408046245575,0.2931723242773559
finetune,6,"biggrid50-goal(3,31)",finetune,160,1648640,0.830612063407898,0.33333270776391855
finetune,6,"biggrid50-goal(3,31)",finetune,170,1658880,0.8346937894821167,0.3493973303356047
finetune,6,"biggrid50-goal(3,31)",finetune,180,1669120,0.8581631779670715,0.44176679882602515
finetune,6,"biggrid50-goal(3,31)",finetune,190,1679360,0.9714285135269165,0.8875499878835024
finetune,6,"biggrid50-goal(3,31)",finetune,200,1689600,0.9897956848144531,0.9598384435707846
finetune,6,"biggrid50-goal(3,31)",finetune,210,1699840,0.9357141256332397,0.7469873554436152
finetune,6,"biggrid50-goal(3,31)",finetune,220,1710080,0.9510202407836914,0.8072282825562549
finetune,6,"biggrid50-goal(3,31)",finetune,230,1720320,0.9755101203918457,0.9036141412781274
finetune,6,"biggrid50-goal(3,31)",finetune,240,1730560,0.9040815234184265,0.6224895801639445
finetune,6,"biggrid50-goal(3,31)",finetune,250,1740800,0.9091836214065552,0.6425701237900217
finetune,6,"biggrid50-goal(3,31)",finetune,260,1751040,0.7816325426101685,0.14056192867429565
finetune,6,"biggrid50-goal(3,31)",finetune,270,1761280,0.7265305519104004,-0.0763053150957954
finetune,6,"biggrid50-goal(3,31)",finetune,280,1771520,0.7255101203918457,-0.08032147073871694
finetune,6,"biggrid50-goal(3,31)",finetune,290,1781760,0.7265305519104004,-0.0763053150957954
finetune,6,"biggrid50-goal(3,31)",finetune,300,1792000,0.7224489450454712,-0.09236946849042046
finetune,6,"biggrid50-goal(3,31)",finetune,310,1802240,0.7173468470573425,-0.1124500121164976
finetune,6,"biggrid50-goal(3,31)",finetune,320,1812480,0.7091835737228394,-0.14457855349427826
finetune,6,"biggrid50-goal(3,31)",finetune,330,1822720,0.7091835737228394,-0.14457855349427826
finetune,6,"biggrid50-goal(3,31)",finetune,340,1832960,0.7295917868614197,-0.06425708275556133
finetune,6,"biggrid50-goal(3,31)",finetune,350,1843200,0.728571355342865,-0.06827323839848287
finetune,6,"biggrid50-goal(3,31)",finetune,360,1853440,0.7877550721168518,0.16465862794329433
finetune,6,"biggrid50-goal(3,31)",finetune,370,1863680,0.8173468708992004,0.2811243265256524
finetune,6,"biggrid50-goal(3,31)",finetune,380,1873920,0.871428370475769,0.4939751800642913
finetune,6,"biggrid50-goal(3,31)",finetune,390,1884160,0.8693877458572388,0.48594380713257046
finetune,6,"biggrid50-goal(3,31)",finetune,400,1894400,0.8510202169418335,0.4136539439141049
finetune,6,"biggrid50-goal(3,31)",finetune,410,1904640,0.9306120872497559,0.7269070464060685
finetune,6,"biggrid50-goal(3,31)",finetune,420,1914880,0.9846936464309692,0.939758134533238
finetune,6,"biggrid50-goal(3,31)",finetune,430,1925120,0.9897958040237427,0.9598389127478457
finetune,6,"biggrid50-goal(3,31)",finetune,440,1935360,0.98163241147995,0.927709902193004
finetune,6,"biggrid50-goal(3,31)",finetune,450,1945600,0.9244896769523621,0.7028108163141309
finetune,6,"biggrid50-goal(3,31)",finetune,460,1955840,0.8826529383659363,0.5381521883708366
finetune,6,"biggrid50-goal(3,31)",finetune,470,1966080,0.8306121826171875,0.33333317694097964
finetune,6,"biggrid50-goal(3,31)",finetune,480,1976320,0.8255101442337036,0.31325286790343304
finetune,6,"biggrid50-goal(3,31)",finetune,490,1986560,0.8102039098739624,0.25301147161373216
finetune,6,"biggrid50-goal(3,31)",finetune,500,1996800,0.8061223030090332,0.23694731821910708
finetune,7,"biggrid50-goal(33,10)",finetune,10,2007040,0.8408161997795105,0.3825853560988128
finetune,7,"biggrid50-goal(33,10)",finetune,20,2017280,0.8897957801818848,0.572558897066388
finetune,7,"biggrid50-goal(33,10)",finetune,30,2027520,1.0,1.0
finetune,7,"biggrid50-goal(33,10)",finetune,40,2037760,0.9030610918998718,0.6240100981261364
finetune,7,"biggrid50-goal(33,10)",finetune,50,2048000,0.9346938133239746,0.7467016371309577
finetune,7,"biggrid50-goal(33,10)",finetune,60,2058240,0.9316326379776001,0.734828478657652
finetune,7,"biggrid50-goal(33,10)",finetune,70,2068480,0.9734692573547363,0.8970971355120904
finetune,7,"biggrid50-goal(33,10)",finetune,80,2078720,0.9622446894645691,0.8535612193117414
finetune,7,"biggrid50-goal(33,10)",finetune,90,2088960,0.9469386339187622,0.7941947333925935
finetune,7,"biggrid50-goal(33,10)",finetune,100,2099200,0.9693876504898071,0.8812661034248784
finetune,7,"biggrid50-goal(33,10)",finetune,110,2109440,0.9867345690727234,0.9485483365718388
finetune,7,"biggrid50-goal(33,10)",finetune,120,2119680,0.9785712957382202,0.9168860412132085
finetune,7,"biggrid50-goal(33,10)",finetune,130,2129920,0.9612244367599487,0.8496040392504546
finetune,7,"biggrid50-goal(33,10)",finetune,140,2140160,0.9683672189712524,0.8773082298109722
finetune,7,"biggrid50-goal(33,10)",finetune,150,2150400,0.9693876504898071,0.8812661034248784
finetune,8,"biggrid50-goal(27,45)",finetune,10,2160640,0.768367350101471,0.3451923721750934
finetune,8,"biggrid50-goal(27,45)",finetune,20,2170880,0.7683672904968262,0.34519220367736186
finetune,8,"biggrid50-goal(27,45)",finetune,30,2181120,0.7744897603988647,0.3624999536631238
finetune,8,"biggrid50-goal(27,45)",finetune,40,2191360,0.7693877220153809,0.3480768848408994
finetune,8,"biggrid50-goal(27,45)",finetune,50,2201600,0.7908163070678711,0.40865384129333465
finetune,8,"biggrid50-goal(27,45)",finetune,60,2211840,0.803061306476593,0.44326950976259005
finetune,8,"biggrid50-goal(27,45)",finetune,70,2222080,0.813265323638916,0.47211547890930744
finetune,8,"biggrid50-goal(27,45)",finetune,80,2232320,0.823469340801239,0.5009614480560248
finetune,8,"biggrid50-goal(27,45)",finetune,90,2242560,0.813265323638916,0.47211547890930744
finetune,8,"biggrid50-goal(27,45)",finetune,100,2252800,0.8153060674667358,0.4778845042409194
finetune,8,"biggrid50-goal(27,45)",finetune,110,2263040,0.8040816187858582,0.44615385393066453
finetune,8,"biggrid50-goal(27,45)",finetune,120,2273280,0.7969387769699097,0.4259615912790966
finetune,8,"biggrid50-goal(27,45)",finetune,130,2283520,0.8163264989852905,0.4807691854044569
finetune,8,"biggrid50-goal(27,45)",finetune,140,2293760,0.827551007270813,0.5125000042124432
finetune,8,"biggrid50-goal(27,45)",finetune,150,2304000,0.810204029083252,0.46346143541869494
finetune,8,"biggrid50-goal(27,45)",finetune,160,2314240,0.7877550721168518,0.3999999663004537
finetune,8,"biggrid50-goal(27,45)",finetune,170,2324480,0.7857142686843872,0.3942307724711102
finetune,8,"biggrid50-goal(27,45)",finetune,180,2334720,0.7897958755493164,0.4057691601297972
finetune,8,"biggrid50-goal(27,45)",finetune,190,2344960,0.7897958755493164,0.4057691601297972
finetune,8,"biggrid50-goal(27,45)",finetune,200,2355200,0.7867346405982971,0.3971152851369162
finetune,8,"biggrid50-goal(27,45)",finetune,210,2365440,0.7867346405982971,0.3971152851369162
finetune,8,"biggrid50-goal(27,45)",finetune,220,2375680,0.8020407557487488,0.44038449160358956
finetune,8,"biggrid50-goal(27,45)",finetune,230,2385920,0.8051019906997681,0.4490383665964705
finetune,8,"biggrid50-goal(27,45)",finetune,240,2396160,0.8112244606018066,0.46634611658223246
finetune,8,"biggrid50-goal(27,45)",finetune,250,2406400,0.7928570508956909,0.41442286662494665
finetune,8,"biggrid50-goal(27,45)",finetune,260,2416640,0.7989795804023743,0.4317307851084401
finetune,8,"biggrid50-goal(27,45)",finetune,270,2426880,0.7928571105003357,0.41442303512267814
finetune,8,"biggrid50-goal(27,45)",finetune,280,2437120,0.8040816187858582,0.44615385393066453
finetune,8,"biggrid50-goal(27,45)",finetune,290,2447360,0.8020408749580383,0.4403848285990526
finetune,8,"biggrid50-goal(27,45)",finetune,300,2457600,0.7897958755493164,0.4057691601297972
finetune,8,"biggrid50-goal(27,45)",finetune,310,2467840,0.7867347002029419,0.39711545363464773
finetune,8,"biggrid50-goal(27,45)",finetune,320,2478080,0.7867347002029419,0.39711545363464773
finetune,8,"biggrid50-goal(27,45)",finetune,330,2488320,0.7897959351539612,0.4057693286275287
finetune,8,"biggrid50-goal(27,45)",finetune,340,2498560,0.7908163070678711,0.40865384129333465
finetune,8,"biggrid50-goal(27,45)",finetune,350,2508800,0.791836678981781,0.4115383539591406
finetune,8,"biggrid50-goal(27,45)",finetune,360,2519040,0.7887755036354065,0.4028846474639912
finetune,8,"biggrid50-goal(27,45)",finetune,370,2529280,0.8081632852554321,0.457692410087083
finetune,8,"biggrid50-goal(27,45)",finetune,380,2539520,0.7928571105003357,0.41442303512267814
finetune,8,"biggrid50-goal(27,45)",finetune,390,2549760,0.7908163070678711,0.40865384129333465
finetune,8,"biggrid50-goal(27,45)",finetune,400,2560000,0.791836678981781,0.4115383539591406
finetune,8,"biggrid50-goal(27,45)",finetune,410,2570240,0.791836678981781,0.4115383539591406
finetune,8,"biggrid50-goal(27,45)",finetune,420,2580480,0.7999999523162842,0.43461529777424607
finetune,8,"biggrid50-goal(27,45)",finetune,430,2590720,0.7948979139328003,0.42019222895202163
finetune,8,"biggrid50-goal(27,45)",finetune,440,2600960,0.7979591488838196,0.4288461039449026
finetune,8,"biggrid50-goal(27,45)",finetune,450,2611200,0.7918367385864258,0.41153852245687217
finetune,8,"biggrid50-goal(27,45)",finetune,460,2621440,0.7969387173652649,0.4259614227813651
finetune,8,"biggrid50-goal(27,45)",finetune,470,2631680,0.7989795207977295,0.43173061661070855
finetune,8,"biggrid50-goal(27,45)",finetune,480,2641920,0.8030611872673035,0.443269172767127
finetune,8,"biggrid50-goal(27,45)",finetune,490,2652160,0.7938774824142456,0.4173075477884841
finetune,8,"biggrid50-goal(27,45)",finetune,500,2662400,0.7938774824142456,0.4173075477884841
finetune,9,"biggrid50-goal(21,45)",finetune,10,2672640,0.9826529622077942,0.9413789832067964
finetune,9,"biggrid50-goal(21,45)",finetune,20,2682880,0.9938774108886719,0.9793098739155157
finetune,9,"biggrid50-goal(21,45)",finetune,30,2693120,0.9724488258361816,0.906896044000357
finetune,9,"biggrid50-goal(21,45)",finetune,40,2703360,0.9908161163330078,0.9689648108732736
finetune,9,"biggrid50-goal(21,45)",finetune,50,2713600,0.9918365478515625,0.9724131652206877
finetune,9,"biggrid50-goal(21,45)",finetune,60,2723840,0.9806120991706848,0.9344822745119682
finetune,9,"biggrid50-goal(21,45)",finetune,70,2734080,0.9540815353393555,0.8448272771274402
finetune,9,"biggrid50-goal(21,45)",finetune,80,2744320,0.9173468351364136,0.7206893405364729
finetune,9,"biggrid50-goal(21,45)",finetune,90,2754560,0.8897957801818848,0.6275857873819639
finetune,9,"biggrid50-goal(21,45)",finetune,100,2764800,0.8693877458572388,0.5586207146593531
finetune,9,"biggrid50-goal(21,45)",finetune,110,2775040,0.8306121826171875,0.4275860693735577
finetune,9,"biggrid50-goal(21,45)",finetune,120,2785280,0.8785713315010071,0.5896548966732444
finetune,9,"biggrid50-goal(21,45)",finetune,130,2795520,0.8714284896850586,0.5655170205090472
finetune,9,"biggrid50-goal(21,45)",finetune,140,2805760,0.9755100011825562,0.9172407041974651
finetune,9,"biggrid50-goal(21,45)",finetune,150,2816000,0.9642855525016785,0.8793098134887456
finetune,10,"biggrid50-goal(33,3)",finetune,10,2826240,0.8163264393806458,0.3032252331452976
finetune,10,"biggrid50-goal(33,3)",finetune,20,2836480,0.851020336151123,0.43483825219940286
finetune,10,"biggrid50-goal(33,3)",finetune,30,2846720,0.9459182620048523,0.7948382431548757
finetune,10,"biggrid50-goal(33,3)",finetune,40,2856960,0.9683672189712524,0.8799994754174275
finetune,10,"biggrid50-goal(33,3)",finetune,50,2867200,0.9785712361335754,0.9187089208884258
finetune,10,"biggrid50-goal(33,3)",finetune,60,2877440,0.9653059840202332,0.8683865287195391
finetune,10,"biggrid50-goal(33,3)",finetune,70,2887680,0.9857141375541687,0.9458058718878912
finetune,10,"biggrid50-goal(33,3)",finetune,80,2897920,0.9846938848495483,0.9419354926237359
finetune,10,"biggrid50-goal(33,3)",finetune,90,2908160,0.9632652401924133,0.8606448657385173
finetune,10,"biggrid50-goal(33,3)",finetune,100,2918400,0.9795917272567749,0.9225802046052923
finetune,10,"biggrid50-goal(33,3)",finetune,110,2928640,0.9775508642196655,0.9148380893979149
finetune,10,"biggrid50-goal(33,3)",finetune,120,2938880,0.95714271068573,0.8374187462295628
finetune,10,"biggrid50-goal(33,3)",finetune,130,2949120,0.954081654548645,0.8258064778712078
finetune,10,"biggrid50-goal(33,3)",finetune,140,2959360,0.9632651209831238,0.8606444135121617
finetune,10,"biggrid50-goal(33,3)",finetune,150,2969600,0.9234692454338074,0.7096767847791462
finetune,11,"biggrid50-goal(21,24)",finetune,10,2979840,0.8999999165534973,0.5132446584432631
finetune,11,"biggrid50-goal(21,24)",finetune,20,2990080,0.9081631898880005,0.5529797942872527
finetune,11,"biggrid50-goal(21,24)",finetune,30,3000320,0.9142855405807495,0.5827806384452824
finetune,11,"biggrid50-goal(21,24)",finetune,40,3010560,0.9265305399894714,0.6423837774040922
finetune,11,"biggrid50-goal(21,24)",finetune,50,3020800,0.9489794969558716,0.7516551833786514
finetune,11,"biggrid50-goal(21,24)",finetune,60,3031040,0.9173468351364136,0.5976816407813974
finetune,11,"biggrid50-goal(21,24)",finetune,70,3041280,0.9357142448425293,0.687085914026787
finetune,11,"biggrid50-goal(21,24)",finetune,80,3051520,0.9755102396011353,0.8807948825965809
finetune,11,"biggrid50-goal(21,24)",finetune,90,3061760,0.95714271068573,0.7913900290940911
finetune,11,"biggrid50-goal(21,24)",finetune,100,3072000,0.9448979496955872,0.7317880506494818
finetune,11,"biggrid50-goal(21,24)",finetune,110,3082240,0.9336733818054199,0.6771519124693769
finetune,11,"biggrid50-goal(21,24)",finetune,120,3092480,0.9234693646430969,0.6274833553250775
finetune,11,"biggrid50-goal(21,24)",finetune,130,3102720,0.9602039456367493,0.8062907413016559
finetune,11,"biggrid50-goal(21,24)",finetune,140,3112960,0.9244896769523621,0.6324497758466822
finetune,11,"biggrid50-goal(21,24)",finetune,150,3123200,0.9204080700874329,0.6125823529889624
finetune,12,"biggrid50-goal(21,3)",finetune,10,3133440,0.9030610918998718,0.6874995796794265
finetune,12,"biggrid50-goal(21,3)",finetune,20,3143680,0.9326528310775757,0.7828939998589645
finetune,12,"biggrid50-goal(21,3)",finetune,30,3153920,0.9244896769523621,0.7565785693959355
finetune,12,"biggrid50-goal(21,3)",finetune,40,3164160,0.901020348072052,0.6809208661735802
finetune,12,"biggrid50-goal(21,3)",finetune,50,3174400,0.928571343421936,0.7697365728472717
finetune,12,"biggrid50-goal(21,3)",finetune,60,3184640,0.8897958993911743,0.644736789012138
finetune,12,"biggrid50-goal(21,3)",finetune,70,3194880,0.8551019430160522,0.5328944321886971
finetune,12,"biggrid50-goal(21,3)",finetune,80,3205120,0.8693876266479492,0.5789469639020045
finetune,12,"biggrid50-goal(21,3)",finetune,90,3215360,0.873469352722168,0.5921051594998886
finetune,12,"biggrid50-goal(21,3)",finetune,100,3225600,0.8663264513015747,0.5690787014966872
finetune,12,"biggrid50-goal(21,3)",finetune,110,3235840,0.7867346405982971,0.3124998438809299
finetune,12,"biggrid50-goal(21,3)",finetune,120,3246080,0.8397958874702454,0.4835525437224666
finetune,12,"biggrid50-goal(21,3)",finetune,130,3256320,0.764285683631897,0.24013149741149778
finetune,12,"biggrid50-goal(21,3)",finetune,140,3266560,0.7938774824142456,0.3355261097375835
finetune,12,"biggrid50-goal(21,3)",finetune,150,3276800,0.7979591488838196,0.34868411318891984
finetune,12,"biggrid50-goal(21,3)",finetune,160,3287040,0.7755101919174194,0.27631576671948777
finetune,12,"biggrid50-goal(21,3)",finetune,170,3297280,0.8530610799789429,0.5263153343897551
finetune,12,"biggrid50-goal(21,3)",finetune,180,3307520,0.861224353313446,0.5526311491458797
finetune,12,"biggrid50-goal(21,3)",finetune,190,3317760,0.8693877458572388,0.5789473481951002
finetune,12,"biggrid50-goal(21,3)",finetune,200,3328000,0.8540815114974976,0.5296048832892261
finetune,12,"biggrid50-goal(21,3)",finetune,210,3338240,0.8602040410041809,0.5493419845395044
finetune,12,"biggrid50-goal(21,3)",finetune,220,3348480,0.8510202169418335,0.519736236590813
finetune,12,"biggrid50-goal(21,3)",finetune,230,3358720,0.7724488973617554,0.2664471200210746
finetune,12,"biggrid50-goal(21,3)",finetune,240,3368960,0.8295917510986328,0.4506576311673998
finetune,12,"biggrid50-goal(21,3)",finetune,250,3379200,0.8479591608047485,0.5098683584785914
finetune,12,"biggrid50-goal(21,3)",finetune,260,3389440,0.8846938014030457,0.6282892366613307
finetune,12,"biggrid50-goal(21,3)",finetune,270,3399680,0.883673369884491,0.6249996877618598
finetune,12,"biggrid50-goal(21,3)",finetune,280,3409920,0.883673369884491,0.6249996877618598
finetune,12,"biggrid50-goal(21,3)",finetune,290,3420160,0.8806121945381165,0.6151314253565423
finetune,12,"biggrid50-goal(21,3)",finetune,300,3430400,0.8867346048355103,0.634868142313725
finetune,12,"biggrid50-goal(21,3)",finetune,310,3440640,0.8704080581665039,0.5822365128014755
finetune,12,"biggrid50-goal(21,3)",finetune,320,3450880,0.8020407557487488,0.3618419244937083
finetune,12,"biggrid50-goal(21,3)",finetune,330,3461120,0.7795917987823486,0.2894735780242762
finetune,12,"biggrid50-goal(21,3)",finetune,340,3471360,0.8989794850349426,0.6743417683746381
finetune,12,"biggrid50-goal(21,3)",finetune,350,3481600,0.820408046245575,0.421052267511804
finetune,12,"biggrid50-goal(21,3)",finetune,360,3491840,0.7622448205947876,0.2335523996125557
finetune,12,"biggrid50-goal(21,3)",finetune,370,3502080,0.8224489092826843,0.42763136531074614
finetune,12,"biggrid50-goal(21,3)",finetune,380,3512320,0.7836734056472778,0.3026313893290646
finetune,12,"biggrid50-goal(21,3)",finetune,390,3522560,0.7846938371658325,0.30592093822853567
finetune,12,"biggrid50-goal(21,3)",finetune,400,3532800,0.7693877220153809,0.25657885761575727
finetune,12,"biggrid50-goal(21,3)",finetune,410,3543040,0.75,0.19407896569819041
finetune,12,"biggrid50-goal(21,3)",finetune,420,3553280,0.8224489092826843,0.42763136531074614
finetune,12,"biggrid50-goal(21,3)",finetune,430,3563520,0.8153060674667358,0.40460509945409245
finetune,12,"biggrid50-goal(21,3)",finetune,440,3573760,0.8173468708992004,0.41118400510648667
finetune,12,"biggrid50-goal(21,3)",finetune,450,3584000,0.8612244725227356,0.5526315334389755
finetune,12,"biggrid50-goal(21,3)",finetune,460,3594240,0.8612244725227356,0.5526315334389755
finetune,12,"biggrid50-goal(21,3)",finetune,470,3604480,0.8857141733169556,0.6315785934142539
finetune,12,"biggrid50-goal(21,3)",finetune,480,3614720,0.8693876266479492,0.5789469639020045
finetune,12,"biggrid50-goal(21,3)",finetune,490,3624960,0.8428570628166199,0.493420806127784
finetune,12,"biggrid50-goal(21,3)",finetune,500,3635200,0.7979591488838196,0.34868411318891984
finetune,13,"biggrid50-goal(3,17)",finetune,10,3645440,0.7806122899055481,0.1422875873042209
finetune,13,"biggrid50-goal(3,17)",finetune,20,3655680,0.8959183692932129,0.5930851981070608
finetune,13,"biggrid50-goal(3,17)",finetune,30,3665920,0.9255101084709167,0.7087762821474811
finetune,13,"biggrid50-goal(3,17)",finetune,40,3676160,0.9255101084709167,0.7087762821474811
finetune,13,"biggrid50-goal(3,17)",finetune,50,3686400,0.9132652282714844,0.6609040210508851
finetune,13,"biggrid50-goal(3,17)",finetune,60,3696640,0.9367345571517944,0.7526590910573819
finetune,13,"biggrid50-goal(3,17)",finetune,70,3706880,0.9163264036178589,0.6728719115534721
finetune,13,"biggrid50-goal(3,17)",finetune,80,3717120,0.971428394317627,0.8882972030025288
finetune,13,"biggrid50-goal(3,17)",finetune,90,3727360,0.9693876504898071,0.880318764686637
finetune,13,"biggrid50-goal(3,17)",finetune,100,3737600,0.9867345094680786,0.9481375876304612
finetune,13,"biggrid50-goal(3,17)",finetune,110,3747840,0.9632652401924133,0.8563827506527135
finetune,13,"biggrid50-goal(3,17)",finetune,120,3758080,0.8785713315010071,0.5252656760769889
finetune,13,"biggrid50-goal(3,17)",finetune,130,3768320,0.8387754559516907,0.3696807692558646
finetune,13,"biggrid50-goal(3,17)",finetune,140,3778560,0.8061224222183228,0.24202132865535886
finetune,13,"biggrid50-goal(3,17)",finetune,150,3788800,0.7938774824142456,0.19414883453001364
finetune,13,"biggrid50-goal(3,17)",finetune,160,3799040,0.8224489092826843,0.3058509324412371
finetune,13,"biggrid50-goal(3,17)",finetune,170,3809280,0.9408162236213684,0.7686166667754134
finetune,13,"biggrid50-goal(3,17)",finetune,180,3819520,0.9489794969558716,0.8005315851827272
finetune,13,"biggrid50-goal(3,17)",finetune,190,3829760,0.9336732625961304,0.7406907344972964
finetune,13,"biggrid50-goal(3,17)",finetune,200,3840000,0.9602039456367493,0.844414394092628
finetune,13,"biggrid50-goal(3,17)",finetune,210,3850240,0.9489795565605164,0.8005318182114763
finetune,13,"biggrid50-goal(3,17)",finetune,220,3860480,0.9602039456367493,0.844414394092628
finetune,13,"biggrid50-goal(3,17)",finetune,230,3870720,0.9734691381454468,0.8962756413184207
finetune,13,"biggrid50-goal(3,17)",finetune,240,3880960,0.9153059720993042,0.668882459366777
finetune,13,"biggrid50-goal(3,17)",finetune,250,3891200,0.925510048866272,0.7087760491187318
finetune,13,"biggrid50-goal(3,17)",finetune,260,3901440,0.9489794969558716,0.8005315851827272
finetune,13,"biggrid50-goal(3,17)",finetune,270,3911680,0.9448978304862976,0.7845740094646957
finetune,13,"biggrid50-goal(3,17)",finetune,280,3921920,0.9530611038208008,0.8164889278720094
finetune,13,"biggrid50-goal(3,17)",finetune,290,3932160,0.9540814161300659,0.8204779140012062
finetune,13,"biggrid50-goal(3,17)",finetune,300,3942400,0.9479590654373169,0.7965421329960319
finetune,14,"biggrid50-goal(15,45)",finetune,10,3952640,0.8265306353569031,0.27864224774142954
finetune,14,"biggrid50-goal(15,45)",finetune,20,3962880,0.8030611276626587,0.18104627538188547
finetune,14,"biggrid50-goal(15,45)",finetune,30,3973120,0.823469340801239,0.2659121119954513
finetune,14,"biggrid50-goal(15,45)",finetune,40,3983360,0.8316326141357422,0.2998583970686979
finetune,14,"biggrid50-goal(15,45)",finetune,50,3993600,0.8530611991882324,0.38896736440335794
finetune,14,"biggrid50-goal(15,45)",finetune,60,4003840,0.8540816307067871,0.3932107429853507
finetune,14,"biggrid50-goal(15,45)",finetune,70,4014080,0.8632652163505554,0.4313999109187931
finetune,14,"biggrid50-goal(15,45)",finetune,80,4024320,0.8612245321273804,0.422913897337503
finetune,14,"biggrid50-goal(15,45)",finetune,90,4034560,0.8704080581665039,0.46110281741004694
finetune,14,"biggrid50-goal(15,45)",finetune,100,4044800,0.8602040410041809,0.4186702708946118
finetune,14,"biggrid50-goal(15,45)",finetune,110,4055040,0.8948978185653687,0.5629414247688883
finetune,14,"biggrid50-goal(15,45)",finetune,120,4065280,0.8724489212036133,0.46958957457403244
finetune,14,"biggrid50-goal(15,45)",finetune,130,4075520,0.8826529383659363,0.5120221210894677
finetune,14,"biggrid50-goal(15,45)",finetune,140,4085760,0.9153060913085938,0.6478075092433525
finetune,14,"biggrid50-goal(15,45)",finetune,150,4096000,0.9224489331245422,0.6775104157346065
finetune,15,"biggrid50-goal(3,24)",finetune,10,4106240,0.98163241147995,0.8924289354179852
finetune,15,"biggrid50-goal(3,24)",finetune,20,4116480,0.9908161163330078,0.946213944090847
finetune,15,"biggrid50-goal(3,24)",finetune,30,4126720,0.9877549409866333,0.9282859569453235
finetune,15,"biggrid50-goal(3,24)",finetune,40,4136960,0.9836732745170593,0.9043813922866858
finetune,15,"biggrid50-goal(3,24)",finetune,50,4147200,0.9826528429985046,0.8984051638523355
finetune,15,"biggrid50-goal(3,24)",finetune,60,4157440,0.991836667060852,0.9521908706827248
finetune,15,"biggrid50-goal(3,24)",finetune,70,4167680,0.9744895696640015,0.850596383613824
finetune,15,"biggrid50-goal(3,24)",finetune,80,4177920,0.9367344975471497,0.6294811677243172
finetune,15,"biggrid50-goal(3,24)",finetune,90,4188160,0.8704080581665039,0.24103574461816543
finetune,15,"biggrid50-goal(3,24)",finetune,100,4198400,0.8438774347305298,0.08565729611269379
finetune,15,"biggrid50-goal(3,24)",finetune,110,4208640,0.7928570508956909,-0.21314714402954882
finetune,15,"biggrid50-goal(3,24)",finetune,120,4218880,0.787755012512207,-0.24302758804377309
finetune,15,"biggrid50-goal(3,24)",finetune,130,4229120,0.7377550005912781,-0.5358561488304291
finetune,15,"biggrid50-goal(3,24)",finetune,140,4239360,0.7316325902938843,-0.5717124722002399
finetune,15,"biggrid50-goal(3,24)",finetune,150,4249600,0.741836667060852,-0.5119515841717914
finetune,15,"biggrid50-goal(3,24)",finetune,160,4259840,0.7306121587753296,-0.5776887006345903
finetune,15,"biggrid50-goal(3,24)",finetune,170,4270080,0.7255101203918457,-0.6075691446488145
finetune,15,"biggrid50-goal(3,24)",finetune,180,4280320,0.7275509238243103,-0.5956170368588776
finetune,15,"biggrid50-goal(3,24)",finetune,190,4290560,0.7316325902938843,-0.5717124722002399
finetune,15,"biggrid50-goal(3,24)",finetune,200,4300800,0.7438774704933167,-0.4999994763818545
finetune,15,"biggrid50-goal(3,24)",finetune,210,4311040,0.7438775300979614,-0.49999912730309076
finetune,15,"biggrid50-goal(3,24)",finetune,220,4321280,0.7581632137298584,-0.4163340236947683
finetune,15,"biggrid50-goal(3,24)",finetune,230,4331520,0.7571427822113037,-0.42231025212911866
finetune,15,"biggrid50-goal(3,24)",finetune,240,4341760,0.7959182858467102,-0.19521880780526152
finetune,15,"biggrid50-goal(3,24)",finetune,250,4352000,0.8142856359481812,-0.08764913953830145
finetune,15,"biggrid50-goal(3,24)",finetune,260,4362240,0.871428370475769,0.2470112748949884
finetune,15,"biggrid50-goal(3,24)",finetune,270,4372480,0.9602039456367493,0.7669316290842652
finetune,15,"biggrid50-goal(3,24)",finetune,280,4382720,0.9897956848144531,0.9402377156564967
finetune,15,"biggrid50-goal(3,24)",finetune,290,4392960,0.9938772916793823,0.9641419312363707
finetune,15,"biggrid50-goal(3,24)",finetune,300,4403200,0.9795916676521301,0.8804771767068119
finetune,15,"biggrid50-goal(3,24)",finetune,310,4413440,0.9755100011825562,0.8565726120481743
finetune,15,"biggrid50-goal(3,24)",finetune,320,4423680,0.9908162355422974,0.9462146422483745
finetune,15,"biggrid50-goal(3,24)",finetune,330,4433920,0.9928569793701172,0.9581664009595477
finetune,15,"biggrid50-goal(3,24)",finetune,340,4444160,0.9765304327011108,0.8625488404825246
finetune,15,"biggrid50-goal(3,24)",finetune,350,4454400,0.9908161163330078,0.946213944090847
finetune,15,"biggrid50-goal(3,24)",finetune,360,4464640,0.9928569793701172,0.9581664009595477
finetune,15,"biggrid50-goal(3,24)",finetune,370,4474880,0.9928569793701172,0.9581664009595477
finetune,15,"biggrid50-goal(3,24)",finetune,380,4485120,0.9857141375541687,0.9163338491553865
finetune,15,"biggrid50-goal(3,24)",finetune,390,4495360,0.9846938252449036,0.9103583188785636
finetune,15,"biggrid50-goal(3,24)",finetune,400,4505600,0.9816325306892395,0.8924296335755125
finetune,16,"biggrid50-goal(3,10)",finetune,10,4515840,0.6846938729286194,0.01067229172713644
finetune,16,"biggrid50-goal(3,10)",finetune,20,4526080,0.6959183216094971,0.04589094793664663
finetune,16,"biggrid50-goal(3,10)",finetune,30,4536320,0.6989795565605164,0.055496104001029355
finetune,16,"biggrid50-goal(3,10)",finetune,40,4546560,0.7030612230300903,0.06830304109351296
finetune,16,"biggrid50-goal(3,10)",finetune,50,4556800,0.7020407915115356,0.06510126006541209
finetune,16,"biggrid50-goal(3,10)",finetune,60,4567040,0.7020407915115356,0.06510126006541209
finetune,16,"biggrid50-goal(3,10)",finetune,70,4577280,0.7163264751434326,0.109925072339305
finetune,16,"biggrid50-goal(3,10)",finetune,80,4587520,0.7336733937263489,0.16435404067758064
finetune,16,"biggrid50-goal(3,10)",finetune,90,4597760,0.7265305519104004,0.1419421345406342
finetune,16,"biggrid50-goal(3,10)",finetune,100,4608000,0.7285714149475098,0.1483456965968359
finetune,16,"biggrid50-goal(3,10)",finetune,110,4618240,0.7306122183799744,0.1547490716331178
finetune,16,"biggrid50-goal(3,10)",finetune,120,4628480,0.7887755036354065,0.33724647579663003
finetune,16,"biggrid50-goal(3,10)",finetune,130,4638720,0.7071428894996643,0.08110997818599655
finetune,16,"biggrid50-goal(3,10)",finetune,140,4648960,0.7081632614135742,0.08431157219417755
finetune,16,"biggrid50-goal(3,10)",finetune,150,4659200,0.7020407915115356,0.06510126006541209
finetune,16,"biggrid50-goal(3,10)",finetune,160,4669440,0.7132652997970581,0.10032010329484214
finetune,16,"biggrid50-goal(3,10)",finetune,170,4679680,0.6928571462631226,0.03628597889218376
finetune,16,"biggrid50-goal(3,10)",finetune,180,4689920,0.7153061628341675,0.10672366535104387
finetune,16,"biggrid50-goal(3,10)",finetune,190,4700160,0.7132652997970581,0.10032010329484214
finetune,16,"biggrid50-goal(3,10)",finetune,200,4710400,0.6918367147445679,0.0330841978640829
finetune,16,"biggrid50-goal(3,10)",finetune,210,4720640,0.7081632614135742,0.08431157219417755
finetune,16,"biggrid50-goal(3,10)",finetune,220,4730880,0.7081632614135742,0.08431157219417755
finetune,16,"biggrid50-goal(3,10)",finetune,230,4741120,0.6897959113121033,0.026680822827801036
finetune,16,"biggrid50-goal(3,10)",finetune,240,4751360,0.7224489450454712,0.12913538446807046
finetune,16,"biggrid50-goal(3,10)",finetune,250,4761600,0.6806122064590454,-0.0021346453653471537
finetune,16,"biggrid50-goal(3,10)",finetune,260,4771840,0.7173469066619873,0.11312685336740587
finetune,16,"biggrid50-goal(3,10)",finetune,270,4782080,0.7306122183799744,0.1547490716331178
finetune,16,"biggrid50-goal(3,10)",finetune,280,4792320,0.6785714030265808,-0.008538020401629019
finetune,16,"biggrid50-goal(3,10)",finetune,290,4802560,0.6948980093002319,0.04268954094838549
finetune,16,"biggrid50-goal(3,10)",finetune,300,4812800,0.6653061509132385,-0.05016005164742107
finetune,16,"biggrid50-goal(3,10)",finetune,310,4823040,0.7755101919174194,0.29562425753091814
finetune,16,"biggrid50-goal(3,10)",finetune,320,4833280,0.7846938967704773,0.3244397257240663
finetune,16,"biggrid50-goal(3,10)",finetune,330,4843520,0.7163265943527222,0.10992544637914474
finetune,16,"biggrid50-goal(3,10)",finetune,340,4853760,0.7010204195976257,0.06189966605723109
finetune,16,"biggrid50-goal(3,10)",finetune,350,4864000,0.7051020264625549,0.07470641612979481
finetune,16,"biggrid50-goal(3,10)",finetune,360,4874240,0.6775509715080261,-0.011739801429729883
finetune,16,"biggrid50-goal(3,10)",finetune,370,4884480,0.6846938729286194,0.01067229172713644
finetune,16,"biggrid50-goal(3,10)",finetune,380,4894720,0.6795918345451355,-0.005336239373528153
finetune,16,"biggrid50-goal(3,10)",finetune,390,4904960,0.704081654548645,0.07150482212161381
finetune,16,"biggrid50-goal(3,10)",finetune,400,4915200,0.686734676361084,0.017075666763418304
finetune,16,"biggrid50-goal(3,10)",finetune,410,4925440,0.6989795565605164,0.055496104001029355
finetune,16,"biggrid50-goal(3,10)",finetune,420,4935680,0.7295917868614197,0.15154729060501693
finetune,16,"biggrid50-goal(3,10)",finetune,430,4945920,0.7122448682785034,0.09711832226674127
finetune,16,"biggrid50-goal(3,10)",finetune,440,4956160,0.7214285135269165,0.1259336034399696
finetune,16,"biggrid50-goal(3,10)",finetune,450,4966400,0.7438775300979614,0.1963712898988297
finetune,16,"biggrid50-goal(3,10)",finetune,460,4976640,0.8051019906997681,0.3884736631068048
finetune,16,"biggrid50-goal(3,10)",finetune,470,4986880,0.6999999284744263,0.058697698009210354
finetune,16,"biggrid50-goal(3,10)",finetune,480,4997120,0.7153061032295227,0.106723478331124
finetune,16,"biggrid50-goal(3,10)",finetune,490,5007360,0.686734676361084,0.017075666763418304
finetune,16,"biggrid50-goal(3,10)",finetune,500,5017600,0.686734676361084,0.017075666763418304
finetune,17,"biggrid50-goal(46,31)",finetune,10,5027840,0.7204082012176514,0.13655468758916045
finetune,17,"biggrid50-goal(46,31)",finetune,20,5038080,0.7255102396011353,0.15231098353612676
finetune,17,"biggrid50-goal(46,31)",finetune,30,5048320,0.7438775300979614,0.20903350168666254
finetune,17,"biggrid50-goal(46,31)",finetune,40,5058560,0.7408162355422974,0.19957950323066836
finetune,17,"biggrid50-goal(46,31)",finetune,50,5068800,0.7724488973617554,0.29726861173113095
finetune,17,"biggrid50-goal(46,31)",finetune,60,5079040,0.7693877220153809,0.2878149814214941
finetune,17,"biggrid50-goal(46,31)",finetune,70,5089280,0.7673468589782715,0.28151231578416464
finetune,17,"biggrid50-goal(46,31)",finetune,80,5099520,0.8091835975646973,0.4107140161785598
finetune,17,"biggrid50-goal(46,31)",finetune,90,5109760,0.8255101442337036,0.4611342368381235
finetune,17,"biggrid50-goal(46,31)",finetune,100,5120000,0.8387754559516907,0.5021006431148716
finetune,17,"biggrid50-goal(46,31)",finetune,110,5130240,0.823469340801239,0.4548317552739727
finetune,17,"biggrid50-goal(46,31)",finetune,120,5140480,0.8163264393806458,0.4327727936896769
finetune,17,"biggrid50-goal(46,31)",finetune,130,5150720,0.8163264393806458,0.4327727936896769
finetune,17,"biggrid50-goal(46,31)",finetune,140,5160960,0.810204029083252,0.41386534899722455
finetune,17,"biggrid50-goal(46,31)",finetune,150,5171200,0.827551007270813,0.46743690247545294
finetune,17,"biggrid50-goal(46,31)",finetune,160,5181440,0.8438774943351746,0.5178569390618379
finetune,17,"biggrid50-goal(46,31)",finetune,170,5191680,0.8285713195800781,0.47058786714776035
finetune,17,"biggrid50-goal(46,31)",finetune,180,5201920,0.8214284777641296,0.44852908963664323
finetune,17,"biggrid50-goal(46,31)",finetune,190,5212160,0.8163264989852905,0.43277297776285556
finetune,17,"biggrid50-goal(46,31)",finetune,200,5222400,0.8224489092826843,0.45168042245530793
finetune,17,"biggrid50-goal(46,31)",finetune,210,5232640,0.8887754678726196,0.6565124538390487
finetune,17,"biggrid50-goal(46,31)",finetune,220,5242880,0.8132652044296265,0.4233189793068614
finetune,17,"biggrid50-goal(46,31)",finetune,230,5253120,0.8704081773757935,0.5997899356885128
finetune,17,"biggrid50-goal(46,31)",finetune,240,5263360,0.8336734771728516,0.48634453124108395
finetune,17,"biggrid50-goal(46,31)",finetune,250,5273600,0.8704081773757935,0.5997899356885128
finetune,17,"biggrid50-goal(46,31)",finetune,260,5283840,0.8887754678726196,0.6565124538390487
finetune,17,"biggrid50-goal(46,31)",finetune,270,5294080,0.8408163189888,0.5084033087522011
finetune,17,"biggrid50-goal(46,31)",finetune,280,5304320,0.8408163189888,0.5084033087522011
finetune,17,"biggrid50-goal(46,31)",finetune,290,5314560,0.8224489092826843,0.45168042245530793
finetune,17,"biggrid50-goal(46,31)",finetune,300,5324800,0.8887754678726196,0.6565124538390487
finetune,17,"biggrid50-goal(46,31)",finetune,310,5335040,0.8887754678726196,0.6565124538390487
finetune,17,"biggrid50-goal(46,31)",finetune,320,5345280,1.0,1.0
finetune,17,"biggrid50-goal(46,31)",finetune,330,5355520,0.8551019430160522,0.5525206797012566
finetune,17,"biggrid50-goal(46,31)",finetune,340,5365760,0.9581632614135742,0.8707982996056048
finetune,17,"biggrid50-goal(46,31)",finetune,350,5376000,0.8367346525192261,0.4957981615507208
finetune,17,"biggrid50-goal(46,31)",finetune,360,5386240,0.8653060793876648,0.5840334556683678
finetune,17,"biggrid50-goal(46,31)",finetune,370,5396480,0.8520406484603882,0.5430666812452624
finetune,17,"biggrid50-goal(46,31)",finetune,380,5406720,0.8418366312980652,0.5115542734245084
finetune,17,"biggrid50-goal(46,31)",finetune,390,5416960,0.8632652163505554,0.5777307900310384
finetune,17,"biggrid50-goal(46,31)",finetune,400,5427200,0.8826529383659363,0.637604641000239
finetune,17,"biggrid50-goal(46,31)",finetune,410,5437440,0.8826529383659363,0.637604641000239
finetune,17,"biggrid50-goal(46,31)",finetune,420,5447680,0.8418366312980652,0.5115542734245084
finetune,17,"biggrid50-goal(46,31)",finetune,430,5457920,0.8418366312980652,0.5115542734245084
finetune,17,"biggrid50-goal(46,31)",finetune,440,5468160,0.8428570628166199,0.5147056062431732
finetune,17,"biggrid50-goal(46,31)",finetune,450,5478400,0.8418366312980652,0.5115542734245084
finetune,17,"biggrid50-goal(46,31)",finetune,460,5488640,0.8714284896850586,0.6029409003608203
finetune,17,"biggrid50-goal(46,31)",finetune,470,5498880,0.8724489212036133,0.606092233179485
finetune,17,"biggrid50-goal(46,31)",finetune,480,5509120,0.8326529264450073,0.4831928302760619
finetune,17,"biggrid50-goal(46,31)",finetune,490,5519360,0.8581631779670715,0.5619744940840721
finetune,17,"biggrid50-goal(46,31)",finetune,500,5529600,0.9010202288627625,0.6943271591507747
finetune,18,"biggrid50-goal(46,24)",finetune,10,5539840,0.8397957682609558,0.4683966938225748
finetune,18,"biggrid50-goal(46,24)",finetune,20,5550080,0.8173468708992004,0.3939048534510551
finetune,18,"biggrid50-goal(46,24)",finetune,30,5560320,0.8520406484603882,0.5090286966548588
finetune,18,"biggrid50-goal(46,24)",finetune,40,5570560,0.8561223745346069,0.5225730272409558
finetune,18,"biggrid50-goal(46,24)",finetune,50,5580800,0.8234692811965942,0.41422075597459646
finetune,18,"biggrid50-goal(46,24)",finetune,60,5591040,0.8459182977676392,0.48871299191651885
finetune,18,"biggrid50-goal(46,24)",finetune,70,5601280,0.837755024433136,0.461624924099929
finetune,18,"biggrid50-goal(46,24)",finetune,80,5611520,0.8387754559516907,0.46501100674645324
finetune,18,"biggrid50-goal(46,24)",finetune,90,5621760,0.8520406484603882,0.5090286966548588
finetune,18,"biggrid50-goal(46,24)",finetune,100,5632000,0.847959041595459,0.49548476163916466
finetune,18,"biggrid50-goal(46,24)",finetune,110,5642240,0.8979589343070984,0.6613986578296239
finetune,18,"biggrid50-goal(46,24)",finetune,120,5652480,0.8979589343070984,0.6613986578296239
finetune,18,"biggrid50-goal(46,24)",finetune,130,5662720,0.928571343421936,0.7629793571585387
finetune,18,"biggrid50-goal(46,24)",finetune,140,5672960,0.9204079508781433,0.7358908937715463
finetune,18,"biggrid50-goal(46,24)",finetune,150,5683200,0.9428569674491882,0.8103831297134686
finetune,18,"biggrid50-goal(46,24)",finetune,160,5693440,0.9653059840202332,0.8848753656553909
finetune,18,"biggrid50-goal(46,24)",finetune,170,5703680,0.9448977708816528,0.8171550972213157
finetune,18,"biggrid50-goal(46,24)",finetune,180,5713920,0.9632651209831238,0.8781032003623425
finetune,18,"biggrid50-goal(46,24)",finetune,190,5724160,0.9469386339187622,0.8239272625143641
finetune,18,"biggrid50-goal(46,24)",finetune,200,5734400,0.9581630825996399,0.861173182700124
finetune,18,"biggrid50-goal(46,24)",finetune,210,5744640,0.9663263559341431,0.8882612505167138
finetune,18,"biggrid50-goal(46,24)",finetune,220,5754880,0.9530609846115112,0.8442429672527042
finetune,18,"biggrid50-goal(46,24)",finetune,230,5765120,0.9295916557312012,0.7663650442346602
finetune,18,"biggrid50-goal(46,24)",finetune,240,5775360,0.9214285016059875,0.7392773719884731
finetune,18,"biggrid50-goal(46,24)",finetune,250,5785600,0.9132651090621948,0.7121889086014807
finetune,19,"biggrid50-goal(3,45)",finetune,10,5795840,0.6826530694961548,0.06700017891761677
finetune,19,"biggrid50-goal(3,45)",finetune,20,5806080,0.7571427822113037,0.28599989801170134
finetune,19,"biggrid50-goal(3,45)",finetune,30,5816320,0.7714285254478455,0.3279999761676828
finetune,19,"biggrid50-goal(3,45)",finetune,40,5826560,0.8326529264450073,0.5079996852732226
finetune,19,"biggrid50-goal(3,45)",finetune,50,5836800,0.873469352722168,0.6279999586439201
finetune,19,"biggrid50-goal(3,45)",finetune,60,5847040,0.8918365240097046,0.6819994332815156
finetune,19,"biggrid50-goal(3,45)",finetune,70,5857280,0.9653061032295227,0.8979999603962964
finetune,19,"biggrid50-goal(3,45)",finetune,80,5867520,0.974489688873291,0.9249996977150942
finetune,19,"biggrid50-goal(3,45)",finetune,90,5877760,0.9530611038208008,0.8619996680999352
finetune,19,"biggrid50-goal(3,45)",finetune,100,5888000,0.9316325187683105,0.7989996384847763
finetune,19,"biggrid50-goal(3,45)",finetune,110,5898240,0.9397956728935242,0.8229993076361373
finetune,19,"biggrid50-goal(3,45)",finetune,120,5908480,0.9255101084709167,0.7809997551930357
finetune,19,"biggrid50-goal(3,45)",finetune,130,5918720,0.9908162355422974,0.9729997369683224
finetune,19,"biggrid50-goal(3,45)",finetune,140,5928960,0.9775508642196655,0.9339995517421511
finetune,19,"biggrid50-goal(3,45)",finetune,150,5939200,0.9377549886703491,0.8169996970141437
finetune,20,"biggrid50-goal(21,10)",finetune,10,5949440,0.7142857313156128,-0.012048116459143764
finetune,20,"biggrid50-goal(21,10)",finetune,20,5959680,0.7142857313156128,-0.012048116459143764
finetune,20,"biggrid50-goal(21,10)",finetune,30,5969920,0.7275510430335999,0.034939854426070296
finetune,20,"biggrid50-goal(21,10)",finetune,40,5980160,0.7255102396011353,0.027710984550584038
finetune,20,"biggrid50-goal(21,10)",finetune,50,5990400,0.7224489450454712,0.01686736304280127
finetune,20,"biggrid50-goal(21,10)",finetune,60,6000640,0.735714316368103,0.06385554505771758
finetune,20,"biggrid50-goal(21,10)",finetune,70,6010880,0.7336734533309937,0.05662646405252907
finetune,20,"biggrid50-goal(21,10)",finetune,80,6021120,0.7346938848495483,0.06024100455512332
finetune,20,"biggrid50-goal(21,10)",finetune,90,6031360,0.7367346882820129,0.06746987443060959
finetune,20,"biggrid50-goal(21,10)",finetune,100,6041600,0.7948979139328003,0.2734938270953303
finetune,20,"biggrid50-goal(21,10)",finetune,110,6051840,0.7948979139328003,0.2734938270953303
finetune,20,"biggrid50-goal(21,10)",finetune,120,6062080,0.7836734056472778,0.23373472608560253
finetune,20,"biggrid50-goal(21,10)",finetune,130,6072320,0.795918345451355,0.2771083675979246
finetune,20,"biggrid50-goal(21,10)",finetune,140,6082560,0.7571428418159485,0.13975899544487666
finetune,20,"biggrid50-goal(21,10)",finetune,150,6092800,0.7948979139328003,0.2734938270953303
finetune,20,"biggrid50-goal(21,10)",finetune,160,6103040,0.7867346405982971,0.24457813646368307
finetune,20,"biggrid50-goal(21,10)",finetune,170,6113280,0.7867346405982971,0.24457813646368307
finetune,20,"biggrid50-goal(21,10)",finetune,180,6123520,0.7877550721168518,0.2481926769662773
finetune,20,"biggrid50-goal(21,10)",finetune,190,6133760,0.7867346405982971,0.24457813646368307
finetune,20,"biggrid50-goal(21,10)",finetune,200,6144000,0.7989795207977295,0.28795156684630285
finetune,20,"biggrid50-goal(21,10)",finetune,210,6154240,0.7989795207977295,0.28795156684630285
finetune,20,"biggrid50-goal(21,10)",finetune,220,6164480,0.7693877220153809,0.18313242582749648
finetune,20,"biggrid50-goal(21,10)",finetune,230,6174720,0.7846938371658325,0.2373492665881968
finetune,20,"biggrid50-goal(21,10)",finetune,240,6184960,0.8142856359481812,0.3421684076070032
finetune,20,"biggrid50-goal(21,10)",finetune,250,6195200,0.8051019906997681,0.30963838760246387
finetune,20,"biggrid50-goal(21,10)",finetune,260,6205440,0.8020407557487488,0.29879497722438336
finetune,20,"biggrid50-goal(21,10)",finetune,270,6215680,0.8081632852554321,0.32048200911024666
finetune,20,"biggrid50-goal(21,10)",finetune,280,6225920,0.7928571105003357,0.26626495721984406
finetune,20,"biggrid50-goal(21,10)",finetune,290,6236160,0.8142856359481812,0.3421684076070032
finetune,20,"biggrid50-goal(21,10)",finetune,300,6246400,0.810204029083252,0.32771066785603065
finetune,20,"biggrid50-goal(21,10)",finetune,310,6256640,0.7673469185829163,0.1759035559520102
finetune,20,"biggrid50-goal(21,10)",finetune,320,6266880,0.810204029083252,0.32771066785603065
finetune,20,"biggrid50-goal(21,10)",finetune,330,6277120,0.8020407557487488,0.29879497722438336
finetune,20,"biggrid50-goal(21,10)",finetune,340,6287360,0.8010204434394836,0.2951808589811936
finetune,20,"biggrid50-goal(21,10)",finetune,350,6297600,0.7928571105003357,0.26626495721984406
finetune,20,"biggrid50-goal(21,10)",finetune,360,6307840,0.7673469185829163,0.1759035559520102
finetune,20,"biggrid50-goal(21,10)",finetune,370,6318080,0.7571428418159485,0.13975899544487666
finetune,20,"biggrid50-goal(21,10)",finetune,380,6328320,0.7642857432365417,0.16506035670363195
finetune,20,"biggrid50-goal(21,10)",finetune,390,6338560,0.7642857432365417,0.16506035670363195
finetune,20,"biggrid50-goal(21,10)",finetune,400,6348800,0.7551020383834839,0.13253012556939042
finetune,20,"biggrid50-goal(21,10)",finetune,410,6359040,0.7846938371658325,0.2373492665881968
finetune,20,"biggrid50-goal(21,10)",finetune,420,6369280,0.7642857432365417,0.16506035670363195
finetune,20,"biggrid50-goal(21,10)",finetune,430,6379520,0.7816326022148132,0.2265058562101163
finetune,20,"biggrid50-goal(21,10)",finetune,440,6389760,0.7816326022148132,0.2265058562101163
finetune,20,"biggrid50-goal(21,10)",finetune,450,6400000,0.7724490165710449,0.19397604733527923
finetune,20,"biggrid50-goal(21,10)",finetune,460,6410240,0.789795994758606,0.2554219691011681
finetune,20,"biggrid50-goal(21,10)",finetune,470,6420480,0.8020407557487488,0.29879497722438336
finetune,20,"biggrid50-goal(21,10)",finetune,480,6430720,0.7765306234359741,0.20843378708625176
finetune,20,"biggrid50-goal(21,10)",finetune,490,6440960,0.7765306234359741,0.20843378708625176
finetune,20,"biggrid50-goal(21,10)",finetune,500,6451200,0.7714285850524902,0.190361506832685
finetune,21,"biggrid50-goal(40,3)",finetune,10,6461440,0.7469387054443359,0.39066317626527053
finetune,21,"biggrid50-goal(40,3)",finetune,20,6471680,0.7989794611930847,0.5159701651051714
finetune,21,"biggrid50-goal(40,3)",finetune,30,6481920,0.7551019787788391,0.4103192167263709
finetune,21,"biggrid50-goal(40,3)",finetune,40,6492160,0.7408162951469421,0.3759212535592909
finetune,21,"biggrid50-goal(40,3)",finetune,50,6502400,0.7224489450454712,0.3316951984017636
finetune,21,"biggrid50-goal(40,3)",finetune,60,6512640,0.7357142567634583,0.36363624621107743
finetune,21,"biggrid50-goal(40,3)",finetune,70,6522880,0.7204080820083618,0.3267810806466428
finetune,21,"biggrid50-goal(40,3)",finetune,80,6533120,0.7173468470573425,0.31941004753375585
finetune,21,"biggrid50-goal(40,3)",finetune,90,6543360,0.7357141375541687,0.36363595917148894
finetune,21,"biggrid50-goal(40,3)",finetune,100,6553600,0.7204080820083618,0.3267810806466428
finetune,21,"biggrid50-goal(40,3)",finetune,110,6563840,0.7275509238243103,0.3439800622301828
finetune,21,"biggrid50-goal(40,3)",finetune,120,6574080,0.6897958517074585,0.253071036557362
finetune,21,"biggrid50-goal(40,3)",finetune,130,6584320,0.6785714030265808,0.22604410650316892
finetune,21,"biggrid50-goal(40,3)",finetune,140,6594560,0.6826530694961548,0.23587219849361624
finetune,21,"biggrid50-goal(40,3)",finetune,150,6604800,0.7163264751434326,0.3169531321759897
finetune,21,"biggrid50-goal(40,3)",finetune,160,6615040,0.8999999165534973,0.7592135402314687
finetune,21,"biggrid50-goal(40,3)",finetune,170,6625280,0.901020348072052,0.7616705991090291
finetune,21,"biggrid50-goal(40,3)",finetune,180,6635520,0.9397957921028137,0.855036540139616
finetune,21,"biggrid50-goal(40,3)",finetune,190,6645760,0.9683672189712524,0.9238326099935703
finetune,21,"biggrid50-goal(40,3)",finetune,200,6656000,0.9653059840202332,0.9164615768806834
finetune,21,"biggrid50-goal(40,3)",finetune,210,6666240,0.95714271068573,0.8968055364195829
finetune,21,"biggrid50-goal(40,3)",finetune,220,6676480,0.9673467874526978,0.9213755511160099
finetune,21,"biggrid50-goal(40,3)",finetune,230,6686720,0.9867345094680786,0.9680585216313033
finetune,21,"biggrid50-goal(40,3)",finetune,240,6696960,0.9908161163330078,0.9778864701019565
finetune,21,"biggrid50-goal(40,3)",finetune,250,6707200,0.9836732745170593,0.9606874885184165
finetune,21,"biggrid50-goal(40,3)",finetune,260,6717440,0.9653059840202332,0.9164615768806834
finetune,21,"biggrid50-goal(40,3)",finetune,270,6727680,0.9897956848144531,0.9754294112243961
finetune,21,"biggrid50-goal(40,3)",finetune,280,6737920,0.9622446894645691,0.9090904002480023
finetune,21,"biggrid50-goal(40,3)",finetune,290,6748160,0.9897956848144531,0.9754294112243961
finetune,21,"biggrid50-goal(40,3)",finetune,300,6758400,0.959183394908905,0.901719223615321
finetune,22,"biggrid50-goal(15,38)",finetune,10,6768640,0.8163264393806458,-0.08651981490387667
finetune,22,"biggrid50-goal(15,38)",finetune,20,6778880,0.8193877339363098,-0.0684107458426006
finetune,22,"biggrid50-goal(15,38)",finetune,30,6789120,0.9163264036178589,0.5050293567190429
finetune,22,"biggrid50-goal(15,38)",finetune,40,6799360,0.911224365234375,0.4748482801320664
finetune,22,"biggrid50-goal(15,38)",finetune,50,6809600,0.9295916557312012,0.5834998737724547
finetune,22,"biggrid50-goal(15,38)",finetune,60,6819840,0.9306120872497559,0.5895362301262135
finetune,22,"biggrid50-goal(15,38)",finetune,70,6830080,0.9234691858291626,0.5472824408317196
finetune,22,"biggrid50-goal(15,38)",finetune,80,6840320,0.9163264036178589,0.5050293567190429
finetune,22,"biggrid50-goal(15,38)",finetune,90,6850560,0.9377549886703491,0.6317900194207072
finetune,22,"biggrid50-goal(15,38)",finetune,100,6860800,0.9428569674491882,0.6619707434167752
finetune,22,"biggrid50-goal(15,38)",finetune,110,6871040,0.9163263440132141,0.5050290041281343
finetune,22,"biggrid50-goal(15,38)",finetune,120,6881280,0.9173467755317688,0.511065360481893
finetune,22,"biggrid50-goal(15,38)",finetune,130,6891520,0.9255101084709167,0.5593555061301455
finetune,22,"biggrid50-goal(15,38)",finetune,140,6901760,0.9142855405807495,0.4929566440115255
finetune,22,"biggrid50-goal(15,38)",finetune,150,6912000,0.9234692454338074,0.5472827934226282
finetune,23,"biggrid50-goal(40,45)",finetune,10,6922240,0.7142857313156128,0.3717277281045313
finetune,23,"biggrid50-goal(40,45)",finetune,20,6932480,0.7112244367599487,0.3649960850042951
finetune,23,"biggrid50-goal(40,45)",finetune,30,6942720,0.6928570866584778,0.3246071438775994
finetune,23,"biggrid50-goal(40,45)",finetune,40,6952960,0.735714316368103,0.4188481812636458
finetune,23,"biggrid50-goal(40,45)",finetune,50,6963200,0.8428570628166199,0.6544500538557662
finetune,23,"biggrid50-goal(40,45)",finetune,60,6973440,0.8183673024177551,0.6005982197320502
finetune,23,"biggrid50-goal(40,45)",finetune,70,6983680,0.8836733102798462,0.7442030670393537
finetune,23,"biggrid50-goal(40,45)",finetune,80,6993920,0.9999998807907104,0.9999997378643652
finetune,23,"biggrid50-goal(40,45)",finetune,90,7004160,0.9632652401924133,0.9192219866787913
finetune,23,"biggrid50-goal(40,45)",finetune,100,7014400,0.9999998807907104,0.9999997378643652
finetune,23,"biggrid50-goal(40,45)",finetune,110,7024640,0.9520407915115356,0.8945399506503454
finetune,23,"biggrid50-goal(40,45)",finetune,120,7034880,0.961224377155304,0.9147342246119672
finetune,23,"biggrid50-goal(40,45)",finetune,130,7045120,0.8959182500839233,0.771129115169029
finetune,23,"biggrid50-goal(40,45)",finetune,140,7055360,0.8877550363540649,0.7531785911730019
finetune,23,"biggrid50-goal(40,45)",finetune,150,7065600,0.9071427583694458,0.7958112822652923
finetune,23,"biggrid50-goal(40,45)",finetune,160,7075840,0.9999998807907104,0.9999997378643652
finetune,23,"biggrid50-goal(40,45)",finetune,170,7086080,0.9999998807907104,0.9999997378643652
finetune,23,"biggrid50-goal(40,45)",finetune,180,7096320,0.9428569674491882,0.8743451524174541
finetune,23,"biggrid50-goal(40,45)",finetune,190,7106560,0.9999998807907104,0.9999997378643652
finetune,23,"biggrid50-goal(40,45)",finetune,200,7116800,0.9775508642196655,0.9506354036718387
finetune,24,"biggrid50-goal(15,17)",finetune,10,7127040,0.8255101442337036,0.15763506825349324
finetune,24,"biggrid50-goal(15,17)",finetune,20,7137280,0.8326529264450073,0.19211746967150847
finetune,24,"biggrid50-goal(15,17)",finetune,30,7147520,0.8571428060531616,0.3103444902281255
finetune,24,"biggrid50-goal(15,17)",finetune,40,7157760,0.8387754559516907,0.22167451255726156
finetune,24,"biggrid50-goal(15,17)",finetune,50,7168000,0.8387754559516907,0.22167451255726156
finetune,24,"biggrid50-goal(15,17)",finetune,60,7178240,0.8326530456542969,0.19211804516470615
finetune,24,"biggrid50-goal(15,17)",finetune,70,7188480,0.8397958874702454,0.22660073432932024
finetune,24,"biggrid50-goal(15,17)",finetune,80,7198720,0.8326530456542969,0.19211804516470615
finetune,24,"biggrid50-goal(15,17)",finetune,90,7208960,0.837755024433136,0.2167482907852029
finetune,24,"biggrid50-goal(15,17)",finetune,100,7219200,0.9081632494926453,0.5566501116456803
finetune,24,"biggrid50-goal(15,17)",finetune,110,7229440,0.9224489331245422,0.6256154899749085
finetune,24,"biggrid50-goal(15,17)",finetune,120,7239680,0.9224489331245422,0.6256154899749085
finetune,24,"biggrid50-goal(15,17)",finetune,130,7249920,0.9408161044120789,0.714284604405976
finetune,24,"biggrid50-goal(15,17)",finetune,140,7260160,0.9224489331245422,0.6256154899749085
finetune,24,"biggrid50-goal(15,17)",finetune,150,7270400,0.8316326141357422,0.1871918233926475
finetune,24,"biggrid50-goal(15,17)",finetune,160,7280640,0.823469340801239,0.14778291245597477
finetune,24,"biggrid50-goal(15,17)",finetune,170,7290880,0.8571428060531616,0.3103444902281255
finetune,24,"biggrid50-goal(15,17)",finetune,180,7301120,0.9244896173477173,0.6354670702792293
finetune,24,"biggrid50-goal(15,17)",finetune,190,7311360,0.9244896173477173,0.6354670702792293
finetune,24,"biggrid50-goal(15,17)",finetune,200,7321600,0.9122447967529297,0.5763541354941185
finetune,24,"biggrid50-goal(15,17)",finetune,210,7331840,0.9122447967529297,0.5763541354941185
finetune,24,"biggrid50-goal(15,17)",finetune,220,7342080,0.9122447967529297,0.5763541354941185
finetune,24,"biggrid50-goal(15,17)",finetune,230,7352320,0.893877387046814,0.4876838700766557
finetune,24,"biggrid50-goal(15,17)",finetune,240,7362560,0.9040815234184265,0.5369452245574458
finetune,24,"biggrid50-goal(15,17)",finetune,250,7372800,0.9051019549369812,0.5418714463295043
finetune,24,"biggrid50-goal(15,17)",finetune,260,7383040,0.9030610918998718,0.532019002785387
finetune,24,"biggrid50-goal(15,17)",finetune,270,7393280,0.9081631898880005,0.5566498238990815
finetune,24,"biggrid50-goal(15,17)",finetune,280,7403520,0.911224365234375,0.5714279137220598
finetune,24,"biggrid50-goal(15,17)",finetune,290,7413760,0.9306120872497559,0.6650238254183836
finetune,24,"biggrid50-goal(15,17)",finetune,300,7424000,0.9306120872497559,0.6650238254183836
finetune,25,"biggrid50-goal(15,24)",finetune,10,7434240,0.8326530456542969,0.08550165531204684
finetune,25,"biggrid50-goal(15,24)",finetune,20,7444480,0.8602040410041809,0.23605915867674054
finetune,25,"biggrid50-goal(15,24)",finetune,30,7454720,0.8418366312980652,0.13568705547282253
finetune,25,"biggrid50-goal(15,24)",finetune,40,7464960,0.8306121826171875,0.07434898225343928
finetune,25,"biggrid50-goal(15,24)",finetune,50,7475200,0.8530611991882324,0.1970257801333891
finetune,25,"biggrid50-goal(15,24)",finetune,60,7485440,0.8499999046325684,0.18029677054547777
finetune,25,"biggrid50-goal(15,24)",finetune,70,7495680,0.8316327333450317,0.07992597022392639
finetune,25,"biggrid50-goal(15,24)",finetune,80,7505920,0.8153060674667358,-0.009294111362567407
finetune,25,"biggrid50-goal(15,24)",finetune,90,7516160,0.8295918703079224,0.06877329716531884
finetune,25,"biggrid50-goal(15,24)",finetune,100,7526400,0.8397958874702454,0.1245350338553983
finetune,25,"biggrid50-goal(15,24)",finetune,110,7536640,0.8499999046325684,0.18029677054547777
finetune,25,"biggrid50-goal(15,24)",finetune,120,7546880,0.8183673024177551,0.007434572504752264
finetune,25,"biggrid50-goal(15,24)",finetune,130,7557120,0.8336734771728516,0.09107799184135063
finetune,25,"biggrid50-goal(15,24)",finetune,140,7567360,0.8520407676696777,0.1914494436040853
finetune,25,"biggrid50-goal(15,24)",finetune,150,7577600,0.8540816307067871,0.20260211666269287
finetune,25,"biggrid50-goal(15,24)",finetune,160,7587840,0.8724489212036133,0.30297356842542755
finetune,25,"biggrid50-goal(15,24)",finetune,170,7598080,0.8602040410041809,0.23605915867674054
finetune,25,"biggrid50-goal(15,24)",finetune,180,7608320,0.8744896650314331,0.3141255900428518
finetune,25,"biggrid50-goal(15,24)",finetune,190,7618560,0.8714284896850586,0.29739723189612377
finetune,25,"biggrid50-goal(15,24)",finetune,200,7628800,0.8714284896850586,0.29739723189612377
finetune,25,"biggrid50-goal(15,24)",finetune,210,7639040,0.8775508999824524,0.33085427391017147
finetune,25,"biggrid50-goal(15,24)",finetune,220,7649280,0.8826530575752258,0.3587359565566904
finetune,25,"biggrid50-goal(15,24)",finetune,230,7659520,0.8561223745346069,0.2137541382801171
finetune,25,"biggrid50-goal(15,24)",finetune,240,7669760,0.8561223745346069,0.2137541382801171
finetune,25,"biggrid50-goal(15,24)",finetune,250,7680000,0.8744896650314331,0.3141255900428518
finetune,26,"biggrid50-goal(21,38)",finetune,10,7690240,0.883673369884491,0.3903738621657561
finetune,26,"biggrid50-goal(21,38)",finetune,20,7700480,0.8999999165534973,0.47593543633079244
finetune,26,"biggrid50-goal(21,38)",finetune,30,7710720,0.8724489212036133,0.33155055324803434
finetune,26,"biggrid50-goal(21,38)",finetune,40,7720960,0.8724489212036133,0.33155055324803434
finetune,26,"biggrid50-goal(21,38)",finetune,50,7731200,0.8795917630195618,0.3689836248077774
finetune,26,"biggrid50-goal(21,38)",finetune,60,7741440,0.8724489212036133,0.33155055324803434
finetune,26,"biggrid50-goal(21,38)",finetune,70,7751680,0.9091836214065552,0.5240639389360857
finetune,26,"biggrid50-goal(21,38)",finetune,80,7761920,0.9112244844436646,0.534759369981636
finetune,26,"biggrid50-goal(21,38)",finetune,90,7772160,0.9132652282714844,0.5454541762940643
finetune,26,"biggrid50-goal(21,38)",finetune,100,7782400,0.9530611038208008,0.7540100838173193
finetune,26,"biggrid50-goal(21,38)",finetune,110,7792640,0.8663264513015747,0.2994648848445055
finetune,26,"biggrid50-goal(21,38)",finetune,120,7802880,0.8571428060531616,0.25133669460577307
finetune,26,"biggrid50-goal(21,38)",finetune,130,7813120,0.9173469543457031,0.5668450383851649
finetune,26,"biggrid50-goal(21,38)",finetune,140,7823360,0.873469352722168,0.3368982687708095
finetune,26,"biggrid50-goal(21,38)",finetune,150,7833600,0.8520407676696777,0.22459874172501934
finetune,27,"biggrid50-goal(33,17)",finetune,10,7843840,0.8908162117004395,0.5946966730079667
finetune,27,"biggrid50-goal(33,17)",finetune,20,7854080,0.9326529502868652,0.7499996681106068
finetune,27,"biggrid50-goal(33,17)",finetune,30,7864320,0.971428394317627,0.8939387703896249
finetune,27,"biggrid50-goal(33,17)",finetune,40,7874560,0.971428394317627,0.8939387703896249
finetune,27,"biggrid50-goal(33,17)",finetune,50,7884800,0.9581630825996399,0.8446963411185735
finetune,27,"biggrid50-goal(33,17)",finetune,60,7895040,0.9622446894645691,0.8598477556975452
finetune,27,"biggrid50-goal(33,17)",finetune,70,7905280,0.971428394317627,0.8939387703896249
finetune,27,"biggrid50-goal(33,17)",finetune,80,7915520,0.9377549886703491,0.7689390469641192
finetune,27,"biggrid50-goal(33,17)",finetune,90,7925760,0.9540815353393555,0.8295451477991972
finetune,27,"biggrid50-goal(33,17)",finetune,100,7936000,0.9234692454338074,0.7159086534185272
finetune,27,"biggrid50-goal(33,17)",finetune,110,7946240,0.9244896769523621,0.7196966176930678
finetune,27,"biggrid50-goal(33,17)",finetune,120,7956480,0.9499998092651367,0.8143932907010345
finetune,27,"biggrid50-goal(33,17)",finetune,130,7966720,0.9540815353393555,0.8295451477991972
finetune,27,"biggrid50-goal(33,17)",finetune,140,7976960,0.9724488258361816,0.8977267346641655
finetune,27,"biggrid50-goal(33,17)",finetune,150,7987200,0.9642855525016785,0.8674236842466265
finetune,28,"biggrid50-goal(27,17)",finetune,10,7997440,0.8316326141357422,0.3670074986930004
finetune,28,"biggrid50-goal(27,17)",finetune,20,8007680,0.8377550840377808,0.3900254811696823
finetune,28,"biggrid50-goal(27,17)",finetune,30,8017920,0.8377550840377808,0.3900254811696823
finetune,28,"biggrid50-goal(27,17)",finetune,40,8028160,0.8336734771728516,0.37468030891128334
finetune,28,"biggrid50-goal(27,17)",finetune,50,8038400,0.8336734771728516,0.37468030891128334
finetune,28,"biggrid50-goal(27,17)",finetune,60,8048640,0.8387754559516907,0.3938616621897403
finetune,28,"biggrid50-goal(27,17)",finetune,70,8058880,0.8530611991882324,0.4475702132723034
finetune,28,"biggrid50-goal(27,17)",finetune,80,8069120,0.8520407676696777,0.44373380816316194
finetune,28,"biggrid50-goal(27,17)",finetune,90,8079360,0.8520407676696777,0.44373380816316194
finetune,28,"biggrid50-goal(27,17)",finetune,100,8089600,0.8418367505073547,0.40537087751716466
finetune,28,"biggrid50-goal(27,17)",finetune,110,8099840,0.8571428060531616,0.46291538553070233
finetune,28,"biggrid50-goal(27,17)",finetune,120,8110080,0.8561223745346069,0.45907898042156087
finetune,28,"biggrid50-goal(27,17)",finetune,130,8120320,0.8408163189888,0.4015344724080232
finetune,28,"biggrid50-goal(27,17)",finetune,140,8130560,0.8408163189888,0.4015344724080232
finetune,28,"biggrid50-goal(27,17)",finetune,150,8140800,0.8459183573722839,0.4207160497755636
finetune,28,"biggrid50-goal(27,17)",finetune,160,8151040,0.8469387292861938,0.42455223079562154
finetune,28,"biggrid50-goal(27,17)",finetune,170,8161280,0.8408163189888,0.4015344724080232
finetune,28,"biggrid50-goal(27,17)",finetune,180,8171520,0.8418367505073547,0.40537087751716466
finetune,28,"biggrid50-goal(27,17)",finetune,190,8181760,0.8367346525192261,0.3861890760605408
finetune,28,"biggrid50-goal(27,17)",finetune,200,8192000,0.8357142210006714,0.38235267095139935
finetune,28,"biggrid50-goal(27,17)",finetune,210,8202240,0.8367346525192261,0.3861890760605408
finetune,28,"biggrid50-goal(27,17)",finetune,220,8212480,0.8367346525192261,0.3861890760605408
finetune,28,"biggrid50-goal(27,17)",finetune,230,8222720,0.8367346525192261,0.3861890760605408
finetune,28,"biggrid50-goal(27,17)",finetune,240,8232960,0.8122448921203613,0.29411759433198037
finetune,28,"biggrid50-goal(27,17)",finetune,250,8243200,0.8112244606018066,0.2902811892228389
finetune,28,"biggrid50-goal(27,17)",finetune,260,8253440,0.8204081654548645,0.3248081629378617
finetune,28,"biggrid50-goal(27,17)",finetune,270,8263680,0.8204081654548645,0.3248081629378617
finetune,28,"biggrid50-goal(27,17)",finetune,280,8273920,0.8204081654548645,0.3248081629378617
finetune,28,"biggrid50-goal(27,17)",finetune,290,8284160,0.8183673620223999,0.3171355768086622
finetune,28,"biggrid50-goal(27,17)",finetune,300,8294400,0.8336734771728516,0.37468030891128334
finetune,28,"biggrid50-goal(27,17)",finetune,310,8304640,0.8510204553604126,0.43989785123218744
finetune,28,"biggrid50-goal(27,17)",finetune,320,8314880,0.8326530456542969,0.3708439038021419
finetune,28,"biggrid50-goal(27,17)",finetune,330,8325120,0.8336734771728516,0.37468030891128334
finetune,28,"biggrid50-goal(27,17)",finetune,340,8335360,0.830612301826477,0.36317154176202593
finetune,28,"biggrid50-goal(27,17)",finetune,350,8345600,0.8510204553604126,0.43989785123218744
finetune,28,"biggrid50-goal(27,17)",finetune,360,8355840,0.8510204553604126,0.43989785123218744
finetune,28,"biggrid50-goal(27,17)",finetune,370,8366080,0.8316326141357422,0.3670074986930004
finetune,28,"biggrid50-goal(27,17)",finetune,380,8376320,0.8316326141357422,0.3670074986930004
finetune,28,"biggrid50-goal(27,17)",finetune,390,8386560,0.8326530456542969,0.3708439038021419
finetune,28,"biggrid50-goal(27,17)",finetune,400,8396800,0.8500000238418579,0.436061446123046
finetune,28,"biggrid50-goal(27,17)",finetune,410,8407040,0.8510204553604126,0.43989785123218744
finetune,28,"biggrid50-goal(27,17)",finetune,420,8417280,0.8357142210006714,0.38235267095139935
finetune,28,"biggrid50-goal(27,17)",finetune,430,8427520,0.7969387173652649,0.23657263814027574
finetune,28,"biggrid50-goal(27,17)",finetune,440,8437760,0.795918345451355,0.23273645712021773
finetune,28,"biggrid50-goal(27,17)",finetune,450,8448000,0.8265306353569031,0.34782614541454354
finetune,28,"biggrid50-goal(27,17)",finetune,460,8458240,0.8602040410041809,0.47442437676904325
finetune,28,"biggrid50-goal(27,17)",finetune,470,8468480,0.8755100965499878,0.531968884782581
finetune,28,"biggrid50-goal(27,17)",finetune,480,8478720,0.8755100965499878,0.531968884782581
finetune,28,"biggrid50-goal(27,17)",finetune,490,8488960,0.8755100965499878,0.531968884782581
finetune,28,"biggrid50-goal(27,17)",finetune,500,8499200,0.8755100965499878,0.531968884782581
finetune,29,"biggrid50-goal(3,3)",finetune,10,8509440,0.5663264989852905,-0.17079893885477287
finetune,29,"biggrid50-goal(3,3)",finetune,20,8519680,0.5816326141357422,-0.12947664608335005
finetune,29,"biggrid50-goal(3,3)",finetune,30,8529920,0.5938774943351746,-0.09641884404943472
finetune,29,"biggrid50-goal(3,3)",finetune,40,8540160,0.5908163189888,-0.10468317387082748
finetune,29,"biggrid50-goal(3,3)",finetune,50,8550400,0.5979591608047485,-0.08539946942738644
finetune,29,"biggrid50-goal(3,3)",finetune,60,8560640,0.6102040410041809,-0.05234166739347112
finetune,29,"biggrid50-goal(3,3)",finetune,70,8570880,0.6540815234184265,0.0661154431517159
finetune,29,"biggrid50-goal(3,3)",finetune,80,8581120,0.6479591131210327,0.04958662259281561
finetune,29,"biggrid50-goal(3,3)",finetune,90,8591360,0.6663264036178589,0.09917324518563123
finetune,29,"biggrid50-goal(3,3)",finetune,100,8601600,0.6642856001853943,0.09366363833266446
finetune,29,"biggrid50-goal(3,3)",finetune,110,8611840,0.6622447967529297,0.08815403147969769
finetune,29,"biggrid50-goal(3,3)",finetune,120,8622080,0.6581631898880005,0.07713481777376417
finetune,29,"biggrid50-goal(3,3)",finetune,130,8632320,0.6663264632225037,0.09917340610174598
finetune,29,"biggrid50-goal(3,3)",finetune,140,8642560,0.6959183216094971,0.17906326867616565
finetune,29,"biggrid50-goal(3,3)",finetune,150,8652800,0.6632652282714844,0.09090891536423845
finetune,29,"biggrid50-goal(3,3)",finetune,160,8663040,0.6836733818054199,0.14600530572613557
finetune,29,"biggrid50-goal(3,3)",finetune,170,8673280,0.7061223387718201,0.20661130294099947
finetune,29,"biggrid50-goal(3,3)",finetune,180,8683520,0.7081631422042847,0.21212090979396622
finetune,29,"biggrid50-goal(3,3)",finetune,190,8693760,0.7163264155387878,0.23415949812194803
finetune,29,"biggrid50-goal(3,3)",finetune,200,8704000,0.6897958517074585,0.16253428720115062
finetune,29,"biggrid50-goal(3,3)",finetune,210,8714240,0.6897958517074585,0.16253428720115062
finetune,29,"biggrid50-goal(3,3)",finetune,220,8724480,0.7020407915115356,0.1955922501511807
finetune,29,"biggrid50-goal(3,3)",finetune,230,8734720,0.724489688873291,0.2561980864499298
finetune,29,"biggrid50-goal(3,3)",finetune,240,8744960,0.714285671710968,0.22865005218509601
finetune,29,"biggrid50-goal(3,3)",finetune,250,8755200,0.7479591369628906,0.3195591284654492
finetune,29,"biggrid50-goal(3,3)",finetune,260,8765440,0.7030611038208008,0.19834681220349196
finetune,29,"biggrid50-goal(3,3)",finetune,270,8775680,0.7204080820083618,0.2451788727439963
finetune,29,"biggrid50-goal(3,3)",finetune,280,8785920,0.7040815353393555,0.2011016960880327
finetune,29,"biggrid50-goal(3,3)",finetune,290,8796160,0.7653059959411621,0.3663908671737241
finetune,29,"biggrid50-goal(3,3)",finetune,300,8806400,0.7142856121063232,0.22864989126898128
finetune,29,"biggrid50-goal(3,3)",finetune,310,8816640,0.7581631541252136,0.347107162730283
finetune,29,"biggrid50-goal(3,3)",finetune,320,8826880,0.77448970079422,0.39118433938624664
finetune,29,"biggrid50-goal(3,3)",finetune,330,8837120,0.7765305042266846,0.3966939462392134
finetune,29,"biggrid50-goal(3,3)",finetune,340,8847360,0.7367345690727234,0.28925588848384515
finetune,29,"biggrid50-goal(3,3)",finetune,350,8857600,0.8459182977676392,0.5840218665690013
finetune,29,"biggrid50-goal(3,3)",finetune,360,8867840,0.7377550005912781,0.2920107723683859
finetune,29,"biggrid50-goal(3,3)",finetune,370,8878080,0.8244897127151489,0.5261705923225635
finetune,29,"biggrid50-goal(3,3)",finetune,380,8888320,0.8428570628166199,0.5757573758314938
finetune,29,"biggrid50-goal(3,3)",finetune,390,8898560,0.8255101442337036,0.5289254762071042
finetune,29,"biggrid50-goal(3,3)",finetune,400,8908800,0.787755012512207,0.4269970253047027
finetune,29,"biggrid50-goal(3,3)",finetune,410,8919040,0.8459182977676392,0.5840218665690013
finetune,29,"biggrid50-goal(3,3)",finetune,420,8929280,0.7499998807907104,0.32506857440230125
finetune,29,"biggrid50-goal(3,3)",finetune,430,8939520,0.847959041595459,0.5895313125058533
finetune,29,"biggrid50-goal(3,3)",finetune,440,8949760,0.8255101442337036,0.5289254762071042
finetune,29,"biggrid50-goal(3,3)",finetune,450,8960000,0.8183671832084656,0.5096414499314337
finetune,29,"biggrid50-goal(3,3)",finetune,460,8970240,0.8173468708992004,0.5068868878791224
finetune,29,"biggrid50-goal(3,3)",finetune,470,8980480,0.8663264513015747,0.6391182569308984
finetune,29,"biggrid50-goal(3,3)",finetune,480,8990720,0.8897957801818848,0.7024789771141883
finetune,29,"biggrid50-goal(3,3)",finetune,490,9000960,0.8285713195800781,0.537189806028497
finetune,29,"biggrid50-goal(3,3)",finetune,500,9011200,0.9306120872497559,0.8126717578379826
finetune,30,"biggrid50-goal(9,10)",finetune,10,9021440,0.9999998807907104,0.9999994168468853
finetune,30,"biggrid50-goal(9,10)",finetune,20,9031680,0.991836667060852,0.9600662578568948
finetune,30,"biggrid50-goal(9,10)",finetune,30,9041920,0.9295916557312012,0.6555734421574799
finetune,30,"biggrid50-goal(9,10)",finetune,40,9052160,0.9204079508781433,0.6106482009289046
finetune,30,"biggrid50-goal(9,10)",finetune,50,9062400,0.861224353313446,0.3211313403686869
finetune,30,"biggrid50-goal(9,10)",finetune,60,9072640,0.837755024433136,0.20632307090762825
finetune,30,"biggrid50-goal(9,10)",finetune,70,9082880,0.8632652163505554,0.33111492169274187
finetune,30,"biggrid50-goal(9,10)",finetune,80,9093120,0.8755100965499878,0.3910149517542849
finetune,30,"biggrid50-goal(9,10)",finetune,90,9103360,0.893877387046814,0.48086485105832083
finetune,30,"biggrid50-goal(9,10)",finetune,100,9113600,0.9285712242126465,0.6505816514954524
finetune,30,"biggrid50-goal(9,10)",finetune,110,9123840,0.9193876385688782,0.6056569934199918
finetune,30,"biggrid50-goal(9,10)",finetune,120,9134080,0.9377549290657043,0.6955068927240278
finetune,30,"biggrid50-goal(9,10)",finetune,130,9144320,0.925510048866272,0.6356068626624847
finetune,30,"biggrid50-goal(9,10)",finetune,140,9154560,0.9714285135269165,0.8602327772288039
finetune,30,"biggrid50-goal(9,10)",finetune,150,9164800,0.9724488258361816,0.8652239847377167
finetune,31,"biggrid50-goal(46,17)",finetune,10,9175040,0.7887754440307617,0.21292769416172233
finetune,31,"biggrid50-goal(46,17)",finetune,20,9185280,0.8071427345275879,0.28136853247714916
finetune,31,"biggrid50-goal(46,17)",finetune,30,9195520,0.8112243413925171,0.29657755830259824
finetune,31,"biggrid50-goal(46,17)",finetune,40,9205760,0.8295917510986328,0.36501884081983665
finetune,31,"biggrid50-goal(46,17)",finetune,50,9216000,0.8540815114974976,0.4562734399743429
finetune,31,"biggrid50-goal(46,17)",finetune,60,9226240,0.8653060793876648,0.4980988162465924
finetune,31,"biggrid50-goal(46,17)",finetune,70,9236480,0.8806120753288269,0.5551325520415737
finetune,31,"biggrid50-goal(46,17)",finetune,80,9246720,0.8918366432189941,0.5969579283138232
finetune,31,"biggrid50-goal(46,17)",finetune,90,9256960,0.9040815234184265,0.6425852278910764
finetune,31,"biggrid50-goal(46,17)",finetune,100,9267200,0.9499998092651367,0.8136875457805492
finetune,31,"biggrid50-goal(46,17)",finetune,110,9277440,0.9428569674491882,0.7870716395355604
finetune,31,"biggrid50-goal(46,17)",finetune,120,9287680,0.9224488139152527,0.7110260662065032
finetune,31,"biggrid50-goal(46,17)",finetune,130,9297920,0.9071427583694458,0.6539921083106162
finetune,31,"biggrid50-goal(46,17)",finetune,140,9308160,0.9061223268508911,0.650189740803801
finetune,31,"biggrid50-goal(46,17)",finetune,150,9318400,0.9336732625961304,0.7528509982769411
finetune,32,"biggrid50-goal(40,10)",finetune,10,9328640,0.7020407915115356,0.09876551222570895
finetune,32,"biggrid50-goal(40,10)",finetune,20,9338880,0.6948980093002319,0.0771608043190666
finetune,32,"biggrid50-goal(40,10)",finetune,30,9349120,0.6979591846466064,0.08641991334030678
finetune,32,"biggrid50-goal(40,10)",finetune,40,9359360,0.701020359992981,0.09567902236154695
finetune,32,"biggrid50-goal(40,10)",finetune,50,9369600,0.6979591846466064,0.08641991334030678
finetune,32,"biggrid50-goal(40,10)",finetune,60,9379840,0.6969387531280518,0.08333342347614478
finetune,32,"biggrid50-goal(40,10)",finetune,70,9390080,0.6979591846466064,0.08641991334030678
finetune,32,"biggrid50-goal(40,10)",finetune,80,9400320,0.6969387531280518,0.08333342347614478
finetune,32,"biggrid50-goal(40,10)",finetune,90,9410560,0.6948979496955872,0.0771606240334437
finetune,32,"biggrid50-goal(40,10)",finetune,100,9420800,0.6948979496955872,0.0771606240334437
finetune,32,"biggrid50-goal(40,10)",finetune,110,9431040,0.6897959113121033,0.061728535283879546
finetune,32,"biggrid50-goal(40,10)",finetune,120,9441280,0.6928571462631226,0.07098782459074263
finetune,32,"biggrid50-goal(40,10)",finetune,130,9451520,0.7061224579811096,0.11111129139673402
finetune,32,"biggrid50-goal(40,10)",finetune,140,9461760,0.7438775300979614,0.22530871208638423
finetune,32,"biggrid50-goal(40,10)",finetune,150,9472000,0.6948979496955872,0.0771606240334437
finetune,32,"biggrid50-goal(40,10)",finetune,160,9482240,0.6928571462631226,0.07098782459074263
finetune,32,"biggrid50-goal(40,10)",finetune,170,9492480,0.7336734533309937,0.19444453458725589
finetune,32,"biggrid50-goal(40,10)",finetune,180,9502720,0.7153060436248779,0.13888879874607743
finetune,32,"biggrid50-goal(40,10)",finetune,190,9512960,0.6918367147445679,0.06790133472658062
finetune,32,"biggrid50-goal(40,10)",finetune,200,9523200,0.6948979496955872,0.0771606240334437
finetune,32,"biggrid50-goal(40,10)",finetune,210,9533440,0.6969387531280518,0.08333342347614478
finetune,32,"biggrid50-goal(40,10)",finetune,220,9543680,0.7071428298950195,0.11419760097527311
finetune,32,"biggrid50-goal(40,10)",finetune,230,9553920,0.7316325902938843,0.1882715548589319
finetune,32,"biggrid50-goal(40,10)",finetune,240,9564160,0.6989795565605164,0.08950622291884587
finetune,32,"biggrid50-goal(40,10)",finetune,250,9574400,0.7051020860671997,0.10802498181819493
finetune,32,"biggrid50-goal(40,10)",finetune,260,9584640,0.7030612230300903,0.10185200208987094
finetune,32,"biggrid50-goal(40,10)",finetune,270,9594880,0.7591836452484131,0.2716049783350767
finetune,32,"biggrid50-goal(40,10)",finetune,280,9605120,0.6969388127326965,0.0833336037617677
finetune,32,"biggrid50-goal(40,10)",finetune,290,9615360,0.7020408511161804,0.09876569251133185
finetune,32,"biggrid50-goal(40,10)",finetune,300,9625600,0.7418367266654968,0.21913591264368312
finetune,32,"biggrid50-goal(40,10)",finetune,310,9635840,0.7469387650489807,0.2345680013932473
finetune,32,"biggrid50-goal(40,10)",finetune,320,9646080,0.7306122183799744,0.18518524528039282
finetune,32,"biggrid50-goal(40,10)",finetune,330,9656320,0.7387754917144775,0.20987662333682006
finetune,32,"biggrid50-goal(40,10)",finetune,340,9666560,0.7418367266654968,0.21913591264368312
finetune,32,"biggrid50-goal(40,10)",finetune,350,9676800,0.7418367266654968,0.21913591264368312
finetune,32,"biggrid50-goal(40,10)",finetune,360,9687040,0.7448979616165161,0.22839520195054622
finetune,32,"biggrid50-goal(40,10)",finetune,370,9697280,0.7469387650489807,0.2345680013932473
finetune,32,"biggrid50-goal(40,10)",finetune,380,9707520,0.764285683631897,0.28703706708464083
finetune,32,"biggrid50-goal(40,10)",finetune,390,9717760,0.75,0.24382729070011036
finetune,32,"biggrid50-goal(40,10)",finetune,400,9728000,0.7632652521133423,0.28395057722047884
finetune,32,"biggrid50-goal(40,10)",finetune,410,9738240,0.7612244486808777,0.2777777777777778
finetune,32,"biggrid50-goal(40,10)",finetune,420,9748480,0.7357142567634583,0.200617334029957
finetune,32,"biggrid50-goal(40,10)",finetune,430,9758720,0.7357142567634583,0.200617334029957
finetune,32,"biggrid50-goal(40,10)",finetune,440,9768960,0.7357142567634583,0.200617334029957
finetune,32,"biggrid50-goal(40,10)",finetune,450,9779200,0.732653021812439,0.1913580447230939
finetune,32,"biggrid50-goal(40,10)",finetune,460,9789440,0.7357141971588135,0.2006171537443341
finetune,32,"biggrid50-goal(40,10)",finetune,470,9799680,0.7255101203918457,0.16975297624520574
finetune,32,"biggrid50-goal(40,10)",finetune,480,9809920,0.7030611634254456,0.10185182180424804
finetune,32,"biggrid50-goal(40,10)",finetune,490,9820160,0.7224489450454712,0.16049386722396558
finetune,32,"biggrid50-goal(40,10)",finetune,500,9830400,0.7153060436248779,0.13888879874607743
finetune,33,"biggrid50-goal(46,38)",finetune,10,9840640,0.9224489331245422,0.7912086536596028
finetune,33,"biggrid50-goal(46,38)",finetune,20,9850880,0.837755024433136,0.5631865782069496
finetune,33,"biggrid50-goal(46,38)",finetune,30,9861120,0.8122447729110718,0.49450512770765864
finetune,33,"biggrid50-goal(46,38)",finetune,40,9871360,0.8683671951293945,0.6456039657631817
finetune,33,"biggrid50-goal(46,38)",finetune,50,9881600,0.8928569555282593,0.7115379399977887
finetune,33,"biggrid50-goal(46,38)",finetune,60,9891840,0.8663265109062195,0.6401098156040796
finetune,33,"biggrid50-goal(46,38)",finetune,70,9902080,0.8499999046325684,0.5961535653242531
finetune,33,"biggrid50-goal(46,38)",finetune,80,9912320,0.8551019430160522,0.6098898233293006
finetune,33,"biggrid50-goal(46,38)",finetune,90,9922560,0.911224365234375,0.7609886613848237
finetune,33,"biggrid50-goal(46,38)",finetune,100,9932800,0.9040814638137817,0.7417577717985145
finetune,33,"biggrid50-goal(46,38)",finetune,110,9943040,0.8897957801818848,0.7032963135740027
finetune,33,"biggrid50-goal(46,38)",finetune,120,9953280,0.8816325068473816,0.681318268671116
finetune,33,"biggrid50-goal(46,38)",finetune,130,9963520,0.9275509119033813,0.8049447511905972
finetune,33,"biggrid50-goal(46,38)",finetune,140,9973760,0.9122446775436401,0.7637356562273481
finetune,33,"biggrid50-goal(46,38)",finetune,150,9984000,0.9122446775436401,0.7637356562273481
finetune,34,"biggrid50-goal(27,31)",finetune,10,9994240,0.8642856478691101,0.25836385335277234
finetune,34,"biggrid50-goal(27,31)",finetune,20,10004480,0.9040816426277161,0.4758364179073364
finetune,34,"biggrid50-goal(27,31)",finetune,30,10014720,0.9040815234184265,0.47583576646615305
finetune,34,"biggrid50-goal(27,31)",finetune,40,10024960,0.9367345571517944,0.6542743010361823
finetune,34,"biggrid50-goal(27,31)",finetune,50,10035200,0.9132652282714844,0.5260218180681121
finetune,34,"biggrid50-goal(27,31)",finetune,60,10045440,0.8999999165534973,0.4535310717901213
finetune,34,"biggrid50-goal(27,31)",finetune,70,10055680,0.9204080700874329,0.5650551966114635
finetune,34,"biggrid50-goal(27,31)",finetune,80,10065920,0.8928570747375488,0.4144976932467698
finetune,34,"biggrid50-goal(27,31)",finetune,90,10076160,0.8877550363540649,0.38661666204143424
finetune,34,"biggrid50-goal(27,31)",finetune,100,10086400,0.8765305280685425,0.32527826310145935
finetune,34,"biggrid50-goal(27,31)",finetune,110,10096640,0.8785713315010071,0.33643061043947525
finetune,34,"biggrid50-goal(27,31)",finetune,120,10106880,0.8714284896850586,0.29739723189612377
finetune,34,"biggrid50-goal(27,31)",finetune,130,10117120,0.9173468351364136,0.5483265127441439
finetune,34,"biggrid50-goal(27,31)",finetune,140,10127360,0.8959183692932129,0.4312267028346812
finetune,34,"biggrid50-goal(27,31)",finetune,150,10137600,0.9091836214065552,0.5037171233920803
finetune,35,"biggrid50-goal(21,31)",finetune,10,10147840,0.8806121945381165,0.47058809536521584
finetune,35,"biggrid50-goal(21,31)",finetune,20,10158080,0.8959182500839233,0.5384610911674421
finetune,35,"biggrid50-goal(21,31)",finetune,30,10168320,0.8724489212036133,0.4343889704432534
finetune,35,"biggrid50-goal(21,31)",finetune,40,10178560,0.8683673143386841,0.41628954013734615
finetune,35,"biggrid50-goal(21,31)",finetune,50,10188800,0.896938681602478,0.5429860808989928
finetune,35,"biggrid50-goal(21,31)",finetune,60,10199040,0.9051019549369812,0.5791852058209552
finetune,35,"biggrid50-goal(21,31)",finetune,70,10209280,0.9051019549369812,0.5791852058209552
finetune,35,"biggrid50-goal(21,31)",finetune,80,10219520,0.8857142329216003,0.49321251540267386
finetune,35,"biggrid50-goal(21,31)",finetune,90,10229760,0.9071428179740906,0.5882351852840567
finetune,35,"biggrid50-goal(21,31)",finetune,100,10240000,0.8704080581665039,0.4253389909801519
finetune,35,"biggrid50-goal(21,31)",finetune,110,10250240,0.8867346048355103,0.4977372408240768
finetune,35,"biggrid50-goal(21,31)",finetune,120,10260480,0.9102040529251099,0.6018098901685611
finetune,35,"biggrid50-goal(21,31)",finetune,130,10270720,0.9020407795906067,0.5656107652465987
finetune,35,"biggrid50-goal(21,31)",finetune,140,10280960,0.8989795446395874,0.5520360603620943
finetune,35,"biggrid50-goal(21,31)",finetune,150,10291200,0.901020348072052,0.561085775515048
finetune,36,"biggrid50-goal(46,10)",finetune,10,10301440,0.7612244486808777,0.4334139322850001
finetune,36,"biggrid50-goal(46,10)",finetune,20,10311680,0.8061224222183228,0.5399514991942462
finetune,36,"biggrid50-goal(46,10)",finetune,30,10321920,0.810204029083252,0.5496366682611078
finetune,36,"biggrid50-goal(46,10)",finetune,40,10332160,0.8265305757522583,0.5883776273980617
finetune,36,"biggrid50-goal(46,10)",finetune,50,10342400,0.8459182977676392,0.6343823926177847
finetune,36,"biggrid50-goal(46,10)",finetune,60,10352640,0.8602040410041809,0.6682807672213078
finetune,36,"biggrid50-goal(46,10)",finetune,70,10362880,0.8816326260566711,0.7191282584092155
finetune,36,"biggrid50-goal(46,10)",finetune,80,10373120,0.9183672666549683,0.8062952043152309
finetune,36,"biggrid50-goal(46,10)",finetune,90,10383360,0.8734692335128784,0.699757495971231
finetune,36,"biggrid50-goal(46,10)",finetune,100,10393600,0.8683671951293945,0.6876509639202771
finetune,36,"biggrid50-goal(46,10)",finetune,110,10403840,0.8683671951293945,0.6876509639202771
finetune,36,"biggrid50-goal(46,10)",finetune,120,10414080,0.8999999165534973,0.7627116606448463
finetune,36,"biggrid50-goal(46,10)",finetune,130,10424320,0.8459182977676392,0.6343823926177847
finetune,36,"biggrid50-goal(46,10)",finetune,140,10434560,0.8999999165534973,0.7627116606448463
finetune,36,"biggrid50-goal(46,10)",finetune,150,10444800,0.8683671951293945,0.6876509639202771
finetune,36,"biggrid50-goal(46,10)",finetune,160,10455040,0.8683671951293945,0.6876509639202771
finetune,36,"biggrid50-goal(46,10)",finetune,170,10465280,0.8683671951293945,0.6876509639202771
finetune,36,"biggrid50-goal(46,10)",finetune,180,10475520,0.8683671951293945,0.6876509639202771
finetune,36,"biggrid50-goal(46,10)",finetune,190,10485760,0.9244896173477173,0.8208228164807695
finetune,36,"biggrid50-goal(46,10)",finetune,200,10496000,0.8999999165534973,0.7627116606448463
finetune,37,"biggrid50-goal(9,17)",finetune,10,10506240,0.8826529383659363,0.40207922319623696
finetune,37,"biggrid50-goal(9,17)",finetune,20,10516480,0.9040815234184265,0.5112647114562276
finetune,37,"biggrid50-goal(9,17)",finetune,30,10526720,0.8999999761581421,0.49046792392318456
finetune,37,"biggrid50-goal(9,17)",finetune,40,10536960,0.8734692335128784,0.3552853123542217
finetune,37,"biggrid50-goal(9,17)",finetune,50,10547200,0.8295917510986328,0.13171551858186908
finetune,37,"biggrid50-goal(9,17)",finetune,60,10557440,0.851020336151123,0.24090100684185975
finetune,37,"biggrid50-goal(9,17)",finetune,70,10567680,0.8571428060531616,0.2720969474032032
finetune,37,"biggrid50-goal(9,17)",finetune,80,10577920,0.8806121945381165,0.39168098128207124
finetune,37,"biggrid50-goal(9,17)",finetune,90,10588160,0.8397957682609558,0.18370824667625563
finetune,37,"biggrid50-goal(9,17)",finetune,100,10598400,0.8357142210006714,0.16291145914321256
finetune,37,"biggrid50-goal(9,17)",finetune,110,10608640,0.8530610799789429,0.2512992487560255
finetune,37,"biggrid50-goal(9,17)",finetune,120,10618880,0.861224353313446,0.2928937349362463
finetune,37,"biggrid50-goal(9,17)",finetune,130,10629120,0.883673369884491,0.4072786478580314
finetune,37,"biggrid50-goal(9,17)",finetune,140,10639360,0.9163264036178589,0.5736562888742031
finetune,37,"biggrid50-goal(9,17)",finetune,150,10649600,0.9132652282714844,0.5580586222982429
finetune,37,"biggrid50-goal(9,17)",finetune,160,10659840,0.9193876385688782,0.5892542591548748
finetune,37,"biggrid50-goal(9,17)",finetune,170,10670080,0.9193876385688782,0.5892542591548748
finetune,37,"biggrid50-goal(9,17)",finetune,180,10680320,0.9357141256332397,0.6724429278106049
finetune,37,"biggrid50-goal(9,17)",finetune,190,10690560,0.9357141256332397,0.6724429278106049
finetune,37,"biggrid50-goal(9,17)",finetune,200,10700800,0.9183672666549683,0.584055138197792
finetune,37,"biggrid50-goal(9,17)",finetune,210,10711040,0.9295917749404907,0.6412475946586845
finetune,37,"biggrid50-goal(9,17)",finetune,220,10721280,0.928571343421936,0.6360481699968901
finetune,37,"biggrid50-goal(9,17)",finetune,230,10731520,0.9163264036178589,0.5736562888742031
finetune,37,"biggrid50-goal(9,17)",finetune,240,10741760,0.9357141256332397,0.6724429278106049
finetune,37,"biggrid50-goal(9,17)",finetune,250,10752000,0.9193876385688782,0.5892542591548748
finetune,38,"biggrid50-goal(33,24)",finetune,10,10762240,0.8010203242301941,0.059485285955690234
finetune,38,"biggrid50-goal(33,24)",finetune,20,10772480,0.8826530575752258,0.44533769305016585
finetune,38,"biggrid50-goal(33,24)",finetune,30,10782720,0.8785713911056519,0.4260449318291822
finetune,38,"biggrid50-goal(33,24)",finetune,40,10792960,0.9275509715080261,0.6575560943533478
finetune,38,"biggrid50-goal(33,24)",finetune,50,10803200,0.8846938014030457,0.45498365106187805
finetune,38,"biggrid50-goal(33,24)",finetune,60,10813440,0.8897958993911743,0.47909967302123757
finetune,38,"biggrid50-goal(33,24)",finetune,70,10823680,0.9734693765640259,0.8745980381274253
finetune,38,"biggrid50-goal(33,24)",finetune,80,10833920,0.9999998807907104,0.9999994365349605
finetune,38,"biggrid50-goal(33,24)",finetune,90,10844160,0.9999998807907104,0.9999994365349605
finetune,38,"biggrid50-goal(33,24)",finetune,100,10854400,0.9183673858642578,0.6141481563705639
finetune,38,"biggrid50-goal(33,24)",finetune,110,10864640,0.9479591250419617,0.7540190552607068
finetune,38,"biggrid50-goal(33,24)",finetune,120,10874880,0.9448979496955872,0.7395498365106188
finetune,38,"biggrid50-goal(33,24)",finetune,130,10885120,0.8887755274772644,0.4742766940153815
finetune,38,"biggrid50-goal(33,24)",finetune,140,10895360,0.8938775062561035,0.4983921525097015
finetune,38,"biggrid50-goal(33,24)",finetune,150,10905600,0.9693877100944519,0.8553052769064416
finetune,39,"biggrid50-goal(40,17)",finetune,10,10915840,0.8867346048355103,0.525640734410404
finetune,39,"biggrid50-goal(40,17)",finetune,20,10926080,0.9061223268508911,0.606837163057612
finetune,39,"biggrid50-goal(40,17)",finetune,30,10936320,0.9265305399894714,0.6923074426814452
finetune,39,"biggrid50-goal(40,17)",finetune,40,10946560,0.9265304803848267,0.6923071930551981
finetune,39,"biggrid50-goal(40,17)",finetune,50,10956800,0.9234693646430969,0.679487137882805
finetune,39,"biggrid50-goal(40,17)",finetune,60,10967040,0.9540815353393555,0.8076919332529371
finetune,39,"biggrid50-goal(40,17)",finetune,70,10977280,0.9734692573547363,0.888888361900145
finetune,39,"biggrid50-goal(40,17)",finetune,80,10987520,0.9755100011825562,0.8974350653484071
finetune,39,"biggrid50-goal(40,17)",finetune,90,10997760,0.961224377155304,0.8376063938268428
finetune,39,"biggrid50-goal(40,17)",finetune,100,11008000,0.9673467874526978,0.8632472530503703
finetune,39,"biggrid50-goal(40,17)",finetune,110,11018240,0.9642855525016785,0.850426698625483
finetune,39,"biggrid50-goal(40,17)",finetune,120,11028480,0.9622448086738586,0.8418799951772209
finetune,39,"biggrid50-goal(40,17)",finetune,130,11038720,0.938775360584259,0.7435891611285004
finetune,39,"biggrid50-goal(40,17)",finetune,140,11048960,0.961224377155304,0.8376063938268428
finetune,39,"biggrid50-goal(40,17)",finetune,150,11059200,0.9204080700874329,0.6666663338316705
finetune,40,"biggrid50-goal(40,38)",finetune,10,11069440,0.7244897484779358,0.2358488975236604
finetune,40,"biggrid50-goal(40,38)",finetune,20,11079680,0.7295917868614197,0.24999983468145098
finetune,40,"biggrid50-goal(40,38)",finetune,30,11089920,0.7377550601959229,0.2726413671976258
finetune,40,"biggrid50-goal(40,38)",finetune,40,11100160,0.7234693765640259,0.23301880928323168
finetune,40,"biggrid50-goal(40,38)",finetune,50,11110400,0.7336734533309937,0.2613206835988129
finetune,40,"biggrid50-goal(40,38)",finetune,60,11120640,0.7234693765640259,0.23301880928323168
finetune,40,"biggrid50-goal(40,38)",finetune,70,11130880,0.7336734533309937,0.2613206835988129
finetune,40,"biggrid50-goal(40,38)",finetune,80,11141120,0.7510203123092651,0.30943367155304213
finetune,40,"biggrid50-goal(40,38)",finetune,90,11151360,0.7510203123092651,0.30943367155304213
finetune,40,"biggrid50-goal(40,38)",finetune,100,11161600,0.7387754321098328,0.27547145543805446
finetune,40,"biggrid50-goal(40,38)",finetune,110,11171840,0.7867346405982971,0.4084903969761254
finetune,40,"biggrid50-goal(40,38)",finetune,120,11182080,0.7724488973617554,0.36886767374318224
finetune,40,"biggrid50-goal(40,38)",finetune,130,11192320,0.7724488973617554,0.36886767374318224
finetune,40,"biggrid50-goal(40,38)",finetune,140,11202560,0.7663264870643616,0.3518866483449629
finetune,40,"biggrid50-goal(40,38)",finetune,150,11212800,0.732653021812439,0.2584904300398352
finetune,40,"biggrid50-goal(40,38)",finetune,160,11223040,0.745918333530426,0.2952828997138005
finetune,40,"biggrid50-goal(40,38)",finetune,170,11233280,0.7499999403953552,0.3066035833126134
finetune,40,"biggrid50-goal(40,38)",finetune,180,11243520,0.7499999403953552,0.3066035833126134
finetune,40,"biggrid50-goal(40,38)",finetune,190,11253760,0.7479591369628906,0.30094324151320695
finetune,40,"biggrid50-goal(40,38)",finetune,200,11264000,0.764285683631897,0.34622630654555653
finetune,40,"biggrid50-goal(40,38)",finetune,210,11274240,0.7663264870643616,0.3518866483449629
finetune,40,"biggrid50-goal(40,38)",finetune,220,11284480,0.7673468589782715,0.35471673658539166
finetune,40,"biggrid50-goal(40,38)",finetune,230,11294720,0.7653060555458069,0.3490563947859852
finetune,40,"biggrid50-goal(40,38)",finetune,240,11304960,0.7673468589782715,0.35471673658539166
finetune,40,"biggrid50-goal(40,38)",finetune,250,11315200,0.760204017162323,0.3349054576281946
finetune,40,"biggrid50-goal(40,38)",finetune,260,11325440,0.7632652521133423,0.34339605298657877
finetune,40,"biggrid50-goal(40,38)",finetune,270,11335680,0.7755101323127747,0.37735826910156645
finetune,40,"biggrid50-goal(40,38)",finetune,280,11345920,0.7755101323127747,0.37735826910156645
finetune,40,"biggrid50-goal(40,38)",finetune,290,11356160,0.7816325426101685,0.3943392944997857
finetune,40,"biggrid50-goal(40,38)",finetune,300,11366400,0.7989795207977295,0.442452613091113
finetune,40,"biggrid50-goal(40,38)",finetune,310,11376640,0.7948979139328003,0.4311319294923001
finetune,40,"biggrid50-goal(40,38)",finetune,320,11386880,0.7948979139328003,0.4311319294923001
finetune,40,"biggrid50-goal(40,38)",finetune,330,11397120,0.7948979139328003,0.4311319294923001
finetune,40,"biggrid50-goal(40,38)",finetune,340,11407360,0.7928570508956909,0.42547142237434465
finetune,40,"biggrid50-goal(40,38)",finetune,350,11417600,0.7928570508956909,0.42547142237434465
finetune,40,"biggrid50-goal(40,38)",finetune,360,11427840,0.7918366193771362,0.42264116881536695
finetune,40,"biggrid50-goal(40,38)",finetune,370,11438080,0.7948979139328003,0.4311319294923001
finetune,40,"biggrid50-goal(40,38)",finetune,380,11448320,0.7948979139328003,0.4311319294923001
finetune,40,"biggrid50-goal(40,38)",finetune,390,11458560,0.7948979139328003,0.4311319294923001
finetune,40,"biggrid50-goal(40,38)",finetune,400,11468800,0.7948979139328003,0.4311319294923001
finetune,40,"biggrid50-goal(40,38)",finetune,410,11479040,0.7948979139328003,0.4311319294923001
finetune,40,"biggrid50-goal(40,38)",finetune,420,11489280,0.7918366193771362,0.42264116881536695
finetune,40,"biggrid50-goal(40,38)",finetune,430,11499520,0.7918366193771362,0.42264116881536695
finetune,40,"biggrid50-goal(40,38)",finetune,440,11509760,0.7693876624107361,0.3603770783847981
finetune,40,"biggrid50-goal(40,38)",finetune,450,11520000,0.7918366193771362,0.42264116881536695
finetune,40,"biggrid50-goal(40,38)",finetune,460,11530240,0.787755012512207,0.41132048521655407
finetune,40,"biggrid50-goal(40,38)",finetune,470,11540480,0.787755012512207,0.41132048521655407
finetune,40,"biggrid50-goal(40,38)",finetune,480,11550720,0.820408046245575,0.5018864499627042
finetune,40,"biggrid50-goal(40,38)",finetune,490,11560960,0.7918366193771362,0.42264116881536695
finetune,40,"biggrid50-goal(40,38)",finetune,500,11571200,0.8153060078620911,0.4877355128049135
finetune,41,"biggrid50-goal(33,38)",finetune,10,11581440,0.732653021812439,0.09237857810621912
finetune,41,"biggrid50-goal(33,38)",finetune,20,11591680,0.7224489450454712,0.05773656072814689
finetune,41,"biggrid50-goal(33,38)",finetune,30,11601920,0.7183672785758972,0.04387963236514187
finetune,41,"biggrid50-goal(33,38)",finetune,40,11612160,0.7204081416130066,0.05080819772312449
finetune,41,"biggrid50-goal(33,38)",finetune,50,11622400,0.7183672785758972,0.04387963236514187
finetune,41,"biggrid50-goal(33,38)",finetune,60,11632640,0.7214285731315613,0.054272480402115804
finetune,41,"biggrid50-goal(33,38)",finetune,70,11642880,0.710204005241394,0.016165977992092045
finetune,41,"biggrid50-goal(33,38)",finetune,80,11653120,0.7081632614135742,0.009237817340029868
finetune,41,"biggrid50-goal(33,38)",finetune,90,11663360,0.7295918464660645,0.08198613477516563
finetune,41,"biggrid50-goal(33,38)",finetune,100,11673600,0.7622448205947876,0.19284034756144447
finetune,41,"biggrid50-goal(33,38)",finetune,110,11683840,0.7704081535339355,0.2205542042874545
finetune,41,"biggrid50-goal(33,38)",finetune,120,11694080,0.8061224222183228,0.3418012651107073
finetune,41,"biggrid50-goal(33,38)",finetune,130,11704320,0.8224489092826843,0.3972283715038467
finetune,41,"biggrid50-goal(33,38)",finetune,140,11714560,0.8499997854232788,0.49076137324812924
finetune,41,"biggrid50-goal(33,38)",finetune,150,11724800,0.8142856359481812,0.3695147171307969
finetune,41,"biggrid50-goal(33,38)",finetune,160,11735040,0.8387754559516907,0.4526556802499464
finetune,41,"biggrid50-goal(33,38)",finetune,170,11745280,0.8571427464485168,0.5150111496481082
finetune,41,"biggrid50-goal(33,38)",finetune,180,11755520,0.8571427464485168,0.5150111496481082
finetune,41,"biggrid50-goal(33,38)",finetune,190,11765760,0.8530610799789429,0.5011542212851032
finetune,41,"biggrid50-goal(33,38)",finetune,200,11776000,0.8357141613960266,0.44226283221297247
finetune,41,"biggrid50-goal(33,38)",finetune,210,11786240,0.837755024433136,0.44919139757095505
finetune,41,"biggrid50-goal(33,38)",finetune,220,11796480,0.8693876266479492,0.5565815300312028
finetune,41,"biggrid50-goal(33,38)",finetune,230,11806720,0.86530601978302,0.5427248040211581
finetune,41,"biggrid50-goal(33,38)",finetune,240,11816960,0.8540815114974976,0.5046185039640945
finetune,41,"biggrid50-goal(33,38)",finetune,250,11827200,0.8346937894821167,0.43879875188694134
finetune,41,"biggrid50-goal(33,38)",finetune,260,11837440,0.8765304684638977,0.5808309017252613
finetune,41,"biggrid50-goal(33,38)",finetune,270,11847680,0.8877549171447754,0.6189369994293646
finetune,41,"biggrid50-goal(33,38)",finetune,280,11857920,0.847959041595459,0.48383321259606704
finetune,41,"biggrid50-goal(33,38)",finetune,290,11868160,0.8051019906997681,0.338336982431716
finetune,41,"biggrid50-goal(33,38)",finetune,300,11878400,0.8051019906997681,0.338336982431716
finetune,41,"biggrid50-goal(33,38)",finetune,310,11888640,0.7999998927116394,0.32101577138971965
finetune,41,"biggrid50-goal(33,38)",finetune,320,11898880,0.8306121826171875,0.42494202587689656
finetune,41,"biggrid50-goal(33,38)",finetune,330,11909120,0.833673357963562,0.43533446920795005
finetune,41,"biggrid50-goal(33,38)",finetune,340,11919360,0.8020407557487488,0.3279443367477023
finetune,41,"biggrid50-goal(33,38)",finetune,350,11929600,0.827551007270813,0.41454958254584306
finetune,41,"biggrid50-goal(33,38)",finetune,360,11939840,0.8122447729110718,0.3625861517728143
finetune,41,"biggrid50-goal(33,38)",finetune,370,11950080,0.8448978662490845,0.47344076926501355
finetune,41,"biggrid50-goal(33,38)",finetune,380,11960320,0.833673357963562,0.43533446920795005
finetune,41,"biggrid50-goal(33,38)",finetune,390,11970560,0.8051019906997681,0.338336982431716
finetune,41,"biggrid50-goal(33,38)",finetune,400,11980800,0.8357141613960266,0.44226283221297247
finetune,41,"biggrid50-goal(33,38)",finetune,410,11991040,0.837755024433136,0.44919139757095505
finetune,41,"biggrid50-goal(33,38)",finetune,420,12001280,0.8255100250244141,0.40762061248194
finetune,41,"biggrid50-goal(33,38)",finetune,430,12011520,0.7846937775611877,0.2690527453226113
finetune,41,"biggrid50-goal(33,38)",finetune,440,12021760,0.8132652044296265,0.3660504344518056
finetune,41,"biggrid50-goal(33,38)",finetune,450,12032000,0.8122447729110718,0.3625861517728143
finetune,41,"biggrid50-goal(33,38)",finetune,460,12042240,0.8142856359481812,0.3695147171307969
finetune,41,"biggrid50-goal(33,38)",finetune,470,12052480,0.8571426272392273,0.5150107449421878
finetune,41,"biggrid50-goal(33,38)",finetune,480,12062720,0.8438774347305298,0.46997648658602226
finetune,41,"biggrid50-goal(33,38)",finetune,490,12072960,0.8265305757522583,0.41108529986685177
finetune,41,"biggrid50-goal(33,38)",finetune,500,12083200,0.8520407676696777,0.4976903433120323
finetune,42,"biggrid50-goal(9,45)",finetune,10,12093440,0.8132652044296265,0.4380754637519941
finetune,42,"biggrid50-goal(9,45)",finetune,20,12103680,0.9040815234184265,0.7113609956511648
finetune,42,"biggrid50-goal(9,45)",finetune,30,12113920,0.7785713076591492,0.3336741828132225
finetune,42,"biggrid50-goal(9,45)",finetune,40,12124160,0.7530611753463745,0.2569087935578552
finetune,42,"biggrid50-goal(9,45)",finetune,50,12134400,0.7530611753463745,0.2569087935578552
finetune,42,"biggrid50-goal(9,45)",finetune,60,12144640,0.7469387054443359,0.2384849853442496
finetune,42,"biggrid50-goal(9,45)",finetune,70,12154880,0.7408162355422974,0.22006117713064405
finetune,42,"biggrid50-goal(9,45)",finetune,80,12165120,0.7316325902938843,0.19242564417323166
finetune,42,"biggrid50-goal(9,45)",finetune,90,12175360,0.7438775300979614,0.22927326060044273
finetune,42,"biggrid50-goal(9,45)",finetune,100,12185600,0.7663264870643616,0.2968269251120032
finetune,42,"biggrid50-goal(9,45)",finetune,110,12195840,0.7867346405982971,0.3582393800066938
finetune,42,"biggrid50-goal(9,45)",finetune,120,12206080,0.8795917630195618,0.6376661215227344
finetune,42,"biggrid50-goal(9,45)",finetune,130,12216320,0.896938681602478,0.6898666723106223
finetune,42,"biggrid50-goal(9,45)",finetune,140,12226560,0.9959182739257812,0.9877172220402685
finetune,42,"biggrid50-goal(9,45)",finetune,150,12236800,0.9999998807907104,0.9999996412740082
finetune,42,"biggrid50-goal(9,45)",finetune,160,12247040,0.9999998807907104,0.9999996412740082
finetune,42,"biggrid50-goal(9,45)",finetune,170,12257280,0.9785712361335754,0.9355163125263888
finetune,42,"biggrid50-goal(9,45)",finetune,180,12267520,0.9857141375541687,0.9570108152299273
finetune,42,"biggrid50-goal(9,45)",finetune,190,12277760,0.9897956848144531,0.9692930551006711
finetune,42,"biggrid50-goal(9,45)",finetune,200,12288000,0.9999998807907104,0.9999996412740082
finetune,42,"biggrid50-goal(9,45)",finetune,210,12298240,0.9999998807907104,0.9999996412740082
finetune,42,"biggrid50-goal(9,45)",finetune,220,12308480,0.9846938252449036,0.9539404794659861
finetune,42,"biggrid50-goal(9,45)",finetune,230,12318720,0.9306120872497559,0.791197079396465
finetune,42,"biggrid50-goal(9,45)",finetune,240,12328960,0.9632652401924133,0.8894573300813626
finetune,42,"biggrid50-goal(9,45)",finetune,250,12339200,0.971428394317627,0.9140219891858462
finetune,43,"biggrid50-goal(9,38)",finetune,10,12349440,0.9499998092651367,0.8337097441470316
finetune,43,"biggrid50-goal(9,38)",finetune,20,12359680,0.9571426510810852,0.857465353388401
finetune,43,"biggrid50-goal(9,38)",finetune,30,12369920,0.9673468470573425,0.8914023911221892
finetune,43,"biggrid50-goal(9,38)",finetune,40,12380160,1.0,1.0
finetune,43,"biggrid50-goal(9,38)",finetune,50,12390400,0.9948978424072266,0.9830312829004295
finetune,43,"biggrid50-goal(9,38)",finetune,60,12400640,0.9857141375541687,0.9524881868192319
finetune,43,"biggrid50-goal(9,38)",finetune,70,12410880,0.9795917272567749,0.9321263209977764
finetune,43,"biggrid50-goal(9,38)",finetune,80,12421120,0.9999998807907104,0.9999996035346472
finetune,43,"biggrid50-goal(9,38)",finetune,90,12431360,0.9775508642196655,0.9253388341579483
finetune,43,"biggrid50-goal(9,38)",finetune,100,12441600,0.9673468470573425,0.8914023911221892
finetune,43,"biggrid50-goal(9,38)",finetune,110,12451840,0.9765304327011108,0.9219450907380341
finetune,43,"biggrid50-goal(9,38)",finetune,120,12462080,0.9663264155387878,0.8880086477022752
finetune,43,"biggrid50-goal(9,38)",finetune,130,12472320,0.9714285135269165,0.9049771665691693
finetune,43,"biggrid50-goal(9,38)",finetune,140,12482560,0.9846938252449036,0.9490948398646705
finetune,43,"biggrid50-goal(9,38)",finetune,150,12492800,0.9999998807907104,0.9999996035346472
finetune,44,"biggrid50-goal(9,3)",finetune,10,12503040,0.6204081177711487,-0.08984386564679722
finetune,44,"biggrid50-goal(9,3)",finetune,20,12513280,0.623469352722168,-0.08105477323238001
finetune,44,"biggrid50-goal(9,3)",finetune,30,12523520,0.6214285492897034,-0.0869141111318179
finetune,44,"biggrid50-goal(9,3)",finetune,40,12533760,0.623469352722168,-0.08105477323238001
finetune,44,"biggrid50-goal(9,3)",finetune,50,12544000,0.6357142329216003,-0.045898574705231954
finetune,44,"biggrid50-goal(9,3)",finetune,60,12554240,0.6265305876731873,-0.07226568081796282
finetune,44,"biggrid50-goal(9,3)",finetune,70,12564480,0.6265305876731873,-0.07226568081796282
finetune,44,"biggrid50-goal(9,3)",finetune,80,12574720,0.6265305876731873,-0.07226568081796282
finetune,44,"biggrid50-goal(9,3)",finetune,90,12584960,0.6265305876731873,-0.07226568081796282
finetune,44,"biggrid50-goal(9,3)",finetune,100,12595200,0.6265305876731873,-0.07226568081796282
finetune,44,"biggrid50-goal(9,3)",finetune,110,12605440,0.6265305876731873,-0.07226568081796282
finetune,44,"biggrid50-goal(9,3)",finetune,120,12615680,0.6336734294891357,-0.051757912604669845
finetune,44,"biggrid50-goal(9,3)",finetune,130,12625920,0.6336734294891357,-0.051757912604669845
finetune,44,"biggrid50-goal(9,3)",finetune,140,12636160,0.6316326260566711,-0.05761725050410773
finetune,44,"biggrid50-goal(9,3)",finetune,150,12646400,0.6275509595870972,-0.06933609743350425
finetune,44,"biggrid50-goal(9,3)",finetune,160,12656640,0.6316326260566711,-0.05761725050410773
finetune,44,"biggrid50-goal(9,3)",finetune,170,12666880,0.6295918226242065,-0.06347658840354561
finetune,44,"biggrid50-goal(9,3)",finetune,180,12677120,0.6346938610076904,-0.04882815808969053
finetune,44,"biggrid50-goal(9,3)",finetune,190,12687360,0.6295918226242065,-0.06347658840354561
finetune,44,"biggrid50-goal(9,3)",finetune,200,12697600,0.655102014541626,0.009765563165729813
finetune,44,"biggrid50-goal(9,3)",finetune,210,12707840,0.655102014541626,0.009765563165729813
finetune,44,"biggrid50-goal(9,3)",finetune,220,12718080,0.655102014541626,0.009765563165729813
finetune,44,"biggrid50-goal(9,3)",finetune,230,12728320,0.6571428179740906,0.0156249010651677
finetune,44,"biggrid50-goal(9,3)",finetune,240,12738560,0.6612244844436646,0.02734374799456421
finetune,44,"biggrid50-goal(9,3)",finetune,250,12748800,0.6642857193946838,0.03613284040898141
finetune,44,"biggrid50-goal(9,3)",finetune,260,12759040,0.6642857193946838,0.03613284040898141
finetune,44,"biggrid50-goal(9,3)",finetune,270,12769280,0.6653060913085938,0.039062423793439986
finetune,44,"biggrid50-goal(9,3)",finetune,280,12779520,0.6653060913085938,0.039062423793439986
finetune,44,"biggrid50-goal(9,3)",finetune,290,12789760,0.6653060913085938,0.039062423793439986
finetune,44,"biggrid50-goal(9,3)",finetune,300,12800000,0.6653060913085938,0.039062423793439986
finetune,44,"biggrid50-goal(9,3)",finetune,310,12810240,0.6704081296920776,0.05371085410729507
finetune,44,"biggrid50-goal(9,3)",finetune,320,12820480,0.6704081296920776,0.05371085410729507
finetune,44,"biggrid50-goal(9,3)",finetune,330,12830720,0.8040816187858582,0.43749996791302737
finetune,44,"biggrid50-goal(9,3)",finetune,340,12840960,0.7122448682785034,0.17382805113311509
finetune,44,"biggrid50-goal(9,3)",finetune,350,12851200,0.8336734771728516,0.5224609664116993
finetune,44,"biggrid50-goal(9,3)",finetune,360,12861440,0.669387698173523,0.05078109959231576
finetune,44,"biggrid50-goal(9,3)",finetune,370,12871680,0.7979591488838196,0.419921783084193
finetune,44,"biggrid50-goal(9,3)",finetune,380,12881920,0.672448992729187,0.059570363137253696
finetune,44,"biggrid50-goal(9,3)",finetune,390,12892160,0.672448992729187,0.059570363137253696
finetune,44,"biggrid50-goal(9,3)",finetune,400,12902400,0.6714285612106323,0.05664060862227438
finetune,44,"biggrid50-goal(9,3)",finetune,410,12912640,0.6714285612106323,0.05664060862227438
finetune,44,"biggrid50-goal(9,3)",finetune,420,12922880,0.668367326259613,0.047851516207857187
finetune,44,"biggrid50-goal(9,3)",finetune,430,12933120,0.668367326259613,0.047851516207857187
finetune,44,"biggrid50-goal(9,3)",finetune,440,12943360,0.6714285612106323,0.05664060862227438
finetune,44,"biggrid50-goal(9,3)",finetune,450,12953600,0.6775509715080261,0.07421862232058804
finetune,44,"biggrid50-goal(9,3)",finetune,460,12963840,0.6755101680755615,0.06835928442115016
finetune,44,"biggrid50-goal(9,3)",finetune,470,12974080,0.672448992729187,0.059570363137253696
finetune,44,"biggrid50-goal(9,3)",finetune,480,12984320,0.669387698173523,0.05078109959231576
finetune,44,"biggrid50-goal(9,3)",finetune,490,12994560,0.7714284658432007,0.3437497058694175
finetune,44,"biggrid50-goal(9,3)",finetune,500,13004800,0.7153061032295227,0.18261714354753228
finetune,45,"biggrid50-goal(40,24)",finetune,10,13015040,0.7469387650489807,0.10791361918083328
finetune,45,"biggrid50-goal(40,24)",finetune,20,13025280,0.7489795088768005,0.11510760831904011
finetune,45,"biggrid50-goal(40,24)",finetune,30,13035520,0.7489795088768005,0.11510760831904011
finetune,45,"biggrid50-goal(40,24)",finetune,40,13045760,0.7612243890762329,0.1582730139679542
finetune,45,"biggrid50-goal(40,24)",finetune,50,13056000,0.8153060674667358,0.3489206599946084
finetune,45,"biggrid50-goal(40,24)",finetune,60,13066240,0.9234693646430969,0.7302157419308206
finetune,45,"biggrid50-goal(40,24)",finetune,70,13076480,0.9785712957382202,0.9244599622923859
finetune,45,"biggrid50-goal(40,24)",finetune,80,13086720,0.9448978304862976,0.80575493917005
finetune,45,"biggrid50-goal(40,24)",finetune,90,13096960,0.9683672189712524,0.8884887558987749
finetune,45,"biggrid50-goal(40,24)",finetune,100,13107200,0.9836732745170593,0.9424453553720953
finetune,45,"biggrid50-goal(40,24)",finetune,110,13117440,0.9826528429985046,0.9388481506858958
finetune,45,"biggrid50-goal(40,24)",finetune,120,13127680,0.951020359992981,0.8273379571701514
finetune,45,"biggrid50-goal(40,24)",finetune,130,13137920,0.9132651090621948,0.694243905185921
finetune,45,"biggrid50-goal(40,24)",finetune,140,13148160,0.9224488139152527,0.7266181170104288
finetune,45,"biggrid50-goal(40,24)",finetune,150,13158400,0.9499998092651367,0.8237403322497595
finetune,45,"biggrid50-goal(40,24)",finetune,160,13168640,0.9489794969558716,0.8201435477977522
finetune,45,"biggrid50-goal(40,24)",finetune,170,13178880,0.9408161044120789,0.7913661204252518
finetune,45,"biggrid50-goal(40,24)",finetune,180,13189120,0.948979377746582,0.8201431275635599
finetune,45,"biggrid50-goal(40,24)",finetune,190,13199360,0.948979377746582,0.8201431275635599
finetune,45,"biggrid50-goal(40,24)",finetune,200,13209600,0.9530611038208008,0.8345319463083581
finetune,46,"biggrid50-goal(33,31)",finetune,10,13219840,0.8959182500839233,0.5248441568442418
finetune,46,"biggrid50-goal(33,31)",finetune,20,13230080,0.890816330909729,0.5015527853129067
finetune,46,"biggrid50-goal(33,31)",finetune,30,13240320,0.8775509595870972,0.44099347783910187
finetune,46,"biggrid50-goal(33,31)",finetune,40,13250560,0.8724489212036133,0.41770156209141257
finetune,46,"biggrid50-goal(33,31)",finetune,50,13260800,0.9224489331245422,0.6459624996836743
finetune,46,"biggrid50-goal(33,31)",finetune,60,13271040,0.8887754678726196,0.4922358013272893
finetune,46,"biggrid50-goal(33,31)",finetune,70,13281280,0.886734664440155,0.48291908944984896
finetune,46,"biggrid50-goal(33,31)",finetune,80,13291520,0.9163265228271484,0.6180123640513533
finetune,46,"biggrid50-goal(33,31)",finetune,90,13301760,0.9653061032295227,0.8416148096508063
finetune,46,"biggrid50-goal(33,31)",finetune,100,13312000,0.9765304327011108,0.8928563168144622
finetune,46,"biggrid50-goal(33,31)",finetune,110,13322240,0.9673468470573425,0.8509312494200695
finetune,46,"biggrid50-goal(33,31)",finetune,120,13332480,0.9744898080825806,0.8835404212615534
finetune,46,"biggrid50-goal(33,31)",finetune,130,13342720,0.9408162236213684,0.7298131786888141
finetune,46,"biggrid50-goal(33,31)",finetune,140,13352960,0.9612244367599487,0.8229811137877485
finetune,46,"biggrid50-goal(33,31)",finetune,150,13363200,0.9326530694961548,0.6925466032872301
finetune,47,"biggrid50-goal(46,45)",finetune,10,13373440,0.738775372505188,0.4018689012286151
finetune,47,"biggrid50-goal(46,45)",finetune,20,13383680,0.7795917987823486,0.49532706453890324
finetune,47,"biggrid50-goal(46,45)",finetune,30,13393920,0.837755024433136,0.6285045309984328
finetune,47,"biggrid50-goal(46,45)",finetune,40,13404160,0.837755024433136,0.6285045309984328
finetune,47,"biggrid50-goal(46,45)",finetune,50,13414400,0.8295917510986328,0.6098129256319575
finetune,47,"biggrid50-goal(46,45)",finetune,60,13424640,0.8887754678726196,0.7453270304194253
finetune,47,"biggrid50-goal(46,45)",finetune,70,13434880,0.9051019549369812,0.782710104674464
finetune,47,"biggrid50-goal(46,45)",finetune,80,13445120,0.8908162117004395,0.7499997611636543
finetune,47,"biggrid50-goal(46,45)",finetune,90,13455360,0.9418366551399231,0.8668222605846468
finetune,47,"biggrid50-goal(46,45)",finetune,100,13465600,0.8479591608047485,0.6518691400649608
finetune,47,"biggrid50-goal(46,45)",finetune,110,13475840,0.873469352722168,0.7102803215365011
finetune,47,"biggrid50-goal(46,45)",finetune,120,13486080,0.9030610918998718,0.7780371009744114
finetune,47,"biggrid50-goal(46,45)",finetune,130,13496320,0.8622447848320007,0.6845792106199469
finetune,47,"biggrid50-goal(46,45)",finetune,140,13506560,0.8714284896850586,0.7056073178364484
finetune,47,"biggrid50-goal(46,45)",finetune,150,13516800,0.8469387292861938,0.6495326382149345
finetune,47,"biggrid50-goal(46,45)",finetune,160,13527040,0.8530611991882324,0.6635513763592689
finetune,47,"biggrid50-goal(46,45)",finetune,170,13537280,0.9183672666549683,0.8130839463352474
finetune,47,"biggrid50-goal(46,45)",finetune,180,13547520,0.9326530694961548,0.8457944263239688
finetune,47,"biggrid50-goal(46,45)",finetune,190,13557760,0.9999998807907104,0.9999997270441764
finetune,47,"biggrid50-goal(46,45)",finetune,200,13568000,0.8836733102798462,0.7336445211692936
finetune,47,"biggrid50-goal(46,45)",finetune,210,13578240,0.951020359992981,0.8878503678011485
finetune,47,"biggrid50-goal(46,45)",finetune,220,13588480,0.8683671951293945,0.6985978122863694
finetune,47,"biggrid50-goal(46,45)",finetune,230,13598720,0.9857142567634583,0.9672896564891903
finetune,47,"biggrid50-goal(46,45)",finetune,240,13608960,0.9999998807907104,0.9999997270441764
finetune,47,"biggrid50-goal(46,45)",finetune,250,13619200,0.9112244844436646,0.7967289792967102
finetune,47,"biggrid50-goal(46,45)",finetune,260,13629440,0.8520407676696777,0.6612148745092424
finetune,47,"biggrid50-goal(46,45)",finetune,270,13639680,0.9357141256332397,0.8528033859624006
finetune,47,"biggrid50-goal(46,45)",finetune,280,13649920,0.9551019668579102,0.8971961022454301
finetune,47,"biggrid50-goal(46,45)",finetune,290,13660160,0.8479591608047485,0.6518691400649608
finetune,47,"biggrid50-goal(46,45)",finetune,300,13670400,0.8520406484603882,0.6612146015534189
finetune,48,"biggrid50-goal(3,38)",finetune,10,13680640,0.7357141971588135,0.21987926899859422
finetune,48,"biggrid50-goal(3,38)",finetune,20,13690880,0.7999998927116394,0.40963824684932904
finetune,48,"biggrid50-goal(3,38)",finetune,30,13701120,0.8795916438102722,0.6445777493925623
finetune,48,"biggrid50-goal(3,38)",finetune,40,13711360,0.8540815114974976,0.5692767576107859
finetune,48,"biggrid50-goal(3,38)",finetune,50,13721600,0.8530610799789429,0.5662646405252907
finetune,48,"biggrid50-goal(3,38)",finetune,60,13731840,0.8397958874702454,0.5271083500037828
finetune,48,"biggrid50-goal(3,38)",finetune,70,13742080,0.8367345929145813,0.5180719987472971
finetune,48,"biggrid50-goal(3,38)",finetune,80,13752320,0.830612063407898,0.49999947217574436
finetune,48,"biggrid50-goal(3,38)",finetune,90,13762560,0.830612063407898,0.49999947217574436
finetune,48,"biggrid50-goal(3,38)",finetune,100,13772800,0.8775507807731628,0.6385535152215718
finetune,48,"biggrid50-goal(3,38)",finetune,110,13783040,0.8775507807731628,0.6385535152215718
finetune,48,"biggrid50-goal(3,38)",finetune,120,13793280,0.8775507807731628,0.6385535152215718
finetune,48,"biggrid50-goal(3,38)",finetune,130,13803520,0.8999999165534973,0.7048190354539553
finetune,48,"biggrid50-goal(3,38)",finetune,140,13813760,0.8591834902763367,0.5843368152140064
finetune,48,"biggrid50-goal(3,38)",finetune,150,13824000,0.8683671951293945,0.6114453411592077
finetune,49,"biggrid50-goal(46,3)",finetune,10,13834240,0.5887755155563354,-0.14705880885944395
finetune,49,"biggrid50-goal(46,3)",finetune,20,13844480,0.623469352722168,-0.05028472793855177
finetune,49,"biggrid50-goal(46,3)",finetune,30,13854720,0.672448992729187,0.08633779734912313
finetune,49,"biggrid50-goal(46,3)",finetune,40,13864960,0.7826529145240784,0.39373773107803245
finetune,49,"biggrid50-goal(46,3)",finetune,50,13875200,0.8275508880615234,0.5189749627952501
finetune,49,"biggrid50-goal(46,3)",finetune,60,13885440,0.8469386100769043,0.5730545669111071
finetune,49,"biggrid50-goal(46,3)",finetune,70,13895680,0.8489794731140137,0.5787472968261534
finetune,49,"biggrid50-goal(46,3)",finetune,80,13905920,0.8653059005737305,0.624287806069441
finetune,49,"biggrid50-goal(46,3)",finetune,90,13916160,0.8438773155212402,0.5645154720385377
finetune,49,"biggrid50-goal(46,3)",finetune,100,13926400,0.8499997854232788,0.5815933292644059
finetune,49,"biggrid50-goal(46,3)",finetune,110,13936640,0.8214284181594849,0.5018971055693819
finetune,49,"biggrid50-goal(46,3)",finetune,120,13946880,0.8346937298774719,0.5388990187190061
finetune,49,"biggrid50-goal(46,3)",finetune,130,13957120,0.8193876147270203,0.49620454191397095
finetune,49,"biggrid50-goal(46,3)",finetune,140,13967360,0.7836733460426331,0.3965840960355556
finetune,49,"biggrid50-goal(46,3)",finetune,150,13977600,0.8040815591812134,0.45351023136857116
finetune,49,"biggrid50-goal(46,3)",finetune,160,13987840,0.8489794731140137,0.5787472968261534
finetune,49,"biggrid50-goal(46,3)",finetune,170,13998080,0.8469386100769043,0.5730545669111071
finetune,49,"biggrid50-goal(46,3)",finetune,180,14008320,0.8265304565429688,0.5161285978377269
finetune,49,"biggrid50-goal(46,3)",finetune,190,14018560,0.8520406484603882,0.5872860591794522
finetune,49,"biggrid50-goal(46,3)",finetune,200,14028800,0.8336732983589172,0.5360526537614829
finetune,49,"biggrid50-goal(46,3)",finetune,210,14039040,0.8591834902763367,0.6072101151032082
finetune,49,"biggrid50-goal(46,3)",finetune,220,14049280,0.8591834902763367,0.6072101151032082
finetune,49,"biggrid50-goal(46,3)",finetune,230,14059520,0.8448977470397949,0.5673618369960608
finetune,49,"biggrid50-goal(46,3)",finetune,240,14069760,0.8397957682609558,0.5531305109873511
finetune,49,"biggrid50-goal(46,3)",finetune,250,14080000,0.8418365716934204,0.558823074642762
finetune,49,"biggrid50-goal(46,3)",finetune,260,14090240,0.86530601978302,0.6242881385887117
finetune,49,"biggrid50-goal(46,3)",finetune,270,14100480,0.8499999046325684,0.5815936617836766
finetune,49,"biggrid50-goal(46,3)",finetune,280,14110720,0.8479589223861694,0.5759005993493596
finetune,49,"biggrid50-goal(46,3)",finetune,290,14120960,0.8408161401748657,0.5559767096852389
finetune,49,"biggrid50-goal(46,3)",finetune,300,14131200,0.8602039217948914,0.6100564800607313
finetune,49,"biggrid50-goal(46,3)",finetune,310,14141440,0.8642855882644653,0.6214417736311886
finetune,49,"biggrid50-goal(46,3)",finetune,320,14151680,0.875510036945343,0.6527509568657665
finetune,49,"biggrid50-goal(46,3)",finetune,330,14161920,0.8765304684638977,0.6555973218232897
finetune,49,"biggrid50-goal(46,3)",finetune,340,14172160,0.820408046245575,0.4990509068714941
finetune,49,"biggrid50-goal(46,3)",finetune,350,14182400,0.8489794731140137,0.5787472968261534
finetune,49,"biggrid50-goal(46,3)",finetune,360,14192640,0.8510202169418335,0.584439694221929
finetune,49,"biggrid50-goal(46,3)",finetune,370,14202880,0.9999998807907104,0.9999996674807292
finetune,49,"biggrid50-goal(46,3)",finetune,380,14213120,0.9234693646430969,0.786527449715189
finetune,49,"biggrid50-goal(46,3)",finetune,390,14223360,0.9551018476486206,0.8747622695038763
finetune,49,"biggrid50-goal(46,3)",finetune,400,14233600,0.9551018476486206,0.8747622695038763
finetune,49,"biggrid50-goal(46,3)",finetune,410,14243840,0.9999998807907104,0.9999996674807292
finetune,49,"biggrid50-goal(46,3)",finetune,420,14254080,0.9520406723022461,0.8662235071505775
finetune,49,"biggrid50-goal(46,3)",finetune,430,14264320,0.9673467874526978,0.9089179839556126
finetune,49,"biggrid50-goal(46,3)",finetune,440,14274560,0.95714271068573,0.8804549994189226
finetune,49,"biggrid50-goal(46,3)",finetune,450,14284800,0.9999998807907104,0.9999996674807292
finetune,49,"biggrid50-goal(46,3)",finetune,460,14295040,0.9051019549369812,0.7352938780375843
finetune,49,"biggrid50-goal(46,3)",finetune,470,14305280,0.9877550005912781,0.9658441192886282
finetune,49,"biggrid50-goal(46,3)",finetune,480,14315520,0.9908162355422974,0.9743830479015623
finetune,49,"biggrid50-goal(46,3)",finetune,490,14325760,0.988775372505188,0.9686903179865161
finetune,49,"biggrid50-goal(46,3)",finetune,500,14336000,0.9602039456367493,0.8889939280318567
