method,after_task,after_task_name,eval_task,eval_task_name,raw,normalized
constrained,0,"biggrid50-goal(40,31)",0,"biggrid50-goal(40,31)",0.9336733222007751,0.8040196526842271
constrained,1,"biggrid50-goal(9,31)",0,"biggrid50-goal(40,31)",0.9448977708816528,0.8371853625297486
constrained,1,"biggrid50-goal(9,31)",1,"biggrid50-goal(9,31)",0.83299320936203,0.29656180276830246
constrained,2,"biggrid50-goal(15,31)",0,"biggrid50-goal(40,31)",0.9479590058326721,0.8462306201669848
constrained,2,"biggrid50-goal(15,31)",1,"biggrid50-goal(9,31)",0.9241495728492737,0.680515459698737
constrained,2,"biggrid50-goal(15,31)",2,"biggrid50-goal(15,31)",0.8894557356834412,0.5185184608271267
constrained,3,"biggrid50-goal(9,24)",0,"biggrid50-goal(40,31)",0.8761903047561646,0.6341703236155388
constrained,3,"biggrid50-goal(9,24)",1,"biggrid50-goal(9,31)",0.9200679063796997,0.6633233437848263
constrained,3,"biggrid50-goal(9,24)",2,"biggrid50-goal(15,31)",0.9166666269302368,0.637036973576506
constrained,3,"biggrid50-goal(9,24)",3,"biggrid50-goal(9,24)",0.8659864068031311,0.42898557717948654
constrained,4,"biggrid50-goal(21,17)",0,"biggrid50-goal(40,31)",0.9377549886703491,0.8160800549066283
constrained,4,"biggrid50-goal(21,17)",1,"biggrid50-goal(9,31)",0.9340135455131531,0.7220628430219903
constrained,4,"biggrid50-goal(21,17)",2,"biggrid50-goal(15,31)",0.8993197083473206,0.5614815287884228
constrained,4,"biggrid50-goal(21,17)",3,"biggrid50-goal(9,24)",0.9095237851142883,0.6144926616059387
constrained,4,"biggrid50-goal(21,17)",4,"biggrid50-goal(21,17)",0.7622449398040771,0.14443100312296236
constrained,5,"biggrid50-goal(27,3)",0,"biggrid50-goal(40,31)",0.9431970715522766,0.8321601802605599
constrained,5,"biggrid50-goal(27,3)",1,"biggrid50-goal(9,31)",0.9217684864997864,0.6704862442234978
constrained,5,"biggrid50-goal(27,3)",2,"biggrid50-goal(15,31)",0.9632652401924133,0.8399997611576377
constrained,5,"biggrid50-goal(27,3)",3,"biggrid50-goal(9,24)",0.9122448563575745,0.6260867908906897
constrained,5,"biggrid50-goal(27,3)",4,"biggrid50-goal(21,17)",0.7819727659225464,0.2154222004873194
constrained,5,"biggrid50-goal(27,3)",5,"biggrid50-goal(27,3)",0.722108781337738,0.17055818797503192
constrained,6,"biggrid50-goal(3,31)",0,"biggrid50-goal(40,31)",0.9595237374305725,0.8804017891501642
constrained,6,"biggrid50-goal(3,31)",1,"biggrid50-goal(9,31)",0.9078230261802673,0.6117474981566158
constrained,6,"biggrid50-goal(3,31)",2,"biggrid50-goal(15,31)",0.9136053919792175,0.6237035987053705
constrained,6,"biggrid50-goal(3,31)",3,"biggrid50-goal(9,24)",0.9751700162887573,0.8942026813900155
constrained,6,"biggrid50-goal(3,31)",4,"biggrid50-goal(21,17)",0.7653060555458069,0.1554465235594907
constrained,6,"biggrid50-goal(3,31)",5,"biggrid50-goal(27,3)",0.7836733460426331,0.354314351092291
constrained,6,"biggrid50-goal(3,31)",6,"biggrid50-goal(3,31)",0.8030612468719482,0.3243875577599191
constrained,7,"biggrid50-goal(33,10)",0,"biggrid50-goal(40,31)",0.9411563277244568,0.8261302433267471
constrained,7,"biggrid50-goal(33,10)",1,"biggrid50-goal(9,31)",0.9187074303627014,0.657592973222537
constrained,7,"biggrid50-goal(33,10)",2,"biggrid50-goal(15,31)",0.9258502721786499,0.677036838578649
constrained,7,"biggrid50-goal(33,10)",3,"biggrid50-goal(9,24)",0.9908161163330078,0.9608686708097249
constrained,7,"biggrid50-goal(33,10)",4,"biggrid50-goal(21,17)",0.7625849843025208,0.14565466385256873
constrained,7,"biggrid50-goal(33,10)",5,"biggrid50-goal(27,3)",0.8071428537368774,0.4243654706741117
constrained,7,"biggrid50-goal(33,10)",6,"biggrid50-goal(3,31)",0.8948978781700134,0.6394396730642375
constrained,7,"biggrid50-goal(33,10)",7,"biggrid50-goal(33,10)",0.8571427464485168,0.41666622045967755
constrained,8,"biggrid50-goal(27,45)",0,"biggrid50-goal(40,31)",0.943537175655365,0.8331651110434426
constrained,8,"biggrid50-goal(27,45)",1,"biggrid50-goal(9,31)",0.9265305399894714,0.6905441730604547
constrained,8,"biggrid50-goal(27,45)",2,"biggrid50-goal(15,31)",0.9299318194389343,0.6948142390547243
constrained,8,"biggrid50-goal(27,45)",3,"biggrid50-goal(9,24)",0.9758502244949341,0.8971009597435943
constrained,8,"biggrid50-goal(27,45)",4,"biggrid50-goal(21,17)",0.7727891206741333,0.18237456673187138
constrained,8,"biggrid50-goal(27,45)",5,"biggrid50-goal(27,3)",0.8306121230125427,0.4944158786309331
constrained,8,"biggrid50-goal(27,45)",6,"biggrid50-goal(3,31)",0.9897958040237427,0.9649937777348828
constrained,8,"biggrid50-goal(27,45)",7,"biggrid50-goal(33,10)",0.9704080820083618,0.879166336067852
constrained,8,"biggrid50-goal(27,45)",8,"biggrid50-goal(27,45)",0.6690475940704346,0.0697896494861734
constrained,9,"biggrid50-goal(21,45)",0,"biggrid50-goal(40,31)",0.9534012079238892,0.8623110977574334
constrained,9,"biggrid50-goal(21,45)",1,"biggrid50-goal(9,31)",0.9037414193153381,0.5945556332994658
constrained,9,"biggrid50-goal(21,45)",2,"biggrid50-goal(15,31)",0.9438773989677429,0.7555549671033588
constrained,9,"biggrid50-goal(21,45)",3,"biggrid50-goal(9,24)",0.9761902689933777,0.8985498449527747
constrained,9,"biggrid50-goal(21,45)",4,"biggrid50-goal(21,17)",0.7840136289596558,0.2227663097566835
constrained,9,"biggrid50-goal(21,45)",5,"biggrid50-goal(27,3)",0.8193877339363098,0.46091364110402927
constrained,9,"biggrid50-goal(21,45)",6,"biggrid50-goal(3,31)",0.9448978304862976,0.8109680764878534
constrained,9,"biggrid50-goal(21,45)",7,"biggrid50-goal(33,10)",0.9438773989677429,0.7708327147281894
constrained,9,"biggrid50-goal(21,45)",8,"biggrid50-goal(27,45)",0.6867347359657288,0.1195030287130068
constrained,9,"biggrid50-goal(21,45)",9,"biggrid50-goal(21,45)",0.8363944292068481,0.3745119723302297
constrained,10,"biggrid50-goal(33,3)",0,"biggrid50-goal(40,31)",0.9469385743141174,0.8432154755818199
constrained,10,"biggrid50-goal(33,3)",1,"biggrid50-goal(9,31)",0.9054421186447144,0.6017190358516586
constrained,10,"biggrid50-goal(33,3)",2,"biggrid50-goal(15,31)",0.929591715335846,0.693332897186411
constrained,10,"biggrid50-goal(33,3)",3,"biggrid50-goal(9,24)",0.9734691977500916,0.8869557156680237
constrained,10,"biggrid50-goal(33,3)",4,"biggrid50-goal(21,17)",0.7891156673431396,0.24112615395174852
constrained,10,"biggrid50-goal(33,3)",5,"biggrid50-goal(27,3)",0.8081632256507874,0.42741104776462574
constrained,10,"biggrid50-goal(33,3)",6,"biggrid50-goal(3,31)",0.9051018953323364,0.6744452818953964
constrained,10,"biggrid50-goal(33,3)",7,"biggrid50-goal(33,10)",0.9425169229507446,0.7652774377139664
constrained,10,"biggrid50-goal(33,3)",8,"biggrid50-goal(27,45)",0.6863945126533508,0.11854676055785883
constrained,10,"biggrid50-goal(33,3)",9,"biggrid50-goal(21,45)",0.9455781579017639,0.7919373373953217
constrained,10,"biggrid50-goal(33,3)",10,"biggrid50-goal(33,3)",0.7513604760169983,-0.004120972693982393
constrained,11,"biggrid50-goal(21,24)",0,"biggrid50-goal(40,31)",0.9619045853614807,0.8874366568668597
constrained,11,"biggrid50-goal(21,24)",1,"biggrid50-goal(9,31)",0.9098638892173767,0.6203436816419514
constrained,11,"biggrid50-goal(21,24)",2,"biggrid50-goal(15,31)",0.9221087694168091,0.6607405203596239
constrained,11,"biggrid50-goal(21,24)",3,"biggrid50-goal(9,24)",0.961224377155304,0.8347821338866441
constrained,11,"biggrid50-goal(21,24)",4,"biggrid50-goal(21,17)",0.7741496562957764,0.18727049658533237
constrained,11,"biggrid50-goal(21,24)",5,"biggrid50-goal(27,3)",0.8197277784347534,0.46192859625920085
constrained,11,"biggrid50-goal(21,24)",6,"biggrid50-goal(3,31)",0.9710882902145386,0.9008163170161264
constrained,11,"biggrid50-goal(21,24)",7,"biggrid50-goal(33,10)",0.923129141330719,0.6861106635519796
constrained,11,"biggrid50-goal(21,24)",8,"biggrid50-goal(27,45)",0.6843537092208862,0.11281065940787434
constrained,11,"biggrid50-goal(21,24)",9,"biggrid50-goal(21,45)",0.9401359558105469,0.7711310027716713
constrained,11,"biggrid50-goal(21,24)",10,"biggrid50-goal(33,3)",0.8741495609283447,0.4917579342565243
constrained,11,"biggrid50-goal(21,24)",11,"biggrid50-goal(21,24)",0.9108842611312866,0.5690783851499882
constrained,12,"biggrid50-goal(21,3)",0,"biggrid50-goal(40,31)",0.8921768069267273,0.681406825604002
constrained,12,"biggrid50-goal(21,3)",1,"biggrid50-goal(9,31)",0.9183672666549683,0.6561601922893942
constrained,12,"biggrid50-goal(21,3)",2,"biggrid50-goal(15,31)",0.9085033535957336,0.6014813937905659
constrained,12,"biggrid50-goal(21,3)",3,"biggrid50-goal(9,24)",0.9496597647666931,0.7855068304588433
constrained,12,"biggrid50-goal(21,3)",4,"biggrid50-goal(21,17)",0.7778911590576172,0.20073441092693642
constrained,12,"biggrid50-goal(21,3)",5,"biggrid50-goal(27,3)",0.8275509476661682,0.4852789694531411
constrained,12,"biggrid50-goal(21,3)",6,"biggrid50-goal(3,31)",0.9557821154594421,0.8483073925744228
constrained,12,"biggrid50-goal(21,3)",7,"biggrid50-goal(33,10)",0.9384353160858154,0.7486108765144063
constrained,12,"biggrid50-goal(21,3)",8,"biggrid50-goal(27,45)",0.6894557476043701,0.12715099604844132
constrained,12,"biggrid50-goal(21,3)",9,"biggrid50-goal(21,45)",0.9581632018089294,0.8400518010622271
constrained,12,"biggrid50-goal(21,3)",10,"biggrid50-goal(33,3)",0.885033905506134,0.5357139332445752
constrained,12,"biggrid50-goal(21,3)",11,"biggrid50-goal(21,24)",0.8425169587135315,0.23848640740517638
constrained,12,"biggrid50-goal(21,3)",12,"biggrid50-goal(21,3)",0.7840135097503662,0.33922965816256473
constrained,13,"biggrid50-goal(3,17)",0,"biggrid50-goal(40,31)",0.9619045257568359,0.8874364807486013
constrained,13,"biggrid50-goal(3,17)",1,"biggrid50-goal(9,31)",0.9017006754875183,0.5859599519276515
constrained,13,"biggrid50-goal(3,17)",2,"biggrid50-goal(15,31)",0.9363945126533508,0.722962849887835
constrained,13,"biggrid50-goal(3,17)",3,"biggrid50-goal(9,24)",0.949999988079071,0.7869564775708506
constrained,13,"biggrid50-goal(3,17)",4,"biggrid50-goal(21,17)",0.7724489569664001,0.18115047702391984
constrained,13,"biggrid50-goal(3,17)",5,"biggrid50-goal(27,3)",0.8275509476661682,0.4852789694531411
constrained,13,"biggrid50-goal(3,17)",6,"biggrid50-goal(3,31)",0.9659862518310547,0.8833134103615539
constrained,13,"biggrid50-goal(3,17)",7,"biggrid50-goal(33,10)",0.9425169825553894,0.7652776810995968
constrained,13,"biggrid50-goal(3,17)",8,"biggrid50-goal(27,45)",0.696258544921875,0.14627166827747926
constrained,13,"biggrid50-goal(3,17)",9,"biggrid50-goal(21,45)",0.9513604640960693,0.814043939751983
constrained,13,"biggrid50-goal(3,17)",10,"biggrid50-goal(33,3)",0.9176869988441467,0.6675821709197496
constrained,13,"biggrid50-goal(3,17)",11,"biggrid50-goal(21,24)",0.8221088647842407,0.1398025059567849
constrained,13,"biggrid50-goal(3,17)",12,"biggrid50-goal(21,3)",0.8931971788406372,0.6732567089492104
constrained,13,"biggrid50-goal(3,17)",13,"biggrid50-goal(3,17)",0.7472788691520691,0.08271565649343302
constrained,14,"biggrid50-goal(15,45)",0,"biggrid50-goal(40,31)",0.9693875908851624,0.9095472475093797
constrained,14,"biggrid50-goal(15,45)",1,"biggrid50-goal(9,31)",0.9054421186447144,0.6017190358516586
constrained,14,"biggrid50-goal(15,45)",2,"biggrid50-goal(15,31)",0.9187074303627014,0.6459258036201753
constrained,14,"biggrid50-goal(15,45)",3,"biggrid50-goal(9,24)",0.9976189732551575,0.9898547559244294
constrained,14,"biggrid50-goal(15,45)",4,"biggrid50-goal(21,17)",0.7928571105003357,0.25458985380418
constrained,14,"biggrid50-goal(15,45)",5,"biggrid50-goal(27,3)",0.8224489092826843,0.4700505502818213
constrained,14,"biggrid50-goal(15,45)",6,"biggrid50-goal(3,31)",0.9741495251655579,0.911318101904467
constrained,14,"biggrid50-goal(15,45)",7,"biggrid50-goal(33,10)",0.9479591250419617,0.7874997626990103
constrained,14,"biggrid50-goal(15,45)",8,"biggrid50-goal(27,45)",0.6772108674049377,0.09273422161732287
constrained,14,"biggrid50-goal(15,45)",9,"biggrid50-goal(21,45)",0.9551019072532654,0.8283480242014781
constrained,14,"biggrid50-goal(15,45)",10,"biggrid50-goal(33,3)",0.8901358842849731,0.5563180745814216
constrained,14,"biggrid50-goal(15,45)",11,"biggrid50-goal(21,24)",0.883673369884491,0.43749936951895807
constrained,14,"biggrid50-goal(15,45)",12,"biggrid50-goal(21,3)",0.8585033416748047,0.5671173915445732
constrained,14,"biggrid50-goal(15,45)",13,"biggrid50-goal(3,17)",0.821088433265686,0.35061710713708544
constrained,14,"biggrid50-goal(15,45)",14,"biggrid50-goal(15,45)",0.800000011920929,0.19230769230769232
constrained,15,"biggrid50-goal(3,24)",0,"biggrid50-goal(40,31)",0.9921767711639404,0.9768841263380805
constrained,15,"biggrid50-goal(3,24)",1,"biggrid50-goal(9,31)",0.906802773475647,0.6074501595842299
constrained,15,"biggrid50-goal(3,24)",2,"biggrid50-goal(15,31)",0.894897997379303,0.5422225268327712
constrained,15,"biggrid50-goal(3,24)",3,"biggrid50-goal(9,24)",0.9656460881233215,0.85362246699056
constrained,15,"biggrid50-goal(3,24)",4,"biggrid50-goal(21,17)",0.7935373783111572,0.2570378187309105
constrained,15,"biggrid50-goal(3,24)",5,"biggrid50-goal(27,3)",0.8003399968147278,0.4040604966644357
constrained,15,"biggrid50-goal(3,24)",6,"biggrid50-goal(3,31)",0.9843536019325256,0.946323915213612
constrained,15,"biggrid50-goal(3,24)",7,"biggrid50-goal(33,10)",0.9411563873291016,0.759721917314113
constrained,15,"biggrid50-goal(3,24)",8,"biggrid50-goal(27,45)",0.6833333373069763,0.10994269259848782
constrained,15,"biggrid50-goal(3,24)",9,"biggrid50-goal(21,45)",0.9564625024795532,0.8335497787653473
constrained,15,"biggrid50-goal(3,24)",10,"biggrid50-goal(33,3)",0.8918367624282837,0.5631870043007838
constrained,15,"biggrid50-goal(3,24)",11,"biggrid50-goal(21,24)",0.8772108554840088,0.4062497027732231
constrained,15,"biggrid50-goal(3,24)",12,"biggrid50-goal(21,3)",0.9132652282714844,0.7346511594405597
constrained,15,"biggrid50-goal(3,24)",13,"biggrid50-goal(3,17)",0.8870747089385986,0.5901229108583121
constrained,15,"biggrid50-goal(3,24)",14,"biggrid50-goal(15,45)",0.8782312870025635,0.5082417066608126
constrained,15,"biggrid50-goal(3,24)",15,"biggrid50-goal(3,24)",0.8241496682167053,0.38231774339090147
constrained,16,"biggrid50-goal(3,10)",0,"biggrid50-goal(40,31)",0.9595235586166382,0.8804012607953888
constrained,16,"biggrid50-goal(3,10)",1,"biggrid50-goal(9,31)",0.9061223268508911,0.6045840956044229
constrained,16,"biggrid50-goal(3,10)",2,"biggrid50-goal(15,31)",0.9367346167564392,0.7244441917561482
constrained,16,"biggrid50-goal(3,10)",3,"biggrid50-goal(9,24)",0.9986394047737122,0.9942026813900156
constrained,16,"biggrid50-goal(3,10)",4,"biggrid50-goal(21,17)",0.7955781817436218,0.26438171351110196
constrained,16,"biggrid50-goal(3,10)",5,"biggrid50-goal(27,3)",0.819387674331665,0.4609134631977794
constrained,16,"biggrid50-goal(3,10)",6,"biggrid50-goal(3,31)",0.9727890491485596,0.906650891871632
constrained,16,"biggrid50-goal(3,10)",7,"biggrid50-goal(33,10)",0.9629250764846802,0.848610730483028
constrained,16,"biggrid50-goal(3,10)",8,"biggrid50-goal(27,45)",0.6710883975028992,0.07552575063615789
constrained,16,"biggrid50-goal(3,10)",9,"biggrid50-goal(21,45)",0.9707481861114502,0.8881660368518572
constrained,16,"biggrid50-goal(3,10)",10,"biggrid50-goal(33,3)",0.9037414193153381,0.6112634945607734
constrained,16,"biggrid50-goal(3,10)",11,"biggrid50-goal(21,24)",0.8411563634872437,0.23190721163670572
constrained,16,"biggrid50-goal(3,10)",12,"biggrid50-goal(21,3)",0.935033917427063,0.8012483996571104
constrained,16,"biggrid50-goal(3,10)",13,"biggrid50-goal(3,17)",0.8697278499603271,0.5271602211283447
constrained,16,"biggrid50-goal(3,10)",14,"biggrid50-goal(15,45)",0.8765305876731873,0.5013734974212622
constrained,16,"biggrid50-goal(3,10)",15,"biggrid50-goal(3,24)",0.755442202091217,0.14097965609866908
constrained,16,"biggrid50-goal(3,10)",16,"biggrid50-goal(3,10)",0.6965985894203186,0.12291050233408943
constrained,17,"biggrid50-goal(46,31)",0,"biggrid50-goal(40,31)",0.9486392736434937,0.8482406578510086
constrained,17,"biggrid50-goal(46,31)",1,"biggrid50-goal(9,31)",0.9105441570281982,0.6232089924514764
constrained,17,"biggrid50-goal(46,31)",2,"biggrid50-goal(15,31)",0.9353740811347961,0.7185183050603687
constrained,17,"biggrid50-goal(46,31)",3,"biggrid50-goal(9,24)",0.9860543608665466,0.9405794524966286
constrained,17,"biggrid50-goal(46,31)",4,"biggrid50-goal(21,17)",0.7778911590576172,0.20073441092693642
constrained,17,"biggrid50-goal(46,31)",5,"biggrid50-goal(27,3)",0.8238095641136169,0.4741117941525062
constrained,17,"biggrid50-goal(46,31)",6,"biggrid50-goal(3,31)",0.9785712361335754,0.9264870968256429
constrained,17,"biggrid50-goal(46,31)",7,"biggrid50-goal(33,10)",0.9438774585723877,0.7708329581138198
constrained,17,"biggrid50-goal(46,31)",8,"biggrid50-goal(27,45)",0.74217689037323,0.2753346980425821
constrained,17,"biggrid50-goal(46,31)",9,"biggrid50-goal(21,45)",0.9741495251655579,0.9011698535683417
constrained,17,"biggrid50-goal(46,31)",10,"biggrid50-goal(33,3)",0.9153059720993042,0.6579664877301167
constrained,17,"biggrid50-goal(46,31)",11,"biggrid50-goal(21,24)",0.8571427464485168,0.3092098076622109
constrained,17,"biggrid50-goal(46,31)",12,"biggrid50-goal(21,3)",0.9292515516281128,0.7835583310737219
constrained,17,"biggrid50-goal(46,31)",13,"biggrid50-goal(3,17)",0.9326528906822205,0.7555548728737014
constrained,17,"biggrid50-goal(46,31)",14,"biggrid50-goal(15,45)",0.9115645289421082,0.6428567302095775
constrained,17,"biggrid50-goal(46,31)",15,"biggrid50-goal(3,24)",0.8295918703079224,0.40143372477425326
constrained,17,"biggrid50-goal(46,31)",16,"biggrid50-goal(3,10)",0.699999988079071,0.13274345279818484
constrained,17,"biggrid50-goal(46,31)",17,"biggrid50-goal(46,31)",0.7622448801994324,0.24186556232748263
constrained,18,"biggrid50-goal(46,24)",0,"biggrid50-goal(40,31)",0.9418366551399231,0.8281404571290294
constrained,18,"biggrid50-goal(46,24)",1,"biggrid50-goal(9,31)",0.9360543489456177,0.7306587754505653
constrained,18,"biggrid50-goal(46,24)",2,"biggrid50-goal(15,31)",0.9561223387718201,0.8088884665879006
constrained,18,"biggrid50-goal(46,24)",3,"biggrid50-goal(9,24)",0.98061203956604,0.9173904320242996
constrained,18,"biggrid50-goal(46,24)",4,"biggrid50-goal(21,17)",0.7714285254478455,0.17747842238923778
constrained,18,"biggrid50-goal(46,24)",5,"biggrid50-goal(27,3)",0.8040815591812134,0.41522820568382
constrained,18,"biggrid50-goal(46,24)",6,"biggrid50-goal(3,31)",0.9836732745170593,0.9439900034802153
constrained,18,"biggrid50-goal(46,24)",7,"biggrid50-goal(33,10)",0.9687073230743408,0.8722215704895897
constrained,18,"biggrid50-goal(46,24)",8,"biggrid50-goal(27,45)",0.6741496324539185,0.08412998612674037
constrained,18,"biggrid50-goal(46,24)",9,"biggrid50-goal(21,45)",0.9693876504898071,0.8829645101652634
constrained,18,"biggrid50-goal(46,24)",10,"biggrid50-goal(33,3)",0.9132651686668396,0.6497247830531738
constrained,18,"biggrid50-goal(46,24)",11,"biggrid50-goal(21,24)",0.8785713911056519,0.41282861032178886
constrained,18,"biggrid50-goal(46,24)",12,"biggrid50-goal(21,3)",0.9547616839408875,0.8616018180952851
constrained,18,"biggrid50-goal(46,24)",13,"biggrid50-goal(3,17)",0.859863817691803,0.49135742801246046
constrained,18,"biggrid50-goal(46,24)",14,"biggrid50-goal(15,45)",0.9224488735198975,0.6868127397783244
constrained,18,"biggrid50-goal(46,24)",15,"biggrid50-goal(3,24)",0.8751699924468994,0.5615289435282442
constrained,18,"biggrid50-goal(46,24)",16,"biggrid50-goal(3,10)",0.7476189732551575,0.2704030362116416
constrained,18,"biggrid50-goal(46,24)",17,"biggrid50-goal(46,31)",0.8442175388336182,0.5032533949439952
constrained,18,"biggrid50-goal(46,24)",18,"biggrid50-goal(46,24)",0.8340135216712952,0.5489832087693962
constrained,19,"biggrid50-goal(3,45)",0,"biggrid50-goal(40,31)",0.9578229784965515,0.8753764307627171
constrained,19,"biggrid50-goal(3,45)",1,"biggrid50-goal(9,31)",0.9013604521751404,0.584526919937748
constrained,19,"biggrid50-goal(3,45)",2,"biggrid50-goal(15,31)",0.9309523105621338,0.6992590434934538
constrained,19,"biggrid50-goal(3,45)",3,"biggrid50-goal(9,24)",0.9765306115150452,0.9
constrained,19,"biggrid50-goal(3,45)",4,"biggrid50-goal(21,17)",0.7959184050559998,0.2656060177082261
constrained,19,"biggrid50-goal(3,45)",5,"biggrid50-goal(27,3)",0.8136054277420044,0.4436547779036168
constrained,19,"biggrid50-goal(3,45)",6,"biggrid50-goal(3,31)",0.983333170413971,0.9428232520915031
constrained,19,"biggrid50-goal(3,45)",7,"biggrid50-goal(33,10)",0.9357141256332397,0.7374993489434386
constrained,19,"biggrid50-goal(3,45)",8,"biggrid50-goal(27,45)",0.6819727420806885,0.10611845763395335
constrained,19,"biggrid50-goal(3,45)",9,"biggrid50-goal(21,45)",0.9646257162094116,0.8647589388849098
constrained,19,"biggrid50-goal(3,45)",10,"biggrid50-goal(33,3)",0.8982992172241211,0.589285374711237
constrained,19,"biggrid50-goal(3,45)",11,"biggrid50-goal(21,24)",0.8639454245567322,0.34210434540503976
constrained,19,"biggrid50-goal(3,45)",12,"biggrid50-goal(21,3)",0.950680136680603,0.8491150862849451
constrained,19,"biggrid50-goal(3,45)",13,"biggrid50-goal(3,17)",0.8700679540634155,0.5283946733796407
constrained,19,"biggrid50-goal(3,45)",14,"biggrid50-goal(15,45)",0.9244897365570068,0.6950546871502167
constrained,19,"biggrid50-goal(3,45)",15,"biggrid50-goal(3,24)",0.9003400206565857,0.649939807845707
constrained,19,"biggrid50-goal(3,45)",16,"biggrid50-goal(3,10)",0.7411563992500305,0.2517206715616033
constrained,19,"biggrid50-goal(3,45)",17,"biggrid50-goal(46,31)",0.8438774943351746,0.502169088348085
constrained,19,"biggrid50-goal(3,45)",18,"biggrid50-goal(46,24)",0.8972788453102112,0.7208871105274895
constrained,19,"biggrid50-goal(3,45)",19,"biggrid50-goal(3,45)",0.6884353160858154,0.24794721576390968
constrained,20,"biggrid50-goal(21,10)",0,"biggrid50-goal(40,31)",0.9523808360099792,0.859296129290527
constrained,20,"biggrid50-goal(21,10)",1,"biggrid50-goal(9,31)",0.9088433384895325,0.6160450877857622
constrained,20,"biggrid50-goal(21,10)",2,"biggrid50-goal(15,31)",0.9227889776229858,0.6637032040962504
constrained,20,"biggrid50-goal(21,10)",3,"biggrid50-goal(9,24)",0.9935372471809387,0.9724630540620849
constrained,20,"biggrid50-goal(21,10)",4,"biggrid50-goal(21,17)",0.7955781817436218,0.26438171351110196
constrained,20,"biggrid50-goal(21,10)",5,"biggrid50-goal(27,3)",0.8163264393806458,0.4517763761137376
constrained,20,"biggrid50-goal(21,10)",6,"biggrid50-goal(3,31)",0.9860543012619019,0.9521582855911316
constrained,20,"biggrid50-goal(21,10)",7,"biggrid50-goal(33,10)",0.9394556283950806,0.7527771517358507
constrained,20,"biggrid50-goal(21,10)",8,"biggrid50-goal(27,45)",0.6836734414100647,0.11089862569121284
constrained,20,"biggrid50-goal(21,10)",9,"biggrid50-goal(21,45)",0.9370747804641724,0.7594276816654729
constrained,20,"biggrid50-goal(21,10)",10,"biggrid50-goal(33,3)",0.8727890253067017,0.48626346447189567
constrained,20,"biggrid50-goal(21,10)",11,"biggrid50-goal(21,24)",0.8901358842849731,0.4687490362646931
constrained,20,"biggrid50-goal(21,10)",12,"biggrid50-goal(21,3)",0.928571343421936,0.7814773610630671
constrained,20,"biggrid50-goal(21,10)",13,"biggrid50-goal(3,17)",0.9142856001853943,0.6888883937041637
constrained,20,"biggrid50-goal(21,10)",14,"biggrid50-goal(15,45)",0.9200678467750549,0.67719705427409
constrained,20,"biggrid50-goal(21,10)",15,"biggrid50-goal(3,24)",0.9547617435455322,0.8410985748591504
constrained,20,"biggrid50-goal(21,10)",16,"biggrid50-goal(3,10)",0.7455781698226929,0.26450336931821705
constrained,20,"biggrid50-goal(21,10)",17,"biggrid50-goal(46,31)",0.8564624786376953,0.5422990758970903
constrained,20,"biggrid50-goal(21,10)",18,"biggrid50-goal(46,24)",0.9176868796348572,0.776339616352683
constrained,20,"biggrid50-goal(21,10)",19,"biggrid50-goal(3,45)",0.7836734056472778,0.4778322897723349
constrained,20,"biggrid50-goal(21,10)",20,"biggrid50-goal(21,10)",0.734013557434082,0.013870958760139147
constrained,21,"biggrid50-goal(40,3)",0,"biggrid50-goal(40,31)",0.9591835737228394,0.8793966822490231
constrained,21,"biggrid50-goal(40,3)",1,"biggrid50-goal(9,31)",0.9149658679962158,0.6418333871850085
constrained,21,"biggrid50-goal(40,3)",2,"biggrid50-goal(15,31)",0.9102040529251099,0.6088888819659218
constrained,21,"biggrid50-goal(40,3)",3,"biggrid50-goal(9,24)",0.976870596408844,0.9014486312415715
constrained,21,"biggrid50-goal(40,3)",4,"biggrid50-goal(21,17)",0.7982991933822632,0.27417335872885135
constrained,21,"biggrid50-goal(40,3)",5,"biggrid50-goal(27,3)",0.8176870942115784,0.4558376199844225
constrained,21,"biggrid50-goal(40,3)",6,"biggrid50-goal(3,31)",0.9435372948646545,0.8063006619770322
constrained,21,"biggrid50-goal(40,3)",7,"biggrid50-goal(33,10)",0.9510202407836914,0.7999993185202349
constrained,21,"biggrid50-goal(40,3)",8,"biggrid50-goal(27,45)",0.6819727420806885,0.10611845763395335
constrained,21,"biggrid50-goal(40,3)",9,"biggrid50-goal(21,45)",0.9666664600372314,0.8725610010375252
constrained,21,"biggrid50-goal(40,3)",10,"biggrid50-goal(33,3)",0.882652997970581,0.5260987314769859
constrained,21,"biggrid50-goal(40,3)",11,"biggrid50-goal(21,24)",0.9017006158828735,0.5246706150872168
constrained,21,"biggrid50-goal(40,3)",12,"biggrid50-goal(21,3)",0.9540815949440002,0.8595212127831953
constrained,21,"biggrid50-goal(40,3)",13,"biggrid50-goal(3,17)",0.911224365234375,0.6777772417282937
constrained,21,"biggrid50-goal(40,3)",14,"biggrid50-goal(15,45)",0.898639440536499,0.5906592546910979
constrained,21,"biggrid50-goal(40,3)",15,"biggrid50-goal(3,24)",0.9238094091415405,0.7323770980891346
constrained,21,"biggrid50-goal(40,3)",16,"biggrid50-goal(3,10)",0.7357141971588135,0.23598805420408342
constrained,21,"biggrid50-goal(40,3)",17,"biggrid50-goal(46,31)",0.8707481622695923,0.5878521169256934
constrained,21,"biggrid50-goal(40,3)",18,"biggrid50-goal(46,24)",0.9581631422042847,0.8863213103369307
constrained,21,"biggrid50-goal(40,3)",19,"biggrid50-goal(3,45)",0.775850236415863,0.45894877535047535
constrained,21,"biggrid50-goal(40,3)",20,"biggrid50-goal(21,10)",0.744557797908783,0.052963108155469646
constrained,21,"biggrid50-goal(40,3)",21,"biggrid50-goal(40,3)",0.7105441689491272,0.26701092345131616
constrained,22,"biggrid50-goal(15,38)",0,"biggrid50-goal(40,31)",0.9363945722579956,0.8120603317750977
constrained,22,"biggrid50-goal(15,38)",1,"biggrid50-goal(9,31)",0.912925124168396,0.6332377058131942
constrained,22,"biggrid50-goal(15,38)",2,"biggrid50-goal(15,31)",0.9204080700874329,0.653333032184268
constrained,22,"biggrid50-goal(15,38)",3,"biggrid50-goal(9,24)",0.9867345094680786,0.9434774768825984
constrained,22,"biggrid50-goal(15,38)",4,"biggrid50-goal(21,17)",0.7829931378364563,0.21909404063282886
constrained,22,"biggrid50-goal(15,38)",5,"biggrid50-goal(27,3)",0.7976189851760864,0.3959388984543149
constrained,22,"biggrid50-goal(15,38)",6,"biggrid50-goal(3,31)",0.9625848531723022,0.8716446696065149
constrained,22,"biggrid50-goal(15,38)",7,"biggrid50-goal(33,10)",0.9353740215301514,0.7361105905362905
constrained,22,"biggrid50-goal(15,38)",8,"biggrid50-goal(27,45)",0.6877551674842834,0.12237116305360479
constrained,22,"biggrid50-goal(15,38)",9,"biggrid50-goal(21,45)",0.9755100607872009,0.9063713802549355
constrained,22,"biggrid50-goal(15,38)",10,"biggrid50-goal(33,3)",0.9146257638931274,0.6552194935488242
constrained,22,"biggrid50-goal(15,38)",11,"biggrid50-goal(21,24)",0.8666666150093079,0.35526273694198107
constrained,22,"biggrid50-goal(15,38)",12,"biggrid50-goal(21,3)",0.9687073826789856,0.9042660796964833
constrained,22,"biggrid50-goal(15,38)",13,"biggrid50-goal(3,17)",0.8982992172241211,0.6308637293222217
constrained,22,"biggrid50-goal(15,38)",14,"biggrid50-goal(15,45)",0.9517005681991577,0.8049445907165439
constrained,22,"biggrid50-goal(15,38)",15,"biggrid50-goal(3,24)",0.9656460881233215,0.879330328261839
constrained,22,"biggrid50-goal(15,38)",16,"biggrid50-goal(3,10)",0.7326529622077942,0.2271384677097527
constrained,22,"biggrid50-goal(15,38)",17,"biggrid50-goal(46,31)",0.8503400087356567,0.5227762354205427
constrained,22,"biggrid50-goal(15,38)",18,"biggrid50-goal(46,24)",0.9340134859085083,0.8207021068842636
constrained,22,"biggrid50-goal(15,38)",19,"biggrid50-goal(3,45)",0.8680270910263062,0.681444660574112
constrained,22,"biggrid50-goal(15,38)",20,"biggrid50-goal(21,10)",0.7809523940086365,0.1878939257266177
constrained,22,"biggrid50-goal(15,38)",21,"biggrid50-goal(40,3)",0.9258500933647156,0.8122301720665082
constrained,22,"biggrid50-goal(15,38)",22,"biggrid50-goal(15,38)",0.8646258115768433,0.2629628788296723
constrained,23,"biggrid50-goal(40,45)",0,"biggrid50-goal(40,31)",0.9418365359306335,0.8281401048925123
constrained,23,"biggrid50-goal(40,45)",1,"biggrid50-goal(9,31)",0.9047618508338928,0.5988537250421336
constrained,23,"biggrid50-goal(40,45)",2,"biggrid50-goal(15,31)",0.9244897365570068,0.6711109518828696
constrained,23,"biggrid50-goal(40,45)",3,"biggrid50-goal(9,24)",0.9925168752670288,0.9681153825641078
constrained,23,"biggrid50-goal(40,45)",4,"biggrid50-goal(21,17)",0.7843536138534546,0.22398975599711726
constrained,23,"biggrid50-goal(40,45)",5,"biggrid50-goal(27,3)",0.799659788608551,0.40203023054159287
constrained,23,"biggrid50-goal(40,45)",6,"biggrid50-goal(3,31)",0.9918365478515625,0.9719946950231285
constrained,23,"biggrid50-goal(40,45)",7,"biggrid50-goal(33,10)",0.9251700043678284,0.6944441875373901
constrained,23,"biggrid50-goal(40,45)",8,"biggrid50-goal(27,45)",0.6894558072090149,0.1271511635796528
constrained,23,"biggrid50-goal(40,45)",9,"biggrid50-goal(21,45)",0.9823127388954163,0.9323790136879043
constrained,23,"biggrid50-goal(40,45)",10,"biggrid50-goal(33,3)",0.9234693646430969,0.690934028570954
constrained,23,"biggrid50-goal(40,45)",11,"biggrid50-goal(21,24)",0.8768706917762756,0.4046048317761292
constrained,23,"biggrid50-goal(40,45)",12,"biggrid50-goal(21,3)",0.9258501529693604,0.7731523869247541
constrained,23,"biggrid50-goal(40,45)",13,"biggrid50-goal(3,17)",0.8959182500839233,0.6222216981917849
constrained,23,"biggrid50-goal(40,45)",14,"biggrid50-goal(15,45)",0.9642856121063232,0.8557688095248411
constrained,23,"biggrid50-goal(40,45)",15,"biggrid50-goal(3,24)",0.9663264155387878,0.8817200091282711
constrained,23,"biggrid50-goal(40,45)",16,"biggrid50-goal(3,10)",0.7316325902938843,0.22418872041723442
constrained,23,"biggrid50-goal(40,45)",17,"biggrid50-goal(46,31)",0.8496597409248352,0.5206070520412048
constrained,23,"biggrid50-goal(40,45)",18,"biggrid50-goal(46,24)",0.9408161640167236,0.8391862754926614
constrained,23,"biggrid50-goal(40,45)",19,"biggrid50-goal(3,45)",0.8826529383659363,0.7167484346585024
constrained,23,"biggrid50-goal(40,45)",20,"biggrid50-goal(21,10)",0.7765306234359741,0.17150047223576342
constrained,23,"biggrid50-goal(40,45)",21,"biggrid50-goal(40,3)",0.9782310724258423,0.94487453901997
constrained,23,"biggrid50-goal(40,45)",22,"biggrid50-goal(15,38)",0.8812924027442932,0.3537031928944388
constrained,23,"biggrid50-goal(40,45)",23,"biggrid50-goal(40,45)",0.6585033535957336,-0.2503113577774194
constrained,24,"biggrid50-goal(15,17)",0,"biggrid50-goal(40,31)",0.9462583661079407,0.8412056140160545
constrained,24,"biggrid50-goal(15,17)",1,"biggrid50-goal(9,31)",0.942857027053833,0.7593118835458152
constrained,24,"biggrid50-goal(15,17)",2,"biggrid50-goal(15,31)",0.9146257638931274,0.6281478839215735
constrained,24,"biggrid50-goal(15,17)",3,"biggrid50-goal(9,24)",0.9819726347923279,0.9231877506342842
constrained,24,"biggrid50-goal(15,17)",4,"biggrid50-goal(21,17)",0.7877550721168518,0.23623000960911494
constrained,24,"biggrid50-goal(15,17)",5,"biggrid50-goal(27,3)",0.8346937894821167,0.5065987207117388
constrained,24,"biggrid50-goal(15,17)",6,"biggrid50-goal(3,31)",0.9724488854408264,0.9054839360049336
constrained,24,"biggrid50-goal(15,17)",7,"biggrid50-goal(33,10)",0.9210882782936096,0.6777771395665692
constrained,24,"biggrid50-goal(15,17)",8,"biggrid50-goal(27,45)",0.7122448682785034,0.19120454438463022
constrained,24,"biggrid50-goal(15,17)",9,"biggrid50-goal(21,45)",0.9418366551399231,0.7776330250685511
constrained,24,"biggrid50-goal(15,17)",10,"biggrid50-goal(33,3)",0.8914965391159058,0.5618130257880939
constrained,24,"biggrid50-goal(15,17)",11,"biggrid50-goal(21,24)",0.874829888343811,0.3947364704532806
constrained,24,"biggrid50-goal(15,17)",12,"biggrid50-goal(21,3)",0.9867345094680786,0.9594167084094566
constrained,24,"biggrid50-goal(15,17)",13,"biggrid50-goal(3,17)",0.8928571343421936,0.6111109789015972
constrained,24,"biggrid50-goal(15,17)",14,"biggrid50-goal(15,45)",0.9122447967529297,0.6456039657631817
constrained,24,"biggrid50-goal(15,17)",15,"biggrid50-goal(3,24)",0.9323128461837769,0.7622458059153708
constrained,24,"biggrid50-goal(15,17)",16,"biggrid50-goal(3,10)",0.734013557434082,0.23107175128042362
constrained,24,"biggrid50-goal(15,17)",17,"biggrid50-goal(46,31)",0.8809522986412048,0.6203902477407746
constrained,24,"biggrid50-goal(15,17)",18,"biggrid50-goal(46,24)",0.9054419994354248,0.743067950900425
constrained,24,"biggrid50-goal(15,17)",19,"biggrid50-goal(3,45)",0.896938681602478,0.7512312676964158
constrained,24,"biggrid50-goal(15,17)",20,"biggrid50-goal(21,10)",0.7676869630813599,0.13871312329264784
constrained,24,"biggrid50-goal(15,17)",21,"biggrid50-goal(40,3)",0.9846936464309692,0.9612397168605677
constrained,24,"biggrid50-goal(15,17)",22,"biggrid50-goal(15,38)",0.9503400325775146,0.729629112810844
constrained,24,"biggrid50-goal(15,17)",23,"biggrid50-goal(40,45)",0.7629251480102539,0.13200500442022203
constrained,24,"biggrid50-goal(15,17)",24,"biggrid50-goal(15,17)",0.8656461834907532,0.4475521013447224
constrained,25,"biggrid50-goal(15,24)",0,"biggrid50-goal(40,31)",0.9469386339187622,0.8432156517000784
constrained,25,"biggrid50-goal(15,24)",1,"biggrid50-goal(9,31)",0.9343536496162415,0.7234953728983725
constrained,25,"biggrid50-goal(15,24)",2,"biggrid50-goal(15,31)",0.9251699447631836,0.6740736356194961
constrained,25,"biggrid50-goal(15,24)",3,"biggrid50-goal(9,24)",0.9585031867027283,0.8231874966666751
constrained,25,"biggrid50-goal(15,24)",4,"biggrid50-goal(21,17)",0.7782313227653503,0.20195850063488796
constrained,25,"biggrid50-goal(15,24)",5,"biggrid50-goal(27,3)",0.8047617673873901,0.41725847180666287
constrained,25,"biggrid50-goal(15,24)",6,"biggrid50-goal(3,31)",0.9738094210624695,0.9101513505157548
constrained,25,"biggrid50-goal(15,24)",7,"biggrid50-goal(33,10)",0.9306121468544006,0.7166662691368036
constrained,25,"biggrid50-goal(15,24)",8,"biggrid50-goal(27,45)",0.6867347955703735,0.11950319624421829
constrained,25,"biggrid50-goal(15,24)",9,"biggrid50-goal(21,45)",0.9955781102180481,0.983094468575382
constrained,25,"biggrid50-goal(15,24)",10,"biggrid50-goal(33,3)",0.9244896769523621,0.6950545198428927
constrained,25,"biggrid50-goal(15,24)",11,"biggrid50-goal(21,24)",0.8608842492103577,0.3273019475307192
constrained,25,"biggrid50-goal(15,24)",12,"biggrid50-goal(21,3)",0.9370746612548828,0.8074916743876392
constrained,25,"biggrid50-goal(15,24)",13,"biggrid50-goal(3,17)",0.9006802439689636,0.6395059767954996
constrained,25,"biggrid50-goal(15,24)",14,"biggrid50-goal(15,45)",0.9418366551399231,0.7651095548337432
constrained,25,"biggrid50-goal(15,24)",15,"biggrid50-goal(3,24)",0.9744896292686462,0.9103936671572763
constrained,25,"biggrid50-goal(15,24)",16,"biggrid50-goal(3,10)",0.7540815472602844,0.2890854008616798
constrained,25,"biggrid50-goal(15,24)",17,"biggrid50-goal(46,31)",0.8435372710227966,0.5010842115646573
constrained,25,"biggrid50-goal(15,24)",18,"biggrid50-goal(46,24)",0.9129250645637512,0.7634008602839465
constrained,25,"biggrid50-goal(15,24)",19,"biggrid50-goal(3,45)",0.925510048866272,0.820196646025644
constrained,25,"biggrid50-goal(15,24)",20,"biggrid50-goal(21,10)",0.7632653117179871,0.12232011176320061
constrained,25,"biggrid50-goal(15,24)",21,"biggrid50-goal(40,3)",0.9710882902145386,0.9267868697612647
constrained,25,"biggrid50-goal(15,24)",22,"biggrid50-goal(15,38)",0.9765304923057556,0.8722215912225421
constrained,25,"biggrid50-goal(15,24)",23,"biggrid50-goal(40,45)",0.7707481980323792,0.16064730119857742
constrained,25,"biggrid50-goal(15,24)",24,"biggrid50-goal(15,17)",0.9125848412513733,0.6405586233720972
constrained,25,"biggrid50-goal(15,24)",25,"biggrid50-goal(15,24)",0.9183672666549683,0.6026486415601024
constrained,26,"biggrid50-goal(21,38)",0,"biggrid50-goal(40,31)",0.942857027053833,0.8311554255959358
constrained,26,"biggrid50-goal(21,38)",1,"biggrid50-goal(9,31)",0.9163264036178589,0.6475640088040585
constrained,26,"biggrid50-goal(21,38)",2,"biggrid50-goal(15,31)",0.9200679659843445,0.6518516903159547
constrained,26,"biggrid50-goal(21,38)",3,"biggrid50-goal(9,24)",0.9704080820083618,0.8739127011740923
constrained,26,"biggrid50-goal(21,38)",4,"biggrid50-goal(21,17)",0.7853742241859436,0.22766245409931707
constrained,26,"biggrid50-goal(21,38)",5,"biggrid50-goal(27,3)",0.8258503079414368,0.4802029483335344
constrained,26,"biggrid50-goal(21,38)",6,"biggrid50-goal(3,31)",0.9802719950675964,0.9323216716811484
constrained,26,"biggrid50-goal(21,38)",7,"biggrid50-goal(33,10)",0.9455781579017639,0.7777774803064517
constrained,26,"biggrid50-goal(21,38)",8,"biggrid50-goal(27,45)",0.6741496324539185,0.08412998612674037
constrained,26,"biggrid50-goal(21,38)",9,"biggrid50-goal(21,45)",0.9744895696640015,0.9024698934240771
constrained,26,"biggrid50-goal(21,38)",10,"biggrid50-goal(33,3)",0.9299317598342896,0.7170321582703854
constrained,26,"biggrid50-goal(21,38)",11,"biggrid50-goal(21,24)",0.8554421067237854,0.3009863173364561
constrained,26,"biggrid50-goal(21,38)",12,"biggrid50-goal(21,3)",0.946938693523407,0.8376688394799325
constrained,26,"biggrid50-goal(21,38)",13,"biggrid50-goal(3,17)",0.8982991576194763,0.6308635129793806
constrained,26,"biggrid50-goal(21,38)",14,"biggrid50-goal(15,45)",0.938775360584259,0.7527466337759047
constrained,26,"biggrid50-goal(21,38)",15,"biggrid50-goal(3,24)",0.9615644216537476,0.8649932898833215
constrained,26,"biggrid50-goal(21,38)",16,"biggrid50-goal(3,10)",0.7479591965675354,0.2713865724897942
constrained,26,"biggrid50-goal(21,38)",17,"biggrid50-goal(46,31)",0.8642856478691101,0.5672449698532356
constrained,26,"biggrid50-goal(21,38)",18,"biggrid50-goal(46,24)",0.9340134263038635,0.8207019449271217
constrained,26,"biggrid50-goal(21,38)",19,"biggrid50-goal(3,45)",0.905782163143158,0.7725776052577058
constrained,26,"biggrid50-goal(21,38)",20,"biggrid50-goal(21,10)",0.7707482576370239,0.1500626922255895
constrained,26,"biggrid50-goal(21,38)",21,"biggrid50-goal(40,3)",0.9336732625961304,0.8320407855538937
constrained,26,"biggrid50-goal(21,38)",22,"biggrid50-goal(15,38)",0.9693877696990967,0.8333334415047071
constrained,26,"biggrid50-goal(21,38)",23,"biggrid50-goal(40,45)",0.8149659037590027,0.3225402517355182
constrained,26,"biggrid50-goal(21,38)",24,"biggrid50-goal(15,17)",0.9153059720993042,0.6517476097214505
constrained,26,"biggrid50-goal(21,38)",25,"biggrid50-goal(15,24)",0.8982992768287659,0.5049667106501549
constrained,26,"biggrid50-goal(21,38)",26,"biggrid50-goal(21,38)",0.8670067191123962,0.3693545574359683
constrained,27,"biggrid50-goal(33,17)",0,"biggrid50-goal(40,31)",0.9302719831466675,0.7939694642641083
constrained,27,"biggrid50-goal(33,17)",1,"biggrid50-goal(9,31)",0.8959182500839233,0.5616041824047874
constrained,27,"biggrid50-goal(33,17)",2,"biggrid50-goal(15,31)",0.9030610918998718,0.5777773277849214
constrained,27,"biggrid50-goal(33,17)",3,"biggrid50-goal(9,24)",0.9962584972381592,0.9840579452496628
constrained,27,"biggrid50-goal(33,17)",4,"biggrid50-goal(21,17)",0.7901360392570496,0.24479799409725797
constrained,27,"biggrid50-goal(33,17)",5,"biggrid50-goal(27,3)",0.8479591608047485,0.5461928240446702
constrained,27,"biggrid50-goal(33,17)",6,"biggrid50-goal(3,31)",0.9649658203125,0.8798127472394449
constrained,27,"biggrid50-goal(33,17)",7,"biggrid50-goal(33,10)",0.9517005681991577,0.8027773221057919
constrained,27,"biggrid50-goal(33,17)",8,"biggrid50-goal(27,45)",0.680272102355957,0.10133845710790534
constrained,27,"biggrid50-goal(33,17)",9,"biggrid50-goal(21,45)",0.9778910279273987,0.9154741658951122
constrained,27,"biggrid50-goal(33,17)",10,"biggrid50-goal(33,3)",0.8989794850349426,0.5920326096035513
constrained,27,"biggrid50-goal(33,17)",11,"biggrid50-goal(21,24)",0.8802720308303833,0.42105210064754367
constrained,27,"biggrid50-goal(33,17)",12,"biggrid50-goal(21,3)",0.9265304803848267,0.7752337216339735
constrained,27,"biggrid50-goal(33,17)",13,"biggrid50-goal(3,17)",0.9054420590400696,0.656789606370691
constrained,27,"biggrid50-goal(33,17)",14,"biggrid50-goal(15,45)",0.9142857193946838,0.6538461538461539
constrained,27,"biggrid50-goal(33,17)",15,"biggrid50-goal(3,24)",0.9605441689491272,0.8614096060397332
constrained,27,"biggrid50-goal(33,17)",16,"biggrid50-goal(3,10)",0.7343536615371704,0.23205494294180043
constrained,27,"biggrid50-goal(33,17)",17,"biggrid50-goal(46,31)",0.8578230738639832,0.546637632718272
constrained,27,"biggrid50-goal(33,17)",18,"biggrid50-goal(46,24)",0.9302719235420227,0.8105355712139319
constrained,27,"biggrid50-goal(33,17)",19,"biggrid50-goal(3,45)",0.9272106289863586,0.8243014951313276
constrained,27,"biggrid50-goal(33,17)",20,"biggrid50-goal(21,10)",0.7506802678108215,0.07566180405994588
constrained,27,"biggrid50-goal(33,17)",21,"biggrid50-goal(40,3)",0.9064624309539795,0.7631347894815727
constrained,27,"biggrid50-goal(33,17)",22,"biggrid50-goal(15,38)",0.966666579246521,0.818518073813982
constrained,27,"biggrid50-goal(33,17)",23,"biggrid50-goal(40,45)",0.7887754440307617,0.22664991252303132
constrained,27,"biggrid50-goal(33,17)",24,"biggrid50-goal(15,17)",0.9554421305656433,0.8167830138575006
constrained,27,"biggrid50-goal(33,17)",25,"biggrid50-goal(15,24)",0.9214285612106323,0.6175496438962176
constrained,27,"biggrid50-goal(33,17)",26,"biggrid50-goal(21,38)",0.8877550363540649,0.4677417212235091
constrained,27,"biggrid50-goal(33,17)",27,"biggrid50-goal(33,17)",0.8809521794319153,0.502132888965886
constrained,28,"biggrid50-goal(27,17)",0,"biggrid50-goal(40,31)",0.9387753009796143,0.8190948472552761
constrained,28,"biggrid50-goal(27,17)",1,"biggrid50-goal(9,31)",0.9316326379776001,0.7120343807170332
constrained,28,"biggrid50-goal(27,17)",2,"biggrid50-goal(15,31)",0.9204081296920776,0.6533332917955312
constrained,28,"biggrid50-goal(27,17)",3,"biggrid50-goal(9,24)",0.9962584376335144,0.9840576912820539
constrained,28,"biggrid50-goal(27,17)",4,"biggrid50-goal(21,17)",0.7829931974411011,0.21909425512200145
constrained,28,"biggrid50-goal(27,17)",5,"biggrid50-goal(27,3)",0.8176870346069336,0.4558374420781727
constrained,28,"biggrid50-goal(27,17)",6,"biggrid50-goal(3,31)",0.9772107601165771,0.9218198867928078
constrained,28,"biggrid50-goal(27,17)",7,"biggrid50-goal(33,10)",0.9017006158828735,0.5986108521758432
constrained,28,"biggrid50-goal(27,17)",8,"biggrid50-goal(27,45)",0.6833332777023315,0.10994252506727635
constrained,28,"biggrid50-goal(27,17)",9,"biggrid50-goal(21,45)",0.9792515635490417,0.920675692581706
constrained,28,"biggrid50-goal(27,17)",10,"biggrid50-goal(33,3)",0.8877549767494202,0.5467028728138325
constrained,28,"biggrid50-goal(27,17)",11,"biggrid50-goal(21,24)",0.8704081177711487,0.37335487681048934
constrained,28,"biggrid50-goal(27,17)",12,"biggrid50-goal(21,3)",0.9357141852378845,0.8033295520170475
constrained,28,"biggrid50-goal(27,17)",13,"biggrid50-goal(3,17)",0.8816325664520264,0.5703699440948464
constrained,28,"biggrid50-goal(27,17)",14,"biggrid50-goal(15,45)",0.9163264632225037,0.6620876197958866
constrained,28,"biggrid50-goal(27,17)",15,"biggrid50-goal(3,24)",0.9867345094680786,0.9534043635647992
constrained,28,"biggrid50-goal(27,17)",16,"biggrid50-goal(3,10)",0.7367346286773682,0.23893797380498963
constrained,28,"biggrid50-goal(27,17)",17,"biggrid50-goal(46,31)",0.8588434457778931,0.5498913127560261
constrained,28,"biggrid50-goal(27,17)",18,"biggrid50-goal(46,24)",0.9442175030708313,0.8484283597968604
constrained,28,"biggrid50-goal(27,17)",19,"biggrid50-goal(3,45)",0.9183671474456787,0.8029551575700375
constrained,28,"biggrid50-goal(27,17)",20,"biggrid50-goal(21,10)",0.7714285254478455,0.15258474499489755
constrained,28,"biggrid50-goal(27,17)",21,"biggrid50-goal(40,3)",0.9370746612548828,0.840654148265577
constrained,28,"biggrid50-goal(27,17)",22,"biggrid50-goal(15,38)",0.9673468470573425,0.8222217534796027
constrained,28,"biggrid50-goal(27,17)",23,"biggrid50-goal(40,45)",0.8251699209213257,0.3598999115955594
constrained,28,"biggrid50-goal(27,17)",24,"biggrid50-goal(15,17)",0.954761803150177,0.8139855834544271
constrained,28,"biggrid50-goal(27,17)",25,"biggrid50-goal(15,24)",0.9462584257125854,0.7384102348068382
constrained,28,"biggrid50-goal(27,17)",26,"biggrid50-goal(21,38)",0.8897958993911743,0.477419360309187
constrained,28,"biggrid50-goal(27,17)",27,"biggrid50-goal(33,17)",0.9744896292686462,0.8933136741452179
constrained,28,"biggrid50-goal(27,17)",28,"biggrid50-goal(27,17)",0.7789115905761719,0.032737898884189515
constrained,29,"biggrid50-goal(3,3)",0,"biggrid50-goal(40,31)",0.9452379941940308,0.8381906455491481
constrained,29,"biggrid50-goal(3,3)",1,"biggrid50-goal(9,31)",0.9068027138710022,0.6074499085274693
constrained,29,"biggrid50-goal(3,3)",2,"biggrid50-goal(15,31)",0.9255101084709167,0.6755552370990726
constrained,29,"biggrid50-goal(3,3)",3,"biggrid50-goal(9,24)",0.9979590773582458,0.9913038951012187
constrained,29,"biggrid50-goal(3,3)",4,"biggrid50-goal(21,17)",0.7710884213447571,0.17625454717045883
constrained,29,"biggrid50-goal(3,3)",5,"biggrid50-goal(27,3)",0.8506801724433899,0.5543144222547909
constrained,29,"biggrid50-goal(3,3)",6,"biggrid50-goal(3,31)",0.9761902093887329,0.9183188147147267
constrained,29,"biggrid50-goal(3,3)",7,"biggrid50-goal(33,10)",0.9350338578224182,0.7347215887435119
constrained,29,"biggrid50-goal(3,3)",8,"biggrid50-goal(27,45)",0.6806122064590454,0.10229439020063036
constrained,29,"biggrid50-goal(3,3)",9,"biggrid50-goal(21,45)",0.9751700162887573,0.9050713403992
constrained,29,"biggrid50-goal(3,3)",10,"biggrid50-goal(33,3)",0.9384352564811707,0.7513731962018689
constrained,29,"biggrid50-goal(3,3)",11,"biggrid50-goal(21,24)",0.8823128938674927,0.4309207501902972
constrained,29,"biggrid50-goal(3,3)",12,"biggrid50-goal(21,3)",0.9581631422042847,0.8720079445935353
constrained,29,"biggrid50-goal(3,3)",13,"biggrid50-goal(3,17)",0.892857015132904,0.6111105462159149
constrained,29,"biggrid50-goal(3,3)",14,"biggrid50-goal(15,45)",0.930952250957489,0.7211533045539167
constrained,29,"biggrid50-goal(3,3)",15,"biggrid50-goal(3,24)",0.9629249572753906,0.8697722328881556
constrained,29,"biggrid50-goal(3,3)",16,"biggrid50-goal(3,10)",0.7411563992500305,0.2517206715616033
constrained,29,"biggrid50-goal(3,3)",17,"biggrid50-goal(46,31)",0.8530610799789429,0.5314529689378946
constrained,29,"biggrid50-goal(3,3)",18,"biggrid50-goal(46,24)",0.9452379941940308,0.8512012280238329
constrained,29,"biggrid50-goal(3,3)",19,"biggrid50-goal(3,45)",0.9731290936470032,0.9351391830298565
constrained,29,"biggrid50-goal(3,3)",20,"biggrid50-goal(21,10)",0.7744897603988647,0.16393409294713568
constrained,29,"biggrid50-goal(3,3)",21,"biggrid50-goal(40,3)",0.9938774108886719,0.9844957659947411
constrained,29,"biggrid50-goal(3,3)",22,"biggrid50-goal(15,38)",0.9636052846908569,0.8018510285475072
constrained,29,"biggrid50-goal(3,3)",23,"biggrid50-goal(40,45)",0.8244895935058594,0.3574090493762042
constrained,29,"biggrid50-goal(3,3)",24,"biggrid50-goal(15,17)",0.9656462073326111,0.8587410386765463
constrained,29,"biggrid50-goal(3,3)",25,"biggrid50-goal(15,24)",0.9656462073326111,0.8327812187023826
constrained,29,"biggrid50-goal(3,3)",26,"biggrid50-goal(21,38)",0.890816330909729,0.48225817985202596
constrained,29,"biggrid50-goal(3,3)",27,"biggrid50-goal(33,17)",0.9693876504898071,0.8719768078081709
constrained,29,"biggrid50-goal(3,3)",28,"biggrid50-goal(27,17)",0.8343536853790283,0.27529714135659544
constrained,29,"biggrid50-goal(3,3)",29,"biggrid50-goal(3,3)",0.6204081177711487,-0.07722008832247514
constrained,30,"biggrid50-goal(9,10)",0,"biggrid50-goal(40,31)",0.9459182024002075,0.8402005071149135
constrained,30,"biggrid50-goal(9,10)",1,"biggrid50-goal(9,31)",0.9578229784965515,0.8223489724121258
constrained,30,"biggrid50-goal(9,10)",2,"biggrid50-goal(15,31)",0.9085033535957336,0.6014813937905659
constrained,30,"biggrid50-goal(9,10)",3,"biggrid50-goal(9,24)",0.9431971907615662,0.7579706464237551
constrained,30,"biggrid50-goal(9,10)",4,"biggrid50-goal(21,17)",0.7707482576370239,0.17503045746250728
constrained,30,"biggrid50-goal(9,10)",5,"biggrid50-goal(27,3)",0.8013604879379272,0.4071064295674494
constrained,30,"biggrid50-goal(9,10)",6,"biggrid50-goal(3,31)",0.9707481265068054,0.8996493611494281
constrained,30,"biggrid50-goal(9,10)",7,"biggrid50-goal(33,10)",0.9340134859085083,0.7305550701364372
constrained,30,"biggrid50-goal(9,10)",8,"biggrid50-goal(27,45)",0.6948979496955872,0.1424474333129448
constrained,30,"biggrid50-goal(9,10)",9,"biggrid50-goal(21,45)",0.9700678586959839,0.885565045631285
constrained,30,"biggrid50-goal(9,10)",10,"biggrid50-goal(33,3)",0.9010202884674072,0.6002743142804943
constrained,30,"biggrid50-goal(9,10)",11,"biggrid50-goal(21,24)",0.8666666150093079,0.35526273694198107
constrained,30,"biggrid50-goal(9,10)",12,"biggrid50-goal(21,3)",0.9999999403953552,0.9999998176507177
constrained,30,"biggrid50-goal(9,10)",13,"biggrid50-goal(3,17)",0.9561223387718201,0.840740299241091
constrained,30,"biggrid50-goal(9,10)",14,"biggrid50-goal(15,45)",0.9098638892173767,0.635988761681107
constrained,30,"biggrid50-goal(9,10)",15,"biggrid50-goal(3,24)",0.9789114594459534,0.9259255459690099
constrained,30,"biggrid50-goal(9,10)",16,"biggrid50-goal(3,10)",0.7408162951469421,0.25073747990022655
constrained,30,"biggrid50-goal(9,10)",17,"biggrid50-goal(46,31)",0.8595237135887146,0.552060496135364
constrained,30,"biggrid50-goal(9,10)",18,"biggrid50-goal(46,24)",0.9622448086738586,0.8974119734591114
constrained,30,"biggrid50-goal(9,10)",19,"biggrid50-goal(3,45)",0.9615644812583923,0.9072245977302549
constrained,30,"biggrid50-goal(9,10)",20,"biggrid50-goal(21,10)",0.7510203719139099,0.07692271995424815
constrained,30,"biggrid50-goal(9,10)",21,"biggrid50-goal(40,3)",0.9785712957382202,0.9457360866027389
constrained,30,"biggrid50-goal(9,10)",22,"biggrid50-goal(15,38)",0.9663264751434326,0.8166663962382323
constrained,30,"biggrid50-goal(9,10)",23,"biggrid50-goal(40,45)",0.8680269718170166,0.5168111376937898
constrained,30,"biggrid50-goal(9,10)",24,"biggrid50-goal(15,17)",0.9414966106414795,0.7594405923474323
constrained,30,"biggrid50-goal(9,10)",25,"biggrid50-goal(15,24)",0.9146258234977722,0.5844369823381343
constrained,30,"biggrid50-goal(9,10)",26,"biggrid50-goal(21,38)",0.9295918345451355,0.6661290828599797
constrained,30,"biggrid50-goal(9,10)",27,"biggrid50-goal(33,17)",0.9608842134475708,0.836414782280308
constrained,30,"biggrid50-goal(9,10)",28,"biggrid50-goal(27,17)",0.786394476890564,0.06547553699797459
constrained,30,"biggrid50-goal(9,10)",29,"biggrid50-goal(3,3)",0.5952380895614624,-0.1486485389308339
constrained,30,"biggrid50-goal(9,10)",30,"biggrid50-goal(9,10)",0.803741455078125,0.28765413883236335
constrained,31,"biggrid50-goal(46,17)",0,"biggrid50-goal(40,31)",0.9639453887939453,0.893466769918931
constrained,31,"biggrid50-goal(46,17)",1,"biggrid50-goal(9,31)",0.9588434100151062,0.8266470641547936
constrained,31,"biggrid50-goal(46,17)",2,"biggrid50-goal(15,31)",0.9574829339981079,0.8148146128949434
constrained,31,"biggrid50-goal(46,17)",3,"biggrid50-goal(9,24)",0.9377549290657043,0.7347818799190351
constrained,31,"biggrid50-goal(46,17)",4,"biggrid50-goal(21,17)",0.7833332419395447,0.22031791585160782
constrained,31,"biggrid50-goal(46,17)",5,"biggrid50-goal(27,3)",0.8071427941322327,0.4243652927678619
constrained,31,"biggrid50-goal(46,17)",6,"biggrid50-goal(3,31)",0.9602039456367493,0.8634767964515708
constrained,31,"biggrid50-goal(46,17)",7,"biggrid50-goal(33,10)",0.9129250049591064,0.6444437737818184
constrained,31,"biggrid50-goal(46,17)",8,"biggrid50-goal(27,45)",0.680272102355957,0.10133845710790534
constrained,31,"biggrid50-goal(46,17)",9,"biggrid50-goal(21,45)",0.9710882902145386,0.889466304584868
constrained,31,"biggrid50-goal(46,17)",10,"biggrid50-goal(33,3)",0.9129250645637512,0.6483512859625276
constrained,31,"biggrid50-goal(46,17)",11,"biggrid50-goal(21,24)",0.8687074780464172,0.3651313864847346
constrained,31,"biggrid50-goal(46,17)",12,"biggrid50-goal(21,3)",0.9574828743934631,0.8699267922335981
constrained,31,"biggrid50-goal(46,17)",13,"biggrid50-goal(3,17)",0.9489795565605164,0.8148146385354628
constrained,31,"biggrid50-goal(46,17)",14,"biggrid50-goal(15,45)",0.9238094091415405,0.6923072108855327
constrained,31,"biggrid50-goal(46,17)",15,"biggrid50-goal(3,24)",0.9843536615371704,0.9450415273523617
constrained,31,"biggrid50-goal(46,17)",16,"biggrid50-goal(3,10)",0.75782310962677,0.2999017152955399
constrained,31,"biggrid50-goal(46,17)",17,"biggrid50-goal(46,31)",0.8646256923675537,0.5683292764491459
constrained,31,"biggrid50-goal(46,17)",18,"biggrid50-goal(46,24)",0.9727889895439148,0.926062515780699
constrained,31,"biggrid50-goal(46,17)",19,"biggrid50-goal(3,45)",0.9755100011825562,0.9408862019750927
constrained,31,"biggrid50-goal(46,17)",20,"biggrid50-goal(21,10)",0.7520408630371094,0.08070613057926555
constrained,31,"biggrid50-goal(46,17)",21,"biggrid50-goal(40,3)",0.9826527833938599,0.9560716388588147
constrained,31,"biggrid50-goal(46,17)",22,"biggrid50-goal(15,38)",0.9758501648902893,0.8685175870428001
constrained,31,"biggrid50-goal(46,17)",23,"biggrid50-goal(40,45)",0.8295917510986328,0.3760894248779392
constrained,31,"biggrid50-goal(46,17)",24,"biggrid50-goal(15,17)",0.9408162236213684,0.7566429168567117
constrained,31,"biggrid50-goal(46,17)",25,"biggrid50-goal(15,24)",0.9408162236213684,0.7119200475346616
constrained,31,"biggrid50-goal(46,17)",26,"biggrid50-goal(21,38)",0.9224489331245422,0.632257911342764
constrained,31,"biggrid50-goal(46,17)",27,"biggrid50-goal(33,17)",0.961224377155304,0.8378373729807476
constrained,31,"biggrid50-goal(46,17)",28,"biggrid50-goal(27,17)",0.8057822585105896,0.1502971087602949
constrained,31,"biggrid50-goal(46,17)",29,"biggrid50-goal(3,3)",0.6081632375717163,-0.11196906886568475
constrained,31,"biggrid50-goal(46,17)",30,"biggrid50-goal(9,10)",0.8605442047119141,0.4938270910504611
constrained,31,"biggrid50-goal(46,17)",31,"biggrid50-goal(46,17)",0.8268705606460571,0.38452192239241906
constrained,32,"biggrid50-goal(40,10)",0,"biggrid50-goal(40,31)",0.9602038860321045,0.882411474597671
constrained,32,"biggrid50-goal(40,10)",1,"biggrid50-goal(9,31)",0.9149659276008606,0.6418336382417692
constrained,32,"biggrid50-goal(40,10)",2,"biggrid50-goal(15,31)",0.9418366551399231,0.7466663966709528
constrained,32,"biggrid50-goal(40,10)",3,"biggrid50-goal(9,24)",0.938775360584259,0.7391298053846213
constrained,32,"biggrid50-goal(40,10)",4,"biggrid50-goal(21,17)",0.76564621925354,0.15667061326744225
constrained,32,"biggrid50-goal(40,10)",5,"biggrid50-goal(27,3)",0.8170068264007568,0.4538071759553299
constrained,32,"biggrid50-goal(40,10)",6,"biggrid50-goal(3,31)",0.9612242579460144,0.8669770506177076
constrained,32,"biggrid50-goal(40,10)",7,"biggrid50-goal(33,10)",0.9088433980941772,0.6277772125822583
constrained,32,"biggrid50-goal(40,10)",8,"biggrid50-goal(27,45)",0.6768707633018494,0.09177828852459785
constrained,32,"biggrid50-goal(40,10)",9,"biggrid50-goal(21,45)",0.9724488854408264,0.894668059148737
constrained,32,"biggrid50-goal(40,10)",10,"biggrid50-goal(33,3)",0.9224487543106079,0.686812333743906
constrained,32,"biggrid50-goal(40,10)",11,"biggrid50-goal(21,24)",0.9047618508338928,0.5394733011814422
constrained,32,"biggrid50-goal(40,10)",12,"biggrid50-goal(21,3)",0.9421767592430115,0.8231005906110908
constrained,32,"biggrid50-goal(40,10)",13,"biggrid50-goal(3,17)",0.9108843207359314,0.6765430058198387
constrained,32,"biggrid50-goal(40,10)",14,"biggrid50-goal(15,45)",0.8948978185653687,0.5755488573685753
constrained,32,"biggrid50-goal(40,10)",15,"biggrid50-goal(3,24)",0.984693706035614,0.9462359490575479
constrained,32,"biggrid50-goal(40,10)",16,"biggrid50-goal(3,10)",0.7418366074562073,0.25368705488435694
constrained,32,"biggrid50-goal(40,10)",17,"biggrid50-goal(46,31)",0.8663263916969299,0.5737523299287437
constrained,32,"biggrid50-goal(40,10)",18,"biggrid50-goal(46,24)",0.9809520840644836,0.9482431941964926
constrained,32,"biggrid50-goal(40,10)",19,"biggrid50-goal(3,45)",0.9544214606285095,0.8899828215280495
constrained,32,"biggrid50-goal(40,10)",20,"biggrid50-goal(21,10)",0.7547619342803955,0.09079434165649787
constrained,32,"biggrid50-goal(40,10)",21,"biggrid50-goal(40,3)",0.9455779790878296,0.8621871022342127
constrained,32,"biggrid50-goal(40,10)",22,"biggrid50-goal(15,38)",0.9874147772789001,0.9314804658724725
constrained,32,"biggrid50-goal(40,10)",23,"biggrid50-goal(40,45)",0.8578230738639832,0.4794519142911201
constrained,32,"biggrid50-goal(40,10)",24,"biggrid50-goal(15,17)",0.9489794969558716,0.7902093857294776
constrained,32,"biggrid50-goal(40,10)",25,"biggrid50-goal(15,24)",0.9408162236213684,0.7119200475346616
constrained,32,"biggrid50-goal(40,10)",26,"biggrid50-goal(21,38)",0.8959182500839233,0.506451147000907
constrained,32,"biggrid50-goal(40,10)",27,"biggrid50-goal(33,17)",0.9489794969558716,0.7866283453752092
constrained,32,"biggrid50-goal(40,10)",28,"biggrid50-goal(27,17)",0.7731292247772217,0.007440040408981871
constrained,32,"biggrid50-goal(40,10)",29,"biggrid50-goal(3,3)",0.6095237731933594,-0.10810808982180566
constrained,32,"biggrid50-goal(40,10)",30,"biggrid50-goal(9,10)",0.8523808717727661,0.464197214629792
constrained,32,"biggrid50-goal(40,10)",31,"biggrid50-goal(46,17)",0.8057822585105896,0.309552652539875
constrained,32,"biggrid50-goal(40,10)",32,"biggrid50-goal(40,10)",0.6809523701667786,0.08219177377539402
constrained,33,"biggrid50-goal(46,38)",0,"biggrid50-goal(40,31)",0.9544216990470886,0.8653264184608568
constrained,33,"biggrid50-goal(46,38)",1,"biggrid50-goal(9,31)",0.9122447967529297,0.6303721439469085
constrained,33,"biggrid50-goal(46,38)",2,"biggrid50-goal(15,31)",0.9459182620048523,0.7644440567582913
constrained,33,"biggrid50-goal(46,38)",3,"biggrid50-goal(9,24)",0.9122447967529297,0.6260865369230808
constrained,33,"biggrid50-goal(46,38)",4,"biggrid50-goal(21,17)",0.7636054158210754,0.14932671848725076
constrained,33,"biggrid50-goal(46,38)",5,"biggrid50-goal(27,3)",0.7945577502250671,0.3868018113702731
constrained,33,"biggrid50-goal(46,38)",6,"biggrid50-goal(3,31)",0.9459182620048523,0.8144687396099624
constrained,33,"biggrid50-goal(46,38)",7,"biggrid50-goal(33,10)",0.9170066714286804,0.6611105783670089
constrained,33,"biggrid50-goal(46,38)",8,"biggrid50-goal(27,45)",0.6860544085502625,0.11759082746513383
constrained,33,"biggrid50-goal(46,38)",9,"biggrid50-goal(21,45)",0.9860542416572571,0.9466833260146749
constrained,33,"biggrid50-goal(46,38)",10,"biggrid50-goal(33,3)",0.9210883378982544,0.6813183453813212
constrained,33,"biggrid50-goal(46,38)",11,"biggrid50-goal(21,24)",0.8976190090179443,0.5049338924415194
constrained,33,"biggrid50-goal(46,38)",12,"biggrid50-goal(21,3)",0.9397957921028137,0.8158164661766698
constrained,33,"biggrid50-goal(46,38)",13,"biggrid50-goal(3,17)",0.8880950808525085,0.5938264839550413
constrained,33,"biggrid50-goal(46,38)",14,"biggrid50-goal(15,45)",0.9479591250419617,0.7898349155272608
constrained,33,"biggrid50-goal(46,38)",15,"biggrid50-goal(3,24)",0.988775372505188,0.9605729874360655
constrained,33,"biggrid50-goal(46,38)",16,"biggrid50-goal(3,10)",0.7462584376335144,0.26646992494935856
constrained,33,"biggrid50-goal(46,38)",17,"biggrid50-goal(46,31)",0.8632652163505554,0.5639910997529758
constrained,33,"biggrid50-goal(46,38)",18,"biggrid50-goal(46,24)",0.9778909683227539,0.9399255612584264
constrained,33,"biggrid50-goal(46,38)",19,"biggrid50-goal(3,45)",0.9513604640960693,0.8825942082364586
constrained,33,"biggrid50-goal(46,38)",20,"biggrid50-goal(21,10)",0.7568027377128601,0.0983604999644221
constrained,33,"biggrid50-goal(46,38)",21,"biggrid50-goal(40,3)",0.9670065641403198,0.9164507137577588
constrained,33,"biggrid50-goal(46,38)",22,"biggrid50-goal(15,38)",0.9755100607872009,0.8666659094670505
constrained,33,"biggrid50-goal(46,38)",23,"biggrid50-goal(40,45)",0.8445576429367065,0.43088359267266635
constrained,33,"biggrid50-goal(46,38)",24,"biggrid50-goal(15,17)",0.9714283347129822,0.8825165011385546
constrained,33,"biggrid50-goal(46,38)",25,"biggrid50-goal(15,24)",0.9051019549369812,0.5380790820796879
constrained,33,"biggrid50-goal(46,38)",26,"biggrid50-goal(21,38)",0.9071427583694458,0.5596770314068218
constrained,33,"biggrid50-goal(46,38)",27,"biggrid50-goal(33,17)",0.9496597051620483,0.7894730282337017
constrained,33,"biggrid50-goal(46,38)",28,"biggrid50-goal(27,17)",0.7931970953941345,0.09523700248592426
constrained,33,"biggrid50-goal(46,38)",29,"biggrid50-goal(3,3)",0.6166666150093079,-0.08783786526729152
constrained,33,"biggrid50-goal(46,38)",30,"biggrid50-goal(9,10)",0.9210882782936096,0.7135796641234851
constrained,33,"biggrid50-goal(46,38)",31,"biggrid50-goal(46,17)",0.8816326260566711,0.579201988766571
constrained,33,"biggrid50-goal(46,38)",32,"biggrid50-goal(40,10)",0.6887754201889038,0.10469643763460035
constrained,33,"biggrid50-goal(46,38)",33,"biggrid50-goal(46,38)",0.7908163070678711,0.12017165768041016
constrained,34,"biggrid50-goal(27,31)",0,"biggrid50-goal(40,31)",0.9486392736434937,0.8482406578510086
constrained,34,"biggrid50-goal(27,31)",1,"biggrid50-goal(9,31)",0.936394453048706,0.7320913053269474
constrained,34,"biggrid50-goal(27,31)",2,"biggrid50-goal(15,31)",0.9204081296920776,0.6533332917955312
constrained,34,"biggrid50-goal(27,31)",3,"biggrid50-goal(9,24)",0.938095211982727,0.7362317809986514
constrained,34,"biggrid50-goal(27,31)",4,"biggrid50-goal(21,17)",0.7646258473396301,0.1529987731219328
constrained,34,"biggrid50-goal(27,31)",5,"biggrid50-goal(27,3)",0.8370748162269592,0.5137055416729379
constrained,34,"biggrid50-goal(27,31)",6,"biggrid50-goal(3,31)",0.9690474271774292,0.8938149907719085
constrained,34,"biggrid50-goal(27,31)",7,"biggrid50-goal(33,10)",0.9017006158828735,0.5986108521758432
constrained,34,"biggrid50-goal(27,31)",8,"biggrid50-goal(27,45)",0.6874150037765503,0.1214150624296683
constrained,34,"biggrid50-goal(27,31)",9,"biggrid50-goal(21,45)",0.9877548813819885,0.9531851204342794
constrained,34,"biggrid50-goal(27,31)",10,"biggrid50-goal(33,3)",0.9244897365570068,0.6950547605539146
constrained,34,"biggrid50-goal(27,31)",11,"biggrid50-goal(21,24)",0.87312912940979,0.38651240368771606
constrained,34,"biggrid50-goal(27,31)",12,"biggrid50-goal(21,3)",0.9785711765289307,0.934442515391647
constrained,34,"biggrid50-goal(27,31)",13,"biggrid50-goal(3,17)",0.8935373425483704,0.6135798834041892
constrained,34,"biggrid50-goal(27,31)",14,"biggrid50-goal(15,45)",0.9370747804641724,0.7458789059585139
constrained,34,"biggrid50-goal(27,31)",15,"biggrid50-goal(3,24)",0.9972788691520691,0.9904419046263166
constrained,34,"biggrid50-goal(27,31)",16,"biggrid50-goal(3,10)",0.7431972026824951,0.25762033845502785
constrained,34,"biggrid50-goal(27,31)",17,"biggrid50-goal(46,31)",0.8431971669197083,0.49999971490624123
constrained,34,"biggrid50-goal(27,31)",18,"biggrid50-goal(46,24)",0.9782310724258423,0.9408496887102753
constrained,34,"biggrid50-goal(27,31)",19,"biggrid50-goal(3,45)",0.9482991695404053,0.8752048755783707
constrained,34,"biggrid50-goal(27,31)",20,"biggrid50-goal(21,10)",0.7564626336097717,0.09709958407011983
constrained,34,"biggrid50-goal(27,31)",21,"biggrid50-goal(40,3)",0.9418365359306335,0.852712644750333
constrained,34,"biggrid50-goal(27,31)",22,"biggrid50-goal(15,38)",0.9557822346687317,0.7592588746499304
constrained,34,"biggrid50-goal(27,31)",23,"biggrid50-goal(40,45)",0.8210883736610413,0.34495626588022865
constrained,34,"biggrid50-goal(27,31)",24,"biggrid50-goal(15,17)",0.9530611634254456,0.8069927427096841
constrained,34,"biggrid50-goal(27,31)",25,"biggrid50-goal(15,24)",0.9190475940704346,0.6059601688316059
constrained,34,"biggrid50-goal(27,31)",26,"biggrid50-goal(21,38)",0.8826529383659363,0.44354790615064277
constrained,34,"biggrid50-goal(27,31)",27,"biggrid50-goal(33,17)",0.9499998688697815,0.7908956189341413
constrained,34,"biggrid50-goal(27,31)",28,"biggrid50-goal(27,17)",0.7826530337333679,0.049106717941082054
constrained,34,"biggrid50-goal(27,31)",29,"biggrid50-goal(3,3)",0.6299318671226501,-0.050193235015321455
constrained,34,"biggrid50-goal(27,31)",30,"biggrid50-goal(9,10)",0.9840133786201477,0.9419744828000989
constrained,34,"biggrid50-goal(27,31)",31,"biggrid50-goal(46,17)",0.9221086502075195,0.7230949374558595
constrained,34,"biggrid50-goal(27,31)",32,"biggrid50-goal(40,10)",0.6945578455924988,0.12133081164867424
constrained,34,"biggrid50-goal(27,31)",33,"biggrid50-goal(46,38)",0.76564621925354,0.014306060188990914
constrained,34,"biggrid50-goal(27,31)",34,"biggrid50-goal(27,31)",0.9187074303627014,0.45558087651501633
constrained,35,"biggrid50-goal(21,31)",0,"biggrid50-goal(40,31)",0.9448978304862976,0.837185538648007
constrained,35,"biggrid50-goal(21,31)",1,"biggrid50-goal(9,31)",0.9418366551399231,0.755014042859908
constrained,35,"biggrid50-goal(21,31)",2,"biggrid50-goal(15,31)",0.9289114475250244,0.6903699538385213
constrained,35,"biggrid50-goal(21,31)",3,"biggrid50-goal(9,24)",0.9527209401130676,0.7985500989203836
constrained,35,"biggrid50-goal(21,31)",4,"biggrid50-goal(21,17)",0.7629251480102539,0.14687875356052027
constrained,35,"biggrid50-goal(21,31)",5,"biggrid50-goal(27,3)",0.8183673024177551,0.45786788610726536
constrained,35,"biggrid50-goal(21,31)",6,"biggrid50-goal(3,31)",0.9819726347923279,0.9381558375806819
constrained,35,"biggrid50-goal(21,31)",7,"biggrid50-goal(33,10)",0.8918365836143494,0.5583327208128301
constrained,35,"biggrid50-goal(21,31)",8,"biggrid50-goal(27,45)",0.6965986490249634,0.14722760137020427
constrained,35,"biggrid50-goal(21,31)",9,"biggrid50-goal(21,45)",0.9649657607078552,0.8660589787406453
constrained,35,"biggrid50-goal(21,31)",10,"biggrid50-goal(33,3)",0.9112244844436646,0.6414835597982745
constrained,35,"biggrid50-goal(21,31)",11,"biggrid50-goal(21,24)",0.8717686533927917,0.3799337843590551
constrained,35,"biggrid50-goal(21,31)",12,"biggrid50-goal(21,3)",0.9210883378982544,0.7585845027544771
constrained,35,"biggrid50-goal(21,31)",13,"biggrid50-goal(3,17)",0.9319726824760437,0.7530859683711093
constrained,35,"biggrid50-goal(21,31)",14,"biggrid50-goal(15,45)",0.9261903762817383,0.7019226556786873
constrained,35,"biggrid50-goal(21,31)",15,"biggrid50-goal(3,24)",0.9921767115592957,0.972520344948151
constrained,35,"biggrid50-goal(21,31)",16,"biggrid50-goal(3,10)",0.7448979020118713,0.26253681368707554
constrained,35,"biggrid50-goal(21,31)",17,"biggrid50-goal(46,31)",0.8585032820701599,0.5488066260351042
constrained,35,"biggrid50-goal(21,31)",18,"biggrid50-goal(46,24)",0.9721086621284485,0.9242139369627173
constrained,35,"biggrid50-goal(21,31)",19,"biggrid50-goal(3,45)",0.968707263469696,0.9244657984392625
constrained,35,"biggrid50-goal(21,31)",20,"biggrid50-goal(21,10)",0.7523809671401978,0.08196704647356784
constrained,35,"biggrid50-goal(21,31)",21,"biggrid50-goal(40,3)",0.9513604640960693,0.8768300905304178
constrained,35,"biggrid50-goal(21,31)",22,"biggrid50-goal(15,38)",0.9727890491485596,0.8518515153186891
constrained,35,"biggrid50-goal(21,31)",23,"biggrid50-goal(40,45)",0.8554420471191406,0.4707343329807485
constrained,35,"biggrid50-goal(21,31)",24,"biggrid50-goal(15,17)",0.9499998688697815,0.794405041158794
constrained,35,"biggrid50-goal(21,31)",25,"biggrid50-goal(15,24)",0.9129250645637512,0.5761584542879259
constrained,35,"biggrid50-goal(21,31)",26,"biggrid50-goal(21,38)",0.8908161520957947,0.48225733192804066
constrained,35,"biggrid50-goal(21,31)",27,"biggrid50-goal(33,17)",0.954761803150177,0.8108103931131355
constrained,35,"biggrid50-goal(21,31)",28,"biggrid50-goal(27,17)",0.7911564111709595,0.0863090061492269
constrained,35,"biggrid50-goal(21,31)",29,"biggrid50-goal(3,3)",0.6411564350128174,-0.018339735032574578
constrained,35,"biggrid50-goal(21,31)",30,"biggrid50-goal(9,10)",0.9833332300186157,0.9395057951744307
constrained,35,"biggrid50-goal(21,31)",31,"biggrid50-goal(46,17)",0.9459182024002075,0.8077382971694785
constrained,35,"biggrid50-goal(21,31)",32,"biggrid50-goal(40,10)",0.6965986490249634,0.12720161589004267
constrained,35,"biggrid50-goal(21,31)",33,"biggrid50-goal(46,38)",0.9017005562782288,0.5865517268178022
constrained,35,"biggrid50-goal(21,31)",34,"biggrid50-goal(27,31)",0.9486393332481384,0.6560358554366149
constrained,35,"biggrid50-goal(21,31)",35,"biggrid50-goal(21,31)",0.8670066595077515,0.4561885099167706
constrained,36,"biggrid50-goal(46,10)",0,"biggrid50-goal(40,31)",0.9414964914321899,0.8271353502278882
constrained,36,"biggrid50-goal(46,10)",1,"biggrid50-goal(9,31)",0.9255101084709167,0.6862460813177869
constrained,36,"biggrid50-goal(46,10)",2,"biggrid50-goal(15,31)",0.9513605237007141,0.7881481227639358
constrained,36,"biggrid50-goal(46,10)",3,"biggrid50-goal(9,24)",0.9438775181770325,0.7608694327125518
constrained,36,"biggrid50-goal(46,10)",4,"biggrid50-goal(21,17)",0.7700679898262024,0.1725824925357768
constrained,36,"biggrid50-goal(46,10)",5,"biggrid50-goal(27,3)",0.8105441331863403,0.43451751291332513
constrained,36,"biggrid50-goal(46,10)",6,"biggrid50-goal(3,31)",0.9595237374305725,0.8611432936741463
constrained,36,"biggrid50-goal(46,10)",7,"biggrid50-goal(33,10)",0.9282312393188477,0.7069442301298754
constrained,36,"biggrid50-goal(46,10)",8,"biggrid50-goal(27,45)",0.6795918345451355,0.09942642339124384
constrained,36,"biggrid50-goal(46,10)",9,"biggrid50-goal(21,45)",0.9727889895439148,0.8959683268817479
constrained,36,"biggrid50-goal(46,10)",10,"biggrid50-goal(33,3)",0.9289114475250244,0.7129116669984467
constrained,36,"biggrid50-goal(46,10)",11,"biggrid50-goal(21,24)",0.8911563158035278,0.47368336103606984
constrained,36,"biggrid50-goal(46,10)",12,"biggrid50-goal(21,3)",0.9999999403953552,0.9999998176507177
constrained,36,"biggrid50-goal(46,10)",13,"biggrid50-goal(3,17)",0.9479591250419617,0.8111108490958925
constrained,36,"biggrid50-goal(46,10)",14,"biggrid50-goal(15,45)",0.9244896769523621,0.6950544464391369
constrained,36,"biggrid50-goal(46,10)",15,"biggrid50-goal(3,24)",0.9897957444190979,0.9641570900076837
constrained,36,"biggrid50-goal(46,10)",16,"biggrid50-goal(3,10)",0.7704080939292908,0.33628308062585166
constrained,36,"biggrid50-goal(46,10)",17,"biggrid50-goal(46,31)",0.8598638772964478,0.553145182856286
constrained,36,"biggrid50-goal(46,10)",18,"biggrid50-goal(46,24)",0.9520407319068909,0.8696855585893727
constrained,36,"biggrid50-goal(46,10)",19,"biggrid50-goal(3,45)",0.9520406126976013,0.8842359464561129
constrained,36,"biggrid50-goal(46,10)",20,"biggrid50-goal(21,10)",0.754081666469574,0.0882722888871898
constrained,36,"biggrid50-goal(46,10)",21,"biggrid50-goal(40,3)",0.94931960105896,0.8716620125286648
constrained,36,"biggrid50-goal(46,10)",22,"biggrid50-goal(15,38)",0.9595237374305725,0.7796292750679046
constrained,36,"biggrid50-goal(46,10)",23,"biggrid50-goal(40,45)",0.825850248336792,0.3623907738149146
constrained,36,"biggrid50-goal(46,10)",24,"biggrid50-goal(15,17)",0.9455780386924744,0.7762229689770507
constrained,36,"biggrid50-goal(46,10)",25,"biggrid50-goal(15,24)",0.9241495728492737,0.6307943023394805
constrained,36,"biggrid50-goal(46,10)",26,"biggrid50-goal(21,38)",0.8751700520515442,0.4080645484960231
constrained,36,"biggrid50-goal(46,10)",27,"biggrid50-goal(33,17)",0.9663264155387878,0.8591744885889879
constrained,36,"biggrid50-goal(46,10)",28,"biggrid50-goal(27,17)",0.8088434338569641,0.163689755191352
constrained,36,"biggrid50-goal(46,10)",29,"biggrid50-goal(3,3)",0.6380952000617981,-0.027027022455451414
constrained,36,"biggrid50-goal(46,10)",30,"biggrid50-goal(9,10)",0.9969387054443359,0.9888886340851534
constrained,36,"biggrid50-goal(46,10)",31,"biggrid50-goal(46,17)",0.9115645289421082,0.6856104084773463
constrained,36,"biggrid50-goal(46,10)",32,"biggrid50-goal(40,10)",0.6911564469337463,0.11154596644764818
constrained,36,"biggrid50-goal(46,10)",33,"biggrid50-goal(46,38)",0.9401358962059021,0.7482110843951004
constrained,36,"biggrid50-goal(46,10)",34,"biggrid50-goal(27,31)",0.9462584257125854,0.6400908361145806
constrained,36,"biggrid50-goal(46,10)",35,"biggrid50-goal(21,31)",0.8935373425483704,0.5646728161522827
constrained,36,"biggrid50-goal(46,10)",36,"biggrid50-goal(46,10)",0.7020407319068909,0.27302895114680303
constrained,37,"biggrid50-goal(9,17)",0,"biggrid50-goal(40,31)",0.94931960105896,0.8502508716532908
constrained,37,"biggrid50-goal(9,17)",1,"biggrid50-goal(9,31)",0.9227889776229858,0.6747845870229262
constrained,37,"biggrid50-goal(9,17)",2,"biggrid50-goal(15,31)",0.9312924146652222,0.700740385361767
constrained,37,"biggrid50-goal(9,17)",3,"biggrid50-goal(9,24)",0.9670067429542542,0.8594200395681535
constrained,37,"biggrid50-goal(9,17)",4,"biggrid50-goal(21,17)",0.7904761433601379,0.24602186931603692
constrained,37,"biggrid50-goal(9,17)",5,"biggrid50-goal(27,3)",0.8309522867202759,0.4954311895986044
constrained,37,"biggrid50-goal(9,17)",6,"biggrid50-goal(3,31)",0.9428569674491882,0.8039667502436355
constrained,37,"biggrid50-goal(9,17)",7,"biggrid50-goal(33,10)",0.9408161640167236,0.758332672135704
constrained,37,"biggrid50-goal(9,17)",8,"biggrid50-goal(27,45)",0.6897959113121033,0.1281070966723778
constrained,37,"biggrid50-goal(9,17)",9,"biggrid50-goal(21,45)",0.9646256566047668,0.8647587110076346
constrained,37,"biggrid50-goal(9,17)",10,"biggrid50-goal(33,3)",0.9197278618812561,0.6758241163077143
constrained,37,"biggrid50-goal(9,17)",11,"biggrid50-goal(21,24)",0.8411563634872437,0.23190721163670572
constrained,37,"biggrid50-goal(9,17)",12,"biggrid50-goal(21,3)",0.9659862518310547,0.8959412879074526
constrained,37,"biggrid50-goal(9,17)",13,"biggrid50-goal(3,17)",0.9329931139945984,0.7567897578106797
constrained,37,"biggrid50-goal(9,17)",14,"biggrid50-goal(15,45)",0.9017006158828735,0.6030216943267769
constrained,37,"biggrid50-goal(9,17)",15,"biggrid50-goal(3,24)",0.988775372505188,0.9605729874360655
constrained,37,"biggrid50-goal(9,17)",16,"biggrid50-goal(3,10)",0.7353741526603699,0.23500503485109453
constrained,37,"biggrid50-goal(9,17)",17,"biggrid50-goal(46,31)",0.8421767354011536,0.49674584480598133
constrained,37,"biggrid50-goal(9,17)",18,"biggrid50-goal(46,24)",0.9874147176742554,0.9658033973101834
constrained,37,"biggrid50-goal(9,17)",19,"biggrid50-goal(3,45)",0.9639453291893005,0.9129714728021915
constrained,37,"biggrid50-goal(9,17)",20,"biggrid50-goal(21,10)",0.7510204911231995,0.0769231619156552
constrained,37,"biggrid50-goal(9,17)",21,"biggrid50-goal(40,3)",0.9659862518310547,0.9138669766305972
constrained,37,"biggrid50-goal(9,17)",22,"biggrid50-goal(15,38)",0.9568026661872864,0.764814556405422
constrained,37,"biggrid50-goal(9,17)",23,"biggrid50-goal(40,45)",0.8680270314216614,0.5168113559224756
constrained,37,"biggrid50-goal(9,17)",24,"biggrid50-goal(15,17)",0.9489794969558716,0.7902093857294776
constrained,37,"biggrid50-goal(9,17)",25,"biggrid50-goal(15,24)",0.9210883378982544,0.6158935901319157
constrained,37,"biggrid50-goal(9,17)",26,"biggrid50-goal(21,38)",0.8758503198623657,0.41129033397747294
constrained,37,"biggrid50-goal(9,17)",27,"biggrid50-goal(33,17)",0.9697276949882507,0.8733988999662238
constrained,37,"biggrid50-goal(9,17)",28,"biggrid50-goal(27,17)",0.7799319624900818,0.03720202743774041
constrained,37,"biggrid50-goal(9,17)",29,"biggrid50-goal(3,3)",0.6710883378982544,0.06660214222936103
constrained,37,"biggrid50-goal(9,17)",30,"biggrid50-goal(9,10)",0.9887753129005432,0.9592585413216901
constrained,37,"biggrid50-goal(9,17)",31,"biggrid50-goal(46,17)",0.9414964914321899,0.7920190400836394
constrained,37,"biggrid50-goal(9,17)",32,"biggrid50-goal(40,10)",0.6901360154151917,0.10861047859425797
constrained,37,"biggrid50-goal(9,17)",33,"biggrid50-goal(46,38)",0.94047611951828,0.7496420664604428
constrained,37,"biggrid50-goal(9,17)",34,"biggrid50-goal(27,31)",0.9554421305656433,0.7015944220973339
constrained,37,"biggrid50-goal(9,17)",35,"biggrid50-goal(21,31)",0.8976190090179443,0.5813628031593476
constrained,37,"biggrid50-goal(9,17)",36,"biggrid50-goal(46,10)",0.8020407557487488,0.5170123743942486
constrained,37,"biggrid50-goal(9,17)",37,"biggrid50-goal(9,17)",0.7901360988616943,0.2048972590443272
constrained,38,"biggrid50-goal(33,24)",0,"biggrid50-goal(40,31)",0.9479591250419617,0.8462309724035018
constrained,38,"biggrid50-goal(33,24)",1,"biggrid50-goal(9,31)",0.9258502125740051,0.6876786111941691
constrained,38,"biggrid50-goal(33,24)",2,"biggrid50-goal(15,31)",0.9234693646430969,0.6666666666666666
constrained,38,"biggrid50-goal(33,24)",3,"biggrid50-goal(9,24)",0.9571427702903748,0.8173909399595176
constrained,38,"biggrid50-goal(33,24)",4,"biggrid50-goal(21,17)",0.807823121547699,0.3084455111705961
constrained,38,"biggrid50-goal(33,24)",5,"biggrid50-goal(27,3)",0.8037413954734802,0.4142128947161488
constrained,38,"biggrid50-goal(33,24)",6,"biggrid50-goal(3,31)",0.9755100607872009,0.9159855164152882
constrained,38,"biggrid50-goal(33,24)",7,"biggrid50-goal(33,10)",0.9183672666549683,0.6666663421524928
constrained,38,"biggrid50-goal(33,24)",8,"biggrid50-goal(27,45)",0.6850339770317078,0.11472269312453584
constrained,38,"biggrid50-goal(33,24)",9,"biggrid50-goal(21,45)",0.9557822346687317,0.8309490154220504
constrained,38,"biggrid50-goal(33,24)",10,"biggrid50-goal(33,3)",0.9387754201889038,0.752746934003537
constrained,38,"biggrid50-goal(33,24)",11,"biggrid50-goal(21,24)",0.8976190090179443,0.5049338924415194
constrained,38,"biggrid50-goal(33,24)",12,"biggrid50-goal(21,3)",0.9585031867027283,0.8730482472495802
constrained,38,"biggrid50-goal(33,24)",13,"biggrid50-goal(3,17)",0.9513604640960693,0.8234564533230585
constrained,38,"biggrid50-goal(33,24)",14,"biggrid50-goal(15,45)",0.9401359558105469,0.7582413455941929
constrained,38,"biggrid50-goal(33,24)",15,"biggrid50-goal(3,24)",0.9867345094680786,0.9534043635647992
constrained,38,"biggrid50-goal(33,24)",16,"biggrid50-goal(3,10)",0.7397958040237427,0.24778738799093245
constrained,38,"biggrid50-goal(33,24)",17,"biggrid50-goal(46,31)",0.8476189970970154,0.5140996919656967
constrained,38,"biggrid50-goal(33,24)",18,"biggrid50-goal(46,24)",0.9761903285980225,0.9353046000848979
constrained,38,"biggrid50-goal(33,24)",19,"biggrid50-goal(3,45)",0.9581630825996399,0.89901432402569
constrained,38,"biggrid50-goal(33,24)",20,"biggrid50-goal(21,10)",0.7530612349510193,0.08448909924287591
constrained,38,"biggrid50-goal(33,24)",21,"biggrid50-goal(40,3)",0.9707481265068054,0.9259254731153533
constrained,38,"biggrid50-goal(33,24)",22,"biggrid50-goal(15,38)",0.9581632018089294,0.7722219157366633
constrained,38,"biggrid50-goal(33,24)",23,"biggrid50-goal(40,45)",0.8085032105445862,0.29887858825244434
constrained,38,"biggrid50-goal(33,24)",24,"biggrid50-goal(15,17)",0.9289115071296692,0.7076920512929231
constrained,38,"biggrid50-goal(33,24)",25,"biggrid50-goal(15,24)",0.9306122064590454,0.6622514903903621
constrained,38,"biggrid50-goal(33,24)",26,"biggrid50-goal(21,38)",0.8955782055854797,0.5048386782221748
constrained,38,"biggrid50-goal(33,24)",27,"biggrid50-goal(33,17)",0.9585033059120178,0.8264576444620042
constrained,38,"biggrid50-goal(33,24)",28,"biggrid50-goal(27,17)",0.7901360988616943,0.08184513836608044
constrained,38,"biggrid50-goal(33,24)",29,"biggrid50-goal(3,3)",0.6744896769523621,0.07625458983905878
constrained,38,"biggrid50-goal(33,24)",30,"biggrid50-goal(9,10)",0.9999999403953552,0.9999997836572057
constrained,38,"biggrid50-goal(33,24)",31,"biggrid50-goal(46,17)",0.9557821750640869,0.8428048863953966
constrained,38,"biggrid50-goal(33,24)",32,"biggrid50-goal(40,10)",0.7013604640960693,0.14089998765449033
constrained,38,"biggrid50-goal(33,24)",33,"biggrid50-goal(46,38)",0.9666665196418762,0.8597991059621161
constrained,38,"biggrid50-goal(33,24)",34,"biggrid50-goal(27,31)",0.9693876504898071,0.7949880467241558
constrained,38,"biggrid50-goal(33,24)",35,"biggrid50-goal(21,31)",0.8945578336715698,0.5688456175592536
constrained,38,"biggrid50-goal(33,24)",36,"biggrid50-goal(46,10)",0.9489794373512268,0.8755183143681622
constrained,38,"biggrid50-goal(33,24)",37,"biggrid50-goal(9,17)",0.811904788017273,0.28737139738223005
constrained,38,"biggrid50-goal(33,24)",38,"biggrid50-goal(33,24)",0.8693875670433044,0.3846145853313185
constrained,39,"biggrid50-goal(40,17)",0,"biggrid50-goal(40,31)",0.9530611634254456,0.8613063430928092
constrained,39,"biggrid50-goal(40,17)",1,"biggrid50-goal(9,31)",0.9367345571517944,0.7335238352033296
constrained,39,"biggrid50-goal(40,17)",2,"biggrid50-goal(15,31)",0.9455781579017639,0.762962714889978
constrained,39,"biggrid50-goal(40,17)",3,"biggrid50-goal(9,24)",0.9544216990470886,0.8057968106747665
constrained,39,"biggrid50-goal(40,17)",4,"biggrid50-goal(21,17)",0.7782313227653503,0.20195850063488796
constrained,39,"biggrid50-goal(40,17)",5,"biggrid50-goal(27,3)",0.837755024433136,0.5157358077957807
constrained,39,"biggrid50-goal(40,17)",6,"biggrid50-goal(3,31)",0.9639453887939453,0.876312084117336
constrained,39,"biggrid50-goal(40,17)",7,"biggrid50-goal(33,10)",0.9486393332481384,0.7902772795133066
constrained,39,"biggrid50-goal(40,17)",8,"biggrid50-goal(27,45)",0.6802720427513123,0.10133828957669386
constrained,39,"biggrid50-goal(40,17)",9,"biggrid50-goal(21,45)",0.9646256566047668,0.8647587110076346
constrained,39,"biggrid50-goal(40,17)",10,"biggrid50-goal(33,3)",0.9367346167564392,0.744505229326594
constrained,39,"biggrid50-goal(40,17)",11,"biggrid50-goal(21,24)",0.9047618508338928,0.5394733011814422
constrained,39,"biggrid50-goal(40,17)",12,"biggrid50-goal(21,3)",0.935033917427063,0.8012483996571104
constrained,39,"biggrid50-goal(40,17)",13,"biggrid50-goal(3,17)",0.9316324591636658,0.7518510834341311
constrained,39,"biggrid50-goal(40,17)",14,"biggrid50-goal(15,45)",0.9214285016059875,0.682692006803458
constrained,39,"biggrid50-goal(40,17)",15,"biggrid50-goal(3,24)",0.9812923669815063,0.9342885915454624
constrained,39,"biggrid50-goal(40,17)",16,"biggrid50-goal(3,10)",0.7404761910438538,0.24975428823884976
constrained,39,"biggrid50-goal(40,17)",17,"biggrid50-goal(46,31)",0.8425169587135315,0.4978307215894091
constrained,39,"biggrid50-goal(40,17)",18,"biggrid50-goal(46,24)",0.9503400325775146,0.8650644354587023
constrained,39,"biggrid50-goal(40,17)",19,"biggrid50-goal(3,45)",0.9547616243362427,0.8908039064478258
constrained,39,"biggrid50-goal(40,17)",20,"biggrid50-goal(21,10)",0.7486394643783569,0.06809564575202164
constrained,39,"biggrid50-goal(40,17)",21,"biggrid50-goal(40,3)",0.9884350895881653,0.9707141743444473
constrained,39,"biggrid50-goal(40,17)",22,"biggrid50-goal(15,38)",0.9595237374305725,0.7796292750679046
constrained,39,"biggrid50-goal(40,17)",23,"biggrid50-goal(40,45)",0.8425168395042419,0.4234116607006581
constrained,39,"biggrid50-goal(40,17)",24,"biggrid50-goal(15,17)",0.9326528906822205,0.7230762028962988
constrained,39,"biggrid50-goal(40,17)",25,"biggrid50-goal(15,24)",0.8877550363540649,0.4536420997415535
constrained,39,"biggrid50-goal(40,17)",26,"biggrid50-goal(21,38)",0.8935374021530151,0.49516132177782524
constrained,39,"biggrid50-goal(40,17)",27,"biggrid50-goal(33,17)",0.9523808360099792,0.8008530060236384
constrained,39,"biggrid50-goal(40,17)",28,"biggrid50-goal(27,17)",0.7908163070678711,0.08482105022151142
constrained,39,"biggrid50-goal(40,17)",29,"biggrid50-goal(3,3)",0.6744897961616516,0.07625492813565422
constrained,39,"biggrid50-goal(40,17)",30,"biggrid50-goal(9,10)",0.9918365478515625,0.9703696908937424
constrained,39,"biggrid50-goal(40,17)",31,"biggrid50-goal(46,17)",0.952380895614624,0.8307132805727621
constrained,39,"biggrid50-goal(40,17)",32,"biggrid50-goal(40,10)",0.699999988079071,0.1369862896256567
constrained,39,"biggrid50-goal(40,17)",33,"biggrid50-goal(46,38)",0.9486392140388489,0.7839761095187633
constrained,39,"biggrid50-goal(40,17)",34,"biggrid50-goal(27,31)",0.9608843326568604,0.7380410359213004
constrained,39,"biggrid50-goal(40,17)",35,"biggrid50-goal(21,31)",0.8897959589958191,0.549374250395869
constrained,39,"biggrid50-goal(40,17)",36,"biggrid50-goal(46,10)",0.9414965510368347,0.8572613165334012
constrained,39,"biggrid50-goal(40,17)",37,"biggrid50-goal(9,17)",0.9248297810554504,0.715205679505306
constrained,39,"biggrid50-goal(40,17)",38,"biggrid50-goal(33,24)",0.8336734771728516,0.21634630101163224
constrained,39,"biggrid50-goal(40,17)",39,"biggrid50-goal(40,17)",0.8316325545310974,0.11449029391001005
constrained,40,"biggrid50-goal(40,38)",0,"biggrid50-goal(40,31)",0.9418365955352783,0.8281402810107709
constrained,40,"biggrid50-goal(40,38)",1,"biggrid50-goal(9,31)",0.9319726824760437,0.7134666595366547
constrained,40,"biggrid50-goal(40,38)",2,"biggrid50-goal(15,31)",0.9299318194389343,0.6948142390547243
constrained,40,"biggrid50-goal(40,38)",3,"biggrid50-goal(9,24)",0.9693877100944519,0.8695650296761152
constrained,40,"biggrid50-goal(40,38)",4,"biggrid50-goal(21,17)",0.7942176461219788,0.25948578365764097
constrained,40,"biggrid50-goal(40,38)",5,"biggrid50-goal(27,3)",0.84183669090271,0.5279186498765864
constrained,40,"biggrid50-goal(40,38)",6,"biggrid50-goal(3,31)",0.9734693765640259,0.9089848036050286
constrained,40,"biggrid50-goal(40,38)",7,"biggrid50-goal(33,10)",0.9448978304862976,0.7749994767208946
constrained,40,"biggrid50-goal(40,38)",8,"biggrid50-goal(27,45)",0.6802720427513123,0.10133828957669386
constrained,40,"biggrid50-goal(40,38)",9,"biggrid50-goal(21,45)",0.9574827551841736,0.8374503540871042
constrained,40,"biggrid50-goal(40,38)",10,"biggrid50-goal(33,3)",0.9312924146652222,0.7225271094770577
constrained,40,"biggrid50-goal(40,38)",11,"biggrid50-goal(21,24)",0.8982992768287659,0.5082233462158023
constrained,40,"biggrid50-goal(40,38)",12,"biggrid50-goal(21,3)",0.9329931139945984,0.7950049425772993
constrained,40,"biggrid50-goal(40,38)",13,"biggrid50-goal(3,17)",0.911224365234375,0.6777772417282937
constrained,40,"biggrid50-goal(40,38)",14,"biggrid50-goal(15,45)",0.9363945126533508,0.7431316704049097
constrained,40,"biggrid50-goal(40,38)",15,"biggrid50-goal(3,24)",0.9353740811347961,0.7729985323582553
constrained,40,"biggrid50-goal(40,38)",16,"biggrid50-goal(3,10)",0.7588434815406799,0.30285146258805823
constrained,40,"biggrid50-goal(40,38)",17,"biggrid50-goal(46,31)",0.8408163189888,0.49240785817231714
constrained,40,"biggrid50-goal(40,38)",18,"biggrid50-goal(46,24)",0.9435372948646545,0.8465801048931625
constrained,40,"biggrid50-goal(40,38)",19,"biggrid50-goal(3,45)",0.9234692454338074,0.8152705681268847
constrained,40,"biggrid50-goal(40,38)",20,"biggrid50-goal(21,10)",0.7666666507720947,0.134930375609741
constrained,40,"biggrid50-goal(40,38)",21,"biggrid50-goal(40,3)",0.9663263559341431,0.9147282223396511
constrained,40,"biggrid50-goal(40,38)",22,"biggrid50-goal(15,38)",0.9826529622077942,0.9055550327272491
constrained,40,"biggrid50-goal(40,38)",23,"biggrid50-goal(40,45)",0.8112244009971619,0.3088416006724935
constrained,40,"biggrid50-goal(40,38)",24,"biggrid50-goal(15,17)",0.9418366551399231,0.7608388173736751
constrained,40,"biggrid50-goal(40,38)",25,"biggrid50-goal(15,24)",0.9173468947410583,0.5976819309099476
constrained,40,"biggrid50-goal(40,38)",26,"biggrid50-goal(21,38)",0.9051019549369812,0.5499996749624723
constrained,40,"biggrid50-goal(40,38)",27,"biggrid50-goal(33,17)",0.94829922914505,0.7837834132455234
constrained,40,"biggrid50-goal(40,38)",28,"biggrid50-goal(27,17)",0.8146257996559143,0.18898761366655967
constrained,40,"biggrid50-goal(40,38)",29,"biggrid50-goal(3,3)",0.665306031703949,0.050192896718726
constrained,40,"biggrid50-goal(40,38)",30,"biggrid50-goal(9,10)",0.996598482131958,0.9876537494153336
constrained,40,"biggrid50-goal(40,38)",31,"biggrid50-goal(46,17)",0.9724488854408264,0.902055322953137
constrained,40,"biggrid50-goal(40,38)",32,"biggrid50-goal(40,10)",0.6901359558105469,0.10861030712884596
constrained,40,"biggrid50-goal(40,38)",33,"biggrid50-goal(46,38)",0.9707481861114502,0.876966628886534
constrained,40,"biggrid50-goal(40,38)",34,"biggrid50-goal(27,31)",0.9503400325775146,0.6674254971017947
constrained,40,"biggrid50-goal(40,38)",35,"biggrid50-goal(21,31)",0.8816325664520264,0.5159940326575756
constrained,40,"biggrid50-goal(40,38)",36,"biggrid50-goal(46,10)",0.9564624428749084,0.8937756030537592
constrained,40,"biggrid50-goal(40,38)",37,"biggrid50-goal(9,17)",0.8687074184417725,0.5025771897983706
constrained,40,"biggrid50-goal(40,38)",38,"biggrid50-goal(33,24)",0.8799318671226501,0.43429445370089803
constrained,40,"biggrid50-goal(40,38)",39,"biggrid50-goal(40,17)",0.9224488735198975,0.5921285434658032
constrained,40,"biggrid50-goal(40,38)",40,"biggrid50-goal(40,38)",0.6925169825553894,0.13740454313638606
constrained,41,"biggrid50-goal(33,38)",0,"biggrid50-goal(40,31)",0.9472788572311401,0.844220934719478
constrained,41,"biggrid50-goal(33,38)",1,"biggrid50-goal(9,31)",0.9115645289421082,0.6275068331373835
constrained,41,"biggrid50-goal(33,38)",2,"biggrid50-goal(15,31)",0.9401359558105469,0.7392589084955968
constrained,41,"biggrid50-goal(33,38)",3,"biggrid50-goal(9,24)",0.9812924265861511,0.9202894722807053
constrained,41,"biggrid50-goal(33,38)",4,"biggrid50-goal(21,17)",0.7809523940086365,0.21175036034180994
constrained,41,"biggrid50-goal(33,38)",5,"biggrid50-goal(27,3)",0.8673468232154846,0.6040605678269356
constrained,41,"biggrid50-goal(33,38)",6,"biggrid50-goal(3,31)",0.9724488854408264,0.9054839360049336
constrained,41,"biggrid50-goal(33,38)",7,"biggrid50-goal(33,10)",0.9591835737228394,0.833332927690616
constrained,41,"biggrid50-goal(33,38)",8,"biggrid50-goal(27,45)",0.6979591846466064,0.15105166880352727
constrained,41,"biggrid50-goal(33,38)",9,"biggrid50-goal(21,45)",0.9479590654373169,0.8010398951582232
constrained,41,"biggrid50-goal(33,38)",10,"biggrid50-goal(33,3)",0.9176869988441467,0.6675821709197496
constrained,41,"biggrid50-goal(33,38)",11,"biggrid50-goal(21,24)",0.8982992768287659,0.5082233462158023
constrained,41,"biggrid50-goal(33,38)",12,"biggrid50-goal(21,3)",0.9700679779052734,0.9084285667656398
constrained,41,"biggrid50-goal(33,38)",13,"biggrid50-goal(3,17)",0.9074828624725342,0.6641969689069905
constrained,41,"biggrid50-goal(33,38)",14,"biggrid50-goal(15,45)",0.9105441570281982,0.6387359972347111
constrained,41,"biggrid50-goal(33,38)",15,"biggrid50-goal(3,24)",0.9765304923057556,0.9175622910285426
constrained,41,"biggrid50-goal(33,38)",16,"biggrid50-goal(3,10)",0.7622448205947876,0.3126842407437657
constrained,41,"biggrid50-goal(33,38)",17,"biggrid50-goal(46,31)",0.8578230738639832,0.546637632718272
constrained,41,"biggrid50-goal(33,38)",18,"biggrid50-goal(46,24)",0.9479591250419617,0.8585950574243341
constrained,41,"biggrid50-goal(33,38)",19,"biggrid50-goal(3,45)",0.9663263559341431,0.9187187794940264
constrained,41,"biggrid50-goal(33,38)",20,"biggrid50-goal(21,10)",0.7602040767669678,0.1109707638109625
constrained,41,"biggrid50-goal(33,38)",21,"biggrid50-goal(40,3)",0.9823127388954163,0.9552105440866184
constrained,41,"biggrid50-goal(33,38)",22,"biggrid50-goal(15,38)",0.9676868915557861,0.8240731065412311
constrained,41,"biggrid50-goal(33,38)",23,"biggrid50-goal(40,45)",0.8180271983146667,0.3337484770365592
constrained,41,"biggrid50-goal(33,38)",24,"biggrid50-goal(15,17)",0.935033917427063,0.7328667191317623
constrained,41,"biggrid50-goal(33,38)",25,"biggrid50-goal(15,24)",0.9316325783729553,0.667218201040517
constrained,41,"biggrid50-goal(33,38)",26,"biggrid50-goal(21,38)",0.8921767473220825,0.4887091855322687
constrained,41,"biggrid50-goal(33,38)",27,"biggrid50-goal(33,17)",0.9540814757347107,0.8079652117122563
constrained,41,"biggrid50-goal(33,38)",28,"biggrid50-goal(27,17)",0.7829932570457458,0.050595195409606414
constrained,41,"biggrid50-goal(33,38)",29,"biggrid50-goal(3,3)",0.6945577263832092,0.1332044536070198
constrained,41,"biggrid50-goal(33,38)",30,"biggrid50-goal(9,10)",0.9904759526252747,0.9654312339284347
constrained,41,"biggrid50-goal(33,38)",31,"biggrid50-goal(46,17)",0.9581632018089294,0.8512694766413798
constrained,41,"biggrid50-goal(33,38)",32,"biggrid50-goal(40,10)",0.6996597647666931,0.13600756505397732
constrained,41,"biggrid50-goal(33,38)",33,"biggrid50-goal(46,38)",0.9680271148681641,0.8655217807353413
constrained,41,"biggrid50-goal(33,38)",34,"biggrid50-goal(27,31)",0.9499999284744263,0.6651478082733674
constrained,41,"biggrid50-goal(33,38)",35,"biggrid50-goal(21,31)",0.883673369884491,0.5243389042990262
constrained,41,"biggrid50-goal(33,38)",36,"biggrid50-goal(46,10)",0.977550745010376,0.9452275522415365
constrained,41,"biggrid50-goal(33,38)",37,"biggrid50-goal(9,17)",0.893877387046814,0.5979376158606301
constrained,41,"biggrid50-goal(33,38)",38,"biggrid50-goal(33,24)",0.85748291015625,0.3285253444444476
constrained,41,"biggrid50-goal(33,38)",39,"biggrid50-goal(40,17)",0.9778909683227539,0.8837200262323367
constrained,41,"biggrid50-goal(33,38)",40,"biggrid50-goal(40,38)",0.6863945722579956,0.12022907975152372
constrained,41,"biggrid50-goal(33,38)",41,"biggrid50-goal(33,38)",0.7928571105003357,0.09509649657505444
constrained,42,"biggrid50-goal(9,45)",0,"biggrid50-goal(40,31)",0.9455781579017639,0.8391957524502893
constrained,42,"biggrid50-goal(9,45)",1,"biggrid50-goal(9,31)",0.9030611515045166,0.5916903224899408
constrained,42,"biggrid50-goal(9,45)",2,"biggrid50-goal(15,31)",0.9278910756111145,0.6859256686223183
constrained,42,"biggrid50-goal(9,45)",3,"biggrid50-goal(9,24)",0.9884352087974548,0.9507239346693722
constrained,42,"biggrid50-goal(9,45)",4,"biggrid50-goal(21,17)",0.7748299241065979,0.18971846151206287
constrained,42,"biggrid50-goal(9,45)",5,"biggrid50-goal(27,3)",0.807482898235321,0.4253804258292833
constrained,42,"biggrid50-goal(9,45)",6,"biggrid50-goal(3,31)",0.9622448086738586,0.8704781226957887
constrained,42,"biggrid50-goal(9,45)",7,"biggrid50-goal(33,10)",0.9387754201889038,0.7499996349215544
constrained,42,"biggrid50-goal(9,45)",8,"biggrid50-goal(27,45)",0.6829931735992432,0.10898659197455134
constrained,42,"biggrid50-goal(9,45)",9,"biggrid50-goal(21,45)",0.9537413120269775,0.8231462696376091
constrained,42,"biggrid50-goal(9,45)",10,"biggrid50-goal(33,3)",0.905782163143158,0.6195049585266945
constrained,42,"biggrid50-goal(9,45)",11,"biggrid50-goal(21,24)",0.8802721500396729,0.4210526770873534
constrained,42,"biggrid50-goal(9,45)",12,"biggrid50-goal(21,3)",0.9581630825996399,0.8720077622442528
constrained,42,"biggrid50-goal(9,45)",13,"biggrid50-goal(3,17)",0.9323127865791321,0.7543204206224053
constrained,42,"biggrid50-goal(9,45)",14,"biggrid50-goal(15,45)",0.9170066714286804,0.6648346146384111
constrained,42,"biggrid50-goal(9,45)",15,"biggrid50-goal(3,24)",0.9765303134918213,0.9175616629364978
constrained,42,"biggrid50-goal(9,45)",16,"biggrid50-goal(3,10)",0.7510203123092651,0.28023581436734907
constrained,42,"biggrid50-goal(9,45)",17,"biggrid50-goal(46,31)",0.8598638772964478,0.553145182856286
constrained,42,"biggrid50-goal(9,45)",18,"biggrid50-goal(46,24)",0.9319726228713989,0.8151566943446024
constrained,42,"biggrid50-goal(9,45)",19,"biggrid50-goal(3,45)",0.9683671593666077,0.9236448573927856
constrained,42,"biggrid50-goal(9,45)",20,"biggrid50-goal(21,10)",0.761904776096344,0.11727600622458445
constrained,42,"biggrid50-goal(9,45)",21,"biggrid50-goal(40,3)",0.969047486782074,0.9216189426963692
constrained,42,"biggrid50-goal(9,45)",22,"biggrid50-goal(15,38)",0.9438775181770325,0.6944443182445084
constrained,42,"biggrid50-goal(9,45)",23,"biggrid50-goal(40,45)",0.8710882663726807,0.5280193629948308
constrained,42,"biggrid50-goal(9,45)",24,"biggrid50-goal(15,17)",0.9551019668579102,0.8153842986559638
constrained,42,"biggrid50-goal(9,45)",25,"biggrid50-goal(15,24)",0.918367326259613,0.6026489316886526
constrained,42,"biggrid50-goal(9,45)",26,"biggrid50-goal(21,38)",0.8850339651107788,0.45483857929770977
constrained,42,"biggrid50-goal(9,45)",27,"biggrid50-goal(33,17)",0.943537175655365,0.7638681405241425
constrained,42,"biggrid50-goal(9,45)",28,"biggrid50-goal(27,17)",0.7945577502250671,0.10118986927840395
constrained,42,"biggrid50-goal(9,45)",29,"biggrid50-goal(3,3)",0.6843536496162415,0.10424694162962883
constrained,42,"biggrid50-goal(9,45)",30,"biggrid50-goal(9,10)",0.9772107601165771,0.9172834960303261
constrained,42,"biggrid50-goal(9,45)",31,"biggrid50-goal(46,17)",0.9632651805877686,0.8694070972708493
constrained,42,"biggrid50-goal(9,45)",32,"biggrid50-goal(40,10)",0.6945578455924988,0.12133081164867424
constrained,42,"biggrid50-goal(9,45)",33,"biggrid50-goal(46,38)",0.9649658203125,0.8526459505188062
constrained,42,"biggrid50-goal(9,45)",34,"biggrid50-goal(27,31)",0.9207482933998108,0.46924860618297115
constrained,42,"biggrid50-goal(9,45)",35,"biggrid50-goal(21,31)",0.8581631183624268,0.42002715574632116
constrained,42,"biggrid50-goal(9,45)",36,"biggrid50-goal(46,10)",0.9421768188476562,0.8589210568297811
constrained,42,"biggrid50-goal(9,45)",37,"biggrid50-goal(9,17)",0.8639455437660217,0.4845360708339346
constrained,42,"biggrid50-goal(9,45)",38,"biggrid50-goal(33,24)",0.8897958397865295,0.48076893373798996
constrained,42,"biggrid50-goal(9,45)",39,"biggrid50-goal(40,17)",0.982312798500061,0.9069761463794485
constrained,42,"biggrid50-goal(9,45)",40,"biggrid50-goal(40,38)",0.7057822346687317,0.17461813074266985
constrained,42,"biggrid50-goal(9,45)",41,"biggrid50-goal(33,38)",0.8741495013237,0.4502222237266564
constrained,42,"biggrid50-goal(9,45)",42,"biggrid50-goal(9,45)",0.7431972026824951,0.10861856687073815
constrained,43,"biggrid50-goal(9,38)",0,"biggrid50-goal(40,31)",0.9598637819290161,0.8814065438147884
constrained,43,"biggrid50-goal(9,38)",1,"biggrid50-goal(9,31)",0.9244897961616516,0.6819484916886404
constrained,43,"biggrid50-goal(9,38)",2,"biggrid50-goal(15,31)",0.9149659276008606,0.62962948540115
constrained,43,"biggrid50-goal(9,38)",3,"biggrid50-goal(9,24)",0.9741494655609131,0.8898542479892114
constrained,43,"biggrid50-goal(9,38)",4,"biggrid50-goal(21,17)",0.7775509357452393,0.1995101067298123
constrained,43,"biggrid50-goal(9,38)",5,"biggrid50-goal(27,3)",0.8057822585105896,0.42030440470967656
constrained,43,"biggrid50-goal(9,38)",6,"biggrid50-goal(3,31)",0.9581630825996399,0.8564754702073529
constrained,43,"biggrid50-goal(9,38)",7,"biggrid50-goal(33,10)",0.9391155242919922,0.7513883933287026
constrained,43,"biggrid50-goal(9,38)",8,"biggrid50-goal(27,45)",0.6904762387275696,0.1300192979202508
constrained,43,"biggrid50-goal(9,38)",9,"biggrid50-goal(21,45)",0.9496597051620483,0.8075416895778277
constrained,43,"biggrid50-goal(9,38)",10,"biggrid50-goal(33,3)",0.9350339770317078,0.7376372624513192
constrained,43,"biggrid50-goal(9,38)",11,"biggrid50-goal(21,24)",0.9187073111534119,0.606906959444289
constrained,43,"biggrid50-goal(9,38)",12,"biggrid50-goal(21,3)",0.9520407319068909,0.8532775733541017
constrained,43,"biggrid50-goal(9,38)",13,"biggrid50-goal(3,17)",0.9408162236213684,0.7851847557045821
constrained,43,"biggrid50-goal(9,38)",14,"biggrid50-goal(15,45)",0.9428570866584778,0.7692305285196894
constrained,43,"biggrid50-goal(9,38)",15,"biggrid50-goal(3,24)",0.9867343902587891,0.9534039448367694
constrained,43,"biggrid50-goal(9,38)",16,"biggrid50-goal(3,10)",0.7510203719139099,0.28023598667573696
constrained,43,"biggrid50-goal(9,38)",17,"biggrid50-goal(46,31)",0.8493196964263916,0.5195227454452946
constrained,43,"biggrid50-goal(9,38)",18,"biggrid50-goal(46,24)",0.9877549409866333,0.9667278486763162
constrained,43,"biggrid50-goal(9,38)",19,"biggrid50-goal(3,45)",0.9561222791671753,0.8940882461269308
constrained,43,"biggrid50-goal(9,38)",20,"biggrid50-goal(21,10)",0.7472789287567139,0.06305154021340549
constrained,43,"biggrid50-goal(9,38)",21,"biggrid50-goal(40,3)",0.9867345094680786,0.9664077948623206
constrained,43,"biggrid50-goal(9,38)",22,"biggrid50-goal(15,38)",0.9836733341217041,0.9111103899686195
constrained,43,"biggrid50-goal(9,38)",23,"biggrid50-goal(40,45)",0.8108842968940735,0.30759638779150167
constrained,43,"biggrid50-goal(9,38)",24,"biggrid50-goal(15,17)",0.9469386339187622,0.7818175846955508
constrained,43,"biggrid50-goal(9,38)",25,"biggrid50-goal(15,24)",0.9200679063796997,0.6109265893532106
constrained,43,"biggrid50-goal(9,38)",26,"biggrid50-goal(21,38)",0.907482922077179,0.5612900654682109
constrained,43,"biggrid50-goal(9,38)",27,"biggrid50-goal(33,17)",0.9765303730964661,0.9018482212630821
constrained,43,"biggrid50-goal(9,38)",28,"biggrid50-goal(27,17)",0.8061224222183228,0.1517853254584148
constrained,43,"biggrid50-goal(9,38)",29,"biggrid50-goal(3,3)",0.7074829339981079,0.16988409282046668
constrained,43,"biggrid50-goal(9,38)",30,"biggrid50-goal(9,10)",0.9843536019325256,0.9432093674699186
constrained,43,"biggrid50-goal(9,38)",31,"biggrid50-goal(46,17)",0.9306120276451111,0.753324587698999
constrained,43,"biggrid50-goal(9,38)",32,"biggrid50-goal(40,10)",0.6972789168357849,0.12915855063716547
constrained,43,"biggrid50-goal(9,38)",33,"biggrid50-goal(46,38)",0.9445577263832092,0.7668093386872319
constrained,43,"biggrid50-goal(9,38)",34,"biggrid50-goal(27,31)",0.939795732498169,0.5968099582822889
constrained,43,"biggrid50-goal(9,38)",35,"biggrid50-goal(21,31)",0.8564624786376953,0.4130732179071942
constrained,43,"biggrid50-goal(9,38)",36,"biggrid50-goal(46,10)",0.9384352564811707,0.8497922670615645
constrained,43,"biggrid50-goal(9,38)",37,"biggrid50-goal(9,17)",0.9306122064590454,0.7371133170877224
constrained,43,"biggrid50-goal(9,38)",38,"biggrid50-goal(33,24)",0.8748300075531006,0.41025684950260877
constrained,43,"biggrid50-goal(9,38)",39,"biggrid50-goal(40,17)",0.9700679183006287,0.842575571575282
constrained,43,"biggrid50-goal(9,38)",40,"biggrid50-goal(40,38)",0.708843469619751,0.18320594604084978
constrained,43,"biggrid50-goal(9,38)",41,"biggrid50-goal(33,38)",0.8302720785140991,0.2585437465287714
constrained,43,"biggrid50-goal(9,38)",42,"biggrid50-goal(9,45)",0.9037413001060486,0.6658789594236979
constrained,43,"biggrid50-goal(9,38)",43,"biggrid50-goal(9,38)",0.8319727182388306,0.4739081564269581
