method,after_task,after_task_name,eval_task,eval_task_name,raw,normalized
finetune,0,"biggrid50-goal(40,31)",0,"biggrid50-goal(40,31)",0.9778909087181091,0.9317935836920526
finetune,1,"biggrid50-goal(9,31)",0,"biggrid50-goal(40,31)",0.815646231174469,0.43126970963512695
finetune,1,"biggrid50-goal(9,31)",1,"biggrid50-goal(9,31)",0.9397958517074585,0.7492915410610812
finetune,2,"biggrid50-goal(15,31)",0,"biggrid50-goal(40,31)",0.8527209758758545,0.5456450785443325
finetune,2,"biggrid50-goal(15,31)",1,"biggrid50-goal(9,31)",0.8874149322509766,0.5311613960928958
finetune,2,"biggrid50-goal(15,31)",2,"biggrid50-goal(15,31)",0.938095211982727,0.7331377455189784
finetune,3,"biggrid50-goal(9,24)",0,"biggrid50-goal(40,31)",0.734013557434082,0.17943339223621957
finetune,3,"biggrid50-goal(9,24)",1,"biggrid50-goal(9,31)",0.893197238445282,0.5552406849160361
finetune,3,"biggrid50-goal(9,24)",2,"biggrid50-goal(15,31)",0.9146258234977722,0.6319647325262124
finetune,3,"biggrid50-goal(9,24)",3,"biggrid50-goal(9,24)",0.9591835141181946,0.8139527238593588
finetune,4,"biggrid50-goal(21,17)",0,"biggrid50-goal(40,31)",0.7938775420188904,0.3641134318807428
finetune,4,"biggrid50-goal(21,17)",1,"biggrid50-goal(9,31)",0.8591834902763367,0.41359705024926685
finetune,4,"biggrid50-goal(21,17)",2,"biggrid50-goal(15,31)",0.8510204553604126,0.3577715322604268
finetune,4,"biggrid50-goal(21,17)",3,"biggrid50-goal(9,24)",0.8704081177711487,0.40930199703046827
finetune,4,"biggrid50-goal(21,17)",4,"biggrid50-goal(21,17)",0.8221086859703064,0.31093501155090597
finetune,5,"biggrid50-goal(27,3)",0,"biggrid50-goal(40,31)",0.778571367263794,0.31689397296596566
finetune,5,"biggrid50-goal(27,3)",1,"biggrid50-goal(9,31)",0.8176870346069336,0.24079313644334624
finetune,5,"biggrid50-goal(27,3)",2,"biggrid50-goal(15,31)",0.8044217824935913,0.15689164404251132
finetune,5,"biggrid50-goal(27,3)",3,"biggrid50-goal(9,24)",0.8183672428131104,0.1720923787905339
finetune,5,"biggrid50-goal(27,3)",4,"biggrid50-goal(21,17)",0.7782313227653503,0.1409753092747564
finetune,5,"biggrid50-goal(27,3)",5,"biggrid50-goal(27,3)",0.8707482218742371,0.5810361972932259
finetune,6,"biggrid50-goal(3,31)",0,"biggrid50-goal(40,31)",0.7670067548751831,0.28121721190144766
finetune,6,"biggrid50-goal(3,31)",1,"biggrid50-goal(9,31)",0.9139454960823059,0.641642765924968
finetune,6,"biggrid50-goal(3,31)",2,"biggrid50-goal(15,31)",0.9013603925704956,0.5747794498154866
finetune,6,"biggrid50-goal(3,31)",3,"biggrid50-goal(9,24)",0.9809522032737732,0.9131774668780387
finetune,6,"biggrid50-goal(3,31)",4,"biggrid50-goal(21,17)",0.7738094329833984,0.12384704504137593
finetune,6,"biggrid50-goal(3,31)",5,"biggrid50-goal(27,3)",0.7071427702903748,0.05071651323874881
finetune,6,"biggrid50-goal(3,31)",6,"biggrid50-goal(3,31)",0.9622448086738586,0.8721195314452622
finetune,7,"biggrid50-goal(33,10)",0,"biggrid50-goal(40,31)",0.8697277903556824,0.5981110009874355
finetune,7,"biggrid50-goal(33,10)",1,"biggrid50-goal(9,31)",0.831292450428009,0.29745024281333343
finetune,7,"biggrid50-goal(33,10)",2,"biggrid50-goal(15,31)",0.8234694004058838,0.23900306742948998
finetune,7,"biggrid50-goal(33,10)",3,"biggrid50-goal(9,24)",0.8414965271949768,0.2775189059734318
finetune,7,"biggrid50-goal(33,10)",4,"biggrid50-goal(21,17)",0.7986392974853516,0.22002594163086878
finetune,7,"biggrid50-goal(33,10)",5,"biggrid50-goal(27,3)",0.8017005920410156,0.35722142288703895
finetune,7,"biggrid50-goal(33,10)",6,"biggrid50-goal(3,31)",0.8605441451072693,0.5276495909574153
finetune,7,"biggrid50-goal(33,10)",7,"biggrid50-goal(33,10)",0.9772108197212219,0.8449070571651675
finetune,8,"biggrid50-goal(27,45)",0,"biggrid50-goal(40,31)",0.8340135812759399,0.4879328764528817
finetune,8,"biggrid50-goal(27,45)",1,"biggrid50-goal(9,31)",0.8619047403335571,0.42492916651670526
finetune,8,"biggrid50-goal(27,45)",2,"biggrid50-goal(15,31)",0.8819727301597595,0.4912021456075736
finetune,8,"biggrid50-goal(27,45)",3,"biggrid50-goal(9,24)",0.8431972861289978,0.2852712041002903
finetune,8,"biggrid50-goal(27,45)",4,"biggrid50-goal(21,17)",0.7561224699020386,0.05533629690376615
finetune,8,"biggrid50-goal(27,45)",5,"biggrid50-goal(27,3)",0.6976190805435181,0.019845902946175387
finetune,8,"biggrid50-goal(27,45)",6,"biggrid50-goal(3,31)",0.8292515873908997,0.4216586847406382
finetune,8,"biggrid50-goal(27,45)",7,"biggrid50-goal(33,10)",0.8231292963027954,-0.20370270462128204
finetune,8,"biggrid50-goal(27,45)",8,"biggrid50-goal(27,45)",0.7534012198448181,0.31796764549176004
finetune,9,"biggrid50-goal(21,45)",0,"biggrid50-goal(40,31)",0.8911563158035278,0.6642178757081678
finetune,9,"biggrid50-goal(21,45)",1,"biggrid50-goal(9,31)",0.8534013032913208,0.389518257850013
finetune,9,"biggrid50-goal(21,45)",2,"biggrid50-goal(15,31)",0.8853740096092224,0.5058645510704656
finetune,9,"biggrid50-goal(21,45)",3,"biggrid50-goal(9,24)",0.8659864068031311,0.3891472173205478
finetune,9,"biggrid50-goal(21,45)",4,"biggrid50-goal(21,17)",0.7503401637077332,0.0329384368805212
finetune,9,"biggrid50-goal(21,45)",5,"biggrid50-goal(27,3)",0.6901360154151917,-0.004410114785476877
finetune,9,"biggrid50-goal(21,45)",6,"biggrid50-goal(3,31)",0.8547618389129639,0.5080643630859104
finetune,9,"biggrid50-goal(21,45)",7,"biggrid50-goal(33,10)",0.8013604283332825,-0.35185185936374974
finetune,9,"biggrid50-goal(21,45)",8,"biggrid50-goal(27,45)",0.6826531291007996,0.12229560333185625
finetune,9,"biggrid50-goal(21,45)",9,"biggrid50-goal(21,45)",0.9741494655609131,0.9079896079385641
finetune,10,"biggrid50-goal(33,3)",0,"biggrid50-goal(40,31)",0.8799318075180054,0.6295903337973238
finetune,10,"biggrid50-goal(33,3)",1,"biggrid50-goal(9,31)",0.8132652044296265,0.22237928522406714
finetune,10,"biggrid50-goal(33,3)",2,"biggrid50-goal(15,31)",0.8105441927909851,0.1832844363797446
finetune,10,"biggrid50-goal(33,3)",3,"biggrid50-goal(9,24)",0.8207482099533081,0.18294516146998613
finetune,10,"biggrid50-goal(33,3)",4,"biggrid50-goal(21,17)",0.7765305042266846,0.13438716013946975
finetune,10,"biggrid50-goal(33,3)",5,"biggrid50-goal(27,3)",0.8129251599311829,0.393605352881635
finetune,10,"biggrid50-goal(33,3)",6,"biggrid50-goal(3,31)",0.7863946557044983,0.2764981303275369
finetune,10,"biggrid50-goal(33,3)",7,"biggrid50-goal(33,10)",0.972108781337738,0.8101848715634475
finetune,10,"biggrid50-goal(33,3)",8,"biggrid50-goal(27,45)",0.6819727420806885,0.12041381802451942
finetune,10,"biggrid50-goal(33,3)",9,"biggrid50-goal(21,45)",0.8017006516456604,0.2941886431553985
finetune,10,"biggrid50-goal(33,3)",10,"biggrid50-goal(33,3)",0.935033917427063,0.5987388778383624
finetune,11,"biggrid50-goal(21,24)",0,"biggrid50-goal(40,31)",0.8425168991088867,0.5141655618544664
finetune,11,"biggrid50-goal(21,24)",1,"biggrid50-goal(9,31)",0.8438775539398193,0.3498584571393822
finetune,11,"biggrid50-goal(21,24)",2,"biggrid50-goal(15,31)",0.8275509476661682,0.2565980053742968
finetune,11,"biggrid50-goal(21,24)",3,"biggrid50-goal(9,24)",0.8588435053825378,0.3565888692821911
finetune,11,"biggrid50-goal(21,24)",4,"biggrid50-goal(21,17)",0.7765306234359741,0.13438762189865217
finetune,11,"biggrid50-goal(21,24)",5,"biggrid50-goal(27,3)",0.7632653117179871,0.23263519718290537
finetune,11,"biggrid50-goal(21,24)",6,"biggrid50-goal(3,31)",0.8255102038383484,0.4089862583818299
finetune,11,"biggrid50-goal(21,24)",7,"biggrid50-goal(33,10)",0.9581631422042847,0.7152771045239278
finetune,11,"biggrid50-goal(21,24)",8,"biggrid50-goal(27,45)",0.6836735010147095,0.12511770431094513
finetune,11,"biggrid50-goal(21,24)",9,"biggrid50-goal(21,45)",0.8591835498809814,0.4987888233150133
finetune,11,"biggrid50-goal(21,24)",10,"biggrid50-goal(33,3)",0.9568025469779968,0.7331921860199366
finetune,11,"biggrid50-goal(21,24)",11,"biggrid50-goal(21,24)",0.9265305995941162,0.6751880444223326
finetune,12,"biggrid50-goal(21,3)",0,"biggrid50-goal(40,31)",0.7619047164916992,0.2654774535565146
finetune,12,"biggrid50-goal(21,3)",1,"biggrid50-goal(9,31)",0.8214285373687744,0.2563738965427799
finetune,12,"biggrid50-goal(21,3)",2,"biggrid50-goal(15,31)",0.832312822341919,0.27712573274770047
finetune,12,"biggrid50-goal(21,3)",3,"biggrid50-goal(9,24)",0.8500000238418579,0.31627903817600656
finetune,12,"biggrid50-goal(21,3)",4,"biggrid50-goal(21,17)",0.7833332419395447,0.16073767876429548
finetune,12,"biggrid50-goal(21,3)",5,"biggrid50-goal(27,3)",0.796598494052887,0.3406832026328536
finetune,12,"biggrid50-goal(21,3)",6,"biggrid50-goal(3,31)",0.8081632256507874,0.3502303728806442
finetune,12,"biggrid50-goal(21,3)",7,"biggrid50-goal(33,10)",0.9295917749404907,0.5208331896682858
finetune,12,"biggrid50-goal(21,3)",8,"biggrid50-goal(27,45)",0.6795918941497803,0.11382897069063747
finetune,12,"biggrid50-goal(21,3)",9,"biggrid50-goal(21,45)",0.8023808598518372,0.29660972361240817
finetune,12,"biggrid50-goal(21,3)",10,"biggrid50-goal(33,3)",0.9081631898880005,0.43277260961649827
finetune,12,"biggrid50-goal(21,3)",11,"biggrid50-goal(21,24)",0.8840134739875793,0.4872176698513353
finetune,12,"biggrid50-goal(21,3)",12,"biggrid50-goal(21,3)",0.9738093614578247,0.907228361638079
finetune,13,"biggrid50-goal(3,17)",0,"biggrid50-goal(40,31)",0.7170068025588989,0.1269676536730945
finetune,13,"biggrid50-goal(3,17)",1,"biggrid50-goal(9,31)",0.899319589138031,0.5807360228752126
finetune,13,"biggrid50-goal(3,17)",2,"biggrid50-goal(15,31)",0.8755101561546326,0.46334295855604185
finetune,13,"biggrid50-goal(3,17)",3,"biggrid50-goal(9,24)",0.9513604044914246,0.7782938912684084
finetune,13,"biggrid50-goal(3,17)",4,"biggrid50-goal(21,17)",0.7833333611488342,0.1607381405234779
finetune,13,"biggrid50-goal(3,17)",5,"biggrid50-goal(27,3)",0.6894557476043701,-0.006615172178215316
finetune,13,"biggrid50-goal(3,17)",6,"biggrid50-goal(3,31)",0.9734691977500916,0.9101376180683726
finetune,13,"biggrid50-goal(3,17)",7,"biggrid50-goal(33,10)",0.861564576625824,0.05787057976452454
finetune,13,"biggrid50-goal(3,17)",8,"biggrid50-goal(27,45)",0.6697278618812561,0.08654745231162035
finetune,13,"biggrid50-goal(3,17)",9,"biggrid50-goal(21,45)",0.7921769022941589,0.260290546627014
finetune,13,"biggrid50-goal(3,17)",10,"biggrid50-goal(33,3)",0.7632652521133423,-0.4621852946882739
finetune,13,"biggrid50-goal(3,17)",11,"biggrid50-goal(21,24)",0.8489795923233032,0.33233109731931293
finetune,13,"biggrid50-goal(3,17)",12,"biggrid50-goal(21,3)",0.8894556760787964,0.6084334474981768
finetune,13,"biggrid50-goal(3,17)",13,"biggrid50-goal(3,17)",0.9051019549369812,0.5779118350379903
finetune,14,"biggrid50-goal(15,45)",0,"biggrid50-goal(40,31)",0.8047618269920349,0.397691386877957
finetune,14,"biggrid50-goal(15,45)",1,"biggrid50-goal(9,31)",0.905102014541626,0.6048158081222395
finetune,14,"biggrid50-goal(15,45)",2,"biggrid50-goal(15,31)",0.8911563158035278,0.5307912056400824
finetune,14,"biggrid50-goal(15,45)",3,"biggrid50-goal(9,24)",0.9221088290214539,0.6449611013077622
finetune,14,"biggrid50-goal(15,45)",4,"biggrid50-goal(21,17)",0.7503401637077332,0.0329384368805212
finetune,14,"biggrid50-goal(15,45)",5,"biggrid50-goal(27,3)",0.6670067310333252,-0.07938264575587795
finetune,14,"biggrid50-goal(15,45)",6,"biggrid50-goal(3,31)",0.8425168991088867,0.466589572876445
finetune,14,"biggrid50-goal(15,45)",7,"biggrid50-goal(33,10)",0.7676870822906494,-0.5810175541786247
finetune,14,"biggrid50-goal(15,45)",8,"biggrid50-goal(27,45)",0.6867346167564392,0.13358400724821168
finetune,14,"biggrid50-goal(15,45)",9,"biggrid50-goal(21,45)",0.946598470211029,0.8099267268867646
finetune,14,"biggrid50-goal(15,45)",10,"biggrid50-goal(33,3)",0.7061223983764648,-0.8151264711588622
finetune,14,"biggrid50-goal(15,45)",11,"biggrid50-goal(21,24)",0.8755100965499878,0.44962380574926847
finetune,14,"biggrid50-goal(15,45)",12,"biggrid50-goal(21,3)",0.726190447807312,0.030120601483059166
finetune,14,"biggrid50-goal(15,45)",13,"biggrid50-goal(3,17)",0.7778911590576172,0.012102799030758055
finetune,14,"biggrid50-goal(15,45)",14,"biggrid50-goal(15,45)",0.9173468351364136,0.6493501666022274
finetune,15,"biggrid50-goal(3,24)",0,"biggrid50-goal(40,31)",0.760204017162323,0.2602308061482109
finetune,15,"biggrid50-goal(3,24)",1,"biggrid50-goal(9,31)",0.9210883975028992,0.6713879887758559
finetune,15,"biggrid50-goal(3,24)",2,"biggrid50-goal(15,31)",0.9136053323745728,0.6275655483833171
finetune,15,"biggrid50-goal(3,24)",3,"biggrid50-goal(9,24)",0.9870746731758118,0.9410845447148176
finetune,15,"biggrid50-goal(3,24)",4,"biggrid50-goal(21,17)",0.755442202091217,0.0527012681292427
finetune,15,"biggrid50-goal(3,24)",5,"biggrid50-goal(27,3)",0.6758503317832947,-0.05071651323874881
finetune,15,"biggrid50-goal(3,24)",6,"biggrid50-goal(3,31)",0.9510203003883362,0.8341010410488093
finetune,15,"biggrid50-goal(3,24)",7,"biggrid50-goal(33,10)",0.787755012512207,-0.44444421908750725
finetune,15,"biggrid50-goal(3,24)",8,"biggrid50-goal(27,45)",0.6785714626312256,0.1110067048595725
finetune,15,"biggrid50-goal(3,24)",9,"biggrid50-goal(21,45)",0.8326529860496521,0.40435798725304956
finetune,15,"biggrid50-goal(3,24)",10,"biggrid50-goal(33,3)",0.7210884094238281,-0.7226893385919358
finetune,15,"biggrid50-goal(3,24)",11,"biggrid50-goal(21,24)",0.8683673143386841,0.41804520233748493
finetune,15,"biggrid50-goal(3,24)",12,"biggrid50-goal(21,3)",0.7367346286773682,0.06746986018571809
finetune,15,"biggrid50-goal(3,24)",13,"biggrid50-goal(3,17)",0.8687073588371277,0.4160357050068664
finetune,15,"biggrid50-goal(3,24)",14,"biggrid50-goal(15,45)",0.8897958397865295,0.5324671416711909
finetune,15,"biggrid50-goal(3,24)",15,"biggrid50-goal(3,24)",0.9897958040237427,0.9632798826315248
finetune,16,"biggrid50-goal(3,10)",0,"biggrid50-goal(40,31)",0.798299252986908,0.37775438415837215
finetune,16,"biggrid50-goal(3,10)",1,"biggrid50-goal(9,31)",0.8901359438896179,0.5424925195125614
finetune,16,"biggrid50-goal(3,10)",2,"biggrid50-goal(15,31)",0.9047619104385376,0.5894428830651067
finetune,16,"biggrid50-goal(3,10)",3,"biggrid50-goal(9,24)",0.9765303730964661,0.8930221437954311
finetune,16,"biggrid50-goal(3,10)",4,"biggrid50-goal(21,17)",0.7527211308479309,0.04216115303114889
finetune,16,"biggrid50-goal(3,10)",5,"biggrid50-goal(27,3)",0.6870747804641724,-0.014332969655682211
finetune,16,"biggrid50-goal(3,10)",6,"biggrid50-goal(3,31)",0.9751699566841125,0.9158982523478411
finetune,16,"biggrid50-goal(3,10)",7,"biggrid50-goal(33,10)",0.847278892993927,-0.03935137766329645
finetune,16,"biggrid50-goal(3,10)",8,"biggrid50-goal(27,45)",0.6717687845230103,0.0921921488257264
finetune,16,"biggrid50-goal(3,10)",9,"biggrid50-goal(21,45)",0.8214285373687744,0.364406553125659
finetune,16,"biggrid50-goal(3,10)",10,"biggrid50-goal(33,3)",0.7826529145240784,-0.34243796089623024
finetune,16,"biggrid50-goal(3,10)",11,"biggrid50-goal(21,24)",0.8710883855819702,0.43007519668771976
finetune,16,"biggrid50-goal(3,10)",12,"biggrid50-goal(21,3)",0.7884352803230286,0.2506022473485282
finetune,16,"biggrid50-goal(3,10)",13,"biggrid50-goal(3,17)",0.8993197083473206,0.5521935196525999
finetune,16,"biggrid50-goal(3,10)",14,"biggrid50-goal(15,45)",0.8768707513809204,0.47763342654898855
finetune,16,"biggrid50-goal(3,10)",15,"biggrid50-goal(3,24)",0.9534012675285339,0.8323130083393391
finetune,16,"biggrid50-goal(3,10)",16,"biggrid50-goal(3,10)",0.7778910994529724,0.339068700605776
finetune,17,"biggrid50-goal(46,31)",0,"biggrid50-goal(40,31)",0.9112244248390198,0.726127873814204
finetune,17,"biggrid50-goal(46,31)",1,"biggrid50-goal(9,31)",0.8414965271949768,0.33994313464380965
finetune,17,"biggrid50-goal(46,31)",2,"biggrid50-goal(15,31)",0.8523808717727661,0.3636360833308923
finetune,17,"biggrid50-goal(46,31)",3,"biggrid50-goal(9,24)",0.8421767950057983,0.28061966221236906
finetune,17,"biggrid50-goal(46,31)",4,"biggrid50-goal(21,17)",0.7537415027618408,0.04611358075313846
finetune,17,"biggrid50-goal(46,31)",5,"biggrid50-goal(27,3)",0.7289114594459534,0.12127873621790829
finetune,17,"biggrid50-goal(46,31)",6,"biggrid50-goal(3,31)",0.781632661819458,0.26036879849570205
finetune,17,"biggrid50-goal(46,31)",7,"biggrid50-goal(33,10)",0.881292462348938,0.1921297244673407
finetune,17,"biggrid50-goal(46,31)",8,"biggrid50-goal(27,45)",0.6768707036972046,0.1063028185731468
finetune,17,"biggrid50-goal(46,31)",9,"biggrid50-goal(21,45)",0.8445577025413513,0.4467307139896105
finetune,17,"biggrid50-goal(46,31)",10,"biggrid50-goal(33,3)",0.8472787737846375,0.05672178185782114
finetune,17,"biggrid50-goal(46,31)",11,"biggrid50-goal(21,24)",0.8880952000617981,0.5052631884070192
finetune,17,"biggrid50-goal(46,31)",12,"biggrid50-goal(21,3)",0.7846938371658325,0.23734942760638505
finetune,17,"biggrid50-goal(46,31)",13,"biggrid50-goal(3,17)",0.7374149560928345,-0.16792752954650295
finetune,17,"biggrid50-goal(46,31)",14,"biggrid50-goal(15,45)",0.7972788214683533,0.13997065211426912
finetune,17,"biggrid50-goal(46,31)",15,"biggrid50-goal(3,24)",0.7969387173652649,0.26927764336456295
finetune,17,"biggrid50-goal(46,31)",16,"biggrid50-goal(3,10)",0.6591836214065552,-0.014170127373645322
finetune,17,"biggrid50-goal(46,31)",17,"biggrid50-goal(46,31)",0.9003400802612305,0.6804797344490956
finetune,18,"biggrid50-goal(46,24)",0,"biggrid50-goal(40,31)",0.9312924146652222,0.7880375041602845
finetune,18,"biggrid50-goal(46,24)",1,"biggrid50-goal(9,31)",0.8023808598518372,0.17705355048568872
finetune,18,"biggrid50-goal(46,24)",2,"biggrid50-goal(15,31)",0.8013604879379272,0.14369486245387164
finetune,18,"biggrid50-goal(46,24)",3,"biggrid50-goal(9,24)",0.8068027496337891,0.11937979441494384
finetune,18,"biggrid50-goal(46,24)",4,"biggrid50-goal(21,17)",0.7639456391334534,0.08563947413017269
finetune,18,"biggrid50-goal(46,24)",5,"biggrid50-goal(27,3)",0.7724488377571106,0.2624031821762272
finetune,18,"biggrid50-goal(46,24)",6,"biggrid50-goal(3,31)",0.7442176938056946,0.1336406990608636
finetune,18,"biggrid50-goal(46,24)",7,"biggrid50-goal(33,10)",0.9112244248390198,0.39583324037359674
finetune,18,"biggrid50-goal(46,24)",8,"biggrid50-goal(27,45)",0.6656462550163269,0.07525871869131269
finetune,18,"biggrid50-goal(46,24)",9,"biggrid50-goal(21,45)",0.7653061151504517,0.1646487460322242
finetune,18,"biggrid50-goal(46,24)",10,"biggrid50-goal(33,3)",0.870067834854126,0.1974777556767248
finetune,18,"biggrid50-goal(46,24)",11,"biggrid50-goal(21,24)",0.8394556641578674,0.2902253265479935
finetune,18,"biggrid50-goal(46,24)",12,"biggrid50-goal(21,3)",0.7989795207977295,0.2879517171808448
finetune,18,"biggrid50-goal(46,24)",13,"biggrid50-goal(3,17)",0.7132652997970581,-0.2753405337193334
finetune,18,"biggrid50-goal(46,24)",14,"biggrid50-goal(15,45)",0.7544217705726624,-0.04184716189559122
finetune,18,"biggrid50-goal(46,24)",15,"biggrid50-goal(3,24)",0.778571367263794,0.20318216136449432
finetune,18,"biggrid50-goal(46,24)",16,"biggrid50-goal(3,10)",0.6693877577781677,0.016194405946160895
finetune,18,"biggrid50-goal(46,24)",17,"biggrid50-goal(46,31)",0.8255100250244141,0.44056664618724434
finetune,18,"biggrid50-goal(46,24)",18,"biggrid50-goal(46,24)",0.9775508046150208,0.850338852055464
finetune,19,"biggrid50-goal(3,45)",0,"biggrid50-goal(40,31)",0.8207482695579529,0.4470094679800601
finetune,19,"biggrid50-goal(3,45)",1,"biggrid50-goal(9,31)",0.885033905506134,0.5212460735973233
finetune,19,"biggrid50-goal(3,45)",2,"biggrid50-goal(15,31)",0.9224489331245422,0.6656889845415738
finetune,19,"biggrid50-goal(3,45)",3,"biggrid50-goal(9,24)",0.9102040529251099,0.5906974595968446
finetune,19,"biggrid50-goal(3,45)",4,"biggrid50-goal(21,17)",0.7479591965675354,0.023715720729893506
finetune,19,"biggrid50-goal(3,45)",5,"biggrid50-goal(27,3)",0.6789115071296692,-0.04079385157430819
finetune,19,"biggrid50-goal(3,45)",6,"biggrid50-goal(3,31)",0.8544216752052307,0.5069121958526824
finetune,19,"biggrid50-goal(3,45)",7,"biggrid50-goal(33,10)",0.7625849843025208,-0.6157401454228316
finetune,19,"biggrid50-goal(3,45)",8,"biggrid50-goal(27,45)",0.6717687845230103,0.0921921488257264
finetune,19,"biggrid50-goal(3,45)",9,"biggrid50-goal(21,45)",0.990135908126831,0.9648905146344682
finetune,19,"biggrid50-goal(3,45)",10,"biggrid50-goal(33,3)",0.7210884094238281,-0.7226893385919358
finetune,19,"biggrid50-goal(3,45)",11,"biggrid50-goal(21,24)",0.878911554813385,0.4646618257173937
finetune,19,"biggrid50-goal(3,45)",12,"biggrid50-goal(21,3)",0.73435378074646,0.059036497139404266
finetune,19,"biggrid50-goal(3,45)",13,"biggrid50-goal(3,17)",0.7863945364952087,0.049924178556847526
finetune,19,"biggrid50-goal(3,45)",14,"biggrid50-goal(15,45)",0.9329931139945984,0.7157283274865986
finetune,19,"biggrid50-goal(3,45)",15,"biggrid50-goal(3,24)",0.9353740811347961,0.7674416160472219
finetune,19,"biggrid50-goal(3,45)",16,"biggrid50-goal(3,10)",0.6717686057090759,0.023279114900910915
finetune,19,"biggrid50-goal(3,45)",17,"biggrid50-goal(46,31)",0.7748299241065979,0.2780808711048091
finetune,19,"biggrid50-goal(3,45)",18,"biggrid50-goal(46,24)",0.753741443157196,-0.6417220161448948
finetune,19,"biggrid50-goal(3,45)",19,"biggrid50-goal(3,45)",0.9734691977500916,0.935854805229691
finetune,20,"biggrid50-goal(21,10)",0,"biggrid50-goal(40,31)",0.7928571105003357,0.36096540665976506
finetune,20,"biggrid50-goal(21,10)",1,"biggrid50-goal(9,31)",0.9030611515045166,0.5963170311865896
finetune,20,"biggrid50-goal(21,10)",2,"biggrid50-goal(15,31)",0.8557823300361633,0.37829925963383043
finetune,20,"biggrid50-goal(21,10)",3,"biggrid50-goal(9,24)",0.9044216275215149,0.564340352350019
finetune,20,"biggrid50-goal(21,10)",4,"biggrid50-goal(21,17)",0.7860543727874756,0.1712780247419805
finetune,20,"biggrid50-goal(21,10)",5,"biggrid50-goal(27,3)",0.7425169348716736,0.1653802704842065
finetune,20,"biggrid50-goal(21,10)",6,"biggrid50-goal(3,31)",0.9585031867027283,0.8594462975397686
finetune,20,"biggrid50-goal(21,10)",7,"biggrid50-goal(33,10)",0.9323128461837769,0.5393515804845399
finetune,20,"biggrid50-goal(21,10)",8,"biggrid50-goal(27,45)",0.6863945722579956,0.13264352672448354
finetune,20,"biggrid50-goal(21,10)",9,"biggrid50-goal(21,45)",0.8425168991088867,0.43946683616209953
finetune,20,"biggrid50-goal(21,10)",10,"biggrid50-goal(33,3)",0.8704079985618591,0.1995787669379537
finetune,20,"biggrid50-goal(21,10)",11,"biggrid50-goal(21,24)",0.935033917427063,0.7127816450092336
finetune,20,"biggrid50-goal(21,10)",12,"biggrid50-goal(21,3)",0.8540815114974976,0.483132218259084
finetune,20,"biggrid50-goal(21,10)",13,"biggrid50-goal(3,17)",0.8357142210006714,0.2692886039840722
finetune,20,"biggrid50-goal(21,10)",14,"biggrid50-goal(15,45)",0.8588435053825378,0.4011541917079959
finetune,20,"biggrid50-goal(21,10)",15,"biggrid50-goal(3,24)",0.9125850200653076,0.6854344692679913
finetune,20,"biggrid50-goal(21,10)",16,"biggrid50-goal(3,10)",0.701020359992981,0.11032380298322579
finetune,20,"biggrid50-goal(21,10)",17,"biggrid50-goal(46,31)",0.7785713076591492,0.2900761433202845
finetune,20,"biggrid50-goal(21,10)",18,"biggrid50-goal(46,24)",0.8105441331863403,-0.26303780718712066
finetune,20,"biggrid50-goal(21,10)",19,"biggrid50-goal(3,45)",0.8234692811965942,0.573190541547752
finetune,20,"biggrid50-goal(21,10)",20,"biggrid50-goal(21,10)",0.7670068144798279,0.12960616729651278
finetune,21,"biggrid50-goal(40,3)",0,"biggrid50-goal(40,31)",0.8224489092826843,0.45225593150838583
finetune,21,"biggrid50-goal(40,3)",1,"biggrid50-goal(9,31)",0.8108843564987183,0.21246470736432424
finetune,21,"biggrid50-goal(40,3)",2,"biggrid50-goal(15,31)",0.7914966344833374,0.10117326993944795
finetune,21,"biggrid50-goal(40,3)",3,"biggrid50-goal(9,24)",0.818027138710022,0.17054213651423705
finetune,21,"biggrid50-goal(40,3)",4,"biggrid50-goal(21,17)",0.7785714268684387,0.14229270822222254
finetune,21,"biggrid50-goal(40,3)",5,"biggrid50-goal(27,3)",0.8197277784347534,0.41565573360325464
finetune,21,"biggrid50-goal(40,3)",6,"biggrid50-goal(3,31)",0.7659863829612732,0.20737334538731353
finetune,21,"biggrid50-goal(40,3)",7,"biggrid50-goal(33,10)",0.9180271029472351,0.44212921741423195
finetune,21,"biggrid50-goal(40,3)",8,"biggrid50-goal(27,45)",0.6625850200653076,0.0667920860500939
finetune,21,"biggrid50-goal(40,3)",9,"biggrid50-goal(21,45)",0.7336733937263489,0.05205768502108156
finetune,21,"biggrid50-goal(40,3)",10,"biggrid50-goal(33,3)",0.9506800770759583,0.6953769284886745
finetune,21,"biggrid50-goal(40,3)",11,"biggrid50-goal(21,24)",0.8619046807289124,0.3894735704829284
finetune,21,"biggrid50-goal(40,3)",12,"biggrid50-goal(21,3)",0.899319589138031,0.64337308341775
finetune,21,"biggrid50-goal(40,3)",13,"biggrid50-goal(3,17)",0.806122362613678,0.13766973663978452
finetune,21,"biggrid50-goal(40,3)",14,"biggrid50-goal(15,45)",0.7523809671401978,-0.05050511691488633
finetune,21,"biggrid50-goal(40,3)",15,"biggrid50-goal(3,24)",0.7857142686843872,0.22888611482892343
finetune,21,"biggrid50-goal(40,3)",16,"biggrid50-goal(3,10)",0.7068027257919312,0.1275304368986626
finetune,21,"biggrid50-goal(40,3)",17,"biggrid50-goal(46,31)",0.7272108793258667,0.12540916643655184
finetune,21,"biggrid50-goal(40,3)",18,"biggrid50-goal(46,24)",0.8370746374130249,-0.08616796174180487
finetune,21,"biggrid50-goal(40,3)",19,"biggrid50-goal(3,45)",0.6506803035736084,0.15542772686214504
finetune,21,"biggrid50-goal(40,3)",20,"biggrid50-goal(21,10)",0.7503401637077332,0.06734447491496409
finetune,21,"biggrid50-goal(40,3)",21,"biggrid50-goal(40,3)",0.9789114594459534,0.8037966646092897
finetune,22,"biggrid50-goal(15,38)",0,"biggrid50-goal(40,31)",0.8098639249801636,0.41343132910286795
finetune,22,"biggrid50-goal(15,38)",1,"biggrid50-goal(9,31)",0.8649659752845764,0.43767708370823677
finetune,22,"biggrid50-goal(15,38)",2,"biggrid50-goal(15,31)",0.877210795879364,0.4706741612874879
finetune,22,"biggrid50-goal(15,38)",3,"biggrid50-goal(9,24)",0.9095237851142883,0.5875967033579074
finetune,22,"biggrid50-goal(15,38)",4,"biggrid50-goal(21,17)",0.7676870822906494,0.10013201695025607
finetune,22,"biggrid50-goal(15,38)",5,"biggrid50-goal(27,3)",0.728571355342865,0.12017630412442142
finetune,22,"biggrid50-goal(15,38)",6,"biggrid50-goal(3,31)",0.8568026423454285,0.5149767608252642
finetune,22,"biggrid50-goal(15,38)",7,"biggrid50-goal(33,10)",0.9255101680755615,0.4930556034439047
finetune,22,"biggrid50-goal(15,38)",8,"biggrid50-goal(27,45)",0.6897959113121033,0.1420508047414066
finetune,22,"biggrid50-goal(15,38)",9,"biggrid50-goal(21,45)",0.9397957921028137,0.7857138007950615
finetune,22,"biggrid50-goal(15,38)",10,"biggrid50-goal(33,3)",0.9095237851142883,0.44117628651505664
finetune,22,"biggrid50-goal(15,38)",11,"biggrid50-goal(21,24)",0.8942175507545471,0.5323304121798818
finetune,22,"biggrid50-goal(15,38)",12,"biggrid50-goal(21,3)",0.8034012913703918,0.3036143708357314
finetune,22,"biggrid50-goal(15,38)",13,"biggrid50-goal(3,17)",0.7710883617401123,-0.018154728766019267
finetune,22,"biggrid50-goal(15,38)",14,"biggrid50-goal(15,45)",0.8602039813995361,0.40692590885263824
finetune,22,"biggrid50-goal(15,38)",15,"biggrid50-goal(3,24)",0.9159862995147705,0.6976740794124713
finetune,22,"biggrid50-goal(15,38)",16,"biggrid50-goal(3,10)",0.6778911352157593,0.041497976785623704
finetune,22,"biggrid50-goal(15,38)",17,"biggrid50-goal(46,31)",0.7999998927116394,0.35877845819570237
finetune,22,"biggrid50-goal(15,38)",18,"biggrid50-goal(46,24)",0.863605260848999,0.09070267843128685
finetune,22,"biggrid50-goal(15,38)",19,"biggrid50-goal(3,45)",0.8663263916969299,0.6768088820126045
finetune,22,"biggrid50-goal(15,38)",20,"biggrid50-goal(21,10)",0.7608843445777893,0.10673442522495882
finetune,22,"biggrid50-goal(15,38)",21,"biggrid50-goal(40,3)",0.9275509119033813,0.32594895819642905
finetune,22,"biggrid50-goal(15,38)",22,"biggrid50-goal(15,38)",0.94047611951828,0.7463765171390041
finetune,23,"biggrid50-goal(40,45)",0,"biggrid50-goal(40,31)",0.9738094210624695,0.9192022183280529
finetune,23,"biggrid50-goal(40,45)",1,"biggrid50-goal(9,31)",0.8142856359481812,0.22662867369189205
finetune,23,"biggrid50-goal(40,45)",2,"biggrid50-goal(15,31)",0.8132652044296265,0.19501430936072178
finetune,23,"biggrid50-goal(40,45)",3,"biggrid50-goal(9,24)",0.8064625263214111,0.11782900876595988
finetune,23,"biggrid50-goal(40,45)",4,"biggrid50-goal(21,17)",0.7486394047737122,0.026350518624825743
finetune,23,"biggrid50-goal(40,45)",5,"biggrid50-goal(27,3)",0.734013557434082,0.13781695647209366
finetune,23,"biggrid50-goal(40,45)",6,"biggrid50-goal(3,31)",0.7659863829612732,0.20737334538731353
finetune,23,"biggrid50-goal(40,45)",7,"biggrid50-goal(33,10)",0.8554421067237854,0.01620379478546583
finetune,23,"biggrid50-goal(40,45)",8,"biggrid50-goal(27,45)",0.676530659198761,0.10536233804941866
finetune,23,"biggrid50-goal(40,45)",9,"biggrid50-goal(21,45)",0.8602040410041809,0.5024210804570097
finetune,23,"biggrid50-goal(40,45)",10,"biggrid50-goal(33,3)",0.8125849962234497,-0.1575633276160204
finetune,23,"biggrid50-goal(40,45)",11,"biggrid50-goal(21,24)",0.8619047403335571,0.38947383399809427
finetune,23,"biggrid50-goal(40,45)",12,"biggrid50-goal(21,3)",0.7418367266654968,0.0855423477533482
finetune,23,"biggrid50-goal(40,45)",13,"biggrid50-goal(3,17)",0.7074830532073975,-0.30105884910472375
finetune,23,"biggrid50-goal(40,45)",14,"biggrid50-goal(15,45)",0.7996598482131958,0.15007197893911162
finetune,23,"biggrid50-goal(40,45)",15,"biggrid50-goal(3,24)",0.7789115905761719,0.20440646556161846
finetune,23,"biggrid50-goal(40,45)",16,"biggrid50-goal(3,10)",0.6537415385246277,-0.03036417858773358
finetune,23,"biggrid50-goal(40,45)",17,"biggrid50-goal(46,31)",0.8717686533927917,0.5888767116481413
finetune,23,"biggrid50-goal(40,45)",18,"biggrid50-goal(46,24)",0.9139454364776611,0.42630350256399047
finetune,23,"biggrid50-goal(40,45)",19,"biggrid50-goal(3,45)",0.8227890133857727,0.5715458151346534
finetune,23,"biggrid50-goal(40,45)",20,"biggrid50-goal(21,10)",0.745918333530426,0.05082582134577172
finetune,23,"biggrid50-goal(40,45)",21,"biggrid50-goal(40,3)",0.8187073469161987,-0.6867086238477164
finetune,23,"biggrid50-goal(40,45)",22,"biggrid50-goal(15,38)",0.8319727778434753,0.2840579452496629
finetune,23,"biggrid50-goal(40,45)",23,"biggrid50-goal(40,45)",0.9489794373512268,0.8761350473148917
finetune,24,"biggrid50-goal(15,17)",0,"biggrid50-goal(40,31)",0.7867346405982971,0.3420776230938542
finetune,24,"biggrid50-goal(15,17)",1,"biggrid50-goal(9,31)",0.8489795923233032,0.3711049030546203
finetune,24,"biggrid50-goal(15,17)",2,"biggrid50-goal(15,31)",0.843197226524353,0.32404676635170143
finetune,24,"biggrid50-goal(15,17)",3,"biggrid50-goal(9,24)",0.8812924027442932,0.4589140968534646
finetune,24,"biggrid50-goal(15,17)",4,"biggrid50-goal(21,17)",0.7931972146034241,0.19894594231427237
finetune,24,"biggrid50-goal(15,17)",5,"biggrid50-goal(27,3)",0.7465985417366028,0.17861061484063712
finetune,24,"biggrid50-goal(15,17)",6,"biggrid50-goal(3,31)",0.877210795879364,0.584101141992145
finetune,24,"biggrid50-goal(15,17)",7,"biggrid50-goal(33,10)",0.9421767592430115,0.6064809500147046
finetune,24,"biggrid50-goal(15,17)",8,"biggrid50-goal(27,45)",0.6863946318626404,0.13264369157645967
finetune,24,"biggrid50-goal(15,17)",9,"biggrid50-goal(21,45)",0.8282312154769897,0.3886194792173622
finetune,24,"biggrid50-goal(15,17)",10,"biggrid50-goal(33,3)",0.9088433980941772,0.43697389584624147
finetune,24,"biggrid50-goal(15,17)",11,"biggrid50-goal(21,24)",0.9051019549369812,0.5804509166111528
finetune,24,"biggrid50-goal(15,17)",12,"biggrid50-goal(21,3)",0.8384352326393127,0.4277104719887949
finetune,24,"biggrid50-goal(15,17)",13,"biggrid50-goal(3,17)",0.8425169587135315,0.29954586667090843
finetune,24,"biggrid50-goal(15,17)",14,"biggrid50-goal(15,45)",0.8057822585105896,0.17604584399699694
finetune,24,"biggrid50-goal(15,17)",15,"biggrid50-goal(3,24)",0.9040815234184265,0.6548343714609286
finetune,24,"biggrid50-goal(15,17)",16,"biggrid50-goal(3,10)",0.6955782771110535,0.09412975176913753
finetune,24,"biggrid50-goal(15,17)",17,"biggrid50-goal(46,31)",0.7700679898262024,0.2628136050885791
finetune,24,"biggrid50-goal(15,17)",18,"biggrid50-goal(46,24)",0.8108842968940735,-0.2607700514784917
finetune,24,"biggrid50-goal(15,17)",19,"biggrid50-goal(3,45)",0.8013604283332825,0.5197365728472717
finetune,24,"biggrid50-goal(15,17)",20,"biggrid50-goal(21,10)",0.7853740453720093,0.19822072551504727
finetune,24,"biggrid50-goal(15,17)",21,"biggrid50-goal(40,3)",0.9319725632667542,0.3670870703007375
finetune,24,"biggrid50-goal(15,17)",22,"biggrid50-goal(15,38)",0.8904761075973511,0.5333329947098547
finetune,24,"biggrid50-goal(15,17)",23,"biggrid50-goal(40,45)",0.6942176222801208,0.25763814074434765
finetune,24,"biggrid50-goal(15,17)",24,"biggrid50-goal(15,17)",0.9588434100151062,0.7463304798131386
finetune,25,"biggrid50-goal(15,24)",0,"biggrid50-goal(40,31)",0.7717685699462891,0.2959073833327511
finetune,25,"biggrid50-goal(15,24)",1,"biggrid50-goal(9,31)",0.8911564350128174,0.5467421561923295
finetune,25,"biggrid50-goal(15,24)",2,"biggrid50-goal(15,31)",0.8710883855819702,0.4442813689502546
finetune,25,"biggrid50-goal(15,24)",3,"biggrid50-goal(9,24)",0.9568026065826416,0.8031002128662502
finetune,25,"biggrid50-goal(15,24)",4,"biggrid50-goal(21,17)",0.7976189851760864,0.21607374478847044
finetune,25,"biggrid50-goal(15,24)",5,"biggrid50-goal(27,3)",0.7129250764846802,0.06945959767990789
finetune,25,"biggrid50-goal(15,24)",6,"biggrid50-goal(3,31)",0.8925169706344604,0.6359446297539769
finetune,25,"biggrid50-goal(15,24)",7,"biggrid50-goal(33,10)",0.9146257638931274,0.41898122889391437
finetune,25,"biggrid50-goal(15,24)",8,"biggrid50-goal(27,45)",0.706462562084198,0.18814671430229368
finetune,25,"biggrid50-goal(15,24)",9,"biggrid50-goal(21,45)",0.8527210354804993,0.47578664960397554
finetune,25,"biggrid50-goal(15,24)",10,"biggrid50-goal(33,3)",0.892857015132904,0.3382344657883431
finetune,25,"biggrid50-goal(15,24)",11,"biggrid50-goal(21,24)",0.9316325783729553,0.69774415207144
finetune,25,"biggrid50-goal(15,24)",12,"biggrid50-goal(21,3)",0.84183669090271,0.43975900816353936
finetune,25,"biggrid50-goal(15,24)",13,"biggrid50-goal(3,17)",0.8013604283332825,0.11648957322601683
finetune,25,"biggrid50-goal(15,24)",14,"biggrid50-goal(15,45)",0.8244898319244385,0.25541131671264233
finetune,25,"biggrid50-goal(15,24)",15,"biggrid50-goal(3,24)",0.9547617435455322,0.8372087237036274
finetune,25,"biggrid50-goal(15,24)",16,"biggrid50-goal(3,10)",0.6918366551399231,0.08299577620521109
finetune,25,"biggrid50-goal(15,24)",17,"biggrid50-goal(46,31)",0.7727891206741333,0.2715378389973428
finetune,25,"biggrid50-goal(15,24)",18,"biggrid50-goal(46,24)",0.7802720665931702,-0.46485137597180304
finetune,25,"biggrid50-goal(15,24)",19,"biggrid50-goal(3,45)",0.8523808717727661,0.6430919184891286
finetune,25,"biggrid50-goal(15,24)",20,"biggrid50-goal(21,10)",0.7612244486808777,0.10800495385928083
finetune,25,"biggrid50-goal(15,24)",21,"biggrid50-goal(40,3)",0.8612242937088013,-0.29113991438871784
finetune,25,"biggrid50-goal(15,24)",22,"biggrid50-goal(15,38)",0.8999999165534973,0.5739127011740922
finetune,25,"biggrid50-goal(15,24)",23,"biggrid50-goal(40,45)",0.7085033655166626,0.29232029276699684
finetune,25,"biggrid50-goal(15,24)",24,"biggrid50-goal(15,17)",0.9513604640960693,0.7002091830399358
finetune,25,"biggrid50-goal(15,24)",25,"biggrid50-goal(15,24)",0.939115583896637,0.6945390159361561
finetune,26,"biggrid50-goal(21,38)",0,"biggrid50-goal(40,31)",0.8360543847084045,0.49422874301485936
finetune,26,"biggrid50-goal(21,38)",1,"biggrid50-goal(9,31)",0.8840134739875793,0.5169966851294984
finetune,26,"biggrid50-goal(21,38)",2,"biggrid50-goal(15,31)",0.8877550363540649,0.5161288001771904
finetune,26,"biggrid50-goal(21,38)",3,"biggrid50-goal(9,24)",0.9241496324539185,0.654263370024574
finetune,26,"biggrid50-goal(21,38)",4,"biggrid50-goal(21,17)",0.7931972742080688,0.1989461731938636
finetune,26,"biggrid50-goal(21,38)",5,"biggrid50-goal(27,3)",0.7156462073326111,0.07828002045662637
finetune,26,"biggrid50-goal(21,38)",6,"biggrid50-goal(3,31)",0.8482992053031921,0.4861748007479497
finetune,26,"biggrid50-goal(21,38)",7,"biggrid50-goal(33,10)",0.8510202765464783,-0.013889198754677565
finetune,26,"biggrid50-goal(21,38)",8,"biggrid50-goal(27,45)",0.6904762387275696,0.14393242519676733
finetune,26,"biggrid50-goal(21,38)",9,"biggrid50-goal(21,45)",0.9054420590400696,0.6634377814993981
finetune,26,"biggrid50-goal(21,38)",10,"biggrid50-goal(33,3)",0.8051020503044128,-0.20378152575312622
finetune,26,"biggrid50-goal(21,38)",11,"biggrid50-goal(21,24)",0.9639455080032349,0.8406012572835592
finetune,26,"biggrid50-goal(21,38)",12,"biggrid50-goal(21,3)",0.8346937298774719,0.4144574411169941
finetune,26,"biggrid50-goal(21,38)",13,"biggrid50-goal(3,17)",0.76666659116745,-0.03782190974597165
finetune,26,"biggrid50-goal(21,38)",14,"biggrid50-goal(15,45)",0.8309523463249207,0.282828047839633
finetune,26,"biggrid50-goal(21,38)",15,"biggrid50-goal(3,24)",0.9010202884674072,0.6438184220460551
finetune,26,"biggrid50-goal(21,38)",16,"biggrid50-goal(3,10)",0.6734693646430969,0.028340077381254325
finetune,26,"biggrid50-goal(21,38)",17,"biggrid50-goal(46,31)",0.8122447729110718,0.39803684193930894
finetune,26,"biggrid50-goal(21,38)",18,"biggrid50-goal(46,24)",0.7921768426895142,-0.3854862839919971
finetune,26,"biggrid50-goal(21,38)",19,"biggrid50-goal(3,45)",0.8489795327186584,0.6348682864236359
finetune,26,"biggrid50-goal(21,38)",20,"biggrid50-goal(21,10)",0.7523810267448425,0.07496853738239928
finetune,26,"biggrid50-goal(21,38)",21,"biggrid50-goal(40,3)",0.7272108793258667,-1.5379724688579117
finetune,26,"biggrid50-goal(21,38)",22,"biggrid50-goal(15,38)",0.9119047522544861,0.6246376517139004
finetune,26,"biggrid50-goal(21,38)",23,"biggrid50-goal(40,45)",0.7792516350746155,0.4640791014982024
finetune,26,"biggrid50-goal(21,38)",24,"biggrid50-goal(15,17)",0.9108842611312866,0.4507332427632734
finetune,26,"biggrid50-goal(21,38)",25,"biggrid50-goal(15,24)",0.9302720427513123,0.650170408109255
finetune,26,"biggrid50-goal(21,38)",26,"biggrid50-goal(21,38)",0.9149658679962158,0.6118007842155532
finetune,27,"biggrid50-goal(33,17)",0,"biggrid50-goal(40,31)",0.8295918107032776,0.4742917402952745
finetune,27,"biggrid50-goal(33,17)",1,"biggrid50-goal(9,31)",0.8414965867996216,0.3399433828557529
finetune,27,"biggrid50-goal(33,17)",2,"biggrid50-goal(15,31)",0.8258503675460815,0.24926705958953282
finetune,27,"biggrid50-goal(33,17)",3,"biggrid50-goal(9,24)",0.861564576625824,0.3689918942379402
finetune,27,"biggrid50-goal(33,17)",4,"biggrid50-goal(21,17)",0.7989795207977295,0.22134380233751733
finetune,27,"biggrid50-goal(33,17)",5,"biggrid50-goal(27,3)",0.7717686295509338,0.2601983179892535
finetune,27,"biggrid50-goal(33,17)",6,"biggrid50-goal(3,31)",0.8309523463249207,0.4274193190201067
finetune,27,"biggrid50-goal(33,17)",7,"biggrid50-goal(33,10)",0.9431971907615662,0.6134255493920433
finetune,27,"biggrid50-goal(33,17)",8,"biggrid50-goal(27,45)",0.6897958517074585,0.14205063988943048
finetune,27,"biggrid50-goal(33,17)",9,"biggrid50-goal(21,45)",0.803741455078125,0.3014525209829094
finetune,27,"biggrid50-goal(33,17)",10,"biggrid50-goal(33,3)",0.9204080104827881,0.5084023883863078
finetune,27,"biggrid50-goal(33,17)",11,"biggrid50-goal(21,24)",0.9020407199859619,0.5669170412095557
finetune,27,"biggrid50-goal(33,17)",12,"biggrid50-goal(21,3)",0.9098637700080872,0.6807223421204089
finetune,27,"biggrid50-goal(33,17)",13,"biggrid50-goal(3,17)",0.7608843445777893,-0.06354022513136198
finetune,27,"biggrid50-goal(33,17)",14,"biggrid50-goal(15,45)",0.7789115905761719,0.06204905694061314
finetune,27,"biggrid50-goal(33,17)",15,"biggrid50-goal(3,24)",0.8261904120445251,0.37454077868149216
finetune,27,"biggrid50-goal(33,17)",16,"biggrid50-goal(3,10)",0.6829931735992432,0.05668015476250865
finetune,27,"biggrid50-goal(33,17)",17,"biggrid50-goal(46,31)",0.7704080939292908,0.26390401489041915
finetune,27,"biggrid50-goal(33,17)",18,"biggrid50-goal(46,24)",0.8306122422218323,-0.12925055183909942
finetune,27,"biggrid50-goal(33,17)",19,"biggrid50-goal(3,45)",0.7411563992500305,0.37417749268353984
finetune,27,"biggrid50-goal(33,17)",20,"biggrid50-goal(21,10)",0.7506802082061768,0.06861478088391029
finetune,27,"biggrid50-goal(33,17)",21,"biggrid50-goal(40,3)",0.8986393213272095,0.056961614669375084
finetune,27,"biggrid50-goal(33,17)",22,"biggrid50-goal(15,38)",0.8646257519721985,0.4231880046018931
finetune,27,"biggrid50-goal(33,17)",23,"biggrid50-goal(40,45)",0.7244897484779358,0.33113116560537664
finetune,27,"biggrid50-goal(33,17)",24,"biggrid50-goal(15,17)",0.9197278618812561,0.5052409646078755
finetune,27,"biggrid50-goal(33,17)",25,"biggrid50-goal(15,24)",0.9010202884674072,0.5034124982693043
finetune,27,"biggrid50-goal(33,17)",26,"biggrid50-goal(21,38)",0.8568027019500732,0.3462733434738953
finetune,27,"biggrid50-goal(33,17)",27,"biggrid50-goal(33,17)",0.9738094210624695,0.8188229065604411
finetune,28,"biggrid50-goal(27,17)",0,"biggrid50-goal(40,31)",0.8649657964706421,0.5834202779161985
finetune,28,"biggrid50-goal(27,17)",1,"biggrid50-goal(9,31)",0.8166666030883789,0.23654374797552133
finetune,28,"biggrid50-goal(27,17)",2,"biggrid50-goal(15,31)",0.8384353518486023,0.3035190389782978
finetune,28,"biggrid50-goal(27,17)",3,"biggrid50-goal(9,24)",0.8506801724433899,0.31937925104225673
finetune,28,"biggrid50-goal(27,17)",4,"biggrid50-goal(21,17)",0.7761905193328857,0.13307022295118606
finetune,28,"biggrid50-goal(27,17)",5,"biggrid50-goal(27,3)",0.7659863233566284,0.24145523354809442
finetune,28,"biggrid50-goal(27,17)",6,"biggrid50-goal(3,31)",0.7867346405982971,0.2776496919007509
finetune,28,"biggrid50-goal(27,17)",7,"biggrid50-goal(33,10)",0.9421768188476562,0.6064813556571915
finetune,28,"biggrid50-goal(27,17)",8,"biggrid50-goal(27,45)",0.6809523105621338,0.11759155219345445
finetune,28,"biggrid50-goal(27,17)",9,"biggrid50-goal(21,45)",0.8663265109062195,0.5242129260917032
finetune,28,"biggrid50-goal(27,17)",10,"biggrid50-goal(33,3)",0.9010202884674072,0.38865468644790674
finetune,28,"biggrid50-goal(27,17)",11,"biggrid50-goal(21,24)",0.8482992053031921,0.32932307170142255
finetune,28,"biggrid50-goal(27,17)",12,"biggrid50-goal(21,3)",0.821088433265686,0.36626519658493556
finetune,28,"biggrid50-goal(27,17)",13,"biggrid50-goal(3,17)",0.7574829459190369,-0.07866898902975064
finetune,28,"biggrid50-goal(27,17)",14,"biggrid50-goal(15,45)",0.7853740453720093,0.0894655351993828
finetune,28,"biggrid50-goal(27,17)",15,"biggrid50-goal(3,24)",0.8112244009971619,0.32068512131507604
finetune,28,"biggrid50-goal(27,17)",16,"biggrid50-goal(3,10)",0.6826531291007996,0.05566828152530535
finetune,28,"biggrid50-goal(27,17)",17,"biggrid50-goal(46,31)",0.7925170063972473,0.3347875315671344
finetune,28,"biggrid50-goal(27,17)",18,"biggrid50-goal(46,24)",0.8918365836143494,0.2789113024197474
finetune,28,"biggrid50-goal(27,17)",19,"biggrid50-goal(3,45)",0.7948978543281555,0.50411159986788
finetune,28,"biggrid50-goal(27,17)",20,"biggrid50-goal(21,10)",0.7551019787788391,0.08513321178772686
finetune,28,"biggrid50-goal(27,17)",21,"biggrid50-goal(40,3)",0.9153059720993042,0.2120246197595808
finetune,28,"biggrid50-goal(27,17)",22,"biggrid50-goal(15,38)",0.8676870465278625,0.43623178099865145
finetune,28,"biggrid50-goal(27,17)",23,"biggrid50-goal(40,45)",0.8010203242301941,0.5169279434608931
finetune,28,"biggrid50-goal(27,17)",24,"biggrid50-goal(15,17)",0.8931971788406372,0.34171853382306805
finetune,28,"biggrid50-goal(27,17)",25,"biggrid50-goal(15,24)",0.8741496205329895,0.3686006499341663
finetune,28,"biggrid50-goal(27,17)",26,"biggrid50-goal(21,38)",0.8649659752845764,0.3835404529511484
finetune,28,"biggrid50-goal(27,17)",27,"biggrid50-goal(33,17)",0.9724489450454712,0.8094116182096988
finetune,28,"biggrid50-goal(27,17)",28,"biggrid50-goal(27,17)",0.8197279572486877,0.29521300580358234
finetune,29,"biggrid50-goal(3,3)",0,"biggrid50-goal(40,31)",0.6877550482749939,0.036726164098169846
finetune,29,"biggrid50-goal(3,3)",1,"biggrid50-goal(9,31)",0.8268706798553467,0.2790366398059975
finetune,29,"biggrid50-goal(3,3)",2,"biggrid50-goal(15,31)",0.8204081058502197,0.2258062858408503
finetune,29,"biggrid50-goal(3,3)",3,"biggrid50-goal(9,24)",0.893197238445282,0.5131780102507257
finetune,29,"biggrid50-goal(3,3)",4,"biggrid50-goal(21,17)",0.7724488973617554,0.11857698749232902
finetune,29,"biggrid50-goal(3,3)",5,"biggrid50-goal(27,3)",0.7585033178329468,0.21719940902220689
finetune,29,"biggrid50-goal(3,3)",6,"biggrid50-goal(3,31)",0.887414813041687,0.618663130688914
finetune,29,"biggrid50-goal(3,3)",7,"biggrid50-goal(33,10)",0.8482992649078369,-0.03240718392844467
finetune,29,"biggrid50-goal(3,3)",8,"biggrid50-goal(27,45)",0.660544216632843,0.06114771923994007
finetune,29,"biggrid50-goal(3,3)",9,"biggrid50-goal(21,45)",0.7476190328598022,0.10169471388947467
finetune,29,"biggrid50-goal(3,3)",10,"biggrid50-goal(33,3)",0.9020406603813171,0.39495698393887885
finetune,29,"biggrid50-goal(3,3)",11,"biggrid50-goal(21,24)",0.827551007270813,0.23759423302329896
finetune,29,"biggrid50-goal(3,3)",12,"biggrid50-goal(21,3)",0.928571343421936,0.7469877076090706
finetune,29,"biggrid50-goal(3,3)",13,"biggrid50-goal(3,17)",0.8380952477455139,0.27987895080089714
finetune,29,"biggrid50-goal(3,3)",14,"biggrid50-goal(15,45)",0.7952380776405334,0.13131294996319504
finetune,29,"biggrid50-goal(3,3)",15,"biggrid50-goal(3,24)",0.8670066595077515,0.5214193177528398
finetune,29,"biggrid50-goal(3,3)",16,"biggrid50-goal(3,10)",0.7241495847702026,0.17914962918082786
finetune,29,"biggrid50-goal(3,3)",17,"biggrid50-goal(46,31)",0.6802720427513123,-0.025081718628025215
finetune,29,"biggrid50-goal(3,3)",18,"biggrid50-goal(46,24)",0.6795917749404907,-1.1360526268733224
finetune,29,"biggrid50-goal(3,3)",19,"biggrid50-goal(3,45)",0.7421768307685852,0.3766446543581431
finetune,29,"biggrid50-goal(3,3)",20,"biggrid50-goal(21,10)",0.7452381253242493,0.04828476407712772
finetune,29,"biggrid50-goal(3,3)",21,"biggrid50-goal(40,3)",0.8326530456542969,-0.5569607828458015
finetune,29,"biggrid50-goal(3,3)",22,"biggrid50-goal(15,38)",0.8506801724433899,0.36376771106613065
finetune,29,"biggrid50-goal(3,3)",23,"biggrid50-goal(40,45)",0.5874149799346924,-0.0016515172672765014
finetune,29,"biggrid50-goal(3,3)",24,"biggrid50-goal(15,17)",0.8996597528457642,0.38155074654172016
finetune,29,"biggrid50-goal(3,3)",25,"biggrid50-goal(15,24)",0.8612244129180908,0.3037540620885393
finetune,29,"biggrid50-goal(3,3)",26,"biggrid50-goal(21,38)",0.8146257400512695,0.15372638441800157
finetune,29,"biggrid50-goal(3,3)",27,"biggrid50-goal(33,17)",0.8346937894821167,-0.14352946609441636
finetune,29,"biggrid50-goal(3,3)",28,"biggrid50-goal(27,17)",0.7738094925880432,0.11569134402857865
finetune,29,"biggrid50-goal(3,3)",29,"biggrid50-goal(3,3)",0.8442175388336182,0.5715618672429892
finetune,30,"biggrid50-goal(9,10)",0,"biggrid50-goal(40,31)",0.7608842849731445,0.26232942833553685
finetune,30,"biggrid50-goal(9,10)",1,"biggrid50-goal(9,31)",0.8602040410041809,0.4178469351409782
finetune,30,"biggrid50-goal(9,10)",2,"biggrid50-goal(15,31)",0.8265305757522583,0.2521993351247656
finetune,30,"biggrid50-goal(9,10)",3,"biggrid50-goal(9,24)",0.9030611515045166,0.5581391115584879
finetune,30,"biggrid50-goal(9,10)",4,"biggrid50-goal(21,17)",0.7908162474632263,0.18972322616364468
finetune,30,"biggrid50-goal(9,10)",5,"biggrid50-goal(27,3)",0.7438774704933167,0.16979038526968337
finetune,30,"biggrid50-goal(9,10)",6,"biggrid50-goal(3,31)",0.8765305280685425,0.5817970094123603
finetune,30,"biggrid50-goal(9,10)",7,"biggrid50-goal(33,10)",0.9040815830230713,0.3472222616596862
finetune,30,"biggrid50-goal(9,10)",8,"biggrid50-goal(27,45)",0.6666666865348816,0.07808098452237766
finetune,30,"biggrid50-goal(9,10)",9,"biggrid50-goal(21,45)",0.7755101919174194,0.20096834732193963
finetune,30,"biggrid50-goal(9,10)",10,"biggrid50-goal(33,3)",0.9153059720993042,0.4768897964923751
finetune,30,"biggrid50-goal(9,10)",11,"biggrid50-goal(21,24)",0.8608843088150024,0.38496245435917326
finetune,30,"biggrid50-goal(9,10)",12,"biggrid50-goal(21,3)",0.8826529383659363,0.5843370085376611
finetune,30,"biggrid50-goal(9,10)",13,"biggrid50-goal(3,17)",0.8506802320480347,0.33585452887312367
finetune,30,"biggrid50-goal(9,10)",14,"biggrid50-goal(15,45)",0.8068026900291443,0.180374947940755
finetune,30,"biggrid50-goal(9,10)",15,"biggrid50-goal(3,24)",0.8846937417984009,0.5850668348261779
finetune,30,"biggrid50-goal(9,10)",16,"biggrid50-goal(3,10)",0.7102040648460388,0.1376518297612405
finetune,30,"biggrid50-goal(9,10)",17,"biggrid50-goal(46,31)",0.750680148601532,0.2006541312218189
finetune,30,"biggrid50-goal(9,10)",18,"biggrid50-goal(46,24)",0.7534013390541077,-0.6439893744896358
finetune,30,"biggrid50-goal(9,10)",19,"biggrid50-goal(3,45)",0.7795918583869934,0.467105327628118
finetune,30,"biggrid50-goal(9,10)",20,"biggrid50-goal(21,10)",0.7527210712432861,0.07623884335134548
finetune,30,"biggrid50-goal(9,10)",21,"biggrid50-goal(40,3)",0.925510048866272,0.3069611987575883
finetune,30,"biggrid50-goal(9,10)",22,"biggrid50-goal(15,38)",0.9139454364776611,0.6333327407422458
finetune,30,"biggrid50-goal(9,10)",23,"biggrid50-goal(40,45)",0.665306031703949,0.18744815041787163
finetune,30,"biggrid50-goal(9,10)",24,"biggrid50-goal(15,17)",0.9448978304862976,0.6603766029467844
finetune,30,"biggrid50-goal(9,10)",25,"biggrid50-goal(15,24)",0.8795917630195618,0.3959042245720808
finetune,30,"biggrid50-goal(9,10)",26,"biggrid50-goal(21,38)",0.8241495490074158,0.19720463345677972
finetune,30,"biggrid50-goal(9,10)",27,"biggrid50-goal(33,17)",0.9074829816818237,0.3600002309012695
finetune,30,"biggrid50-goal(9,10)",28,"biggrid50-goal(27,17)",0.7806121706962585,0.14228692137491655
finetune,30,"biggrid50-goal(9,10)",29,"biggrid50-goal(3,3)",0.8057821393013,0.4658555464922312
finetune,30,"biggrid50-goal(9,10)",30,"biggrid50-goal(9,10)",0.9401358962059021,0.7517624479879187
finetune,31,"biggrid50-goal(46,17)",0,"biggrid50-goal(40,31)",0.8775508999824524,0.6222452480816721
finetune,31,"biggrid50-goal(46,17)",1,"biggrid50-goal(9,31)",0.7962585091590881,0.15155821252651214
finetune,31,"biggrid50-goal(46,17)",2,"biggrid50-goal(15,31)",0.8115646243095398,0.1876833635759578
finetune,31,"biggrid50-goal(46,17)",3,"biggrid50-goal(9,24)",0.809183657169342,0.1302323054080525
finetune,31,"biggrid50-goal(46,17)",4,"biggrid50-goal(21,17)",0.7455782294273376,0.014493004579265813
finetune,31,"biggrid50-goal(46,17)",5,"biggrid50-goal(27,3)",0.7833332419395447,0.2976844868715717
finetune,31,"biggrid50-goal(46,17)",6,"biggrid50-goal(3,31)",0.7486394047737122,0.14861745988612785
finetune,31,"biggrid50-goal(46,17)",7,"biggrid50-goal(33,10)",0.9435372948646545,0.6157401454228316
finetune,31,"biggrid50-goal(46,17)",8,"biggrid50-goal(27,45)",0.6782312989234924,0.11006589463189213
finetune,31,"biggrid50-goal(46,17)",9,"biggrid50-goal(21,45)",0.7704080939292908,0.1828083345249213
finetune,31,"biggrid50-goal(46,17)",10,"biggrid50-goal(33,3)",0.9224488139152527,0.5210073515146093
finetune,31,"biggrid50-goal(46,17)",11,"biggrid50-goal(21,24)",0.8585033416748047,0.37443607754513486
finetune,31,"biggrid50-goal(46,17)",12,"biggrid50-goal(21,3)",0.8428570628166199,0.44337333677333923
finetune,31,"biggrid50-goal(46,17)",13,"biggrid50-goal(3,17)",0.7272108793258667,-0.21331329102178673
finetune,31,"biggrid50-goal(46,17)",14,"biggrid50-goal(15,45)",0.7819727063179016,0.07503561016722428
finetune,31,"biggrid50-goal(46,17)",15,"biggrid50-goal(3,24)",0.7714285254478455,0.17747842238923778
finetune,31,"biggrid50-goal(46,17)",16,"biggrid50-goal(3,10)",0.6683673858642578,0.013158076770405697
finetune,31,"biggrid50-goal(46,17)",17,"biggrid50-goal(46,31)",0.8098639249801636,0.3904035911288111
finetune,31,"biggrid50-goal(46,17)",18,"biggrid50-goal(46,24)",0.9326528906822205,0.5510197350774959
finetune,31,"biggrid50-goal(46,17)",19,"biggrid50-goal(3,45)",0.6914966106414795,0.25411188808770185
finetune,31,"biggrid50-goal(46,17)",20,"biggrid50-goal(21,10)",0.7642857432365417,0.11944104756043361
finetune,31,"biggrid50-goal(46,17)",21,"biggrid50-goal(40,3)",0.9156461358070374,0.21518943118240394
finetune,31,"biggrid50-goal(46,17)",22,"biggrid50-goal(15,38)",0.8292516469955444,0.27246356199730287
finetune,31,"biggrid50-goal(46,17)",23,"biggrid50-goal(40,45)",0.712925136089325,0.3030552273567548
finetune,31,"biggrid50-goal(46,17)",24,"biggrid50-goal(15,17)",0.8908161520957947,0.3270430246971181
finetune,31,"biggrid50-goal(46,17)",25,"biggrid50-goal(15,24)",0.8353740572929382,0.17406118543757518
finetune,31,"biggrid50-goal(46,17)",26,"biggrid50-goal(21,38)",0.8346937894821167,0.24534137322075314
finetune,31,"biggrid50-goal(46,17)",27,"biggrid50-goal(33,17)",0.954761803150177,0.6870582724709199
finetune,31,"biggrid50-goal(46,17)",28,"biggrid50-goal(27,17)",0.8068026304244995,0.24468047673032625
finetune,31,"biggrid50-goal(46,17)",29,"biggrid50-goal(3,3)",0.6748298406600952,0.10570615682407125
finetune,31,"biggrid50-goal(46,17)",30,"biggrid50-goal(9,10)",0.7639455795288086,0.021156790704744393
finetune,31,"biggrid50-goal(46,17)",31,"biggrid50-goal(46,17)",0.9721086025238037,0.9001209587824465
finetune,32,"biggrid50-goal(40,10)",0,"biggrid50-goal(40,31)",0.8282312154769897,0.47009431204064484
finetune,32,"biggrid50-goal(40,10)",1,"biggrid50-goal(9,31)",0.7979592680931091,0.15864069211418247
finetune,32,"biggrid50-goal(40,10)",2,"biggrid50-goal(15,31)",0.8095237612724304,0.17888550918353135
finetune,32,"biggrid50-goal(40,10)",3,"biggrid50-goal(9,24)",0.8210883736610413,0.18449567543262654
finetune,32,"biggrid50-goal(40,10)",4,"biggrid50-goal(21,17)",0.7731292247772217,0.12121224714644369
finetune,32,"biggrid50-goal(40,10)",5,"biggrid50-goal(27,3)",0.7714285254478455,0.25909588589576665
finetune,32,"biggrid50-goal(40,10)",6,"biggrid50-goal(3,31)",0.7551020383834839,0.17050702222408856
finetune,32,"biggrid50-goal(40,10)",7,"biggrid50-goal(33,10)",0.9448978900909424,0.6249997464734456
finetune,32,"biggrid50-goal(40,10)",8,"biggrid50-goal(27,45)",0.6717687249183655,0.0921919839737503
finetune,32,"biggrid50-goal(40,10)",9,"biggrid50-goal(21,45)",0.7792516946792603,0.2142855627484567
finetune,32,"biggrid50-goal(40,10)",10,"biggrid50-goal(33,3)",0.9380951523780823,0.6176465066039935
finetune,32,"biggrid50-goal(40,10)",11,"biggrid50-goal(21,24)",0.845578134059906,0.3172930773511877
finetune,32,"biggrid50-goal(40,10)",12,"biggrid50-goal(21,3)",0.8911563158035278,0.6144573988910625
finetune,32,"biggrid50-goal(40,10)",13,"biggrid50-goal(3,17)",0.7544217705726624,-0.0922845053843829
finetune,32,"biggrid50-goal(40,10)",14,"biggrid50-goal(15,45)",0.7598639130592346,-0.018759281844137592
finetune,32,"biggrid50-goal(40,10)",15,"biggrid50-goal(3,24)",0.7765305638313293,0.1958382665843028
finetune,32,"biggrid50-goal(40,10)",16,"biggrid50-goal(3,10)",0.66700679063797,0.009109342259338233
finetune,32,"biggrid50-goal(40,10)",17,"biggrid50-goal(46,31)",0.7642857432365417,0.24427510966682878
finetune,32,"biggrid50-goal(40,10)",18,"biggrid50-goal(46,24)",0.8676869869232178,0.11791415747928244
finetune,32,"biggrid50-goal(40,10)",19,"biggrid50-goal(3,45)",0.6802720427513123,0.22697354199679845
finetune,32,"biggrid50-goal(40,10)",20,"biggrid50-goal(21,10)",0.7425169348716736,0.038119199010296936
finetune,32,"biggrid50-goal(40,10)",21,"biggrid50-goal(40,3)",0.9683672189712524,0.705695274188459
finetune,32,"biggrid50-goal(40,10)",22,"biggrid50-goal(15,38)",0.8326530456542969,0.28695647757085063
finetune,32,"biggrid50-goal(40,10)",23,"biggrid50-goal(40,45)",0.7037414312362671,0.28075952719114
finetune,32,"biggrid50-goal(40,10)",24,"biggrid50-goal(15,17)",0.9006801843643188,0.38784019797077024
finetune,32,"biggrid50-goal(40,10)",25,"biggrid50-goal(15,24)",0.8306121826171875,0.15017055762939996
finetune,32,"biggrid50-goal(40,10)",26,"biggrid50-goal(21,38)",0.8136054873466492,0.1490687100171156
finetune,32,"biggrid50-goal(40,10)",27,"biggrid50-goal(33,17)",0.9608842134475708,0.7294109255058903
finetune,32,"biggrid50-goal(40,10)",28,"biggrid50-goal(27,17)",0.7874149084091187,0.16888273175005797
finetune,32,"biggrid50-goal(40,10)",29,"biggrid50-goal(3,3)",0.7003400325775146,0.17586513948193921
finetune,32,"biggrid50-goal(40,10)",30,"biggrid50-goal(9,10)",0.8078230023384094,0.20310262028431006
finetune,32,"biggrid50-goal(40,10)",31,"biggrid50-goal(46,17)",0.9360543489456177,0.7710107454173014
finetune,32,"biggrid50-goal(40,10)",32,"biggrid50-goal(40,10)",0.7074829936027527,0.08021404105096097
finetune,33,"biggrid50-goal(46,38)",0,"biggrid50-goal(40,31)",0.9360542893409729,0.8027278594715658
finetune,33,"biggrid50-goal(46,38)",1,"biggrid50-goal(9,31)",0.7938775420188904,0.14164313824288283
finetune,33,"biggrid50-goal(46,38)",2,"biggrid50-goal(15,31)",0.8136054873466492,0.19648121796838425
finetune,33,"biggrid50-goal(46,38)",3,"biggrid50-goal(9,24)",0.8071428537368774,0.1209300366912407
finetune,33,"biggrid50-goal(46,38)",4,"biggrid50-goal(21,17)",0.7428570985794067,0.0039526586015807864
finetune,33,"biggrid50-goal(46,38)",5,"biggrid50-goal(27,3)",0.726190447807312,0.11245869985271925
finetune,33,"biggrid50-goal(46,38)",6,"biggrid50-goal(3,31)",0.821088433265686,0.3940092956698943
finetune,33,"biggrid50-goal(46,38)",7,"biggrid50-goal(33,10)",0.8489795923233032,-0.027777180581894146
finetune,33,"biggrid50-goal(46,38)",8,"biggrid50-goal(27,45)",0.692176878452301,0.14863598177924078
finetune,33,"biggrid50-goal(46,38)",9,"biggrid50-goal(21,45)",0.8955782055854797,0.6283291447425088
finetune,33,"biggrid50-goal(46,38)",10,"biggrid50-goal(33,3)",0.7778910994529724,-0.3718491733825766
finetune,33,"biggrid50-goal(46,38)",11,"biggrid50-goal(21,24)",0.8482992649078369,0.3293233352165884
finetune,33,"biggrid50-goal(46,38)",12,"biggrid50-goal(21,3)",0.732653021812439,0.053012123487203223
finetune,33,"biggrid50-goal(46,38)",13,"biggrid50-goal(3,17)",0.7095237970352173,-0.29198201494159626
finetune,33,"biggrid50-goal(46,38)",14,"biggrid50-goal(15,45)",0.8088435530662537,0.18903315582827113
finetune,33,"biggrid50-goal(46,38)",15,"biggrid50-goal(3,24)",0.7700680494308472,0.17258270702494938
finetune,33,"biggrid50-goal(46,38)",16,"biggrid50-goal(3,10)",0.656802773475647,-0.021254836328395345
finetune,33,"biggrid50-goal(46,38)",17,"biggrid50-goal(46,31)",0.8268706202507019,0.4449288586910305
finetune,33,"biggrid50-goal(46,38)",18,"biggrid50-goal(46,24)",0.9391155242919922,0.5941039146303423
finetune,33,"biggrid50-goal(46,38)",19,"biggrid50-goal(3,45)",0.8027209639549255,0.5230260256734689
finetune,33,"biggrid50-goal(46,38)",20,"biggrid50-goal(21,10)",0.7299319505691528,-0.008894591101757186
finetune,33,"biggrid50-goal(46,38)",21,"biggrid50-goal(40,3)",0.7707481980323792,-1.1329104342285419
finetune,33,"biggrid50-goal(46,38)",22,"biggrid50-goal(15,38)",0.8778911828994751,0.47971027375168573
finetune,33,"biggrid50-goal(46,38)",23,"biggrid50-goal(40,45)",0.8068026304244995,0.5309659125852041
finetune,33,"biggrid50-goal(46,38)",24,"biggrid50-goal(15,17)",0.8207483291625977,-0.10482149640450578
finetune,33,"biggrid50-goal(46,38)",25,"biggrid50-goal(15,24)",0.8363945484161377,0.17918105424261915
finetune,33,"biggrid50-goal(46,38)",26,"biggrid50-goal(21,38)",0.8469387888908386,0.3012424455987875
finetune,33,"biggrid50-goal(46,38)",27,"biggrid50-goal(33,17)",0.8809521794319153,0.1764695938075578
finetune,33,"biggrid50-goal(46,38)",28,"biggrid50-goal(27,17)",0.7795918583869934,0.13829793431617116
finetune,33,"biggrid50-goal(46,38)",29,"biggrid50-goal(3,3)",0.602721095085144,-0.09260972596703632
finetune,33,"biggrid50-goal(46,38)",30,"biggrid50-goal(9,10)",0.7306122183799744,-0.11706614169530652
finetune,33,"biggrid50-goal(46,38)",31,"biggrid50-goal(46,17)",0.863605260848999,0.5115706989889366
finetune,33,"biggrid50-goal(46,38)",32,"biggrid50-goal(40,10)",0.6778911352157593,-0.012834141612995847
finetune,33,"biggrid50-goal(46,38)",33,"biggrid50-goal(46,38)",0.9676869511604309,0.8983953480875296
finetune,34,"biggrid50-goal(27,31)",0,"biggrid50-goal(40,31)",0.8921766877174377,0.6673657170491677
finetune,34,"biggrid50-goal(27,31)",1,"biggrid50-goal(9,31)",0.8248298764228821,0.2705381110822909
finetune,34,"biggrid50-goal(27,31)",2,"biggrid50-goal(15,31)",0.8306122422218323,0.26979478696293646
finetune,34,"biggrid50-goal(27,31)",3,"biggrid50-goal(9,24)",0.8612244129180908,0.36744138027529977
finetune,34,"biggrid50-goal(27,31)",4,"biggrid50-goal(21,17)",0.7435373663902283,0.006587687376104239
finetune,34,"biggrid50-goal(27,31)",5,"biggrid50-goal(27,3)",0.7119047045707703,0.0661521081936826
finetune,34,"biggrid50-goal(27,31)",6,"biggrid50-goal(3,31)",0.8564624786376953,0.5138245935920362
finetune,34,"biggrid50-goal(27,31)",7,"biggrid50-goal(33,10)",0.786394476890564,-0.4537034144956343
finetune,34,"biggrid50-goal(27,31)",8,"biggrid50-goal(27,45)",0.7299320101737976,0.2530575096009791
finetune,34,"biggrid50-goal(27,31)",9,"biggrid50-goal(21,45)",0.9540815353393555,0.8365613698919594
finetune,34,"biggrid50-goal(27,31)",10,"biggrid50-goal(33,3)",0.7588434815406799,-0.489496232206106
finetune,34,"biggrid50-goal(27,31)",11,"biggrid50-goal(21,24)",0.8775508999824524,0.45864630151194463
finetune,34,"biggrid50-goal(27,31)",12,"biggrid50-goal(21,3)",0.7537415027618408,0.12771106315183642
finetune,34,"biggrid50-goal(27,31)",13,"biggrid50-goal(3,17)",0.7421768307685852,-0.14674763124267634
finetune,34,"biggrid50-goal(27,31)",14,"biggrid50-goal(15,45)",0.8346938490867615,0.29870109180911786
finetune,34,"biggrid50-goal(27,31)",15,"biggrid50-goal(3,24)",0.8568026423454285,0.48469984385188236
finetune,34,"biggrid50-goal(27,31)",16,"biggrid50-goal(3,10)",0.6751700043678284,0.0334006851295251
finetune,34,"biggrid50-goal(27,31)",17,"biggrid50-goal(46,31)",0.7959182858467102,0.34569239398076973
finetune,34,"biggrid50-goal(27,31)",18,"biggrid50-goal(46,24)",0.8357142210006714,-0.09523739512076881
finetune,34,"biggrid50-goal(27,31)",19,"biggrid50-goal(3,45)",0.8394556641578674,0.6118418284204343
finetune,34,"biggrid50-goal(27,31)",20,"biggrid50-goal(21,10)",0.7370748519897461,0.017789182203514373
finetune,34,"biggrid50-goal(27,31)",21,"biggrid50-goal(40,3)",0.685033917427063,-1.9303780305412344
finetune,34,"biggrid50-goal(27,31)",22,"biggrid50-goal(15,38)",0.9360542893409729,0.7275356760998702
finetune,34,"biggrid50-goal(27,31)",23,"biggrid50-goal(40,45)",0.8139455318450928,0.5483070609489894
finetune,34,"biggrid50-goal(27,31)",24,"biggrid50-goal(15,17)",0.8527209758758545,0.09224259354640564
finetune,34,"biggrid50-goal(27,31)",25,"biggrid50-goal(15,24)",0.8670066595077515,0.33276396062117847
finetune,34,"biggrid50-goal(27,31)",26,"biggrid50-goal(21,38)",0.8819727301597595,0.4611799695783141
finetune,34,"biggrid50-goal(27,31)",27,"biggrid50-goal(33,17)",0.8707482218742371,0.10588225107296934
finetune,34,"biggrid50-goal(27,31)",28,"biggrid50-goal(27,17)",0.7908163070678711,0.18218075345203044
finetune,34,"biggrid50-goal(27,31)",29,"biggrid50-goal(3,3)",0.640816330909729,0.012161065182496301
finetune,34,"biggrid50-goal(27,31)",30,"biggrid50-goal(9,10)",0.7649660110473633,0.025388198278024732
finetune,34,"biggrid50-goal(27,31)",31,"biggrid50-goal(46,17)",0.7935373187065125,0.2606575316852459
finetune,34,"biggrid50-goal(27,31)",32,"biggrid50-goal(40,10)",0.6707482933998108,-0.035293983145701
finetune,34,"biggrid50-goal(27,31)",33,"biggrid50-goal(46,38)",0.9163264036178589,0.7368980353144119
finetune,34,"biggrid50-goal(27,31)",34,"biggrid50-goal(27,31)",0.952380895614624,0.7307689326578596
finetune,35,"biggrid50-goal(21,31)",0,"biggrid50-goal(40,31)",0.8187074065208435,0.4407134175381045
finetune,35,"biggrid50-goal(21,31)",1,"biggrid50-goal(9,31)",0.898639440536499,0.5779036763911969
finetune,35,"biggrid50-goal(21,31)",2,"biggrid50-goal(15,31)",0.9102040529251099,0.6129031429204251
finetune,35,"biggrid50-goal(21,31)",3,"biggrid50-goal(9,24)",0.9078231453895569,0.5798449486037359
finetune,35,"biggrid50-goal(21,31)",4,"biggrid50-goal(21,17)",0.7503401637077332,0.0329384368805212
finetune,35,"biggrid50-goal(21,31)",5,"biggrid50-goal(27,3)",0.6901360154151917,-0.004410114785476877
finetune,35,"biggrid50-goal(21,31)",6,"biggrid50-goal(3,31)",0.8840134739875793,0.607142467789991
finetune,35,"biggrid50-goal(21,31)",7,"biggrid50-goal(33,10)",0.7884352803230286,-0.4398146213834437
finetune,35,"biggrid50-goal(21,31)",8,"biggrid50-goal(27,45)",0.6833333373069763,0.12417689408326475
finetune,35,"biggrid50-goal(21,31)",9,"biggrid50-goal(21,45)",0.9540815353393555,0.8365613698919594
finetune,35,"biggrid50-goal(21,31)",10,"biggrid50-goal(33,3)",0.7231292724609375,-0.7100840073172769
finetune,35,"biggrid50-goal(21,31)",11,"biggrid50-goal(21,24)",0.9207481741905212,0.649623647640169
finetune,35,"biggrid50-goal(21,31)",12,"biggrid50-goal(21,3)",0.7329931855201721,0.05421704044357496
finetune,35,"biggrid50-goal(21,31)",13,"biggrid50-goal(3,17)",0.76564621925354,-0.04236032682753538
finetune,35,"biggrid50-goal(21,31)",14,"biggrid50-goal(15,45)",0.9187074303627014,0.6551223894833118
finetune,35,"biggrid50-goal(21,31)",15,"biggrid50-goal(3,24)",0.8768706917762756,0.5569153454133635
finetune,35,"biggrid50-goal(21,31)",16,"biggrid50-goal(3,10)",0.6673469543457031,0.01012157022861418
finetune,35,"biggrid50-goal(21,31)",17,"biggrid50-goal(46,31)",0.7758503556251526,0.28135248270794655
finetune,35,"biggrid50-goal(21,31)",18,"biggrid50-goal(46,24)",0.7656461596488953,-0.5623573215289768
finetune,35,"biggrid50-goal(21,31)",19,"biggrid50-goal(3,45)",0.9129250049591064,0.7894732898044544
finetune,35,"biggrid50-goal(21,31)",20,"biggrid50-goal(21,10)",0.7323129773139954,2.2266537580126135e-07
finetune,35,"biggrid50-goal(21,31)",21,"biggrid50-goal(40,3)",0.6496598124504089,-2.2594912456114375
finetune,35,"biggrid50-goal(21,31)",22,"biggrid50-goal(15,38)",0.9612243175506592,0.8347818799190351
finetune,35,"biggrid50-goal(21,31)",23,"biggrid50-goal(40,45)",0.7880951166152954,0.4855488259727969
finetune,35,"biggrid50-goal(21,31)",24,"biggrid50-goal(15,17)",0.8554421067237854,0.10901434156570602
finetune,35,"biggrid50-goal(21,31)",25,"biggrid50-goal(15,24)",0.8921767473220825,0.4590438904424032
finetune,35,"biggrid50-goal(21,31)",26,"biggrid50-goal(21,38)",0.8863945007324219,0.4813663092073219
finetune,35,"biggrid50-goal(21,31)",27,"biggrid50-goal(33,17)",0.8527209758758545,-0.018823813672571278
finetune,35,"biggrid50-goal(21,31)",28,"biggrid50-goal(27,17)",0.778571367263794,0.13430824817101517
finetune,35,"biggrid50-goal(21,31)",29,"biggrid50-goal(3,3)",0.640816330909729,0.012161065182496301
finetune,35,"biggrid50-goal(21,31)",30,"biggrid50-goal(9,10)",0.76564621925354,0.028208807111335204
finetune,35,"biggrid50-goal(21,31)",31,"biggrid50-goal(46,17)",0.7401360273361206,0.06942760903952921
finetune,35,"biggrid50-goal(21,31)",32,"biggrid50-goal(40,10)",0.6581632494926453,-0.07486620091565878
finetune,35,"biggrid50-goal(21,31)",33,"biggrid50-goal(46,38)",0.806122362613678,0.39037415014435084
finetune,35,"biggrid50-goal(21,31)",34,"biggrid50-goal(27,31)",0.9312924742698669,0.6115382528605018
finetune,35,"biggrid50-goal(21,31)",35,"biggrid50-goal(21,31)",0.896938681602478,0.5621383349333476
finetune,36,"biggrid50-goal(46,10)",0,"biggrid50-goal(40,31)",0.9159862399101257,0.7408180452455073
finetune,36,"biggrid50-goal(46,10)",1,"biggrid50-goal(9,31)",0.8163264393806458,0.23512720241559862
finetune,36,"biggrid50-goal(46,10)",2,"biggrid50-goal(15,31)",0.8173468112945557,0.21260950425221065
finetune,36,"biggrid50-goal(46,10)",3,"biggrid50-goal(9,24)",0.8513604402542114,0.322480007281194
finetune,36,"biggrid50-goal(46,10)",4,"biggrid50-goal(21,17)",0.7683674097061157,0.10276727660437074
finetune,36,"biggrid50-goal(46,10)",5,"biggrid50-goal(27,3)",0.7945577502250671,0.334068223660403
finetune,36,"biggrid50-goal(46,10)",6,"biggrid50-goal(3,31)",0.7986394166946411,0.31797231487698846
finetune,36,"biggrid50-goal(46,10)",7,"biggrid50-goal(33,10)",0.9755100607872009,0.8333324544412781
finetune,36,"biggrid50-goal(46,10)",8,"biggrid50-goal(27,45)",0.6816326379776001,0.11947317264881517
finetune,36,"biggrid50-goal(46,10)",9,"biggrid50-goal(21,45)",0.8173469305038452,0.3498787974706371
finetune,36,"biggrid50-goal(46,10)",10,"biggrid50-goal(33,3)",0.9465984106063843,0.6701666340857141
finetune,36,"biggrid50-goal(46,10)",11,"biggrid50-goal(21,24)",0.861224353313446,0.3864658083802039
finetune,36,"biggrid50-goal(46,10)",12,"biggrid50-goal(21,3)",0.911224365234375,0.6855417988162382
finetune,36,"biggrid50-goal(46,10)",13,"biggrid50-goal(3,17)",0.7806122303009033,0.02420559806151611
finetune,36,"biggrid50-goal(46,10)",14,"biggrid50-goal(15,45)",0.7707483172416687,0.027416983995211686
finetune,36,"biggrid50-goal(46,10)",15,"biggrid50-goal(3,24)",0.8054420948028564,0.2998773121932805
finetune,36,"biggrid50-goal(46,10)",16,"biggrid50-goal(3,10)",0.6758503317832947,0.03542514106807699
finetune,36,"biggrid50-goal(46,10)",17,"biggrid50-goal(46,31)",0.7795916795730591,0.29334756382461336
finetune,36,"biggrid50-goal(46,10)",18,"biggrid50-goal(46,24)",0.9812923669815063,0.8752825753948307
finetune,36,"biggrid50-goal(46,10)",19,"biggrid50-goal(3,45)",0.6908162832260132,0.25246701756469236
finetune,36,"biggrid50-goal(46,10)",20,"biggrid50-goal(21,10)",0.7537415027618408,0.08005087458506308
finetune,36,"biggrid50-goal(46,10)",21,"biggrid50-goal(40,3)",0.9482991695404053,0.5189863730662182
finetune,36,"biggrid50-goal(46,10)",22,"biggrid50-goal(15,38)",0.8653060793876648,0.4260867908906898
finetune,36,"biggrid50-goal(46,10)",23,"biggrid50-goal(40,45)",0.7030611634254456,0.27910800992386353
finetune,36,"biggrid50-goal(46,10)",24,"biggrid50-goal(15,17)",0.9207482933998108,0.5115304160369255
finetune,36,"biggrid50-goal(46,10)",25,"biggrid50-goal(15,24)",0.8534013628959656,0.2645053230666821
finetune,36,"biggrid50-goal(46,10)",26,"biggrid50-goal(21,38)",0.8414965271949768,0.2763973431364813
finetune,36,"biggrid50-goal(46,10)",27,"biggrid50-goal(33,17)",0.9812924861907959,0.8705880849172405
finetune,36,"biggrid50-goal(46,10)",28,"biggrid50-goal(27,17)",0.7959182858467102,0.2021273199473821
finetune,36,"biggrid50-goal(46,10)",29,"biggrid50-goal(3,3)",0.6571427583694458,0.05706255180083301
finetune,36,"biggrid50-goal(46,10)",30,"biggrid50-goal(9,10)",0.8520406484603882,0.38645924860384556
finetune,36,"biggrid50-goal(46,10)",31,"biggrid50-goal(46,17)",0.9295917749404907,0.7478682802188314
finetune,36,"biggrid50-goal(46,10)",32,"biggrid50-goal(40,10)",0.6897959113121033,0.024599052554795962
finetune,36,"biggrid50-goal(46,10)",33,"biggrid50-goal(46,38)",0.823469340801239,0.44491972054939527
finetune,36,"biggrid50-goal(46,10)",34,"biggrid50-goal(27,31)",0.8676870465278625,0.2519229803609154
finetune,36,"biggrid50-goal(46,10)",35,"biggrid50-goal(21,31)",0.8496597409248352,0.3612711617825924
finetune,36,"biggrid50-goal(46,10)",36,"biggrid50-goal(46,10)",0.9863942861557007,0.9598788487680111
finetune,37,"biggrid50-goal(9,17)",0,"biggrid50-goal(40,31)",0.7523809671401978,0.23609674293395216
finetune,37,"biggrid50-goal(9,17)",1,"biggrid50-goal(9,31)",0.8778911828994751,0.491501595382265
finetune,37,"biggrid50-goal(9,17)",2,"biggrid50-goal(15,31)",0.8697278499603271,0.438416303986425
finetune,37,"biggrid50-goal(9,17)",3,"biggrid50-goal(9,24)",0.9809522032737732,0.9131774668780387
finetune,37,"biggrid50-goal(9,17)",4,"biggrid50-goal(21,17)",0.7704082131385803,0.1106723629279411
finetune,37,"biggrid50-goal(9,17)",5,"biggrid50-goal(27,3)",0.7013605237007141,0.03197362200335444
finetune,37,"biggrid50-goal(9,17)",6,"biggrid50-goal(3,31)",0.9129250645637512,0.7050688090341862
finetune,37,"biggrid50-goal(9,17)",7,"biggrid50-goal(33,10)",0.8829931616783142,0.203703921548743
finetune,37,"biggrid50-goal(9,17)",8,"biggrid50-goal(27,45)",0.6673469543457031,0.07996244012576227
finetune,37,"biggrid50-goal(9,17)",9,"biggrid50-goal(21,45)",0.8241496682167053,0.3740919357145009
finetune,37,"biggrid50-goal(9,17)",10,"biggrid50-goal(33,3)",0.8214284181594849,-0.10294218887307087
finetune,37,"biggrid50-goal(9,17)",11,"biggrid50-goal(21,24)",0.8836734890937805,0.48571457934547047
finetune,37,"biggrid50-goal(9,17)",12,"biggrid50-goal(21,3)",0.8224489092826843,0.3710842310214495
finetune,37,"biggrid50-goal(9,17)",13,"biggrid50-goal(3,17)",0.8799318671226501,0.465960148673655
finetune,37,"biggrid50-goal(9,17)",14,"biggrid50-goal(15,45)",0.8068026900291443,0.180374947940755
finetune,37,"biggrid50-goal(9,17)",15,"biggrid50-goal(3,24)",0.9414964318275452,0.7894730858986239
finetune,37,"biggrid50-goal(9,17)",16,"biggrid50-goal(3,10)",0.696258544921875,0.0961540303416531
finetune,37,"biggrid50-goal(9,17)",17,"biggrid50-goal(46,31)",0.7176870107650757,0.0948746344040918
finetune,37,"biggrid50-goal(9,17)",18,"biggrid50-goal(46,24)",0.7530611753463745,-0.6462571301982647
finetune,37,"biggrid50-goal(9,17)",19,"biggrid50-goal(3,45)",0.7952379584312439,0.5049338910194738
finetune,37,"biggrid50-goal(9,17)",20,"biggrid50-goal(21,10)",0.7517006397247314,0.07242681211762789
finetune,37,"biggrid50-goal(9,17)",21,"biggrid50-goal(40,3)",0.7792516946792603,-1.0537956941484539
finetune,37,"biggrid50-goal(9,17)",22,"biggrid50-goal(15,38)",0.8935374021530151,0.5463767711066131
finetune,37,"biggrid50-goal(9,17)",23,"biggrid50-goal(40,45)",0.6690475344657898,0.19653156774035307
finetune,37,"biggrid50-goal(9,17)",24,"biggrid50-goal(15,17)",0.9687073826789856,0.8071272857122914
finetune,37,"biggrid50-goal(9,17)",25,"biggrid50-goal(15,24)",0.9003401398658752,0.500000149520145
finetune,37,"biggrid50-goal(9,17)",26,"biggrid50-goal(21,38)",0.8479591608047485,0.3059006642158797
finetune,37,"biggrid50-goal(9,17)",27,"biggrid50-goal(33,17)",0.9068024754524231,0.3552927312692684
finetune,37,"biggrid50-goal(9,17)",28,"biggrid50-goal(27,17)",0.7979590892791748,0.21010599315128348
finetune,37,"biggrid50-goal(9,17)",29,"biggrid50-goal(3,3)",0.702380895614624,0.18147798923591804
finetune,37,"biggrid50-goal(9,17)",30,"biggrid50-goal(9,10)",0.9397957921028137,0.7503521435712635
finetune,37,"biggrid50-goal(9,17)",31,"biggrid50-goal(46,17)",0.7918366193771362,0.2545673306272888
finetune,37,"biggrid50-goal(9,17)",32,"biggrid50-goal(40,10)",0.662244975566864,-0.062031684462813264
finetune,37,"biggrid50-goal(9,17)",33,"biggrid50-goal(46,38)",0.6969387531280518,0.047058894087501114
finetune,37,"biggrid50-goal(9,17)",34,"biggrid50-goal(27,31)",0.8357143402099609,0.07115423305056044
finetune,37,"biggrid50-goal(9,17)",35,"biggrid50-goal(21,31)",0.853741466999054,0.3786125989288725
finetune,37,"biggrid50-goal(9,17)",36,"biggrid50-goal(46,10)",0.7343537211418152,0.21665010375402194
finetune,37,"biggrid50-goal(9,17)",37,"biggrid50-goal(9,17)",0.9561223387718201,0.7987515210267337
finetune,38,"biggrid50-goal(33,24)",0,"biggrid50-goal(40,31)",0.8316325545310974,0.48058742297727425
finetune,38,"biggrid50-goal(33,24)",1,"biggrid50-goal(9,31)",0.8187074661254883,0.24504252491117115
finetune,38,"biggrid50-goal(33,24)",2,"biggrid50-goal(15,31)",0.8530612587928772,0.36656912970617117
finetune,38,"biggrid50-goal(33,24)",3,"biggrid50-goal(9,24)",0.8772107362747192,0.4403092877334974
finetune,38,"biggrid50-goal(33,24)",4,"biggrid50-goal(21,17)",0.777550995349884,0.13834004962064175
finetune,38,"biggrid50-goal(33,24)",5,"biggrid50-goal(27,3)",0.7547618746757507,0.20507168996502784
finetune,38,"biggrid50-goal(33,24)",6,"biggrid50-goal(3,31)",0.8071428537368774,0.34677427495430296
finetune,38,"biggrid50-goal(33,24)",7,"biggrid50-goal(33,10)",0.9564625024795532,0.7037033130850125
finetune,38,"biggrid50-goal(33,24)",8,"biggrid50-goal(27,45)",0.6622449159622192,0.06585144067438965
finetune,38,"biggrid50-goal(33,24)",9,"biggrid50-goal(21,45)",0.8197278380393982,0.3583532155266529
finetune,38,"biggrid50-goal(33,24)",10,"biggrid50-goal(33,3)",0.8765305280685425,0.2373943926155731
finetune,38,"biggrid50-goal(33,24)",11,"biggrid50-goal(21,24)",0.9275509715080261,0.6796991605460877
finetune,38,"biggrid50-goal(33,24)",12,"biggrid50-goal(21,3)",0.8299318552017212,0.39759008163539344
finetune,38,"biggrid50-goal(33,24)",13,"biggrid50-goal(3,17)",0.7670067548751831,-0.036308927312156354
finetune,38,"biggrid50-goal(33,24)",14,"biggrid50-goal(15,45)",0.7799319624900818,0.06637790801615019
finetune,38,"biggrid50-goal(33,24)",15,"biggrid50-goal(3,24)",0.8278911113739014,0.3806607982429047
finetune,38,"biggrid50-goal(33,24)",16,"biggrid50-goal(3,10)",0.6870747804641724,0.06882582619760208
finetune,38,"biggrid50-goal(33,24)",17,"biggrid50-goal(46,31)",0.7741495966911316,0.27589966930351173
finetune,38,"biggrid50-goal(33,24)",18,"biggrid50-goal(46,24)",0.8676869869232178,0.11791415747928244
finetune,38,"biggrid50-goal(33,24)",19,"biggrid50-goal(3,45)",0.7282312512397766,0.3429275467247564
finetune,38,"biggrid50-goal(33,24)",20,"biggrid50-goal(21,10)",0.7459183931350708,0.05082604401114752
finetune,38,"biggrid50-goal(33,24)",21,"biggrid50-goal(40,3)",0.8629249930381775,-0.2753169663727002
finetune,38,"biggrid50-goal(33,24)",22,"biggrid50-goal(15,38)",0.8625850677490234,0.4144929155735477
finetune,38,"biggrid50-goal(33,24)",23,"biggrid50-goal(40,45)",0.7054421305656433,0.28488839271179195
finetune,38,"biggrid50-goal(33,24)",24,"biggrid50-goal(15,17)",0.9125850796699524,0.46121627410252247
finetune,38,"biggrid50-goal(33,24)",25,"biggrid50-goal(15,24)",0.876530647277832,0.38054641239868886
finetune,38,"biggrid50-goal(33,24)",26,"biggrid50-goal(21,38)",0.8605442047119141,0.3633541133221406
finetune,38,"biggrid50-goal(33,24)",27,"biggrid50-goal(33,17)",0.9850339293479919,0.8964700556100968
finetune,38,"biggrid50-goal(33,24)",28,"biggrid50-goal(27,17)",0.8061224222183228,0.24202115202449598
finetune,38,"biggrid50-goal(33,24)",29,"biggrid50-goal(3,3)",0.6540816426277161,0.04864376894992499
finetune,38,"biggrid50-goal(33,24)",30,"biggrid50-goal(9,10)",0.799659788608551,0.1692523483446966
finetune,38,"biggrid50-goal(33,24)",31,"biggrid50-goal(46,17)",0.8857141137123108,0.5907424589659016
finetune,38,"biggrid50-goal(33,24)",32,"biggrid50-goal(40,10)",0.6799319386482239,-0.0064170708064979235
finetune,38,"biggrid50-goal(33,24)",33,"biggrid50-goal(46,38)",0.7755101323127747,0.2941175257871075
finetune,38,"biggrid50-goal(33,24)",34,"biggrid50-goal(27,31)",0.9214285612106323,0.5557692106791167
finetune,38,"biggrid50-goal(33,24)",35,"biggrid50-goal(21,31)",0.8846938014030457,0.5101152896625232
finetune,38,"biggrid50-goal(33,24)",36,"biggrid50-goal(46,10)",0.8006801605224609,0.41223654159353385
finetune,38,"biggrid50-goal(33,24)",37,"biggrid50-goal(9,17)",0.8374148607254028,0.2542899720084606
finetune,38,"biggrid50-goal(33,24)",38,"biggrid50-goal(33,24)",0.9017005562782288,0.47927853856192065
finetune,39,"biggrid50-goal(40,17)",0,"biggrid50-goal(40,31)",0.9608842134475708,0.8793280290089053
finetune,39,"biggrid50-goal(40,17)",1,"biggrid50-goal(9,31)",0.8098638653755188,0.20821507068455614
finetune,39,"biggrid50-goal(40,17)",2,"biggrid50-goal(15,31)",0.8204081058502197,0.2258062858408503
finetune,39,"biggrid50-goal(40,17)",3,"biggrid50-goal(9,24)",0.829931914806366,0.22480577822515463
finetune,39,"biggrid50-goal(40,17)",4,"biggrid50-goal(21,17)",0.7755101323127747,0.13043473241748016
finetune,39,"biggrid50-goal(40,17)",5,"biggrid50-goal(27,3)",0.7799319624900818,0.2866593931136442
finetune,39,"biggrid50-goal(40,17)",6,"biggrid50-goal(3,31)",0.7670068144798279,0.2108296452003261
finetune,39,"biggrid50-goal(40,17)",7,"biggrid50-goal(33,10)",0.9598637819290161,0.7268508959628431
finetune,39,"biggrid50-goal(40,17)",8,"biggrid50-goal(27,45)",0.668367326259613,0.08278454110485113
finetune,39,"biggrid50-goal(40,17)",9,"biggrid50-goal(21,45)",0.8119047284126282,0.3305082444451139
finetune,39,"biggrid50-goal(40,17)",10,"biggrid50-goal(33,3)",0.8870747089385986,0.30252021951830993
finetune,39,"biggrid50-goal(40,17)",11,"biggrid50-goal(21,24)",0.8374149203300476,0.2812030943004832
finetune,39,"biggrid50-goal(40,17)",12,"biggrid50-goal(21,3)",0.8295917510986328,0.3963853758086794
finetune,39,"biggrid50-goal(40,17)",13,"biggrid50-goal(3,17)",0.7506802678108215,-0.10892598660664578
finetune,39,"biggrid50-goal(40,17)",14,"biggrid50-goal(15,45)",0.7646257877349854,0.0014426132008843308
finetune,39,"biggrid50-goal(40,17)",15,"biggrid50-goal(3,24)",0.7891156077384949,0.24112593946257593
finetune,39,"biggrid50-goal(40,17)",16,"biggrid50-goal(3,10)",0.6833333373069763,0.0576923827317846
finetune,39,"biggrid50-goal(40,17)",17,"biggrid50-goal(46,31)",0.778571367263794,0.2900763344190931
finetune,39,"biggrid50-goal(40,17)",18,"biggrid50-goal(46,24)",0.9323127865791321,0.5487523767327549
finetune,39,"biggrid50-goal(40,17)",19,"biggrid50-goal(3,45)",0.6853741407394409,0.23930920625990396
finetune,39,"biggrid50-goal(40,17)",20,"biggrid50-goal(21,10)",0.7503401637077332,0.06734447491496409
finetune,39,"biggrid50-goal(40,17)",21,"biggrid50-goal(40,3)",0.9221086502075195,0.2753153027255531
finetune,39,"biggrid50-goal(40,17)",22,"biggrid50-goal(15,38)",0.8527210354804993,0.37246356199730285
finetune,39,"biggrid50-goal(40,17)",23,"biggrid50-goal(40,45)",0.7499999403953552,0.3930634248905488
finetune,39,"biggrid50-goal(40,17)",24,"biggrid50-goal(15,17)",0.8931971788406372,0.34171853382306805
finetune,39,"biggrid50-goal(40,17)",25,"biggrid50-goal(15,24)",0.8517006635665894,0.2559728064721888
finetune,39,"biggrid50-goal(40,17)",26,"biggrid50-goal(21,38)",0.8268707394599915,0.20962745679603592
finetune,39,"biggrid50-goal(40,17)",27,"biggrid50-goal(33,17)",0.9527209401130676,0.6729403091355675
finetune,39,"biggrid50-goal(40,17)",28,"biggrid50-goal(27,17)",0.7775509357452393,0.13031879505466273
finetune,39,"biggrid50-goal(40,17)",29,"biggrid50-goal(3,3)",0.6571428179740906,0.05706271572751975
finetune,39,"biggrid50-goal(40,17)",30,"biggrid50-goal(9,10)",0.7748299241065979,0.06629073378588633
finetune,39,"biggrid50-goal(40,17)",31,"biggrid50-goal(46,17)",0.9428569674491882,0.7953709093167718
finetune,39,"biggrid50-goal(40,17)",32,"biggrid50-goal(40,10)",0.676530659198761,-0.01711200139740296
finetune,39,"biggrid50-goal(40,17)",33,"biggrid50-goal(46,38)",0.8986393809318542,0.6812832342381717
finetune,39,"biggrid50-goal(40,17)",34,"biggrid50-goal(27,31)",0.9040814638137817,0.4576913991006939
finetune,39,"biggrid50-goal(40,17)",35,"biggrid50-goal(21,31)",0.8326531052589417,0.2890175371867215
finetune,39,"biggrid50-goal(40,17)",36,"biggrid50-goal(46,10)",0.9003399610519409,0.7061179192669619
finetune,39,"biggrid50-goal(40,17)",37,"biggrid50-goal(9,17)",0.8261904120445251,0.2028081208543393
finetune,39,"biggrid50-goal(40,17)",38,"biggrid50-goal(33,24)",0.8789114356040955,0.35855777175970527
finetune,39,"biggrid50-goal(40,17)",39,"biggrid50-goal(40,17)",0.9836733341217041,0.9281431533528088
finetune,40,"biggrid50-goal(40,38)",0,"biggrid50-goal(40,31)",0.9765304923057556,0.9275967070773564
finetune,40,"biggrid50-goal(40,38)",1,"biggrid50-goal(9,31)",0.8278911113739014,0.28328602827382243
finetune,40,"biggrid50-goal(40,38)",2,"biggrid50-goal(15,31)",0.8207483291625977,0.22727293750183075
finetune,40,"biggrid50-goal(40,38)",3,"biggrid50-goal(9,24)",0.8149659633636475,0.1565888692821911
finetune,40,"biggrid50-goal(40,38)",4,"biggrid50-goal(21,17)",0.7479591369628906,0.02371548985030229
finetune,40,"biggrid50-goal(40,38)",5,"biggrid50-goal(27,3)",0.734013557434082,0.13781695647209366
finetune,40,"biggrid50-goal(40,38)",6,"biggrid50-goal(3,31)",0.7608843445777893,0.19009225009559333
finetune,40,"biggrid50-goal(40,38)",7,"biggrid50-goal(33,10)",0.9115645289421082,0.398147836404385
finetune,40,"biggrid50-goal(40,38)",8,"biggrid50-goal(27,45)",0.676530659198761,0.10536233804941866
finetune,40,"biggrid50-goal(40,38)",9,"biggrid50-goal(21,45)",0.8391156792640686,0.42736079742056915
finetune,40,"biggrid50-goal(40,38)",10,"biggrid50-goal(33,3)",0.84183669090271,0.023108914995374243
finetune,40,"biggrid50-goal(40,38)",11,"biggrid50-goal(21,24)",0.8646258115768433,0.4015038283483291
finetune,40,"biggrid50-goal(40,38)",12,"biggrid50-goal(21,3)",0.7738094329833984,0.19879504081769672
finetune,40,"biggrid50-goal(40,38)",13,"biggrid50-goal(3,17)",0.7244897484779358,-0.22541635516248587
finetune,40,"biggrid50-goal(40,38)",14,"biggrid50-goal(15,45)",0.7819727659225464,0.0750358630354453
finetune,40,"biggrid50-goal(40,38)",15,"biggrid50-goal(3,24)",0.7829931378364563,0.21909404063282886
finetune,40,"biggrid50-goal(40,38)",16,"biggrid50-goal(3,10)",0.6632653474807739,-0.002024101206479252
finetune,40,"biggrid50-goal(40,38)",17,"biggrid50-goal(46,31)",0.809183657169342,0.38822258042632235
finetune,40,"biggrid50-goal(40,38)",18,"biggrid50-goal(46,24)",0.9721087217330933,0.8140583369923925
finetune,40,"biggrid50-goal(40,38)",19,"biggrid50-goal(3,45)",0.7391155958175659,0.36924331344424416
finetune,40,"biggrid50-goal(40,38)",20,"biggrid50-goal(21,10)",0.7414966225624084,0.03430761310733094
finetune,40,"biggrid50-goal(40,38)",21,"biggrid50-goal(40,3)",0.8942176103591919,0.015822948016017593
finetune,40,"biggrid50-goal(40,38)",22,"biggrid50-goal(15,38)",0.8741496205329895,0.46376796503373957
finetune,40,"biggrid50-goal(40,38)",23,"biggrid50-goal(40,45)",0.824149489402771,0.5730796752532156
finetune,40,"biggrid50-goal(40,38)",24,"biggrid50-goal(15,17)",0.8840135335922241,0.2851149404596149
finetune,40,"biggrid50-goal(40,38)",25,"biggrid50-goal(15,24)",0.8414965271949768,0.20477800594551904
finetune,40,"biggrid50-goal(40,38)",26,"biggrid50-goal(21,38)",0.8571427464485168,0.3478257202021219
finetune,40,"biggrid50-goal(40,38)",27,"biggrid50-goal(33,17)",0.9547617435455322,0.6870578601472243
finetune,40,"biggrid50-goal(40,38)",28,"biggrid50-goal(27,17)",0.8119046688079834,0.26462727625448146
finetune,40,"biggrid50-goal(40,38)",29,"biggrid50-goal(3,3)",0.6292516589164734,-0.019644482358865678
finetune,40,"biggrid50-goal(40,38)",30,"biggrid50-goal(9,10)",0.7302721738815308,-0.11847619895030444
finetune,40,"biggrid50-goal(40,38)",31,"biggrid50-goal(46,17)",0.9013603329658508,0.6467715403002775
finetune,40,"biggrid50-goal(40,38)",32,"biggrid50-goal(40,10)",0.692176878452301,0.03208572887233929
finetune,40,"biggrid50-goal(40,38)",33,"biggrid50-goal(46,38)",0.9472787976264954,0.8342242651827007
finetune,40,"biggrid50-goal(40,38)",34,"biggrid50-goal(27,31)",0.9197278618812561,0.5461537191324793
finetune,40,"biggrid50-goal(40,38)",35,"biggrid50-goal(21,31)",0.8503400087356567,0.3641613168957713
finetune,40,"biggrid50-goal(40,38)",36,"biggrid50-goal(46,10)",0.9727888703346252,0.9197585763605346
finetune,40,"biggrid50-goal(40,38)",37,"biggrid50-goal(9,17)",0.7833333611488342,0.006240754576885971
finetune,40,"biggrid50-goal(40,38)",38,"biggrid50-goal(33,24)",0.886054277420044,0.396395534501774
finetune,40,"biggrid50-goal(40,38)",39,"biggrid50-goal(40,17)",0.9727888703346252,0.8802385014774521
finetune,40,"biggrid50-goal(40,38)",40,"biggrid50-goal(40,38)",0.7387754917144775,0.2608276715604466
finetune,41,"biggrid50-goal(33,38)",0,"biggrid50-goal(40,31)",0.9207481741905212,0.7555085844367664
finetune,41,"biggrid50-goal(33,38)",1,"biggrid50-goal(9,31)",0.8166666626930237,0.23654399618746455
finetune,41,"biggrid50-goal(33,38)",2,"biggrid50-goal(15,31)",0.8391156792640686,0.3064518284068946
finetune,41,"biggrid50-goal(33,38)",3,"biggrid50-goal(9,24)",0.8119047284126282,0.1426353303638016
finetune,41,"biggrid50-goal(33,38)",4,"biggrid50-goal(21,17)",0.7442176938056946,0.009222947030218906
finetune,41,"biggrid50-goal(33,38)",5,"biggrid50-goal(27,3)",0.7187074422836304,0.0882028753268317
finetune,41,"biggrid50-goal(33,38)",6,"biggrid50-goal(3,31)",0.799659788608551,0.3214284128033297
finetune,41,"biggrid50-goal(33,38)",7,"biggrid50-goal(33,10)",0.8363944888114929,-0.11342575221328682
finetune,41,"biggrid50-goal(33,38)",8,"biggrid50-goal(27,45)",0.6812925338745117,0.11853252727311092
finetune,41,"biggrid50-goal(33,38)",9,"biggrid50-goal(21,45)",0.8942176699638367,0.6234865595241682
finetune,41,"biggrid50-goal(33,38)",10,"biggrid50-goal(33,3)",0.785374104976654,-0.32563060709911346
finetune,41,"biggrid50-goal(33,38)",11,"biggrid50-goal(21,24)",0.8666666150093079,0.41052632411100526
finetune,41,"biggrid50-goal(33,38)",12,"biggrid50-goal(21,3)",0.7394557595252991,0.07710856244771902
finetune,41,"biggrid50-goal(33,38)",13,"biggrid50-goal(3,17)",0.7255101799964905,-0.22087767297098107
finetune,41,"biggrid50-goal(33,38)",14,"biggrid50-goal(15,45)",0.8248298168182373,0.25685367704530565
finetune,41,"biggrid50-goal(33,38)",15,"biggrid50-goal(3,24)",0.7836734056472778,0.22154200555955936
finetune,41,"biggrid50-goal(33,38)",16,"biggrid50-goal(3,10)",0.6625850796699524,-0.004048379778994824
finetune,41,"biggrid50-goal(33,38)",17,"biggrid50-goal(46,31)",0.8159863352775574,0.4100326874512101
finetune,41,"biggrid50-goal(33,38)",18,"biggrid50-goal(46,24)",0.88197261095047,0.21315155260005125
finetune,41,"biggrid50-goal(33,38)",19,"biggrid50-goal(3,45)",0.8785712718963623,0.7064141015582893
finetune,41,"biggrid50-goal(33,38)",20,"biggrid50-goal(21,10)",0.7326530814170837,0.0012707512996977986
finetune,41,"biggrid50-goal(33,38)",21,"biggrid50-goal(40,3)",0.7272108793258667,-1.5379724688579117
finetune,41,"biggrid50-goal(33,38)",22,"biggrid50-goal(15,38)",0.8792515993118286,0.4855068304588433
finetune,41,"biggrid50-goal(33,38)",23,"biggrid50-goal(40,45)",0.8034012913703918,0.5227083262488216
finetune,41,"biggrid50-goal(33,38)",24,"biggrid50-goal(15,17)",0.8479591608047485,0.06289304479250321
finetune,41,"biggrid50-goal(33,38)",25,"biggrid50-goal(15,24)",0.8445578217506409,0.22013671523978098
finetune,41,"biggrid50-goal(33,38)",26,"biggrid50-goal(21,38)",0.8710883855819702,0.41149058097801094
finetune,41,"biggrid50-goal(33,38)",27,"biggrid50-goal(33,17)",0.8880951404571533,0.22588205315759546
finetune,41,"biggrid50-goal(33,38)",28,"biggrid50-goal(27,17)",0.7799319624900818,0.13962759666908628
finetune,41,"biggrid50-goal(33,38)",29,"biggrid50-goal(3,3)",0.6047618985176086,-0.08699704013974423
finetune,41,"biggrid50-goal(33,38)",30,"biggrid50-goal(9,10)",0.731632649898529,-0.11283473412202619
finetune,41,"biggrid50-goal(33,38)",31,"biggrid50-goal(46,17)",0.8530611395835876,0.4738122208284321
finetune,41,"biggrid50-goal(33,38)",32,"biggrid50-goal(40,10)",0.6755102276802063,-0.02032063051061434
finetune,41,"biggrid50-goal(33,38)",33,"biggrid50-goal(46,38)",0.9071426391601562,0.7080207481353592
finetune,41,"biggrid50-goal(33,38)",34,"biggrid50-goal(27,31)",0.936394453048706,0.6403840535094876
finetune,41,"biggrid50-goal(33,38)",35,"biggrid50-goal(21,31)",0.8653060793876648,0.427745489086518
finetune,41,"biggrid50-goal(33,38)",36,"biggrid50-goal(46,10)",0.7959182858467102,0.3981945077686329
finetune,41,"biggrid50-goal(33,38)",37,"biggrid50-goal(9,17)",0.7772108912467957,-0.02184045396650693
finetune,41,"biggrid50-goal(33,38)",38,"biggrid50-goal(33,24)",0.8860543370246887,0.39639585024534857
finetune,41,"biggrid50-goal(33,38)",39,"biggrid50-goal(40,17)",0.8687074780464172,0.4221559572378362
finetune,41,"biggrid50-goal(33,38)",40,"biggrid50-goal(40,38)",0.7231292724609375,0.21655444316843847
finetune,41,"biggrid50-goal(33,38)",41,"biggrid50-goal(33,38)",0.8789114356040955,0.5922103349668775
finetune,42,"biggrid50-goal(9,45)",0,"biggrid50-goal(40,31)",0.8146257400512695,0.42812150053417136
finetune,42,"biggrid50-goal(9,45)",1,"biggrid50-goal(9,31)",0.8622447848320007,0.4263452156527416
finetune,42,"biggrid50-goal(9,45)",2,"biggrid50-goal(15,31)",0.8690477013587952,0.4354842853978742
finetune,42,"biggrid50-goal(9,45)",3,"biggrid50-goal(9,24)",0.881292462348938,0.45891436853980816
finetune,42,"biggrid50-goal(9,45)",4,"biggrid50-goal(21,17)",0.7557823061943054,0.05401866707670882
finetune,42,"biggrid50-goal(9,45)",5,"biggrid50-goal(27,3)",0.6680272221565247,-0.07607476985812321
finetune,42,"biggrid50-goal(9,45)",6,"biggrid50-goal(3,31)",0.8506802320480347,0.49423956760720283
finetune,42,"biggrid50-goal(9,45)",7,"biggrid50-goal(33,10)",0.7517005801200867,-0.689814519972822
finetune,42,"biggrid50-goal(9,45)",8,"biggrid50-goal(27,45)",0.6819727420806885,0.12041381802451942
finetune,42,"biggrid50-goal(9,45)",9,"biggrid50-goal(21,45)",0.9710883498191833,0.8970941094255386
finetune,42,"biggrid50-goal(9,45)",10,"biggrid50-goal(33,3)",0.699999988079071,-0.8529413605437669
finetune,42,"biggrid50-goal(9,45)",11,"biggrid50-goal(21,24)",0.852721095085144,0.34887247130846877
finetune,42,"biggrid50-goal(9,45)",12,"biggrid50-goal(21,3)",0.7190476059913635,0.004819456695829303
finetune,42,"biggrid50-goal(9,45)",13,"biggrid50-goal(3,17)",0.7462584972381592,-0.12859316758659817
finetune,42,"biggrid50-goal(9,45)",14,"biggrid50-goal(15,45)",0.879591703414917,0.48917686083827333
finetune,42,"biggrid50-goal(9,45)",15,"biggrid50-goal(3,24)",0.8472788333892822,0.4504281203884828
finetune,42,"biggrid50-goal(9,45)",16,"biggrid50-goal(3,10)",0.6863945722579956,0.06680172499112283
finetune,42,"biggrid50-goal(9,45)",17,"biggrid50-goal(46,31)",0.753741443157196,0.21046896603123127
finetune,42,"biggrid50-goal(9,45)",18,"biggrid50-goal(46,24)",0.7649659514427185,-0.5668920382184588
finetune,42,"biggrid50-goal(9,45)",19,"biggrid50-goal(3,45)",0.9615644216537476,0.9070718768356
finetune,42,"biggrid50-goal(9,45)",20,"biggrid50-goal(21,10)",0.7346938848495483,0.008894591101757186
finetune,42,"biggrid50-goal(9,45)",21,"biggrid50-goal(40,3)",0.6418367624282837,-2.332275253747781
finetune,42,"biggrid50-goal(9,45)",22,"biggrid50-goal(15,38)",0.9251700043678284,0.6811591589608661
finetune,42,"biggrid50-goal(9,45)",23,"biggrid50-goal(40,45)",0.7833331823348999,0.4739880603969401
finetune,42,"biggrid50-goal(9,45)",24,"biggrid50-goal(15,17)",0.8602040410041809,0.1383646250686072
finetune,42,"biggrid50-goal(9,45)",25,"biggrid50-goal(15,24)",0.8585034012794495,0.290102573809872
finetune,42,"biggrid50-goal(9,45)",26,"biggrid50-goal(21,38)",0.8785714507102966,0.44565239278260466
finetune,42,"biggrid50-goal(9,45)",27,"biggrid50-goal(33,17)",0.8071427941322327,-0.334117435561022
finetune,42,"biggrid50-goal(9,45)",28,"biggrid50-goal(27,17)",0.7612245082855225,0.06648940942345179
finetune,42,"biggrid50-goal(9,45)",29,"biggrid50-goal(3,3)",0.6115646362304688,-0.06828792345541719
finetune,42,"biggrid50-goal(9,45)",30,"biggrid50-goal(9,10)",0.7568026781082153,-0.008462567984903366
finetune,42,"biggrid50-goal(9,45)",31,"biggrid50-goal(46,17)",0.7319726943969727,0.04019472933898277
finetune,42,"biggrid50-goal(9,45)",32,"biggrid50-goal(40,10)",0.656802773475647,-0.0791440607000659
finetune,42,"biggrid50-goal(9,45)",33,"biggrid50-goal(46,38)",0.7843536138534546,0.3219248326152651
finetune,42,"biggrid50-goal(9,45)",34,"biggrid50-goal(27,31)",0.9064624905586243,0.47115335686235654
finetune,42,"biggrid50-goal(9,45)",35,"biggrid50-goal(21,31)",0.8435373306274414,0.3352597657639817
finetune,42,"biggrid50-goal(9,45)",36,"biggrid50-goal(46,10)",0.6465985774993896,-0.04212627723960517
finetune,42,"biggrid50-goal(9,45)",37,"biggrid50-goal(9,17)",0.7962585687637329,0.06552327557054051
finetune,42,"biggrid50-goal(9,45)",38,"biggrid50-goal(33,24)",0.8547618985176086,0.23063047361220437
finetune,42,"biggrid50-goal(9,45)",39,"biggrid50-goal(40,17)",0.7489795088768005,-0.10479022908901649
finetune,42,"biggrid50-goal(9,45)",40,"biggrid50-goal(40,38)",0.6897959113121033,0.12223290214300978
finetune,42,"biggrid50-goal(9,45)",41,"biggrid50-goal(33,38)",0.8493196368217468,0.4925541058804779
finetune,42,"biggrid50-goal(9,45)",42,"biggrid50-goal(9,45)",0.9863943457603455,0.9592661718731458
finetune,43,"biggrid50-goal(9,38)",0,"biggrid50-goal(40,31)",0.7765305638313293,0.310598106403988
finetune,43,"biggrid50-goal(9,38)",1,"biggrid50-goal(9,31)",0.8833333253860474,0.5141643386454826
finetune,43,"biggrid50-goal(9,38)",2,"biggrid50-goal(15,31)",0.8860543370246887,0.5087973404990624
finetune,43,"biggrid50-goal(9,38)",3,"biggrid50-goal(9,24)",0.9258502721786499,0.6620151247787455
finetune,43,"biggrid50-goal(9,38)",4,"biggrid50-goal(21,17)",0.7486394047737122,0.026350518624825743
finetune,43,"biggrid50-goal(9,38)",5,"biggrid50-goal(27,3)",0.6680272221565247,-0.07607476985812321
finetune,43,"biggrid50-goal(9,38)",6,"biggrid50-goal(3,31)",0.9204080700874329,0.7304144692984882
finetune,43,"biggrid50-goal(9,38)",7,"biggrid50-goal(33,10)",0.7632653117179871,-0.6111101420762811
finetune,43,"biggrid50-goal(9,38)",8,"biggrid50-goal(27,45)",0.6836734414100647,0.125117539458969
finetune,43,"biggrid50-goal(9,38)",9,"biggrid50-goal(21,45)",0.9323127865791321,0.7590793699420273
finetune,43,"biggrid50-goal(9,38)",10,"biggrid50-goal(33,3)",0.7051020264625549,-0.8214287686498343
finetune,43,"biggrid50-goal(9,38)",11,"biggrid50-goal(21,24)",0.8632652163505554,0.39548856765804585
finetune,43,"biggrid50-goal(9,38)",12,"biggrid50-goal(21,3)",0.7251700758934021,0.02650627287325929
finetune,43,"biggrid50-goal(9,38)",13,"biggrid50-goal(3,17)",0.7806122303009033,0.02420559806151611
finetune,43,"biggrid50-goal(9,38)",14,"biggrid50-goal(15,45)",0.9261903166770935,0.6868679716858396
finetune,43,"biggrid50-goal(9,38)",15,"biggrid50-goal(3,24)",0.8833332061767578,0.580170904972717
finetune,43,"biggrid50-goal(9,38)",16,"biggrid50-goal(3,10)",0.6761904358863831,0.036437191671316614
finetune,43,"biggrid50-goal(9,38)",17,"biggrid50-goal(46,31)",0.7465986013412476,0.18756825810569483
finetune,43,"biggrid50-goal(9,38)",18,"biggrid50-goal(46,24)",0.7312925457954407,-0.7913811772699909
finetune,43,"biggrid50-goal(9,38)",19,"biggrid50-goal(3,45)",0.9248297214508057,0.8182560740886345
finetune,43,"biggrid50-goal(9,38)",20,"biggrid50-goal(21,10)",0.7384353876113892,0.022871742071553965
finetune,43,"biggrid50-goal(9,38)",21,"biggrid50-goal(40,3)",0.6108843088150024,-2.620250356713676
finetune,43,"biggrid50-goal(9,38)",22,"biggrid50-goal(15,38)",0.9363945126533508,0.7289853232118776
finetune,43,"biggrid50-goal(9,38)",23,"biggrid50-goal(40,45)",0.7571428418159485,0.4104045732543341
finetune,43,"biggrid50-goal(9,38)",24,"biggrid50-goal(15,17)",0.8663263916969299,0.17609986414491013
finetune,43,"biggrid50-goal(9,38)",25,"biggrid50-goal(15,24)",0.8659864068031311,0.3276452879772945
finetune,43,"biggrid50-goal(9,38)",26,"biggrid50-goal(21,38)",0.8972788453102112,0.531055697807625
finetune,43,"biggrid50-goal(9,38)",27,"biggrid50-goal(33,17)",0.7914965152740479,-0.44235281796444864
finetune,43,"biggrid50-goal(9,38)",28,"biggrid50-goal(27,17)",0.7598640322685242,0.06117052698298773
finetune,43,"biggrid50-goal(9,38)",29,"biggrid50-goal(3,3)",0.6435373425483704,0.019644482358865678
finetune,43,"biggrid50-goal(9,38)",30,"biggrid50-goal(9,10)",0.773809552192688,0.0620595733742633
finetune,43,"biggrid50-goal(9,38)",31,"biggrid50-goal(46,17)",0.7119047045707703,-0.03166870399078604
finetune,43,"biggrid50-goal(9,38)",32,"biggrid50-goal(40,10)",0.6578231453895569,-0.07593561900677935
finetune,43,"biggrid50-goal(9,38)",33,"biggrid50-goal(46,38)",0.7554420828819275,0.23101586097339913
finetune,43,"biggrid50-goal(9,38)",34,"biggrid50-goal(27,31)",0.8846938610076904,0.3480768848408994
finetune,43,"biggrid50-goal(9,38)",35,"biggrid50-goal(21,31)",0.862925112247467,0.4176298195735901
finetune,43,"biggrid50-goal(9,38)",36,"biggrid50-goal(46,10)",0.6170067191123962,-0.12938810261436232
finetune,43,"biggrid50-goal(9,38)",37,"biggrid50-goal(9,17)",0.8139455318450928,0.14664597714912775
finetune,43,"biggrid50-goal(9,38)",38,"biggrid50-goal(33,24)",0.8496598601341248,0.20360345511878747
finetune,43,"biggrid50-goal(9,38)",39,"biggrid50-goal(40,17)",0.7241495847702026,-0.21407157667640442
finetune,43,"biggrid50-goal(9,38)",40,"biggrid50-goal(40,38)",0.7098639607429504,0.17901833518831134
finetune,43,"biggrid50-goal(9,38)",41,"biggrid50-goal(33,38)",0.8153060078620911,0.3780064900158697
finetune,43,"biggrid50-goal(9,38)",42,"biggrid50-goal(9,45)",0.94047611951828,0.8217920671599136
finetune,43,"biggrid50-goal(9,38)",43,"biggrid50-goal(9,38)",0.9734691977500916,0.9190025466777183
finetune,44,"biggrid50-goal(9,3)",0,"biggrid50-goal(40,31)",0.7221088409423828,0.14270741201802759
finetune,44,"biggrid50-goal(9,3)",1,"biggrid50-goal(9,31)",0.8761904239654541,0.4844191157945947
finetune,44,"biggrid50-goal(9,3)",2,"biggrid50-goal(15,31)",0.862925112247467,0.4090907222205949
finetune,44,"biggrid50-goal(9,3)",3,"biggrid50-goal(9,24)",0.9687073230743408,0.8573635828908241
finetune,44,"biggrid50-goal(9,3)",4,"biggrid50-goal(21,17)",0.755442202091217,0.0527012681292427
finetune,44,"biggrid50-goal(9,3)",5,"biggrid50-goal(27,3)",0.7309523820877075,0.12789429480765305
finetune,44,"biggrid50-goal(9,3)",6,"biggrid50-goal(3,31)",0.9040815234184265,0.6751148836103151
finetune,44,"biggrid50-goal(9,3)",7,"biggrid50-goal(33,10)",0.8431971669197083,-0.06712977517265159
finetune,44,"biggrid50-goal(9,3)",8,"biggrid50-goal(27,45)",0.6826530694961548,0.12229543847988014
finetune,44,"biggrid50-goal(9,3)",9,"biggrid50-goal(21,45)",0.8282312750816345,0.3886196913695228
finetune,44,"biggrid50-goal(9,3)",10,"biggrid50-goal(33,3)",0.785374104976654,-0.32563060709911346
finetune,44,"biggrid50-goal(9,3)",11,"biggrid50-goal(21,24)",0.8683673143386841,0.41804520233748493
finetune,44,"biggrid50-goal(9,3)",12,"biggrid50-goal(21,3)",0.8544216752052307,0.4843371352154557
finetune,44,"biggrid50-goal(9,3)",13,"biggrid50-goal(3,17)",0.8721088171005249,0.4311647340151961
finetune,44,"biggrid50-goal(9,3)",14,"biggrid50-goal(15,45)",0.8374149799346924,0.31024528470306567
finetune,44,"biggrid50-goal(9,3)",15,"biggrid50-goal(3,24)",0.9047617316246033,0.6572821218984866
finetune,44,"biggrid50-goal(9,3)",16,"biggrid50-goal(3,10)",0.7030611634254456,0.1163966387007725
finetune,44,"biggrid50-goal(9,3)",17,"biggrid50-goal(46,31)",0.6972789168357849,0.029444122230619953
finetune,44,"biggrid50-goal(9,3)",18,"biggrid50-goal(46,24)",0.6986393332481384,-1.009069036015076
finetune,44,"biggrid50-goal(9,3)",19,"biggrid50-goal(3,45)",0.8010202646255493,0.518914137585767
finetune,44,"biggrid50-goal(9,3)",20,"biggrid50-goal(21,10)",0.7411564588546753,0.03303686180763315
finetune,44,"biggrid50-goal(9,3)",21,"biggrid50-goal(40,3)",0.7180271148681641,-1.623416277234597
finetune,44,"biggrid50-goal(9,3)",22,"biggrid50-goal(15,38)",0.9166666269302368,0.6449273779622147
finetune,44,"biggrid50-goal(9,3)",23,"biggrid50-goal(40,45)",0.6523809432983398,0.15606932233961812
finetune,44,"biggrid50-goal(9,3)",24,"biggrid50-goal(15,17)",0.9217685461044312,0.5178187653424775
finetune,44,"biggrid50-goal(9,3)",25,"biggrid50-goal(15,24)",0.8823128342628479,0.4095560118910381
finetune,44,"biggrid50-goal(9,3)",26,"biggrid50-goal(21,38)",0.84183669090271,0.27795026408091406
finetune,44,"biggrid50-goal(9,3)",27,"biggrid50-goal(33,17)",0.8044217228889465,-0.3529408369098978
finetune,44,"biggrid50-goal(9,3)",28,"biggrid50-goal(27,17)",0.7826529741287231,0.1502655945788179
finetune,44,"biggrid50-goal(9,3)",29,"biggrid50-goal(3,3)",0.7251699566841125,0.24415322686404314
finetune,44,"biggrid50-goal(9,3)",30,"biggrid50-goal(9,10)",0.9619045853614807,0.8420303341502026
finetune,44,"biggrid50-goal(9,3)",31,"biggrid50-goal(46,17)",0.7401360273361206,0.06942760903952921
finetune,44,"biggrid50-goal(9,3)",32,"biggrid50-goal(40,10)",0.6639455556869507,-0.05668440658728558
finetune,44,"biggrid50-goal(9,3)",33,"biggrid50-goal(46,38)",0.7013605833053589,0.06096282863146721
finetune,44,"biggrid50-goal(9,3)",34,"biggrid50-goal(27,31)",0.8374149203300476,0.0807690506062717
finetune,44,"biggrid50-goal(9,3)",35,"biggrid50-goal(21,31)",0.8387754559516907,0.315028679971729
finetune,44,"biggrid50-goal(9,3)",36,"biggrid50-goal(46,10)",0.7074829339981079,0.1374122977077796
finetune,44,"biggrid50-goal(9,3)",37,"biggrid50-goal(9,17)",0.8993196487426758,0.5382213412045356
finetune,44,"biggrid50-goal(9,3)",38,"biggrid50-goal(33,24)",0.8282312750816345,0.09008985114900665
finetune,44,"biggrid50-goal(9,3)",39,"biggrid50-goal(40,17)",0.7608843445777893,-0.05239472104697626
finetune,44,"biggrid50-goal(9,3)",40,"biggrid50-goal(40,38)",0.6625850200653076,0.04523577054222983
finetune,44,"biggrid50-goal(9,3)",41,"biggrid50-goal(33,38)",0.7523810267448425,0.1660941835149743
finetune,44,"biggrid50-goal(9,3)",42,"biggrid50-goal(9,45)",0.8265305757522583,0.48065167700812605
finetune,44,"biggrid50-goal(9,3)",43,"biggrid50-goal(9,38)",0.8340135812759399,0.4932502577157784
finetune,44,"biggrid50-goal(9,3)",44,"biggrid50-goal(9,3)",0.6874149441719055,0.052577429285747705
finetune,45,"biggrid50-goal(40,24)",0,"biggrid50-goal(40,31)",0.8887754678726196,0.656872973872494
finetune,45,"biggrid50-goal(40,24)",1,"biggrid50-goal(9,31)",0.8425169587135315,0.34419252311163456
finetune,45,"biggrid50-goal(40,24)",2,"biggrid50-goal(15,31)",0.8397958874702454,0.3093841039421274
finetune,45,"biggrid50-goal(40,24)",3,"biggrid50-goal(9,24)",0.9391154646873474,0.7224797355948505
finetune,45,"biggrid50-goal(40,24)",4,"biggrid50-goal(21,17)",0.7551020383834839,0.05138363830218537
finetune,45,"biggrid50-goal(40,24)",5,"biggrid50-goal(27,3)",0.755442202091217,0.207276940563531
finetune,45,"biggrid50-goal(40,24)",6,"biggrid50-goal(3,31)",0.8139455318450928,0.369815600752149
finetune,45,"biggrid50-goal(40,24)",7,"biggrid50-goal(33,10)",0.8721087574958801,0.12962954699875265
finetune,45,"biggrid50-goal(40,24)",8,"biggrid50-goal(27,45)",0.6908162832260132,0.14487290572049547
finetune,45,"biggrid50-goal(40,24)",9,"biggrid50-goal(21,45)",0.840135931968689,0.4309922059539231
finetune,45,"biggrid50-goal(40,24)",10,"biggrid50-goal(33,3)",0.7812924981117249,-0.35084053335571663
finetune,45,"biggrid50-goal(40,24)",11,"biggrid50-goal(21,24)",0.8574829697608948,0.3699249614213797
finetune,45,"biggrid50-goal(40,24)",12,"biggrid50-goal(21,3)",0.7948978543281555,0.2734937693526722
finetune,45,"biggrid50-goal(40,24)",13,"biggrid50-goal(3,17)",0.7765306234359741,0.0060513995153790275
finetune,45,"biggrid50-goal(40,24)",14,"biggrid50-goal(15,45)",0.7914965748786926,0.11543990599371015
finetune,45,"biggrid50-goal(40,24)",15,"biggrid50-goal(3,24)",0.8721086978912354,0.5397791619479049
finetune,45,"biggrid50-goal(40,24)",16,"biggrid50-goal(3,10)",0.6772109270095825,0.03947387557914445
finetune,45,"biggrid50-goal(40,24)",17,"biggrid50-goal(46,31)",0.8268706798553467,0.4449290497898391
finetune,45,"biggrid50-goal(40,24)",18,"biggrid50-goal(46,24)",0.8891155123710632,0.2607708462062676
finetune,45,"biggrid50-goal(40,24)",19,"biggrid50-goal(3,45)",0.7734692692756653,0.45230235758049836
finetune,45,"biggrid50-goal(40,24)",20,"biggrid50-goal(21,10)",0.7360544800758362,0.013977373635172579
finetune,45,"biggrid50-goal(40,24)",21,"biggrid50-goal(40,3)",0.9183672666549683,0.2405062589178419
finetune,45,"biggrid50-goal(40,24)",22,"biggrid50-goal(15,38)",0.8965985774993896,0.5594200395681534
finetune,45,"biggrid50-goal(40,24)",23,"biggrid50-goal(40,45)",0.7187073826789856,0.3170930517761444
finetune,45,"biggrid50-goal(40,24)",24,"biggrid50-goal(15,17)",0.883673369884491,0.2830183341917651
finetune,45,"biggrid50-goal(40,24)",25,"biggrid50-goal(15,24)",0.8622448444366455,0.30887363185329325
finetune,45,"biggrid50-goal(40,24)",26,"biggrid50-goal(21,38)",0.8486393690109253,0.30900596188853907
finetune,45,"biggrid50-goal(40,24)",27,"biggrid50-goal(33,17)",0.9316326379776001,0.5270589486817805
finetune,45,"biggrid50-goal(40,24)",28,"biggrid50-goal(27,17)",0.7833332419395447,0.15292515231345172
finetune,45,"biggrid50-goal(40,24)",29,"biggrid50-goal(3,3)",0.6965985894203186,0.16557529742858043
finetune,45,"biggrid50-goal(40,24)",30,"biggrid50-goal(9,10)",0.7969387769699097,0.15796917152648277
finetune,45,"biggrid50-goal(40,24)",31,"biggrid50-goal(46,17)",0.8863945007324219,0.5931789235884993
finetune,45,"biggrid50-goal(40,24)",32,"biggrid50-goal(40,10)",0.6704081296920776,-0.0363635886567464
finetune,45,"biggrid50-goal(40,24)",33,"biggrid50-goal(46,38)",0.8663265109062195,0.5796791445854759
finetune,45,"biggrid50-goal(40,24)",34,"biggrid50-goal(27,31)",0.8785713315010071,0.3134610478739125
finetune,45,"biggrid50-goal(40,24)",35,"biggrid50-goal(21,31)",0.8768706917762756,0.47687837924416354
finetune,45,"biggrid50-goal(40,24)",36,"biggrid50-goal(46,10)",0.9017006158828735,0.7101302804610243
finetune,45,"biggrid50-goal(40,24)",37,"biggrid50-goal(9,17)",0.8506801724433899,0.3151324082647624
finetune,45,"biggrid50-goal(40,24)",38,"biggrid50-goal(33,24)",0.8925169110298157,0.4306300315712
finetune,45,"biggrid50-goal(40,24)",39,"biggrid50-goal(40,17)",0.9367344975471497,0.7215561620664181
finetune,45,"biggrid50-goal(40,24)",40,"biggrid50-goal(40,38)",0.6918366551399231,0.1280074804046691
finetune,45,"biggrid50-goal(40,24)",41,"biggrid50-goal(33,38)",0.7642857432365417,0.20618566841021108
finetune,45,"biggrid50-goal(40,24)",42,"biggrid50-goal(9,45)",0.7938774228096008,0.38289173865180154
finetune,45,"biggrid50-goal(40,24)",43,"biggrid50-goal(9,38)",0.7979591488838196,0.3831775513862061
finetune,45,"biggrid50-goal(40,24)",44,"biggrid50-goal(9,3)",0.6619047522544861,-0.02474210712583019
finetune,45,"biggrid50-goal(40,24)",45,"biggrid50-goal(40,24)",0.9377549290657043,0.4902499159201991
finetune,46,"biggrid50-goal(33,31)",0,"biggrid50-goal(40,31)",0.9204080104827881,0.7544591814031145
finetune,46,"biggrid50-goal(33,31)",1,"biggrid50-goal(9,31)",0.8380951285362244,0.32577867189235543
finetune,46,"biggrid50-goal(33,31)",2,"biggrid50-goal(15,31)",0.8476189374923706,0.3431080990108067
finetune,46,"biggrid50-goal(33,31)",3,"biggrid50-goal(9,24)",0.8595237135887146,0.35968935383478484
finetune,46,"biggrid50-goal(33,31)",4,"biggrid50-goal(21,17)",0.7557823061943054,0.05401866707670882
finetune,46,"biggrid50-goal(33,31)",5,"biggrid50-goal(27,3)",0.7047618627548218,0.04299890896704663
finetune,46,"biggrid50-goal(33,31)",6,"biggrid50-goal(3,31)",0.8377550840377808,0.45046084670462405
finetune,46,"biggrid50-goal(33,31)",7,"biggrid50-goal(33,10)",0.9061223268508911,0.36111064912938984
finetune,46,"biggrid50-goal(33,31)",8,"biggrid50-goal(27,45)",0.6928570866584778,0.15051727253064928
finetune,46,"biggrid50-goal(33,31)",9,"biggrid50-goal(21,45)",0.8816325664520264,0.5786921158741157
finetune,46,"biggrid50-goal(33,31)",10,"biggrid50-goal(33,3)",0.8057822585105896,-0.199580239523383
finetune,46,"biggrid50-goal(33,31)",11,"biggrid50-goal(21,24)",0.865646243095398,0.4060152079872501
finetune,46,"biggrid50-goal(33,31)",12,"biggrid50-goal(21,3)",0.7588434815406799,0.14578312846015118
finetune,46,"biggrid50-goal(33,31)",13,"biggrid50-goal(3,17)",0.74217689037323,-0.14674736613273526
finetune,46,"biggrid50-goal(33,31)",14,"biggrid50-goal(15,45)",0.791836678981781,0.1168827720628155
finetune,46,"biggrid50-goal(33,31)",15,"biggrid50-goal(3,24)",0.8496597409248352,0.45899589038745325
finetune,46,"biggrid50-goal(33,31)",16,"biggrid50-goal(3,10)",0.6639455556869507,0.0
finetune,46,"biggrid50-goal(33,31)",17,"biggrid50-goal(46,31)",0.8132652044296265,0.4013084535424464
finetune,46,"biggrid50-goal(33,31)",18,"biggrid50-goal(46,24)",0.9299318194389343,0.5328792788640161
finetune,46,"biggrid50-goal(33,31)",19,"biggrid50-goal(3,45)",0.7517006397247314,0.3996709682514337
finetune,46,"biggrid50-goal(33,31)",20,"biggrid50-goal(21,10)",0.7581632137298584,0.09656908282350385
finetune,46,"biggrid50-goal(33,31)",21,"biggrid50-goal(40,3)",0.9615643620491028,0.6424029275753397
finetune,46,"biggrid50-goal(33,31)",22,"biggrid50-goal(15,38)",0.8976190090179443,0.5637679650337396
finetune,46,"biggrid50-goal(33,31)",23,"biggrid50-goal(40,45)",0.7438774704933167,0.37819962478013897
finetune,46,"biggrid50-goal(33,31)",24,"biggrid50-goal(15,17)",0.8840134739875793,0.2851145730851155
finetune,46,"biggrid50-goal(33,31)",25,"biggrid50-goal(15,24)",0.8571427464485168,0.28327608206981336
finetune,46,"biggrid50-goal(33,31)",26,"biggrid50-goal(21,38)",0.8547618985176086,0.3369566341316078
finetune,46,"biggrid50-goal(33,31)",27,"biggrid50-goal(33,17)",0.942857027053833,0.6047052730840452
finetune,46,"biggrid50-goal(33,31)",28,"biggrid50-goal(27,17)",0.7908163070678711,0.18218075345203044
finetune,46,"biggrid50-goal(33,31)",29,"biggrid50-goal(3,3)",0.651020348072052,0.04022449431895674
finetune,46,"biggrid50-goal(33,31)",30,"biggrid50-goal(9,10)",0.755442202091217,-0.014104032813181625
finetune,46,"biggrid50-goal(33,31)",31,"biggrid50-goal(46,17)",0.8544216752052307,0.4786842962971501
finetune,46,"biggrid50-goal(33,31)",32,"biggrid50-goal(40,10)",0.6775510311126709,-0.013903559704116416
finetune,46,"biggrid50-goal(33,31)",33,"biggrid50-goal(46,38)",0.9367344975471497,0.801068930799316
finetune,46,"biggrid50-goal(33,31)",34,"biggrid50-goal(27,31)",0.9119046330451965,0.5019223906188551
finetune,46,"biggrid50-goal(33,31)",35,"biggrid50-goal(21,31)",0.8795917630195618,0.4884389996968794
finetune,46,"biggrid50-goal(33,31)",36,"biggrid50-goal(46,10)",0.9418365359306335,0.8284849170864226
finetune,46,"biggrid50-goal(33,31)",37,"biggrid50-goal(9,17)",0.8428571224212646,0.27925135002655904
finetune,46,"biggrid50-goal(33,31)",38,"biggrid50-goal(33,24)",0.896938681602478,0.4540534686483996
finetune,46,"biggrid50-goal(33,31)",39,"biggrid50-goal(40,17)",0.9455780386924744,0.760478314613344
finetune,46,"biggrid50-goal(33,31)",40,"biggrid50-goal(40,38)",0.6938775181770325,0.13378239598616382
finetune,46,"biggrid50-goal(33,31)",41,"biggrid50-goal(33,38)",0.8435373902320862,0.47308124804538754
finetune,46,"biggrid50-goal(33,31)",42,"biggrid50-goal(9,45)",0.812244713306427,0.4378813805370944
finetune,46,"biggrid50-goal(33,31)",43,"biggrid50-goal(9,38)",0.8377549648284912,0.5046725485611134
finetune,46,"biggrid50-goal(33,31)",44,"biggrid50-goal(9,3)",0.6482993364334106,-0.06597913299289059
finetune,46,"biggrid50-goal(33,31)",45,"biggrid50-goal(40,24)",0.979251503944397,0.8300821663447472
finetune,46,"biggrid50-goal(33,31)",46,"biggrid50-goal(33,31)",0.9585033059120178,0.8016255784266795
finetune,47,"biggrid50-goal(46,45)",0,"biggrid50-goal(40,31)",0.9289113879203796,0.7806920506846771
finetune,47,"biggrid50-goal(46,45)",1,"biggrid50-goal(9,31)",0.7867347002029419,0.11189816360393813
finetune,47,"biggrid50-goal(46,45)",2,"biggrid50-goal(15,31)",0.8020408749580383,0.1466279088291505
finetune,47,"biggrid50-goal(46,45)",3,"biggrid50-goal(9,24)",0.7714285254478455,-0.04186088844151204
finetune,47,"biggrid50-goal(46,45)",4,"biggrid50-goal(21,17)",0.75,0.031620807053463866
finetune,47,"biggrid50-goal(46,45)",5,"biggrid50-goal(27,3)",0.7210884094238281,0.0959206728042986
finetune,47,"biggrid50-goal(46,45)",6,"biggrid50-goal(3,31)",0.7353740930557251,0.1036865717503211
finetune,47,"biggrid50-goal(46,45)",7,"biggrid50-goal(33,10)",0.837755024433136,-0.10416655680515977
finetune,47,"biggrid50-goal(46,45)",8,"biggrid50-goal(27,45)",0.6785714626312256,0.1110067048595725
finetune,47,"biggrid50-goal(46,45)",9,"biggrid50-goal(21,45)",0.8377550840377808,0.4225180000500679
finetune,47,"biggrid50-goal(46,45)",10,"biggrid50-goal(33,3)",0.7676869630813599,-0.43487472531679916
finetune,47,"biggrid50-goal(46,45)",11,"biggrid50-goal(21,24)",0.8231292366981506,0.21804536044658443
finetune,47,"biggrid50-goal(46,45)",12,"biggrid50-goal(21,3)",0.7374149560928345,0.06987969409846158
finetune,47,"biggrid50-goal(46,45)",13,"biggrid50-goal(3,17)",0.6976190805435181,-0.3449318932561333
finetune,47,"biggrid50-goal(46,45)",14,"biggrid50-goal(15,45)",0.773809552192688,0.04040404295826486
finetune,47,"biggrid50-goal(46,45)",15,"biggrid50-goal(3,24)",0.7401360273361206,0.0648713922921171
finetune,47,"biggrid50-goal(46,45)",16,"biggrid50-goal(3,10)",0.6523810029029846,-0.034412735732764724
finetune,47,"biggrid50-goal(46,45)",17,"biggrid50-goal(46,31)",0.8870747685432434,0.6379497391023515
finetune,47,"biggrid50-goal(46,45)",18,"biggrid50-goal(46,24)",0.953061044216156,0.6870739514063702
finetune,47,"biggrid50-goal(46,45)",19,"biggrid50-goal(3,45)",0.7214285135269165,0.32648013848386
finetune,47,"biggrid50-goal(46,45)",20,"biggrid50-goal(21,10)",0.7431972622871399,0.04066070160969253
finetune,47,"biggrid50-goal(46,45)",21,"biggrid50-goal(40,3)",0.770408034324646,-1.136075245651365
finetune,47,"biggrid50-goal(46,45)",22,"biggrid50-goal(15,38)",0.8370748162269592,0.3057970646423755
finetune,47,"biggrid50-goal(46,45)",23,"biggrid50-goal(40,45)",0.7867346405982971,0.48224593614316524
finetune,47,"biggrid50-goal(46,45)",24,"biggrid50-goal(15,17)",0.8187074065208435,-0.11740076663710526
finetune,47,"biggrid50-goal(46,45)",25,"biggrid50-goal(15,24)",0.8149659633636475,0.07167248150510566
finetune,47,"biggrid50-goal(46,45)",26,"biggrid50-goal(21,38)",0.8380953073501587,0.26087003844887496
finetune,47,"biggrid50-goal(46,45)",27,"biggrid50-goal(33,17)",0.8697278499603271,0.0988236817289887
finetune,47,"biggrid50-goal(46,45)",28,"biggrid50-goal(27,17)",0.7931973338127136,0.191489555066454
finetune,47,"biggrid50-goal(46,45)",29,"biggrid50-goal(3,3)",0.5823128819465637,-0.14873707602001743
finetune,47,"biggrid50-goal(46,45)",30,"biggrid50-goal(9,10)",0.7085034251213074,-0.20874433227424563
finetune,47,"biggrid50-goal(46,45)",31,"biggrid50-goal(46,17)",0.8710882663726807,0.5383673275110047
finetune,47,"biggrid50-goal(46,45)",32,"biggrid50-goal(40,10)",0.6775510907173157,-0.013903372284191579
finetune,47,"biggrid50-goal(46,45)",33,"biggrid50-goal(46,38)",0.9999999403953552,0.9999998125800752
finetune,47,"biggrid50-goal(46,45)",34,"biggrid50-goal(27,31)",0.9013603925704956,0.44230688222244463
finetune,47,"biggrid50-goal(46,45)",35,"biggrid50-goal(21,31)",0.8370748162269592,0.3078034188055832
finetune,47,"biggrid50-goal(46,45)",36,"biggrid50-goal(46,10)",0.840135931968689,0.5285855249166084
finetune,47,"biggrid50-goal(46,45)",37,"biggrid50-goal(9,17)",0.7591836452484131,-0.10452389095246414
finetune,47,"biggrid50-goal(46,45)",38,"biggrid50-goal(33,24)",0.8785713911056519,0.35675645466695843
finetune,47,"biggrid50-goal(46,45)",39,"biggrid50-goal(40,17)",0.8972787857055664,0.5479038648802929
finetune,47,"biggrid50-goal(46,45)",40,"biggrid50-goal(40,38)",0.7377551198005676,0.257940382429617
finetune,47,"biggrid50-goal(46,45)",41,"biggrid50-goal(33,38)",0.829931914806366,0.4272621214073772
finetune,47,"biggrid50-goal(46,45)",42,"biggrid50-goal(9,45)",0.8187073469161987,0.45722979275383446
finetune,47,"biggrid50-goal(46,45)",43,"biggrid50-goal(9,38)",0.741836667060852,0.21183791156049747
finetune,47,"biggrid50-goal(46,45)",44,"biggrid50-goal(9,3)",0.6445578336715698,-0.07731935575423447
finetune,47,"biggrid50-goal(46,45)",45,"biggrid50-goal(40,24)",0.908843457698822,0.2534821728856432
finetune,47,"biggrid50-goal(46,45)",46,"biggrid50-goal(33,31)",0.9166666865348816,0.6016261483051814
finetune,47,"biggrid50-goal(46,45)",47,"biggrid50-goal(46,45)",0.9561223983764648,0.8908628083245307
finetune,48,"biggrid50-goal(3,38)",0,"biggrid50-goal(40,31)",0.8901359438896179,0.6610700343671678
finetune,48,"biggrid50-goal(3,38)",1,"biggrid50-goal(9,31)",0.8367346525192261,0.32011323428849425
finetune,48,"biggrid50-goal(3,38)",2,"biggrid50-goal(15,31)",0.8367346525192261,0.29618757930016976
finetune,48,"biggrid50-goal(3,38)",3,"biggrid50-goal(9,24)",0.9054421186447144,0.5689918942379402
finetune,48,"biggrid50-goal(3,38)",4,"biggrid50-goal(21,17)",0.7489795088768005,0.027667917572291863
finetune,48,"biggrid50-goal(3,38)",5,"biggrid50-goal(27,3)",0.6738094687461853,-0.057331878622728843
finetune,48,"biggrid50-goal(3,38)",6,"biggrid50-goal(3,31)",0.9125849008560181,0.7039166418009584
finetune,48,"biggrid50-goal(3,38)",7,"biggrid50-goal(33,10)",0.7999998927116394,-0.3611110547718768
finetune,48,"biggrid50-goal(3,38)",8,"biggrid50-goal(27,45)",0.6792517304420471,0.1128881604629571
finetune,48,"biggrid50-goal(3,38)",9,"biggrid50-goal(21,45)",0.9744897484779358,0.9092007846235508
finetune,48,"biggrid50-goal(3,38)",10,"biggrid50-goal(33,3)",0.7316325902938843,-0.657563511689199
finetune,48,"biggrid50-goal(3,38)",11,"biggrid50-goal(21,24)",0.8670066595077515,0.41202967813203584
finetune,48,"biggrid50-goal(3,38)",12,"biggrid50-goal(21,3)",0.7268707156181335,0.03253022426614498
finetune,48,"biggrid50-goal(3,38)",13,"biggrid50-goal(3,17)",0.7370748519897461,-0.16944024687037715
finetune,48,"biggrid50-goal(3,38)",14,"biggrid50-goal(15,45)",0.8581631779670715,0.3982679538333432
finetune,48,"biggrid50-goal(3,38)",15,"biggrid50-goal(3,24)",0.8778911232948303,0.5605874000480455
finetune,48,"biggrid50-goal(3,38)",16,"biggrid50-goal(3,10)",0.6642856597900391,0.001012050603239626
finetune,48,"biggrid50-goal(3,38)",17,"biggrid50-goal(46,31)",0.776190459728241,0.28244289250978666
finetune,48,"biggrid50-goal(3,38)",18,"biggrid50-goal(46,24)",0.8418366312980652,-0.054421368640439324
finetune,48,"biggrid50-goal(3,38)",19,"biggrid50-goal(3,45)",0.9248297810554504,0.8182562181985454
finetune,48,"biggrid50-goal(3,38)",20,"biggrid50-goal(21,10)",0.7265306711196899,-0.021600768106480366
finetune,48,"biggrid50-goal(3,38)",21,"biggrid50-goal(40,3)",0.6758502721786499,-2.0158207298198216
finetune,48,"biggrid50-goal(3,38)",22,"biggrid50-goal(15,38)",0.8965985774993896,0.5594200395681534
finetune,48,"biggrid50-goal(3,38)",23,"biggrid50-goal(40,45)",0.7676869630813599,0.43600301854465917
finetune,48,"biggrid50-goal(3,38)",24,"biggrid50-goal(15,17)",0.8578231334686279,0.12368985069165597
finetune,48,"biggrid50-goal(3,38)",25,"biggrid50-goal(15,24)",0.8914965391159058,0.45563124265295385
finetune,48,"biggrid50-goal(3,38)",26,"biggrid50-goal(21,38)",0.8646258115768433,0.38198753200671565
finetune,48,"biggrid50-goal(3,38)",27,"biggrid50-goal(33,17)",0.853401243686676,-0.014117963335352346
finetune,48,"biggrid50-goal(3,38)",28,"biggrid50-goal(27,17)",0.7860544323921204,0.16356384930959392
finetune,48,"biggrid50-goal(3,38)",29,"biggrid50-goal(3,3)",0.59965980052948,-0.10102900059800456
finetune,48,"biggrid50-goal(3,38)",30,"biggrid50-goal(9,10)",0.7772109508514404,0.07616410051075956
finetune,48,"biggrid50-goal(3,38)",31,"biggrid50-goal(46,17)",0.7697278261184692,0.17539578409444304
finetune,48,"biggrid50-goal(3,38)",32,"biggrid50-goal(40,10)",0.6619047522544861,-0.06310147739378351
finetune,48,"biggrid50-goal(3,38)",33,"biggrid50-goal(46,38)",0.8421766757965088,0.5037427758989972
finetune,48,"biggrid50-goal(3,38)",34,"biggrid50-goal(27,31)",0.9319727420806885,0.6153843820800641
finetune,48,"biggrid50-goal(3,38)",35,"biggrid50-goal(21,31)",0.8537414073944092,0.3786123456952693
finetune,48,"biggrid50-goal(3,38)",36,"biggrid50-goal(46,10)",0.7326529622077942,0.21163482802634645
finetune,48,"biggrid50-goal(3,38)",37,"biggrid50-goal(9,17)",0.7962585687637329,0.06552327557054051
finetune,48,"biggrid50-goal(3,38)",38,"biggrid50-goal(33,24)",0.8721087574958801,0.3225219575975324
finetune,48,"biggrid50-goal(3,38)",39,"biggrid50-goal(40,17)",0.7901360392570496,0.07634770281387462
finetune,48,"biggrid50-goal(3,38)",40,"biggrid50-goal(40,38)",0.7054421901702881,0.16650629919493562
finetune,48,"biggrid50-goal(3,38)",41,"biggrid50-goal(33,38)",0.837755024433136,0.45360798874946157
finetune,48,"biggrid50-goal(3,38)",42,"biggrid50-goal(9,45)",0.9823127388954163,0.9470462911096879
finetune,48,"biggrid50-goal(3,38)",43,"biggrid50-goal(9,38)",0.8989794254302979,0.691588320766751
finetune,48,"biggrid50-goal(3,38)",44,"biggrid50-goal(9,3)",0.6408163905143738,-0.08865939785823493
finetune,48,"biggrid50-goal(3,38)",45,"biggrid50-goal(40,24)",0.84965980052948,-0.23119675454409222
finetune,48,"biggrid50-goal(3,38)",46,"biggrid50-goal(33,31)",0.90816330909729,0.5609758599466593
finetune,48,"biggrid50-goal(3,38)",47,"biggrid50-goal(46,45)",0.7486393451690674,0.3747881618205741
finetune,48,"biggrid50-goal(3,38)",48,"biggrid50-goal(3,38)",0.9863943457603455,0.9613893638197204
finetune,49,"biggrid50-goal(46,3)",0,"biggrid50-goal(40,31)",0.8904761672019958,0.6621196212807976
finetune,49,"biggrid50-goal(46,3)",1,"biggrid50-goal(9,31)",0.8153060674667358,0.23087806215971693
finetune,49,"biggrid50-goal(46,3)",2,"biggrid50-goal(15,31)",0.795918345451355,0.12023460259855319
finetune,49,"biggrid50-goal(46,3)",3,"biggrid50-goal(9,24)",0.809183657169342,0.1302323054080525
finetune,49,"biggrid50-goal(46,3)",4,"biggrid50-goal(21,17)",0.7581632733345032,0.06324138322733651
finetune,49,"biggrid50-goal(46,3)",5,"biggrid50-goal(27,3)",0.7687074542045593,0.2502756563248129
finetune,49,"biggrid50-goal(46,3)",6,"biggrid50-goal(3,31)",0.7544217705726624,0.16820288964430394
finetune,49,"biggrid50-goal(46,3)",7,"biggrid50-goal(33,10)",0.9238094091415405,0.48148100072001543
finetune,49,"biggrid50-goal(46,3)",8,"biggrid50-goal(27,45)",0.6717687249183655,0.0921919839737503
finetune,49,"biggrid50-goal(46,3)",9,"biggrid50-goal(21,45)",0.7891156077384949,0.24939441165750664
finetune,49,"biggrid50-goal(46,3)",10,"biggrid50-goal(33,3)",0.8962583541870117,0.35924273766884574
finetune,49,"biggrid50-goal(46,3)",11,"biggrid50-goal(21,24)",0.8272108435630798,0.2360903519719367
finetune,49,"biggrid50-goal(46,3)",12,"biggrid50-goal(21,3)",0.8340135216712952,0.412048029463566
finetune,49,"biggrid50-goal(46,3)",13,"biggrid50-goal(3,17)",0.7353742122650146,-0.17700436370963038
finetune,49,"biggrid50-goal(46,3)",14,"biggrid50-goal(15,45)",0.7700679898262024,0.02453074612055897
finetune,49,"biggrid50-goal(46,3)",15,"biggrid50-goal(3,24)",0.770408034324646,0.17380615326538315
finetune,49,"biggrid50-goal(46,3)",16,"biggrid50-goal(3,10)",0.66700679063797,0.009109342259338233
finetune,49,"biggrid50-goal(46,3)",17,"biggrid50-goal(46,31)",0.8078230619430542,0.3838603679225362
finetune,49,"biggrid50-goal(46,3)",18,"biggrid50-goal(46,24)",0.9190475344657898,0.460317454010097
finetune,49,"biggrid50-goal(46,3)",19,"biggrid50-goal(3,45)",0.6598638892173767,0.17763146138402006
finetune,49,"biggrid50-goal(46,3)",20,"biggrid50-goal(21,10)",0.7431972622871399,0.04066070160969253
finetune,49,"biggrid50-goal(46,3)",21,"biggrid50-goal(40,3)",0.97278892993927,0.7468339408418165
finetune,49,"biggrid50-goal(46,3)",22,"biggrid50-goal(15,38)",0.809183657169342,0.18695647757085063
finetune,49,"biggrid50-goal(46,3)",23,"biggrid50-goal(40,45)",0.7078230381011963,0.29066863079479904
finetune,49,"biggrid50-goal(46,3)",24,"biggrid50-goal(15,17)",0.8880951404571533,0.31027201142681643
finetune,49,"biggrid50-goal(46,3)",25,"biggrid50-goal(15,24)",0.8357142210006714,0.17576780837258985
finetune,49,"biggrid50-goal(46,3)",26,"biggrid50-goal(21,38)",0.844897985458374,0.2919257362565
finetune,49,"biggrid50-goal(46,3)",27,"biggrid50-goal(33,17)",0.9346936941146851,0.5482342443900269
finetune,49,"biggrid50-goal(46,3)",28,"biggrid50-goal(27,17)",0.7826530337333679,0.15026582760762144
finetune,49,"biggrid50-goal(46,3)",29,"biggrid50-goal(3,3)",0.6411564350128174,0.013096430857034947
finetune,49,"biggrid50-goal(46,3)",30,"biggrid50-goal(9,10)",0.7734692692756653,0.06064852747263612
finetune,49,"biggrid50-goal(46,3)",31,"biggrid50-goal(46,17)",0.9217684864997864,0.7198530992192854
finetune,49,"biggrid50-goal(46,3)",32,"biggrid50-goal(40,10)",0.6860544681549072,0.012834516452845522
finetune,49,"biggrid50-goal(46,3)",33,"biggrid50-goal(46,38)",0.8462583422660828,0.5165771049319179
finetune,49,"biggrid50-goal(46,3)",34,"biggrid50-goal(27,31)",0.8622449040412903,0.22115394660441687
finetune,49,"biggrid50-goal(46,3)",35,"biggrid50-goal(21,31)",0.8187074065208435,0.22976847104894169
finetune,49,"biggrid50-goal(46,3)",36,"biggrid50-goal(46,10)",0.9370746612548828,0.8144428832615217
finetune,49,"biggrid50-goal(46,3)",37,"biggrid50-goal(9,17)",0.8020408153533936,0.09204402208813767
finetune,49,"biggrid50-goal(46,3)",38,"biggrid50-goal(33,24)",0.8615646362304688,0.26666660351795174
finetune,49,"biggrid50-goal(46,3)",39,"biggrid50-goal(40,17)",0.9908161759376526,0.959580195846345
finetune,49,"biggrid50-goal(46,3)",40,"biggrid50-goal(40,38)",0.7295917868614197,0.23484105742347353
finetune,49,"biggrid50-goal(46,3)",41,"biggrid50-goal(33,38)",0.7819727659225464,0.26575021187095604
finetune,49,"biggrid50-goal(46,3)",42,"biggrid50-goal(9,45)",0.694557785987854,0.08553970069340212
finetune,49,"biggrid50-goal(46,3)",43,"biggrid50-goal(9,38)",0.706462562084198,0.10384221698349254
finetune,49,"biggrid50-goal(46,3)",44,"biggrid50-goal(9,3)",0.6574829816818237,-0.038144172147659916
finetune,49,"biggrid50-goal(46,3)",45,"biggrid50-goal(40,24)",0.9537414312362671,0.6211698538890752
finetune,49,"biggrid50-goal(46,3)",46,"biggrid50-goal(33,31)",0.9006803035736084,0.5252034466251795
finetune,49,"biggrid50-goal(46,3)",47,"biggrid50-goal(46,45)",0.7510203719139099,0.38071051314838494
finetune,49,"biggrid50-goal(46,3)",48,"biggrid50-goal(3,38)",0.7217686176300049,0.21042454192949492
finetune,49,"biggrid50-goal(46,3)",49,"biggrid50-goal(46,3)",0.9224488735198975,0.6897956419965544
