method,task,task_name,phase,iter,frames_total,raw,normalized
baseline,0,"biggrid50-goal(40,31)",task1,10,10240,0.7867346405982971,0.3698490472794748
baseline,0,"biggrid50-goal(40,31)",task1,20,20480,0.8285714387893677,0.49346733349735816
baseline,0,"biggrid50-goal(40,31)",task1,30,30720,0.8285714387893677,0.49346733349735816
baseline,0,"biggrid50-goal(40,31)",task1,40,40960,0.8285714387893677,0.49346733349735816
baseline,0,"biggrid50-goal(40,31)",task1,50,51200,0.8346937298774719,0.511557320417055
baseline,0,"biggrid50-goal(40,31)",task1,60,61440,0.8285714387893677,0.49346733349735816
baseline,0,"biggrid50-goal(40,31)",task1,70,71680,0.8285714387893677,0.49346733349735816
baseline,0,"biggrid50-goal(40,31)",task1,80,81920,0.8306121826171875,0.499497270431171
baseline,0,"biggrid50-goal(40,31)",task1,90,92160,0.8295917510986328,0.4964821258460061
baseline,0,"biggrid50-goal(40,31)",task1,100,102400,0.8428570032119751,0.5356779487435988
baseline,0,"biggrid50-goal(40,31)",task1,110,112640,0.8530610799789429,0.5658286901222137
baseline,0,"biggrid50-goal(40,31)",task1,120,122880,0.8663264513015747,0.6050248652563234
baseline,0,"biggrid50-goal(40,31)",task1,130,133120,0.8326530456542969,0.5055275596015008
baseline,0,"biggrid50-goal(40,31)",task1,140,143360,0.8530610799789429,0.5658286901222137
baseline,0,"biggrid50-goal(40,31)",task1,150,153600,0.9193876385688782,0.7618086852014696
baseline,0,"biggrid50-goal(40,31)",task1,160,163840,0.9438773989677429,0.8341703940628422
baseline,0,"biggrid50-goal(40,31)",task1,170,174080,0.9632651209831238,0.8914567322349073
baseline,0,"biggrid50-goal(40,31)",task1,180,184320,0.95714271068573,0.8733663930786933
baseline,0,"biggrid50-goal(40,31)",task1,190,194560,0.9530611038208008,0.8613061669745508
baseline,0,"biggrid50-goal(40,31)",task1,200,204800,0.9530611038208008,0.8613061669745508
baseline,0,"biggrid50-goal(40,31)",task1,210,215040,0.9122447967529297,0.7407032014600908
baseline,0,"biggrid50-goal(40,31)",task1,220,225280,0.8704080581665039,0.617085091360466
baseline,0,"biggrid50-goal(40,31)",task1,230,235520,0.8918366432189941,0.6804017187028608
baseline,0,"biggrid50-goal(40,31)",task1,240,245760,0.9602039456367493,0.8824116507159295
baseline,0,"biggrid50-goal(40,31)",task1,250,256000,0.9489794969558716,0.8492459408704082
baseline,1,"biggrid50-goal(9,31)",task1,10,266240,0.8897958993911743,0.5358166361758231
baseline,1,"biggrid50-goal(9,31)",task1,20,276480,0.8897958993911743,0.5358166361758231
baseline,1,"biggrid50-goal(9,31)",task1,30,286720,0.8897958993911743,0.5358166361758231
baseline,1,"biggrid50-goal(9,31)",task1,40,296960,0.8897958993911743,0.5358166361758231
baseline,1,"biggrid50-goal(9,31)",task1,50,307200,0.8897958993911743,0.5358166361758231
baseline,1,"biggrid50-goal(9,31)",task1,60,317440,0.8897958993911743,0.5358166361758231
baseline,1,"biggrid50-goal(9,31)",task1,70,327680,0.8897958993911743,0.5358166361758231
baseline,1,"biggrid50-goal(9,31)",task1,80,337920,0.901020348072052,0.5830943900613658
baseline,1,"biggrid50-goal(9,31)",task1,90,348160,0.9142856597900391,0.6389683274322442
baseline,1,"biggrid50-goal(9,31)",task1,100,358400,0.9744898080825806,0.8925502170009111
baseline,1,"biggrid50-goal(9,31)",task1,110,368640,0.9275509715080261,0.6948422648031225
baseline,1,"biggrid50-goal(9,31)",task1,120,378880,0.9132652282714844,0.6346702356895764
baseline,1,"biggrid50-goal(9,31)",task1,130,389120,0.9428570866584778,0.7593121346025759
baseline,1,"biggrid50-goal(9,31)",task1,140,399360,0.876530647277832,0.4799429498617054
baseline,1,"biggrid50-goal(9,31)",task1,150,409600,0.9193876385688782,0.6604580329753013
baseline,2,"biggrid50-goal(15,31)",task1,10,419840,0.7877551317214966,0.0755559640106098
baseline,2,"biggrid50-goal(15,31)",task1,20,430080,0.7897959351539612,0.084444794054279
baseline,2,"biggrid50-goal(15,31)",task1,30,440320,0.7897959351539612,0.084444794054279
baseline,2,"biggrid50-goal(15,31)",task1,40,450560,0.7897959351539612,0.084444794054279
baseline,2,"biggrid50-goal(15,31)",task1,50,460800,0.7918367385864258,0.09333362409794821
baseline,2,"biggrid50-goal(15,31)",task1,60,471040,0.7908163070678711,0.08888907927048197
baseline,2,"biggrid50-goal(15,31)",task1,70,481280,0.7897959351539612,0.084444794054279
baseline,2,"biggrid50-goal(15,31)",task1,80,491520,0.7897959351539612,0.084444794054279
baseline,2,"biggrid50-goal(15,31)",task1,90,501760,0.7897959351539612,0.084444794054279
baseline,2,"biggrid50-goal(15,31)",task1,100,512000,0.8948979377746582,0.5422222672215079
baseline,2,"biggrid50-goal(15,31)",task1,110,522240,0.9214285016059875,0.6577775770117341
baseline,2,"biggrid50-goal(15,31)",task1,120,532480,0.8448978662490845,0.32444424367840086
baseline,2,"biggrid50-goal(15,31)",task1,130,542720,0.8663264513015747,0.41777760816508575
baseline,2,"biggrid50-goal(15,31)",task1,140,552960,0.9244896769523621,0.6711106922716064
baseline,2,"biggrid50-goal(15,31)",task1,150,563200,0.8948979377746582,0.5422222672215079
baseline,2,"biggrid50-goal(15,31)",task1,160,573440,0.8693877458572388,0.4311112426474845
baseline,2,"biggrid50-goal(15,31)",task1,170,583680,0.9102040529251099,0.6088888819659218
baseline,2,"biggrid50-goal(15,31)",task1,180,593920,0.9051019549369812,0.5866664174398539
baseline,2,"biggrid50-goal(15,31)",task1,190,604160,0.8663265109062195,0.41777786777634907
baseline,2,"biggrid50-goal(15,31)",task1,200,614400,0.8785713911056519,0.4711111076496276
baseline,3,"biggrid50-goal(9,24)",task1,10,624640,0.8653060793876648,0.4260867908906898
baseline,3,"biggrid50-goal(9,24)",task1,20,634880,0.8775509595870972,0.4782606266396784
baseline,3,"biggrid50-goal(9,24)",task1,30,645120,0.8775509595870972,0.4782606266396784
baseline,3,"biggrid50-goal(9,24)",task1,40,655360,0.8775509595870972,0.4782606266396784
baseline,3,"biggrid50-goal(9,24)",task1,50,665600,0.8775509595870972,0.4782606266396784
baseline,3,"biggrid50-goal(9,24)",task1,60,675840,0.8775509595870972,0.4782606266396784
baseline,3,"biggrid50-goal(9,24)",task1,70,686080,0.9173468351364136,0.6478256563157935
baseline,3,"biggrid50-goal(9,24)",task1,80,696320,0.9173467755317688,0.6478254023481845
baseline,3,"biggrid50-goal(9,24)",task1,90,706560,0.9153060913085938,0.6391303133198392
baseline,3,"biggrid50-goal(9,24)",task1,100,716800,0.991836667060852,0.965217104210529
baseline,3,"biggrid50-goal(9,24)",task1,110,727040,0.9204081296920776,0.6608694327125518
baseline,3,"biggrid50-goal(9,24)",task1,120,737280,0.9999998807907104,0.999999492064782
baseline,3,"biggrid50-goal(9,24)",task1,130,747520,0.901020348072052,0.5782606266396784
baseline,3,"biggrid50-goal(9,24)",task1,140,757760,0.9234693646430969,0.6739129551417012
baseline,3,"biggrid50-goal(9,24)",task1,150,768000,0.9999998807907104,0.999999492064782
baseline,4,"biggrid50-goal(21,17)",task1,10,778240,0.7795917987823486,0.20685421599917636
baseline,4,"biggrid50-goal(21,17)",task1,20,788480,0.7806121706962585,0.2105260561446858
baseline,4,"biggrid50-goal(21,17)",task1,30,798720,0.7938774824142456,0.2582616939496894
baseline,4,"biggrid50-goal(21,17)",task1,40,808960,0.7581631541252136,0.1297425700950616
baseline,4,"biggrid50-goal(21,17)",task1,50,819200,0.7714284658432007,0.17747820790006522
baseline,4,"biggrid50-goal(21,17)",task1,60,829440,0.7693876624107361,0.1701343131198737
baseline,4,"biggrid50-goal(21,17)",task1,70,839680,0.7938774824142456,0.2582616939496894
baseline,4,"biggrid50-goal(21,17)",task1,80,849920,0.7938774824142456,0.2582616939496894
baseline,4,"biggrid50-goal(21,17)",task1,90,860160,0.7938774824142456,0.2582616939496894
baseline,4,"biggrid50-goal(21,17)",task1,100,870400,0.7836734056472778,0.22154200555955936
baseline,4,"biggrid50-goal(21,17)",task1,110,880640,0.8408161997795105,0.4271721318507842
baseline,4,"biggrid50-goal(21,17)",task1,120,890880,0.7724489569664001,0.18115047702391984
baseline,4,"biggrid50-goal(21,17)",task1,130,901120,0.7714285254478455,0.17747842238923778
baseline,4,"biggrid50-goal(21,17)",task1,140,911360,0.8183673024177551,0.34638907477950515
baseline,4,"biggrid50-goal(21,17)",task1,150,921600,0.8224489092826843,0.3610768643398881
baseline,4,"biggrid50-goal(21,17)",task1,160,931840,0.8397958874702454,0.4235005061944473
baseline,4,"biggrid50-goal(21,17)",task1,170,942080,0.8193877339363098,0.35006112941418716
baseline,4,"biggrid50-goal(21,17)",task1,180,952320,0.7897958755493164,0.24357390438930643
baseline,4,"biggrid50-goal(21,17)",task1,190,962560,0.8142856359481812,0.33170107072994953
baseline,4,"biggrid50-goal(21,17)",task1,200,972800,0.7908162474632263,0.24724574453481588
baseline,4,"biggrid50-goal(21,17)",task1,210,983040,0.8408161997795105,0.4271721318507842
baseline,4,"biggrid50-goal(21,17)",task1,220,993280,0.8142856359481812,0.33170107072994953
baseline,4,"biggrid50-goal(21,17)",task1,230,1003520,0.8204081654548645,0.3537331840488692
baseline,4,"biggrid50-goal(21,17)",task1,240,1013760,0.7887755036354065,0.23990206424379698
baseline,4,"biggrid50-goal(21,17)",task1,250,1024000,0.8387754559516907,0.4198284515597653
baseline,4,"biggrid50-goal(21,17)",task1,260,1034240,0.823469340801239,0.3647489189745702
baseline,4,"biggrid50-goal(21,17)",task1,270,1044480,0.7867345809936523,0.23255774048526032
baseline,4,"biggrid50-goal(21,17)",task1,280,1054720,0.7806121110916138,0.21052584165551322
baseline,4,"biggrid50-goal(21,17)",task1,290,1064960,0.787755012512207,0.23622979511994235
baseline,4,"biggrid50-goal(21,17)",task1,300,1075200,0.7979590892791748,0.2729494835100724
baseline,4,"biggrid50-goal(21,17)",task1,310,1085440,0.7938774824142456,0.2582616939496894
baseline,4,"biggrid50-goal(21,17)",task1,320,1095680,0.7785713076591492,0.20318194687532173
baseline,4,"biggrid50-goal(21,17)",task1,330,1105920,0.7693876624107361,0.1701343131198737
baseline,4,"biggrid50-goal(21,17)",task1,340,1116160,0.7795917391777039,0.20685400151000377
baseline,4,"biggrid50-goal(21,17)",task1,350,1126400,0.7836734056472778,0.22154200555955936
baseline,4,"biggrid50-goal(21,17)",task1,360,1136640,0.7693876624107361,0.1701343131198737
baseline,4,"biggrid50-goal(21,17)",task1,370,1146880,0.7704080939292908,0.17380636775455574
baseline,4,"biggrid50-goal(21,17)",task1,380,1157120,0.7765305638313293,0.1958382665843028
baseline,4,"biggrid50-goal(21,17)",task1,390,1167360,0.7612243890762329,0.14075851950993515
baseline,4,"biggrid50-goal(21,17)",task1,400,1177600,0.7755101323127747,0.19216621194962077
baseline,4,"biggrid50-goal(21,17)",task1,410,1187840,0.7612243890762329,0.14075851950993515
baseline,4,"biggrid50-goal(21,17)",task1,420,1198080,0.7928571105003357,0.25458985380418
baseline,4,"biggrid50-goal(21,17)",task1,430,1208320,0.7857142686843872,0.22888611482892343
baseline,4,"biggrid50-goal(21,17)",task1,440,1218560,0.7714285850524902,0.17747863687841037
baseline,4,"biggrid50-goal(21,17)",task1,450,1228800,0.7714285850524902,0.17747863687841037
baseline,4,"biggrid50-goal(21,17)",task1,460,1239040,0.7561224699020386,0.12239910429321528
baseline,4,"biggrid50-goal(21,17)",task1,470,1249280,0.8051019906997681,0.29865343697450153
baseline,4,"biggrid50-goal(21,17)",task1,480,1259520,0.7826530337333679,0.2178701654140499
baseline,4,"biggrid50-goal(21,17)",task1,490,1269760,0.7673469185829163,0.1627906328288548
baseline,4,"biggrid50-goal(21,17)",task1,500,1280000,0.7887755036354065,0.23990206424379698
baseline,5,"biggrid50-goal(27,3)",task1,10,1290240,0.7438774704933167,0.23553275271849644
baseline,5,"biggrid50-goal(27,3)",task1,20,1300480,0.7438774704933167,0.23553275271849644
baseline,5,"biggrid50-goal(27,3)",task1,30,1310720,0.7438774704933167,0.23553275271849644
baseline,5,"biggrid50-goal(27,3)",task1,40,1320960,0.7438774704933167,0.23553275271849644
baseline,5,"biggrid50-goal(27,3)",task1,50,1331200,0.7438774704933167,0.23553275271849644
baseline,5,"biggrid50-goal(27,3)",task1,60,1341440,0.7438774704933167,0.23553275271849644
baseline,5,"biggrid50-goal(27,3)",task1,70,1351680,0.7438774704933167,0.23553275271849644
baseline,5,"biggrid50-goal(27,3)",task1,80,1361920,0.7438774704933167,0.23553275271849644
baseline,5,"biggrid50-goal(27,3)",task1,90,1372160,0.7438774704933167,0.23553275271849644
baseline,5,"biggrid50-goal(27,3)",task1,100,1382400,0.7438774704933167,0.23553275271849644
baseline,5,"biggrid50-goal(27,3)",task1,110,1392640,0.7438774704933167,0.23553275271849644
baseline,5,"biggrid50-goal(27,3)",task1,120,1402880,0.745918333530426,0.24162426271202422
baseline,5,"biggrid50-goal(27,3)",task1,130,1413120,0.745918333530426,0.24162426271202422
baseline,5,"biggrid50-goal(27,3)",task1,140,1423360,0.8377550840377808,0.5157359857020305
baseline,5,"biggrid50-goal(27,3)",task1,150,1433600,0.8387755155563354,0.5187817406987943
baseline,5,"biggrid50-goal(27,3)",task1,160,1443840,0.7999999523162842,0.40304554150926414
baseline,5,"biggrid50-goal(27,3)",task1,170,1454080,0.8377550840377808,0.5157359857020305
baseline,5,"biggrid50-goal(27,3)",task1,180,1464320,0.837755024433136,0.5157358077957807
baseline,5,"biggrid50-goal(27,3)",task1,190,1474560,0.8673468828201294,0.6040607457331855
baseline,5,"biggrid50-goal(27,3)",task1,200,1484800,0.8673468828201294,0.6040607457331855
baseline,5,"biggrid50-goal(27,3)",task1,210,1495040,0.8795917630195618,0.640608916163103
baseline,5,"biggrid50-goal(27,3)",task1,220,1505280,0.8826529383659363,0.6497458253408951
baseline,5,"biggrid50-goal(27,3)",task1,230,1515520,0.837755024433136,0.5157358077957807
baseline,5,"biggrid50-goal(27,3)",task1,240,1525760,0.8826529383659363,0.6497458253408951
baseline,5,"biggrid50-goal(27,3)",task1,250,1536000,0.9153060913085938,0.7472080282685915
baseline,5,"biggrid50-goal(27,3)",task1,260,1546240,0.8744897842407227,0.6253806748980331
baseline,5,"biggrid50-goal(27,3)",task1,270,1556480,0.8826529383659363,0.6497458253408951
baseline,5,"biggrid50-goal(27,3)",task1,280,1566720,0.8836733102798462,0.6527914024314091
baseline,5,"biggrid50-goal(27,3)",task1,290,1576960,0.9183672070503235,0.7563447595401337
baseline,5,"biggrid50-goal(27,3)",task1,300,1587200,0.8806121945381165,0.643654671159867
baseline,6,"biggrid50-goal(3,31)",task1,10,1597440,0.8418366312980652,0.45740928027429495
baseline,6,"biggrid50-goal(3,31)",task1,20,1607680,0.8418366312980652,0.45740928027429495
baseline,6,"biggrid50-goal(3,31)",task1,30,1617920,0.8418366312980652,0.45740928027429495
baseline,6,"biggrid50-goal(3,31)",task1,40,1628160,0.8418366312980652,0.45740928027429495
baseline,6,"biggrid50-goal(3,31)",task1,50,1638400,0.8418366312980652,0.45740928027429495
baseline,6,"biggrid50-goal(3,31)",task1,60,1648640,0.8418366312980652,0.45740928027429495
baseline,6,"biggrid50-goal(3,31)",task1,70,1658880,0.8418366312980652,0.45740928027429495
baseline,6,"biggrid50-goal(3,31)",task1,80,1669120,0.8418366312980652,0.45740928027429495
baseline,6,"biggrid50-goal(3,31)",task1,90,1679360,0.8418366312980652,0.45740928027429495
baseline,6,"biggrid50-goal(3,31)",task1,100,1689600,0.8520407676696777,0.49241529806142603
baseline,6,"biggrid50-goal(3,31)",task1,110,1699840,0.861224353313446,0.523920243770476
baseline,6,"biggrid50-goal(3,31)",task1,120,1710080,0.8724488019943237,0.5624265157237437
baseline,6,"biggrid50-goal(3,31)",task1,130,1720320,0.8499999046325684,0.48541397181720813
baseline,6,"biggrid50-goal(3,31)",task1,140,1730560,0.8591836094856262,0.5169193264822303
baseline,6,"biggrid50-goal(3,31)",task1,150,1740800,0.8714284896850586,0.5589262615576069
baseline,6,"biggrid50-goal(3,31)",task1,160,1751040,0.8775508999824524,0.5799296268563022
baseline,6,"biggrid50-goal(3,31)",task1,170,1761280,0.8724488019943237,0.5624265157237437
baseline,6,"biggrid50-goal(3,31)",task1,180,1771520,0.8795917630195618,0.5869309531005201
baseline,6,"biggrid50-goal(3,31)",task1,190,1781760,0.9673467874526978,0.8879808248723751
baseline,6,"biggrid50-goal(3,31)",task1,200,1792000,0.9591835141181946,0.8599761333294619
baseline,7,"biggrid50-goal(33,10)",task1,10,1802240,0.8785713315010071,0.5041662752214444
baseline,7,"biggrid50-goal(33,10)",task1,20,1812480,0.8785713315010071,0.5041662752214444
baseline,7,"biggrid50-goal(33,10)",task1,30,1822720,0.8785713315010071,0.5041662752214444
baseline,7,"biggrid50-goal(33,10)",task1,40,1832960,0.7836734652519226,0.11666665855381232
baseline,7,"biggrid50-goal(33,10)",task1,50,1843200,0.8785713315010071,0.5041662752214444
baseline,7,"biggrid50-goal(33,10)",task1,60,1853440,0.8785713315010071,0.5041662752214444
baseline,7,"biggrid50-goal(33,10)",task1,70,1863680,0.8785713315010071,0.5041662752214444
baseline,7,"biggrid50-goal(33,10)",task1,80,1873920,0.8785713315010071,0.5041662752214444
baseline,7,"biggrid50-goal(33,10)",task1,90,1884160,0.8785713315010071,0.5041662752214444
baseline,7,"biggrid50-goal(33,10)",task1,100,1894400,0.8785713315010071,0.5041662752214444
baseline,7,"biggrid50-goal(33,10)",task1,110,1904640,0.8785713315010071,0.5041662752214444
baseline,7,"biggrid50-goal(33,10)",task1,120,1914880,0.8785713315010071,0.5041662752214444
baseline,7,"biggrid50-goal(33,10)",task1,130,1925120,0.9061223864555359,0.6166664151681819
baseline,7,"biggrid50-goal(33,10)",task1,140,1935360,0.8908162117004395,0.5541662022057553
baseline,7,"biggrid50-goal(33,10)",task1,150,1945600,0.8897957801818848,0.54999944021305
baseline,8,"biggrid50-goal(27,45)",task1,10,1955840,0.7744898200035095,0.3661568859432434
baseline,8,"biggrid50-goal(27,45)",task1,20,1966080,0.7826530337333679,0.38910129054318143
baseline,8,"biggrid50-goal(27,45)",task1,30,1976320,0.7826530337333679,0.38910129054318143
baseline,8,"biggrid50-goal(27,45)",task1,40,1986560,0.7826530337333679,0.38910129054318143
baseline,8,"biggrid50-goal(27,45)",task1,50,1996800,0.7826530337333679,0.38910129054318143
baseline,8,"biggrid50-goal(27,45)",task1,60,2007040,0.7826530337333679,0.38910129054318143
baseline,8,"biggrid50-goal(27,45)",task1,70,2017280,0.7826530337333679,0.38910129054318143
baseline,8,"biggrid50-goal(27,45)",task1,80,2027520,0.7826530337333679,0.38910129054318143
baseline,8,"biggrid50-goal(27,45)",task1,90,2037760,0.7836734652519226,0.3919694248837794
baseline,8,"biggrid50-goal(27,45)",task1,100,2048000,0.7836734652519226,0.3919694248837794
baseline,8,"biggrid50-goal(27,45)",task1,110,2058240,0.7836734652519226,0.3919694248837794
baseline,8,"biggrid50-goal(27,45)",task1,120,2068480,0.7836734652519226,0.3919694248837794
baseline,8,"biggrid50-goal(27,45)",task1,130,2078720,0.7979591488838196,0.43212230046488237
baseline,8,"biggrid50-goal(27,45)",task1,140,2088960,0.7928571105003357,0.41778196382431537
baseline,8,"biggrid50-goal(27,45)",task1,150,2099200,0.8265305757522583,0.5124282191582997
baseline,8,"biggrid50-goal(27,45)",task1,160,2109440,0.8163264989852905,0.4837475458771658
baseline,8,"biggrid50-goal(27,45)",task1,170,2119680,0.8163264989852905,0.4837475458771658
baseline,8,"biggrid50-goal(27,45)",task1,180,2129920,0.8224490284919739,0.5009561843895423
baseline,8,"biggrid50-goal(27,45)",task1,190,2140160,0.8367346525192261,0.5411088924394337
baseline,8,"biggrid50-goal(27,45)",task1,200,2150400,0.7948979139328003,0.4235180649742999
baseline,8,"biggrid50-goal(27,45)",task1,210,2160640,0.7969387769699097,0.42925433365549587
baseline,8,"biggrid50-goal(27,45)",task1,220,2170880,0.7989795804023743,0.43499043480548033
baseline,8,"biggrid50-goal(27,45)",task1,230,2181120,0.827551007270813,0.5152963534988977
baseline,8,"biggrid50-goal(27,45)",task1,240,2191360,0.8387755155563354,0.5468451611206296
baseline,8,"biggrid50-goal(27,45)",task1,250,2201600,0.8285714387893677,0.5181644878394958
baseline,8,"biggrid50-goal(27,45)",task1,260,2211840,0.8408163189888,0.5525812622706142
baseline,8,"biggrid50-goal(27,45)",task1,270,2222080,0.8193877935409546,0.4923519488989597
baseline,8,"biggrid50-goal(27,45)",task1,280,2232320,0.8408163189888,0.5525812622706142
baseline,8,"biggrid50-goal(27,45)",task1,290,2242560,0.8397958874702454,0.5497131279300161
baseline,8,"biggrid50-goal(27,45)",task1,300,2252800,0.8397958874702454,0.5497131279300161
baseline,8,"biggrid50-goal(27,45)",task1,310,2263040,0.8979590535163879,0.713192764595026
baseline,8,"biggrid50-goal(27,45)",task1,320,2273280,0.8673469424247742,0.627151079814047
baseline,8,"biggrid50-goal(27,45)",task1,330,2283520,0.8387754559516907,0.5468449935894182
baseline,8,"biggrid50-goal(27,45)",task1,340,2293760,0.8408163189888,0.5525812622706142
baseline,8,"biggrid50-goal(27,45)",task1,350,2304000,0.8367346525192261,0.5411088924394337
baseline,8,"biggrid50-goal(27,45)",task1,360,2314240,0.8367346525192261,0.5411088924394337
baseline,8,"biggrid50-goal(27,45)",task1,370,2324480,0.8744896650314331,0.6472271825421756
baseline,8,"biggrid50-goal(27,45)",task1,380,2334720,0.8397958874702454,0.5497131279300161
baseline,8,"biggrid50-goal(27,45)",task1,390,2344960,0.8724489212036133,0.6414912489234026
baseline,8,"biggrid50-goal(27,45)",task1,400,2355200,0.8448979258537292,0.5640534645705831
baseline,8,"biggrid50-goal(27,45)",task1,410,2365440,0.8489795923233032,0.5755258344017636
baseline,8,"biggrid50-goal(27,45)",task1,420,2375680,0.8632652163505554,0.6156785424516551
baseline,8,"biggrid50-goal(27,45)",task1,430,2385920,0.837755024433136,0.5439768592488202
baseline,8,"biggrid50-goal(27,45)",task1,440,2396160,0.8693876266479492,0.6328868459016086
baseline,8,"biggrid50-goal(27,45)",task1,450,2406400,0.8693876266479492,0.6328868459016086
baseline,8,"biggrid50-goal(27,45)",task1,460,2416640,0.8622449040412903,0.61281074317348
baseline,8,"biggrid50-goal(27,45)",task1,470,2426880,0.8836734890937805,0.673040224076346
baseline,8,"biggrid50-goal(27,45)",task1,480,2437120,0.8510204553604126,0.5812621030829596
baseline,8,"biggrid50-goal(27,45)",task1,490,2447360,0.8683673143386841,0.6300190466234336
baseline,8,"biggrid50-goal(27,45)",task1,500,2457600,0.8877550959587097,0.6845124263763149
baseline,9,"biggrid50-goal(21,45)",task1,10,2467840,0.8928569555282593,0.590376469210248
baseline,9,"biggrid50-goal(21,45)",task1,20,2478080,0.8928569555282593,0.590376469210248
baseline,9,"biggrid50-goal(21,45)",task1,30,2488320,0.8928569555282593,0.590376469210248
baseline,9,"biggrid50-goal(21,45)",task1,40,2498560,0.8928569555282593,0.590376469210248
baseline,9,"biggrid50-goal(21,45)",task1,50,2508800,0.8928569555282593,0.590376469210248
baseline,9,"biggrid50-goal(21,45)",task1,60,2519040,0.8928569555282593,0.590376469210248
baseline,9,"biggrid50-goal(21,45)",task1,70,2529280,0.8948978185653687,0.598178987117414
baseline,9,"biggrid50-goal(21,45)",task1,80,2539520,0.8959181904792786,0.6020800181937217
baseline,9,"biggrid50-goal(21,45)",task1,90,2549760,0.9102040529251099,0.6566969599120576
baseline,9,"biggrid50-goal(21,45)",task1,100,2560000,1.0,1.0
baseline,9,"biggrid50-goal(21,45)",task1,110,2570240,0.9999998807907104,0.9999995442454493
baseline,9,"biggrid50-goal(21,45)",task1,120,2580480,0.9999998807907104,0.9999995442454493
baseline,9,"biggrid50-goal(21,45)",task1,130,2590720,0.9183672666549683,0.6879061200316202
baseline,9,"biggrid50-goal(21,45)",task1,140,2600960,0.9632651209831238,0.8595571843210408
baseline,9,"biggrid50-goal(21,45)",task1,150,2611200,0.9785712361335754,0.9180747013611338
baseline,10,"biggrid50-goal(33,3)",task1,10,2621440,0.9051019549369812,0.616757964345402
baseline,10,"biggrid50-goal(33,3)",task1,20,2631680,0.8755100965499878,0.4972524040411529
baseline,10,"biggrid50-goal(33,3)",task1,30,2641920,0.8755100965499878,0.4972524040411529
baseline,10,"biggrid50-goal(33,3)",task1,40,2652160,0.8755100965499878,0.4972524040411529
baseline,10,"biggrid50-goal(33,3)",task1,50,2662400,0.8755100965499878,0.4972524040411529
baseline,10,"biggrid50-goal(33,3)",task1,60,2672640,0.8755100965499878,0.4972524040411529
baseline,10,"biggrid50-goal(33,3)",task1,70,2682880,0.8755100965499878,0.4972524040411529
baseline,10,"biggrid50-goal(33,3)",task1,80,2693120,0.8755100965499878,0.4972524040411529
baseline,10,"biggrid50-goal(33,3)",task1,90,2703360,0.8755100965499878,0.4972524040411529
baseline,10,"biggrid50-goal(33,3)",task1,100,2713600,0.8755100965499878,0.4972524040411529
baseline,10,"biggrid50-goal(33,3)",task1,110,2723840,0.8755100965499878,0.4972524040411529
baseline,10,"biggrid50-goal(33,3)",task1,120,2734080,0.8795917630195618,0.5137360541060606
baseline,10,"biggrid50-goal(33,3)",task1,130,2744320,0.9999998807907104,0.9999995185779563
baseline,10,"biggrid50-goal(33,3)",task1,140,2754560,0.9999998807907104,0.9999995185779563
baseline,10,"biggrid50-goal(33,3)",task1,150,2764800,0.960204005241394,0.8392854348889925
baseline,11,"biggrid50-goal(21,24)",task1,10,2775040,0.8316326141357422,0.1858548587967453
baseline,11,"biggrid50-goal(21,24)",task1,20,2785280,0.8479592204093933,0.2648026140392492
baseline,11,"biggrid50-goal(21,24)",task1,30,2795520,0.7979592084884644,0.02302617641998021
baseline,11,"biggrid50-goal(21,24)",task1,40,2805760,0.8367346525192261,0.2105259062138194
baseline,11,"biggrid50-goal(21,24)",task1,50,2816000,0.8316326141357422,0.1858548587967453
baseline,11,"biggrid50-goal(21,24)",task1,60,2826240,0.8336734771728516,0.19572350833949884
baseline,11,"biggrid50-goal(21,24)",task1,70,2836480,0.8316326141357422,0.1858548587967453
baseline,11,"biggrid50-goal(21,24)",task1,80,2846720,0.8336734771728516,0.19572350833949884
baseline,11,"biggrid50-goal(21,24)",task1,90,2856960,0.8183673024177551,0.1217100778683717
baseline,11,"biggrid50-goal(21,24)",task1,100,2867200,0.8326529264450073,0.19078860712831233
baseline,11,"biggrid50-goal(21,24)",task1,110,2877440,0.8377550840377808,0.21546023098519615
baseline,11,"biggrid50-goal(21,24)",task1,120,2887680,0.8244897723197937,0.15131545005682256
baseline,11,"biggrid50-goal(21,24)",task1,130,2897920,0.8397958874702454,0.22532859230804483
baseline,11,"biggrid50-goal(21,24)",task1,140,2908160,0.8428570628166199,0.2401309901823654
baseline,11,"biggrid50-goal(21,24)",task1,150,2918400,0.8346937894821167,0.20065725667106588
baseline,11,"biggrid50-goal(21,24)",task1,160,2928640,0.8459182977676392,0.2549336762765908
baseline,11,"biggrid50-goal(21,24)",task1,170,2938880,0.851020336151123,0.2796047236936649
baseline,11,"biggrid50-goal(21,24)",task1,180,2949120,0.8469387292861938,0.2598680010479676
baseline,11,"biggrid50-goal(21,24)",task1,190,2959360,0.8500000238418579,0.2746709753620979
baseline,11,"biggrid50-goal(21,24)",task1,200,2969600,0.8387754559516907,0.22039426753666805
baseline,11,"biggrid50-goal(21,24)",task1,210,2979840,0.8500000238418579,0.2746709753620979
baseline,11,"biggrid50-goal(21,24)",task1,220,2990080,0.8520407676696777,0.2845390484650417
baseline,11,"biggrid50-goal(21,24)",task1,230,3000320,0.859183669090271,0.3190787454248693
baseline,11,"biggrid50-goal(21,24)",task1,240,3010560,0.9316326379776001,0.6694077340352833
baseline,11,"biggrid50-goal(21,24)",task1,250,3020800,0.9999998807907104,0.9999994235601902
baseline,11,"biggrid50-goal(21,24)",task1,260,3031040,0.9999998807907104,0.9999994235601902
baseline,11,"biggrid50-goal(21,24)",task1,270,3041280,0.9275509715080261,0.6496707231696811
baseline,11,"biggrid50-goal(21,24)",task1,280,3051520,0.9561223983764648,0.787828646349277
baseline,11,"biggrid50-goal(21,24)",task1,290,3061760,0.9122449159622192,0.5756578691383637
baseline,11,"biggrid50-goal(21,24)",task1,300,3072000,0.9071428179740906,0.5509865335013847
baseline,11,"biggrid50-goal(21,24)",task1,310,3082240,0.8948979377746582,0.4917760773443879
baseline,11,"biggrid50-goal(21,24)",task1,320,3092480,0.8948978185653687,0.49177550090457817
baseline,11,"biggrid50-goal(21,24)",task1,330,3102720,0.9346938133239746,0.6842101319096039
baseline,11,"biggrid50-goal(21,24)",task1,340,3112960,0.9704080820083618,0.8569074638291225
baseline,11,"biggrid50-goal(21,24)",task1,350,3123200,0.9999998807907104,0.9999994235601902
baseline,12,"biggrid50-goal(21,3)",task1,10,3133440,0.8928569555282593,0.6722158592453183
baseline,12,"biggrid50-goal(21,3)",task1,20,3143680,0.8928569555282593,0.6722158592453183
baseline,12,"biggrid50-goal(21,3)",task1,30,3153920,0.8928569555282593,0.6722158592453183
baseline,12,"biggrid50-goal(21,3)",task1,40,3164160,0.8928569555282593,0.6722158592453183
baseline,12,"biggrid50-goal(21,3)",task1,50,3174400,0.8928569555282593,0.6722158592453183
baseline,12,"biggrid50-goal(21,3)",task1,60,3184640,0.8928569555282593,0.6722158592453183
baseline,12,"biggrid50-goal(21,3)",task1,70,3194880,0.9193876385688782,0.7533815306799932
baseline,12,"biggrid50-goal(21,3)",task1,80,3205120,0.9193875193595886,0.7533811659814285
baseline,12,"biggrid50-goal(21,3)",task1,90,3215360,0.9510202407836914,0.8501555712902725
baseline,12,"biggrid50-goal(21,3)",task1,100,3225600,0.9071426391601562,0.715920241153279
baseline,12,"biggrid50-goal(21,3)",task1,110,3235840,0.9071426391601562,0.715920241153279
baseline,12,"biggrid50-goal(21,3)",task1,120,3246080,0.9999998807907104,0.9999996353014352
baseline,12,"biggrid50-goal(21,3)",task1,130,3256320,0.9999998807907104,0.9999996353014352
baseline,12,"biggrid50-goal(21,3)",task1,140,3266560,0.9999998807907104,0.9999996353014352
baseline,12,"biggrid50-goal(21,3)",task1,150,3276800,0.9999998807907104,0.9999996353014352
baseline,13,"biggrid50-goal(3,17)",task1,10,3287040,0.8551019430160522,0.474073582094428
baseline,13,"biggrid50-goal(3,17)",task1,20,3297280,0.8551019430160522,0.474073582094428
baseline,13,"biggrid50-goal(3,17)",task1,30,3307520,0.8551019430160522,0.474073582094428
baseline,13,"biggrid50-goal(3,17)",task1,40,3317760,0.8551019430160522,0.474073582094428
baseline,13,"biggrid50-goal(3,17)",task1,50,3328000,0.8551019430160522,0.474073582094428
baseline,13,"biggrid50-goal(3,17)",task1,60,3338240,0.8551019430160522,0.474073582094428
baseline,13,"biggrid50-goal(3,17)",task1,70,3348480,0.8551019430160522,0.474073582094428
baseline,13,"biggrid50-goal(3,17)",task1,80,3358720,0.8551019430160522,0.474073582094428
baseline,13,"biggrid50-goal(3,17)",task1,90,3368960,0.8571427464485168,0.48148094463072766
baseline,13,"biggrid50-goal(3,17)",task1,100,3379200,0.8999997973442078,0.6370362069215431
baseline,13,"biggrid50-goal(3,17)",task1,110,3389440,0.859183669090271,0.4888887398527095
baseline,13,"biggrid50-goal(3,17)",task1,120,3399680,0.9193876385688782,0.7074069082163333
baseline,13,"biggrid50-goal(3,17)",task1,130,3409920,0.8581632375717163,0.4851849504131391
baseline,13,"biggrid50-goal(3,17)",task1,140,3420160,0.8602040410041809,0.4925923129494387
baseline,13,"biggrid50-goal(3,17)",task1,150,3430400,0.8999999761581421,0.6370368559500663
baseline,14,"biggrid50-goal(15,45)",task1,10,3440640,0.8428571820259094,0.3653847357401553
baseline,14,"biggrid50-goal(15,45)",task1,20,3450880,0.8663264513015747,0.4601644826950398
baseline,14,"biggrid50-goal(15,45)",task1,30,3461120,0.8663264513015747,0.4601644826950398
baseline,14,"biggrid50-goal(15,45)",task1,40,3471360,0.8663264513015747,0.4601644826950398
baseline,14,"biggrid50-goal(15,45)",task1,50,3481600,0.8663264513015747,0.4601644826950398
baseline,14,"biggrid50-goal(15,45)",task1,60,3491840,0.8663264513015747,0.4601644826950398
baseline,14,"biggrid50-goal(15,45)",task1,70,3502080,0.8663264513015747,0.4601644826950398
baseline,14,"biggrid50-goal(15,45)",task1,80,3512320,0.8663264513015747,0.4601644826950398
baseline,14,"biggrid50-goal(15,45)",task1,90,3522560,0.8663264513015747,0.4601644826950398
baseline,14,"biggrid50-goal(15,45)",task1,100,3532800,0.8663264513015747,0.4601644826950398
baseline,14,"biggrid50-goal(15,45)",task1,110,3543040,0.8663264513015747,0.4601644826950398
baseline,14,"biggrid50-goal(15,45)",task1,120,3553280,0.9428570866584778,0.7692305285196894
baseline,14,"biggrid50-goal(15,45)",task1,130,3563520,0.8714284896850586,0.48076886970261107
baseline,14,"biggrid50-goal(15,45)",task1,140,3573760,0.86530601978302,0.4560435090090936
baseline,14,"biggrid50-goal(15,45)",task1,150,3584000,0.8663264513015747,0.4601644826950398
baseline,15,"biggrid50-goal(3,24)",task1,10,3594240,0.8673467636108398,0.5340494978404102
baseline,15,"biggrid50-goal(3,24)",task1,20,3604480,0.8673467636108398,0.5340494978404102
baseline,15,"biggrid50-goal(3,24)",task1,30,3614720,0.8673467636108398,0.5340494978404102
baseline,15,"biggrid50-goal(3,24)",task1,40,3624960,0.8673467636108398,0.5340494978404102
baseline,15,"biggrid50-goal(3,24)",task1,50,3635200,0.8673467636108398,0.5340494978404102
baseline,15,"biggrid50-goal(3,24)",task1,60,3645440,0.8673467636108398,0.5340494978404102
baseline,15,"biggrid50-goal(3,24)",task1,70,3655680,0.8948979377746582,0.6308242451903852
baseline,15,"biggrid50-goal(3,24)",task1,80,3665920,0.7020407915115356,-0.04659521770717093
baseline,15,"biggrid50-goal(3,24)",task1,90,3676160,0.7642856240272522,0.17204257626607655
baseline,15,"biggrid50-goal(3,24)",task1,100,3686400,0.9306120872497559,0.7562718131133057
baseline,15,"biggrid50-goal(3,24)",task1,110,3696640,0.8795917630195618,0.5770606129759629
baseline,15,"biggrid50-goal(3,24)",task1,120,3706880,0.8673467636108398,0.5340494978404102
baseline,15,"biggrid50-goal(3,24)",task1,130,3717120,0.8673467636108398,0.5340494978404102
baseline,15,"biggrid50-goal(3,24)",task1,140,3727360,0.8765305280685425,0.5663078865330785
baseline,15,"biggrid50-goal(3,24)",task1,150,3737600,0.8999999165534973,0.648745176776506
baseline,16,"biggrid50-goal(3,10)",task1,10,3747840,0.7489794492721558,0.27433597516553665
baseline,16,"biggrid50-goal(3,10)",task1,20,3758080,0.7489794492721558,0.27433597516553665
baseline,16,"biggrid50-goal(3,10)",task1,30,3768320,0.7489794492721558,0.27433597516553665
baseline,16,"biggrid50-goal(3,10)",task1,40,3778560,0.7489794492721558,0.27433597516553665
baseline,16,"biggrid50-goal(3,10)",task1,50,3788800,0.7489794492721558,0.27433597516553665
baseline,16,"biggrid50-goal(3,10)",task1,60,3799040,0.7489794492721558,0.27433597516553665
baseline,16,"biggrid50-goal(3,10)",task1,70,3809280,0.7489794492721558,0.27433597516553665
baseline,16,"biggrid50-goal(3,10)",task1,80,3819520,0.7489794492721558,0.27433597516553665
baseline,16,"biggrid50-goal(3,10)",task1,90,3829760,0.7489794492721558,0.27433597516553665
baseline,16,"biggrid50-goal(3,10)",task1,100,3840000,0.7489794492721558,0.27433597516553665
baseline,16,"biggrid50-goal(3,10)",task1,110,3850240,0.7551019191741943,0.29203514815419807
baseline,16,"biggrid50-goal(3,10)",task1,120,3860480,0.7581632137298584,0.3008849069569167
baseline,16,"biggrid50-goal(3,10)",task1,130,3870720,0.7367346882820129,0.23893814611337755
baseline,16,"biggrid50-goal(3,10)",task1,140,3880960,0.7387754917144775,0.24483781300680205
baseline,16,"biggrid50-goal(3,10)",task1,150,3891200,0.7520408034324646,0.2831859062766432
baseline,16,"biggrid50-goal(3,10)",task1,160,3901440,0.7387754917144775,0.24483781300680205
baseline,16,"biggrid50-goal(3,10)",task1,170,3911680,0.7561224102973938,0.2949852400634922
baseline,16,"biggrid50-goal(3,10)",task1,180,3921920,0.7540816068649292,0.28908557317006767
baseline,16,"biggrid50-goal(3,10)",task1,190,3932160,0.7510203123092651,0.28023581436734907
baseline,16,"biggrid50-goal(3,10)",task1,200,3942400,0.7530611753463745,0.2861356535691615
baseline,16,"biggrid50-goal(3,10)",task1,210,3952640,0.8040815591812134,0.4336281874467136
baseline,16,"biggrid50-goal(3,10)",task1,220,3962880,0.8795917630195618,0.6519172409705235
baseline,16,"biggrid50-goal(3,10)",task1,230,3973120,0.7530611753463745,0.2861356535691615
baseline,16,"biggrid50-goal(3,10)",task1,240,3983360,0.8724489212036133,0.6312683206893438
baseline,16,"biggrid50-goal(3,10)",task1,250,3993600,0.8010202646255493,0.424778428643995
baseline,16,"biggrid50-goal(3,10)",task1,260,4003840,0.8142856359481812,0.4631266942222241
baseline,16,"biggrid50-goal(3,10)",task1,270,4014080,0.7836733460426331,0.3746310015873049
baseline,16,"biggrid50-goal(3,10)",task1,280,4024320,0.7561224102973938,0.2949852400634922
baseline,16,"biggrid50-goal(3,10)",task1,290,4034560,0.7826529741287231,0.37168125429478654
baseline,16,"biggrid50-goal(3,10)",task1,300,4044800,0.9999998807907104,0.9999996553832242
baseline,16,"biggrid50-goal(3,10)",task1,310,4055040,0.810204029083252,0.451327360435375
baseline,16,"biggrid50-goal(3,10)",task1,320,4065280,0.75,0.27728623938321867
baseline,16,"biggrid50-goal(3,10)",task1,330,4075520,0.8030611276626587,0.4306782678458074
baseline,16,"biggrid50-goal(3,10)",task1,340,4085760,0.8132652044296265,0.46017677462131784
baseline,16,"biggrid50-goal(3,10)",task1,350,4096000,0.9908162951469421,0.9734512405170078
baseline,16,"biggrid50-goal(3,10)",task1,360,4106240,0.8693876266479492,0.6224185618866253
baseline,16,"biggrid50-goal(3,10)",task1,370,4116480,0.9999998807907104,0.9999996553832242
baseline,16,"biggrid50-goal(3,10)",task1,380,4126720,0.8153060674667358,0.46607661382313026
baseline,16,"biggrid50-goal(3,10)",task1,390,4136960,0.8071427345275879,0.4424776016326564
baseline,16,"biggrid50-goal(3,10)",task1,400,4147200,0.8224488496780396,0.4867253617959221
baseline,16,"biggrid50-goal(3,10)",task1,410,4157440,0.7795917391777039,0.36283166780045584
baseline,16,"biggrid50-goal(3,10)",task1,420,4167680,0.8061223030090332,0.43952768203175024
baseline,16,"biggrid50-goal(3,10)",task1,430,4177920,0.7551020383834839,0.2920354927709739
baseline,16,"biggrid50-goal(3,10)",task1,440,4188160,0.8224489092826843,0.48672553410430996
baseline,16,"biggrid50-goal(3,10)",task1,450,4198400,0.9438773989677429,0.837757695809529
baseline,16,"biggrid50-goal(3,10)",task1,460,4208640,0.8428570032119751,0.5457223753469429
baseline,16,"biggrid50-goal(3,10)",task1,470,4218880,0.9142855405807495,0.752211922775516
baseline,16,"biggrid50-goal(3,10)",task1,480,4229120,0.9438773989677429,0.837757695809529
baseline,16,"biggrid50-goal(3,10)",task1,490,4239360,0.9438773989677429,0.837757695809529
baseline,16,"biggrid50-goal(3,10)",task1,500,4249600,0.8928569555282593,0.6902649896235888
baseline,17,"biggrid50-goal(46,31)",task1,10,4259840,0.7612244486808777,0.23861169222722275
baseline,17,"biggrid50-goal(46,31)",task1,20,4270080,0.8622447848320007,0.5607372296527159
baseline,17,"biggrid50-goal(46,31)",task1,30,4280320,0.8622447848320007,0.5607372296527159
baseline,17,"biggrid50-goal(46,31)",task1,40,4290560,0.8622447848320007,0.5607372296527159
baseline,17,"biggrid50-goal(46,31)",task1,50,4300800,0.8622447848320007,0.5607372296527159
baseline,17,"biggrid50-goal(46,31)",task1,60,4311040,0.8622447848320007,0.5607372296527159
baseline,17,"biggrid50-goal(46,31)",task1,70,4321280,0.8622447848320007,0.5607372296527159
baseline,17,"biggrid50-goal(46,31)",task1,80,4331520,0.8622447848320007,0.5607372296527159
baseline,17,"biggrid50-goal(46,31)",task1,90,4341760,0.8622447848320007,0.5607372296527159
baseline,17,"biggrid50-goal(46,31)",task1,100,4352000,0.8622447848320007,0.5607372296527159
baseline,17,"biggrid50-goal(46,31)",task1,110,4362240,0.8622447848320007,0.5607372296527159
baseline,17,"biggrid50-goal(46,31)",task1,120,4372480,0.8622447848320007,0.5607372296527159
baseline,17,"biggrid50-goal(46,31)",task1,130,4382720,0.861224353313446,0.557483359552456
baseline,17,"biggrid50-goal(46,31)",task1,140,4392960,0.8632652163505554,0.5639910997529758
baseline,17,"biggrid50-goal(46,31)",task1,150,4403200,0.8632652163505554,0.5639910997529758
baseline,18,"biggrid50-goal(46,24)",task1,10,4413440,0.8469387292861938,0.584103453039636
baseline,18,"biggrid50-goal(46,24)",task1,20,4423680,0.8479591608047485,0.5868761593094666
baseline,18,"biggrid50-goal(46,24)",task1,30,4433920,0.8479591608047485,0.5868761593094666
baseline,18,"biggrid50-goal(46,24)",task1,40,4444160,0.8479591608047485,0.5868761593094666
baseline,18,"biggrid50-goal(46,24)",task1,50,4454400,0.8479591608047485,0.5868761593094666
baseline,18,"biggrid50-goal(46,24)",task1,60,4464640,0.8479591608047485,0.5868761593094666
baseline,18,"biggrid50-goal(46,24)",task1,70,4474880,0.8479591608047485,0.5868761593094666
baseline,18,"biggrid50-goal(46,24)",task1,80,4485120,0.8479591608047485,0.5868761593094666
baseline,18,"biggrid50-goal(46,24)",task1,90,4495360,0.8479591608047485,0.5868761593094666
baseline,18,"biggrid50-goal(46,24)",task1,100,4505600,0.8479591608047485,0.5868761593094666
baseline,18,"biggrid50-goal(46,24)",task1,110,4515840,0.8479591608047485,0.5868761593094666
baseline,18,"biggrid50-goal(46,24)",task1,120,4526080,0.8581631779670715,0.6146024122220634
baseline,18,"biggrid50-goal(46,24)",task1,130,4536320,0.9275509119033813,0.8031420657277147
baseline,18,"biggrid50-goal(46,24)",task1,140,4546560,0.896938681602478,0.7199628211184987
baseline,18,"biggrid50-goal(46,24)",task1,150,4556800,0.9877549409866333,0.9667278486763162
baseline,18,"biggrid50-goal(46,24)",task1,160,4567040,0.9908162355422974,0.9750459674858081
baseline,18,"biggrid50-goal(46,24)",task1,170,4577280,0.9306120872497559,0.8114598606229227
baseline,18,"biggrid50-goal(46,24)",task1,180,4587520,0.9561222791671753,0.8807758977972695
baseline,18,"biggrid50-goal(46,24)",task1,190,4597760,0.9693877100944519,0.9168205934336421
baseline,18,"biggrid50-goal(46,24)",task1,200,4608000,0.9999998807907104,0.9999996760857162
baseline,18,"biggrid50-goal(46,24)",task1,210,4618240,0.961224377155304,0.8946392671892808
baseline,18,"biggrid50-goal(46,24)",task1,220,4628480,0.9469386339187622,0.8558221891973614
baseline,18,"biggrid50-goal(46,24)",task1,230,4638720,0.9448978304862976,0.8502769386148421
baseline,18,"biggrid50-goal(46,24)",task1,240,4648960,0.9734692573547363,0.9279109326415388
baseline,18,"biggrid50-goal(46,24)",task1,250,4659200,0.9632652401924133,0.900184679728942
baseline,19,"biggrid50-goal(3,45)",task1,10,4669440,0.8010203242301941,0.5197041677217376
baseline,19,"biggrid50-goal(3,45)",task1,20,4679680,0.8438774347305298,0.6231523790888792
baseline,19,"biggrid50-goal(3,45)",task1,30,4689920,0.8438774347305298,0.6231523790888792
baseline,19,"biggrid50-goal(3,45)",task1,40,4700160,0.8438774347305298,0.6231523790888792
baseline,19,"biggrid50-goal(3,45)",task1,50,4710400,0.8744896650314331,0.6970439791901659
baseline,19,"biggrid50-goal(3,45)",task1,60,4720640,0.9806120991706848,0.9532016125319399
baseline,19,"biggrid50-goal(3,45)",task1,70,4730880,0.8438774347305298,0.6231523790888792
baseline,19,"biggrid50-goal(3,45)",task1,80,4741120,0.9836732149124146,0.9605905135701296
baseline,19,"biggrid50-goal(3,45)",task1,90,4751360,0.9755100011825562,0.9408862019750927
baseline,19,"biggrid50-goal(3,45)",task1,100,4761600,0.8438774347305298,0.6231523790888792
baseline,19,"biggrid50-goal(3,45)",task1,110,4771840,0.8438774347305298,0.6231523790888792
baseline,19,"biggrid50-goal(3,45)",task1,120,4782080,0.8438774347305298,0.6231523790888792
baseline,19,"biggrid50-goal(3,45)",task1,130,4792320,0.9989795684814453,0.9975368891139706
baseline,19,"biggrid50-goal(3,45)",task1,140,4802560,0.9469385147094727,0.8719205358992657
baseline,19,"biggrid50-goal(3,45)",task1,150,4812800,0.9999998807907104,0.9999997122534011
baseline,19,"biggrid50-goal(3,45)",task1,160,4823040,0.9489794969558716,0.8768470454179231
baseline,19,"biggrid50-goal(3,45)",task1,170,4833280,0.9999998807907104,0.9999997122534011
baseline,19,"biggrid50-goal(3,45)",task1,180,4843520,0.9999998807907104,0.9999997122534011
baseline,19,"biggrid50-goal(3,45)",task1,190,4853760,0.8622447848320007,0.6674873679243112
baseline,19,"biggrid50-goal(3,45)",task1,200,4864000,0.896938681602478,0.7512312676964158
baseline,19,"biggrid50-goal(3,45)",task1,210,4874240,0.837755024433136,0.6083741453926015
baseline,19,"biggrid50-goal(3,45)",task1,220,4884480,0.8316326141357422,0.5935959116963238
baseline,19,"biggrid50-goal(3,45)",task1,230,4894720,0.8653060793876648,0.6748767005823991
baseline,19,"biggrid50-goal(3,45)",task1,240,4904960,0.9999998807907104,0.9999997122534011
baseline,19,"biggrid50-goal(3,45)",task1,250,4915200,0.9755101203918457,0.9408864897216915
baseline,20,"biggrid50-goal(21,10)",task1,10,4925440,0.7571429014205933,0.0996216368394279
baseline,20,"biggrid50-goal(21,10)",task1,20,4935680,0.7571429014205933,0.0996216368394279
baseline,20,"biggrid50-goal(21,10)",task1,30,4945920,0.7571429014205933,0.0996216368394279
baseline,20,"biggrid50-goal(21,10)",task1,40,4956160,0.7571429014205933,0.0996216368394279
baseline,20,"biggrid50-goal(21,10)",task1,50,4966400,0.7571429014205933,0.0996216368394279
baseline,20,"biggrid50-goal(21,10)",task1,60,4976640,0.7571429014205933,0.0996216368394279
baseline,20,"biggrid50-goal(21,10)",task1,70,4986880,0.7571429014205933,0.0996216368394279
baseline,20,"biggrid50-goal(21,10)",task1,80,4997120,0.7571429014205933,0.0996216368394279
baseline,20,"biggrid50-goal(21,10)",task1,90,5007360,0.7571429014205933,0.0996216368394279
baseline,20,"biggrid50-goal(21,10)",task1,100,5017600,0.7571429014205933,0.0996216368394279
baseline,20,"biggrid50-goal(21,10)",task1,110,5027840,0.7571429014205933,0.0996216368394279
baseline,20,"biggrid50-goal(21,10)",task1,120,5038080,0.7377551794052124,0.027742801443092387
baseline,20,"biggrid50-goal(21,10)",task1,130,5048320,0.7173470258712769,-0.047919223597557015
baseline,20,"biggrid50-goal(21,10)",task1,140,5058560,0.7091837525367737,-0.07818407780995748
baseline,20,"biggrid50-goal(21,10)",task1,150,5068800,0.7316327095031738,0.005044105538616157
baseline,20,"biggrid50-goal(21,10)",task1,160,5079040,0.7765306234359741,0.17150047223576342
baseline,20,"biggrid50-goal(21,10)",task1,170,5089280,0.7765306234359741,0.17150047223576342
baseline,20,"biggrid50-goal(21,10)",task1,180,5099520,0.7367346882820129,0.023959390818074983
baseline,20,"biggrid50-goal(21,10)",task1,190,5109760,0.7836734652519226,0.19798213680385002
baseline,20,"biggrid50-goal(21,10)",task1,200,5120000,0.7438775897026062,0.050441276366865094
baseline,20,"biggrid50-goal(21,10)",task1,210,5130240,0.7622449398040771,0.11853714309959026
baseline,20,"biggrid50-goal(21,10)",task1,220,5140480,0.7663265466690063,0.13366945971543873
baseline,20,"biggrid50-goal(21,10)",task1,230,5150720,0.7663265466690063,0.13366945971543873
baseline,20,"biggrid50-goal(21,10)",task1,240,5160960,0.7846938967704773,0.2017653264481639
baseline,20,"biggrid50-goal(21,10)",task1,250,5171200,0.7510204315185547,0.07692294093495168
baseline,20,"biggrid50-goal(21,10)",task1,260,5181440,0.7408162951469421,0.039091707433923456
baseline,20,"biggrid50-goal(21,10)",task1,270,5191680,0.7428571581840515,0.046658086722551215
baseline,20,"biggrid50-goal(21,10)",task1,280,5201920,0.7438775897026062,0.050441276366865094
baseline,20,"biggrid50-goal(21,10)",task1,290,5212160,0.7479592561721802,0.06557381396341709
baseline,20,"biggrid50-goal(21,10)",task1,300,5222400,0.767346978187561,0.1374526493597526
baseline,20,"biggrid50-goal(21,10)",task1,310,5232640,0.767346978187561,0.1374526493597526
baseline,20,"biggrid50-goal(21,10)",task1,320,5242880,0.7653061151504517,0.12988627007112485
baseline,20,"biggrid50-goal(21,10)",task1,330,5253120,0.7428571581840515,0.046658086722551215
baseline,20,"biggrid50-goal(21,10)",task1,340,5263360,0.7428571581840515,0.046658086722551215
baseline,20,"biggrid50-goal(21,10)",task1,350,5273600,0.7653061151504517,0.12988627007112485
baseline,20,"biggrid50-goal(21,10)",task1,360,5283840,0.7653061151504517,0.12988627007112485
baseline,20,"biggrid50-goal(21,10)",task1,370,5294080,0.8489795923233032,0.44010074952235023
baseline,20,"biggrid50-goal(21,10)",task1,380,5304320,0.7653061151504517,0.12988627007112485
baseline,20,"biggrid50-goal(21,10)",task1,390,5314560,0.7551020383834839,0.09205525755080014
baseline,20,"biggrid50-goal(21,10)",task1,400,5324800,0.7551020383834839,0.09205525755080014
baseline,20,"biggrid50-goal(21,10)",task1,410,5335040,0.7540816068649292,0.08827206790648627
baseline,20,"biggrid50-goal(21,10)",task1,420,5345280,0.7632652521133423,0.1223198907824971
baseline,20,"biggrid50-goal(21,10)",task1,430,5355520,0.7663265466690063,0.13366945971543873
baseline,20,"biggrid50-goal(21,10)",task1,440,5365760,0.8173468708992004,0.3228243013363587
baseline,20,"biggrid50-goal(21,10)",task1,450,5376000,0.9030612111091614,0.6406051600762118
baseline,20,"biggrid50-goal(21,10)",task1,460,5386240,0.8602041006088257,0.4817149516869888
baseline,20,"biggrid50-goal(21,10)",task1,470,5396480,0.7908163070678711,0.2244638013719366
baseline,20,"biggrid50-goal(21,10)",task1,480,5406720,0.8010203242301941,0.26229459291155777
baseline,20,"biggrid50-goal(21,10)",task1,490,5416960,0.7734694480895996,0.16015134526422883
baseline,20,"biggrid50-goal(21,10)",task1,500,5427200,0.7551020979881287,0.09205547853150367
baseline,21,"biggrid50-goal(40,3)",task1,10,5437440,0.9357141256332397,0.8372088635556467
baseline,21,"biggrid50-goal(40,3)",task1,20,5447680,0.7795917391777039,0.4418601035698529
baseline,21,"biggrid50-goal(40,3)",task1,30,5457920,0.8602040410041809,0.6459946565333698
baseline,21,"biggrid50-goal(40,3)",task1,40,5468160,0.833673357963562,0.5788110009422988
baseline,21,"biggrid50-goal(40,3)",task1,50,5478400,0.833673357963562,0.5788110009422988
baseline,21,"biggrid50-goal(40,3)",task1,60,5488640,0.8346937894821167,0.5813950399431753
baseline,21,"biggrid50-goal(40,3)",task1,70,5498880,0.833673357963562,0.5788110009422988
baseline,21,"biggrid50-goal(40,3)",task1,80,5509120,0.8346937894821167,0.5813950399431753
baseline,21,"biggrid50-goal(40,3)",task1,90,5519360,0.8642855882644653,0.6563303597263032
baseline,21,"biggrid50-goal(40,3)",task1,100,5529600,0.9999998807907104,0.999999698126285
baseline,21,"biggrid50-goal(40,3)",task1,110,5539840,0.9938772916793823,0.984495464121026
baseline,21,"biggrid50-goal(40,3)",task1,120,5550080,0.9765303730964661,0.9405678576641283
baseline,21,"biggrid50-goal(40,3)",task1,130,5560320,0.9999998807907104,0.999999698126285
baseline,21,"biggrid50-goal(40,3)",task1,140,5570560,0.9938774108886719,0.9844957659947411
baseline,21,"biggrid50-goal(40,3)",task1,150,5580800,0.974489688873291,0.935400232472948
baseline,21,"biggrid50-goal(40,3)",task1,160,5591040,0.9397957921028137,0.8475448686222952
baseline,21,"biggrid50-goal(40,3)",task1,170,5601280,0.9561222195625305,0.8888882851414588
baseline,21,"biggrid50-goal(40,3)",task1,180,5611520,0.9663263559341431,0.9147282223396511
baseline,21,"biggrid50-goal(40,3)",task1,190,5621760,0.9551017880439758,0.8863042461405823
baseline,21,"biggrid50-goal(40,3)",task1,200,5632000,0.9469385147094727,0.8656323869441429
baseline,22,"biggrid50-goal(15,38)",task1,10,5642240,0.8499999046325684,0.18333295473352523
baseline,22,"biggrid50-goal(15,38)",task1,20,5652480,0.8775509595870972,0.3333331169905858
baseline,22,"biggrid50-goal(15,38)",task1,30,5662720,0.8775509595870972,0.3333331169905858
baseline,22,"biggrid50-goal(15,38)",task1,40,5672960,0.8775509595870972,0.3333331169905858
baseline,22,"biggrid50-goal(15,38)",task1,50,5683200,0.8775509595870972,0.3333331169905858
baseline,22,"biggrid50-goal(15,38)",task1,60,5693440,0.8775509595870972,0.3333331169905858
baseline,22,"biggrid50-goal(15,38)",task1,70,5703680,0.911224365234375,0.516666071724111
baseline,22,"biggrid50-goal(15,38)",task1,80,5713920,0.8530610799789429,0.19999935097175753
baseline,22,"biggrid50-goal(15,38)",task1,90,5724160,0.8795916438102722,0.34444350695920534
baseline,22,"biggrid50-goal(15,38)",task1,100,5734400,0.851020336151123,0.18888863648901683
baseline,22,"biggrid50-goal(15,38)",task1,110,5744640,0.851020336151123,0.18888863648901683
baseline,22,"biggrid50-goal(15,38)",task1,120,5754880,0.8520407676696777,0.19444431824450842
baseline,22,"biggrid50-goal(15,38)",task1,130,5765120,0.9999998807907104,0.9999993509717575
baseline,22,"biggrid50-goal(15,38)",task1,140,5775360,0.9999998807907104,0.9999993509717575
baseline,22,"biggrid50-goal(15,38)",task1,150,5785600,0.9999998807907104,0.9999993509717575
baseline,23,"biggrid50-goal(40,45)",task1,10,5795840,0.5918367505073547,-0.4943957782351366
baseline,23,"biggrid50-goal(40,45)",task1,20,5806080,0.7918366193771362,0.23785770136670079
baseline,23,"biggrid50-goal(40,45)",task1,30,5816320,0.7918366193771362,0.23785770136670079
baseline,23,"biggrid50-goal(40,45)",task1,40,5826560,0.7918366193771362,0.23785770136670079
baseline,23,"biggrid50-goal(40,45)",task1,50,5836800,0.7918366193771362,0.23785770136670079
baseline,23,"biggrid50-goal(40,45)",task1,60,5847040,0.7918366193771362,0.23785770136670079
baseline,23,"biggrid50-goal(40,45)",task1,70,5857280,0.7918366193771362,0.23785770136670079
baseline,23,"biggrid50-goal(40,45)",task1,80,5867520,0.7918366193771362,0.23785770136670079
baseline,23,"biggrid50-goal(40,45)",task1,90,5877760,0.7918366193771362,0.23785770136670079
baseline,23,"biggrid50-goal(40,45)",task1,100,5888000,0.7918366193771362,0.23785770136670079
baseline,23,"biggrid50-goal(40,45)",task1,110,5898240,0.7918366193771362,0.23785770136670079
baseline,23,"biggrid50-goal(40,45)",task1,120,5908480,0.7948978543281555,0.24906570843905604
baseline,23,"biggrid50-goal(40,45)",task1,130,5918720,0.8234692811965942,0.3536734107332287
baseline,23,"biggrid50-goal(40,45)",task1,140,5928960,0.8734692335128784,0.5367367260765167
baseline,23,"biggrid50-goal(40,45)",task1,150,5939200,0.8999999165534973,0.6338727146273668
baseline,23,"biggrid50-goal(40,45)",task1,160,5949440,0.8928569555282593,0.6077204071536236
baseline,23,"biggrid50-goal(40,45)",task1,170,5959680,0.8928569555282593,0.6077204071536236
baseline,23,"biggrid50-goal(40,45)",task1,180,5969920,0.911224365234375,0.6749684495877551
baseline,23,"biggrid50-goal(40,45)",task1,190,5980160,0.9357142448425293,0.7646325061665971
baseline,23,"biggrid50-goal(40,45)",task1,200,5990400,0.964285671710968,0.8692402084607698
baseline,23,"biggrid50-goal(40,45)",task1,210,6000640,0.9030612111091614,0.6450809399284079
baseline,23,"biggrid50-goal(40,45)",task1,220,6010880,0.9999998807907104,0.9999995635426284
baseline,23,"biggrid50-goal(40,45)",task1,230,6021120,0.9999998807907104,0.9999995635426284
baseline,23,"biggrid50-goal(40,45)",task1,240,6031360,0.9999998807907104,0.9999995635426284
baseline,23,"biggrid50-goal(40,45)",task1,250,6041600,0.9999998807907104,0.9999995635426284
baseline,24,"biggrid50-goal(15,17)",task1,10,6051840,0.823469340801239,0.2741256314376866
baseline,24,"biggrid50-goal(15,17)",task1,20,6062080,0.823469340801239,0.2741256314376866
baseline,24,"biggrid50-goal(15,17)",task1,30,6072320,0.8622447848320007,0.4335659296799425
baseline,24,"biggrid50-goal(15,17)",task1,40,6082560,0.837755024433136,0.3328667681492917
baseline,24,"biggrid50-goal(15,17)",task1,50,6092800,0.823469340801239,0.2741256314376866
baseline,24,"biggrid50-goal(15,17)",task1,60,6103040,0.823469340801239,0.2741256314376866
baseline,24,"biggrid50-goal(15,17)",task1,70,6113280,0.8326530456542969,0.3118880008274159
baseline,24,"biggrid50-goal(15,17)",task1,80,6123520,0.8683673143386841,0.45874108769407573
baseline,24,"biggrid50-goal(15,17)",task1,90,6133760,0.9346938133239746,0.7314682490178726
baseline,24,"biggrid50-goal(15,17)",task1,100,6144000,0.9346938133239746,0.7314682490178726
baseline,24,"biggrid50-goal(15,17)",task1,110,6154240,0.8979591131210327,0.5804192616342493
baseline,24,"biggrid50-goal(15,17)",task1,120,6164480,0.9530611038208008,0.8069924976220371
baseline,24,"biggrid50-goal(15,17)",task1,130,6174720,0.9061223864555359,0.6139857305070152
baseline,24,"biggrid50-goal(15,17)",task1,140,6184960,0.8408163189888,0.34545446970018184
baseline,24,"biggrid50-goal(15,17)",task1,150,6195200,0.9030612111091614,0.6013985191314192
baseline,24,"biggrid50-goal(15,17)",task1,160,6205440,0.9122447967529297,0.6391603983458545
baseline,24,"biggrid50-goal(15,17)",task1,170,6215680,0.9387754201889038,0.748251360910432
baseline,24,"biggrid50-goal(15,17)",task1,180,6225920,0.9244896769523621,0.6895099791111798
baseline,24,"biggrid50-goal(15,17)",task1,190,6236160,0.9214285016059875,0.6769227677355838
baseline,24,"biggrid50-goal(15,17)",task1,200,6246400,0.9397958517074585,0.7524472614273954
baseline,25,"biggrid50-goal(15,24)",task1,10,6256640,0.8561224937438965,0.29966913740139983
baseline,25,"biggrid50-goal(15,24)",task1,20,6266880,0.8632652163505554,0.3344366922095842
baseline,25,"biggrid50-goal(15,24)",task1,30,6277120,0.8540816307067871,0.28973513584398974
baseline,25,"biggrid50-goal(15,24)",task1,40,6287360,0.8979591131210327,0.5033109470144032
baseline,25,"biggrid50-goal(15,24)",task1,50,6297600,0.8551019430160522,0.2947015563655945
baseline,25,"biggrid50-goal(15,24)",task1,60,6307840,0.8520407676696777,0.2798011342865797
baseline,25,"biggrid50-goal(15,24)",task1,70,6318080,0.8520407676696777,0.2798011342865797
baseline,25,"biggrid50-goal(15,24)",task1,80,6328320,0.8520407676696777,0.2798011342865797
baseline,25,"biggrid50-goal(15,24)",task1,90,6338560,0.8540816307067871,0.28973513584398974
baseline,25,"biggrid50-goal(15,24)",task1,100,6348800,0.8561223745346069,0.2996685571442995
baseline,25,"biggrid50-goal(15,24)",task1,110,6359040,0.8612244725227356,0.3245032709092745
baseline,25,"biggrid50-goal(15,24)",task1,120,6369280,0.8724489212036133,0.379138828832279
baseline,25,"biggrid50-goal(15,24)",task1,130,6379520,0.8581631779670715,0.3096022685731594
baseline,25,"biggrid50-goal(15,24)",task1,140,6389760,0.9183672666549683,0.6026486415601024
baseline,25,"biggrid50-goal(15,24)",task1,150,6400000,0.9673468470573425,0.8410591664954908
baseline,26,"biggrid50-goal(21,38)",task1,10,6410240,0.8193877339363098,0.14354844316916676
baseline,26,"biggrid50-goal(21,38)",task1,20,6420480,0.813265323638916,0.11451637383611835
baseline,26,"biggrid50-goal(21,38)",task1,30,6430720,0.8489795923233032,0.2838711008568837
baseline,26,"biggrid50-goal(21,38)",task1,40,6440960,0.8540816307067871,0.30806463328842165
baseline,26,"biggrid50-goal(21,38)",task1,50,6451200,0.8520407676696777,0.2983869942027437
baseline,26,"biggrid50-goal(21,38)",task1,60,6461440,0.8540816307067871,0.30806463328842165
baseline,26,"biggrid50-goal(21,38)",task1,70,6471680,0.8540816307067871,0.30806463328842165
baseline,26,"biggrid50-goal(21,38)",task1,80,6481920,0.8581631779670715,0.32741906353579214
baseline,26,"biggrid50-goal(21,38)",task1,90,6492160,0.8704080581665039,0.3854834848432174
baseline,26,"biggrid50-goal(21,38)",task1,100,6502400,0.8663265109062195,0.36612905459584694
baseline,26,"biggrid50-goal(21,38)",task1,110,6512640,0.8704081773757935,0.38548405012587433
baseline,26,"biggrid50-goal(21,38)",task1,120,6522880,0.8367345929145813,0.22580611426680156
baseline,26,"biggrid50-goal(21,38)",task1,130,6533120,0.8551019430160522,0.31290288754860374
baseline,26,"biggrid50-goal(21,38)",task1,140,6543360,0.8724489212036133,0.39516112392889535
baseline,26,"biggrid50-goal(21,38)",task1,150,6553600,0.8826530575752258,0.4435484714332996
baseline,27,"biggrid50-goal(33,17)",task1,10,6563840,0.8367345929145813,0.31721155272272694
baseline,27,"biggrid50-goal(33,17)",task1,20,6574080,0.8367345929145813,0.31721155272272694
baseline,27,"biggrid50-goal(33,17)",task1,30,6584320,0.8367345929145813,0.31721155272272694
baseline,27,"biggrid50-goal(33,17)",task1,40,6594560,0.8367345929145813,0.31721155272272694
baseline,27,"biggrid50-goal(33,17)",task1,50,6604800,0.8367345929145813,0.31721155272272694
baseline,27,"biggrid50-goal(33,17)",task1,60,6615040,0.861224353313446,0.41962960793380355
baseline,27,"biggrid50-goal(33,17)",task1,70,6625280,0.8285714387893677,0.2830726164376903
baseline,27,"biggrid50-goal(33,17)",task1,80,6635520,0.8255101442337036,0.270270047947314
baseline,27,"biggrid50-goal(33,17)",task1,90,6645760,0.8244897723197937,0.266002774388382
baseline,27,"biggrid50-goal(33,17)",task1,100,6656000,0.8244897723197937,0.266002774388382
baseline,27,"biggrid50-goal(33,17)",task1,110,6666240,0.8244897723197937,0.266002774388382
baseline,27,"biggrid50-goal(33,17)",task1,120,6676480,0.8244897723197937,0.266002774388382
baseline,27,"biggrid50-goal(33,17)",task1,130,6686720,0.8602040410041809,0.4153625836460648
baseline,27,"biggrid50-goal(33,17)",task1,140,6696960,0.951020359992981,0.7951633910354601
baseline,27,"biggrid50-goal(33,17)",task1,150,6707200,0.9999998807907104,0.9999995014576133
baseline,27,"biggrid50-goal(33,17)",task1,160,6717440,0.9693876504898071,0.8719768078081709
baseline,27,"biggrid50-goal(33,17)",task1,170,6727680,0.9999998807907104,0.9999995014576133
baseline,27,"biggrid50-goal(33,17)",task1,180,6737920,0.9551019668579102,0.812232983813575
baseline,27,"biggrid50-goal(33,17)",task1,190,6748160,0.9520406723022461,0.7994304153231988
baseline,27,"biggrid50-goal(33,17)",task1,200,6758400,0.8448979258537292,0.3513512368213436
baseline,27,"biggrid50-goal(33,17)",task1,210,6768640,0.896938681602478,0.5689896664626798
baseline,27,"biggrid50-goal(33,17)",task1,220,6778880,0.9081632494926453,0.6159316697804793
baseline,27,"biggrid50-goal(33,17)",task1,230,6789120,0.9418365359306335,0.7567559348355246
baseline,27,"biggrid50-goal(33,17)",task1,240,6799360,0.9438773989677429,0.7652909804957755
baseline,27,"biggrid50-goal(33,17)",task1,250,6809600,0.9336732625961304,0.7226165000081013
baseline,27,"biggrid50-goal(33,17)",task1,260,6819840,0.8857142329216003,0.5220481616872669
baseline,27,"biggrid50-goal(33,17)",task1,270,6830080,0.9142855405807495,0.6415355604052652
baseline,27,"biggrid50-goal(33,17)",task1,280,6840320,0.9591835141181946,0.8293023273204967
baseline,27,"biggrid50-goal(33,17)",task1,290,6850560,0.9928569793701172,0.9701273401891221
baseline,27,"biggrid50-goal(33,17)",task1,300,6860800,0.960204005241394,0.8335700994218155
baseline,27,"biggrid50-goal(33,17)",task1,310,6871040,0.9826529622077942,0.9274533582438346
baseline,27,"biggrid50-goal(33,17)",task1,320,6881280,0.9581631422042847,0.8250350537615646
baseline,27,"biggrid50-goal(33,17)",task1,330,6891520,0.9775508642196655,0.9061159933644009
baseline,27,"biggrid50-goal(33,17)",task1,340,6901760,0.9632651209831238,0.8463719200986117
baseline,27,"biggrid50-goal(33,17)",task1,350,6912000,0.938775360584259,0.7439538648875351
baseline,28,"biggrid50-goal(27,17)",task1,10,6922240,0.7846938371658325,0.058035235818588285
baseline,28,"biggrid50-goal(27,17)",task1,20,6932480,0.7846938371658325,0.058035235818588285
baseline,28,"biggrid50-goal(27,17)",task1,30,6942720,0.7846938371658325,0.058035235818588285
baseline,28,"biggrid50-goal(27,17)",task1,40,6952960,0.7846938371658325,0.058035235818588285
baseline,28,"biggrid50-goal(27,17)",task1,50,6963200,0.7846938371658325,0.058035235818588285
baseline,28,"biggrid50-goal(27,17)",task1,60,6973440,0.7846938371658325,0.058035235818588285
baseline,28,"biggrid50-goal(27,17)",task1,70,6983680,0.795918345451355,0.10714247530047921
baseline,28,"biggrid50-goal(27,17)",task1,80,6993920,0.8020407557487488,0.1339280289329979
baseline,28,"biggrid50-goal(27,17)",task1,90,7004160,0.8010203242301941,0.12946363960904259
baseline,28,"biggrid50-goal(27,17)",task1,100,7014400,0.781632661819458,0.044642589387531156
baseline,28,"biggrid50-goal(27,17)",task1,110,7024640,0.7795917987823486,0.03571381073962049
baseline,28,"biggrid50-goal(27,17)",task1,120,7034880,0.777550995349884,0.026785292862114257
baseline,28,"biggrid50-goal(27,17)",task1,130,7045120,0.7836734652519226,0.05357110726503739
baseline,28,"biggrid50-goal(27,17)",task1,140,7055360,0.7938775420188904,0.09821395742297298
baseline,28,"biggrid50-goal(27,17)",task1,150,7065600,0.7877550721168518,0.07142814302004985
baseline,28,"biggrid50-goal(27,17)",task1,160,7075840,0.7928571105003357,0.09374956809901765
baseline,28,"biggrid50-goal(27,17)",task1,170,7086080,0.7928571105003357,0.09374956809901765
baseline,28,"biggrid50-goal(27,17)",task1,180,7096320,0.8255102038383484,0.2366068972207351
baseline,28,"biggrid50-goal(27,17)",task1,190,7106560,0.8051019906997681,0.14732093613445948
baseline,28,"biggrid50-goal(27,17)",task1,200,7116800,0.781632661819458,0.044642589387531156
baseline,28,"biggrid50-goal(27,17)",task1,210,7127040,0.7846938371658325,0.058035235818588285
baseline,28,"biggrid50-goal(27,17)",task1,220,7137280,0.7857142686843872,0.06249962514254362
baseline,28,"biggrid50-goal(27,17)",task1,230,7147520,0.7857142686843872,0.06249962514254362
baseline,28,"biggrid50-goal(27,17)",task1,240,7157760,0.7877551317214966,0.07142840379045429
baseline,28,"biggrid50-goal(27,17)",task1,250,7168000,0.800000011920929,0.12499977182589611
baseline,28,"biggrid50-goal(27,17)",task1,260,7178240,0.7918367385864258,0.08928543954546675
baseline,28,"biggrid50-goal(27,17)",task1,270,7188480,0.7918367385864258,0.08928543954546675
baseline,28,"biggrid50-goal(27,17)",task1,280,7198720,0.8051020503044128,0.14732119690486392
baseline,28,"biggrid50-goal(27,17)",task1,290,7208960,0.8091837167739868,0.16517849343028082
baseline,28,"biggrid50-goal(27,17)",task1,300,7219200,0.8306121826171875,0.2589280615292985
baseline,28,"biggrid50-goal(27,17)",task1,310,7229440,0.8173469305038452,0.20089256494030575
baseline,28,"biggrid50-goal(27,17)",task1,320,7239680,0.7969387769699097,0.11160686462443455
baseline,28,"biggrid50-goal(27,17)",task1,330,7249920,0.7969387769699097,0.11160686462443455
baseline,28,"biggrid50-goal(27,17)",task1,340,7260160,0.7989795804023743,0.12053538250194078
baseline,28,"biggrid50-goal(27,17)",task1,350,7270400,0.7918367385864258,0.08928543954546675
baseline,28,"biggrid50-goal(27,17)",task1,360,7280640,0.7918367385864258,0.08928543954546675
baseline,28,"biggrid50-goal(27,17)",task1,370,7290880,0.7938775420188904,0.09821395742297298
baseline,28,"biggrid50-goal(27,17)",task1,380,7301120,0.7918367385864258,0.08928543954546675
baseline,28,"biggrid50-goal(27,17)",task1,390,7311360,0.8183673024177551,0.20535669349385663
baseline,28,"biggrid50-goal(27,17)",task1,400,7321600,0.8326529264450073,0.26785631863640025
baseline,28,"biggrid50-goal(27,17)",task1,410,7331840,0.8255101442337036,0.23660663645033067
baseline,28,"biggrid50-goal(27,17)",task1,420,7342080,0.8265305757522583,0.241071025774286
baseline,28,"biggrid50-goal(27,17)",task1,430,7352320,0.8153060674667358,0.19196378629239508
baseline,28,"biggrid50-goal(27,17)",task1,440,7362560,0.851020336151123,0.34821376184516967
baseline,28,"biggrid50-goal(27,17)",task1,450,7372800,0.8204081654548645,0.2142854721417673
baseline,28,"biggrid50-goal(27,17)",task1,460,7383040,0.8183673620223999,0.20535695426426107
baseline,28,"biggrid50-goal(27,17)",task1,470,7393280,0.8112244606018066,0.17410675053738262
baseline,28,"biggrid50-goal(27,17)",task1,480,7403520,0.8500000238418579,0.3437498940620232
baseline,28,"biggrid50-goal(27,17)",task1,490,7413760,0.8387754559516907,0.29464239380972784
baseline,28,"biggrid50-goal(27,17)",task1,500,7424000,0.8193877339363098,0.20982108281781198
baseline,29,"biggrid50-goal(3,3)",task1,10,7434240,0.6704081296920776,0.06467182185571921
baseline,29,"biggrid50-goal(3,3)",task1,20,7444480,0.6816325187683105,0.09652481439357291
baseline,29,"biggrid50-goal(3,3)",task1,30,7454720,0.6704081296920776,0.06467182185571921
baseline,29,"biggrid50-goal(3,3)",task1,40,7464960,0.6704081296920776,0.06467182185571921
baseline,29,"biggrid50-goal(3,3)",task1,50,7475200,0.6887754201889038,0.11679520809638476
baseline,29,"biggrid50-goal(3,3)",task1,60,7485440,0.699999988079071,0.14864870807913164
baseline,29,"biggrid50-goal(3,3)",task1,70,7495680,0.8112243413925171,0.4642853518250763
baseline,29,"biggrid50-goal(3,3)",task1,80,7505920,0.791836678981781,0.40926631587565027
baseline,29,"biggrid50-goal(3,3)",task1,90,7516160,0.820408046245575,0.4903472140937068
baseline,29,"biggrid50-goal(3,3)",task1,100,7526400,0.7806121706962585,0.37741298504120113
baseline,29,"biggrid50-goal(3,3)",task1,110,7536640,0.7479590773582458,0.28474881139491187
baseline,29,"biggrid50-goal(3,3)",task1,120,7546880,0.6806122064590454,0.09362933383311017
baseline,29,"biggrid50-goal(3,3)",task1,130,7557120,0.6816326379776001,0.09652515269016836
baseline,29,"biggrid50-goal(3,3)",task1,140,7567360,0.7948978543281555,0.4179534341502294
baseline,29,"biggrid50-goal(3,3)",task1,150,7577600,0.7724488973617554,0.35424694162962883
baseline,29,"biggrid50-goal(3,3)",task1,160,7587840,0.7836733460426331,0.38610010331578026
baseline,29,"biggrid50-goal(3,3)",task1,170,7598080,0.8367345929145813,0.5366793009168515
baseline,29,"biggrid50-goal(3,3)",task1,180,7608320,0.8173468708992004,0.4816600958191277
baseline,29,"biggrid50-goal(3,3)",task1,190,7618560,0.8867346048355103,0.6785712110950458
baseline,29,"biggrid50-goal(3,3)",task1,200,7628800,0.8244897127151489,0.5019303203736418
baseline,29,"biggrid50-goal(3,3)",task1,210,7639040,0.7887753844261169,0.40057885930447573
baseline,29,"biggrid50-goal(3,3)",task1,220,7649280,0.9061223864555359,0.7335905853410672
baseline,29,"biggrid50-goal(3,3)",task1,230,7659520,0.911224365234375,0.748069172181465
baseline,29,"biggrid50-goal(3,3)",task1,240,7669760,0.9193876385688782,0.7712352155930373
baseline,29,"biggrid50-goal(3,3)",task1,250,7680000,0.7877549529075623,0.39768304044741754
baseline,29,"biggrid50-goal(3,3)",task1,260,7690240,0.8448978662490845,0.5598453443284237
baseline,29,"biggrid50-goal(3,3)",task1,270,7700480,0.861224353313446,0.6061772620032706
baseline,29,"biggrid50-goal(3,3)",task1,280,7710720,0.9704080820083618,0.9160229446282898
baseline,29,"biggrid50-goal(3,3)",task1,290,7720960,0.851020336151123,0.5772199191741774
baseline,29,"biggrid50-goal(3,3)",task1,300,7731200,0.9581631422042847,0.8812737949367825
baseline,29,"biggrid50-goal(3,3)",task1,310,7741440,0.871428370475769,0.6351346048323638
baseline,29,"biggrid50-goal(3,3)",task1,320,7751680,0.862244725227356,0.6090729117120312
baseline,29,"biggrid50-goal(3,3)",task1,330,7761920,0.9479590654373169,0.8523162829593915
baseline,29,"biggrid50-goal(3,3)",task1,340,7772160,0.9908162355422974,0.9739379685830718
baseline,29,"biggrid50-goal(3,3)",task1,350,7782400,0.9346936941146851,0.8146713144108261
baseline,29,"biggrid50-goal(3,3)",task1,360,7792640,0.988775372505188,0.9681463308689554
baseline,29,"biggrid50-goal(3,3)",task1,370,7802880,0.988775372505188,0.9681463308689554
baseline,29,"biggrid50-goal(3,3)",task1,380,7813120,0.9908162355422974,0.9739379685830718
baseline,29,"biggrid50-goal(3,3)",task1,390,7823360,0.8979590535163879,0.7104243727811972
baseline,29,"biggrid50-goal(3,3)",task1,400,7833600,0.9999998807907104,0.9999996617034046
baseline,30,"biggrid50-goal(9,10)",task1,10,7843840,0.8163264393806458,0.3333329727620095
baseline,30,"biggrid50-goal(9,10)",task1,20,7854080,0.8163264393806458,0.3333329727620095
baseline,30,"biggrid50-goal(9,10)",task1,30,7864320,0.8163264393806458,0.3333329727620095
baseline,30,"biggrid50-goal(9,10)",task1,40,7874560,0.8163264393806458,0.3333329727620095
baseline,30,"biggrid50-goal(9,10)",task1,50,7884800,0.8714284896850586,0.5333330160305684
baseline,30,"biggrid50-goal(9,10)",task1,60,7895040,0.8163264393806458,0.3333329727620095
baseline,30,"biggrid50-goal(9,10)",task1,70,7905280,0.9602039456367493,0.8555550555633199
baseline,30,"biggrid50-goal(9,10)",task1,80,7915520,0.9581630825996399,0.8481474782867554
baseline,30,"biggrid50-goal(9,10)",task1,90,7925760,0.9112244844436646,0.6777777441244542
baseline,30,"biggrid50-goal(9,10)",task1,100,7936000,0.8857141733169556,0.5851847589097535
baseline,30,"biggrid50-goal(9,10)",task1,110,7946240,0.883673369884491,0.5777773979759834
baseline,30,"biggrid50-goal(9,10)",task1,120,7956480,0.9540815353393555,0.8333329727620095
baseline,30,"biggrid50-goal(9,10)",task1,130,7966720,0.8632652163505554,0.5037033559526937
baseline,30,"biggrid50-goal(9,10)",task1,140,7976960,0.8357142210006714,0.4037034424898113
baseline,30,"biggrid50-goal(9,10)",task1,150,7987200,0.8397958874702454,0.41851838070014585
baseline,30,"biggrid50-goal(9,10)",task1,160,7997440,0.8255102038383484,0.36666663782096076
baseline,30,"biggrid50-goal(9,10)",task1,170,8007680,0.8142856359481812,0.3259256118282394
baseline,30,"biggrid50-goal(9,10)",task1,180,8017920,0.810204029083252,0.3111108899606992
baseline,30,"biggrid50-goal(9,10)",task1,190,8028160,0.8948978185653687,0.6185179912831161
baseline,30,"biggrid50-goal(9,10)",task1,200,8038400,0.9357141256332397,0.7666660753296956
baseline,30,"biggrid50-goal(9,10)",task1,210,8048640,0.8581631779670715,0.4851848454468712
baseline,30,"biggrid50-goal(9,10)",task1,220,8058880,0.8806121945381165,0.5666664647467253
baseline,30,"biggrid50-goal(9,10)",task1,230,8069120,0.8622447848320007,0.4999995673144114
baseline,30,"biggrid50-goal(9,10)",task1,240,8079360,0.8663264513015747,0.514814505524746
baseline,30,"biggrid50-goal(9,10)",task1,250,8089600,0.8642856478691101,0.5074071445909758
baseline,30,"biggrid50-goal(9,10)",task1,260,8099840,0.7806121706962585,0.20370339922125247
baseline,30,"biggrid50-goal(9,10)",task1,270,8110080,0.7897958755493164,0.23703684793740942
baseline,30,"biggrid50-goal(9,10)",task1,280,8120320,0.7479591965675354,0.08518519159534205
baseline,30,"biggrid50-goal(9,10)",task1,290,8130560,0.7887754440307617,0.23333305929912723
baseline,30,"biggrid50-goal(9,10)",task1,300,8140800,0.833673357963562,0.39629586521324695
baseline,30,"biggrid50-goal(9,10)",task1,310,8151040,0.8959182500839233,0.6222217799213984
baseline,30,"biggrid50-goal(9,10)",task1,320,8161280,0.8418366312980652,0.42592552529112165
baseline,30,"biggrid50-goal(9,10)",task1,330,8171520,0.8928570747375488,0.6111108466921403
baseline,30,"biggrid50-goal(9,10)",task1,340,8181760,0.8428570628166199,0.4296293139294039
baseline,30,"biggrid50-goal(9,10)",task1,350,8192000,0.8836733102798462,0.577777181633189
baseline,30,"biggrid50-goal(9,10)",task1,360,8202240,0.8867346048355103,0.5888885475480357
baseline,30,"biggrid50-goal(9,10)",task1,370,8212480,0.8357141613960266,0.40370322614701704
baseline,30,"biggrid50-goal(9,10)",task1,380,8222720,0.851020336151123,0.45925897400727866
baseline,30,"biggrid50-goal(9,10)",task1,390,8232960,0.8346937894821167,0.39999965385152914
baseline,30,"biggrid50-goal(9,10)",task1,400,8243200,0.8683673143386841,0.5222220828013103
baseline,30,"biggrid50-goal(9,10)",task1,410,8253440,0.8285714387893677,0.3777777873930131
baseline,30,"biggrid50-goal(9,10)",task1,420,8263680,0.8408161997795105,0.42222173665283946
baseline,30,"biggrid50-goal(9,10)",task1,430,8273920,0.8255101442337036,0.36666642147816647
baseline,30,"biggrid50-goal(9,10)",task1,440,8284160,0.820408046245575,0.34814769462954975
baseline,30,"biggrid50-goal(9,10)",task1,450,8294400,0.8244897127151489,0.3629626328398843
baseline,30,"biggrid50-goal(9,10)",task1,460,8304640,0.8306121826171875,0.3851849319839889
baseline,30,"biggrid50-goal(9,10)",task1,470,8314880,0.8591836094856262,0.4888886340851534
baseline,30,"biggrid50-goal(9,10)",task1,480,8325120,0.837755024433136,0.4111108034235815
baseline,30,"biggrid50-goal(9,10)",task1,490,8335360,0.827551007270813,0.37407399875473085
baseline,30,"biggrid50-goal(9,10)",task1,500,8345600,0.8530610799789429,0.46666611859825446
baseline,31,"biggrid50-goal(46,17)",task1,10,8355840,0.7612243890762329,0.15114867500673299
baseline,31,"biggrid50-goal(46,17)",task1,20,8366080,0.7510203123092651,0.11487300995675848
baseline,31,"biggrid50-goal(46,17)",task1,30,8376320,0.7948978543281555,0.27085841205075234
baseline,31,"biggrid50-goal(46,17)",task1,40,8386560,0.7469387054443359,0.10036282869497577
baseline,31,"biggrid50-goal(46,17)",task1,50,8396800,0.86530601978302,0.521160628032887
baseline,31,"biggrid50-goal(46,17)",task1,60,8407040,0.8663264513015747,0.5247882792960916
baseline,31,"biggrid50-goal(46,17)",task1,70,8417280,0.86530601978302,0.521160628032887
baseline,31,"biggrid50-goal(46,17)",task1,80,8427520,0.86530601978302,0.521160628032887
baseline,31,"biggrid50-goal(46,17)",task1,90,8437760,0.86530601978302,0.521160628032887
baseline,31,"biggrid50-goal(46,17)",task1,100,8448000,0.86530601978302,0.521160628032887
baseline,31,"biggrid50-goal(46,17)",task1,110,8458240,0.86530601978302,0.521160628032887
baseline,31,"biggrid50-goal(46,17)",task1,120,8468480,0.86530601978302,0.521160628032887
baseline,31,"biggrid50-goal(46,17)",task1,130,8478720,0.8663264513015747,0.5247882792960916
baseline,31,"biggrid50-goal(46,17)",task1,140,8488960,0.8663264513015747,0.5247882792960916
baseline,31,"biggrid50-goal(46,17)",task1,150,8499200,0.8673467636108398,0.5284155067682607
baseline,32,"biggrid50-goal(40,10)",task1,10,8509440,0.699999988079071,0.1369862896256567
baseline,32,"biggrid50-goal(40,10)",task1,20,8519680,0.6836735010147095,0.09001968422929726
baseline,32,"biggrid50-goal(40,10)",task1,30,8529920,0.6836735010147095,0.09001968422929726
baseline,32,"biggrid50-goal(40,10)",task1,40,8540160,0.6836735010147095,0.09001968422929726
baseline,32,"biggrid50-goal(40,10)",task1,50,8550400,0.6836735010147095,0.09001968422929726
baseline,32,"biggrid50-goal(40,10)",task1,60,8560640,0.6938775777816772,0.11937387690155142
baseline,32,"biggrid50-goal(40,10)",task1,70,8570880,0.6969388127326965,0.12818016899631007
baseline,32,"biggrid50-goal(40,10)",task1,80,8581120,0.6959183812141418,0.12524468114291984
baseline,32,"biggrid50-goal(40,10)",task1,90,8591360,0.6806122660636902,0.08121339213453863
baseline,32,"biggrid50-goal(40,10)",task1,100,8601600,0.7377551198005676,0.24559693968532667
baseline,32,"biggrid50-goal(40,10)",task1,110,8611840,0.714285671710968,0.17808209078064774
baseline,32,"biggrid50-goal(40,10)",task1,120,8622080,0.6928571462631226,0.1164383890481612
baseline,32,"biggrid50-goal(40,10)",task1,130,8632320,0.7295918464660645,0.22211355125444096
baseline,32,"biggrid50-goal(40,10)",task1,140,8642560,0.7908163070678711,0.3982387072879659
baseline,32,"biggrid50-goal(40,10)",task1,150,8652800,0.735714316368103,0.23972613544395824
baseline,32,"biggrid50-goal(40,10)",task1,160,8663040,0.7346938848495483,0.23679064759056803
baseline,32,"biggrid50-goal(40,10)",task1,170,8673280,0.7632652521133423,0.3189822499005501
baseline,32,"biggrid50-goal(40,10)",task1,180,8683520,0.7744897603988647,0.3512719304261944
baseline,32,"biggrid50-goal(40,10)",task1,190,8693760,0.741836667060852,0.25733837670265153
baseline,32,"biggrid50-goal(40,10)",task1,200,8704000,0.8071428537368774,0.4452054841497373
baseline,32,"biggrid50-goal(40,10)",task1,210,8714240,0.8071428537368774,0.4452054841497373
baseline,32,"biggrid50-goal(40,10)",task1,220,8724480,0.8071428537368774,0.4452054841497373
baseline,32,"biggrid50-goal(40,10)",task1,230,8734720,0.7785714268684387,0.36301371037434327
baseline,32,"biggrid50-goal(40,10)",task1,240,8744960,0.7142857313156128,0.17808226224605972
baseline,32,"biggrid50-goal(40,10)",task1,250,8755200,0.7142857313156128,0.17808226224605972
baseline,32,"biggrid50-goal(40,10)",task1,260,8765440,0.764285683631897,0.3219177377539403
baseline,32,"biggrid50-goal(40,10)",task1,270,8775680,0.7153061032295227,0.18101757863403795
baseline,32,"biggrid50-goal(40,10)",task1,280,8785920,0.7132652401924133,0.1751466029272575
baseline,32,"biggrid50-goal(40,10)",task1,290,8796160,0.7142857313156128,0.17808226224605972
baseline,32,"biggrid50-goal(40,10)",task1,300,8806400,0.7367346882820129,0.24266145183193646
baseline,32,"biggrid50-goal(40,10)",task1,310,8816640,0.7408162951469421,0.2544030603146733
baseline,32,"biggrid50-goal(40,10)",task1,320,8826880,0.7367346882820129,0.24266145183193646
baseline,32,"biggrid50-goal(40,10)",task1,330,8837120,0.7795917391777039,0.3659488552969095
baseline,32,"biggrid50-goal(40,10)",task1,340,8847360,0.7122448682785034,0.1722112865392793
baseline,32,"biggrid50-goal(40,10)",task1,350,8857600,0.6979591250419617,0.1311153139188763
baseline,32,"biggrid50-goal(40,10)",task1,360,8867840,0.6979591250419617,0.1311153139188763
baseline,32,"biggrid50-goal(40,10)",task1,370,8878080,0.6969387531280518,0.12817999753089807
baseline,32,"biggrid50-goal(40,10)",task1,380,8888320,0.7204081416130066,0.19569467497016502
baseline,32,"biggrid50-goal(40,10)",task1,390,8898560,0.7204081416130066,0.19569467497016502
baseline,32,"biggrid50-goal(40,10)",task1,400,8908800,0.7020407915115356,0.14285709386702514
baseline,32,"biggrid50-goal(40,10)",task1,410,8919040,0.7204081416130066,0.19569467497016502
baseline,32,"biggrid50-goal(40,10)",task1,420,8929280,0.7316327095031738,0.22798452696122137
baseline,32,"biggrid50-goal(40,10)",task1,430,8939520,0.7193877696990967,0.1927593585821868
baseline,32,"biggrid50-goal(40,10)",task1,440,8949760,0.7193877696990967,0.1927593585821868
baseline,32,"biggrid50-goal(40,10)",task1,450,8960000,0.7193877696990967,0.1927593585821868
baseline,32,"biggrid50-goal(40,10)",task1,460,8970240,0.777550995349884,0.36007822252095306
baseline,32,"biggrid50-goal(40,10)",task1,470,8980480,0.7540816068649292,0.29256354508168614
baseline,32,"biggrid50-goal(40,10)",task1,480,8990720,0.7581632733345032,0.304305325029835
baseline,32,"biggrid50-goal(40,10)",task1,490,9000960,0.7255102396011353,0.2103719427717041
baseline,32,"biggrid50-goal(40,10)",task1,500,9011200,0.7265306115150452,0.21330725915968232
baseline,33,"biggrid50-goal(46,38)",task1,10,9021440,0.8040815591812134,0.17596541776628913
baseline,33,"biggrid50-goal(46,38)",task1,20,9031680,0.8061224222183228,0.18454930457731253
baseline,33,"biggrid50-goal(46,38)",task1,30,9041920,0.8040815591812134,0.17596541776628913
baseline,33,"biggrid50-goal(46,38)",task1,40,9052160,0.8040815591812134,0.17596541776628913
baseline,33,"biggrid50-goal(46,38)",task1,50,9062400,0.8040815591812134,0.17596541776628913
baseline,33,"biggrid50-goal(46,38)",task1,60,9072640,0.8040815591812134,0.17596541776628913
baseline,33,"biggrid50-goal(46,38)",task1,70,9082880,0.8040815591812134,0.17596541776628913
baseline,33,"biggrid50-goal(46,38)",task1,80,9093120,0.8173469305038452,0.23175967924742577
baseline,33,"biggrid50-goal(46,38)",task1,90,9103360,0.8214284777641296,0.24892670077658605
baseline,33,"biggrid50-goal(46,38)",task1,100,9113600,0.8724489212036133,0.4635191077972227
baseline,33,"biggrid50-goal(46,38)",task1,110,9123840,0.827551007270813,0.27467811051202734
baseline,33,"biggrid50-goal(46,38)",task1,120,9134080,0.833673357963562,0.30042876815458214
baseline,33,"biggrid50-goal(46,38)",task1,130,9144320,0.823469340801239,0.2575105875876094
baseline,33,"biggrid50-goal(46,38)",task1,140,9154560,0.8489795923233032,0.3648069164467422
baseline,33,"biggrid50-goal(46,38)",task1,150,9164800,0.8214284777641296,0.24892670077658605
baseline,33,"biggrid50-goal(46,38)",task1,160,9175040,0.9244896769523621,0.6824029568281135
baseline,33,"biggrid50-goal(46,38)",task1,170,9185280,0.9295916557312012,0.7038619217627854
baseline,33,"biggrid50-goal(46,38)",task1,180,9195520,0.9469386339187622,0.7768234554707111
baseline,33,"biggrid50-goal(46,38)",task1,190,9205760,0.9581631422042847,0.8240338301408244
baseline,33,"biggrid50-goal(46,38)",task1,200,9216000,0.9561222791671753,0.815449943329801
baseline,33,"biggrid50-goal(46,38)",task1,210,9226240,0.9499998092651367,0.7896987842919885
baseline,33,"biggrid50-goal(46,38)",task1,220,9236480,0.9183672666549683,0.6566520484879298
baseline,33,"biggrid50-goal(46,38)",task1,230,9246720,0.9744895696640015,0.8927029190479807
baseline,33,"biggrid50-goal(46,38)",task1,240,9256960,0.925510048866272,0.6866946495359963
baseline,33,"biggrid50-goal(46,38)",task1,250,9267200,0.9540814161300659,0.8068660565187776
baseline,33,"biggrid50-goal(46,38)",task1,260,9277440,0.9234692454338074,0.6781110134226017
baseline,33,"biggrid50-goal(46,38)",task1,270,9287680,0.9540814161300659,0.8068660565187776
baseline,33,"biggrid50-goal(46,38)",task1,280,9297920,0.9306122064590454,0.7081543665635547
baseline,33,"biggrid50-goal(46,38)",task1,290,9308160,0.9030610918998718,0.5922741508933986
baseline,33,"biggrid50-goal(46,38)",task1,300,9318400,0.875510036945343,0.4763941859208713
baseline,34,"biggrid50-goal(27,31)",task1,10,9328640,0.8714284896850586,0.13895219128754085
baseline,34,"biggrid50-goal(27,31)",task1,20,9338880,0.8714284896850586,0.13895219128754085
baseline,34,"biggrid50-goal(27,31)",task1,30,9349120,0.8714284896850586,0.13895219128754085
baseline,34,"biggrid50-goal(27,31)",task1,40,9359360,0.8714284896850586,0.13895219128754085
baseline,34,"biggrid50-goal(27,31)",task1,50,9369600,0.7765306234359741,-0.49658206964714185
baseline,34,"biggrid50-goal(27,31)",task1,60,9379840,0.7765306234359741,-0.49658206964714185
baseline,34,"biggrid50-goal(27,31)",task1,70,9390080,0.7765306234359741,-0.49658206964714185
baseline,34,"biggrid50-goal(27,31)",task1,80,9400320,0.7979592084884644,-0.3530741015283987
baseline,34,"biggrid50-goal(27,31)",task1,90,9410560,0.8775509595870972,0.1799545819427097
baseline,34,"biggrid50-goal(27,31)",task1,100,9420800,0.8765305280685425,0.1731207171087323
baseline,34,"biggrid50-goal(27,31)",task1,110,9431040,0.837755024433136,-0.08656015896719225
baseline,34,"biggrid50-goal(27,31)",task1,120,9441280,0.8112245798110962,-0.26423545538408355
baseline,34,"biggrid50-goal(27,31)",task1,130,9451520,0.8295918703079224,-0.14122908176727259
baseline,34,"biggrid50-goal(27,31)",task1,140,9461760,0.8091837167739868,-0.27790318505203837
baseline,34,"biggrid50-goal(27,31)",task1,150,9472000,0.8316327333450317,-0.12756135209931777
baseline,34,"biggrid50-goal(27,31)",task1,160,9482240,0.8622447848320007,0.07744860530478757
baseline,34,"biggrid50-goal(27,31)",task1,170,9492480,0.8561223745346069,0.03644661382396651
baseline,34,"biggrid50-goal(27,31)",task1,180,9502720,0.8163264989852905,-0.23006772791158767
baseline,34,"biggrid50-goal(27,31)",task1,190,9512960,0.8183673024177551,-0.21640039741798064
baseline,34,"biggrid50-goal(27,31)",task1,200,9523200,0.827551007270813,-0.15489681143522738
baseline,34,"biggrid50-goal(27,31)",task1,210,9533440,0.8846938014030457,0.22779043825750817
baseline,34,"biggrid50-goal(27,31)",task1,220,9543680,0.8877549171447754,0.24829083523639703
baseline,34,"biggrid50-goal(27,31)",task1,230,9553920,0.9306120872497559,0.5353067714738834
baseline,34,"biggrid50-goal(27,31)",task1,240,9564160,0.9265305399894714,0.5079725096610171
baseline,34,"biggrid50-goal(27,31)",task1,250,9574400,0.9142856597900391,0.4259681275250272
baseline,34,"biggrid50-goal(27,31)",task1,260,9584640,0.9193876385688782,0.46013625417187093
baseline,34,"biggrid50-goal(27,31)",task1,270,9594880,0.9234692454338074,0.48747091515908497
baseline,34,"biggrid50-goal(27,31)",task1,280,9605120,0.925510048866272,0.5011382456526919
baseline,34,"biggrid50-goal(27,31)",task1,290,9615360,0.9193876385688782,0.46013625417187093
baseline,34,"biggrid50-goal(27,31)",task1,300,9625600,0.9214285016059875,0.4738039838398257
baseline,34,"biggrid50-goal(27,31)",task1,310,9635840,0.9244896769523621,0.4943047799930623
baseline,34,"biggrid50-goal(27,31)",task1,320,9646080,0.928571343421936,0.5216398401546242
baseline,34,"biggrid50-goal(27,31)",task1,330,9656320,0.921428382396698,0.47380318549113015
baseline,34,"biggrid50-goal(27,31)",task1,340,9666560,0.921428382396698,0.47380318549113015
baseline,34,"biggrid50-goal(27,31)",task1,350,9676800,0.928571343421936,0.5216398401546242
baseline,35,"biggrid50-goal(21,31)",task1,10,9687040,0.8040815591812134,0.19888696048914464
baseline,35,"biggrid50-goal(21,31)",task1,20,9697280,0.8040815591812134,0.19888696048914464
baseline,35,"biggrid50-goal(21,31)",task1,30,9707520,0.8040815591812134,0.19888696048914464
baseline,35,"biggrid50-goal(21,31)",task1,40,9717760,0.8040815591812134,0.19888696048914464
baseline,35,"biggrid50-goal(21,31)",task1,50,9728000,0.8040815591812134,0.19888696048914464
baseline,35,"biggrid50-goal(21,31)",task1,60,9738240,0.8255101442337036,0.2865087220347848
baseline,35,"biggrid50-goal(21,31)",task1,70,9748480,0.873469352722168,0.48261454609177334
baseline,35,"biggrid50-goal(21,31)",task1,80,9758720,0.8306121826171875,0.30737102300049307
baseline,35,"biggrid50-goal(21,31)",task1,90,9768960,0.8632652163505554,0.44088970043619313
baseline,35,"biggrid50-goal(21,31)",task1,100,9779200,0.8744896650314331,0.4867866163262531
baseline,35,"biggrid50-goal(21,31)",task1,110,9789440,0.827551007270813,0.29485383740039905
baseline,35,"biggrid50-goal(21,31)",task1,120,9799680,0.8285714387893677,0.2990263950832062
baseline,35,"biggrid50-goal(21,31)",task1,130,9809920,0.8295917510986328,0.3031984653176859
baseline,35,"biggrid50-goal(21,31)",task1,140,9820160,0.8255101442337036,0.2865087220347848
baseline,35,"biggrid50-goal(21,31)",task1,150,9830400,0.8387754559516907,0.340750753290459
baseline,35,"biggrid50-goal(21,31)",task1,160,9840640,0.8877550959587097,0.5410291350302547
baseline,35,"biggrid50-goal(21,31)",task1,170,9850880,0.8469387292861938,0.37413048358042494
baseline,35,"biggrid50-goal(21,31)",task1,180,9861120,0.8346937894821167,0.3240607662833942
baseline,35,"biggrid50-goal(21,31)",task1,190,9871360,0.8397958874702454,0.3449233109732661
baseline,35,"biggrid50-goal(21,31)",task1,200,9881600,0.8561223745346069,0.4116825278290343
baseline,35,"biggrid50-goal(21,31)",task1,210,9891840,0.8571428060531616,0.41585508551184147
baseline,35,"biggrid50-goal(21,31)",task1,220,9902080,0.8551019430160522,0.4075099701462272
baseline,35,"biggrid50-goal(21,31)",task1,230,9912320,0.8428570628166199,0.35744049657336013
baseline,35,"biggrid50-goal(21,31)",task1,240,9922560,0.8479591608047485,0.3783030412632321
baseline,35,"biggrid50-goal(21,31)",task1,250,9932800,0.8479591608047485,0.3783030412632321
baseline,35,"biggrid50-goal(21,31)",task1,260,9943040,0.8530610799789429,0.3991648547806129
baseline,35,"biggrid50-goal(21,31)",task1,270,9953280,0.8714284896850586,0.47426943072615907
baseline,35,"biggrid50-goal(21,31)",task1,280,9963520,0.9520407915115356,0.8038941759430115
baseline,35,"biggrid50-goal(21,31)",task1,290,9973760,0.964285671710968,0.8539636495158786
baseline,35,"biggrid50-goal(21,31)",task1,300,9984000,0.9336732625961304,0.7287891125491378
baseline,35,"biggrid50-goal(21,31)",task1,310,9994240,0.9418366551399231,0.7621693302874312
baseline,35,"biggrid50-goal(21,31)",task1,320,10004480,0.951020359992981,0.7997216182602043
baseline,35,"biggrid50-goal(21,31)",task1,330,10014720,0.9387754201889038,0.7496519009631735
baseline,35,"biggrid50-goal(21,31)",task1,340,10024960,0.9775508642196655,0.9082051933232252
baseline,35,"biggrid50-goal(21,31)",task1,350,10035200,0.9724489450454712,0.8873433798058444
baseline,35,"biggrid50-goal(21,31)",task1,360,10045440,0.9999998807907104,0.9999995125516725
baseline,35,"biggrid50-goal(21,31)",task1,370,10055680,0.9520407915115356,0.8038941759430115
baseline,35,"biggrid50-goal(21,31)",task1,380,10065920,0.9540815353393555,0.8122388038602982
baseline,35,"biggrid50-goal(21,31)",task1,390,10076160,0.964285671710968,0.8539636495158786
baseline,35,"biggrid50-goal(21,31)",task1,400,10086400,0.9622448086738586,0.8456185341502642
baseline,36,"biggrid50-goal(46,10)",task1,10,10096640,0.8163264393806458,0.5518670660436448
baseline,36,"biggrid50-goal(46,10)",task1,20,10106880,0.8163264393806458,0.5518670660436448
baseline,36,"biggrid50-goal(46,10)",task1,30,10117120,0.8163264393806458,0.5518670660436448
baseline,36,"biggrid50-goal(46,10)",task1,40,10127360,0.7806121110916138,0.46473004606931817
baseline,36,"biggrid50-goal(46,10)",task1,50,10137600,0.9275509119033813,0.8232362768940679
baseline,36,"biggrid50-goal(46,10)",task1,60,10147840,0.8163264393806458,0.5518670660436448
baseline,36,"biggrid50-goal(46,10)",task1,70,10158080,0.8173468708992004,0.5543567492009237
baseline,36,"biggrid50-goal(46,10)",task1,80,10168320,0.9265304803848267,0.820746593736789
baseline,36,"biggrid50-goal(46,10)",task1,90,10178560,0.8928570747375488,0.7385890855024383
baseline,36,"biggrid50-goal(46,10)",task1,100,10188800,0.9142856597900391,0.7908712684019507
baseline,36,"biggrid50-goal(46,10)",task1,110,10199040,0.8061224222183228,0.5269709615979461
baseline,36,"biggrid50-goal(46,10)",task1,120,10209280,0.9173468351364136,0.7983400270229511
baseline,36,"biggrid50-goal(46,10)",task1,130,10219520,0.9204080700874329,0.8058089310693698
baseline,36,"biggrid50-goal(46,10)",task1,140,10229760,0.8469386100769043,0.6265556702315769
baseline,36,"biggrid50-goal(46,10)",task1,150,10240000,0.8785713315010071,0.703734248427624
baseline,37,"biggrid50-goal(9,17)",task1,10,10250240,0.8193877339363098,0.3157217271834867
baseline,37,"biggrid50-goal(9,17)",task1,20,10260480,0.8193877339363098,0.3157217271834867
baseline,37,"biggrid50-goal(9,17)",task1,30,10270720,0.8193877339363098,0.3157217271834867
baseline,37,"biggrid50-goal(9,17)",task1,40,10280960,0.8193877339363098,0.3157217271834867
baseline,37,"biggrid50-goal(9,17)",task1,50,10291200,0.8193877339363098,0.3157217271834867
baseline,37,"biggrid50-goal(9,17)",task1,60,10301440,0.8999999165534973,0.6211337918868146
baseline,37,"biggrid50-goal(9,17)",task1,70,10311680,0.8173468708992004,0.30798959323420216
baseline,37,"biggrid50-goal(9,17)",task1,80,10321920,0.8469387292861938,0.4201030514604678
baseline,37,"biggrid50-goal(9,17)",task1,90,10332160,0.946938693523407,0.798968807930315
baseline,37,"biggrid50-goal(9,17)",task1,100,10342400,0.9663265347480774,0.8724227255185035
baseline,37,"biggrid50-goal(9,17)",task1,110,10352640,0.9163265228271484,0.6829897343727453
baseline,37,"biggrid50-goal(9,17)",task1,120,10362880,0.9489795565605164,0.8067009418795995
baseline,37,"biggrid50-goal(9,17)",task1,130,10373120,0.9061223864555359,0.64432974209133
baseline,37,"biggrid50-goal(9,17)",task1,140,10383360,0.8418366312980652,0.4007729424089256
baseline,37,"biggrid50-goal(9,17)",task1,150,10393600,0.9673468470573425,0.8762883408498076
baseline,37,"biggrid50-goal(9,17)",task1,160,10403840,0.9173469543457031,0.6868558013473876
baseline,37,"biggrid50-goal(9,17)",task1,170,10414080,0.9285714030265808,0.7293814089601071
baseline,37,"biggrid50-goal(9,17)",task1,180,10424320,0.8765305280685425,0.5322162838650644
baseline,37,"biggrid50-goal(9,17)",task1,190,10434560,0.9387754201889038,0.7680409495981843
baseline,37,"biggrid50-goal(9,17)",task1,200,10444800,0.9142856597900391,0.6752576004234608
baseline,38,"biggrid50-goal(33,24)",task1,10,10455040,0.851020336151123,0.29807668275164645
baseline,38,"biggrid50-goal(33,24)",task1,20,10465280,0.8397958874702454,0.2451922685381896
baseline,38,"biggrid50-goal(33,24)",task1,30,10475520,0.7938775420188904,0.0288462483560941
baseline,38,"biggrid50-goal(33,24)",task1,40,10485760,0.8469387292861938,0.2788460377339415
baseline,38,"biggrid50-goal(33,24)",task1,50,10496000,0.8408163189888,0.2500000702073842
baseline,38,"biggrid50-goal(33,24)",task1,60,10506240,0.8051019906997681,0.08173066256955094
baseline,38,"biggrid50-goal(33,24)",task1,70,10516480,0.8010203242301941,0.062499736722309296
baseline,38,"biggrid50-goal(33,24)",task1,80,10526720,0.86530601978302,0.36538422114315033
baseline,38,"biggrid50-goal(33,24)",task1,90,10536960,0.8785713315010071,0.42788423869499637
baseline,38,"biggrid50-goal(33,24)",task1,100,10547200,0.8489795923233032,0.28846164107233074
baseline,38,"biggrid50-goal(33,24)",task1,110,10557440,0.9071428179740906,0.5624998771370777
baseline,38,"biggrid50-goal(33,24)",task1,120,10567680,0.8612244725227356,0.3461538569549822
baseline,38,"biggrid50-goal(33,24)",task1,130,10577920,0.8755100965499878,0.41346111451694934
baseline,38,"biggrid50-goal(33,24)",task1,140,10588160,0.9061223864555359,0.557692075467883
baseline,38,"biggrid50-goal(33,24)",task1,150,10598400,0.9255102276802063,0.64903862220536
baseline,38,"biggrid50-goal(33,24)",task1,160,10608640,0.9102040529251099,0.5769230013151248
baseline,38,"biggrid50-goal(33,24)",task1,170,10618880,0.9714285135269165,0.8653843615579188
baseline,38,"biggrid50-goal(33,24)",task1,180,10629120,0.9683672785758972,0.8509612373798716
baseline,38,"biggrid50-goal(33,24)",task1,190,10639360,0.9316326379776001,0.6778845897319173
baseline,38,"biggrid50-goal(33,24)",task1,200,10649600,0.8765305280685425,0.4182689161861439
baseline,38,"biggrid50-goal(33,24)",task1,210,10659840,0.960204005241394,0.8124996665149251
baseline,38,"biggrid50-goal(33,24)",task1,220,10670080,0.9275509715080261,0.6586536638846756
baseline,38,"biggrid50-goal(33,24)",task1,230,10680320,0.9081631898880005,0.5673073979767356
baseline,38,"biggrid50-goal(33,24)",task1,240,10690560,0.9122447967529297,0.5865380429944405
baseline,38,"biggrid50-goal(33,24)",task1,250,10700800,0.9275509119033813,0.6586533830551389
baseline,39,"biggrid50-goal(40,17)",task1,10,10711040,0.7979591488838196,-0.06261120843046111
baseline,39,"biggrid50-goal(40,17)",task1,20,10721280,0.8551019430160522,0.2379249118169655
baseline,39,"biggrid50-goal(40,17)",task1,30,10731520,0.8316324949264526,0.1144899804260623
baseline,39,"biggrid50-goal(40,17)",task1,40,10741760,0.8316324949264526,0.1144899804260623
baseline,39,"biggrid50-goal(40,17)",task1,50,10752000,0.8316324949264526,0.1144899804260623
baseline,39,"biggrid50-goal(40,17)",task1,60,10762240,0.8316324949264526,0.1144899804260623
baseline,39,"biggrid50-goal(40,17)",task1,70,10772480,0.8316324949264526,0.1144899804260623
baseline,39,"biggrid50-goal(40,17)",task1,80,10782720,0.9214285016059875,0.5867620117644256
baseline,39,"biggrid50-goal(40,17)",task1,90,10792960,0.8642856478691101,0.28622557803305126
baseline,39,"biggrid50-goal(40,17)",task1,100,10803200,0.9214285016059875,0.5867620117644256
baseline,39,"biggrid50-goal(40,17)",task1,110,10813440,0.8428570628166199,0.17352433701279893
baseline,39,"biggrid50-goal(40,17)",task1,120,10823680,0.7969387173652649,-0.06797805361578654
baseline,39,"biggrid50-goal(40,17)",task1,130,10833920,0.9642855525016785,0.8121638668370348
baseline,39,"biggrid50-goal(40,17)",task1,140,10844160,0.9785712957382202,0.8872981320118521
baseline,39,"biggrid50-goal(40,17)",task1,150,10854400,0.8683673143386841,0.30769264529040524
baseline,39,"biggrid50-goal(40,17)",task1,160,10864640,0.8632652163505554,0.2808587328477258
baseline,39,"biggrid50-goal(40,17)",task1,170,10874880,0.8714284896850586,0.3237925538784861
baseline,39,"biggrid50-goal(40,17)",task1,180,10885120,0.873469352722168,0.33452624424913696
baseline,39,"biggrid50-goal(40,17)",task1,190,10895360,0.8724489212036133,0.32915939906381153
baseline,39,"biggrid50-goal(40,17)",task1,200,10905600,0.873469352722168,0.33452624424913696
baseline,40,"biggrid50-goal(40,38)",task1,10,10915840,0.7581632733345032,0.32156493240475215
baseline,40,"biggrid50-goal(40,38)",task1,20,10926080,0.7244898080825806,0.22709929854776814
baseline,40,"biggrid50-goal(40,38)",task1,30,10936320,0.7244898080825806,0.22709929854776814
baseline,40,"biggrid50-goal(40,38)",task1,40,10946560,0.7244898080825806,0.22709929854776814
baseline,40,"biggrid50-goal(40,38)",task1,50,10956800,0.7244898080825806,0.22709929854776814
baseline,40,"biggrid50-goal(40,38)",task1,60,10967040,0.7244898080825806,0.22709929854776814
baseline,40,"biggrid50-goal(40,38)",task1,70,10977280,0.7244898080825806,0.22709929854776814
baseline,40,"biggrid50-goal(40,38)",task1,80,10987520,0.7530611753463745,0.307251795433454
baseline,40,"biggrid50-goal(40,38)",task1,90,10997760,0.7377551198005676,0.2643130533655494
baseline,40,"biggrid50-goal(40,38)",task1,100,11008000,0.7561224699020386,0.3158397779431314
baseline,40,"biggrid50-goal(40,38)",task1,110,11018240,0.7448979616165161,0.28435117758697087
baseline,40,"biggrid50-goal(40,38)",task1,120,11028480,0.7428570985794067,0.27862585591385264
baseline,40,"biggrid50-goal(40,38)",task1,130,11038720,0.7295917868614197,0.24141210109607136
baseline,40,"biggrid50-goal(40,38)",task1,140,11048960,0.7622448801994324,0.3330152413279937
baseline,40,"biggrid50-goal(40,38)",task1,150,11059200,0.7785714268684387,0.3788168114439549
baseline,40,"biggrid50-goal(40,38)",task1,160,11069440,0.7418367266654968,0.275763362288791
baseline,40,"biggrid50-goal(40,38)",task1,170,11079680,0.768367350101471,0.3501908719243535
baseline,40,"biggrid50-goal(40,38)",task1,180,11089920,0.8551019430160522,0.5935111906294677
baseline,40,"biggrid50-goal(40,38)",task1,190,11100160,0.7744897603988647,0.36736633530921586
baseline,40,"biggrid50-goal(40,38)",task1,200,11110400,0.777550995349884,0.3759541506073958
baseline,40,"biggrid50-goal(40,38)",task1,210,11120640,0.7836734056472778,0.3931296139922581
baseline,40,"biggrid50-goal(40,38)",task1,220,11130880,0.8051019906997681,0.45324415386801997
baseline,40,"biggrid50-goal(40,38)",task1,230,11141120,0.8204081654548645,0.4961832303589195
baseline,40,"biggrid50-goal(40,38)",task1,240,11151360,0.8326530456542969,0.5305343243401416
baseline,40,"biggrid50-goal(40,38)",task1,250,11161600,0.791836678981781,0.4160303990502387
baseline,40,"biggrid50-goal(40,38)",task1,260,11171840,0.7816326022148132,0.38740445953063735
baseline,40,"biggrid50-goal(40,38)",task1,270,11182080,0.7999999523162842,0.4389311841082193
baseline,40,"biggrid50-goal(40,38)",task1,280,11192320,0.8204081654548645,0.4961832303589195
baseline,40,"biggrid50-goal(40,38)",task1,290,11202560,0.8030611872673035,0.44751899940639916
baseline,40,"biggrid50-goal(40,38)",task1,300,11212800,0.823469340801239,0.5047708784456019
baseline,40,"biggrid50-goal(40,38)",task1,310,11223040,0.8091835975646973,0.46469446279126153
baseline,40,"biggrid50-goal(40,38)",task1,320,11233280,0.7908162474632263,0.4131677382136796
baseline,40,"biggrid50-goal(40,38)",task1,330,11243520,0.7918366193771362,0.4160302318387412
baseline,40,"biggrid50-goal(40,38)",task1,340,11253760,0.7897958159446716,0.41030507737712046
baseline,40,"biggrid50-goal(40,38)",task1,350,11264000,0.787755012512207,0.40457992291549966
baseline,40,"biggrid50-goal(40,38)",task1,360,11274240,0.8071428537368774,0.4589694755411382
baseline,40,"biggrid50-goal(40,38)",task1,370,11284480,0.827551007270813,0.5162213545803409
baseline,40,"biggrid50-goal(40,38)",task1,380,11294720,0.8459182977676392,0.5677479119464255
baseline,40,"biggrid50-goal(40,38)",task1,390,11304960,0.9040815234184265,0.7309157337658537
baseline,40,"biggrid50-goal(40,38)",task1,400,11315200,0.8479591608047485,0.5734732336195437
baseline,40,"biggrid50-goal(40,38)",task1,410,11325440,0.8622449040412903,0.6135496492738841
baseline,40,"biggrid50-goal(40,38)",task1,420,11335680,0.8499999046325684,0.579198220869667
baseline,40,"biggrid50-goal(40,38)",task1,430,11345920,0.8520407676696777,0.5849235425427852
baseline,40,"biggrid50-goal(40,38)",task1,440,11356160,0.8173468708992004,0.48759524784924213
baseline,40,"biggrid50-goal(40,38)",task1,450,11366400,0.7816325426101685,0.38740429231913986
baseline,40,"biggrid50-goal(40,38)",task1,460,11376640,0.7622448205947876,0.3330150741164962
baseline,40,"biggrid50-goal(40,38)",task1,470,11386880,0.7275509834289551,0.23568694663445058
baseline,40,"biggrid50-goal(40,38)",task1,480,11397120,0.7214285135269165,0.2185113160380908
baseline,40,"biggrid50-goal(40,38)",task1,490,11407360,0.7224489450454712,0.2213739768746499
baseline,40,"biggrid50-goal(40,38)",task1,500,11417600,0.7265306115150452,0.23282445300938892
baseline,41,"biggrid50-goal(33,38)",task1,10,11427840,0.837755024433136,0.2912329882132504
baseline,41,"biggrid50-goal(33,38)",task1,20,11438080,0.837755024433136,0.2912329882132504
baseline,41,"biggrid50-goal(33,38)",task1,30,11448320,0.837755024433136,0.2912329882132504
baseline,41,"biggrid50-goal(33,38)",task1,40,11458560,0.837755024433136,0.2912329882132504
baseline,41,"biggrid50-goal(33,38)",task1,50,11468800,0.837755024433136,0.2912329882132504
baseline,41,"biggrid50-goal(33,38)",task1,60,11479040,0.837755024433136,0.2912329882132504
baseline,41,"biggrid50-goal(33,38)",task1,70,11489280,0.837755024433136,0.2912329882132504
baseline,41,"biggrid50-goal(33,38)",task1,80,11499520,0.837755024433136,0.2912329882132504
baseline,41,"biggrid50-goal(33,38)",task1,90,11509760,0.837755024433136,0.2912329882132504
baseline,41,"biggrid50-goal(33,38)",task1,100,11520000,0.9459182620048523,0.7637439822273095
baseline,41,"biggrid50-goal(33,38)",task1,110,11530240,0.8387754559516907,0.29569074227073094
baseline,41,"biggrid50-goal(33,38)",task1,120,11540480,0.9632652401924133,0.8395242389074962
baseline,41,"biggrid50-goal(33,38)",task1,130,11550720,0.8622449040412903,0.39821700253014
baseline,41,"biggrid50-goal(33,38)",task1,140,11560960,0.8744897842407227,0.4517087493057543
baseline,41,"biggrid50-goal(33,38)",task1,150,11571200,0.9428570866584778,0.7503712408205288
baseline,41,"biggrid50-goal(33,38)",task1,160,11581440,0.8755102157592773,0.45616650336323483
baseline,41,"biggrid50-goal(33,38)",task1,170,11591680,0.8714284896850586,0.4383354871333126
baseline,41,"biggrid50-goal(33,38)",task1,180,11601920,0.8581631779670715,0.38038598630021775
baseline,41,"biggrid50-goal(33,38)",task1,190,11612160,0.8653060793876648,0.4115897439369207
baseline,41,"biggrid50-goal(33,38)",task1,200,11622400,0.919387698173523,0.6478452409439502
baseline,42,"biggrid50-goal(9,45)",task1,10,11632640,0.7693877220153809,0.1995277894384472
baseline,42,"biggrid50-goal(9,45)",task1,20,11642880,0.7693877220153809,0.1995277894384472
baseline,42,"biggrid50-goal(9,45)",task1,30,11653120,0.8285713195800781,0.40495841778841846
baseline,42,"biggrid50-goal(9,45)",task1,40,11663360,0.8285713195800781,0.40495841778841846
baseline,42,"biggrid50-goal(9,45)",task1,50,11673600,0.8285713195800781,0.40495841778841846
baseline,42,"biggrid50-goal(9,45)",task1,60,11683840,0.8285713195800781,0.40495841778841846
baseline,42,"biggrid50-goal(9,45)",task1,70,11694080,0.8346937298774719,0.4262097550873219
baseline,42,"biggrid50-goal(9,45)",task1,80,11704320,0.9255101084709167,0.741440097388256
baseline,42,"biggrid50-goal(9,45)",task1,90,11714560,0.8306121826171875,0.4120424037801672
baseline,42,"biggrid50-goal(9,45)",task1,100,11724800,0.8336734771728516,0.4226683827677903
baseline,42,"biggrid50-goal(9,45)",task1,110,11735040,0.9877550005912781,0.9574967047258504
baseline,42,"biggrid50-goal(9,45)",task1,120,11745280,0.8520406484603882,0.4864221877723864
baseline,42,"biggrid50-goal(9,45)",task1,130,11755520,0.8428570628166199,0.45454528527008836
baseline,42,"biggrid50-goal(9,45)",task1,140,11765760,0.8336734771728516,0.4226683827677903
baseline,42,"biggrid50-goal(9,45)",task1,150,11776000,0.8785713911056519,0.5785123505282059
baseline,42,"biggrid50-goal(9,45)",task1,160,11786240,0.9020406603813171,0.6599759136200596
baseline,42,"biggrid50-goal(9,45)",task1,170,11796480,0.9081631898880005,0.6812276647031915
baseline,42,"biggrid50-goal(9,45)",task1,180,11806720,0.7826530933380127,0.24557287081635698
baseline,42,"biggrid50-goal(9,45)",task1,190,11816960,0.756122350692749,0.15348270806053746
baseline,42,"biggrid50-goal(9,45)",task1,200,11827200,0.7765305638313293,0.22432111973322502
baseline,42,"biggrid50-goal(9,45)",task1,210,11837440,0.7908161878585815,0.2739075734306664
baseline,42,"biggrid50-goal(9,45)",task1,220,11847680,0.7734693288803101,0.2136953476377162
baseline,42,"biggrid50-goal(9,45)",task1,230,11857920,0.7867346405982971,0.2597402221235117
baseline,42,"biggrid50-goal(9,45)",task1,240,11868160,0.7918366193771362,0.2774495664265408
baseline,42,"biggrid50-goal(9,45)",task1,250,11878400,0.8112243413925171,0.34474577821123975
baseline,42,"biggrid50-goal(9,45)",task1,260,11888640,0.8040815591812134,0.31995265480857615
baseline,42,"biggrid50-goal(9,45)",task1,270,11898880,0.8081631660461426,0.33412021300784517
baseline,42,"biggrid50-goal(9,45)",task1,280,11909120,0.8306121826171875,0.4120424037801672
baseline,42,"biggrid50-goal(9,45)",task1,290,11919360,0.7846938371658325,0.2526564430238772
baseline,42,"biggrid50-goal(9,45)",task1,300,11929600,0.7551019787788391,0.14994092195677733
baseline,42,"biggrid50-goal(9,45)",task1,310,11939840,0.7367346286773682,0.08618649627583849
baseline,42,"biggrid50-goal(9,45)",task1,320,11950080,0.7214285135269165,0.033057842690408505
baseline,42,"biggrid50-goal(9,45)",task1,330,11960320,0.7020407915115356,-0.03423836909429046
baseline,42,"biggrid50-goal(9,45)",task1,340,11970560,0.6948979496955872,-0.05903169938906828
baseline,42,"biggrid50-goal(9,45)",task1,350,11980800,0.6877551078796387,-0.08382502968384609
baseline,42,"biggrid50-goal(9,45)",task1,360,11991040,0.6867346167564392,-0.0873672295718347
baseline,42,"biggrid50-goal(9,45)",task1,370,12001280,0.7020407915115356,-0.03423836909429046
baseline,42,"biggrid50-goal(9,45)",task1,380,12011520,0.7132652997970581,0.004722726291870568
baseline,42,"biggrid50-goal(9,45)",task1,390,12021760,0.7551019787788391,0.14994092195677733
baseline,42,"biggrid50-goal(9,45)",task1,400,12032000,0.764285683631897,0.1818182382433039
baseline,42,"biggrid50-goal(9,45)",task1,410,12042240,0.7775509357452393,0.22786290583698515
baseline,42,"biggrid50-goal(9,45)",task1,420,12052480,0.7673469185829163,0.19244401033881273
baseline,42,"biggrid50-goal(9,45)",task1,430,12062720,0.7591835856437683,0.16410848015604632
baseline,42,"biggrid50-goal(9,45)",task1,440,12072960,0.7969387173652649,0.29515932451379834
baseline,42,"biggrid50-goal(9,45)",task1,450,12083200,0.7581631541252136,0.16056648716017194
baseline,42,"biggrid50-goal(9,45)",task1,460,12093440,0.7581631541252136,0.16056648716017194
baseline,42,"biggrid50-goal(9,45)",task1,470,12103680,0.7479591369628906,0.1251475916619995
baseline,42,"biggrid50-goal(9,45)",task1,480,12113920,0.7530611753463745,0.14285714285714285
baseline,42,"biggrid50-goal(9,45)",task1,490,12124160,0.7479591369628906,0.1251475916619995
baseline,42,"biggrid50-goal(9,45)",task1,500,12134400,0.7408162951469421,0.10035426136722171
baseline,43,"biggrid50-goal(9,38)",task1,10,12144640,0.833673357963562,0.4792328434578964
baseline,43,"biggrid50-goal(9,38)",task1,20,12154880,0.8397957682609558,0.49840205268812526
baseline,43,"biggrid50-goal(9,38)",task1,30,12165120,0.8346937894821167,0.4824278049737265
baseline,43,"biggrid50-goal(9,38)",task1,40,12175360,0.8346937894821167,0.4824278049737265
baseline,43,"biggrid50-goal(9,38)",task1,50,12185600,0.8357142210006714,0.48562276648955655
baseline,43,"biggrid50-goal(9,38)",task1,60,12195840,0.833673357963562,0.4792328434578964
baseline,43,"biggrid50-goal(9,38)",task1,70,12206080,0.8428571820259094,0.5079873104787833
baseline,43,"biggrid50-goal(9,38)",task1,80,12216320,0.8551018834114075,0.5463253556960733
baseline,43,"biggrid50-goal(9,38)",task1,90,12226560,0.833673357963562,0.4792328434578964
baseline,43,"biggrid50-goal(9,38)",task1,100,12236800,0.8346937894821167,0.4824278049737265
baseline,43,"biggrid50-goal(9,38)",task1,110,12247040,0.8346937894821167,0.4824278049737265
baseline,43,"biggrid50-goal(9,38)",task1,120,12257280,0.8346937894821167,0.4824278049737265
baseline,43,"biggrid50-goal(9,38)",task1,130,12267520,0.8346937894821167,0.4824278049737265
baseline,43,"biggrid50-goal(9,38)",task1,140,12277760,0.8551019430160522,0.5463255423176572
baseline,43,"biggrid50-goal(9,38)",task1,150,12288000,0.9765305519104004,0.926517378108579
baseline,43,"biggrid50-goal(9,38)",task1,160,12298240,0.9999998807907104,0.9999996267568323
baseline,43,"biggrid50-goal(9,38)",task1,170,12308480,0.8408161997795105,0.5015970142039554
baseline,43,"biggrid50-goal(9,38)",task1,180,12318720,0.833673357963562,0.4792328434578964
baseline,43,"biggrid50-goal(9,38)",task1,190,12328960,0.833673357963562,0.4792328434578964
baseline,43,"biggrid50-goal(9,38)",task1,200,12339200,0.8418366312980652,0.5047919757197854
baseline,43,"biggrid50-goal(9,38)",task1,210,12349440,0.8551019430160522,0.5463255423176572
baseline,43,"biggrid50-goal(9,38)",task1,220,12359680,0.8948979377746582,0.6709264287328562
baseline,43,"biggrid50-goal(9,38)",task1,230,12369920,0.8989794850349426,0.683705714931425
baseline,43,"biggrid50-goal(9,38)",task1,240,12380160,0.9061223268508911,0.706069885677484
baseline,43,"biggrid50-goal(9,38)",task1,250,12390400,0.8755100965499878,0.6102232796615878
baseline,43,"biggrid50-goal(9,38)",task1,260,12400640,0.9357141256332397,0.7987215301775499
baseline,43,"biggrid50-goal(9,38)",task1,270,12410880,0.9581630825996399,0.8690090039315569
baseline,43,"biggrid50-goal(9,38)",task1,280,12421120,0.9999998807907104,0.9999996267568323
baseline,43,"biggrid50-goal(9,38)",task1,290,12431360,0.9367344975471497,0.8019163050717961
baseline,43,"biggrid50-goal(9,38)",task1,300,12441600,0.9653061032295227,0.8913737345423675
baseline,43,"biggrid50-goal(9,38)",task1,310,12451840,0.9551019668579102,0.8594246792488183
baseline,43,"biggrid50-goal(9,38)",task1,320,12462080,0.951020359992981,0.8466452064286657
baseline,43,"biggrid50-goal(9,38)",task1,330,12472320,0.9438773989677429,0.824280662439439
baseline,43,"biggrid50-goal(9,38)",task1,340,12482560,0.9673468470573425,0.89776328433086
baseline,43,"biggrid50-goal(9,38)",task1,350,12492800,0.9704080820083618,0.9073479822567663
baseline,44,"biggrid50-goal(9,3)",task1,10,12503040,0.6224489808082581,-0.043232797892405424
baseline,44,"biggrid50-goal(9,3)",task1,20,12513280,0.6224489808082581,-0.043232797892405424
baseline,44,"biggrid50-goal(9,3)",task1,30,12523520,0.6224489808082581,-0.043232797892405424
baseline,44,"biggrid50-goal(9,3)",task1,40,12533760,0.6224489808082581,-0.043232797892405424
baseline,44,"biggrid50-goal(9,3)",task1,50,12544000,0.6224489808082581,-0.043232797892405424
baseline,44,"biggrid50-goal(9,3)",task1,60,12554240,0.6224489808082581,-0.043232797892405424
baseline,44,"biggrid50-goal(9,3)",task1,70,12564480,0.6224489808082581,-0.043232797892405424
baseline,44,"biggrid50-goal(9,3)",task1,80,12574720,0.6224489808082581,-0.043232797892405424
baseline,44,"biggrid50-goal(9,3)",task1,90,12584960,0.6224489808082581,-0.043232797892405424
baseline,44,"biggrid50-goal(9,3)",task1,100,12595200,0.6224489808082581,-0.043232797892405424
baseline,44,"biggrid50-goal(9,3)",task1,110,12605440,0.6244897842407227,-0.037593737297743846
baseline,44,"biggrid50-goal(9,3)",task1,120,12615680,0.6326530575752258,-0.015037330222097198
baseline,44,"biggrid50-goal(9,3)",task1,130,12625920,0.6755101680755615,0.10338360105379729
baseline,44,"biggrid50-goal(9,3)",task1,140,12636160,0.669387698173523,0.08646625457281222
baseline,44,"biggrid50-goal(9,3)",task1,150,12646400,0.6857142448425293,0.13157906872410552
baseline,44,"biggrid50-goal(9,3)",task1,160,12656640,0.6438775062561035,0.015977585397041645
baseline,44,"biggrid50-goal(9,3)",task1,170,12666880,0.701020359992981,0.17387227022956786
baseline,44,"biggrid50-goal(9,3)",task1,180,12677120,0.6326530575752258,-0.015037330222097198
baseline,44,"biggrid50-goal(9,3)",task1,190,12687360,0.6255101561546326,-0.03477428934891323
baseline,44,"biggrid50-goal(9,3)",task1,200,12697600,0.6346938610076904,-0.009398269627435622
baseline,44,"biggrid50-goal(9,3)",task1,210,12707840,0.6887754797935486,0.14003774196459806
baseline,44,"biggrid50-goal(9,3)",task1,220,12718080,0.6775509715080261,0.10902266164845886
baseline,44,"biggrid50-goal(9,3)",task1,230,12728320,0.6673468947410583,0.08082719397815064
baseline,44,"biggrid50-goal(9,3)",task1,240,12738560,0.6795917749404907,0.11466172224312045
baseline,44,"biggrid50-goal(9,3)",task1,250,12748800,0.7622449398040771,0.3430454056454179
baseline,44,"biggrid50-goal(9,3)",task1,260,12759040,0.8928570747375488,0.703947260067763
baseline,44,"biggrid50-goal(9,3)",task1,270,12769280,0.6959183812141418,0.1597747010914141
baseline,44,"biggrid50-goal(9,3)",task1,280,12779520,0.6561223864555359,0.04981211366201145
baseline,44,"biggrid50-goal(9,3)",task1,290,12789760,0.6887754201889038,0.14003757726759772
baseline,44,"biggrid50-goal(9,3)",task1,300,12800000,0.6571428179740906,0.05263172630784241
baseline,44,"biggrid50-goal(9,3)",task1,310,12810240,0.6602040529251099,0.061090399548334944
baseline,44,"biggrid50-goal(9,3)",task1,320,12820480,0.6602040529251099,0.061090399548334944
baseline,44,"biggrid50-goal(9,3)",task1,330,12830720,0.686734676361084,0.13439868136993646
baseline,44,"biggrid50-goal(9,3)",task1,340,12840960,0.6734693646430969,0.0977445404591357
baseline,44,"biggrid50-goal(9,3)",task1,350,12851200,0.767346978187561,0.357143139480572
baseline,44,"biggrid50-goal(9,3)",task1,360,12861440,0.7897959351539612,0.41917313541585005
baseline,44,"biggrid50-goal(9,3)",task1,370,12871680,0.7234693169593811,0.2359022661648459
baseline,44,"biggrid50-goal(9,3)",task1,380,12881920,0.7173469662666321,0.2189852490778615
baseline,44,"biggrid50-goal(9,3)",task1,390,12892160,0.7540816068649292,0.3204888338727709
baseline,44,"biggrid50-goal(9,3)",task1,400,12902400,0.8122448921203613,0.4812031313511281
baseline,44,"biggrid50-goal(9,3)",task1,410,12912640,0.7663265466690063,0.35432352683474105
baseline,44,"biggrid50-goal(9,3)",task1,420,12922880,0.7132652401924133,0.20770679849453766
baseline,44,"biggrid50-goal(9,3)",task1,430,12933120,0.7459182739257812,0.2979322621001239
baseline,44,"biggrid50-goal(9,3)",task1,440,12943360,0.6938775181770325,0.15413547579975218
baseline,44,"biggrid50-goal(9,3)",task1,450,12953600,0.7397958636283875,0.2810150803161392
baseline,44,"biggrid50-goal(9,3)",task1,460,12963840,0.8112244606018066,0.4783835187052971
baseline,44,"biggrid50-goal(9,3)",task1,470,12974080,0.6612244844436646,0.06391001219416591
baseline,44,"biggrid50-goal(9,3)",task1,480,12984320,0.6642856597900391,0.0723685207376581
baseline,44,"biggrid50-goal(9,3)",task1,490,12994560,0.6724489331245422,0.09492492781330475
baseline,44,"biggrid50-goal(9,3)",task1,500,13004800,0.7540815472602844,0.32048866917577057
baseline,45,"biggrid50-goal(40,24)",task1,10,13015040,0.8387754559516907,0.43436732616392415
baseline,45,"biggrid50-goal(40,24)",task1,20,13025280,0.8387754559516907,0.43436732616392415
baseline,45,"biggrid50-goal(40,24)",task1,30,13035520,0.8387754559516907,0.43436732616392415
baseline,45,"biggrid50-goal(40,24)",task1,40,13045760,0.8387754559516907,0.43436732616392415
baseline,45,"biggrid50-goal(40,24)",task1,50,13056000,0.8387754559516907,0.43436732616392415
baseline,45,"biggrid50-goal(40,24)",task1,60,13066240,0.8387754559516907,0.43436732616392415
baseline,45,"biggrid50-goal(40,24)",task1,70,13076480,0.8387754559516907,0.43436732616392415
baseline,45,"biggrid50-goal(40,24)",task1,80,13086720,0.8418366312980652,0.44510701103307204
baseline,45,"biggrid50-goal(40,24)",task1,90,13096960,0.9102040529251099,0.6849640856891263
baseline,45,"biggrid50-goal(40,24)",task1,100,13107200,0.9744895696640015,0.9105003955394277
baseline,45,"biggrid50-goal(40,24)",task1,110,13117440,0.9102040529251099,0.6849640856891263
baseline,45,"biggrid50-goal(40,24)",task1,120,13127680,0.946938693523407,0.8138421861463125
baseline,45,"biggrid50-goal(40,24)",task1,130,13137920,0.9418366551399231,0.7959424325455237
baseline,45,"biggrid50-goal(40,24)",task1,140,13148160,0.9561223983764648,0.8460618680962269
baseline,45,"biggrid50-goal(40,24)",task1,150,13158400,0.9091836214065552,0.6813840513233057
baseline,45,"biggrid50-goal(40,24)",task1,160,13168640,0.8979590535163879,0.6420043006417504
baseline,45,"biggrid50-goal(40,24)",task1,170,13178880,0.9153060913085938,0.7028638392899152
baseline,45,"biggrid50-goal(40,24)",task1,180,13189120,0.9132652282714844,0.6957037705582741
baseline,45,"biggrid50-goal(40,24)",task1,190,13199360,0.961224377155304,0.8639614125828589
baseline,45,"biggrid50-goal(40,24)",task1,200,13209600,0.9653061032295227,0.8782815500461411
baseline,46,"biggrid50-goal(33,31)",task1,10,13219840,0.86530601978302,0.3602580268184374
baseline,46,"biggrid50-goal(33,31)",task1,20,13230080,0.86530601978302,0.3602580268184374
baseline,46,"biggrid50-goal(33,31)",task1,30,13240320,0.86530601978302,0.3602580268184374
baseline,46,"biggrid50-goal(33,31)",task1,40,13250560,0.86530601978302,0.3602580268184374
baseline,46,"biggrid50-goal(33,31)",task1,50,13260800,0.86530601978302,0.3602580268184374
baseline,46,"biggrid50-goal(33,31)",task1,60,13271040,0.8846938014030457,0.45234215447750586
baseline,46,"biggrid50-goal(33,31)",task1,70,13281280,0.9346938133239746,0.6898220049791272
baseline,46,"biggrid50-goal(33,31)",task1,80,13291520,0.9826529622077942,0.9176085808128649
baseline,46,"biggrid50-goal(33,31)",task1,90,13301760,0.9071427583694458,0.5589656279424495
baseline,46,"biggrid50-goal(33,31)",task1,100,13312000,0.9499999284744263,0.7625198664004036
baseline,46,"biggrid50-goal(33,31)",task1,110,13322240,0.9071427583694458,0.5589656279424495
baseline,46,"biggrid50-goal(33,31)",task1,120,13332480,0.9224488139152527,0.6316632062657509
baseline,46,"biggrid50-goal(33,31)",task1,130,13342720,0.9173468351364136,0.6074308688899672
baseline,46,"biggrid50-goal(33,31)",task1,140,13352960,0.8785713315010071,0.42326289666980527
baseline,46,"biggrid50-goal(33,31)",task1,150,13363200,0.8663264513015747,0.3651046641523792
baseline,47,"biggrid50-goal(46,45)",task1,10,13373440,0.8030611276626587,0.5390124939151651
baseline,47,"biggrid50-goal(46,45)",task1,20,13383680,0.8030611276626587,0.5390124939151651
baseline,47,"biggrid50-goal(46,45)",task1,30,13393920,0.8030611276626587,0.5390124939151651
baseline,47,"biggrid50-goal(46,45)",task1,40,13404160,0.8030611276626587,0.5390124939151651
baseline,47,"biggrid50-goal(46,45)",task1,50,13414400,0.8030611276626587,0.5390124939151651
baseline,47,"biggrid50-goal(46,45)",task1,60,13424640,0.8030611276626587,0.5390124939151651
baseline,47,"biggrid50-goal(46,45)",task1,70,13434880,0.8030611276626587,0.5390124939151651
baseline,47,"biggrid50-goal(46,45)",task1,80,13445120,0.8040815591812134,0.5414010837110035
baseline,47,"biggrid50-goal(46,45)",task1,90,13455360,0.9153059720993042,0.8017512325583764
baseline,47,"biggrid50-goal(46,45)",task1,100,13465600,0.8173468708992004,0.5724520534547421
baseline,47,"biggrid50-goal(46,45)",task1,110,13475840,0.9561223983764648,0.8972928711058626
baseline,47,"biggrid50-goal(46,45)",task1,120,13486080,0.8163264989852905,0.5700636031793358
baseline,47,"biggrid50-goal(46,45)",task1,130,13496320,0.9999998807907104,0.999999720959136
baseline,47,"biggrid50-goal(46,45)",task1,140,13506560,0.9632652401924133,0.9140125811154352
baseline,47,"biggrid50-goal(46,45)",task1,150,13516800,0.9948979616165161,0.9880573300616722
baseline,47,"biggrid50-goal(46,45)",task1,160,13527040,0.9999998807907104,0.999999720959136
baseline,47,"biggrid50-goal(46,45)",task1,170,13537280,0.9030612111091614,0.7730891316513401
baseline,47,"biggrid50-goal(46,45)",task1,180,13547520,0.9999998807907104,0.999999720959136
baseline,47,"biggrid50-goal(46,45)",task1,190,13557760,0.9999998807907104,0.999999720959136
baseline,47,"biggrid50-goal(46,45)",task1,200,13568000,0.9999998807907104,0.999999720959136
baseline,47,"biggrid50-goal(46,45)",task1,210,13578240,0.9999998807907104,0.999999720959136
baseline,47,"biggrid50-goal(46,45)",task1,220,13588480,0.9999998807907104,0.999999720959136
baseline,47,"biggrid50-goal(46,45)",task1,230,13598720,0.9999998807907104,0.999999720959136
baseline,47,"biggrid50-goal(46,45)",task1,240,13608960,0.964285671710968,0.9164011709112735
baseline,47,"biggrid50-goal(46,45)",task1,250,13619200,0.9969387054443359,0.9928342306124849
baseline,48,"biggrid50-goal(3,38)",task1,10,13629440,0.8061223030090332,0.41658096104845566
baseline,48,"biggrid50-goal(3,38)",task1,20,13639680,0.8061223030090332,0.41658096104845566
baseline,48,"biggrid50-goal(3,38)",task1,30,13649920,0.8061223030090332,0.41658096104845566
baseline,48,"biggrid50-goal(3,38)",task1,40,13660160,0.8244897127151489,0.47185238568927224
baseline,48,"biggrid50-goal(3,38)",task1,50,13670400,0.8683671951293945,0.6038890202224604
baseline,48,"biggrid50-goal(3,38)",task1,60,13680640,0.7673468589782715,0.2998974402389402
baseline,48,"biggrid50-goal(3,38)",task1,70,13690880,0.7571427226066589,0.269191033428599
baseline,48,"biggrid50-goal(3,38)",task1,80,13701120,0.8061223030090332,0.41658096104845566
baseline,48,"biggrid50-goal(3,38)",task1,90,13711360,0.8234692811965942,0.4687816911993394
baseline,48,"biggrid50-goal(3,38)",task1,100,13721600,0.7999998331069946,0.3981571528348501
baseline,48,"biggrid50-goal(3,38)",task1,110,13731840,0.7999998331069946,0.3981571528348501
baseline,48,"biggrid50-goal(3,38)",task1,120,13742080,0.7489795684814453,0.24462637432411538
baseline,48,"biggrid50-goal(3,38)",task1,130,13752320,0.7306121587753296,0.18935494968329875
baseline,48,"biggrid50-goal(3,38)",task1,140,13762560,0.7571427226066589,0.269191033428599
baseline,48,"biggrid50-goal(3,38)",task1,150,13772800,0.7765304446220398,0.3275327938333567
baseline,48,"biggrid50-goal(3,38)",task1,160,13783040,0.7948979139328003,0.38280439783716924
baseline,48,"biggrid50-goal(3,38)",task1,170,13793280,0.7663264274597168,0.2968267457490073
baseline,48,"biggrid50-goal(3,38)",task1,180,13803520,0.7255101799964905,0.17400201532262202
baseline,48,"biggrid50-goal(3,38)",task1,190,13813760,0.696938693523407,0.08802436323446008
baseline,48,"biggrid50-goal(3,38)",task1,200,13824000,0.6306121945381165,-0.11156611517328438
baseline,48,"biggrid50-goal(3,38)",task1,210,13834240,0.6622449159622192,-0.016376558978319678
baseline,48,"biggrid50-goal(3,38)",task1,220,13844480,0.6499999761581421,-0.05322417540553077
baseline,48,"biggrid50-goal(3,38)",task1,230,13854720,0.6612244844436646,-0.01944725346825257
baseline,48,"biggrid50-goal(3,38)",task1,240,13864960,0.7244897484779358,0.1709313208326891
baseline,48,"biggrid50-goal(3,38)",task1,250,13875200,0.7489795684814453,0.24462637432411538
baseline,48,"biggrid50-goal(3,38)",task1,260,13885440,0.741836667060852,0.22313187162057696
baseline,48,"biggrid50-goal(3,38)",task1,270,13895680,0.7408162355422974,0.22006117713064405
baseline,48,"biggrid50-goal(3,38)",task1,280,13905920,0.7204080820083618,0.15864872223595344
baseline,48,"biggrid50-goal(3,38)",task1,290,13916160,0.7214285135269165,0.16171941672588636
baseline,48,"biggrid50-goal(3,38)",task1,300,13926400,0.7204080820083618,0.15864872223595344
baseline,48,"biggrid50-goal(3,38)",task1,310,13936640,0.6846937537193298,0.05117674680724899
baseline,48,"biggrid50-goal(3,38)",task1,320,13946880,0.6826530694961548,0.04503589591637093
baseline,48,"biggrid50-goal(3,38)",task1,330,13957120,0.6622448563575745,-0.016376738341315585
baseline,48,"biggrid50-goal(3,38)",task1,340,13967360,0.6428570747375488,-0.07471867810906921
baseline,48,"biggrid50-goal(3,38)",task1,350,13977600,0.640816330909729,-0.08085970836294318
baseline,48,"biggrid50-goal(3,38)",task1,360,13987840,0.6591836214065552,-0.025588642448118357
baseline,48,"biggrid50-goal(3,38)",task1,370,13998080,0.6969386339187622,0.08802418387146417
baseline,48,"biggrid50-goal(3,38)",task1,380,14008320,0.6663264632225037,-0.004094319107575827
baseline,48,"biggrid50-goal(3,38)",task1,390,14018560,0.6346938610076904,-0.09928351657654871
baseline,48,"biggrid50-goal(3,38)",task1,400,14028800,0.6357142329216003,-0.09621300144961173
baseline,48,"biggrid50-goal(3,38)",task1,410,14039040,0.6479591131210327,-0.05936556438539655
baseline,48,"biggrid50-goal(3,38)",task1,420,14049280,0.6357142329216003,-0.09621300144961173
baseline,48,"biggrid50-goal(3,38)",task1,430,14059520,0.6530611515045166,-0.0440124506617239
baseline,48,"biggrid50-goal(3,38)",task1,440,14069760,0.6530611515045166,-0.0440124506617239
baseline,48,"biggrid50-goal(3,38)",task1,450,14080000,0.6265305876731873,-0.12384853440702415
baseline,48,"biggrid50-goal(3,38)",task1,460,14090240,0.6642856001853943,-0.010235708087441613
baseline,48,"biggrid50-goal(3,38)",task1,470,14100480,0.6571427583694458,-0.03173003142798414
baseline,48,"biggrid50-goal(3,38)",task1,480,14110720,0.68265300989151,0.04503571655337502
baseline,48,"biggrid50-goal(3,38)",task1,490,14120960,0.6673468947410583,-0.0010236246176429334
baseline,48,"biggrid50-goal(3,38)",task1,500,14131200,0.6877549886703491,0.06038865091405177
baseline,49,"biggrid50-goal(46,3)",task1,10,14141440,0.7602039575576782,0.3234163194988675
baseline,49,"biggrid50-goal(46,3)",task1,20,14151680,0.7602039575576782,0.3234163194988675
baseline,49,"biggrid50-goal(46,3)",task1,30,14161920,0.7663264274597168,0.3406908465423029
baseline,49,"biggrid50-goal(46,3)",task1,40,14172160,0.8857141733169556,0.6775429466692409
baseline,49,"biggrid50-goal(46,3)",task1,50,14182400,0.7663264274597168,0.3406908465423029
baseline,49,"biggrid50-goal(46,3)",task1,60,14192640,0.7663264274597168,0.3406908465423029
baseline,49,"biggrid50-goal(46,3)",task1,70,14202880,0.7683672308921814,0.3464489661653503
baseline,49,"biggrid50-goal(46,3)",task1,80,14213120,0.883673369884491,0.6717848270461935
baseline,49,"biggrid50-goal(46,3)",task1,90,14223360,0.7918366193771362,0.41266776226612845
baseline,49,"biggrid50-goal(46,3)",task1,100,14233600,0.7765305638313293,0.3694817810061263
baseline,49,"biggrid50-goal(46,3)",task1,110,14243840,0.9999998807907104,0.9999996636514137
baseline,49,"biggrid50-goal(46,3)",task1,120,14254080,0.8551019430160522,0.5911706478006502
baseline,49,"biggrid50-goal(46,3)",task1,130,14264320,0.9999998807907104,0.9999996636514137
baseline,49,"biggrid50-goal(46,3)",task1,140,14274560,0.9999998807907104,0.9999996636514137
baseline,49,"biggrid50-goal(46,3)",task1,150,14284800,0.9999998807907104,0.9999996636514137
baseline,49,"biggrid50-goal(46,3)",task1,160,14295040,0.9999998807907104,0.9999996636514137
baseline,49,"biggrid50-goal(46,3)",task1,170,14305280,0.9999998807907104,0.9999996636514137
baseline,49,"biggrid50-goal(46,3)",task1,180,14315520,0.8959181904792786,0.706333544784478
baseline,49,"biggrid50-goal(46,3)",task1,190,14325760,0.8030611276626587,0.4443376724543289
baseline,49,"biggrid50-goal(46,3)",task1,200,14336000,0.9663263559341431,0.9049899330868122
baseline,49,"biggrid50-goal(46,3)",task1,210,14346240,0.8979590535163879,0.7120918325818185
baseline,49,"biggrid50-goal(46,3)",task1,220,14356480,0.8765304684638977,0.6516311561040877
baseline,49,"biggrid50-goal(46,3)",task1,230,14366720,0.9306120872497559,0.8042222510734565
baseline,49,"biggrid50-goal(46,3)",task1,240,14376960,0.9999998807907104,0.9999996636514137
baseline,49,"biggrid50-goal(46,3)",task1,250,14387200,0.9999998807907104,0.9999996636514137
