method,after_task,after_task_name,eval_task,eval_task_name,raw,normalized
finetune,0,"biggrid50-goal(40,31)",0,"biggrid50-goal(40,31)",0.9302720427513123,0.7835266961739528
finetune,1,"biggrid50-goal(9,31)",0,"biggrid50-goal(40,31)",0.7479591369628906,0.21752880087652146
finetune,1,"biggrid50-goal(9,31)",1,"biggrid50-goal(9,31)",0.9214284420013428,0.6219306884974707
finetune,2,"biggrid50-goal(15,31)",0,"biggrid50-goal(40,31)",0.7057822942733765,0.08658906246732798
finetune,2,"biggrid50-goal(15,31)",1,"biggrid50-goal(9,31)",0.9187074303627014,0.6088377701054352
finetune,2,"biggrid50-goal(15,31)",2,"biggrid50-goal(15,31)",0.9510202407836914,0.7650890809863272
finetune,3,"biggrid50-goal(9,24)",0,"biggrid50-goal(40,31)",0.7068026661872864,0.08975684893420519
finetune,3,"biggrid50-goal(9,24)",1,"biggrid50-goal(9,31)",0.9098638892173767,0.5662845664116208
finetune,3,"biggrid50-goal(9,24)",2,"biggrid50-goal(15,31)",0.9367345571517944,0.6965737774323213
finetune,3,"biggrid50-goal(9,24)",3,"biggrid50-goal(9,24)",0.9928569793701172,0.9529137190264487
finetune,4,"biggrid50-goal(21,17)",0,"biggrid50-goal(40,31)",0.8112244009971619,0.4139384084903117
finetune,4,"biggrid50-goal(21,17)",1,"biggrid50-goal(9,31)",0.8768706917762756,0.40752844958576806
finetune,4,"biggrid50-goal(21,17)",2,"biggrid50-goal(15,31)",0.8510202765464783,0.2854810985020764
finetune,4,"biggrid50-goal(21,17)",3,"biggrid50-goal(9,24)",0.8768705725669861,0.18833962316044658
finetune,4,"biggrid50-goal(21,17)",4,"biggrid50-goal(21,17)",0.818027138710022,0.3608122149640386
finetune,5,"biggrid50-goal(27,3)",0,"biggrid50-goal(40,31)",0.738095223903656,0.1869058781230287
finetune,5,"biggrid50-goal(27,3)",1,"biggrid50-goal(9,31)",0.7942176461219788,0.009819903897502907
finetune,5,"biggrid50-goal(27,3)",2,"biggrid50-goal(15,31)",0.7976190447807312,0.02936443661418212
finetune,5,"biggrid50-goal(27,3)",3,"biggrid50-goal(9,24)",0.8047618269920349,-0.28699606893991036
finetune,5,"biggrid50-goal(27,3)",4,"biggrid50-goal(21,17)",0.7557823061943054,0.14217446676566792
finetune,5,"biggrid50-goal(27,3)",5,"biggrid50-goal(27,3)",0.8540815114974976,0.5460313209990736
finetune,6,"biggrid50-goal(3,31)",0,"biggrid50-goal(40,31)",0.7285714745521545,0.15733900755520497
finetune,6,"biggrid50-goal(3,31)",1,"biggrid50-goal(9,31)",0.9132651686668396,0.5826507861028241
finetune,6,"biggrid50-goal(3,31)",2,"biggrid50-goal(15,31)",0.9125849008560181,0.580750056673477
finetune,6,"biggrid50-goal(3,31)",3,"biggrid50-goal(9,24)",0.9625848531723022,0.753362028827774
finetune,6,"biggrid50-goal(3,31)",4,"biggrid50-goal(21,17)",0.7710884809494019,0.19593808772392263
finetune,6,"biggrid50-goal(3,31)",5,"biggrid50-goal(27,3)",0.7350339293479919,0.17566102617698523
finetune,6,"biggrid50-goal(3,31)",6,"biggrid50-goal(3,31)",0.9795916080474854,0.9285706537113236
finetune,7,"biggrid50-goal(33,10)",0,"biggrid50-goal(40,31)",0.8673468232154846,0.5881727706557016
finetune,7,"biggrid50-goal(33,10)",1,"biggrid50-goal(9,31)",0.815646231174469,0.11292961183287091
finetune,7,"biggrid50-goal(33,10)",2,"biggrid50-goal(15,31)",0.7928570508956909,0.006525525648285974
finetune,7,"biggrid50-goal(33,10)",3,"biggrid50-goal(9,24)",0.8387755155563354,-0.06278026729636971
finetune,7,"biggrid50-goal(33,10)",4,"biggrid50-goal(21,17)",0.7683672308921814,0.18637957562341786
finetune,7,"biggrid50-goal(33,10)",5,"biggrid50-goal(27,3)",0.7724489569664001,0.29206334665757777
finetune,7,"biggrid50-goal(33,10)",6,"biggrid50-goal(3,31)",0.7853740453720093,0.2488094274487159
finetune,7,"biggrid50-goal(33,10)",7,"biggrid50-goal(33,10)",0.9591836333274841,0.8305082857968129
finetune,8,"biggrid50-goal(27,45)",0,"biggrid50-goal(40,31)",0.9190475344657898,0.7486797497228488
finetune,8,"biggrid50-goal(27,45)",1,"biggrid50-goal(9,31)",0.8585033416748047,0.31914874089897194
finetune,8,"biggrid50-goal(27,45)",2,"biggrid50-goal(15,31)",0.869387686252594,0.3735726931322037
finetune,8,"biggrid50-goal(27,45)",3,"biggrid50-goal(9,24)",0.8442175388336182,-0.026906839180154924
finetune,8,"biggrid50-goal(27,45)",4,"biggrid50-goal(21,17)",0.7438775300979614,0.10035841018212363
finetune,8,"biggrid50-goal(27,45)",5,"biggrid50-goal(27,3)",0.6965987086296082,0.056084771271257536
finetune,8,"biggrid50-goal(27,45)",6,"biggrid50-goal(3,31)",0.8806121349334717,0.5821426217045945
finetune,8,"biggrid50-goal(27,45)",7,"biggrid50-goal(33,10)",0.83299320936203,0.3064971349382102
finetune,8,"biggrid50-goal(27,45)",8,"biggrid50-goal(27,45)",0.7190475463867188,0.2170614690462222
finetune,9,"biggrid50-goal(21,45)",0,"biggrid50-goal(40,31)",0.778571367263794,0.31256572569400687
finetune,9,"biggrid50-goal(21,45)",1,"biggrid50-goal(9,31)",0.8659862875938416,0.35515505518981594
finetune,9,"biggrid50-goal(21,45)",2,"biggrid50-goal(15,31)",0.9268707036972046,0.649265931964956
finetune,9,"biggrid50-goal(21,45)",3,"biggrid50-goal(9,24)",0.8741495609283447,0.17040290910233918
finetune,9,"biggrid50-goal(21,45)",4,"biggrid50-goal(21,17)",0.7653061151504517,0.1756272701597091
finetune,9,"biggrid50-goal(21,45)",5,"biggrid50-goal(27,3)",0.6755101680755615,-0.009524028515712792
finetune,9,"biggrid50-goal(21,45)",6,"biggrid50-goal(3,31)",0.9149658679962158,0.7023806444237312
finetune,9,"biggrid50-goal(21,45)",7,"biggrid50-goal(33,10)",0.7765305638313293,0.07203357633123089
finetune,9,"biggrid50-goal(21,45)",8,"biggrid50-goal(27,45)",0.6955782175064087,0.15165879453776795
finetune,9,"biggrid50-goal(21,45)",9,"biggrid50-goal(21,45)",0.9564624428749084,0.8476185091902787
finetune,10,"biggrid50-goal(33,3)",0,"biggrid50-goal(40,31)",0.7537415027618408,0.23548039271744045
finetune,10,"biggrid50-goal(33,3)",1,"biggrid50-goal(9,31)",0.8071427941322327,0.07201291538632297
finetune,10,"biggrid50-goal(33,3)",2,"biggrid50-goal(15,31)",0.8003400564193726,0.042414630304544544
finetune,10,"biggrid50-goal(33,3)",3,"biggrid50-goal(9,24)",0.8268706798553467,-0.14125609255377458
finetune,10,"biggrid50-goal(33,3)",4,"biggrid50-goal(21,17)",0.7772108912467957,0.2174433267432534
finetune,10,"biggrid50-goal(33,3)",5,"biggrid50-goal(27,3)",0.7530611753463745,0.23174579744824275
finetune,10,"biggrid50-goal(33,3)",6,"biggrid50-goal(3,31)",0.7843536734580994,0.24523812702722775
finetune,10,"biggrid50-goal(33,3)",7,"biggrid50-goal(33,10)",0.9367345571517944,0.7372875335965033
finetune,10,"biggrid50-goal(33,3)",8,"biggrid50-goal(27,45)",0.6731292009353638,0.08909945458737266
finetune,10,"biggrid50-goal(33,3)",9,"biggrid50-goal(21,45)",0.75782310962677,0.1523806563444706
finetune,10,"biggrid50-goal(33,3)",10,"biggrid50-goal(33,3)",0.9081631898880005,0.6935298116861444
finetune,11,"biggrid50-goal(21,24)",0,"biggrid50-goal(40,31)",0.889115571975708,0.6557547442316365
finetune,11,"biggrid50-goal(21,24)",1,"biggrid50-goal(9,31)",0.845578134059906,0.25695544260551684
finetune,11,"biggrid50-goal(21,24)",2,"biggrid50-goal(15,31)",0.827551007270813,0.1729205693704799
finetune,11,"biggrid50-goal(21,24)",3,"biggrid50-goal(9,24)",0.8721086978912354,0.15694968596703882
finetune,11,"biggrid50-goal(21,24)",4,"biggrid50-goal(21,17)",0.7659863829612732,0.17801674116185698
finetune,11,"biggrid50-goal(21,24)",5,"biggrid50-goal(27,3)",0.7268706560134888,0.15026417311182796
finetune,11,"biggrid50-goal(21,24)",6,"biggrid50-goal(3,31)",0.8622447848320007,0.5178569193398049
finetune,11,"biggrid50-goal(21,24)",7,"biggrid50-goal(33,10)",0.919387698173523,0.6652539572652725
finetune,11,"biggrid50-goal(21,24)",8,"biggrid50-goal(27,45)",0.6761904954910278,0.09763045487373256
finetune,11,"biggrid50-goal(21,24)",9,"biggrid50-goal(21,45)",0.9003400206565857,0.6511899787399116
finetune,11,"biggrid50-goal(21,24)",10,"biggrid50-goal(33,3)",0.8721087574958801,0.5732119492594469
finetune,11,"biggrid50-goal(21,24)",11,"biggrid50-goal(21,24)",0.9312924146652222,0.6699341427098843
finetune,12,"biggrid50-goal(21,3)",0,"biggrid50-goal(40,31)",0.7564624547958374,0.24392769993240304
finetune,12,"biggrid50-goal(21,3)",1,"biggrid50-goal(9,31)",0.8261905312538147,0.16366649898155675
finetune,12,"biggrid50-goal(21,3)",2,"biggrid50-goal(15,31)",0.8176870346069336,0.1256121521656415
finetune,12,"biggrid50-goal(21,3)",3,"biggrid50-goal(9,24)",0.8615645170211792,0.08744320001257311
finetune,12,"biggrid50-goal(21,3)",4,"biggrid50-goal(21,17)",0.7802720665931702,0.22819584157093326
finetune,12,"biggrid50-goal(21,3)",5,"biggrid50-goal(27,3)",0.828911542892456,0.4677247437079476
finetune,12,"biggrid50-goal(21,3)",6,"biggrid50-goal(3,31)",0.8146257400512695,0.3511903222118656
finetune,12,"biggrid50-goal(21,3)",7,"biggrid50-goal(33,10)",0.9102039337158203,0.6271179812421431
finetune,12,"biggrid50-goal(21,3)",8,"biggrid50-goal(27,45)",0.6629251837730408,0.060663617476325475
finetune,12,"biggrid50-goal(21,3)",9,"biggrid50-goal(21,45)",0.7496597766876221,0.1238089833939329
finetune,12,"biggrid50-goal(21,3)",10,"biggrid50-goal(33,3)",0.8982992172241211,0.660612579955914
finetune,12,"biggrid50-goal(21,3)",11,"biggrid50-goal(21,24)",0.875850260257721,0.4035943763600962
finetune,12,"biggrid50-goal(21,3)",12,"biggrid50-goal(21,3)",0.959523618221283,0.8706515830243501
finetune,13,"biggrid50-goal(3,17)",0,"biggrid50-goal(40,31)",0.6853742003440857,0.023231297634069312
finetune,13,"biggrid50-goal(3,17)",1,"biggrid50-goal(9,31)",0.8979591131210327,0.5090013634692347
finetune,13,"biggrid50-goal(3,17)",2,"biggrid50-goal(15,31)",0.8874148726463318,0.4600325490143389
finetune,13,"biggrid50-goal(3,17)",3,"biggrid50-goal(9,24)",0.9534012675285339,0.6928244892666933
finetune,13,"biggrid50-goal(3,17)",4,"biggrid50-goal(21,17)",0.7755101919174194,0.2114695445558982
finetune,13,"biggrid50-goal(3,17)",5,"biggrid50-goal(27,3)",0.6897958517074585,0.0349203252707932
finetune,13,"biggrid50-goal(3,17)",6,"biggrid50-goal(3,31)",0.928571343421936,0.7499997913838179
finetune,13,"biggrid50-goal(3,17)",7,"biggrid50-goal(33,10)",0.8047618865966797,0.18926535563472052
finetune,13,"biggrid50-goal(3,17)",8,"biggrid50-goal(27,45)",0.6683673858642578,0.07582956337091447
finetune,13,"biggrid50-goal(3,17)",9,"biggrid50-goal(21,45)",0.77448970079422,0.210713741076698
finetune,13,"biggrid50-goal(3,17)",10,"biggrid50-goal(33,3)",0.7887753844261169,0.2951187260042749
finetune,13,"biggrid50-goal(3,17)",11,"biggrid50-goal(21,24)",0.8571427464485168,0.31372494559615166
finetune,13,"biggrid50-goal(3,17)",12,"biggrid50-goal(21,3)",0.8340135216712952,0.46956503354086293
finetune,13,"biggrid50-goal(3,17)",13,"biggrid50-goal(3,17)",0.919047474861145,0.6240120390738373
finetune,14,"biggrid50-goal(15,45)",0,"biggrid50-goal(40,31)",0.7721088528633118,0.29250258461694467
finetune,14,"biggrid50-goal(15,45)",1,"biggrid50-goal(9,31)",0.9132651090621948,0.582650499298189
finetune,14,"biggrid50-goal(15,45)",2,"biggrid50-goal(15,31)",0.95714271068573,0.7944529458630363
finetune,14,"biggrid50-goal(15,45)",3,"biggrid50-goal(9,24)",0.9003401398658752,0.3430493317590757
finetune,14,"biggrid50-goal(15,45)",4,"biggrid50-goal(21,17)",0.767346978187561,0.18279589253012382
finetune,14,"biggrid50-goal(15,45)",5,"biggrid50-goal(27,3)",0.6761905550956726,-0.007407268673289476
finetune,14,"biggrid50-goal(15,45)",6,"biggrid50-goal(3,31)",0.9632651805877686,0.8714281780380566
finetune,14,"biggrid50-goal(15,45)",7,"biggrid50-goal(33,10)",0.761904776096344,0.011299365109930704
finetune,14,"biggrid50-goal(15,45)",8,"biggrid50-goal(27,45)",0.6833333373069763,0.11753562390248083
finetune,14,"biggrid50-goal(15,45)",9,"biggrid50-goal(21,45)",0.9517005681991577,0.8309519433548298
finetune,14,"biggrid50-goal(15,45)",10,"biggrid50-goal(33,3)",0.7115646600723267,0.037457498401776805
finetune,14,"biggrid50-goal(15,45)",11,"biggrid50-goal(21,24)",0.8782312273979187,0.4150323559729699
finetune,14,"biggrid50-goal(15,45)",12,"biggrid50-goal(21,3)",0.7748298645019531,0.28043468074561323
finetune,14,"biggrid50-goal(15,45)",13,"biggrid50-goal(3,17)",0.788095235824585,0.01579796237125018
finetune,14,"biggrid50-goal(15,45)",14,"biggrid50-goal(15,45)",0.9527209401130676,0.814418621518204
finetune,15,"biggrid50-goal(3,24)",0,"biggrid50-goal(40,31)",0.7292516827583313,0.15945074183641314
finetune,15,"biggrid50-goal(3,24)",1,"biggrid50-goal(9,31)",0.9312924146652222,0.6693939875423539
finetune,15,"biggrid50-goal(3,24)",2,"biggrid50-goal(15,31)",0.9098638296127319,0.5676995771143781
finetune,15,"biggrid50-goal(3,24)",3,"biggrid50-goal(9,24)",0.9908162355422974,0.9394612817102567
finetune,15,"biggrid50-goal(3,24)",4,"biggrid50-goal(21,17)",0.7772108912467957,0.2174433267432534
finetune,15,"biggrid50-goal(3,24)",5,"biggrid50-goal(27,3)",0.6833333373069763,0.014814722783271237
finetune,15,"biggrid50-goal(3,24)",6,"biggrid50-goal(3,31)",0.9574828743934631,0.8511901135956835
finetune,15,"biggrid50-goal(3,24)",7,"biggrid50-goal(33,10)",0.7901359796524048,0.12853064939172973
finetune,15,"biggrid50-goal(3,24)",8,"biggrid50-goal(27,45)",0.6768707633018494,0.09952617734780236
finetune,15,"biggrid50-goal(3,24)",9,"biggrid50-goal(21,45)",0.8200680017471313,0.3702378371995847
finetune,15,"biggrid50-goal(3,24)",10,"biggrid50-goal(33,3)",0.7380951046943665,0.12599269849693423
finetune,15,"biggrid50-goal(3,24)",11,"biggrid50-goal(21,24)",0.8806121349334717,0.4264700492497996
finetune,15,"biggrid50-goal(3,24)",12,"biggrid50-goal(21,3)",0.7789114713668823,0.2934780745346584
finetune,15,"biggrid50-goal(3,24)",13,"biggrid50-goal(3,17)",0.8955782055854797,0.5150078704670069
finetune,15,"biggrid50-goal(3,24)",14,"biggrid50-goal(15,45)",0.9051019549369812,0.6275029566971091
finetune,15,"biggrid50-goal(3,24)",15,"biggrid50-goal(3,24)",0.9870746731758118,0.9448469736299299
finetune,16,"biggrid50-goal(3,10)",0,"biggrid50-goal(40,31)",0.7108843326568604,0.10242854993690889
finetune,16,"biggrid50-goal(3,10)",1,"biggrid50-goal(9,31)",0.9003399610519409,0.520457487809369
finetune,16,"biggrid50-goal(3,10)",2,"biggrid50-goal(15,31)",0.8639454245567322,0.34747116227653285
finetune,16,"biggrid50-goal(3,10)",3,"biggrid50-goal(9,24)",0.9561223387718201,0.7107615962343549
finetune,16,"biggrid50-goal(3,10)",4,"biggrid50-goal(21,17)",0.775170087814331,0.21027491373680982
finetune,16,"biggrid50-goal(3,10)",5,"biggrid50-goal(27,3)",0.7244898080825806,0.14285708987523077
finetune,16,"biggrid50-goal(3,10)",6,"biggrid50-goal(3,31)",0.8972787857055664,0.6404758785453277
finetune,16,"biggrid50-goal(3,10)",7,"biggrid50-goal(33,10)",0.8561223149299622,0.40254173837262114
finetune,16,"biggrid50-goal(3,10)",8,"biggrid50-goal(27,45)",0.6700679659843445,0.08056862040304326
finetune,16,"biggrid50-goal(3,10)",9,"biggrid50-goal(21,45)",0.7680271863937378,0.18809493460817373
finetune,16,"biggrid50-goal(3,10)",10,"biggrid50-goal(33,3)",0.8115645051002502,0.37116869002187586
finetune,16,"biggrid50-goal(3,10)",11,"biggrid50-goal(21,24)",0.86530601978302,0.3529406711716871
finetune,16,"biggrid50-goal(3,10)",12,"biggrid50-goal(21,3)",0.8377549648284912,0.4815213826096464
finetune,16,"biggrid50-goal(3,10)",13,"biggrid50-goal(3,17)",0.8918367028236389,0.4976302779606438
finetune,16,"biggrid50-goal(3,10)",14,"biggrid50-goal(15,45)",0.8013604879379272,0.22029341197582233
finetune,16,"biggrid50-goal(3,10)",15,"biggrid50-goal(3,24)",0.9156461358070374,0.6400577749766901
finetune,16,"biggrid50-goal(3,10)",16,"biggrid50-goal(3,10)",0.7571428418159485,0.2531382379088801
finetune,17,"biggrid50-goal(46,31)",0,"biggrid50-goal(40,31)",0.9653060436248779,0.8922911891347459
finetune,17,"biggrid50-goal(46,31)",1,"biggrid50-goal(9,31)",0.8363944888114929,0.21276573166443627
finetune,17,"biggrid50-goal(46,31)",2,"biggrid50-goal(15,31)",0.8510202765464783,0.2854810985020764
finetune,17,"biggrid50-goal(46,31)",3,"biggrid50-goal(9,24)",0.8377550840377808,-0.06950687886401989
finetune,17,"biggrid50-goal(46,31)",4,"biggrid50-goal(21,17)",0.7636053562164307,0.1696532786083828
finetune,17,"biggrid50-goal(46,31)",5,"biggrid50-goal(27,3)",0.75,0.22222213980591454
finetune,17,"biggrid50-goal(46,31)",6,"biggrid50-goal(3,31)",0.8411563634872437,0.4440474710294708
finetune,17,"biggrid50-goal(46,31)",7,"biggrid50-goal(33,10)",0.9088433980941772,0.6214682986871777
finetune,17,"biggrid50-goal(46,31)",8,"biggrid50-goal(27,45)",0.6836734414100647,0.11848340208850049
finetune,17,"biggrid50-goal(46,31)",9,"biggrid50-goal(21,45)",0.8227891325950623,0.37976179772186813
finetune,17,"biggrid50-goal(46,31)",10,"biggrid50-goal(33,3)",0.853741466999054,0.51191815028589
finetune,17,"biggrid50-goal(46,31)",11,"biggrid50-goal(21,24)",0.9125849604606628,0.5800649982819838
finetune,17,"biggrid50-goal(46,31)",12,"biggrid50-goal(21,3)",0.832312822341919,0.4641301908909195
finetune,17,"biggrid50-goal(46,31)",13,"biggrid50-goal(3,17)",0.7557823061943054,-0.13428101913550547
finetune,17,"biggrid50-goal(46,31)",14,"biggrid50-goal(15,45)",0.7928570508956909,0.18691543085891027
finetune,17,"biggrid50-goal(46,31)",15,"biggrid50-goal(3,24)",0.7914964556694031,0.1103047810598997
finetune,17,"biggrid50-goal(46,31)",16,"biggrid50-goal(3,10)",0.680272102355957,0.016736657837575268
finetune,17,"biggrid50-goal(46,31)",17,"biggrid50-goal(46,31)",0.8673468232154846,0.6165188949932007
finetune,18,"biggrid50-goal(46,24)",0,"biggrid50-goal(40,31)",0.8608842492103577,0.5681094445335745
finetune,18,"biggrid50-goal(46,24)",1,"biggrid50-goal(9,31)",0.8336734771728516,0.19967281327240075
finetune,18,"biggrid50-goal(46,24)",2,"biggrid50-goal(15,31)",0.80952388048172,0.08646099935708121
finetune,18,"biggrid50-goal(46,24)",3,"biggrid50-goal(9,24)",0.8350340127944946,-0.08744398583168148
finetune,18,"biggrid50-goal(46,24)",4,"biggrid50-goal(21,17)",0.7482993602752686,0.1158902857420414
finetune,18,"biggrid50-goal(46,24)",5,"biggrid50-goal(27,3)",0.734013557434082,0.17248653544177325
finetune,18,"biggrid50-goal(46,24)",6,"biggrid50-goal(3,31)",0.8350338339805603,0.42261862541963147
finetune,18,"biggrid50-goal(46,24)",7,"biggrid50-goal(33,10)",0.8891154527664185,0.5395471591076442
finetune,18,"biggrid50-goal(46,24)",8,"biggrid50-goal(27,45)",0.688095211982727,0.13080568122096953
finetune,18,"biggrid50-goal(46,24)",9,"biggrid50-goal(21,45)",0.8132652044296265,0.3464280402020324
finetune,18,"biggrid50-goal(46,24)",10,"biggrid50-goal(33,3)",0.806122362613678,0.35300762333568975
finetune,18,"biggrid50-goal(46,24)",11,"biggrid50-goal(21,24)",0.8697278499603271,0.3741827969304776
finetune,18,"biggrid50-goal(46,24)",12,"biggrid50-goal(21,3)",0.7574828863143921,0.22499978095296508
finetune,18,"biggrid50-goal(46,24)",13,"biggrid50-goal(3,17)",0.7493197321891785,-0.16429676006951924
finetune,18,"biggrid50-goal(46,24)",14,"biggrid50-goal(15,45)",0.7867346405982971,0.16288353713389306
finetune,18,"biggrid50-goal(46,24)",15,"biggrid50-goal(3,24)",0.7738094925880432,0.03483361081396183
finetune,18,"biggrid50-goal(46,24)",16,"biggrid50-goal(3,10)",0.6731292605400085,-0.005229816055504129
finetune,18,"biggrid50-goal(46,24)",17,"biggrid50-goal(46,31)",0.8343536257743835,0.5211403438034802
finetune,18,"biggrid50-goal(46,24)",18,"biggrid50-goal(46,24)",0.9248297810554504,0.795180331548313
finetune,19,"biggrid50-goal(3,45)",0,"biggrid50-goal(40,31)",0.7867345809936523,0.3379087576092844
finetune,19,"biggrid50-goal(3,45)",1,"biggrid50-goal(9,31)",0.9221087098121643,0.6252039897966383
finetune,19,"biggrid50-goal(3,45)",2,"biggrid50-goal(15,31)",0.9207481145858765,0.6199014953507738
finetune,19,"biggrid50-goal(3,45)",3,"biggrid50-goal(9,24)",0.9336735010147095,0.5627804637511468
finetune,19,"biggrid50-goal(3,45)",4,"biggrid50-goal(21,17)",0.7544217705726624,0.13739552476137218
finetune,19,"biggrid50-goal(3,45)",5,"biggrid50-goal(27,3)",0.6799318790435791,0.004232407064692928
finetune,19,"biggrid50-goal(3,45)",6,"biggrid50-goal(3,31)",0.9704080820083618,0.8964283240693841
finetune,19,"biggrid50-goal(3,45)",7,"biggrid50-goal(33,10)",0.7812923789024353,0.09180721776276432
finetune,19,"biggrid50-goal(3,45)",8,"biggrid50-goal(27,45)",0.6751700043678284,0.0947866220095821
finetune,19,"biggrid50-goal(3,45)",9,"biggrid50-goal(21,45)",0.8455781936645508,0.4595235328588425
finetune,19,"biggrid50-goal(3,45)",10,"biggrid50-goal(33,3)",0.7078230977058411,0.02497146669350594
finetune,19,"biggrid50-goal(3,45)",11,"biggrid50-goal(21,24)",0.863265335559845,0.3431373840339022
finetune,19,"biggrid50-goal(3,45)",12,"biggrid50-goal(21,3)",0.7557822465896606,0.2195651287787042
finetune,19,"biggrid50-goal(3,45)",13,"biggrid50-goal(3,17)",0.8425169587135315,0.2685623151076978
finetune,19,"biggrid50-goal(3,45)",14,"biggrid50-goal(15,45)",0.9017006158828735,0.614151904627655
finetune,19,"biggrid50-goal(3,45)",15,"biggrid50-goal(3,24)",0.9306122064590454,0.7039187589621665
finetune,19,"biggrid50-goal(3,45)",16,"biggrid50-goal(3,10)",0.7163265347480774,0.12761532045935717
finetune,19,"biggrid50-goal(3,45)",17,"biggrid50-goal(46,31)",0.7551020383834839,0.2920354927709739
finetune,19,"biggrid50-goal(3,45)",18,"biggrid50-goal(46,24)",0.7030611634254456,0.1909174283170057
finetune,19,"biggrid50-goal(3,45)",19,"biggrid50-goal(3,45)",0.926870584487915,0.7862818173504449
finetune,20,"biggrid50-goal(21,10)",0,"biggrid50-goal(40,31)",0.7360544204711914,0.1805701201442093
finetune,20,"biggrid50-goal(21,10)",1,"biggrid50-goal(9,31)",0.8401361107826233,0.23076960582144576
finetune,20,"biggrid50-goal(21,10)",2,"biggrid50-goal(15,31)",0.8085033297538757,0.08156635485057784
finetune,20,"biggrid50-goal(21,10)",3,"biggrid50-goal(9,24)",0.8925169110298157,0.2914791669531632
finetune,20,"biggrid50-goal(21,10)",4,"biggrid50-goal(21,17)",0.7982991933822632,0.29151692780983723
finetune,20,"biggrid50-goal(21,10)",5,"biggrid50-goal(27,3)",0.7479591369628906,0.215872787462106
finetune,20,"biggrid50-goal(21,10)",6,"biggrid50-goal(3,31)",0.8384352326393127,0.4345235164677442
finetune,20,"biggrid50-goal(21,10)",7,"biggrid50-goal(33,10)",0.9289114475250244,0.70480173515003
finetune,20,"biggrid50-goal(21,10)",8,"biggrid50-goal(27,45)",0.6680271029472351,0.07488128687880333
finetune,20,"biggrid50-goal(21,10)",9,"biggrid50-goal(21,45)",0.7710884213447571,0.19880925981054717
finetune,20,"biggrid50-goal(21,10)",10,"biggrid50-goal(33,3)",0.8921767473220825,0.6401811810262761
finetune,20,"biggrid50-goal(21,10)",11,"biggrid50-goal(21,24)",0.9037414193153381,0.5375813194364907
finetune,20,"biggrid50-goal(21,10)",12,"biggrid50-goal(21,3)",0.9527209997177124,0.848912783851624
finetune,20,"biggrid50-goal(21,10)",13,"biggrid50-goal(3,17)",0.8867346048355103,0.4739333344037685
finetune,20,"biggrid50-goal(21,10)",14,"biggrid50-goal(15,45)",0.7829931974411011,0.148197496838586
finetune,20,"biggrid50-goal(21,10)",15,"biggrid50-goal(3,24)",0.8319727778434753,0.28301930461472413
finetune,20,"biggrid50-goal(21,10)",16,"biggrid50-goal(3,10)",0.7384353876113892,0.19560696184549395
finetune,20,"biggrid50-goal(21,10)",17,"biggrid50-goal(46,31)",0.7030611038208008,0.14159269467573973
finetune,20,"biggrid50-goal(21,10)",18,"biggrid50-goal(46,24)",0.7431972026824951,0.30027789538783956
finetune,20,"biggrid50-goal(21,10)",19,"biggrid50-goal(3,45)",0.6959183216094971,0.11133183237454873
finetune,20,"biggrid50-goal(21,10)",20,"biggrid50-goal(21,10)",0.7547618746757507,0.08964603972718674
finetune,21,"biggrid50-goal(40,3)",0,"biggrid50-goal(40,31)",0.7877550721168518,0.3410769141662915
finetune,21,"biggrid50-goal(40,3)",1,"biggrid50-goal(9,31)",0.7887755036354065,-0.01636650649583818
finetune,21,"biggrid50-goal(40,3)",2,"biggrid50-goal(15,31)",0.7877550721168518,-0.017943980590656265
finetune,21,"biggrid50-goal(40,3)",3,"biggrid50-goal(9,24)",0.8071428537368774,-0.2713005109788752
finetune,21,"biggrid50-goal(40,3)",4,"biggrid50-goal(21,17)",0.7591836452484131,0.15412182177640724
finetune,21,"biggrid50-goal(40,3)",5,"biggrid50-goal(27,3)",0.852040708065033,0.5396821540919573
finetune,21,"biggrid50-goal(40,3)",6,"biggrid50-goal(3,31)",0.7091835737228394,-0.01785712795598699
finetune,21,"biggrid50-goal(40,3)",7,"biggrid50-goal(33,10)",0.9068025946617126,0.6129937748547297
finetune,21,"biggrid50-goal(40,3)",8,"biggrid50-goal(27,45)",0.6513605713844299,0.028436169315108176
finetune,21,"biggrid50-goal(40,3)",9,"biggrid50-goal(21,45)",0.7180271148681641,0.013094637329928159
finetune,21,"biggrid50-goal(40,3)",10,"biggrid50-goal(33,3)",0.94931960105896,0.8308735746773022
finetune,21,"biggrid50-goal(40,3)",11,"biggrid50-goal(21,24)",0.8153060674667358,0.11274481731760394
finetune,21,"biggrid50-goal(40,3)",12,"biggrid50-goal(21,3)",0.9489794373512268,0.8369560538314755
finetune,21,"biggrid50-goal(40,3)",13,"biggrid50-goal(3,17)",0.8054420351982117,0.09636602017917978
finetune,21,"biggrid50-goal(40,3)",14,"biggrid50-goal(15,45)",0.7336734533309937,-0.04539404496051303
finetune,21,"biggrid50-goal(40,3)",15,"biggrid50-goal(3,24)",0.7557823061943054,-0.042089309594623946
finetune,21,"biggrid50-goal(40,3)",16,"biggrid50-goal(3,10)",0.6986393332481384,0.07322164074457653
finetune,21,"biggrid50-goal(40,3)",17,"biggrid50-goal(46,31)",0.7010203003883362,0.13569302778231523
finetune,21,"biggrid50-goal(40,3)",18,"biggrid50-goal(46,24)",0.8044216632843018,0.4670989303358115
finetune,21,"biggrid50-goal(40,3)",19,"biggrid50-goal(3,45)",0.5969387292861938,-0.17793259620870006
finetune,21,"biggrid50-goal(40,3)",20,"biggrid50-goal(21,10)",0.7506802082061768,0.07449439383127839
finetune,21,"biggrid50-goal(40,3)",21,"biggrid50-goal(40,3)",0.9897956848144531,0.9737296957555045
finetune,22,"biggrid50-goal(15,38)",0,"biggrid50-goal(40,31)",0.7346938848495483,0.17634628149166306
finetune,22,"biggrid50-goal(15,38)",1,"biggrid50-goal(9,31)",0.9261903166770935,0.6448437975916441
finetune,22,"biggrid50-goal(15,38)",2,"biggrid50-goal(15,31)",0.9217686057090759,0.6247958539885407
finetune,22,"biggrid50-goal(15,38)",3,"biggrid50-goal(9,24)",0.9870746731758118,0.9147971702653908
finetune,22,"biggrid50-goal(15,38)",4,"biggrid50-goal(21,17)",0.7812925577163696,0.2317803621201117
finetune,22,"biggrid50-goal(15,38)",5,"biggrid50-goal(27,3)",0.698639452457428,0.062433752741681496
finetune,22,"biggrid50-goal(15,38)",6,"biggrid50-goal(3,31)",0.9897956848144531,0.9642849096232976
finetune,22,"biggrid50-goal(15,38)",7,"biggrid50-goal(33,10)",0.8105441927909851,0.21327663024874594
finetune,22,"biggrid50-goal(15,38)",8,"biggrid50-goal(27,45)",0.6721087694168091,0.08625578782525269
finetune,22,"biggrid50-goal(15,38)",9,"biggrid50-goal(21,45)",0.820408046245575,0.371427993263362
finetune,22,"biggrid50-goal(15,38)",10,"biggrid50-goal(33,3)",0.7510203719139099,0.1691258285996621
finetune,22,"biggrid50-goal(15,38)",11,"biggrid50-goal(21,24)",0.8894557356834412,0.4689540144313366
finetune,22,"biggrid50-goal(15,38)",12,"biggrid50-goal(21,3)",0.7999999523162842,0.3608695138717725
finetune,22,"biggrid50-goal(15,38)",13,"biggrid50-goal(3,17)",0.8653059601783752,0.37440694660761553
finetune,22,"biggrid50-goal(15,38)",14,"biggrid50-goal(15,45)",0.8472788333892822,0.40053366774328264
finetune,22,"biggrid50-goal(15,38)",15,"biggrid50-goal(3,24)",0.9714285731315613,0.8780842696714944
finetune,22,"biggrid50-goal(15,38)",16,"biggrid50-goal(3,10)",0.7040815949440002,0.08995829858215179
finetune,22,"biggrid50-goal(15,38)",17,"biggrid50-goal(46,31)",0.7299319505691528,0.21927241749357462
finetune,22,"biggrid50-goal(15,38)",18,"biggrid50-goal(46,24)",0.7153061032295227,0.22428176523256016
finetune,22,"biggrid50-goal(15,38)",19,"biggrid50-goal(3,45)",0.8418366312980652,0.5377730358705923
finetune,22,"biggrid50-goal(15,38)",20,"biggrid50-goal(21,10)",0.7574828863143921,0.0997467682248884
finetune,22,"biggrid50-goal(15,38)",21,"biggrid50-goal(40,3)",0.6670067310333252,0.14273184157287921
finetune,22,"biggrid50-goal(15,38)",22,"biggrid50-goal(15,38)",0.9411563873291016,0.6621090053313994
finetune,23,"biggrid50-goal(40,45)",0,"biggrid50-goal(40,31)",0.8244897127151489,0.45512111292023505
finetune,23,"biggrid50-goal(40,45)",1,"biggrid50-goal(9,31)",0.8380951285362244,0.22094884151003788
finetune,23,"biggrid50-goal(40,45)",2,"biggrid50-goal(15,31)",0.8462584018707275,0.26264275927365327
finetune,23,"biggrid50-goal(40,45)",3,"biggrid50-goal(9,24)",0.8051019906997681,-0.2847537341141756
finetune,23,"biggrid50-goal(40,45)",4,"biggrid50-goal(21,17)",0.7479591965675354,0.11469544555898191
finetune,23,"biggrid50-goal(40,45)",5,"biggrid50-goal(27,3)",0.6676871180534363,-0.033862408941312254
finetune,23,"biggrid50-goal(40,45)",6,"biggrid50-goal(3,31)",0.7942175269126892,0.27976160177173554
finetune,23,"biggrid50-goal(40,45)",7,"biggrid50-goal(33,10)",0.7874148488044739,0.11723103677095371
finetune,23,"biggrid50-goal(40,45)",8,"biggrid50-goal(27,45)",0.6826530694961548,0.11563990142841102
finetune,23,"biggrid50-goal(40,45)",9,"biggrid50-goal(21,45)",0.9472788572311401,0.8154759508157836
finetune,23,"biggrid50-goal(40,45)",10,"biggrid50-goal(33,3)",0.7251700162887573,0.08286016511724215
finetune,23,"biggrid50-goal(40,45)",11,"biggrid50-goal(21,24)",0.8598639369010925,0.3267973313480701
finetune,23,"biggrid50-goal(40,45)",12,"biggrid50-goal(21,3)",0.6897959113121033,0.008695786335045964
finetune,23,"biggrid50-goal(40,45)",13,"biggrid50-goal(3,17)",0.7193877696990967,-0.3033172232837371
finetune,23,"biggrid50-goal(40,45)",14,"biggrid50-goal(15,45)",0.8561223745346069,0.43524663708604777
finetune,23,"biggrid50-goal(40,45)",15,"biggrid50-goal(3,24)",0.7605442404747009,-0.021769894038515633
finetune,23,"biggrid50-goal(40,45)",16,"biggrid50-goal(3,10)",0.6656462550163269,-0.02824239980203283
finetune,23,"biggrid50-goal(40,45)",17,"biggrid50-goal(46,31)",0.7615645527839661,0.3107176851126242
finetune,23,"biggrid50-goal(40,45)",18,"biggrid50-goal(46,24)",0.7829931378364563,0.40871166554849137
finetune,23,"biggrid50-goal(40,45)",19,"biggrid50-goal(3,45)",0.8312923908233643,0.5069578584772961
finetune,23,"biggrid50-goal(40,45)",20,"biggrid50-goal(21,10)",0.7367346286773682,0.02272669443476433
finetune,23,"biggrid50-goal(40,45)",21,"biggrid50-goal(40,3)",0.6636054515838623,0.1339754826861509
finetune,23,"biggrid50-goal(40,45)",22,"biggrid50-goal(15,38)",0.8840135335922241,0.3339840855488172
finetune,23,"biggrid50-goal(40,45)",23,"biggrid50-goal(40,45)",0.8625848889350891,0.6666663293004577
finetune,24,"biggrid50-goal(15,17)",0,"biggrid50-goal(40,31)",0.7986393570899963,0.37486762338666146
finetune,24,"biggrid50-goal(15,17)",1,"biggrid50-goal(9,31)",0.9040815830230713,0.5384613619663785
finetune,24,"biggrid50-goal(15,17)",2,"biggrid50-goal(15,31)",0.8690475225448608,0.3719412402529481
finetune,24,"biggrid50-goal(15,17)",3,"biggrid50-goal(9,24)",0.9013605713844299,0.3497759433267259
finetune,24,"biggrid50-goal(15,17)",4,"biggrid50-goal(21,17)",0.8183672428131104,0.362006845783127
finetune,24,"biggrid50-goal(15,17)",5,"biggrid50-goal(27,3)",0.7445577383041382,0.20529065718022
finetune,24,"biggrid50-goal(15,17)",6,"biggrid50-goal(3,31)",0.9517006278038025,0.8309522577694924
finetune,24,"biggrid50-goal(15,17)",7,"biggrid50-goal(33,10)",0.8724488615989685,0.470338424053896
finetune,24,"biggrid50-goal(15,17)",8,"biggrid50-goal(27,45)",0.6710883378982544,0.08341212106313273
finetune,24,"biggrid50-goal(15,17)",9,"biggrid50-goal(21,45)",0.8200680017471313,0.3702378371995847
finetune,24,"biggrid50-goal(15,17)",10,"biggrid50-goal(33,3)",0.8431971669197083,0.4767305863122079
finetune,24,"biggrid50-goal(15,17)",11,"biggrid50-goal(21,24)",0.9465985894203186,0.7434638071240408
finetune,24,"biggrid50-goal(15,17)",12,"biggrid50-goal(21,3)",0.8615645170211792,0.5576084178061239
finetune,24,"biggrid50-goal(15,17)",13,"biggrid50-goal(3,17)",0.7826530337333679,-0.009478611320738002
finetune,24,"biggrid50-goal(15,17)",14,"biggrid50-goal(15,45)",0.8136054277420044,0.2683576673502262
finetune,24,"biggrid50-goal(15,17)",15,"biggrid50-goal(3,24)",0.8363944888114929,0.30188697000818454
finetune,24,"biggrid50-goal(15,17)",16,"biggrid50-goal(3,10)",0.6840136051177979,0.02824294971083962
finetune,24,"biggrid50-goal(15,17)",17,"biggrid50-goal(46,31)",0.7636054158210754,0.3166175243144366
finetune,24,"biggrid50-goal(15,17)",18,"biggrid50-goal(46,24)",0.786394476890564,0.417979446687562
finetune,24,"biggrid50-goal(15,17)",19,"biggrid50-goal(3,45)",0.8020407557487488,0.4214709686409936
finetune,24,"biggrid50-goal(15,17)",20,"biggrid50-goal(21,10)",0.7534013986587524,0.08459578610820707
finetune,24,"biggrid50-goal(15,17)",21,"biggrid50-goal(40,3)",0.8119046688079834,0.515761568754542
finetune,24,"biggrid50-goal(15,17)",22,"biggrid50-goal(15,38)",0.9244897365570068,0.5664059892933919
finetune,24,"biggrid50-goal(15,17)",23,"biggrid50-goal(40,45)",0.7013605237007141,0.2755775396229383
finetune,24,"biggrid50-goal(15,17)",24,"biggrid50-goal(15,17)",0.9629250764846802,0.802535676904845
finetune,25,"biggrid50-goal(15,24)",0,"biggrid50-goal(40,31)",0.8047617673873901,0.3938748973231196
finetune,25,"biggrid50-goal(15,24)",1,"biggrid50-goal(9,31)",0.9295918345451355,0.6612111645013873
finetune,25,"biggrid50-goal(15,24)",2,"biggrid50-goal(15,31)",0.9251700043678284,0.6411092393061508
finetune,25,"biggrid50-goal(15,24)",3,"biggrid50-goal(9,24)",0.9585031867027283,0.7264559754667275
finetune,25,"biggrid50-goal(15,24)",4,"biggrid50-goal(21,17)",0.7744897603988647,0.20788523337069084
finetune,25,"biggrid50-goal(15,24)",5,"biggrid50-goal(27,3)",0.7115646004676819,0.10264532859011
finetune,25,"biggrid50-goal(15,24)",6,"biggrid50-goal(3,31)",0.938775360584259,0.7857138386796098
finetune,25,"biggrid50-goal(15,24)",7,"biggrid50-goal(33,10)",0.8105441927909851,0.21327663024874594
finetune,25,"biggrid50-goal(15,24)",8,"biggrid50-goal(27,45)",0.6748300194740295,0.09383917602762343
finetune,25,"biggrid50-goal(15,24)",9,"biggrid50-goal(21,45)",0.8506801724433899,0.4773804633743814
finetune,25,"biggrid50-goal(15,24)",10,"biggrid50-goal(33,3)",0.7894557118415833,0.29738905824772677
finetune,25,"biggrid50-goal(15,24)",11,"biggrid50-goal(21,24)",0.9306121468544006,0.6666661894399267
finetune,25,"biggrid50-goal(15,24)",12,"biggrid50-goal(21,3)",0.8010203242301941,0.36413026708119256
finetune,25,"biggrid50-goal(15,24)",13,"biggrid50-goal(3,17)",0.8068026304244995,0.10268537122969196
finetune,25,"biggrid50-goal(15,24)",14,"biggrid50-goal(15,45)",0.864625871181488,0.46862485216514455
finetune,25,"biggrid50-goal(15,24)",15,"biggrid50-goal(3,24)",0.9054421186447144,0.5965167152194183
finetune,25,"biggrid50-goal(15,24)",16,"biggrid50-goal(3,10)",0.6965986490249634,0.06694589813855868
finetune,25,"biggrid50-goal(15,24)",17,"biggrid50-goal(46,31)",0.7574828863143921,0.2989181790173873
finetune,25,"biggrid50-goal(15,24)",18,"biggrid50-goal(46,24)",0.762584924697876,0.3531044914917173
finetune,25,"biggrid50-goal(15,24)",19,"biggrid50-goal(3,45)",0.8306121826171875,0.5049699735662868
finetune,25,"biggrid50-goal(15,24)",20,"biggrid50-goal(21,10)",0.755442202091217,0.09217149842629008
finetune,25,"biggrid50-goal(15,24)",21,"biggrid50-goal(40,3)",0.6921768188476562,0.20753049319427258
finetune,25,"biggrid50-goal(15,24)",22,"biggrid50-goal(15,38)",0.986394464969635,0.9218744812606978
finetune,25,"biggrid50-goal(15,24)",23,"biggrid50-goal(40,45)",0.7251700758934021,0.33333338152850606
finetune,25,"biggrid50-goal(15,24)",24,"biggrid50-goal(15,17)",0.9476190209388733,0.721014270761938
finetune,25,"biggrid50-goal(15,24)",25,"biggrid50-goal(15,24)",0.9136054515838623,0.4607218304487945
finetune,26,"biggrid50-goal(21,38)",0,"biggrid50-goal(40,31)",0.8278911113739014,0.4656808945966656
finetune,26,"biggrid50-goal(21,38)",1,"biggrid50-goal(9,31)",0.9193876385688782,0.6121107845999678
finetune,26,"biggrid50-goal(21,38)",2,"biggrid50-goal(15,31)",0.9108842015266418,0.572593364014672
finetune,26,"biggrid50-goal(21,38)",3,"biggrid50-goal(9,24)",0.893197238445282,0.2959638366046328
finetune,26,"biggrid50-goal(21,38)",4,"biggrid50-goal(21,17)",0.7486394047737122,0.11708470719715867
finetune,26,"biggrid50-goal(21,38)",5,"biggrid50-goal(27,3)",0.6765305995941162,-0.0063493523438085285
finetune,26,"biggrid50-goal(21,38)",6,"biggrid50-goal(3,31)",0.8853740692138672,0.5988093857254795
finetune,26,"biggrid50-goal(21,38)",7,"biggrid50-goal(33,10)",0.7758502960205078,0.06920873505374822
finetune,26,"biggrid50-goal(21,38)",8,"biggrid50-goal(27,45)",0.6884353756904602,0.13175362550901967
finetune,26,"biggrid50-goal(21,38)",9,"biggrid50-goal(21,45)",0.9119046330451965,0.6916661329566001
finetune,26,"biggrid50-goal(21,38)",10,"biggrid50-goal(33,3)",0.7363945245742798,0.12031766351901896
finetune,26,"biggrid50-goal(21,38)",11,"biggrid50-goal(21,24)",0.8761904239654541,0.40522849616309703
finetune,26,"biggrid50-goal(21,38)",12,"biggrid50-goal(21,3)",0.7326529622077942,0.14565199254706748
finetune,26,"biggrid50-goal(21,38)",13,"biggrid50-goal(3,17)",0.7414965033531189,-0.200632128890732
finetune,26,"biggrid50-goal(21,38)",14,"biggrid50-goal(15,45)",0.8741496205329895,0.5060077979596158
finetune,26,"biggrid50-goal(21,38)",15,"biggrid50-goal(3,24)",0.8435373902320862,0.332366093342347
finetune,26,"biggrid50-goal(21,38)",16,"biggrid50-goal(3,10)",0.6690475940704346,-0.017782217782217783
finetune,26,"biggrid50-goal(21,38)",17,"biggrid50-goal(46,31)",0.7639455199241638,0.3176007159758134
finetune,26,"biggrid50-goal(21,38)",18,"biggrid50-goal(46,24)",0.7353741526603699,0.27896207997170214
finetune,26,"biggrid50-goal(21,38)",19,"biggrid50-goal(3,45)",0.8942175507545471,0.6908544578040421
finetune,26,"biggrid50-goal(21,38)",20,"biggrid50-goal(21,10)",0.7404761910438538,0.03661583224086336
finetune,26,"biggrid50-goal(21,38)",21,"biggrid50-goal(40,3)",0.6448978781700134,0.08581412777679572
finetune,26,"biggrid50-goal(21,38)",22,"biggrid50-goal(15,38)",0.9448978900909424,0.683593411749888
finetune,26,"biggrid50-goal(21,38)",23,"biggrid50-goal(40,45)",0.8095237016677856,0.5379535539264945
finetune,26,"biggrid50-goal(21,38)",24,"biggrid50-goal(15,17)",0.8935374021530151,0.43297078387444854
finetune,26,"biggrid50-goal(21,38)",25,"biggrid50-goal(15,24)",0.8887754082679749,0.3057317233789398
finetune,26,"biggrid50-goal(21,38)",26,"biggrid50-goal(21,38)",0.9241495728492737,0.625209659335057
finetune,27,"biggrid50-goal(33,17)",0,"biggrid50-goal(40,31)",0.8976189494132996,0.682153828332583
finetune,27,"biggrid50-goal(33,17)",1,"biggrid50-goal(9,31)",0.8425168991088867,0.242225443356945
finetune,27,"biggrid50-goal(33,17)",2,"biggrid50-goal(15,31)",0.8244897723197937,0.15823863693212534
finetune,27,"biggrid50-goal(33,17)",3,"biggrid50-goal(9,24)",0.8292517066001892,-0.12556053459273941
finetune,27,"biggrid50-goal(33,17)",4,"biggrid50-goal(21,17)",0.7942177057266235,0.2771805205248922
finetune,27,"biggrid50-goal(33,17)",5,"biggrid50-goal(27,3)",0.7547618746757507,0.23703686258918577
finetune,27,"biggrid50-goal(33,17)",6,"biggrid50-goal(3,31)",0.7860543131828308,0.251190363935102
finetune,27,"biggrid50-goal(33,17)",7,"biggrid50-goal(33,10)",0.9078229665756226,0.617230913015531
finetune,27,"biggrid50-goal(33,17)",8,"biggrid50-goal(27,45)",0.6863945722579956,0.12606645808681025
finetune,27,"biggrid50-goal(33,17)",9,"biggrid50-goal(21,45)",0.8013604879379272,0.30476152130525386
finetune,27,"biggrid50-goal(33,17)",10,"biggrid50-goal(33,3)",0.861224353313446,0.5368894180717173
finetune,27,"biggrid50-goal(33,17)",11,"biggrid50-goal(21,24)",0.8942176103591919,0.49182968732104
finetune,27,"biggrid50-goal(33,17)",12,"biggrid50-goal(21,3)",0.8367345929145813,0.47826062940022634
finetune,27,"biggrid50-goal(33,17)",13,"biggrid50-goal(3,17)",0.7646259069442749,-0.09320648307226712
finetune,27,"biggrid50-goal(33,17)",14,"biggrid50-goal(15,45)",0.7891156673431396,0.17222962452578788
finetune,27,"biggrid50-goal(33,17)",15,"biggrid50-goal(3,24)",0.7748298048973083,0.03918733528561684
finetune,27,"biggrid50-goal(33,17)",16,"biggrid50-goal(3,10)",0.6761904358863831,0.004184256110861616
finetune,27,"biggrid50-goal(33,17)",17,"biggrid50-goal(46,31)",0.7874149680137634,0.3854474883295529
finetune,27,"biggrid50-goal(33,17)",18,"biggrid50-goal(46,24)",0.8690475225448608,0.6431879088303042
finetune,27,"biggrid50-goal(33,17)",19,"biggrid50-goal(3,45)",0.6857143044471741,0.08151094582177494
finetune,27,"biggrid50-goal(33,17)",20,"biggrid50-goal(21,10)",0.7493197321891785,0.06944414021229872
finetune,27,"biggrid50-goal(33,17)",21,"biggrid50-goal(40,3)",0.8557822108268738,0.6287212683892129
finetune,27,"biggrid50-goal(33,17)",22,"biggrid50-goal(15,38)",0.8605442643165588,0.19921916579361595
finetune,27,"biggrid50-goal(33,17)",23,"biggrid50-goal(40,45)",0.7568026185035706,0.41006578351904377
finetune,27,"biggrid50-goal(33,17)",24,"biggrid50-goal(15,17)",0.9054421782493591,0.4963766747185006
finetune,27,"biggrid50-goal(33,17)",25,"biggrid50-goal(15,24)",0.8571428060531616,0.1082797760826973
finetune,27,"biggrid50-goal(33,17)",26,"biggrid50-goal(21,38)",0.8506802320480347,0.26218468634963477
finetune,27,"biggrid50-goal(33,17)",27,"biggrid50-goal(33,17)",0.9799318313598633,0.9233760875259699
finetune,28,"biggrid50-goal(27,17)",0,"biggrid50-goal(40,31)",0.8503400087356567,0.5353744174087436
finetune,28,"biggrid50-goal(27,17)",1,"biggrid50-goal(9,31)",0.8530612587928772,0.29296261731026585
finetune,28,"biggrid50-goal(27,17)",2,"biggrid50-goal(15,31)",0.8292516469955444,0.18107697616054846
finetune,28,"biggrid50-goal(27,17)",3,"biggrid50-goal(9,24)",0.8666666150093079,0.12107586494126985
finetune,28,"biggrid50-goal(27,17)",4,"biggrid50-goal(21,17)",0.7615646123886108,0.1624850749659103
finetune,28,"biggrid50-goal(27,17)",5,"biggrid50-goal(27,3)",0.7666667103767395,0.27407413313909457
finetune,28,"biggrid50-goal(27,17)",6,"biggrid50-goal(3,31)",0.821088433265686,0.37380974037298903
finetune,28,"biggrid50-goal(27,17)",7,"biggrid50-goal(33,10)",0.9265305399894714,0.6949149144342632
finetune,28,"biggrid50-goal(27,17)",8,"biggrid50-goal(27,45)",0.6921768188476562,0.14218001606538838
finetune,28,"biggrid50-goal(27,17)",9,"biggrid50-goal(21,45)",0.8231292366981506,0.38095216240195817
finetune,28,"biggrid50-goal(27,17)",10,"biggrid50-goal(33,3)",0.8642855882644653,0.5471051175365363
finetune,28,"biggrid50-goal(27,17)",11,"biggrid50-goal(21,24)",0.8921768069267273,0.4820258275111671
finetune,28,"biggrid50-goal(27,17)",12,"biggrid50-goal(21,3)",0.8214284777641296,0.4293476169777833
finetune,28,"biggrid50-goal(27,17)",13,"biggrid50-goal(3,17)",0.788095235824585,0.01579796237125018
finetune,28,"biggrid50-goal(27,17)",14,"biggrid50-goal(15,45)",0.791156530380249,0.180240489729645
finetune,28,"biggrid50-goal(27,17)",15,"biggrid50-goal(3,24)",0.8023808598518372,0.15674908680641925
finetune,28,"biggrid50-goal(27,17)",16,"biggrid50-goal(3,10)",0.7081631422042847,0.10251033370299426
finetune,28,"biggrid50-goal(27,17)",17,"biggrid50-goal(46,31)",0.7697277069091797,0.3343161803779343
finetune,28,"biggrid50-goal(27,17)",18,"biggrid50-goal(46,24)",0.8319726586341858,0.5421683635809089
finetune,28,"biggrid50-goal(27,17)",19,"biggrid50-goal(3,45)",0.7146257758140564,0.16600371901006397
finetune,28,"biggrid50-goal(27,17)",20,"biggrid50-goal(21,10)",0.7670068144798279,0.13510075615516945
finetune,28,"biggrid50-goal(27,17)",21,"biggrid50-goal(40,3)",0.8108842968940735,0.5131346917781313
finetune,28,"biggrid50-goal(27,17)",22,"biggrid50-goal(15,38)",0.852040708065033,0.15039016040745484
finetune,28,"biggrid50-goal(27,17)",23,"biggrid50-goal(40,45)",0.6965986490249634,0.2640264579931357
finetune,28,"biggrid50-goal(27,17)",24,"biggrid50-goal(15,17)",0.9629250764846802,0.802535676904845
finetune,28,"biggrid50-goal(27,17)",25,"biggrid50-goal(15,24)",0.8544217348098755,0.09129474234851241
finetune,28,"biggrid50-goal(27,17)",26,"biggrid50-goal(21,38)",0.8442175388336182,0.23025137914978225
finetune,28,"biggrid50-goal(27,17)",27,"biggrid50-goal(33,17)",0.9666665196418762,0.8727267182563262
finetune,28,"biggrid50-goal(27,17)",28,"biggrid50-goal(27,17)",0.8499998450279236,0.4452825480740724
finetune,29,"biggrid50-goal(3,3)",0,"biggrid50-goal(40,31)",0.6863945722579956,0.026399084100946525
finetune,29,"biggrid50-goal(3,3)",1,"biggrid50-goal(9,31)",0.8680271506309509,0.3649752458919538
finetune,29,"biggrid50-goal(3,3)",2,"biggrid50-goal(15,31)",0.8482992649078369,0.272430904811714
finetune,29,"biggrid50-goal(3,3)",3,"biggrid50-goal(9,24)",0.9183672666549683,0.46188286187461075
finetune,29,"biggrid50-goal(3,3)",4,"biggrid50-goal(21,17)",0.7819727063179016,0.23416941439431735
finetune,29,"biggrid50-goal(3,3)",5,"biggrid50-goal(27,3)",0.7122449278831482,0.10476190299584102
finetune,29,"biggrid50-goal(3,3)",6,"biggrid50-goal(3,31)",0.8809522986412048,0.5833331942558786
finetune,29,"biggrid50-goal(3,3)",7,"biggrid50-goal(33,10)",0.8051020503044128,0.19067790002888452
finetune,29,"biggrid50-goal(3,3)",8,"biggrid50-goal(27,45)",0.6595237851142883,0.05118483900394592
finetune,29,"biggrid50-goal(3,3)",9,"biggrid50-goal(21,45)",0.7520408630371094,0.13214278785243902
finetune,29,"biggrid50-goal(3,3)",10,"biggrid50-goal(33,3)",0.809183657169342,0.36322352170818734
finetune,29,"biggrid50-goal(3,3)",11,"biggrid50-goal(21,24)",0.8316326141357422,0.19117626846867483
finetune,29,"biggrid50-goal(3,3)",12,"biggrid50-goal(21,3)",0.8527210354804993,0.5293477312631928
finetune,29,"biggrid50-goal(3,3)",13,"biggrid50-goal(3,17)",0.9445577263832092,0.7424956495114663
finetune,29,"biggrid50-goal(3,3)",14,"biggrid50-goal(15,45)",0.7962585091590881,0.20026695085273366
finetune,29,"biggrid50-goal(3,3)",15,"biggrid50-goal(3,24)",0.9125849604606628,0.6269955842175327
finetune,29,"biggrid50-goal(3,3)",16,"biggrid50-goal(3,10)",0.7506802678108215,0.23326380041976372
finetune,29,"biggrid50-goal(3,3)",17,"biggrid50-goal(46,31)",0.6843537092208862,0.08751232866515449
finetune,29,"biggrid50-goal(3,3)",18,"biggrid50-goal(46,24)",0.6731292009353638,0.10936046707083384
finetune,29,"biggrid50-goal(3,3)",19,"biggrid50-goal(3,45)",0.7547617554664612,0.28329972869516745
finetune,29,"biggrid50-goal(3,3)",20,"biggrid50-goal(21,10)",0.7445577383041382,0.05176703561728702
finetune,29,"biggrid50-goal(3,3)",21,"biggrid50-goal(40,3)",0.7384352087974548,0.3266195212912223
finetune,29,"biggrid50-goal(3,3)",22,"biggrid50-goal(15,38)",0.8595237731933594,0.19335931550541507
finetune,29,"biggrid50-goal(3,3)",23,"biggrid50-goal(40,45)",0.5744897723197937,-0.03217822998987034
finetune,29,"biggrid50-goal(3,3)",24,"biggrid50-goal(15,17)",0.9299318790435791,0.6268109880390742
finetune,29,"biggrid50-goal(3,3)",25,"biggrid50-goal(15,24)",0.8581632375717163,0.11464934976028526
finetune,29,"biggrid50-goal(3,3)",26,"biggrid50-goal(21,38)",0.8295918703079224,0.15798337097752274
finetune,29,"biggrid50-goal(3,3)",27,"biggrid50-goal(33,17)",0.8085033297538757,0.2688309350430459
finetune,29,"biggrid50-goal(3,3)",28,"biggrid50-goal(27,17)",0.7979591488838196,0.2528301978289491
finetune,29,"biggrid50-goal(3,3)",29,"biggrid50-goal(3,3)",0.8013604283332825,0.27543412610583395
finetune,30,"biggrid50-goal(9,10)",0,"biggrid50-goal(40,31)",0.7074829936027527,0.09186895330554326
finetune,30,"biggrid50-goal(9,10)",1,"biggrid50-goal(9,31)",0.8884353041648865,0.46317485847625284
finetune,30,"biggrid50-goal(9,10)",2,"biggrid50-goal(15,31)",0.8530611395835876,0.2952692440401371
finetune,30,"biggrid50-goal(9,10)",3,"biggrid50-goal(9,24)",0.9476189017295837,0.6547075475960811
finetune,30,"biggrid50-goal(9,10)",4,"biggrid50-goal(21,17)",0.7741495966911316,0.20669039318763135
finetune,30,"biggrid50-goal(9,10)",5,"biggrid50-goal(27,3)",0.724829912185669,0.143915191641404
finetune,30,"biggrid50-goal(9,10)",6,"biggrid50-goal(3,31)",0.9221087694168091,0.7273807904550587
finetune,30,"biggrid50-goal(9,10)",7,"biggrid50-goal(33,10)",0.8268706798553467,0.28107306841917545
finetune,30,"biggrid50-goal(9,10)",8,"biggrid50-goal(27,45)",0.6656462550163269,0.06824650737260472
finetune,30,"biggrid50-goal(9,10)",9,"biggrid50-goal(21,45)",0.7738094925880432,0.20833301171651797
finetune,30,"biggrid50-goal(9,10)",10,"biggrid50-goal(33,3)",0.8149659633636475,0.3825197545160994
finetune,30,"biggrid50-goal(9,10)",11,"biggrid50-goal(21,24)",0.8568026423454285,0.3120911121291948
finetune,30,"biggrid50-goal(9,10)",12,"biggrid50-goal(21,3)",0.8377550840377808,0.48152176356101145
finetune,30,"biggrid50-goal(9,10)",13,"biggrid50-goal(3,17)",0.9234693050384521,0.6445494455237999
finetune,30,"biggrid50-goal(9,10)",14,"biggrid50-goal(15,45)",0.7972788214683533,0.20427191553029284
finetune,30,"biggrid50-goal(9,10)",15,"biggrid50-goal(3,24)",0.9142856001853943,0.6342523003423872
finetune,30,"biggrid50-goal(9,10)",16,"biggrid50-goal(3,10)",0.756122350692749,0.2499999083485322
finetune,30,"biggrid50-goal(9,10)",17,"biggrid50-goal(46,31)",0.6989794969558716,0.12979336088889074
finetune,30,"biggrid50-goal(9,10)",18,"biggrid50-goal(46,24)",0.7044217586517334,0.19462470318008404
finetune,30,"biggrid50-goal(9,10)",19,"biggrid50-goal(3,45)",0.7564624547958374,0.2882699635502175
finetune,30,"biggrid50-goal(9,10)",20,"biggrid50-goal(21,10)",0.7421768307685852,0.04292881520939469
finetune,30,"biggrid50-goal(9,10)",21,"biggrid50-goal(40,3)",0.8258501887321472,0.5516633460511068
finetune,30,"biggrid50-goal(9,10)",22,"biggrid50-goal(15,38)",0.8823128938674927,0.3242186951847645
finetune,30,"biggrid50-goal(9,10)",23,"biggrid50-goal(40,45)",0.6149660348892212,0.06600675908380206
finetune,30,"biggrid50-goal(9,10)",24,"biggrid50-goal(15,17)",0.9319726824760437,0.6376804876941543
finetune,30,"biggrid50-goal(9,10)",25,"biggrid50-goal(15,24)",0.8561223745346069,0.10191020240510935
finetune,30,"biggrid50-goal(9,10)",26,"biggrid50-goal(21,38)",0.8506802916526794,0.26218498086669895
finetune,30,"biggrid50-goal(9,10)",27,"biggrid50-goal(33,17)",0.8530611395835876,0.4389607451741942
finetune,30,"biggrid50-goal(9,10)",28,"biggrid50-goal(27,17)",0.7965985536575317,0.24779856358050803
finetune,30,"biggrid50-goal(9,10)",29,"biggrid50-goal(3,3)",0.7472788691520691,0.07816400585284826
finetune,30,"biggrid50-goal(9,10)",30,"biggrid50-goal(9,10)",0.9278911352157593,0.4659955559439911
finetune,31,"biggrid50-goal(46,17)",0,"biggrid50-goal(40,31)",0.8608842492103577,0.5681094445335745
finetune,31,"biggrid50-goal(46,17)",1,"biggrid50-goal(9,31)",0.7772108316421509,-0.07201320219095797
finetune,31,"biggrid50-goal(46,17)",2,"biggrid50-goal(15,31)",0.7826530337333679,-0.04241377269833502
finetune,31,"biggrid50-goal(46,17)",3,"biggrid50-goal(9,24)",0.7829931378364563,-0.4304937105003114
finetune,31,"biggrid50-goal(46,17)",4,"biggrid50-goal(21,17)",0.7574829459190369,0.148148039589052
finetune,31,"biggrid50-goal(46,17)",5,"biggrid50-goal(27,3)",0.7534013986587524,0.23280427008780055
finetune,31,"biggrid50-goal(46,17)",6,"biggrid50-goal(3,31)",0.7064626216888428,-0.027380456669167278
finetune,31,"biggrid50-goal(46,17)",7,"biggrid50-goal(33,10)",0.9207481741905212,0.6709033923093926
finetune,31,"biggrid50-goal(46,17)",8,"biggrid50-goal(27,45)",0.6680271625518799,0.07488145298083382
finetune,31,"biggrid50-goal(46,17)",9,"biggrid50-goal(21,45)",0.7404762506484985,0.09166663363575049
finetune,31,"biggrid50-goal(46,17)",10,"biggrid50-goal(33,3)",0.8843535780906677,0.6140743493033657
finetune,31,"biggrid50-goal(46,17)",11,"biggrid50-goal(21,24)",0.8183673620223999,0.1274510365364792
finetune,31,"biggrid50-goal(46,17)",12,"biggrid50-goal(21,3)",0.8340135812759399,0.4695652240165455
finetune,31,"biggrid50-goal(46,17)",13,"biggrid50-goal(3,17)",0.721428632736206,-0.2938383351263123
finetune,31,"biggrid50-goal(46,17)",14,"biggrid50-goal(15,45)",0.7612244486808777,0.06275006170752621
finetune,31,"biggrid50-goal(46,17)",15,"biggrid50-goal(3,24)",0.7282313108444214,-0.15965080677937823
finetune,31,"biggrid50-goal(46,17)",16,"biggrid50-goal(3,10)",0.6840135455131531,0.028242766407904022
finetune,31,"biggrid50-goal(46,17)",17,"biggrid50-goal(46,31)",0.8020407557487488,0.42772852055328914
finetune,31,"biggrid50-goal(46,17)",18,"biggrid50-goal(46,24)",0.8840134739875793,0.6839663082496651
finetune,31,"biggrid50-goal(46,17)",19,"biggrid50-goal(3,45)",0.5986394286155701,-0.17296236135364998
finetune,31,"biggrid50-goal(46,17)",20,"biggrid50-goal(21,10)",0.7442176938056946,0.050504748787220034
finetune,31,"biggrid50-goal(46,17)",21,"biggrid50-goal(40,3)",0.9680269956588745,0.9176877099169171
finetune,31,"biggrid50-goal(46,17)",22,"biggrid50-goal(15,38)",0.7891156673431396,-0.21093715506510316
finetune,31,"biggrid50-goal(46,17)",23,"biggrid50-goal(40,45)",0.7282312512397766,0.34075900456919156
finetune,31,"biggrid50-goal(46,17)",24,"biggrid50-goal(15,17)",0.8469388484954834,0.18478276397481022
finetune,31,"biggrid50-goal(46,17)",25,"biggrid50-goal(15,24)",0.8299319744110107,-0.061571305368226095
finetune,31,"biggrid50-goal(46,17)",26,"biggrid50-goal(21,38)",0.7921768426895142,-0.02689088054417329
finetune,31,"biggrid50-goal(46,17)",27,"biggrid50-goal(33,17)",0.9363945126533508,0.7571426978359062
finetune,31,"biggrid50-goal(46,17)",28,"biggrid50-goal(27,17)",0.7918367385864258,0.23018883562203957
finetune,31,"biggrid50-goal(46,17)",29,"biggrid50-goal(3,3)",0.6581632494926453,-0.2468977947459164
finetune,31,"biggrid50-goal(46,17)",30,"biggrid50-goal(9,10)",0.7476189732551575,-0.869015554196031
finetune,31,"biggrid50-goal(46,17)",31,"biggrid50-goal(46,17)",0.9370747208595276,0.8157367581701491
finetune,32,"biggrid50-goal(40,10)",0,"biggrid50-goal(40,31)",0.8418366312980652,0.5089753333077971
finetune,32,"biggrid50-goal(40,10)",1,"biggrid50-goal(9,31)",0.7945577502250671,0.011456411144769228
finetune,32,"biggrid50-goal(40,10)",2,"biggrid50-goal(15,31)",0.7908163070678711,-0.003262048152301715
finetune,32,"biggrid50-goal(40,10)",3,"biggrid50-goal(9,24)",0.8132652640342712,-0.23094202030163666
finetune,32,"biggrid50-goal(40,10)",4,"biggrid50-goal(21,17)",0.7792516350746155,0.2246115303857259
finetune,32,"biggrid50-goal(40,10)",5,"biggrid50-goal(27,3)",0.755442202091217,0.2391534369949168
finetune,32,"biggrid50-goal(40,10)",6,"biggrid50-goal(3,31)",0.7411564588546753,0.09404792998507143
finetune,32,"biggrid50-goal(40,10)",7,"biggrid50-goal(33,10)",0.9248298406600952,0.6878526874851338
finetune,32,"biggrid50-goal(40,10)",8,"biggrid50-goal(27,45)",0.6707483530044556,0.08246467508117407
finetune,32,"biggrid50-goal(40,10)",9,"biggrid50-goal(21,45)",0.7431972026824951,0.10118996830909595
finetune,32,"biggrid50-goal(40,10)",10,"biggrid50-goal(33,3)",0.8884352445602417,0.6276953482256838
finetune,32,"biggrid50-goal(40,10)",11,"biggrid50-goal(21,24)",0.8506802320480347,0.28267953269957624
finetune,32,"biggrid50-goal(40,10)",12,"biggrid50-goal(21,3)",0.8272107839584351,0.44782585341677184
finetune,32,"biggrid50-goal(40,10)",13,"biggrid50-goal(3,17)",0.7517006993293762,-0.15323824177698148
finetune,32,"biggrid50-goal(40,10)",14,"biggrid50-goal(15,45)",0.7639455795288086,0.07343113732527412
finetune,32,"biggrid50-goal(40,10)",15,"biggrid50-goal(3,24)",0.7472788691520691,-0.07837390756308933
finetune,32,"biggrid50-goal(40,10)",16,"biggrid50-goal(3,10)",0.6816326379776001,0.020920730645501286
finetune,32,"biggrid50-goal(40,10)",17,"biggrid50-goal(46,31)",0.7778910994529724,0.35791536487679604
finetune,32,"biggrid50-goal(40,10)",18,"biggrid50-goal(46,24)",0.8714284896850586,0.6496754368313786
finetune,32,"biggrid50-goal(40,10)",19,"biggrid50-goal(3,45)",0.6289116144180298,-0.08449294738079789
finetune,32,"biggrid50-goal(40,10)",20,"biggrid50-goal(21,10)",0.7588435411453247,0.10479768562309509
finetune,32,"biggrid50-goal(40,10)",21,"biggrid50-goal(40,3)",0.9448978304862976,0.8581432725924617
finetune,32,"biggrid50-goal(40,10)",22,"biggrid50-goal(15,38)",0.8003400564193726,-0.14648462033160298
finetune,32,"biggrid50-goal(40,10)",23,"biggrid50-goal(40,45)",0.7142856121063232,0.3069304754752598
finetune,32,"biggrid50-goal(40,10)",24,"biggrid50-goal(15,17)",0.8785714507102966,0.3532608022775822
finetune,32,"biggrid50-goal(40,10)",25,"biggrid50-goal(15,24)",0.8493196964263916,0.05944761806964712
finetune,32,"biggrid50-goal(40,10)",26,"biggrid50-goal(21,38)",0.8003400564193726,0.013444998496490387
finetune,32,"biggrid50-goal(40,10)",27,"biggrid50-goal(33,17)",0.9448978304862976,0.7896099096206151
finetune,32,"biggrid50-goal(40,10)",28,"biggrid50-goal(27,17)",0.7908162474632263,0.22641494461719616
finetune,32,"biggrid50-goal(40,10)",29,"biggrid50-goal(3,3)",0.6697278618812561,-0.2047142388144721
finetune,32,"biggrid50-goal(40,10)",30,"biggrid50-goal(9,10)",0.7731292247772217,-0.6800985920093507
finetune,32,"biggrid50-goal(40,10)",31,"biggrid50-goal(46,17)",0.9108841419219971,0.739043240932718
finetune,32,"biggrid50-goal(40,10)",32,"biggrid50-goal(40,10)",0.7027211785316467,0.12249008525946702
finetune,33,"biggrid50-goal(46,38)",0,"biggrid50-goal(40,31)",0.8942176103591919,0.6715942317012173
finetune,33,"biggrid50-goal(46,38)",1,"biggrid50-goal(9,31)",0.8217687010765076,0.14238961033001463
finetune,33,"biggrid50-goal(46,38)",2,"biggrid50-goal(15,31)",0.8227891325950623,0.15008223014205674
finetune,33,"biggrid50-goal(46,38)",3,"biggrid50-goal(9,24)",0.7853740453720093,-0.4147989383583846
finetune,33,"biggrid50-goal(46,38)",4,"biggrid50-goal(21,17)",0.7527210712432861,0.13142174257401698
finetune,33,"biggrid50-goal(46,38)",5,"biggrid50-goal(27,3)",0.7020407915115356,0.07301569758687523
finetune,33,"biggrid50-goal(46,38)",6,"biggrid50-goal(3,31)",0.7836733460426331,0.24285698192465952
finetune,33,"biggrid50-goal(46,38)",7,"biggrid50-goal(33,10)",0.8244898319244385,0.27118649521425403
finetune,33,"biggrid50-goal(46,38)",8,"biggrid50-goal(27,45)",0.7010204195976257,0.16682474043235695
finetune,33,"biggrid50-goal(46,38)",9,"biggrid50-goal(21,45)",0.9231292009353638,0.7309521311095113
finetune,33,"biggrid50-goal(46,38)",10,"biggrid50-goal(33,3)",0.7891156077384949,0.29625409103367945
finetune,33,"biggrid50-goal(46,38)",11,"biggrid50-goal(21,24)",0.8823129534721375,0.4346406482648036
finetune,33,"biggrid50-goal(46,38)",12,"biggrid50-goal(21,3)",0.75782310962677,0.22608701614890933
finetune,33,"biggrid50-goal(46,38)",13,"biggrid50-goal(3,17)",0.7207483053207397,-0.2969981490699118
finetune,33,"biggrid50-goal(46,38)",14,"biggrid50-goal(15,45)",0.8176870346069336,0.284378929833571
finetune,33,"biggrid50-goal(46,38)",15,"biggrid50-goal(3,24)",0.7363945245742798,-0.12481795897356075
finetune,33,"biggrid50-goal(46,38)",16,"biggrid50-goal(3,10)",0.6676871180534363,-0.021966107287208204
finetune,33,"biggrid50-goal(46,38)",17,"biggrid50-goal(46,31)",0.8142856359481812,0.4631266942222241
finetune,33,"biggrid50-goal(46,38)",18,"biggrid50-goal(46,24)",0.8040815591812134,0.46617223342562947
finetune,33,"biggrid50-goal(46,38)",19,"biggrid50-goal(3,45)",0.8051019310951233,0.4304171475105713
finetune,33,"biggrid50-goal(46,38)",20,"biggrid50-goal(21,10)",0.7455782294273376,0.05555522366594204
finetune,33,"biggrid50-goal(46,38)",21,"biggrid50-goal(40,3)",0.7996597290039062,0.4842378174533027
finetune,33,"biggrid50-goal(46,38)",22,"biggrid50-goal(15,38)",0.9020407199859619,0.43749955078245994
finetune,33,"biggrid50-goal(46,38)",23,"biggrid50-goal(40,45)",0.7904760837554932,0.49174893823624755
finetune,33,"biggrid50-goal(46,38)",24,"biggrid50-goal(15,17)",0.8316326141357422,0.10326040545306725
finetune,33,"biggrid50-goal(46,38)",25,"biggrid50-goal(15,24)",0.8363944888114929,-0.0212320362768056
finetune,33,"biggrid50-goal(46,38)",26,"biggrid50-goal(21,38)",0.8513604402542114,0.2655457150859592
finetune,33,"biggrid50-goal(46,38)",27,"biggrid50-goal(33,17)",0.9197278618812561,0.6935063983361072
finetune,33,"biggrid50-goal(46,38)",28,"biggrid50-goal(27,17)",0.7908163070678711,0.22641516504187958
finetune,33,"biggrid50-goal(46,38)",29,"biggrid50-goal(3,3)",0.6146258115768433,-0.40570674447273275
finetune,33,"biggrid50-goal(46,38)",30,"biggrid50-goal(9,10)",0.7122449278831482,-1.130979148955329
finetune,33,"biggrid50-goal(46,38)",31,"biggrid50-goal(46,17)",0.855782151222229,0.5776888285835615
finetune,33,"biggrid50-goal(46,38)",32,"biggrid50-goal(40,10)",0.6741496324539185,0.03815237549987165
finetune,33,"biggrid50-goal(46,38)",33,"biggrid50-goal(46,38)",0.8843535780906677,0.6854759930916491
finetune,34,"biggrid50-goal(27,31)",0,"biggrid50-goal(40,31)",0.8598638772964478,0.5649416580666973
finetune,34,"biggrid50-goal(27,31)",1,"biggrid50-goal(9,31)",0.8462584614753723,0.26022903070931946
finetune,34,"biggrid50-goal(27,31)",2,"biggrid50-goal(15,31)",0.8329931497573853,0.19902152848867774
finetune,34,"biggrid50-goal(27,31)",3,"biggrid50-goal(9,24)",0.8268707394599915,-0.1412556996442204
finetune,34,"biggrid50-goal(27,31)",4,"biggrid50-goal(21,17)",0.7561224699020386,0.1433693069487274
finetune,34,"biggrid50-goal(27,31)",5,"biggrid50-goal(27,3)",0.7255102396011353,0.14603176604713505
finetune,34,"biggrid50-goal(27,31)",6,"biggrid50-goal(3,31)",0.8870747089385986,0.6047616226333538
finetune,34,"biggrid50-goal(27,31)",7,"biggrid50-goal(33,10)",0.8472788333892822,0.36581880176534637
finetune,34,"biggrid50-goal(27,31)",8,"biggrid50-goal(27,45)",0.6894558072090149,0.13459729227113965
finetune,34,"biggrid50-goal(27,31)",9,"biggrid50-goal(21,45)",0.8999999165534973,0.6499996140598215
finetune,34,"biggrid50-goal(27,31)",10,"biggrid50-goal(33,3)",0.7931972146034241,0.30987489104831906
finetune,34,"biggrid50-goal(27,31)",11,"biggrid50-goal(21,24)",0.8986393213272095,0.5130712404077425
finetune,34,"biggrid50-goal(27,31)",12,"biggrid50-goal(21,3)",0.7537413835525513,0.2130432414084991
finetune,34,"biggrid50-goal(27,31)",13,"biggrid50-goal(3,17)",0.7360544204711914,-0.22590814890934652
finetune,34,"biggrid50-goal(27,31)",14,"biggrid50-goal(15,45)",0.8333332538604736,0.3457940033152442
finetune,34,"biggrid50-goal(27,31)",15,"biggrid50-goal(3,24)",0.7942176461219788,0.12191623900060176
finetune,34,"biggrid50-goal(27,31)",16,"biggrid50-goal(3,10)",0.6734693646430969,-0.004183889504990422
finetune,34,"biggrid50-goal(27,31)",17,"biggrid50-goal(46,31)",0.7945576906204224,0.4060960639939568
finetune,34,"biggrid50-goal(27,31)",18,"biggrid50-goal(46,24)",0.8006802201271057,0.45690445228655885
finetune,34,"biggrid50-goal(27,31)",19,"biggrid50-goal(3,45)",0.8350340127944946,0.5178926190279187
finetune,34,"biggrid50-goal(27,31)",20,"biggrid50-goal(21,10)",0.7540816068649292,0.08712080228782573
finetune,34,"biggrid50-goal(27,31)",21,"biggrid50-goal(40,3)",0.7357141971588135,0.31961446487144735
finetune,34,"biggrid50-goal(27,31)",22,"biggrid50-goal(15,38)",0.9207481145858765,0.5449208983529374
finetune,34,"biggrid50-goal(27,31)",23,"biggrid50-goal(40,45)",0.8136053085327148,0.5478544810377539
finetune,34,"biggrid50-goal(27,31)",24,"biggrid50-goal(15,17)",0.8459183573722839,0.17934753795785216
finetune,34,"biggrid50-goal(27,31)",25,"biggrid50-goal(15,24)",0.8547618389129639,0.09341768553801691
finetune,34,"biggrid50-goal(27,31)",26,"biggrid50-goal(21,38)",0.8683672547340393,0.34957938545480355
finetune,34,"biggrid50-goal(27,31)",27,"biggrid50-goal(33,17)",0.9292515516281128,0.7298695753991834
finetune,34,"biggrid50-goal(27,31)",28,"biggrid50-goal(27,17)",0.7989795804023743,0.2566038684091091
finetune,34,"biggrid50-goal(27,31)",29,"biggrid50-goal(3,3)",0.640816330909729,-0.3101731286430828
finetune,34,"biggrid50-goal(27,31)",30,"biggrid50-goal(9,10)",0.7166666388511658,-1.0982340306634568
finetune,34,"biggrid50-goal(27,31)",31,"biggrid50-goal(46,17)",0.8295917510986328,0.5009958349645501
finetune,34,"biggrid50-goal(27,31)",32,"biggrid50-goal(40,10)",0.6755101680755615,0.04216841502617393
finetune,34,"biggrid50-goal(27,31)",33,"biggrid50-goal(46,38)",0.8136053085327148,0.49306165933348745
finetune,34,"biggrid50-goal(27,31)",34,"biggrid50-goal(27,31)",0.970408022403717,0.8484313483651
finetune,35,"biggrid50-goal(21,31)",0,"biggrid50-goal(40,31)",0.8122447729110718,0.4171061949571889
finetune,35,"biggrid50-goal(21,31)",1,"biggrid50-goal(9,31)",0.8625849485397339,0.33878854869397773
finetune,35,"biggrid50-goal(21,31)",2,"biggrid50-goal(15,31)",0.8619047403335571,0.33768387434468167
finetune,35,"biggrid50-goal(21,31)",3,"biggrid50-goal(9,24)",0.8622447848320007,0.09192747675448851
finetune,35,"biggrid50-goal(21,31)",4,"biggrid50-goal(21,17)",0.7564625144004822,0.14456372840384468
finetune,35,"biggrid50-goal(21,31)",5,"biggrid50-goal(27,3)",0.6972789168357849,0.058200974803604
finetune,35,"biggrid50-goal(21,31)",6,"biggrid50-goal(3,31)",0.8894556760787964,0.6130950046437962
finetune,35,"biggrid50-goal(21,31)",7,"biggrid50-goal(33,10)",0.8122448325157166,0.22033860968702995
finetune,35,"biggrid50-goal(21,31)",8,"biggrid50-goal(27,45)",0.6823129653930664,0.11469212324239136
finetune,35,"biggrid50-goal(21,31)",9,"biggrid50-goal(21,45)",0.9221087098121643,0.7273804112203032
finetune,35,"biggrid50-goal(21,31)",10,"biggrid50-goal(33,3)",0.7574829459190369,0.19069219474334742
finetune,35,"biggrid50-goal(21,31)",11,"biggrid50-goal(21,24)",0.914965808391571,0.5915024052227694
finetune,35,"biggrid50-goal(21,31)",12,"biggrid50-goal(21,3)",0.7809522747993469,0.29999977142918094
finetune,35,"biggrid50-goal(21,31)",13,"biggrid50-goal(3,17)",0.7340136170387268,-0.2353867602300845
finetune,35,"biggrid50-goal(21,31)",14,"biggrid50-goal(15,45)",0.8336734175682068,0.3471292255032819
finetune,35,"biggrid50-goal(21,31)",15,"biggrid50-goal(3,24)",0.821088433265686,0.2365752532042527
finetune,35,"biggrid50-goal(21,31)",16,"biggrid50-goal(3,10)",0.6768707036972046,0.006276292514824625
finetune,35,"biggrid50-goal(21,31)",17,"biggrid50-goal(46,31)",0.7619047164916992,0.31170104908238894
finetune,35,"biggrid50-goal(21,31)",18,"biggrid50-goal(46,24)",0.7591836452484131,0.3438368727600967
finetune,35,"biggrid50-goal(21,31)",19,"biggrid50-goal(3,45)",0.8312923908233643,0.5069578584772961
finetune,35,"biggrid50-goal(21,31)",20,"biggrid50-goal(21,10)",0.7534012198448181,0.08459512232898005
finetune,35,"biggrid50-goal(21,31)",21,"biggrid50-goal(40,3)",0.6999999284744263,0.22767054828825645
finetune,35,"biggrid50-goal(21,31)",22,"biggrid50-goal(15,38)",0.9159863591194153,0.5175780106901795
finetune,35,"biggrid50-goal(21,31)",23,"biggrid50-goal(40,45)",0.7554420232772827,0.40676532989643915
finetune,35,"biggrid50-goal(21,31)",24,"biggrid50-goal(15,17)",0.886734664440155,0.39673880089790275
finetune,35,"biggrid50-goal(21,31)",25,"biggrid50-goal(15,24)",0.8785712718963623,0.24203710276667195
finetune,35,"biggrid50-goal(21,31)",26,"biggrid50-goal(21,38)",0.882652997970581,0.4201677628100933
finetune,35,"biggrid50-goal(21,31)",27,"biggrid50-goal(33,17)",0.893877387046814,0.5948045906801337
finetune,35,"biggrid50-goal(21,31)",28,"biggrid50-goal(27,17)",0.7816326022148132,0.19245279109449012
finetune,35,"biggrid50-goal(21,31)",29,"biggrid50-goal(3,3)",0.6646258234977722,-0.22332464392636542
finetune,35,"biggrid50-goal(21,31)",30,"biggrid50-goal(9,10)",0.7265306115150452,-1.025186073878679
finetune,35,"biggrid50-goal(21,31)",31,"biggrid50-goal(46,17)",0.7659863233566284,0.31474092320559893
finetune,35,"biggrid50-goal(21,31)",32,"biggrid50-goal(40,10)",0.6744897365570068,0.03915629741072247
finetune,35,"biggrid50-goal(21,31)",33,"biggrid50-goal(46,38)",0.8040816187858582,0.4671600446507454
finetune,35,"biggrid50-goal(21,31)",34,"biggrid50-goal(27,31)",0.9394556879997253,0.6898950161682672
finetune,35,"biggrid50-goal(21,31)",35,"biggrid50-goal(21,31)",0.8904761075973511,0.5360228182601632
finetune,36,"biggrid50-goal(46,10)",0,"biggrid50-goal(40,31)",0.8782312870025635,0.6219640350112665
finetune,36,"biggrid50-goal(46,10)",1,"biggrid50-goal(9,31)",0.77448970079422,-0.08510669419226351
finetune,36,"biggrid50-goal(46,10)",2,"biggrid50-goal(15,31)",0.791156530380249,-0.0016303094043095855
finetune,36,"biggrid50-goal(46,10)",3,"biggrid50-goal(9,24)",0.7731291651725769,-0.49551631262241586
finetune,36,"biggrid50-goal(46,10)",4,"biggrid50-goal(21,17)",0.7469387650489807,0.11111113437377457
finetune,36,"biggrid50-goal(46,10)",5,"biggrid50-goal(27,3)",0.7690476179122925,0.28148140181238407
finetune,36,"biggrid50-goal(46,10)",6,"biggrid50-goal(3,31)",0.6979591846466064,-0.057142475673267
finetune,36,"biggrid50-goal(46,10)",7,"biggrid50-goal(33,10)",0.9013603925704956,0.590394797124023
finetune,36,"biggrid50-goal(46,10)",8,"biggrid50-goal(27,45)",0.6717687249183655,0.08530817574126354
finetune,36,"biggrid50-goal(46,10)",9,"biggrid50-goal(21,45)",0.7448979020118713,0.10714241755848401
finetune,36,"biggrid50-goal(46,10)",10,"biggrid50-goal(33,3)",0.8537413477897644,0.5119177524705328
finetune,36,"biggrid50-goal(46,10)",11,"biggrid50-goal(21,24)",0.8241496682167053,0.155228782499141
finetune,36,"biggrid50-goal(46,10)",12,"biggrid50-goal(21,3)",0.8176870942115784,0.4173914583846824
finetune,36,"biggrid50-goal(46,10)",13,"biggrid50-goal(3,17)",0.7282312512397766,-0.26224324089387246
finetune,36,"biggrid50-goal(46,10)",14,"biggrid50-goal(15,45)",0.7615646123886108,0.06408528389556396
finetune,36,"biggrid50-goal(46,10)",15,"biggrid50-goal(3,24)",0.7221088409423828,-0.18577569696978946
finetune,36,"biggrid50-goal(46,10)",16,"biggrid50-goal(3,10)",0.6785714030265808,0.011506475176199947
finetune,36,"biggrid50-goal(46,10)",17,"biggrid50-goal(46,31)",0.8044216632843018,0.43461137910809045
finetune,36,"biggrid50-goal(46,10)",18,"biggrid50-goal(46,24)",0.9037414193153381,0.737719926078625
finetune,36,"biggrid50-goal(46,10)",19,"biggrid50-goal(3,45)",0.6163265109062195,-0.1212724762771577
finetune,36,"biggrid50-goal(46,10)",20,"biggrid50-goal(21,10)",0.7438775897026062,0.049242240697410705
finetune,36,"biggrid50-goal(46,10)",21,"biggrid50-goal(40,3)",0.9588432908058167,0.8940448964409876
finetune,36,"biggrid50-goal(46,10)",22,"biggrid50-goal(15,38)",0.7819728255271912,-0.2519526844726802
finetune,36,"biggrid50-goal(46,10)",23,"biggrid50-goal(40,45)",0.7384352087974548,0.36551117776182196
finetune,36,"biggrid50-goal(46,10)",24,"biggrid50-goal(15,17)",0.835374116897583,0.12318798021718681
finetune,36,"biggrid50-goal(46,10)",25,"biggrid50-goal(15,24)",0.8204081058502197,-0.1210196675469477
finetune,36,"biggrid50-goal(46,10)",26,"biggrid50-goal(21,38)",0.7962583899497986,-0.0067232355409056225
finetune,36,"biggrid50-goal(46,10)",27,"biggrid50-goal(33,17)",0.9248298406600952,0.7129866798906608
finetune,36,"biggrid50-goal(46,10)",28,"biggrid50-goal(27,17)",0.8098639249801636,0.29685539942385397
finetune,36,"biggrid50-goal(46,10)",29,"biggrid50-goal(3,3)",0.6370747685432434,-0.323821005463673
finetune,36,"biggrid50-goal(46,10)",30,"biggrid50-goal(9,10)",0.7503401637077332,-0.848863693545525
finetune,36,"biggrid50-goal(46,10)",31,"biggrid50-goal(46,17)",0.9568025469779968,0.8735054839429793
finetune,36,"biggrid50-goal(46,10)",32,"biggrid50-goal(40,10)",0.6867346167564392,0.07530082908889248
finetune,36,"biggrid50-goal(46,10)",33,"biggrid50-goal(46,38)",0.8193876147270203,0.5087878191521611
finetune,36,"biggrid50-goal(46,10)",34,"biggrid50-goal(27,31)",0.852040708065033,0.24215979474604585
finetune,36,"biggrid50-goal(46,10)",35,"biggrid50-goal(21,31)",0.7962585687637329,0.13688809815932332
finetune,36,"biggrid50-goal(46,10)",36,"biggrid50-goal(46,10)",0.9802719354629517,0.9510544205363751
finetune,37,"biggrid50-goal(9,17)",0,"biggrid50-goal(40,31)",0.7323129177093506,0.16895447132717467
finetune,37,"biggrid50-goal(9,17)",1,"biggrid50-goal(9,31)",0.8564625382423401,0.309328837001469
finetune,37,"biggrid50-goal(9,17)",2,"biggrid50-goal(15,31)",0.8506802320480347,0.2838502173602938
finetune,37,"biggrid50-goal(9,17)",3,"biggrid50-goal(9,24)",0.9676869511604309,0.7869946937564707
finetune,37,"biggrid50-goal(9,17)",4,"biggrid50-goal(21,17)",0.7826530337333679,0.23655909476043632
finetune,37,"biggrid50-goal(9,17)",5,"biggrid50-goal(27,3)",0.7625849843025208,0.26137542845147754
finetune,37,"biggrid50-goal(9,17)",6,"biggrid50-goal(3,31)",0.9693876504898071,0.8928568150317139
finetune,37,"biggrid50-goal(9,17)",7,"biggrid50-goal(33,10)",0.8397958278656006,0.3347453002021916
finetune,37,"biggrid50-goal(9,17)",8,"biggrid50-goal(27,45)",0.6612244844436646,0.055924228240135695
finetune,37,"biggrid50-goal(9,17)",9,"biggrid50-goal(21,45)",0.8187074661254883,0.3654759612465993
finetune,37,"biggrid50-goal(9,17)",10,"biggrid50-goal(33,3)",0.8088434934616089,0.3620883555864614
finetune,37,"biggrid50-goal(9,17)",11,"biggrid50-goal(21,24)",0.9224488735198975,0.6274504638643913
finetune,37,"biggrid50-goal(9,17)",12,"biggrid50-goal(21,3)",0.8496597409248352,0.5195649002078851
finetune,37,"biggrid50-goal(9,17)",13,"biggrid50-goal(3,17)",0.9044215679168701,0.5560812991834979
finetune,37,"biggrid50-goal(9,17)",14,"biggrid50-goal(15,45)",0.7843537926673889,0.15353815162855228
finetune,37,"biggrid50-goal(9,17)",15,"biggrid50-goal(3,24)",0.9374148845672607,0.7329461321336811
finetune,37,"biggrid50-goal(9,17)",16,"biggrid50-goal(3,10)",0.7027209997177124,0.08577404247129018
finetune,37,"biggrid50-goal(9,17)",17,"biggrid50-goal(46,31)",0.7006801962852478,0.13470983612093843
finetune,37,"biggrid50-goal(9,17)",18,"biggrid50-goal(46,24)",0.7438775300979614,0.30213161402310373
finetune,37,"biggrid50-goal(9,17)",19,"biggrid50-goal(3,45)",0.7693876624107361,0.32604343490208204
finetune,37,"biggrid50-goal(9,17)",20,"biggrid50-goal(21,10)",0.7595237493515015,0.10732270180271375
finetune,37,"biggrid50-goal(9,17)",21,"biggrid50-goal(40,3)",0.7469387054443359,0.3485111857482372
finetune,37,"biggrid50-goal(9,17)",22,"biggrid50-goal(15,38)",0.9445577263832092,0.6816401283204877
finetune,37,"biggrid50-goal(9,17)",23,"biggrid50-goal(40,45)",0.6499999761581421,0.15099007825257413
finetune,37,"biggrid50-goal(9,17)",24,"biggrid50-goal(15,17)",0.9629250764846802,0.802535676904845
finetune,37,"biggrid50-goal(9,17)",25,"biggrid50-goal(15,24)",0.927210807800293,0.5456469991197189
finetune,37,"biggrid50-goal(9,17)",26,"biggrid50-goal(21,38)",0.8605440855026245,0.31092372626523795
finetune,37,"biggrid50-goal(9,17)",27,"biggrid50-goal(33,17)",0.8823128342628479,0.5506490278976057
finetune,37,"biggrid50-goal(9,17)",28,"biggrid50-goal(27,17)",0.7955781817436218,0.24402511342503147
finetune,37,"biggrid50-goal(9,17)",29,"biggrid50-goal(3,3)",0.7397958040237427,0.050868469628022356
finetune,37,"biggrid50-goal(9,17)",30,"biggrid50-goal(9,10)",0.905782163143158,0.30226687465625657
finetune,37,"biggrid50-goal(9,17)",31,"biggrid50-goal(46,17)",0.813945472240448,0.45517904870052744
finetune,37,"biggrid50-goal(9,17)",32,"biggrid50-goal(40,10)",0.6819728016853333,0.06124486668828401
finetune,37,"biggrid50-goal(9,17)",33,"biggrid50-goal(46,38)",0.7122449278831482,0.217391452358543
finetune,37,"biggrid50-goal(9,17)",34,"biggrid50-goal(27,31)",0.8857142329216003,0.4146339304031809
finetune,37,"biggrid50-goal(9,17)",35,"biggrid50-goal(21,31)",0.8411563634872437,0.3270890835805135
finetune,37,"biggrid50-goal(9,17)",36,"biggrid50-goal(46,10)",0.7639455199241638,0.4143458274581888
finetune,37,"biggrid50-goal(9,17)",37,"biggrid50-goal(9,17)",0.928571343421936,0.6434631004269372
finetune,38,"biggrid50-goal(33,24)",0,"biggrid50-goal(40,31)",0.8476189374923706,0.5269267401036511
finetune,38,"biggrid50-goal(33,24)",1,"biggrid50-goal(9,31)",0.8534013032913208,0.29459883775289714
finetune,38,"biggrid50-goal(33,24)",2,"biggrid50-goal(15,31)",0.843197226524353,0.24796111270403523
finetune,38,"biggrid50-goal(33,24)",3,"biggrid50-goal(9,24)",0.8632652759552002,0.09865448123169288
finetune,38,"biggrid50-goal(33,24)",4,"biggrid50-goal(21,17)",0.7853740453720093,0.2461167694050567
finetune,38,"biggrid50-goal(33,24)",5,"biggrid50-goal(27,3)",0.7329931855201721,0.16931204470656128
finetune,38,"biggrid50-goal(33,24)",6,"biggrid50-goal(3,31)",0.8404761552810669,0.4416667431592668
finetune,38,"biggrid50-goal(33,24)",7,"biggrid50-goal(33,10)",0.8581631183624268,0.41101626220506915
finetune,38,"biggrid50-goal(33,24)",8,"biggrid50-goal(27,45)",0.6877550482749939,0.12985773693291935
finetune,38,"biggrid50-goal(33,24)",9,"biggrid50-goal(21,45)",0.8714284896850586,0.5499995931981903
finetune,38,"biggrid50-goal(33,24)",10,"biggrid50-goal(33,3)",0.8302720785140991,0.4335980529325158
finetune,38,"biggrid50-goal(33,24)",11,"biggrid50-goal(21,24)",0.9336734414100647,0.681372408658802
finetune,38,"biggrid50-goal(33,24)",12,"biggrid50-goal(21,3)",0.7976190447807312,0.3532609627326708
finetune,38,"biggrid50-goal(33,24)",13,"biggrid50-goal(3,17)",0.7448978424072266,-0.18483444335616867
finetune,38,"biggrid50-goal(33,24)",14,"biggrid50-goal(15,45)",0.8081632256507874,0.24699575007691507
finetune,38,"biggrid50-goal(33,24)",15,"biggrid50-goal(3,24)",0.8302720785140991,0.2757623341538214
finetune,38,"biggrid50-goal(33,24)",16,"biggrid50-goal(3,10)",0.6755101680755615,0.002092219706898606
finetune,38,"biggrid50-goal(33,24)",17,"biggrid50-goal(46,31)",0.7710884213447571,0.33824980856538106
finetune,38,"biggrid50-goal(33,24)",18,"biggrid50-goal(46,24)",0.8496597409248352,0.5903611503189764
finetune,38,"biggrid50-goal(33,24)",19,"biggrid50-goal(3,45)",0.7629251480102539,0.30715696051491304
finetune,38,"biggrid50-goal(33,24)",20,"biggrid50-goal(21,10)",0.7663265466690063,0.13257551871580844
finetune,38,"biggrid50-goal(33,24)",21,"biggrid50-goal(40,3)",0.7734693288803101,0.4168124423035374
finetune,38,"biggrid50-goal(33,24)",22,"biggrid50-goal(15,38)",0.9119046330451965,0.4941399785813077
finetune,38,"biggrid50-goal(33,24)",23,"biggrid50-goal(40,45)",0.750680148601532,0.39521424826663654
finetune,38,"biggrid50-goal(33,24)",24,"biggrid50-goal(15,17)",0.8792516589164734,0.3568836513696636
finetune,38,"biggrid50-goal(33,24)",25,"biggrid50-goal(15,24)",0.8877551555633545,0.29936326586496353
finetune,38,"biggrid50-goal(33,24)",26,"biggrid50-goal(21,38)",0.8540815711021423,0.27899130261657795
finetune,38,"biggrid50-goal(33,24)",27,"biggrid50-goal(33,17)",0.9666665196418762,0.8727267182563262
finetune,38,"biggrid50-goal(33,24)",28,"biggrid50-goal(27,17)",0.7867346405982971,0.21132070314592313
finetune,38,"biggrid50-goal(33,24)",29,"biggrid50-goal(3,3)",0.6622449159622192,-0.23200934020658903
finetune,38,"biggrid50-goal(33,24)",30,"biggrid50-goal(9,10)",0.7329931855201721,-0.9773272808009541
finetune,38,"biggrid50-goal(33,24)",31,"biggrid50-goal(46,17)",0.8414965271949768,0.5358564294145789
finetune,38,"biggrid50-goal(33,24)",32,"biggrid50-goal(40,10)",0.680272102355957,0.05622472930968141
finetune,38,"biggrid50-goal(33,24)",33,"biggrid50-goal(46,38)",0.7969387769699097,0.4477336310049692
finetune,38,"biggrid50-goal(33,24)",34,"biggrid50-goal(27,31)",0.9520407319068909,0.754354991158742
finetune,38,"biggrid50-goal(33,24)",35,"biggrid50-goal(21,31)",0.9044216871261597,0.5951006189624772
finetune,38,"biggrid50-goal(33,24)",36,"biggrid50-goal(46,10)",0.7826529145240784,0.4607591118038462
finetune,38,"biggrid50-goal(33,24)",37,"biggrid50-goal(9,17)",0.84183669090271,0.21052615920146378
finetune,38,"biggrid50-goal(33,24)",38,"biggrid50-goal(33,24)",0.9448978304862976,0.7515331281189015
finetune,39,"biggrid50-goal(40,17)",0,"biggrid50-goal(40,31)",0.8863944411277771,0.647306881881479
finetune,39,"biggrid50-goal(40,17)",1,"biggrid50-goal(9,31)",0.788095235824585,-0.019639807795005813
finetune,39,"biggrid50-goal(40,17)",2,"biggrid50-goal(15,31)",0.8071429133415222,0.07504168680850139
finetune,39,"biggrid50-goal(40,17)",3,"biggrid50-goal(9,24)",0.7843536734580994,-0.4215251570164806
finetune,39,"biggrid50-goal(40,17)",4,"biggrid50-goal(21,17)",0.7479591369628906,0.11469523619501082
finetune,39,"biggrid50-goal(40,17)",5,"biggrid50-goal(27,3)",0.7472788691520691,0.21375639849306727
finetune,39,"biggrid50-goal(40,17)",6,"biggrid50-goal(3,31)",0.7221088409423828,0.027381291133895706
finetune,39,"biggrid50-goal(40,17)",7,"biggrid50-goal(33,10)",0.9278910756111145,0.7005645969892286
finetune,39,"biggrid50-goal(40,17)",8,"biggrid50-goal(27,45)",0.6765305995941162,0.09857823305975222
finetune,39,"biggrid50-goal(40,17)",9,"biggrid50-goal(21,45)",0.764285683631897,0.17499967142930756
finetune,39,"biggrid50-goal(40,17)",10,"biggrid50-goal(33,3)",0.875510036945343,0.5845624170306346
finetune,39,"biggrid50-goal(40,17)",11,"biggrid50-goal(21,24)",0.8721087574958801,0.3856204902073073
finetune,39,"biggrid50-goal(40,17)",12,"biggrid50-goal(21,3)",0.7908163666725159,0.33152197308426223
finetune,39,"biggrid50-goal(40,17)",13,"biggrid50-goal(3,17)",0.7377551198005676,-0.21800916772372142
finetune,39,"biggrid50-goal(40,17)",14,"biggrid50-goal(15,45)",0.7646259069442749,0.0761015817013496
finetune,39,"biggrid50-goal(40,17)",15,"biggrid50-goal(3,24)",0.7319728136062622,-0.14368562436702115
finetune,39,"biggrid50-goal(40,17)",16,"biggrid50-goal(3,10)",0.6690475940704346,-0.017782217782217783
finetune,39,"biggrid50-goal(40,17)",17,"biggrid50-goal(46,31)",0.7904761433601379,0.3942969025154957
finetune,39,"biggrid50-goal(40,17)",18,"biggrid50-goal(46,24)",0.9190475344657898,0.779425184815618
finetune,39,"biggrid50-goal(40,17)",19,"biggrid50-goal(3,45)",0.6734693646430969,0.04572553357342867
finetune,39,"biggrid50-goal(40,17)",20,"biggrid50-goal(21,10)",0.7462584972381592,0.058080461105303044
finetune,39,"biggrid50-goal(40,17)",21,"biggrid50-goal(40,3)",0.8965985774993896,0.7338001836466128
finetune,39,"biggrid50-goal(40,17)",22,"biggrid50-goal(15,38)",0.8221088647842407,-0.021484064157505766
finetune,39,"biggrid50-goal(40,17)",23,"biggrid50-goal(40,45)",0.722108781337738,0.32590746931678427
finetune,39,"biggrid50-goal(40,17)",24,"biggrid50-goal(15,17)",0.841496467590332,0.1557961617228152
finetune,39,"biggrid50-goal(40,17)",25,"biggrid50-goal(15,24)",0.823469340801239,-0.10191131856872107
finetune,39,"biggrid50-goal(40,17)",26,"biggrid50-goal(21,38)",0.8010204434394836,0.01680691078400737
finetune,39,"biggrid50-goal(40,17)",27,"biggrid50-goal(33,17)",0.9588434100151062,0.8428566649362897
finetune,39,"biggrid50-goal(40,17)",28,"biggrid50-goal(27,17)",0.8044216632843018,0.2767293032794564
finetune,39,"biggrid50-goal(40,17)",29,"biggrid50-goal(3,3)",0.6278911828994751,-0.3573194302821847
finetune,39,"biggrid50-goal(40,17)",30,"biggrid50-goal(9,10)",0.7377551198005676,-0.942062628172702
finetune,39,"biggrid50-goal(40,17)",31,"biggrid50-goal(46,17)",0.9588434100151062,0.8794817155065929
finetune,39,"biggrid50-goal(40,17)",32,"biggrid50-goal(40,10)",0.6952381134033203,0.10040151598190548
finetune,39,"biggrid50-goal(40,17)",33,"biggrid50-goal(46,38)",0.8452379703521729,0.5790931281880363
finetune,39,"biggrid50-goal(40,17)",34,"biggrid50-goal(27,31)",0.8755101561546326,0.36236915182540225
finetune,39,"biggrid50-goal(40,17)",35,"biggrid50-goal(21,31)",0.8200679421424866,0.2377519892877803
finetune,39,"biggrid50-goal(40,17)",36,"biggrid50-goal(46,10)",0.950680136680603,0.8776367907403533
finetune,39,"biggrid50-goal(40,17)",37,"biggrid50-goal(9,17)",0.807823121547699,0.04074706573642949
finetune,39,"biggrid50-goal(40,17)",38,"biggrid50-goal(33,24)",0.8904761672019958,0.5061347970159066
finetune,39,"biggrid50-goal(40,17)",39,"biggrid50-goal(40,17)",0.9955781102180481,0.9867343298634488
finetune,40,"biggrid50-goal(40,38)",0,"biggrid50-goal(40,31)",0.9479590654373169,0.8384367837021189
finetune,40,"biggrid50-goal(40,38)",1,"biggrid50-goal(9,31)",0.8183672428131104,0.12602253022490645
finetune,40,"biggrid50-goal(40,38)",2,"biggrid50-goal(15,31)",0.8095238208770752,0.0864607134883447
finetune,40,"biggrid50-goal(40,38)",3,"biggrid50-goal(9,24)",0.8102039694786072,-0.2511218550045872
finetune,40,"biggrid50-goal(40,38)",4,"biggrid50-goal(21,17)",0.7452381253242493,0.10513756155039046
finetune,40,"biggrid50-goal(40,38)",5,"biggrid50-goal(27,3)",0.7200679183006287,0.1291000979847482
finetune,40,"biggrid50-goal(40,38)",6,"biggrid50-goal(3,31)",0.8537414073944092,0.4880951089518873
finetune,40,"biggrid50-goal(40,38)",7,"biggrid50-goal(33,10)",0.8387754559516907,0.3305081620413903
finetune,40,"biggrid50-goal(40,38)",8,"biggrid50-goal(27,45)",0.6857143044471741,0.12417073561274042
finetune,40,"biggrid50-goal(40,38)",9,"biggrid50-goal(21,45)",0.8789114356040955,0.5761899109396099
finetune,40,"biggrid50-goal(40,38)",10,"biggrid50-goal(33,3)",0.8030611276626587,0.3427919238708707
finetune,40,"biggrid50-goal(40,38)",11,"biggrid50-goal(21,24)",0.8755100965499878,0.4019602565570954
finetune,40,"biggrid50-goal(40,38)",12,"biggrid50-goal(21,3)",0.7690475583076477,0.2619564443066247
finetune,40,"biggrid50-goal(40,38)",13,"biggrid50-goal(3,17)",0.7377551794052124,-0.21800889088703457
finetune,40,"biggrid50-goal(40,38)",14,"biggrid50-goal(15,45)",0.7768707275390625,0.12416536915138406
finetune,40,"biggrid50-goal(40,38)",15,"biggrid50-goal(3,24)",0.75782310962677,-0.03338109764316958
finetune,40,"biggrid50-goal(40,38)",16,"biggrid50-goal(3,10)",0.6673469543457031,-0.023012217140657508
finetune,40,"biggrid50-goal(40,38)",17,"biggrid50-goal(46,31)",0.8071427941322327,0.4424777739410443
finetune,40,"biggrid50-goal(40,38)",18,"biggrid50-goal(46,24)",0.9428569674491882,0.8442998151965625
finetune,40,"biggrid50-goal(40,38)",19,"biggrid50-goal(3,45)",0.763945460319519,0.3101387878814272
finetune,40,"biggrid50-goal(40,38)",20,"biggrid50-goal(21,10)",0.7418367266654968,0.04166630711958536
finetune,40,"biggrid50-goal(40,38)",21,"biggrid50-goal(40,3)",0.8843535780906677,0.7022762788973347
finetune,40,"biggrid50-goal(40,38)",22,"biggrid50-goal(15,38)",0.9221087694168091,0.5527340320705386
finetune,40,"biggrid50-goal(40,38)",23,"biggrid50-goal(40,45)",0.7639455199241638,0.427392622842025
finetune,40,"biggrid50-goal(40,38)",24,"biggrid50-goal(15,17)",0.819387674331665,0.03804277260336247
finetune,40,"biggrid50-goal(40,38)",25,"biggrid50-goal(15,24)",0.8462584018707275,0.04033889703688325
finetune,40,"biggrid50-goal(40,38)",26,"biggrid50-goal(21,38)",0.8448979258537292,0.23361329143729923
finetune,40,"biggrid50-goal(40,38)",27,"biggrid50-goal(33,17)",0.9414965510368347,0.7766232069718184
finetune,40,"biggrid50-goal(40,38)",28,"biggrid50-goal(27,17)",0.7687075138092041,0.14465435976879215
finetune,40,"biggrid50-goal(40,38)",29,"biggrid50-goal(3,3)",0.6068027019500732,-0.4342426409999413
finetune,40,"biggrid50-goal(40,38)",30,"biggrid50-goal(9,10)",0.7190476059913635,-1.0806017043493308
finetune,40,"biggrid50-goal(40,38)",31,"biggrid50-goal(46,17)",0.8826530575752258,0.6563745393685126
finetune,40,"biggrid50-goal(40,38)",32,"biggrid50-goal(40,10)",0.6812924742698669,0.05923667098368337
finetune,40,"biggrid50-goal(40,38)",33,"biggrid50-goal(46,38)",0.9159862399101257,0.771507461946198
finetune,40,"biggrid50-goal(40,38)",34,"biggrid50-goal(27,31)",0.9047619104385376,0.5121951964126963
finetune,40,"biggrid50-goal(40,38)",35,"biggrid50-goal(21,31)",0.8323128819465637,0.2896253525899437
finetune,40,"biggrid50-goal(40,38)",36,"biggrid50-goal(46,10)",0.8636052012443542,0.6616027665368528
finetune,40,"biggrid50-goal(40,38)",37,"biggrid50-goal(9,17)",0.8003400564193726,0.003395266501048748
finetune,40,"biggrid50-goal(40,38)",38,"biggrid50-goal(33,24)",0.8996597528457642,0.5475454495854366
finetune,40,"biggrid50-goal(40,38)",39,"biggrid50-goal(40,17)",0.9935372471809387,0.9806117403871858
finetune,40,"biggrid50-goal(40,38)",40,"biggrid50-goal(40,38)",0.7404761910438538,0.28491097040273783
finetune,41,"biggrid50-goal(33,38)",0,"biggrid50-goal(40,31)",0.8931971788406372,0.6684262601892752
finetune,41,"biggrid50-goal(33,38)",1,"biggrid50-goal(9,31)",0.8333332538604736,0.19803573241586442
finetune,41,"biggrid50-goal(33,38)",2,"biggrid50-goal(15,31)",0.8326530456542969,0.19739036147815864
finetune,41,"biggrid50-goal(33,38)",3,"biggrid50-goal(9,24)",0.7972789406776428,-0.33632272019142556
finetune,41,"biggrid50-goal(33,38)",4,"biggrid50-goal(21,17)",0.7602040767669678,0.1577061329616146
finetune,41,"biggrid50-goal(33,38)",5,"biggrid50-goal(27,3)",0.688435435295105,0.030687918206100274
finetune,41,"biggrid50-goal(33,38)",6,"biggrid50-goal(3,31)",0.8146257996559143,0.3511905308280477
finetune,41,"biggrid50-goal(33,38)",7,"biggrid50-goal(33,10)",0.796598494052887,0.1553665177723925
finetune,41,"biggrid50-goal(33,38)",8,"biggrid50-goal(27,45)",0.6894557476043701,0.13459712616910915
finetune,41,"biggrid50-goal(33,38)",9,"biggrid50-goal(21,45)",0.9724488854408264,0.9035710731786388
finetune,41,"biggrid50-goal(33,38)",10,"biggrid50-goal(33,3)",0.7676870226860046,0.22474439368762503
finetune,41,"biggrid50-goal(33,38)",11,"biggrid50-goal(21,24)",0.8806121945381165,0.4264703355858435
finetune,41,"biggrid50-goal(33,38)",12,"biggrid50-goal(21,3)",0.7425169348716736,0.1771738132507837
finetune,41,"biggrid50-goal(33,38)",13,"biggrid50-goal(3,17)",0.7204082012176514,-0.2985777792050247
finetune,41,"biggrid50-goal(33,38)",14,"biggrid50-goal(15,45)",0.8302720189094543,0.3337779394716432
finetune,41,"biggrid50-goal(33,38)",15,"biggrid50-goal(3,24)",0.7551020383834839,-0.044992046911775406
finetune,41,"biggrid50-goal(33,38)",16,"biggrid50-goal(3,10)",0.668367326259613,-0.01987425418618079
finetune,41,"biggrid50-goal(33,38)",17,"biggrid50-goal(46,31)",0.7846937775611877,0.37758092118821107
finetune,41,"biggrid50-goal(33,38)",18,"biggrid50-goal(46,24)",0.7935373783111572,0.43744203069078547
finetune,41,"biggrid50-goal(33,38)",19,"biggrid50-goal(3,45)",0.8207482099533081,0.47614285527650885
finetune,41,"biggrid50-goal(33,38)",20,"biggrid50-goal(21,10)",0.7435374855995178,0.047979732607601376
finetune,41,"biggrid50-goal(33,38)",21,"biggrid50-goal(40,3)",0.6996597051620483,0.2267946668827215
finetune,41,"biggrid50-goal(33,38)",22,"biggrid50-goal(15,38)",0.8996598124504089,0.42382793582058953
finetune,41,"biggrid50-goal(33,38)",23,"biggrid50-goal(40,45)",0.79795902967453,0.5099006379402231
finetune,41,"biggrid50-goal(33,38)",24,"biggrid50-goal(15,17)",0.8309523463249207,0.09963723890137387
finetune,41,"biggrid50-goal(33,38)",25,"biggrid50-goal(15,24)",0.8591836094856262,0.12101855138333598
finetune,41,"biggrid50-goal(33,38)",26,"biggrid50-goal(21,38)",0.865646243095398,0.33613438695831316
finetune,41,"biggrid50-goal(33,38)",27,"biggrid50-goal(33,17)",0.9163265228271484,0.6805194681059519
finetune,41,"biggrid50-goal(33,38)",28,"biggrid50-goal(27,17)",0.7789115309715271,0.18238996344697475
finetune,41,"biggrid50-goal(33,38)",29,"biggrid50-goal(3,3)",0.5996598601341248,-0.46029716467332105
finetune,41,"biggrid50-goal(33,38)",30,"biggrid50-goal(9,10)",0.7013605237007141,-1.211583943133033
finetune,41,"biggrid50-goal(33,38)",31,"biggrid50-goal(46,17)",0.8231291174888611,0.48207139257889575
finetune,41,"biggrid50-goal(33,38)",32,"biggrid50-goal(40,10)",0.6816326379776001,0.060240768835983685
finetune,41,"biggrid50-goal(33,38)",33,"biggrid50-goal(46,38)",0.8465985655784607,0.5827935441221145
finetune,41,"biggrid50-goal(33,38)",34,"biggrid50-goal(27,31)",0.9234693050384521,0.608013550082551
finetune,41,"biggrid50-goal(33,38)",35,"biggrid50-goal(21,31)",0.8676871061325073,0.4394815390710437
finetune,41,"biggrid50-goal(33,38)",36,"biggrid50-goal(46,10)",0.7139455080032349,0.29029516085264584
finetune,41,"biggrid50-goal(33,38)",37,"biggrid50-goal(9,17)",0.7969387769699097,-0.01358225607307023
finetune,41,"biggrid50-goal(33,38)",38,"biggrid50-goal(33,24)",0.8996598124504089,0.5475457183548837
finetune,41,"biggrid50-goal(33,38)",39,"biggrid50-goal(40,17)",0.8486393094062805,0.5459179011534393
finetune,41,"biggrid50-goal(33,38)",40,"biggrid50-goal(40,38)",0.7275510430335999,0.24929716069013746
finetune,41,"biggrid50-goal(33,38)",41,"biggrid50-goal(33,38)",0.9003400802612305,0.6478364156830086
finetune,42,"biggrid50-goal(9,45)",0,"biggrid50-goal(40,31)",0.7959182858467102,0.36641994608156897
finetune,42,"biggrid50-goal(9,45)",1,"biggrid50-goal(9,31)",0.9078231453895569,0.5564649493187529
finetune,42,"biggrid50-goal(9,45)",2,"biggrid50-goal(15,31)",0.883673369884491,0.4420879966862096
finetune,42,"biggrid50-goal(9,45)",3,"biggrid50-goal(9,24)",0.8680270910263062,0.13004402551554645
finetune,42,"biggrid50-goal(9,45)",4,"biggrid50-goal(21,17)",0.7527210712432861,0.13142174257401698
finetune,42,"biggrid50-goal(9,45)",5,"biggrid50-goal(27,3)",0.680272102355957,0.005290879704250728
finetune,42,"biggrid50-goal(9,45)",6,"biggrid50-goal(3,31)",0.9081631302833557,0.6785710709436878
finetune,42,"biggrid50-goal(9,45)",7,"biggrid50-goal(33,10)",0.7588434815406799,-0.0014127919050092978
finetune,42,"biggrid50-goal(9,45)",8,"biggrid50-goal(27,45)",0.6897959113121033,0.1355450704571593
finetune,42,"biggrid50-goal(9,45)",9,"biggrid50-goal(21,45)",0.8945577144622803,0.6309519016315673
finetune,42,"biggrid50-goal(9,45)",10,"biggrid50-goal(33,3)",0.7108843326568604,0.03518716615832494
finetune,42,"biggrid50-goal(9,45)",11,"biggrid50-goal(21,24)",0.875850260257721,0.4035943763600962
finetune,42,"biggrid50-goal(9,45)",12,"biggrid50-goal(21,3)",0.7081632018089294,0.06739124886143161
finetune,42,"biggrid50-goal(9,45)",13,"biggrid50-goal(3,17)",0.7727890014648438,-0.055292591462688785
finetune,42,"biggrid50-goal(9,45)",14,"biggrid50-goal(15,45)",0.892857015132904,0.5794387013227053
finetune,42,"biggrid50-goal(9,45)",15,"biggrid50-goal(3,24)",0.8425168991088867,0.32801160586254763
finetune,42,"biggrid50-goal(9,45)",16,"biggrid50-goal(3,10)",0.690816342830658,0.04916349705340531
finetune,42,"biggrid50-goal(9,45)",17,"biggrid50-goal(46,31)",0.7295917272567749,0.218288881215422
finetune,42,"biggrid50-goal(9,45)",18,"biggrid50-goal(46,24)",0.7438775300979614,0.30213161402310373
finetune,42,"biggrid50-goal(9,45)",19,"biggrid50-goal(3,45)",0.9071427583694458,0.7286279291559067
finetune,42,"biggrid50-goal(9,45)",20,"biggrid50-goal(21,10)",0.7435373067855835,0.04797906882837435
finetune,42,"biggrid50-goal(9,45)",21,"biggrid50-goal(40,3)",0.6319727301597595,0.052539227456641725
finetune,42,"biggrid50-goal(9,45)",22,"biggrid50-goal(15,38)",0.9564625024795532,0.7499995721737713
finetune,42,"biggrid50-goal(9,45)",23,"biggrid50-goal(40,45)",0.7666665315628052,0.4339930963306798
finetune,42,"biggrid50-goal(9,45)",24,"biggrid50-goal(15,17)",0.8462584614753723,0.18115896250389285
finetune,42,"biggrid50-goal(9,45)",25,"biggrid50-goal(15,24)",0.885374128818512,0.2845008032657459
finetune,42,"biggrid50-goal(9,45)",26,"biggrid50-goal(21,38)",0.855102002620697,0.284033434755193
finetune,42,"biggrid50-goal(9,45)",27,"biggrid50-goal(33,17)",0.8248298168182373,0.33116842772914995
finetune,42,"biggrid50-goal(9,45)",28,"biggrid50-goal(27,17)",0.7724489569664001,0.15849063757178405
finetune,42,"biggrid50-goal(9,45)",29,"biggrid50-goal(3,3)",0.634353756904602,-0.33374627946263374
finetune,42,"biggrid50-goal(9,45)",30,"biggrid50-goal(9,10)",0.7248298525810242,-1.0377810971362589
finetune,42,"biggrid50-goal(9,45)",31,"biggrid50-goal(46,17)",0.7384353876113892,0.23406389157049395
finetune,42,"biggrid50-goal(9,45)",32,"biggrid50-goal(40,10)",0.6680271029472351,0.020079845748612393
finetune,42,"biggrid50-goal(9,45)",33,"biggrid50-goal(46,38)",0.7248298525810242,0.2516187192057536
finetune,42,"biggrid50-goal(9,45)",34,"biggrid50-goal(27,31)",0.8948978781700134,0.46167210900635985
finetune,42,"biggrid50-goal(9,45)",35,"biggrid50-goal(21,31)",0.8697278499603271,0.44812676294971865
finetune,42,"biggrid50-goal(9,45)",36,"biggrid50-goal(46,10)",0.6806122064590454,0.20759481503553923
finetune,42,"biggrid50-goal(9,45)",37,"biggrid50-goal(9,17)",0.8241495490074158,0.12224060217485087
finetune,42,"biggrid50-goal(9,45)",38,"biggrid50-goal(33,24)",0.8513604402542114,0.3297540410158303
finetune,42,"biggrid50-goal(9,45)",39,"biggrid50-goal(40,17)",0.7646257877349854,0.2938773211167646
finetune,42,"biggrid50-goal(9,45)",40,"biggrid50-goal(40,38)",0.6887754797935486,0.14245540308437982
finetune,42,"biggrid50-goal(9,45)",41,"biggrid50-goal(33,38)",0.8105441927909851,0.3305288995688354
finetune,42,"biggrid50-goal(9,45)",42,"biggrid50-goal(9,45)",0.9608842134475708,0.8424652519472376
finetune,43,"biggrid50-goal(9,38)",0,"biggrid50-goal(40,31)",0.7534013986587524,0.23442452557683635
finetune,43,"biggrid50-goal(9,38)",1,"biggrid50-goal(9,31)",0.9085032343864441,0.5597373902040156
finetune,43,"biggrid50-goal(9,38)",2,"biggrid50-goal(15,31)",0.9057822823524475,0.5481241436444662
finetune,43,"biggrid50-goal(9,38)",3,"biggrid50-goal(9,24)",0.905102014541626,0.3744392689524835
finetune,43,"biggrid50-goal(9,38)",4,"biggrid50-goal(21,17)",0.7540816068649292,0.1362006845783127
finetune,43,"biggrid50-goal(9,38)",5,"biggrid50-goal(27,3)",0.6727891564369202,-0.0179893989551755
finetune,43,"biggrid50-goal(9,38)",6,"biggrid50-goal(3,31)",0.9425169229507446,0.7988093022790066
finetune,43,"biggrid50-goal(9,38)",7,"biggrid50-goal(33,10)",0.7353742122650146,-0.09886993973358428
finetune,43,"biggrid50-goal(9,38)",8,"biggrid50-goal(27,45)",0.680272102355957,0.10900478971815143
finetune,43,"biggrid50-goal(9,38)",9,"biggrid50-goal(21,45)",0.8775508999824524,0.5714280349866245
finetune,43,"biggrid50-goal(9,38)",10,"biggrid50-goal(33,3)",0.688095211982727,-0.040862797859276
finetune,43,"biggrid50-goal(9,38)",11,"biggrid50-goal(21,24)",0.8799318671226501,0.42320209597984193
finetune,43,"biggrid50-goal(9,38)",12,"biggrid50-goal(21,3)",0.7210884094238281,0.10869571014477294
finetune,43,"biggrid50-goal(9,38)",13,"biggrid50-goal(3,17)",0.7816326022148132,-0.014218055399450424
finetune,43,"biggrid50-goal(9,38)",14,"biggrid50-goal(15,45)",0.8840135931968689,0.5447261999043095
finetune,43,"biggrid50-goal(9,38)",15,"biggrid50-goal(3,24)",0.8880951404571533,0.5224962777919359
finetune,43,"biggrid50-goal(9,38)",16,"biggrid50-goal(3,10)",0.6948978900909424,0.06171553217424777
finetune,43,"biggrid50-goal(9,38)",17,"biggrid50-goal(46,31)",0.6996598839759827,0.13176026113680803
finetune,43,"biggrid50-goal(9,38)",18,"biggrid50-goal(46,24)",0.6972788572311401,0.1751621191768606
finetune,43,"biggrid50-goal(9,38)",19,"biggrid50-goal(3,45)",0.8802719116210938,0.6500988107006458
finetune,43,"biggrid50-goal(9,38)",20,"biggrid50-goal(21,10)",0.7445577383041382,0.05176703561728702
finetune,43,"biggrid50-goal(9,38)",21,"biggrid50-goal(40,3)",0.597278892993927,-0.03677765870209966
finetune,43,"biggrid50-goal(9,38)",22,"biggrid50-goal(15,38)",0.9639455080032349,0.7929683850107487
finetune,43,"biggrid50-goal(9,38)",23,"biggrid50-goal(40,45)",0.76666659116745,0.43399324091619795
finetune,43,"biggrid50-goal(9,38)",24,"biggrid50-goal(15,17)",0.8663265109062195,0.28804316942787744
finetune,43,"biggrid50-goal(9,38)",25,"biggrid50-goal(15,24)",0.8887755274772644,0.30573246748801425
finetune,43,"biggrid50-goal(9,38)",26,"biggrid50-goal(21,38)",0.8809522986412048,0.41176430741808967
finetune,43,"biggrid50-goal(9,38)",27,"biggrid50-goal(33,17)",0.7772108316421509,0.1493504941815412
finetune,43,"biggrid50-goal(9,38)",28,"biggrid50-goal(27,17)",0.7683674097061157,0.14339661652519442
finetune,43,"biggrid50-goal(9,38)",29,"biggrid50-goal(3,3)",0.6619047522544861,-0.23325013534168068
finetune,43,"biggrid50-goal(9,38)",30,"biggrid50-goal(9,10)",0.7721088528633118,-0.6876549879982238
finetune,43,"biggrid50-goal(9,38)",31,"biggrid50-goal(46,17)",0.6969387531280518,0.11254985938227338
finetune,43,"biggrid50-goal(9,38)",32,"biggrid50-goal(40,10)",0.6704081296920776,0.027108178831815634
finetune,43,"biggrid50-goal(9,38)",33,"biggrid50-goal(46,38)",0.7248298525810242,0.2516187192057536
finetune,43,"biggrid50-goal(9,38)",34,"biggrid50-goal(27,31)",0.8959183096885681,0.46689870898095953
finetune,43,"biggrid50-goal(9,38)",35,"biggrid50-goal(21,31)",0.8727890849113464,0.46109510377525953
finetune,43,"biggrid50-goal(9,38)",36,"biggrid50-goal(46,10)",0.6159864068031311,0.04725738271831322
finetune,43,"biggrid50-goal(9,38)",37,"biggrid50-goal(9,17)",0.8431971669197083,0.2173169897207801
finetune,43,"biggrid50-goal(9,38)",38,"biggrid50-goal(33,24)",0.8357142210006714,0.2592020611391363
finetune,43,"biggrid50-goal(9,38)",39,"biggrid50-goal(40,17)",0.724829912185669,0.17448968735275788
finetune,43,"biggrid50-goal(9,38)",40,"biggrid50-goal(40,38)",0.6921768188476562,0.15182741505243827
finetune,43,"biggrid50-goal(9,38)",41,"biggrid50-goal(33,38)",0.7809523940086365,0.2259617480710698
finetune,43,"biggrid50-goal(9,38)",42,"biggrid50-goal(9,45)",0.9384352564811707,0.7520544206321372
finetune,43,"biggrid50-goal(9,38)",43,"biggrid50-goal(9,38)",0.9942176342010498,0.9805490270303001
finetune,44,"biggrid50-goal(9,3)",0,"biggrid50-goal(40,31)",0.6877550482749939,0.03062273770842782
finetune,44,"biggrid50-goal(9,3)",1,"biggrid50-goal(9,31)",0.8986393809318542,0.5122746647684024
finetune,44,"biggrid50-goal(9,3)",2,"biggrid50-goal(15,31)",0.8581631779670715,0.31973903614781585
finetune,44,"biggrid50-goal(9,3)",3,"biggrid50-goal(9,24)",0.9707483053207397,0.8071749213689755
finetune,44,"biggrid50-goal(9,3)",4,"biggrid50-goal(21,17)",0.769727885723114,0.19115893635565578
finetune,44,"biggrid50-goal(9,3)",5,"biggrid50-goal(27,3)",0.7656461596488953,0.27089908609380575
finetune,44,"biggrid50-goal(9,3)",6,"biggrid50-goal(3,31)",0.8551019430160522,0.49285698192465954
finetune,44,"biggrid50-goal(9,3)",7,"biggrid50-goal(33,10)",0.8207482695579529,0.25564949692183137
finetune,44,"biggrid50-goal(9,3)",8,"biggrid50-goal(27,45)",0.6687074899673462,0.07677734155693412
finetune,44,"biggrid50-goal(9,3)",9,"biggrid50-goal(21,45)",0.76564621925354,0.17976154738229294
finetune,44,"biggrid50-goal(9,3)",10,"biggrid50-goal(33,3)",0.7938774824142456,0.3121450243840923
finetune,44,"biggrid50-goal(9,3)",11,"biggrid50-goal(21,24)",0.8421767950057983,0.24182968732103996
finetune,44,"biggrid50-goal(9,3)",12,"biggrid50-goal(21,3)",0.8989794254302979,0.6771734322994186
finetune,44,"biggrid50-goal(9,3)",13,"biggrid50-goal(3,17)",0.8768707513809204,0.42812018477187824
finetune,44,"biggrid50-goal(9,3)",14,"biggrid50-goal(15,45)",0.807823121547699,0.245660761851062
finetune,44,"biggrid50-goal(9,3)",15,"biggrid50-goal(3,24)",0.9006801843643188,0.5761972996633099
finetune,44,"biggrid50-goal(9,3)",16,"biggrid50-goal(3,10)",0.7448978424072266,0.21548103272873914
finetune,44,"biggrid50-goal(9,3)",17,"biggrid50-goal(46,31)",0.6812924742698669,0.07866274217082378
finetune,44,"biggrid50-goal(9,3)",18,"biggrid50-goal(46,24)",0.7078229784965515,0.20389215950425452
finetune,44,"biggrid50-goal(9,3)",19,"biggrid50-goal(3,45)",0.7425169348716736,0.2475146648318389
finetune,44,"biggrid50-goal(9,3)",20,"biggrid50-goal(21,10)",0.7506802678108215,0.07449461509102073
finetune,44,"biggrid50-goal(9,3)",21,"biggrid50-goal(40,3)",0.7493196725845337,0.3546408211065936
finetune,44,"biggrid50-goal(9,3)",22,"biggrid50-goal(15,38)",0.8880951404571533,0.3574214331357233
finetune,44,"biggrid50-goal(9,3)",23,"biggrid50-goal(40,45)",0.6333332657814026,0.11056093108446946
finetune,44,"biggrid50-goal(9,3)",24,"biggrid50-goal(15,17)",0.9455781579017639,0.7101444536472459
finetune,44,"biggrid50-goal(9,3)",25,"biggrid50-goal(15,24)",0.8945578336715698,0.3418258502004258
finetune,44,"biggrid50-goal(9,3)",26,"biggrid50-goal(21,38)",0.8350340127944946,0.18487395700463188
finetune,44,"biggrid50-goal(9,3)",27,"biggrid50-goal(33,17)",0.8244897127151489,0.3298698484968137
finetune,44,"biggrid50-goal(9,3)",28,"biggrid50-goal(27,17)",0.75782310962677,0.10440260832936385
finetune,44,"biggrid50-goal(9,3)",29,"biggrid50-goal(3,3)",0.732312798500061,0.02357315081955095
finetune,44,"biggrid50-goal(9,3)",30,"biggrid50-goal(9,10)",0.9836733341217041,0.8790923673293907
finetune,44,"biggrid50-goal(9,3)",31,"biggrid50-goal(46,17)",0.7431972622871399,0.2480080246268215
finetune,44,"biggrid50-goal(9,3)",32,"biggrid50-goal(40,10)",0.6693877577781677,0.024096237157813675
finetune,44,"biggrid50-goal(9,3)",33,"biggrid50-goal(46,38)",0.6530612111091614,0.056429276130752895
finetune,44,"biggrid50-goal(9,3)",34,"biggrid50-goal(27,31)",0.851360559463501,0.23867610711110676
finetune,44,"biggrid50-goal(9,3)",35,"biggrid50-goal(21,31)",0.8231291174888611,0.25072007760955695
finetune,44,"biggrid50-goal(9,3)",36,"biggrid50-goal(46,10)",0.7017006278038025,0.25991545707083963
finetune,44,"biggrid50-goal(9,3)",37,"biggrid50-goal(9,17)",0.9336733222007751,0.6689296818053345
finetune,44,"biggrid50-goal(9,3)",38,"biggrid50-goal(33,24)",0.8544217348098755,0.3435580398214188
finetune,44,"biggrid50-goal(9,3)",39,"biggrid50-goal(40,17)",0.7707483172416687,0.3122449107316083
finetune,44,"biggrid50-goal(9,3)",40,"biggrid50-goal(40,38)",0.6561224460601807,0.05248359548908386
finetune,44,"biggrid50-goal(9,3)",41,"biggrid50-goal(33,38)",0.7224489450454712,0.019230854289709488
finetune,44,"biggrid50-goal(9,3)",42,"biggrid50-goal(9,45)",0.7744897603988647,0.09178104519857419
finetune,44,"biggrid50-goal(9,3)",43,"biggrid50-goal(9,38)",0.8275509476661682,0.4199083952446048
finetune,44,"biggrid50-goal(9,3)",44,"biggrid50-goal(9,3)",0.6942177414894104,0.13223948493658036
finetune,45,"biggrid50-goal(40,24)",0,"biggrid50-goal(40,31)",0.9316324591636658,0.787750164736369
finetune,45,"biggrid50-goal(40,24)",1,"biggrid50-goal(9,31)",0.7938775420188904,0.008183396650236586
finetune,45,"biggrid50-goal(40,24)",2,"biggrid50-goal(15,31)",0.8010204434394836,0.04567782193179229
finetune,45,"biggrid50-goal(40,24)",3,"biggrid50-goal(9,24)",0.8200680017471313,-0.18609885997292852
finetune,45,"biggrid50-goal(40,24)",4,"biggrid50-goal(21,17)",0.7704080939292908,0.19354819799383255
finetune,45,"biggrid50-goal(40,24)",5,"biggrid50-goal(27,3)",0.7717686295509338,0.2899467722518468
finetune,45,"biggrid50-goal(40,24)",6,"biggrid50-goal(3,31)",0.7544217705726624,0.14047650439387402
finetune,45,"biggrid50-goal(40,24)",7,"biggrid50-goal(33,10)",0.9068027138710022,0.6129942698764204
finetune,45,"biggrid50-goal(40,24)",8,"biggrid50-goal(27,45)",0.6744898557662964,0.09289123173957328
finetune,45,"biggrid50-goal(40,24)",9,"biggrid50-goal(21,45)",0.8105441927909851,0.3369044969123743
finetune,45,"biggrid50-goal(40,24)",10,"biggrid50-goal(33,3)",0.8404760956764221,0.4676500529691148
finetune,45,"biggrid50-goal(40,24)",11,"biggrid50-goal(21,24)",0.8870747685432434,0.4575160348184629
finetune,45,"biggrid50-goal(40,24)",12,"biggrid50-goal(21,3)",0.837755024433136,0.4815215730853289
finetune,45,"biggrid50-goal(40,24)",13,"biggrid50-goal(3,17)",0.7268707156181335,-0.2685623151076978
finetune,45,"biggrid50-goal(40,24)",14,"biggrid50-goal(15,45)",0.7653061151504517,0.07877155815305573
finetune,45,"biggrid50-goal(40,24)",15,"biggrid50-goal(3,24)",0.7496597766876221,-0.06821445412108329
finetune,45,"biggrid50-goal(40,24)",16,"biggrid50-goal(3,10)",0.6782312393188477,0.010460365322750643
finetune,45,"biggrid50-goal(40,24)",17,"biggrid50-goal(46,31)",0.7782312631607056,0.35889872884656077
finetune,45,"biggrid50-goal(40,24)",18,"biggrid50-goal(46,24)",0.9122447967529297,0.7608894601300267
finetune,45,"biggrid50-goal(40,24)",19,"biggrid50-goal(3,45)",0.7102040648460388,0.15308142193344976
finetune,45,"biggrid50-goal(40,24)",20,"biggrid50-goal(21,10)",0.7387754917144775,0.03030262801258968
finetune,45,"biggrid50-goal(40,24)",21,"biggrid50-goal(40,3)",0.9153059124946594,0.7819609247638127
finetune,45,"biggrid50-goal(40,24)",22,"biggrid50-goal(15,38)",0.8489795923233032,0.13281266310874967
finetune,45,"biggrid50-goal(40,24)",23,"biggrid50-goal(40,45)",0.7003400921821594,0.2731022355523644
finetune,45,"biggrid50-goal(40,24)",24,"biggrid50-goal(15,17)",0.8710883855819702,0.3134053352897311
finetune,45,"biggrid50-goal(40,24)",25,"biggrid50-goal(15,24)",0.8486393690109253,0.05520098758156366
finetune,45,"biggrid50-goal(40,24)",26,"biggrid50-goal(21,38)",0.8224489688873291,0.12268903504134578
finetune,45,"biggrid50-goal(40,24)",27,"biggrid50-goal(33,17)",0.9693875908851624,0.8831162624404505
finetune,45,"biggrid50-goal(40,24)",28,"biggrid50-goal(27,17)",0.8176869750022888,0.3257859186981189
finetune,45,"biggrid50-goal(40,24)",29,"biggrid50-goal(3,3)",0.6163265109062195,-0.3995032036299834
finetune,45,"biggrid50-goal(40,24)",30,"biggrid50-goal(9,10)",0.7476190328598022,-0.8690151127919777
finetune,45,"biggrid50-goal(40,24)",31,"biggrid50-goal(46,17)",0.9023807644844055,0.7141429160623964
finetune,45,"biggrid50-goal(40,24)",32,"biggrid50-goal(40,10)",0.6799319982528687,0.05522080739883059
finetune,45,"biggrid50-goal(40,24)",33,"biggrid50-goal(46,38)",0.8942174911499023,0.7123029143916304
finetune,45,"biggrid50-goal(40,24)",34,"biggrid50-goal(27,31)",0.905102014541626,0.5139371928761931
finetune,45,"biggrid50-goal(40,24)",35,"biggrid50-goal(21,31)",0.8309523463249207,0.28386170166831765
finetune,45,"biggrid50-goal(40,24)",36,"biggrid50-goal(46,10)",0.8411562442779541,0.6059066182902276
finetune,45,"biggrid50-goal(40,24)",37,"biggrid50-goal(9,17)",0.8057823181152344,0.030560373681626823
finetune,45,"biggrid50-goal(40,24)",38,"biggrid50-goal(33,24)",0.8846938610076904,0.48006120417850484
finetune,45,"biggrid50-goal(40,24)",39,"biggrid50-goal(40,17)",0.9714284539222717,0.9142853566578243
finetune,45,"biggrid50-goal(40,24)",40,"biggrid50-goal(40,38)",0.6690475940704346,0.08809740520168426
finetune,45,"biggrid50-goal(40,24)",41,"biggrid50-goal(33,38)",0.829931914806366,0.39903838356776633
finetune,45,"biggrid50-goal(40,24)",42,"biggrid50-goal(9,45)",0.7571428418159485,0.021918141002882297
finetune,45,"biggrid50-goal(40,24)",43,"biggrid50-goal(9,38)",0.7979591488838196,0.32036621852089037
finetune,45,"biggrid50-goal(40,24)",44,"biggrid50-goal(9,3)",0.6632652282714844,0.044401266515008274
finetune,45,"biggrid50-goal(40,24)",45,"biggrid50-goal(40,24)",0.98061203956604,0.9369462276213346
finetune,46,"biggrid50-goal(33,31)",0,"biggrid50-goal(40,31)",0.9714285135269165,0.911298648116269
finetune,46,"biggrid50-goal(33,31)",1,"biggrid50-goal(9,31)",0.8261905312538147,0.16366649898155675
finetune,46,"biggrid50-goal(33,31)",2,"biggrid50-goal(15,31)",0.8088434934616089,0.08319780772983346
finetune,46,"biggrid50-goal(33,31)",3,"biggrid50-goal(9,24)",0.8098638653755188,-0.2533637969207678
finetune,46,"biggrid50-goal(33,31)",4,"biggrid50-goal(21,17)",0.7615646123886108,0.1624850749659103
finetune,46,"biggrid50-goal(33,31)",5,"biggrid50-goal(27,3)",0.7292516231536865,0.15767162722180972
finetune,46,"biggrid50-goal(33,31)",6,"biggrid50-goal(3,31)",0.7751700282096863,0.213095380152924
finetune,46,"biggrid50-goal(33,31)",7,"biggrid50-goal(33,10)",0.878911554813385,0.4971750349670947
finetune,46,"biggrid50-goal(33,31)",8,"biggrid50-goal(27,45)",0.6738095879554749,0.09099550926550347
finetune,46,"biggrid50-goal(33,31)",9,"biggrid50-goal(21,45)",0.8619046807289124,0.5166662529109799
finetune,46,"biggrid50-goal(33,31)",10,"biggrid50-goal(33,3)",0.8261904120445251,0.4199770540101976
finetune,46,"biggrid50-goal(33,31)",11,"biggrid50-goal(21,24)",0.8846938014030457,0.4460780552055893
finetune,46,"biggrid50-goal(33,31)",12,"biggrid50-goal(21,3)",0.7816325426101685,0.3021736703940218
finetune,46,"biggrid50-goal(33,31)",13,"biggrid50-goal(3,17)",0.7142857909202576,-0.3270136131672387
finetune,46,"biggrid50-goal(33,31)",14,"biggrid50-goal(15,45)",0.7925170063972473,0.1855806765952419
finetune,46,"biggrid50-goal(33,31)",15,"biggrid50-goal(3,24)",0.7598639130592346,-0.024672885691715208
finetune,46,"biggrid50-goal(33,31)",16,"biggrid50-goal(3,10)",0.6755101680755615,0.002092219706898606
finetune,46,"biggrid50-goal(33,31)",17,"biggrid50-goal(46,31)",0.8078230619430542,0.4444443295721858
finetune,46,"biggrid50-goal(33,31)",18,"biggrid50-goal(46,24)",0.8921766877174377,0.7062089829834346
finetune,46,"biggrid50-goal(33,31)",19,"biggrid50-goal(3,45)",0.7465985417366028,0.25944301945294845
finetune,46,"biggrid50-goal(33,31)",20,"biggrid50-goal(21,10)",0.7445577383041382,0.05176703561728702
finetune,46,"biggrid50-goal(33,31)",21,"biggrid50-goal(40,3)",0.8064625263214111,0.5017511490189146
finetune,46,"biggrid50-goal(33,31)",22,"biggrid50-goal(15,38)",0.8656461834907532,0.22851533688577416
finetune,46,"biggrid50-goal(33,31)",23,"biggrid50-goal(40,45)",0.7244897484779358,0.33168308242444466
finetune,46,"biggrid50-goal(33,31)",24,"biggrid50-goal(15,17)",0.8462584018707275,0.18115864504428086
finetune,46,"biggrid50-goal(33,31)",25,"biggrid50-goal(15,24)",0.853061318397522,0.08280296959049445
finetune,46,"biggrid50-goal(33,31)",26,"biggrid50-goal(21,38)",0.8435373902320862,0.22689064493052194
finetune,46,"biggrid50-goal(33,31)",27,"biggrid50-goal(33,17)",0.9659863114356995,0.8701295597916539
finetune,46,"biggrid50-goal(33,31)",28,"biggrid50-goal(27,17)",0.7802720665931702,0.18742137727073244
finetune,46,"biggrid50-goal(33,31)",29,"biggrid50-goal(3,3)",0.619387686252594,-0.38833713449593105
finetune,46,"biggrid50-goal(33,31)",30,"biggrid50-goal(9,10)",0.7370748519897461,-0.9471003726333018
finetune,46,"biggrid50-goal(33,31)",31,"biggrid50-goal(46,17)",0.8564624786376953,0.5796810221310816
finetune,46,"biggrid50-goal(33,31)",32,"biggrid50-goal(40,10)",0.6748298406600952,0.04016021932157329
finetune,46,"biggrid50-goal(33,31)",33,"biggrid50-goal(46,38)",0.9085032343864441,0.7511559037901584
finetune,46,"biggrid50-goal(33,31)",34,"biggrid50-goal(27,31)",0.9125849604606628,0.552264473285724
finetune,46,"biggrid50-goal(33,31)",35,"biggrid50-goal(21,31)",0.8564625382423401,0.39193078770821776
finetune,46,"biggrid50-goal(33,31)",36,"biggrid50-goal(46,10)",0.8102039098739624,0.5291134822828809
finetune,46,"biggrid50-goal(33,31)",37,"biggrid50-goal(9,17)",0.7931970953941345,-0.032258899483807627
finetune,46,"biggrid50-goal(33,31)",38,"biggrid50-goal(33,24)",0.9326528906822205,0.6963182079743357
finetune,46,"biggrid50-goal(33,31)",39,"biggrid50-goal(40,17)",0.9350338578224182,0.8051015618504025
finetune,46,"biggrid50-goal(33,31)",40,"biggrid50-goal(40,38)",0.7214285731315613,0.23242737491365398
finetune,46,"biggrid50-goal(33,31)",41,"biggrid50-goal(33,38)",0.8863944411277771,0.5985573647295117
finetune,46,"biggrid50-goal(33,31)",42,"biggrid50-goal(9,45)",0.7993196249008179,0.19178073313164207
finetune,46,"biggrid50-goal(33,31)",43,"biggrid50-goal(9,38)",0.8333333134651184,0.43935936821430477
finetune,46,"biggrid50-goal(33,31)",44,"biggrid50-goal(9,3)",0.6571428179740906,0.02702685787870069
finetune,46,"biggrid50-goal(33,31)",45,"biggrid50-goal(40,24)",0.9948977828025818,0.9834065041091684
finetune,46,"biggrid50-goal(33,31)",46,"biggrid50-goal(33,31)",0.9602040648460388,0.8240600540838812
finetune,47,"biggrid50-goal(46,45)",0,"biggrid50-goal(40,31)",0.9210882782936096,0.7550153226566032
finetune,47,"biggrid50-goal(46,45)",1,"biggrid50-goal(9,31)",0.8023808598518372,0.04909951948751454
finetune,47,"biggrid50-goal(46,45)",2,"biggrid50-goal(15,31)",0.8156461715698242,0.11582400662758079
finetune,47,"biggrid50-goal(46,45)",3,"biggrid50-goal(9,24)",0.76564621925354,-0.5448433567834853
finetune,47,"biggrid50-goal(46,45)",4,"biggrid50-goal(21,17)",0.7428570985794067,0.09677409899691627
finetune,47,"biggrid50-goal(46,45)",5,"biggrid50-goal(27,3)",0.69047611951828,0.03703671423983195
finetune,47,"biggrid50-goal(46,45)",6,"biggrid50-goal(3,31)",0.7489795088768005,0.12142859527042081
finetune,47,"biggrid50-goal(46,45)",7,"biggrid50-goal(33,10)",0.7996597290039062,0.1680784272764872
finetune,47,"biggrid50-goal(46,45)",8,"biggrid50-goal(27,45)",0.6887754797935486,0.13270140369503933
finetune,47,"biggrid50-goal(46,45)",9,"biggrid50-goal(21,45)",0.8700678944587708,0.5452375086288922
finetune,47,"biggrid50-goal(46,45)",10,"biggrid50-goal(33,3)",0.7452380657196045,0.14982959579175004
finetune,47,"biggrid50-goal(46,45)",11,"biggrid50-goal(21,24)",0.8591835498809814,0.3235288054060245
finetune,47,"biggrid50-goal(46,45)",12,"biggrid50-goal(21,3)",0.7030611634254456,0.05108691138728392
finetune,47,"biggrid50-goal(46,45)",13,"biggrid50-goal(3,17)",0.701700747013092,-0.3854654649001533
finetune,47,"biggrid50-goal(46,45)",14,"biggrid50-goal(15,45)",0.8003400564193726,0.2162879793738938
finetune,47,"biggrid50-goal(46,45)",15,"biggrid50-goal(3,24)",0.7068026661872864,-0.2510879224458175
finetune,47,"biggrid50-goal(46,45)",16,"biggrid50-goal(3,10)",0.6517006754875183,-0.07112942103767791
finetune,47,"biggrid50-goal(46,45)",17,"biggrid50-goal(46,31)",0.7969387173652649,0.4129792671655339
finetune,47,"biggrid50-goal(46,45)",18,"biggrid50-goal(46,24)",0.8380950689315796,0.558850369631236
finetune,47,"biggrid50-goal(46,45)",19,"biggrid50-goal(3,45)",0.7534013390541077,0.27932395887314865
finetune,47,"biggrid50-goal(46,45)",20,"biggrid50-goal(21,10)",0.7285714745521545,-0.007575933577825348
finetune,47,"biggrid50-goal(46,45)",21,"biggrid50-goal(40,3)",0.6908162832260132,0.20402788826036572
finetune,47,"biggrid50-goal(46,45)",22,"biggrid50-goal(15,38)",0.8387755155563354,0.07421895188050164
finetune,47,"biggrid50-goal(46,45)",23,"biggrid50-goal(40,45)",0.7870747447013855,0.4834981656435313
finetune,47,"biggrid50-goal(46,45)",24,"biggrid50-goal(15,17)",0.7942177057266235,-0.09601470726890449
finetune,47,"biggrid50-goal(46,45)",25,"biggrid50-goal(15,24)",0.8272108435630798,-0.07855671115694823
finetune,47,"biggrid50-goal(46,45)",26,"biggrid50-goal(21,38)",0.8452380299568176,0.23529380580546147
finetune,47,"biggrid50-goal(46,45)",27,"biggrid50-goal(33,17)",0.8510203957557678,0.43116881461745965
finetune,47,"biggrid50-goal(46,45)",28,"biggrid50-goal(27,17)",0.7571428418159485,0.101886901417485
finetune,47,"biggrid50-goal(46,45)",29,"biggrid50-goal(3,3)",0.5721088647842407,-0.5607933087942741
finetune,47,"biggrid50-goal(46,45)",30,"biggrid50-goal(9,10)",0.6918367147445679,-1.282112806985484
finetune,47,"biggrid50-goal(46,45)",31,"biggrid50-goal(46,17)",0.8350339531898499,0.5169321615683977
finetune,47,"biggrid50-goal(46,45)",32,"biggrid50-goal(40,10)",0.6714285612106323,0.030120296447267093
finetune,47,"biggrid50-goal(46,45)",33,"biggrid50-goal(46,38)",0.917346715927124,0.7752075536663249
finetune,47,"biggrid50-goal(46,45)",34,"biggrid50-goal(27,31)",0.8816326260566711,0.39372814108889126
finetune,47,"biggrid50-goal(46,45)",35,"biggrid50-goal(21,31)",0.833673357963562,0.29538875100780565
finetune,47,"biggrid50-goal(46,45)",36,"biggrid50-goal(46,10)",0.7547617554664612,0.39156079083203876
finetune,47,"biggrid50-goal(46,45)",37,"biggrid50-goal(9,17)",0.7523810267448425,-0.23599274057986105
finetune,47,"biggrid50-goal(46,45)",38,"biggrid50-goal(33,24)",0.9047619104385376,0.5705521142614175
finetune,47,"biggrid50-goal(46,45)",39,"biggrid50-goal(40,17)",0.8261903524398804,0.4785710262400524
finetune,47,"biggrid50-goal(46,45)",40,"biggrid50-goal(40,38)",0.7170067429542542,0.22024351300421063
finetune,47,"biggrid50-goal(46,45)",41,"biggrid50-goal(33,38)",0.8465986251831055,0.4579327563550491
finetune,47,"biggrid50-goal(46,45)",42,"biggrid50-goal(9,45)",0.7755101323127747,0.09589048659156416
finetune,47,"biggrid50-goal(46,45)",43,"biggrid50-goal(9,38)",0.8034012913703918,0.3386727335502216
finetune,47,"biggrid50-goal(46,45)",44,"biggrid50-goal(9,3)",0.6421768665313721,-0.015444087936155303
finetune,47,"biggrid50-goal(46,45)",45,"biggrid50-goal(40,24)",0.8656461834907532,0.5630528031437328
finetune,47,"biggrid50-goal(46,45)",46,"biggrid50-goal(33,31)",0.9340136051177979,0.7082706386504222
finetune,47,"biggrid50-goal(46,45)",47,"biggrid50-goal(46,45)",0.9023808240890503,0.7776914182956801
finetune,48,"biggrid50-goal(3,38)",0,"biggrid50-goal(40,31)",0.8285713195800781,0.46779262887787376
finetune,48,"biggrid50-goal(3,38)",1,"biggrid50-goal(9,31)",0.8755101561546326,0.4009818469874328
finetune,48,"biggrid50-goal(3,38)",2,"biggrid50-goal(15,31)",0.9013605117797852,0.5269169714265621
finetune,48,"biggrid50-goal(3,38)",3,"biggrid50-goal(9,24)",0.8860543370246887,0.24887834145018986
finetune,48,"biggrid50-goal(3,38)",4,"biggrid50-goal(21,17)",0.755442202091217,0.14097983594657953
finetune,48,"biggrid50-goal(3,38)",5,"biggrid50-goal(27,3)",0.6901360154151917,0.035978612473658717
finetune,48,"biggrid50-goal(3,38)",6,"biggrid50-goal(3,31)",0.8591836094856262,0.5071428094591584
finetune,48,"biggrid50-goal(3,38)",7,"biggrid50-goal(33,10)",0.7510203123092651,-0.03389883786232803
finetune,48,"biggrid50-goal(3,38)",8,"biggrid50-goal(27,45)",0.6887754797935486,0.13270140369503933
finetune,48,"biggrid50-goal(3,38)",9,"biggrid50-goal(21,45)",0.9217685461044312,0.7261898379239006
finetune,48,"biggrid50-goal(3,38)",10,"biggrid50-goal(33,3)",0.7244897484779358,0.08059003178146888
finetune,48,"biggrid50-goal(3,38)",11,"biggrid50-goal(21,24)",0.8840135335922241,0.44281010193563164
finetune,48,"biggrid50-goal(3,38)",12,"biggrid50-goal(21,3)",0.7343537211418152,0.15108702567269344
finetune,48,"biggrid50-goal(3,38)",13,"biggrid50-goal(3,17)",0.7414966821670532,-0.20063129838067148
finetune,48,"biggrid50-goal(3,38)",14,"biggrid50-goal(15,45)",0.8741496205329895,0.5060077979596158
finetune,48,"biggrid50-goal(3,38)",15,"biggrid50-goal(3,24)",0.8554421067237854,0.38316412356052154
finetune,48,"biggrid50-goal(3,38)",16,"biggrid50-goal(3,10)",0.6755101680755615,0.002092219706898606
finetune,48,"biggrid50-goal(3,38)",17,"biggrid50-goal(46,31)",0.7299318909645081,0.2192722451851867
finetune,48,"biggrid50-goal(3,38)",18,"biggrid50-goal(46,24)",0.7448979020118713,0.3049118671610999
finetune,48,"biggrid50-goal(3,38)",19,"biggrid50-goal(3,45)",0.8680270314216614,0.6143135726448085
finetune,48,"biggrid50-goal(3,38)",20,"biggrid50-goal(21,10)",0.7367345690727234,0.022726473175021987
finetune,48,"biggrid50-goal(3,38)",21,"biggrid50-goal(40,3)",0.643877387046814,0.08318694390430735
finetune,48,"biggrid50-goal(3,38)",22,"biggrid50-goal(15,38)",0.962925136089325,0.7871092192445136
finetune,48,"biggrid50-goal(3,38)",23,"biggrid50-goal(40,45)",0.8085033297538757,0.5354783944414386
finetune,48,"biggrid50-goal(3,38)",24,"biggrid50-goal(15,17)",0.8690475225448608,0.302535518175039
finetune,48,"biggrid50-goal(3,38)",25,"biggrid50-goal(15,24)",0.8884352445602417,0.30360840813489803
finetune,48,"biggrid50-goal(3,38)",26,"biggrid50-goal(21,38)",0.9013604521751404,0.5126045940538771
finetune,48,"biggrid50-goal(3,38)",27,"biggrid50-goal(33,17)",0.8197278380393982,0.31168814617459634
finetune,48,"biggrid50-goal(3,38)",28,"biggrid50-goal(27,17)",0.7666667103767395,0.1371072390331556
finetune,48,"biggrid50-goal(3,38)",29,"biggrid50-goal(3,3)",0.6217687129974365,-0.3796520033829985
finetune,48,"biggrid50-goal(3,38)",30,"biggrid50-goal(9,10)",0.7568026781082153,-0.8010053418718533
finetune,48,"biggrid50-goal(3,38)",31,"biggrid50-goal(46,17)",0.7615646123886108,0.3017928869230314
finetune,48,"biggrid50-goal(3,38)",32,"biggrid50-goal(40,10)",0.6731292009353638,0.03514025788442019
finetune,48,"biggrid50-goal(3,38)",33,"biggrid50-goal(46,38)",0.8027209639549255,0.46345946660969145
finetune,48,"biggrid50-goal(3,38)",34,"biggrid50-goal(27,31)",0.9329931139945984,0.6567940304412814
finetune,48,"biggrid50-goal(3,38)",35,"biggrid50-goal(21,31)",0.883673369884491,0.5072043111482685
finetune,48,"biggrid50-goal(3,38)",36,"biggrid50-goal(46,10)",0.6489794850349426,0.129113630162764
finetune,48,"biggrid50-goal(3,38)",37,"biggrid50-goal(9,17)",0.8789114356040955,0.3955851419900927
finetune,48,"biggrid50-goal(3,38)",38,"biggrid50-goal(33,24)",0.8581632375717163,0.3604292355578753
finetune,48,"biggrid50-goal(3,38)",39,"biggrid50-goal(40,17)",0.7690475583076477,0.30714263362542593
finetune,48,"biggrid50-goal(3,38)",40,"biggrid50-goal(40,38)",0.7051020264625549,0.18744138899901688
finetune,48,"biggrid50-goal(3,38)",41,"biggrid50-goal(33,38)",0.8173469305038452,0.35456741477543785
finetune,48,"biggrid50-goal(3,38)",42,"biggrid50-goal(9,45)",0.9520407319068909,0.8068490529848842
finetune,48,"biggrid50-goal(3,38)",43,"biggrid50-goal(9,38)",0.9499998688697815,0.8318073894128417
finetune,48,"biggrid50-goal(3,38)",44,"biggrid50-goal(9,3)",0.6499999761581421,0.006756629895512004
finetune,48,"biggrid50-goal(3,38)",45,"biggrid50-goal(40,24)",0.8452380299568176,0.4966811457442445
finetune,48,"biggrid50-goal(3,38)",46,"biggrid50-goal(33,31)",0.8894557356834412,0.511277928010781
finetune,48,"biggrid50-goal(3,38)",47,"biggrid50-goal(46,45)",0.7598639130592346,0.4531370255314886
finetune,48,"biggrid50-goal(3,38)",48,"biggrid50-goal(3,38)",0.9999999403953552,0.9999997938381098
finetune,49,"biggrid50-goal(46,3)",0,"biggrid50-goal(40,31)",0.8955782055854797,0.6758182553988286
finetune,49,"biggrid50-goal(46,3)",1,"biggrid50-goal(9,31)",0.7948979735374451,0.013093492001305536
finetune,49,"biggrid50-goal(46,3)",2,"biggrid50-goal(15,31)",0.7772108912467957,-0.06851473181653288
finetune,49,"biggrid50-goal(46,3)",3,"biggrid50-goal(9,24)",0.803741455078125,-0.2937222875980064
finetune,49,"biggrid50-goal(46,3)",4,"biggrid50-goal(21,17)",0.7619047164916992,0.16367970578499869
finetune,49,"biggrid50-goal(46,3)",5,"biggrid50-goal(27,3)",0.8180271983146667,0.4338623347666353
finetune,49,"biggrid50-goal(46,3)",6,"biggrid50-goal(3,31)",0.7180271148681641,0.013095254983214741
finetune,49,"biggrid50-goal(46,3)",7,"biggrid50-goal(33,10)",0.9472787380218506,0.7810726971529075
finetune,49,"biggrid50-goal(46,3)",8,"biggrid50-goal(27,45)",0.6585034132003784,0.04834133834385645
finetune,49,"biggrid50-goal(46,3)",9,"biggrid50-goal(21,45)",0.7445577383041382,0.10595184426208133
finetune,49,"biggrid50-goal(46,3)",10,"biggrid50-goal(33,3)",0.8972787857055664,0.6572072804984149
finetune,49,"biggrid50-goal(46,3)",11,"biggrid50-goal(21,24)",0.8367346525192261,0.215686061161379
finetune,49,"biggrid50-goal(46,3)",12,"biggrid50-goal(21,3)",0.8843536972999573,0.6304346997931815
finetune,49,"biggrid50-goal(46,3)",13,"biggrid50-goal(3,17)",0.7367347478866577,-0.222748334965747
finetune,49,"biggrid50-goal(46,3)",14,"biggrid50-goal(15,45)",0.7428571581840515,-0.009345853429710156
finetune,49,"biggrid50-goal(46,3)",15,"biggrid50-goal(3,24)",0.7353741526603699,-0.12917193778126387
finetune,49,"biggrid50-goal(46,3)",16,"biggrid50-goal(3,10)",0.6761904358863831,0.004184256110861616
finetune,49,"biggrid50-goal(46,3)",17,"biggrid50-goal(46,31)",0.7520408034324646,0.2831859062766432
finetune,49,"biggrid50-goal(46,3)",18,"biggrid50-goal(46,24)",0.9799317717552185,0.9453191980385078
finetune,49,"biggrid50-goal(46,3)",19,"biggrid50-goal(3,45)",0.615646243095398,-0.12326053538067595
finetune,49,"biggrid50-goal(46,3)",20,"biggrid50-goal(21,10)",0.7479591965675354,0.06439366533357672
finetune,49,"biggrid50-goal(46,3)",21,"biggrid50-goal(40,3)",0.970408022403717,0.9238174987233123
finetune,49,"biggrid50-goal(46,3)",22,"biggrid50-goal(15,38)",0.7806122303009033,-0.25976547592929844
finetune,49,"biggrid50-goal(46,3)",23,"biggrid50-goal(40,45)",0.699999988079071,0.27227723058585185
finetune,49,"biggrid50-goal(46,3)",24,"biggrid50-goal(15,17)",0.8581631779670715,0.24456453588833293
finetune,49,"biggrid50-goal(46,3)",25,"biggrid50-goal(15,24)",0.8234694004058838,-0.10191094651418384
finetune,49,"biggrid50-goal(46,3)",26,"biggrid50-goal(21,38)",0.8115646839141846,0.06890786298712755
finetune,49,"biggrid50-goal(46,3)",27,"biggrid50-goal(33,17)",0.9187073111534119,0.689609750313664
finetune,49,"biggrid50-goal(46,3)",28,"biggrid50-goal(27,17)",0.8054420948028564,0.28050297385961637
finetune,49,"biggrid50-goal(46,3)",29,"biggrid50-goal(3,3)",0.6408163905143738,-0.3101729112267283
finetune,49,"biggrid50-goal(46,3)",30,"biggrid50-goal(9,10)",0.7734693288803101,-0.6775799404810775
finetune,49,"biggrid50-goal(46,3)",31,"biggrid50-goal(46,17)",0.9367344975471497,0.8147404868569158
finetune,49,"biggrid50-goal(46,3)",32,"biggrid50-goal(40,10)",0.6901360750198364,0.08534127978754719
finetune,49,"biggrid50-goal(46,3)",33,"biggrid50-goal(46,38)",0.8653059601783752,0.6336721152982623
finetune,49,"biggrid50-goal(46,3)",34,"biggrid50-goal(27,31)",0.8738094568252563,0.3536582536317543
finetune,49,"biggrid50-goal(46,3)",35,"biggrid50-goal(21,31)",0.8085033893585205,0.18876095645395835
finetune,49,"biggrid50-goal(46,3)",36,"biggrid50-goal(46,10)",0.9462583065032959,0.866666173733723
finetune,49,"biggrid50-goal(46,3)",37,"biggrid50-goal(9,17)",0.8102039694786072,0.05263109352453773
finetune,49,"biggrid50-goal(46,3)",38,"biggrid50-goal(33,24)",0.8496598601341248,0.3220857799192133
finetune,49,"biggrid50-goal(46,3)",39,"biggrid50-goal(40,17)",0.9517005085945129,0.8551015171469162
finetune,49,"biggrid50-goal(46,3)",40,"biggrid50-goal(40,38)",0.6663265824317932,0.08059995986121572
finetune,49,"biggrid50-goal(46,3)",41,"biggrid50-goal(33,38)",0.7425170540809631,0.09014458999136239
finetune,49,"biggrid50-goal(46,3)",42,"biggrid50-goal(9,45)",0.6751700043678284,-0.30821890679112857
finetune,49,"biggrid50-goal(46,3)",43,"biggrid50-goal(9,38)",0.6877549886703491,-0.05034331733204157
finetune,49,"biggrid50-goal(46,3)",44,"biggrid50-goal(9,3)",0.6707482933998108,0.06563699314492578
finetune,49,"biggrid50-goal(46,3)",45,"biggrid50-goal(40,24)",0.9312923550605774,0.7765481201882332
finetune,49,"biggrid50-goal(46,3)",46,"biggrid50-goal(33,31)",0.8591836094856262,0.3774432480264021
finetune,49,"biggrid50-goal(46,3)",47,"biggrid50-goal(46,45)",0.6952380537986755,0.3059642699783824
finetune,49,"biggrid50-goal(46,3)",48,"biggrid50-goal(3,38)",0.6591836214065552,-0.1788233804901169
finetune,49,"biggrid50-goal(46,3)",49,"biggrid50-goal(46,3)",0.8778911232948303,0.6232948349953019
