method,task,task_name,phase,iter,frames_total,raw,normalized
finetune,0,"biggrid50-goal(40,31)",task1,10,10240,0.8285714387893677,0.47880050472788244
finetune,0,"biggrid50-goal(40,31)",task1,20,20480,0.8285714387893677,0.47880050472788244
finetune,0,"biggrid50-goal(40,31)",task1,30,30720,0.8285714387893677,0.47880050472788244
finetune,0,"biggrid50-goal(40,31)",task1,40,40960,0.8285714387893677,0.47880050472788244
finetune,0,"biggrid50-goal(40,31)",task1,50,51200,0.8285714387893677,0.47880050472788244
finetune,0,"biggrid50-goal(40,31)",task1,60,61440,0.8285714387893677,0.47880050472788244
finetune,0,"biggrid50-goal(40,31)",task1,70,71680,0.8285714387893677,0.47880050472788244
finetune,0,"biggrid50-goal(40,31)",task1,80,81920,0.8285714387893677,0.47880050472788244
finetune,0,"biggrid50-goal(40,31)",task1,90,92160,0.8285714387893677,0.47880050472788244
finetune,0,"biggrid50-goal(40,31)",task1,100,102400,0.8428570628166199,0.5222335241738234
finetune,0,"biggrid50-goal(40,31)",task1,110,112640,0.8357142210006714,0.5005169238419411
finetune,0,"biggrid50-goal(40,31)",task1,120,122880,0.8499999046325684,0.5439501245057057
finetune,0,"biggrid50-goal(40,31)",task1,130,133120,0.9061223268508911,0.7145808404556468
finetune,0,"biggrid50-goal(40,31)",task1,140,143360,0.8887753486633301,0.661840292369588
finetune,0,"biggrid50-goal(40,31)",task1,150,153600,0.8795917630195618,0.6339191561918234
finetune,0,"biggrid50-goal(40,31)",task1,160,163840,0.8438774943351746,0.5253359733145881
finetune,0,"biggrid50-goal(40,31)",task1,170,174080,0.8999999165534973,0.6959666892645293
finetune,0,"biggrid50-goal(40,31)",task1,180,184320,0.8214284777641296,0.4570835419603528
finetune,0,"biggrid50-goal(40,31)",task1,190,194560,0.9663263559341431,0.8976209905329997
finetune,0,"biggrid50-goal(40,31)",task1,200,204800,0.8448979258537292,0.5284384224553529
finetune,0,"biggrid50-goal(40,31)",task1,210,215040,0.8999999165534973,0.6959666892645293
finetune,0,"biggrid50-goal(40,31)",task1,220,225280,0.984693706035614,0.9534638065419997
finetune,0,"biggrid50-goal(40,31)",task1,230,235520,0.9397957921028137,0.8169593062691762
finetune,0,"biggrid50-goal(40,31)",task1,240,245760,0.951020359992981,0.8510857031641176
finetune,0,"biggrid50-goal(40,31)",task1,250,256000,0.9173467755317688,0.7487068749149409
finetune,0,"biggrid50-goal(40,31)",task1,260,266240,0.9755100011825562,0.9255423079285878
finetune,0,"biggrid50-goal(40,31)",task1,270,276480,0.8857141733169556,0.652533307382941
finetune,0,"biggrid50-goal(40,31)",task1,280,286720,0.8530610799789429,0.5532571094923527
finetune,0,"biggrid50-goal(40,31)",task1,290,296960,0.9091835021972656,0.7238878254422938
finetune,0,"biggrid50-goal(40,31)",task1,300,307200,0.9714285135269165,0.9131332362368234
finetune,1,"biggrid50-goal(9,31)",finetune,10,317440,0.8214285969734192,0.18224307483685429
finetune,1,"biggrid50-goal(9,31)",finetune,20,327680,0.9785714149475098,0.9018690925527815
finetune,1,"biggrid50-goal(9,31)",finetune,30,337920,0.9744898080825806,0.883177621113245
finetune,1,"biggrid50-goal(9,31)",finetune,40,348160,0.928571343421936,0.6728967932053643
finetune,1,"biggrid50-goal(9,31)",finetune,50,358400,0.9275509119033813,0.6682237888675499
finetune,1,"biggrid50-goal(9,31)",finetune,60,368640,0.8816326260566711,0.4579437798272517
finetune,1,"biggrid50-goal(9,31)",finetune,70,378880,0.9132652282714844,0.6028033658733114
finetune,1,"biggrid50-goal(9,31)",finetune,80,389120,0.9551018476486206,0.7943916305182122
finetune,1,"biggrid50-goal(9,31)",finetune,90,399360,0.9561223983764648,0.7990651807677485
finetune,1,"biggrid50-goal(9,31)",finetune,100,409600,0.9612244367599487,0.8224296565450994
finetune,1,"biggrid50-goal(9,31)",finetune,110,419840,0.9183672666549683,0.6261678416506623
finetune,1,"biggrid50-goal(9,31)",finetune,120,430080,0.9316325187683105,0.6869152603070863
finetune,1,"biggrid50-goal(9,31)",finetune,130,440320,0.9183672666549683,0.6261678416506623
finetune,1,"biggrid50-goal(9,31)",finetune,140,450560,0.9785712957382202,0.9018685466410598
finetune,1,"biggrid50-goal(9,31)",finetune,150,460800,0.9132653474807739,0.6028039117850331
finetune,2,"biggrid50-goal(15,31)",finetune,10,471040,0.9428571462631226,0.7236842332805122
finetune,2,"biggrid50-goal(15,31)",finetune,20,481280,0.886734664440155,0.45230250169040925
finetune,2,"biggrid50-goal(15,31)",finetune,30,491520,0.8795917630195618,0.41776281468560694
finetune,2,"biggrid50-goal(15,31)",finetune,40,501760,0.8714284896850586,0.37828909255141985
finetune,2,"biggrid50-goal(15,31)",finetune,50,512000,0.8765305280685425,0.4029601328578091
finetune,2,"biggrid50-goal(15,31)",finetune,60,522240,0.8877550959587097,0.4572368250396158
finetune,2,"biggrid50-goal(15,31)",finetune,70,532480,0.8683673143386841,0.36348669894344376
finetune,2,"biggrid50-goal(15,31)",finetune,80,542720,0.8663264513015747,0.3536180522450307
finetune,2,"biggrid50-goal(15,31)",finetune,90,552960,0.9346938133239746,0.6842102229265034
finetune,2,"biggrid50-goal(15,31)",finetune,100,563200,0.9489795565605164,0.7532893087162862
finetune,2,"biggrid50-goal(15,31)",finetune,110,573440,0.9448979496955872,0.7335525917591036
finetune,2,"biggrid50-goal(15,31)",finetune,120,583680,0.9428571462631226,0.7236842332805122
finetune,2,"biggrid50-goal(15,31)",finetune,130,593920,0.9183672666549683,0.6052627786581292
finetune,2,"biggrid50-goal(15,31)",finetune,140,604160,0.951020359992981,0.7631576671948775
finetune,2,"biggrid50-goal(15,31)",finetune,150,614400,0.9081631898880005,0.5559206980453508
finetune,3,"biggrid50-goal(9,24)",finetune,10,624640,0.9795917272567749,0.8712440025315437
finetune,3,"biggrid50-goal(9,24)",finetune,20,634880,0.9816325306892395,0.8841194518598686
finetune,3,"biggrid50-goal(9,24)",finetune,30,645120,0.8948979377746582,0.33691003505879674
finetune,3,"biggrid50-goal(9,24)",finetune,40,655360,0.8897958993911743,0.30472122371483357
finetune,3,"biggrid50-goal(9,24)",finetune,50,665600,0.8959182500839233,0.3433471956535064
finetune,3,"biggrid50-goal(9,24)",finetune,60,675840,0.9081631898880005,0.4206006437160595
finetune,3,"biggrid50-goal(9,24)",finetune,70,686080,0.9346938133239746,0.5879826131231887
finetune,3,"biggrid50-goal(9,24)",finetune,80,696320,0.9642855525016785,0.7746771924533524
finetune,3,"biggrid50-goal(9,24)",finetune,90,706560,0.974489688873291,0.8390551911875805
finetune,3,"biggrid50-goal(9,24)",finetune,100,716800,0.964285671710968,0.7746779445459561
finetune,3,"biggrid50-goal(9,24)",finetune,110,727040,0.9704080820083618,0.8133042925309307
finetune,3,"biggrid50-goal(9,24)",finetune,120,737280,0.951020359992981,0.6909869598423914
finetune,3,"biggrid50-goal(9,24)",finetune,130,747520,0.9459182620048523,0.6587977724521265
finetune,3,"biggrid50-goal(9,24)",finetune,140,757760,0.9632651209831238,0.768239279766039
finetune,3,"biggrid50-goal(9,24)",finetune,150,768000,0.9673468470573425,0.7939909305152925
finetune,4,"biggrid50-goal(21,17)",finetune,10,778240,0.791836678981781,0.23018827582634496
finetune,4,"biggrid50-goal(21,17)",finetune,20,788480,0.8142857551574707,0.3132075222160626
finetune,4,"biggrid50-goal(21,17)",finetune,30,798720,0.7938774824142456,0.23773539988912634
finetune,4,"biggrid50-goal(21,17)",finetune,40,808960,0.7744897603988647,0.16603739065553227
finetune,4,"biggrid50-goal(21,17)",finetune,50,819200,0.8071428537368774,0.2867922573591568
finetune,4,"biggrid50-goal(21,17)",finetune,60,829440,0.8357142210006714,0.3924524350876574
finetune,4,"biggrid50-goal(21,17)",finetune,70,839680,0.8193877339363098,0.33207522216062574
finetune,4,"biggrid50-goal(21,17)",finetune,80,849920,0.7755101919174194,0.16981106289931328
finetune,4,"biggrid50-goal(21,17)",finetune,90,860160,0.7765305638313293,0.17358451471831365
finetune,4,"biggrid50-goal(21,17)",finetune,100,870400,0.7755101919174194,0.16981106289931328
finetune,4,"biggrid50-goal(21,17)",finetune,110,880640,0.7857142686843872,0.2075469036380008
finetune,4,"biggrid50-goal(21,17)",finetune,120,890880,0.8051019906997681,0.27924491287159486
finetune,4,"biggrid50-goal(21,17)",finetune,130,901120,0.7816326022148132,0.19245243508765741
finetune,4,"biggrid50-goal(21,17)",finetune,140,911360,0.7897958755493164,0.22264115176356356
finetune,4,"biggrid50-goal(21,17)",finetune,150,921600,0.7663265466690063,0.13584889440440673
finetune,4,"biggrid50-goal(21,17)",finetune,160,931840,0.7663265466690063,0.13584889440440673
finetune,4,"biggrid50-goal(21,17)",finetune,170,942080,0.745918333530426,0.060376992502251085
finetune,4,"biggrid50-goal(21,17)",finetune,180,952320,0.7571427822113037,0.101886285059939
finetune,4,"biggrid50-goal(21,17)",finetune,190,962560,0.7448979020118713,0.0566033202584701
finetune,4,"biggrid50-goal(21,17)",finetune,200,972800,0.7591835260391235,0.1094331886979398
finetune,4,"biggrid50-goal(21,17)",finetune,210,983040,0.7571427822113037,0.101886285059939
finetune,4,"biggrid50-goal(21,17)",finetune,220,993280,0.7612243890762329,0.11698053318550178
finetune,4,"biggrid50-goal(21,17)",finetune,230,1003520,0.756122350692749,0.09811261281615802
finetune,4,"biggrid50-goal(21,17)",finetune,240,1013760,0.7551020383834839,0.09433938142193822
finetune,4,"biggrid50-goal(21,17)",finetune,250,1024000,0.7540816068649292,0.09056570917815723
finetune,4,"biggrid50-goal(21,17)",finetune,260,1034240,0.7561224102973938,0.09811283324093861
finetune,4,"biggrid50-goal(21,17)",finetune,270,1044480,0.7683672904968262,0.1433957980424075
finetune,4,"biggrid50-goal(21,17)",finetune,280,1054720,0.777550995349884,0.17735818696209465
finetune,4,"biggrid50-goal(21,17)",finetune,290,1064960,0.7510203719139099,0.07924491287159485
finetune,4,"biggrid50-goal(21,17)",finetune,300,1075200,0.7499999403953552,0.07547124062781387
finetune,4,"biggrid50-goal(21,17)",finetune,310,1085440,0.7663264870643616,0.13584867397962613
finetune,4,"biggrid50-goal(21,17)",finetune,320,1095680,0.7663264870643616,0.13584867397962613
finetune,4,"biggrid50-goal(21,17)",finetune,330,1105920,0.7632652521133423,0.12452787767306377
finetune,4,"biggrid50-goal(21,17)",finetune,340,1116160,0.7744897603988647,0.16603739065553227
finetune,4,"biggrid50-goal(21,17)",finetune,350,1126400,0.810204029083252,0.2981128332409386
finetune,4,"biggrid50-goal(21,17)",finetune,360,1136640,0.8265305757522583,0.3584902665927509
finetune,4,"biggrid50-goal(21,17)",finetune,370,1146880,0.8030611872673035,0.27169778880881346
finetune,4,"biggrid50-goal(21,17)",finetune,380,1157120,0.7938774824142456,0.23773539988912634
finetune,4,"biggrid50-goal(21,17)",finetune,390,1167360,0.8051019906997681,0.27924491287159486
finetune,4,"biggrid50-goal(21,17)",finetune,400,1177600,0.8040815591812134,0.27547124062781386
finetune,4,"biggrid50-goal(21,17)",finetune,410,1187840,0.7887755036354065,0.21886769994456318
finetune,4,"biggrid50-goal(21,17)",finetune,420,1198080,0.7877550721168518,0.21509402770078218
finetune,4,"biggrid50-goal(21,17)",finetune,430,1208320,0.7714285254478455,0.1547165943489699
finetune,4,"biggrid50-goal(21,17)",finetune,440,1218560,0.7673468589782715,0.13962212579862654
finetune,4,"biggrid50-goal(21,17)",finetune,450,1228800,0.7908163070678711,0.22641482400734456
finetune,4,"biggrid50-goal(21,17)",finetune,460,1239040,0.777550995349884,0.17735818696209465
finetune,4,"biggrid50-goal(21,17)",finetune,470,1249280,0.7785714268684387,0.18113185920587566
finetune,4,"biggrid50-goal(21,17)",finetune,480,1259520,0.7724488973617554,0.1584900461679703
finetune,4,"biggrid50-goal(21,17)",finetune,490,1269760,0.7806122303009033,0.18867898326865704
finetune,4,"biggrid50-goal(21,17)",finetune,500,1280000,0.7714285254478455,0.1547165943489699
finetune,5,"biggrid50-goal(27,3)",finetune,10,1290240,0.833673357963562,0.39254637211366805
finetune,5,"biggrid50-goal(27,3)",finetune,20,1300480,0.823469340801239,0.35527953880076096
finetune,5,"biggrid50-goal(27,3)",finetune,30,1310720,0.8704081773757935,0.5267082781588863
finetune,5,"biggrid50-goal(27,3)",finetune,40,1320960,0.8438774943351746,0.4298136407994927
finetune,5,"biggrid50-goal(27,3)",finetune,50,1331200,0.8357142210006714,0.39999995646270825
finetune,5,"biggrid50-goal(27,3)",finetune,60,1341440,0.8306121826171875,0.3813664309630253
finetune,5,"biggrid50-goal(27,3)",finetune,70,1351680,0.7826529741287231,0.20621111711683865
finetune,5,"biggrid50-goal(27,3)",finetune,80,1361920,0.8714284896850586,0.5304346349604888
finetune,5,"biggrid50-goal(27,3)",finetune,90,1372160,0.8602039217948914,0.489440574100144
finetune,5,"biggrid50-goal(27,3)",finetune,100,1382400,0.8622447848320007,0.4968941584491843
finetune,5,"biggrid50-goal(27,3)",finetune,110,1392640,0.8704081773757935,0.5267082781588863
finetune,5,"biggrid50-goal(27,3)",finetune,120,1402880,0.8744896650314331,0.5416145761111315
finetune,5,"biggrid50-goal(27,3)",finetune,130,1413120,0.8530610799789429,0.4633536819378797
finetune,5,"biggrid50-goal(27,3)",finetune,140,1423360,0.8673468828201294,0.515527901635326
finetune,5,"biggrid50-goal(27,3)",finetune,150,1433600,0.8346937298774719,0.39627294660172935
finetune,5,"biggrid50-goal(27,3)",finetune,160,1443840,0.8193877339363098,0.3403728054755981
finetune,5,"biggrid50-goal(27,3)",finetune,170,1454080,0.8479591608047485,0.44472059181111434
finetune,5,"biggrid50-goal(27,3)",finetune,180,1464320,0.7897958755493164,0.2322982269655618
finetune,5,"biggrid50-goal(27,3)",finetune,190,1474560,0.8153060674667358,0.32546585446397647
finetune,5,"biggrid50-goal(27,3)",finetune,200,1484800,0.919387698173523,0.7055899488066755
finetune,5,"biggrid50-goal(27,3)",finetune,210,1495040,0.936734676361084,0.7689441096547646
finetune,5,"biggrid50-goal(27,3)",finetune,220,1505280,0.9153059720993042,0.6906827801085951
finetune,5,"biggrid50-goal(27,3)",finetune,230,1515520,0.9357142448425293,0.7652173174802445
finetune,5,"biggrid50-goal(27,3)",finetune,240,1525760,0.9081631898880005,0.6645961056327895
finetune,5,"biggrid50-goal(27,3)",finetune,250,1536000,0.8989794850349426,0.6310556291214849
finetune,5,"biggrid50-goal(27,3)",finetune,260,1546240,0.896938681602478,0.6236022624589035
finetune,5,"biggrid50-goal(27,3)",finetune,270,1556480,0.9102040529251099,0.6720496899818297
finetune,5,"biggrid50-goal(27,3)",finetune,280,1566720,0.8683671951293945,0.5192542584369285
finetune,5,"biggrid50-goal(27,3)",finetune,290,1576960,0.9408162832260132,0.7838508429799274
finetune,5,"biggrid50-goal(27,3)",finetune,300,1587200,0.8683671951293945,0.5192542584369285
finetune,6,"biggrid50-goal(3,31)",finetune,10,1597440,0.837755024433136,-0.08656059269430817
finetune,6,"biggrid50-goal(3,31)",finetune,20,1607680,0.9999998211860657,0.9999988024764787
finetune,6,"biggrid50-goal(3,31)",finetune,30,1617920,0.9561222791671753,0.7061492832821724
finetune,6,"biggrid50-goal(3,31)",finetune,40,1628160,0.961224377155304,0.7403182219170755
finetune,6,"biggrid50-goal(3,31)",finetune,50,1638400,0.8877550363540649,0.24829133352227592
finetune,6,"biggrid50-goal(3,31)",finetune,60,1648640,0.9438773393630981,0.6241444692376166
finetune,6,"biggrid50-goal(3,31)",finetune,70,1658880,0.938775360584259,0.5899763289517278
finetune,6,"biggrid50-goal(3,31)",finetune,80,1669120,0.9499999284744263,0.6651476746089088
finetune,6,"biggrid50-goal(3,31)",finetune,90,1679360,0.938775360584259,0.5899763289517278
finetune,6,"biggrid50-goal(3,31)",finetune,100,1689600,0.9908162355422974,0.938495990292076
finetune,6,"biggrid50-goal(3,31)",finetune,110,1699840,0.9826528429985046,0.8838254489715269
finetune,6,"biggrid50-goal(3,31)",finetune,120,1710080,0.9999998807907104,0.9999992016509858
finetune,6,"biggrid50-goal(3,31)",finetune,130,1720320,0.9836732745170593,0.8906593165334089
finetune,6,"biggrid50-goal(3,31)",finetune,140,1730560,0.9846936464309692,0.8974927849207838
finetune,6,"biggrid50-goal(3,31)",finetune,150,1740800,0.9581630825996399,0.7198166192314294
finetune,7,"biggrid50-goal(33,10)",finetune,10,1751040,0.7897958159446716,0.18897626749443816
finetune,7,"biggrid50-goal(33,10)",finetune,20,1761280,0.8948978185653687,0.5944877887913251
finetune,7,"biggrid50-goal(33,10)",finetune,30,1771520,0.9459182024002075,0.791338019520824
finetune,7,"biggrid50-goal(33,10)",finetune,40,1781760,0.9142856597900391,0.6692912444214882
finetune,7,"biggrid50-goal(33,10)",finetune,50,1792000,0.9081631898880005,0.64566912474571
finetune,7,"biggrid50-goal(33,10)",finetune,60,1802240,0.9142856597900391,0.6692912444214882
finetune,7,"biggrid50-goal(33,10)",finetune,70,1812480,0.9295917749404907,0.728346313640338
finetune,7,"biggrid50-goal(33,10)",finetune,80,1822720,0.8959182500839233,0.5984248853941535
finetune,7,"biggrid50-goal(33,10)",finetune,90,1832960,0.886734664440155,0.562992165821678
finetune,7,"biggrid50-goal(33,10)",finetune,100,1843200,0.8846938014030457,0.5551179726160214
finetune,7,"biggrid50-goal(33,10)",finetune,110,1853440,0.8683673143386841,0.4921260367649392
finetune,7,"biggrid50-goal(33,10)",finetune,120,1863680,0.8693876266479492,0.4960626734265757
finetune,7,"biggrid50-goal(33,10)",finetune,130,1873920,0.8642856478691101,0.47637788032422174
finetune,7,"biggrid50-goal(33,10)",finetune,140,1884160,0.8816325068473816,0.5433066828075362
finetune,7,"biggrid50-goal(33,10)",finetune,150,1894400,0.8602039217948914,0.4606294939129083
finetune,8,"biggrid50-goal(27,45)",finetune,10,1904640,0.7693877816200256,0.3430234196944684
finetune,8,"biggrid50-goal(27,45)",finetune,20,1914880,0.7785714268684387,0.36918612647742133
finetune,8,"biggrid50-goal(27,45)",finetune,30,1925120,0.7979591488838196,0.4244185829320584
finetune,8,"biggrid50-goal(27,45)",finetune,40,1935360,0.7857142686843872,0.3895349172868188
finetune,8,"biggrid50-goal(27,45)",finetune,50,1945600,0.7836734056472778,0.3837208315093564
finetune,8,"biggrid50-goal(27,45)",finetune,60,1955840,0.7846938371658325,0.3866278743980876
finetune,8,"biggrid50-goal(27,45)",finetune,70,1966080,0.7857142686843872,0.3895349172868188
finetune,8,"biggrid50-goal(27,45)",finetune,80,1976320,0.7846938371658325,0.3866278743980876
finetune,8,"biggrid50-goal(27,45)",finetune,90,1986560,0.777550995349884,0.3662790835886901
finetune,8,"biggrid50-goal(27,45)",finetune,100,1996800,0.7816326022148132,0.37790691553580097
finetune,8,"biggrid50-goal(27,45)",finetune,110,2007040,0.7816326022148132,0.37790691553580097
finetune,8,"biggrid50-goal(27,45)",finetune,120,2017280,0.7836734056472778,0.3837208315093564
finetune,8,"biggrid50-goal(27,45)",finetune,130,2027520,0.7928571105003357,0.4098837080962163
finetune,8,"biggrid50-goal(27,45)",finetune,140,2037760,0.795918345451355,0.41860466695850296
finetune,8,"biggrid50-goal(27,45)",finetune,150,2048000,0.7785714268684387,0.36918612647742133
finetune,8,"biggrid50-goal(27,45)",finetune,160,2058240,0.7887755036354065,0.3982558761491055
finetune,8,"biggrid50-goal(27,45)",finetune,170,2068480,0.7877551317214966,0.3953490030642813
finetune,8,"biggrid50-goal(27,45)",finetune,180,2078720,0.7897958755493164,0.4011627492339297
finetune,8,"biggrid50-goal(27,45)",finetune,190,2088960,0.7877551317214966,0.3953490030642813
finetune,8,"biggrid50-goal(27,45)",finetune,200,2099200,0.7877551317214966,0.3953490030642813
finetune,8,"biggrid50-goal(27,45)",finetune,210,2109440,0.7836734652519226,0.3837210013132634
finetune,8,"biggrid50-goal(27,45)",finetune,220,2119680,0.7867347002029419,0.39244196017555005
finetune,8,"biggrid50-goal(27,45)",finetune,230,2129920,0.7877551317214966,0.3953490030642813
finetune,8,"biggrid50-goal(27,45)",finetune,240,2140160,0.795918345451355,0.41860466695850296
finetune,8,"biggrid50-goal(27,45)",finetune,250,2150400,0.7897959351539612,0.40116291903783674
finetune,8,"biggrid50-goal(27,45)",finetune,260,2160640,0.795918345451355,0.41860466695850296
finetune,8,"biggrid50-goal(27,45)",finetune,270,2170880,0.7948979139328003,0.41569762406977173
finetune,8,"biggrid50-goal(27,45)",finetune,280,2181120,0.7897959351539612,0.40116291903783674
finetune,8,"biggrid50-goal(27,45)",finetune,290,2191360,0.7897959351539612,0.40116291903783674
finetune,8,"biggrid50-goal(27,45)",finetune,300,2201600,0.7897959351539612,0.40116291903783674
finetune,8,"biggrid50-goal(27,45)",finetune,310,2211840,0.7948979139328003,0.41569762406977173
finetune,8,"biggrid50-goal(27,45)",finetune,320,2222080,0.7938775420188904,0.41279075098494755
finetune,8,"biggrid50-goal(27,45)",finetune,330,2232320,0.7846938371658325,0.3866278743980876
finetune,8,"biggrid50-goal(27,45)",finetune,340,2242560,0.7806122303009033,0.3750000424509768
finetune,8,"biggrid50-goal(27,45)",finetune,350,2252800,0.7663265466690063,0.3343024608321818
finetune,8,"biggrid50-goal(27,45)",finetune,360,2263040,0.7744897603988647,0.35755812472640347
finetune,8,"biggrid50-goal(27,45)",finetune,370,2273280,0.764285683631897,0.3284883750547193
finetune,8,"biggrid50-goal(27,45)",finetune,380,2283520,0.7632652521133423,0.32558133216598806
finetune,8,"biggrid50-goal(27,45)",finetune,390,2293760,0.7989795804023743,0.42732562582078965
finetune,8,"biggrid50-goal(27,45)",finetune,400,2304000,0.7846938967704773,0.38662804420199465
finetune,8,"biggrid50-goal(27,45)",finetune,410,2314240,0.7846938967704773,0.38662804420199465
finetune,8,"biggrid50-goal(27,45)",finetune,420,2324480,0.7846938371658325,0.3866278743980876
finetune,8,"biggrid50-goal(27,45)",finetune,430,2334720,0.7785714864730835,0.3691862962813284
finetune,8,"biggrid50-goal(27,45)",finetune,440,2344960,0.7806122303009033,0.3750000424509768
finetune,8,"biggrid50-goal(27,45)",finetune,450,2355200,0.7928571105003357,0.4098837080962163
finetune,8,"biggrid50-goal(27,45)",finetune,460,2365440,0.7795918583869934,0.37209316936615255
finetune,8,"biggrid50-goal(27,45)",finetune,470,2375680,0.7795917987823486,0.3720929995622455
finetune,8,"biggrid50-goal(27,45)",finetune,480,2385920,0.781632661819458,0.377907085339708
finetune,8,"biggrid50-goal(27,45)",finetune,490,2396160,0.7826530337333679,0.3808139584245322
finetune,8,"biggrid50-goal(27,45)",finetune,500,2406400,0.7938775420188904,0.41279075098494755
finetune,9,"biggrid50-goal(21,45)",finetune,10,2416640,0.9295918345451355,0.7604166518776087
finetune,9,"biggrid50-goal(21,45)",finetune,20,2426880,0.8857142329216003,0.6111109195575979
finetune,9,"biggrid50-goal(21,45)",finetune,30,2437120,0.8346937894821167,0.4374996830916142
finetune,9,"biggrid50-goal(21,45)",finetune,40,2447360,0.8326530456542969,0.43055548513146985
finetune,9,"biggrid50-goal(21,45)",finetune,50,2457600,0.8030611276626587,0.329860761103405
finetune,9,"biggrid50-goal(21,45)",finetune,60,2467840,0.7479591369628906,0.14236092589576563
finetune,9,"biggrid50-goal(21,45)",finetune,70,2478080,0.7693876624107361,0.21527743833368454
finetune,9,"biggrid50-goal(21,45)",finetune,80,2488320,0.735714316368103,0.10069452120669789
finetune,9,"biggrid50-goal(21,45)",finetune,90,2498560,0.7346938848495483,0.0972222194052588
finetune,9,"biggrid50-goal(21,45)",finetune,100,2508800,0.7489795088768005,0.14583302487583782
finetune,9,"biggrid50-goal(21,45)",finetune,110,2519040,0.7520408034324646,0.15624993028015513
finetune,9,"biggrid50-goal(21,45)",finetune,120,2529280,0.7469387650489807,0.13888882691569346
finetune,9,"biggrid50-goal(21,45)",finetune,130,2539520,0.7979591488838196,0.31249986056031026
finetune,9,"biggrid50-goal(21,45)",finetune,140,2549760,0.873469352722168,0.5694443120471633
finetune,9,"biggrid50-goal(21,45)",finetune,150,2560000,0.9755100011825562,0.9166659736936631
finetune,9,"biggrid50-goal(21,45)",finetune,160,2570240,0.9663263559341431,0.8854160687661788
finetune,9,"biggrid50-goal(21,45)",finetune,170,2580480,0.9367345571517944,0.7847217503808478
finetune,9,"biggrid50-goal(21,45)",finetune,180,2590720,0.9346936941146851,0.7777771467779696
finetune,9,"biggrid50-goal(21,45)",finetune,190,2600960,0.9867345094680786,0.9548604822240255
finetune,9,"biggrid50-goal(21,45)",finetune,200,2611200,0.9999998807907104,0.9999995943572662
finetune,9,"biggrid50-goal(21,45)",finetune,210,2621440,0.9857141375541687,0.9513883832439534
finetune,9,"biggrid50-goal(21,45)",finetune,220,2631680,0.974489688873291,0.9131940775349577
finetune,9,"biggrid50-goal(21,45)",finetune,230,2641920,0.9704080820083618,0.8993052759719352
finetune,9,"biggrid50-goal(21,45)",finetune,240,2652160,0.9183672666549683,0.7222219405258793
finetune,9,"biggrid50-goal(21,45)",finetune,250,2662400,0.8520408868789673,0.49652800243061124
finetune,10,"biggrid50-goal(33,3)",finetune,10,2672640,0.764285683631897,-0.08791177049103661
finetune,10,"biggrid50-goal(33,3)",finetune,20,2682880,0.7959182858467102,0.058084793531890076
finetune,10,"biggrid50-goal(33,3)",finetune,30,2693120,0.8122448921203613,0.13343832916330245
finetune,10,"biggrid50-goal(33,3)",finetune,40,2703360,0.8214284777641296,0.17582409117856215
finetune,10,"biggrid50-goal(33,3)",finetune,50,2713600,0.8367345929145813,0.2464676697665654
finetune,10,"biggrid50-goal(33,3)",finetune,60,2723840,0.8377550840377808,0.2511776268099745
finetune,10,"biggrid50-goal(33,3)",finetune,70,2734080,0.863265335559845,0.36891719955489105
finetune,10,"biggrid50-goal(33,3)",finetune,80,2744320,0.901020348072052,0.5431710299540723
finetune,10,"biggrid50-goal(33,3)",finetune,90,2754560,0.9632651209831238,0.8304544760547611
finetune,10,"biggrid50-goal(33,3)",finetune,100,2764800,0.9408162832260132,0.7268444993418275
finetune,10,"biggrid50-goal(33,3)",finetune,110,2775040,0.9806120991706848,0.9105174185330936
finetune,10,"biggrid50-goal(33,3)",finetune,120,2785280,0.948979377746582,0.764520304313678
finetune,10,"biggrid50-goal(33,3)",finetune,130,2795520,0.9346936941146851,0.6985864076708395
finetune,10,"biggrid50-goal(33,3)",finetune,140,2805760,0.8877550363540649,0.48194654015815397
finetune,10,"biggrid50-goal(33,3)",finetune,150,2816000,0.9081631898880005,0.5761379782754916
finetune,10,"biggrid50-goal(33,3)",finetune,160,2826240,0.9551018476486206,0.7927778457881771
finetune,10,"biggrid50-goal(33,3)",finetune,170,2836480,0.9785712957382202,0.9010983297410088
finetune,10,"biggrid50-goal(33,3)",finetune,180,2846720,0.9581631422042847,0.8069068916236711
finetune,10,"biggrid50-goal(33,3)",finetune,190,2856960,0.9275509715080261,0.665620009545909
finetune,10,"biggrid50-goal(33,3)",finetune,200,2867200,0.960204005241394,0.8163262555140004
finetune,11,"biggrid50-goal(21,24)",finetune,10,2877440,0.8857142329216003,0.4545453252378865
finetune,11,"biggrid50-goal(21,24)",finetune,20,2887680,0.8959182500839233,0.5032463052883924
finetune,11,"biggrid50-goal(21,24)",finetune,30,2897920,0.9530612230300903,0.7759740693844238
finetune,11,"biggrid50-goal(21,24)",finetune,40,2908160,0.9316326379776001,0.6737013000867369
finetune,11,"biggrid50-goal(21,24)",finetune,50,2918400,0.9275509715080261,0.6542206235898848
finetune,11,"biggrid50-goal(21,24)",finetune,60,2928640,0.886734664440155,0.45941556548126194
finetune,11,"biggrid50-goal(21,24)",finetune,70,2938880,0.9030610918998718,0.5373371335620716
finetune,11,"biggrid50-goal(21,24)",finetune,80,2949120,0.8826529383659363,0.4399346045077601
finetune,11,"biggrid50-goal(21,24)",finetune,90,2959360,0.9122447967529297,0.5811684423225015
finetune,11,"biggrid50-goal(21,24)",finetune,100,2969600,0.8999999165534973,0.5227269817852446
finetune,11,"biggrid50-goal(21,24)",finetune,110,2979840,0.9438775181770325,0.7321427606239939
finetune,11,"biggrid50-goal(21,24)",finetune,120,2990080,0.9387754201889038,0.7077918438837663
finetune,11,"biggrid50-goal(21,24)",finetune,130,3000320,0.9275509715080261,0.6542206235898848
finetune,11,"biggrid50-goal(21,24)",finetune,140,3010560,0.9214285016059875,0.6249997510829315
finetune,11,"biggrid50-goal(21,24)",finetune,150,3020800,0.8999999165534973,0.5227269817852446
finetune,12,"biggrid50-goal(21,3)",finetune,10,3031040,0.7877550721168518,0.18324585593857323
finetune,12,"biggrid50-goal(21,3)",finetune,20,3041280,0.7826530337333679,0.1636123549902484
finetune,12,"biggrid50-goal(21,3)",finetune,30,3051520,0.7459183931350708,0.02225128578352229
finetune,12,"biggrid50-goal(21,3)",finetune,40,3061760,0.7663264870643616,0.10078506020813373
finetune,12,"biggrid50-goal(21,3)",finetune,50,3072000,0.768367350101471,0.108638644082414
finetune,12,"biggrid50-goal(21,3)",finetune,60,3082240,0.7693877220153809,0.11256520665086622
finetune,12,"biggrid50-goal(21,3)",finetune,70,3092480,0.7714285850524902,0.1204187905251465
finetune,12,"biggrid50-goal(21,3)",finetune,80,3102720,0.7622449398040771,0.08507858056563694
finetune,12,"biggrid50-goal(21,3)",finetune,90,3112960,0.7489796280860901,0.03403143222625478
finetune,12,"biggrid50-goal(21,3)",finetune,100,3123200,0.7489796280860901,0.03403143222625478
finetune,12,"biggrid50-goal(21,3)",finetune,110,3133440,0.7540816068649292,0.0536647038058917
finetune,12,"biggrid50-goal(21,3)",finetune,120,3143680,0.7673469185829163,0.10471185214527387
finetune,12,"biggrid50-goal(21,3)",finetune,130,3153920,0.7734693288803101,0.12827191566205093
finetune,12,"biggrid50-goal(21,3)",finetune,140,3164160,0.8112243413925171,0.27355954743722927
finetune,12,"biggrid50-goal(21,3)",finetune,150,3174400,0.9551018476486206,0.827224365927465
finetune,12,"biggrid50-goal(21,3)",finetune,160,3184640,0.9642855525016785,0.8625648052556624
finetune,12,"biggrid50-goal(21,3)",finetune,170,3194880,0.9520405530929565,0.8154439901160445
finetune,12,"biggrid50-goal(21,3)",finetune,180,3205120,0.95714271068573,0.8350779498017452
finetune,12,"biggrid50-goal(21,3)",finetune,190,3215360,0.9673467874526978,0.8743449516983949
finetune,12,"biggrid50-goal(21,3)",finetune,200,3225600,0.8642855882644653,0.4777481407947579
finetune,12,"biggrid50-goal(21,3)",finetune,210,3235840,0.8877549171447754,0.5680620616621018
finetune,12,"biggrid50-goal(21,3)",finetune,220,3246080,0.8948978185653687,0.5955491464847069
finetune,12,"biggrid50-goal(21,3)",finetune,230,3256320,0.9071427583694458,0.642669732255637
finetune,12,"biggrid50-goal(21,3)",finetune,240,3266560,0.9336732625961304,0.7447635701970254
finetune,12,"biggrid50-goal(21,3)",finetune,250,3276800,0.9755100011825562,0.9057583697207643
finetune,13,"biggrid50-goal(3,17)",finetune,10,3287040,0.8459183573722839,0.21354167142029198
finetune,13,"biggrid50-goal(3,17)",finetune,20,3297280,0.8857142329216003,0.41666643849265206
finetune,13,"biggrid50-goal(3,17)",finetune,30,3307520,0.8857142329216003,0.41666643849265206
finetune,13,"biggrid50-goal(3,17)",finetune,40,3317760,0.8683673143386841,0.3281248811593674
finetune,13,"biggrid50-goal(3,17)",finetune,50,3328000,0.8714286088943481,0.3437502376812652
finetune,13,"biggrid50-goal(3,17)",finetune,60,3338240,0.8806121945381165,0.3906247860868613
finetune,13,"biggrid50-goal(3,17)",finetune,70,3348480,0.8816326260566711,0.3958332382608272
finetune,13,"biggrid50-goal(3,17)",finetune,80,3358720,0.9234692454338074,0.6093743012170801
finetune,13,"biggrid50-goal(3,17)",finetune,90,3368960,0.9132652282714844,0.5572913006375182
finetune,13,"biggrid50-goal(3,17)",finetune,100,3379200,0.9153059720993042,0.5677075965214111
finetune,13,"biggrid50-goal(3,17)",finetune,110,3389440,0.9030610918998718,0.5052076915939172
finetune,13,"biggrid50-goal(3,17)",finetune,120,3399680,0.8765304684638977,0.3697909773909975
finetune,13,"biggrid50-goal(3,17)",finetune,130,3409920,0.9061223864555359,0.5208330481158151
finetune,13,"biggrid50-goal(3,17)",finetune,140,3420160,0.911224365234375,0.5468743962895863
finetune,13,"biggrid50-goal(3,17)",finetune,150,3430400,0.8846938014030457,0.4114579863186861
finetune,14,"biggrid50-goal(15,45)",finetune,10,3440640,0.8306121826171875,0.26112745911165447
finetune,14,"biggrid50-goal(15,45)",finetune,20,3450880,0.820408046245575,0.21661684267561332
finetune,14,"biggrid50-goal(15,45)",finetune,30,3461120,0.8408163189888,0.30563807554769556
finetune,14,"biggrid50-goal(15,45)",finetune,40,3471360,0.8683671951293945,0.4258154659422818
finetune,14,"biggrid50-goal(15,45)",finetune,50,3481600,0.8704080581665039,0.4347177452273747
finetune,14,"biggrid50-goal(15,45)",finetune,60,3491840,0.8979591131210327,0.5548959156113843
finetune,14,"biggrid50-goal(15,45)",finetune,70,3502080,0.928571343421936,0.6884269849300844
finetune,14,"biggrid50-goal(15,45)",finetune,80,3512320,0.896938681602478,0.5504447759688379
finetune,14,"biggrid50-goal(15,45)",finetune,90,3522560,0.9295917749404907,0.6928781245726308
finetune,14,"biggrid50-goal(15,45)",finetune,100,3532800,0.9765304327011108,0.8976253482002784
finetune,14,"biggrid50-goal(15,45)",finetune,110,3543040,0.9448979496955872,0.7596439192284553
finetune,14,"biggrid50-goal(15,45)",finetune,120,3553280,0.951020359992981,0.7863499770943106
finetune,14,"biggrid50-goal(15,45)",finetune,130,3563520,0.964285671710968,0.8442134924650422
finetune,14,"biggrid50-goal(15,45)",finetune,140,3573760,0.938775360584259,0.7329370813731766
finetune,14,"biggrid50-goal(15,45)",finetune,150,3584000,0.9244896769523621,0.670622686356373
finetune,15,"biggrid50-goal(3,24)",finetune,10,3594240,0.9306120872497559,0.6129024105980524
finetune,15,"biggrid50-goal(3,24)",finetune,20,3604480,0.9653059244155884,0.8064505402605953
finetune,15,"biggrid50-goal(3,24)",finetune,30,3614720,0.9489794969558716,0.7153695369171146
finetune,15,"biggrid50-goal(3,24)",finetune,40,3624960,0.9663263559341431,0.8121432692291706
finetune,15,"biggrid50-goal(3,24)",finetune,50,3635200,0.9683672785758972,0.8235290596855366
finetune,15,"biggrid50-goal(3,24)",finetune,60,3645440,0.982653021812439,0.9032256026495131
finetune,15,"biggrid50-goal(3,24)",finetune,70,3655680,0.9693876504898071,0.8292214561348964
finetune,15,"biggrid50-goal(3,24)",finetune,80,3665920,0.9612242579460144,0.7836799569055096
finetune,15,"biggrid50-goal(3,24)",finetune,90,3676160,0.9561222791671753,0.7552173096202797
finetune,15,"biggrid50-goal(3,24)",finetune,100,3686400,0.9683672189712524,0.8235287271663211
finetune,15,"biggrid50-goal(3,24)",finetune,110,3696640,0.9755100011825562,0.8633764998694862
finetune,15,"biggrid50-goal(3,24)",finetune,120,3706880,0.9642855525016785,0.8007581438112354
finetune,15,"biggrid50-goal(3,24)",finetune,130,3717120,0.984693706035614,0.9146100630290173
finetune,15,"biggrid50-goal(3,24)",finetune,140,3727360,0.9836732745170593,0.9089173340604421
finetune,15,"biggrid50-goal(3,24)",finetune,150,3737600,0.95714271068573,0.760910038588855
finetune,16,"biggrid50-goal(3,10)",finetune,10,3747840,0.7591837048530579,0.2176797918680447
finetune,16,"biggrid50-goal(3,10)",finetune,20,3758080,0.7653061151504517,0.23756916561330457
finetune,16,"biggrid50-goal(3,10)",finetune,30,3768320,0.7591837048530579,0.2176797918680447
finetune,16,"biggrid50-goal(3,10)",finetune,40,3778560,0.7459183931350708,0.17458585830421097
finetune,16,"biggrid50-goal(3,10)",finetune,50,3788800,0.7357142567634583,0.14143651479663916
finetune,16,"biggrid50-goal(3,10)",finetune,60,3799040,0.7357142567634583,0.14143651479663916
finetune,16,"biggrid50-goal(3,10)",finetune,70,3809280,0.7346938252449036,0.13812152235606118
finetune,16,"biggrid50-goal(3,10)",finetune,80,3819520,0.7346938252449036,0.13812152235606118
finetune,16,"biggrid50-goal(3,10)",finetune,90,3829760,0.7367346882820129,0.14475150723721714
finetune,16,"biggrid50-goal(3,10)",finetune,100,3840000,0.7663265466690063,0.24088415805388258
finetune,16,"biggrid50-goal(3,10)",finetune,110,3850240,0.7693877220153809,0.2508287481101445
finetune,16,"biggrid50-goal(3,10)",finetune,120,3860480,0.7704080939292908,0.25414354691798646
finetune,16,"biggrid50-goal(3,10)",finetune,130,3870720,0.7663264870643616,0.24088396442114654
finetune,16,"biggrid50-goal(3,10)",finetune,140,3880960,0.7367346882820129,0.14475150723721714
finetune,16,"biggrid50-goal(3,10)",finetune,150,3891200,0.7877551317214966,0.31049745024413217
finetune,16,"biggrid50-goal(3,10)",finetune,160,3901440,0.7663265466690063,0.24088415805388258
finetune,16,"biggrid50-goal(3,10)",finetune,170,3911680,0.7591837048530579,0.2176797918680447
finetune,16,"biggrid50-goal(3,10)",finetune,180,3921920,0.7591837048530579,0.2176797918680447
finetune,16,"biggrid50-goal(3,10)",finetune,190,3932160,0.7663265466690063,0.24088415805388258
finetune,16,"biggrid50-goal(3,10)",finetune,200,3942400,0.7867347002029419,0.3071824578035542
finetune,16,"biggrid50-goal(3,10)",finetune,210,3952640,0.7867347002029419,0.3071824578035542
finetune,16,"biggrid50-goal(3,10)",finetune,220,3962880,0.8132652044296265,0.3933699376657496
finetune,16,"biggrid50-goal(3,10)",finetune,230,3973120,0.8091835975646973,0.38011035516890973
finetune,16,"biggrid50-goal(3,10)",finetune,240,3983360,0.7836733460426331,0.2972372868490842
finetune,16,"biggrid50-goal(3,10)",finetune,250,3993600,0.7397958040237427,0.15469590366074307
finetune,16,"biggrid50-goal(3,10)",finetune,260,4003840,0.7397958040237427,0.15469590366074307
finetune,16,"biggrid50-goal(3,10)",finetune,270,4014080,0.7397958636283875,0.15469609729347908
finetune,16,"biggrid50-goal(3,10)",finetune,280,4024320,0.7408162355422974,0.15801089610132105
finetune,16,"biggrid50-goal(3,10)",finetune,290,4034560,0.7387754321098328,0.15138110485290107
finetune,16,"biggrid50-goal(3,10)",finetune,300,4044800,0.7479591369628906,0.1812154559198949
finetune,16,"biggrid50-goal(3,10)",finetune,310,4055040,0.7397958040237427,0.15469590366074307
finetune,16,"biggrid50-goal(3,10)",finetune,320,4065280,0.7387754321098328,0.15138110485290107
finetune,16,"biggrid50-goal(3,10)",finetune,330,4075520,0.7540816068649292,0.2011050232978908
finetune,16,"biggrid50-goal(3,10)",finetune,340,4085760,0.7479591369628906,0.1812154559198949
finetune,16,"biggrid50-goal(3,10)",finetune,350,4096000,0.7367346286773682,0.14475131360448112
finetune,16,"biggrid50-goal(3,10)",finetune,360,4106240,0.7387754321098328,0.15138110485290107
finetune,16,"biggrid50-goal(3,10)",finetune,370,4116480,0.7499998807907104,0.18784505353557884
finetune,16,"biggrid50-goal(3,10)",finetune,380,4126720,0.7826529741287231,0.2939224880412422
finetune,16,"biggrid50-goal(3,10)",finetune,390,4136960,0.7469387054443359,0.17790046347931693
finetune,16,"biggrid50-goal(3,10)",finetune,400,4147200,0.7908161878585815,0.32044165303492206
finetune,16,"biggrid50-goal(3,10)",finetune,410,4157440,0.7479590773582458,0.1812152622871589
finetune,16,"biggrid50-goal(3,10)",finetune,420,4167680,0.7377550005912781,0.1480661124123231
finetune,16,"biggrid50-goal(3,10)",finetune,430,4177920,0.7642856240272522,0.23425397953999058
finetune,16,"biggrid50-goal(3,10)",finetune,440,4188160,0.7499998807907104,0.18784505353557884
finetune,16,"biggrid50-goal(3,10)",finetune,450,4198400,0.7673467993736267,0.2441985695962525
finetune,16,"biggrid50-goal(3,10)",finetune,460,4208640,0.7581631541252136,0.2143644121619947
finetune,16,"biggrid50-goal(3,10)",finetune,470,4218880,0.7632652521133423,0.2309391807321486
finetune,16,"biggrid50-goal(3,10)",finetune,480,4229120,0.7581631541252136,0.2143644121619947
finetune,16,"biggrid50-goal(3,10)",finetune,490,4239360,0.7632652521133423,0.2309391807321486
finetune,16,"biggrid50-goal(3,10)",finetune,500,4249600,0.7622448205947876,0.22762418829157063
finetune,17,"biggrid50-goal(46,31)",finetune,10,4259840,0.7255102396011353,0.170606541965183
finetune,17,"biggrid50-goal(46,31)",finetune,20,4270080,0.7153061628341675,0.13977408211855646
finetune,17,"biggrid50-goal(46,31)",finetune,30,4280320,0.7367346882820129,0.20452213973626104
finetune,17,"biggrid50-goal(46,31)",finetune,40,4290560,0.7612244486808777,0.278519971328024
finetune,17,"biggrid50-goal(46,31)",finetune,50,4300800,0.7928571105003357,0.374100668892707
finetune,17,"biggrid50-goal(46,31)",finetune,60,4311040,0.8122448921203613,0.43268245066150857
finetune,17,"biggrid50-goal(46,31)",finetune,70,4321280,0.810204029083252,0.42651581461190174
finetune,17,"biggrid50-goal(46,31)",finetune,80,4331520,0.8459182977676392,0.5344294240750946
finetune,17,"biggrid50-goal(46,31)",finetune,90,4341760,0.8918366432189941,0.6731754933849141
finetune,17,"biggrid50-goal(46,31)",finetune,100,4352000,0.901020348072052,0.700924815307089
finetune,17,"biggrid50-goal(46,31)",finetune,110,4362240,0.9204080700874329,0.7595064169755388
finetune,17,"biggrid50-goal(46,31)",finetune,120,4372480,0.9183672070503235,0.7533397809259319
finetune,17,"biggrid50-goal(46,31)",finetune,130,4382720,0.9316326379776001,0.7934223749473206
finetune,17,"biggrid50-goal(46,31)",finetune,140,4392960,0.9326529502868652,0.7965053327714202
finetune,17,"biggrid50-goal(46,31)",finetune,150,4403200,0.964285671710968,0.8920862104364552
finetune,17,"biggrid50-goal(46,31)",finetune,160,4413440,0.837755024433136,0.509763420177723
finetune,17,"biggrid50-goal(46,31)",finetune,170,4423680,0.8326530456542969,0.4943473703547617
finetune,17,"biggrid50-goal(46,31)",finetune,180,4433920,0.8775509595870972,0.6300101216397777
finetune,17,"biggrid50-goal(46,31)",finetune,190,4444160,0.9275509715080261,0.7810892829484589
finetune,17,"biggrid50-goal(46,31)",finetune,200,4454400,0.8714284896850586,0.611510573691661
finetune,18,"biggrid50-goal(46,24)",finetune,10,4464640,0.9010202288627625,0.6696929800919311
finetune,18,"biggrid50-goal(46,24)",finetune,20,4474880,0.8857141733169556,0.6186148907430175
finetune,18,"biggrid50-goal(46,24)",finetune,30,4485120,0.9040815234184265,0.6799088764324085
finetune,18,"biggrid50-goal(46,24)",finetune,40,4495360,0.896938681602478,0.6560723816942118
finetune,18,"biggrid50-goal(46,24)",finetune,50,4505600,0.9204080700874329,0.7343924634691202
finetune,18,"biggrid50-goal(46,24)",finetune,60,4515840,0.9622448086738586,0.8740065309334198
finetune,18,"biggrid50-goal(46,24)",finetune,70,4526080,0.9540815353393555,0.846764737415064
finetune,18,"biggrid50-goal(46,24)",finetune,80,4536320,0.9581631422042847,0.8603855347204223
finetune,18,"biggrid50-goal(46,24)",finetune,90,4546560,0.9520406723022461,0.8399541398547458
finetune,18,"biggrid50-goal(46,24)",finetune,100,4556800,0.9540815353393555,0.846764737415064
finetune,18,"biggrid50-goal(46,24)",finetune,110,4567040,0.9459182620048523,0.8195229438967081
finetune,18,"biggrid50-goal(46,24)",finetune,120,4577280,0.9642855525016785,0.88081673067846
finetune,18,"biggrid50-goal(46,24)",finetune,130,4587520,0.984693706035614,0.9489211150205302
finetune,18,"biggrid50-goal(46,24)",finetune,140,4597760,0.9510202407836914,0.8365488410745866
finetune,18,"biggrid50-goal(46,24)",finetune,150,4608000,0.9336732625961304,0.7786599552577157
finetune,19,"biggrid50-goal(3,45)",finetune,10,4618240,0.6081632375717163,-0.13385808029953214
finetune,19,"biggrid50-goal(3,45)",finetune,20,4628480,0.6418367028236389,-0.03641717038856871
finetune,19,"biggrid50-goal(3,45)",finetune,30,4638720,0.7540816068649292,0.28838592014063164
finetune,19,"biggrid50-goal(3,45)",finetune,40,4648960,0.8153060078620911,0.4655509756906104
finetune,19,"biggrid50-goal(3,45)",finetune,50,4659200,0.8061224222183228,0.4389764329555721
finetune,19,"biggrid50-goal(3,45)",finetune,60,4669440,0.8540814518928528,0.5777554821259359
finetune,19,"biggrid50-goal(3,45)",finetune,70,4679680,0.875510036945343,0.6397633809269035
finetune,19,"biggrid50-goal(3,45)",finetune,80,4689920,0.8857141733169556,0.6692910914095279
finetune,19,"biggrid50-goal(3,45)",finetune,90,4700160,0.8918365240097046,0.6870073382475755
finetune,19,"biggrid50-goal(3,45)",finetune,100,4710400,0.948979377746582,0.8523616200648448
finetune,19,"biggrid50-goal(3,45)",finetune,110,4720640,0.9520405530929565,0.8612197434838686
finetune,19,"biggrid50-goal(3,45)",finetune,120,4730880,0.9510202407836914,0.8582672656481498
finetune,19,"biggrid50-goal(3,45)",finetune,130,4741120,0.963265061378479,0.8937001042801788
finetune,19,"biggrid50-goal(3,45)",finetune,140,4751360,0.9663263559341431,0.9025585726551362
finetune,19,"biggrid50-goal(3,45)",finetune,150,4761600,0.9622448086738586,0.8907477989224266
finetune,19,"biggrid50-goal(3,45)",finetune,160,4771840,0.9806120991706848,0.9438972293484369
finetune,19,"biggrid50-goal(3,45)",finetune,170,4782080,0.9795915484428406,0.9409440616008508
finetune,19,"biggrid50-goal(3,45)",finetune,180,4792320,0.9867345094680786,0.9616136486644513
finetune,19,"biggrid50-goal(3,45)",finetune,190,4802560,0.98163241147995,0.9468497071841557
finetune,19,"biggrid50-goal(3,45)",finetune,200,4812800,0.9744895696640015,0.9261804650764888
finetune,20,"biggrid50-goal(21,10)",finetune,10,4823040,0.7153061032295227,-0.03333367227045105
finetune,20,"biggrid50-goal(21,10)",finetune,20,4833280,0.7265306711196899,0.007407362536299624
finetune,20,"biggrid50-goal(21,10)",finetune,30,4843520,0.7306122183799744,0.022221871266057777
finetune,20,"biggrid50-goal(21,10)",finetune,40,4853760,0.7469388246536255,0.08148142058497806
finetune,20,"biggrid50-goal(21,10)",finetune,50,4864000,0.732653021812439,0.0296292338023574
finetune,20,"biggrid50-goal(21,10)",finetune,60,4874240,0.7367346882820129,0.04444417521779775
finetune,20,"biggrid50-goal(21,10)",finetune,70,4884480,0.7367346882820129,0.04444417521779775
finetune,20,"biggrid50-goal(21,10)",finetune,80,4894720,0.7367346882820129,0.04444417521779775
finetune,20,"biggrid50-goal(21,10)",finetune,90,4904960,0.7153061032295227,-0.03333367227045105
finetune,20,"biggrid50-goal(21,10)",finetune,100,4915200,0.7367346882820129,0.04444417521779775
finetune,20,"biggrid50-goal(21,10)",finetune,110,4925440,0.7367346882820129,0.04444417521779775
finetune,20,"biggrid50-goal(21,10)",finetune,120,4935680,0.739795982837677,0.05555554353650883
finetune,20,"biggrid50-goal(21,10)",finetune,130,4945920,0.739795982837677,0.05555554353650883
finetune,20,"biggrid50-goal(21,10)",finetune,140,4956160,0.7367346882820129,0.04444417521779775
finetune,20,"biggrid50-goal(21,10)",finetune,150,4966400,0.7591837048530579,0.1259258121456169
finetune,20,"biggrid50-goal(21,10)",finetune,160,4976640,0.7591837048530579,0.1259258121456169
finetune,20,"biggrid50-goal(21,10)",finetune,170,4986880,0.7408162951469421,0.059258900290396994
finetune,20,"biggrid50-goal(21,10)",finetune,180,4997120,0.7295918464660645,0.018518298169328512
finetune,20,"biggrid50-goal(21,10)",finetune,190,5007360,0.7367347478866577,0.04444439156063884
finetune,20,"biggrid50-goal(21,10)",finetune,200,5017600,0.7367347478866577,0.04444439156063884
finetune,20,"biggrid50-goal(21,10)",finetune,210,5027840,0.7448979616165161,0.07407384170583733
finetune,20,"biggrid50-goal(21,10)",finetune,220,5038080,0.7530611753463745,0.10370329185103584
finetune,20,"biggrid50-goal(21,10)",finetune,230,5048320,0.7530611753463745,0.10370329185103584
finetune,20,"biggrid50-goal(21,10)",finetune,240,5058560,0.7438775897026062,0.07037026860910808
finetune,20,"biggrid50-goal(21,10)",finetune,250,5068800,0.7530612945556641,0.10370372453671803
finetune,20,"biggrid50-goal(21,10)",finetune,260,5079040,0.7346938848495483,0.037036812681498124
finetune,20,"biggrid50-goal(21,10)",finetune,270,5089280,0.75,0.09259235621800695
finetune,20,"biggrid50-goal(21,10)",finetune,280,5099520,0.7948979735374451,0.25555541373080415
finetune,20,"biggrid50-goal(21,10)",finetune,290,5109760,0.7489795684814453,0.0888885667784366
finetune,20,"biggrid50-goal(21,10)",finetune,300,5120000,0.7479592561721802,0.08518521002454842
finetune,20,"biggrid50-goal(21,10)",finetune,310,5130240,0.7204081416130066,-0.014815157758281442
finetune,20,"biggrid50-goal(21,10)",finetune,320,5140480,0.781632661819458,0.20740723273059497
finetune,20,"biggrid50-goal(21,10)",finetune,330,5150720,0.7428571581840515,0.06666647916953772
finetune,20,"biggrid50-goal(21,10)",finetune,340,5160960,0.7428571581840515,0.06666647916953772
finetune,20,"biggrid50-goal(21,10)",finetune,350,5171200,0.739795982837677,0.05555554353650883
finetune,20,"biggrid50-goal(21,10)",finetune,360,5181440,0.7530612945556641,0.10370372453671803
finetune,20,"biggrid50-goal(21,10)",finetune,370,5191680,0.7479592561721802,0.08518521002454842
finetune,20,"biggrid50-goal(21,10)",finetune,380,5201920,0.7448979616165161,0.07407384170583733
finetune,20,"biggrid50-goal(21,10)",finetune,390,5212160,0.75,0.09259235621800695
finetune,20,"biggrid50-goal(21,10)",finetune,400,5222400,0.7448979616165161,0.07407384170583733
finetune,20,"biggrid50-goal(21,10)",finetune,410,5232640,0.7918367385864258,0.2444442617549342
finetune,20,"biggrid50-goal(21,10)",finetune,420,5242880,0.7510204315185547,0.09629614565757731
finetune,20,"biggrid50-goal(21,10)",finetune,430,5253120,0.7877551317214966,0.22962953668233493
finetune,20,"biggrid50-goal(21,10)",finetune,440,5263360,0.732653021812439,0.0296292338023574
finetune,20,"biggrid50-goal(21,10)",finetune,450,5273600,0.7857142686843872,0.2222219578031942
finetune,20,"biggrid50-goal(21,10)",finetune,460,5283840,0.7826530337333679,0.21111080582732422
finetune,20,"biggrid50-goal(21,10)",finetune,470,5294080,0.7163265943527222,-0.029629666488039594
finetune,20,"biggrid50-goal(21,10)",finetune,480,5304320,0.8153060674667358,0.3296292554366415
finetune,20,"biggrid50-goal(21,10)",finetune,490,5314560,0.800000011920929,0.2740739282429738
finetune,20,"biggrid50-goal(21,10)",finetune,500,5324800,0.7846938371658325,0.21851816836362387
finetune,21,"biggrid50-goal(40,3)",finetune,10,5335040,0.9173467755317688,0.7743728012920401
finetune,21,"biggrid50-goal(40,3)",finetune,20,5345280,0.8224489092826843,0.5153201162588825
finetune,21,"biggrid50-goal(40,3)",finetune,30,5355520,0.851020336151123,0.5933145447750132
finetune,21,"biggrid50-goal(40,3)",finetune,40,5365760,0.9030610918998718,0.7353756683885082
finetune,21,"biggrid50-goal(40,3)",finetune,50,5376000,0.9428569674491882,0.8440106548405378
finetune,21,"biggrid50-goal(40,3)",finetune,60,5386240,0.9142855405807495,0.766016226324407
finetune,21,"biggrid50-goal(40,3)",finetune,70,5396480,0.9326529502868652,0.8161556761302057
finetune,21,"biggrid50-goal(40,3)",finetune,80,5406720,0.9459182620048523,0.8523673925172378
finetune,21,"biggrid50-goal(40,3)",finetune,90,5416960,0.9428569674491882,0.8440106548405378
finetune,21,"biggrid50-goal(40,3)",finetune,100,5427200,0.9999998807907104,0.9999996745818662
finetune,21,"biggrid50-goal(40,3)",finetune,110,5437440,0.9622448086738586,0.896935683871903
finetune,21,"biggrid50-goal(40,3)",finetune,120,5447680,0.98163241147995,0.9498600620670007
finetune,21,"biggrid50-goal(40,3)",finetune,130,5457920,0.9785712957382202,0.9415038125175014
finetune,21,"biggrid50-goal(40,3)",finetune,140,5468160,0.9265304803848267,0.7994425261949395
finetune,21,"biggrid50-goal(40,3)",finetune,150,5478400,0.9091835021972656,0.7520886556147075
finetune,22,"biggrid50-goal(15,38)",finetune,10,5488640,0.7908162474632263,-0.42032392661872253
finetune,22,"biggrid50-goal(15,38)",finetune,20,5498880,0.8336734771728516,-0.12933025217225902
finetune,22,"biggrid50-goal(15,38)",finetune,30,5509120,0.9040815234184265,0.34872902105684905
finetune,22,"biggrid50-goal(15,38)",finetune,40,5519360,0.9520407915115356,0.6743647128813848
finetune,22,"biggrid50-goal(15,38)",finetune,50,5529600,0.960204005241394,0.7297916169215639
finetune,22,"biggrid50-goal(15,38)",finetune,60,5539840,0.9479590654373169,0.6466504514494542
finetune,22,"biggrid50-goal(15,38)",finetune,70,5550080,0.961224377155304,0.7367197775736262
finetune,22,"biggrid50-goal(15,38)",finetune,80,5560320,0.9489795565605164,0.6535794215133574
finetune,22,"biggrid50-goal(15,38)",finetune,90,5570560,0.9418365359306335,0.6050794640074789
finetune,22,"biggrid50-goal(15,38)",finetune,100,5580800,0.9265305399894714,0.5011542212851032
finetune,22,"biggrid50-goal(15,38)",finetune,110,5591040,0.9255101084709167,0.49422565592712053
finetune,22,"biggrid50-goal(15,38)",finetune,120,5601280,0.9397958517074585,0.5912235474092751
finetune,22,"biggrid50-goal(15,38)",finetune,130,5611520,0.9316325187683105,0.5357958339572549
finetune,22,"biggrid50-goal(15,38)",finetune,140,5621760,0.9857142567634583,0.9030021085178455
finetune,22,"biggrid50-goal(15,38)",finetune,150,5632000,0.9663264155387878,0.7713617949516983
finetune,23,"biggrid50-goal(40,45)",finetune,10,5642240,0.6836734414100647,0.30180173779973596
finetune,23,"biggrid50-goal(40,45)",finetune,20,5652480,0.7346938848495483,0.4144144286370957
finetune,23,"biggrid50-goal(40,45)",finetune,30,5662720,0.7846938371658325,0.5247746841051816
finetune,23,"biggrid50-goal(40,45)",finetune,40,5672960,0.8071427345275879,0.5743240523155446
finetune,23,"biggrid50-goal(40,45)",finetune,50,5683200,0.8602039217948914,0.6914410876522443
finetune,23,"biggrid50-goal(40,45)",finetune,60,5693440,0.8571428060531616,0.6846845709032343
finetune,23,"biggrid50-goal(40,45)",finetune,70,5703680,0.8346937894821167,0.6351349395732674
finetune,23,"biggrid50-goal(40,45)",finetune,80,5713920,0.8826529383659363,0.7409907189822112
finetune,23,"biggrid50-goal(40,45)",finetune,90,5724160,0.8897958993911743,0.7567567140887129
finetune,23,"biggrid50-goal(40,45)",finetune,100,5734400,0.8867344856262207,0.7499995395406932
finetune,23,"biggrid50-goal(40,45)",finetune,110,5744640,0.893877387046814,0.7657654030873928
finetune,23,"biggrid50-goal(40,45)",finetune,120,5754880,0.9030610918998718,0.7860357426932344
finetune,23,"biggrid50-goal(40,45)",finetune,130,5765120,0.8744896650314331,0.7229726831858416
finetune,23,"biggrid50-goal(40,45)",finetune,140,5775360,0.8999997973442078,0.7792788312648186
finetune,23,"biggrid50-goal(40,45)",finetune,150,5785600,0.8948978185653687,0.7680177068968648
finetune,24,"biggrid50-goal(15,17)",finetune,10,5795840,0.8224489092826843,0.12709032354483943
finetune,24,"biggrid50-goal(15,17)",finetune,20,5806080,0.9234692454338074,0.6237452784021146
finetune,24,"biggrid50-goal(15,17)",finetune,30,5816320,0.9336732625961304,0.6739121643599579
finetune,24,"biggrid50-goal(15,17)",finetune,40,5826560,0.9591835737228394,0.7993306979320207
finetune,24,"biggrid50-goal(15,17)",finetune,50,5836800,0.9499999284744263,0.7541803540502445
finetune,24,"biggrid50-goal(15,17)",finetune,60,5847040,0.9499999284744263,0.7541803540502445
finetune,24,"biggrid50-goal(15,17)",finetune,70,5857280,0.9499999284744263,0.7541803540502445
finetune,24,"biggrid50-goal(15,17)",finetune,80,5867520,0.961224377155304,0.8093640751235894
finetune,24,"biggrid50-goal(15,17)",finetune,90,5877760,0.9602039456367493,0.8043472400080879
finetune,24,"biggrid50-goal(15,17)",finetune,100,5888000,0.9591835737228394,0.7993306979320207
finetune,24,"biggrid50-goal(15,17)",finetune,110,5898240,0.9540815353393555,0.7742471084333818
finetune,24,"biggrid50-goal(15,17)",finetune,120,5908480,0.9081631898880005,0.5484948029456324
finetune,24,"biggrid50-goal(15,17)",finetune,130,5918720,0.9367345571517944,0.6889626697064624
finetune,24,"biggrid50-goal(15,17)",finetune,140,5928960,0.9122447967529297,0.5685615573287698
finetune,24,"biggrid50-goal(15,17)",finetune,150,5939200,0.9367345571517944,0.6889626697064624
finetune,25,"biggrid50-goal(15,24)",finetune,10,5949440,0.9153060913085938,0.5456203060774845
finetune,25,"biggrid50-goal(15,24)",finetune,20,5959680,0.9255102276802063,0.6003651210578725
finetune,25,"biggrid50-goal(15,24)",finetune,30,5969920,0.938775360584259,0.6715320694478287
finetune,25,"biggrid50-goal(15,24)",finetune,40,5980160,0.9581631422042847,0.7755468022008313
finetune,25,"biggrid50-goal(15,24)",finetune,50,5990400,0.9571428298950195,0.770072864323215
finetune,25,"biggrid50-goal(15,24)",finetune,60,6000640,0.9591835737228394,0.7810213796318858
finetune,25,"biggrid50-goal(15,24)",finetune,70,6010880,0.938775360584259,0.6715320694478287
finetune,25,"biggrid50-goal(15,24)",finetune,80,6021120,0.9520407915115356,0.7427006167213804
finetune,25,"biggrid50-goal(15,24)",finetune,90,6031360,0.9499999284744263,0.7317514618592714
finetune,25,"biggrid50-goal(15,24)",finetune,100,6041600,0.8979591131210327,0.4525544084098719
finetune,25,"biggrid50-goal(15,24)",finetune,110,6051840,0.9040816426277161,0.48540155321948003
finetune,25,"biggrid50-goal(15,24)",finetune,120,6062080,0.8897958993911743,0.40875906806831197
finetune,25,"biggrid50-goal(15,24)",finetune,130,6072320,0.886734664440155,0.39233565555186745
finetune,25,"biggrid50-goal(15,24)",finetune,140,6082560,0.8795918226242065,0.354014572864643
finetune,25,"biggrid50-goal(15,24)",finetune,150,6092800,0.8632652163505554,0.26642293285136587
finetune,26,"biggrid50-goal(21,38)",finetune,10,6103040,0.8785713911056519,0.4
finetune,26,"biggrid50-goal(21,38)",finetune,20,6113280,0.8755100965499878,0.3848736080391354
finetune,26,"biggrid50-goal(21,38)",finetune,30,6123520,0.8826530575752258,0.4201682280975087
finetune,26,"biggrid50-goal(21,38)",finetune,40,6133760,0.8622447848320007,0.3193273821269427
finetune,26,"biggrid50-goal(21,38)",finetune,50,6144000,0.9020408391952515,0.5159666488974757
finetune,26,"biggrid50-goal(21,38)",finetune,60,6154240,0.9040816426277161,0.5260506156877414
finetune,26,"biggrid50-goal(21,38)",finetune,70,6164480,0.8693877458572388,0.354622002185316
finetune,26,"biggrid50-goal(21,38)",finetune,80,6174720,0.8724489212036133,0.3697478051122257
finetune,26,"biggrid50-goal(21,38)",finetune,90,6184960,0.8897958993911743,0.45546225912192706
finetune,26,"biggrid50-goal(21,38)",finetune,100,6195200,0.8775509595870972,0.3949578693463785
finetune,26,"biggrid50-goal(21,38)",finetune,110,6205440,0.8826530575752258,0.4201682280975087
finetune,26,"biggrid50-goal(21,38)",finetune,120,6215680,0.9030612111091614,0.5210084850341198
finetune,26,"biggrid50-goal(21,38)",finetune,130,6225920,0.886734664440155,0.4403361616780399
finetune,26,"biggrid50-goal(21,38)",finetune,140,6236160,0.9214285016059875,0.6117644806634879
finetune,26,"biggrid50-goal(21,38)",finetune,150,6246400,0.9030612111091614,0.5210084850341198
finetune,27,"biggrid50-goal(33,17)",finetune,10,6256640,0.9030610918998718,0.6464015737468826
finetune,27,"biggrid50-goal(33,17)",finetune,20,6266880,0.984693706035614,0.9441681202764928
finetune,27,"biggrid50-goal(33,17)",finetune,30,6277120,0.9795916676521301,0.9255577111183921
finetune,27,"biggrid50-goal(33,17)",finetune,40,6287360,0.9673467874526978,0.880892772622231
finetune,27,"biggrid50-goal(33,17)",finetune,50,6297600,0.9755100011825562,0.9106692533420706
finetune,27,"biggrid50-goal(33,17)",finetune,60,6307840,0.982653021812439,0.9367244349293364
finetune,27,"biggrid50-goal(33,17)",finetune,70,6318080,0.9959182739257812,0.9851113248072767
finetune,27,"biggrid50-goal(33,17)",finetune,80,6328320,0.9948978424072266,0.9813891560090958
finetune,27,"biggrid50-goal(33,17)",finetune,90,6338560,0.9673467874526978,0.880892772622231
finetune,27,"biggrid50-goal(33,17)",finetune,100,6348800,0.9418366551399231,0.7878409442481296
finetune,27,"biggrid50-goal(33,17)",finetune,110,6359040,0.9132651090621948,0.6836221746466821
finetune,27,"biggrid50-goal(33,17)",finetune,120,6369280,0.9724488258361816,0.8995031817803316
finetune,27,"biggrid50-goal(33,17)",finetune,130,6379520,0.9693876504898071,0.8883371102185926
finetune,27,"biggrid50-goal(33,17)",finetune,140,6389760,0.9908162951469421,0.9665011330655778
finetune,27,"biggrid50-goal(33,17)",finetune,150,6400000,0.9785712361335754,0.9218355423202114
finetune,28,"biggrid50-goal(27,17)",finetune,10,6410240,0.8051019906997681,0.24901684325554357
finetune,28,"biggrid50-goal(27,17)",finetune,20,6420480,0.8051019906997681,0.24901684325554357
finetune,28,"biggrid50-goal(27,17)",finetune,30,6430720,0.813265323638916,0.2804718876770262
finetune,28,"biggrid50-goal(27,17)",finetune,40,6440960,0.8051019906997681,0.24901684325554357
finetune,28,"biggrid50-goal(27,17)",finetune,50,6451200,0.8204081654548645,0.3079947644592311
finetune,28,"biggrid50-goal(27,17)",finetune,60,6461440,0.8112244606018066,0.2726080117370186
finetune,28,"biggrid50-goal(27,17)",finetune,70,6471680,0.8071428537368774,0.2568807191955512
finetune,28,"biggrid50-goal(27,17)",finetune,80,6481920,0.8173469305038452,0.29619918021849356
finetune,28,"biggrid50-goal(27,17)",finetune,90,6492160,0.8163264989852905,0.29226724224848977
finetune,28,"biggrid50-goal(27,17)",finetune,100,6502400,0.8163264989852905,0.29226724224848977
finetune,28,"biggrid50-goal(27,17)",finetune,110,6512640,0.8214285969734192,0.31192670242923487
finetune,28,"biggrid50-goal(27,17)",finetune,120,6522880,0.8214285969734192,0.31192670242923487
finetune,28,"biggrid50-goal(27,17)",finetune,130,6533120,0.8173469305038452,0.29619918021849356
finetune,28,"biggrid50-goal(27,17)",finetune,140,6543360,0.8142856359481812,0.2844033663084821
finetune,28,"biggrid50-goal(27,17)",finetune,150,6553600,0.8030611872673035,0.24115319698480991
finetune,28,"biggrid50-goal(27,17)",finetune,160,6563840,0.8183673024177551,0.3001308885192234
finetune,28,"biggrid50-goal(27,17)",finetune,170,6574080,0.8122448921203613,0.2765399497070224
finetune,28,"biggrid50-goal(27,17)",finetune,180,6584320,0.8316326141357422,0.3512449337829033
finetune,28,"biggrid50-goal(27,17)",finetune,190,6594560,0.8265305757522583,0.3315857032714321
finetune,28,"biggrid50-goal(27,17)",finetune,200,6604800,0.8387754559516907,0.37876781056510817
finetune,28,"biggrid50-goal(27,17)",finetune,210,6615040,0.823469340801239,0.3197901190306946
finetune,28,"biggrid50-goal(27,17)",finetune,220,6625280,0.8224489092826843,0.3158581810606908
finetune,28,"biggrid50-goal(27,17)",finetune,230,6635520,0.8214284777641296,0.311926243090687
finetune,28,"biggrid50-goal(27,17)",finetune,240,6645760,0.8255101442337036,0.3276537653014283
finetune,28,"biggrid50-goal(27,17)",finetune,250,6656000,0.8122448921203613,0.2765399497070224
finetune,28,"biggrid50-goal(27,17)",finetune,260,6666240,0.8306121826171875,0.3473129958128995
finetune,28,"biggrid50-goal(27,17)",finetune,270,6676480,0.8244897723197937,0.32372205700069845
finetune,28,"biggrid50-goal(27,17)",finetune,280,6686720,0.8244897723197937,0.32372205700069845
finetune,28,"biggrid50-goal(27,17)",finetune,290,6696960,0.7867347002029419,0.1782437971496665
finetune,28,"biggrid50-goal(27,17)",finetune,300,6707200,0.810204029083252,0.26867607376701474
finetune,28,"biggrid50-goal(27,17)",finetune,310,6717440,0.795918345451355,0.21363032020260506
finetune,28,"biggrid50-goal(27,17)",finetune,320,6727680,0.7897958755493164,0.19003915172113006
finetune,28,"biggrid50-goal(27,17)",finetune,330,6737920,0.8030611872673035,0.24115319698480991
finetune,28,"biggrid50-goal(27,17)",finetune,340,6748160,0.7908163070678711,0.19397108969113386
finetune,28,"biggrid50-goal(27,17)",finetune,350,6758400,0.8204081654548645,0.3079947644592311
finetune,28,"biggrid50-goal(27,17)",finetune,360,6768640,0.8020407557487488,0.2372212590148061
finetune,28,"biggrid50-goal(27,17)",finetune,370,6778880,0.8173468708992004,0.29619895054921963
finetune,28,"biggrid50-goal(27,17)",finetune,380,6789120,0.8153060674667358,0.2883353042784859
finetune,28,"biggrid50-goal(27,17)",finetune,390,6799360,0.8122448921203613,0.2765399497070224
finetune,28,"biggrid50-goal(27,17)",finetune,400,6809600,0.8214285969734192,0.31192670242923487
finetune,28,"biggrid50-goal(27,17)",finetune,410,6819840,0.8112244606018066,0.2726080117370186
finetune,28,"biggrid50-goal(27,17)",finetune,420,6830080,0.8173468708992004,0.29619895054921963
finetune,28,"biggrid50-goal(27,17)",finetune,430,6840320,0.8173468708992004,0.29619895054921963
finetune,28,"biggrid50-goal(27,17)",finetune,440,6850560,0.8061224222183228,0.2529487812255474
finetune,28,"biggrid50-goal(27,17)",finetune,450,6860800,0.8061224222183228,0.2529487812255474
finetune,28,"biggrid50-goal(27,17)",finetune,460,6871040,0.8132652044296265,0.2804714283384783
finetune,28,"biggrid50-goal(27,17)",finetune,470,6881280,0.7999999523162842,0.2293576127440724
finetune,28,"biggrid50-goal(27,17)",finetune,480,6891520,0.7999999523162842,0.2293576127440724
finetune,28,"biggrid50-goal(27,17)",finetune,490,6901760,0.8214284777641296,0.311926243090687
finetune,28,"biggrid50-goal(27,17)",finetune,500,6912000,0.823469340801239,0.3197901190306946
finetune,29,"biggrid50-goal(3,3)",finetune,10,6922240,0.5683673024177551,-0.2792339500332457
finetune,29,"biggrid50-goal(3,3)",finetune,20,6932480,0.5663264989852905,-0.28528229866572075
finetune,29,"biggrid50-goal(3,3)",finetune,30,6942720,0.5979591608047485,-0.19153227658436386
finetune,29,"biggrid50-goal(3,3)",finetune,40,6952960,0.5948979258537292,-0.20060488785850408
finetune,29,"biggrid50-goal(3,3)",finetune,50,6963200,0.5857142210006714,-0.22782272168092474
finetune,29,"biggrid50-goal(3,3)",finetune,60,6973440,0.601020336151123,-0.18245984196107887
finetune,29,"biggrid50-goal(3,3)",finetune,70,6983680,0.5887755155563354,-0.2187499337559293
finetune,29,"biggrid50-goal(3,3)",finetune,80,6993920,0.5969387292861938,-0.194556539226029
finetune,29,"biggrid50-goal(3,3)",finetune,90,7004160,0.6020407676696777,-0.17943557931941373
finetune,29,"biggrid50-goal(3,3)",finetune,100,7014400,0.6153060793876648,-0.1401210482320429
finetune,29,"biggrid50-goal(3,3)",finetune,110,7024640,0.6561223864555359,-0.019153368979120577
finetune,29,"biggrid50-goal(3,3)",finetune,120,7034880,0.6591836214065552,-0.010080757704980353
finetune,29,"biggrid50-goal(3,3)",finetune,130,7045120,0.7153059840202332,0.15624962461693262
finetune,29,"biggrid50-goal(3,3)",finetune,140,7055360,0.6867345571517944,0.07157221380971594
finetune,29,"biggrid50-goal(3,3)",finetune,150,7065600,0.710204005241394,0.14112884136117257
finetune,29,"biggrid50-goal(3,3)",finetune,160,7075840,0.6806122064590454,0.05342734456314597
finetune,29,"biggrid50-goal(3,3)",finetune,170,7086080,0.6591836214065552,-0.010080757704980353
finetune,29,"biggrid50-goal(3,3)",finetune,180,7096320,0.6959182620048523,0.09879004763213661
finetune,29,"biggrid50-goal(3,3)",finetune,190,7106560,0.6948978900909424,0.0957659616413267
finetune,29,"biggrid50-goal(3,3)",finetune,200,7116800,0.6775509119033813,0.04435455663815051
finetune,29,"biggrid50-goal(3,3)",finetune,210,7127040,0.7724488377571106,0.325604446231366
finetune,29,"biggrid50-goal(3,3)",finetune,220,7137280,0.7724488973617554,0.3256046228822212
finetune,29,"biggrid50-goal(3,3)",finetune,230,7147520,0.8285713195800781,0.4919351818549894
finetune,29,"biggrid50-goal(3,3)",finetune,240,7157760,0.7755100727081299,0.3346770575055062
finetune,29,"biggrid50-goal(3,3)",finetune,250,7168000,0.8693875074386597,0.6129025078062013
finetune,29,"biggrid50-goal(3,3)",finetune,260,7178240,0.7928570508956909,0.3860884625086824
finetune,29,"biggrid50-goal(3,3)",finetune,270,7188480,0.9173468351364136,0.7550400255507796
finetune,29,"biggrid50-goal(3,3)",finetune,280,7198720,0.8499997854232788,0.5554429308214053
finetune,29,"biggrid50-goal(3,3)",finetune,290,7208960,0.8744896054267883,0.6280236443636719
finetune,29,"biggrid50-goal(3,3)",finetune,300,7219200,0.9173467755317688,0.7550398488999245
finetune,29,"biggrid50-goal(3,3)",finetune,310,7229440,0.9551019668579102,0.866935270180417
finetune,29,"biggrid50-goal(3,3)",finetune,320,7239680,0.8357141613960266,0.5131044903940798
finetune,29,"biggrid50-goal(3,3)",finetune,330,7249920,0.9163263440132141,0.7520155862582593
finetune,29,"biggrid50-goal(3,3)",finetune,340,7260160,0.911224365234375,0.7368948030024992
finetune,29,"biggrid50-goal(3,3)",finetune,350,7270400,0.8367345929145813,0.5161287530357449
finetune,29,"biggrid50-goal(3,3)",finetune,360,7280640,0.8163264393806458,0.45564491340928376
finetune,29,"biggrid50-goal(3,3)",finetune,370,7290880,0.8704079389572144,0.6159267704478665
finetune,29,"biggrid50-goal(3,3)",finetune,380,7301120,0.820408046245575,0.4677416106742339
finetune,29,"biggrid50-goal(3,3)",finetune,390,7311360,0.7887754440307617,0.37399176524373223
finetune,29,"biggrid50-goal(3,3)",finetune,400,7321600,0.7673468589782715,0.3104836629756059
finetune,29,"biggrid50-goal(3,3)",finetune,410,7331840,0.8071427345275879,0.4284270795868631
finetune,29,"biggrid50-goal(3,3)",finetune,420,7342080,0.7520407438278198,0.26512078325576005
finetune,29,"biggrid50-goal(3,3)",finetune,430,7352320,0.8173467516899109,0.4586688227492385
finetune,29,"biggrid50-goal(3,3)",finetune,440,7362560,0.8010202646255493,0.41028185703858266
finetune,29,"biggrid50-goal(3,3)",finetune,450,7372800,0.7857141494750977,0.3649189773187368
finetune,29,"biggrid50-goal(3,3)",finetune,460,7383040,0.7295917272567749,0.19858841834596858
finetune,29,"biggrid50-goal(3,3)",finetune,470,7393280,0.7928570508956909,0.3860884625086824
finetune,29,"biggrid50-goal(3,3)",finetune,480,7403520,0.7122448086738586,0.14717718999364762
finetune,29,"biggrid50-goal(3,3)",finetune,490,7413760,0.7469387054443359,0.24999982334914475
finetune,29,"biggrid50-goal(3,3)",finetune,500,7424000,0.7285712957382202,0.19556415570430344
finetune,30,"biggrid50-goal(9,10)",finetune,10,7434240,0.9918365478515625,0.9641247524015932
finetune,30,"biggrid50-goal(9,10)",finetune,20,7444480,0.9775508642196655,0.9013446407419806
finetune,30,"biggrid50-goal(9,10)",finetune,30,7454720,0.9377549886703491,0.7264569997333454
finetune,30,"biggrid50-goal(9,10)",finetune,40,7464960,0.9581632614135742,0.8161435470917632
finetune,30,"biggrid50-goal(9,10)",finetune,50,7475200,0.9806121587753296,0.9147978585913832
finetune,30,"biggrid50-goal(9,10)",finetune,60,7485440,0.9795916676521301,0.9103131907019825
finetune,30,"biggrid50-goal(9,10)",finetune,70,7495680,0.9683672189712524,0.8609860349521724
finetune,30,"biggrid50-goal(9,10)",finetune,80,7505920,0.9459182620048523,0.7623314615129526
finetune,30,"biggrid50-goal(9,10)",finetune,90,7516160,0.9765304327011108,0.8968602347921797
finetune,30,"biggrid50-goal(9,10)",finetune,100,7526400,0.9959182739257812,0.9820623762007966
finetune,30,"biggrid50-goal(9,10)",finetune,110,7536640,0.9755101203918457,0.8923763527215787
finetune,30,"biggrid50-goal(9,10)",finetune,120,7546880,0.9959181547164917,0.9820618523215968
finetune,30,"biggrid50-goal(9,10)",finetune,130,7557120,0.9816325902938843,0.919282264541184
finetune,30,"biggrid50-goal(9,10)",finetune,140,7567360,0.984693706035614,0.9327346965717869
finetune,30,"biggrid50-goal(9,10)",finetune,150,7577600,0.9897958636283875,0.9551567263207912
finetune,31,"biggrid50-goal(46,17)",finetune,10,7587840,0.7755101323127747,0.21893499100481645
finetune,31,"biggrid50-goal(46,17)",finetune,20,7598080,0.7867346405982971,0.257988293300014
finetune,31,"biggrid50-goal(46,17)",finetune,30,7608320,0.8071428537368774,0.3289943540317605
finetune,31,"biggrid50-goal(46,17)",finetune,40,7618560,0.9204080700874329,0.7230767156951695
finetune,31,"biggrid50-goal(46,17)",finetune,50,7628800,0.9326528310775757,0.7656797714653076
finetune,31,"biggrid50-goal(46,17)",finetune,60,7639040,0.9438773393630981,0.8047330737605052
finetune,31,"biggrid50-goal(46,17)",finetune,70,7649280,0.9408161044120789,0.7940821542816555
finetune,31,"biggrid50-goal(46,17)",finetune,80,7659520,0.994897723197937,0.9822477071354877
finetune,31,"biggrid50-goal(46,17)",finetune,90,7669760,0.988775372505188,0.9609462829412954
finetune,31,"biggrid50-goal(46,17)",finetune,100,7680000,0.988775372505188,0.9609462829412954
finetune,31,"biggrid50-goal(46,17)",finetune,110,7690240,0.9734692573547363,0.9076918929288007
finetune,31,"biggrid50-goal(46,17)",finetune,120,7700480,0.9744895696640015,0.9112418537854947
finetune,31,"biggrid50-goal(46,17)",finetune,130,7710720,0.9673467874526978,0.8863900539711014
finetune,31,"biggrid50-goal(46,17)",finetune,140,7720960,0.9693876504898071,0.8934908052115035
finetune,31,"biggrid50-goal(46,17)",finetune,150,7731200,0.9510202407836914,0.8295852883384055
finetune,32,"biggrid50-goal(40,10)",finetune,10,7741440,0.7336733937263489,0.17405037084577682
finetune,32,"biggrid50-goal(40,10)",finetune,20,7751680,0.7336733937263489,0.17405037084577682
finetune,32,"biggrid50-goal(40,10)",finetune,30,7761920,0.7387754321098328,0.18987314863628868
finetune,32,"biggrid50-goal(40,10)",finetune,40,7772160,0.7438775300979614,0.20569611127665444
finetune,32,"biggrid50-goal(40,10)",finetune,50,7782400,0.7316325902938843,0.16772129669954283
finetune,32,"biggrid50-goal(40,10)",finetune,60,7792640,0.731632649898529,0.1677214815493967
finetune,32,"biggrid50-goal(40,10)",finetune,70,7802880,0.7244898080825806,0.14556962961265082
finetune,32,"biggrid50-goal(40,10)",finetune,80,7813120,0.732653021812439,0.17088592619758675
finetune,32,"biggrid50-goal(40,10)",finetune,90,7823360,0.7316325902938843,0.16772129669954283
finetune,32,"biggrid50-goal(40,10)",finetune,100,7833600,0.735714316368103,0.18037981469171852
finetune,32,"biggrid50-goal(40,10)",finetune,110,7843840,0.7510203719139099,0.22784796321340028
finetune,32,"biggrid50-goal(40,10)",finetune,120,7854080,0.7367346882820129,0.18354425933990856
finetune,32,"biggrid50-goal(40,10)",finetune,130,7864320,0.7581632137298584,0.24999981515014613
finetune,32,"biggrid50-goal(40,10)",finetune,140,7874560,0.7020408511161804,0.07594944430436933
finetune,32,"biggrid50-goal(40,10)",finetune,150,7884800,0.7091836333274841,0.09810111139126133
finetune,32,"biggrid50-goal(40,10)",finetune,160,7895040,0.7020408511161804,0.07594944430436933
finetune,32,"biggrid50-goal(40,10)",finetune,170,7905280,0.7061225175857544,0.08860777744669115
finetune,32,"biggrid50-goal(40,10)",finetune,180,7915520,0.7193877100944519,0.1297466669722851
finetune,32,"biggrid50-goal(40,10)",finetune,190,7925760,0.6948980093002319,0.05379759236762347
finetune,32,"biggrid50-goal(40,10)",finetune,200,7936000,0.7051020860671997,0.08544314794864723
finetune,32,"biggrid50-goal(40,10)",finetune,210,7946240,0.6938775777816772,0.05063296286957956
finetune,32,"biggrid50-goal(40,10)",finetune,220,7956480,0.7377550601959229,0.18670870398809863
finetune,32,"biggrid50-goal(40,10)",finetune,230,7966720,0.7489795684814453,0.2215188890671663
finetune,32,"biggrid50-goal(40,10)",finetune,240,7976960,0.7489795684814453,0.2215188890671663
finetune,32,"biggrid50-goal(40,10)",finetune,250,7987200,0.7489795684814453,0.2215188890671663
finetune,32,"biggrid50-goal(40,10)",finetune,260,7997440,0.7510203719139099,0.22784796321340028
finetune,32,"biggrid50-goal(40,10)",finetune,270,8007680,0.7153061032295227,0.11708851867981714
finetune,32,"biggrid50-goal(40,10)",finetune,280,8017920,0.7479591965675354,0.21835444441897625
finetune,32,"biggrid50-goal(40,10)",finetune,290,8028160,0.7010204195976257,0.07278481480632541
finetune,32,"biggrid50-goal(40,10)",finetune,300,8038400,0.735714316368103,0.18037981469171852
finetune,32,"biggrid50-goal(40,10)",finetune,310,8048640,0.735714316368103,0.18037981469171852
finetune,32,"biggrid50-goal(40,10)",finetune,320,8058880,0.7010204195976257,0.07278481480632541
finetune,32,"biggrid50-goal(40,10)",finetune,330,8069120,0.735714316368103,0.18037981469171852
finetune,32,"biggrid50-goal(40,10)",finetune,340,8079360,0.7326530814170837,0.17088611104744061
finetune,32,"biggrid50-goal(40,10)",finetune,350,8089600,0.6979592442512512,0.06329129601190138
finetune,32,"biggrid50-goal(40,10)",finetune,360,8099840,0.7010204195976257,0.07278481480632541
finetune,32,"biggrid50-goal(40,10)",finetune,370,8110080,0.7122448682785034,0.10759481503553923
finetune,32,"biggrid50-goal(40,10)",finetune,380,8120320,0.7581632733345032,0.25
finetune,32,"biggrid50-goal(40,10)",finetune,390,8130560,0.7265306711196899,0.15189888860873865
finetune,32,"biggrid50-goal(40,10)",finetune,400,8140800,0.7265306711196899,0.15189888860873865
finetune,32,"biggrid50-goal(40,10)",finetune,410,8151040,0.7244898080825806,0.14556962961265082
finetune,32,"biggrid50-goal(40,10)",finetune,420,8161280,0.6979592442512512,0.06329129601190138
finetune,32,"biggrid50-goal(40,10)",finetune,430,8171520,0.704081654548645,0.08227851845060331
finetune,32,"biggrid50-goal(40,10)",finetune,440,8181760,0.7071428298950195,0.09177203724502736
finetune,32,"biggrid50-goal(40,10)",finetune,450,8192000,0.7214285135269165,0.13607574111851908
finetune,32,"biggrid50-goal(40,10)",finetune,460,8202240,0.701020359992981,0.07278462995647156
finetune,32,"biggrid50-goal(40,10)",finetune,470,8212480,0.7061224579811096,0.08860759259683729
finetune,32,"biggrid50-goal(40,10)",finetune,480,8222720,0.7020407915115356,0.07594925945451547
finetune,32,"biggrid50-goal(40,10)",finetune,490,8232960,0.701020359992981,0.07278462995647156
finetune,32,"biggrid50-goal(40,10)",finetune,500,8243200,0.741836667060852,0.19936685228056658
finetune,33,"biggrid50-goal(46,38)",finetune,10,8253440,0.8214284777641296,0.5179061015850559
finetune,33,"biggrid50-goal(46,38)",finetune,20,8263680,0.8897957801818848,0.7024789771141883
finetune,33,"biggrid50-goal(46,38)",finetune,30,8273920,0.8846937417984009,0.6887048795237141
finetune,33,"biggrid50-goal(46,38)",finetune,40,8284160,0.8846937417984009,0.6887048795237141
finetune,33,"biggrid50-goal(46,38)",finetune,50,8294400,0.8765304684638977,0.6666662911957323
finetune,33,"biggrid50-goal(46,38)",finetune,60,8304640,0.9010202288627625,0.7327818952635629
finetune,33,"biggrid50-goal(46,38)",finetune,70,8314880,0.9020407795906067,0.7355371009803332
finetune,33,"biggrid50-goal(46,38)",finetune,80,8325120,0.8918365240097046,0.7079884230510404
finetune,33,"biggrid50-goal(46,38)",finetune,90,8335360,0.9051018953323364,0.7438012698856111
finetune,33,"biggrid50-goal(46,38)",finetune,100,8345600,0.9051019549369812,0.7438014308017259
finetune,33,"biggrid50-goal(46,38)",finetune,110,8355840,0.8928569555282593,0.7107433069355811
finetune,33,"biggrid50-goal(46,38)",finetune,120,8366080,0.8816325068473816,0.6804403887862065
finetune,33,"biggrid50-goal(46,38)",finetune,130,8376320,0.925510048866272,0.7988976602475083
finetune,33,"biggrid50-goal(46,38)",finetune,140,8386560,0.8836733102798462,0.6859499956391732
finetune,33,"biggrid50-goal(46,38)",finetune,150,8396800,0.8816324472427368,0.6804402278700917
finetune,34,"biggrid50-goal(27,31)",finetune,10,8407040,0.9295917749404907,0.6194848849438933
finetune,34,"biggrid50-goal(27,31)",finetune,20,8417280,0.9357142448425293,0.6525732398517566
finetune,34,"biggrid50-goal(27,31)",finetune,30,8427520,0.9265304803848267,0.6029403853618546
finetune,34,"biggrid50-goal(27,31)",finetune,40,8437760,0.9204080700874329,0.5698523525820983
finetune,34,"biggrid50-goal(27,31)",finetune,50,8448000,0.9285714030265808,0.6139703738779876
finetune,34,"biggrid50-goal(27,31)",finetune,60,8458240,0.9336733818054199,0.6415435734637308
finetune,34,"biggrid50-goal(27,31)",finetune,70,8468480,0.9183672666549683,0.5588230083221797
finetune,34,"biggrid50-goal(27,31)",finetune,80,8478720,0.9142856597900391,0.5367643198023422
finetune,34,"biggrid50-goal(27,31)",finetune,90,8488960,0.9428570866584778,0.6911761058255258
finetune,34,"biggrid50-goal(27,31)",finetune,100,8499200,0.9632652401924133,0.8014701926809272
finetune,34,"biggrid50-goal(27,31)",finetune,110,8509440,0.9448979496955872,0.7022057722135516
finetune,34,"biggrid50-goal(27,31)",finetune,120,8519680,0.9877550005912781,0.9338229680561663
finetune,34,"biggrid50-goal(27,31)",finetune,130,8529920,0.9857142567634583,0.9227939459243547
finetune,34,"biggrid50-goal(27,31)",finetune,140,8540160,0.9571428298950195,0.7683821599011711
finetune,34,"biggrid50-goal(27,31)",finetune,150,8550400,0.936734676361084,0.6580880730457696
finetune,35,"biggrid50-goal(21,31)",finetune,10,8560640,0.8499999046325684,0.28640745865753237
finetune,35,"biggrid50-goal(21,31)",finetune,20,8570880,0.8255102038383484,0.16990308055259398
finetune,35,"biggrid50-goal(21,31)",finetune,30,8581120,0.8469387292861938,0.2718445886169272
finetune,35,"biggrid50-goal(21,31)",finetune,40,8591360,0.8663264513015747,0.3640774221355171
finetune,35,"biggrid50-goal(21,31)",finetune,50,8601600,0.8704080581665039,0.3834947712270036
finetune,35,"biggrid50-goal(21,31)",finetune,60,8611840,0.8622449040412903,0.3446603566000499
finetune,35,"biggrid50-goal(21,31)",finetune,70,8622080,0.9265305399894714,0.6504851643490688
finetune,35,"biggrid50-goal(21,31)",finetune,80,8632320,0.9153060913085938,0.5970873125694712
finetune,35,"biggrid50-goal(21,31)",finetune,90,8642560,0.9316325187683105,0.6747567089354173
finetune,35,"biggrid50-goal(21,31)",finetune,100,8652800,0.8928570747375488,0.4902910418982374
finetune,35,"biggrid50-goal(21,31)",finetune,110,8663040,0.896938681602478,0.509708390989724
finetune,35,"biggrid50-goal(21,31)",finetune,120,8673280,0.9142856597900391,0.5922328335185899
finetune,35,"biggrid50-goal(21,31)",finetune,130,8683520,0.9051019549369812,0.5485433727287163
finetune,35,"biggrid50-goal(21,31)",finetune,140,8693760,0.9132652282714844,0.5873783544677086
finetune,35,"biggrid50-goal(21,31)",finetune,150,8704000,0.9295917749404907,0.6650483179456933
finetune,36,"biggrid50-goal(46,10)",finetune,10,8714240,0.7214285731315613,0.2648114755813242
finetune,36,"biggrid50-goal(46,10)",finetune,20,8724480,0.8234692811965942,0.5341110173049549
finetune,36,"biggrid50-goal(46,10)",finetune,30,8734720,0.8306121826171875,0.5529621220808733
finetune,36,"biggrid50-goal(46,10)",finetune,40,8744960,0.8795917630195618,0.682226009075549
finetune,36,"biggrid50-goal(46,10)",finetune,50,8755200,0.911224365234375,0.7657088213914531
finetune,36,"biggrid50-goal(46,10)",finetune,60,8765440,0.9061223268508911,0.7522438364400265
finetune,36,"biggrid50-goal(46,10)",finetune,70,8775680,0.9408162236213684,0.8438058284926683
finetune,36,"biggrid50-goal(46,10)",finetune,80,8785920,0.948979377746582,0.8653495212661283
finetune,36,"biggrid50-goal(46,10)",finetune,90,8796160,0.9551018476486206,0.8815075661298007
finetune,36,"biggrid50-goal(46,10)",finetune,100,8806400,0.9336732625961304,0.8249545664118485
finetune,36,"biggrid50-goal(46,10)",finetune,110,8816640,0.9397957921028137,0.8411127685804224
finetune,36,"biggrid50-goal(46,10)",finetune,120,8826880,0.9010202288627625,0.7387786941836985
finetune,36,"biggrid50-goal(46,10)",finetune,130,8837120,0.9061223268508911,0.7522438364400265
finetune,36,"biggrid50-goal(46,10)",finetune,140,8847360,0.9010202288627625,0.7387786941836985
finetune,36,"biggrid50-goal(46,10)",finetune,150,8857600,0.8561223745346069,0.6202870468380063
finetune,37,"biggrid50-goal(9,17)",finetune,10,8867840,0.7693877220153809,-0.4612064049332398
finetune,37,"biggrid50-goal(9,17)",finetune,20,8878080,0.7897958755493164,-0.33189618382421254
finetune,37,"biggrid50-goal(9,17)",finetune,30,8888320,0.8948979377746582,0.3340519080878937
finetune,37,"biggrid50-goal(9,17)",finetune,40,8898560,0.8673468828201294,0.15948280745696294
finetune,37,"biggrid50-goal(9,17)",finetune,50,8908800,0.9132651090621948,0.4504300496179141
finetune,37,"biggrid50-goal(9,17)",finetune,60,8919040,0.8989794850349426,0.3599134235756471
finetune,37,"biggrid50-goal(9,17)",finetune,70,8929280,0.9224489331245422,0.5086206310516445
finetune,37,"biggrid50-goal(9,17)",finetune,80,8939520,0.9163264036178589,0.46982703598488423
finetune,37,"biggrid50-goal(9,17)",finetune,90,8949760,0.9040814638137817,0.3922406011857239
finetune,37,"biggrid50-goal(9,17)",finetune,100,8960000,0.9040815234184265,0.39224097885290393
finetune,37,"biggrid50-goal(9,17)",finetune,110,8970240,0.9091836214065552,0.42456891179734074
finetune,37,"biggrid50-goal(9,17)",finetune,120,8980480,0.9193876385688782,0.48922364468467433
finetune,37,"biggrid50-goal(9,17)",finetune,130,8990720,0.9530611038208008,0.7025855850480053
finetune,37,"biggrid50-goal(9,17)",finetune,140,9000960,0.9295917749404907,0.553879132906368
finetune,37,"biggrid50-goal(9,17)",finetune,150,9011200,0.961224377155304,0.7543097490250522
finetune,38,"biggrid50-goal(33,24)",finetune,10,9021440,0.8030611872673035,0.09105201695155382
finetune,38,"biggrid50-goal(33,24)",finetune,20,9031680,0.8173468708992004,0.1569859135943924
finetune,38,"biggrid50-goal(33,24)",finetune,30,9041920,0.8887754678726196,0.48665622210331866
finetune,38,"biggrid50-goal(33,24)",finetune,40,9052160,0.8857141733169556,0.47252717626782464
finetune,38,"biggrid50-goal(33,24)",finetune,50,9062400,0.8948978185653687,0.5149132133813288
finetune,38,"biggrid50-goal(33,24)",finetune,60,9072640,0.9081631898880005,0.5761379782754916
finetune,38,"biggrid50-goal(33,24)",finetune,70,9082880,0.883673369884491,0.4631080874757398
finetune,38,"biggrid50-goal(33,24)",finetune,80,9093120,0.9081631898880005,0.5761379782754916
finetune,38,"biggrid50-goal(33,24)",finetune,90,9103360,0.9153059720993042,0.6091046514986664
finetune,38,"biggrid50-goal(33,24)",finetune,100,9113600,0.9040815234184265,0.5572995255930774
finetune,38,"biggrid50-goal(33,24)",finetune,110,9123840,0.8755100965499878,0.4254314572091558
finetune,38,"biggrid50-goal(33,24)",finetune,120,9134080,0.9142856597900391,0.6043955197499907
finetune,38,"biggrid50-goal(33,24)",finetune,130,9144320,0.9163264036178589,0.6138143334438311
finetune,38,"biggrid50-goal(33,24)",finetune,140,9154560,0.9214285016059875,0.63736246807141
finetune,38,"biggrid50-goal(33,24)",finetune,150,9164800,0.9265305399894714,0.6609103276007444
finetune,39,"biggrid50-goal(40,17)",finetune,10,9175040,0.9775508642196655,0.9010488245551211
finetune,39,"biggrid50-goal(40,17)",finetune,20,9185280,0.9673468470573425,0.8560716146370414
finetune,39,"biggrid50-goal(40,17)",finetune,30,9195520,0.9806120991706848,0.9145421188930554
finetune,39,"biggrid50-goal(40,17)",finetune,40,9205760,0.9795917272567749,0.9100445292637578
finetune,39,"biggrid50-goal(40,17)",finetune,50,9216000,0.9734692573547363,0.8830579405878892
finetune,39,"biggrid50-goal(40,17)",finetune,60,9226240,0.9867345690727234,0.9415287075689239
finetune,39,"biggrid50-goal(40,17)",finetune,70,9236480,0.9897958040237427,0.9550220019068582
finetune,39,"biggrid50-goal(40,17)",finetune,80,9246720,0.9816325306892395,0.9190399712473737
finetune,39,"biggrid50-goal(40,17)",finetune,90,9256960,0.9867345094680786,0.9415284448439032
finetune,39,"biggrid50-goal(40,17)",finetune,100,9267200,0.9928569793701172,0.9685150335197718
finetune,39,"biggrid50-goal(40,17)",finetune,110,9277440,0.9918365478515625,0.9640171811654534
finetune,39,"biggrid50-goal(40,17)",finetune,120,9287680,0.9755100011825562,0.8920531198464845
finetune,39,"biggrid50-goal(40,17)",finetune,130,9297920,0.9877550005912781,0.9460265599232422
finetune,39,"biggrid50-goal(40,17)",finetune,140,9308160,0.9673467874526978,0.8560713519120208
finetune,39,"biggrid50-goal(40,17)",finetune,150,9318400,0.988775372505188,0.9505241495525398
finetune,40,"biggrid50-goal(40,38)",finetune,10,9328640,0.732653021812439,0.26058316716254143
finetune,40,"biggrid50-goal(40,38)",finetune,20,9338880,0.7602040767669678,0.3367826960815345
finetune,40,"biggrid50-goal(40,38)",finetune,30,9349120,0.7469387650489807,0.3000940645375704
finetune,40,"biggrid50-goal(40,38)",finetune,40,9359360,0.7469387650489807,0.3000940645375704
finetune,40,"biggrid50-goal(40,38)",finetune,50,9369600,0.7561224699020386,0.3254939624612268
finetune,40,"biggrid50-goal(40,38)",finetune,60,9379840,0.7816326022148132,0.39604879486611383
finetune,40,"biggrid50-goal(40,38)",finetune,70,9390080,0.7877550721168518,0.41298206014855143
finetune,40,"biggrid50-goal(40,38)",finetune,80,9400320,0.7673469185829163,0.3565380623430609
finetune,40,"biggrid50-goal(40,38)",finetune,90,9410560,0.7602039575576782,0.33678236637758224
finetune,40,"biggrid50-goal(40,38)",finetune,100,9420800,0.7397958040237427,0.28033836857209177
finetune,40,"biggrid50-goal(40,38)",finetune,110,9431040,0.732653021812439,0.26058316716254143
finetune,40,"biggrid50-goal(40,38)",finetune,120,9441280,0.7275509834289551,0.24647216771116878
finetune,40,"biggrid50-goal(40,38)",finetune,130,9451520,0.7255101799964905,0.24082780090101497
finetune,40,"biggrid50-goal(40,38)",finetune,140,9461760,0.732653021812439,0.26058316716254143
finetune,40,"biggrid50-goal(40,38)",finetune,150,9472000,0.7551020383834839,0.3226716966301618
finetune,40,"biggrid50-goal(40,38)",finetune,160,9482240,0.7499999403953552,0.30856053232681313
finetune,40,"biggrid50-goal(40,38)",finetune,170,9492480,0.7765305638313293,0.3819377954147412
finetune,40,"biggrid50-goal(40,38)",finetune,180,9502720,0.8397958874702454,0.5569143204933427
finetune,40,"biggrid50-goal(40,38)",finetune,190,9512960,0.8367345929145813,0.5484475230001477
finetune,40,"biggrid50-goal(40,38)",finetune,200,9523200,0.768367350101471,0.3593603281741259
finetune,40,"biggrid50-goal(40,38)",finetune,210,9533440,0.7653061151504517,0.3508936955329071
finetune,40,"biggrid50-goal(40,38)",finetune,220,9543680,0.7795917987823486,0.39040442805596
finetune,40,"biggrid50-goal(40,38)",finetune,230,9553920,0.7622448205947876,0.34242689803971216
finetune,40,"biggrid50-goal(40,38)",finetune,240,9564160,0.7448979020118713,0.2944495328754405
finetune,40,"biggrid50-goal(40,38)",finetune,250,9574400,0.7510203123092651,0.311382633305902
finetune,40,"biggrid50-goal(40,38)",finetune,260,9584640,0.7673468589782715,0.35653789749108483
finetune,40,"biggrid50-goal(40,38)",finetune,270,9594880,0.7683672904968262,0.35936016332214976
finetune,40,"biggrid50-goal(40,38)",finetune,280,9605120,0.7744897603988647,0.37629342860458737
finetune,40,"biggrid50-goal(40,38)",finetune,290,9615360,0.8142856359481812,0.4863591583845034
finetune,40,"biggrid50-goal(40,38)",finetune,300,9625600,0.7989795804023743,0.44402632488236166
finetune,40,"biggrid50-goal(40,38)",finetune,310,9635840,0.8071428537368774,0.46660395697495305
finetune,40,"biggrid50-goal(40,38)",finetune,320,9646080,0.8255101442337036,0.5174034231183136
finetune,40,"biggrid50-goal(40,38)",finetune,330,9656320,0.795918345451355,0.4355596922411428
finetune,40,"biggrid50-goal(40,38)",finetune,340,9666560,0.7836734056472778,0.4016931616762676
finetune,40,"biggrid50-goal(40,38)",finetune,350,9676800,0.795918345451355,0.4355596922411428
finetune,40,"biggrid50-goal(40,38)",finetune,360,9687040,0.8051020503044128,0.4609595901647992
finetune,40,"biggrid50-goal(40,38)",finetune,370,9697280,0.823469340801239,0.5117590563081598
finetune,40,"biggrid50-goal(40,38)",finetune,380,9707520,0.823469340801239,0.5117590563081598
finetune,40,"biggrid50-goal(40,38)",finetune,390,9717760,0.8153060674667358,0.4891814242155684
finetune,40,"biggrid50-goal(40,38)",finetune,400,9728000,0.8265305757522583,0.5202256889493786
finetune,40,"biggrid50-goal(40,38)",finetune,410,9738240,0.8448979258537292,0.5710253199447153
finetune,40,"biggrid50-goal(40,38)",finetune,420,9748480,0.837755024433136,0.5512697888312127
finetune,40,"biggrid50-goal(40,38)",finetune,430,9758720,0.8499999046325684,0.5851361545441117
finetune,40,"biggrid50-goal(40,38)",finetune,440,9768960,0.8397958874702454,0.5569143204933427
finetune,40,"biggrid50-goal(40,38)",finetune,450,9779200,0.8877550363540649,0.68955768236585
finetune,40,"biggrid50-goal(40,38)",finetune,460,9789440,0.86530601978302,0.6274691528982296
finetune,40,"biggrid50-goal(40,38)",finetune,470,9799680,0.8142856359481812,0.4863591583845034
finetune,40,"biggrid50-goal(40,38)",finetune,480,9809920,0.8142856359481812,0.4863591583845034
finetune,40,"biggrid50-goal(40,38)",finetune,490,9820160,0.8551019430160522,0.5992471539954843
finetune,40,"biggrid50-goal(40,38)",finetune,500,9830400,0.8010203242301941,0.4496705268405393
finetune,41,"biggrid50-goal(33,38)",finetune,10,9840640,0.787755012512207,0.2996629182324478
finetune,41,"biggrid50-goal(33,38)",finetune,20,9850880,0.7928570508956909,0.31649792910760755
finetune,41,"biggrid50-goal(33,38)",finetune,30,9861120,0.8071427345275879,0.3636358808879417
finetune,41,"biggrid50-goal(33,38)",finetune,40,9871360,0.7918366193771362,0.3131308482624624
finetune,41,"biggrid50-goal(33,38)",finetune,50,9881600,0.7979591488838196,0.3333331366580503
finetune,41,"biggrid50-goal(33,38)",finetune,60,9891840,0.8173469305038452,0.3973062959888273
finetune,41,"biggrid50-goal(33,38)",finetune,70,9902080,0.9336735010147095,0.7811448586229229
finetune,41,"biggrid50-goal(33,38)",finetune,80,9912320,0.9336735010147095,0.7811448586229229
finetune,41,"biggrid50-goal(33,38)",finetune,90,9922560,0.9683672785758972,0.8956226572286132
finetune,41,"biggrid50-goal(33,38)",finetune,100,9932800,0.9530612230300903,0.8451178212784168
finetune,41,"biggrid50-goal(33,38)",finetune,110,9943040,0.9061223864555359,0.6902354458815507
finetune,41,"biggrid50-goal(33,38)",finetune,120,9953280,0.8887753486633301,0.632996054890498
finetune,41,"biggrid50-goal(33,38)",finetune,130,9963520,0.8163264989852905,0.39393921514368213
finetune,41,"biggrid50-goal(33,38)",finetune,140,9973760,0.8826529383659363,0.6127941598454761
finetune,41,"biggrid50-goal(33,38)",finetune,150,9984000,0.8908162117004395,0.6397302165807884
finetune,41,"biggrid50-goal(33,38)",finetune,160,9994240,0.8989794850349426,0.6666662733161006
finetune,41,"biggrid50-goal(33,38)",finetune,170,10004480,0.8897957801818848,0.6363631357356433
finetune,41,"biggrid50-goal(33,38)",finetune,180,10014720,0.9061225056648254,0.6902358392321167
finetune,41,"biggrid50-goal(33,38)",finetune,190,10024960,0.8979591131210327,0.6632993891462385
finetune,41,"biggrid50-goal(33,38)",finetune,200,10035200,0.8989795446395874,0.6666664699913837
finetune,42,"biggrid50-goal(9,45)",finetune,10,10045440,0.8112244606018066,0.434250690232707
finetune,42,"biggrid50-goal(9,45)",finetune,20,10055680,0.901020348072052,0.7033637412041774
finetune,42,"biggrid50-goal(9,45)",finetune,30,10065920,0.9408162832260132,0.8226298437759015
finetune,42,"biggrid50-goal(9,45)",finetune,40,10076160,0.9448978304862976,0.8348620034754575
finetune,42,"biggrid50-goal(9,45)",finetune,50,10086400,0.938775360584259,0.8165133173469913
finetune,42,"biggrid50-goal(9,45)",finetune,60,10096640,0.9642855525016785,0.8929658784961787
finetune,42,"biggrid50-goal(9,45)",finetune,70,10106880,0.9795916676521301,0.9388374151856912
finetune,42,"biggrid50-goal(9,45)",finetune,80,10117120,0.9693877100944519,0.9082567479893221
finetune,42,"biggrid50-goal(9,45)",finetune,90,10127360,0.9530611038208008,0.859326858769528
finetune,42,"biggrid50-goal(9,45)",finetune,100,10137600,0.9448977708816528,0.8348618248438044
finetune,42,"biggrid50-goal(9,45)",finetune,110,10147840,0.9397956728935242,0.8195711339823141
finetune,42,"biggrid50-goal(9,45)",finetune,120,10158080,0.9877550005912781,0.9633024491114147
finetune,42,"biggrid50-goal(9,45)",finetune,130,10168320,0.9867345094680786,0.9602440965811331
finetune,42,"biggrid50-goal(9,45)",finetune,140,10178560,0.9999998807907104,0.9999996427366941
finetune,42,"biggrid50-goal(9,45)",finetune,150,10188800,0.9999998807907104,0.9999996427366941
finetune,43,"biggrid50-goal(9,38)",finetune,10,10199040,0.951020359992981,0.8376548418445434
finetune,43,"biggrid50-goal(9,38)",finetune,20,10209280,0.9744895696640015,0.9154445633549381
finetune,43,"biggrid50-goal(9,38)",finetune,30,10219520,0.946938693523407,0.8241259798838215
finetune,43,"biggrid50-goal(9,38)",finetune,40,10229760,0.9673468470573425,0.891769697000828
finetune,43,"biggrid50-goal(9,38)",finetune,50,10240000,0.9591836929321289,0.8647125657659872
finetune,43,"biggrid50-goal(9,38)",finetune,60,10250240,0.9693877100944519,0.8985342267622894
finetune,43,"biggrid50-goal(9,38)",finetune,70,10260480,0.9571428298950195,0.8579480360045257
finetune,43,"biggrid50-goal(9,38)",finetune,80,10270720,0.9734692573547363,0.9120626935986094
finetune,43,"biggrid50-goal(9,38)",finetune,90,10280960,0.9642855525016785,0.8816229023586358
finetune,43,"biggrid50-goal(9,38)",finetune,100,10291200,0.951020359992981,0.8376548418445434
finetune,43,"biggrid50-goal(9,38)",finetune,110,10301440,0.9520406723022461,0.8410367116008722
finetune,43,"biggrid50-goal(9,38)",finetune,120,10311680,0.974489688873291,0.91544495847934
finetune,43,"biggrid50-goal(9,38)",finetune,130,10321920,0.9867345690727234,0.9560311492371036
finetune,43,"biggrid50-goal(9,38)",finetune,140,10332160,0.9897958040237427,0.9661777463170949
finetune,43,"biggrid50-goal(9,38)",finetune,150,10342400,0.988775372505188,0.9627954814363642
finetune,44,"biggrid50-goal(9,3)",finetune,10,10352640,0.6204081773757935,-0.1493306498448127
finetune,44,"biggrid50-goal(9,3)",finetune,20,10362880,0.6551019549369812,-0.04428459897282932
finetune,44,"biggrid50-goal(9,3)",finetune,30,10373120,0.6346938610076904,-0.10607636175552414
finetune,44,"biggrid50-goal(9,3)",finetune,40,10383360,0.6336734294891357,-0.10916603110676215
finetune,44,"biggrid50-goal(9,3)",finetune,50,10393600,0.640816330909729,-0.08753870659077727
finetune,44,"biggrid50-goal(9,3)",finetune,60,10403840,0.6489795446395874,-0.06282207366623559
finetune,44,"biggrid50-goal(9,3)",finetune,70,10414080,0.6561223864555359,-0.041194929621591304
finetune,44,"biggrid50-goal(9,3)",finetune,80,10424320,0.6602040529251099,-0.028836432687979852
finetune,44,"biggrid50-goal(9,3)",finetune,90,10434560,0.6602040529251099,-0.028836432687979852
finetune,44,"biggrid50-goal(9,3)",finetune,100,10444800,0.6602040529251099,-0.028836432687979852
finetune,44,"biggrid50-goal(9,3)",finetune,110,10455040,0.6520408391952515,-0.05355306561252154
finetune,44,"biggrid50-goal(9,3)",finetune,120,10465280,0.6204081773757935,-0.1493306498448127
finetune,44,"biggrid50-goal(9,3)",finetune,130,10475520,0.6285713911056519,-0.124614016920271
finetune,44,"biggrid50-goal(9,3)",finetune,140,10485760,0.6285713911056519,-0.124614016920271
finetune,44,"biggrid50-goal(9,3)",finetune,150,10496000,0.6285713911056519,-0.124614016920271
finetune,44,"biggrid50-goal(9,3)",finetune,160,10506240,0.6285713911056519,-0.124614016920271
finetune,44,"biggrid50-goal(9,3)",finetune,170,10516480,0.6285713911056519,-0.124614016920271
finetune,44,"biggrid50-goal(9,3)",finetune,180,10526720,0.6285713911056519,-0.124614016920271
finetune,44,"biggrid50-goal(9,3)",finetune,190,10536960,0.669387698173523,-0.0010301304122001514
finetune,44,"biggrid50-goal(9,3)",finetune,200,10547200,0.6336734294891357,-0.10916603110676215
finetune,44,"biggrid50-goal(9,3)",finetune,210,10557440,0.6204081773757935,-0.1493306498448127
finetune,44,"biggrid50-goal(9,3)",finetune,220,10567680,0.6285713911056519,-0.124614016920271
finetune,44,"biggrid50-goal(9,3)",finetune,230,10577920,0.6316326260566711,-0.11534518933789757
finetune,44,"biggrid50-goal(9,3)",finetune,240,10588160,0.640816330909729,-0.08753870659077727
finetune,44,"biggrid50-goal(9,3)",finetune,250,10598400,0.6275509595870972,-0.12770368627150902
finetune,44,"biggrid50-goal(9,3)",finetune,260,10608640,0.6530612111091614,-0.05046357673262413
finetune,44,"biggrid50-goal(9,3)",finetune,270,10618880,0.640816330909729,-0.08753870659077727
finetune,44,"biggrid50-goal(9,3)",finetune,280,10629120,0.6612244844436646,-0.025746763336741835
finetune,44,"biggrid50-goal(9,3)",finetune,290,10639360,0.6653060913085938,-0.013388446874470994
finetune,44,"biggrid50-goal(9,3)",finetune,300,10649600,0.6653060913085938,-0.013388446874470994
finetune,44,"biggrid50-goal(9,3)",finetune,310,10659840,0.6479591131210327,-0.0659117430174736
finetune,44,"biggrid50-goal(9,3)",finetune,320,10670080,0.6306122541427612,-0.11843467821779498
finetune,44,"biggrid50-goal(9,3)",finetune,330,10680320,0.6438775062561035,-0.07827005947974444
finetune,44,"biggrid50-goal(9,3)",finetune,340,10690560,0.636734664440155,-0.09989720352438872
finetune,44,"biggrid50-goal(9,3)",finetune,350,10700800,0.655102014541626,-0.04428441850148871
finetune,44,"biggrid50-goal(9,3)",finetune,360,10711040,0.6581631898880005,-0.035015771390455884
finetune,44,"biggrid50-goal(9,3)",finetune,370,10721280,0.6316326260566711,-0.11534518933789757
finetune,44,"biggrid50-goal(9,3)",finetune,380,10731520,0.6316326260566711,-0.11534518933789757
finetune,44,"biggrid50-goal(9,3)",finetune,390,10741760,0.6346938610076904,-0.10607636175552414
finetune,44,"biggrid50-goal(9,3)",finetune,400,10752000,0.6265305876731873,-0.13079317515140643
finetune,44,"biggrid50-goal(9,3)",finetune,410,10762240,0.6346938610076904,-0.10607636175552414
finetune,44,"biggrid50-goal(9,3)",finetune,420,10772480,0.6336734294891357,-0.10916603110676215
finetune,44,"biggrid50-goal(9,3)",finetune,430,10782720,0.6499999761581421,-0.059732404314997566
finetune,44,"biggrid50-goal(9,3)",finetune,440,10792960,0.6540815830230713,-0.047374087852726725
finetune,44,"biggrid50-goal(9,3)",finetune,450,10803200,0.6734693646430969,0.0113283665214113
finetune,44,"biggrid50-goal(9,3)",finetune,460,10813440,0.6346938610076904,-0.10607636175552414
finetune,44,"biggrid50-goal(9,3)",finetune,470,10823680,0.6346938610076904,-0.10607636175552414
finetune,44,"biggrid50-goal(9,3)",finetune,480,10833920,0.6602040529251099,-0.028836432687979852
finetune,44,"biggrid50-goal(9,3)",finetune,490,10844160,0.655102014541626,-0.04428441850148871
finetune,44,"biggrid50-goal(9,3)",finetune,500,10854400,0.6469387412071228,-0.06900123189737101
finetune,45,"biggrid50-goal(40,24)",finetune,10,10864640,0.8285713195800781,0.38611409102881367
finetune,45,"biggrid50-goal(40,24)",finetune,20,10874880,0.8908162117004395,0.6090129786858925
finetune,45,"biggrid50-goal(40,24)",finetune,30,10885120,0.9102040529251099,0.6784408159885047
finetune,45,"biggrid50-goal(40,24)",finetune,40,10895360,0.911224365234375,0.6820945532037329
finetune,45,"biggrid50-goal(40,24)",finetune,50,10905600,0.9173468351364136,0.704019110936751
finetune,45,"biggrid50-goal(40,24)",finetune,60,10915840,0.901020348072052,0.6455539793889776
finetune,45,"biggrid50-goal(40,24)",finetune,70,10926080,0.9122447967529297,0.6857487173072909
finetune,45,"biggrid50-goal(40,24)",finetune,80,10936320,0.8938775062561035,0.6199754709965666
finetune,45,"biggrid50-goal(40,24)",finetune,90,10946560,0.8999999165534973,0.6418998152854196
finetune,45,"biggrid50-goal(40,24)",finetune,100,10956800,0.9071427583694458,0.6674783236778308
finetune,45,"biggrid50-goal(40,24)",finetune,110,10967040,0.9122447967529297,0.6857487173072909
finetune,45,"biggrid50-goal(40,24)",finetune,120,10977280,0.9163264036178589,0.700364946833193
finetune,45,"biggrid50-goal(40,24)",finetune,130,10987520,0.9091836214065552,0.6747866518849468
finetune,45,"biggrid50-goal(40,24)",finetune,140,10997760,0.9459182620048523,0.8063333579505604
finetune,45,"biggrid50-goal(40,24)",finetune,150,11008000,0.9602039456367493,0.8574903747353826
finetune,46,"biggrid50-goal(33,31)",finetune,10,11018240,0.9520407915115356,0.7817336159560679
finetune,46,"biggrid50-goal(33,31)",finetune,20,11028480,0.9418366551399231,0.735293734683658
finetune,46,"biggrid50-goal(33,31)",finetune,30,11038720,0.9734692573547363,0.8792563629448826
finetune,46,"biggrid50-goal(33,31)",finetune,40,11048960,0.954081654548645,0.7910217549699953
finetune,46,"biggrid50-goal(33,31)",finetune,50,11059200,0.9673467874526978,0.851392488434585
finetune,46,"biggrid50-goal(33,31)",finetune,60,11069440,0.9673468470573425,0.8513927597003274
finetune,46,"biggrid50-goal(33,31)",finetune,70,11079680,0.9663264155387878,0.8467486901933636
finetune,46,"biggrid50-goal(33,31)",finetune,80,11089920,0.9744898080825806,0.8839009749833308
finetune,46,"biggrid50-goal(33,31)",finetune,90,11100160,0.9622448086738586,0.8281729546969935
finetune,46,"biggrid50-goal(33,31)",finetune,100,11110400,0.9561223983764648,0.8003093514524382
finetune,46,"biggrid50-goal(33,31)",finetune,110,11120640,0.951020359992981,0.7770895464491043
finetune,46,"biggrid50-goal(33,31)",finetune,120,11130880,0.9520406723022461,0.7817330734245835
finetune,46,"biggrid50-goal(33,31)",finetune,130,11141120,0.9551018476486206,0.7956647394139901
finetune,46,"biggrid50-goal(33,31)",finetune,140,11151360,0.9499998092651367,0.7724449344106562
finetune,46,"biggrid50-goal(33,31)",finetune,150,11161600,0.9510202407836914,0.7770890039176198
finetune,47,"biggrid50-goal(46,45)",finetune,10,11171840,0.7693876624107361,0.47319334020758647
finetune,47,"biggrid50-goal(46,45)",finetune,20,11182080,0.8255101442337036,0.6013985242731349
finetune,47,"biggrid50-goal(46,45)",finetune,30,11192320,0.8489794731140137,0.6550114353786393
finetune,47,"biggrid50-goal(46,45)",finetune,40,11202560,0.8571427464485168,0.6736594695787067
finetune,47,"biggrid50-goal(46,45)",finetune,50,11212800,0.8683671951293945,0.699300397463997
finetune,47,"biggrid50-goal(46,45)",finetune,60,11223040,0.8806120753288269,0.7272723806842111
finetune,47,"biggrid50-goal(46,45)",finetune,70,11233280,0.8979591131210327,0.7668996405790439
finetune,47,"biggrid50-goal(46,45)",finetune,80,11243520,0.8989793658256531,0.769230287434645
finetune,47,"biggrid50-goal(46,45)",finetune,90,11253760,0.7928570508956909,0.526806387472865
finetune,47,"biggrid50-goal(46,45)",finetune,100,11264000,0.77448970079422,0.48484834456265685
finetune,47,"biggrid50-goal(46,45)",finetune,110,11274240,0.7806121706962585,0.498834404252651
finetune,47,"biggrid50-goal(46,45)",finetune,120,11284480,0.9153059720993042,0.8065264919945542
finetune,47,"biggrid50-goal(46,45)",finetune,130,11294720,0.9387754201889038,0.860139675419607
finetune,47,"biggrid50-goal(46,45)",finetune,140,11304960,0.8499999046325684,0.657342490713563
finetune,47,"biggrid50-goal(46,45)",finetune,150,11315200,0.8499999046325684,0.657342490713563
finetune,47,"biggrid50-goal(46,45)",finetune,160,11325440,0.9010202288627625,0.7738923981044925
finetune,47,"biggrid50-goal(46,45)",finetune,170,11335680,0.9377549886703491,0.8578086200846832
finetune,47,"biggrid50-goal(46,45)",finetune,180,11345920,0.901020348072052,0.773892670424041
finetune,47,"biggrid50-goal(46,45)",finetune,190,11356160,0.8806120753288269,0.7272723806842111
finetune,47,"biggrid50-goal(46,45)",finetune,200,11366400,0.8499997854232788,0.6573422183940145
finetune,47,"biggrid50-goal(46,45)",finetune,210,11376640,0.871428370475769,0.7062932911492198
finetune,47,"biggrid50-goal(46,45)",finetune,220,11386880,0.9081631898880005,0.7902096492891847
finetune,47,"biggrid50-goal(46,45)",finetune,230,11397120,0.9469386339187622,0.8787875734599002
finetune,47,"biggrid50-goal(46,45)",finetune,240,11407360,0.9765303730964661,0.9463864080956245
finetune,47,"biggrid50-goal(46,45)",finetune,250,11417600,0.9999998807907104,0.9999997276804515
finetune,47,"biggrid50-goal(46,45)",finetune,260,11427840,0.9999998807907104,0.9999997276804515
finetune,47,"biggrid50-goal(46,45)",finetune,270,11438080,0.9999998807907104,0.9999997276804515
finetune,47,"biggrid50-goal(46,45)",finetune,280,11448320,0.9999998807907104,0.9999997276804515
finetune,47,"biggrid50-goal(46,45)",finetune,290,11458560,0.9938775300979614,0.9860139403100059
finetune,47,"biggrid50-goal(46,45)",finetune,300,11468800,0.9326528310775757,0.8461533434100643
finetune,47,"biggrid50-goal(46,45)",finetune,310,11479040,0.8999997973442078,0.7715613427695688
finetune,47,"biggrid50-goal(46,45)",finetune,320,11489280,0.8989794850349426,0.7692305597541935
finetune,47,"biggrid50-goal(46,45)",finetune,330,11499520,0.8765304684638977,0.7179484316640644
finetune,47,"biggrid50-goal(46,45)",finetune,340,11509760,0.8673467636108398,0.6969693421290732
finetune,47,"biggrid50-goal(46,45)",finetune,350,11520000,0.8785713315010071,0.722610542333912
finetune,48,"biggrid50-goal(3,38)",finetune,10,11530240,0.7377550601959229,0.18842088545193517
finetune,48,"biggrid50-goal(3,38)",finetune,20,11540480,0.745918333530426,0.21368406936533899
finetune,48,"biggrid50-goal(3,38)",finetune,30,11550720,0.8183671832084656,0.43789420404193974
finetune,48,"biggrid50-goal(3,38)",finetune,40,11560960,0.8897957801818848,0.6589469249386991
finetune,48,"biggrid50-goal(3,38)",finetune,50,11571200,0.9561222195625305,0.864209810025771
finetune,48,"biggrid50-goal(3,38)",finetune,60,11581440,0.9295915365219116,0.7821043239616846
finetune,48,"biggrid50-goal(3,38)",finetune,70,11591680,0.9071427583694458,0.7126312599274442
finetune,48,"biggrid50-goal(3,38)",finetune,80,11601920,0.9030610918998718,0.699999575740393
finetune,48,"biggrid50-goal(3,38)",finetune,90,11612160,0.8959181904792786,0.677894174528228
finetune,48,"biggrid50-goal(3,38)",finetune,100,11622400,0.8632652163505554,0.5768418077960101
finetune,48,"biggrid50-goal(3,38)",finetune,110,11632640,0.8602039217948914,0.5673679063101976
finetune,48,"biggrid50-goal(3,38)",finetune,120,11642880,0.9142855405807495,0.7347362922182118
finetune,48,"biggrid50-goal(3,38)",finetune,130,11653120,0.9051018953323364,0.7063153256035692
finetune,48,"biggrid50-goal(3,38)",finetune,140,11663360,0.8969386219978333,0.6810521416901654
finetune,48,"biggrid50-goal(3,38)",finetune,150,11673600,0.8499997854232788,0.5357887880729187
finetune,48,"biggrid50-goal(3,38)",finetune,160,11683840,0.9051018953323364,0.7063153256035692
finetune,48,"biggrid50-goal(3,38)",finetune,170,11694080,0.9234691858291626,0.7631572588328545
finetune,48,"biggrid50-goal(3,38)",finetune,180,11704320,0.9183670878410339,0.7473676074838657
finetune,48,"biggrid50-goal(3,38)",finetune,190,11714560,0.9265304803848267,0.772631160318667
finetune,48,"biggrid50-goal(3,38)",finetune,200,11724800,0.9265304803848267,0.772631160318667
finetune,48,"biggrid50-goal(3,38)",finetune,210,11735040,0.9265304803848267,0.772631160318667
finetune,48,"biggrid50-goal(3,38)",finetune,220,11745280,0.9265304803848267,0.772631160318667
finetune,48,"biggrid50-goal(3,38)",finetune,230,11755520,0.9265304803848267,0.772631160318667
finetune,48,"biggrid50-goal(3,38)",finetune,240,11765760,0.9265304803848267,0.772631160318667
finetune,48,"biggrid50-goal(3,38)",finetune,250,11776000,0.9265304803848267,0.772631160318667
finetune,48,"biggrid50-goal(3,38)",finetune,260,11786240,0.9071427583694458,0.7126312599274442
finetune,48,"biggrid50-goal(3,38)",finetune,270,11796480,0.9265304803848267,0.772631160318667
finetune,48,"biggrid50-goal(3,38)",finetune,280,11806720,0.8255100250244141,0.45999942079340606
finetune,48,"biggrid50-goal(3,38)",finetune,290,11816960,0.8346937298774719,0.4884205718687474
finetune,48,"biggrid50-goal(3,38)",finetune,300,11827200,0.8642855882644653,0.5799995904972488
finetune,49,"biggrid50-goal(46,3)",finetune,10,11837440,0.5704081654548645,-0.2492579267291802
finetune,49,"biggrid50-goal(46,3)",finetune,20,11847680,0.6030611395835876,-0.1543027076552842
finetune,49,"biggrid50-goal(46,3)",finetune,30,11857920,0.5755101442337036,-0.23442131458030763
finetune,49,"biggrid50-goal(46,3)",finetune,40,11868160,0.609183669090271,-0.13649832241608137
finetune,49,"biggrid50-goal(46,3)",finetune,50,11878400,0.6734693646430969,0.05044520929629528
finetune,49,"biggrid50-goal(46,3)",finetune,60,11888640,0.7255101203918457,0.20178031719223222
finetune,49,"biggrid50-goal(46,3)",finetune,70,11898880,0.7387754321098328,0.24035599410605327
finetune,49,"biggrid50-goal(46,3)",finetune,80,11909120,0.7979590892791748,0.41246274033857433
finetune,49,"biggrid50-goal(46,3)",finetune,90,11919360,0.7857142090797424,0.3768544898531176
finetune,49,"biggrid50-goal(46,3)",finetune,100,11929600,0.8061223030090332,0.4362014584415569
finetune,49,"biggrid50-goal(46,3)",finetune,110,11939840,0.8010203242301941,0.4213648462926843
finetune,49,"biggrid50-goal(46,3)",finetune,120,11950080,0.7724488973617554,0.33827881293929657
finetune,49,"biggrid50-goal(46,3)",finetune,130,11960320,0.7836734056472778,0.370919810327372
finetune,49,"biggrid50-goal(46,3)",finetune,140,11970560,0.8744896650314331,0.6350145225364078
finetune,49,"biggrid50-goal(46,3)",finetune,150,11980800,0.8357140421867371,0.5222545715613429
finetune,49,"biggrid50-goal(46,3)",finetune,160,11991040,0.8357141613960266,0.5222549182233089
finetune,49,"biggrid50-goal(46,3)",finetune,170,12001280,0.7897957563400269,0.3887236755736259
finetune,49,"biggrid50-goal(46,3)",finetune,180,12011520,0.8408161997795105,0.5370917037031645
finetune,49,"biggrid50-goal(46,3)",finetune,190,12021760,0.8377549052238464,0.5281894244180716
finetune,49,"biggrid50-goal(46,3)",finetune,200,12032000,0.7908161878585815,0.3916911020019902
finetune,49,"biggrid50-goal(46,3)",finetune,210,12042240,0.8928568959236145,0.6884266382681185
finetune,49,"biggrid50-goal(46,3)",finetune,220,12052480,0.9346936941146851,0.8100885218663102
finetune,49,"biggrid50-goal(46,3)",finetune,230,12062720,0.86530601978302,0.6083083780050609
finetune,49,"biggrid50-goal(46,3)",finetune,240,12072960,0.8459182977676392,0.551928662514003
finetune,49,"biggrid50-goal(46,3)",finetune,250,12083200,0.8295917510986328,0.504450879646072
finetune,49,"biggrid50-goal(46,3)",finetune,260,12093440,0.8326529264450073,0.5133528122691989
finetune,49,"biggrid50-goal(46,3)",finetune,270,12103680,0.8346937298774719,0.5192874917949446
finetune,49,"biggrid50-goal(46,3)",finetune,280,12113920,0.7928569912910461,0.3976257815277358
finetune,49,"biggrid50-goal(46,3)",finetune,290,12124160,0.8561223149299622,0.5816020601427311
finetune,49,"biggrid50-goal(46,3)",finetune,300,12134400,0.8448978662490845,0.5489612360856386
finetune,49,"biggrid50-goal(46,3)",finetune,310,12144640,0.8448978662490845,0.5489612360856386
finetune,49,"biggrid50-goal(46,3)",finetune,320,12154880,0.8071427345275879,0.43916888486992117
finetune,49,"biggrid50-goal(46,3)",finetune,330,12165120,0.8224488496780396,0.48367924130948786
finetune,49,"biggrid50-goal(46,3)",finetune,340,12175360,0.8469386100769043,0.5548957422804014
finetune,49,"biggrid50-goal(46,3)",finetune,350,12185600,0.8357141613960266,0.5222549182233089
finetune,49,"biggrid50-goal(46,3)",finetune,360,12195840,0.8153060078620911,0.46290777630388663
finetune,49,"biggrid50-goal(46,3)",finetune,370,12206080,0.8408161997795105,0.5370917037031645
finetune,49,"biggrid50-goal(46,3)",finetune,380,12216320,0.8795916438102722,0.6498511346852803
finetune,49,"biggrid50-goal(46,3)",finetune,390,12226560,0.8346937298774719,0.5192874917949446
finetune,49,"biggrid50-goal(46,3)",finetune,400,12236800,0.871428370475769,0.6261122432513149
finetune,49,"biggrid50-goal(46,3)",finetune,410,12247040,0.8969386219978333,0.7002963439815756
finetune,49,"biggrid50-goal(46,3)",finetune,420,12257280,0.9193876385688782,0.7655783387577264
finetune,49,"biggrid50-goal(46,3)",finetune,430,12267520,0.8959181904792786,0.6973289175532114
finetune,49,"biggrid50-goal(46,3)",finetune,440,12277760,0.9326529502868652,0.8041540156715475
finetune,49,"biggrid50-goal(46,3)",finetune,450,12288000,0.9336732625961304,0.8071210954379459
finetune,49,"biggrid50-goal(46,3)",finetune,460,12298240,0.9438773989677429,0.83679483972864
finetune,49,"biggrid50-goal(46,3)",finetune,470,12308480,0.8918365240097046,0.6854593851707371
finetune,49,"biggrid50-goal(46,3)",finetune,480,12318720,0.9285712242126465,0.7922843099580903
finetune,49,"biggrid50-goal(46,3)",finetune,490,12328960,0.903061032295227,0.7181003825588125
finetune,49,"biggrid50-goal(46,3)",finetune,500,12339200,0.8775508999824524,0.6439166284905177
