method,task,task_name,phase,iter,frames_total,raw,normalized
finetune,0,"biggrid50-goal(40,31)",task1,10,10240,0.8285714387893677,0.47114389895427455
finetune,0,"biggrid50-goal(40,31)",task1,20,20480,0.8285714387893677,0.47114389895427455
finetune,0,"biggrid50-goal(40,31)",task1,30,30720,0.8285714387893677,0.47114389895427455
finetune,0,"biggrid50-goal(40,31)",task1,40,40960,0.8285714387893677,0.47114389895427455
finetune,0,"biggrid50-goal(40,31)",task1,50,51200,0.8285714387893677,0.47114389895427455
finetune,0,"biggrid50-goal(40,31)",task1,60,61440,0.8346937894821167,0.4900313147602297
finetune,0,"biggrid50-goal(40,31)",task1,70,71680,0.8306121826171875,0.47743958163627437
finetune,0,"biggrid50-goal(40,31)",task1,80,81920,0.8499999046325684,0.537250589795029
finetune,0,"biggrid50-goal(40,31)",task1,90,92160,0.9275509119033813,0.7764949901900032
finetune,0,"biggrid50-goal(40,31)",task1,100,102400,0.8397958874702454,0.5057712569851407
finetune,0,"biggrid50-goal(40,31)",task1,110,112640,0.8448978662490845,0.5215108314500959
finetune,0,"biggrid50-goal(40,31)",task1,120,122880,0.8908162117004395,0.6631686565544938
finetune,0,"biggrid50-goal(40,31)",task1,130,133120,0.8857141733169556,0.6474288982095606
finetune,0,"biggrid50-goal(40,31)",task1,140,143360,0.8908162117004395,0.6631686565544938
finetune,0,"biggrid50-goal(40,31)",task1,150,153600,0.8571427464485168,0.5592862147019397
finetune,0,"biggrid50-goal(40,31)",task1,160,163840,0.9857140779495239,0.9559280146662671
finetune,0,"biggrid50-goal(40,31)",task1,170,174080,0.9653059840202332,0.8929691651665125
finetune,0,"biggrid50-goal(40,31)",task1,180,184320,0.911224365234375,0.7261276899342262
finetune,0,"biggrid50-goal(40,31)",task1,190,194560,0.946938693523407,0.8363061822287357
finetune,0,"biggrid50-goal(40,31)",task1,200,204800,0.9897958040237427,0.9685201155501781
finetune,0,"biggrid50-goal(40,31)",task1,210,215040,0.9367345571517944,0.8048264816588916
finetune,0,"biggrid50-goal(40,31)",task1,220,225280,0.9602039456367493,0.8772294068215795
finetune,0,"biggrid50-goal(40,31)",task1,230,235520,0.8091837167739868,0.41133289079551993
finetune,0,"biggrid50-goal(40,31)",task1,240,245760,0.8999999165534973,0.69150033190336
finetune,0,"biggrid50-goal(40,31)",task1,250,256000,0.8642856478691101,0.5813220234888283
finetune,1,"biggrid50-goal(9,31)",finetune,10,266240,0.8520407676696777,0.3776822452680196
finetune,1,"biggrid50-goal(9,31)",finetune,20,276480,0.896938681602478,0.566523242553215
finetune,1,"biggrid50-goal(9,31)",finetune,30,286720,0.9142856597900391,0.6394847762611406
finetune,1,"biggrid50-goal(9,31)",finetune,40,296960,0.9040815234184265,0.5965660942989103
finetune,1,"biggrid50-goal(9,31)",finetune,50,307200,0.9091835021972656,0.6180250592335822
finetune,1,"biggrid50-goal(9,31)",finetune,60,317440,0.9173468351364136,0.6523601050824182
finetune,1,"biggrid50-goal(9,31)",finetune,70,327680,0.8928570747375488,0.5493559703264259
finetune,1,"biggrid50-goal(9,31)",finetune,80,337920,0.9051018953323364,0.6008577870067932
finetune,1,"biggrid50-goal(9,31)",finetune,90,348160,0.896938681602478,0.566523242553215
finetune,1,"biggrid50-goal(9,31)",finetune,100,358400,0.901020348072052,0.5836907654776329
finetune,1,"biggrid50-goal(9,31)",finetune,110,368640,0.9224489331245422,0.6738195714123477
finetune,1,"biggrid50-goal(9,31)",finetune,120,378880,0.8806121945381165,0.49785390294842974
finetune,1,"biggrid50-goal(9,31)",finetune,130,389120,0.9244896769523621,0.6824029568281135
finetune,1,"biggrid50-goal(9,31)",finetune,140,399360,0.901020348072052,0.5836907654776329
finetune,1,"biggrid50-goal(9,31)",finetune,150,409600,0.8938775062561035,0.5536479137319376
finetune,2,"biggrid50-goal(15,31)",finetune,10,419840,0.9999998807907104,0.9999994069792024
finetune,2,"biggrid50-goal(15,31)",finetune,20,430080,0.9999998807907104,0.9999994069792024
finetune,2,"biggrid50-goal(15,31)",finetune,30,440320,0.9816325902938843,0.9086291345780643
finetune,2,"biggrid50-goal(15,31)",finetune,40,450560,0.9806121587753296,0.9035528765511571
finetune,2,"biggrid50-goal(15,31)",finetune,50,460800,0.982653021812439,0.9137053926049713
finetune,2,"biggrid50-goal(15,31)",finetune,60,471040,0.9591835737228394,0.7969538300692974
finetune,2,"biggrid50-goal(15,31)",finetune,70,481280,0.9816325902938843,0.9086291345780643
finetune,2,"biggrid50-goal(15,31)",finetune,80,491520,0.9999998807907104,0.9999994069792024
finetune,2,"biggrid50-goal(15,31)",finetune,90,501760,1.0,1.0
finetune,2,"biggrid50-goal(15,31)",finetune,100,512000,0.9755101203918457,0.878172179437419
finetune,2,"biggrid50-goal(15,31)",finetune,110,522240,0.991836667060852,0.9593905288055404
finetune,2,"biggrid50-goal(15,31)",finetune,120,532480,0.8979591131210327,0.4923854647044399
finetune,2,"biggrid50-goal(15,31)",finetune,130,542720,0.9908162951469421,0.9543145672890321
finetune,2,"biggrid50-goal(15,31)",finetune,140,552960,0.9693877100944519,0.8477155208071725
finetune,2,"biggrid50-goal(15,31)",finetune,150,563200,0.9908162355422974,0.9543142707786333
finetune,3,"biggrid50-goal(9,24)",finetune,10,573440,0.95714271068573,0.8055549771393384
finetune,3,"biggrid50-goal(9,24)",finetune,20,583680,0.9510202407836914,0.7777771167306725
finetune,3,"biggrid50-goal(9,24)",finetune,30,593920,0.9591835141181946,0.8148141737994401
finetune,3,"biggrid50-goal(9,24)",finetune,40,604160,0.9581630825996399,0.8101844402552086
finetune,3,"biggrid50-goal(9,24)",finetune,50,614400,0.9795916676521301,0.9074066812571782
finetune,3,"biggrid50-goal(9,24)",finetune,60,624640,0.9693876504898071,0.8611106979566704
finetune,3,"biggrid50-goal(9,24)",finetune,70,634880,0.9734692573547363,0.8796290912768735
finetune,3,"biggrid50-goal(9,24)",finetune,80,645120,0.9551018476486206,0.7962955100508757
finetune,3,"biggrid50-goal(9,24)",finetune,90,655360,0.9540814161300659,0.7916657765066443
finetune,3,"biggrid50-goal(9,24)",finetune,100,665600,0.9632651209831238,0.8333325671196432
finetune,3,"biggrid50-goal(9,24)",finetune,110,675840,0.9632651209831238,0.8333325671196432
finetune,3,"biggrid50-goal(9,24)",finetune,120,686080,0.9806120991706848,0.9120364148014096
finetune,3,"biggrid50-goal(9,24)",finetune,130,696320,0.9806120991706848,0.9120364148014096
finetune,3,"biggrid50-goal(9,24)",finetune,140,706560,0.9540814161300659,0.7916657765066443
finetune,3,"biggrid50-goal(9,24)",finetune,150,716800,0.9510202407836914,0.7777771167306725
finetune,4,"biggrid50-goal(21,17)",finetune,10,727040,0.8285713195800781,0.38760603686164957
finetune,4,"biggrid50-goal(21,17)",finetune,20,737280,0.810204029083252,0.32199264129731203
finetune,4,"biggrid50-goal(21,17)",finetune,30,747520,0.8397958874702454,0.4277035141212142
finetune,4,"biggrid50-goal(21,17)",finetune,40,757760,0.8265305757522583,0.38031589616052874
finetune,4,"biggrid50-goal(21,17)",finetune,50,768000,0.8265305757522583,0.38031589616052874
finetune,4,"biggrid50-goal(21,17)",finetune,60,778240,0.8316326141357422,0.39854188668960583
finetune,4,"biggrid50-goal(21,17)",finetune,70,788480,0.8275508880615234,0.38396075358566417
finetune,4,"biggrid50-goal(21,17)",finetune,80,798720,0.8081632852554321,0.3147025005961912
finetune,4,"biggrid50-goal(21,17)",finetune,90,808960,0.7704081535339355,0.17983000034068067
finetune,4,"biggrid50-goal(21,17)",finetune,100,819200,0.7836734056472778,0.22721740537594112
finetune,4,"biggrid50-goal(21,17)",finetune,110,829440,0.7826530337333679,0.2235723350253807
finetune,4,"biggrid50-goal(21,17)",finetune,120,839680,0.8020407557487488,0.29283101386570365
finetune,4,"biggrid50-goal(21,17)",finetune,130,849920,0.7816326022148132,0.21992705174939528
finetune,4,"biggrid50-goal(21,17)",finetune,140,860160,0.8091835975646973,0.31834735802132663
finetune,4,"biggrid50-goal(21,17)",finetune,150,870400,0.8214284777641296,0.36208969270602664
finetune,4,"biggrid50-goal(21,17)",finetune,160,880640,0.8214284777641296,0.36208969270602664
finetune,4,"biggrid50-goal(21,17)",finetune,170,890880,0.8438774943351746,0.44228422137430584
finetune,4,"biggrid50-goal(21,17)",finetune,180,901120,0.7795917391777039,0.21263648519742445
finetune,4,"biggrid50-goal(21,17)",finetune,190,911360,0.778571367263794,0.20899141484686404
finetune,4,"biggrid50-goal(21,17)",finetune,200,921600,0.7765305638313293,0.2017010612203182
finetune,4,"biggrid50-goal(21,17)",finetune,210,931840,0.7693876624107361,0.17618450413927025
finetune,4,"biggrid50-goal(21,17)",finetune,220,942080,0.795918345451355,0.2709599529860662
finetune,4,"biggrid50-goal(21,17)",finetune,230,952320,0.7632652521133423,0.15431344325963275
finetune,4,"biggrid50-goal(21,17)",finetune,240,962560,0.7816326022148132,0.21992705174939528
finetune,4,"biggrid50-goal(21,17)",finetune,250,972800,0.7806121706962585,0.21628176847340988
finetune,4,"biggrid50-goal(21,17)",finetune,260,983040,0.7734693288803101,0.19076542431778692
finetune,4,"biggrid50-goal(21,17)",finetune,270,993280,0.7836734056472778,0.22721740537594112
finetune,4,"biggrid50-goal(21,17)",finetune,280,1003520,0.8010203242301941,0.28918573058971825
finetune,4,"biggrid50-goal(21,17)",finetune,290,1013760,0.7836734056472778,0.22721740537594112
finetune,4,"biggrid50-goal(21,17)",finetune,300,1024000,0.7938774824142456,0.2636693864340953
finetune,4,"biggrid50-goal(21,17)",finetune,310,1034240,0.7969387173652649,0.27460502333662656
finetune,4,"biggrid50-goal(21,17)",finetune,320,1044480,0.7989795207977295,0.2818953769631724
finetune,4,"biggrid50-goal(21,17)",finetune,330,1054720,0.787755012512207,0.2417981126290328
finetune,4,"biggrid50-goal(21,17)",finetune,340,1064960,0.7887753844261169,0.24544318297959322
finetune,4,"biggrid50-goal(21,17)",finetune,350,1075200,0.7826529741287231,0.22357212209995572
finetune,4,"biggrid50-goal(21,17)",finetune,360,1085440,0.7806121706962585,0.21628176847340988
finetune,4,"biggrid50-goal(21,17)",finetune,370,1095680,0.7806121706962585,0.21628176847340988
finetune,4,"biggrid50-goal(21,17)",finetune,380,1105920,0.7775509357452393,0.2053461315708786
finetune,4,"biggrid50-goal(21,17)",finetune,390,1116160,0.7938774824142456,0.2636693864340953
finetune,4,"biggrid50-goal(21,17)",finetune,400,1126400,0.7734693288803101,0.19076542431778692
finetune,4,"biggrid50-goal(21,17)",finetune,410,1136640,0.7663264870643616,0.165249080162164
finetune,4,"biggrid50-goal(21,17)",finetune,420,1146880,0.7734693288803101,0.19076542431778692
finetune,4,"biggrid50-goal(21,17)",finetune,430,1157120,0.7744897603988647,0.19441070759377235
finetune,4,"biggrid50-goal(21,17)",finetune,440,1167360,0.7724488973617554,0.18712014104180152
finetune,4,"biggrid50-goal(21,17)",finetune,450,1177600,0.777550995349884,0.20534634449630362
finetune,4,"biggrid50-goal(21,17)",finetune,460,1187840,0.760204017162323,0.14337780635710148
finetune,4,"biggrid50-goal(21,17)",finetune,470,1198080,0.7479591369628906,0.09963547167240146
finetune,4,"biggrid50-goal(21,17)",finetune,480,1208320,0.7479591369628906,0.09963547167240146
finetune,4,"biggrid50-goal(21,17)",finetune,490,1218560,0.7428570985794067,0.08140948114332436
finetune,4,"biggrid50-goal(21,17)",finetune,500,1228800,0.745918333530426,0.09234511804585561
finetune,5,"biggrid50-goal(27,3)",finetune,10,1239040,0.7795917391777039,0.3257020766483327
finetune,5,"biggrid50-goal(27,3)",finetune,20,1249280,0.7887755036354065,0.35379808938068896
finetune,5,"biggrid50-goal(27,3)",finetune,30,1259520,0.7704080939292908,0.2976064286145412
finetune,5,"biggrid50-goal(27,3)",finetune,40,1269760,0.7908161878585815,0.36004118176193534
finetune,5,"biggrid50-goal(27,3)",finetune,50,1280000,0.7734693288803101,0.3069717054088991
finetune,5,"biggrid50-goal(27,3)",finetune,60,1290240,0.7571427822113037,0.2570236840718449
finetune,5,"biggrid50-goal(27,3)",finetune,70,1300480,0.8153060674667358,0.4349633961167991
finetune,5,"biggrid50-goal(27,3)",finetune,80,1310720,0.7989795207977295,0.38501537477974485
finetune,5,"biggrid50-goal(27,3)",finetune,90,1320960,0.7826529741287231,0.3350673534426906
finetune,5,"biggrid50-goal(27,3)",finetune,100,1331200,0.7622448801994324,0.2726326002952964
finetune,5,"biggrid50-goal(27,3)",finetune,110,1341440,0.760204017162323,0.26638896086620284
finetune,5,"biggrid50-goal(27,3)",finetune,120,1351680,0.7683672904968262,0.29136297153472995
finetune,5,"biggrid50-goal(27,3)",finetune,130,1361920,0.7653061151504517,0.2819978770896544
finetune,5,"biggrid50-goal(27,3)",finetune,140,1372160,0.770408034324646,0.2976062462652588
finetune,5,"biggrid50-goal(27,3)",finetune,150,1382400,0.7622448205947876,0.27263241794601406
finetune,5,"biggrid50-goal(27,3)",finetune,160,1392640,0.7632652521133423,0.27575423766056084
finetune,5,"biggrid50-goal(27,3)",finetune,170,1402880,0.7581632137298584,0.2601455037863917
finetune,5,"biggrid50-goal(27,3)",finetune,180,1413120,0.8663264513015747,0.5910507348584906
finetune,5,"biggrid50-goal(27,3)",finetune,190,1423360,0.9530612230300903,0.8563995754179309
finetune,5,"biggrid50-goal(27,3)",finetune,200,1433600,0.8581631779670715,0.5660767241899635
finetune,5,"biggrid50-goal(27,3)",finetune,210,1443840,0.8265305757522583,0.4693026835796842
finetune,5,"biggrid50-goal(27,3)",finetune,220,1454080,0.8428570628166199,0.519250522567456
finetune,5,"biggrid50-goal(27,3)",finetune,230,1464320,0.8591836094856262,0.5691985439045102
finetune,5,"biggrid50-goal(27,3)",finetune,240,1474560,0.9520407915115356,0.853277755703384
finetune,5,"biggrid50-goal(27,3)",finetune,250,1484800,0.9173467755317688,0.7471378912508997
finetune,5,"biggrid50-goal(27,3)",finetune,260,1495040,0.9999998807907104,0.9999996353014352
finetune,5,"biggrid50-goal(27,3)",finetune,270,1505280,0.9530612230300903,0.8563995754179309
finetune,5,"biggrid50-goal(27,3)",finetune,280,1515520,0.9999998807907104,0.9999996353014352
finetune,5,"biggrid50-goal(27,3)",finetune,290,1525760,0.8346937894821167,0.4942765118989289
finetune,5,"biggrid50-goal(27,3)",finetune,300,1536000,0.8948978185653687,0.6784594986744119
finetune,6,"biggrid50-goal(3,31)",finetune,10,1546240,0.8081631660461426,-0.23684247944320552
finetune,6,"biggrid50-goal(3,31)",finetune,20,1556480,0.9540815353393555,0.7039468046227376
finetune,6,"biggrid50-goal(3,31)",finetune,30,1566720,0.9428569674491882,0.6315778956190979
finetune,6,"biggrid50-goal(3,31)",finetune,40,1576960,0.9408162236213684,0.618420471135559
finetune,6,"biggrid50-goal(3,31)",finetune,50,1587200,0.9265305399894714,0.5263154254066108
finetune,6,"biggrid50-goal(3,31)",finetune,60,1597440,0.9346936941146851,0.5789462762198325
finetune,6,"biggrid50-goal(3,31)",finetune,70,1607680,0.938775360584259,0.6052622780659762
finetune,6,"biggrid50-goal(3,31)",finetune,80,1617920,0.9653059840202332,0.7763149450403335
finetune,6,"biggrid50-goal(3,31)",finetune,90,1628160,0.936734676361084,0.5921052378754591
finetune,6,"biggrid50-goal(3,31)",finetune,100,1638400,0.8989794850349426,0.3486836618974622
finetune,6,"biggrid50-goal(3,31)",finetune,110,1648640,0.9346936941146851,0.5789462762198325
finetune,6,"biggrid50-goal(3,31)",finetune,120,1658880,0.9581631422042847,0.7302624221758593
finetune,6,"biggrid50-goal(3,31)",finetune,130,1669120,0.9775509834289551,0.8552629505787646
finetune,6,"biggrid50-goal(3,31)",finetune,140,1679360,0.9775508642196655,0.8552621819927207
finetune,6,"biggrid50-goal(3,31)",finetune,150,1689600,0.9887754321098328,0.9276310909963603
finetune,7,"biggrid50-goal(33,10)",finetune,10,1699840,0.8622449040412903,0.5290698835403379
finetune,7,"biggrid50-goal(33,10)",finetune,20,1710080,0.9714285135269165,0.9023254032197264
finetune,7,"biggrid50-goal(33,10)",finetune,30,1720320,0.9734692573547363,0.90930189814945
finetune,7,"biggrid50-goal(33,10)",finetune,40,1730560,0.9693876504898071,0.8953485007606535
finetune,7,"biggrid50-goal(33,10)",finetune,50,1740800,0.9387754201889038,0.7906974090506563
finetune,7,"biggrid50-goal(33,10)",finetune,60,1751040,0.9591835737228394,0.8604648035239878
finetune,7,"biggrid50-goal(33,10)",finetune,70,1761280,0.9428570866584778,0.8046510102041273
finetune,7,"biggrid50-goal(33,10)",finetune,80,1771520,0.9459182620048523,0.8151159563633874
finetune,7,"biggrid50-goal(33,10)",finetune,90,1781760,0.9316325187683105,0.7662786579732506
finetune,7,"biggrid50-goal(33,10)",finetune,100,1792000,0.9163264036178589,0.713953112118252
finetune,7,"biggrid50-goal(33,10)",finetune,110,1802240,0.8755100965499878,0.574418323171589
finetune,7,"biggrid50-goal(33,10)",finetune,120,1812480,0.8571428060531616,0.5116278311573303
finetune,7,"biggrid50-goal(33,10)",finetune,130,1822720,0.8448978662490845,0.46976723146159177
finetune,7,"biggrid50-goal(33,10)",finetune,140,1832960,0.8602040410041809,0.522092981081265
finetune,7,"biggrid50-goal(33,10)",finetune,150,1843200,0.8622447848320007,0.5290694760109886
finetune,8,"biggrid50-goal(27,45)",finetune,10,1853440,0.7693877816200256,0.3300395462244767
finetune,8,"biggrid50-goal(27,45)",finetune,20,1863680,0.7622448801994324,0.30928842769904974
finetune,8,"biggrid50-goal(27,45)",finetune,30,1873920,0.7622448801994324,0.30928842769904974
finetune,8,"biggrid50-goal(27,45)",finetune,40,1884160,0.7622448801994324,0.30928842769904974
finetune,8,"biggrid50-goal(27,45)",finetune,50,1894400,0.7693877816200256,0.3300395462244767
finetune,8,"biggrid50-goal(27,45)",finetune,60,1904640,0.7632652521133423,0.31225274951714405
finetune,8,"biggrid50-goal(27,45)",finetune,70,1914880,0.7928571105003357,0.39822119911743936
finetune,8,"biggrid50-goal(27,45)",finetune,80,1925120,0.7887755036354065,0.38636356552555545
finetune,8,"biggrid50-goal(27,45)",finetune,90,1935360,0.7714285254478455,0.3359681898606653
finetune,8,"biggrid50-goal(27,45)",finetune,100,1945600,0.7877550721168518,0.3833990705477078
finetune,8,"biggrid50-goal(27,45)",finetune,110,1955840,0.7887755036354065,0.38636356552555545
finetune,8,"biggrid50-goal(27,45)",finetune,120,1966080,0.8051020503044128,0.43379444621259794
finetune,8,"biggrid50-goal(27,45)",finetune,130,1976320,0.7999999523162842,0.41897214448311293
finetune,8,"biggrid50-goal(27,45)",finetune,140,1986560,0.8040816187858582,0.43082995123475026
finetune,8,"biggrid50-goal(27,45)",finetune,150,1996800,0.8061224818229675,0.4367589411904456
finetune,8,"biggrid50-goal(27,45)",finetune,160,2007040,0.8163264989852905,0.4664030251701554
finetune,8,"biggrid50-goal(27,45)",finetune,170,2017280,0.8142856359481812,0.46047403521446006
finetune,8,"biggrid50-goal(27,45)",finetune,180,2027520,0.8051020503044128,0.43379444621259794
finetune,8,"biggrid50-goal(27,45)",finetune,190,2037760,0.8112244606018066,0.45158089660042383
finetune,8,"biggrid50-goal(27,45)",finetune,200,2048000,0.8040816187858582,0.43082995123475026
finetune,8,"biggrid50-goal(27,45)",finetune,210,2058240,0.8040816187858582,0.43082995123475026
finetune,8,"biggrid50-goal(27,45)",finetune,220,2068480,0.7867347002029419,0.38043474872961347
finetune,8,"biggrid50-goal(27,45)",finetune,230,2078720,0.7867347002029419,0.38043474872961347
finetune,8,"biggrid50-goal(27,45)",finetune,240,2088960,0.7918367385864258,0.39525687729934506
finetune,8,"biggrid50-goal(27,45)",finetune,250,2099200,0.7867347002029419,0.38043474872961347
finetune,8,"biggrid50-goal(27,45)",finetune,260,2109440,0.7908163070678711,0.3922923823214974
finetune,8,"biggrid50-goal(27,45)",finetune,270,2119680,0.8030611872673035,0.4278654562569026
finetune,8,"biggrid50-goal(27,45)",finetune,280,2129920,0.8030611872673035,0.4278654562569026
finetune,8,"biggrid50-goal(27,45)",finetune,290,2140160,0.8030611872673035,0.4278654562569026
finetune,8,"biggrid50-goal(27,45)",finetune,300,2150400,0.8040816187858582,0.43082995123475026
finetune,8,"biggrid50-goal(27,45)",finetune,310,2160640,0.8010204434394836,0.421936812620714
finetune,8,"biggrid50-goal(27,45)",finetune,320,2170880,0.803061306476593,0.4278658025764093
finetune,8,"biggrid50-goal(27,45)",finetune,330,2181120,0.7918367385864258,0.39525687729934506
finetune,8,"biggrid50-goal(27,45)",finetune,340,2191360,0.7877551317214966,0.38339924370746115
finetune,8,"biggrid50-goal(27,45)",finetune,350,2201600,0.781632661819458,0.3656126201598819
finetune,8,"biggrid50-goal(27,45)",finetune,360,2211840,0.7785714864730835,0.3567194815458456
finetune,8,"biggrid50-goal(27,45)",finetune,370,2222080,0.7938776016235352,0.4011858672550404
finetune,8,"biggrid50-goal(27,45)",finetune,380,2232320,0.789795994758606,0.3893282336631565
finetune,8,"biggrid50-goal(27,45)",finetune,390,2242560,0.7826530933380127,0.36857711513772956
finetune,8,"biggrid50-goal(27,45)",finetune,400,2252800,0.7785714268684387,0.3567193083860922
finetune,8,"biggrid50-goal(27,45)",finetune,410,2263040,0.7795918583869934,0.3596838033639399
finetune,8,"biggrid50-goal(27,45)",finetune,420,2273280,0.7887755632400513,0.3863637386853088
finetune,8,"biggrid50-goal(27,45)",finetune,430,2283520,0.8081632852554321,0.44268775798638754
finetune,8,"biggrid50-goal(27,45)",finetune,440,2293760,0.795918345451355,0.407114510891229
finetune,8,"biggrid50-goal(27,45)",finetune,450,2304000,0.7948979735374451,0.4041501890731347
finetune,8,"biggrid50-goal(27,45)",finetune,460,2314240,0.7928571701049805,0.39822137227719273
finetune,8,"biggrid50-goal(27,45)",finetune,470,2324480,0.795918345451355,0.407114510891229
finetune,8,"biggrid50-goal(27,45)",finetune,480,2334720,0.795918345451355,0.407114510891229
finetune,8,"biggrid50-goal(27,45)",finetune,490,2344960,0.795918345451355,0.407114510891229
finetune,8,"biggrid50-goal(27,45)",finetune,500,2355200,0.7867347002029419,0.38043474872961347
finetune,9,"biggrid50-goal(21,45)",finetune,10,2365440,0.9275509715080261,0.6677065193321833
finetune,9,"biggrid50-goal(21,45)",finetune,20,2375680,0.9683672189712524,0.8549136250680037
finetune,9,"biggrid50-goal(21,45)",finetune,30,2385920,0.9499998092651367,0.7706699764071637
finetune,9,"biggrid50-goal(21,45)",finetune,40,2396160,0.9867345690727234,0.9391570003471947
finetune,9,"biggrid50-goal(21,45)",finetune,50,2406400,0.9755100011825562,0.887674588355582
finetune,9,"biggrid50-goal(21,45)",finetune,60,2416640,0.9816325306892395,0.915756077957511
finetune,9,"biggrid50-goal(21,45)",finetune,70,2426880,0.9999998807907104,0.999999453236702
finetune,9,"biggrid50-goal(21,45)",finetune,80,2437120,0.9887752532958984,0.9485167678634404
finetune,9,"biggrid50-goal(21,45)",finetune,90,2447360,0.9081632494926453,0.5787831236040449
finetune,9,"biggrid50-goal(21,45)",finetune,100,2457600,0.8959182500839233,0.522620417781836
finetune,9,"biggrid50-goal(21,45)",finetune,110,2467840,0.778571367263794,-0.015600797180888436
finetune,9,"biggrid50-goal(21,45)",finetune,120,2478080,0.741836667060852,-0.18408754773927044
finetune,9,"biggrid50-goal(21,45)",finetune,130,2488320,0.7336734533309937,-0.22152880485744514
finetune,9,"biggrid50-goal(21,45)",finetune,140,2498560,0.7091836333274841,-0.33385339635691613
finetune,9,"biggrid50-goal(21,45)",finetune,150,2508800,0.7020407915115356,-0.3666146330261435
finetune,9,"biggrid50-goal(21,45)",finetune,160,2519040,0.7020407915115356,-0.3666146330261435
finetune,9,"biggrid50-goal(21,45)",finetune,170,2529280,0.7020407915115356,-0.3666146330261435
finetune,9,"biggrid50-goal(21,45)",finetune,180,2539520,0.7244898080825806,-0.26365035580621615
finetune,9,"biggrid50-goal(21,45)",finetune,190,2549760,0.7346938848495483,-0.21684851102684882
finetune,9,"biggrid50-goal(21,45)",finetune,200,2560000,0.7438775897026062,-0.17472668669642882
finetune,9,"biggrid50-goal(21,45)",finetune,210,2570240,0.7704081535339355,-0.05304205429906312
finetune,9,"biggrid50-goal(21,45)",finetune,220,2580480,0.8051019906997681,0.10608410859812624
finetune,9,"biggrid50-goal(21,45)",finetune,230,2590720,0.8857141733169556,0.47581857300246866
finetune,9,"biggrid50-goal(21,45)",finetune,240,2600960,0.8683673143386841,0.39625576493552295
finetune,9,"biggrid50-goal(21,45)",finetune,250,2611200,0.9561223983764648,0.7987517393907416
finetune,9,"biggrid50-goal(21,45)",finetune,260,2621440,0.9428569674491882,0.7379087397379364
finetune,9,"biggrid50-goal(21,45)",finetune,270,2631680,0.961224377155304,0.8221523883987764
finetune,9,"biggrid50-goal(21,45)",finetune,280,2641920,0.960204005241394,0.817472367949829
finetune,9,"biggrid50-goal(21,45)",finetune,290,2652160,0.9581631422042847,0.8081117802886364
finetune,9,"biggrid50-goal(21,45)",finetune,300,2662400,0.9755101203918457,0.88767513511888
finetune,9,"biggrid50-goal(21,45)",finetune,310,2672640,0.984693706035614,0.929796412686002
finetune,9,"biggrid50-goal(21,45)",finetune,320,2682880,0.988775372505188,0.9485173146267384
finetune,9,"biggrid50-goal(21,45)",finetune,330,2693120,0.9734692573547363,0.8783145474576873
finetune,9,"biggrid50-goal(21,45)",finetune,340,2703360,0.9785712957382202,0.901715469847371
finetune,9,"biggrid50-goal(21,45)",finetune,350,2713600,0.9591835141181946,0.8127918007375837
finetune,10,"biggrid50-goal(33,3)",finetune,10,2723840,0.8326530456542969,0.5010141922939869
finetune,10,"biggrid50-goal(33,3)",finetune,20,2734080,0.9581631422042847,0.875253192621891
finetune,10,"biggrid50-goal(33,3)",finetune,30,2744320,0.9765305519104004,0.9300201096745929
finetune,10,"biggrid50-goal(33,3)",finetune,40,2754560,0.974489688873291,0.9239347781848686
finetune,10,"biggrid50-goal(33,3)",finetune,50,2764800,0.9653059840202332,0.8965513196585176
finetune,10,"biggrid50-goal(33,3)",finetune,60,2775040,0.9642855525016785,0.8935086539136555
finetune,10,"biggrid50-goal(33,3)",finetune,70,2785280,0.9765304327011108,0.9300197542229872
finetune,10,"biggrid50-goal(33,3)",finetune,80,2795520,0.9724488258361816,0.9178494466951442
finetune,10,"biggrid50-goal(33,3)",finetune,90,2805760,0.928571343421936,0.7870180187305224
finetune,10,"biggrid50-goal(33,3)",finetune,100,2816000,0.9326529502868652,0.7991883262583653
finetune,10,"biggrid50-goal(33,3)",finetune,110,2826240,0.9265305399894714,0.7809328649666009
finetune,10,"biggrid50-goal(33,3)",finetune,120,2836480,0.9102040529251099,0.7322514571294262
finetune,10,"biggrid50-goal(33,3)",finetune,130,2846720,0.9163265228271484,0.7505070961469934
finetune,10,"biggrid50-goal(33,3)",finetune,140,2856960,0.9244896769523621,0.7748475334768765
finetune,10,"biggrid50-goal(33,3)",finetune,150,2867200,0.9051019549369812,0.7170383061309181
finetune,11,"biggrid50-goal(21,24)",finetune,10,2877440,0.8877550959587097,0.42708334284058397
finetune,11,"biggrid50-goal(21,24)",finetune,20,2887680,0.9204080700874329,0.5937495531592214
finetune,11,"biggrid50-goal(21,24)",finetune,30,2897920,0.9224488139152527,0.6041658490431142
finetune,11,"biggrid50-goal(21,24)",finetune,40,2908160,0.9112244844436646,0.5468750047536253
finetune,11,"biggrid50-goal(21,24)",finetune,50,2918400,0.9683672785758972,0.83854132915927
finetune,11,"biggrid50-goal(21,24)",finetune,60,2928640,0.9173468351364136,0.578124500869343
finetune,11,"biggrid50-goal(21,24)",finetune,70,2938880,0.8959182500839233,0.46874943907221406
finetune,11,"biggrid50-goal(21,24)",finetune,80,2949120,0.8846938014030457,0.4114579863186861
finetune,11,"biggrid50-goal(21,24)",finetune,90,2959360,0.8897958993911743,0.43749994295649636
finetune,11,"biggrid50-goal(21,24)",finetune,100,2969600,0.8663265109062195,0.317708281043455
finetune,11,"biggrid50-goal(21,24)",finetune,110,2979840,0.8989794850349426,0.4843744913620924
finetune,11,"biggrid50-goal(21,24)",finetune,120,2990080,0.8989795446395874,0.4843747955941119
finetune,11,"biggrid50-goal(21,24)",finetune,130,3000320,0.8846938014030457,0.4114579863186861
finetune,11,"biggrid50-goal(21,24)",finetune,140,3010560,0.8887754678726196,0.4322914907825304
finetune,11,"biggrid50-goal(21,24)",finetune,150,3020800,0.890816330909729,0.4427083951304623
finetune,12,"biggrid50-goal(21,3)",finetune,10,3031040,0.9224488139152527,0.7556264812090009
finetune,12,"biggrid50-goal(21,3)",finetune,20,3041280,0.925510048866272,0.7652728166758637
finetune,12,"biggrid50-goal(21,3)",finetune,30,3051520,0.9163264036178589,0.7363339980969904
finetune,12,"biggrid50-goal(21,3)",finetune,40,3061760,0.9142855405807495,0.7299029825712717
finetune,12,"biggrid50-goal(21,3)",finetune,50,3072000,0.9265304803848267,0.768488324438723
finetune,12,"biggrid50-goal(21,3)",finetune,60,3082240,0.8959181904792786,0.67202515759181
finetune,12,"biggrid50-goal(21,3)",finetune,70,3092480,0.9459182620048523,0.8295816571810439
finetune,12,"biggrid50-goal(21,3)",finetune,80,3102720,0.8765304684638977,0.6109320126712042
finetune,12,"biggrid50-goal(21,3)",finetune,90,3112960,0.861224353313446,0.5627005231586053
finetune,12,"biggrid50-goal(21,3)",finetune,100,3123200,0.861224353313446,0.5627005231586053
finetune,12,"biggrid50-goal(21,3)",finetune,110,3133440,0.9040814638137817,0.6977486562295392
finetune,12,"biggrid50-goal(21,3)",finetune,120,3143680,0.9112242460250854,0.7202564592826939
finetune,12,"biggrid50-goal(21,3)",finetune,130,3153920,0.9040814638137817,0.6977486562295392
finetune,12,"biggrid50-goal(21,3)",finetune,140,3164160,0.9081631898880005,0.7106106872809764
finetune,12,"biggrid50-goal(21,3)",finetune,150,3174400,0.911224365234375,0.7202568349261241
finetune,13,"biggrid50-goal(3,17)",finetune,10,3184640,0.7948979139328003,-0.25103733760980984
finetune,13,"biggrid50-goal(3,17)",finetune,20,3194880,0.9030610918998718,0.4087130178644206
finetune,13,"biggrid50-goal(3,17)",finetune,30,3205120,0.9255101084709167,0.5456426730498726
finetune,13,"biggrid50-goal(3,17)",finetune,40,3215360,0.9173468351364136,0.49585010421548265
finetune,13,"biggrid50-goal(3,17)",finetune,50,3225600,0.8887754678726196,0.32157665864039603
finetune,13,"biggrid50-goal(3,17)",finetune,60,3235840,0.8959182500839233,0.365144656470649
finetune,13,"biggrid50-goal(3,17)",finetune,70,3246080,0.9295916557312012,0.5705384121217895
finetune,13,"biggrid50-goal(3,17)",finetune,80,3256320,0.8785713315010071,0.2593356749247696
finetune,13,"biggrid50-goal(3,17)",finetune,90,3266560,0.896938681602478,0.3713688639112672
finetune,13,"biggrid50-goal(3,17)",finetune,100,3276800,0.911224365234375,0.45850558669881053
finetune,13,"biggrid50-goal(3,17)",finetune,110,3287040,0.9591835141181946,0.751036428701013
finetune,13,"biggrid50-goal(3,17)",finetune,120,3297280,0.9377549290657043,0.6203309809561793
finetune,13,"biggrid50-goal(3,17)",finetune,130,3307520,0.9693876504898071,0.8132774124166394
finetune,13,"biggrid50-goal(3,17)",finetune,140,3317760,0.9520406723022461,0.7074680673072413
finetune,13,"biggrid50-goal(3,17)",finetune,150,3328000,0.9581630825996399,0.7448122212603947
finetune,14,"biggrid50-goal(15,45)",finetune,10,3338240,0.7806122303009033,-0.22390879662958524
finetune,14,"biggrid50-goal(15,45)",finetune,20,3348480,0.7938775420188904,-0.14990498263418398
finetune,14,"biggrid50-goal(15,45)",finetune,30,3358720,0.8020408749580383,-0.10436381592401271
finetune,14,"biggrid50-goal(15,45)",finetune,40,3368960,0.8173469305038452,-0.018975209029891815
finetune,14,"biggrid50-goal(15,45)",finetune,50,3379200,0.8500000238418579,0.16318812773393143
finetune,14,"biggrid50-goal(15,45)",finetune,60,3389440,0.8755102157592773,0.30550302675615865
finetune,14,"biggrid50-goal(15,45)",finetune,70,3399680,0.8500000238418579,0.16318812773393143
finetune,14,"biggrid50-goal(15,45)",finetune,80,3409920,0.893877387046814,0.407968822998359
finetune,14,"biggrid50-goal(15,45)",finetune,90,3420160,0.8887754678726196,0.3795065082323445
finetune,14,"biggrid50-goal(15,45)",finetune,100,3430400,0.9377549886703491,0.6527508483396485
finetune,14,"biggrid50-goal(15,45)",finetune,110,3440640,0.8928571939468384,0.4022774241066456
finetune,14,"biggrid50-goal(15,45)",finetune,120,3450880,0.9163265228271484,0.5332068651917222
finetune,14,"biggrid50-goal(15,45)",finetune,130,3461120,0.9673467874526978,0.8178359981977459
finetune,14,"biggrid50-goal(15,45)",finetune,140,3471360,0.9683672189712524,0.8235287271663211
finetune,14,"biggrid50-goal(15,45)",finetune,150,3481600,0.9632652401924133,0.7950660798810911
finetune,15,"biggrid50-goal(3,24)",finetune,10,3491840,0.8622447848320007,-0.01758848398337092
finetune,15,"biggrid50-goal(3,24)",finetune,20,3502080,0.9316325187683105,0.4949740269689794
finetune,15,"biggrid50-goal(3,24)",finetune,30,3512320,0.9734692573547363,0.8040191933610484
finetune,15,"biggrid50-goal(3,24)",finetune,40,3522560,0.9765304327011108,0.8266318891934755
finetune,15,"biggrid50-goal(3,24)",finetune,50,3532800,0.9765304327011108,0.8266318891934755
finetune,15,"biggrid50-goal(3,24)",finetune,60,3543040,0.984693706035614,0.886933438769427
finetune,15,"biggrid50-goal(3,24)",finetune,70,3553280,0.9887752532958984,0.917083553114166
finetune,15,"biggrid50-goal(3,24)",finetune,80,3563520,0.991836667060852,0.9396980101285575
finetune,15,"biggrid50-goal(3,24)",finetune,90,3573760,0.984693706035614,0.886933438769427
finetune,15,"biggrid50-goal(3,24)",finetune,100,3584000,0.991836667060852,0.9396980101285575
finetune,15,"biggrid50-goal(3,24)",finetune,110,3594240,0.9867345690727234,0.9020091563850331
finetune,15,"biggrid50-goal(3,24)",finetune,120,3604480,0.9785712957382202,0.8417076068090817
finetune,15,"biggrid50-goal(3,24)",finetune,130,3614720,0.9857141375541687,0.89447129757723
finetune,15,"biggrid50-goal(3,24)",finetune,140,3624960,0.9846938252449036,0.8869343193604091
finetune,15,"biggrid50-goal(3,24)",finetune,150,3635200,0.974489688873291,0.8115570521688515
finetune,16,"biggrid50-goal(3,10)",finetune,10,3645440,0.7948979139328003,0.36122866843513146
finetune,16,"biggrid50-goal(3,10)",finetune,20,3655680,0.718367338180542,0.12288132289580228
finetune,16,"biggrid50-goal(3,10)",finetune,30,3665920,0.7255101799964905,0.14512703801951746
finetune,16,"biggrid50-goal(3,10)",finetune,40,3676160,0.689795970916748,0.033898462400941534
finetune,16,"biggrid50-goal(3,10)",finetune,50,3686400,0.7122449278831482,0.10381364663252254
finetune,16,"biggrid50-goal(3,10)",finetune,60,3696640,0.7193877696990967,0.12605936175623775
finetune,16,"biggrid50-goal(3,10)",finetune,70,3706880,0.7295918464660645,0.1578390078281483
finetune,16,"biggrid50-goal(3,10)",finetune,80,3717120,0.7438775300979614,0.20233043807557866
finetune,16,"biggrid50-goal(3,10)",finetune,90,3727360,0.7571428418159485,0.2436440150956846
finetune,16,"biggrid50-goal(3,10)",finetune,100,3737600,0.7061224579811096,0.08474578473613181
finetune,16,"biggrid50-goal(3,10)",finetune,110,3747840,0.7948978543281555,0.3612284828020204
finetune,16,"biggrid50-goal(3,10)",finetune,120,3758080,0.764285683631897,0.26588973021939977
finetune,16,"biggrid50-goal(3,10)",finetune,130,3768320,0.768367350101471,0.2786017000280306
finetune,16,"biggrid50-goal(3,10)",finetune,140,3778560,0.768367350101471,0.2786017000280306
finetune,16,"biggrid50-goal(3,10)",finetune,150,3788800,0.7714285254478455,0.28813544534311497
finetune,16,"biggrid50-goal(3,10)",finetune,160,3799040,0.7479590773582458,0.2150420366179875
finetune,16,"biggrid50-goal(3,10)",finetune,170,3809280,0.7612243890762329,0.2563556136380934
finetune,16,"biggrid50-goal(3,10)",finetune,180,3819520,0.7612243890762329,0.2563556136380934
finetune,16,"biggrid50-goal(3,10)",finetune,190,3829760,0.7612243890762329,0.2563556136380934
finetune,16,"biggrid50-goal(3,10)",finetune,200,3840000,0.7612243890762329,0.2563556136380934
finetune,16,"biggrid50-goal(3,10)",finetune,210,3850240,0.7499998807907104,0.2213979287057474
finetune,16,"biggrid50-goal(3,10)",finetune,220,3860480,0.7540815472602844,0.23410989851437822
finetune,16,"biggrid50-goal(3,10)",finetune,230,3870720,0.7499998807907104,0.2213979287057474
finetune,16,"biggrid50-goal(3,10)",finetune,240,3880960,0.7653060555458069,0.2690675834467242
finetune,16,"biggrid50-goal(3,10)",finetune,250,3891200,0.7673467993736267,0.2754232899013731
finetune,16,"biggrid50-goal(3,10)",finetune,260,3901440,0.7540815472602844,0.23410989851437822
finetune,16,"biggrid50-goal(3,10)",finetune,270,3911680,0.7520407438278198,0.2277540064266183
finetune,16,"biggrid50-goal(3,10)",finetune,280,3921920,0.732653021812439,0.16737275314323266
finetune,16,"biggrid50-goal(3,10)",finetune,290,3932160,0.7653061151504517,0.2690677690798352
finetune,16,"biggrid50-goal(3,10)",finetune,300,3942400,0.7499999403953552,0.2213981143388584
finetune,16,"biggrid50-goal(3,10)",finetune,310,3952640,0.7530611753463745,0.23093204528705377
finetune,16,"biggrid50-goal(3,10)",finetune,320,3962880,0.7714284658432007,0.288135259710004
finetune,16,"biggrid50-goal(3,10)",finetune,330,3973120,0.7714284658432007,0.288135259710004
finetune,16,"biggrid50-goal(3,10)",finetune,340,3983360,0.7693876624107361,0.28177936762224404
finetune,16,"biggrid50-goal(3,10)",finetune,350,3993600,0.7846938371658325,0.3294490223632209
finetune,16,"biggrid50-goal(3,10)",finetune,360,4003840,0.760204017162323,0.25317776041076895
finetune,16,"biggrid50-goal(3,10)",finetune,370,4014080,0.7724488973617554,0.2913132985704394
finetune,16,"biggrid50-goal(3,10)",finetune,380,4024320,0.7612244486808777,0.2563557992712044
finetune,16,"biggrid50-goal(3,10)",finetune,390,4034560,0.7244898080825806,0.141949184792193
finetune,16,"biggrid50-goal(3,10)",finetune,400,4044800,0.7724488973617554,0.2913132985704394
finetune,16,"biggrid50-goal(3,10)",finetune,410,4055040,0.7591835856437683,0.24999972155033348
finetune,16,"biggrid50-goal(3,10)",finetune,420,4065280,0.787755012512207,0.33898276767830526
finetune,16,"biggrid50-goal(3,10)",finetune,430,4075520,0.7663264870643616,0.2722456223071597
finetune,16,"biggrid50-goal(3,10)",finetune,440,4085760,0.7367346882820129,0.18008472295186348
finetune,16,"biggrid50-goal(3,10)",finetune,450,4096000,0.764285683631897,0.26588973021939977
finetune,16,"biggrid50-goal(3,10)",finetune,460,4106240,0.7469386458396912,0.21186399775755202
finetune,16,"biggrid50-goal(3,10)",finetune,470,4116480,0.745918333530426,0.20868633016333857
finetune,16,"biggrid50-goal(3,10)",finetune,480,4126720,0.7489794492721558,0.21821988984531193
finetune,16,"biggrid50-goal(3,10)",finetune,490,4136960,0.7561224102973938,0.24046597623524912
finetune,16,"biggrid50-goal(3,10)",finetune,500,4147200,0.7785713076591492,0.3103809748337191
finetune,17,"biggrid50-goal(46,31)",finetune,10,4157440,0.7346938848495483,0.22310756415810346
finetune,17,"biggrid50-goal(46,31)",finetune,20,4167680,0.7408162951469421,0.2410357383596987
finetune,17,"biggrid50-goal(46,31)",finetune,30,4177920,0.7622448205947876,0.30378460987453754
finetune,17,"biggrid50-goal(46,31)",finetune,40,4188160,0.7653060555458069,0.31274878424508695
finetune,17,"biggrid50-goal(46,31)",finetune,50,4198400,0.7806121706962585,0.35756948155833057
finetune,17,"biggrid50-goal(46,31)",finetune,60,4208640,0.7959182858467102,0.4023901788715742
finetune,17,"biggrid50-goal(46,31)",finetune,70,4218880,0.8051019906997681,0.42928270198322255
finetune,17,"biggrid50-goal(46,31)",finetune,80,4229120,0.8469387292861938,0.5517926777885566
finetune,17,"biggrid50-goal(46,31)",finetune,90,4239360,0.8408163189888,0.5338645035869614
finetune,17,"biggrid50-goal(46,31)",finetune,100,4249600,0.8602040410041809,0.5906373170346018
finetune,17,"biggrid50-goal(46,31)",finetune,110,4259840,0.8918366432189941,0.6832666534249363
finetune,17,"biggrid50-goal(46,31)",finetune,120,4270080,0.8989794850349426,0.7041829439298826
finetune,17,"biggrid50-goal(46,31)",finetune,130,4280320,0.9071427583694458,0.7280873507381799
finetune,17,"biggrid50-goal(46,31)",finetune,140,4290560,0.8816325068473816,0.6533860140099369
finetune,17,"biggrid50-goal(46,31)",finetune,150,4300800,0.8989794850349426,0.7041829439298826
finetune,17,"biggrid50-goal(46,31)",finetune,160,4311040,0.9030610918998718,0.7161350600642794
finetune,17,"biggrid50-goal(46,31)",finetune,170,4321280,0.9153059720993042,0.7519915830069736
finetune,17,"biggrid50-goal(46,31)",finetune,180,4331520,0.919387698173523,0.7639440482203778
finetune,17,"biggrid50-goal(46,31)",finetune,190,4341760,0.883673369884491,0.659362246616639
finetune,17,"biggrid50-goal(46,31)",finetune,200,4352000,0.9102040529251099,0.7370516996482331
finetune,18,"biggrid50-goal(46,24)",finetune,10,4362240,0.8295917510986328,0.5378227144826141
finetune,18,"biggrid50-goal(46,24)",finetune,20,4372480,0.833673357963562,0.5488927536006968
finetune,18,"biggrid50-goal(46,24)",finetune,30,4382720,0.8193876147270203,0.5101472933707475
finetune,18,"biggrid50-goal(46,24)",finetune,40,4392960,0.8244897723197937,0.5239852464141758
finetune,18,"biggrid50-goal(46,24)",finetune,50,4403200,0.8244897723197937,0.5239852464141758
finetune,18,"biggrid50-goal(46,24)",finetune,60,4413440,0.7857142686843872,0.4188192281590705
finetune,18,"biggrid50-goal(46,24)",finetune,70,4423680,0.7377550005912781,0.2887452177424544
finetune,18,"biggrid50-goal(46,24)",finetune,80,4433920,0.7540816068649292,0.3330258591897749
finetune,18,"biggrid50-goal(46,24)",finetune,90,4444160,0.7734693288803101,0.3856087874881626
finetune,18,"biggrid50-goal(46,24)",finetune,100,4454400,0.7622448801994324,0.3551660990842702
finetune,18,"biggrid50-goal(46,24)",finetune,110,4464640,0.7806122303009033,0.4049815984323022
finetune,18,"biggrid50-goal(46,24)",finetune,120,4474880,0.810204029083252,0.4852397861842265
finetune,18,"biggrid50-goal(46,24)",finetune,130,4485120,0.8061223030090332,0.4741694237494839
finetune,18,"biggrid50-goal(46,24)",finetune,140,4495360,0.837755024433136,0.5599629543771094
finetune,18,"biggrid50-goal(46,24)",finetune,150,4505600,0.8520406484603882,0.5987080912903988
finetune,18,"biggrid50-goal(46,24)",finetune,160,4515840,0.8724488019943237,0.6540586101974721
finetune,18,"biggrid50-goal(46,24)",finetune,170,4526080,0.893877387046814,0.712176719713231
finetune,18,"biggrid50-goal(46,24)",finetune,180,4536320,0.911224365234375,0.7592247901109073
finetune,18,"biggrid50-goal(46,24)",finetune,190,4546560,0.9377549886703491,0.8311805293534346
finetune,18,"biggrid50-goal(46,24)",finetune,200,4556800,0.9173468351364136,0.7758300104463612
finetune,18,"biggrid50-goal(46,24)",finetune,210,4567040,0.9255101084709167,0.7979702503408566
finetune,18,"biggrid50-goal(46,24)",finetune,220,4577280,0.9316325187683105,0.8145753090179806
finetune,18,"biggrid50-goal(46,24)",finetune,230,4587520,0.893877387046814,0.712176719713231
finetune,18,"biggrid50-goal(46,24)",finetune,240,4597760,0.9479590654373169,0.8588557888069712
finetune,18,"biggrid50-goal(46,24)",finetune,250,4608000,0.911224365234375,0.7592247901109073
finetune,19,"biggrid50-goal(3,45)",finetune,10,4618240,0.6836735010147095,-0.34587554929783204
finetune,19,"biggrid50-goal(3,45)",finetune,20,4628480,0.742857038974762,-0.09406712693395441
finetune,19,"biggrid50-goal(3,45)",finetune,30,4638720,0.9102039337158203,0.6179443378196883
finetune,19,"biggrid50-goal(3,45)",finetune,40,4648960,0.9459182024002075,0.7698979716049033
finetune,19,"biggrid50-goal(3,45)",finetune,50,4659200,0.9704079627990723,0.8740946476175792
finetune,19,"biggrid50-goal(3,45)",finetune,60,4669440,0.9428569674491882,0.756873323703292
finetune,19,"biggrid50-goal(3,45)",finetune,70,4679680,0.9428569674491882,0.756873323703292
finetune,19,"biggrid50-goal(3,45)",finetune,80,4689920,0.9479590654373169,0.7785812392727155
finetune,19,"biggrid50-goal(3,45)",finetune,90,4700160,0.9336732625961304,0.7177993799984581
finetune,19,"biggrid50-goal(3,45)",finetune,100,4710400,0.9193876385688782,0.6570182815245221
finetune,19,"biggrid50-goal(3,45)",finetune,110,4720640,0.961224377155304,0.8350212111129596
finetune,19,"biggrid50-goal(3,45)",finetune,120,4730880,0.928571343421936,0.696092225229356
finetune,19,"biggrid50-goal(3,45)",finetune,130,4741120,0.9142856597900391,0.6353108731553129
finetune,19,"biggrid50-goal(3,45)",finetune,140,4751360,0.9265305399894714,0.6874092111616508
finetune,19,"biggrid50-goal(3,45)",finetune,150,4761600,0.9346936941146851,0.7221410138323643
finetune,20,"biggrid50-goal(21,10)",finetune,10,4771840,0.7193877696990967,-0.05633812929624009
finetune,20,"biggrid50-goal(21,10)",finetune,20,4782080,0.7193877696990967,-0.05633812929624009
finetune,20,"biggrid50-goal(21,10)",finetune,30,4792320,0.7285714745521545,-0.02176694330735657
finetune,20,"biggrid50-goal(21,10)",finetune,40,4802560,0.7285714149475098,-0.021767167683389262
finetune,20,"biggrid50-goal(21,10)",finetune,50,4812800,0.7285714745521545,-0.02176694330735657
finetune,20,"biggrid50-goal(21,10)",finetune,60,4823040,0.7622448801994324,0.10499339885711824
finetune,20,"biggrid50-goal(21,10)",finetune,70,4833280,0.7979591488838196,0.2394363763809223
finetune,20,"biggrid50-goal(21,10)",finetune,80,4843520,0.7938774824142456,0.2240713300382965
finetune,20,"biggrid50-goal(21,10)",finetune,90,4853760,0.8010204434394836,0.25096032941991614
finetune,20,"biggrid50-goal(21,10)",finetune,100,4864000,0.7867347002029419,0.1971830037847749
finetune,20,"biggrid50-goal(21,10)",finetune,110,4874240,0.7867347002029419,0.1971830037847749
finetune,20,"biggrid50-goal(21,10)",finetune,120,4884480,0.803061306476593,0.2586429647792454
finetune,20,"biggrid50-goal(21,10)",finetune,130,4894720,0.8122448921203613,0.2932137020160635
finetune,20,"biggrid50-goal(21,10)",finetune,140,4904960,0.8030611872673035,0.25864251602718
finetune,20,"biggrid50-goal(21,10)",finetune,150,4915200,0.8142857551574707,0.3008963373753928
finetune,20,"biggrid50-goal(21,10)",finetune,160,4925440,0.813265323638916,0.2970550196957282
finetune,20,"biggrid50-goal(21,10)",finetune,170,4935680,0.8030611872673035,0.25864251602718
finetune,20,"biggrid50-goal(21,10)",finetune,180,4945920,0.8030611872673035,0.25864251602718
finetune,20,"biggrid50-goal(21,10)",finetune,190,4956160,0.8030611872673035,0.25864251602718
finetune,20,"biggrid50-goal(21,10)",finetune,200,4966400,0.813265323638916,0.2970550196957282
finetune,20,"biggrid50-goal(21,10)",finetune,210,4976640,0.8357143402099609,0.3815622136400883
finetune,20,"biggrid50-goal(21,10)",finetune,220,4986880,0.7714285850524902,0.13956458484600176
finetune,20,"biggrid50-goal(21,10)",finetune,230,4997120,0.7714285850524902,0.13956458484600176
finetune,20,"biggrid50-goal(21,10)",finetune,240,5007360,0.7785714268684387,0.166453135475556
finetune,20,"biggrid50-goal(21,10)",finetune,250,5017600,0.8040816187858582,0.26248383370684464
finetune,20,"biggrid50-goal(21,10)",finetune,260,5027840,0.8224489092826843,0.33162575693254626
finetune,20,"biggrid50-goal(21,10)",finetune,270,5038080,0.7612245082855225,0.10115230555348631
finetune,20,"biggrid50-goal(21,10)",finetune,280,5048320,0.8173469305038452,0.31241984166232123
finetune,20,"biggrid50-goal(21,10)",finetune,290,5058560,0.7857142686843872,0.1933416861051103
finetune,20,"biggrid50-goal(21,10)",finetune,300,5068800,0.7510204315185547,0.06274002626097086
finetune,20,"biggrid50-goal(21,10)",finetune,310,5079040,0.7346938848495483,0.0012802896425330797
finetune,20,"biggrid50-goal(21,10)",finetune,320,5089280,0.7520408630371094,0.06658134394063549
finetune,20,"biggrid50-goal(21,10)",finetune,330,5099520,0.7591836452484131,0.09346967019415707
finetune,20,"biggrid50-goal(21,10)",finetune,340,5109760,0.7714285254478455,0.13956436046996906
finetune,20,"biggrid50-goal(21,10)",finetune,350,5120000,0.7540816068649292,0.07426353054789935
finetune,20,"biggrid50-goal(21,10)",finetune,360,5130240,0.7377551794052124,0.012804242681526941
finetune,20,"biggrid50-goal(21,10)",finetune,370,5140480,0.767346978187561,0.12419976287940865
finetune,20,"biggrid50-goal(21,10)",finetune,380,5150720,0.7397959232330322,0.0204864292887908
finetune,20,"biggrid50-goal(21,10)",finetune,390,5160960,0.7530612349510193,0.07042243724426742
finetune,20,"biggrid50-goal(21,10)",finetune,400,5171200,0.7295918464660645,-0.017925850003724642
finetune,20,"biggrid50-goal(21,10)",finetune,410,5181440,0.8061224818229675,0.27016646906617386
finetune,20,"biggrid50-goal(21,10)",finetune,420,5191680,0.7122449278831482,-0.08322667992579436
finetune,20,"biggrid50-goal(21,10)",finetune,430,5201920,0.7704081535339355,0.13572326716633712
finetune,20,"biggrid50-goal(21,10)",finetune,440,5212160,0.7704081535339355,0.13572326716633712
finetune,20,"biggrid50-goal(21,10)",finetune,450,5222400,0.8061224818229675,0.27016646906617386
finetune,20,"biggrid50-goal(21,10)",finetune,460,5232640,0.8061224818229675,0.27016646906617386
finetune,20,"biggrid50-goal(21,10)",finetune,470,5242880,0.7704081535339355,0.13572326716633712
finetune,20,"biggrid50-goal(21,10)",finetune,480,5253120,0.7346938848495483,0.0012802896425330797
finetune,20,"biggrid50-goal(21,10)",finetune,490,5263360,0.7387755513191223,0.016645335985158872
finetune,20,"biggrid50-goal(21,10)",finetune,500,5273600,0.739795982837677,0.020486653664823492
finetune,21,"biggrid50-goal(40,3)",finetune,10,5283840,0.8489794731140137,0.6523098503454048
finetune,21,"biggrid50-goal(40,3)",finetune,20,5294080,0.9908161163330078,0.9788562127782962
finetune,21,"biggrid50-goal(40,3)",finetune,30,5304320,0.9938774108886719,0.9859041418521974
finetune,21,"biggrid50-goal(40,3)",finetune,40,5314560,0.9928569793701172,0.983554832160897
finetune,21,"biggrid50-goal(40,3)",finetune,50,5324800,0.9806119799613953,0.9553635275433919
finetune,21,"biggrid50-goal(40,3)",finetune,60,5335040,0.961224377155304,0.9107280156690174
finetune,21,"biggrid50-goal(40,3)",finetune,70,5345280,0.9469385147094727,0.8778380916689115
finetune,21,"biggrid50-goal(40,3)",finetune,80,5355520,0.9408161044120789,0.863742645199209
finetune,21,"biggrid50-goal(40,3)",finetune,90,5365760,0.9306119680404663,0.8402499599643047
finetune,21,"biggrid50-goal(40,3)",finetune,100,5376000,0.9469386339187622,0.8778383661209782
finetune,21,"biggrid50-goal(40,3)",finetune,110,5386240,0.9642855525016785,0.9177756702908519
finetune,21,"biggrid50-goal(40,3)",finetune,120,5396480,0.9204079508781433,0.8167575491814673
finetune,21,"biggrid50-goal(40,3)",finetune,130,5406720,0.9683670997619629,0.9271724973779536
finetune,21,"biggrid50-goal(40,3)",finetune,140,5416960,0.9479590654373169,0.8801876758122786
finetune,21,"biggrid50-goal(40,3)",finetune,150,5427200,0.9499998092651367,0.8848860207428128
finetune,22,"biggrid50-goal(15,38)",finetune,10,5437440,0.7816325426101685,-0.42350336040384684
finetune,22,"biggrid50-goal(15,38)",finetune,20,5447680,0.8183673024177551,-0.18403519671874446
finetune,22,"biggrid50-goal(15,38)",finetune,30,5457920,0.9040815234184265,0.3747224271841265
finetune,22,"biggrid50-goal(15,38)",finetune,40,5468160,0.9489795565605164,0.6674056951822102
finetune,22,"biggrid50-goal(15,38)",finetune,50,5478400,0.9163265228271484,0.454545666483658
finetune,22,"biggrid50-goal(15,38)",finetune,60,5488640,0.9183672070503235,0.467848568316814
finetune,22,"biggrid50-goal(15,38)",finetune,70,5498880,0.9173468351364136,0.4611969231235495
finetune,22,"biggrid50-goal(15,38)",finetune,80,5509120,0.9346938133239746,0.5742791654961497
finetune,22,"biggrid50-goal(15,38)",finetune,90,5519360,0.9204080700874329,0.4811526358100891
finetune,22,"biggrid50-goal(15,38)",finetune,100,5529600,0.9132652282714844,0.43458956524374537
finetune,22,"biggrid50-goal(15,38)",finetune,110,5539840,0.9265305399894714,0.5210640611831683
finetune,22,"biggrid50-goal(15,38)",finetune,120,5550080,0.9357142448425293,0.5809311992427871
finetune,22,"biggrid50-goal(15,38)",finetune,130,5560320,0.9234693646430969,0.5011087370500018
finetune,22,"biggrid50-goal(15,38)",finetune,140,5570560,0.928571343421936,0.5343677401230704
finetune,22,"biggrid50-goal(15,38)",finetune,150,5580800,0.9244896769523621,0.5077599936898932
finetune,23,"biggrid50-goal(40,45)",finetune,10,5591040,0.6795917749404907,0.28744316209310106
finetune,23,"biggrid50-goal(40,45)",finetune,20,5601280,0.6877550482749939,0.30559749078776216
finetune,23,"biggrid50-goal(40,45)",finetune,30,5611520,0.7183672785758972,0.37367612397652666
finetune,23,"biggrid50-goal(40,45)",finetune,40,5621760,0.7438775300979614,0.43040845085545004
finetune,23,"biggrid50-goal(40,45)",finetune,50,5632000,0.7377549409866333,0.41679240608581
finetune,23,"biggrid50-goal(40,45)",finetune,60,5642240,0.7918366193771362,0.5370648171185708
finetune,23,"biggrid50-goal(40,45)",finetune,70,5652480,0.7959182858467102,0.5461420477433778
finetune,23,"biggrid50-goal(40,45)",finetune,80,5662720,0.833673357963562,0.6301056688318635
finetune,23,"biggrid50-goal(40,45)",finetune,90,5672960,0.8214284777641296,0.6028742420673483
finetune,23,"biggrid50-goal(40,45)",finetune,100,5683200,0.833673357963562,0.6301056688318635
finetune,23,"biggrid50-goal(40,45)",finetune,110,5693440,0.8489795923233032,0.6641452505361517
finetune,23,"biggrid50-goal(40,45)",finetune,120,5703680,0.8948978185653687,0.7662629352093924
finetune,23,"biggrid50-goal(40,45)",finetune,130,5713920,0.8795917630195618,0.7322237511699632
finetune,23,"biggrid50-goal(40,45)",finetune,140,5724160,0.8775508999824524,0.7276850695800832
finetune,23,"biggrid50-goal(40,45)",finetune,150,5734400,0.861224353313446,0.6913764121907608
finetune,23,"biggrid50-goal(40,45)",finetune,160,5744640,0.8877550363540649,0.7503780798646242
finetune,23,"biggrid50-goal(40,45)",finetune,170,5754880,0.8928569555282593,0.7617242536195125
finetune,23,"biggrid50-goal(40,45)",finetune,180,5765120,0.8153060674667358,0.5892585949625672
finetune,23,"biggrid50-goal(40,45)",finetune,190,5775360,0.8346937894821167,0.6323750096268035
finetune,23,"biggrid50-goal(40,45)",finetune,200,5785600,0.9071427583694458,0.7934944945288606
finetune,23,"biggrid50-goal(40,45)",finetune,210,5795840,0.8867346048355103,0.7481087390696842
finetune,23,"biggrid50-goal(40,45)",finetune,220,5806080,0.8551019430160522,0.6777607650859798
finetune,23,"biggrid50-goal(40,45)",finetune,230,5816320,0.9316326379776001,0.8479576131677969
finetune,23,"biggrid50-goal(40,45)",finetune,240,5826560,0.8602040410041809,0.6891073365057269
finetune,23,"biggrid50-goal(40,45)",finetune,250,5836800,0.8683673143386841,0.7072616652003879
finetune,24,"biggrid50-goal(15,17)",finetune,10,5847040,0.8714284896850586,0.44574736430449524
finetune,24,"biggrid50-goal(15,17)",finetune,20,5857280,0.8714284896850586,0.44574736430449524
finetune,24,"biggrid50-goal(15,17)",finetune,30,5867520,0.873469352722168,0.45454522095750177
finetune,24,"biggrid50-goal(15,17)",finetune,40,5877760,0.8704080581665039,0.441348435977992
finetune,24,"biggrid50-goal(15,17)",finetune,50,5888000,0.9051019549369812,0.5909086587713783
finetune,24,"biggrid50-goal(15,17)",finetune,60,5898240,0.8897958993911743,0.5249265325010657
finetune,24,"biggrid50-goal(15,17)",finetune,70,5908480,0.9448978304862976,0.7624627523570368
finetune,24,"biggrid50-goal(15,17)",finetune,80,5918720,0.9448978304862976,0.7624627523570368
finetune,24,"biggrid50-goal(15,17)",finetune,90,5928960,0.9357141256332397,0.7228731682587516
finetune,24,"biggrid50-goal(15,17)",finetune,100,5939200,0.9061223864555359,0.5953075870978816
finetune,24,"biggrid50-goal(15,17)",finetune,110,5949440,0.9030610918998718,0.5821108021183717
finetune,24,"biggrid50-goal(15,17)",finetune,120,5959680,0.911224365234375,0.6173014578901537
finetune,24,"biggrid50-goal(15,17)",finetune,130,5969920,0.883673369884491,0.49853321948879414
finetune,24,"biggrid50-goal(15,17)",finetune,140,5980160,0.8673468828201294,0.4281521648919783
finetune,24,"biggrid50-goal(15,17)",finetune,150,5990400,0.8663265109062195,0.4237534935122231
finetune,25,"biggrid50-goal(15,24)",finetune,10,6000640,0.8673469424247742,0.187500228173973
finetune,25,"biggrid50-goal(15,24)",finetune,20,6010880,0.9153060913085938,0.481249940674767
finetune,25,"biggrid50-goal(15,24)",finetune,30,6021120,0.9102040529251099,0.4499999634921643
finetune,25,"biggrid50-goal(15,24)",finetune,40,6031360,0.946938693523407,0.6749995801598897
finetune,25,"biggrid50-goal(15,24)",finetune,50,6041600,0.9530612230300903,0.7125000638887125
finetune,25,"biggrid50-goal(15,24)",finetune,60,6051840,0.9204080700874329,0.5124995527790129
finetune,25,"biggrid50-goal(15,24)",finetune,70,6062080,0.9091836214065552,0.4437498220243011
finetune,25,"biggrid50-goal(15,24)",finetune,80,6072320,0.9295917749404907,0.5687497307547119
finetune,25,"biggrid50-goal(15,24)",finetune,90,6082560,0.9255101084709167,0.5437495299616156
finetune,25,"biggrid50-goal(15,24)",finetune,100,6092800,0.9326530694961548,0.5875001551583017
finetune,25,"biggrid50-goal(15,24)",finetune,110,6103040,0.9408162832260132,0.6374998265877805
finetune,25,"biggrid50-goal(15,24)",finetune,120,6113280,0.9132652282714844,0.46874965773904054
finetune,25,"biggrid50-goal(15,24)",finetune,130,6123520,0.8959182500839233,0.3624994432555059
finetune,25,"biggrid50-goal(15,24)",finetune,140,6133760,0.896938681602478,0.36874958472336916
finetune,25,"biggrid50-goal(15,24)",finetune,150,6144000,0.9448978304862976,0.6624992972241632
finetune,26,"biggrid50-goal(21,38)",finetune,10,6154240,0.8459183573722839,0.11523387564623196
finetune,26,"biggrid50-goal(21,38)",finetune,20,6164480,0.8377550840377808,0.06835880612442222
finetune,26,"biggrid50-goal(21,38)",finetune,30,6174720,0.8683673739433289,0.24414040239651305
finetune,26,"biggrid50-goal(21,38)",finetune,40,6184960,0.8673468828201294,0.2382805480971132
finetune,26,"biggrid50-goal(21,38)",finetune,50,6195200,0.8918366432189941,0.37890541440132525
finetune,26,"biggrid50-goal(21,38)",finetune,60,6205440,0.8765305280685425,0.29101478739588843
finetune,26,"biggrid50-goal(21,38)",finetune,70,6215680,0.896938681602478,0.4082022900698042
finetune,26,"biggrid50-goal(21,38)",finetune,80,6225920,0.8775509595870972,0.29687429943407107
finetune,26,"biggrid50-goal(21,38)",finetune,90,6236160,0.8744896650314331,0.2792957633195231
finetune,26,"biggrid50-goal(21,38)",finetune,100,6246400,0.8306121826171875,0.027342906379577956
finetune,26,"biggrid50-goal(21,38)",finetune,110,6256640,0.9285714030265808,0.5898433983800777
finetune,26,"biggrid50-goal(21,38)",finetune,120,6266880,0.9306122064590454,0.6015620801952258
finetune,26,"biggrid50-goal(21,38)",finetune,130,6277120,0.9224489331245422,0.5546870106734161
finetune,26,"biggrid50-goal(21,38)",finetune,140,6287360,0.9091836214065552,0.4785150654831274
finetune,26,"biggrid50-goal(21,38)",finetune,150,6297600,0.9877551198005676,0.929687566847894
finetune,26,"biggrid50-goal(21,38)",finetune,160,6307840,0.9877551198005676,0.929687566847894
finetune,26,"biggrid50-goal(21,38)",finetune,170,6318080,0.9622448682785034,0.783202846244282
finetune,26,"biggrid50-goal(21,38)",finetune,180,6328320,0.9326530694961548,0.6132811042715911
finetune,26,"biggrid50-goal(21,38)",finetune,190,6338560,0.9622448682785034,0.783202846244282
finetune,26,"biggrid50-goal(21,38)",finetune,200,6348800,0.9622448682785034,0.783202846244282
finetune,26,"biggrid50-goal(21,38)",finetune,210,6359040,0.9132652282714844,0.5019524291134236
finetune,26,"biggrid50-goal(21,38)",finetune,220,6369280,0.8591836094856262,0.19140547857530346
finetune,26,"biggrid50-goal(21,38)",finetune,230,6379520,0.9255102276802063,0.572265546787964
finetune,26,"biggrid50-goal(21,38)",finetune,240,6389760,0.8928570747375488,0.3847649264395079
finetune,26,"biggrid50-goal(21,38)",finetune,250,6400000,0.8785713911056519,0.30273381147225376
finetune,27,"biggrid50-goal(33,17)",finetune,10,6410240,0.9755101203918457,0.9070964684303185
finetune,27,"biggrid50-goal(33,17)",finetune,20,6420480,0.971428394317627,0.8916122450179376
finetune,27,"biggrid50-goal(33,17)",finetune,30,6430720,0.9540814161300659,0.8258056521937717
finetune,27,"biggrid50-goal(33,17)",finetune,40,6440960,0.9448978304862976,0.7909672800812921
finetune,27,"biggrid50-goal(33,17)",finetune,50,6451200,0.9438775181770325,0.787096676454348
finetune,27,"biggrid50-goal(33,17)",finetune,60,6461440,0.9244896769523621,0.7135479719239917
finetune,27,"biggrid50-goal(33,17)",finetune,70,6471680,0.9214285016059875,0.701935256590857
finetune,27,"biggrid50-goal(33,17)",finetune,80,6481920,0.9234692454338074,0.7096769160708964
finetune,27,"biggrid50-goal(33,17)",finetune,90,6492160,0.9214285016059875,0.701935256590857
finetune,27,"biggrid50-goal(33,17)",finetune,100,6502400,0.9224489331245422,0.7058063124439522
finetune,27,"biggrid50-goal(33,17)",finetune,110,6512640,0.9244896769523621,0.7135479719239917
finetune,27,"biggrid50-goal(33,17)",finetune,120,6522880,0.9326529502868652,0.744515740409527
finetune,27,"biggrid50-goal(33,17)",finetune,130,6533120,0.938775360584259,0.7677413971888718
finetune,27,"biggrid50-goal(33,17)",finetune,140,6543360,0.9448978304862976,0.7909672800812921
finetune,27,"biggrid50-goal(33,17)",finetune,150,6553600,0.9397957921028137,0.771612453041967
finetune,28,"biggrid50-goal(27,17)",finetune,10,6563840,0.8061224222183228,0.25974002920324657
finetune,28,"biggrid50-goal(27,17)",finetune,20,6574080,0.7999999523162842,0.2363633218875056
finetune,28,"biggrid50-goal(27,17)",finetune,30,6584320,0.8030611872673035,0.2480516755453761
finetune,28,"biggrid50-goal(27,17)",finetune,40,6594560,0.8061224222183228,0.25974002920324657
finetune,28,"biggrid50-goal(27,17)",finetune,50,6604800,0.8061224222183228,0.25974002920324657
finetune,28,"biggrid50-goal(27,17)",finetune,60,6615040,0.8061224222183228,0.25974002920324657
finetune,28,"biggrid50-goal(27,17)",finetune,70,6625280,0.8030611872673035,0.2480516755453761
finetune,28,"biggrid50-goal(27,17)",finetune,80,6635520,0.8122448921203613,0.28311673651898756
finetune,28,"biggrid50-goal(27,17)",finetune,90,6645760,0.8051019906997681,0.2558438354568196
finetune,28,"biggrid50-goal(27,17)",finetune,100,6656000,0.8051020503044128,0.25584406303823004
finetune,28,"biggrid50-goal(27,17)",finetune,110,6666240,0.7979591488838196,0.2285711619760621
finetune,28,"biggrid50-goal(27,17)",finetune,120,6676480,0.7969387769699097,0.22467519581104553
finetune,28,"biggrid50-goal(27,17)",finetune,130,6686720,0.7979591488838196,0.2285711619760621
finetune,28,"biggrid50-goal(27,17)",finetune,140,6696960,0.7969387769699097,0.22467519581104553
finetune,28,"biggrid50-goal(27,17)",finetune,150,6707200,0.8061224222183228,0.25974002920324657
finetune,28,"biggrid50-goal(27,17)",finetune,160,6717440,0.8051019906997681,0.2558438354568196
finetune,28,"biggrid50-goal(27,17)",finetune,170,6727680,0.8061224222183228,0.25974002920324657
finetune,28,"biggrid50-goal(27,17)",finetune,180,6737920,0.8061224222183228,0.25974002920324657
finetune,28,"biggrid50-goal(27,17)",finetune,190,6748160,0.8020407557487488,0.2441554817989491
finetune,28,"biggrid50-goal(27,17)",finetune,200,6758400,0.7969387769699097,0.22467519581104553
finetune,28,"biggrid50-goal(27,17)",finetune,210,6768640,0.7979592084884644,0.2285713895574725
finetune,28,"biggrid50-goal(27,17)",finetune,220,6778880,0.7918367385864258,0.2051946822417315
finetune,28,"biggrid50-goal(27,17)",finetune,230,6789120,0.8020407557487488,0.2441554817989491
finetune,28,"biggrid50-goal(27,17)",finetune,240,6799360,0.8346937894821167,0.36883072312627674
finetune,28,"biggrid50-goal(27,17)",finetune,250,6809600,0.8010203242301941,0.24025928805252214
finetune,28,"biggrid50-goal(27,17)",finetune,260,6819840,0.810204029083252,0.2753243490261336
finetune,28,"biggrid50-goal(27,17)",finetune,270,6830080,0.8010203242301941,0.24025928805252214
finetune,28,"biggrid50-goal(27,17)",finetune,280,6840320,0.7969387769699097,0.22467519581104553
finetune,28,"biggrid50-goal(27,17)",finetune,290,6850560,0.7969387769699097,0.22467519581104553
finetune,28,"biggrid50-goal(27,17)",finetune,300,6860800,0.7979591488838196,0.2285711619760621
finetune,28,"biggrid50-goal(27,17)",finetune,310,6871040,0.8142856359481812,0.29090866884902067
finetune,28,"biggrid50-goal(27,17)",finetune,320,6881280,0.7979591488838196,0.2285711619760621
finetune,28,"biggrid50-goal(27,17)",finetune,330,6891520,0.7979591488838196,0.2285711619760621
finetune,28,"biggrid50-goal(27,17)",finetune,340,6901760,0.7989795804023743,0.23246735572248906
finetune,28,"biggrid50-goal(27,17)",finetune,350,6912000,0.7979591488838196,0.2285711619760621
finetune,28,"biggrid50-goal(27,17)",finetune,360,6922240,0.7979592084884644,0.2285713895574725
finetune,28,"biggrid50-goal(27,17)",finetune,370,6932480,0.7989795804023743,0.23246735572248906
finetune,28,"biggrid50-goal(27,17)",finetune,380,6942720,0.823469340801239,0.3259737298226322
finetune,28,"biggrid50-goal(27,17)",finetune,390,6952960,0.8306121826171875,0.3532464033033897
finetune,28,"biggrid50-goal(27,17)",finetune,400,6963200,0.8999999165534973,0.6181814333623423
finetune,28,"biggrid50-goal(27,17)",finetune,410,6973440,0.8173468708992004,0.3025970225068912
finetune,28,"biggrid50-goal(27,17)",finetune,420,6983680,0.8520407676696777,0.4350646513270727
finetune,28,"biggrid50-goal(27,17)",finetune,430,6993920,0.8193877339363098,0.3103894099997451
finetune,28,"biggrid50-goal(27,17)",finetune,440,7004160,0.8193877339363098,0.3103894099997451
finetune,28,"biggrid50-goal(27,17)",finetune,450,7014400,0.8520407676696777,0.4350646513270727
finetune,28,"biggrid50-goal(27,17)",finetune,460,7024640,0.8193877339363098,0.3103894099997451
finetune,28,"biggrid50-goal(27,17)",finetune,470,7034880,0.8214284777641296,0.3181813423297782
finetune,28,"biggrid50-goal(27,17)",finetune,480,7045120,0.8193877339363098,0.3103894099997451
finetune,28,"biggrid50-goal(27,17)",finetune,490,7055360,0.8193877339363098,0.3103894099997451
finetune,28,"biggrid50-goal(27,17)",finetune,500,7065600,0.8020407557487488,0.2441554817989491
finetune,29,"biggrid50-goal(3,3)",finetune,10,7075840,0.5989795327186584,-0.2345549138739203
finetune,29,"biggrid50-goal(3,3)",finetune,20,7086080,0.6244897246360779,-0.15602093529915081
finetune,29,"biggrid50-goal(3,3)",finetune,30,7096320,0.6326529383659363,-0.1308902089511377
finetune,29,"biggrid50-goal(3,3)",finetune,40,7106560,0.6959182620048523,0.06387420471020376
finetune,29,"biggrid50-goal(3,3)",finetune,50,7116800,0.696938693523407,0.0670156372511511
finetune,29,"biggrid50-goal(3,3)",finetune,60,7127040,0.7214284539222717,0.14240818328497326
finetune,29,"biggrid50-goal(3,3)",finetune,70,7137280,0.6765305995941162,0.004188637886226929
finetune,29,"biggrid50-goal(3,3)",finetune,80,7147520,0.6826530694961548,0.02303686614212817
finetune,29,"biggrid50-goal(3,3)",finetune,90,7157760,0.6785714030265808,0.010471319473230205
finetune,29,"biggrid50-goal(3,3)",finetune,100,7168000,0.6734693050384521,-0.005235659736615102
finetune,29,"biggrid50-goal(3,3)",finetune,110,7178240,0.6744897365570068,-0.002094227195667759
finetune,29,"biggrid50-goal(3,3)",finetune,120,7188480,0.6704080700874329,-0.014659773864565724
finetune,29,"biggrid50-goal(3,3)",finetune,130,7198720,0.6846938133239746,0.029319364234240038
finetune,29,"biggrid50-goal(3,3)",finetune,140,7208960,0.7081631422042847,0.10157047772711483
finetune,29,"biggrid50-goal(3,3)",finetune,150,7219200,0.7091835737228394,0.10471191026806219
finetune,29,"biggrid50-goal(3,3)",finetune,160,7229440,0.7173467874526978,0.12984263661607529
finetune,29,"biggrid50-goal(3,3)",finetune,170,7239680,0.6979590654373169,0.07015688629720704
finetune,29,"biggrid50-goal(3,3)",finetune,180,7249920,0.6683672666549683,-0.020942455451569
finetune,29,"biggrid50-goal(3,3)",finetune,190,7260160,0.7193876504898071,0.13612550169796997
finetune,29,"biggrid50-goal(3,3)",finetune,200,7270400,0.7306121587753296,0.1706805256688251
finetune,29,"biggrid50-goal(3,3)",finetune,210,7280640,0.6867345571517944,0.0356018623263519
finetune,29,"biggrid50-goal(3,3)",finetune,220,7290880,0.7530611157417297,0.239790390115644
finetune,29,"biggrid50-goal(3,3)",finetune,230,7301120,0.7459182739257812,0.2178009128136868
finetune,29,"biggrid50-goal(3,3)",finetune,240,7311360,0.7275508642196655,0.16125622804598308
finetune,29,"biggrid50-goal(3,3)",finetune,250,7321600,0.7061223983764648,0.09528797963500298
finetune,29,"biggrid50-goal(3,3)",finetune,260,7331840,0.7673468589782715,0.28376952821444973
finetune,29,"biggrid50-goal(3,3)",finetune,270,7342080,0.7489794492721558,0.227224843446746
finetune,29,"biggrid50-goal(3,3)",finetune,280,7352320,0.7469386458396912,0.22094216185974275
finetune,29,"biggrid50-goal(3,3)",finetune,290,7362560,0.7602039575576782,0.2617798674176012
finetune,29,"biggrid50-goal(3,3)",finetune,300,7372800,0.7357141375541687,0.1863871378888876
finetune,29,"biggrid50-goal(3,3)",finetune,310,7383040,0.7857141494750977,0.34031384599237063
finetune,29,"biggrid50-goal(3,3)",finetune,320,7393280,0.7653059959411621,0.27748666313255504
finetune,29,"biggrid50-goal(3,3)",finetune,330,7403520,0.760204017162323,0.26178005091249257
finetune,29,"biggrid50-goal(3,3)",finetune,340,7413760,0.7438775300979614,0.21151841472157495
finetune,29,"biggrid50-goal(3,3)",finetune,350,7424000,0.7408162951469421,0.20209430059362432
finetune,29,"biggrid50-goal(3,3)",finetune,360,7434240,0.7653059959411621,0.27748666313255504
finetune,29,"biggrid50-goal(3,3)",finetune,370,7444480,0.7969386577606201,0.37486886996322577
finetune,29,"biggrid50-goal(3,3)",finetune,380,7454720,0.7724488973617554,0.29947632392940365
finetune,29,"biggrid50-goal(3,3)",finetune,390,7464960,0.7785713076591492,0.3183243686904135
finetune,29,"biggrid50-goal(3,3)",finetune,400,7475200,0.7795917391777039,0.3214658012313608
finetune,29,"biggrid50-goal(3,3)",finetune,410,7485440,0.7918366193771362,0.3591620742482719
finetune,29,"biggrid50-goal(3,3)",finetune,420,7495680,0.8224489092826843,0.4534030320328867
finetune,29,"biggrid50-goal(3,3)",finetune,430,7505920,0.7918366193771362,0.3591620742482719
finetune,29,"biggrid50-goal(3,3)",finetune,440,7516160,0.787755012512207,0.3465967110742653
finetune,29,"biggrid50-goal(3,3)",finetune,450,7526400,0.7816325426101685,0.3277484828183641
finetune,29,"biggrid50-goal(3,3)",finetune,460,7536640,0.7693876624107361,0.290052209801453
finetune,29,"biggrid50-goal(3,3)",finetune,470,7546880,0.7755101323127747,0.3089004380573543
finetune,29,"biggrid50-goal(3,3)",finetune,480,7557120,0.7663264274597168,0.2806280956735024
finetune,29,"biggrid50-goal(3,3)",finetune,490,7567360,0.7448979616165161,0.2146598472625223
finetune,29,"biggrid50-goal(3,3)",finetune,500,7577600,0.741836667060852,0.20523554963968027
finetune,30,"biggrid50-goal(9,10)",finetune,10,7587840,0.9999998807907104,0.9999994109662186
finetune,30,"biggrid50-goal(9,10)",finetune,20,7598080,0.988775372505188,0.9445371681788637
finetune,30,"biggrid50-goal(9,10)",finetune,30,7608320,0.9999998807907104,0.9999994109662186
finetune,30,"biggrid50-goal(9,10)",finetune,40,7618560,0.9999998807907104,0.9999994109662186
finetune,30,"biggrid50-goal(9,10)",finetune,50,7628800,0.9999998807907104,0.9999994109662186
finetune,30,"biggrid50-goal(9,10)",finetune,60,7639040,0.9999998807907104,0.9999994109662186
finetune,30,"biggrid50-goal(9,10)",finetune,70,7649280,0.9999998807907104,0.9999994109662186
finetune,30,"biggrid50-goal(9,10)",finetune,80,7659520,0.9999998807907104,0.9999994109662186
finetune,30,"biggrid50-goal(9,10)",finetune,90,7669760,0.9999998211860657,0.9999991164493279
finetune,30,"biggrid50-goal(9,10)",finetune,100,7680000,0.9959181547164917,0.9798308942917031
finetune,30,"biggrid50-goal(9,10)",finetune,110,7690240,0.9999998211860657,0.9999991164493279
finetune,30,"biggrid50-goal(9,10)",finetune,120,7700480,0.9959182739257812,0.9798314833254844
finetune,30,"biggrid50-goal(9,10)",finetune,130,7710720,0.9999998211860657,0.9999991164493279
finetune,30,"biggrid50-goal(9,10)",finetune,140,7720960,0.9999998807907104,0.9999994109662186
finetune,30,"biggrid50-goal(9,10)",finetune,150,7731200,0.9867345690727234,0.9344532043584965
finetune,31,"biggrid50-goal(46,17)",finetune,10,7741440,0.7591836452484131,0.3301796078389763
finetune,31,"biggrid50-goal(46,17)",finetune,20,7751680,0.7857142686843872,0.4039734023364139
finetune,31,"biggrid50-goal(46,17)",finetune,30,7761920,0.7632652521133423,0.341532422782688
finetune,31,"biggrid50-goal(46,17)",finetune,40,7772160,0.7663265466690063,0.3500472826721275
finetune,31,"biggrid50-goal(46,17)",finetune,50,7782400,0.7632653117179871,0.3415325885704585
finetune,31,"biggrid50-goal(46,17)",finetune,60,7792640,0.7551019787788391,0.31882662710749415
finetune,31,"biggrid50-goal(46,17)",finetune,70,7802880,0.768367350101471,0.35572369014398336
finetune,31,"biggrid50-goal(46,17)",finetune,80,7813120,0.7704080939292908,0.3613999318280688
finetune,31,"biggrid50-goal(46,17)",finetune,90,7823360,0.7826529741287231,0.3954585424469744
finetune,31,"biggrid50-goal(46,17)",finetune,100,7833600,0.8183671832084656,0.4947960876738782
finetune,31,"biggrid50-goal(46,17)",finetune,110,7843840,0.8010203242301941,0.4465465412692181
finetune,31,"biggrid50-goal(46,17)",finetune,120,7854080,0.8132652044296265,0.48060515188812375
finetune,31,"biggrid50-goal(46,17)",finetune,130,7864320,0.8357141613960266,0.5430459656540791
finetune,31,"biggrid50-goal(46,17)",finetune,140,7874560,0.8826529383659363,0.6736041664456163
finetune,31,"biggrid50-goal(46,17)",finetune,150,7884800,0.8755100965499878,0.6537366574002356
finetune,31,"biggrid50-goal(46,17)",finetune,160,7895040,0.8928569555282593,0.7019862038048956
finetune,31,"biggrid50-goal(46,17)",finetune,170,7905280,0.9948978424072266,0.9858085668509342
finetune,31,"biggrid50-goal(46,17)",finetune,180,7915520,0.964285671710968,0.9006621231975553
finetune,31,"biggrid50-goal(46,17)",finetune,190,7925760,0.9510202407836914,0.8637648943732957
finetune,31,"biggrid50-goal(46,17)",finetune,200,7936000,0.9999998807907104,0.9999996684244591
finetune,31,"biggrid50-goal(46,17)",finetune,210,7946240,0.9418367147445679,0.8382213094315999
finetune,31,"biggrid50-goal(46,17)",finetune,220,7956480,0.9551018476486206,0.8751177093170074
finetune,31,"biggrid50-goal(46,17)",finetune,230,7966720,0.9153059124946594,0.7644270175708511
finetune,31,"biggrid50-goal(46,17)",finetune,240,7976960,0.9224488139152527,0.7842946924040023
finetune,31,"biggrid50-goal(46,17)",finetune,250,7987200,0.9530611038208008,0.869441467632922
finetune,32,"biggrid50-goal(40,10)",finetune,10,7997440,0.7051019668579102,0.14243302662988352
finetune,32,"biggrid50-goal(40,10)",finetune,20,8007680,0.7051019668579102,0.14243302662988352
finetune,32,"biggrid50-goal(40,10)",finetune,30,8017920,0.7153060436248779,0.17210660273294476
finetune,32,"biggrid50-goal(40,10)",finetune,40,8028160,0.7112244367599487,0.16023724162412545
finetune,32,"biggrid50-goal(40,10)",finetune,50,8038400,0.7081631422042847,0.15133496079599149
finetune,32,"biggrid50-goal(40,10)",finetune,60,8048640,0.7081631422042847,0.15133496079599149
finetune,32,"biggrid50-goal(40,10)",finetune,70,8058880,0.7040815949440002,0.1394657730181852
finetune,32,"biggrid50-goal(40,10)",finetune,80,8069120,0.7071427702903748,0.14836770718429315
finetune,32,"biggrid50-goal(40,10)",finetune,90,8079360,0.7051019668579102,0.14243302662988352
finetune,32,"biggrid50-goal(40,10)",finetune,100,8089600,0.7051019668579102,0.14243302662988352
finetune,32,"biggrid50-goal(40,10)",finetune,110,8099840,0.7020407915115356,0.13353109246377556
finetune,32,"biggrid50-goal(40,10)",finetune,120,8110080,0.7051019668579102,0.14243302662988352
finetune,32,"biggrid50-goal(40,10)",finetune,130,8120320,0.6979591250419617,0.12166155802394325
finetune,32,"biggrid50-goal(40,10)",finetune,140,8130560,0.7020407915115356,0.13353109246377556
finetune,32,"biggrid50-goal(40,10)",finetune,150,8140800,0.7051019668579102,0.14243302662988352
finetune,32,"biggrid50-goal(40,10)",finetune,160,8151040,0.7081631422042847,0.15133496079599149
finetune,32,"biggrid50-goal(40,10)",finetune,170,8161280,0.7081631422042847,0.15133496079599149
finetune,32,"biggrid50-goal(40,10)",finetune,180,8171520,0.7051019668579102,0.14243302662988352
finetune,32,"biggrid50-goal(40,10)",finetune,190,8181760,0.6999999284744263,0.1275962385783529
finetune,32,"biggrid50-goal(40,10)",finetune,200,8192000,0.6999999284744263,0.1275962385783529
finetune,32,"biggrid50-goal(40,10)",finetune,210,8202240,0.6959183216094971,0.11572687746953361
finetune,32,"biggrid50-goal(40,10)",finetune,220,8212480,0.6948978900909424,0.11275945052682228
finetune,32,"biggrid50-goal(40,10)",finetune,230,8222720,0.6999999284744263,0.1275962385783529
finetune,32,"biggrid50-goal(40,10)",finetune,240,8232960,0.6938775181770325,0.10979219691512396
finetune,32,"biggrid50-goal(40,10)",finetune,250,8243200,0.7040815949440002,0.1394657730181852
finetune,32,"biggrid50-goal(40,10)",finetune,260,8253440,0.7030612230300903,0.13649851940648688
finetune,32,"biggrid50-goal(40,10)",finetune,270,8263680,0.7173469066619873,0.1780414566183674
finetune,32,"biggrid50-goal(40,10)",finetune,280,8273920,0.7081632018089294,0.1513351341270045
finetune,32,"biggrid50-goal(40,10)",finetune,290,8284160,0.7081632018089294,0.1513351341270045
finetune,32,"biggrid50-goal(40,10)",finetune,300,8294400,0.7081632018089294,0.1513351341270045
finetune,32,"biggrid50-goal(40,10)",finetune,310,8304640,0.7081632018089294,0.1513351341270045
finetune,32,"biggrid50-goal(40,10)",finetune,320,8314880,0.7081632018089294,0.1513351341270045
finetune,32,"biggrid50-goal(40,10)",finetune,330,8325120,0.7387754917144775,0.2403560357672012
finetune,32,"biggrid50-goal(40,10)",finetune,340,8335360,0.7081632018089294,0.1513351341270045
finetune,32,"biggrid50-goal(40,10)",finetune,350,8345600,0.7122448682785034,0.1632046685668368
finetune,32,"biggrid50-goal(40,10)",finetune,360,8355840,0.6979591846466064,0.12166173135495627
finetune,32,"biggrid50-goal(40,10)",finetune,370,8366080,0.6908162832260132,0.100890089418003
finetune,32,"biggrid50-goal(40,10)",finetune,380,8376320,0.6959183812141418,0.11572705080054661
finetune,32,"biggrid50-goal(40,10)",finetune,390,8386560,0.6979591846466064,0.12166173135495627
finetune,32,"biggrid50-goal(40,10)",finetune,400,8396800,0.6989795565605164,0.12462898496665457
finetune,32,"biggrid50-goal(40,10)",finetune,410,8407040,0.6948979496955872,0.11275962385783529
finetune,32,"biggrid50-goal(40,10)",finetune,420,8417280,0.6989795565605164,0.12462898496665457
finetune,32,"biggrid50-goal(40,10)",finetune,430,8427520,0.6979591250419617,0.12166155802394325
finetune,32,"biggrid50-goal(40,10)",finetune,440,8437760,0.7040815949440002,0.1394657730181852
finetune,32,"biggrid50-goal(40,10)",finetune,450,8448000,0.6959183812141418,0.11572705080054661
finetune,32,"biggrid50-goal(40,10)",finetune,460,8458240,0.6959183812141418,0.11572705080054661
finetune,32,"biggrid50-goal(40,10)",finetune,470,8468480,0.7020407915115356,0.13353109246377556
finetune,32,"biggrid50-goal(40,10)",finetune,480,8478720,0.7020407915115356,0.13353109246377556
finetune,32,"biggrid50-goal(40,10)",finetune,490,8488960,0.7020407915115356,0.13353109246377556
finetune,32,"biggrid50-goal(40,10)",finetune,500,8499200,0.7020407915115356,0.13353109246377556
finetune,33,"biggrid50-goal(46,38)",finetune,10,8509440,0.7857142686843872,0.43243247510046956
finetune,33,"biggrid50-goal(46,38)",finetune,20,8519680,0.7540816068649292,0.3486486810763569
finetune,33,"biggrid50-goal(46,38)",finetune,30,8529920,0.7244897484779358,0.2702702574698591
finetune,33,"biggrid50-goal(46,38)",finetune,40,8540160,0.7336733937263489,0.2945945032849951
finetune,33,"biggrid50-goal(46,38)",finetune,50,8550400,0.7306121587753296,0.286486368722704
finetune,33,"biggrid50-goal(46,38)",finetune,60,8560640,0.8693876266479492,0.6540537673248444
finetune,33,"biggrid50-goal(46,38)",finetune,70,8570880,0.9244896769523621,0.7999997158308726
finetune,33,"biggrid50-goal(46,38)",finetune,80,8581120,0.9204080700874329,0.7891889749956428
finetune,33,"biggrid50-goal(46,38)",finetune,90,8591360,0.9081631898880005,0.7567565946182156
finetune,33,"biggrid50-goal(46,38)",finetune,100,8601600,0.9102039337158203,0.7621618071640931
finetune,33,"biggrid50-goal(46,38)",finetune,110,8611840,0.9561222195625305,0.8837831941115105
finetune,33,"biggrid50-goal(46,38)",finetune,120,8622080,0.9295917749404907,0.8135133786825162
finetune,33,"biggrid50-goal(46,38)",finetune,130,8632320,0.9581630825996399,0.8891887224008629
finetune,33,"biggrid50-goal(46,38)",finetune,140,8642560,0.9918365478515625,0.9783778868425905
finetune,33,"biggrid50-goal(46,38)",finetune,150,8652800,0.9897956848144531,0.9729723585532382
finetune,33,"biggrid50-goal(46,38)",finetune,160,8663040,0.9846936464309692,0.959458853573332
finetune,33,"biggrid50-goal(46,38)",finetune,170,8673280,0.9857140779495239,0.9621616177180082
finetune,33,"biggrid50-goal(46,38)",finetune,180,8683520,0.9357141256332397,0.8297293320636235
finetune,33,"biggrid50-goal(46,38)",finetune,190,8693760,0.9897956848144531,0.9729723585532382
finetune,33,"biggrid50-goal(46,38)",finetune,200,8704000,0.9877549409866333,0.9675671460073606
finetune,34,"biggrid50-goal(27,31)",finetune,10,8714240,0.9377549886703491,0.6749551245478606
finetune,34,"biggrid50-goal(27,31)",finetune,20,8724480,0.901020348072052,0.48312598960215464
finetune,34,"biggrid50-goal(27,31)",finetune,30,8734720,0.9142856597900391,0.5523977513562238
finetune,34,"biggrid50-goal(27,31)",finetune,40,8744960,0.9061223864555359,0.5097689509493488
finetune,34,"biggrid50-goal(27,31)",finetune,50,8755200,0.9163264036178589,0.5630545623869165
finetune,34,"biggrid50-goal(27,31)",finetune,60,8765440,0.936734676361084,0.669627030289335
finetune,34,"biggrid50-goal(27,31)",finetune,70,8775680,0.9275509119033813,0.6216692018534721
finetune,34,"biggrid50-goal(27,31)",finetune,80,8785920,0.9408162236213684,0.6909409636075412
finetune,34,"biggrid50-goal(27,31)",finetune,90,8796160,0.9020406603813171,0.4884540838606802
finetune,34,"biggrid50-goal(27,31)",finetune,100,8806400,0.8857141733169556,0.40319679430375116
finetune,34,"biggrid50-goal(27,31)",finetune,110,8816640,0.8928570747375488,0.44049718919527975
finetune,34,"biggrid50-goal(27,31)",finetune,120,8826880,0.8918366432189941,0.4351684724231126
finetune,34,"biggrid50-goal(27,31)",finetune,130,8837120,0.8928570747375488,0.44049718919527975
finetune,34,"biggrid50-goal(27,31)",finetune,140,8847360,0.9122447967529297,0.5417403178118895
finetune,34,"biggrid50-goal(27,31)",finetune,150,8857600,0.8704080581665039,0.3232679102621685
finetune,35,"biggrid50-goal(21,31)",finetune,10,8867840,0.9183672666549683,0.5959593873647219
finetune,35,"biggrid50-goal(21,31)",finetune,20,8878080,0.9306120872497559,0.656565036740888
finetune,35,"biggrid50-goal(21,31)",finetune,30,8888320,0.949999988079071,0.7525253091438612
finetune,35,"biggrid50-goal(21,31)",finetune,40,8898560,0.9999998807907104,0.9999994099744991
finetune,35,"biggrid50-goal(21,31)",finetune,50,8908800,0.9428570866584778,0.7171715711553054
finetune,35,"biggrid50-goal(21,31)",finetune,60,8919040,0.964285671710968,0.8232321950954721
finetune,35,"biggrid50-goal(21,31)",finetune,70,8929280,0.9714285135269165,0.8585856380712774
finetune,35,"biggrid50-goal(21,31)",finetune,80,8939520,0.9418366551399231,0.7121209528675829
finetune,35,"biggrid50-goal(21,31)",finetune,90,8949760,0.9428571462631226,0.7171718661680558
finetune,35,"biggrid50-goal(21,31)",finetune,100,8960000,0.9459183812141418,0.7323234260184726
finetune,35,"biggrid50-goal(21,31)",finetune,110,8970240,0.9418366551399231,0.7121209528675829
finetune,35,"biggrid50-goal(21,31)",finetune,120,8980480,0.9428570866584778,0.7171715711553054
finetune,35,"biggrid50-goal(21,31)",finetune,130,8990720,1.0,1.0
finetune,35,"biggrid50-goal(21,31)",finetune,140,9000960,0.9999998807907104,0.9999994099744991
finetune,35,"biggrid50-goal(21,31)",finetune,150,9011200,0.9653061032295227,0.8282828133831944
finetune,36,"biggrid50-goal(46,10)",finetune,10,9021440,0.6887754797935486,0.2778215372478227
finetune,36,"biggrid50-goal(46,10)",finetune,20,9031680,0.741836667060852,0.40094694724793195
finetune,36,"biggrid50-goal(46,10)",finetune,30,9041920,0.8979591131210327,0.7632200355703405
finetune,36,"biggrid50-goal(46,10)",finetune,40,9052160,0.802040696144104,0.5406469077330153
finetune,36,"biggrid50-goal(46,10)",finetune,50,9062400,0.8673467636108398,0.6921858526086692
finetune,36,"biggrid50-goal(46,10)",finetune,60,9072640,0.8255101442337036,0.5951064019005886
finetune,36,"biggrid50-goal(46,10)",finetune,70,9082880,0.8193876147270203,0.5808994269991304
finetune,36,"biggrid50-goal(46,10)",finetune,80,9093120,0.8734692335128784,0.7063926892010034
finetune,36,"biggrid50-goal(46,10)",finetune,90,9103360,0.875510036945343,0.7111282552954068
finetune,36,"biggrid50-goal(46,10)",finetune,100,9113600,0.8285713195800781,0.6022096818876319
finetune,36,"biggrid50-goal(46,10)",finetune,110,9123840,0.8285713195800781,0.6022096818876319
finetune,36,"biggrid50-goal(46,10)",finetune,120,9134080,0.8010203242301941,0.5382791938403755
finetune,36,"biggrid50-goal(46,10)",finetune,130,9144320,0.8102039098739624,0.5595891721106291
finetune,36,"biggrid50-goal(46,10)",finetune,140,9154560,0.7591837048530579,0.44119974313229504
finetune,36,"biggrid50-goal(46,10)",finetune,150,9164800,0.7867347002029419,0.5051302311795514
finetune,36,"biggrid50-goal(46,10)",finetune,160,9175040,0.8061224222183228,0.55011831654007
finetune,36,"biggrid50-goal(46,10)",finetune,170,9185280,0.8142856359481812,0.5690605809176839
finetune,36,"biggrid50-goal(46,10)",finetune,180,9195520,0.8173468708992004,0.576163999213851
finetune,36,"biggrid50-goal(46,10)",finetune,190,9205760,0.8234692811965942,0.5903706974970613
finetune,36,"biggrid50-goal(46,10)",finetune,200,9216000,0.8173468708992004,0.576163999213851
finetune,36,"biggrid50-goal(46,10)",finetune,210,9226240,0.8173468708992004,0.576163999213851
finetune,36,"biggrid50-goal(46,10)",finetune,220,9236480,0.8642855882644653,0.685082572621626
finetune,36,"biggrid50-goal(46,10)",finetune,230,9246720,0.8214284181594849,0.585634993093534
finetune,36,"biggrid50-goal(46,10)",finetune,240,9256960,0.8561223745346069,0.6661403082440122
finetune,36,"biggrid50-goal(46,10)",finetune,250,9267200,0.8663264513015747,0.6898182770251533
finetune,36,"biggrid50-goal(46,10)",finetune,260,9277440,0.8663264513015747,0.6898182770251533
finetune,36,"biggrid50-goal(46,10)",finetune,270,9287680,0.8642855882644653,0.685082572621626
finetune,36,"biggrid50-goal(46,10)",finetune,280,9297920,0.8622447848320007,0.6803470065272225
finetune,36,"biggrid50-goal(46,10)",finetune,290,9308160,0.8642855882644653,0.685082572621626
finetune,36,"biggrid50-goal(46,10)",finetune,300,9318400,0.8642855882644653,0.685082572621626
finetune,36,"biggrid50-goal(46,10)",finetune,310,9328640,0.8704080581665039,0.6992894092139602
finetune,36,"biggrid50-goal(46,10)",finetune,320,9338880,0.8244897127151489,0.592738549698825
finetune,36,"biggrid50-goal(46,10)",finetune,330,9349120,0.8244897127151489,0.592738549698825
finetune,36,"biggrid50-goal(46,10)",finetune,340,9359360,0.8244897127151489,0.592738549698825
finetune,36,"biggrid50-goal(46,10)",finetune,350,9369600,0.8244897127151489,0.592738549698825
finetune,36,"biggrid50-goal(46,10)",finetune,360,9379840,0.8244897127151489,0.592738549698825
finetune,36,"biggrid50-goal(46,10)",finetune,370,9390080,0.8244897127151489,0.592738549698825
finetune,36,"biggrid50-goal(46,10)",finetune,380,9400320,0.8244897127151489,0.592738549698825
finetune,36,"biggrid50-goal(46,10)",finetune,390,9410560,0.8244897127151489,0.592738549698825
finetune,36,"biggrid50-goal(46,10)",finetune,400,9420800,0.8275508880615234,0.5998418296858682
finetune,36,"biggrid50-goal(46,10)",finetune,410,9431040,0.830612063407898,0.6069451096729114
finetune,36,"biggrid50-goal(46,10)",finetune,420,9441280,0.830612063407898,0.6069451096729114
finetune,36,"biggrid50-goal(46,10)",finetune,430,9451520,0.7969387173652649,0.5288080616515686
finetune,36,"biggrid50-goal(46,10)",finetune,440,9461760,0.791836678981781,0.5169690772609981
finetune,36,"biggrid50-goal(46,10)",finetune,450,9472000,0.8418366312980652,0.6329910689649402
finetune,36,"biggrid50-goal(46,10)",finetune,460,9482240,0.8397957682609558,0.6282553645614127
finetune,36,"biggrid50-goal(46,10)",finetune,470,9492480,0.8418366312980652,0.6329910689649402
finetune,36,"biggrid50-goal(46,10)",finetune,480,9502720,0.8316324949264526,0.6093129618746751
finetune,36,"biggrid50-goal(46,10)",finetune,490,9512960,0.8316324949264526,0.6093129618746751
finetune,36,"biggrid50-goal(46,10)",finetune,500,9523200,0.8581631779670715,0.6708758743384156
finetune,37,"biggrid50-goal(9,17)",finetune,10,9533440,0.9897958636283875,0.9530513972801693
finetune,37,"biggrid50-goal(9,17)",finetune,20,9543680,0.9479590654373169,0.7605628665695684
finetune,37,"biggrid50-goal(9,17)",finetune,30,9553920,0.9489794969558716,0.7652578091127409
finetune,37,"biggrid50-goal(9,17)",finetune,40,9564160,0.95714271068573,0.8028162525089285
finetune,37,"biggrid50-goal(9,17)",finetune,50,9574400,0.9479590654373169,0.7605628665695684
finetune,37,"biggrid50-goal(9,17)",finetune,60,9584640,0.9051018953323364,0.563379667553093
finetune,37,"biggrid50-goal(9,17)",finetune,70,9594880,0.9530611038208008,0.7840370308108346
finetune,37,"biggrid50-goal(9,17)",finetune,80,9605120,0.9234692454338074,0.6478867136691113
finetune,37,"biggrid50-goal(9,17)",finetune,90,9615360,0.9520406723022461,0.7793420882676622
finetune,37,"biggrid50-goal(9,17)",finetune,100,9625600,0.9510202407836914,0.7746471457244897
finetune,37,"biggrid50-goal(9,17)",finetune,110,9635840,0.9448978304862976,0.746478313177349
finetune,37,"biggrid50-goal(9,17)",finetune,120,9646080,0.9479590654373169,0.7605628665695684
finetune,37,"biggrid50-goal(9,17)",finetune,130,9656320,0.8969386219978333,0.5258209499196074
finetune,37,"biggrid50-goal(9,17)",finetune,140,9666560,0.8591836094856262,0.35211246361899445
finetune,37,"biggrid50-goal(9,17)",finetune,150,9676800,0.8530611991882324,0.32394363107185375
finetune,38,"biggrid50-goal(33,24)",finetune,10,9687040,0.837755024433136,0.2891204323956161
finetune,38,"biggrid50-goal(33,24)",finetune,20,9697280,0.8795918226242065,0.47242919067370126
finetune,38,"biggrid50-goal(33,24)",finetune,30,9707520,0.9040815234184265,0.5797312988008104
finetune,38,"biggrid50-goal(33,24)",finetune,40,9717760,0.9091836214065552,0.6020862419909085
finetune,38,"biggrid50-goal(33,24)",finetune,50,9728000,0.9091836214065552,0.6020862419909085
finetune,38,"biggrid50-goal(33,24)",finetune,60,9738240,0.9071427583694458,0.5931441602512976
finetune,38,"biggrid50-goal(33,24)",finetune,70,9748480,0.9102040529251099,0.606557282860714
finetune,38,"biggrid50-goal(33,24)",finetune,80,9758720,0.9153060913085938,0.6289119648918828
finetune,38,"biggrid50-goal(33,24)",finetune,90,9768960,0.8867346048355103,0.5037254321266224
finetune,38,"biggrid50-goal(33,24)",finetune,100,9779200,0.8857141733169556,0.4992543912568169
finetune,38,"biggrid50-goal(33,24)",finetune,110,9789440,0.9173468351364136,0.6378535243136352
finetune,38,"biggrid50-goal(33,24)",finetune,120,9799680,0.9010204076766968,0.5663189596681819
finetune,38,"biggrid50-goal(33,24)",finetune,130,9809920,0.8897958993911743,0.5171385547360389
finetune,38,"biggrid50-goal(33,24)",finetune,140,9820160,0.9040815234184265,0.5797312988008104
finetune,38,"biggrid50-goal(33,24)",finetune,150,9830400,0.9112244844436646,0.6110283237305195
finetune,39,"biggrid50-goal(40,17)",finetune,10,9840640,0.9622448086738586,0.8883297386702885
finetune,39,"biggrid50-goal(40,17)",finetune,20,9850880,0.9999998807907104,0.9999996474092158
finetune,39,"biggrid50-goal(40,17)",finetune,30,9861120,0.9999998807907104,0.9999996474092158
finetune,39,"biggrid50-goal(40,17)",finetune,40,9871360,0.9999998807907104,0.9999996474092158
finetune,39,"biggrid50-goal(40,17)",finetune,50,9881600,0.9999998807907104,0.9999996474092158
finetune,39,"biggrid50-goal(40,17)",finetune,60,9891840,0.9999998807907104,0.9999996474092158
finetune,39,"biggrid50-goal(40,17)",finetune,70,9902080,0.9867345094680786,0.9607640501257162
finetune,39,"biggrid50-goal(40,17)",finetune,80,9912320,0.9653059840202332,0.8973839174175969
finetune,39,"biggrid50-goal(40,17)",finetune,90,9922560,0.9530611038208008,0.861166673542187
finetune,39,"biggrid50-goal(40,17)",finetune,100,9932800,0.9499999284744263,0.8521124947948785
finetune,39,"biggrid50-goal(40,17)",finetune,110,9943040,0.95714271068573,0.8732390294021929
finetune,39,"biggrid50-goal(40,17)",finetune,120,9953280,0.9377549886703491,0.8158950746240765
finetune,39,"biggrid50-goal(40,17)",finetune,130,9963520,0.9642855525016785,0.8943657403048993
finetune,39,"biggrid50-goal(40,17)",finetune,140,9973760,0.9591835141181946,0.8792752073321959
finetune,39,"biggrid50-goal(40,17)",finetune,150,9984000,0.9438775181770325,0.8340039610048696
finetune,40,"biggrid50-goal(40,38)",finetune,10,9994240,0.7948979139328003,0.40882342178310493
finetune,40,"biggrid50-goal(40,38)",finetune,20,10004480,0.8040815591812134,0.4352939276546829
finetune,40,"biggrid50-goal(40,38)",finetune,30,10014720,0.8142856359481812,0.46470567720159905
finetune,40,"biggrid50-goal(40,38)",finetune,40,10024960,0.8091835975646973,0.44999980242814097
finetune,40,"biggrid50-goal(40,38)",finetune,50,10035200,0.8091835975646973,0.44999980242814097
finetune,40,"biggrid50-goal(40,38)",finetune,60,10045440,0.8408161997795105,0.5411761229426112
finetune,40,"biggrid50-goal(40,38)",finetune,70,10055680,0.7714285254478455,0.3411763634648744
finetune,40,"biggrid50-goal(40,38)",finetune,80,10065920,0.8408161997795105,0.5411761229426112
finetune,40,"biggrid50-goal(40,38)",finetune,90,10076160,0.8295917510986328,0.5088233015219733
finetune,40,"biggrid50-goal(40,38)",finetune,100,10086400,0.8316326141357422,0.5147057888726498
finetune,40,"biggrid50-goal(40,38)",finetune,110,10096640,0.837755024433136,0.5323527355198296
finetune,40,"biggrid50-goal(40,38)",finetune,120,10106880,0.8122447729110718,0.4588231898509226
finetune,40,"biggrid50-goal(40,38)",finetune,130,10117120,0.847959041595459,0.5617643132651292
finetune,40,"biggrid50-goal(40,38)",finetune,140,10127360,0.833673357963562,0.5205879326200932
finetune,40,"biggrid50-goal(40,38)",finetune,150,10137600,0.8285713195800781,0.5058820578466351
finetune,40,"biggrid50-goal(40,38)",finetune,160,10147840,0.8530611991882324,0.5764705316418204
finetune,40,"biggrid50-goal(40,38)",finetune,170,10158080,0.8795917630195618,0.6529409773828326
finetune,40,"biggrid50-goal(40,38)",finetune,180,10168320,0.833673357963562,0.5205879326200932
finetune,40,"biggrid50-goal(40,38)",finetune,190,10178560,0.896938681602478,0.7029409172522668
finetune,40,"biggrid50-goal(40,38)",finetune,200,10188800,0.8816326260566711,0.6588234647335091
finetune,40,"biggrid50-goal(40,38)",finetune,210,10199040,0.8785713315010071,0.6499997337074943
finetune,40,"biggrid50-goal(40,38)",finetune,220,10209280,0.896938681602478,0.7029409172522668
finetune,40,"biggrid50-goal(40,38)",finetune,230,10219520,0.8602040410041809,0.5970587219643384
finetune,40,"biggrid50-goal(40,38)",finetune,240,10229760,0.8224489092826843,0.48823511119945534
finetune,40,"biggrid50-goal(40,38)",finetune,250,10240000,0.8346939086914062,0.5235295198986646
finetune,40,"biggrid50-goal(40,38)",finetune,260,10250240,0.8346939086914062,0.5235295198986646
finetune,40,"biggrid50-goal(40,38)",finetune,270,10260480,0.8459182977676392,0.5558821695176859
finetune,40,"biggrid50-goal(40,38)",finetune,280,10270720,0.8173468708992004,0.4735292364259972
finetune,40,"biggrid50-goal(40,38)",finetune,290,10280960,0.8367345929145813,0.5294114918444913
finetune,40,"biggrid50-goal(40,38)",finetune,300,10291200,0.8612244725227356,0.5999999656396767
finetune,40,"biggrid50-goal(40,38)",finetune,310,10301440,0.827551007270813,0.50294115777453
finetune,40,"biggrid50-goal(40,38)",finetune,320,10311680,0.7806121706962585,0.36764686933645235
finetune,40,"biggrid50-goal(40,38)",finetune,330,10321920,0.7806121706962585,0.36764686933645235
finetune,40,"biggrid50-goal(40,38)",finetune,340,10332160,0.7714285254478455,0.3411763634648744
finetune,40,"biggrid50-goal(40,38)",finetune,350,10342400,0.7765305638313293,0.3558822382383325
finetune,40,"biggrid50-goal(40,38)",finetune,360,10352640,0.7908162474632263,0.3970586188833685
finetune,40,"biggrid50-goal(40,38)",finetune,370,10362880,0.7908162474632263,0.3970586188833685
finetune,40,"biggrid50-goal(40,38)",finetune,380,10373120,0.8540815114974976,0.5794114317139256
finetune,40,"biggrid50-goal(40,38)",finetune,390,10383360,0.8551019430160522,0.5823526753892638
finetune,40,"biggrid50-goal(40,38)",finetune,400,10393600,0.8551019430160522,0.5823526753892638
finetune,40,"biggrid50-goal(40,38)",finetune,410,10403840,0.9591835141181946,0.8823524864074856
finetune,40,"biggrid50-goal(40,38)",finetune,420,10414080,0.9591835141181946,0.8823524864074856
finetune,40,"biggrid50-goal(40,38)",finetune,430,10424320,0.9061223268508911,0.7294114231238448
finetune,40,"biggrid50-goal(40,38)",finetune,440,10434560,0.8591836094856262,0.5941174782890002
finetune,40,"biggrid50-goal(40,38)",finetune,450,10444800,0.8591836094856262,0.5941174782890002
finetune,40,"biggrid50-goal(40,38)",finetune,460,10455040,0.8806121945381165,0.6558822210581708
finetune,40,"biggrid50-goal(40,38)",finetune,470,10465280,0.893877387046814,0.6941171862262521
finetune,40,"biggrid50-goal(40,38)",finetune,480,10475520,0.8428570628166199,0.5470586102932877
finetune,40,"biggrid50-goal(40,38)",finetune,490,10485760,0.8755100965499878,0.6411761744830962
finetune,40,"biggrid50-goal(40,38)",finetune,500,10496000,0.9377549886703491,0.8205879154399316
finetune,41,"biggrid50-goal(33,38)",finetune,10,10506240,0.9122449159622192,0.6857491441956207
finetune,41,"biggrid50-goal(33,38)",finetune,20,10516480,0.8704081773757935,0.5359318310563821
finetune,41,"biggrid50-goal(33,38)",finetune,30,10526720,0.8285714387893677,0.3861145179171435
finetune,41,"biggrid50-goal(33,38)",finetune,40,10536960,0.8602040410041809,0.49939083035329707
finetune,41,"biggrid50-goal(33,38)",finetune,50,10547200,0.8081632852554321,0.3130329433993032
finetune,41,"biggrid50-goal(33,38)",finetune,60,10557440,0.7969387173652649,0.2728377785926602
finetune,41,"biggrid50-goal(33,38)",finetune,70,10567680,0.8295918703079224,0.38976868202070153
finetune,41,"biggrid50-goal(33,38)",finetune,80,10577920,0.960204005241394,0.8574905881795475
finetune,41,"biggrid50-goal(33,38)",finetune,90,10588160,0.8918366432189941,0.6126671427894506
finetune,41,"biggrid50-goal(33,38)",finetune,100,10598400,0.8357141613960266,0.4116925994212248
finetune,41,"biggrid50-goal(33,38)",finetune,110,10608640,0.787755012512207,0.23995094199313308
finetune,41,"biggrid50-goal(33,38)",finetune,120,10618880,0.810204029083252,0.3203408447180893
finetune,41,"biggrid50-goal(33,38)",finetune,130,10629120,0.827551007270813,0.38246035381358556
finetune,41,"biggrid50-goal(33,38)",finetune,140,10639360,0.8857143521308899,0.5907432253889273
finetune,41,"biggrid50-goal(33,38)",finetune,150,10649600,0.8204081654548645,0.3568818454211744
finetune,41,"biggrid50-goal(33,38)",finetune,160,10659840,0.8500000238418579,0.46285025653854184
finetune,41,"biggrid50-goal(33,38)",finetune,170,10670080,0.8581631779670715,0.4920825021461811
finetune,41,"biggrid50-goal(33,38)",finetune,180,10680320,0.9408162832260132,0.7880631777652652
finetune,41,"biggrid50-goal(33,38)",finetune,190,10690560,0.8091837167739868,0.3166871075028612
finetune,41,"biggrid50-goal(33,38)",finetune,200,10700800,0.8408163189888,0.4299634199390147
finetune,41,"biggrid50-goal(33,38)",finetune,210,10711040,0.8469387292861938,0.45188776422786786
finetune,41,"biggrid50-goal(33,38)",finetune,220,10721280,0.946938693523407,0.8099875220541184
finetune,41,"biggrid50-goal(33,38)",finetune,230,10731520,0.9438775181770325,0.7990254566317743
finetune,41,"biggrid50-goal(33,38)",finetune,240,10741760,0.8887754678726196,0.6017050773671064
finetune,41,"biggrid50-goal(33,38)",finetune,250,10752000,0.8897958993911743,0.6053592414706644
finetune,41,"biggrid50-goal(33,38)",finetune,260,10762240,0.8224489092826843,0.3641897467399606
finetune,41,"biggrid50-goal(33,38)",finetune,270,10772480,0.9173469543457031,0.7040195378250808
finetune,41,"biggrid50-goal(33,38)",finetune,280,10782720,0.9173469543457031,0.7040195378250808
finetune,41,"biggrid50-goal(33,38)",finetune,290,10792960,0.9306122064590454,0.7515223905063451
finetune,41,"biggrid50-goal(33,38)",finetune,300,10803200,0.8499999046325684,0.462849829650212
finetune,41,"biggrid50-goal(33,38)",finetune,310,10813440,0.901020348072052,0.6455539793889776
finetune,41,"biggrid50-goal(33,38)",finetune,320,10823680,0.9704081416130066,0.8940315888826326
finetune,41,"biggrid50-goal(33,38)",finetune,330,10833920,0.901020348072052,0.6455539793889776
finetune,41,"biggrid50-goal(33,38)",finetune,340,10844160,0.9785714149475098,0.9232642613786017
finetune,41,"biggrid50-goal(33,38)",finetune,350,10854400,0.9377549886703491,0.7771006854545912
finetune,41,"biggrid50-goal(33,38)",finetune,360,10864640,0.8816325068473816,0.5761261420863655
finetune,41,"biggrid50-goal(33,38)",finetune,370,10874880,0.8387754559516907,0.42265509173189875
finetune,41,"biggrid50-goal(33,38)",finetune,380,10885120,0.8489795923233032,0.4591960924349838
finetune,41,"biggrid50-goal(33,38)",finetune,390,10895360,0.9051020741462708,0.6601706358032096
finetune,41,"biggrid50-goal(33,38)",finetune,400,10905600,0.951020359992981,0.8246039650241853
finetune,41,"biggrid50-goal(33,38)",finetune,410,10915840,0.9234693646430969,0.7259438821139339
finetune,41,"biggrid50-goal(33,38)",finetune,420,10926080,0.9234693646430969,0.7259438821139339
finetune,41,"biggrid50-goal(33,38)",finetune,430,10936320,0.9142856597900391,0.6930570455144068
finetune,41,"biggrid50-goal(33,38)",finetune,440,10946560,0.8795917630195618,0.5688182407675794
finetune,41,"biggrid50-goal(33,38)",finetune,450,10956800,0.8806122541427612,0.5724726183153023
finetune,42,"biggrid50-goal(9,45)",finetune,10,10967040,0.8142856359481812,0.22881332439654395
finetune,42,"biggrid50-goal(9,45)",finetune,20,10977280,0.7755101323127747,0.06779642139007996
finetune,42,"biggrid50-goal(9,45)",finetune,30,10987520,0.7795917391777039,0.08474546485990395
finetune,42,"biggrid50-goal(9,45)",finetune,40,10997760,0.7826529145240784,0.09745712370687991
finetune,42,"biggrid50-goal(9,45)",finetune,50,11008000,0.8153060078620911,0.23305046150860792
finetune,42,"biggrid50-goal(9,45)",finetune,60,11018240,0.8632652163505554,0.43220308358835197
finetune,42,"biggrid50-goal(9,45)",finetune,70,11028480,0.9142855405807495,0.6440671170042879
finetune,42,"biggrid50-goal(9,45)",finetune,80,11038720,0.9816325306892395,0.9237283143426559
finetune,42,"biggrid50-goal(9,45)",finetune,90,11048960,0.9765304327011108,0.9025416387391999
finetune,42,"biggrid50-goal(9,45)",finetune,100,11059200,0.9806120991706848,0.9194909297198078
finetune,42,"biggrid50-goal(9,45)",finetune,110,11069440,0.9795916676521301,0.9152535450969599
finetune,42,"biggrid50-goal(9,45)",finetune,120,11079680,0.9775508642196655,0.9067790233620479
finetune,42,"biggrid50-goal(9,45)",finetune,130,11089920,0.9724488258361816,0.8855925952693758
finetune,42,"biggrid50-goal(9,45)",finetune,140,11100160,0.9755100011825562,0.8983042541163518
finetune,42,"biggrid50-goal(9,45)",finetune,150,11110400,0.9744895696640015,0.8940668694935038
finetune,42,"biggrid50-goal(9,45)",finetune,160,11120640,0.9336733818054199,0.7245759397736959
finetune,42,"biggrid50-goal(9,45)",finetune,170,11130880,0.8734692335128784,0.4745756922629119
finetune,42,"biggrid50-goal(9,45)",finetune,180,11141120,0.8775508999824524,0.4915249832435199
finetune,42,"biggrid50-goal(9,45)",finetune,190,11151360,0.8153060078620911,0.23305046150860792
finetune,42,"biggrid50-goal(9,45)",finetune,200,11161600,0.8122447729110718,0.2203385551508479
finetune,42,"biggrid50-goal(9,45)",finetune,210,11171840,0.8275508880615234,0.28389783942886393
finetune,42,"biggrid50-goal(9,45)",finetune,220,11182080,0.8499999046325684,0.37711832104524795
finetune,42,"biggrid50-goal(9,45)",finetune,230,11192320,0.8163264393806458,0.23728784613145595
finetune,42,"biggrid50-goal(9,45)",finetune,240,11202560,0.823469340801239,0.26694904346982395
finetune,42,"biggrid50-goal(9,45)",finetune,250,11212800,0.8234692811965942,0.2669487959590399
finetune,42,"biggrid50-goal(9,45)",finetune,260,11223040,0.8091835975646973,0.20762689630387196
finetune,42,"biggrid50-goal(9,45)",finetune,270,11233280,0.810204029083252,0.21186428092671997
finetune,42,"biggrid50-goal(9,45)",finetune,280,11243520,0.8183673024177551,0.245762615377152
finetune,42,"biggrid50-goal(9,45)",finetune,290,11253760,0.833673357963562,0.30932165214438395
finetune,42,"biggrid50-goal(9,45)",finetune,300,11264000,0.8571427464485168,0.40677927087283194
finetune,42,"biggrid50-goal(9,45)",finetune,310,11274240,0.8989795446395874,0.58050832774784
finetune,42,"biggrid50-goal(9,45)",finetune,320,11284480,0.9051018953323364,0.6059316454417919
finetune,42,"biggrid50-goal(9,45)",finetune,330,11294720,0.9999998807907104,0.9999995049784319
finetune,42,"biggrid50-goal(9,45)",finetune,340,11304960,0.9673467874526978,0.8644061671767039
finetune,42,"biggrid50-goal(9,45)",finetune,350,11315200,0.9357141256332397,0.7330502139978239
finetune,42,"biggrid50-goal(9,45)",finetune,360,11325440,0.9704079627990723,0.8771178260236798
finetune,42,"biggrid50-goal(9,45)",finetune,370,11335680,0.961224377155304,0.838982601971968
finetune,42,"biggrid50-goal(9,45)",finetune,380,11345920,0.9683672189712524,0.8686435517995519
finetune,42,"biggrid50-goal(9,45)",finetune,390,11356160,0.9999998807907104,0.9999995049784319
finetune,42,"biggrid50-goal(9,45)",finetune,400,11366400,0.9846938252449036,0.9364404682112
finetune,43,"biggrid50-goal(9,38)",finetune,10,11376640,0.8734692335128784,0.48901045865318815
finetune,43,"biggrid50-goal(9,38)",finetune,20,11386880,0.8999999761581421,0.5961538230085556
finetune,43,"biggrid50-goal(9,38)",finetune,30,11397120,0.9020408391952515,0.6043957683965204
finetune,43,"biggrid50-goal(9,38)",finetune,40,11407360,0.9122447967529297,0.6456040510702132
finetune,43,"biggrid50-goal(9,38)",finetune,50,11417600,0.9020408391952515,0.6043957683965204
finetune,43,"biggrid50-goal(9,38)",finetune,60,11427840,0.9163265228271484,0.6620879418461428
finetune,43,"biggrid50-goal(9,38)",finetune,70,11438080,0.9020408391952515,0.6043957683965204
finetune,43,"biggrid50-goal(9,38)",finetune,80,11448320,0.9020408391952515,0.6043957683965204
finetune,43,"biggrid50-goal(9,38)",finetune,90,11458560,0.8928571939468384,0.5673079769947662
finetune,43,"biggrid50-goal(9,38)",finetune,100,11468800,0.9153060913085938,0.6579669691521605
finetune,43,"biggrid50-goal(9,38)",finetune,110,11479040,0.9010204076766968,0.6002747957025379
finetune,43,"biggrid50-goal(9,38)",finetune,120,11489280,0.9183673858642578,0.6703298872341076
finetune,43,"biggrid50-goal(9,38)",finetune,130,11499520,0.9040815234184265,0.6126369916514196
finetune,43,"biggrid50-goal(9,38)",finetune,140,11509760,0.9061223864555359,0.6208789370393845
finetune,43,"biggrid50-goal(9,38)",finetune,150,11520000,0.8857141733169556,0.5384611681368895
finetune,44,"biggrid50-goal(9,3)",finetune,10,11530240,0.6102041006088257,-0.11046510147058698
finetune,44,"biggrid50-goal(9,3)",finetune,20,11540480,0.6102041006088257,-0.11046510147058698
finetune,44,"biggrid50-goal(9,3)",finetune,30,11550720,0.6142857074737549,-0.09883726754902451
finetune,44,"biggrid50-goal(9,3)",finetune,40,11560960,0.6102041006088257,-0.11046510147058698
finetune,44,"biggrid50-goal(9,3)",finetune,50,11571200,0.6102041006088257,-0.11046510147058698
finetune,44,"biggrid50-goal(9,3)",finetune,60,11581440,0.6112244725227356,-0.10755822789216431
finetune,44,"biggrid50-goal(9,3)",finetune,70,11591680,0.6163265109062195,-0.09302335058824328
finetune,44,"biggrid50-goal(9,3)",finetune,80,11601920,0.6163265109062195,-0.09302335058824328
finetune,44,"biggrid50-goal(9,3)",finetune,90,11612160,0.6163265109062195,-0.09302335058824328
finetune,44,"biggrid50-goal(9,3)",finetune,100,11622400,0.6183673143386841,-0.08720943362746206
finetune,44,"biggrid50-goal(9,3)",finetune,110,11632640,0.6183673143386841,-0.08720943362746206
finetune,44,"biggrid50-goal(9,3)",finetune,120,11642880,0.6204081773757935,-0.08139534686274494
finetune,44,"biggrid50-goal(9,3)",finetune,130,11653120,0.6183673143386841,-0.08720943362746206
finetune,44,"biggrid50-goal(9,3)",finetune,140,11663360,0.6183673143386841,-0.08720943362746206
finetune,44,"biggrid50-goal(9,3)",finetune,150,11673600,0.6183673143386841,-0.08720943362746206
finetune,44,"biggrid50-goal(9,3)",finetune,160,11683840,0.6183673143386841,-0.08720943362746206
finetune,44,"biggrid50-goal(9,3)",finetune,170,11694080,0.6183673143386841,-0.08720943362746206
finetune,44,"biggrid50-goal(9,3)",finetune,180,11704320,0.6183673143386841,-0.08720943362746206
finetune,44,"biggrid50-goal(9,3)",finetune,190,11714560,0.6204081773757935,-0.08139534686274494
finetune,44,"biggrid50-goal(9,3)",finetune,200,11724800,0.6204081773757935,-0.08139534686274494
finetune,44,"biggrid50-goal(9,3)",finetune,210,11735040,0.655102014541626,0.0174417508823437
finetune,44,"biggrid50-goal(9,3)",finetune,220,11745280,0.6530612111091614,0.011627833921562468
finetune,44,"biggrid50-goal(9,3)",finetune,230,11755520,0.6540815830230713,0.014534707499985143
finetune,44,"biggrid50-goal(9,3)",finetune,240,11765760,0.6530612111091614,0.011627833921562468
finetune,44,"biggrid50-goal(9,3)",finetune,250,11776000,0.6602040529251099,0.03197662818626473
finetune,44,"biggrid50-goal(9,3)",finetune,260,11786240,0.6489795446395874,-1.6980393588542988e-07
finetune,44,"biggrid50-goal(9,3)",finetune,270,11796480,0.6846938133239746,0.1017439713235113
finetune,44,"biggrid50-goal(9,3)",finetune,280,11806720,0.6816326379776001,0.0930231807843074
finetune,44,"biggrid50-goal(9,3)",finetune,290,11816960,0.6816326379776001,0.0930231807843074
finetune,44,"biggrid50-goal(9,3)",finetune,300,11827200,0.6816326379776001,0.0930231807843074
finetune,44,"biggrid50-goal(9,3)",finetune,310,11837440,0.651020348072052,0.0058137471568453485
finetune,44,"biggrid50-goal(9,3)",finetune,320,11847680,0.6887754201889038,0.11337180524507377
finetune,44,"biggrid50-goal(9,3)",finetune,330,11857920,0.6857142448425293,0.10465101470586986
finetune,44,"biggrid50-goal(9,3)",finetune,340,11868160,0.6857142448425293,0.10465101470586986
finetune,44,"biggrid50-goal(9,3)",finetune,350,11878400,0.6857142448425293,0.10465101470586986
finetune,44,"biggrid50-goal(9,3)",finetune,360,11888640,0.6857142448425293,0.10465101470586986
finetune,44,"biggrid50-goal(9,3)",finetune,370,11898880,0.6561223864555359,0.020348624460766376
finetune,44,"biggrid50-goal(9,3)",finetune,380,11909120,0.6561223864555359,0.020348624460766376
finetune,44,"biggrid50-goal(9,3)",finetune,390,11919360,0.6938775181770325,0.1279068523529307
finetune,44,"biggrid50-goal(9,3)",finetune,400,11929600,0.6836734414100647,0.09883709774508863
finetune,44,"biggrid50-goal(9,3)",finetune,410,11939840,0.7591836452484131,0.31395338372548137
finetune,44,"biggrid50-goal(9,3)",finetune,420,11950080,0.6897958517074585,0.11627884862743233
finetune,44,"biggrid50-goal(9,3)",finetune,430,11960320,0.6918367147445679,0.12209293539214945
finetune,44,"biggrid50-goal(9,3)",finetune,440,11970560,0.6918367147445679,0.12209293539214945
finetune,44,"biggrid50-goal(9,3)",finetune,450,11980800,0.6918367147445679,0.12209293539214945
finetune,44,"biggrid50-goal(9,3)",finetune,460,11991040,0.6918367147445679,0.12209293539214945
finetune,44,"biggrid50-goal(9,3)",finetune,470,12001280,0.7051019668579102,0.1598834805391954
finetune,44,"biggrid50-goal(9,3)",finetune,480,12011520,0.7030611634254456,0.15406956357841417
finetune,44,"biggrid50-goal(9,3)",finetune,490,12021760,0.6908162832260132,0.11918589200979089
finetune,44,"biggrid50-goal(9,3)",finetune,500,12032000,0.6908162832260132,0.11918589200979089
finetune,45,"biggrid50-goal(40,24)",finetune,10,12042240,0.7683672904968262,0.052850853729186874
finetune,45,"biggrid50-goal(40,24)",finetune,20,12052480,0.7734693288803101,0.07371315469489513
finetune,45,"biggrid50-goal(40,24)",finetune,30,12062720,0.86530601978302,0.44923457207764367
finetune,45,"biggrid50-goal(40,24)",finetune,40,12072960,0.9163264036178589,0.6578575817347262
finetune,45,"biggrid50-goal(40,24)",finetune,50,12083200,0.9102039337158203,0.6328227230862108
finetune,45,"biggrid50-goal(40,24)",finetune,60,12093440,0.8836733102798462,0.5243386605748624
finetune,45,"biggrid50-goal(40,24)",finetune,70,12103680,0.8826529383659363,0.520166346616219
finetune,45,"biggrid50-goal(40,24)",finetune,80,12113920,0.8724489212036133,0.47844198840896623
finetune,45,"biggrid50-goal(40,24)",finetune,90,12124160,0.8999997973442078,0.5910978774306306
finetune,45,"biggrid50-goal(40,24)",finetune,100,12134400,0.925510048866272,0.6954096259833356
finetune,45,"biggrid50-goal(40,24)",finetune,110,12144640,0.9163264036178589,0.6578575817347262
finetune,45,"biggrid50-goal(40,24)",finetune,120,12154880,0.9163264036178589,0.6578575817347262
finetune,45,"biggrid50-goal(40,24)",finetune,130,12165120,0.9163265228271484,0.6578580691830537
finetune,45,"biggrid50-goal(40,24)",finetune,140,12175360,0.9163264036178589,0.6578575817347262
finetune,45,"biggrid50-goal(40,24)",finetune,150,12185600,0.9193876385688782,0.6703750110589839
finetune,46,"biggrid50-goal(33,31)",finetune,10,12195840,0.9479591250419617,0.768881922912905
finetune,46,"biggrid50-goal(33,31)",finetune,20,12206080,0.9428570866584778,0.7462233242370346
finetune,46,"biggrid50-goal(33,31)",finetune,30,12216320,0.9377549886703491,0.7235644608517238
finetune,46,"biggrid50-goal(33,31)",finetune,40,12226560,0.9336733818054199,0.7054376877948036
finetune,46,"biggrid50-goal(33,31)",finetune,50,12236800,0.9612244367599487,0.8277943324120562
finetune,46,"biggrid50-goal(33,31)",finetune,60,12247040,0.9499999284744263,0.7779453094413651
finetune,46,"biggrid50-goal(33,31)",finetune,70,12257280,0.9428570866584778,0.7462233242370346
finetune,46,"biggrid50-goal(33,31)",finetune,80,12267520,0.9704080820083618,0.8685797041448469
finetune,46,"biggrid50-goal(33,31)",finetune,90,12277760,0.9785712957382202,0.9048332502586873
finetune,46,"biggrid50-goal(33,31)",finetune,100,12288000,0.9724489450454712,0.8776433553827474
finetune,46,"biggrid50-goal(33,31)",finetune,110,12298240,0.9438773989677429,0.7507546204371041
finetune,46,"biggrid50-goal(33,31)",finetune,120,12308480,0.9357142448425293,0.7145013390327041
finetune,46,"biggrid50-goal(33,31)",finetune,130,12318720,0.9244897961616516,0.6646525807714533
finetune,46,"biggrid50-goal(33,31)",finetune,140,12328960,0.9357141256332397,0.7145008096138233
finetune,46,"biggrid50-goal(33,31)",finetune,150,12339200,0.9357142448425293,0.7145013390327041
finetune,47,"biggrid50-goal(46,45)",finetune,10,12349440,0.79795902967453,0.5308053526380809
finetune,47,"biggrid50-goal(46,45)",finetune,20,12359680,0.8806120753288269,0.7227484350073881
finetune,47,"biggrid50-goal(46,45)",finetune,30,12369920,0.8765304684638977,0.7132698223746362
finetune,47,"biggrid50-goal(46,45)",finetune,40,12380160,0.8867344856262207,0.7369663539565159
finetune,47,"biggrid50-goal(46,45)",finetune,50,12390400,0.8918367624282837,0.7488152426300873
finetune,47,"biggrid50-goal(46,45)",finetune,60,12400640,0.8897957801818848,0.7440755210586236
finetune,47,"biggrid50-goal(46,45)",finetune,70,12410880,0.948979377746582,0.8815160963253386
finetune,47,"biggrid50-goal(46,45)",finetune,80,12421120,0.9561222791671753,0.8981038760601981
finetune,47,"biggrid50-goal(46,45)",finetune,90,12431360,0.928571343421936,0.8341230331615792
finetune,47,"biggrid50-goal(46,45)",finetune,100,12441600,0.9122447967529297,0.7962083057938466
finetune,47,"biggrid50-goal(46,45)",finetune,110,12451840,0.928571343421936,0.8341230331615792
finetune,47,"biggrid50-goal(46,45)",finetune,120,12462080,0.9132651090621948,0.7985777513244907
finetune,47,"biggrid50-goal(46,45)",finetune,130,12472320,0.8867344856262207,0.7369663539565159
finetune,47,"biggrid50-goal(46,45)",finetune,140,12482560,0.938775360584259,0.8578195647434589
finetune,47,"biggrid50-goal(46,45)",finetune,150,12492800,0.9224488139152527,0.8199048373757263
finetune,48,"biggrid50-goal(3,38)",finetune,10,12503040,0.6530612111091614,-0.13585758836671663
finetune,48,"biggrid50-goal(3,38)",finetune,20,12513280,0.6734693646430969,-0.06904247054670445
finetune,48,"biggrid50-goal(3,38)",finetune,30,12523520,0.6734694242477417,-0.0690422754045346
finetune,48,"biggrid50-goal(3,38)",finetune,40,12533760,0.686734676361084,-0.025612604935262562
finetune,48,"biggrid50-goal(3,38)",finetune,50,12544000,0.7571428418159485,0.20489966862908138
finetune,48,"biggrid50-goal(3,38)",finetune,60,12554240,0.6979591250419617,0.011135592780442228
finetune,48,"biggrid50-goal(3,38)",finetune,70,12564480,0.7224489450454712,0.09131385124975876
finetune,48,"biggrid50-goal(3,38)",finetune,80,12574720,0.7173469066619873,0.0746100717947557
finetune,48,"biggrid50-goal(3,38)",finetune,90,12584960,0.741836667060852,0.1547881351219024
finetune,48,"biggrid50-goal(3,38)",finetune,100,12595200,0.741836667060852,0.1547881351219024
finetune,48,"biggrid50-goal(3,38)",finetune,110,12605440,0.741836667060852,0.1547881351219024
finetune,48,"biggrid50-goal(3,38)",finetune,120,12615680,0.741836667060852,0.1547881351219024
finetune,48,"biggrid50-goal(3,38)",finetune,130,12625920,0.7265305519104004,0.10467679675689325
finetune,48,"biggrid50-goal(3,38)",finetune,140,12636160,0.728571355342865,0.1113582695104605
finetune,48,"biggrid50-goal(3,38)",finetune,150,12646400,0.7857141494750977,0.2984404823211927
finetune,48,"biggrid50-goal(3,38)",finetune,160,12656640,0.7948978543281555,0.3285074024255001
finetune,48,"biggrid50-goal(3,38)",finetune,170,12666880,0.7836733460426331,0.29175900956762546
finetune,48,"biggrid50-goal(3,38)",finetune,180,12677120,0.7877549529075623,0.3051219550747599
finetune,48,"biggrid50-goal(3,38)",finetune,190,12687360,0.8724488019943237,0.5824047330562445
finetune,48,"biggrid50-goal(3,38)",finetune,200,12697600,0.8734691739082336,0.5857453718619432
finetune,48,"biggrid50-goal(3,38)",finetune,210,12707840,0.9020406007766724,0.6792865758383941
finetune,48,"biggrid50-goal(3,38)",finetune,220,12718080,0.903061032295227,0.6826274097862627
finetune,48,"biggrid50-goal(3,38)",finetune,230,12728320,0.9051018953323364,0.6893090776819998
finetune,48,"biggrid50-goal(3,38)",finetune,240,12738560,0.9051018953323364,0.6893090776819998
finetune,48,"biggrid50-goal(3,38)",finetune,250,12748800,0.9051018953323364,0.6893090776819998
finetune,48,"biggrid50-goal(3,38)",finetune,260,12759040,0.9479589462280273,0.8296205909334216
finetune,48,"biggrid50-goal(3,38)",finetune,270,12769280,0.9040814638137817,0.6859682437341312
finetune,48,"biggrid50-goal(3,38)",finetune,280,12779520,0.8806120753288269,0.6091308192126833
finetune,48,"biggrid50-goal(3,38)",finetune,290,12789760,0.8765304684638977,0.5957678737055488
finetune,48,"biggrid50-goal(3,38)",finetune,300,12800000,0.8285713195800781,0.43875238585695414
finetune,48,"biggrid50-goal(3,38)",finetune,310,12810240,0.7989794611930847,0.3418703479326346
finetune,48,"biggrid50-goal(3,38)",finetune,320,12820480,0.8285713195800781,0.43875238585695414
finetune,48,"biggrid50-goal(3,38)",finetune,330,12830720,0.8295917510986328,0.4420932198048227
finetune,48,"biggrid50-goal(3,38)",finetune,340,12840960,0.8285713195800781,0.43875238585695414
finetune,48,"biggrid50-goal(3,38)",finetune,350,12851200,0.7591835856437683,0.21158094624047877
finetune,48,"biggrid50-goal(3,38)",finetune,360,12861440,0.8040815591812134,0.3585743225298075
finetune,48,"biggrid50-goal(3,38)",finetune,370,12871680,0.781632661819458,0.2850779270983979
finetune,48,"biggrid50-goal(3,38)",finetune,380,12881920,0.781632661819458,0.2850779270983979
finetune,48,"biggrid50-goal(3,38)",finetune,390,12892160,0.781632661819458,0.2850779270983979
finetune,48,"biggrid50-goal(3,38)",finetune,400,12902400,0.7806122303009033,0.28173709315052936
finetune,48,"biggrid50-goal(3,38)",finetune,410,12912640,0.8602039217948914,0.5423157013926712
finetune,48,"biggrid50-goal(3,38)",finetune,420,12922880,0.8602039217948914,0.5423157013926712
finetune,48,"biggrid50-goal(3,38)",finetune,430,12933120,0.8326529264450073,0.45211533136408866
finetune,48,"biggrid50-goal(3,38)",finetune,440,12943360,0.8224488496780396,0.4187077724540826
finetune,48,"biggrid50-goal(3,38)",finetune,450,12953600,0.8734692335128784,0.5857455670041131
finetune,48,"biggrid50-goal(3,38)",finetune,460,12963840,0.8142856359481812,0.39198188143981355
finetune,48,"biggrid50-goal(3,38)",finetune,470,12974080,0.9183672666549683,0.7327391384356116
finetune,48,"biggrid50-goal(3,38)",finetune,480,12984320,0.8214284777641296,0.41536713364838385
finetune,48,"biggrid50-goal(3,38)",finetune,490,12994560,0.7714285254478455,0.25167017304622197
finetune,48,"biggrid50-goal(3,38)",finetune,500,13004800,0.810204029083252,0.3786189359326791
finetune,49,"biggrid50-goal(46,3)",finetune,10,13015040,0.605102002620697,0.11034479517337785
finetune,49,"biggrid50-goal(46,3)",finetune,20,13025280,0.6959182620048523,0.3149423327151898
finetune,49,"biggrid50-goal(46,3)",finetune,30,13035520,0.7153061032295227,0.35862068502476824
finetune,49,"biggrid50-goal(46,3)",finetune,40,13045760,0.7683672308921814,0.4781606895634904
finetune,49,"biggrid50-goal(46,3)",finetune,50,13056000,0.8153060078620911,0.5839078129133359
finetune,49,"biggrid50-goal(46,3)",finetune,60,13066240,0.8622447848320007,0.6896549362631814
finetune,49,"biggrid50-goal(46,3)",finetune,70,13076480,0.7836734056472778,0.5126435639442838
finetune,49,"biggrid50-goal(46,3)",finetune,80,13086720,0.9397957921028137,0.8643675398111731
finetune,49,"biggrid50-goal(46,3)",finetune,90,13096960,0.9357141256332397,0.855172061882388
finetune,49,"biggrid50-goal(46,3)",finetune,100,13107200,0.9091836214065552,0.7954021938947473
finetune,49,"biggrid50-goal(46,3)",finetune,110,13117440,0.9265305399894714,0.8344826058173527
finetune,49,"biggrid50-goal(46,3)",finetune,120,13127680,0.8673467636108398,0.7011490486811521
finetune,49,"biggrid50-goal(46,3)",finetune,130,13137920,0.8612242937088013,0.6873558989288348
finetune,49,"biggrid50-goal(46,3)",finetune,140,13148160,0.9163264036178589,0.8114939781362502
finetune,49,"biggrid50-goal(46,3)",finetune,150,13158400,0.9163264036178589,0.8114939781362502
finetune,49,"biggrid50-goal(46,3)",finetune,160,13168640,0.9224489331245422,0.825287262170288
finetune,49,"biggrid50-goal(46,3)",finetune,170,13178880,0.9826529622077942,0.9609193195139539
finetune,49,"biggrid50-goal(46,3)",finetune,180,13189120,0.9999998807907104,0.9999997314365593
finetune,49,"biggrid50-goal(46,3)",finetune,190,13199360,0.9999998807907104,0.9999997314365593
finetune,49,"biggrid50-goal(46,3)",finetune,200,13209600,0.9999998807907104,0.9999997314365593
