iter,frames,agent_steps,episodes,wall_s,train_return_mean,greedy_score,pg_loss,v_loss,entropy,approx_kl,clipfrac
0,8192,2048,0,228.9,nan,-30.0,0.0599,558.7417,2.8257,0.07706,0.4946
1,16384,4096,0,232.0,nan,,0.0021,0.6294,2.8747,0.00521,0.3793
2,24576,6144,0,235.1,nan,,-0.0029,0.2706,2.8805,0.00253,0.1514
3,32768,8192,0,238.2,nan,,-0.0034,0.1476,2.8797,0.00244,0.1862
4,40960,10240,0,241.3,nan,,-0.0043,0.1187,2.8846,0.0017,0.1155
5,49152,12288,0,244.4,nan,,-0.0029,0.1986,2.8819,0.00126,0.088
6,57344,14336,0,247.5,nan,,-0.0023,0.2193,2.8834,0.00095,0.0282
7,65536,16384,0,250.6,nan,,-0.0022,0.194,2.8801,0.00079,0.0267
8,73728,18432,0,253.8,nan,,-0.0037,0.1599,2.8702,0.00163,0.0935
9,81920,20480,0,256.9,nan,,-0.0026,0.1566,2.8673,0.00194,0.1
10,90112,22528,0,260.0,nan,,-0.0038,0.1214,2.8587,0.00212,0.1216
11,98304,24576,0,263.2,nan,,-0.003,0.1239,2.8635,0.00122,0.0685
12,106496,26624,0,266.3,nan,,-0.0029,0.0966,2.8687,0.00128,0.0706
13,114688,28672,16,269.7,1.562,,-0.0035,0.1146,2.8705,0.00154,0.0908
14,122880,30720,16,272.8,1.562,,-0.0034,0.1031,2.8759,0.0012,0.0411
15,131072,32768,16,275.9,1.562,,-0.0035,0.1366,2.8793,0.00127,0.057
16,139264,34816,16,279.0,1.562,,-0.0045,0.1417,2.8778,0.00139,0.0658
17,147456,36864,16,282.1,1.562,,-0.0036,0.2246,2.8706,0.0019,0.1088
18,155648,38912,16,285.2,1.562,,-0.0065,0.1453,2.8702,0.00189,0.116
19,163840,40960,16,288.3,1.562,,-0.0044,0.1071,2.8687,0.00161,0.0872
20,172032,43008,16,291.4,1.562,,-0.0031,0.2105,2.864,0.0018,0.1031
21,180224,45056,16,294.6,1.562,,-0.0038,0.1927,2.8657,0.00182,0.0996
22,188416,47104,16,297.7,1.562,,-0.004,0.1477,2.8641,0.00154,0.0844
23,196608,49152,16,300.9,1.562,,-0.0078,0.1237,2.8634,0.00239,0.1534
24,204800,51200,16,304.0,1.562,,-0.0077,0.1125,2.8581,0.00187,0.1023
25,212992,53248,16,307.1,1.562,,-0.0087,0.1883,2.8514,0.00217,0.1311
26,221184,55296,16,310.3,1.562,,-0.0063,0.1543,2.8531,0.00233,0.1448
27,229376,57344,32,313.6,1.406,,-0.0074,0.1205,2.8388,0.00244,0.1447
28,237568,59392,32,316.7,1.406,,-0.0098,0.1214,2.827,0.00292,0.1846
29,245760,61440,32,319.8,1.406,,-0.0091,0.0836,2.8269,0.00263,0.1521
30,253952,63488,32,322.9,1.406,,-0.0094,0.1115,2.8075,0.00269,0.1719
31,262144,65536,32,326.0,1.406,,-0.01,0.101,2.7945,0.00365,0.2083
32,270336,67584,32,329.1,1.406,,-0.0072,0.1108,2.805,0.00329,0.1989
33,278528,69632,32,332.2,1.406,,-0.0125,0.1254,2.7868,0.00375,0.2029
34,286720,71680,32,335.4,1.406,,-0.0106,0.1512,2.76,0.00359,0.2137
35,294912,73728,32,338.5,1.406,,-0.012,0.1828,2.7772,0.00386,0.2189
36,303104,75776,32,341.6,1.406,,-0.0128,0.1079,2.7704,0.00374,0.2185
37,311296,77824,32,344.8,1.406,,-0.0105,0.0887,2.7963,0.00376,0.2239
38,319488,79872,32,347.9,1.406,,-0.0115,0.1355,2.7596,0.00319,0.1875
39,327680,81920,32,351.0,1.406,,-0.0148,0.0985,2.7413,0.00379,0.2286
40,335872,83968,32,354.2,1.406,,-0.0108,0.1717,2.7012,0.0039,0.2317
41,344064,86016,48,357.5,1.583,,-0.0122,0.1024,2.7439,0.00442,0.2672
42,352256,88064,48,360.6,1.583,,-0.0135,0.1237,2.7589,0.00362,0.2211
43,360448,90112,48,363.7,1.583,,-0.016,0.0837,2.7213,0.00379,0.2469
44,368640,92160,48,366.8,1.583,,-0.0171,0.1083,2.731,0.00373,0.2222
45,376832,94208,48,369.9,1.583,,-0.0136,0.1493,2.7393,0.00371,0.2213
46,385024,96256,48,373.0,1.583,,-0.0164,0.0976,2.7259,0.0045,0.2609
47,393216,98304,48,376.1,1.583,,-0.0164,0.1052,2.6986,0.00516,0.2993
48,401408,100352,48,379.3,1.583,,-0.0168,0.1616,2.6623,0.00442,0.2556
49,409600,102400,48,382.4,1.583,,-0.0194,0.1186,2.6609,0.00589,0.3271
50,417792,104448,48,385.5,1.583,,-0.0158,0.159,2.6244,0.0077,0.3676
51,425984,106496,48,388.6,1.583,,-0.016,0.1258,2.6479,0.00621,0.3304
52,434176,108544,48,391.8,1.583,,-0.019,0.1004,2.6144,0.00667,0.337
53,442368,110592,48,394.9,1.583,,-0.0191,0.0949,2.5957,0.00628,0.3278
54,450560,112640,48,398.1,1.583,,-0.0185,0.1372,2.6062,0.00643,0.3257
55,458752,114688,64,401.4,2.172,,-0.0187,0.0931,2.6692,0.00577,0.3203
56,466944,116736,64,404.5,2.172,,-0.019,0.0705,2.7319,0.00636,0.3062
57,475136,118784,64,407.6,2.172,,-0.0207,0.0838,2.6849,0.00589,0.3077
58,483328,120832,64,410.7,2.172,,-0.0183,0.1061,2.6677,0.007,0.344
59,491520,122880,64,413.8,2.172,,-0.0219,0.1188,2.6552,0.00545,0.2985
60,499712,124928,64,416.9,2.172,,-0.0215,0.0856,2.6613,0.00656,0.3417
61,507904,126976,64,420.0,2.172,,-0.0224,0.0899,2.6632,0.00663,0.3335
62,516096,129024,64,423.1,2.172,,-0.0199,0.1118,2.6421,0.00638,0.3159
63,524288,131072,64,426.3,2.172,,-0.0207,0.1392,2.6843,0.00774,0.3721
64,532480,133120,64,429.4,2.172,,-0.0229,0.1193,2.69,0.00642,0.3439
65,540672,135168,64,432.5,2.172,,-0.0228,0.1517,2.646,0.00817,0.366
66,548864,137216,64,435.6,2.172,,-0.0232,0.1588,2.684,0.00781,0.3682
67,557056,139264,64,438.8,2.172,,-0.0214,0.1972,2.6542,0.00803,0.3628
68,565248,141312,64,441.9,2.172,,-0.0197,0.1364,2.6719,0.00871,0.3933
69,573440,143360,80,445.3,2.413,,-0.0268,0.0963,2.6872,0.0067,0.3274
70,581632,145408,80,448.4,2.413,,-0.0204,0.121,2.7367,0.0064,0.3195
71,589824,147456,80,451.5,2.413,,-0.0225,0.1684,2.7011,0.00736,0.3391
72,598016,149504,80,454.6,2.413,,-0.0203,0.2381,2.6819,0.00798,0.3491
73,606208,151552,80,457.7,2.413,,-0.0208,0.1342,2.6809,0.00611,0.3168
74,614400,153600,80,460.8,2.413,,-0.0242,0.1078,2.6695,0.00668,0.3287
75,622592,155648,80,463.9,2.413,,-0.0207,0.0983,2.7111,0.00711,0.3516
76,630784,157696,80,467.0,2.413,,-0.0183,0.1556,2.6901,0.00776,0.373
77,638976,159744,80,470.2,2.413,,-0.0232,0.1592,2.7045,0.00665,0.3152
78,647168,161792,80,473.3,2.413,,-0.0247,0.1095,2.6854,0.00805,0.3518
79,655360,163840,80,476.5,2.413,,-0.0244,0.1507,2.6982,0.00808,0.364
80,663552,165888,80,479.6,2.413,,-0.0274,0.1357,2.7054,0.0074,0.3439
81,671744,167936,80,482.7,2.413,,-0.0246,0.1487,2.6723,0.00846,0.3734
82,679936,169984,80,485.9,2.413,,-0.0178,0.1798,2.6764,0.00845,0.3806
83,688128,172032,96,489.3,2.354,,-0.0246,0.1401,2.6759,0.00845,0.356
84,696320,174080,96,492.3,2.354,,-0.0262,0.0908,2.7337,0.00886,0.3756
85,704512,176128,96,495.4,2.354,,-0.026,0.1085,2.7291,0.00843,0.3689
86,712704,178176,96,498.5,2.354,,-0.0285,0.0953,2.6932,0.01036,0.4065
87,720896,180224,96,501.6,2.354,,-0.0269,0.137,2.7249,0.00929,0.3989
88,729088,182272,96,504.8,2.354,,-0.0299,0.0977,2.7221,0.00934,0.403
89,737280,184320,96,507.9,2.354,,-0.0267,0.1113,2.7176,0.00901,0.3845
90,745472,186368,96,511.0,2.354,,-0.0306,0.118,2.7192,0.00927,0.3966
91,753664,188416,96,514.2,2.354,,-0.0275,0.1193,2.6832,0.00987,0.4059
92,761856,190464,96,517.3,2.354,,-0.0281,0.1147,2.7179,0.00986,0.4163
93,770048,192512,96,520.4,2.354,,-0.0295,0.1172,2.6947,0.01067,0.4064
94,778240,194560,96,523.6,2.354,,-0.0257,0.1691,2.6721,0.01001,0.3975
95,786432,196608,96,526.7,2.354,,-0.0257,0.1357,2.6758,0.01071,0.4139
96,794624,198656,96,529.8,2.354,,-0.0286,0.178,2.6702,0.01039,0.4113
97,802816,200704,112,533.2,2.69,,-0.0233,0.1573,2.6444,0.01172,0.4337
98,811008,202752,112,536.3,2.69,,-0.022,0.1509,2.6595,0.01193,0.4452
99,819200,204800,112,539.4,2.69,,-0.0298,0.1625,2.6493,0.01043,0.4196
100,827392,206848,112,769.2,2.69,-11.149999618530273,-0.0272,0.1379,2.6623,0.0101,0.4003
101,835584,208896,112,772.3,2.69,,-0.0262,0.109,2.637,0.01197,0.432
102,843776,210944,112,775.4,2.69,,-0.0277,0.1084,2.5788,0.0122,0.4437
103,851968,212992,112,778.6,2.69,,-0.0307,0.1226,2.576,0.01178,0.4468
104,860160,215040,112,781.7,2.69,,-0.0246,0.1335,2.5868,0.01152,0.4246
105,868352,217088,112,784.8,2.69,,-0.0296,0.1452,2.6015,0.0113,0.4435
106,876544,219136,112,788.0,2.69,,-0.0298,0.1069,2.6044,0.01243,0.437
107,884736,221184,112,791.1,2.69,,-0.0281,0.1336,2.6237,0.01265,0.455
108,892928,223232,112,794.2,2.69,,-0.028,0.1214,2.6428,0.01118,0.4379
109,901120,225280,112,797.4,2.69,,-0.0281,0.2299,2.5893,0.0114,0.415
110,909312,227328,112,800.5,2.69,,-0.0275,0.1351,2.5947,0.01142,0.4327
111,917504,229376,128,803.9,3.48,,-0.0316,0.1206,2.5614,0.01386,0.4534
112,925696,231424,128,807.0,3.48,,-0.0302,0.1269,2.5603,0.01219,0.4335
113,933888,233472,128,810.1,3.48,,-0.0238,0.1858,2.5665,0.01246,0.4469
114,942080,235520,128,813.1,3.48,,-0.0263,0.1424,2.5801,0.01026,0.4161
115,950272,237568,128,816.3,3.48,,-0.0297,0.1169,2.5595,0.01086,0.4043
116,958464,239616,128,819.4,3.48,,-0.0292,0.1112,2.5856,0.01161,0.4174
117,966656,241664,128,822.5,3.48,,-0.0228,0.1458,2.5758,0.01113,0.4277
118,974848,243712,128,825.6,3.48,,-0.0252,0.186,2.5977,0.01028,0.4045
119,983040,245760,128,828.8,3.48,,-0.0265,0.202,2.551,0.01346,0.4471
120,991232,247808,128,831.9,3.48,,-0.027,0.1313,2.549,0.01201,0.4451
121,999424,249856,128,835.0,3.48,,-0.0281,0.1438,2.5581,0.01076,0.41
122,1007616,251904,128,838.1,3.48,,-0.0295,0.1689,2.5494,0.01257,0.4352
123,1015808,253952,128,841.3,3.48,,-0.0249,0.1548,2.5394,0.01264,0.4381
124,1024000,256000,128,844.4,3.48,,-0.0279,0.1167,2.5413,0.01166,0.432
125,1032192,258048,144,847.8,3.66,,-0.0291,0.1058,2.5408,0.01218,0.4357
126,1040384,260096,144,850.9,3.66,,-0.0279,0.0856,2.5333,0.01115,0.4254
127,1048576,262144,144,853.9,3.66,,-0.0306,0.0924,2.5429,0.01223,0.4353
128,1056768,264192,144,857.0,3.66,,-0.0306,0.1184,2.5218,0.01112,0.4294
129,1064960,266240,144,860.1,3.66,,-0.0289,0.0803,2.4481,0.01415,0.4714
130,1073152,268288,144,863.2,3.66,,-0.0253,0.0802,2.5239,0.01376,0.4592
131,1081344,270336,144,866.4,3.66,,-0.0275,0.0988,2.4942,0.01172,0.4344
132,1089536,272384,144,869.5,3.66,,-0.031,0.1524,2.4893,0.01296,0.4559
133,1097728,274432,144,872.6,3.66,,-0.028,0.0992,2.4992,0.01257,0.4298
134,1105920,276480,144,875.8,3.66,,-0.0286,0.096,2.5386,0.01294,0.4342
135,1114112,278528,144,878.9,3.66,,-0.0249,0.0784,2.5348,0.01483,0.4686
136,1122304,280576,144,882.0,3.66,,-0.0296,0.1256,2.5135,0.01254,0.4343
137,1130496,282624,144,885.1,3.66,,-0.0288,0.144,2.4939,0.01356,0.4717
138,1138688,284672,144,888.3,3.66,,-0.0297,0.0733,2.556,0.01256,0.4495
139,1146880,286720,160,891.6,3.58,,-0.0303,0.1209,2.5678,0.01372,0.449
140,1155072,288768,160,894.7,3.58,,-0.0293,0.1194,2.582,0.01247,0.439
141,1163264,290816,160,897.8,3.58,,-0.0306,0.1177,2.5895,0.01284,0.4417
142,1171456,292864,160,900.9,3.58,,-0.0303,0.1142,2.5298,0.01282,0.4437
143,1179648,294912,160,904.0,3.58,,-0.0276,0.0956,2.501,0.0149,0.4696
144,1187840,296960,160,907.1,3.58,,-0.0324,0.0954,2.5011,0.01344,0.4618
145,1196032,299008,160,910.3,3.58,,-0.0323,0.1299,2.4968,0.01269,0.4475
146,1204224,301056,160,913.4,3.58,,-0.0313,0.1372,2.441,0.01432,0.4624
147,1212416,303104,160,916.5,3.58,,-0.0311,0.1541,2.4651,0.01438,0.4586
148,1220608,305152,160,919.6,3.58,,-0.0311,0.0846,2.4585,0.01454,0.4532
149,1228800,307200,160,922.8,3.58,,-0.0294,0.1233,2.4716,0.016,0.468
150,1236992,309248,160,925.9,3.58,,-0.0315,0.1305,2.4758,0.0147,0.4692
151,1245184,311296,160,929.0,3.58,,-0.0269,0.2321,2.4952,0.01622,0.4735
152,1253376,313344,160,932.2,3.58,,-0.0253,0.1624,2.5107,0.01772,0.5007
153,1261568,315392,176,935.5,3.89,,-0.0304,0.0909,2.5051,0.01517,0.4763
154,1269760,317440,176,938.6,3.89,,-0.0307,0.1047,2.5445,0.01345,0.452
155,1277952,319488,176,941.7,3.89,,-0.0338,0.1042,2.5227,0.01442,0.4662
156,1286144,321536,176,944.8,3.89,,-0.0307,0.098,2.4931,0.01578,0.4695
157,1294336,323584,176,947.9,3.89,,-0.033,0.1068,2.4585,0.01587,0.4855
158,1302528,325632,176,951.0,3.89,,-0.0302,0.1054,2.4715,0.01695,0.4818
159,1310720,327680,176,954.2,3.89,,-0.0267,0.2222,2.4774,0.01566,0.4636
160,1318912,329728,176,957.3,3.89,,-0.0343,0.1707,2.4824,0.01686,0.4714
161,1327104,331776,176,960.4,3.89,,-0.0341,0.1441,2.511,0.01646,0.4697
162,1335296,333824,176,963.5,3.89,,-0.0332,0.1442,2.5011,0.01704,0.4779
163,1343488,335872,176,966.7,3.89,,-0.0296,0.105,2.5126,0.01593,0.4919
164,1351680,337920,176,969.8,3.89,,-0.0339,0.1538,2.5087,0.01735,0.4872
165,1359872,339968,176,973.0,3.89,,-0.0313,0.1644,2.4948,0.01595,0.4714
166,1368064,342016,180,976.2,3.87,,-0.0346,0.0955,2.4918,0.01735,0.4884
167,1376256,344064,192,979.5,4.17,,-0.027,0.096,2.4922,0.01566,0.4923
168,1384448,346112,192,982.6,4.17,,-0.0302,0.1235,2.5162,0.01486,0.451
169,1392640,348160,192,985.7,4.17,,-0.0306,0.2054,2.4412,0.01551,0.4595
170,1400832,350208,192,988.8,4.17,,-0.0272,0.1451,2.4448,0.01626,0.4869
171,1409024,352256,192,991.9,4.17,,-0.0328,0.1123,2.4706,0.01627,0.4763
172,1417216,354304,192,995.0,4.17,,-0.027,0.0986,2.4619,0.01479,0.4465
173,1425408,356352,192,998.1,4.17,,-0.0264,0.1804,2.4319,0.01679,0.4784
174,1433600,358400,192,1001.3,4.17,,-0.0317,0.2221,2.3989,0.01583,0.4673
175,1441792,360448,192,1004.4,4.17,,-0.0295,0.1086,2.4221,0.01781,0.4705
176,1449984,362496,192,1007.6,4.17,,-0.0331,0.1271,2.3828,0.01577,0.4689
177,1458176,364544,192,1010.7,4.17,,-0.0338,0.1286,2.384,0.01763,0.4895
178,1466368,366592,192,1013.8,4.17,,-0.0305,0.1229,2.3142,0.01809,0.4866
179,1474560,368640,192,1017.0,4.17,,-0.0322,0.1384,2.3262,0.0168,0.4745
180,1482752,370688,204,1020.3,4.31,,-0.0301,0.1538,2.3916,0.01883,0.5144
181,1490944,372736,208,1023.5,4.39,,-0.0295,0.1026,2.4035,0.01709,0.476
182,1499136,374784,208,1026.6,4.39,,-0.0255,0.1653,2.3946,0.01515,0.4801
183,1507328,376832,208,1029.7,4.39,,-0.0286,0.1371,2.4188,0.01763,0.5
184,1515520,378880,208,1032.8,4.39,,-0.0267,0.136,2.421,0.01417,0.4739
185,1523712,380928,208,1035.9,4.39,,-0.0298,0.1011,2.4294,0.01587,0.4852
186,1531904,382976,208,1039.0,4.39,,-0.0301,0.1086,2.406,0.0166,0.4758
187,1540096,385024,208,1042.1,4.39,,-0.0297,0.1251,2.4113,0.01651,0.4896
188,1548288,387072,208,1045.3,4.39,,-0.0322,0.1342,2.3579,0.01733,0.4908
189,1556480,389120,208,1048.4,4.39,,-0.0304,0.0933,2.3628,0.01686,0.4878
190,1564672,391168,208,1051.5,4.39,,-0.0286,0.0929,2.3689,0.0172,0.495
191,1572864,393216,208,1054.7,4.39,,-0.0247,0.2036,2.3337,0.01809,0.5089
192,1581056,395264,208,1057.8,4.39,,-0.0307,0.1635,2.3338,0.01852,0.4974
193,1589248,397312,208,1060.9,4.39,,-0.0256,0.2917,2.3499,0.0164,0.481
194,1597440,399360,224,1064.3,4.19,,-0.027,0.1017,2.2807,0.01886,0.5135
195,1605632,401408,224,1067.4,4.19,,-0.0284,0.1957,2.3383,0.01843,0.4955
196,1613824,403456,224,1070.5,4.19,,-0.0311,0.1635,2.3309,0.01899,0.4923
197,1622016,405504,224,1073.7,4.19,,-0.031,0.1411,2.319,0.01741,0.4753
198,1630208,407552,224,1076.8,4.19,,-0.0331,0.1177,2.3528,0.01653,0.4686
199,1638400,409600,224,1079.9,4.19,,-0.0295,0.1296,2.3573,0.01533,0.4685
200,1646592,411648,224,1309.7,4.19,6.630000114440918,-0.0294,0.0966,2.3929,0.01757,0.4911
201,1654784,413696,224,1312.8,4.19,,-0.0315,0.1482,2.3397,0.01567,0.4744
202,1662976,415744,224,1315.9,4.19,,-0.0339,0.1481,2.3388,0.01732,0.4663
203,1671168,417792,224,1319.1,4.19,,-0.0335,0.1225,2.3447,0.01755,0.4904
204,1679360,419840,224,1322.2,4.19,,-0.0323,0.1031,2.3245,0.01775,0.4757
205,1687552,421888,224,1325.3,4.19,,-0.032,0.1569,2.3242,0.01618,0.4712
206,1695744,423936,224,1328.4,4.19,,-0.0329,0.1777,2.3206,0.02137,0.5096
207,1703936,425984,224,1331.6,4.19,,-0.031,0.1824,2.2879,0.02056,0.498
208,1712128,428032,240,1335.0,4.48,,-0.0307,0.1325,2.2208,0.01944,0.493
209,1720320,430080,240,1338.1,4.48,,-0.0313,0.1371,2.2613,0.01918,0.4911
210,1728512,432128,240,1341.2,4.48,,-0.028,0.1325,2.3166,0.01863,0.4862
211,1736704,434176,240,1344.3,4.48,,-0.0247,0.087,2.3329,0.0187,0.5242
212,1744896,436224,240,1347.4,4.48,,-0.0301,0.1831,2.3296,0.01782,0.4838
213,1753088,438272,240,1350.5,4.48,,-0.0315,0.1041,2.3294,0.02062,0.5031
214,1761280,440320,240,1353.6,4.48,,-0.0279,0.0822,2.4068,0.0202,0.4978
215,1769472,442368,240,1356.7,4.48,,-0.031,0.1534,2.3754,0.01898,0.5164
216,1777664,444416,240,1359.8,4.48,,-0.0296,0.1569,2.3551,0.01847,0.4874
217,1785856,446464,240,1363.0,4.48,,-0.0318,0.1378,2.3576,0.01934,0.5042
218,1794048,448512,240,1366.1,4.48,,-0.0281,0.1579,2.3475,0.01747,0.4905
219,1802240,450560,240,1369.3,4.48,,-0.0329,0.1837,2.2901,0.01922,0.4971
220,1810432,452608,240,1372.4,4.48,,-0.028,0.1614,2.3313,0.01798,0.4966
221,1818624,454656,240,1375.5,4.48,,-0.0299,0.1709,2.3638,0.01884,0.5017
222,1826816,456704,256,1378.9,4.78,,-0.0291,0.1093,2.2817,0.01847,0.4844
223,1835008,458752,256,1382.0,4.78,,-0.0307,0.2186,2.3538,0.01841,0.4799
224,1843200,460800,256,1385.1,4.78,,-0.0335,0.1217,2.3525,0.01885,0.4905
225,1851392,462848,256,1388.2,4.78,,-0.0304,0.1407,2.2827,0.01778,0.4764
226,1859584,464896,256,1391.4,4.78,,-0.0295,0.2472,2.341,0.01728,0.4738
227,1867776,466944,256,1394.5,4.78,,-0.0313,0.1349,2.3624,0.0198,0.5039
228,1875968,468992,256,1397.6,4.78,,-0.0322,0.0968,2.3054,0.02037,0.5109
229,1884160,471040,256,1400.7,4.78,,-0.0319,0.1398,2.3293,0.02021,0.5199
230,1892352,473088,256,1403.8,4.78,,-0.0299,0.2352,2.275,0.02097,0.4834
231,1900544,475136,256,1407.0,4.78,,-0.0305,0.1328,2.2457,0.0209,0.5051
232,1908736,477184,256,1410.1,4.78,,-0.0336,0.1498,2.3277,0.01921,0.4888
233,1916928,479232,256,1413.2,4.78,,-0.0341,0.1615,2.3164,0.01893,0.491
234,1925120,481280,256,1416.4,4.78,,-0.0369,0.1354,2.3436,0.02077,0.491
235,1933312,483328,256,1419.5,4.78,,-0.0302,0.1786,2.3269,0.02003,0.5127
236,1941504,485376,272,1422.9,4.69,,-0.034,0.1085,2.2927,0.0208,0.5022
237,1949696,487424,272,1426.0,4.69,,-0.0341,0.1513,2.3563,0.0167,0.4827
238,1957888,489472,272,1429.1,4.69,,-0.0334,0.1228,2.3704,0.01991,0.5063
239,1966080,491520,272,1432.2,4.69,,-0.0289,0.2124,2.3747,0.02072,0.4912
240,1974272,493568,272,1435.3,4.69,,-0.0271,0.2287,2.3303,0.02092,0.4935
241,1982464,495616,272,1438.5,4.69,,-0.0308,0.1149,2.3438,0.02108,0.5145
242,1990656,497664,272,1441.6,4.69,,-0.0333,0.0988,2.381,0.02052,0.5168
243,1998848,499712,272,1444.7,4.69,,-0.0333,0.1477,2.4033,0.02287,0.5126
244,2007040,501760,272,1447.8,4.69,,-0.0334,0.1364,2.372,0.02024,0.4891
245,2015232,503808,272,1451.0,4.69,,-0.0311,0.1111,2.4037,0.02204,0.5183
246,2023424,505856,272,1454.1,4.69,,-0.0332,0.1196,2.3835,0.02075,0.5151
247,2031616,507904,272,1457.2,4.69,,-0.0332,0.1823,2.3029,0.02161,0.5344
248,2039808,509952,272,1460.3,4.69,,-0.0357,0.123,2.3369,0.02367,0.5327
249,2048000,512000,272,1463.5,4.69,,-0.0316,0.1615,2.2979,0.02386,0.5212
250,2056192,514048,288,1466.9,5.22,,-0.0333,0.1364,2.2508,0.02122,0.5121
251,2064384,516096,288,1470.0,5.22,,-0.0335,0.0907,2.3475,0.01698,0.4778
252,2072576,518144,288,1473.1,5.22,,-0.0328,0.1409,2.3347,0.01688,0.4696
253,2080768,520192,288,1476.2,5.22,,-0.0333,0.1729,2.3509,0.02143,0.4872
254,2088960,522240,288,1479.3,5.22,,-0.0339,0.1132,2.3041,0.02258,0.5165
255,2097152,524288,288,1482.4,5.22,,-0.0351,0.1057,2.2955,0.02057,0.5044
256,2105344,526336,288,1485.5,5.22,,-0.0297,0.1748,2.2876,0.02153,0.5056
257,2113536,528384,288,1488.6,5.22,,-0.0318,0.2235,2.2695,0.01904,0.5104
258,2121728,530432,288,1491.8,5.22,,-0.0336,0.1413,2.2844,0.02381,0.5092
259,2129920,532480,288,1494.9,5.22,,-0.0327,0.1479,2.2486,0.02336,0.5065
260,2138112,534528,288,1498.0,5.22,,-0.0346,0.1369,2.2775,0.01846,0.4841
261,2146304,536576,288,1501.2,5.22,,-0.0327,0.233,2.2472,0.02059,0.4999
262,2154496,538624,288,1504.3,5.22,,-0.0318,0.1293,2.2607,0.02057,0.4865
263,2162688,540672,288,1507.4,5.22,,-0.0335,0.2113,2.2511,0.02194,0.4941
264,2170880,542720,304,1510.8,5.8,,-0.0288,0.179,2.2426,0.01911,0.4824
265,2179072,544768,304,1513.9,5.8,,-0.0305,0.1262,2.2573,0.02223,0.5089
266,2187264,546816,304,1517.0,5.8,,-0.0328,0.161,2.2504,0.01977,0.4977
267,2195456,548864,304,1520.1,5.8,,-0.032,0.1448,2.2087,0.01983,0.4982
268,2203648,550912,304,1523.2,5.8,,-0.0355,0.1362,2.2878,0.02385,0.5298
269,2211840,552960,304,1526.4,5.8,,-0.0355,0.1236,2.2831,0.02331,0.5021
270,2220032,555008,304,1529.5,5.8,,-0.0303,0.1387,2.2342,0.02553,0.5215
271,2228224,557056,304,1532.6,5.8,,-0.0346,0.1895,2.2266,0.02429,0.5339
272,2236416,559104,304,1535.8,5.8,,-0.0317,0.1272,2.1964,0.02576,0.5256
273,2244608,561152,304,1538.9,5.8,,-0.0321,0.1249,2.2113,0.02317,0.5131
274,2252800,563200,304,1542.0,5.8,,-0.0316,0.162,2.1976,0.02492,0.5166
275,2260992,565248,304,1545.2,5.8,,-0.0343,0.1675,2.2341,0.02383,0.4988
276,2269184,567296,304,1548.3,5.8,,-0.0319,0.1182,2.2577,0.02442,0.5297
277,2277376,569344,304,1551.5,5.8,,-0.0331,0.1211,2.2665,0.02325,0.5073
278,2285568,571392,320,1554.8,6.38,,-0.0343,0.1413,2.1805,0.02523,0.5414
279,2293760,573440,320,1557.9,6.38,,-0.0274,0.1325,2.2303,0.02451,0.5232
280,2301952,575488,320,1561.1,6.38,,-0.0339,0.1687,2.3186,0.02333,0.5081
281,2310144,577536,320,1564.2,6.38,,-0.0369,0.1074,2.3895,0.02334,0.5338
282,2318336,579584,320,1567.3,6.38,,-0.0345,0.1265,2.379,0.02133,0.5194
283,2326528,581632,320,1570.4,6.38,,-0.035,0.1554,2.3834,0.02179,0.4899
284,2334720,583680,320,1573.5,6.38,,-0.0356,0.1271,2.3882,0.02021,0.4827
285,2342912,585728,320,1576.7,6.38,,-0.0363,0.176,2.3426,0.02259,0.5055
286,2351104,587776,320,1579.8,6.38,,-0.0337,0.1751,2.3405,0.02506,0.5282
287,2359296,589824,320,1582.9,6.38,,-0.0373,0.1485,2.3527,0.02055,0.4982
288,2367488,591872,320,1586.1,6.38,,-0.0361,0.1483,2.348,0.02281,0.5229
289,2375680,593920,320,1589.2,6.38,,-0.0379,0.1304,2.3818,0.02351,0.5361
290,2383872,595968,320,1592.3,6.38,,-0.036,0.1363,2.3861,0.02444,0.5233
291,2392064,598016,320,1595.5,6.38,,-0.0335,0.1349,2.4015,0.02376,0.5139
292,2400256,600064,336,1598.9,7.3,,-0.037,0.1208,2.4043,0.0194,0.4949
293,2408448,602112,336,1602.0,7.3,,-0.0365,0.1242,2.4404,0.01839,0.4933
294,2416640,604160,336,1605.1,7.3,,-0.0361,0.1291,2.4254,0.01979,0.5095
295,2424832,606208,336,1608.2,7.3,,-0.0356,0.1281,2.43,0.02097,0.4989
296,2433024,608256,336,1611.3,7.3,,-0.0387,0.1023,2.446,0.02099,0.4939
297,2441216,610304,336,1614.4,7.3,,-0.0313,0.11,2.3871,0.02373,0.5221
298,2449408,612352,336,1617.5,7.3,,-0.034,0.1247,2.3722,0.02221,0.5308
299,2457600,614400,336,1620.7,7.3,,-0.0381,0.1527,2.3509,0.02267,0.5122
300,2465792,616448,336,1850.3,7.3,12.800000190734863,-0.0374,0.134,2.3383,0.02673,0.5386
301,2473984,618496,336,1853.4,7.3,,-0.031,0.1307,2.3364,0.02451,0.5298
302,2482176,620544,336,1856.6,7.3,,-0.0367,0.1204,2.3178,0.02476,0.542
303,2490368,622592,336,1859.7,7.3,,-0.0354,0.1121,2.3197,0.02112,0.5027
304,2498560,624640,336,1862.8,7.3,,-0.0352,0.1252,2.3038,0.02425,0.5215
305,2506752,626688,336,1865.9,7.3,,-0.0281,0.1317,2.3021,0.02168,0.5103
306,2514944,628736,352,1869.3,7.49,,-0.0344,0.1294,2.2675,0.02114,0.5048
307,2523136,630784,352,1872.4,7.49,,-0.0364,0.1407,2.3386,0.02196,0.4965
308,2531328,632832,352,1875.5,7.49,,-0.0372,0.1182,2.3432,0.02336,0.5255
309,2539520,634880,352,1878.6,7.49,,-0.0336,0.1463,2.3001,0.02364,0.5215
310,2547712,636928,352,1881.7,7.49,,-0.0312,0.1331,2.3534,0.02306,0.525
311,2555904,638976,352,1884.8,7.49,,-0.0333,0.1129,2.3093,0.02597,0.5391
312,2564096,641024,352,1888.0,7.49,,-0.0366,0.1324,2.3557,0.02172,0.5306
313,2572288,643072,352,1891.1,7.49,,-0.0335,0.0983,2.3295,0.0236,0.4923
314,2580480,645120,352,1894.2,7.49,,-0.0352,0.136,2.3678,0.02201,0.498
315,2588672,647168,352,1897.3,7.49,,-0.0322,0.1271,2.3348,0.02275,0.525
316,2596864,649216,352,1900.5,7.49,,-0.0317,0.1543,2.3434,0.02449,0.5287
317,2605056,651264,352,1903.6,7.49,,-0.0369,0.1301,2.2913,0.02232,0.5198
318,2613248,653312,352,1906.7,7.49,,-0.036,0.1202,2.3293,0.02509,0.5212
319,2621440,655360,352,1909.9,7.49,,-0.033,0.139,2.3882,0.0234,0.5164
320,2629632,657408,368,1913.2,7.51,,-0.032,0.1926,2.3185,0.02195,0.5046
321,2637824,659456,368,1916.3,7.51,,-0.0348,0.118,2.3502,0.01842,0.4752
322,2646016,661504,368,1919.4,7.51,,-0.0351,0.1534,2.4173,0.01961,0.4956
323,2654208,663552,368,1922.5,7.51,,-0.0304,0.144,2.4123,0.01882,0.4797
324,2662400,665600,368,1925.6,7.51,,-0.0373,0.0952,2.4736,0.01944,0.488
325,2670592,667648,368,1928.8,7.51,,-0.033,0.1027,2.4385,0.01775,0.462
326,2678784,669696,368,1931.9,7.51,,-0.0325,0.1461,2.4131,0.0175,0.4645
327,2686976,671744,368,1935.0,7.51,,-0.0345,0.2271,2.4026,0.02335,0.5254
328,2695168,673792,368,1938.1,7.51,,-0.0352,0.153,2.4206,0.01965,0.5076
329,2703360,675840,368,1941.3,7.51,,-0.0326,0.1653,2.3879,0.01944,0.4823
330,2711552,677888,368,1944.4,7.51,,-0.0356,0.132,2.3407,0.01891,0.4834
331,2719744,679936,368,1947.6,7.51,,-0.0381,0.1982,2.4344,0.02097,0.5066
332,2727936,681984,368,1950.7,7.51,,-0.0298,0.178,2.4116,0.01995,0.4987
333,2736128,684032,370,1953.9,7.57,,-0.0309,0.1358,2.3863,0.02238,0.5039
334,2744320,686080,384,1957.2,7.66,,-0.0335,0.1514,2.2512,0.01891,0.4822
335,2752512,688128,384,1960.3,7.66,,-0.0345,0.1349,2.3183,0.01914,0.4934
336,2760704,690176,384,1963.4,7.66,,-0.0313,0.2545,2.3249,0.02062,0.4919
337,2768896,692224,384,1966.5,7.66,,-0.0359,0.1653,2.3227,0.02066,0.4937
338,2777088,694272,384,1969.6,7.66,,-0.034,0.0902,2.3568,0.01996,0.4991
339,2785280,696320,384,1972.8,7.66,,-0.0357,0.1845,2.3397,0.02116,0.4927
340,2793472,698368,384,1975.9,7.66,,-0.0339,0.2096,2.3322,0.02116,0.5031
341,2801664,700416,384,1979.0,7.66,,-0.0354,0.2311,2.3496,0.01922,0.4921
342,2809856,702464,384,1982.1,7.66,,-0.0327,0.1316,2.279,0.0231,0.4973
343,2818048,704512,384,1985.3,7.66,,-0.0337,0.1471,2.2726,0.02385,0.5005
344,2826240,706560,384,1988.4,7.66,,-0.0348,0.1126,2.2859,0.019,0.4763
345,2834432,708608,384,1991.6,7.66,,-0.0344,0.1592,2.3153,0.02253,0.5077
346,2842624,710656,384,1994.7,7.66,,-0.0299,0.1858,2.3452,0.02137,0.5177
347,2850816,712704,389,1997.9,7.89,,-0.0359,0.1008,2.3665,0.0217,0.5077
348,2859008,714752,400,2001.2,8.9,,-0.0348,0.1437,2.2787,0.02262,0.5077
349,2867200,716800,400,2004.3,8.9,,-0.0353,0.1357,2.2958,0.01953,0.4918
350,2875392,718848,400,2007.4,8.9,,-0.0357,0.1336,2.3786,0.02013,0.4968
351,2883584,720896,400,2010.5,8.9,,-0.0364,0.1164,2.3281,0.01806,0.4753
352,2891776,722944,400,2013.7,8.9,,-0.0359,0.1148,2.3206,0.02132,0.4899
353,2899968,724992,400,2016.8,8.9,,-0.0349,0.0996,2.2568,0.01982,0.4713
354,2908160,727040,400,2019.9,8.9,,-0.0326,0.1242,2.2713,0.01852,0.4956
355,2916352,729088,400,2023.1,8.9,,-0.0315,0.1674,2.2391,0.0207,0.4908
356,2924544,731136,400,2026.2,8.9,,-0.033,0.1528,2.2101,0.02041,0.4827
357,2932736,733184,400,2029.3,8.9,,-0.0321,0.1374,2.2176,0.01926,0.5039
358,2940928,735232,400,2032.5,8.9,,-0.0327,0.1599,2.1874,0.01953,0.4874
359,2949120,737280,400,2035.6,8.9,,-0.0343,0.1461,2.2379,0.0216,0.4915
360,2957312,739328,400,2038.8,8.9,,-0.0303,0.1323,2.18,0.02145,0.5011
361,2965504,741376,414,2042.1,9.85,,-0.0296,0.1484,2.2569,0.0191,0.4816
362,2973696,743424,416,2045.3,9.86,,-0.032,0.1659,2.2365,0.02221,0.5082
363,2981888,745472,416,2048.4,9.86,,-0.0354,0.1791,2.2703,0.02152,0.5099
364,2990080,747520,416,2051.5,9.86,,-0.0345,0.1689,2.2791,0.02223,0.5096
365,2998272,749568,416,2054.6,9.86,,-0.034,0.1495,2.2061,0.01918,0.4998
366,3006464,751616,416,2057.7,9.86,,-0.0343,0.1428,2.2312,0.0198,0.4712
367,3014656,753664,416,2060.9,9.86,,-0.0284,0.1606,2.1933,0.02215,0.4946
368,3022848,755712,416,2064.0,9.86,,-0.0331,0.1789,2.2276,0.02005,0.4999
369,3031040,757760,416,2067.2,9.86,,-0.0307,0.2948,2.2513,0.02379,0.5231
370,3039232,759808,416,2070.3,9.86,,-0.0331,0.1739,2.2557,0.01964,0.4825
371,3047424,761856,416,2073.4,9.86,,-0.0314,0.1681,2.2378,0.01999,0.5027
372,3055616,763904,416,2076.6,9.86,,-0.03,0.1668,2.2071,0.02263,0.5222
373,3063808,765952,416,2079.7,9.86,,-0.0348,0.1614,2.2529,0.01952,0.4935
374,3072000,768000,416,2082.9,9.86,,-0.0319,0.1468,2.2339,0.01986,0.4913
375,3080192,770048,432,2086.3,10.73,,-0.0326,0.1375,2.2005,0.02204,0.5085
376,3088384,772096,432,2089.4,10.73,,-0.0359,0.1782,2.2433,0.02068,0.5006
377,3096576,774144,432,2092.5,10.73,,-0.0313,0.1419,2.2364,0.01949,0.4907
378,3104768,776192,432,2095.6,10.73,,-0.0376,0.1599,2.2627,0.02054,0.495
379,3112960,778240,432,2098.7,10.73,,-0.0283,0.1915,2.2706,0.01906,0.4808
380,3121152,780288,432,2101.9,10.73,,-0.0304,0.0915,2.2148,0.02081,0.5054
381,3129344,782336,432,2105.0,10.73,,-0.0282,0.2282,2.2292,0.01928,0.4819
382,3137536,784384,432,2108.1,10.73,,-0.0362,0.2119,2.3036,0.02131,0.5048
383,3145728,786432,432,2111.2,10.73,,-0.034,0.2484,2.2786,0.02148,0.5039
384,3153920,788480,432,2114.4,10.73,,-0.0341,0.1637,2.2702,0.02152,0.4993
385,3162112,790528,432,2117.5,10.73,,-0.0324,0.1199,2.2379,0.02148,0.5151
386,3170304,792576,432,2120.7,10.73,,-0.0331,0.1781,2.2425,0.0219,0.515
387,3178496,794624,432,2123.8,10.73,,-0.0332,0.202,2.2533,0.02174,0.5261
388,3186688,796672,432,2127.0,10.73,,-0.0352,0.1853,2.2095,0.01906,0.4672
389,3194880,798720,448,2130.4,11.5,,-0.0316,0.1169,2.1017,0.02238,0.501
390,3203072,800768,448,2133.5,11.5,,-0.0347,0.1583,2.2231,0.0216,0.4915
391,3211264,802816,448,2136.6,11.5,,-0.0325,0.145,2.2154,0.0203,0.4968
392,3219456,804864,448,2139.7,11.5,,-0.0317,0.1891,2.2784,0.0209,0.4906
393,3227648,806912,448,2142.8,11.5,,-0.0359,0.1552,2.2048,0.02111,0.5054
394,3235840,808960,448,2146.0,11.5,,-0.0285,0.1217,2.204,0.02093,0.5118
395,3244032,811008,448,2149.1,11.5,,-0.0317,0.151,2.2079,0.02036,0.4987
396,3252224,813056,448,2152.2,11.5,,-0.031,0.2649,2.2318,0.02225,0.4969
397,3260416,815104,448,2155.4,11.5,,-0.0345,0.1891,2.1925,0.02139,0.4879
398,3268608,817152,448,2158.5,11.5,,-0.0342,0.1369,2.1627,0.02413,0.5016
399,3276800,819200,448,2161.6,11.5,,-0.0346,0.1808,2.193,0.02147,0.5103
400,3284992,821248,448,2392.9,11.5,36.220001220703125,-0.0333,0.2159,2.1644,0.02114,0.4863
401,3293184,823296,448,2396.0,11.5,,-0.0249,0.2087,2.1961,0.02232,0.4871
402,3301376,825344,448,2399.2,11.5,,-0.0375,0.236,2.2036,0.02251,0.5071
403,3309568,827392,464,2402.6,13.67,,-0.0333,0.1828,2.1433,0.02221,0.5082
404,3317760,829440,464,2405.7,13.67,,-0.0344,0.1383,2.2385,0.01767,0.4839
405,3325952,831488,464,2408.8,13.67,,-0.0335,0.2057,2.2558,0.01935,0.488
406,3334144,833536,464,2411.9,13.67,,-0.036,0.1365,2.2597,0.01896,0.4777
407,3342336,835584,464,2415.0,13.67,,-0.0318,0.1392,2.2264,0.02051,0.4999
408,3350528,837632,464,2418.2,13.67,,-0.0339,0.1146,2.224,0.02005,0.4911
409,3358720,839680,464,2421.3,13.67,,-0.0275,0.2509,2.2403,0.01714,0.4734
410,3366912,841728,464,2424.5,13.67,,-0.0308,0.2499,2.2414,0.01998,0.4713
411,3375104,843776,464,2427.6,13.67,,-0.0325,0.2768,2.2795,0.01939,0.491
412,3383296,845824,464,2430.7,13.67,,-0.0349,0.1436,2.2592,0.01927,0.467
413,3391488,847872,464,2433.9,13.67,,-0.0363,0.1536,2.2844,0.01921,0.4838
414,3399680,849920,464,2437.0,13.67,,-0.0256,0.332,2.294,0.01883,0.5143
415,3407872,851968,464,2440.2,13.67,,-0.0314,0.2096,2.2785,0.02139,0.4825
416,3416064,854016,464,2443.3,13.67,,-0.0314,0.2874,2.3044,0.02145,0.5029
417,3424256,856064,480,2446.7,15.04,,-0.0337,0.1603,2.2736,0.01848,0.4624
418,3432448,858112,480,2449.8,15.04,,-0.0315,0.2563,2.3562,0.02027,0.4941
419,3440640,860160,480,2452.9,15.04,,-0.0283,0.2702,2.3367,0.01873,0.4854
420,3448832,862208,480,2456.0,15.04,,-0.0305,0.1907,2.2796,0.02072,0.5067
421,3457024,864256,480,2459.1,15.04,,-0.0322,0.0899,2.2937,0.02061,0.4943
422,3465216,866304,480,2462.3,15.04,,-0.0311,0.0866,2.2945,0.01862,0.4978
423,3473408,868352,480,2465.4,15.04,,-0.0317,0.1205,2.3339,0.02088,0.5105
424,3481600,870400,480,2468.5,15.04,,-0.0357,0.1476,2.2859,0.0198,0.4946
425,3489792,872448,480,2471.7,15.04,,-0.0358,0.1525,2.3009,0.02264,0.5298
426,3497984,874496,480,2474.8,15.04,,-0.0334,0.1647,2.3017,0.02335,0.5166
427,3506176,876544,480,2478.0,15.04,,-0.0318,0.1493,2.2421,0.02083,0.4884
428,3514368,878592,480,2481.1,15.04,,-0.0353,0.162,2.2844,0.01916,0.49
429,3522560,880640,480,2484.3,15.04,,-0.035,0.128,2.2317,0.02158,0.5133
430,3530752,882688,480,2487.4,15.04,,-0.0354,0.1532,2.2302,0.0202,0.4985
431,3538944,884736,496,2490.8,15.6,,-0.0288,0.1564,2.2334,0.02057,0.4922
432,3547136,886784,496,2493.9,15.6,,-0.0303,0.2321,2.272,0.02202,0.4984
433,3555328,888832,496,2497.0,15.6,,-0.0323,0.1595,2.3142,0.0225,0.5085
434,3563520,890880,496,2500.1,15.6,,-0.0338,0.147,2.3433,0.01939,0.5048
435,3571712,892928,496,2503.3,15.6,,-0.0353,0.094,2.3344,0.02178,0.502
436,3579904,894976,496,2506.4,15.6,,-0.0325,0.0956,2.3243,0.02059,0.4878
437,3588096,897024,496,2509.5,15.6,,-0.0339,0.1914,2.3151,0.02155,0.4998
438,3596288,899072,496,2512.7,15.6,,-0.0374,0.1595,2.2653,0.01945,0.4918
439,3604480,901120,496,2515.8,15.6,,-0.0336,0.186,2.2838,0.02236,0.5121
440,3612672,903168,496,2518.9,15.6,,-0.0321,0.1428,2.2297,0.02076,0.4985
441,3620864,905216,496,2522.1,15.6,,-0.0362,0.1443,2.2576,0.02221,0.5023
442,3629056,907264,496,2525.2,15.6,,-0.0361,0.1586,2.2554,0.0212,0.5172
443,3637248,909312,496,2528.4,15.6,,-0.033,0.1284,2.2632,0.01955,0.502
444,3645440,911360,496,2531.5,15.6,,-0.0095,0.2629,2.2982,0.02375,0.5309
445,3653632,913408,512,2534.9,15.99,,-0.034,0.1418,2.3498,0.02111,0.5243
446,3661824,915456,512,2538.0,15.99,,-0.0352,0.1564,2.3828,0.02133,0.5018
447,3670016,917504,512,2541.1,15.99,,-0.0361,0.1686,2.3942,0.02183,0.5093
448,3678208,919552,512,2544.2,15.99,,-0.035,0.1138,2.33,0.02129,0.4977
449,3686400,921600,512,2547.3,15.99,,-0.0373,0.1374,2.3329,0.02237,0.5005
450,3694592,923648,512,2550.4,15.99,,-0.0343,0.1155,2.3323,0.02353,0.5327
451,3702784,925696,512,2553.5,15.99,,-0.0363,0.1688,2.3193,0.02223,0.4969
452,3710976,927744,512,2556.7,15.99,,-0.0344,0.2382,2.2952,0.02124,0.498
453,3719168,929792,512,2559.8,15.99,,-0.034,0.2353,2.3191,0.02666,0.5277
454,3727360,931840,512,2562.9,15.99,,-0.0341,0.1419,2.2629,0.02027,0.5005
455,3735552,933888,512,2566.1,15.99,,-0.0344,0.1235,2.2468,0.02158,0.5002
456,3743744,935936,512,2569.2,15.99,,-0.0321,0.1477,2.2272,0.02217,0.5106
457,3751936,937984,512,2572.3,15.99,,-0.0356,0.155,2.2512,0.02509,0.5292
458,3760128,940032,512,2575.5,15.99,,-0.0289,0.1232,2.2497,0.02444,0.5215
459,3768320,942080,528,2578.8,15.77,,-0.0344,0.1021,2.2743,0.01954,0.5095
460,3776512,944128,528,2581.9,15.77,,-0.0294,0.1288,2.289,0.02354,0.5067
461,3784704,946176,528,2585.0,15.77,,-0.0366,0.1429,2.2752,0.02075,0.4812
462,3792896,948224,528,2588.2,15.77,,-0.0356,0.1101,2.2583,0.02197,0.5005
463,3801088,950272,528,2591.3,15.77,,-0.0264,0.1477,2.2875,0.02336,0.5011
464,3809280,952320,528,2594.4,15.77,,-0.034,0.1218,2.29,0.02215,0.5055
465,3817472,954368,528,2597.5,15.77,,-0.0376,0.1342,2.2913,0.02093,0.4983
466,3825664,956416,528,2600.7,15.77,,-0.0357,0.2179,2.2602,0.02169,0.4943
467,3833856,958464,528,2603.8,15.77,,-0.0382,0.1984,2.2388,0.02016,0.4991
468,3842048,960512,528,2606.9,15.77,,-0.032,0.1568,2.2327,0.02222,0.5162
469,3850240,962560,528,2610.1,15.77,,-0.0347,0.1467,2.2673,0.02118,0.5051
470,3858432,964608,528,2613.2,15.77,,-0.0368,0.1669,2.2839,0.02306,0.516
471,3866624,966656,528,2616.3,15.77,,-0.0353,0.1396,2.2438,0.02228,0.5167
472,3874816,968704,528,2619.5,15.77,,-0.032,0.1334,2.2559,0.02272,0.521
473,3883008,970752,544,2622.9,15.65,,-0.0338,0.1323,2.3254,0.02049,0.5057
474,3891200,972800,544,2625.9,15.65,,-0.0333,0.1159,2.2996,0.01978,0.4897
475,3899392,974848,544,2629.1,15.65,,-0.0324,0.1857,2.2968,0.02111,0.4883
476,3907584,976896,544,2632.2,15.65,,-0.0326,0.1233,2.2708,0.02063,0.4735
477,3915776,978944,544,2635.3,15.65,,-0.0313,0.1465,2.2981,0.02222,0.5055
478,3923968,980992,544,2638.4,15.65,,-0.0354,0.1254,2.2769,0.02091,0.4877
479,3932160,983040,544,2641.6,15.65,,-0.0383,0.1504,2.2619,0.02291,0.5161
480,3940352,985088,544,2644.7,15.65,,-0.034,0.1349,2.2166,0.02268,0.517
481,3948544,987136,544,2647.8,15.65,,-0.0375,0.1761,2.222,0.02369,0.5173
482,3956736,989184,544,2651.0,15.65,,-0.0321,0.1593,2.2165,0.02057,0.488
483,3964928,991232,544,2654.1,15.65,,-0.0362,0.1396,2.2225,0.02238,0.4971
484,3973120,993280,544,2657.2,15.65,,-0.0364,0.2604,2.1854,0.02498,0.5098
485,3981312,995328,544,2660.4,15.65,,-0.0345,0.2772,2.2321,0.0246,0.5051
486,3989504,997376,545,2663.5,15.58,,-0.0362,0.1805,2.1909,0.02423,0.5078
487,3997696,999424,560,2666.9,15.84,,-0.0397,0.2037,2.2304,0.02516,0.5092
488,4005888,1001472,560,2670.0,15.84,,-0.0339,0.1424,2.2463,0.0255,0.5254
489,4014080,1003520,560,2673.1,15.84,,-0.0258,0.2722,2.2735,0.02386,0.5316
490,4022272,1005568,560,2676.2,15.84,,-0.0357,0.1734,2.2626,0.02526,0.4929
491,4030464,1007616,560,2679.4,15.84,,-0.0353,0.1322,2.248,0.02431,0.4939
492,4038656,1009664,560,2682.5,15.84,,-0.0362,0.1358,2.3052,0.02271,0.5183
493,4046848,1011712,560,2685.6,15.84,,-0.0331,0.2097,2.2978,0.0229,0.511
494,4055040,1013760,560,2688.7,15.84,,-0.0373,0.2162,2.306,0.03,0.5322
495,4063232,1015808,560,2691.9,15.84,,-0.0386,0.1482,2.2947,0.02753,0.522
496,4071424,1017856,560,2695.0,15.84,,-0.0359,0.138,2.2907,0.02694,0.5424
497,4079616,1019904,560,2698.1,15.84,,-0.0376,0.1866,2.2668,0.02715,0.5317
498,4087808,1021952,560,2701.3,15.84,,-0.0359,0.2207,2.2772,0.02903,0.5332
499,4096000,1024000,560,2704.4,15.84,,-0.0349,0.2141,2.2588,0.03138,0.5227
500,4104192,1026048,562,2935.5,15.96,40.59000015258789,-0.0352,0.1371,2.2353,0.02881,0.5294
501,4112384,1028096,576,2938.8,15.81,,-0.0389,0.156,2.2346,0.029,0.5333
502,4120576,1030144,576,2941.9,15.81,,-0.0387,0.1582,2.251,0.03134,0.5413
503,4128768,1032192,576,2945.0,15.81,,-0.036,0.1955,2.2901,0.02988,0.528
504,4136960,1034240,576,2948.1,15.81,,-0.0358,0.1363,2.2744,0.02412,0.5072
505,4145152,1036288,576,2951.2,15.81,,-0.0331,0.1415,2.3409,0.02492,0.5145
506,4153344,1038336,576,2954.4,15.81,,-0.0363,0.1561,2.3467,0.02841,0.5549
507,4161536,1040384,576,2957.5,15.81,,-0.0407,0.1194,2.3394,0.02723,0.5321
508,4169728,1042432,576,2960.6,15.81,,-0.0349,0.1839,2.2621,0.02741,0.5378
509,4177920,1044480,576,2963.7,15.81,,-0.038,0.1805,2.2879,0.02597,0.535
510,4186112,1046528,576,2966.9,15.81,,-0.0349,0.1582,2.251,0.02661,0.5276
511,4194304,1048576,576,2970.0,15.81,,-0.0364,0.1465,2.2552,0.0259,0.5278
512,4202496,1050624,576,2973.2,15.81,,-0.0343,0.2335,2.2782,0.0301,0.5541
513,4210688,1052672,576,2976.3,15.81,,-0.0337,0.2785,2.2886,0.02505,0.5166
514,4218880,1054720,578,2979.5,15.78,,-0.0352,0.1552,2.2615,0.03399,0.5498
515,4227072,1056768,592,2982.8,15.79,,-0.0345,0.2461,2.2555,0.03307,0.5547
516,4235264,1058816,592,2985.9,15.79,,-0.0385,0.1648,2.3319,0.02574,0.5061
517,4243456,1060864,592,2989.0,15.79,,-0.0393,0.178,2.2962,0.03031,0.5339
518,4251648,1062912,592,2992.1,15.79,,-0.0307,0.2212,2.2813,0.02872,0.5272
519,4259840,1064960,592,2995.3,15.79,,-0.0349,0.1122,2.3835,0.02722,0.5226
520,4268032,1067008,592,2998.4,15.79,,-0.031,0.2558,2.3776,0.02377,0.5067
521,4276224,1069056,592,3001.5,15.79,,-0.0327,0.272,2.3807,0.02666,0.5345
522,4284416,1071104,592,3004.6,15.79,,-0.037,0.2676,2.3451,0.02386,0.516
523,4292608,1073152,592,3007.8,15.79,,-0.0375,0.1756,2.3672,0.02419,0.52
524,4300800,1075200,592,3010.9,15.79,,-0.0348,0.1311,2.3679,0.02178,0.498
525,4308992,1077248,592,3014.0,15.79,,-0.036,0.1257,2.3936,0.0247,0.5294
526,4317184,1079296,592,3017.1,15.79,,-0.0408,0.2221,2.3783,0.02588,0.5228
527,4325376,1081344,592,3020.3,15.79,,-0.0399,0.219,2.3442,0.02655,0.524
528,4333568,1083392,598,3023.5,15.82,,-0.0376,0.1125,2.4085,0.02732,0.5179
529,4341760,1085440,608,3026.7,15.72,,-0.0384,0.1678,2.3374,0.02466,0.5137
530,4349952,1087488,608,3029.9,15.72,,-0.0415,0.1464,2.4006,0.02722,0.5247
531,4358144,1089536,608,3033.0,15.72,,-0.0362,0.1524,2.4034,0.03141,0.5388
532,4366336,1091584,608,3036.1,15.72,,-0.0418,0.1498,2.4245,0.02785,0.5262
533,4374528,1093632,608,3039.2,15.72,,-0.0399,0.1377,2.4411,0.02742,0.5143
534,4382720,1095680,608,3042.3,15.72,,-0.0377,0.1335,2.4633,0.02781,0.5164
535,4390912,1097728,608,3045.5,15.72,,-0.0382,0.1449,2.431,0.02893,0.5348
536,4399104,1099776,608,3048.6,15.72,,-0.0392,0.1729,2.3729,0.02833,0.5204
537,4407296,1101824,608,3051.7,15.72,,-0.0379,0.1821,2.3783,0.02665,0.5243
538,4415488,1103872,608,3054.9,15.72,,-0.041,0.1295,2.3956,0.02578,0.5121
539,4423680,1105920,608,3058.0,15.72,,-0.038,0.1906,2.438,0.02679,0.5201
540,4431872,1107968,608,3061.1,15.72,,-0.0368,0.2427,2.3876,0.02525,0.5181
541,4440064,1110016,608,3064.3,15.72,,-0.0353,0.2319,2.4176,0.02472,0.5179
542,4448256,1112064,621,3067.6,15.1,,-0.0368,0.1455,2.4385,0.02409,0.5225
543,4456448,1114112,624,3070.8,15.35,,-0.0358,0.2369,2.4462,0.02452,0.5033
544,4464640,1116160,624,3073.9,15.35,,-0.0417,0.1629,2.4315,0.02641,0.5216
545,4472832,1118208,624,3077.0,15.35,,-0.0394,0.1174,2.4177,0.0295,0.5093
546,4481024,1120256,624,3080.1,15.35,,-0.0389,0.1234,2.3956,0.02476,0.516
547,4489216,1122304,624,3083.2,15.35,,-0.0321,0.1565,2.4846,0.02963,0.4978
548,4497408,1124352,624,3086.3,15.35,,-0.0326,0.2161,2.4068,0.026,0.4828
549,4505600,1126400,624,3089.5,15.35,,-0.0395,0.1774,2.4167,0.02877,0.5088
550,4513792,1128448,624,3092.6,15.35,,-0.0416,0.1715,2.3594,0.02567,0.517
551,4521984,1130496,624,3095.7,15.35,,-0.0405,0.1364,2.3712,0.0272,0.5459
552,4530176,1132544,624,3098.8,15.35,,-0.0388,0.1234,2.424,0.02402,0.506
553,4538368,1134592,624,3102.0,15.35,,-0.04,0.178,2.3799,0.02656,0.5111
554,4546560,1136640,624,3105.1,15.35,,-0.0396,0.2129,2.3629,0.03036,0.5342
555,4554752,1138688,624,3108.2,15.35,,-0.0389,0.1422,2.3581,0.02539,0.5234
556,4562944,1140736,639,3111.6,14.94,,-0.0416,0.1086,2.3779,0.03154,0.5507
557,4571136,1142784,640,3114.7,14.99,,-0.0388,0.1214,2.3601,0.02744,0.5193
558,4579328,1144832,640,3117.8,14.99,,-0.0362,0.1703,2.3644,0.02534,0.5153
559,4587520,1146880,640,3120.9,14.99,,-0.0402,0.1466,2.3466,0.02626,0.5116
560,4595712,1148928,640,3124.1,14.99,,-0.0375,0.1416,2.392,0.02382,0.5035
561,4603904,1150976,640,3127.2,14.99,,-0.038,0.1183,2.3919,0.031,0.528
562,4612096,1153024,640,3130.3,14.99,,-0.0389,0.0976,2.4095,0.02592,0.5333
563,4620288,1155072,640,3133.4,14.99,,-0.0403,0.1284,2.3975,0.0271,0.5334
564,4628480,1157120,640,3136.6,14.99,,-0.0397,0.1509,2.3992,0.02937,0.5264
565,4636672,1159168,640,3139.7,14.99,,-0.0412,0.1039,2.4195,0.027,0.5487
566,4644864,1161216,640,3142.8,14.99,,-0.0403,0.1875,2.3986,0.02877,0.5519
567,4653056,1163264,640,3146.0,14.99,,-0.0352,0.1511,2.3385,0.02943,0.5499
568,4661248,1165312,640,3149.1,14.99,,-0.0406,0.2106,2.3923,0.02441,0.5187
569,4669440,1167360,640,3152.3,14.99,,-0.0389,0.1851,2.3642,0.02821,0.5244
570,4677632,1169408,656,3155.7,14.97,,-0.0359,0.1624,2.3237,0.02927,0.5336
571,4685824,1171456,656,3158.8,14.97,,-0.0407,0.1329,2.3658,0.0284,0.5089
572,4694016,1173504,656,3161.9,14.97,,-0.0355,0.2088,2.391,0.02655,0.5125
573,4702208,1175552,656,3165.0,14.97,,-0.0376,0.1447,2.3703,0.0267,0.5128
574,4710400,1177600,656,3168.1,14.97,,-0.0408,0.118,2.413,0.02764,0.5244
575,4718592,1179648,656,3171.2,14.97,,-0.0354,0.1135,2.4272,0.02856,0.5442
576,4726784,1181696,656,3174.4,14.97,,-0.0323,0.1756,2.3733,0.02638,0.4967
577,4734976,1183744,656,3177.5,14.97,,-0.0401,0.1736,2.4046,0.0253,0.5232
578,4743168,1185792,656,3180.7,14.97,,-0.0369,0.2481,2.3643,0.03225,0.5294
579,4751360,1187840,656,3183.8,14.97,,-0.0391,0.1416,2.414,0.03209,0.5485
580,4759552,1189888,656,3186.9,14.97,,-0.0371,0.1964,2.419,0.03102,0.541
581,4767744,1191936,656,3190.1,14.97,,-0.0358,0.2013,2.4334,0.03093,0.5337
582,4775936,1193984,656,3193.2,14.97,,-0.0422,0.1452,2.4962,0.03804,0.5698
583,4784128,1196032,656,3196.3,14.97,,-0.042,0.1629,2.4562,0.03434,0.557
584,4792320,1198080,672,3199.7,13.94,,-0.0378,0.1749,2.377,0.03074,0.5386
585,4800512,1200128,672,3202.8,13.94,,-0.0389,0.1604,2.3672,0.02622,0.51
586,4808704,1202176,672,3205.9,13.94,,-0.038,0.169,2.3623,0.02644,0.5248
587,4816896,1204224,672,3209.0,13.94,,-0.0393,0.1555,2.3963,0.02718,0.5358
588,4825088,1206272,672,3212.2,13.94,,-0.0361,0.1624,2.3673,0.02944,0.5203
589,4833280,1208320,672,3215.3,13.94,,-0.0353,0.1308,2.3962,0.02955,0.5271
590,4841472,1210368,672,3218.4,13.94,,-0.0392,0.2195,2.34,0.03131,0.5522
591,4849664,1212416,672,3221.6,13.94,,-0.038,0.1992,2.2951,0.02872,0.5232
592,4857856,1214464,672,3224.7,13.94,,-0.0396,0.2211,2.24,0.03242,0.5134
593,4866048,1216512,672,3227.8,13.94,,-0.0345,0.2458,2.2516,0.03118,0.5317
594,4874240,1218560,672,3230.9,13.94,,-0.0379,0.1746,2.2319,0.02966,0.5291
595,4882432,1220608,672,3234.1,13.94,,-0.0377,0.1848,2.2298,0.03151,0.5536
596,4890624,1222656,672,3237.2,13.94,,-0.0382,0.1566,2.286,0.0345,0.5443
597,4898816,1224704,672,3240.4,13.94,,-0.0365,0.1991,2.2384,0.03188,0.5481
598,4907008,1226752,688,3243.7,13.29,,-0.0297,0.1942,2.2207,0.02686,0.5449
599,4915200,1228800,688,3246.8,13.29,,-0.0397,0.1609,2.248,0.03222,0.5283
600,4923392,1230848,688,3476.6,13.29,26.770000457763672,-0.0408,0.1761,2.2969,0.03199,0.5518
601,4931584,1232896,688,3479.7,13.29,,-0.0387,0.1838,2.2726,0.03279,0.5547
602,4939776,1234944,688,3482.9,13.29,,-0.0336,0.1903,2.2891,0.02895,0.5126
603,4947968,1236992,688,3486.0,13.29,,-0.0362,0.1651,2.281,0.02903,0.5292
604,4956160,1239040,688,3489.1,13.29,,-0.0348,0.1991,2.2465,0.0289,0.5251
605,4964352,1241088,688,3492.2,13.29,,-0.038,0.1743,2.2484,0.02842,0.5242
606,4972544,1243136,688,3495.4,13.29,,-0.0358,0.2242,2.2936,0.02842,0.5061
607,4980736,1245184,688,3498.5,13.29,,-0.0366,0.1201,2.2758,0.03064,0.5247
608,4988928,1247232,688,3501.7,13.29,,-0.0379,0.1811,2.2892,0.02656,0.5002
609,4997120,1249280,688,3504.8,13.29,,-0.0403,0.2192,2.2906,0.02825,0.5111
610,5005312,1251328,688,3507.9,13.29,,-0.035,0.1721,2.2992,0.02667,0.5038
611,5013504,1253376,688,3511.1,13.29,,-0.0348,0.2164,2.3076,0.02507,0.5116
612,5021696,1255424,704,3514.5,13.23,,-0.0394,0.1606,2.3106,0.02482,0.5143
613,5029888,1257472,704,3517.6,13.23,,-0.0389,0.1841,2.3413,0.02489,0.5095
614,5038080,1259520,704,3520.7,13.23,,-0.0375,0.1979,2.2905,0.0274,0.5322
615,5046272,1261568,704,3523.8,13.23,,-0.0348,0.2165,2.3132,0.0259,0.5089
616,5054464,1263616,704,3526.9,13.23,,-0.0362,0.2002,2.2881,0.03023,0.521
617,5062656,1265664,704,3530.0,13.23,,-0.0377,0.0997,2.2897,0.02985,0.514
618,5070848,1267712,704,3533.2,13.23,,-0.0356,0.2705,2.2639,0.02295,0.4845
619,5079040,1269760,704,3536.3,13.23,,-0.0376,0.2437,2.2751,0.02469,0.5084
620,5087232,1271808,704,3539.5,13.23,,-0.0406,0.2295,2.2727,0.03217,0.5253
621,5095424,1273856,704,3542.6,13.23,,-0.0345,0.2169,2.2507,0.0299,0.5364
622,5103616,1275904,704,3545.7,13.23,,-0.037,0.1789,2.2083,0.03073,0.5355
623,5111808,1277952,704,3548.9,13.23,,-0.0403,0.2113,2.2397,0.0325,0.5298
624,5120000,1280000,704,3552.0,13.23,,-0.041,0.1716,2.2765,0.03416,0.5475
625,5128192,1282048,704,3555.2,13.23,,-0.0362,0.2494,2.2747,0.03076,0.5256
626,5136384,1284096,720,3558.5,13.86,,-0.038,0.2398,2.1951,0.02693,0.5195
627,5144576,1286144,720,3561.6,13.86,,-0.0387,0.1583,2.2483,0.03299,0.5364
628,5152768,1288192,720,3564.8,13.86,,-0.0364,0.2323,2.3256,0.02826,0.517
629,5160960,1290240,720,3567.9,13.86,,-0.0382,0.2008,2.316,0.02752,0.5074
630,5169152,1292288,720,3571.0,13.86,,-0.034,0.2713,2.3162,0.03177,0.5192
631,5177344,1294336,720,3574.1,13.86,,-0.0373,0.1247,2.3172,0.02828,0.5358
632,5185536,1296384,720,3577.3,13.86,,-0.0356,0.2169,2.299,0.02476,0.5046
633,5193728,1298432,720,3580.4,13.86,,-0.0379,0.1875,2.2945,0.02885,0.5327
634,5201920,1300480,720,3583.5,13.86,,-0.0417,0.1817,2.3318,0.02826,0.5093
635,5210112,1302528,720,3586.7,13.86,,-0.0382,0.1605,2.2663,0.02451,0.4995
636,5218304,1304576,720,3589.8,13.86,,-0.0384,0.1881,2.3217,0.02788,0.5154
637,5226496,1306624,720,3593.0,13.86,,-0.0339,0.2392,2.2485,0.02748,0.5122
638,5234688,1308672,720,3596.1,13.86,,-0.0384,0.1549,2.2701,0.02949,0.5331
639,5242880,1310720,720,3599.2,13.86,,-0.0381,0.1635,2.2987,0.02876,0.5204
640,5251072,1312768,736,3602.6,14.95,,-0.0355,0.2009,2.2425,0.02715,0.5175
641,5259264,1314816,736,3605.7,14.95,,-0.0368,0.233,2.2848,0.03178,0.5294
642,5267456,1316864,736,3608.9,14.95,,-0.0375,0.2128,2.2674,0.02839,0.53
643,5275648,1318912,736,3612.0,14.95,,-0.0341,0.1703,2.258,0.03085,0.5244
644,5283840,1320960,736,3615.1,14.95,,-0.033,0.1848,2.3417,0.0251,0.5098
645,5292032,1323008,736,3618.2,14.95,,-0.0351,0.13,2.3686,0.0265,0.5409
646,5300224,1325056,736,3621.4,14.95,,-0.0337,0.2333,2.2783,0.0275,0.52
647,5308416,1327104,736,3624.5,14.95,,-0.0354,0.2098,2.2348,0.02708,0.5184
648,5316608,1329152,736,3627.6,14.95,,-0.0344,0.1925,2.2857,0.0249,0.5057
649,5324800,1331200,736,3630.8,14.95,,-0.0365,0.1945,2.2661,0.03027,0.5261
650,5332992,1333248,736,3633.9,14.95,,-0.0372,0.1805,2.2675,0.0253,0.5031
651,5341184,1335296,736,3637.0,14.95,,-0.039,0.2068,2.3131,0.0282,0.5223
652,5349376,1337344,736,3640.2,14.95,,-0.0344,0.1912,2.2908,0.02892,0.5323
653,5357568,1339392,736,3643.3,14.95,,-0.0307,0.3265,2.3215,0.03091,0.5249
654,5365760,1341440,752,3646.7,15.35,,-0.0391,0.261,2.2622,0.02761,0.5331
655,5373952,1343488,752,3649.8,15.35,,-0.0345,0.291,2.2777,0.02564,0.4902
656,5382144,1345536,752,3652.9,15.35,,-0.0381,0.2292,2.2931,0.03041,0.5126
657,5390336,1347584,752,3656.0,15.35,,-0.0383,0.2141,2.3142,0.03052,0.5326
658,5398528,1349632,752,3659.2,15.35,,-0.0398,0.1295,2.3242,0.03034,0.5277
659,5406720,1351680,752,3662.3,15.35,,-0.039,0.1185,2.3301,0.03125,0.5267
660,5414912,1353728,752,3665.4,15.35,,-0.0413,0.1372,2.3355,0.03068,0.5287
661,5423104,1355776,752,3668.6,15.35,,-0.0399,0.2442,2.3233,0.02842,0.5184
662,5431296,1357824,752,3671.7,15.35,,-0.0363,0.2496,2.3504,0.03461,0.5416
663,5439488,1359872,752,3674.8,15.35,,-0.0351,0.1731,2.3404,0.02856,0.5214
664,5447680,1361920,752,3678.0,15.35,,-0.0369,0.1697,2.3738,0.0294,0.524
665,5455872,1363968,752,3681.1,15.35,,-0.0413,0.2377,2.4193,0.02855,0.5326
666,5464064,1366016,752,3684.2,15.35,,-0.0373,0.2331,2.4216,0.02396,0.5149
667,5472256,1368064,753,3687.4,15.36,,-0.0348,0.2098,2.4073,0.02869,0.5302
668,5480448,1370112,768,3690.8,15.51,,-0.0387,0.1667,2.3135,0.02881,0.5367
669,5488640,1372160,768,3693.9,15.51,,-0.0359,0.2231,2.3364,0.02552,0.5267
670,5496832,1374208,768,3697.0,15.51,,-0.0359,0.2673,2.3507,0.02801,0.5212
671,5505024,1376256,768,3700.1,15.51,,-0.0411,0.185,2.3391,0.03343,0.5446
672,5513216,1378304,768,3703.2,15.51,,-0.0402,0.1583,2.3621,0.03098,0.5372
673,5521408,1380352,768,3706.4,15.51,,-0.0385,0.1315,2.3661,0.03308,0.5452
674,5529600,1382400,768,3709.5,15.51,,-0.0402,0.2046,2.3818,0.03339,0.5374
675,5537792,1384448,768,3712.6,15.51,,-0.0372,0.313,2.2912,0.03448,0.5438
676,5545984,1386496,768,3715.8,15.51,,-0.0392,0.1726,2.2646,0.03291,0.5544
677,5554176,1388544,768,3718.9,15.51,,-0.0372,0.2126,2.2743,0.03275,0.5516
678,5562368,1390592,768,3722.0,15.51,,-0.0391,0.1786,2.2714,0.0362,0.5742
679,5570560,1392640,768,3725.2,15.51,,-0.0419,0.2135,2.3317,0.03361,0.5582
680,5578752,1394688,768,3728.3,15.51,,-0.0403,0.2073,2.3722,0.03137,0.5511
681,5586944,1396736,772,3731.5,15.61,,-0.0334,0.1937,2.3924,0.03304,0.5386
682,5595136,1398784,784,3734.8,16.03,,-0.0416,0.1712,2.1876,0.03573,0.5374
683,5603328,1400832,784,3737.9,16.03,,-0.0369,0.1402,2.2576,0.03283,0.5454
684,5611520,1402880,784,3741.1,16.03,,-0.0399,0.166,2.2439,0.03215,0.5405
685,5619712,1404928,784,3744.2,16.03,,-0.0378,0.135,2.2914,0.02983,0.5226
686,5627904,1406976,784,3747.3,16.03,,-0.0392,0.1287,2.4123,0.03128,0.5217
687,5636096,1409024,784,3750.4,16.03,,-0.0383,0.1663,2.3894,0.02872,0.5325
688,5644288,1411072,784,3753.6,16.03,,-0.036,0.2064,2.3373,0.02924,0.5316
689,5652480,1413120,784,3756.7,16.03,,-0.0406,0.2382,2.3093,0.03057,0.5375
690,5660672,1415168,784,3759.8,16.03,,-0.0404,0.1562,2.375,0.03215,0.5314
691,5668864,1417216,784,3763.0,16.03,,-0.0393,0.1469,2.3189,0.03013,0.5469
692,5677056,1419264,784,3766.1,16.03,,-0.0423,0.1887,2.3096,0.02843,0.5358
693,5685248,1421312,784,3769.3,16.03,,-0.0402,0.2238,2.3753,0.03168,0.5347
694,5693440,1423360,784,3772.4,16.03,,-0.0411,0.2108,2.3791,0.03282,0.5167
695,5701632,1425408,791,3775.6,16.02,,-0.0375,0.1937,2.3989,0.03011,0.5286
696,5709824,1427456,800,3778.9,15.98,,-0.0385,0.1733,2.3048,0.03373,0.5504
697,5718016,1429504,800,3782.0,15.98,,-0.0353,0.2479,2.2963,0.03312,0.5453
698,5726208,1431552,800,3785.1,15.98,,-0.0328,0.2454,2.2861,0.0295,0.517
699,5734400,1433600,800,3788.3,15.98,,-0.0392,0.2109,2.3145,0.03018,0.5444
700,5742592,1435648,800,4017.8,15.98,31.010000228881836,-0.0372,0.1749,2.3893,0.03139,0.5219
701,5750784,1437696,800,4020.9,15.98,,-0.0364,0.1542,2.3974,0.0334,0.552
702,5758976,1439744,800,4024.0,15.98,,-0.0404,0.1661,2.3807,0.03004,0.5366
703,5767168,1441792,800,4027.1,15.98,,-0.0422,0.1982,2.3493,0.03201,0.5428
704,5775360,1443840,800,4030.3,15.98,,-0.0337,0.1869,2.3356,0.03129,0.5306
705,5783552,1445888,800,4033.4,15.98,,-0.0345,0.2179,2.353,0.03233,0.5184
706,5791744,1447936,800,4036.6,15.98,,-0.0314,0.2459,2.3407,0.02808,0.4976
707,5799936,1449984,800,4039.7,15.98,,-0.038,0.2574,2.3881,0.02683,0.5236
708,5808128,1452032,800,4042.8,15.98,,-0.0367,0.3127,2.4136,0.02529,0.5134
709,5816320,1454080,809,4046.1,15.62,,-0.0385,0.1252,2.4313,0.03186,0.5374
710,5824512,1456128,816,4049.3,15.55,,-0.0332,0.1823,2.3177,0.02989,0.5266
711,5832704,1458176,816,4052.4,15.55,,-0.0406,0.1639,2.3703,0.03032,0.5287
712,5840896,1460224,816,4055.5,15.55,,-0.035,0.2179,2.4125,0.02912,0.511
713,5849088,1462272,816,4058.6,15.55,,-0.0367,0.2386,2.397,0.0273,0.5083
714,5857280,1464320,816,4061.8,15.55,,-0.04,0.1475,2.4088,0.03021,0.5208
715,5865472,1466368,816,4064.9,15.55,,-0.0368,0.2288,2.4119,0.02864,0.5223
716,5873664,1468416,816,4068.0,15.55,,-0.0366,0.2315,2.4131,0.03325,0.5411
717,5881856,1470464,816,4071.2,15.55,,-0.0414,0.2517,2.3437,0.03128,0.54
718,5890048,1472512,816,4074.3,15.55,,-0.0393,0.1754,2.3375,0.03089,0.5242
719,5898240,1474560,816,4077.4,15.55,,-0.0402,0.1407,2.3155,0.0315,0.5354
720,5906432,1476608,816,4080.6,15.55,,-0.0361,0.2517,2.3079,0.03321,0.5328
721,5914624,1478656,816,4083.7,15.55,,-0.0418,0.1997,2.386,0.0339,0.5485
722,5922816,1480704,816,4086.8,15.55,,-0.036,0.3279,2.3724,0.02932,0.5303
723,5931008,1482752,830,4090.2,14.64,,-0.0405,0.1572,2.3409,0.03233,0.5302
724,5939200,1484800,832,4093.4,14.22,,-0.0381,0.2769,2.2524,0.03253,0.5259
725,5947392,1486848,832,4096.5,14.22,,-0.0428,0.1571,2.2833,0.03416,0.5469
726,5955584,1488896,832,4099.6,14.22,,-0.0398,0.1875,2.2722,0.03535,0.5234
727,5963776,1490944,832,4102.7,14.22,,-0.0396,0.1303,2.3121,0.03593,0.5315
728,5971968,1492992,832,4105.8,14.22,,-0.038,0.1256,2.3385,0.03502,0.5559
729,5980160,1495040,832,4109.0,14.22,,-0.0424,0.1885,2.2905,0.03548,0.538
730,5988352,1497088,832,4112.1,14.22,,-0.0371,0.2453,2.3409,0.03454,0.5601
731,5996544,1499136,832,4115.2,14.22,,-0.0382,0.248,2.2788,0.03843,0.5511
732,6004736,1501184,832,4118.4,14.22,,-0.0339,0.2556,2.2448,0.03205,0.5302
733,6012928,1503232,832,4121.5,14.22,,-0.0384,0.2503,2.2461,0.03841,0.5564
734,6021120,1505280,832,4124.7,14.22,,-0.0423,0.2117,2.206,0.03687,0.5393
735,6029312,1507328,832,4127.8,14.22,,-0.0338,0.3042,2.243,0.03252,0.5258
736,6037504,1509376,832,4130.9,14.22,,-0.0333,0.2454,2.2827,0.03268,0.5475
737,6045696,1511424,847,4134.3,13.66,,-0.0387,0.1771,2.2029,0.03615,0.55
738,6053888,1513472,848,4137.4,13.65,,-0.0366,0.2262,2.2494,0.03024,0.5311
739,6062080,1515520,848,4140.5,13.65,,-0.0409,0.1465,2.304,0.0337,0.5306
740,6070272,1517568,848,4143.7,13.65,,-0.0383,0.1837,2.3042,0.03298,0.5327
741,6078464,1519616,848,4146.8,13.65,,-0.0344,0.31,2.3339,0.03025,0.5287
742,6086656,1521664,848,4149.9,13.65,,-0.0397,0.1374,2.2986,0.03498,0.5316
743,6094848,1523712,848,4153.0,13.65,,-0.0328,0.2705,2.3533,0.03074,0.5135
744,6103040,1525760,848,4156.2,13.65,,-0.0387,0.2405,2.2913,0.03546,0.5637
745,6111232,1527808,848,4159.3,13.65,,-0.0387,0.2845,2.3291,0.02953,0.5226
746,6119424,1529856,848,4162.5,13.65,,-0.0375,0.1869,2.3206,0.02949,0.5416
747,6127616,1531904,848,4165.6,13.65,,-0.0413,0.1657,2.302,0.03294,0.5314
748,6135808,1533952,848,4168.7,13.65,,-0.0399,0.1943,2.3258,0.03336,0.5599
749,6144000,1536000,848,4171.9,13.65,,-0.0407,0.1737,2.2891,0.03391,0.5292
750,6152192,1538048,848,4175.0,13.65,,-0.0398,0.1544,2.3237,0.03215,0.5302
751,6160384,1540096,864,4178.4,13.09,,-0.0389,0.1684,2.2542,0.03095,0.5485
752,6168576,1542144,864,4181.5,13.09,,-0.0414,0.1952,2.2865,0.03154,0.5354
753,6176768,1544192,864,4184.6,13.09,,-0.041,0.2107,2.3204,0.03056,0.5267
754,6184960,1546240,864,4187.7,13.09,,-0.0365,0.2908,2.3065,0.03078,0.5466
755,6193152,1548288,864,4190.9,13.09,,-0.0362,0.2469,2.3379,0.03182,0.5287
756,6201344,1550336,864,4194.0,13.09,,-0.0406,0.171,2.3217,0.03356,0.5146
757,6209536,1552384,864,4197.1,13.09,,-0.0323,0.3115,2.2993,0.03214,0.5216
758,6217728,1554432,864,4200.3,13.09,,-0.0407,0.2342,2.282,0.03335,0.5454
759,6225920,1556480,864,4203.4,13.09,,-0.0394,0.2332,2.3244,0.03386,0.5504
760,6234112,1558528,864,4206.5,13.09,,-0.0408,0.17,2.3365,0.0338,0.5328
761,6242304,1560576,864,4209.7,13.09,,-0.0353,0.2346,2.2832,0.03182,0.5305
762,6250496,1562624,864,4212.8,13.09,,-0.0353,0.3158,2.2396,0.03455,0.5436
763,6258688,1564672,864,4216.0,13.09,,-0.0347,0.2533,2.2404,0.03572,0.538
764,6266880,1566720,864,4219.1,13.09,,-0.0338,0.4313,2.2689,0.0317,0.5411
765,6275072,1568768,880,4222.5,12.67,,-0.037,0.2029,2.2431,0.03866,0.5481
766,6283264,1570816,880,4225.6,12.67,,-0.0372,0.1943,2.2597,0.03667,0.5439
767,6291456,1572864,880,4228.7,12.67,,-0.0365,0.2996,2.2661,0.03472,0.5476
768,6299648,1574912,880,4231.8,12.67,,-0.0364,0.2783,2.2232,0.03735,0.5398
769,6307840,1576960,880,4235.0,12.67,,-0.0367,0.2312,2.2197,0.03563,0.5449
770,6316032,1579008,880,4238.1,12.67,,-0.0401,0.1241,2.2871,0.03964,0.5679
771,6324224,1581056,880,4241.2,12.67,,-0.0321,0.2284,2.2448,0.03356,0.5349
772,6332416,1583104,880,4244.4,12.67,,-0.0395,0.2345,2.203,0.03545,0.5526
773,6340608,1585152,880,4247.5,12.67,,-0.0352,0.2898,2.1803,0.03541,0.5348
774,6348800,1587200,880,4250.6,12.67,,-0.0401,0.2161,2.2043,0.03355,0.5269
775,6356992,1589248,880,4253.8,12.67,,-0.0397,0.1942,2.2036,0.03561,0.5428
776,6365184,1591296,880,4256.9,12.67,,-0.0389,0.1928,2.2257,0.03541,0.5577
777,6373376,1593344,880,4260.1,12.67,,-0.0348,0.1928,2.2288,0.03136,0.5676
778,6381568,1595392,880,4263.2,12.67,,-0.041,0.2356,2.2667,0.03141,0.5386
779,6389760,1597440,896,4266.6,12.91,,-0.0387,0.2305,2.2286,0.02953,0.5187
780,6397952,1599488,896,4269.7,12.91,,-0.0398,0.1931,2.2686,0.03119,0.5332
781,6406144,1601536,896,4272.8,12.91,,-0.0382,0.1796,2.2605,0.03208,0.5293
782,6414336,1603584,896,4276.0,12.91,,-0.0367,0.1559,2.3,0.03115,0.5406
783,6422528,1605632,896,4279.1,12.91,,-0.0408,0.1857,2.2996,0.02964,0.5211
784,6430720,1607680,896,4282.2,12.91,,-0.04,0.1686,2.3344,0.03213,0.5323
785,6438912,1609728,896,4285.4,12.91,,-0.0396,0.1913,2.3263,0.0293,0.5276
786,6447104,1611776,896,4288.5,12.91,,-0.0361,0.2116,2.3308,0.02706,0.5413
787,6455296,1613824,896,4291.6,12.91,,-0.0361,0.3196,2.2585,0.03013,0.54
788,6463488,1615872,896,4294.8,12.91,,-0.0374,0.1805,2.3081,0.03043,0.5282
789,6471680,1617920,896,4297.9,12.91,,-0.0385,0.2601,2.3039,0.02976,0.5425
790,6479872,1619968,896,4301.1,12.91,,-0.035,0.2757,2.3119,0.02896,0.5349
791,6488064,1622016,896,4304.2,12.91,,-0.0368,0.2893,2.3101,0.03025,0.5386
792,6496256,1624064,896,4307.3,12.91,,-0.0388,0.3232,2.3232,0.02881,0.5194
793,6504448,1626112,912,4310.7,13.66,,-0.0433,0.2224,2.338,0.03025,0.5404
794,6512640,1628160,912,4313.8,13.66,,-0.0383,0.1936,2.3135,0.027,0.5126
795,6520832,1630208,912,4316.9,13.66,,-0.037,0.2547,2.3034,0.02704,0.5165
796,6529024,1632256,912,4320.0,13.66,,-0.0393,0.1468,2.3662,0.02965,0.5283
797,6537216,1634304,912,4323.2,13.66,,-0.0358,0.2027,2.3363,0.02685,0.5054
798,6545408,1636352,912,4326.3,13.66,,-0.0432,0.1408,2.3923,0.02557,0.5311
799,6553600,1638400,912,4329.4,13.66,,-0.0395,0.1933,2.4017,0.02708,0.5311
800,6561792,1640448,912,4560.2,13.66,29.739999771118164,-0.0425,0.2228,2.3687,0.03027,0.5385
801,6569984,1642496,912,4563.3,13.66,,-0.0418,0.1903,2.3224,0.03158,0.541
802,6578176,1644544,912,4566.4,13.66,,-0.0404,0.1866,2.3335,0.03092,0.5316
803,6586368,1646592,912,4569.6,13.66,,-0.0422,0.2173,2.349,0.03062,0.5546
804,6594560,1648640,912,4572.7,13.66,,-0.0426,0.2092,2.3597,0.02889,0.5422
805,6602752,1650688,912,4575.9,13.66,,-0.0446,0.1718,2.3718,0.02714,0.5226
806,6610944,1652736,912,4579.0,13.66,,-0.0321,0.294,2.3014,0.03285,0.5344
807,6619136,1654784,928,4582.4,14.38,,-0.0374,0.2522,2.2539,0.03052,0.5391
808,6627328,1656832,928,4585.5,14.38,,-0.0408,0.2454,2.2594,0.03686,0.5353
809,6635520,1658880,928,4588.6,14.38,,-0.036,0.2443,2.2424,0.03431,0.5542
810,6643712,1660928,928,4591.7,14.38,,-0.0382,0.1991,2.2692,0.03077,0.5098
811,6651904,1662976,928,4594.9,14.38,,-0.0392,0.2293,2.3078,0.02998,0.5271
812,6660096,1665024,928,4598.0,14.38,,-0.039,0.1585,2.2781,0.03085,0.5378
813,6668288,1667072,928,4601.1,14.38,,-0.039,0.2321,2.2179,0.02966,0.5157
814,6676480,1669120,928,4604.3,14.38,,-0.0405,0.1536,2.2122,0.03089,0.5198
815,6684672,1671168,928,4607.4,14.38,,-0.0436,0.1841,2.2576,0.03283,0.5505
816,6692864,1673216,928,4610.5,14.38,,-0.0385,0.1773,2.2039,0.03013,0.5206
817,6701056,1675264,928,4613.7,14.38,,-0.0389,0.1696,2.2649,0.02914,0.5348
818,6709248,1677312,928,4616.8,14.38,,-0.0375,0.2016,2.3213,0.02515,0.5293
819,6717440,1679360,928,4620.0,14.38,,-0.0399,0.1894,2.2896,0.02859,0.5217
820,6725632,1681408,928,4623.1,14.38,,-0.0352,0.3151,2.3096,0.02791,0.5146
821,6733824,1683456,944,4626.5,15.63,,-0.0361,0.2612,2.2015,0.03027,0.5198
822,6742016,1685504,944,4629.6,15.63,,-0.0375,0.2312,2.2808,0.02547,0.5092
823,6750208,1687552,944,4632.7,15.63,,-0.0391,0.2913,2.3262,0.0277,0.536
824,6758400,1689600,944,4635.8,15.63,,-0.0379,0.1632,2.2776,0.03062,0.5153
825,6766592,1691648,944,4638.9,15.63,,-0.0418,0.1412,2.3403,0.02948,0.5156
826,6774784,1693696,944,4642.0,15.63,,-0.0388,0.1914,2.3115,0.03039,0.5209
827,6782976,1695744,944,4645.2,15.63,,-0.0352,0.3238,2.2647,0.02809,0.5067
828,6791168,1697792,944,4648.3,15.63,,-0.0389,0.2528,2.315,0.02852,0.5168
829,6799360,1699840,944,4651.4,15.63,,-0.0378,0.2515,2.3182,0.02926,0.5292
830,6807552,1701888,944,4654.6,15.63,,-0.0348,0.2122,2.2915,0.0282,0.515
831,6815744,1703936,944,4657.7,15.63,,-0.0374,0.2159,2.2583,0.02894,0.5363
832,6823936,1705984,944,4660.8,15.63,,-0.0397,0.2484,2.2758,0.02932,0.5205
833,6832128,1708032,944,4664.0,15.63,,-0.0332,0.3421,2.2945,0.0297,0.5369
834,6840320,1710080,945,4667.1,15.71,,-0.0365,0.188,2.2344,0.02903,0.5002
835,6848512,1712128,960,4670.5,16.53,,-0.0399,0.2029,2.1898,0.03243,0.5171
836,6856704,1714176,960,4673.6,16.53,,-0.0342,0.2398,2.2404,0.03041,0.536
837,6864896,1716224,960,4676.7,16.53,,-0.04,0.2009,2.2443,0.03028,0.5382
838,6873088,1718272,960,4679.8,16.53,,-0.0415,0.1751,2.2881,0.03299,0.5564
839,6881280,1720320,960,4682.9,16.53,,-0.0315,0.223,2.2673,0.03196,0.525
840,6889472,1722368,960,4686.0,16.53,,-0.037,0.169,2.2823,0.03084,0.506
841,6897664,1724416,960,4689.1,16.53,,-0.0339,0.3425,2.2879,0.03147,0.5134
842,6905856,1726464,960,4692.3,16.53,,-0.0412,0.233,2.2526,0.03563,0.5425
843,6914048,1728512,960,4695.4,16.53,,-0.041,0.1899,2.2226,0.03306,0.5397
844,6922240,1730560,960,4698.5,16.53,,-0.0345,0.2175,2.2298,0.03267,0.5283
845,6930432,1732608,960,4701.7,16.53,,-0.039,0.1861,2.2439,0.03165,0.5277
846,6938624,1734656,960,4704.8,16.53,,-0.0384,0.3285,2.2958,0.03519,0.5444
847,6946816,1736704,960,4707.9,16.53,,-0.0376,0.3077,2.2515,0.0346,0.5171
848,6955008,1738752,962,4711.1,16.44,,-0.0377,0.2414,2.2055,0.03613,0.549
849,6963200,1740800,976,4714.4,16.64,,-0.0417,0.2188,2.2238,0.03314,0.5426
850,6971392,1742848,976,4717.5,16.64,,-0.0333,0.2608,2.2613,0.0334,0.5217
851,6979584,1744896,976,4720.6,16.64,,-0.0353,0.2797,2.2237,0.03614,0.5385
852,6987776,1746944,976,4723.7,16.64,,-0.0366,0.1866,2.2893,0.03336,0.5371
853,6995968,1748992,976,4726.9,16.64,,-0.0366,0.1859,2.2616,0.03323,0.5374
854,7004160,1751040,976,4730.0,16.64,,-0.0374,0.1178,2.2772,0.03713,0.5403
855,7012352,1753088,976,4733.1,16.64,,-0.0343,0.4103,2.2201,0.03381,0.5427
856,7020544,1755136,976,4736.2,16.64,,-0.0397,0.257,2.246,0.03336,0.5314
857,7028736,1757184,976,4739.4,16.64,,-0.0375,0.2246,2.2864,0.03554,0.5452
858,7036928,1759232,976,4742.5,16.64,,-0.0381,0.1782,2.289,0.03351,0.5468
859,7045120,1761280,976,4745.7,16.64,,-0.039,0.1832,2.2811,0.03112,0.5294
860,7053312,1763328,976,4748.8,16.64,,-0.0376,0.2579,2.3187,0.03383,0.5541
861,7061504,1765376,976,4751.9,16.64,,-0.037,0.2742,2.3223,0.02822,0.5325
862,7069696,1767424,982,4755.2,16.68,,-0.034,0.2542,2.2892,0.03035,0.5177
863,7077888,1769472,992,4758.4,16.59,,-0.0357,0.2664,2.1896,0.03099,0.5167
864,7086080,1771520,992,4761.5,16.59,,-0.0375,0.2569,2.2635,0.03738,0.519
865,7094272,1773568,992,4764.6,16.59,,-0.0386,0.2961,2.2561,0.03509,0.5232
866,7102464,1775616,992,4767.8,16.59,,-0.0401,0.2143,2.2338,0.03444,0.5536
867,7110656,1777664,992,4770.9,16.59,,-0.0331,0.2728,2.3042,0.03756,0.5251
868,7118848,1779712,992,4774.0,16.59,,-0.0393,0.2566,2.269,0.03491,0.5227
869,7127040,1781760,992,4777.1,16.59,,-0.0382,0.2431,2.2516,0.03156,0.5328
870,7135232,1783808,992,4780.3,16.59,,-0.0401,0.2583,2.2688,0.0333,0.5477
871,7143424,1785856,992,4783.4,16.59,,-0.04,0.2598,2.3283,0.03229,0.5078
872,7151616,1787904,992,4786.6,16.59,,-0.0396,0.2067,2.2665,0.03436,0.5264
873,7159808,1789952,992,4789.7,16.59,,-0.039,0.1658,2.3212,0.03321,0.5336
874,7168000,1792000,992,4792.8,16.59,,-0.0399,0.2376,2.3277,0.02966,0.5446
875,7176192,1794048,992,4796.0,16.59,,-0.0406,0.1902,2.3285,0.03633,0.5491
876,7184384,1796096,1000,4799.2,15.86,,-0.0425,0.1329,2.3184,0.03625,0.5603
877,7192576,1798144,1008,4802.5,15.58,,-0.0407,0.1835,2.2398,0.03326,0.5389
878,7200768,1800192,1008,4805.6,15.58,,-0.0418,0.1634,2.344,0.03342,0.5389
879,7208960,1802240,1008,4808.7,15.58,,-0.043,0.1941,2.3068,0.03372,0.5381
880,7217152,1804288,1008,4811.8,15.58,,-0.0388,0.2652,2.3164,0.03194,0.528
881,7225344,1806336,1008,4814.9,15.58,,-0.0399,0.135,2.3434,0.03352,0.5574
882,7233536,1808384,1008,4818.1,15.58,,-0.0367,0.2111,2.3606,0.03269,0.54
883,7241728,1810432,1008,4821.2,15.58,,-0.0352,0.3908,2.3245,0.03557,0.5417
884,7249920,1812480,1008,4824.3,15.58,,-0.0372,0.3996,2.2758,0.03529,0.525
885,7258112,1814528,1008,4827.5,15.58,,-0.0332,0.2959,2.3119,0.03296,0.5623
886,7266304,1816576,1008,4830.6,15.58,,-0.0426,0.2164,2.2674,0.03724,0.5505
887,7274496,1818624,1008,4833.7,15.58,,-0.0414,0.1851,2.3574,0.0342,0.5513
888,7282688,1820672,1008,4836.9,15.58,,-0.0417,0.2692,2.3273,0.03852,0.5593
889,7290880,1822720,1008,4840.0,15.58,,-0.038,0.3035,2.3676,0.03866,0.5653
890,7299072,1824768,1019,4843.3,14.78,,-0.0382,0.2421,2.2807,0.03472,0.5385
891,7307264,1826816,1024,4846.5,14.28,,-0.0359,0.2998,2.2565,0.03582,0.5483
892,7315456,1828864,1024,4849.6,14.28,,-0.0394,0.2661,2.2555,0.04138,0.5691
893,7323648,1830912,1024,4852.7,14.28,,-0.0362,0.3543,2.2701,0.03447,0.5413
894,7331840,1832960,1024,4855.8,14.28,,-0.042,0.1751,2.2657,0.03882,0.5563
895,7340032,1835008,1024,4859.0,14.28,,-0.0386,0.1478,2.3293,0.03745,0.5378
896,7348224,1837056,1024,4862.1,14.28,,-0.0391,0.2179,2.3313,0.0377,0.5353
897,7356416,1839104,1024,4865.2,14.28,,-0.0423,0.2805,2.3141,0.03678,0.5508
898,7364608,1841152,1024,4868.3,14.28,,-0.0417,0.2276,2.3117,0.04189,0.5729
899,7372800,1843200,1024,4871.5,14.28,,-0.0414,0.182,2.3224,0.03743,0.5537
900,7380992,1845248,1024,5102.2,14.28,26.360000610351562,-0.0408,0.1741,2.2926,0.03974,0.5707
901,7389184,1847296,1024,5105.3,14.28,,-0.041,0.1816,2.3433,0.03632,0.5663
902,7397376,1849344,1024,5108.4,14.28,,-0.0418,0.2115,2.337,0.04061,0.5703
903,7405568,1851392,1024,5111.5,14.28,,-0.042,0.2874,2.354,0.03698,0.556
904,7413760,1853440,1038,5114.9,13.93,,-0.0327,0.2328,2.3627,0.03277,0.5481
905,7421952,1855488,1040,5118.0,14.02,,-0.04,0.2223,2.318,0.03914,0.5732
906,7430144,1857536,1040,5121.1,14.02,,-0.0403,0.2028,2.3301,0.03749,0.5479
907,7438336,1859584,1040,5124.2,14.02,,-0.0413,0.1894,2.3919,0.03421,0.549
908,7446528,1861632,1040,5127.3,14.02,,-0.0436,0.1812,2.3825,0.03304,0.551
909,7454720,1863680,1040,5130.5,14.02,,-0.0407,0.1941,2.3955,0.03389,0.5386
910,7462912,1865728,1040,5133.6,14.02,,-0.0439,0.176,2.3907,0.03637,0.5819
911,7471104,1867776,1040,5136.7,14.02,,-0.0411,0.1725,2.3989,0.03588,0.5515
912,7479296,1869824,1040,5139.8,14.02,,-0.0399,0.2237,2.3666,0.03518,0.562
913,7487488,1871872,1040,5143.0,14.02,,-0.0422,0.1811,2.3861,0.03758,0.5597
914,7495680,1873920,1040,5146.1,14.02,,-0.0431,0.1872,2.3562,0.03707,0.5519
915,7503872,1875968,1040,5149.2,14.02,,-0.0362,0.2536,2.3647,0.03243,0.5431
916,7512064,1878016,1040,5152.3,14.02,,-0.0404,0.2057,2.3456,0.03387,0.5377
917,7520256,1880064,1040,5155.5,14.02,,-0.0416,0.2064,2.3777,0.03627,0.5664
918,7528448,1882112,1056,5158.9,13.99,,-0.0376,0.1869,2.3727,0.0354,0.551
919,7536640,1884160,1056,5162.0,13.99,,-0.042,0.1728,2.3597,0.03456,0.5446
920,7544832,1886208,1056,5165.1,13.99,,-0.0417,0.169,2.4011,0.03478,0.5474
921,7553024,1888256,1056,5168.2,13.99,,-0.0374,0.2385,2.4032,0.03473,0.5421
922,7561216,1890304,1056,5171.3,13.99,,-0.0382,0.1468,2.4167,0.03565,0.5538
923,7569408,1892352,1056,5174.4,13.99,,-0.0416,0.1626,2.4362,0.03379,0.5485
924,7577600,1894400,1056,5177.5,13.99,,-0.0348,0.2647,2.4041,0.03694,0.5529
925,7585792,1896448,1056,5180.7,13.99,,-0.0372,0.2499,2.3924,0.03578,0.5654
926,7593984,1898496,1056,5183.8,13.99,,-0.0372,0.3242,2.3793,0.03499,0.5729
927,7602176,1900544,1056,5186.9,13.99,,-0.041,0.2332,2.3343,0.03209,0.522
928,7610368,1902592,1056,5190.1,13.99,,-0.0363,0.2028,2.3462,0.03898,0.5397
929,7618560,1904640,1056,5193.2,13.99,,-0.0438,0.1721,2.3563,0.03495,0.5494
930,7626752,1906688,1056,5196.4,13.99,,-0.0429,0.1498,2.377,0.03377,0.5309
931,7634944,1908736,1056,5199.5,13.99,,-0.0405,0.1802,2.376,0.03263,0.5298
932,7643136,1910784,1072,5202.8,13.05,,-0.0412,0.1287,2.3111,0.0343,0.5479
933,7651328,1912832,1072,5205.9,13.05,,-0.0389,0.1885,2.3094,0.035,0.5437
934,7659520,1914880,1072,5209.0,13.05,,-0.0346,0.2534,2.3053,0.03606,0.545
935,7667712,1916928,1072,5212.1,13.05,,-0.036,0.1677,2.3242,0.03477,0.5557
936,7675904,1918976,1072,5215.3,13.05,,-0.0407,0.1727,2.3193,0.03309,0.5397
937,7684096,1921024,1072,5218.4,13.05,,-0.0393,0.1319,2.3447,0.03436,0.5408
938,7692288,1923072,1072,5221.5,13.05,,-0.0384,0.3023,2.3322,0.03464,0.553
939,7700480,1925120,1072,5224.6,13.05,,-0.0407,0.1756,2.3336,0.03269,0.5439
940,7708672,1927168,1072,5227.8,13.05,,-0.0416,0.2342,2.3296,0.03455,0.5309
941,7716864,1929216,1072,5230.9,13.05,,-0.0371,0.214,2.3551,0.03217,0.5505
942,7725056,1931264,1072,5234.0,13.05,,-0.0431,0.1723,2.341,0.03561,0.552
943,7733248,1933312,1072,5237.1,13.05,,-0.0424,0.2406,2.3891,0.03668,0.548
944,7741440,1935360,1072,5240.3,13.05,,-0.0409,0.1779,2.3488,0.03599,0.5435
945,7749632,1937408,1072,5243.4,13.05,,-0.037,0.2911,2.3491,0.03609,0.5443
946,7757824,1939456,1088,5246.7,13.01,,-0.0406,0.1082,2.3795,0.0374,0.5647
947,7766016,1941504,1088,5249.9,13.01,,-0.0356,0.2727,2.3369,0.03475,0.5229
948,7774208,1943552,1088,5253.0,13.01,,-0.0366,0.2255,2.3661,0.03209,0.5414
949,7782400,1945600,1088,5256.1,13.01,,-0.0394,0.1656,2.3561,0.03368,0.5425
950,7790592,1947648,1088,5259.2,13.01,,-0.0342,0.1932,2.4,0.02704,0.5203
951,7798784,1949696,1088,5262.3,13.01,,-0.0388,0.1542,2.4105,0.03329,0.5787
952,7806976,1951744,1088,5265.4,13.01,,-0.0423,0.2511,2.4113,0.03203,0.5254
953,7815168,1953792,1088,5268.5,13.01,,-0.0359,0.4023,2.3744,0.03698,0.5421
954,7823360,1955840,1088,5271.7,13.01,,-0.0359,0.2746,2.3472,0.03736,0.5571
955,7831552,1957888,1088,5274.8,13.01,,-0.0404,0.2165,2.359,0.04053,0.5575
956,7839744,1959936,1088,5277.9,13.01,,-0.0386,0.2138,2.3586,0.04027,0.5508
957,7847936,1961984,1088,5281.0,13.01,,-0.0407,0.205,2.3511,0.04212,0.564
958,7856128,1964032,1088,5284.2,13.01,,-0.0374,0.1968,2.3635,0.03429,0.5466
959,7864320,1966080,1088,5287.3,13.01,,-0.0354,0.2261,2.3397,0.03229,0.5516
960,7872512,1968128,1104,5290.7,12.5,,-0.0422,0.1569,2.3416,0.03865,0.5735
961,7880704,1970176,1104,5293.8,12.5,,-0.0375,0.1617,2.328,0.03843,0.5533
962,7888896,1972224,1104,5296.9,12.5,,-0.0418,0.2316,2.3705,0.03868,0.5546
963,7897088,1974272,1104,5300.0,12.5,,-0.0422,0.1713,2.3121,0.03882,0.546
964,7905280,1976320,1104,5303.1,12.5,,-0.04,0.1411,2.3587,0.03865,0.5575
965,7913472,1978368,1104,5306.2,12.5,,-0.0372,0.1978,2.3728,0.03479,0.5504
966,7921664,1980416,1104,5309.3,12.5,,-0.039,0.227,2.3862,0.03703,0.5343
967,7929856,1982464,1104,5312.4,12.5,,-0.0409,0.2297,2.3562,0.04188,0.543
968,7938048,1984512,1104,5315.6,12.5,,-0.0375,0.3489,2.3286,0.04113,0.5646
969,7946240,1986560,1104,5318.7,12.5,,-0.0367,0.2337,2.2973,0.04,0.5656
970,7954432,1988608,1104,5321.8,12.5,,-0.044,0.1743,2.3301,0.03808,0.5605
971,7962624,1990656,1104,5325.0,12.5,,-0.0401,0.2702,2.3534,0.03925,0.5524
972,7970816,1992704,1104,5328.1,12.5,,-0.0412,0.2153,2.3301,0.04249,0.5533
973,7979008,1994752,1104,5331.2,12.5,,-0.0385,0.2172,2.352,0.04219,0.5586
974,7987200,1996800,1120,5334.6,11.96,,-0.04,0.1231,2.3821,0.03806,0.5547
975,7995392,1998848,1120,5337.7,11.96,,-0.0412,0.1568,2.3978,0.03517,0.5463
976,8003584,2000896,1120,5340.8,11.96,,-0.0376,0.2309,2.4076,0.03476,0.5332
977,8011776,2002944,1120,5343.9,11.96,,-0.0361,0.2359,2.3847,0.03811,0.5327
978,8019968,2004992,1120,5347.0,11.96,,-0.0352,0.1723,2.3864,0.03348,0.5137
979,8028160,2007040,1120,5350.1,11.96,,-0.0386,0.1615,2.3624,0.03733,0.537
980,8036352,2009088,1120,5353.2,11.96,,-0.0369,0.3062,2.3644,0.03295,0.5176
981,8044544,2011136,1120,5356.4,11.96,,-0.0396,0.2224,2.3751,0.03843,0.5425
982,8052736,2013184,1120,5359.5,11.96,,-0.0429,0.2427,2.3348,0.03884,0.5463
983,8060928,2015232,1120,5362.6,11.96,,-0.0425,0.1752,2.3025,0.04034,0.5463
984,8069120,2017280,1120,5365.8,11.96,,-0.0401,0.193,2.3052,0.03847,0.5312
985,8077312,2019328,1120,5368.9,11.96,,-0.0447,0.2703,2.3059,0.04007,0.5399
986,8085504,2021376,1120,5372.0,11.96,,-0.0396,0.2889,2.3026,0.04179,0.5441
987,8093696,2023424,1120,5375.2,11.96,,-0.0406,0.1519,2.3164,0.04819,0.5436
988,8101888,2025472,1136,5378.5,11.62,,-0.0394,0.1674,2.2989,0.03787,0.5652
989,8110080,2027520,1136,5381.6,11.62,,-0.0394,0.1471,2.328,0.03755,0.54
990,8118272,2029568,1136,5384.7,11.62,,-0.0418,0.1331,2.3936,0.04442,0.5658
991,8126464,2031616,1136,5387.8,11.62,,-0.037,0.1977,2.3901,0.03068,0.5382
992,8134656,2033664,1136,5390.9,11.62,,-0.0403,0.1082,2.4041,0.03534,0.5458
993,8142848,2035712,1136,5394.1,11.62,,-0.0385,0.1205,2.4104,0.03368,0.5491
994,8151040,2037760,1136,5397.2,11.62,,-0.04,0.2135,2.4059,0.03647,0.5383
995,8159232,2039808,1136,5400.3,11.62,,-0.042,0.1774,2.3678,0.0375,0.5588
996,8167424,2041856,1136,5403.4,11.62,,-0.0355,0.2757,2.3616,0.0343,0.5377
997,8175616,2043904,1136,5406.6,11.62,,-0.0422,0.1957,2.3791,0.03874,0.5367
998,8183808,2045952,1136,5409.7,11.62,,-0.0409,0.1745,2.3243,0.03023,0.5382
999,8192000,2048000,1136,5412.8,11.62,,-0.0411,0.2068,2.3443,0.03783,0.5518
1000,8200192,2050048,1136,5642.9,11.62,29.860000610351562,-0.0402,0.1639,2.3333,0.03734,0.5356
1001,8208384,2052096,1136,5646.1,11.62,,-0.0356,0.2175,2.3567,0.04092,0.5278
1002,8216576,2054144,1152,5649.4,11.14,,-0.0416,0.1626,2.3249,0.0373,0.5503
1003,8224768,2056192,1152,5652.5,11.14,,-0.0386,0.1605,2.3161,0.03372,0.5332
1004,8232960,2058240,1152,5655.6,11.14,,-0.0408,0.1645,2.3369,0.03929,0.5454
1005,8241152,2060288,1152,5658.7,11.14,,-0.0411,0.1282,2.3359,0.04099,0.5465
1006,8249344,2062336,1152,5661.9,11.14,,-0.0382,0.1369,2.3524,0.03574,0.5358
1007,8257536,2064384,1152,5665.0,11.14,,-0.038,0.1153,2.3686,0.03509,0.5448
1008,8265728,2066432,1152,5668.1,11.14,,-0.0402,0.2263,2.348,0.03257,0.5315
1009,8273920,2068480,1152,5671.2,11.14,,-0.043,0.1749,2.3264,0.03912,0.546
1010,8282112,2070528,1152,5674.3,11.14,,-0.0395,0.2814,2.35,0.03514,0.5269
1011,8290304,2072576,1152,5677.5,11.14,,-0.0408,0.1438,2.2784,0.03716,0.5435
1012,8298496,2074624,1152,5680.6,11.14,,-0.0419,0.1437,2.3539,0.03967,0.5337
1013,8306688,2076672,1152,5683.8,11.14,,-0.0437,0.1988,2.3528,0.0363,0.552
1014,8314880,2078720,1152,5686.9,11.14,,-0.0411,0.1991,2.3846,0.03307,0.52
1015,8323072,2080768,1154,5690.0,11.27,,-0.0406,0.1746,2.4088,0.03297,0.5366
1016,8331264,2082816,1168,5693.4,11.8,,-0.0417,0.1435,2.3901,0.0359,0.55
1017,8339456,2084864,1168,5696.5,11.8,,-0.0402,0.1399,2.429,0.03519,0.5352
1018,8347648,2086912,1168,5699.6,11.8,,-0.0379,0.2163,2.3955,0.03033,0.5361
1019,8355840,2088960,1168,5702.7,11.8,,-0.0404,0.1925,2.3811,0.0393,0.5616
1020,8364032,2091008,1168,5705.8,11.8,,-0.0418,0.1227,2.3767,0.03222,0.5437
1021,8372224,2093056,1168,5708.9,11.8,,-0.0416,0.1384,2.4469,0.03607,0.5428
1022,8380416,2095104,1168,5712.0,11.8,,-0.0376,0.2188,2.4086,0.03567,0.5209
1023,8388608,2097152,1168,5715.2,11.8,,-0.0424,0.2791,2.373,0.03798,0.5472
1024,8396800,2099200,1168,5718.3,11.8,,-0.0431,0.1727,2.3848,0.03852,0.5657
1025,8404992,2101248,1168,5721.4,11.8,,-0.0432,0.1553,2.4074,0.03757,0.537
1026,8413184,2103296,1168,5724.5,11.8,,-0.0427,0.1484,2.3679,0.0423,0.583
1027,8421376,2105344,1168,5727.7,11.8,,-0.0418,0.1693,2.4145,0.03745,0.5604
1028,8429568,2107392,1168,5730.8,11.8,,-0.0402,0.294,2.3904,0.0348,0.5409
1029,8437760,2109440,1173,5734.0,12.17,,-0.0379,0.1969,2.3621,0.03984,0.5406
1030,8445952,2111488,1184,5737.3,12.35,,-0.0417,0.1999,2.3116,0.03818,0.5625
1031,8454144,2113536,1184,5740.4,12.35,,-0.0412,0.1213,2.3789,0.04036,0.5469
1032,8462336,2115584,1184,5743.5,12.35,,-0.0408,0.143,2.3689,0.03482,0.5586
1033,8470528,2117632,1184,5746.6,12.35,,-0.0376,0.2276,2.4166,0.03142,0.5481
1034,8478720,2119680,1184,5749.7,12.35,,-0.0407,0.1248,2.3871,0.03565,0.5371
1035,8486912,2121728,1184,5752.8,12.35,,-0.0438,0.1115,2.3757,0.03604,0.5393
1036,8495104,2123776,1184,5755.9,12.35,,-0.0363,0.1696,2.3661,0.03233,0.5245
1037,8503296,2125824,1184,5759.1,12.35,,-0.0411,0.2068,2.3629,0.03376,0.5376
1038,8511488,2127872,1184,5762.2,12.35,,-0.0421,0.1793,2.3655,0.03163,0.5493
1039,8519680,2129920,1184,5765.3,12.35,,-0.0396,0.1179,2.3607,0.03337,0.537
1040,8527872,2131968,1184,5768.4,12.35,,-0.0428,0.1657,2.3288,0.03498,0.5493
1041,8536064,2134016,1184,5771.6,12.35,,-0.0419,0.1565,2.3602,0.0351,0.5547
1042,8544256,2136064,1184,5774.7,12.35,,-0.0391,0.2165,2.3075,0.03408,0.547
1043,8552448,2138112,1192,5778.0,12.81,,-0.0365,0.1173,2.3468,0.0296,0.5234
1044,8560640,2140160,1200,5781.2,13.5,,-0.0411,0.1364,2.3467,0.03322,0.5468
1045,8568832,2142208,1200,5784.3,13.5,,-0.0357,0.1932,2.3615,0.03138,0.5481
1046,8577024,2144256,1200,5787.4,13.5,,-0.0363,0.2193,2.3918,0.02781,0.5194
1047,8585216,2146304,1200,5790.5,13.5,,-0.0379,0.2064,2.3469,0.03141,0.5369
1048,8593408,2148352,1200,5793.7,13.5,,-0.0349,0.2525,2.3672,0.03419,0.5336
1049,8601600,2150400,1200,5796.8,13.5,,-0.0377,0.1165,2.3503,0.03522,0.5344
1050,8609792,2152448,1200,5799.9,13.5,,-0.0357,0.3839,2.3434,0.0335,0.5477
1051,8617984,2154496,1200,5803.0,13.5,,-0.0403,0.2052,2.2921,0.03538,0.5414
1052,8626176,2156544,1200,5806.2,13.5,,-0.0362,0.2088,2.2954,0.0347,0.5338
1053,8634368,2158592,1200,5809.3,13.5,,-0.0379,0.1829,2.2801,0.04074,0.5614
1054,8642560,2160640,1200,5812.5,13.5,,-0.0368,0.2141,2.322,0.04067,0.5479
1055,8650752,2162688,1200,5815.6,13.5,,-0.0396,0.1878,2.3014,0.03091,0.5377
1056,8658944,2164736,1200,5818.7,13.5,,-0.0389,0.2407,2.3147,0.03201,0.5486
1057,8667136,2166784,1208,5822.0,13.59,,-0.0397,0.1504,2.2944,0.03849,0.525
1058,8675328,2168832,1216,5825.2,14.04,,-0.0421,0.1685,2.3116,0.03524,0.5336
1059,8683520,2170880,1216,5828.3,14.04,,-0.043,0.1763,2.2718,0.03615,0.5361
1060,8691712,2172928,1216,5831.4,14.04,,-0.0408,0.1979,2.3208,0.03481,0.5343
1061,8699904,2174976,1216,5834.5,14.04,,-0.0397,0.1831,2.3487,0.03643,0.5323
1062,8708096,2177024,1216,5837.6,14.04,,-0.0389,0.14,2.3176,0.03575,0.5448
1063,8716288,2179072,1216,5840.8,14.04,,-0.0377,0.1859,2.3199,0.03426,0.5131
1064,8724480,2181120,1216,5843.9,14.04,,-0.0384,0.2136,2.3395,0.0374,0.5219
1065,8732672,2183168,1216,5847.0,14.04,,-0.0397,0.2736,2.2404,0.03271,0.548
1066,8740864,2185216,1216,5850.2,14.04,,-0.0412,0.2532,2.2457,0.0383,0.5588
1067,8749056,2187264,1216,5853.3,14.04,,-0.0409,0.1904,2.2494,0.03718,0.5371
1068,8757248,2189312,1216,5856.5,14.04,,-0.0437,0.1563,2.271,0.03432,0.5472
1069,8765440,2191360,1216,5859.6,14.04,,-0.0415,0.283,2.2765,0.03538,0.5559
1070,8773632,2193408,1216,5862.7,14.04,,-0.0394,0.2446,2.2954,0.03364,0.5273
1071,8781824,2195456,1228,5866.0,15.28,,-0.0423,0.2126,2.3002,0.03784,0.5438
1072,8790016,2197504,1232,5869.2,15.63,,-0.0424,0.2369,2.2839,0.0355,0.5381
1073,8798208,2199552,1232,5872.3,15.63,,-0.039,0.1948,2.3468,0.03377,0.541
1074,8806400,2201600,1232,5875.4,15.63,,-0.04,0.1868,2.3117,0.03582,0.5526
1075,8814592,2203648,1232,5878.6,15.63,,-0.042,0.1683,2.3483,0.0355,0.5458
1076,8822784,2205696,1232,5881.7,15.63,,-0.0381,0.109,2.3685,0.03455,0.5586
1077,8830976,2207744,1232,5884.8,15.63,,-0.038,0.1747,2.3452,0.03598,0.5339
1078,8839168,2209792,1232,5887.9,15.63,,-0.0388,0.2421,2.3546,0.03629,0.542
1079,8847360,2211840,1232,5891.1,15.63,,-0.0415,0.2249,2.2939,0.03535,0.5399
1080,8855552,2213888,1232,5894.2,15.63,,-0.0433,0.1699,2.3159,0.03215,0.5326
1081,8863744,2215936,1232,5897.3,15.63,,-0.0446,0.2259,2.2914,0.03572,0.5413
1082,8871936,2217984,1232,5900.5,15.63,,-0.0426,0.1584,2.3083,0.04145,0.5571
1083,8880128,2220032,1232,5903.6,15.63,,-0.0419,0.1955,2.2966,0.03471,0.5354
1084,8888320,2222080,1232,5906.8,15.63,,-0.0394,0.2782,2.3074,0.03101,0.5186
1085,8896512,2224128,1246,5910.1,16.16,,-0.0376,0.1697,2.2976,0.03732,0.5646
1086,8904704,2226176,1248,5913.2,16.31,,-0.0396,0.183,2.3118,0.03806,0.5149
1087,8912896,2228224,1248,5916.3,16.31,,-0.04,0.1457,2.3202,0.03384,0.5363
1088,8921088,2230272,1248,5919.4,16.31,,-0.0391,0.2811,2.3297,0.03566,0.5306
1089,8929280,2232320,1248,5922.6,16.31,,-0.0406,0.203,2.3071,0.03295,0.5258
1090,8937472,2234368,1248,5925.7,16.31,,-0.0413,0.1246,2.3689,0.03425,0.5531
1091,8945664,2236416,1248,5928.8,16.31,,-0.0402,0.1695,2.3442,0.03287,0.5378
1092,8953856,2238464,1248,5931.9,16.31,,-0.0388,0.2259,2.3245,0.03588,0.5319
1093,8962048,2240512,1248,5935.1,16.31,,-0.0412,0.2658,2.3188,0.03418,0.5326
1094,8970240,2242560,1248,5938.2,16.31,,-0.0399,0.1936,2.2792,0.03583,0.5297
1095,8978432,2244608,1248,5941.3,16.31,,-0.0413,0.1667,2.2833,0.03572,0.522
1096,8986624,2246656,1248,5944.4,16.31,,-0.0406,0.1788,2.3455,0.03142,0.5354
1097,8994816,2248704,1248,5947.6,16.31,,-0.038,0.2187,2.2618,0.03308,0.542
1098,9003008,2250752,1248,5950.7,16.31,,-0.0381,0.2706,2.347,0.0335,0.5306
1099,9011200,2252800,1263,5954.1,17.4,,-0.0388,0.1693,2.2843,0.0324,0.5422
1100,9019392,2254848,1264,6185.5,17.36,43.290000915527344,-0.0415,0.219,2.4163,0.02968,0.5312
1101,9027584,2256896,1264,6188.6,17.36,,-0.0356,0.2267,2.3884,0.03081,0.521
1102,9035776,2258944,1264,6191.7,17.36,,-0.0339,0.2708,2.385,0.03176,0.5343
1103,9043968,2260992,1264,6194.8,17.36,,-0.0371,0.1409,2.35,0.03253,0.5491
1104,9052160,2263040,1264,6197.9,17.36,,-0.0375,0.1971,2.3923,0.03029,0.521
1105,9060352,2265088,1264,6201.1,17.36,,-0.0329,0.3954,2.3646,0.02818,0.5315
1106,9068544,2267136,1264,6204.2,17.36,,-0.0393,0.2364,2.316,0.031,0.5352
1107,9076736,2269184,1264,6207.3,17.36,,-0.0423,0.3018,2.3311,0.03618,0.5392
1108,9084928,2271232,1264,6210.5,17.36,,-0.0384,0.2073,2.3058,0.03879,0.559
1109,9093120,2273280,1264,6213.6,17.36,,-0.0364,0.1938,2.2569,0.03567,0.5688
1110,9101312,2275328,1264,6216.7,17.36,,-0.0399,0.2008,2.2851,0.0374,0.5303
1111,9109504,2277376,1264,6219.9,17.36,,-0.0415,0.1634,2.2938,0.03726,0.5519
1112,9117696,2279424,1264,6223.0,17.36,,-0.0389,0.212,2.3032,0.02876,0.5162
1113,9125888,2281472,1280,6226.4,17.8,,-0.0375,0.199,2.2454,0.0296,0.5267
1114,9134080,2283520,1280,6229.5,17.8,,-0.0387,0.2268,2.3473,0.0312,0.5103
1115,9142272,2285568,1280,6232.6,17.8,,-0.0404,0.2681,2.3375,0.03159,0.5314
1116,9150464,2287616,1280,6235.7,17.8,,-0.0384,0.1792,2.3277,0.03135,0.507
1117,9158656,2289664,1280,6238.8,17.8,,-0.0384,0.162,2.3457,0.0344,0.5138
1118,9166848,2291712,1280,6242.0,17.8,,-0.0364,0.1885,2.385,0.03184,0.5109
1119,9175040,2293760,1280,6245.1,17.8,,-0.032,0.2793,2.3422,0.03149,0.515
1120,9183232,2295808,1280,6248.2,17.8,,-0.0379,0.317,2.3132,0.03477,0.5383
1121,9191424,2297856,1280,6251.3,17.8,,-0.0366,0.3041,2.3165,0.03557,0.5421
1122,9199616,2299904,1280,6254.5,17.8,,-0.0399,0.1642,2.2973,0.03639,0.5353
1123,9207808,2301952,1280,6257.6,17.8,,-0.0428,0.1523,2.3346,0.03268,0.5219
1124,9216000,2304000,1280,6260.8,17.8,,-0.0378,0.2359,2.2893,0.03211,0.5222
1125,9224192,2306048,1280,6263.9,17.8,,-0.0424,0.1948,2.2533,0.03664,0.5387
1126,9232384,2308096,1280,6267.0,17.8,,-0.0379,0.3083,2.2762,0.03673,0.5272
1127,9240576,2310144,1296,6270.4,17.89,,-0.0353,0.2915,2.2211,0.02945,0.5175
1128,9248768,2312192,1296,6273.5,17.89,,-0.0376,0.2445,2.3365,0.03318,0.5287
1129,9256960,2314240,1296,6276.6,17.89,,-0.0382,0.2246,2.3393,0.03376,0.5289
1130,9265152,2316288,1296,6279.8,17.89,,-0.039,0.2987,2.3088,0.03426,0.5239
1131,9273344,2318336,1296,6282.9,17.89,,-0.0417,0.1739,2.3151,0.03371,0.5308
1132,9281536,2320384,1296,6286.0,17.89,,-0.0405,0.1664,2.3445,0.03246,0.5356
1133,9289728,2322432,1296,6289.2,17.89,,-0.0411,0.2752,2.3364,0.03042,0.5339
1134,9297920,2324480,1296,6292.3,17.89,,-0.0429,0.1944,2.331,0.0336,0.5249
1135,9306112,2326528,1296,6295.4,17.89,,-0.0408,0.2321,2.2953,0.03346,0.5106
1136,9314304,2328576,1296,6298.6,17.89,,-0.0442,0.1722,2.3111,0.03267,0.549
1137,9322496,2330624,1296,6301.7,17.89,,-0.041,0.1803,2.2584,0.02904,0.5159
1138,9330688,2332672,1296,6304.9,17.89,,-0.0392,0.246,2.2495,0.03351,0.5215
1139,9338880,2334720,1296,6308.0,17.89,,-0.0399,0.2263,2.2345,0.03405,0.5244
1140,9347072,2336768,1296,6311.1,17.89,,-0.0309,0.3939,2.2372,0.03325,0.5526
1141,9355264,2338816,1312,6314.5,18.31,,-0.0382,0.2651,2.1697,0.037,0.5215
1142,9363456,2340864,1312,6317.6,18.31,,-0.0385,0.2202,2.2544,0.03591,0.5188
1143,9371648,2342912,1312,6320.7,18.31,,-0.0388,0.2624,2.2661,0.03617,0.5494
1144,9379840,2344960,1312,6323.8,18.31,,-0.0367,0.2297,2.2699,0.04133,0.5204
1145,9388032,2347008,1312,6327.0,18.31,,-0.0362,0.1867,2.2213,0.03807,0.5223
1146,9396224,2349056,1312,6330.1,18.31,,-0.0413,0.2096,2.3057,0.03741,0.5352
1147,9404416,2351104,1312,6333.2,18.31,,-0.0355,0.2735,2.2988,0.03015,0.5189
1148,9412608,2353152,1312,6336.4,18.31,,-0.0361,0.3083,2.3145,0.04188,0.5372
1149,9420800,2355200,1312,6339.5,18.31,,-0.037,0.2208,2.2672,0.03518,0.5333
1150,9428992,2357248,1312,6342.6,18.31,,-0.036,0.1841,2.2955,0.03364,0.5341
1151,9437184,2359296,1312,6345.8,18.31,,-0.0358,0.1636,2.3074,0.03282,0.5402
1152,9445376,2361344,1312,6348.9,18.31,,-0.036,0.2419,2.2456,0.0307,0.4941
1153,9453568,2363392,1312,6352.1,18.31,,-0.0411,0.2716,2.3489,0.03451,0.5356
1154,9461760,2365440,1312,6355.2,18.31,,-0.0354,0.3149,2.2929,0.03385,0.5215
1155,9469952,2367488,1328,6358.6,17.93,,-0.0354,0.2425,2.2228,0.03201,0.5062
1156,9478144,2369536,1328,6361.7,17.93,,-0.0353,0.1878,2.3231,0.03682,0.5366
1157,9486336,2371584,1328,6364.8,17.93,,-0.0377,0.1927,2.3464,0.03337,0.5255
1158,9494528,2373632,1328,6367.9,17.93,,-0.0397,0.2225,2.3969,0.03202,0.517
1159,9502720,2375680,1328,6371.0,17.93,,-0.0388,0.1445,2.3891,0.03258,0.516
1160,9510912,2377728,1328,6374.2,17.93,,-0.0414,0.1453,2.4274,0.0342,0.5321
1161,9519104,2379776,1328,6377.3,17.93,,-0.0368,0.2117,2.3843,0.02789,0.502
1162,9527296,2381824,1328,6380.4,17.93,,-0.0439,0.2509,2.3948,0.02964,0.5238
1163,9535488,2383872,1328,6383.5,17.93,,-0.0442,0.2128,2.4183,0.0318,0.5322
1164,9543680,2385920,1328,6386.7,17.93,,-0.0376,0.1728,2.3988,0.02933,0.5107
1165,9551872,2387968,1328,6389.8,17.93,,-0.0419,0.1622,2.361,0.02925,0.5165
1166,9560064,2390016,1328,6392.9,17.93,,-0.0422,0.1754,2.3597,0.03085,0.5294
1167,9568256,2392064,1328,6396.1,17.93,,-0.04,0.1948,2.3605,0.03253,0.5225
1168,9576448,2394112,1328,6399.2,17.93,,-0.0367,0.1525,2.372,0.02971,0.501
1169,9584640,2396160,1344,6402.6,18.07,,-0.0438,0.1675,2.3803,0.03192,0.5342
1170,9592832,2398208,1344,6405.7,18.07,,-0.0336,0.2873,2.3163,0.03263,0.5055
1171,9601024,2400256,1344,6408.8,18.07,,-0.034,0.2928,2.2982,0.03754,0.5109
1172,9609216,2402304,1344,6411.9,18.07,,-0.0385,0.1934,2.3127,0.03037,0.5157
1173,9617408,2404352,1344,6415.0,18.07,,-0.0387,0.1629,2.3296,0.03424,0.5292
1174,9625600,2406400,1344,6418.2,18.07,,-0.0421,0.1518,2.3371,0.03739,0.5127
1175,9633792,2408448,1344,6421.3,18.07,,-0.0446,0.1974,2.3069,0.03951,0.546
1176,9641984,2410496,1344,6424.4,18.07,,-0.0353,0.2393,2.26,0.03219,0.5286
1177,9650176,2412544,1344,6427.5,18.07,,-0.0401,0.2797,2.2453,0.03563,0.5109
1178,9658368,2414592,1344,6430.7,18.07,,-0.0383,0.2268,2.2777,0.0347,0.5222
1179,9666560,2416640,1344,6433.8,18.07,,-0.0386,0.2066,2.2757,0.03317,0.505
1180,9674752,2418688,1344,6437.0,18.07,,-0.041,0.2881,2.273,0.0327,0.512
1181,9682944,2420736,1344,6440.1,18.07,,-0.0381,0.3075,2.3107,0.03387,0.5212
1182,9691136,2422784,1346,6443.2,18.08,,-0.0385,0.1577,2.2539,0.03678,0.5084
1183,9699328,2424832,1360,6446.6,17.57,,-0.0378,0.1965,2.2416,0.03488,0.541
1184,9707520,2426880,1360,6449.7,17.57,,-0.0401,0.2603,2.2976,0.03658,0.5294
1185,9715712,2428928,1360,6452.8,17.57,,-0.041,0.1518,2.234,0.03998,0.5479
1186,9723904,2430976,1360,6455.9,17.57,,-0.034,0.2833,2.2674,0.03478,0.5198
1187,9732096,2433024,1360,6459.0,17.57,,-0.0407,0.1429,2.2936,0.04186,0.5428
1188,9740288,2435072,1360,6462.1,17.57,,-0.0383,0.1501,2.249,0.03954,0.5338
1189,9748480,2437120,1360,6465.3,17.57,,-0.0352,0.2217,2.2626,0.04068,0.5189
1190,9756672,2439168,1360,6468.4,17.57,,-0.0388,0.2746,2.2304,0.03764,0.5354
1191,9764864,2441216,1360,6471.5,17.57,,-0.0365,0.2457,2.2276,0.03975,0.5387
1192,9773056,2443264,1360,6474.6,17.57,,-0.0395,0.1391,2.258,0.03776,0.5355
1193,9781248,2445312,1360,6477.8,17.57,,-0.0347,0.243,2.22,0.03907,0.5448
1194,9789440,2447360,1360,6480.9,17.57,,-0.0411,0.2296,2.2424,0.03802,0.5579
1195,9797632,2449408,1360,6484.0,17.57,,-0.0387,0.2165,2.2746,0.03767,0.538
1196,9805824,2451456,1365,6487.2,17.6,,-0.0413,0.1451,2.2674,0.03754,0.5541
1197,9814016,2453504,1376,6490.5,17.32,,-0.0421,0.1477,2.2163,0.03635,0.5454
1198,9822208,2455552,1376,6493.6,17.32,,-0.0381,0.2265,2.2441,0.03692,0.5485
1199,9830400,2457600,1376,6496.7,17.32,,-0.0385,0.2798,2.2292,0.04092,0.5439
1200,9838592,2459648,1376,6726.5,17.32,27.5,-0.0398,0.1629,2.2581,0.03505,0.532
1201,9846784,2461696,1376,6729.6,17.32,,-0.0405,0.1328,2.2883,0.03344,0.5302
1202,9854976,2463744,1376,6732.7,17.32,,-0.0333,0.1842,2.2865,0.03316,0.5404
1203,9863168,2465792,1376,6735.8,17.32,,-0.0336,0.2859,2.294,0.03083,0.5249
1204,9871360,2467840,1376,6738.9,17.32,,-0.0358,0.3228,2.2133,0.03806,0.5389
1205,9879552,2469888,1376,6742.1,17.32,,-0.0411,0.2861,2.2591,0.03825,0.5406
1206,9887744,2471936,1376,6745.2,17.32,,-0.0388,0.2114,2.2145,0.03618,0.5243
1207,9895936,2473984,1376,6748.3,17.32,,-0.0366,0.2341,2.2355,0.0372,0.5344
1208,9904128,2476032,1376,6751.5,17.32,,-0.0412,0.2419,2.2176,0.03238,0.5206
1209,9912320,2478080,1376,6754.6,17.32,,-0.038,0.2522,2.2635,0.03742,0.5292
1210,9920512,2480128,1383,6757.8,17.02,,-0.0356,0.1812,2.2989,0.03299,0.5225
1211,9928704,2482176,1392,6761.2,17.47,,-0.0376,0.22,2.2129,0.03824,0.5397
1212,9936896,2484224,1392,6764.4,17.47,,-0.0367,0.1685,2.2366,0.03566,0.5314
1213,9945088,2486272,1392,6767.6,17.47,,-0.0353,0.2315,2.2499,0.03763,0.5306
1214,9953280,2488320,1392,6770.8,17.47,,-0.037,0.2905,2.1776,0.03496,0.5284
1215,9961472,2490368,1392,6773.9,17.47,,-0.035,0.1829,2.2276,0.03815,0.5228
1216,9969664,2492416,1392,6777.0,17.47,,-0.0366,0.1386,2.2192,0.03633,0.532
1217,9977856,2494464,1392,6780.3,17.47,,-0.0375,0.1718,2.1991,0.03956,0.541
1218,9986048,2496512,1392,6783.5,17.47,,-0.0391,0.2926,2.1741,0.03612,0.5242
1219,9994240,2498560,1392,6786.7,17.47,,-0.0365,0.1992,2.1502,0.03295,0.5358
1220,10002432,2500608,1392,6789.8,17.47,,-0.0395,0.1535,2.1585,0.03169,0.515
1221,10010624,2502656,1392,6793.0,17.47,,-0.0394,0.1336,2.1924,0.03464,0.5356
1222,10018816,2504704,1392,6796.2,17.47,,-0.0346,0.3003,2.1729,0.03711,0.5347
1223,10027008,2506752,1392,6799.4,17.47,,-0.0377,0.3708,2.1487,0.03756,0.5278
1224,10035200,2508800,1400,6802.7,17.51,,-0.0373,0.1379,2.1896,0.03658,0.5338
1225,10043392,2510848,1408,6805.9,17.03,,-0.0358,0.2368,2.1684,0.03664,0.5468
1226,10051584,2512896,1408,6809.1,17.03,,-0.0368,0.1998,2.2499,0.0355,0.5291
1227,10059776,2514944,1408,6812.3,17.03,,-0.0342,0.2363,2.2469,0.03379,0.5385
1228,10067968,2516992,1408,6815.5,17.03,,-0.0327,0.2761,2.2616,0.03501,0.5208
1229,10076160,2519040,1408,6818.7,17.03,,-0.0328,0.1869,2.3306,0.03385,0.5176
1230,10084352,2521088,1408,6821.8,17.03,,-0.0364,0.2129,2.2855,0.03123,0.5264
1231,10092544,2523136,1408,6825.0,17.03,,-0.0375,0.2162,2.2926,0.03101,0.4989
1232,10100736,2525184,1408,6828.2,17.03,,-0.0372,0.2971,2.271,0.03315,0.5115
1233,10108928,2527232,1408,6831.4,17.03,,-0.0362,0.2115,2.302,0.0288,0.5298
1234,10117120,2529280,1408,6834.5,17.03,,-0.0375,0.1914,2.2646,0.03021,0.5012
1235,10125312,2531328,1408,6837.7,17.03,,-0.0402,0.1852,2.3179,0.03149,0.524
1236,10133504,2533376,1408,6840.9,17.03,,-0.0338,0.3124,2.2892,0.02998,0.5188
1237,10141696,2535424,1408,6844.1,17.03,,-0.0386,0.2531,2.3197,0.02984,0.5039
1238,10149888,2537472,1420,6847.5,16.93,,-0.0388,0.1296,2.3471,0.02876,0.5272
1239,10158080,2539520,1424,6850.7,17.02,,-0.0396,0.1891,2.3451,0.03023,0.4941
1240,10166272,2541568,1424,6853.9,17.02,,-0.038,0.2366,2.3829,0.02872,0.5168
1241,10174464,2543616,1424,6857.0,17.02,,-0.0352,0.2356,2.3252,0.03355,0.5232
1242,10182656,2545664,1424,6860.1,17.02,,-0.0354,0.1674,2.3464,0.03108,0.5182
1243,10190848,2547712,1424,6863.4,17.02,,-0.0318,0.2749,2.3684,0.02993,0.4982
1244,10199040,2549760,1424,6866.5,17.02,,-0.0386,0.2635,2.3848,0.02856,0.5109
1245,10207232,2551808,1424,6869.7,17.02,,-0.0401,0.3859,2.2916,0.03433,0.5189
1246,10215424,2553856,1424,6872.8,17.02,,-0.0409,0.3968,2.2284,0.03386,0.5109
1247,10223616,2555904,1424,6876.0,17.02,,-0.0356,0.2635,2.2096,0.03778,0.5359
1248,10231808,2557952,1424,6879.2,17.02,,-0.0403,0.1711,2.2098,0.03642,0.5261
1249,10240000,2560000,1424,6882.4,17.02,,-0.0382,0.2718,2.1874,0.03489,0.5394
1250,10248192,2562048,1424,6885.7,17.02,,-0.0343,0.2133,2.1792,0.03388,0.5198
1251,10256384,2564096,1424,6888.9,17.02,,-0.0399,0.3121,2.2204,0.03273,0.5273
1252,10264576,2566144,1438,6892.3,16.88,,-0.0328,0.2829,2.2078,0.0325,0.5087
1253,10272768,2568192,1440,6895.6,16.63,,-0.0373,0.2404,2.1638,0.03341,0.5189
1254,10280960,2570240,1440,6898.9,16.63,,-0.0367,0.2798,2.1925,0.03729,0.5288
1255,10289152,2572288,1440,6902.1,16.63,,-0.0316,0.2453,2.2076,0.03739,0.5148
1256,10297344,2574336,1440,6905.4,16.63,,-0.0326,0.2726,2.2162,0.03512,0.5214
1257,10305536,2576384,1440,6908.6,16.63,,-0.0398,0.1358,2.2814,0.03651,0.5353
1258,10313728,2578432,1440,6911.9,16.63,,-0.0379,0.213,2.2903,0.03875,0.55
1259,10321920,2580480,1440,6915.2,16.63,,-0.0366,0.3019,2.2447,0.03568,0.5354
1260,10330112,2582528,1440,6918.4,16.63,,-0.041,0.3402,2.2123,0.03951,0.5413
1261,10338304,2584576,1440,6921.7,16.63,,-0.0406,0.1847,2.2435,0.0422,0.5468
1262,10346496,2586624,1440,6925.0,16.63,,-0.0418,0.2232,2.2501,0.03525,0.5272
1263,10354688,2588672,1440,6928.3,16.63,,-0.0372,0.2446,2.2676,0.03311,0.5347
1264,10362880,2590720,1440,6931.4,16.63,,-0.039,0.2565,2.1617,0.03785,0.5304
1265,10371072,2592768,1440,6934.5,16.63,,-0.0365,0.2726,2.1287,0.03727,0.5322
1266,10379264,2594816,1455,6938.0,17.17,,-0.0426,0.1896,2.1669,0.03805,0.553
1267,10387456,2596864,1456,6941.1,17.09,,-0.0411,0.204,2.1904,0.04023,0.5336
1268,10395648,2598912,1456,6944.2,17.09,,-0.0388,0.1838,2.2637,0.0341,0.5364
1269,10403840,2600960,1456,6947.3,17.09,,-0.0404,0.142,2.2189,0.04277,0.5472
1270,10412032,2603008,1456,6950.4,17.09,,-0.0413,0.1556,2.1861,0.03832,0.5432
1271,10420224,2605056,1456,6953.6,17.09,,-0.0343,0.216,2.2105,0.03783,0.5282
1272,10428416,2607104,1456,6956.7,17.09,,-0.0334,0.2215,2.1617,0.03734,0.5361
1273,10436608,2609152,1456,6959.8,17.09,,-0.0396,0.2199,2.2353,0.03351,0.5319
1274,10444800,2611200,1456,6962.9,17.09,,-0.0355,0.3914,2.0725,0.035,0.5156
1275,10452992,2613248,1456,6966.1,17.09,,-0.04,0.1994,2.1228,0.03475,0.5278
1276,10461184,2615296,1456,6969.2,17.09,,-0.0415,0.1652,2.1396,0.03388,0.531
1277,10469376,2617344,1456,6972.3,17.09,,-0.0384,0.2804,2.0776,0.03674,0.5106
1278,10477568,2619392,1456,6975.5,17.09,,-0.0355,0.3223,2.0934,0.03982,0.5201
1279,10485760,2621440,1456,6978.6,17.09,,-0.0381,0.3272,2.0417,0.04166,0.53
1280,10493952,2623488,1472,6982.0,18.21,,-0.0373,0.2018,2.0958,0.03279,0.5262
1281,10502144,2625536,1472,6985.1,18.21,,-0.0397,0.2034,2.09,0.04025,0.5208
1282,10510336,2627584,1472,6988.3,18.21,,-0.0358,0.2422,2.1027,0.03715,0.5217
1283,10518528,2629632,1472,6991.5,18.21,,-0.0373,0.1775,2.1539,0.03413,0.5151
1284,10526720,2631680,1472,6994.8,18.21,,-0.0367,0.2315,2.1125,0.0391,0.5195
1285,10534912,2633728,1472,6998.0,18.21,,-0.0398,0.1247,2.1588,0.0327,0.5282
1286,10543104,2635776,1472,7001.2,18.21,,-0.0301,0.3519,2.1828,0.0363,0.5142
1287,10551296,2637824,1472,7004.5,18.21,,-0.0406,0.2369,2.1827,0.03407,0.5065
1288,10559488,2639872,1472,7007.7,18.21,,-0.0345,0.3332,2.1569,0.03122,0.5157
1289,10567680,2641920,1472,7010.9,18.21,,-0.0434,0.2317,2.1572,0.03268,0.5139
1290,10575872,2643968,1472,7014.0,18.21,,-0.038,0.2329,2.1589,0.03504,0.5265
1291,10584064,2646016,1472,7017.2,18.21,,-0.0387,0.2469,2.1767,0.03284,0.5134
1292,10592256,2648064,1472,7020.3,18.21,,-0.0341,0.2363,2.2352,0.03575,0.5353
1293,10600448,2650112,1472,7023.5,18.21,,-0.0346,0.2784,2.1414,0.03854,0.5299
1294,10608640,2652160,1488,7026.9,19.99,,-0.0398,0.1956,2.1933,0.02729,0.5233
1295,10616832,2654208,1488,7030.1,19.99,,-0.0374,0.2173,2.1808,0.03482,0.5212
1296,10625024,2656256,1488,7033.2,19.99,,-0.0399,0.2277,2.239,0.0342,0.5093
1297,10633216,2658304,1488,7036.3,19.99,,-0.0434,0.1852,2.1935,0.03262,0.5306
1298,10641408,2660352,1488,7039.4,19.99,,-0.0376,0.1441,2.2447,0.03272,0.5115
1299,10649600,2662400,1488,7042.6,19.99,,-0.0414,0.1291,2.2304,0.03535,0.5336
1300,10657792,2664448,1488,7273.1,19.99,48.45000076293945,-0.0366,0.2807,2.2739,0.02902,0.5095
1301,10665984,2666496,1488,7276.2,19.99,,-0.0436,0.2152,2.1884,0.03716,0.5302
1302,10674176,2668544,1488,7279.3,19.99,,-0.0401,0.3427,2.1658,0.03621,0.5194
1303,10682368,2670592,1488,7282.4,19.99,,-0.0415,0.1592,2.1632,0.03478,0.5413
1304,10690560,2672640,1488,7285.6,19.99,,-0.0379,0.1905,2.1555,0.03899,0.5314
1305,10698752,2674688,1488,7288.7,19.99,,-0.0372,0.3177,2.1651,0.03591,0.5309
1306,10706944,2676736,1488,7291.9,19.99,,-0.0388,0.2226,2.1384,0.03471,0.5289
1307,10715136,2678784,1488,7295.0,19.99,,-0.0402,0.2585,2.1788,0.03705,0.5214
1308,10723328,2680832,1504,7298.4,20.87,,-0.0397,0.183,2.1746,0.03343,0.5156
1309,10731520,2682880,1504,7301.5,20.87,,-0.04,0.2381,2.1733,0.03338,0.5203
1310,10739712,2684928,1504,7304.6,20.87,,-0.0416,0.1957,2.1852,0.03222,0.5161
1311,10747904,2686976,1504,7307.7,20.87,,-0.0388,0.1929,2.2007,0.034,0.5056
1312,10756096,2689024,1504,7310.8,20.87,,-0.0413,0.1095,2.2493,0.03044,0.5193
1313,10764288,2691072,1504,7313.9,20.87,,-0.0423,0.1592,2.1736,0.03086,0.5131
1314,10772480,2693120,1504,7317.1,20.87,,-0.0335,0.3294,2.2251,0.02958,0.5129
1315,10780672,2695168,1504,7320.2,20.87,,-0.0411,0.2148,2.1963,0.03834,0.5273
1316,10788864,2697216,1504,7323.3,20.87,,-0.0357,0.3391,2.1989,0.03822,0.5343
1317,10797056,2699264,1504,7326.5,20.87,,-0.041,0.1947,2.1843,0.0349,0.5219
1318,10805248,2701312,1504,7329.6,20.87,,-0.0335,0.2512,2.0996,0.02947,0.509
1319,10813440,2703360,1504,7332.7,20.87,,-0.0389,0.2223,2.1819,0.03414,0.5325
1320,10821632,2705408,1504,7335.9,20.87,,-0.0397,0.2328,2.1122,0.03836,0.5283
1321,10829824,2707456,1504,7339.0,20.87,,-0.0359,0.2193,2.1174,0.04069,0.5282
1322,10838016,2709504,1520,7342.4,22.73,,-0.0379,0.3005,2.0942,0.02833,0.5139
1323,10846208,2711552,1520,7345.5,22.73,,-0.0389,0.1739,2.122,0.03959,0.5394
1324,10854400,2713600,1520,7348.6,22.73,,-0.0366,0.3452,2.204,0.03266,0.5299
1325,10862592,2715648,1520,7351.7,22.73,,-0.039,0.238,2.145,0.04094,0.5208
1326,10870784,2717696,1520,7354.9,22.73,,-0.0387,0.1835,2.1558,0.03302,0.5204
1327,10878976,2719744,1520,7358.0,22.73,,-0.041,0.1917,2.1374,0.0335,0.5284
1328,10887168,2721792,1520,7361.1,22.73,,-0.0388,0.1917,2.1954,0.03787,0.5317
1329,10895360,2723840,1520,7364.3,22.73,,-0.0385,0.2296,2.1181,0.04011,0.5302
1330,10903552,2725888,1520,7367.4,22.73,,-0.0375,0.2365,2.0827,0.03749,0.5265
1331,10911744,2727936,1520,7370.5,22.73,,-0.0356,0.2324,2.1531,0.03518,0.5253
1332,10919936,2729984,1520,7373.7,22.73,,-0.0382,0.1703,2.0893,0.0381,0.5269
1333,10928128,2732032,1520,7376.8,22.73,,-0.0375,0.2966,2.0893,0.03802,0.5331
1334,10936320,2734080,1520,7379.9,22.73,,-0.0357,0.2582,2.0971,0.03808,0.5181
1335,10944512,2736128,1520,7383.1,22.73,,-0.0395,0.2318,2.0472,0.04543,0.5375
1336,10952704,2738176,1536,7386.4,23.48,,-0.0367,0.2589,2.0429,0.03873,0.5326
1337,10960896,2740224,1536,7389.5,23.48,,-0.0364,0.1946,2.0815,0.03793,0.509
1338,10969088,2742272,1536,7392.6,23.48,,-0.0349,0.3841,2.0512,0.03472,0.5029
1339,10977280,2744320,1536,7395.8,23.48,,-0.0352,0.2823,2.0895,0.03819,0.5242
1340,10985472,2746368,1536,7398.9,23.48,,-0.0367,0.1634,2.1419,0.03299,0.5242
1341,10993664,2748416,1536,7402.0,23.48,,-0.0358,0.1944,2.1723,0.03305,0.5066
1342,11001856,2750464,1536,7405.1,23.48,,-0.0303,0.4114,2.1799,0.03265,0.5195
1343,11010048,2752512,1536,7408.3,23.48,,-0.0385,0.3627,2.1225,0.03735,0.5238
1344,11018240,2754560,1536,7411.4,23.48,,-0.0347,0.3925,2.0771,0.03295,0.5029
1345,11026432,2756608,1536,7414.6,23.48,,-0.0323,0.2548,2.0637,0.03631,0.5179
1346,11034624,2758656,1536,7417.7,23.48,,-0.0283,0.3762,2.111,0.03477,0.5229
1347,11042816,2760704,1536,7420.8,23.48,,-0.0376,0.2857,2.1656,0.04314,0.557
1348,11051008,2762752,1536,7424.0,23.48,,-0.0365,0.2948,2.105,0.03778,0.5249
1349,11059200,2764800,1538,7427.2,23.84,,-0.0321,0.2405,2.0934,0.03707,0.5262
1350,11067392,2766848,1552,7430.6,23.93,,-0.0382,0.2843,2.0491,0.03987,0.5466
1351,11075584,2768896,1552,7433.7,23.93,,-0.0389,0.252,2.1132,0.03752,0.5255
1352,11083776,2770944,1552,7436.8,23.93,,-0.032,0.3764,2.1266,0.04122,0.536
1353,11091968,2772992,1552,7440.0,23.93,,-0.0358,0.2711,2.1804,0.04165,0.5475
1354,11100160,2775040,1552,7443.1,23.93,,-0.0362,0.1505,2.1854,0.03837,0.5409
1355,11108352,2777088,1552,7446.2,23.93,,-0.0345,0.1585,2.1799,0.03543,0.5392
1356,11116544,2779136,1552,7449.3,23.93,,-0.0342,0.3126,2.1306,0.04492,0.5359
1357,11124736,2781184,1552,7452.5,23.93,,-0.0365,0.2967,2.1318,0.04329,0.563
1358,11132928,2783232,1552,7455.7,23.93,,-0.0383,0.2745,2.0317,0.04064,0.5569
1359,11141120,2785280,1552,7458.8,23.93,,-0.0376,0.2067,2.1233,0.03944,0.5245
1360,11149312,2787328,1552,7462.0,23.93,,-0.0364,0.2406,2.0993,0.03163,0.5012
1361,11157504,2789376,1552,7465.1,23.93,,-0.039,0.232,2.1121,0.03657,0.5186
1362,11165696,2791424,1552,7468.3,23.93,,-0.0364,0.2979,2.0518,0.03819,0.5309
1363,11173888,2793472,1556,7471.5,24.36,,-0.0408,0.1918,2.0867,0.03987,0.5358
1364,11182080,2795520,1568,7474.8,24.35,,-0.0354,0.2362,2.0398,0.03764,0.5292
1365,11190272,2797568,1568,7477.9,24.35,,-0.0365,0.2389,2.1047,0.03599,0.5228
1366,11198464,2799616,1568,7481.0,24.35,,-0.0364,0.3415,2.1295,0.03233,0.5177
1367,11206656,2801664,1568,7484.2,24.35,,-0.0374,0.2602,2.1896,0.03342,0.5253
1368,11214848,2803712,1568,7487.3,24.35,,-0.0331,0.2142,2.1707,0.03361,0.5079
1369,11223040,2805760,1568,7490.4,24.35,,-0.0363,0.2185,2.1872,0.03841,0.5245
1370,11231232,2807808,1568,7493.6,24.35,,-0.0364,0.2597,2.1775,0.03744,0.5284
1371,11239424,2809856,1568,7496.8,24.35,,-0.0379,0.2925,2.1675,0.03569,0.5175
1372,11247616,2811904,1568,7500.0,24.35,,-0.0394,0.2471,2.1971,0.03127,0.5029
1373,11255808,2813952,1568,7503.2,24.35,,-0.0373,0.2458,2.198,0.03431,0.5182
1374,11264000,2816000,1568,7506.4,24.35,,-0.0341,0.2578,2.2004,0.03512,0.5088
1375,11272192,2818048,1568,7509.6,24.35,,-0.0367,0.2291,2.17,0.03654,0.5509
1376,11280384,2820096,1568,7512.8,24.35,,-0.0388,0.1908,2.1587,0.03813,0.5419
1377,11288576,2822144,1574,7516.0,24.48,,-0.0355,0.2379,2.1479,0.03332,0.5172
1378,11296768,2824192,1584,7519.3,24.67,,-0.0412,0.223,2.0733,0.03652,0.5155
1379,11304960,2826240,1584,7522.4,24.67,,-0.0331,0.2558,2.19,0.02875,0.5151
1380,11313152,2828288,1584,7525.5,24.67,,-0.0364,0.3552,2.1869,0.0349,0.5345
1381,11321344,2830336,1584,7528.6,24.67,,-0.0371,0.234,2.2001,0.03392,0.5316
1382,11329536,2832384,1584,7531.8,24.67,,-0.0393,0.1628,2.2583,0.03408,0.5193
1383,11337728,2834432,1584,7534.9,24.67,,-0.0368,0.2167,2.242,0.04247,0.5316
1384,11345920,2836480,1584,7538.0,24.67,,-0.0362,0.2869,2.2222,0.03877,0.5262
1385,11354112,2838528,1584,7541.1,24.67,,-0.0394,0.2485,2.1652,0.04021,0.5275
1386,11362304,2840576,1584,7544.3,24.67,,-0.039,0.191,2.1431,0.03817,0.5386
1387,11370496,2842624,1584,7547.4,24.67,,-0.0357,0.2015,2.1664,0.03358,0.5455
1388,11378688,2844672,1584,7550.6,24.67,,-0.0378,0.2065,2.1396,0.03752,0.5303
1389,11386880,2846720,1584,7553.7,24.67,,-0.0409,0.2848,2.1352,0.03904,0.5503
1390,11395072,2848768,1584,7556.8,24.67,,-0.0375,0.2598,2.1157,0.04056,0.5349
1391,11403264,2850816,1593,7560.1,24.48,,-0.0389,0.2364,2.106,0.03171,0.5153
1392,11411456,2852864,1600,7563.3,24.72,,-0.0385,0.2533,2.04,0.03623,0.5225
1393,11419648,2854912,1600,7566.5,24.72,,-0.0365,0.1774,2.1205,0.035,0.5186
1394,11427840,2856960,1600,7569.6,24.72,,-0.0335,0.2414,2.141,0.04214,0.54
1395,11436032,2859008,1600,7572.7,24.72,,-0.0351,0.2056,2.2017,0.03888,0.5183
1396,11444224,2861056,1600,7575.8,24.72,,-0.0307,0.3286,2.2004,0.03674,0.5195
1397,11452416,2863104,1600,7579.0,24.72,,-0.0335,0.3496,2.1754,0.03508,0.5352
1398,11460608,2865152,1600,7582.1,24.72,,-0.0379,0.3342,2.1802,0.04012,0.5294
1399,11468800,2867200,1600,7585.2,24.72,,-0.0405,0.4009,2.1486,0.04523,0.5494
1400,11476992,2869248,1600,7814.7,24.72,50.41999816894531,-0.0372,0.2469,2.1331,0.04266,0.5438
1401,11485184,2871296,1600,7817.8,24.72,,-0.0357,0.2546,2.1897,0.03885,0.5413
1402,11493376,2873344,1600,7820.9,24.72,,-0.0409,0.2333,2.173,0.0379,0.5426
1403,11501568,2875392,1600,7824.0,24.72,,-0.0378,0.2888,2.2073,0.0407,0.5503
1404,11509760,2877440,1600,7827.2,24.72,,-0.0391,0.2423,2.163,0.03661,0.5258
1405,11517952,2879488,1612,7830.5,23.74,,-0.0398,0.1418,2.1385,0.04238,0.5455
1406,11526144,2881536,1616,7833.7,23.98,,-0.0351,0.2793,2.074,0.0379,0.5348
1407,11534336,2883584,1616,7836.8,23.98,,-0.0325,0.2377,2.1819,0.03546,0.5389
1408,11542528,2885632,1616,7839.9,23.98,,-0.0339,0.2502,2.1462,0.03579,0.5332
1409,11550720,2887680,1616,7843.0,23.98,,-0.038,0.205,2.1437,0.0344,0.5292
1410,11558912,2889728,1616,7846.1,23.98,,-0.0376,0.1392,2.1541,0.03427,0.5194
1411,11567104,2891776,1616,7849.2,23.98,,-0.0333,0.239,2.1881,0.03148,0.5355
1412,11575296,2893824,1616,7852.3,23.98,,-0.0335,0.3529,2.1473,0.04241,0.5515
1413,11583488,2895872,1616,7855.5,23.98,,-0.0346,0.3218,2.1344,0.04047,0.5492
1414,11591680,2897920,1616,7858.6,23.98,,-0.0389,0.2417,2.0961,0.04267,0.5322
1415,11599872,2899968,1616,7861.7,23.98,,-0.0357,0.2203,2.1073,0.03634,0.5353
1416,11608064,2902016,1616,7864.9,23.98,,-0.0404,0.1873,2.156,0.03519,0.5321
1417,11616256,2904064,1616,7868.0,23.98,,-0.0393,0.2315,2.2096,0.03639,0.5505
1418,11624448,2906112,1616,7871.1,23.98,,-0.0341,0.3106,2.1352,0.03211,0.5314
1419,11632640,2908160,1629,7874.5,23.66,,-0.0353,0.1922,2.1648,0.03264,0.5328
1420,11640832,2910208,1632,7877.6,24.06,,-0.035,0.3068,2.1122,0.0314,0.516
1421,11649024,2912256,1632,7880.7,24.06,,-0.0342,0.1784,2.1349,0.03869,0.5387
1422,11657216,2914304,1632,7883.8,24.06,,-0.0325,0.3268,2.1515,0.02525,0.5056
1423,11665408,2916352,1632,7886.9,24.06,,-0.0364,0.183,2.1818,0.03497,0.5314
1424,11673600,2918400,1632,7890.0,24.06,,-0.0387,0.1309,2.2751,0.03329,0.5325
1425,11681792,2920448,1632,7893.2,24.06,,-0.0333,0.271,2.1933,0.03183,0.501
1426,11689984,2922496,1632,7896.3,24.06,,-0.0368,0.2994,2.1957,0.03389,0.5195
1427,11698176,2924544,1632,7899.4,24.06,,-0.0314,0.4505,2.1022,0.03521,0.5067
1428,11706368,2926592,1632,7902.5,24.06,,-0.0384,0.2268,2.115,0.03687,0.5194
1429,11714560,2928640,1632,7905.7,24.06,,-0.0377,0.1865,2.1348,0.03258,0.5203
1430,11722752,2930688,1632,7908.8,24.06,,-0.0383,0.2429,2.2027,0.03345,0.5326
1431,11730944,2932736,1632,7912.0,24.06,,-0.0366,0.2457,2.1912,0.03388,0.5297
1432,11739136,2934784,1632,7915.1,24.06,,-0.0372,0.2466,2.145,0.03807,0.5276
1433,11747328,2936832,1647,7918.5,23.77,,-0.0366,0.1759,2.1464,0.03776,0.5333
1434,11755520,2938880,1648,7921.6,23.73,,-0.0348,0.2807,2.1246,0.03587,0.5319
1435,11763712,2940928,1648,7924.7,23.73,,-0.0316,0.2573,2.1733,0.03253,0.5073
1436,11771904,2942976,1648,7927.8,23.73,,-0.0384,0.1981,2.1447,0.04041,0.5449
1437,11780096,2945024,1648,7930.9,23.73,,-0.034,0.3256,2.1988,0.03116,0.5107
1438,11788288,2947072,1648,7934.1,23.73,,-0.0355,0.1822,2.2211,0.03126,0.5148
1439,11796480,2949120,1648,7937.2,23.73,,-0.0306,0.3986,2.2207,0.03067,0.5182
1440,11804672,2951168,1648,7940.3,23.73,,-0.0367,0.3165,2.1855,0.03445,0.5239
1441,11812864,2953216,1648,7943.4,23.73,,-0.0347,0.467,2.1257,0.02785,0.4993
1442,11821056,2955264,1648,7946.6,23.73,,-0.0394,0.1786,2.1319,0.03703,0.5087
1443,11829248,2957312,1648,7949.7,23.73,,-0.0351,0.2664,2.1714,0.03265,0.5383
1444,11837440,2959360,1648,7952.8,23.73,,-0.0361,0.2984,2.1655,0.03507,0.5182
1445,11845632,2961408,1648,7955.9,23.73,,-0.0353,0.3074,2.1527,0.03162,0.5044
1446,11853824,2963456,1648,7959.1,23.73,,-0.0407,0.2402,2.1147,0.03356,0.5018
1447,11862016,2965504,1664,7962.5,23.67,,-0.0373,0.1918,2.126,0.03248,0.52
1448,11870208,2967552,1664,7965.6,23.67,,-0.0313,0.3034,2.1197,0.03647,0.5261
1449,11878400,2969600,1664,7968.7,23.67,,-0.0403,0.1854,2.128,0.03408,0.5328
1450,11886592,2971648,1664,7971.8,23.67,,-0.0351,0.1671,2.2044,0.03514,0.5488
1451,11894784,2973696,1664,7974.9,23.67,,-0.0353,0.2316,2.2711,0.03629,0.5227
1452,11902976,2975744,1664,7978.0,23.67,,-0.0344,0.1563,2.2625,0.03965,0.5508
1453,11911168,2977792,1664,7981.2,23.67,,-0.0354,0.4001,2.2006,0.03287,0.4951
1454,11919360,2979840,1664,7984.3,23.67,,-0.0367,0.3695,2.2115,0.0363,0.5238
1455,11927552,2981888,1664,7987.4,23.67,,-0.0398,0.3127,2.1699,0.04459,0.5487
1456,11935744,2983936,1664,7990.6,23.67,,-0.0382,0.2065,2.1458,0.03853,0.5383
1457,11943936,2985984,1664,7993.7,23.67,,-0.0379,0.2151,2.1464,0.0419,0.535
1458,11952128,2988032,1664,7996.8,23.67,,-0.0429,0.1886,2.2062,0.04035,0.5422
1459,11960320,2990080,1664,7999.9,23.67,,-0.0365,0.2457,2.2119,0.03859,0.5302
1460,11968512,2992128,1664,8003.1,23.67,,-0.0382,0.3048,2.1829,0.03832,0.5237
1461,11976704,2994176,1680,8006.4,21.89,,-0.0326,0.2092,2.1189,0.03959,0.5375
1462,11984896,2996224,1680,8009.6,21.89,,-0.0308,0.3486,2.1001,0.04105,0.5453
1463,11993088,2998272,1680,8012.7,21.89,,-0.0322,0.2406,2.1304,0.04057,0.5315
1464,12001280,3000320,1680,8015.8,21.89,,-0.0371,0.2978,2.2016,0.04176,0.5405
1465,12009472,3002368,1680,8018.9,21.89,,-0.0371,0.1966,2.2849,0.0414,0.5338
1466,12017664,3004416,1680,8022.0,21.89,,-0.0378,0.1829,2.3672,0.04407,0.5476
1467,12025856,3006464,1680,8025.1,21.89,,-0.0379,0.2211,2.2832,0.04322,0.5411
1468,12034048,3008512,1680,8028.2,21.89,,-0.0371,0.3554,2.2602,0.04011,0.5342
1469,12042240,3010560,1680,8031.3,21.89,,-0.0389,0.2737,2.232,0.04373,0.5448
1470,12050432,3012608,1680,8034.5,21.89,,-0.0375,0.2706,2.1862,0.04609,0.5284
1471,12058624,3014656,1680,8037.6,21.89,,-0.0379,0.2391,2.1892,0.04437,0.5471
1472,12066816,3016704,1680,8040.8,21.89,,-0.0424,0.2316,2.2482,0.04483,0.5499
1473,12075008,3018752,1680,8043.9,21.89,,-0.0385,0.2221,2.2143,0.04311,0.5327
1474,12083200,3020800,1680,8047.0,21.89,,-0.0397,0.2223,2.1727,0.04073,0.5209
1475,12091392,3022848,1696,8050.4,21.51,,-0.0367,0.1947,2.1939,0.04082,0.5511
1476,12099584,3024896,1696,8053.5,21.51,,-0.0362,0.2283,2.1311,0.04585,0.5319
1477,12107776,3026944,1696,8056.6,21.51,,-0.041,0.1537,2.1931,0.04379,0.5476
1478,12115968,3028992,1696,8059.7,21.51,,-0.0385,0.2658,2.2259,0.04329,0.5411
1479,12124160,3031040,1696,8062.8,21.51,,-0.0342,0.2244,2.2907,0.03853,0.5182
1480,12132352,3033088,1696,8065.9,21.51,,-0.0383,0.1444,2.3447,0.04224,0.5393
1481,12140544,3035136,1696,8069.1,21.51,,-0.03,0.4067,2.2322,0.04116,0.5455
1482,12148736,3037184,1696,8072.2,21.51,,-0.0385,0.3493,2.2206,0.04845,0.5491
1483,12156928,3039232,1696,8075.3,21.51,,-0.0401,0.2844,2.1894,0.05506,0.5525
1484,12165120,3041280,1696,8078.5,21.51,,-0.039,0.1736,2.1756,0.04481,0.5526
1485,12173312,3043328,1696,8081.6,21.51,,-0.0414,0.1811,2.185,0.04561,0.5508
1486,12181504,3045376,1696,8084.7,21.51,,-0.041,0.285,2.2225,0.04129,0.5569
1487,12189696,3047424,1696,8087.8,21.51,,-0.042,0.2212,2.2255,0.05195,0.5327
1488,12197888,3049472,1696,8091.0,21.51,,-0.0402,0.2233,2.2543,0.04506,0.5482
1489,12206080,3051520,1712,8094.4,20.77,,-0.0401,0.1881,2.067,0.04868,0.5295
1490,12214272,3053568,1712,8097.4,20.77,,-0.0375,0.1915,2.0687,0.04941,0.527
1491,12222464,3055616,1712,8100.6,20.77,,-0.037,0.2678,2.1645,0.04777,0.5403
1492,12230656,3057664,1712,8103.7,20.77,,-0.0384,0.1898,2.1882,0.04001,0.5262
1493,12238848,3059712,1712,8106.8,20.77,,-0.0388,0.1492,2.2766,0.04314,0.5403
1494,12247040,3061760,1712,8109.9,20.77,,-0.0415,0.1379,2.2825,0.04118,0.5475
1495,12255232,3063808,1712,8113.1,20.77,,-0.0382,0.3423,2.1587,0.04577,0.5394
1496,12263424,3065856,1712,8116.2,20.77,,-0.0414,0.2899,2.185,0.04653,0.5537
1497,12271616,3067904,1712,8119.3,20.77,,-0.0377,0.2981,2.1402,0.04591,0.5441
1498,12279808,3069952,1712,8122.4,20.77,,-0.0405,0.1409,2.221,0.04837,0.5614
1499,12288000,3072000,1712,8125.6,20.77,,-0.0415,0.152,2.1551,0.047,0.5341
1500,12296192,3074048,1712,8355.2,20.77,49.150001525878906,-0.0388,0.2759,2.2075,0.04169,0.5519
1501,12304384,3076096,1712,8358.3,20.77,,-0.04,0.2165,2.1216,0.05328,0.5695
1502,12312576,3078144,1712,8361.5,20.77,,-0.0406,0.225,2.1418,0.05022,0.5442
1503,12320768,3080192,1728,8364.8,21.75,,-0.039,0.2652,1.9895,0.049,0.5315
1504,12328960,3082240,1728,8367.9,21.75,,-0.0389,0.2143,2.1112,0.04379,0.5385
1505,12337152,3084288,1728,8371.0,21.75,,-0.0386,0.2152,2.116,0.0419,0.5425
1506,12345344,3086336,1728,8374.1,21.75,,-0.0369,0.2895,2.1802,0.04368,0.5289
1507,12353536,3088384,1728,8377.3,21.75,,-0.042,0.1375,2.1858,0.05114,0.5535
1508,12361728,3090432,1728,8380.4,21.75,,-0.0389,0.1878,2.1722,0.04366,0.5427
1509,12369920,3092480,1728,8383.5,21.75,,-0.0386,0.3536,2.1499,0.04015,0.5143
1510,12378112,3094528,1728,8386.6,21.75,,-0.0407,0.3655,2.0886,0.04473,0.5328
1511,12386304,3096576,1728,8389.8,21.75,,-0.0378,0.3318,2.1275,0.05096,0.5575
1512,12394496,3098624,1728,8392.9,21.75,,-0.0388,0.1796,2.1077,0.04635,0.5298
1513,12402688,3100672,1728,8396.0,21.75,,-0.0386,0.1951,2.1165,0.04011,0.5293
1514,12410880,3102720,1728,8399.1,21.75,,-0.0423,0.2358,2.1608,0.04401,0.5535
1515,12419072,3104768,1728,8402.3,21.75,,-0.0403,0.2005,2.1419,0.04159,0.5479
1516,12427264,3106816,1730,8405.4,21.9,,-0.0391,0.1579,2.2219,0.03767,0.526
1517,12435456,3108864,1744,8408.8,23.09,,-0.0366,0.2471,2.0919,0.0334,0.5162
1518,12443648,3110912,1744,8411.9,23.09,,-0.0386,0.1561,2.1014,0.03869,0.5287
1519,12451840,3112960,1744,8415.0,23.09,,-0.0362,0.2483,2.1738,0.03393,0.499
1520,12460032,3115008,1744,8418.1,23.09,,-0.0407,0.1779,2.2008,0.03746,0.5166
1521,12468224,3117056,1744,8421.2,23.09,,-0.0385,0.1465,2.2696,0.03973,0.5367
1522,12476416,3119104,1744,8424.4,23.09,,-0.037,0.1288,2.2325,0.03753,0.5165
1523,12484608,3121152,1744,8427.5,23.09,,-0.0341,0.2989,2.2614,0.03715,0.5378
1524,12492800,3123200,1744,8430.6,23.09,,-0.037,0.3858,2.1977,0.04419,0.5416
1525,12500992,3125248,1744,8433.7,23.09,,-0.039,0.4154,2.1872,0.04163,0.5564
1526,12509184,3127296,1744,8436.9,23.09,,-0.0374,0.2541,2.2558,0.03922,0.5465
1527,12517376,3129344,1744,8440.0,23.09,,-0.0383,0.263,2.2215,0.04059,0.5237
1528,12525568,3131392,1744,8443.1,23.09,,-0.0362,0.3209,2.2375,0.03711,0.5341
1529,12533760,3133440,1744,8446.2,23.09,,-0.042,0.3075,2.2418,0.0406,0.5234
1530,12541952,3135488,1746,8449.4,22.97,,-0.0363,0.2457,2.2446,0.04524,0.5028
1531,12550144,3137536,1760,8452.8,23.3,,-0.0345,0.2353,2.0508,0.04402,0.5496
1532,12558336,3139584,1760,8455.8,23.3,,-0.0399,0.215,2.1987,0.03893,0.5293
1533,12566528,3141632,1760,8459.0,23.3,,-0.0335,0.2587,2.1919,0.03319,0.5134
1534,12574720,3143680,1760,8462.1,23.3,,-0.0307,0.2595,2.27,0.03274,0.4894
1535,12582912,3145728,1760,8465.2,23.3,,-0.0352,0.2676,2.2738,0.04008,0.5184
1536,12591104,3147776,1760,8468.3,23.3,,-0.039,0.2764,2.3057,0.03724,0.5198
1537,12599296,3149824,1760,8471.4,23.3,,-0.0375,0.3205,2.2187,0.03834,0.5233
1538,12607488,3151872,1760,8474.6,23.3,,-0.039,0.283,2.2229,0.04428,0.526
1539,12615680,3153920,1760,8477.7,23.3,,-0.042,0.2023,2.261,0.03994,0.5475
1540,12623872,3155968,1760,8480.8,23.3,,-0.0418,0.2001,2.2964,0.04159,0.5211
1541,12632064,3158016,1760,8484.0,23.3,,-0.0411,0.2137,2.3406,0.03254,0.5161
1542,12640256,3160064,1760,8487.1,23.3,,-0.0444,0.1994,2.294,0.04323,0.5453
1543,12648448,3162112,1760,8490.2,23.3,,-0.0435,0.1974,2.3037,0.0467,0.5511
1544,12656640,3164160,1764,8493.4,23.28,,-0.0432,0.1843,2.351,0.04031,0.5623
1545,12664832,3166208,1776,8496.7,23.59,,-0.0368,0.1701,2.1536,0.04196,0.5239
1546,12673024,3168256,1776,8499.8,23.59,,-0.0381,0.2566,2.1618,0.04561,0.528
1547,12681216,3170304,1776,8502.9,23.59,,-0.039,0.1983,2.2509,0.03999,0.5162
1548,12689408,3172352,1776,8506.0,23.59,,-0.0391,0.1751,2.3213,0.03764,0.521
1549,12697600,3174400,1776,8509.1,23.59,,-0.0382,0.1133,2.3454,0.04147,0.5404
1550,12705792,3176448,1776,8512.2,23.59,,-0.0362,0.1814,2.3105,0.0373,0.5006
1551,12713984,3178496,1776,8515.4,23.59,,-0.039,0.189,2.2725,0.04191,0.5319
1552,12722176,3180544,1776,8518.5,23.59,,-0.041,0.2684,2.1845,0.04204,0.5232
1553,12730368,3182592,1776,8521.6,23.59,,-0.0406,0.19,2.2274,0.05078,0.5521
1554,12738560,3184640,1776,8524.8,23.59,,-0.0412,0.1533,2.3039,0.04085,0.5583
1555,12746752,3186688,1776,8527.9,23.59,,-0.0423,0.1759,2.2417,0.04322,0.5436
1556,12754944,3188736,1776,8531.0,23.59,,-0.0414,0.1944,2.1933,0.0431,0.5287
1557,12763136,3190784,1776,8534.1,23.59,,-0.0374,0.3101,2.2147,0.04393,0.5261
1558,12771328,3192832,1783,8537.4,23.62,,-0.0379,0.2702,2.2463,0.03818,0.5299
1559,12779520,3194880,1792,8540.6,23.58,,-0.0406,0.1789,2.1482,0.042,0.5352
1560,12787712,3196928,1792,8543.7,23.58,,-0.0382,0.1904,2.2714,0.04006,0.5269
1561,12795904,3198976,1792,8546.8,23.58,,-0.0363,0.2633,2.2854,0.03788,0.5258
1562,12804096,3201024,1792,8549.9,23.58,,-0.0398,0.161,2.2614,0.03679,0.5377
1563,12812288,3203072,1792,8553.0,23.58,,-0.0383,0.1168,2.3504,0.03874,0.528
1564,12820480,3205120,1792,8556.1,23.58,,-0.0362,0.2171,2.3057,0.03862,0.5325
1565,12828672,3207168,1792,8559.3,23.58,,-0.0348,0.2659,2.2961,0.03958,0.5145
1566,12836864,3209216,1792,8562.4,23.58,,-0.0398,0.3577,2.2503,0.03397,0.5156
1567,12845056,3211264,1792,8565.5,23.58,,-0.035,0.2758,2.2942,0.0376,0.491
1568,12853248,3213312,1792,8568.7,23.58,,-0.0403,0.2184,2.3852,0.03647,0.52
1569,12861440,3215360,1792,8571.8,23.58,,-0.0426,0.1795,2.3417,0.03677,0.525
1570,12869632,3217408,1792,8574.9,23.58,,-0.0419,0.1997,2.3363,0.04299,0.5344
1571,12877824,3219456,1792,8578.0,23.58,,-0.0396,0.1875,2.3257,0.03615,0.5283
1572,12886016,3221504,1802,8581.3,23.67,,-0.0379,0.1646,2.3627,0.03802,0.5277
1573,12894208,3223552,1808,8584.5,23.63,,-0.0435,0.1834,2.2154,0.04021,0.5276
1574,12902400,3225600,1808,8587.6,23.63,,-0.0369,0.2493,2.2871,0.03394,0.5022
1575,12910592,3227648,1808,8590.7,23.63,,-0.0429,0.2262,2.3355,0.03611,0.5167
1576,12918784,3229696,1808,8593.8,23.63,,-0.0439,0.1249,2.3915,0.03666,0.5364
1577,12926976,3231744,1808,8597.0,23.63,,-0.0359,0.1656,2.3782,0.03332,0.5009
1578,12935168,3233792,1808,8600.1,23.63,,-0.0359,0.2846,2.3809,0.03151,0.4995
1579,12943360,3235840,1808,8603.2,23.63,,-0.0401,0.3127,2.3456,0.03636,0.5085
1580,12951552,3237888,1808,8606.3,23.63,,-0.0392,0.3045,2.3559,0.03472,0.5223
1581,12959744,3239936,1808,8609.4,23.63,,-0.0409,0.2799,2.3047,0.03912,0.5486
1582,12967936,3241984,1808,8612.6,23.63,,-0.0382,0.1766,2.3003,0.03439,0.5132
1583,12976128,3244032,1808,8615.7,23.63,,-0.0388,0.1612,2.3321,0.03889,0.5298
1584,12984320,3246080,1808,8618.8,23.63,,-0.038,0.2076,2.3574,0.03691,0.561
1585,12992512,3248128,1808,8622.0,23.63,,-0.0381,0.2725,2.3185,0.04098,0.5397
1586,13000704,3250176,1821,8625.3,23.21,,-0.0451,0.1795,2.3127,0.04085,0.5579
1587,13008896,3252224,1824,8628.4,22.82,,-0.0397,0.188,2.1372,0.04264,0.5433
1588,13017088,3254272,1824,8631.5,22.82,,-0.0343,0.2915,2.2428,0.03717,0.5305
1589,13025280,3256320,1824,8634.6,22.82,,-0.0334,0.3157,2.2454,0.03618,0.5093
1590,13033472,3258368,1824,8637.7,22.82,,-0.0368,0.353,2.2503,0.03429,0.5161
1591,13041664,3260416,1824,8640.9,22.82,,-0.0432,0.1535,2.324,0.03934,0.5309
1592,13049856,3262464,1824,8644.0,22.82,,-0.0354,0.2739,2.3424,0.03782,0.5247
1593,13058048,3264512,1824,8647.1,22.82,,-0.038,0.2601,2.3029,0.03501,0.5291
1594,13066240,3266560,1824,8650.2,22.82,,-0.0438,0.3102,2.2935,0.04829,0.5464
1595,13074432,3268608,1824,8653.4,22.82,,-0.0387,0.2325,2.3021,0.05313,0.5255
1596,13082624,3270656,1824,8656.5,22.82,,-0.0395,0.1829,2.222,0.04168,0.5513
1597,13090816,3272704,1824,8659.6,22.82,,-0.0389,0.1953,2.2455,0.04754,0.5425
1598,13099008,3274752,1824,8662.8,22.82,,-0.041,0.2396,2.2734,0.05128,0.5704
1599,13107200,3276800,1824,8665.9,22.82,,-0.0414,0.2678,2.2793,0.05089,0.5634
1600,13115392,3278848,1838,8895.9,20.69,44.779998779296875,-0.0443,0.1547,2.2381,0.0466,0.5275
1601,13123584,3280896,1840,8899.0,20.52,,-0.0414,0.1588,2.1367,0.04749,0.5498
1602,13131776,3282944,1840,8902.1,20.52,,-0.037,0.2243,2.1924,0.0468,0.5332
1603,13139968,3284992,1840,8905.2,20.52,,-0.0393,0.1564,2.2912,0.04559,0.5353
1604,13148160,3287040,1840,8908.3,20.52,,-0.0361,0.2733,2.2871,0.04131,0.5137
1605,13156352,3289088,1840,8911.5,20.52,,-0.0326,0.2086,2.3108,0.04013,0.5208
1606,13164544,3291136,1840,8914.6,20.52,,-0.0325,0.32,2.3232,0.03961,0.5092
1607,13172736,3293184,1840,8917.7,20.52,,-0.0389,0.2575,2.2788,0.04379,0.5262
1608,13180928,3295232,1840,8920.8,20.52,,-0.0379,0.3679,2.2475,0.03916,0.5116
1609,13189120,3297280,1840,8924.0,20.52,,-0.038,0.1939,2.2445,0.05188,0.5399
1610,13197312,3299328,1840,8927.1,20.52,,-0.0365,0.2168,2.2278,0.04033,0.5181
1611,13205504,3301376,1840,8930.2,20.52,,-0.041,0.1832,2.3017,0.04095,0.554
1612,13213696,3303424,1840,8933.4,20.52,,-0.0359,0.3085,2.2731,0.04345,0.5338
1613,13221888,3305472,1840,8936.5,20.52,,-0.0378,0.3382,2.2028,0.04693,0.541
1614,13230080,3307520,1855,8939.9,19.54,,-0.0401,0.2485,2.2047,0.04749,0.5398
1615,13238272,3309568,1856,8943.0,19.49,,-0.0371,0.2748,2.0852,0.04811,0.5354
1616,13246464,3311616,1856,8946.1,19.49,,-0.0377,0.2656,2.1776,0.04479,0.5463
1617,13254656,3313664,1856,8949.2,19.49,,-0.0369,0.3076,2.1399,0.0501,0.526
1618,13262848,3315712,1856,8952.4,19.49,,-0.0416,0.1679,2.1746,0.05036,0.5565
1619,13271040,3317760,1856,8955.5,19.49,,-0.0388,0.1974,2.1983,0.05096,0.5465
1620,13279232,3319808,1856,8958.6,19.49,,-0.0367,0.4464,2.1868,0.04154,0.525
1621,13287424,3321856,1856,8961.7,19.49,,-0.0413,0.2224,2.1789,0.05024,0.5616
1622,13295616,3323904,1856,8964.9,19.49,,-0.0373,0.3088,2.1795,0.04316,0.5449
1623,13303808,3325952,1856,8968.0,19.49,,-0.0394,0.2863,2.1273,0.04345,0.5396
1624,13312000,3328000,1856,8971.2,19.49,,-0.04,0.2514,2.233,0.04546,0.5513
1625,13320192,3330048,1856,8974.3,19.49,,-0.0367,0.2161,2.2063,0.04221,0.5214
1626,13328384,3332096,1856,8977.4,19.49,,-0.0416,0.2393,2.1777,0.04116,0.5408
1627,13336576,3334144,1856,8980.6,19.49,,-0.0394,0.2316,2.2308,0.0448,0.5361
1628,13344768,3336192,1871,8983.9,19.35,,-0.0409,0.1504,2.179,0.03968,0.5378
1629,13352960,3338240,1872,8987.1,19.55,,-0.0373,0.2071,2.0995,0.03945,0.5162
1630,13361152,3340288,1872,8990.2,19.55,,-0.0351,0.2641,2.1394,0.0406,0.5055
1631,13369344,3342336,1872,8993.3,19.55,,-0.0375,0.2238,2.2017,0.04391,0.5278
1632,13377536,3344384,1872,8996.4,19.55,,-0.0396,0.1982,2.2589,0.04611,0.5508
1633,13385728,3346432,1872,8999.5,19.55,,-0.0414,0.1384,2.3025,0.0399,0.5435
1634,13393920,3348480,1872,9002.7,19.55,,-0.0327,0.333,2.2683,0.04256,0.5457
1635,13402112,3350528,1872,9005.8,19.55,,-0.0344,0.2396,2.2318,0.0414,0.5411
1636,13410304,3352576,1872,9008.9,19.55,,-0.0382,0.2322,2.2237,0.05195,0.5428
1637,13418496,3354624,1872,9012.1,19.55,,-0.0386,0.1827,2.1983,0.03981,0.5236
1638,13426688,3356672,1872,9015.2,19.55,,-0.041,0.2209,2.2066,0.03783,0.5402
1639,13434880,3358720,1872,9018.3,19.55,,-0.0346,0.2643,2.1767,0.04218,0.5243
1640,13443072,3360768,1872,9021.5,19.55,,-0.0367,0.1985,2.1644,0.04603,0.5604
1641,13451264,3362816,1872,9024.6,19.55,,-0.0399,0.2267,2.1322,0.0464,0.5464
1642,13459456,3364864,1888,9028.0,19.96,,-0.0342,0.2287,2.0442,0.03766,0.5254
1643,13467648,3366912,1888,9031.1,19.96,,-0.0371,0.2506,2.0985,0.04539,0.5372
1644,13475840,3368960,1888,9034.2,19.96,,-0.0366,0.2262,2.1631,0.04706,0.5248
1645,13484032,3371008,1888,9037.3,19.96,,-0.0358,0.1898,2.158,0.0438,0.5242
1646,13492224,3373056,1888,9040.4,19.96,,-0.033,0.2339,2.1914,0.04273,0.5349
1647,13500416,3375104,1888,9043.6,19.96,,-0.0393,0.1178,2.2138,0.04354,0.5365
1648,13508608,3377152,1888,9046.7,19.96,,-0.0336,0.333,2.1824,0.0455,0.5471
1649,13516800,3379200,1888,9049.8,19.96,,-0.0331,0.3187,2.0829,0.0483,0.5547
1650,13524992,3381248,1888,9052.9,19.96,,-0.0361,0.328,2.0832,0.04925,0.5437
1651,13533184,3383296,1888,9056.1,19.96,,-0.0383,0.1898,2.0542,0.05092,0.5411
1652,13541376,3385344,1888,9059.2,19.96,,-0.0366,0.1907,2.0495,0.0534,0.5515
1653,13549568,3387392,1888,9062.4,19.96,,-0.0413,0.2559,2.1343,0.04542,0.5487
1654,13557760,3389440,1888,9065.5,19.96,,-0.0434,0.2178,2.1931,0.05052,0.5566
1655,13565952,3391488,1888,9068.6,19.96,,-0.038,0.1907,2.1589,0.04301,0.5389
1656,13574144,3393536,1904,9072.0,19.94,,-0.0386,0.205,2.0802,0.05035,0.5399
1657,13582336,3395584,1904,9075.1,19.94,,-0.0391,0.2114,2.1336,0.04562,0.5369
1658,13590528,3397632,1904,9078.2,19.94,,-0.0356,0.304,2.0876,0.04644,0.5354
1659,13598720,3399680,1904,9081.3,19.94,,-0.04,0.2472,2.0923,0.05021,0.5308
1660,13606912,3401728,1904,9084.4,19.94,,-0.038,0.2116,2.1498,0.05641,0.5435
1661,13615104,3403776,1904,9087.5,19.94,,-0.0368,0.196,2.2475,0.04604,0.5319
1662,13623296,3405824,1904,9090.6,19.94,,-0.036,0.2617,2.1479,0.04815,0.5271
1663,13631488,3407872,1904,9093.8,19.94,,-0.0421,0.2729,2.1541,0.05815,0.5697
1664,13639680,3409920,1904,9096.9,19.94,,-0.0384,0.2845,2.0813,0.0547,0.5448
1665,13647872,3411968,1904,9100.0,19.94,,-0.0381,0.2364,2.145,0.0523,0.5559
1666,13656064,3414016,1904,9103.2,19.94,,-0.0434,0.2333,2.1453,0.05453,0.5499
1667,13664256,3416064,1904,9106.3,19.94,,-0.0364,0.2599,2.2125,0.05032,0.5499
1668,13672448,3418112,1904,9109.4,19.94,,-0.0399,0.1898,2.2498,0.04675,0.5636
1669,13680640,3420160,1904,9112.6,19.94,,-0.0453,0.2316,2.2271,0.05329,0.569
1670,13688832,3422208,1920,9116.0,20.58,,-0.0403,0.2615,2.1236,0.04558,0.5403
1671,13697024,3424256,1920,9119.1,20.58,,-0.0396,0.2181,2.166,0.04864,0.5283
1672,13705216,3426304,1920,9122.2,20.58,,-0.0378,0.1791,2.1492,0.04932,0.5328
1673,13713408,3428352,1920,9125.3,20.58,,-0.0416,0.1586,2.2154,0.04188,0.5303
1674,13721600,3430400,1920,9128.4,20.58,,-0.0372,0.1437,2.2898,0.04035,0.5249
1675,13729792,3432448,1920,9131.5,20.58,,-0.0428,0.1211,2.322,0.04382,0.5532
1676,13737984,3434496,1920,9134.6,20.58,,-0.0272,0.3113,2.241,0.04537,0.5526
1677,13746176,3436544,1920,9137.8,20.58,,-0.0414,0.2946,2.2602,0.04681,0.5527
1678,13754368,3438592,1920,9140.9,20.58,,-0.0455,0.1549,2.2378,0.05336,0.5621
1679,13762560,3440640,1920,9144.0,20.58,,-0.0402,0.1532,2.2457,0.05084,0.5554
1680,13770752,3442688,1920,9147.2,20.58,,-0.0413,0.1936,2.2248,0.04641,0.5276
1681,13778944,3444736,1920,9150.3,20.58,,-0.0419,0.2363,2.2224,0.04148,0.5446
1682,13787136,3446784,1920,9153.5,20.58,,-0.0409,0.242,2.2453,0.04203,0.5276
1683,13795328,3448832,1920,9156.6,20.58,,-0.0364,0.2103,2.2211,0.03961,0.5291
1684,13803520,3450880,1936,9160.0,20.92,,-0.0402,0.1742,2.2009,0.04063,0.5328
1685,13811712,3452928,1936,9163.1,20.92,,-0.0398,0.1995,2.3048,0.04091,0.5109
1686,13819904,3454976,1936,9166.2,20.92,,-0.0387,0.2926,2.3113,0.036,0.5063
1687,13828096,3457024,1936,9169.3,20.92,,-0.0372,0.3178,2.2785,0.03477,0.4978
1688,13836288,3459072,1936,9172.4,20.92,,-0.0366,0.2755,2.3818,0.03518,0.4778
1689,13844480,3461120,1936,9175.6,20.92,,-0.0402,0.1561,2.3609,0.0373,0.5143
1690,13852672,3463168,1936,9178.7,20.92,,-0.0366,0.2629,2.3505,0.0399,0.5345
1691,13860864,3465216,1936,9181.8,20.92,,-0.0406,0.293,2.2243,0.04199,0.5315
1692,13869056,3467264,1936,9184.9,20.92,,-0.045,0.2566,2.2461,0.04313,0.5396
1693,13877248,3469312,1936,9188.1,20.92,,-0.0404,0.1951,2.2748,0.03805,0.554
1694,13885440,3471360,1936,9191.2,20.92,,-0.0407,0.1969,2.2864,0.04176,0.5332
1695,13893632,3473408,1936,9194.4,20.92,,-0.0434,0.2449,2.2746,0.04272,0.5427
1696,13901824,3475456,1936,9197.5,20.92,,-0.0395,0.2759,2.2627,0.04221,0.5366
1697,13910016,3477504,1940,9200.7,20.76,,-0.0407,0.2091,2.3363,0.03834,0.5234
1698,13918208,3479552,1952,9204.0,21.14,,-0.0409,0.1714,2.1574,0.04414,0.5077
1699,13926400,3481600,1952,9207.1,21.14,,-0.0393,0.2024,2.2606,0.03858,0.5249
1700,13934592,3483648,1952,9435.0,21.14,42.619998931884766,-0.0364,0.2919,2.2787,0.03772,0.5187
1701,13942784,3485696,1952,9438.1,21.14,,-0.041,0.2124,2.3633,0.04302,0.536
1702,13950976,3487744,1952,9441.2,21.14,,-0.0413,0.1573,2.3183,0.0392,0.5265
1703,13959168,3489792,1952,9444.3,21.14,,-0.0411,0.1946,2.3118,0.03554,0.5045
1704,13967360,3491840,1952,9447.5,21.14,,-0.0339,0.3325,2.3442,0.03488,0.5131
1705,13975552,3493888,1952,9450.6,21.14,,-0.043,0.3427,2.3283,0.04202,0.5355
1706,13983744,3495936,1952,9453.7,21.14,,-0.0411,0.3574,2.3767,0.03807,0.5233
1707,13991936,3497984,1952,9456.9,21.14,,-0.038,0.2184,2.3906,0.04272,0.5469
1708,14000128,3500032,1952,9460.0,21.14,,-0.0423,0.1764,2.3997,0.04063,0.5308
1709,14008320,3502080,1952,9463.1,21.14,,-0.044,0.2318,2.4064,0.04013,0.5428
1710,14016512,3504128,1952,9466.3,21.14,,-0.0395,0.2523,2.422,0.03385,0.5515
1711,14024704,3506176,1956,9469.5,21.12,,-0.0352,0.2562,2.3808,0.04455,0.5322
1712,14032896,3508224,1968,9472.8,20.18,,-0.0399,0.1831,2.0971,0.05114,0.5244
1713,14041088,3510272,1968,9475.9,20.18,,-0.0379,0.2249,2.2341,0.03739,0.5144
1714,14049280,3512320,1968,9479.0,20.18,,-0.035,0.2968,2.3155,0.03119,0.5177
1715,14057472,3514368,1968,9482.1,20.18,,-0.0408,0.2208,2.3215,0.0429,0.5265
1716,14065664,3516416,1968,9485.3,20.18,,-0.0331,0.1878,2.3239,0.03778,0.5157
1717,14073856,3518464,1968,9488.4,20.18,,-0.0368,0.2106,2.3803,0.03394,0.5044
1718,14082048,3520512,1968,9491.5,20.18,,-0.0338,0.4913,2.2867,0.04038,0.5245
1719,14090240,3522560,1968,9494.7,20.18,,-0.0332,0.3198,2.271,0.03555,0.5293
1720,14098432,3524608,1968,9497.8,20.18,,-0.0396,0.28,2.315,0.04304,0.516
1721,14106624,3526656,1968,9500.9,20.18,,-0.0391,0.2319,2.3121,0.0369,0.5171
1722,14114816,3528704,1968,9504.1,20.18,,-0.0446,0.2034,2.2588,0.04335,0.5402
1723,14123008,3530752,1968,9507.2,20.18,,-0.0422,0.2804,2.2396,0.04077,0.5233
1724,14131200,3532800,1968,9510.3,20.18,,-0.0395,0.4175,2.3002,0.04593,0.548
1725,14139392,3534848,1974,9513.6,20.28,,-0.0351,0.2881,2.3125,0.03972,0.5457
1726,14147584,3536896,1984,9516.8,19.71,,-0.0416,0.2752,2.0855,0.04397,0.5198
1727,14155776,3538944,1984,9520.0,19.71,,-0.0403,0.2971,2.1767,0.04642,0.525
1728,14163968,3540992,1984,9523.1,19.71,,-0.0377,0.3508,2.2409,0.04381,0.5294
1729,14172160,3543040,1984,9526.2,19.71,,-0.0396,0.1994,2.2776,0.04242,0.5143
1730,14180352,3545088,1984,9529.3,19.71,,-0.0377,0.1772,2.3462,0.03531,0.5125
1731,14188544,3547136,1984,9532.4,19.71,,-0.0331,0.2919,2.3304,0.03878,0.5093
1732,14196736,3549184,1984,9535.6,19.71,,-0.0417,0.3312,2.3163,0.03861,0.5378
1733,14204928,3551232,1984,9538.7,19.71,,-0.0398,0.2733,2.2691,0.0396,0.5341
1734,14213120,3553280,1984,9541.8,19.71,,-0.0421,0.2125,2.3065,0.04334,0.5393
1735,14221312,3555328,1984,9545.0,19.71,,-0.0418,0.206,2.3007,0.03932,0.5662
1736,14229504,3557376,1984,9548.1,19.71,,-0.0422,0.1805,2.3407,0.03472,0.528
1737,14237696,3559424,1984,9551.2,19.71,,-0.0431,0.2271,2.3259,0.03868,0.5402
1738,14245888,3561472,1984,9554.4,19.71,,-0.0371,0.3036,2.4487,0.03638,0.5526
1739,14254080,3563520,1992,9557.6,19.48,,-0.0412,0.1725,2.3146,0.04237,0.5389
1740,14262272,3565568,2000,9560.9,19.43,,-0.0406,0.2354,2.058,0.04512,0.5397
1741,14270464,3567616,2000,9564.0,19.43,,-0.0397,0.2321,2.158,0.04124,0.5222
1742,14278656,3569664,2000,9567.1,19.43,,-0.037,0.2555,2.2326,0.04048,0.5374
1743,14286848,3571712,2000,9570.2,19.43,,-0.0367,0.2901,2.1974,0.0373,0.5403
1744,14295040,3573760,2000,9573.3,19.43,,-0.0359,0.182,2.3227,0.03451,0.5109
1745,14303232,3575808,2000,9576.4,19.43,,-0.039,0.2557,2.3058,0.03573,0.526
1746,14311424,3577856,2000,9579.6,19.43,,-0.0359,0.2953,2.311,0.03966,0.5031
1747,14319616,3579904,2000,9582.7,19.43,,-0.0367,0.4457,2.2633,0.03643,0.5178
1748,14327808,3581952,2000,9585.8,19.43,,-0.0399,0.2226,2.2769,0.04441,0.5343
1749,14336000,3584000,2000,9589.0,19.43,,-0.0406,0.1611,2.2293,0.04142,0.5392
1750,14344192,3586048,2000,9592.1,19.43,,-0.0417,0.1713,2.2694,0.0403,0.5406
1751,14352384,3588096,2000,9595.3,19.43,,-0.0413,0.3124,2.3185,0.03957,0.536
1752,14360576,3590144,2000,9598.4,19.43,,-0.0421,0.3258,2.3122,0.04009,0.5538
1753,14368768,3592192,2011,9601.7,18.86,,-0.0427,0.148,2.2582,0.04037,0.5457
1754,14376960,3594240,2016,9604.9,18.22,,-0.0371,0.2313,2.1645,0.04238,0.5406
1755,14385152,3596288,2016,9608.0,18.22,,-0.0381,0.343,2.2384,0.03564,0.5259
1756,14393344,3598336,2016,9611.1,18.22,,-0.0372,0.2711,2.2033,0.04391,0.5393
1757,14401536,3600384,2016,9614.2,18.22,,-0.0422,0.2048,2.2764,0.03751,0.5237
1758,14409728,3602432,2016,9617.4,18.22,,-0.0322,0.2156,2.3107,0.0422,0.5148
1759,14417920,3604480,2016,9620.5,18.22,,-0.0283,0.6362,2.2431,0.04573,0.566
1760,14426112,3606528,2016,9623.6,18.22,,-0.0389,0.3488,2.26,0.04012,0.5295
1761,14434304,3608576,2016,9626.8,18.22,,-0.0407,0.5104,2.2552,0.03731,0.5234
1762,14442496,3610624,2016,9629.9,18.22,,-0.0396,0.2123,2.2831,0.04283,0.5337
1763,14450688,3612672,2016,9633.0,18.22,,-0.0392,0.2349,2.2852,0.10045,0.5333
1764,14458880,3614720,2016,9636.2,18.22,,-0.0415,0.2165,2.3355,0.03684,0.549
1765,14467072,3616768,2016,9639.3,18.22,,-0.0389,0.3439,2.2881,0.03891,0.512
1766,14475264,3618816,2016,9642.4,18.22,,-0.0383,0.4402,2.305,0.0385,0.5276
1767,14483456,3620864,2028,9645.7,17.46,,-0.0378,0.1443,2.361,0.04209,0.5326
1768,14491648,3622912,2032,9648.9,16.9,,-0.0387,0.2354,2.1854,0.04666,0.5469
1769,14499840,3624960,2032,9652.0,16.9,,-0.0413,0.2059,2.2463,0.04405,0.5586
1770,14508032,3627008,2032,9655.1,16.9,,-0.0364,0.291,2.2713,0.04452,0.5385
1771,14516224,3629056,2032,9658.2,16.9,,-0.035,0.3179,2.2786,0.03802,0.4846
1772,14524416,3631104,2032,9661.3,16.9,,-0.0414,0.1457,2.3229,0.03783,0.5376
1773,14532608,3633152,2032,9664.5,16.9,,-0.037,0.166,2.2713,0.03646,0.5433
1774,14540800,3635200,2032,9667.6,16.9,,-0.0384,0.2923,2.2481,0.04032,0.5352
1775,14548992,3637248,2032,9670.7,16.9,,-0.0391,0.3891,2.2682,0.03633,0.5227
1776,14557184,3639296,2032,9673.8,16.9,,-0.0406,0.2296,2.2231,0.04073,0.5178
1777,14565376,3641344,2032,9677.0,16.9,,-0.0407,0.2455,2.2794,0.03904,0.5222
1778,14573568,3643392,2032,9680.1,16.9,,-0.0399,0.236,2.2865,0.03294,0.5293
1779,14581760,3645440,2032,9683.2,16.9,,-0.04,0.2511,2.2669,0.04116,0.5156
1780,14589952,3647488,2032,9686.3,16.9,,-0.0381,0.3353,2.2876,0.0364,0.5085
1781,14598144,3649536,2047,9689.7,17.32,,-0.0408,0.1757,2.261,0.03317,0.5164
1782,14606336,3651584,2048,9692.8,17.38,,-0.0369,0.2262,2.2162,0.0344,0.5046
1783,14614528,3653632,2048,9695.9,17.38,,-0.0385,0.2069,2.2343,0.04305,0.5128
1784,14622720,3655680,2048,9699.1,17.38,,-0.0379,0.2112,2.2312,0.04154,0.5083
1785,14630912,3657728,2048,9702.2,17.38,,-0.0401,0.1266,2.285,0.03779,0.5135
1786,14639104,3659776,2048,9705.3,17.38,,-0.0369,0.1544,2.2741,0.03686,0.526
1787,14647296,3661824,2048,9708.4,17.38,,-0.0392,0.2028,2.258,0.03422,0.5164
1788,14655488,3663872,2048,9711.5,17.38,,-0.0407,0.1947,2.3185,0.03836,0.537
1789,14663680,3665920,2048,9714.6,17.38,,-0.04,0.3367,2.2281,0.04088,0.5259
1790,14671872,3667968,2048,9717.8,17.38,,-0.0434,0.2262,2.1819,0.04049,0.5309
1791,14680064,3670016,2048,9720.9,17.38,,-0.0409,0.1663,2.2174,0.03935,0.5371
1792,14688256,3672064,2048,9724.1,17.38,,-0.0405,0.3021,2.2285,0.04134,0.5192
1793,14696448,3674112,2048,9727.2,17.38,,-0.0444,0.1475,2.2671,0.04294,0.5526
1794,14704640,3676160,2048,9730.3,17.38,,-0.0383,0.213,2.2559,0.03616,0.535
1795,14712832,3678208,2063,9733.7,17.77,,-0.0332,0.2768,2.2058,0.03052,0.4894
1796,14721024,3680256,2064,9736.8,17.87,,-0.0384,0.2396,2.0614,0.0415,0.5292
1797,14729216,3682304,2064,9739.9,17.87,,-0.0369,0.2476,2.1587,0.03951,0.5306
1798,14737408,3684352,2064,9743.0,17.87,,-0.0382,0.1766,2.2041,0.04065,0.5375
1799,14745600,3686400,2064,9746.2,17.87,,-0.0423,0.1574,2.2904,0.03802,0.5115
1800,14753792,3688448,2064,9976.7,17.87,48.59000015258789,-0.038,0.1458,2.2736,0.03864,0.5358
1801,14761984,3690496,2064,9979.7,17.87,,-0.037,0.2701,2.3207,0.03555,0.509
1802,14770176,3692544,2064,9982.9,17.87,,-0.0417,0.3226,2.2853,0.03849,0.5159
1803,14778368,3694592,2064,9986.0,17.87,,-0.0356,0.3975,2.1982,0.03639,0.5265
1804,14786560,3696640,2064,9989.1,17.87,,-0.037,0.2232,2.1955,0.04014,0.5216
1805,14794752,3698688,2064,9992.3,17.87,,-0.0361,0.2394,2.1467,0.03717,0.5061
1806,14802944,3700736,2064,9995.4,17.87,,-0.0378,0.3486,2.2397,0.03306,0.531
1807,14811136,3702784,2064,9998.5,17.87,,-0.0375,0.289,2.26,0.03585,0.5282
1808,14819328,3704832,2064,10001.7,17.87,,-0.0392,0.3586,2.2592,0.03833,0.5327
1809,14827520,3706880,2079,10005.0,18.56,,-0.0415,0.2319,2.1382,0.04103,0.5464
1810,14835712,3708928,2080,10008.1,18.52,,-0.0414,0.2227,2.088,0.04599,0.5575
1811,14843904,3710976,2080,10011.3,18.52,,-0.0382,0.2702,2.2038,0.03778,0.5374
1812,14852096,3713024,2080,10014.4,18.52,,-0.0425,0.3073,2.2192,0.04042,0.5464
1813,14860288,3715072,2080,10017.5,18.52,,-0.0413,0.1578,2.2276,0.04403,0.5457
1814,14868480,3717120,2080,10020.6,18.52,,-0.0394,0.1392,2.2752,0.0442,0.5366
1815,14876672,3719168,2080,10023.7,18.52,,-0.0422,0.2441,2.3045,0.04182,0.5569
1816,14884864,3721216,2080,10026.9,18.52,,-0.0398,0.2835,2.2638,0.05096,0.5403
1817,14893056,3723264,2080,10030.0,18.52,,-0.042,0.2407,2.2547,0.04508,0.5476
1818,14901248,3725312,2080,10033.1,18.52,,-0.0385,0.2216,2.1997,0.04059,0.5289
1819,14909440,3727360,2080,10036.3,18.52,,-0.0434,0.2132,2.2082,0.03966,0.536
1820,14917632,3729408,2080,10039.4,18.52,,-0.0417,0.2245,2.2806,0.04157,0.564
1821,14925824,3731456,2080,10042.5,18.52,,-0.041,0.1941,2.2905,0.0404,0.524
1822,14934016,3733504,2080,10045.7,18.52,,-0.0368,0.2571,2.3639,0.0386,0.557
1823,14942208,3735552,2096,10049.0,18.39,,-0.0414,0.1215,2.1725,0.0562,0.5415
1824,14950400,3737600,2096,10052.1,18.39,,-0.0427,0.1722,2.0988,0.04866,0.5532
1825,14958592,3739648,2096,10055.2,18.39,,-0.0384,0.2833,2.165,0.04176,0.5338
1826,14966784,3741696,2096,10058.4,18.39,,-0.0377,0.1899,2.1621,0.04748,0.5149
1827,14974976,3743744,2096,10061.5,18.39,,-0.0403,0.1342,2.2819,0.03814,0.5339
1828,14983168,3745792,2096,10064.6,18.39,,-0.0345,0.2593,2.2635,0.03893,0.5273
1829,14991360,3747840,2096,10067.7,18.39,,-0.0369,0.1714,2.214,0.0444,0.5525
1830,14999552,3749888,2096,10070.8,18.39,,-0.0396,0.214,2.1983,0.04614,0.5426
1831,15007744,3751936,2096,10074.0,18.39,,-0.0395,0.2967,2.1153,0.04426,0.5436
1832,15015936,3753984,2096,10077.1,18.39,,-0.0363,0.2197,2.144,0.04239,0.5497
1833,15024128,3756032,2096,10080.2,18.39,,-0.0419,0.1692,2.159,0.04393,0.5398
1834,15032320,3758080,2096,10083.4,18.39,,-0.0351,0.2949,2.2325,0.04719,0.5504
1835,15040512,3760128,2096,10086.5,18.39,,-0.0419,0.195,2.2483,0.04088,0.5345
1836,15048704,3762176,2096,10089.6,18.39,,-0.039,0.211,2.2071,0.04475,0.5529
1837,15056896,3764224,2112,10093.0,19.71,,-0.0402,0.2293,2.1138,0.04019,0.5352
1838,15065088,3766272,2112,10096.1,19.71,,-0.0395,0.2348,2.0015,0.04543,0.5317
1839,15073280,3768320,2112,10099.2,19.71,,-0.0363,0.2995,2.0859,0.03962,0.5283
1840,15081472,3770368,2112,10102.3,19.71,,-0.0404,0.2412,2.1451,0.0457,0.5273
1841,15089664,3772416,2112,10105.5,19.71,,-0.0388,0.1594,2.1951,0.04698,0.5566
1842,15097856,3774464,2112,10108.6,19.71,,-0.0374,0.2602,2.2287,0.03826,0.5336
1843,15106048,3776512,2112,10111.7,19.71,,-0.0361,0.2641,2.1469,0.04356,0.5342
1844,15114240,3778560,2112,10114.8,19.71,,-0.0431,0.3119,2.0946,0.04922,0.5375
1845,15122432,3780608,2112,10118.0,19.71,,-0.0389,0.2727,2.0969,0.05075,0.5314
1846,15130624,3782656,2112,10121.1,19.71,,-0.0394,0.2192,2.0748,0.04819,0.5455
1847,15138816,3784704,2112,10124.2,19.71,,-0.0402,0.1843,2.1028,0.04226,0.5396
1848,15147008,3786752,2112,10127.4,19.71,,-0.041,0.2332,2.1274,0.05042,0.5433
1849,15155200,3788800,2112,10130.5,19.71,,-0.0397,0.1744,2.1902,0.04499,0.5775
1850,15163392,3790848,2112,10133.7,19.71,,-0.0384,0.2621,2.1504,0.04157,0.5192
1851,15171584,3792896,2128,10137.0,21.72,,-0.0433,0.2406,2.0467,0.04411,0.5247
1852,15179776,3794944,2128,10140.1,21.72,,-0.0402,0.1872,2.021,0.05048,0.5391
1853,15187968,3796992,2128,10143.2,21.72,,-0.0394,0.2391,2.0692,0.04197,0.5404
1854,15196160,3799040,2128,10146.4,21.72,,-0.0415,0.1352,2.1251,0.05065,0.5457
1855,15204352,3801088,2128,10149.5,21.72,,-0.0407,0.1337,2.1646,0.05356,0.5544
1856,15212544,3803136,2128,10152.6,21.72,,-0.0398,0.1179,2.2196,0.04664,0.5509
1857,15220736,3805184,2128,10155.7,21.72,,-0.0329,0.2606,2.2158,0.042,0.5085
1858,15228928,3807232,2128,10158.8,21.72,,-0.0418,0.3036,2.1282,0.04713,0.5342
1859,15237120,3809280,2128,10162.0,21.72,,-0.0415,0.2586,2.1425,0.0461,0.54
1860,15245312,3811328,2128,10165.1,21.72,,-0.0376,0.2679,2.1685,0.04781,0.5371
1861,15253504,3813376,2128,10168.2,21.72,,-0.0418,0.1622,2.1612,0.04229,0.5643
1862,15261696,3815424,2128,10171.3,21.72,,-0.0422,0.2173,2.2133,0.04112,0.545
1863,15269888,3817472,2128,10174.5,21.72,,-0.0369,0.3106,2.2323,0.04311,0.5319
1864,15278080,3819520,2131,10177.6,22.62,,-0.0333,0.311,2.237,0.03569,0.5278
1865,15286272,3821568,2144,10181.0,22.53,,-0.0407,0.1641,2.0666,0.0466,0.5505
1866,15294464,3823616,2144,10184.1,22.53,,-0.0387,0.3424,2.0944,0.04398,0.5316
1867,15302656,3825664,2144,10187.2,22.53,,-0.0405,0.1933,2.1532,0.04525,0.5302
1868,15310848,3827712,2144,10190.3,22.53,,-0.0396,0.2101,2.2746,0.04063,0.5352
1869,15319040,3829760,2144,10193.4,22.53,,-0.0359,0.1686,2.3273,0.03693,0.5311
1870,15327232,3831808,2144,10196.6,22.53,,-0.0391,0.1533,2.2856,0.04123,0.53
1871,15335424,3833856,2144,10199.7,22.53,,-0.0398,0.2859,2.3318,0.03946,0.5508
1872,15343616,3835904,2144,10202.8,22.53,,-0.0375,0.3209,2.2412,0.04277,0.5461
1873,15351808,3837952,2144,10206.0,22.53,,-0.0317,0.3425,2.2074,0.04483,0.5143
1874,15360000,3840000,2144,10209.1,22.53,,-0.0377,0.2715,2.2365,0.03991,0.5333
1875,15368192,3842048,2144,10212.2,22.53,,-0.0441,0.1914,2.24,0.04636,0.552
1876,15376384,3844096,2144,10215.4,22.53,,-0.04,0.263,2.2328,0.04313,0.5376
1877,15384576,3846144,2144,10218.5,22.53,,-0.0385,0.2839,2.3383,0.04074,0.553
1878,15392768,3848192,2149,10221.7,22.23,,-0.0401,0.2403,2.2707,0.04866,0.5391
1879,15400960,3850240,2160,10225.0,22.28,,-0.0344,0.2219,2.0563,0.0497,0.5417
1880,15409152,3852288,2160,10228.1,22.28,,-0.0347,0.1853,2.066,0.04871,0.5741
1881,15417344,3854336,2160,10231.2,22.28,,-0.0397,0.1998,2.1915,0.04177,0.5505
1882,15425536,3856384,2160,10234.3,22.28,,-0.0396,0.2053,2.2275,0.04227,0.537
1883,15433728,3858432,2160,10237.4,22.28,,-0.0342,0.1742,2.2979,0.0372,0.5239
1884,15441920,3860480,2160,10240.5,22.28,,-0.0378,0.1713,2.2573,0.03732,0.5372
1885,15450112,3862528,2160,10243.6,22.28,,-0.0389,0.2573,2.2879,0.04074,0.5527
1886,15458304,3864576,2160,10246.8,22.28,,-0.0413,0.2626,2.2034,0.03801,0.5206
1887,15466496,3866624,2160,10249.9,22.28,,-0.0433,0.2612,2.1905,0.04162,0.527
1888,15474688,3868672,2160,10253.1,22.28,,-0.0396,0.2114,2.2039,0.04537,0.5355
1889,15482880,3870720,2160,10256.2,22.28,,-0.0402,0.1585,2.2687,0.03817,0.5408
1890,15491072,3872768,2160,10259.3,22.28,,-0.0397,0.2478,2.3498,0.03767,0.5446
1891,15499264,3874816,2160,10262.4,22.28,,-0.0427,0.1572,2.3793,0.03869,0.5425
1892,15507456,3876864,2165,10265.6,21.93,,-0.0358,0.2287,2.3228,0.03949,0.516
1893,15515648,3878912,2176,10268.9,21.76,,-0.0434,0.1738,2.0963,0.04485,0.5287
1894,15523840,3880960,2176,10272.1,21.76,,-0.039,0.2515,2.1304,0.04976,0.5352
1895,15532032,3883008,2176,10275.2,21.76,,-0.039,0.1455,2.2717,0.04084,0.5339
1896,15540224,3885056,2176,10278.3,21.76,,-0.0395,0.1018,2.4141,0.03965,0.5327
1897,15548416,3887104,2176,10281.4,21.76,,-0.0399,0.1184,2.3715,0.03663,0.5327
1898,15556608,3889152,2176,10284.5,21.76,,-0.0383,0.1497,2.3829,0.0334,0.5099
1899,15564800,3891200,2176,10287.6,21.76,,-0.0443,0.173,2.3939,0.04055,0.5299
1900,15572992,3893248,2176,10517.1,21.76,51.79999923706055,-0.0414,0.3622,2.3682,0.03246,0.5334
1901,15581184,3895296,2176,10520.2,21.76,,-0.0387,0.3258,2.3458,0.04664,0.5411
1902,15589376,3897344,2176,10523.3,21.76,,-0.0408,0.2393,2.2367,0.03842,0.5293
1903,15597568,3899392,2176,10526.5,21.76,,-0.0393,0.2585,2.3006,0.04486,0.5531
1904,15605760,3901440,2176,10529.6,21.76,,-0.0406,0.3828,2.3207,0.04172,0.5365
1905,15613952,3903488,2176,10532.7,21.76,,-0.0376,0.4457,2.381,0.03704,0.5215
1906,15622144,3905536,2183,10536.0,21.39,,-0.0349,0.2529,2.3103,0.04686,0.5428
1907,15630336,3907584,2192,10539.2,20.96,,-0.0379,0.2672,2.1628,0.04295,0.5293
1908,15638528,3909632,2192,10542.3,20.96,,-0.0373,0.2136,2.2539,0.04657,0.5494
1909,15646720,3911680,2192,10545.5,20.96,,-0.0386,0.2308,2.3023,0.04319,0.5291
1910,15654912,3913728,2192,10548.6,20.96,,-0.0398,0.1754,2.3125,0.03806,0.527
1911,15663104,3915776,2192,10551.7,20.96,,-0.0392,0.1194,2.4067,0.04002,0.5215
1912,15671296,3917824,2192,10554.8,20.96,,-0.0363,0.1584,2.3692,0.0373,0.524
1913,15679488,3919872,2192,10558.0,20.96,,-0.036,0.4137,2.3484,0.03792,0.5336
1914,15687680,3921920,2192,10561.1,20.96,,-0.0394,0.4342,2.2646,0.04494,0.5388
1915,15695872,3923968,2192,10564.2,20.96,,-0.0436,0.2293,2.3135,0.04322,0.546
1916,15704064,3926016,2192,10567.3,20.96,,-0.0401,0.1767,2.31,0.04648,0.5629
1917,15712256,3928064,2192,10570.5,20.96,,-0.043,0.1923,2.3086,0.04217,0.5443
1918,15720448,3930112,2192,10573.6,20.96,,-0.0399,0.3012,2.2869,0.03684,0.5372
1919,15728640,3932160,2192,10576.7,20.96,,-0.0399,0.3027,2.2815,0.03878,0.5273
1920,15736832,3934208,2200,10580.0,20.9,,-0.0381,0.2561,2.2082,0.04805,0.5372
1921,15745024,3936256,2208,10583.2,20.51,,-0.0417,0.1961,2.1009,0.05176,0.5552
1922,15753216,3938304,2208,10586.3,20.51,,-0.0399,0.2713,2.2067,0.04728,0.5483
1923,15761408,3940352,2208,10589.4,20.51,,-0.0368,0.2242,2.2041,0.04332,0.5327
1924,15769600,3942400,2208,10592.6,20.51,,-0.0388,0.2412,2.2621,0.05334,0.5289
1925,15777792,3944448,2208,10595.7,20.51,,-0.0396,0.1817,2.3102,0.03892,0.5278
1926,15785984,3946496,2208,10598.8,20.51,,-0.0411,0.2434,2.2776,0.04171,0.5626
1927,15794176,3948544,2208,10601.9,20.51,,-0.0356,0.3227,2.3335,0.04466,0.562
1928,15802368,3950592,2208,10605.1,20.51,,-0.0366,0.4884,2.2129,0.04247,0.5397
1929,15810560,3952640,2208,10608.2,20.51,,-0.04,0.2373,2.2724,0.04778,0.5325
1930,15818752,3954688,2208,10611.3,20.51,,-0.0408,0.1922,2.2661,0.04489,0.5424
1931,15826944,3956736,2208,10614.5,20.51,,-0.0415,0.1825,2.2951,0.04648,0.5524
1932,15835136,3958784,2208,10617.6,20.51,,-0.0413,0.2668,2.2755,0.04448,0.5594
1933,15843328,3960832,2208,10620.8,20.51,,-0.0399,0.309,2.3154,0.03787,0.5347
1934,15851520,3962880,2219,10624.1,19.46,,-0.0383,0.2593,2.2228,0.04289,0.5405
1935,15859712,3964928,2224,10627.3,18.85,,-0.042,0.2081,2.1242,0.04212,0.5479
1936,15867904,3966976,2224,10630.3,18.85,,-0.0391,0.2501,2.2439,0.04621,0.5503
1937,15876096,3969024,2224,10633.5,18.85,,-0.0385,0.2807,2.2676,0.05513,0.528
1938,15884288,3971072,2224,10636.6,18.85,,-0.0401,0.2407,2.3084,0.04736,0.5333
1939,15892480,3973120,2224,10639.7,18.85,,-0.0419,0.1415,2.3437,0.0382,0.5273
1940,15900672,3975168,2224,10642.8,18.85,,-0.0358,0.1666,2.3197,0.03856,0.5214
1941,15908864,3977216,2224,10646.0,18.85,,-0.0436,0.2325,2.2467,0.03815,0.5587
1942,15917056,3979264,2224,10649.1,18.85,,-0.0453,0.2504,2.2364,0.04472,0.5615
1943,15925248,3981312,2224,10652.2,18.85,,-0.044,0.212,2.2003,0.0389,0.5399
1944,15933440,3983360,2224,10655.4,18.85,,-0.0385,0.195,2.2149,0.04235,0.5361
1945,15941632,3985408,2224,10658.5,18.85,,-0.0408,0.2485,2.2048,0.04212,0.5408
1946,15949824,3987456,2224,10661.6,18.85,,-0.0393,0.341,2.2143,0.04235,0.5591
1947,15958016,3989504,2224,10664.8,18.85,,-0.0412,0.3092,2.2041,0.04248,0.5347
1948,15966208,3991552,2237,10668.1,19.3,,-0.0399,0.1732,2.1013,0.04317,0.5542
1949,15974400,3993600,2240,10671.3,19.45,,-0.0392,0.2287,2.0348,0.05172,0.5378
1950,15982592,3995648,2240,10674.4,19.45,,-0.0365,0.2412,2.157,0.04216,0.5226
1951,15990784,3997696,2240,10677.5,19.45,,-0.038,0.1684,2.2358,0.04496,0.5179
1952,15998976,3999744,2240,10680.6,19.45,,-0.037,0.2363,2.2615,0.04374,0.5397
1953,16007168,4001792,2240,10683.7,19.45,,-0.0397,0.1091,2.3098,0.04041,0.554
1954,16015360,4003840,2240,10686.8,19.45,,-0.0394,0.1666,2.2587,0.03948,0.5254
1955,16023552,4005888,2240,10689.9,19.45,,-0.0413,0.152,2.245,0.03813,0.5453
1956,16031744,4007936,2240,10693.1,19.45,,-0.041,0.221,2.2403,0.03847,0.5374
1957,16039936,4009984,2240,10696.2,19.45,,-0.0421,0.1726,2.2611,0.03793,0.549
1958,16048128,4012032,2240,10699.3,19.45,,-0.042,0.191,2.2706,0.0391,0.55
1959,16056320,4014080,2240,10702.4,19.45,,-0.041,0.249,2.2727,0.0364,0.5334
1960,16064512,4016128,2240,10705.6,19.45,,-0.0397,0.334,2.2653,0.04531,0.5525
1961,16072704,4018176,2240,10708.7,19.45,,-0.0383,0.3304,2.268,0.04179,0.538
1962,16080896,4020224,2255,10712.0,19.79,,-0.0369,0.1671,2.1616,0.04152,0.5371
1963,16089088,4022272,2256,10715.2,20.04,,-0.0377,0.3193,2.0422,0.04867,0.5333
1964,16097280,4024320,2256,10718.3,20.04,,-0.0401,0.1967,2.1273,0.04358,0.5319
1965,16105472,4026368,2256,10721.5,20.04,,-0.0383,0.2367,2.2117,0.03844,0.5212
1966,16113664,4028416,2256,10724.6,20.04,,-0.0402,0.2001,2.2684,0.04632,0.5374
1967,16121856,4030464,2256,10727.7,20.04,,-0.0419,0.1631,2.2448,0.03816,0.5343
1968,16130048,4032512,2256,10730.9,20.04,,-0.0355,0.2888,2.2009,0.03703,0.5156
1969,16138240,4034560,2256,10734.0,20.04,,-0.04,0.2531,2.193,0.03747,0.5376
1970,16146432,4036608,2256,10737.1,20.04,,-0.04,0.4107,2.1972,0.03541,0.5281
1971,16154624,4038656,2256,10740.3,20.04,,-0.0371,0.2327,2.1571,0.03814,0.5278
1972,16162816,4040704,2256,10743.4,20.04,,-0.0387,0.2514,2.1487,0.03855,0.5093
1973,16171008,4042752,2256,10746.5,20.04,,-0.0397,0.3077,2.1786,0.04132,0.54
1974,16179200,4044800,2256,10749.7,20.04,,-0.0452,0.2501,2.2402,0.04254,0.559
1975,16187392,4046848,2256,10752.8,20.04,,-0.0347,0.4447,2.1455,0.04425,0.5404
1976,16195584,4048896,2271,10756.2,21.1,,-0.0374,0.236,2.0983,0.03742,0.5459
1977,16203776,4050944,2272,10759.3,21.16,,-0.0394,0.3265,2.073,0.04852,0.5182
1978,16211968,4052992,2272,10762.4,21.16,,-0.0413,0.1998,2.0676,0.0456,0.5311
1979,16220160,4055040,2272,10765.5,21.16,,-0.0388,0.1715,2.2237,0.04092,0.5288
1980,16228352,4057088,2272,10768.6,21.16,,-0.0393,0.217,2.2049,0.03911,0.5254
1981,16236544,4059136,2272,10771.8,21.16,,-0.0428,0.1289,2.2742,0.04184,0.522
1982,16244736,4061184,2272,10774.9,21.16,,-0.0289,0.3898,2.2022,0.04447,0.5387
1983,16252928,4063232,2272,10778.0,21.16,,-0.035,0.5132,2.1301,0.0423,0.5266
1984,16261120,4065280,2272,10781.2,21.16,,-0.0392,0.271,2.1683,0.04574,0.5446
1985,16269312,4067328,2272,10784.3,21.16,,-0.0409,0.2087,2.1263,0.04171,0.5331
1986,16277504,4069376,2272,10787.4,21.16,,-0.0394,0.2281,2.1966,0.037,0.5308
1987,16285696,4071424,2272,10790.5,21.16,,-0.0379,0.3038,2.2593,0.03211,0.5063
1988,16293888,4073472,2272,10793.7,21.16,,-0.0378,0.3871,2.3094,0.03874,0.5305
1989,16302080,4075520,2272,10796.8,21.16,,-0.0398,0.3639,2.255,0.04262,0.5319
1990,16310272,4077568,2287,10800.2,22.53,,-0.0405,0.2401,2.1108,0.04634,0.5345
1991,16318464,4079616,2288,10803.3,22.57,,-0.0417,0.244,2.1772,0.04482,0.5415
1992,16326656,4081664,2288,10806.4,22.57,,-0.0396,0.2452,2.2326,0.03916,0.5183
1993,16334848,4083712,2288,10809.5,22.57,,-0.039,0.2547,2.2174,0.0414,0.5419
1994,16343040,4085760,2288,10812.6,22.57,,-0.0377,0.2552,2.2375,0.04307,0.5345
1995,16351232,4087808,2288,10815.8,22.57,,-0.0416,0.1586,2.216,0.0476,0.5383
1996,16359424,4089856,2288,10818.9,22.57,,-0.0378,0.2084,2.2291,0.03953,0.5048
1997,16367616,4091904,2288,10822.0,22.57,,-0.0327,0.4316,2.2043,0.03998,0.5387
1998,16375808,4093952,2288,10825.1,22.57,,-0.0364,0.5755,2.2143,0.03476,0.5192
1999,16384000,4096000,2288,10828.3,22.57,,-0.0424,0.2662,2.164,0.04389,0.5417
2000,16392192,4098048,2288,11058.4,22.57,56.81999969482422,-0.0402,0.2144,2.1013,0.04095,0.5326
2001,16400384,4100096,2288,11061.5,22.57,,-0.038,0.3519,2.1859,0.03493,0.5198
2002,16408576,4102144,2288,11064.7,22.57,,-0.0394,0.2295,2.2086,0.04064,0.542
2003,16416768,4104192,2288,11067.8,22.57,,-0.0393,0.3125,2.219,0.03579,0.5305
2004,16424960,4106240,2304,11071.1,24.23,,-0.0405,0.1992,2.1151,0.03589,0.5171
2005,16433152,4108288,2304,11074.3,24.23,,-0.0385,0.2193,2.1355,0.03799,0.5077
2006,16441344,4110336,2304,11077.4,24.23,,-0.0344,0.3089,2.2385,0.03514,0.5115
2007,16449536,4112384,2304,11080.5,24.23,,-0.0372,0.3284,2.3062,0.035,0.5173
2008,16457728,4114432,2304,11083.6,24.23,,-0.0406,0.2071,2.2821,0.0412,0.5308
2009,16465920,4116480,2304,11086.7,24.23,,-0.0401,0.1923,2.2576,0.0371,0.5155
2010,16474112,4118528,2304,11089.8,24.23,,-0.0379,0.1978,2.2729,0.03245,0.5258
2011,16482304,4120576,2304,11093.0,24.23,,-0.0347,0.3684,2.2308,0.03929,0.5311
2012,16490496,4122624,2304,11096.1,24.23,,-0.034,0.4793,2.2164,0.03436,0.514
2013,16498688,4124672,2304,11099.2,24.23,,-0.033,0.2999,2.1961,0.04134,0.5264
2014,16506880,4126720,2304,11102.4,24.23,,-0.0401,0.2555,2.2405,0.03832,0.531
2015,16515072,4128768,2304,11105.5,24.23,,-0.0433,0.2631,2.2765,0.04235,0.5521
2016,16523264,4130816,2304,11108.6,24.23,,-0.0405,0.298,2.3308,0.0332,0.5104
2017,16531456,4132864,2304,11111.8,24.23,,-0.0432,0.2922,2.227,0.0451,0.5443
2018,16539648,4134912,2320,11115.2,24.55,,-0.0402,0.2612,2.06,0.04531,0.5277
2019,16547840,4136960,2320,11118.2,24.55,,-0.0397,0.1535,2.0718,0.03804,0.5114
2020,16556032,4139008,2320,11121.4,24.55,,-0.0388,0.1541,2.1272,0.03875,0.5165
2021,16564224,4141056,2320,11124.5,24.55,,-0.0405,0.2381,2.1732,0.03932,0.5319
2022,16572416,4143104,2320,11127.6,24.55,,-0.0408,0.1503,2.202,0.04373,0.5304
2023,16580608,4145152,2320,11130.7,24.55,,-0.0386,0.1804,2.118,0.03719,0.4961
2024,16588800,4147200,2320,11133.8,24.55,,-0.0401,0.1608,2.1926,0.04297,0.5253
2025,16596992,4149248,2320,11137.0,24.55,,-0.0415,0.2857,2.1902,0.04136,0.5388
2026,16605184,4151296,2320,11140.1,24.55,,-0.0405,0.2753,2.1705,0.04255,0.524
2027,16613376,4153344,2320,11143.2,24.55,,-0.0407,0.1926,2.1714,0.04821,0.5262
2028,16621568,4155392,2320,11146.4,24.55,,-0.0398,0.1857,2.1791,0.04574,0.5427
2029,16629760,4157440,2320,11149.5,24.55,,-0.0412,0.3101,2.1167,0.04441,0.5439
2030,16637952,4159488,2320,11152.6,24.55,,-0.0359,0.3122,2.1856,0.03645,0.52
2031,16646144,4161536,2321,11155.8,24.66,,-0.0406,0.2837,2.1542,0.04301,0.5341
2032,16654336,4163584,2336,11159.1,25.79,,-0.0413,0.2057,2.072,0.04005,0.5338
2033,16662528,4165632,2336,11162.3,25.79,,-0.0364,0.2267,2.1201,0.03588,0.5012
2034,16670720,4167680,2336,11165.4,25.79,,-0.0351,0.294,2.1512,0.04402,0.5039
2035,16678912,4169728,2336,11168.5,25.79,,-0.0405,0.1586,2.1908,0.04011,0.5148
2036,16687104,4171776,2336,11171.6,25.79,,-0.0411,0.1124,2.2337,0.04106,0.5323
2037,16695296,4173824,2336,11174.7,25.79,,-0.0381,0.1347,2.2306,0.0393,0.5188
2038,16703488,4175872,2336,11177.8,25.79,,-0.0368,0.2637,2.1469,0.03762,0.5179
2039,16711680,4177920,2336,11181.0,25.79,,-0.0398,0.2138,2.1605,0.0404,0.5148
2040,16719872,4179968,2336,11184.1,25.79,,-0.0377,0.2266,2.1478,0.03804,0.5106
2041,16728064,4182016,2336,11187.2,25.79,,-0.0382,0.2536,2.1755,0.03868,0.5105
2042,16736256,4184064,2336,11190.4,25.79,,-0.0364,0.2165,2.1238,0.03698,0.5126
2043,16744448,4186112,2336,11193.5,25.79,,-0.0381,0.3371,2.1851,0.04168,0.532
2044,16752640,4188160,2336,11196.6,25.79,,-0.0419,0.2214,2.1997,0.04157,0.5317
2045,16760832,4190208,2339,11199.8,26.11,,-0.0388,0.1921,2.2098,0.04205,0.5284
2046,16769024,4192256,2352,11203.1,27.63,,-0.0381,0.2217,2.0978,0.04292,0.5206
2047,16777216,4194304,2352,11206.2,27.63,,-0.0368,0.1467,2.1649,0.0356,0.5187
2048,16785408,4196352,2352,11209.3,27.63,,-0.038,0.2122,2.2033,0.03302,0.5031
2049,16793600,4198400,2352,11212.4,27.63,,-0.0373,0.2209,2.2203,0.03582,0.5046
2050,16801792,4200448,2352,11215.5,27.63,,-0.0402,0.1643,2.2002,0.03896,0.5205
2051,16809984,4202496,2352,11218.7,27.63,,-0.0377,0.2513,2.2029,0.04003,0.5203
2052,16818176,4204544,2352,11221.8,27.63,,-0.039,0.158,2.2463,0.04315,0.5259
2053,16826368,4206592,2352,11224.9,27.63,,-0.04,0.4804,2.1328,0.04392,0.5365
2054,16834560,4208640,2352,11228.0,27.63,,-0.0384,0.3874,2.1277,0.04004,0.5383
2055,16842752,4210688,2352,11231.2,27.63,,-0.0377,0.2267,2.129,0.03944,0.5261
2056,16850944,4212736,2352,11234.3,27.63,,-0.0399,0.2211,2.1631,0.04011,0.5093
2057,16859136,4214784,2352,11237.4,27.63,,-0.0397,0.2225,2.1544,0.04574,0.5437
2058,16867328,4216832,2352,11240.5,27.63,,-0.0416,0.2814,2.1629,0.03901,0.5186
2059,16875520,4218880,2357,11243.7,27.39,,-0.0371,0.3007,2.1655,0.04271,0.5253
2060,16883712,4220928,2368,11247.0,27.47,,-0.0372,0.2631,2.0346,0.03902,0.5143
2061,16891904,4222976,2368,11250.1,27.47,,-0.0359,0.2474,2.009,0.04937,0.5331
2062,16900096,4225024,2368,11253.2,27.47,,-0.0406,0.193,2.1863,0.03983,0.522
2063,16908288,4227072,2368,11256.3,27.47,,-0.0385,0.1807,2.2473,0.03429,0.493
2064,16916480,4229120,2368,11259.4,27.47,,-0.0424,0.1938,2.2464,0.04116,0.528
2065,16924672,4231168,2368,11262.6,27.47,,-0.0426,0.1536,2.2219,0.03916,0.5333
2066,16932864,4233216,2368,11265.7,27.47,,-0.0388,0.1676,2.2187,0.04033,0.5365
2067,16941056,4235264,2368,11268.8,27.47,,-0.0383,0.3783,2.2148,0.03807,0.516
2068,16949248,4237312,2368,11271.9,27.47,,-0.0433,0.282,2.1987,0.04341,0.5295
2069,16957440,4239360,2368,11275.1,27.47,,-0.0386,0.2241,2.1918,0.042,0.5331
2070,16965632,4241408,2368,11278.2,27.47,,-0.0377,0.2915,2.1374,0.04621,0.522
2071,16973824,4243456,2368,11281.3,27.47,,-0.0414,0.3336,2.1364,0.03965,0.5126
2072,16982016,4245504,2368,11284.5,27.47,,-0.0394,0.2974,2.1267,0.04079,0.5156
2073,16990208,4247552,2374,11287.7,27.65,,-0.0376,0.1969,2.1659,0.03659,0.5312
2074,16998400,4249600,2384,11291.0,27.55,,-0.0397,0.2347,2.0613,0.04226,0.5378
2075,17006592,4251648,2384,11294.1,27.55,,-0.0385,0.1725,2.0924,0.0372,0.5173
2076,17014784,4253696,2384,11297.2,27.55,,-0.0378,0.1948,2.1523,0.0381,0.5206
2077,17022976,4255744,2384,11300.3,27.55,,-0.0419,0.1717,2.2642,0.04297,0.5311
2078,17031168,4257792,2384,11303.4,27.55,,-0.0428,0.17,2.212,0.03551,0.5211
2079,17039360,4259840,2384,11306.5,27.55,,-0.0401,0.2288,2.2748,0.04491,0.5308
2080,17047552,4261888,2384,11309.6,27.55,,-0.0418,0.1942,2.2656,0.03428,0.502
2081,17055744,4263936,2384,11312.7,27.55,,-0.0425,0.2624,2.3172,0.03769,0.5297
2082,17063936,4265984,2384,11315.9,27.55,,-0.0412,0.3043,2.2755,0.03021,0.524
2083,17072128,4268032,2384,11319.0,27.55,,-0.0413,0.2356,2.283,0.03356,0.4977
2084,17080320,4270080,2384,11322.2,27.55,,-0.0434,0.2278,2.3192,0.0371,0.5276
2085,17088512,4272128,2384,11325.3,27.55,,-0.039,0.2705,2.3723,0.03668,0.5261
2086,17096704,4274176,2384,11328.4,27.55,,-0.0421,0.1954,2.3765,0.04322,0.5675
2087,17104896,4276224,2392,11331.7,27.71,,-0.0413,0.1659,2.2937,0.03942,0.5261
2088,17113088,4278272,2400,11334.9,27.94,,-0.04,0.2459,2.02,0.0436,0.5262
2089,17121280,4280320,2400,11338.0,27.94,,-0.038,0.285,2.1347,0.03764,0.5056
2090,17129472,4282368,2400,11341.1,27.94,,-0.0386,0.1833,2.1295,0.04017,0.4916
2091,17137664,4284416,2400,11344.2,27.94,,-0.043,0.1959,2.2099,0.04092,0.5387
2092,17145856,4286464,2400,11347.3,27.94,,-0.0409,0.1267,2.2276,0.0404,0.5148
2093,17154048,4288512,2400,11350.4,27.94,,-0.0386,0.2167,2.2435,0.04138,0.5315
2094,17162240,4290560,2400,11353.6,27.94,,-0.0395,0.3187,2.2235,0.03711,0.5201
2095,17170432,4292608,2400,11356.7,27.94,,-0.0396,0.3857,2.2096,0.04636,0.5369
2096,17178624,4294656,2400,11359.8,27.94,,-0.0391,0.2385,2.1451,0.03538,0.5188
2097,17186816,4296704,2400,11362.9,27.94,,-0.0397,0.1972,2.2133,0.03962,0.506
2098,17195008,4298752,2400,11366.1,27.94,,-0.0364,0.2668,2.1696,0.04033,0.5205
2099,17203200,4300800,2400,11369.2,27.94,,-0.0417,0.3343,2.2,0.04521,0.5464
2100,17211392,4302848,2400,11598.5,27.94,57.029998779296875,-0.0413,0.3071,2.2358,0.04166,0.5385
2101,17219584,4304896,2409,11601.8,27.95,,-0.0388,0.2339,2.1359,0.04159,0.5334
2102,17227776,4306944,2416,11605.0,28.43,,-0.04,0.2355,2.0242,0.03827,0.5067
2103,17235968,4308992,2416,11608.1,28.43,,-0.039,0.2232,2.1598,0.04153,0.5375
2104,17244160,4311040,2416,11611.2,28.43,,-0.0379,0.2596,2.1831,0.03494,0.5128
2105,17252352,4313088,2416,11614.3,28.43,,-0.0373,0.2379,2.1836,0.04371,0.5356
2106,17260544,4315136,2416,11617.4,28.43,,-0.0418,0.1555,2.2224,0.03982,0.5271
2107,17268736,4317184,2416,11620.5,28.43,,-0.0389,0.2808,2.1669,0.03858,0.5083
2108,17276928,4319232,2416,11623.6,28.43,,-0.0364,0.2367,2.18,0.04294,0.498
2109,17285120,4321280,2416,11626.8,28.43,,-0.0396,0.3483,2.0929,0.03392,0.4923
2110,17293312,4323328,2416,11629.9,28.43,,-0.037,0.214,2.0522,0.0304,0.4882
2111,17301504,4325376,2416,11633.0,28.43,,-0.0411,0.2035,2.1116,0.0424,0.5109
2112,17309696,4327424,2416,11636.1,28.43,,-0.0402,0.2464,2.146,0.03809,0.5165
2113,17317888,4329472,2416,11639.2,28.43,,-0.0391,0.2515,2.1082,0.03714,0.5178
2114,17326080,4331520,2416,11642.4,28.43,,-0.0415,0.2549,2.1245,0.03948,0.5052
2115,17334272,4333568,2428,11645.7,28.98,,-0.0371,0.2359,2.1449,0.03129,0.5009
2116,17342464,4335616,2432,11648.8,29.58,,-0.0345,0.3038,2.0397,0.04287,0.4951
2117,17350656,4337664,2432,11651.9,29.58,,-0.0386,0.1832,2.0935,0.04143,0.5094
2118,17358848,4339712,2432,11655.1,29.58,,-0.0345,0.2926,2.1792,0.03818,0.4799
2119,17367040,4341760,2432,11658.2,29.58,,-0.0359,0.2029,2.1743,0.03706,0.4895
2120,17375232,4343808,2432,11661.3,29.58,,-0.0395,0.174,2.2051,0.04133,0.5001
2121,17383424,4345856,2432,11664.4,29.58,,-0.0395,0.2212,2.2334,0.03725,0.5372
2122,17391616,4347904,2432,11667.5,29.58,,-0.038,0.1963,2.2224,0.03938,0.5051
2123,17399808,4349952,2432,11670.7,29.58,,-0.041,0.3692,2.216,0.03971,0.5216
2124,17408000,4352000,2432,11673.8,29.58,,-0.0409,0.2489,2.1599,0.03743,0.5033
2125,17416192,4354048,2432,11676.9,29.58,,-0.0388,0.202,2.1598,0.03548,0.4977
2126,17424384,4356096,2432,11680.0,29.58,,-0.0404,0.2839,2.1972,0.04123,0.5286
2127,17432576,4358144,2432,11683.2,29.58,,-0.0415,0.2743,2.1719,0.04027,0.531
2128,17440768,4360192,2432,11686.3,29.58,,-0.0422,0.391,2.1588,0.04012,0.5156
2129,17448960,4362240,2446,11689.7,29.94,,-0.0403,0.2561,2.1283,0.03613,0.5227
2130,17457152,4364288,2448,11692.8,30.13,,-0.0377,0.2196,1.895,0.04685,0.5308
2131,17465344,4366336,2448,11695.9,30.13,,-0.0393,0.2842,2.0734,0.03045,0.4924
2132,17473536,4368384,2448,11699.0,30.13,,-0.0377,0.2521,2.141,0.04053,0.5084
2133,17481728,4370432,2448,11702.1,30.13,,-0.0356,0.3139,2.1681,0.03824,0.5051
2134,17489920,4372480,2448,11705.2,30.13,,-0.0379,0.1872,2.2227,0.03895,0.5037
2135,17498112,4374528,2448,11708.4,30.13,,-0.0341,0.3721,2.1714,0.0412,0.5204
2136,17506304,4376576,2448,11711.5,30.13,,-0.0358,0.333,2.1289,0.04412,0.5217
2137,17514496,4378624,2448,11714.6,30.13,,-0.0374,0.3896,2.156,0.04387,0.5299
2138,17522688,4380672,2448,11717.7,30.13,,-0.0416,0.2314,2.1501,0.05135,0.5363
2139,17530880,4382720,2448,11720.9,30.13,,-0.0371,0.2555,2.1455,0.04218,0.5133
2140,17539072,4384768,2448,11724.0,30.13,,-0.0374,0.272,2.128,0.04059,0.5165
2141,17547264,4386816,2448,11727.1,30.13,,-0.0396,0.3567,2.1476,0.04671,0.5148
2142,17555456,4388864,2448,11730.2,30.13,,-0.0396,0.2663,2.1604,0.04607,0.5166
2143,17563648,4390912,2463,11733.6,30.12,,-0.0379,0.2717,2.1411,0.03157,0.473
2144,17571840,4392960,2464,11736.7,30.18,,-0.0341,0.2922,2.0095,0.04024,0.5162
2145,17580032,4395008,2464,11739.8,30.18,,-0.0372,0.2995,2.0451,0.03164,0.4777
2146,17588224,4397056,2464,11743.0,30.18,,-0.0367,0.3491,2.0426,0.04116,0.5027
2147,17596416,4399104,2464,11746.1,30.18,,-0.0373,0.1971,2.1827,0.04174,0.5342
2148,17604608,4401152,2464,11749.2,30.18,,-0.042,0.1671,2.1284,0.03748,0.49
2149,17612800,4403200,2464,11752.3,30.18,,-0.0366,0.3952,2.1994,0.0357,0.5189
2150,17620992,4405248,2464,11755.5,30.18,,-0.0388,0.2246,2.179,0.03921,0.5291
2151,17629184,4407296,2464,11758.6,30.18,,-0.0378,0.3478,2.1644,0.04387,0.5227
2152,17637376,4409344,2464,11761.7,30.18,,-0.0399,0.2285,2.2112,0.04784,0.5203
2153,17645568,4411392,2464,11764.8,30.18,,-0.0375,0.1831,2.161,0.03168,0.4988
2154,17653760,4413440,2464,11768.0,30.18,,-0.0392,0.3275,2.164,0.04955,0.4965
2155,17661952,4415488,2464,11771.1,30.18,,-0.0385,0.2418,2.1737,0.04159,0.5166
2156,17670144,4417536,2464,11774.2,30.18,,-0.0358,0.3016,2.1305,0.04196,0.4885
2157,17678336,4419584,2479,11777.6,29.71,,-0.0384,0.2291,2.1065,0.04316,0.5194
2158,17686528,4421632,2480,11780.7,29.46,,-0.0385,0.2353,2.0762,0.04164,0.5126
2159,17694720,4423680,2480,11783.8,29.46,,-0.0387,0.2039,2.1482,0.04463,0.4965
2160,17702912,4425728,2480,11786.9,29.46,,-0.0381,0.2832,2.2244,0.03332,0.4684
2161,17711104,4427776,2480,11790.0,29.46,,-0.0412,0.1562,2.288,0.04072,0.5079
2162,17719296,4429824,2480,11793.1,29.46,,-0.0386,0.2015,2.2886,0.04404,0.5176
2163,17727488,4431872,2480,11796.2,29.46,,-0.0316,0.4238,2.2051,0.05279,0.5023
2164,17735680,4433920,2480,11799.4,29.46,,-0.0399,0.2768,2.1072,0.04058,0.5201
2165,17743872,4435968,2480,11802.5,29.46,,-0.0383,0.3471,2.1937,0.04786,0.5195
2166,17752064,4438016,2480,11805.6,29.46,,-0.0347,0.3144,2.3069,0.03352,0.516
2167,17760256,4440064,2480,11808.7,29.46,,-0.0404,0.2073,2.2158,0.03425,0.5148
2168,17768448,4442112,2480,11811.9,29.46,,-0.0409,0.2797,2.2068,0.03486,0.5227
2169,17776640,4444160,2480,11815.0,29.46,,-0.0415,0.1923,2.2589,0.03984,0.5187
2170,17784832,4446208,2480,11818.1,29.46,,-0.0379,0.3231,2.2456,0.03842,0.5165
2171,17793024,4448256,2495,11821.5,30.02,,-0.0425,0.2515,2.1808,0.03805,0.5192
2172,17801216,4450304,2496,11824.6,30.0,,-0.0364,0.2801,2.1695,0.03682,0.5355
2173,17809408,4452352,2496,11827.7,30.0,,-0.0391,0.1654,2.2226,0.03866,0.5375
2174,17817600,4454400,2496,11830.8,30.0,,-0.033,0.3987,2.2475,0.02967,0.4833
2175,17825792,4456448,2496,11833.9,30.0,,-0.0362,0.2402,2.2533,0.03956,0.5095
2176,17833984,4458496,2496,11837.0,30.0,,-0.0396,0.1798,2.174,0.03531,0.5068
2177,17842176,4460544,2496,11840.1,30.0,,-0.0387,0.2156,2.1724,0.0405,0.5254
2178,17850368,4462592,2496,11843.2,30.0,,-0.0411,0.3337,2.261,0.03412,0.5137
2179,17858560,4464640,2496,11846.4,30.0,,-0.0374,0.3911,2.2092,0.04873,0.5116
2180,17866752,4466688,2496,11849.5,30.0,,-0.0409,0.2531,2.1996,0.04367,0.5386
2181,17874944,4468736,2496,11852.6,30.0,,-0.0384,0.278,2.2182,0.04733,0.5227
2182,17883136,4470784,2496,11855.7,30.0,,-0.0408,0.2562,2.1693,0.04885,0.5348
2183,17891328,4472832,2496,11858.9,30.0,,-0.0415,0.2216,2.2435,0.04569,0.5466
2184,17899520,4474880,2496,11862.0,30.0,,-0.0355,0.3242,2.2441,0.03983,0.5168
2185,17907712,4476928,2512,11865.4,29.92,,-0.0398,0.219,2.1714,0.03621,0.5172
2186,17915904,4478976,2512,11868.5,29.92,,-0.037,0.2821,2.0695,0.05095,0.5109
2187,17924096,4481024,2512,11871.6,29.92,,-0.0407,0.2356,2.1774,0.03715,0.5197
2188,17932288,4483072,2512,11874.7,29.92,,-0.0405,0.2399,2.2132,0.04001,0.5172
2189,17940480,4485120,2512,11877.8,29.92,,-0.0398,0.1419,2.244,0.03716,0.5126
2190,17948672,4487168,2512,11880.9,29.92,,-0.0364,0.1852,2.281,0.03709,0.5045
2191,17956864,4489216,2512,11884.0,29.92,,-0.0397,0.2947,2.2637,0.04272,0.5062
2192,17965056,4491264,2512,11887.1,29.92,,-0.0387,0.3387,2.2409,0.04567,0.5281
2193,17973248,4493312,2512,11890.3,29.92,,-0.0381,0.2859,2.2148,0.04506,0.5256
2194,17981440,4495360,2512,11893.4,29.92,,-0.0398,0.2342,2.2352,0.03675,0.5179
2195,17989632,4497408,2512,11896.5,29.92,,-0.0403,0.1994,2.2706,0.03637,0.5149
2196,17997824,4499456,2512,11899.6,29.92,,-0.0416,0.3091,2.2563,0.04129,0.5273
2197,18006016,4501504,2512,11902.8,29.92,,-0.0409,0.3072,2.3141,0.03581,0.5044
2198,18014208,4503552,2513,11905.9,29.84,,-0.0376,0.263,2.3098,0.04429,0.53
2199,18022400,4505600,2528,11909.3,28.96,,-0.0394,0.3142,2.1942,0.03856,0.527
2200,18030592,4507648,2528,12139.4,28.96,62.869998931884766,-0.0407,0.2671,2.1204,0.0441,0.5298
2201,18038784,4509696,2528,12142.5,28.96,,-0.0384,0.2827,2.1639,0.04132,0.5195
2202,18046976,4511744,2528,12145.6,28.96,,-0.0387,0.2178,2.2684,0.04021,0.5299
2203,18055168,4513792,2528,12148.7,28.96,,-0.0352,0.2676,2.221,0.04453,0.5239
2204,18063360,4515840,2528,12151.9,28.96,,-0.0384,0.1405,2.2682,0.04262,0.5232
2205,18071552,4517888,2528,12155.0,28.96,,-0.0389,0.2161,2.2859,0.03814,0.5182
2206,18079744,4519936,2528,12158.1,28.96,,-0.0368,0.2985,2.2919,0.03862,0.5262
2207,18087936,4521984,2528,12161.2,28.96,,-0.0367,0.3609,2.2814,0.03926,0.5184
2208,18096128,4524032,2528,12164.4,28.96,,-0.0386,0.1986,2.188,0.03797,0.4785
2209,18104320,4526080,2528,12167.5,28.96,,-0.0394,0.1917,2.2389,0.0444,0.5011
2210,18112512,4528128,2528,12170.6,28.96,,-0.0386,0.2586,2.2361,0.04054,0.4973
2211,18120704,4530176,2528,12173.8,28.96,,-0.0436,0.2683,2.2629,0.04859,0.5269
2212,18128896,4532224,2532,12177.0,28.29,,-0.0411,0.2369,2.2769,0.0395,0.519
2213,18137088,4534272,2544,12180.3,27.88,,-0.0385,0.2896,2.0885,0.03865,0.4862
2214,18145280,4536320,2544,12183.4,27.88,,-0.0384,0.2929,2.1325,0.03329,0.506
2215,18153472,4538368,2544,12186.5,27.88,,-0.0381,0.2217,2.1888,0.03374,0.5037
2216,18161664,4540416,2544,12189.6,27.88,,-0.0364,0.2456,2.2632,0.03515,0.5046
2217,18169856,4542464,2544,12192.7,27.88,,-0.0372,0.1857,2.2885,0.04129,0.5114
2218,18178048,4544512,2544,12195.8,27.88,,-0.0408,0.1292,2.277,0.04023,0.5061
2219,18186240,4546560,2544,12198.9,27.88,,-0.0379,0.1598,2.1941,0.04309,0.5159
2220,18194432,4548608,2544,12202.0,27.88,,-0.0445,0.2583,2.2404,0.04164,0.5256
2221,18202624,4550656,2544,12205.2,27.88,,-0.0446,0.2008,2.2455,0.03697,0.525
2222,18210816,4552704,2544,12208.3,27.88,,-0.0379,0.2081,2.1391,0.03448,0.4907
2223,18219008,4554752,2544,12211.4,27.88,,-0.0398,0.2547,2.1928,0.03344,0.4963
2224,18227200,4556800,2544,12214.6,27.88,,-0.0409,0.2817,2.1839,0.04502,0.5277
2225,18235392,4558848,2544,12217.7,27.88,,-0.0413,0.2578,2.241,0.03486,0.5111
2226,18243584,4560896,2548,12220.9,27.71,,-0.0421,0.2632,2.2132,0.04161,0.5197
2227,18251776,4562944,2560,12224.2,27.73,,-0.0355,0.2397,2.133,0.02588,0.4725
2228,18259968,4564992,2560,12227.3,27.73,,-0.0387,0.2639,2.058,0.03957,0.4955
2229,18268160,4567040,2560,12230.4,27.73,,-0.0398,0.2869,2.1599,0.03511,0.5161
2230,18276352,4569088,2560,12233.5,27.73,,-0.041,0.2837,2.1285,0.04494,0.5222
2231,18284544,4571136,2560,12236.6,27.73,,-0.0393,0.1464,2.2129,0.04358,0.5055
2232,18292736,4573184,2560,12239.7,27.73,,-0.0378,0.2012,2.1779,0.0412,0.509
2233,18300928,4575232,2560,12242.8,27.73,,-0.0321,0.3708,2.2064,0.03704,0.5194
2234,18309120,4577280,2560,12246.0,27.73,,-0.0349,0.4019,2.1285,0.04573,0.4941
2235,18317312,4579328,2560,12249.1,27.73,,-0.0416,0.2904,2.1211,0.04298,0.5035
2236,18325504,4581376,2560,12252.2,27.73,,-0.0432,0.2739,2.1979,0.04636,0.5417
2237,18333696,4583424,2560,12255.3,27.73,,-0.0363,0.3756,2.1838,0.04724,0.5251
2238,18341888,4585472,2560,12258.5,27.73,,-0.0416,0.286,2.1814,0.04812,0.5409
2239,18350080,4587520,2560,12261.6,27.73,,-0.0401,0.3763,2.2267,0.03917,0.5018
2240,18358272,4589568,2566,12264.8,28.15,,-0.0407,0.2834,2.1816,0.04491,0.5271
2241,18366464,4591616,2576,12268.1,27.99,,-0.0419,0.2782,1.9891,0.04743,0.5168
2242,18374656,4593664,2576,12271.2,27.99,,-0.0413,0.2038,2.054,0.04619,0.5088
2243,18382848,4595712,2576,12274.3,27.99,,-0.0404,0.2174,2.1494,0.03828,0.5177
2244,18391040,4597760,2576,12277.4,27.99,,-0.0365,0.2618,2.1306,0.03933,0.4966
2245,18399232,4599808,2576,12280.5,27.99,,-0.0384,0.1397,2.2326,0.04217,0.5026
2246,18407424,4601856,2576,12283.6,27.99,,-0.0389,0.1889,2.1776,0.03904,0.5232
2247,18415616,4603904,2576,12286.7,27.99,,-0.0397,0.2075,2.1613,0.04353,0.5314
2248,18423808,4605952,2576,12289.8,27.99,,-0.037,0.3348,2.175,0.03988,0.5188
2249,18432000,4608000,2576,12293.0,27.99,,-0.0337,0.3368,2.1041,0.03801,0.5028
2250,18440192,4610048,2576,12296.1,27.99,,-0.0369,0.2189,2.1218,0.04141,0.5232
2251,18448384,4612096,2576,12299.2,27.99,,-0.0403,0.1809,2.2066,0.03725,0.5009
2252,18456576,4614144,2576,12302.4,27.99,,-0.0384,0.316,2.0986,0.04399,0.5228
2253,18464768,4616192,2576,12305.5,27.99,,-0.0416,0.2313,2.0927,0.04136,0.5118
2254,18472960,4618240,2582,12308.7,28.64,,-0.0363,0.2952,2.1938,0.02854,0.4739
2255,18481152,4620288,2592,12312.0,29.42,,-0.0395,0.2755,2.0404,0.02845,0.4836
2256,18489344,4622336,2592,12315.1,29.42,,-0.0398,0.2697,2.0905,0.03505,0.4819
2257,18497536,4624384,2592,12318.2,29.42,,-0.034,0.4049,2.1269,0.03783,0.5018
2258,18505728,4626432,2592,12321.3,29.42,,-0.0401,0.2521,2.1238,0.04276,0.5157
2259,18513920,4628480,2592,12324.4,29.42,,-0.0401,0.182,2.1435,0.04992,0.4939
2260,18522112,4630528,2592,12327.6,29.42,,-0.0359,0.399,2.0567,0.04579,0.4984
2261,18530304,4632576,2592,12330.7,29.42,,-0.0404,0.2488,2.1153,0.04669,0.5319
2262,18538496,4634624,2592,12333.8,29.42,,-0.0403,0.3222,2.0402,0.0459,0.5243
2263,18546688,4636672,2592,12336.9,29.42,,-0.0411,0.2435,2.0824,0.04215,0.5023
2264,18554880,4638720,2592,12340.1,29.42,,-0.0406,0.2531,2.0699,0.04403,0.5043
2265,18563072,4640768,2592,12343.2,29.42,,-0.0421,0.2332,2.0955,0.05225,0.5226
2266,18571264,4642816,2592,12346.3,29.42,,-0.0424,0.2622,2.0835,0.04833,0.501
2267,18579456,4644864,2592,12349.5,29.42,,-0.0414,0.2996,2.1166,0.04132,0.5072
2268,18587648,4646912,2601,12352.7,30.04,,-0.0422,0.3114,2.1441,0.03346,0.4956
2269,18595840,4648960,2608,12356.0,30.74,,-0.0429,0.3055,2.0386,0.04559,0.5365
2270,18604032,4651008,2608,12359.1,30.74,,-0.0361,0.3857,2.0284,0.03643,0.4862
2271,18612224,4653056,2608,12362.2,30.74,,-0.037,0.3314,2.1105,0.04852,0.5128
2272,18620416,4655104,2608,12365.3,30.74,,-0.0376,0.2873,2.043,0.04851,0.5134
2273,18628608,4657152,2608,12368.4,30.74,,-0.0394,0.2288,2.1372,0.04312,0.5034
2274,18636800,4659200,2608,12371.5,30.74,,-0.0378,0.2936,2.1186,0.0454,0.5021
2275,18644992,4661248,2608,12374.7,30.74,,-0.0385,0.2853,2.0407,0.04739,0.5026
2276,18653184,4663296,2608,12377.8,30.74,,-0.0386,0.5163,2.1198,0.05036,0.5142
2277,18661376,4665344,2608,12380.9,30.74,,-0.0372,0.4302,2.0891,0.04181,0.5048
2278,18669568,4667392,2608,12384.0,30.74,,-0.0364,0.3204,2.0724,0.04977,0.5245
2279,18677760,4669440,2608,12387.2,30.74,,-0.0368,0.2734,2.0704,0.05039,0.509
2280,18685952,4671488,2608,12390.3,30.74,,-0.0395,0.2398,2.0887,0.0658,0.5375
2281,18694144,4673536,2608,12393.4,30.74,,-0.0408,0.2739,2.1154,0.04088,0.5236
2282,18702336,4675584,2617,12396.7,31.71,,-0.0383,0.2831,2.1032,0.0392,0.4822
2283,18710528,4677632,2624,12399.9,32.66,,-0.0362,0.2865,2.0166,0.03347,0.4893
2284,18718720,4679680,2624,12403.0,32.66,,-0.0402,0.1847,2.0451,0.04284,0.5154
2285,18726912,4681728,2624,12406.1,32.66,,-0.0372,0.3187,2.1442,0.03715,0.4851
2286,18735104,4683776,2624,12409.2,32.66,,-0.0378,0.1731,2.1741,0.03817,0.5205
2287,18743296,4685824,2624,12412.3,32.66,,-0.0376,0.1664,2.1771,0.04211,0.4998
2288,18751488,4687872,2624,12415.4,32.66,,-0.0392,0.2717,2.1501,0.04635,0.5198
2289,18759680,4689920,2624,12418.6,32.66,,-0.04,0.2599,2.1299,0.04123,0.5223
2290,18767872,4691968,2624,12421.7,32.66,,-0.0399,0.2945,2.1321,0.04238,0.517
2291,18776064,4694016,2624,12424.8,32.66,,-0.042,0.2065,2.1555,0.03805,0.5211
2292,18784256,4696064,2624,12427.9,32.66,,-0.0383,0.2771,2.1405,0.03903,0.5126
2293,18792448,4698112,2624,12431.1,32.66,,-0.0379,0.2545,2.0972,0.03543,0.5071
2294,18800640,4700160,2624,12434.2,32.66,,-0.0399,0.3073,2.1442,0.04229,0.5129
2295,18808832,4702208,2624,12437.3,32.66,,-0.0382,0.2804,2.0879,0.0404,0.4923
2296,18817024,4704256,2636,12440.6,33.58,,-0.0375,0.2831,2.1227,0.03896,0.5056
2297,18825216,4706304,2640,12443.8,33.36,,-0.0368,0.2674,1.9836,0.04847,0.5013
2298,18833408,4708352,2640,12446.9,33.36,,-0.0353,0.2183,2.0206,0.04334,0.4872
2299,18841600,4710400,2640,12450.0,33.36,,-0.0379,0.2848,2.1147,0.04441,0.5151
2300,18849792,4712448,2640,12679.3,33.36,69.0999984741211,-0.0414,0.2043,2.1249,0.04412,0.5222
2301,18857984,4714496,2640,12682.4,33.36,,-0.0353,0.1732,2.1556,0.0391,0.5253
2302,18866176,4716544,2640,12685.5,33.36,,-0.0352,0.1968,2.2156,0.02871,0.4885
2303,18874368,4718592,2640,12688.6,33.36,,-0.0357,0.3549,2.1468,0.0414,0.5018
2304,18882560,4720640,2640,12691.7,33.36,,-0.0404,0.2841,2.1018,0.03923,0.5204
2305,18890752,4722688,2640,12694.9,33.36,,-0.0431,0.2411,2.1267,0.04056,0.5094
2306,18898944,4724736,2640,12698.0,33.36,,-0.0394,0.2329,2.1664,0.04057,0.522
2307,18907136,4726784,2640,12701.1,33.36,,-0.037,0.3454,2.1727,0.03737,0.5215
2308,18915328,4728832,2640,12704.3,33.36,,-0.0383,0.3004,2.1225,0.03772,0.5168
2309,18923520,4730880,2640,12707.4,33.36,,-0.0373,0.3113,2.1707,0.04082,0.5092
2310,18931712,4732928,2654,12710.7,34.4,,-0.0363,0.2313,2.1652,0.02592,0.4698
2311,18939904,4734976,2656,12713.9,34.2,,-0.0333,0.2321,2.0372,0.03428,0.4954
2312,18948096,4737024,2656,12717.0,34.2,,-0.0392,0.245,2.1176,0.03786,0.5081
2313,18956288,4739072,2656,12720.1,34.2,,-0.0394,0.2723,2.2197,0.04684,0.509
2314,18964480,4741120,2656,12723.2,34.2,,-0.0393,0.1586,2.2534,0.03976,0.5284
2315,18972672,4743168,2656,12726.3,34.2,,-0.0397,0.1543,2.2216,0.03928,0.5281
2316,18980864,4745216,2656,12729.4,34.2,,-0.0349,0.3206,2.2766,0.03229,0.5096
2317,18989056,4747264,2656,12732.5,34.2,,-0.0406,0.2571,2.2578,0.03986,0.5171
2318,18997248,4749312,2656,12735.7,34.2,,-0.0401,0.2156,2.2286,0.04591,0.5394
2319,19005440,4751360,2656,12738.8,34.2,,-0.0428,0.1877,2.193,0.03378,0.5211
2320,19013632,4753408,2656,12741.9,34.2,,-0.0402,0.2546,2.2287,0.04384,0.5468
2321,19021824,4755456,2656,12745.1,34.2,,-0.0375,0.2676,2.224,0.0405,0.5286
2322,19030016,4757504,2656,12748.2,34.2,,-0.041,0.3107,2.2568,0.04161,0.5413
2323,19038208,4759552,2656,12751.3,34.2,,-0.0368,0.229,2.2453,0.03782,0.5304
2324,19046400,4761600,2671,12754.7,33.55,,-0.0414,0.2448,2.2234,0.03241,0.5356
2325,19054592,4763648,2672,12757.8,33.4,,-0.0406,0.1941,2.1205,0.04408,0.5334
2326,19062784,4765696,2672,12760.9,33.4,,-0.0377,0.2226,2.1716,0.03384,0.5419
2327,19070976,4767744,2672,12764.0,33.4,,-0.0354,0.1972,2.1904,0.03731,0.5044
2328,19079168,4769792,2672,12767.1,33.4,,-0.0395,0.2011,2.2648,0.04142,0.5211
2329,19087360,4771840,2672,12770.2,33.4,,-0.0411,0.157,2.3048,0.03979,0.536
2330,19095552,4773888,2672,12773.4,33.4,,-0.039,0.2789,2.2662,0.03831,0.528
2331,19103744,4775936,2672,12776.5,33.4,,-0.0398,0.3452,2.2961,0.04249,0.5439
2332,19111936,4777984,2672,12779.6,33.4,,-0.045,0.2558,2.2582,0.0429,0.5525
2333,19120128,4780032,2672,12782.7,33.4,,-0.0395,0.1936,2.2259,0.03813,0.5322
2334,19128320,4782080,2672,12785.9,33.4,,-0.0373,0.2867,2.2237,0.03541,0.5045
2335,19136512,4784128,2672,12789.0,33.4,,-0.0366,0.2613,2.2773,0.03511,0.5068
2336,19144704,4786176,2672,12792.1,33.4,,-0.0395,0.2829,2.295,0.04159,0.5216
2337,19152896,4788224,2672,12795.3,33.4,,-0.0329,0.343,2.2701,0.04336,0.5162
2338,19161088,4790272,2687,12798.6,31.87,,-0.0357,0.2764,2.2265,0.02458,0.4958
2339,19169280,4792320,2688,12801.7,31.73,,-0.0346,0.2389,2.0967,0.04176,0.5234
2340,19177472,4794368,2688,12804.8,31.73,,-0.0347,0.2738,2.1775,0.03839,0.5005
2341,19185664,4796416,2688,12807.9,31.73,,-0.0362,0.2959,2.199,0.02888,0.4795
2342,19193856,4798464,2688,12811.1,31.73,,-0.0341,0.3517,2.2367,0.03705,0.5238
2343,19202048,4800512,2688,12814.2,31.73,,-0.0356,0.2188,2.2541,0.04729,0.5316
2344,19210240,4802560,2688,12817.3,31.73,,-0.0334,0.407,2.2559,0.0365,0.5192
2345,19218432,4804608,2688,12820.4,31.73,,-0.038,0.3353,2.2193,0.0464,0.521
2346,19226624,4806656,2688,12823.6,31.73,,-0.0361,0.4061,2.1552,0.04199,0.5355
2347,19234816,4808704,2688,12826.7,31.73,,-0.0376,0.2777,2.1293,0.03451,0.4923
2348,19243008,4810752,2688,12829.8,31.73,,-0.0372,0.2151,2.1499,0.0518,0.5167
2349,19251200,4812800,2688,12832.9,31.73,,-0.0412,0.2699,2.1958,0.0425,0.5349
2350,19259392,4814848,2688,12836.1,31.73,,-0.0383,0.237,2.1937,0.04211,0.5286
2351,19267584,4816896,2688,12839.2,31.73,,-0.0399,0.2427,2.2072,0.04852,0.5432
2352,19275776,4818944,2703,12842.5,30.43,,-0.0413,0.1752,2.084,0.04399,0.5227
2353,19283968,4820992,2704,12845.7,30.35,,-0.0384,0.2228,2.0295,0.04144,0.5363
2354,19292160,4823040,2704,12848.8,30.35,,-0.0387,0.2823,2.1163,0.04058,0.5286
2355,19300352,4825088,2704,12851.9,30.35,,-0.0345,0.2444,2.1374,0.04244,0.5098
2356,19308544,4827136,2704,12855.0,30.35,,-0.0372,0.169,2.207,0.04612,0.5336
2357,19316736,4829184,2704,12858.1,30.35,,-0.0351,0.1502,2.244,0.04348,0.5046
2358,19324928,4831232,2704,12861.2,30.35,,-0.0402,0.2055,2.1817,0.04372,0.5521
2359,19333120,4833280,2704,12864.3,30.35,,-0.0362,0.317,2.1112,0.03724,0.5157
2360,19341312,4835328,2704,12867.5,30.35,,-0.0392,0.2899,2.1196,0.03913,0.5094
2361,19349504,4837376,2704,12870.6,30.35,,-0.0419,0.2047,2.1399,0.04083,0.527
2362,19357696,4839424,2704,12873.7,30.35,,-0.0408,0.211,2.1736,0.04416,0.5416
2363,19365888,4841472,2704,12876.9,30.35,,-0.0403,0.2756,2.1399,0.04226,0.5374
2364,19374080,4843520,2704,12880.0,30.35,,-0.0384,0.3344,2.1903,0.04278,0.5295
2365,19382272,4845568,2705,12883.2,30.57,,-0.0378,0.288,2.2202,0.03496,0.5067
2366,19390464,4847616,2720,12886.5,30.21,,-0.039,0.3115,2.0545,0.03957,0.4896
2367,19398656,4849664,2720,12889.6,30.21,,-0.039,0.2178,1.98,0.04541,0.5197
2368,19406848,4851712,2720,12892.7,30.21,,-0.0384,0.2361,2.1379,0.04681,0.5393
2369,19415040,4853760,2720,12895.8,30.21,,-0.0338,0.2663,2.1429,0.03967,0.5244
2370,19423232,4855808,2720,12898.9,30.21,,-0.0355,0.2592,2.1577,0.03759,0.5089
2371,19431424,4857856,2720,12902.1,30.21,,-0.0402,0.1442,2.1924,0.03777,0.5229
2372,19439616,4859904,2720,12905.2,30.21,,-0.0389,0.2456,2.153,0.04324,0.5148
2373,19447808,4861952,2720,12908.3,30.21,,-0.041,0.4017,2.1744,0.0506,0.5245
2374,19456000,4864000,2720,12911.4,30.21,,-0.0402,0.3592,2.0963,0.04866,0.5294
2375,19464192,4866048,2720,12914.6,30.21,,-0.04,0.2297,2.1366,0.03863,0.5168
2376,19472384,4868096,2720,12917.7,30.21,,-0.0401,0.2463,2.1642,0.0413,0.5237
2377,19480576,4870144,2720,12920.8,30.21,,-0.041,0.2802,2.1773,0.04146,0.5328
2378,19488768,4872192,2720,12923.9,30.21,,-0.0401,0.2478,2.1919,0.04514,0.5378
2379,19496960,4874240,2722,12927.1,29.82,,-0.0424,0.2099,2.1975,0.05112,0.5299
2380,19505152,4876288,2736,12930.4,29.44,,-0.0374,0.2772,2.0294,0.0367,0.489
2381,19513344,4878336,2736,12933.5,29.44,,-0.0393,0.2297,2.0428,0.04948,0.5238
2382,19521536,4880384,2736,12936.6,29.44,,-0.0432,0.1909,2.1097,0.04983,0.5356
2383,19529728,4882432,2736,12939.7,29.44,,-0.0424,0.1881,2.1827,0.03585,0.5081
2384,19537920,4884480,2736,12942.8,29.44,,-0.0407,0.183,2.192,0.04291,0.535
2385,19546112,4886528,2736,12946.0,29.44,,-0.0406,0.1782,2.1646,0.04391,0.5061
2386,19554304,4888576,2736,12949.1,29.44,,-0.0362,0.2983,2.1739,0.03881,0.5393
2387,19562496,4890624,2736,12952.2,29.44,,-0.0394,0.3355,2.0673,0.04406,0.5148
2388,19570688,4892672,2736,12955.3,29.44,,-0.0411,0.2911,2.0772,0.03898,0.4946
2389,19578880,4894720,2736,12958.5,29.44,,-0.0369,0.2373,2.1144,0.03445,0.4868
2390,19587072,4896768,2736,12961.6,29.44,,-0.0373,0.2416,2.1248,0.04671,0.5199
2391,19595264,4898816,2736,12964.7,29.44,,-0.0371,0.3545,2.0975,0.04705,0.5085
2392,19603456,4900864,2736,12967.9,29.44,,-0.0333,0.6187,2.0891,0.04335,0.5343
2393,19611648,4902912,2741,12971.0,29.86,,-0.0371,0.3217,2.1159,0.04046,0.505
2394,19619840,4904960,2752,12974.3,30.19,,-0.0326,0.3523,2.0445,0.02382,0.4458
2395,19628032,4907008,2752,12977.4,30.19,,-0.039,0.3149,2.0028,0.04578,0.5098
2396,19636224,4909056,2752,12980.6,30.19,,-0.0343,0.3664,2.0686,0.04244,0.5027
2397,19644416,4911104,2752,12983.7,30.19,,-0.0391,0.2898,2.1347,0.0449,0.5232
2398,19652608,4913152,2752,12986.8,30.19,,-0.0369,0.2292,2.1634,0.04354,0.5094
2399,19660800,4915200,2752,12989.9,30.19,,-0.0352,0.2912,2.1723,0.04074,0.5112
2400,19668992,4917248,2752,13212.2,30.19,64.37000274658203,-0.0373,0.3281,2.1293,0.05647,0.5277
2401,19677184,4919296,2752,13215.3,30.19,,-0.0361,0.3774,2.0227,0.03644,0.4895
2402,19685376,4921344,2752,13218.5,30.19,,-0.0409,0.2715,2.1301,0.05896,0.531
2403,19693568,4923392,2752,13221.6,30.19,,-0.0415,0.2294,2.1189,0.04445,0.5184
2404,19701760,4925440,2752,13224.7,30.19,,-0.0401,0.2425,2.1551,0.03947,0.5188
2405,19709952,4927488,2752,13227.8,30.19,,-0.0424,0.2793,2.1943,0.04979,0.5608
2406,19718144,4929536,2752,13231.0,30.19,,-0.0412,0.2384,2.2191,0.04637,0.5173
2407,19726336,4931584,2758,13234.2,29.96,,-0.0382,0.2497,2.2388,0.03874,0.5216
2408,19734528,4933632,2768,13237.5,30.72,,-0.0432,0.2529,2.1152,0.04475,0.5439
2409,19742720,4935680,2768,13240.6,30.72,,-0.0413,0.163,2.1793,0.04451,0.5293
2410,19750912,4937728,2768,13243.7,30.72,,-0.0392,0.2712,2.1521,0.03839,0.5166
2411,19759104,4939776,2768,13246.8,30.72,,-0.0388,0.2057,2.1858,0.04769,0.5098
2412,19767296,4941824,2768,13249.9,30.72,,-0.0352,0.1821,2.2831,0.03651,0.5316
2413,19775488,4943872,2768,13253.0,30.72,,-0.0398,0.1518,2.2739,0.04537,0.5221
2414,19783680,4945920,2768,13256.1,30.72,,-0.0378,0.2972,2.2523,0.04734,0.5123
2415,19791872,4947968,2768,13259.2,30.72,,-0.04,0.3753,2.1728,0.04854,0.5272
2416,19800064,4950016,2768,13262.4,30.72,,-0.0414,0.2431,2.2086,0.05172,0.5375
2417,19808256,4952064,2768,13265.5,30.72,,-0.035,0.2601,2.1173,0.03272,0.4932
2418,19816448,4954112,2768,13268.6,30.72,,-0.0415,0.2033,2.2342,0.04161,0.5256
2419,19824640,4956160,2768,13271.8,30.72,,-0.0443,0.2992,2.2606,0.05389,0.5536
2420,19832832,4958208,2768,13274.9,30.72,,-0.0442,0.2422,2.2874,0.04506,0.5502
2421,19841024,4960256,2774,13278.1,31.16,,-0.0433,0.1892,2.2793,0.03987,0.5232
2422,19849216,4962304,2784,13281.4,32.29,,-0.0409,0.277,2.1021,0.03928,0.519
2423,19857408,4964352,2784,13284.5,32.29,,-0.0389,0.1852,2.1747,0.04004,0.5378
2424,19865600,4966400,2784,13287.6,32.29,,-0.0391,0.2523,2.1966,0.03905,0.5242
2425,19873792,4968448,2784,13290.7,32.29,,-0.0302,0.3314,2.2572,0.0354,0.524
2426,19881984,4970496,2784,13293.8,32.29,,-0.0399,0.1844,2.2892,0.04988,0.551
2427,19890176,4972544,2784,13296.9,32.29,,-0.0335,0.3192,2.2902,0.03831,0.5007
2428,19898368,4974592,2784,13300.0,32.29,,-0.0384,0.3854,2.2768,0.04731,0.541
2429,19906560,4976640,2784,13303.2,32.29,,-0.0402,0.3545,2.1795,0.04485,0.5311
2430,19914752,4978688,2784,13306.3,32.29,,-0.0428,0.2577,2.2822,0.05055,0.5499
2431,19922944,4980736,2784,13309.4,32.29,,-0.041,0.1666,2.2871,0.04093,0.547
2432,19931136,4982784,2784,13312.5,32.29,,-0.0421,0.2718,2.2369,0.0445,0.5396
2433,19939328,4984832,2784,13315.7,32.29,,-0.0371,0.3583,2.2757,0.03972,0.5404
2434,19947520,4986880,2784,13318.8,32.29,,-0.0399,0.4108,2.3212,0.05092,0.5353
2435,19955712,4988928,2792,13322.0,32.19,,-0.0417,0.2043,2.3483,0.03979,0.5411
2436,19963904,4990976,2800,13325.3,32.41,,-0.0374,0.2075,2.1632,0.04714,0.5452
2437,19972096,4993024,2800,13328.4,32.41,,-0.0355,0.2307,2.2094,0.02572,0.4832
2438,19980288,4995072,2800,13331.5,32.41,,-0.0383,0.3018,2.2252,0.04196,0.515
2439,19988480,4997120,2800,13334.6,32.41,,-0.0433,0.2306,2.2449,0.05466,0.5477
2440,19996672,4999168,2800,13337.7,32.41,,-0.0422,0.1755,2.3065,0.0521,0.5399
2441,20004864,5001216,2800,13340.8,32.41,,-0.0404,0.1995,2.3514,0.04188,0.5463
2442,20013056,5003264,2800,13343.9,32.41,,-0.0438,0.2676,2.3262,0.04982,0.559
2443,20021248,5005312,2800,13347.1,32.41,,-0.0422,0.3862,2.2768,0.05037,0.5461
2444,20029440,5007360,2800,13350.2,32.41,,-0.0364,0.3619,2.2342,0.047,0.5317
2445,20037632,5009408,2800,13353.3,32.41,,-0.0399,0.2528,2.3108,0.04644,0.5193
2446,20045824,5011456,2800,13356.4,32.41,,-0.0417,0.2543,2.2962,0.05488,0.5496
2447,20054016,5013504,2800,13359.6,32.41,,-0.041,0.2734,2.2632,0.04459,0.5371
2448,20062208,5015552,2800,13362.7,32.41,,-0.0354,0.3752,2.284,0.06883,0.52
2449,20070400,5017600,2809,13366.0,31.2,,-0.0398,0.208,2.302,0.04803,0.5425
2450,20078592,5019648,2816,13369.2,29.92,,-0.0419,0.2744,2.1159,0.05203,0.5564
2451,20086784,5021696,2816,13372.3,29.92,,-0.0386,0.2799,2.1691,0.04994,0.53
2452,20094976,5023744,2816,13375.4,29.92,,-0.0406,0.1656,2.2428,0.04728,0.5408
2453,20103168,5025792,2816,13378.5,29.92,,-0.0407,0.1735,2.3288,0.03931,0.5477
2454,20111360,5027840,2816,13381.6,29.92,,-0.0403,0.18,2.3382,0.04889,0.5535
2455,20119552,5029888,2816,13384.7,29.92,,-0.0365,0.2979,2.3076,0.0442,0.5156
2456,20127744,5031936,2816,13387.8,29.92,,-0.0412,0.2113,2.2992,0.04395,0.5372
2457,20135936,5033984,2816,13390.9,29.92,,-0.0454,0.2375,2.2827,0.0534,0.5576
2458,20144128,5036032,2816,13394.1,29.92,,-0.0406,0.2076,2.2505,0.06393,0.5355
2459,20152320,5038080,2816,13397.2,29.92,,-0.0396,0.249,2.2336,0.04594,0.5262
2460,20160512,5040128,2816,13400.3,29.92,,-0.0369,0.3202,2.199,0.05533,0.5447
2461,20168704,5042176,2816,13403.5,29.92,,-0.0398,0.2997,2.1953,0.05724,0.5574
2462,20176896,5044224,2816,13406.6,29.92,,-0.0411,0.2977,2.2022,0.05025,0.5494
2463,20185088,5046272,2827,13409.9,29.43,,-0.041,0.2203,2.1734,0.05262,0.5272
2464,20193280,5048320,2832,13413.1,29.17,,-0.0359,0.2726,2.0837,0.04797,0.5552
2465,20201472,5050368,2832,13416.2,29.17,,-0.0418,0.2238,2.1103,0.05177,0.5469
2466,20209664,5052416,2832,13419.3,29.17,,-0.0337,0.2046,2.1832,0.03805,0.5002
2467,20217856,5054464,2832,13422.4,29.17,,-0.0374,0.2218,2.2038,0.04976,0.5369
2468,20226048,5056512,2832,13425.5,29.17,,-0.0324,0.1582,2.2868,0.04656,0.5143
2469,20234240,5058560,2832,13428.6,29.17,,-0.0343,0.2693,2.2163,0.04323,0.5085
2470,20242432,5060608,2832,13431.7,29.17,,-0.0381,0.326,2.2457,0.04589,0.538
2471,20250624,5062656,2832,13434.8,29.17,,-0.0409,0.2979,2.1841,0.05464,0.5576
2472,20258816,5064704,2832,13438.0,29.17,,-0.0382,0.2052,2.1858,0.05388,0.5465
2473,20267008,5066752,2832,13441.1,29.17,,-0.0418,0.1759,2.2369,0.0535,0.5653
2474,20275200,5068800,2832,13444.2,29.17,,-0.0397,0.3336,2.2257,0.04627,0.5225
2475,20283392,5070848,2832,13447.3,29.17,,-0.0398,0.3751,2.2069,0.05294,0.5447
2476,20291584,5072896,2832,13450.5,29.17,,-0.0351,0.3392,2.2301,0.05692,0.5304
2477,20299776,5074944,2846,13453.8,27.09,,-0.0413,0.2228,2.2028,0.03898,0.5287
2478,20307968,5076992,2848,13456.9,27.02,,-0.0386,0.1517,2.013,0.04769,0.5544
2479,20316160,5079040,2848,13460.0,27.02,,-0.0367,0.2373,2.0153,0.04828,0.5338
2480,20324352,5081088,2848,13463.1,27.02,,-0.0395,0.1852,2.0987,0.04585,0.5256
2481,20332544,5083136,2848,13466.2,27.02,,-0.0383,0.1305,2.1851,0.0463,0.545
2482,20340736,5085184,2848,13469.4,27.02,,-0.0368,0.2199,2.1437,0.04627,0.5573
2483,20348928,5087232,2848,13472.5,27.02,,-0.0303,0.3654,2.1429,0.04886,0.5396
2484,20357120,5089280,2848,13475.6,27.02,,-0.0355,0.4375,2.0708,0.05302,0.5347
2485,20365312,5091328,2848,13478.7,27.02,,-0.0409,0.3526,2.0437,0.0499,0.5404
2486,20373504,5093376,2848,13481.9,27.02,,-0.0393,0.2378,2.0483,0.05119,0.5281
2487,20381696,5095424,2848,13485.0,27.02,,-0.0375,0.28,2.0144,0.04852,0.5193
2488,20389888,5097472,2848,13488.1,27.02,,-0.0404,0.2378,2.0427,0.05308,0.511
2489,20398080,5099520,2848,13491.3,27.02,,-0.0425,0.1901,2.1684,0.05263,0.5713
2490,20406272,5101568,2848,13494.4,27.02,,-0.042,0.2997,2.1384,0.05179,0.5389
2491,20414464,5103616,2863,13497.8,26.99,,-0.0398,0.2977,2.0972,0.04601,0.5208
2492,20422656,5105664,2864,13500.9,27.01,,-0.035,0.2767,1.928,0.06385,0.5648
2493,20430848,5107712,2864,13504.0,27.01,,-0.0342,0.3235,1.9424,0.04284,0.5244
2494,20439040,5109760,2864,13507.1,27.01,,-0.0366,0.3382,2.0685,0.05946,0.5502
2495,20447232,5111808,2864,13510.2,27.01,,-0.0328,0.3415,2.1093,0.05137,0.5134
2496,20455424,5113856,2864,13513.3,27.01,,-0.0357,0.1917,2.1757,0.04614,0.5344
2497,20463616,5115904,2864,13516.5,27.01,,-0.0386,0.275,2.1131,0.05904,0.5551
2498,20471808,5117952,2864,13519.6,27.01,,-0.0407,0.41,2.0519,0.04105,0.5189
2499,20480000,5120000,2864,13522.7,27.01,,-0.0389,0.367,2.0502,0.05192,0.5538
2500,20488192,5122048,2864,13744.3,27.01,68.86000061035156,-0.0382,0.276,2.0552,0.05019,0.5365
2501,20496384,5124096,2864,13747.4,27.01,,-0.0356,0.4083,2.0265,0.04155,0.5294
2502,20504576,5126144,2864,13750.6,27.01,,-0.0416,0.2998,2.1036,0.05475,0.5453
2503,20512768,5128192,2864,13753.7,27.01,,-0.0408,0.3136,2.0714,0.07757,0.5441
2504,20520960,5130240,2864,13756.8,27.01,,-0.0378,0.3464,2.0669,0.04654,0.5139
2505,20529152,5132288,2879,13760.2,27.51,,-0.0379,0.3596,2.0212,0.03458,0.5044
2506,20537344,5134336,2880,13763.3,27.78,,-0.0333,0.3274,1.8993,0.03193,0.4839
2507,20545536,5136384,2880,13766.4,27.78,,-0.0355,0.2778,2.0508,0.04447,0.5365
2508,20553728,5138432,2880,13769.5,27.78,,-0.0376,0.3139,2.1052,0.04505,0.5302
2509,20561920,5140480,2880,13772.6,27.78,,-0.0359,0.3568,2.1419,0.03952,0.5223
2510,20570112,5142528,2880,13775.7,27.78,,-0.038,0.1947,2.1774,0.04052,0.5233
2511,20578304,5144576,2880,13778.8,27.78,,-0.0359,0.3409,2.1551,0.04446,0.5205
2512,20586496,5146624,2880,13782.0,27.78,,-0.0378,0.3609,2.1382,0.05746,0.5348
2513,20594688,5148672,2880,13785.1,27.78,,-0.0323,0.7917,2.053,0.0466,0.542
2514,20602880,5150720,2880,13788.2,27.78,,-0.0353,0.3035,2.081,0.04251,0.5198
2515,20611072,5152768,2880,13791.3,27.78,,-0.0392,0.3417,2.0935,0.04472,0.5233
2516,20619264,5154816,2880,13794.5,27.78,,-0.0402,0.3994,2.1162,0.04702,0.5297
2517,20627456,5156864,2880,13797.6,27.78,,-0.0393,0.4188,2.1623,0.03694,0.5122
2518,20635648,5158912,2880,13800.7,27.78,,-0.0399,0.2706,2.1796,0.04399,0.5358
2519,20643840,5160960,2895,13804.1,28.31,,-0.0386,0.2338,2.1196,0.03005,0.4932
2520,20652032,5163008,2896,13807.2,28.38,,-0.0402,0.2337,2.0104,0.05232,0.5479
2521,20660224,5165056,2896,13810.2,28.38,,-0.0366,0.2562,2.1454,0.03206,0.5068
2522,20668416,5167104,2896,13813.4,28.38,,-0.0394,0.29,2.142,0.04604,0.5344
2523,20676608,5169152,2896,13816.5,28.38,,-0.0376,0.1998,2.1345,0.0471,0.5414
2524,20684800,5171200,2896,13819.6,28.38,,-0.0386,0.1799,2.1691,0.04055,0.536
2525,20692992,5173248,2896,13822.7,28.38,,-0.0355,0.3545,2.1379,0.04346,0.5229
2526,20701184,5175296,2896,13825.8,28.38,,-0.0391,0.4535,2.0755,0.04855,0.5286
2527,20709376,5177344,2896,13828.9,28.38,,-0.0384,0.3706,2.0885,0.04663,0.5159
2528,20717568,5179392,2896,13832.1,28.38,,-0.0378,0.3275,2.0501,0.03895,0.5028
2529,20725760,5181440,2896,13835.2,28.38,,-0.0392,0.3637,2.0381,0.04695,0.5298
2530,20733952,5183488,2896,13838.3,28.38,,-0.0402,0.4012,2.099,0.05224,0.5453
2531,20742144,5185536,2896,13841.4,28.38,,-0.0392,0.3965,2.0806,0.04945,0.542
2532,20750336,5187584,2896,13844.6,28.38,,-0.0379,0.5164,2.0397,0.04733,0.5211
2533,20758528,5189632,2911,13847.9,31.38,,-0.0352,0.3966,2.0075,0.03907,0.5116
2534,20766720,5191680,2912,13851.0,31.5,,-0.0357,0.3702,1.8788,0.05001,0.5199
2535,20774912,5193728,2912,13854.1,31.5,,-0.033,0.2968,2.0614,0.03563,0.5194
2536,20783104,5195776,2912,13857.2,31.5,,-0.0392,0.2606,2.1351,0.05095,0.5464
2537,20791296,5197824,2912,13860.3,31.5,,-0.0364,0.209,2.178,0.04391,0.5303
2538,20799488,5199872,2912,13863.4,31.5,,-0.0357,0.142,2.1341,0.04349,0.5436
2539,20807680,5201920,2912,13866.5,31.5,,-0.0309,0.425,2.0297,0.04597,0.5258
2540,20815872,5203968,2912,13869.6,31.5,,-0.0291,0.5506,2.063,0.04928,0.5345
2541,20824064,5206016,2912,13872.8,31.5,,-0.0417,0.2781,2.076,0.04936,0.5518
2542,20832256,5208064,2912,13875.9,31.5,,-0.0385,0.3026,2.0495,0.04225,0.5039
2543,20840448,5210112,2912,13879.0,31.5,,-0.0376,0.2681,2.0491,0.03875,0.5017
2544,20848640,5212160,2912,13882.1,31.5,,-0.0391,0.3754,2.1149,0.0513,0.5477
2545,20856832,5214208,2912,13885.3,31.5,,-0.0408,0.4107,2.1006,0.05354,0.5353
2546,20865024,5216256,2914,13888.4,31.78,,-0.0405,0.3309,2.1547,0.04863,0.5385
2547,20873216,5218304,2928,13891.7,32.9,,-0.0379,0.3402,1.979,0.03382,0.5
2548,20881408,5220352,2928,13894.9,32.9,,-0.0329,0.2927,1.8811,0.04462,0.5027
2549,20889600,5222400,2928,13898.0,32.9,,-0.034,0.2563,2.1306,0.03004,0.4867
2550,20897792,5224448,2928,13901.1,32.9,,-0.0385,0.2535,2.1508,0.04522,0.5425
2551,20905984,5226496,2928,13904.2,32.9,,-0.0349,0.1947,2.2137,0.04167,0.5228
2552,20914176,5228544,2928,13907.3,32.9,,-0.0337,0.272,2.1846,0.04961,0.5302
2553,20922368,5230592,2928,13910.4,32.9,,-0.0375,0.2644,2.1464,0.04496,0.516
2554,20930560,5232640,2928,13913.5,32.9,,-0.0376,0.4107,2.1626,0.05169,0.5327
2555,20938752,5234688,2928,13916.6,32.9,,-0.0384,0.3419,2.1245,0.05228,0.5249
2556,20946944,5236736,2928,13919.8,32.9,,-0.0395,0.2807,2.1615,0.05303,0.5334
2557,20955136,5238784,2928,13922.9,32.9,,-0.0376,0.2723,2.0665,0.04061,0.5262
2558,20963328,5240832,2928,13926.0,32.9,,-0.0401,0.3092,2.1388,0.05495,0.5553
2559,20971520,5242880,2928,13929.1,32.9,,-0.0382,0.3298,2.1991,0.06105,0.5588
2560,20979712,5244928,2930,13932.3,33.43,,-0.041,0.3573,2.1311,0.05336,0.5492
2561,20987904,5246976,2944,13935.6,34.8,,-0.0327,0.2656,1.9557,0.04534,0.5109
2562,20996096,5249024,2944,13938.7,34.8,,-0.0325,0.3419,1.904,0.04022,0.5179
2563,21004288,5251072,2944,13941.8,34.8,,-0.0369,0.2933,2.0368,0.04962,0.5295
2564,21012480,5253120,2944,13944.9,34.8,,-0.0398,0.2772,2.0886,0.04954,0.5493
2565,21020672,5255168,2944,13948.0,34.8,,-0.0396,0.1698,2.0991,0.04479,0.5289
2566,21028864,5257216,2944,13951.1,34.8,,-0.0368,0.2223,2.1387,0.04272,0.5273
2567,21037056,5259264,2944,13954.2,34.8,,-0.0363,0.3317,2.1081,0.04364,0.5199
2568,21045248,5261312,2944,13957.4,34.8,,-0.0382,0.4156,2.1477,0.03623,0.5063
2569,21053440,5263360,2944,13960.5,34.8,,-0.0365,0.3225,2.0829,0.03393,0.5087
2570,21061632,5265408,2944,13963.6,34.8,,-0.0413,0.3352,2.1859,0.03214,0.4836
2571,21069824,5267456,2944,13966.7,34.8,,-0.0394,0.2935,2.1645,0.03542,0.5065
2572,21078016,5269504,2944,13969.8,34.8,,-0.0456,0.2335,2.2575,0.04499,0.5479
2573,21086208,5271552,2944,13973.0,34.8,,-0.042,0.3464,2.2766,0.04683,0.5258
2574,21094400,5273600,2949,13976.2,35.49,,-0.0433,0.2935,2.2489,0.0487,0.5566
2575,21102592,5275648,2960,13979.5,36.05,,-0.0307,0.349,2.016,0.02934,0.4824
2576,21110784,5277696,2960,13982.6,36.05,,-0.0341,0.267,1.9786,0.03612,0.4939
2577,21118976,5279744,2960,13985.7,36.05,,-0.0325,0.4133,2.0552,0.03283,0.4974
2578,21127168,5281792,2960,13988.8,36.05,,-0.0387,0.2022,2.1483,0.04743,0.5249
2579,21135360,5283840,2960,13991.9,36.05,,-0.0347,0.3406,2.1842,0.04572,0.5215
2580,21143552,5285888,2960,13995.0,36.05,,-0.0406,0.1479,2.1705,0.04468,0.5256
2581,21151744,5287936,2960,13998.1,36.05,,-0.0338,0.3523,2.1104,0.05,0.5154
2582,21159936,5289984,2960,14001.2,36.05,,-0.037,0.4616,2.1149,0.03754,0.4998
2583,21168128,5292032,2960,14004.3,36.05,,-0.0402,0.2861,2.1493,0.05482,0.5442
2584,21176320,5294080,2960,14007.5,36.05,,-0.0376,0.2497,2.1129,0.03509,0.5105
2585,21184512,5296128,2960,14010.6,36.05,,-0.04,0.2539,2.157,0.04604,0.5308
2586,21192704,5298176,2960,14013.7,36.05,,-0.0425,0.2797,2.1269,0.04731,0.5404
2587,21200896,5300224,2960,14016.9,36.05,,-0.0336,0.4672,2.0978,0.04843,0.5436
2588,21209088,5302272,2966,14020.1,35.84,,-0.0367,0.2862,2.1177,0.05313,0.5292
2589,21217280,5304320,2976,14023.4,35.67,,-0.0331,0.3035,1.8634,0.04016,0.5085
2590,21225472,5306368,2976,14026.4,35.67,,-0.0285,0.2553,1.9295,0.02976,0.4774
2591,21233664,5308416,2976,14029.6,35.67,,-0.0356,0.324,1.9936,0.03401,0.4854
2592,21241856,5310464,2976,14032.7,35.67,,-0.0383,0.2302,2.149,0.04312,0.5337
2593,21250048,5312512,2976,14035.8,35.67,,-0.0341,0.2522,2.158,0.04448,0.5184
2594,21258240,5314560,2976,14038.9,35.67,,-0.036,0.276,2.0923,0.04534,0.5189
2595,21266432,5316608,2976,14042.0,35.67,,-0.0383,0.4884,2.0946,0.0449,0.5394
2596,21274624,5318656,2976,14045.1,35.67,,-0.0381,0.3756,2.1074,0.04903,0.5261
2597,21282816,5320704,2976,14048.2,35.67,,-0.0409,0.4076,2.1119,0.05302,0.5271
2598,21291008,5322752,2976,14051.4,35.67,,-0.0397,0.3395,2.1622,0.04397,0.5071
2599,21299200,5324800,2976,14054.5,35.67,,-0.0366,0.2955,2.1053,0.03789,0.5032
2600,21307392,5326848,2976,14270.5,35.67,71.86000061035156,-0.0414,0.3364,2.1035,0.05015,0.5366
2601,21315584,5328896,2976,14273.6,35.67,,-0.0394,0.424,2.1012,0.04367,0.5396
2602,21323776,5330944,2982,14276.8,35.85,,-0.0394,0.3725,2.1467,0.03745,0.5295
2603,21331968,5332992,2992,14280.1,36.68,,-0.0342,0.3181,1.9515,0.02307,0.4298
2604,21340160,5335040,2992,14283.2,36.68,,-0.0285,0.2339,1.987,0.02878,0.4897
2605,21348352,5337088,2992,14286.3,36.68,,-0.0301,0.4607,2.1946,0.03453,0.5052
2606,21356544,5339136,2992,14289.4,36.68,,-0.0391,0.2599,2.1719,0.04769,0.5382
2607,21364736,5341184,2992,14292.5,36.68,,-0.0389,0.1795,2.2491,0.03942,0.5156
2608,21372928,5343232,2992,14295.6,36.68,,-0.0367,0.195,2.2043,0.04317,0.5261
2609,21381120,5345280,2992,14298.7,36.68,,-0.0355,0.3793,2.2246,0.04124,0.5081
2610,21389312,5347328,2992,14301.8,36.68,,-0.0421,0.4182,2.1995,0.05035,0.5376
2611,21397504,5349376,2992,14305.0,36.68,,-0.0377,0.462,2.1729,0.04248,0.517
2612,21405696,5351424,2992,14308.1,36.68,,-0.0408,0.2108,2.2573,0.04928,0.5498
2613,21413888,5353472,2992,14311.2,36.68,,-0.0391,0.2207,2.2346,0.05217,0.5627
2614,21422080,5355520,2992,14314.3,36.68,,-0.0381,0.4243,2.1803,0.0533,0.5558
2615,21430272,5357568,2992,14317.5,36.68,,-0.0416,0.3446,2.1836,0.05095,0.5585
2616,21438464,5359616,2999,14320.7,36.68,,-0.041,0.2975,2.1736,0.04456,0.5172
2617,21446656,5361664,3008,14323.9,35.73,,-0.0323,0.2484,1.8183,0.03882,0.5082
2618,21454848,5363712,3008,14327.0,35.73,,-0.0332,0.2372,1.8922,0.04057,0.5035
2619,21463040,5365760,3008,14330.1,35.73,,-0.0283,0.3103,2.0212,0.03027,0.489
2620,21471232,5367808,3008,14333.2,35.73,,-0.0409,0.3277,2.0829,0.04423,0.5283
2621,21479424,5369856,3008,14336.3,35.73,,-0.0387,0.2094,2.1835,0.05161,0.5305
2622,21487616,5371904,3008,14339.4,35.73,,-0.0328,0.2739,2.141,0.04218,0.5439
2623,21495808,5373952,3008,14342.6,35.73,,-0.0406,0.2438,2.1057,0.04607,0.541
2624,21504000,5376000,3008,14345.7,35.73,,-0.0385,0.4578,2.1074,0.04889,0.5308
2625,21512192,5378048,3008,14348.8,35.73,,-0.0399,0.2457,2.1479,0.04534,0.5344
2626,21520384,5380096,3008,14351.9,35.73,,-0.0363,0.3379,2.1882,0.04861,0.5536
2627,21528576,5382144,3008,14355.1,35.73,,-0.0376,0.2979,2.1832,0.04866,0.5575
2628,21536768,5384192,3008,14358.2,35.73,,-0.0368,0.3179,2.2072,0.04697,0.5703
2629,21544960,5386240,3008,14361.3,35.73,,-0.0376,0.391,2.2202,0.04112,0.5314
2630,21553152,5388288,3018,14364.6,35.29,,-0.04,0.2438,2.1846,0.03667,0.5099
2631,21561344,5390336,3024,14367.8,35.33,,-0.0356,0.2512,1.8103,0.05595,0.5344
2632,21569536,5392384,3024,14370.9,35.33,,-0.0383,0.1864,1.9287,0.04324,0.5272
2633,21577728,5394432,3024,14374.0,35.33,,-0.0367,0.2898,2.0988,0.04583,0.5017
2634,21585920,5396480,3024,14377.1,35.33,,-0.0339,0.3166,2.1102,0.04655,0.5304
2635,21594112,5398528,3024,14380.2,35.33,,-0.035,0.2486,2.1292,0.04904,0.5148
2636,21602304,5400576,3024,14383.3,35.33,,-0.0327,0.3156,2.1354,0.04816,0.5182
2637,21610496,5402624,3024,14386.4,35.33,,-0.0346,0.3733,2.1504,0.04639,0.5225
2638,21618688,5404672,3024,14389.5,35.33,,-0.0391,0.3979,2.1149,0.05052,0.547
2639,21626880,5406720,3024,14392.7,35.33,,-0.04,0.3172,2.079,0.04969,0.5374
2640,21635072,5408768,3024,14395.8,35.33,,-0.0357,0.3432,2.1538,0.04553,0.5244
2641,21643264,5410816,3024,14398.9,35.33,,-0.037,0.3222,2.1638,0.05611,0.5446
2642,21651456,5412864,3024,14402.1,35.33,,-0.0393,0.2721,2.1389,0.05607,0.5519
2643,21659648,5414912,3024,14405.2,35.33,,-0.039,0.3007,2.1401,0.0517,0.5607
2644,21667840,5416960,3036,14408.5,34.12,,-0.0388,0.2086,2.1306,0.03578,0.5365
2645,21676032,5419008,3040,14411.7,33.91,,-0.0345,0.314,1.8748,0.06326,0.5448
2646,21684224,5421056,3040,14414.7,33.91,,-0.0354,0.2878,2.0177,0.05425,0.5298
2647,21692416,5423104,3040,14417.8,33.91,,-0.0383,0.2293,2.0432,0.0458,0.5431
2648,21700608,5425152,3040,14420.9,33.91,,-0.0375,0.1698,2.1559,0.0446,0.5308
2649,21708800,5427200,3040,14424.1,33.91,,-0.035,0.1385,2.1625,0.04109,0.5269
2650,21716992,5429248,3040,14427.2,33.91,,-0.0382,0.1864,2.1795,0.04301,0.527
2651,21725184,5431296,3040,14430.3,33.91,,-0.0409,0.2723,2.1562,0.04841,0.5507
2652,21733376,5433344,3040,14433.4,33.91,,-0.0367,0.5043,2.0823,0.05666,0.5587
2653,21741568,5435392,3040,14436.6,33.91,,-0.0357,0.303,2.1293,0.04997,0.5442
2654,21749760,5437440,3040,14439.7,33.91,,-0.0365,0.2679,2.0896,0.04841,0.5341
2655,21757952,5439488,3040,14442.8,33.91,,-0.0354,0.3111,2.1272,0.05256,0.5687
2656,21766144,5441536,3040,14445.9,33.91,,-0.0389,0.4013,2.0989,0.05369,0.5367
2657,21774336,5443584,3040,14449.1,33.91,,-0.0354,0.3259,2.1597,0.04493,0.5428
2658,21782528,5445632,3054,14452.4,33.16,,-0.037,0.2921,2.149,0.03838,0.516
2659,21790720,5447680,3056,14455.5,32.96,,-0.0397,0.2736,2.0238,0.05092,0.5398
2660,21798912,5449728,3056,14458.6,32.96,,-0.0307,0.3375,2.0376,0.03615,0.5133
2661,21807104,5451776,3056,14461.7,32.96,,-0.0392,0.2185,2.1117,0.05648,0.5566
2662,21815296,5453824,3056,14464.8,32.96,,-0.0408,0.1753,2.1184,0.0625,0.5186
2663,21823488,5455872,3056,14468.0,32.96,,-0.0395,0.1526,2.2101,0.04551,0.5466
2664,21831680,5457920,3056,14471.1,32.96,,-0.0385,0.2203,2.1377,0.05044,0.5443
2665,21839872,5459968,3056,14474.2,32.96,,-0.0399,0.3582,2.0934,0.05132,0.5497
2666,21848064,5462016,3056,14477.3,32.96,,-0.038,0.2843,2.0746,0.05476,0.5258
2667,21856256,5464064,3056,14480.4,32.96,,-0.042,0.3213,2.0672,0.05507,0.5356
2668,21864448,5466112,3056,14483.6,32.96,,-0.0371,0.2185,2.1165,0.04667,0.5363
2669,21872640,5468160,3056,14486.7,32.96,,-0.0413,0.2489,2.1303,0.05582,0.5592
2670,21880832,5470208,3056,14489.8,32.96,,-0.04,0.3858,2.1,0.04399,0.5195
2671,21889024,5472256,3056,14493.0,32.96,,-0.0379,0.3999,2.102,0.0519,0.5344
2672,21897216,5474304,3071,14496.3,33.03,,-0.0384,0.4062,1.9749,0.04394,0.5272
2673,21905408,5476352,3072,14499.4,33.06,,-0.0379,0.2676,1.9595,0.04829,0.531
2674,21913600,5478400,3072,14502.6,33.06,,-0.0356,0.3085,2.0263,0.03572,0.4851
2675,21921792,5480448,3072,14505.7,33.06,,-0.0359,0.2392,2.1529,0.0377,0.5237
2676,21929984,5482496,3072,14508.8,33.06,,-0.0382,0.2039,2.1327,0.05462,0.527
2677,21938176,5484544,3072,14511.9,33.06,,-0.0384,0.1498,2.1281,0.04712,0.5363
2678,21946368,5486592,3072,14515.0,33.06,,-0.0365,0.3171,2.133,0.04478,0.5306
2679,21954560,5488640,3072,14518.1,33.06,,-0.0394,0.3892,2.118,0.05385,0.5408
2680,21962752,5490688,3072,14521.2,33.06,,-0.0391,0.483,2.1755,0.05051,0.5354
2681,21970944,5492736,3072,14524.3,33.06,,-0.0385,0.2768,2.1309,0.05262,0.5466
2682,21979136,5494784,3072,14527.4,33.06,,-0.0408,0.2583,2.1719,0.04542,0.53
2683,21987328,5496832,3072,14530.6,33.06,,-0.0413,0.3595,2.152,0.05604,0.5403
2684,21995520,5498880,3072,14533.7,33.06,,-0.0403,0.2981,2.1646,0.04841,0.5388
2685,22003712,5500928,3072,14536.8,33.06,,-0.0411,0.2675,2.1755,0.05048,0.5472
2686,22011904,5502976,3087,14540.2,32.45,,-0.0392,0.2872,2.1283,0.04481,0.5217
2687,22020096,5505024,3088,14543.3,32.5,,-0.0388,0.2242,2.0044,0.04413,0.5056
2688,22028288,5507072,3088,14546.4,32.5,,-0.0352,0.2562,2.1556,0.03829,0.5024
2689,22036480,5509120,3088,14549.5,32.5,,-0.0373,0.2846,2.1714,0.04135,0.5006
2690,22044672,5511168,3088,14552.6,32.5,,-0.0421,0.1957,2.1746,0.0449,0.53
2691,22052864,5513216,3088,14555.7,32.5,,-0.0396,0.2242,2.1861,0.04499,0.5283
2692,22061056,5515264,3088,14558.9,32.5,,-0.04,0.3024,2.1884,0.04463,0.5417
2693,22069248,5517312,3088,14562.0,32.5,,-0.0351,0.4012,2.0876,0.03331,0.5031
2694,22077440,5519360,3088,14565.1,32.5,,-0.0377,0.4326,2.068,0.0582,0.515
2695,22085632,5521408,3088,14568.2,32.5,,-0.0384,0.289,2.1388,0.04475,0.5154
2696,22093824,5523456,3088,14571.3,32.5,,-0.0376,0.1767,2.1112,0.04117,0.5094
2697,22102016,5525504,3088,14574.5,32.5,,-0.0401,0.264,2.1219,0.05542,0.5371
2698,22110208,5527552,3088,14577.6,32.5,,-0.035,0.3011,2.1733,0.04682,0.5175
2699,22118400,5529600,3088,14580.7,32.5,,-0.0367,0.2738,2.1156,0.04535,0.5386
2700,22126592,5531648,3103,14803.5,32.65,66.94000244140625,-0.0407,0.3024,2.0124,0.044,0.5308
2701,22134784,5533696,3104,14806.6,32.88,,-0.034,0.3267,2.0498,0.04402,0.526
2702,22142976,5535744,3104,14809.7,32.88,,-0.0287,0.5224,2.0052,0.0293,0.488
2703,22151168,5537792,3104,14812.8,32.88,,-0.0342,0.2978,2.0623,0.05327,0.5265
2704,22159360,5539840,3104,14815.9,32.88,,-0.0394,0.1958,2.0813,0.04042,0.5139
2705,22167552,5541888,3104,14819.0,32.88,,-0.0402,0.1899,2.1299,0.0526,0.5269
2706,22175744,5543936,3104,14822.1,32.88,,-0.0384,0.2286,2.0937,0.04418,0.5242
2707,22183936,5545984,3104,14825.2,32.88,,-0.0411,0.2969,2.1189,0.04803,0.5245
2708,22192128,5548032,3104,14828.4,32.88,,-0.0379,0.3335,2.0916,0.0495,0.5356
2709,22200320,5550080,3104,14831.5,32.88,,-0.0366,0.2865,2.0663,0.02732,0.4636
2710,22208512,5552128,3104,14834.6,32.88,,-0.0366,0.239,2.1033,0.03174,0.473
2711,22216704,5554176,3104,14837.7,32.88,,-0.0412,0.311,2.162,0.03486,0.5068
2712,22224896,5556224,3104,14840.8,32.88,,-0.0379,0.3082,2.1673,0.04482,0.5372
2713,22233088,5558272,3105,14844.0,33.05,,-0.0397,0.3068,2.1336,0.04942,0.541
2714,22241280,5560320,3119,14847.3,34.95,,-0.0322,0.427,2.1191,0.02322,0.4528
2715,22249472,5562368,3120,14850.4,35.13,,-0.0347,0.3457,2.1188,0.02874,0.4814
2716,22257664,5564416,3120,14853.5,35.13,,-0.0354,0.4835,2.0508,0.04966,0.5261
2717,22265856,5566464,3120,14856.6,35.13,,-0.0357,0.4794,2.086,0.05364,0.521
2718,22274048,5568512,3120,14859.7,35.13,,-0.0376,0.286,2.2404,0.03644,0.5229
2719,22282240,5570560,3120,14862.9,35.13,,-0.0349,0.3318,2.1684,0.04848,0.5251
2720,22290432,5572608,3120,14866.0,35.13,,-0.0375,0.3601,2.217,0.03608,0.5032
2721,22298624,5574656,3120,14869.1,35.13,,-0.0341,0.5831,2.1945,0.0429,0.5142
2722,22306816,5576704,3120,14872.2,35.13,,-0.0356,0.5405,2.1828,0.0466,0.5267
2723,22315008,5578752,3120,14875.3,35.13,,-0.0396,0.215,2.2789,0.04864,0.5546
2724,22323200,5580800,3120,14878.5,35.13,,-0.0386,0.2568,2.2209,0.04906,0.525
2725,22331392,5582848,3120,14881.6,35.13,,-0.0369,0.2746,2.2242,0.04408,0.5392
2726,22339584,5584896,3120,14884.7,35.13,,-0.0376,0.3341,2.2654,0.04844,0.521
2727,22347776,5586944,3123,14887.9,35.51,,-0.0399,0.3395,2.2181,0.04723,0.5314
2728,22355968,5588992,3135,14891.2,35.22,,-0.0386,0.3739,2.1353,0.05384,0.5243
2729,22364160,5591040,3136,14894.3,34.94,,-0.0388,0.2815,2.1341,0.04435,0.5048
2730,22372352,5593088,3136,14897.4,34.94,,-0.0361,0.3806,2.1706,0.03803,0.4974
2731,22380544,5595136,3136,14900.5,34.94,,-0.0378,0.2644,2.1834,0.04412,0.51
2732,22388736,5597184,3136,14903.6,34.94,,-0.037,0.2535,2.2311,0.03393,0.5005
2733,22396928,5599232,3136,14906.7,34.94,,-0.041,0.1647,2.259,0.04164,0.5229
2734,22405120,5601280,3136,14909.8,34.94,,-0.0389,0.1924,2.212,0.0412,0.5125
2735,22413312,5603328,3136,14912.9,34.94,,-0.0397,0.3669,2.2126,0.04715,0.5229
2736,22421504,5605376,3136,14916.0,34.94,,-0.0397,0.2972,2.2338,0.05146,0.5355
2737,22429696,5607424,3136,14919.2,34.94,,-0.0362,0.3199,2.1403,0.04263,0.5076
2738,22437888,5609472,3136,14922.3,34.94,,-0.0369,0.3479,2.1503,0.04689,0.5154
2739,22446080,5611520,3136,14925.5,34.94,,-0.041,0.546,2.1667,0.04541,0.5236
2740,22454272,5613568,3136,14928.6,34.94,,-0.0377,0.3343,2.2143,0.04916,0.5188
2741,22462464,5615616,3141,14931.8,35.27,,-0.0368,0.3948,2.2287,0.04448,0.5424
2742,22470656,5617664,3152,14935.0,35.34,,-0.0365,0.2847,2.1477,0.03997,0.4985
2743,22478848,5619712,3152,14938.1,35.34,,-0.0399,0.1993,2.176,0.04348,0.5247
2744,22487040,5621760,3152,14941.2,35.34,,-0.0372,0.3412,2.2219,0.04177,0.5146
2745,22495232,5623808,3152,14944.3,35.34,,-0.0386,0.1996,2.2496,0.04282,0.5087
2746,22503424,5625856,3152,14947.4,35.34,,-0.033,0.1674,2.2945,0.03784,0.5007
2747,22511616,5627904,3152,14950.5,35.34,,-0.0379,0.2013,2.2743,0.03535,0.5328
2748,22519808,5629952,3152,14953.7,35.34,,-0.037,0.3836,2.2486,0.03817,0.5234
2749,22528000,5632000,3152,14956.8,35.34,,-0.038,0.3397,2.28,0.04807,0.5242
2750,22536192,5634048,3152,14959.9,35.34,,-0.0396,0.4015,2.1745,0.04354,0.5254
2751,22544384,5636096,3152,14963.0,35.34,,-0.0364,0.3051,2.1782,0.03627,0.5007
2752,22552576,5638144,3152,14966.2,35.34,,-0.0401,0.3382,2.1796,0.04095,0.524
2753,22560768,5640192,3152,14969.3,35.34,,-0.0404,0.321,2.2696,0.03799,0.5319
2754,22568960,5642240,3152,14972.4,35.34,,-0.0396,0.376,2.226,0.04196,0.5039
2755,22577152,5644288,3159,14975.6,35.19,,-0.0401,0.2142,2.2815,0.03442,0.5037
2756,22585344,5646336,3168,14978.9,35.02,,-0.0357,0.379,2.2515,0.02683,0.5116
2757,22593536,5648384,3168,14982.0,35.02,,-0.036,0.3434,2.2098,0.03347,0.4983
2758,22601728,5650432,3168,14985.1,35.02,,-0.0392,0.2578,2.2479,0.03651,0.5171
2759,22609920,5652480,3168,14988.2,35.02,,-0.0379,0.2245,2.2549,0.04219,0.5195
2760,22618112,5654528,3168,14991.3,35.02,,-0.0391,0.2098,2.2909,0.04266,0.5134
2761,22626304,5656576,3168,14994.4,35.02,,-0.0385,0.2519,2.2788,0.0458,0.5352
2762,22634496,5658624,3168,14997.5,35.02,,-0.0382,0.5509,2.1611,0.04531,0.5006
2763,22642688,5660672,3168,15000.6,35.02,,-0.0399,0.5826,2.1855,0.05176,0.5439
2764,22650880,5662720,3168,15003.8,35.02,,-0.0366,0.3559,2.2281,0.04868,0.535
2765,22659072,5664768,3168,15006.9,35.02,,-0.0382,0.3963,2.1683,0.04923,0.5105
2766,22667264,5666816,3168,15010.0,35.02,,-0.036,0.3355,2.1794,0.03887,0.5198
2767,22675456,5668864,3168,15013.1,35.02,,-0.0417,0.4134,2.1597,0.04576,0.5349
2768,22683648,5670912,3168,15016.3,35.02,,-0.0394,0.4219,2.1579,0.04986,0.5138
2769,22691840,5672960,3175,15019.5,34.57,,-0.0388,0.2949,2.2102,0.04287,0.5264
2770,22700032,5675008,3184,15022.8,34.6,,-0.0376,0.4967,2.0894,0.03871,0.5073
2771,22708224,5677056,3184,15025.9,34.6,,-0.0387,0.2824,2.162,0.04769,0.5122
2772,22716416,5679104,3184,15029.0,34.6,,-0.0376,0.2852,2.2078,0.04084,0.5083
2773,22724608,5681152,3184,15032.1,34.6,,-0.0369,0.2667,2.2485,0.05659,0.5264
2774,22732800,5683200,3184,15035.2,34.6,,-0.0403,0.2117,2.2339,0.0447,0.5203
2775,22740992,5685248,3184,15038.3,34.6,,-0.0323,0.2947,2.2705,0.0398,0.5166
2776,22749184,5687296,3184,15041.5,34.6,,-0.0394,0.3384,2.2413,0.04808,0.5397
2777,22757376,5689344,3184,15044.6,34.6,,-0.0405,0.3209,2.343,0.04751,0.5518
2778,22765568,5691392,3184,15047.7,34.6,,-0.0395,0.3886,2.2756,0.04781,0.5596
2779,22773760,5693440,3184,15050.8,34.6,,-0.0313,0.5777,2.1799,0.03517,0.5056
2780,22781952,5695488,3184,15054.0,34.6,,-0.0406,0.3138,2.3276,0.04843,0.5546
2781,22790144,5697536,3184,15057.1,34.6,,-0.0396,0.3364,2.3433,0.05041,0.5389
2782,22798336,5699584,3184,15060.2,34.6,,-0.0392,0.3007,2.3683,0.05181,0.5289
2783,22806528,5701632,3192,15063.5,33.88,,-0.0409,0.3527,2.2413,0.04598,0.5344
2784,22814720,5703680,3200,15066.7,33.49,,-0.0354,0.3678,2.0746,0.04649,0.5137
2785,22822912,5705728,3200,15069.8,33.49,,-0.0355,0.2671,2.2324,0.03063,0.4803
2786,22831104,5707776,3200,15072.9,33.49,,-0.0392,0.3122,2.26,0.04788,0.5295
2787,22839296,5709824,3200,15076.0,33.49,,-0.0392,0.2926,2.2418,0.05727,0.5129
2788,22847488,5711872,3200,15079.1,33.49,,-0.0312,0.2575,2.3772,0.02947,0.5101
2789,22855680,5713920,3200,15082.3,33.49,,-0.0381,0.2189,2.3593,0.03411,0.5143
2790,22863872,5715968,3200,15085.4,33.49,,-0.0385,0.293,2.3724,0.02543,0.4895
2791,22872064,5718016,3200,15088.5,33.49,,-0.0332,0.496,2.2434,0.04455,0.5663
2792,22880256,5720064,3200,15091.7,33.49,,-0.0374,0.3179,2.3246,0.04517,0.5233
2793,22888448,5722112,3200,15094.8,33.49,,-0.0368,0.3782,2.2735,0.03891,0.5083
2794,22896640,5724160,3200,15097.9,33.49,,-0.0378,0.2683,2.36,0.04285,0.5382
2795,22904832,5726208,3200,15101.1,33.49,,-0.0398,0.406,2.3493,0.04618,0.5308
2796,22913024,5728256,3200,15104.2,33.49,,-0.0396,0.5346,2.3313,0.05156,0.5637
2797,22921216,5730304,3209,15107.5,32.47,,-0.0379,0.3329,2.3072,0.05627,0.556
2798,22929408,5732352,3216,15110.7,31.47,,-0.0373,0.2992,2.1714,0.05939,0.5425
2799,22937600,5734400,3216,15113.8,31.47,,-0.0383,0.2789,2.2985,0.05147,0.5284
2800,22945792,5736448,3216,15322.8,31.47,62.81999969482422,-0.0364,0.309,2.3578,0.04812,0.5315
2801,22953984,5738496,3216,15325.9,31.47,,-0.039,0.2143,2.3587,0.04597,0.5416
2802,22962176,5740544,3216,15329.0,31.47,,-0.0388,0.1672,2.4241,0.04142,0.5319
2803,22970368,5742592,3216,15332.1,31.47,,-0.0371,0.3081,2.3397,0.04224,0.5281
2804,22978560,5744640,3216,15335.3,31.47,,-0.0401,0.327,2.2712,0.0459,0.5323
2805,22986752,5746688,3216,15338.4,31.47,,-0.0392,0.3476,2.2904,0.04924,0.5209
2806,22994944,5748736,3216,15341.5,31.47,,-0.0393,0.3408,2.247,0.04548,0.5453
2807,23003136,5750784,3216,15344.7,31.47,,-0.0358,0.3546,2.339,0.0476,0.5518
2808,23011328,5752832,3216,15347.8,31.47,,-0.0418,0.3544,2.2449,0.04889,0.5616
2809,23019520,5754880,3216,15351.0,31.47,,-0.0372,0.5326,2.2425,0.04856,0.5471
2810,23027712,5756928,3216,15354.1,31.47,,-0.0381,0.5281,2.2389,0.05245,0.5497
2811,23035904,5758976,3229,15357.4,31.34,,-0.036,0.3517,2.221,0.0407,0.5411
2812,23044096,5761024,3232,15360.6,31.38,,-0.0369,0.2075,2.158,0.03433,0.5354
2813,23052288,5763072,3232,15363.7,31.38,,-0.0361,0.2813,2.2571,0.03182,0.5116
2814,23060480,5765120,3232,15366.8,31.38,,-0.0343,0.2331,2.3146,0.03663,0.5193
2815,23068672,5767168,3232,15369.9,31.38,,-0.0365,0.2509,2.3564,0.03758,0.514
2816,23076864,5769216,3232,15373.0,31.38,,-0.0376,0.1849,2.3772,0.04145,0.5314
2817,23085056,5771264,3232,15376.1,31.38,,-0.039,0.3249,2.3318,0.04629,0.5164
2818,23093248,5773312,3232,15379.3,31.38,,-0.0358,0.4066,2.3675,0.04126,0.5409
2819,23101440,5775360,3232,15382.4,31.38,,-0.044,0.3234,2.3305,0.04612,0.5515
2820,23109632,5777408,3232,15385.5,31.38,,-0.0421,0.2707,2.3187,0.04643,0.554
2821,23117824,5779456,3232,15388.6,31.38,,-0.04,0.3277,2.2258,0.04374,0.5426
2822,23126016,5781504,3232,15391.8,31.38,,-0.0402,0.3398,2.267,0.04335,0.5396
2823,23134208,5783552,3232,15394.9,31.38,,-0.0373,0.2956,2.2632,0.04825,0.5493
2824,23142400,5785600,3232,15398.0,31.38,,-0.0401,0.3005,2.3263,0.04771,0.579
2825,23150592,5787648,3245,15401.4,29.88,,-0.0374,0.2411,2.2723,0.03672,0.5297
2826,23158784,5789696,3248,15404.5,30.14,,-0.0341,0.2927,2.1189,0.03891,0.5265
2827,23166976,5791744,3248,15407.6,30.14,,-0.0362,0.2658,2.1947,0.03985,0.5481
2828,23175168,5793792,3248,15410.8,30.14,,-0.0393,0.2326,2.258,0.04127,0.536
2829,23183360,5795840,3248,15413.9,30.14,,-0.0405,0.1633,2.3399,0.04292,0.5267
2830,23191552,5797888,3248,15417.0,30.14,,-0.0327,0.2389,2.3936,0.03549,0.5215
2831,23199744,5799936,3248,15420.1,30.14,,-0.0401,0.1756,2.346,0.04116,0.5321
2832,23207936,5801984,3248,15423.2,30.14,,-0.0384,0.3335,2.321,0.04307,0.5458
2833,23216128,5804032,3248,15426.4,30.14,,-0.0417,0.4165,2.2858,0.04645,0.5474
2834,23224320,5806080,3248,15429.5,30.14,,-0.0365,0.2774,2.2834,0.04624,0.5399
2835,23232512,5808128,3248,15432.6,30.14,,-0.0422,0.3172,2.338,0.04418,0.5526
2836,23240704,5810176,3248,15435.8,30.14,,-0.0374,0.2148,2.3432,0.03708,0.5369
2837,23248896,5812224,3248,15438.9,30.14,,-0.0387,0.2537,2.2715,0.04082,0.5637
2838,23257088,5814272,3248,15442.0,30.14,,-0.0413,0.1975,2.2875,0.0493,0.5612
2839,23265280,5816320,3263,15445.4,28.4,,-0.0393,0.1755,2.2396,0.04077,0.5408
2840,23273472,5818368,3264,15448.5,28.52,,-0.0366,0.1769,2.0809,0.0393,0.5515
2841,23281664,5820416,3264,15451.6,28.52,,-0.0345,0.2236,2.08,0.03937,0.5526
2842,23289856,5822464,3264,15454.7,28.52,,-0.0372,0.2411,2.2477,0.03687,0.5149
2843,23298048,5824512,3264,15457.9,28.52,,-0.0405,0.1445,2.2968,0.04009,0.5399
2844,23306240,5826560,3264,15461.0,28.52,,-0.0375,0.1443,2.2997,0.03823,0.5421
2845,23314432,5828608,3264,15464.1,28.52,,-0.0363,0.2236,2.2818,0.04314,0.5438
2846,23322624,5830656,3264,15467.2,28.52,,-0.0388,0.3282,2.231,0.04003,0.5304
2847,23330816,5832704,3264,15470.4,28.52,,-0.0363,0.4349,2.232,0.04389,0.521
2848,23339008,5834752,3264,15473.5,28.52,,-0.0358,0.3312,2.21,0.03641,0.5153
2849,23347200,5836800,3264,15476.6,28.52,,-0.0406,0.3084,2.1601,0.04282,0.5332
2850,23355392,5838848,3264,15479.8,28.52,,-0.036,0.3994,2.1834,0.03917,0.5082
2851,23363584,5840896,3264,15482.9,28.52,,-0.0396,0.3381,2.2416,0.04195,0.5338
2852,23371776,5842944,3264,15486.0,28.52,,-0.0377,0.3341,2.1806,0.04704,0.5331
2853,23379968,5844992,3279,15489.4,28.31,,-0.04,0.2657,2.1734,0.04429,0.5422
2854,23388160,5847040,3280,15492.5,28.35,,-0.0351,0.2971,2.1082,0.04603,0.533
2855,23396352,5849088,3280,15495.6,28.35,,-0.0368,0.2978,2.1705,0.02942,0.4834
2856,23404544,5851136,3280,15498.7,28.35,,-0.0372,0.3325,2.2326,0.03835,0.5098
2857,23412736,5853184,3280,15501.9,28.35,,-0.0384,0.2465,2.3124,0.04826,0.5529
2858,23420928,5855232,3280,15505.0,28.35,,-0.039,0.2425,2.2532,0.04193,0.5458
2859,23429120,5857280,3280,15508.1,28.35,,-0.0365,0.3528,2.2336,0.04458,0.5342
2860,23437312,5859328,3280,15511.2,28.35,,-0.0434,0.3806,2.1902,0.0496,0.5276
2861,23445504,5861376,3280,15514.4,28.35,,-0.04,0.346,2.1843,0.05888,0.5431
2862,23453696,5863424,3280,15517.5,28.35,,-0.0412,0.2147,2.2029,0.04594,0.5291
2863,23461888,5865472,3280,15520.6,28.35,,-0.042,0.1888,2.2551,0.04871,0.5448
2864,23470080,5867520,3280,15523.8,28.35,,-0.0399,0.2854,2.2573,0.0447,0.567
2865,23478272,5869568,3280,15526.9,28.35,,-0.0408,0.2233,2.2311,0.04457,0.5555
2866,23486464,5871616,3280,15530.1,28.35,,-0.0414,0.3564,2.2164,0.0433,0.5216
2867,23494656,5873664,3295,15533.4,27.43,,-0.0399,0.2577,2.1517,0.03642,0.5258
2868,23502848,5875712,3296,15536.5,27.17,,-0.0386,0.1964,2.14,0.037,0.517
2869,23511040,5877760,3296,15539.6,27.17,,-0.0305,0.3236,2.1907,0.02435,0.4686
2870,23519232,5879808,3296,15542.7,27.17,,-0.0392,0.28,2.1837,0.04832,0.5422
2871,23527424,5881856,3296,15545.9,27.17,,-0.0393,0.196,2.303,0.03813,0.5165
2872,23535616,5883904,3296,15549.0,27.17,,-0.0405,0.1974,2.2855,0.0426,0.5175
2873,23543808,5885952,3296,15552.1,27.17,,-0.0354,0.248,2.2804,0.04106,0.5378
2874,23552000,5888000,3296,15555.2,27.17,,-0.038,0.4879,2.2296,0.03873,0.5061
2875,23560192,5890048,3296,15558.4,27.17,,-0.042,0.3563,2.2141,0.04285,0.5514
2876,23568384,5892096,3296,15561.5,27.17,,-0.0411,0.2118,2.2466,0.04837,0.5406
2877,23576576,5894144,3296,15564.6,27.17,,-0.0381,0.3143,2.198,0.03959,0.5109
2878,23584768,5896192,3296,15567.8,27.17,,-0.043,0.234,2.2118,0.04781,0.5442
2879,23592960,5898240,3296,15570.9,27.17,,-0.036,0.2927,2.2093,0.04344,0.5327
2880,23601152,5900288,3296,15574.0,27.17,,-0.0412,0.2662,2.2375,0.04957,0.5538
2881,23609344,5902336,3311,15577.4,27.05,,-0.0364,0.2262,2.2098,0.03474,0.5356
2882,23617536,5904384,3312,15580.5,27.37,,-0.0369,0.2444,2.149,0.03851,0.517
2883,23625728,5906432,3312,15583.6,27.37,,-0.038,0.2252,2.1748,0.05375,0.5602
2884,23633920,5908480,3312,15586.7,27.37,,-0.0409,0.2521,2.2915,0.04149,0.5267
2885,23642112,5910528,3312,15589.9,27.37,,-0.0379,0.2056,2.3273,0.05496,0.546
2886,23650304,5912576,3312,15593.0,27.37,,-0.0383,0.3259,2.308,0.04795,0.5201
2887,23658496,5914624,3312,15596.1,27.37,,-0.0375,0.2913,2.3221,0.03698,0.5333
2888,23666688,5916672,3312,15599.2,27.37,,-0.0404,0.3768,2.3074,0.0518,0.5503
2889,23674880,5918720,3312,15602.4,27.37,,-0.041,0.311,2.2639,0.04976,0.5425
2890,23683072,5920768,3312,15605.5,27.37,,-0.0396,0.2455,2.2487,0.0501,0.5389
2891,23691264,5922816,3312,15608.6,27.37,,-0.0411,0.3012,2.2642,0.0511,0.5522
2892,23699456,5924864,3312,15611.7,27.37,,-0.042,0.2974,2.3299,0.04682,0.5385
2893,23707648,5926912,3312,15614.9,27.37,,-0.0391,0.2723,2.3196,0.04549,0.5629
2894,23715840,5928960,3314,15618.0,27.38,,-0.0381,0.2328,2.2935,0.04297,0.5135
2895,23724032,5931008,3327,15621.4,26.53,,-0.0363,0.34,2.1701,0.04403,0.5266
2896,23732224,5933056,3328,15624.5,26.29,,-0.0381,0.2943,2.1519,0.04395,0.5249
2897,23740416,5935104,3328,15627.6,26.29,,-0.0415,0.2747,2.2506,0.04834,0.5371
2898,23748608,5937152,3328,15630.7,26.29,,-0.037,0.2298,2.2868,0.04338,0.5325
2899,23756800,5939200,3328,15633.8,26.29,,-0.0389,0.1474,2.3406,0.0491,0.5347
2900,23764992,5941248,3328,15853.8,26.29,66.5199966430664,-0.0391,0.1763,2.3169,0.04855,0.5449
2901,23773184,5943296,3328,15856.9,26.29,,-0.0366,0.3746,2.2536,0.04719,0.5344
2902,23781376,5945344,3328,15860.0,26.29,,-0.0392,0.4587,2.1808,0.05089,0.5358
2903,23789568,5947392,3328,15863.2,26.29,,-0.0419,0.3954,2.2191,0.04548,0.535
2904,23797760,5949440,3328,15866.3,26.29,,-0.0367,0.3244,2.1447,0.03913,0.527
2905,23805952,5951488,3328,15869.4,26.29,,-0.0396,0.3633,2.2091,0.06328,0.5144
2906,23814144,5953536,3328,15872.6,26.29,,-0.0418,0.3422,2.2453,0.04358,0.5454
2907,23822336,5955584,3328,15875.7,26.29,,-0.0373,0.3726,2.2309,0.05105,0.5378
2908,23830528,5957632,3331,15878.9,26.35,,-0.0383,0.2624,2.26,0.03977,0.5264
2909,23838720,5959680,3344,15882.2,27.8,,-0.035,0.2826,2.1503,0.0266,0.4753
2910,23846912,5961728,3344,15885.3,27.8,,-0.0397,0.2093,2.1537,0.04741,0.5438
2911,23855104,5963776,3344,15888.5,27.8,,-0.0379,0.3043,2.2575,0.04389,0.5159
2912,23863296,5965824,3344,15891.6,27.8,,-0.0361,0.3904,2.2604,0.05304,0.5347
2913,23871488,5967872,3344,15894.7,27.8,,-0.0361,0.2946,2.2966,0.04235,0.5194
2914,23879680,5969920,3344,15897.8,27.8,,-0.0354,0.398,2.2722,0.04062,0.5339
2915,23887872,5971968,3344,15900.9,27.8,,-0.0361,0.3782,2.2737,0.04806,0.5244
2916,23896064,5974016,3344,15904.1,27.8,,-0.0389,0.5097,2.2246,0.05303,0.5333
2917,23904256,5976064,3344,15907.2,27.8,,-0.0369,0.5094,2.2641,0.0563,0.5265
2918,23912448,5978112,3344,15910.3,27.8,,-0.037,0.4437,2.2876,0.05585,0.5162
2919,23920640,5980160,3344,15913.5,27.8,,-0.0378,0.4831,2.2108,0.06358,0.5201
2920,23928832,5982208,3344,15916.6,27.8,,-0.0416,0.4358,2.2744,0.06057,0.5746
2921,23937024,5984256,3344,15919.7,27.8,,-0.041,0.5665,2.2753,0.04413,0.5327
2922,23945216,5986304,3349,15923.0,27.78,,-0.0389,0.3731,2.2728,0.04812,0.5802
2923,23953408,5988352,3360,15926.3,28.55,,-0.0337,0.3535,2.1527,0.03036,0.4987
2924,23961600,5990400,3360,15929.4,28.55,,-0.0398,0.3233,2.1455,0.04488,0.5319
2925,23969792,5992448,3360,15932.5,28.55,,-0.0394,0.3746,2.2147,0.04374,0.5271
2926,23977984,5994496,3360,15935.6,28.55,,-0.0408,0.271,2.2227,0.05757,0.5422
2927,23986176,5996544,3360,15938.7,28.55,,-0.0383,0.1625,2.2595,0.04779,0.5532
2928,23994368,5998592,3360,15941.8,28.55,,-0.035,0.195,2.2743,0.03895,0.5214
2929,24002560,6000640,3360,15945.0,28.55,,-0.0389,0.2693,2.2907,0.04471,0.5646
2930,24010752,6002688,3360,15948.1,28.55,,-0.0437,0.3529,2.2569,0.0452,0.5516
2931,24018944,6004736,3360,15951.2,28.55,,-0.0392,0.3111,2.2903,0.0519,0.5428
2932,24027136,6006784,3360,15954.4,28.55,,-0.0384,0.492,2.2216,0.04079,0.5195
2933,24035328,6008832,3360,15957.5,28.55,,-0.0401,0.2824,2.243,0.04668,0.5342
2934,24043520,6010880,3360,15960.6,28.55,,-0.0408,0.3899,2.25,0.04582,0.5277
2935,24051712,6012928,3360,15963.8,28.55,,-0.0423,0.3588,2.2073,0.05117,0.5565
2936,24059904,6014976,3367,15967.0,29.47,,-0.0402,0.255,2.2595,0.03371,0.5148
2937,24068096,6017024,3376,15970.3,29.31,,-0.0412,0.2471,2.2113,0.03436,0.5199
2938,24076288,6019072,3376,15973.4,29.31,,-0.0416,0.268,2.2157,0.04913,0.5582
2939,24084480,6021120,3376,15976.5,29.31,,-0.0385,0.3032,2.254,0.04165,0.5048
2940,24092672,6023168,3376,15979.6,29.31,,-0.0373,0.3481,2.2287,0.04507,0.5361
2941,24100864,6025216,3376,15982.7,29.31,,-0.0374,0.2262,2.2898,0.04174,0.5287
2942,24109056,6027264,3376,15985.8,29.31,,-0.0377,0.2228,2.3189,0.03701,0.5098
2943,24117248,6029312,3376,15989.0,29.31,,-0.0396,0.2928,2.307,0.04326,0.5256
2944,24125440,6031360,3376,15992.1,29.31,,-0.0371,0.3738,2.2259,0.05241,0.5325
2945,24133632,6033408,3376,15995.2,29.31,,-0.0395,0.435,2.2499,0.04623,0.5336
2946,24141824,6035456,3376,15998.4,29.31,,-0.0365,0.4831,2.194,0.04455,0.5254
2947,24150016,6037504,3376,16001.5,29.31,,-0.0386,0.2938,2.2949,0.04434,0.5435
2948,24158208,6039552,3376,16004.6,29.31,,-0.0383,0.351,2.3422,0.03862,0.5322
2949,24166400,6041600,3376,16007.8,29.31,,-0.0418,0.3766,2.291,0.04469,0.5323
2950,24174592,6043648,3383,16011.0,29.62,,-0.0371,0.3479,2.2343,0.04234,0.5322
2951,24182784,6045696,3392,16014.3,30.26,,-0.0409,0.2356,2.085,0.05439,0.5597
2952,24190976,6047744,3392,16017.4,30.26,,-0.0327,0.3495,2.219,0.03134,0.5309
2953,24199168,6049792,3392,16020.5,30.26,,-0.0395,0.2716,2.2445,0.04401,0.5302
2954,24207360,6051840,3392,16023.6,30.26,,-0.0341,0.276,2.23,0.04806,0.5192
2955,24215552,6053888,3392,16026.7,30.26,,-0.0365,0.2347,2.3061,0.04523,0.5231
2956,24223744,6055936,3392,16029.8,30.26,,-0.0369,0.2641,2.2777,0.04661,0.5497
2957,24231936,6057984,3392,16032.9,30.26,,-0.0394,0.2743,2.233,0.04874,0.5334
2958,24240128,6060032,3392,16036.1,30.26,,-0.0396,0.3809,2.254,0.0465,0.5253
2959,24248320,6062080,3392,16039.2,30.26,,-0.0392,0.3045,2.2465,0.05136,0.5505
2960,24256512,6064128,3392,16042.3,30.26,,-0.041,0.3422,2.2594,0.04707,0.5538
2961,24264704,6066176,3392,16045.4,30.26,,-0.0402,0.4154,2.2738,0.04736,0.5382
2962,24272896,6068224,3392,16048.6,30.26,,-0.0388,0.4635,2.2034,0.05033,0.556
2963,24281088,6070272,3392,16051.7,30.26,,-0.0414,0.5175,2.1978,0.05082,0.5507
2964,24289280,6072320,3402,16055.0,30.51,,-0.04,0.4142,2.1978,0.04271,0.5392
2965,24297472,6074368,3408,16058.2,30.86,,-0.0381,0.353,2.1141,0.03654,0.512
2966,24305664,6076416,3408,16061.3,30.86,,-0.0413,0.2576,2.173,0.04431,0.5297
2967,24313856,6078464,3408,16064.4,30.86,,-0.0395,0.3465,2.2453,0.04136,0.5179
2968,24322048,6080512,3408,16067.6,30.86,,-0.0409,0.2784,2.2436,0.04506,0.546
2969,24330240,6082560,3408,16070.7,30.86,,-0.0396,0.2885,2.2629,0.04585,0.5326
2970,24338432,6084608,3408,16073.8,30.86,,-0.0351,0.3253,2.2487,0.04213,0.515
2971,24346624,6086656,3408,16076.9,30.86,,-0.0395,0.4455,2.2352,0.04942,0.5383
2972,24354816,6088704,3408,16080.0,30.86,,-0.0418,0.4398,2.1808,0.05159,0.5492
2973,24363008,6090752,3408,16083.2,30.86,,-0.0417,0.3928,2.2259,0.05461,0.5529
2974,24371200,6092800,3408,16086.3,30.86,,-0.0401,0.2794,2.2091,0.05302,0.5708
2975,24379392,6094848,3408,16089.4,30.86,,-0.0414,0.3148,2.2079,0.05309,0.5504
2976,24387584,6096896,3408,16092.6,30.86,,-0.0376,0.4017,2.1664,0.05503,0.564
2977,24395776,6098944,3408,16095.7,30.86,,-0.0405,0.3938,2.1752,0.04823,0.5343
2978,24403968,6100992,3421,16099.1,31.78,,-0.04,0.3426,2.1363,0.03997,0.5294
2979,24412160,6103040,3424,16102.2,32.36,,-0.0386,0.2687,2.0694,0.03112,0.5052
2980,24420352,6105088,3424,16105.3,32.36,,-0.0355,0.2611,2.1565,0.02781,0.4762
2981,24428544,6107136,3424,16108.4,32.36,,-0.0385,0.2995,2.2412,0.03334,0.4993
2982,24436736,6109184,3424,16111.5,32.36,,-0.0395,0.1969,2.2789,0.04581,0.5448
2983,24444928,6111232,3424,16114.7,32.36,,-0.0412,0.144,2.3137,0.04051,0.5409
2984,24453120,6113280,3424,16117.8,32.36,,-0.0414,0.1671,2.3161,0.04542,0.5441
2985,24461312,6115328,3424,16120.9,32.36,,-0.0421,0.261,2.2816,0.04659,0.5457
2986,24469504,6117376,3424,16124.0,32.36,,-0.0427,0.2488,2.2604,0.04401,0.5415
2987,24477696,6119424,3424,16127.2,32.36,,-0.041,0.2633,2.2313,0.04613,0.5304
2988,24485888,6121472,3424,16130.3,32.36,,-0.0398,0.2144,2.2454,0.04579,0.5422
2989,24494080,6123520,3424,16133.5,32.36,,-0.04,0.2913,2.2305,0.05246,0.557
2990,24502272,6125568,3424,16136.6,32.36,,-0.0427,0.2449,2.21,0.05517,0.5688
2991,24510464,6127616,3424,16139.7,32.36,,-0.0342,0.4023,2.216,0.04171,0.5437
2992,24518656,6129664,3437,16143.1,31.62,,-0.0417,0.2535,2.178,0.04718,0.5497
2993,24526848,6131712,3440,16146.2,31.09,,-0.0372,0.2544,2.0095,0.04769,0.5306
2994,24535040,6133760,3440,16149.3,31.09,,-0.0413,0.2335,2.124,0.04171,0.5161
2995,24543232,6135808,3440,16152.4,31.09,,-0.036,0.3061,2.203,0.0389,0.5175
2996,24551424,6137856,3440,16155.5,31.09,,-0.0364,0.1991,2.2634,0.04173,0.5094
2997,24559616,6139904,3440,16158.7,31.09,,-0.0359,0.1462,2.3416,0.04405,0.5305
2998,24567808,6141952,3440,16161.8,31.09,,-0.0346,0.3512,2.2406,0.04554,0.5382
2999,24576000,6144000,3440,16164.9,31.09,,-0.0399,0.4314,2.1683,0.04709,0.5498
3000,24584192,6146048,3440,16386.1,31.09,59.38999938964844,-0.0363,0.4483,2.1246,0.05003,0.5292
3001,24592384,6148096,3440,16389.3,31.09,,-0.04,0.3152,2.19,0.05223,0.5475
3002,24600576,6150144,3440,16392.4,31.09,,-0.037,0.3988,2.1395,0.05012,0.5349
3003,24608768,6152192,3440,16395.5,31.09,,-0.0332,0.3729,2.1775,0.04551,0.5519
3004,24616960,6154240,3440,16398.7,31.09,,-0.0369,0.3124,2.1987,0.0506,0.5531
3005,24625152,6156288,3440,16401.8,31.09,,-0.035,0.4496,2.1873,0.04702,0.5443
3006,24633344,6158336,3454,16405.2,31.35,,-0.0401,0.3184,2.1203,0.04676,0.5476
3007,24641536,6160384,3456,16408.3,31.06,,-0.0369,0.2954,1.9916,0.04473,0.5538
3008,24649728,6162432,3456,16411.4,31.06,,-0.0321,0.305,2.1517,0.03119,0.5278
3009,24657920,6164480,3456,16414.5,31.06,,-0.0377,0.2727,2.1804,0.04246,0.5161
3010,24666112,6166528,3456,16417.6,31.06,,-0.0398,0.3261,2.2389,0.06911,0.542
3011,24674304,6168576,3456,16420.8,31.06,,-0.0395,0.237,2.3026,0.05058,0.5527
3012,24682496,6170624,3456,16423.9,31.06,,-0.0388,0.3465,2.1973,0.05301,0.5375
3013,24690688,6172672,3456,16427.0,31.06,,-0.0367,0.3734,2.225,0.05775,0.5358
3014,24698880,6174720,3456,16430.1,31.06,,-0.0403,0.5944,2.1066,0.05885,0.5532
3015,24707072,6176768,3456,16433.3,31.06,,-0.0372,0.4345,2.1335,0.04598,0.5341
3016,24715264,6178816,3456,16436.4,31.06,,-0.0404,0.3054,2.1915,0.04303,0.5278
3017,24723456,6180864,3456,16439.5,31.06,,-0.0394,0.4618,2.1758,0.04859,0.5348
3018,24731648,6182912,3456,16442.7,31.06,,-0.0396,0.4328,2.1841,0.06515,0.5591
3019,24739840,6184960,3456,16445.8,31.06,,-0.0402,0.4987,2.1486,0.0584,0.556
3020,24748032,6187008,3471,16449.2,30.45,,-0.0384,0.3896,2.1592,0.04971,0.5382
3021,24756224,6189056,3472,16452.3,30.42,,-0.0334,0.3854,2.0651,0.0392,0.505
3022,24764416,6191104,3472,16455.4,30.42,,-0.0387,0.4619,2.1467,0.04646,0.5295
3023,24772608,6193152,3472,16458.5,30.42,,-0.0367,0.2378,2.2178,0.05287,0.5503
3024,24780800,6195200,3472,16461.6,30.42,,-0.0371,0.2349,2.2852,0.04979,0.5505
3025,24788992,6197248,3472,16464.8,30.42,,-0.0386,0.1876,2.3044,0.04346,0.5529
3026,24797184,6199296,3472,16467.9,30.42,,-0.0313,0.2873,2.2961,0.04396,0.5437
3027,24805376,6201344,3472,16471.0,30.42,,-0.0403,0.4052,2.2632,0.04665,0.5372
3028,24813568,6203392,3472,16474.1,30.42,,-0.0413,0.3328,2.2106,0.0578,0.5533
3029,24821760,6205440,3472,16477.3,30.42,,-0.0401,0.2877,2.2491,0.04404,0.5676
3030,24829952,6207488,3472,16480.4,30.42,,-0.037,0.2526,2.2512,0.05014,0.5405
3031,24838144,6209536,3472,16483.6,30.42,,-0.0408,0.4544,2.1467,0.04481,0.5344
3032,24846336,6211584,3472,16486.7,30.42,,-0.0397,0.3732,2.2229,0.05257,0.5369
3033,24854528,6213632,3472,16489.8,30.42,,-0.0363,0.4298,2.1864,0.05153,0.5363
3034,24862720,6215680,3487,16493.2,30.13,,-0.0322,0.3116,2.2285,0.02672,0.5118
3035,24870912,6217728,3488,16496.3,30.47,,-0.0345,0.2751,2.1449,0.04744,0.553
3036,24879104,6219776,3488,16499.4,30.47,,-0.0352,0.2751,2.1774,0.04642,0.5344
3037,24887296,6221824,3488,16502.5,30.47,,-0.0409,0.2936,2.1921,0.05432,0.5536
3038,24895488,6223872,3488,16505.7,30.47,,-0.0406,0.1779,2.338,0.04167,0.5614
3039,24903680,6225920,3488,16508.8,30.47,,-0.0431,0.1351,2.372,0.04295,0.5616
3040,24911872,6227968,3488,16511.9,30.47,,-0.0362,0.2245,2.3182,0.04575,0.5635
3041,24920064,6230016,3488,16515.0,30.47,,-0.0394,0.3362,2.2914,0.05189,0.5707
3042,24928256,6232064,3488,16518.1,30.47,,-0.0439,0.4267,2.2313,0.05812,0.5496
3043,24936448,6234112,3488,16521.3,30.47,,-0.0378,0.2877,2.2353,0.05177,0.5459
3044,24944640,6236160,3488,16524.4,30.47,,-0.0362,0.4008,2.2257,0.0504,0.5131
3045,24952832,6238208,3488,16527.6,30.47,,-0.0429,0.292,2.2872,0.04925,0.557
3046,24961024,6240256,3488,16530.7,30.47,,-0.0408,0.3398,2.2456,0.05628,0.5719
3047,24969216,6242304,3488,16533.8,30.47,,-0.0396,0.4375,2.2511,0.06233,0.5527
3048,24977408,6244352,3503,16537.2,30.08,,-0.0367,0.4367,2.1375,0.05213,0.5397
3049,24985600,6246400,3504,16540.3,30.03,,-0.0398,0.4387,2.0653,0.05219,0.5266
3050,24993792,6248448,3504,16543.5,30.03,,-0.0246,0.3971,2.2349,0.03337,0.5138
3051,25001984,6250496,3504,16546.6,30.03,,-0.0408,0.2474,2.3207,0.04634,0.5474
3052,25010176,6252544,3504,16549.7,30.03,,-0.0335,0.2654,2.3519,0.05295,0.5248
3053,25018368,6254592,3504,16552.8,30.03,,-0.0385,0.1864,2.3595,0.05187,0.5076
3054,25026560,6256640,3504,16556.0,30.03,,-0.0388,0.3002,2.3159,0.05331,0.5211
3055,25034752,6258688,3504,16559.1,30.03,,-0.0404,0.4111,2.2688,0.05216,0.5482
3056,25042944,6260736,3504,16562.2,30.03,,-0.039,0.4889,2.2465,0.04828,0.5149
3057,25051136,6262784,3504,16565.4,30.03,,-0.0374,0.4949,2.2683,0.05727,0.5341
3058,25059328,6264832,3505,16568.5,30.14,,-0.0377,0.4531,2.3353,0.04702,0.5306
3059,25067520,6266880,3505,16571.7,30.14,,-0.041,0.3585,2.3408,0.05206,0.5295
3060,25075712,6268928,3505,16574.8,30.14,,-0.0391,0.3713,2.3431,0.04867,0.5361
3061,25083904,6270976,3506,16577.9,30.03,,-0.0372,0.4077,2.3961,0.04554,0.5253
3062,25092096,6273024,3520,16581.3,28.78,,-0.0361,0.4045,2.2793,0.04223,0.519
3063,25100288,6275072,3520,16584.4,28.78,,-0.0354,0.3709,2.2116,0.05062,0.5233
3064,25108480,6277120,3520,16587.5,28.78,,-0.0384,0.2684,2.3742,0.04245,0.5201
3065,25116672,6279168,3520,16590.6,28.78,,-0.034,0.2755,2.4003,0.04668,0.5156
3066,25124864,6281216,3520,16593.7,28.78,,-0.0306,0.2537,2.42,0.04084,0.5026
3067,25133056,6283264,3520,16596.9,28.78,,-0.0381,0.1457,2.4692,0.04228,0.5229
3068,25141248,6285312,3520,16600.0,28.78,,-0.0376,0.2235,2.427,0.03529,0.5125
3069,25149440,6287360,3520,16603.1,28.78,,-0.0378,0.4479,2.3365,0.04521,0.5195
3070,25157632,6289408,3520,16606.2,28.78,,-0.0384,0.3721,2.3518,0.04977,0.5291
3071,25165824,6291456,3520,16609.4,28.78,,-0.0325,0.5799,2.2985,0.04211,0.5171
3072,25174016,6293504,3521,16612.5,28.93,,-0.0371,0.6111,2.3058,0.04321,0.5073
3073,25182208,6295552,3521,16615.7,28.93,,-0.0397,0.3283,2.3892,0.04363,0.5262
3074,25190400,6297600,3521,16618.8,28.93,,-0.0397,0.3511,2.4027,0.06326,0.5187
3075,25198592,6299648,3523,16622.0,28.9,,-0.0362,0.3048,2.4527,0.03664,0.5449
3076,25206784,6301696,3536,16625.3,28.17,,-0.039,0.5462,2.1811,0.04673,0.5194
3077,25214976,6303744,3536,16628.4,28.17,,-0.0365,0.392,2.208,0.03638,0.4819
3078,25223168,6305792,3536,16631.5,28.17,,-0.0397,0.3456,2.2894,0.05081,0.5286
3079,25231360,6307840,3536,16634.6,28.17,,-0.0369,0.4012,2.3461,0.04383,0.5311
3080,25239552,6309888,3536,16637.8,28.17,,-0.0387,0.2863,2.3423,0.05227,0.5181
3081,25247744,6311936,3536,16640.9,28.17,,-0.0364,0.3473,2.421,0.04248,0.5012
3082,25255936,6313984,3536,16644.0,28.17,,-0.0359,0.3508,2.4244,0.03637,0.5011
3083,25264128,6316032,3536,16647.1,28.17,,-0.0367,0.5332,2.3256,0.04837,0.5234
3084,25272320,6318080,3536,16650.3,28.17,,-0.0366,0.5975,2.3446,0.04675,0.5131
3085,25280512,6320128,3537,16653.4,28.47,,-0.036,0.3446,2.3504,0.04316,0.5184
3086,25288704,6322176,3537,16656.6,28.47,,-0.041,0.3588,2.3577,0.04133,0.5321
3087,25296896,6324224,3537,16659.7,28.47,,-0.0409,0.2888,2.3765,0.04514,0.5151
3088,25305088,6326272,3537,16662.8,28.47,,-0.0367,0.3239,2.3773,0.04227,0.5073
3089,25313280,6328320,3540,16666.0,28.39,,-0.0399,0.221,2.4501,0.03674,0.5302
3090,25321472,6330368,3552,16669.3,27.78,,-0.0386,0.3199,2.3275,0.03885,0.5198
3091,25329664,6332416,3552,16672.4,27.78,,-0.0399,0.2257,2.3914,0.03685,0.5353
3092,25337856,6334464,3552,16675.5,27.78,,-0.0377,0.2622,2.4178,0.03446,0.5022
3093,25346048,6336512,3552,16678.6,27.78,,-0.0351,0.3171,2.3886,0.057,0.5015
3094,25354240,6338560,3552,16681.8,27.78,,-0.0356,0.2809,2.4884,0.04716,0.5056
3095,25362432,6340608,3552,16684.9,27.78,,-0.0317,0.4107,2.4322,0.03811,0.5201
3096,25370624,6342656,3552,16688.0,27.78,,-0.0381,0.2692,2.4926,0.04151,0.5193
3097,25378816,6344704,3552,16691.1,27.78,,-0.0429,0.3282,2.4978,0.0442,0.5432
3098,25387008,6346752,3552,16694.3,27.78,,-0.0393,0.4109,2.4935,0.04206,0.5378
3099,25395200,6348800,3553,16697.4,27.61,,-0.0449,0.2432,2.4592,0.04216,0.5387
3100,25403392,6350848,3553,16916.4,27.61,59.58000183105469,-0.0434,0.3283,2.472,0.05076,0.5363
3101,25411584,6352896,3553,16919.6,27.61,,-0.0414,0.2971,2.4154,0.04309,0.5215
3102,25419776,6354944,3553,16922.7,27.61,,-0.0421,0.2758,2.4781,0.04235,0.5311
3103,25427968,6356992,3559,16925.9,26.86,,-0.0431,0.262,2.5109,0.03489,0.5299
3104,25436160,6359040,3568,16929.2,25.86,,-0.0414,0.1714,2.4121,0.03743,0.5208
3105,25444352,6361088,3568,16932.3,25.86,,-0.0397,0.25,2.4242,0.03469,0.5294
3106,25452544,6363136,3568,16935.4,25.86,,-0.0412,0.2546,2.3564,0.04443,0.5437
3107,25460736,6365184,3568,16938.5,25.86,,-0.0409,0.1916,2.4867,0.04091,0.5125
3108,25468928,6367232,3568,16941.6,25.86,,-0.038,0.2104,2.4809,0.04013,0.5144
3109,25477120,6369280,3568,16944.7,25.86,,-0.0386,0.0908,2.5034,0.03827,0.5111
3110,25485312,6371328,3568,16947.9,25.86,,-0.0402,0.2567,2.4428,0.04124,0.5269
3111,25493504,6373376,3568,16951.0,25.86,,-0.0429,0.2812,2.4159,0.04178,0.5142
3112,25501696,6375424,3568,16954.1,25.86,,-0.0404,0.2387,2.4431,0.04241,0.5554
3113,25509888,6377472,3569,16957.3,25.96,,-0.0404,0.3397,2.3474,0.03873,0.5266
3114,25518080,6379520,3569,16960.4,25.96,,-0.0386,0.3202,2.3422,0.04143,0.5137
3115,25526272,6381568,3569,16963.6,25.96,,-0.0401,0.3293,2.3735,0.0575,0.553
3116,25534464,6383616,3569,16966.7,25.96,,-0.0411,0.2984,2.4336,0.03965,0.552
3117,25542656,6385664,3576,16969.9,25.24,,-0.0388,0.1898,2.4485,0.03305,0.5234
3118,25550848,6387712,3584,16973.2,24.88,,-0.0392,0.1581,2.3536,0.04158,0.5397
3119,25559040,6389760,3584,16976.3,24.88,,-0.0397,0.1648,2.3779,0.03598,0.533
3120,25567232,6391808,3584,16979.4,24.88,,-0.0378,0.3487,2.3434,0.04729,0.5323
3121,25575424,6393856,3584,16982.5,24.88,,-0.0402,0.1901,2.3735,0.04607,0.5421
3122,25583616,6395904,3584,16985.6,24.88,,-0.041,0.1407,2.4366,0.04359,0.5405
3123,25591808,6397952,3584,16988.7,24.88,,-0.0406,0.3005,2.386,0.041,0.5187
3124,25600000,6400000,3584,16991.8,24.88,,-0.0375,0.2677,2.3886,0.04797,0.5579
3125,25608192,6402048,3584,16994.9,24.88,,-0.0403,0.3842,2.3537,0.03908,0.5233
3126,25616384,6404096,3584,16998.1,24.88,,-0.0453,0.1991,2.4092,0.04942,0.5658
3127,25624576,6406144,3585,17001.2,24.94,,-0.0391,0.184,2.3844,0.04424,0.5422
3128,25632768,6408192,3585,17004.4,24.94,,-0.0419,0.1965,2.4064,0.03966,0.5289
3129,25640960,6410240,3585,17007.5,24.94,,-0.0444,0.2258,2.4123,0.04509,0.5426
3130,25649152,6412288,3585,17010.6,24.94,,-0.0424,0.2225,2.4235,0.04328,0.5311
3131,25657344,6414336,3592,17013.8,23.72,,-0.0387,0.2355,2.4566,0.03987,0.5289
3132,25665536,6416384,3600,17017.1,23.36,,-0.0425,0.2035,2.376,0.04287,0.5526
3133,25673728,6418432,3600,17020.2,23.36,,-0.0394,0.3381,2.3426,0.04321,0.5585
3134,25681920,6420480,3600,17023.3,23.36,,-0.0403,0.2645,2.355,0.04586,0.549
3135,25690112,6422528,3600,17026.4,23.36,,-0.0419,0.205,2.3598,0.04599,0.5529
3136,25698304,6424576,3600,17029.5,23.36,,-0.0409,0.1956,2.3917,0.04353,0.5417
3137,25706496,6426624,3600,17032.6,23.36,,-0.0376,0.2968,2.4037,0.03774,0.5201
3138,25714688,6428672,3600,17035.8,23.36,,-0.0456,0.2033,2.4267,0.04417,0.5541
3139,25722880,6430720,3600,17038.9,23.36,,-0.042,0.3669,2.3484,0.05171,0.5399
3140,25731072,6432768,3600,17042.0,23.36,,-0.0396,0.2699,2.344,0.04101,0.5535
3141,25739264,6434816,3601,17045.2,23.14,,-0.0382,0.3225,2.3604,0.04264,0.5127
3142,25747456,6436864,3601,17048.3,23.14,,-0.0395,0.3502,2.264,0.04722,0.5394
3143,25755648,6438912,3601,17051.4,23.14,,-0.0417,0.4507,2.3059,0.05466,0.5502
3144,25763840,6440960,3601,17054.6,23.14,,-0.0374,0.4584,2.2981,0.04898,0.5359
3145,25772032,6443008,3611,17057.9,21.95,,-0.0404,0.3366,2.3612,0.04823,0.5588
3146,25780224,6445056,3616,17061.1,21.74,,-0.039,0.3613,2.2176,0.04244,0.5266
3147,25788416,6447104,3616,17064.1,21.74,,-0.0385,0.3285,2.28,0.04374,0.5264
3148,25796608,6449152,3616,17067.3,21.74,,-0.0407,0.2584,2.3239,0.04792,0.5472
3149,25804800,6451200,3616,17070.4,21.74,,-0.039,0.2128,2.3843,0.04618,0.5389
3150,25812992,6453248,3616,17073.5,21.74,,-0.0434,0.1058,2.4269,0.0417,0.5319
3151,25821184,6455296,3616,17076.6,21.74,,-0.0364,0.231,2.3695,0.04809,0.5444
3152,25829376,6457344,3616,17079.8,21.74,,-0.0351,0.3557,2.3206,0.04968,0.5381
3153,25837568,6459392,3616,17082.9,21.74,,-0.0393,0.3613,2.2684,0.04455,0.5549
3154,25845760,6461440,3616,17086.0,21.74,,-0.0402,0.3963,2.2656,0.05393,0.5493
3155,25853952,6463488,3617,17089.2,22.04,,-0.0383,0.3803,2.2235,0.04986,0.5416
3156,25862144,6465536,3617,17092.3,22.04,,-0.0377,0.4723,2.2745,0.05319,0.5378
3157,25870336,6467584,3617,17095.4,22.04,,-0.0402,0.3729,2.2937,0.04905,0.5464
3158,25878528,6469632,3617,17098.6,22.04,,-0.0387,0.3836,2.3494,0.03924,0.5315
3159,25886720,6471680,3628,17101.9,21.44,,-0.0426,0.2291,2.3632,0.04492,0.5363
3160,25894912,6473728,3632,17105.0,21.59,,-0.0394,0.2742,2.2861,0.04344,0.5144
3161,25903104,6475776,3632,17108.1,21.59,,-0.0384,0.235,2.3536,0.0441,0.5455
3162,25911296,6477824,3632,17111.2,21.59,,-0.0367,0.3258,2.2671,0.05436,0.5621
3163,25919488,6479872,3632,17114.4,21.59,,-0.0377,0.2004,2.3226,0.04316,0.5358
3164,25927680,6481920,3632,17117.5,21.59,,-0.0381,0.2048,2.3484,0.04692,0.5477
3165,25935872,6483968,3632,17120.6,21.59,,-0.0352,0.3388,2.3043,0.04311,0.5328
3166,25944064,6486016,3632,17123.7,21.59,,-0.0363,0.2568,2.2886,0.04986,0.531
3167,25952256,6488064,3632,17126.8,21.59,,-0.0418,0.2745,2.3006,0.05207,0.5597
3168,25960448,6490112,3632,17130.0,21.59,,-0.0423,0.3164,2.2899,0.0492,0.5675
3169,25968640,6492160,3633,17133.1,21.66,,-0.04,0.209,2.2556,0.05007,0.5325
3170,25976832,6494208,3633,17136.2,21.66,,-0.0402,0.2467,2.2829,0.04446,0.5459
3171,25985024,6496256,3633,17139.4,21.66,,-0.0405,0.2527,2.2807,0.04478,0.5485
3172,25993216,6498304,3633,17142.5,21.66,,-0.0415,0.2339,2.2943,0.04344,0.5464
3173,26001408,6500352,3646,17145.8,21.25,,-0.0404,0.3139,2.3164,0.0361,0.5211
3174,26009600,6502400,3648,17149.0,21.38,,-0.0417,0.2816,2.2692,0.04329,0.5283
3175,26017792,6504448,3648,17152.1,21.38,,-0.043,0.2603,2.3081,0.03949,0.5355
3176,26025984,6506496,3648,17155.2,21.38,,-0.0385,0.2935,2.2775,0.04356,0.5315
3177,26034176,6508544,3648,17158.3,21.38,,-0.0398,0.3201,2.2868,0.04586,0.5311
3178,26042368,6510592,3648,17161.5,21.38,,-0.0379,0.1795,2.3146,0.04632,0.5027
3179,26050560,6512640,3648,17164.6,21.38,,-0.0346,0.333,2.2905,0.04566,0.5322
3180,26058752,6514688,3648,17167.7,21.38,,-0.0428,0.2861,2.2763,0.0478,0.5446
3181,26066944,6516736,3648,17170.8,21.38,,-0.0412,0.3739,2.2134,0.04432,0.5537
3182,26075136,6518784,3648,17174.0,21.38,,-0.0389,0.4208,2.1255,0.04649,0.515
3183,26083328,6520832,3649,17177.1,21.48,,-0.0316,0.5628,2.1053,0.04165,0.5028
3184,26091520,6522880,3649,17180.3,21.48,,-0.0368,0.4784,2.1106,0.04856,0.5229
3185,26099712,6524928,3649,17183.4,21.48,,-0.037,0.3773,2.1799,0.0481,0.535
3186,26107904,6526976,3649,17186.5,21.48,,-0.0407,0.3239,2.156,0.04464,0.5377
3187,26116096,6529024,3662,17189.9,22.53,,-0.0384,0.3304,2.2502,0.03321,0.4971
3188,26124288,6531072,3664,17193.0,22.87,,-0.0392,0.2272,2.1872,0.03129,0.5049
3189,26132480,6533120,3664,17196.1,22.87,,-0.0393,0.3072,2.2128,0.04327,0.5402
3190,26140672,6535168,3664,17199.2,22.87,,-0.0387,0.3017,2.2335,0.04392,0.5105
3191,26148864,6537216,3664,17202.3,22.87,,-0.0352,0.3994,2.2651,0.04608,0.5276
3192,26157056,6539264,3664,17205.5,22.87,,-0.0392,0.3048,2.1923,0.0468,0.5436
3193,26165248,6541312,3664,17208.6,22.87,,-0.036,0.469,2.174,0.06181,0.5281
3194,26173440,6543360,3664,17211.7,22.87,,-0.039,0.5945,2.151,0.05733,0.5447
3195,26181632,6545408,3664,17214.8,22.87,,-0.0371,0.5106,2.099,0.06084,0.5553
3196,26189824,6547456,3664,17218.0,22.87,,-0.0406,0.4008,2.1827,0.05355,0.5439
3197,26198016,6549504,3665,17221.1,23.08,,-0.0395,0.3648,2.1847,0.04802,0.5337
3198,26206208,6551552,3665,17224.3,23.08,,-0.0409,0.3097,2.2112,0.0496,0.5647
3199,26214400,6553600,3665,17227.4,23.08,,-0.0413,0.4,2.2633,0.04148,0.5416
3200,26222592,6555648,3665,17449.6,23.08,57.02000045776367,-0.0417,0.2272,2.2884,0.03928,0.5481
