iter,frames,agent_steps,episodes,wall_s,train_return_mean,greedy_score,pg_loss,v_loss,entropy,approx_kl,clipfrac
0,8192,2048,0,37.1,nan,0.0,0.0091,95.0137,2.8814,0.0094,0.3097
1,16384,4096,0,39.6,nan,,-0.0028,0.1874,2.889,0.00048,0.0131
2,24576,6144,1,42.0,9.0,,-0.0023,0.1012,2.8886,0.00035,0.0038
3,32768,8192,8,44.4,11.875,,-0.0028,0.1105,2.8875,0.00052,0.0095
4,40960,10240,13,46.9,13.154,,-0.0021,0.0978,2.8888,0.0007,0.0095
5,49152,12288,16,49.3,14.25,,-0.0017,0.1078,2.8869,0.0009,0.0237
6,57344,14336,16,51.7,14.25,,-0.0038,0.0702,2.8814,0.00165,0.0709
7,65536,16384,21,54.2,14.286,,-0.0039,0.0816,2.8816,0.00127,0.0635
8,73728,18432,25,56.6,14.4,,-0.0047,0.0944,2.8762,0.00181,0.1061
9,81920,20480,29,59.1,14.586,,-0.0044,0.0935,2.879,0.00165,0.0996
10,90112,22528,32,61.5,14.969,,-0.004,0.0818,2.874,0.00139,0.0643
11,98304,24576,37,64.0,14.676,,-0.0054,0.0854,2.8709,0.00143,0.0701
12,106496,26624,41,66.4,14.756,,-0.0071,0.0704,2.8635,0.00166,0.0908
13,114688,28672,44,68.8,14.659,,-0.009,0.0668,2.8614,0.00197,0.1277
14,122880,30720,47,71.3,14.745,,-0.0103,0.067,2.8628,0.00204,0.1196
15,131072,32768,52,73.7,14.442,,-0.0123,0.0663,2.8567,0.00255,0.1752
16,139264,34816,56,76.2,14.589,,-0.0087,0.0839,2.8519,0.00161,0.0835
17,147456,36864,58,78.6,14.534,,-0.012,0.0686,2.8499,0.00244,0.1536
18,155648,38912,62,81.1,14.548,,-0.0128,0.0742,2.8462,0.00267,0.1573
19,163840,40960,66,83.5,14.773,,-0.012,0.066,2.8426,0.0019,0.1115
20,172032,43008,71,85.9,14.986,,-0.0113,0.0819,2.8378,0.00216,0.1299
21,180224,45056,74,88.4,15.081,,-0.0168,0.0479,2.8389,0.00249,0.1501
22,188416,47104,75,90.8,15.053,,-0.0131,0.0841,2.8348,0.00289,0.1665
23,196608,49152,80,93.3,15.2,,-0.0162,0.0613,2.8302,0.00223,0.1366
24,204800,51200,83,95.7,15.157,,-0.0203,0.0728,2.8155,0.00326,0.1917
25,212992,53248,89,98.1,15.337,,-0.0201,0.0623,2.8202,0.00279,0.1747
26,221184,55296,90,100.6,15.311,,-0.0195,0.0668,2.8064,0.00304,0.1946
27,229376,57344,95,103.0,15.389,,-0.0216,0.0583,2.8048,0.00357,0.2043
28,237568,59392,98,105.5,15.439,,-0.0183,0.0709,2.7956,0.00366,0.2239
29,245760,61440,103,107.9,15.62,,-0.0218,0.0677,2.8019,0.00388,0.2289
30,253952,63488,106,110.3,15.84,,-0.0235,0.0548,2.7934,0.00382,0.2346
31,262144,65536,109,112.8,15.84,,-0.0225,0.0609,2.783,0.00445,0.2466
32,270336,67584,114,115.2,15.71,,-0.0252,0.0523,2.7799,0.00484,0.2692
33,278528,69632,118,117.7,15.59,,-0.0228,0.0663,2.7731,0.00385,0.2426
34,286720,71680,120,120.1,15.67,,-0.0235,0.0594,2.7684,0.00478,0.2466
35,294912,73728,124,122.5,15.75,,-0.0237,0.0548,2.7642,0.00537,0.2872
36,303104,75776,126,124.9,15.82,,-0.024,0.0511,2.7514,0.00472,0.2567
37,311296,77824,132,127.4,15.8,,-0.0229,0.0666,2.7586,0.00528,0.2902
38,319488,79872,135,129.8,16.01,,-0.023,0.0617,2.7745,0.00546,0.3077
39,327680,81920,137,132.3,16.04,,-0.0275,0.0598,2.7635,0.00553,0.286
40,335872,83968,141,134.7,16.12,,-0.0264,0.0622,2.7725,0.00517,0.2758
41,344064,86016,146,137.2,16.2,,-0.0226,0.0812,2.7624,0.00382,0.2231
42,352256,88064,148,139.6,16.37,,-0.0259,0.0779,2.7588,0.00431,0.2476
43,360448,90112,153,142.0,16.63,,-0.026,0.0499,2.7656,0.00451,0.2466
44,368640,92160,156,144.5,16.53,,-0.0228,0.08,2.7447,0.0053,0.2877
45,376832,94208,159,146.9,16.68,,-0.0229,0.0719,2.7303,0.00515,0.2904
46,385024,96256,162,149.3,16.7,,-0.026,0.0683,2.7157,0.00517,0.2928
47,393216,98304,165,151.8,16.81,,-0.0284,0.0697,2.6997,0.00534,0.2926
48,401408,100352,172,154.2,16.9,,-0.0279,0.0651,2.7098,0.00559,0.2771
49,409600,102400,175,156.7,16.94,,-0.0289,0.0627,2.7159,0.0076,0.3392
50,417792,104448,177,159.1,16.96,,-0.0234,0.0773,2.699,0.00686,0.3477
51,425984,106496,180,161.5,16.81,,-0.0294,0.0595,2.676,0.00703,0.3308
52,434176,108544,184,164.0,16.86,,-0.0254,0.0691,2.6769,0.00672,0.3353
53,442368,110592,188,166.4,16.92,,-0.0274,0.0603,2.6783,0.00622,0.323
54,450560,112640,191,168.9,17.1,,-0.0276,0.053,2.6753,0.00608,0.3037
55,458752,114688,195,171.3,17.15,,-0.0285,0.0697,2.6398,0.0068,0.3358
56,466944,116736,203,173.8,17.12,,-0.0252,0.0883,2.6628,0.00569,0.3114
57,475136,118784,205,176.2,16.98,,-0.0294,0.066,2.6585,0.00749,0.366
58,483328,120832,206,178.6,16.96,,-0.028,0.064,2.6432,0.00707,0.348
59,491520,122880,210,181.0,17.1,,-0.0304,0.0631,2.5989,0.00824,0.3687
60,499712,124928,214,183.5,17.09,,-0.0275,0.0825,2.579,0.00677,0.3457
61,507904,126976,220,186.0,17.39,,-0.028,0.0831,2.5897,0.00648,0.3434
62,516096,129024,221,188.4,17.37,,-0.0284,0.0686,2.6195,0.00718,0.3646
63,524288,131072,225,190.8,17.29,,-0.0305,0.07,2.5982,0.00854,0.3611
64,532480,133120,228,193.2,17.36,,-0.0275,0.0758,2.5944,0.00705,0.3386
65,540672,135168,235,195.7,17.36,,-0.0314,0.0579,2.6095,0.00746,0.3658
66,548864,137216,237,198.1,17.47,,-0.0289,0.0637,2.5755,0.00704,0.3314
67,557056,139264,238,200.5,17.48,,-0.0265,0.0641,2.5765,0.00825,0.3879
68,565248,141312,241,203.0,17.6,,-0.0288,0.0774,2.5528,0.00874,0.3676
69,573440,143360,245,205.4,17.83,,-0.0195,0.1003,2.56,0.00604,0.3207
70,581632,145408,250,207.8,17.81,,-0.0224,0.0754,2.5783,0.00678,0.3271
71,589824,147456,254,210.3,17.92,,-0.0293,0.0577,2.5915,0.00717,0.3585
72,598016,149504,256,212.7,18.01,,-0.0272,0.0702,2.5812,0.0064,0.3237
73,606208,151552,258,215.2,17.99,,-0.0288,0.072,2.5503,0.00765,0.3612
74,614400,153600,264,217.6,18.04,,-0.0294,0.0694,2.5572,0.00729,0.34
75,622592,155648,268,220.0,18.13,,-0.0243,0.0748,2.5558,0.00694,0.3406
76,630784,157696,271,222.5,18.2,,-0.0264,0.0842,2.5925,0.00589,0.308
77,638976,159744,273,224.9,18.27,,-0.033,0.0581,2.5564,0.00733,0.3436
78,647168,161792,277,227.3,18.23,,-0.0278,0.0762,2.5633,0.00869,0.3656
79,655360,163840,281,229.8,18.61,,-0.0296,0.0659,2.5254,0.00867,0.3871
80,663552,165888,285,232.2,18.8,,-0.034,0.0812,2.5366,0.00885,0.3596
81,671744,167936,288,234.6,18.9,,-0.0307,0.0823,2.5533,0.00813,0.3707
82,679936,169984,291,237.1,18.75,,-0.03,0.0715,2.5516,0.00905,0.3807
83,688128,172032,294,239.5,18.77,,-0.0317,0.0633,2.5611,0.00971,0.4036
84,696320,174080,298,241.9,18.85,,-0.0335,0.077,2.5543,0.00871,0.3584
85,704512,176128,302,244.4,19.06,,-0.0278,0.0651,2.5563,0.0089,0.3976
86,712704,178176,304,246.8,19.37,,-0.0317,0.0681,2.5639,0.00911,0.3984
87,720896,180224,309,249.3,19.51,,-0.0274,0.086,2.5745,0.00749,0.34
88,729088,182272,313,251.7,19.59,,-0.032,0.0687,2.5512,0.0097,0.3872
89,737280,184320,318,254.1,19.57,,-0.0317,0.071,2.5604,0.00873,0.3698
90,745472,186368,322,256.6,19.32,,-0.0334,0.0723,2.5715,0.00843,0.3761
91,753664,188416,324,259.0,19.38,,-0.0307,0.07,2.5498,0.00888,0.3855
92,761856,190464,328,261.4,19.43,,-0.0319,0.0759,2.5387,0.00955,0.3889
93,770048,192512,330,263.9,19.56,,-0.0325,0.0702,2.5327,0.01115,0.4304
94,778240,194560,335,266.3,19.68,,-0.0324,0.0781,2.5671,0.00937,0.3961
95,786432,196608,340,268.8,19.87,,-0.0331,0.0599,2.5516,0.01079,0.413
96,794624,198656,343,271.2,19.58,,-0.0319,0.0813,2.5558,0.00931,0.4033
97,802816,200704,346,273.6,19.46,,-0.0314,0.0677,2.5468,0.01027,0.3988
98,811008,202752,350,276.1,19.47,,-0.03,0.0947,2.5496,0.00952,0.3884
99,819200,204800,355,278.5,19.58,,-0.0329,0.0542,2.5754,0.01037,0.421
100,827392,206848,357,336.1,19.7,388.9200134277344,-0.0345,0.0682,2.5648,0.00923,0.3979
101,835584,208896,360,338.5,19.65,,-0.035,0.0715,2.5547,0.01008,0.3945
102,843776,210944,367,341.0,19.33,,-0.0331,0.0712,2.559,0.0102,0.3917
103,851968,212992,369,343.4,19.15,,-0.0306,0.0892,2.5309,0.0105,0.4076
104,860160,215040,372,345.8,19.09,,-0.0317,0.0818,2.5142,0.01015,0.4271
105,868352,217088,375,348.3,19.22,,-0.0327,0.0813,2.5105,0.01062,0.4115
106,876544,219136,378,350.7,19.27,,-0.0352,0.0792,2.5342,0.01033,0.4082
107,884736,221184,382,353.1,18.98,,-0.0284,0.0976,2.5029,0.00778,0.3571
108,892928,223232,389,355.6,19.05,,-0.034,0.0772,2.5184,0.01222,0.4343
109,901120,225280,390,358.0,19.02,,-0.0304,0.0765,2.5092,0.01027,0.4113
110,909312,227328,391,360.4,19.06,,-0.0304,0.0831,2.5051,0.00943,0.3815
111,917504,229376,399,362.9,19.08,,-0.0316,0.0791,2.4914,0.01129,0.4136
112,925696,231424,400,365.3,19.0,,-0.0329,0.0819,2.5008,0.00987,0.4142
113,933888,233472,405,367.8,19.17,,-0.0342,0.0691,2.4926,0.01226,0.4447
114,942080,235520,406,370.2,19.18,,-0.0335,0.0656,2.4632,0.01235,0.4259
115,950272,237568,408,372.6,19.2,,-0.035,0.0726,2.4824,0.01082,0.4072
116,958464,239616,413,375.1,19.42,,-0.0347,0.0694,2.4844,0.01095,0.4235
117,966656,241664,418,377.5,19.71,,-0.0336,0.0663,2.4979,0.01195,0.4349
118,974848,243712,422,380.0,19.87,,-0.0309,0.0788,2.4425,0.00965,0.4178
119,983040,245760,424,382.4,19.93,,-0.0344,0.0615,2.4418,0.01182,0.4095
120,991232,247808,426,384.8,20.16,,-0.0319,0.0818,2.4596,0.01167,0.4128
121,999424,249856,431,387.3,20.24,,-0.033,0.0923,2.4443,0.01122,0.4052
122,1007616,251904,435,389.7,20.21,,-0.0302,0.0922,2.3985,0.01088,0.4078
123,1015808,253952,438,392.1,20.09,,-0.0349,0.0626,2.4123,0.01133,0.4052
124,1024000,256000,441,394.6,20.18,,-0.0311,0.0873,2.3842,0.01191,0.4303
125,1032192,258048,444,397.0,20.4,,-0.0361,0.0606,2.4067,0.01226,0.4381
126,1040384,260096,448,399.4,20.47,,-0.0329,0.0693,2.4168,0.01276,0.4312
127,1048576,262144,452,401.9,20.48,,-0.0354,0.0687,2.4061,0.01361,0.444
128,1056768,264192,455,404.3,20.58,,-0.0331,0.0775,2.4464,0.01177,0.4089
129,1064960,266240,458,406.8,20.66,,-0.0319,0.0916,2.4442,0.01516,0.4757
130,1073152,268288,462,409.2,20.89,,-0.0359,0.0671,2.4389,0.01239,0.4489
131,1081344,270336,466,411.6,21.17,,-0.0343,0.0966,2.4301,0.011,0.3912
132,1089536,272384,469,414.1,21.36,,-0.0372,0.0648,2.4237,0.01353,0.434
133,1097728,274432,473,416.5,21.36,,-0.0337,0.0898,2.4214,0.0125,0.4321
134,1105920,276480,476,418.9,21.32,,-0.0355,0.0847,2.4179,0.01279,0.4258
135,1114112,278528,480,421.4,21.29,,-0.0339,0.0969,2.414,0.01257,0.4324
136,1122304,280576,483,423.8,21.41,,-0.0332,0.0731,2.4092,0.01183,0.4197
137,1130496,282624,485,426.2,21.24,,-0.0351,0.0656,2.41,0.01456,0.427
138,1138688,284672,490,428.7,21.57,,-0.0359,0.0708,2.4214,0.01327,0.4393
139,1146880,286720,493,431.1,21.71,,-0.0365,0.0666,2.4266,0.01269,0.4298
140,1155072,288768,495,433.5,21.61,,-0.0325,0.0808,2.3942,0.01418,0.4379
141,1163264,290816,500,436.0,22.1,,-0.034,0.0953,2.411,0.01118,0.4257
142,1171456,292864,504,438.4,21.91,,-0.03,0.0915,2.3847,0.01512,0.4669
143,1179648,294912,510,440.9,22.08,,-0.0333,0.0891,2.3787,0.01569,0.4584
144,1187840,296960,512,443.3,21.85,,-0.0301,0.0784,2.3791,0.01247,0.4489
145,1196032,299008,514,445.7,21.8,,-0.0333,0.0822,2.3745,0.01289,0.4395
146,1204224,301056,520,448.2,21.76,,-0.033,0.0888,2.38,0.01279,0.4529
147,1212416,303104,523,450.6,21.76,,-0.0311,0.0813,2.4152,0.01296,0.4353
148,1220608,305152,526,453.0,21.68,,-0.033,0.0817,2.4007,0.01008,0.401
149,1228800,307200,528,455.5,21.63,,-0.0339,0.0735,2.364,0.01361,0.4508
150,1236992,309248,533,457.9,21.76,,-0.0343,0.0727,2.3554,0.015,0.4479
151,1245184,311296,537,460.3,21.74,,-0.0368,0.0621,2.3627,0.01463,0.47
152,1253376,313344,542,462.8,21.8,,-0.0333,0.0671,2.3432,0.01272,0.4348
153,1261568,315392,542,465.2,21.8,,-0.0369,0.0781,2.3273,0.01308,0.4349
154,1269760,317440,546,467.6,21.87,,-0.0337,0.0701,2.3442,0.01687,0.4663
155,1277952,319488,551,470.1,21.93,,-0.0331,0.0759,2.3107,0.01402,0.438
156,1286144,321536,556,472.5,21.67,,-0.0334,0.0763,2.3156,0.01501,0.4541
157,1294336,323584,558,474.9,21.73,,-0.0301,0.0732,2.3855,0.01242,0.4498
158,1302528,325632,559,477.4,21.7,,-0.0356,0.0646,2.3451,0.01541,0.4524
159,1310720,327680,566,479.8,21.58,,-0.0385,0.0672,2.3217,0.01481,0.4402
160,1318912,329728,569,482.3,21.58,,-0.0358,0.0734,2.3726,0.01322,0.4404
161,1327104,331776,573,484.7,21.53,,-0.0314,0.067,2.3969,0.01668,0.463
162,1335296,333824,575,487.1,21.57,,-0.0345,0.0854,2.3937,0.01314,0.4332
163,1343488,335872,578,489.6,21.54,,-0.035,0.074,2.3803,0.01254,0.4501
164,1351680,337920,580,492.0,21.63,,-0.0349,0.0755,2.3359,0.01271,0.4469
165,1359872,339968,586,494.4,21.76,,-0.0335,0.0736,2.3859,0.01305,0.4427
166,1368064,342016,591,496.9,21.81,,-0.0364,0.0832,2.3507,0.01478,0.4355
167,1376256,344064,591,499.3,21.81,,-0.0376,0.0677,2.4282,0.01346,0.4319
168,1384448,346112,595,501.7,21.86,,-0.0363,0.0864,2.3894,0.01573,0.4489
169,1392640,348160,598,504.2,21.58,,-0.0354,0.0766,2.3799,0.01729,0.4904
170,1400832,350208,602,506.6,21.55,,-0.0353,0.0919,2.369,0.01403,0.4534
171,1409024,352256,606,509.1,21.7,,-0.0364,0.0857,2.3908,0.01621,0.4818
172,1417216,354304,608,511.5,21.65,,-0.0343,0.0705,2.3795,0.01518,0.4503
173,1425408,356352,612,513.9,21.79,,-0.039,0.0761,2.3715,0.01634,0.4709
174,1433600,358400,614,516.3,21.71,,-0.0359,0.0837,2.3756,0.0145,0.4631
175,1441792,360448,617,518.8,21.8,,-0.036,0.0726,2.3813,0.01507,0.454
176,1449984,362496,622,521.2,21.94,,-0.0328,0.0704,2.338,0.01552,0.4554
177,1458176,364544,627,523.7,21.89,,-0.0314,0.0826,2.3629,0.01534,0.4557
178,1466368,366592,631,526.1,21.75,,-0.037,0.0714,2.3713,0.01525,0.4486
179,1474560,368640,632,528.5,21.74,,-0.0371,0.0944,2.3424,0.01492,0.4431
180,1482752,370688,633,530.9,21.66,,-0.0327,0.0878,2.3268,0.01709,0.4536
181,1490944,372736,637,533.4,21.78,,-0.0341,0.0942,2.3301,0.01423,0.4249
182,1499136,374784,642,535.8,22.02,,-0.0369,0.0747,2.3087,0.01565,0.4716
183,1507328,376832,647,538.3,22.11,,-0.0392,0.0574,2.2869,0.01805,0.4791
184,1515520,378880,649,540.7,22.23,,-0.0356,0.0724,2.349,0.01465,0.4603
185,1523712,380928,650,543.1,22.21,,-0.0375,0.082,2.3407,0.01553,0.4487
186,1531904,382976,653,545.6,22.4,,-0.0352,0.0895,2.3176,0.01657,0.463
187,1540096,385024,655,548.0,22.44,,-0.0348,0.0924,2.3184,0.01784,0.4836
188,1548288,387072,663,550.5,22.97,,-0.0371,0.086,2.2981,0.0182,0.4778
189,1556480,389120,666,552.9,23.02,,-0.0368,0.0643,2.2749,0.0166,0.4756
190,1564672,391168,668,555.3,23.11,,-0.0379,0.0857,2.3311,0.01898,0.4868
191,1572864,393216,669,557.7,22.99,,-0.0334,0.0989,2.2913,0.01857,0.484
192,1581056,395264,674,560.2,23.08,,-0.0409,0.0869,2.2753,0.019,0.4801
193,1589248,397312,681,562.7,23.32,,-0.0345,0.0614,2.2405,0.01477,0.449
194,1597440,399360,682,565.1,23.2,,-0.0382,0.076,2.2679,0.01714,0.4674
195,1605632,401408,686,567.5,22.95,,-0.0329,0.0756,2.306,0.01882,0.4854
196,1613824,403456,690,569.9,22.72,,-0.0312,0.1061,2.3281,0.01665,0.4838
197,1622016,405504,693,572.4,22.69,,-0.0368,0.0856,2.3145,0.01566,0.4387
198,1630208,407552,695,574.8,22.57,,-0.039,0.0814,2.314,0.01703,0.4293
199,1638400,409600,699,577.2,22.76,,-0.0368,0.0964,2.3078,0.01766,0.4747
200,1646592,411648,705,642.4,22.66,612.969970703125,-0.0362,0.0937,2.2755,0.01527,0.4348
201,1654784,413696,707,644.9,22.64,,-0.038,0.0677,2.2607,0.01725,0.4683
202,1662976,415744,711,647.3,22.71,,-0.0365,0.0736,2.2816,0.01512,0.4486
203,1671168,417792,712,649.7,22.64,,-0.0345,0.0976,2.2259,0.0163,0.4628
204,1679360,419840,714,652.1,22.73,,-0.0363,0.1059,2.2476,0.01676,0.4668
205,1687552,421888,720,654.6,22.9,,-0.0395,0.0907,2.2162,0.01879,0.4738
206,1695744,423936,723,657.0,23.09,,-0.0363,0.084,2.201,0.01819,0.4657
207,1703936,425984,727,659.5,23.06,,-0.037,0.0828,2.2169,0.01879,0.4744
208,1712128,428032,730,661.9,23.29,,-0.034,0.0901,2.1726,0.01568,0.4559
209,1720320,430080,732,664.3,23.36,,-0.0344,0.0873,2.2356,0.02025,0.4775
210,1728512,432128,733,666.7,23.48,,-0.0375,0.0924,2.2215,0.02122,0.4935
211,1736704,434176,739,669.2,23.6,,-0.035,0.0755,2.2103,0.01703,0.465
212,1744896,436224,743,671.6,23.62,,-0.0332,0.0844,2.2238,0.0228,0.4862
213,1753088,438272,746,674.1,23.63,,-0.0361,0.0686,2.1797,0.02122,0.4873
214,1761280,440320,748,676.5,23.73,,-0.0345,0.0722,2.2442,0.01934,0.4915
215,1769472,442368,750,678.9,23.75,,-0.0372,0.0912,2.226,0.02004,0.4634
216,1777664,444416,757,681.4,23.78,,-0.0339,0.0907,2.1902,0.02303,0.4758
217,1785856,446464,759,683.8,23.57,,-0.0391,0.065,2.2338,0.01729,0.4524
218,1794048,448512,761,686.2,23.59,,-0.0342,0.0827,2.2507,0.01661,0.4622
219,1802240,450560,762,688.6,23.62,,-0.0352,0.0776,2.2566,0.01708,0.4573
220,1810432,452608,764,691.1,23.56,,-0.0361,0.0797,2.264,0.01738,0.4769
221,1818624,454656,771,693.5,23.71,,-0.0363,0.0715,2.2581,0.01732,0.4688
222,1826816,456704,774,696.0,23.7,,-0.0338,0.0813,2.2609,0.01737,0.4702
223,1835008,458752,778,698.4,23.65,,-0.0358,0.0718,2.2588,0.01792,0.474
224,1843200,460800,780,700.8,23.47,,-0.0362,0.0693,2.2166,0.01702,0.4573
225,1851392,462848,783,703.3,23.42,,-0.0358,0.0877,2.2331,0.02082,0.4843
226,1859584,464896,786,705.7,23.68,,-0.0394,0.0861,2.2372,0.02194,0.5104
227,1867776,466944,789,708.1,23.93,,-0.0305,0.0929,2.3146,0.01962,0.5089
228,1875968,468992,795,710.6,24.42,,-0.0363,0.074,2.2607,0.01997,0.4878
229,1884160,471040,796,713.0,24.4,,-0.0358,0.0746,2.3015,0.01813,0.4812
230,1892352,473088,799,715.5,24.36,,-0.0363,0.0805,2.3479,0.01983,0.4685
231,1900544,475136,801,717.9,24.44,,-0.0366,0.0801,2.2798,0.01983,0.4983
232,1908736,477184,809,720.3,24.56,,-0.0353,0.0712,2.3257,0.01677,0.4689
233,1916928,479232,811,722.8,24.49,,-0.0373,0.0788,2.2828,0.01732,0.483
234,1925120,481280,813,725.2,24.61,,-0.0368,0.0856,2.3033,0.01786,0.4657
235,1933312,483328,815,727.6,24.59,,-0.0365,0.0795,2.2556,0.01901,0.4897
236,1941504,485376,822,730.1,24.32,,-0.039,0.0848,2.283,0.01929,0.4674
237,1949696,487424,824,732.5,24.42,,-0.0362,0.0832,2.2655,0.01759,0.4773
238,1957888,489472,826,735.0,24.49,,-0.0378,0.0835,2.2988,0.01503,0.4218
239,1966080,491520,829,737.4,24.38,,-0.0355,0.0834,2.3366,0.01725,0.4342
240,1974272,493568,832,739.8,24.18,,-0.04,0.0747,2.335,0.02038,0.4735
241,1982464,495616,839,742.3,23.89,,-0.0371,0.0904,2.2924,0.01655,0.468
242,1990656,497664,841,744.7,23.85,,-0.0373,0.0718,2.3069,0.01771,0.4637
243,1998848,499712,842,747.1,23.7,,-0.0368,0.0744,2.3302,0.01569,0.4408
244,2007040,501760,846,749.6,23.48,,-0.0376,0.0855,2.3169,0.01963,0.4906
245,2015232,503808,849,752.0,23.39,,-0.0366,0.0868,2.2791,0.01615,0.4752
246,2023424,505856,854,754.5,23.56,,-0.0401,0.0797,2.3036,0.01938,0.4725
247,2031616,507904,858,756.9,23.6,,-0.0349,0.0786,2.2841,0.016,0.4478
248,2039808,509952,862,759.4,23.42,,-0.0388,0.078,2.2907,0.01797,0.4683
249,2048000,512000,863,761.8,23.46,,-0.0382,0.0687,2.2609,0.01862,0.4797
250,2056192,514048,866,764.2,23.24,,-0.0352,0.0812,2.298,0.01675,0.4724
251,2064384,516096,868,766.6,23.29,,-0.0385,0.0869,2.2363,0.02339,0.4978
252,2072576,518144,874,769.1,23.37,,-0.0353,0.0872,2.2281,0.02132,0.4944
253,2080768,520192,879,771.5,23.94,,-0.035,0.0821,2.2463,0.01891,0.4857
254,2088960,522240,880,773.9,24.07,,-0.0367,0.0887,2.2764,0.01979,0.4662
255,2097152,524288,883,776.4,24.24,,-0.0377,0.0716,2.2342,0.01843,0.4849
256,2105344,526336,886,778.8,24.1,,-0.0379,0.078,2.2688,0.01829,0.4709
257,2113536,528384,889,781.2,24.19,,-0.0397,0.0784,2.2934,0.02089,0.494
258,2121728,530432,894,783.7,24.07,,-0.0393,0.0703,2.2983,0.0189,0.4744
259,2129920,532480,895,786.1,23.9,,-0.0376,0.083,2.337,0.01794,0.4686
260,2138112,534528,900,788.6,24.0,,-0.0361,0.0805,2.2549,0.02049,0.4854
261,2146304,536576,903,791.0,23.8,,-0.0345,0.0883,2.238,0.02259,0.4966
262,2154496,538624,905,793.4,23.67,,-0.0377,0.0846,2.2717,0.02263,0.5066
263,2162688,540672,909,795.8,23.83,,-0.0379,0.0918,2.2779,0.02018,0.4805
264,2170880,542720,911,798.3,23.91,,-0.0365,0.098,2.2846,0.01855,0.4794
265,2179072,544768,916,800.7,23.89,,-0.0352,0.0787,2.3236,0.01515,0.4469
266,2187264,546816,922,803.2,23.92,,-0.0373,0.0627,2.3638,0.01683,0.4626
267,2195456,548864,924,805.6,23.89,,-0.0384,0.0618,2.329,0.01829,0.4755
268,2203648,550912,926,808.0,23.81,,-0.0398,0.0653,2.3565,0.02027,0.4988
269,2211840,552960,929,810.5,23.79,,-0.0365,0.0894,2.2674,0.0161,0.4479
270,2220032,555008,934,812.9,23.94,,-0.0384,0.0721,2.3335,0.0184,0.4672
271,2228224,557056,938,815.3,23.97,,-0.04,0.0809,2.3257,0.02117,0.4993
272,2236416,559104,940,817.8,24.06,,-0.0368,0.0894,2.3078,0.01967,0.4727
273,2244608,561152,942,820.2,24.24,,-0.0376,0.0857,2.3301,0.02166,0.5037
274,2252800,563200,947,822.7,24.31,,-0.0385,0.0719,2.3561,0.01686,0.4673
275,2260992,565248,950,825.1,24.38,,-0.0367,0.0929,2.3928,0.01973,0.4871
276,2269184,567296,954,827.5,24.29,,-0.0336,0.0902,2.3754,0.02199,0.4895
277,2277376,569344,956,830.0,24.12,,-0.0391,0.0763,2.3489,0.01874,0.4535
278,2285568,571392,959,832.4,24.24,,-0.0386,0.0687,2.3637,0.017,0.4663
279,2293760,573440,963,834.8,24.32,,-0.0388,0.0802,2.3488,0.01884,0.4677
280,2301952,575488,967,837.3,24.29,,-0.039,0.0799,2.4086,0.01801,0.4521
281,2310144,577536,969,839.7,24.32,,-0.0353,0.0806,2.3966,0.01539,0.4291
282,2318336,579584,973,842.1,24.37,,-0.0383,0.0747,2.3692,0.01863,0.4886
283,2326528,581632,974,844.6,24.35,,-0.0369,0.0828,2.3563,0.01952,0.4714
284,2334720,583680,980,847.0,24.23,,-0.0372,0.0702,2.3802,0.01896,0.4926
285,2342912,585728,983,849.4,24.22,,-0.0373,0.0716,2.3301,0.01929,0.4724
286,2351104,587776,987,851.9,24.32,,-0.0371,0.0873,2.3529,0.01539,0.4572
287,2359296,589824,988,854.3,24.32,,-0.0391,0.075,2.3406,0.01797,0.4724
288,2367488,591872,989,856.7,24.31,,-0.0399,0.0675,2.3477,0.01877,0.4832
289,2375680,593920,995,859.2,24.36,,-0.0409,0.0769,2.3414,0.02267,0.4954
290,2383872,595968,998,861.6,24.42,,-0.0396,0.0676,2.3477,0.02162,0.5085
291,2392064,598016,1001,864.0,24.49,,-0.0405,0.087,2.3397,0.02468,0.5079
292,2400256,600064,1004,866.5,24.75,,-0.0395,0.0831,2.3471,0.02447,0.5111
293,2408448,602112,1006,868.9,24.72,,-0.041,0.0656,2.3138,0.0248,0.511
294,2416640,604160,1012,871.4,24.77,,-0.0426,0.0827,2.2566,0.02109,0.4879
295,2424832,606208,1015,873.8,24.68,,-0.0391,0.0838,2.29,0.02371,0.516
296,2433024,608256,1018,876.2,24.71,,-0.0363,0.0974,2.2467,0.02083,0.4631
297,2441216,610304,1021,878.7,24.73,,-0.037,0.0695,2.2515,0.01937,0.4851
298,2449408,612352,1024,881.1,24.72,,-0.0374,0.0718,2.2998,0.01992,0.4906
299,2457600,614400,1026,883.5,24.82,,-0.0391,0.0706,2.2993,0.02432,0.5094
300,2465792,616448,1030,944.4,24.9,618.0900268554688,-0.0365,0.0897,2.3003,0.01949,0.4846
301,2473984,618496,1033,946.8,24.96,,-0.0368,0.0981,2.3146,0.02219,0.4818
302,2482176,620544,1039,949.3,25.11,,-0.0378,0.0862,2.3243,0.02243,0.4994
303,2490368,622592,1041,951.7,25.03,,-0.039,0.0874,2.2655,0.02243,0.5148
304,2498560,624640,1045,954.2,24.88,,-0.0415,0.0744,2.2976,0.02067,0.48
305,2506752,626688,1048,956.6,24.88,,-0.0387,0.0801,2.2267,0.01972,0.489
306,2514944,628736,1051,959.0,24.75,,-0.0385,0.0705,2.31,0.01908,0.468
307,2523136,630784,1054,961.5,24.77,,-0.039,0.0825,2.2863,0.02438,0.5056
308,2531328,632832,1057,963.9,24.99,,-0.0379,0.086,2.2959,0.02301,0.4956
309,2539520,634880,1063,966.3,24.83,,-0.0392,0.076,2.3389,0.01825,0.4717
310,2547712,636928,1066,968.8,24.98,,-0.0372,0.0875,2.344,0.01883,0.4772
311,2555904,638976,1069,971.2,24.84,,-0.035,0.0883,2.3219,0.0174,0.4713
312,2564096,641024,1072,973.6,24.79,,-0.0364,0.0837,2.3284,0.01641,0.4554
313,2572288,643072,1073,976.0,24.74,,-0.0382,0.0825,2.3618,0.01852,0.4547
314,2580480,645120,1077,978.5,24.83,,-0.0394,0.0724,2.3391,0.01896,0.491
315,2588672,647168,1082,980.9,24.84,,-0.0389,0.0776,2.3066,0.02259,0.5111
316,2596864,649216,1086,983.4,24.74,,-0.0384,0.0665,2.3406,0.02191,0.505
317,2605056,651264,1087,985.8,24.7,,-0.0399,0.0777,2.3803,0.02037,0.4918
318,2613248,653312,1090,988.2,24.59,,-0.0361,0.0841,2.3847,0.01913,0.4858
319,2621440,655360,1097,990.7,24.2,,-0.0395,0.0751,2.3152,0.01894,0.4636
320,2629632,657408,1099,993.1,24.15,,-0.0405,0.0741,2.3353,0.01873,0.4628
321,2637824,659456,1101,995.5,24.12,,-0.0375,0.0637,2.291,0.01839,0.4856
322,2646016,661504,1102,998.0,24.17,,-0.0397,0.0776,2.3527,0.01952,0.4685
323,2654208,663552,1107,1000.4,24.13,,-0.0374,0.0812,2.324,0.02,0.4652
324,2662400,665600,1111,1002.9,24.19,,-0.0398,0.08,2.2813,0.02115,0.4956
325,2670592,667648,1116,1005.3,24.22,,-0.0401,0.075,2.3132,0.01934,0.4829
326,2678784,669696,1118,1007.7,24.26,,-0.04,0.0874,2.3037,0.01943,0.4722
327,2686976,671744,1122,1010.2,24.15,,-0.0343,0.1032,2.3067,0.01834,0.4624
328,2695168,673792,1122,1012.6,24.15,,-0.039,0.0839,2.2952,0.01866,0.4777
329,2703360,675840,1129,1015.0,24.21,,-0.0375,0.0838,2.3356,0.01489,0.4366
330,2711552,677888,1133,1017.5,24.26,,-0.0399,0.0731,2.3638,0.01677,0.452
331,2719744,679936,1136,1019.9,24.34,,-0.0371,0.0856,2.319,0.0154,0.4407
332,2727936,681984,1137,1022.3,24.31,,-0.037,0.0855,2.3311,0.01545,0.4509
333,2736128,684032,1139,1024.8,24.3,,-0.0394,0.0763,2.3752,0.02253,0.5057
334,2744320,686080,1144,1027.2,24.34,,-0.0402,0.0592,2.3353,0.0228,0.5021
335,2752512,688128,1149,1029.7,24.64,,-0.0406,0.0741,2.3564,0.01892,0.463
336,2760704,690176,1152,1032.1,24.87,,-0.0335,0.1165,2.3363,0.01304,0.4401
337,2768896,692224,1152,1034.5,24.87,,-0.0378,0.0834,2.3032,0.01856,0.4683
338,2777088,694272,1155,1036.9,24.8,,-0.041,0.0809,2.2862,0.02029,0.4858
339,2785280,696320,1160,1039.4,24.99,,-0.0396,0.1069,2.2952,0.02086,0.484
340,2793472,698368,1164,1041.9,25.27,,-0.0358,0.0811,2.3105,0.01868,0.4875
341,2801664,700416,1165,1044.3,25.26,,-0.0395,0.0857,2.2759,0.02004,0.4829
342,2809856,702464,1169,1046.7,25.59,,-0.039,0.0802,2.2764,0.01987,0.4673
343,2818048,704512,1172,1049.1,25.67,,-0.0382,0.0924,2.2348,0.02138,0.4799
344,2826240,706560,1175,1051.6,25.77,,-0.0381,0.0866,2.2704,0.01937,0.476
345,2834432,708608,1179,1054.0,25.84,,-0.0361,0.0947,2.2599,0.01954,0.4562
346,2842624,710656,1184,1056.5,25.88,,-0.0376,0.0916,2.2582,0.01608,0.4429
347,2850816,712704,1188,1058.9,26.18,,-0.0351,0.0933,2.2784,0.01774,0.4761
348,2859008,714752,1190,1061.3,26.14,,-0.0379,0.0695,2.218,0.01674,0.4326
349,2867200,716800,1191,1063.7,26.12,,-0.0369,0.0753,2.2724,0.02312,0.4913
350,2875392,718848,1196,1066.2,26.24,,-0.0378,0.0896,2.263,0.02171,0.4674
351,2883584,720896,1203,1068.6,26.29,,-0.0387,0.0878,2.2905,0.01949,0.4547
352,2891776,722944,1205,1071.1,26.35,,-0.0388,0.0697,2.2335,0.01983,0.4808
353,2899968,724992,1207,1073.5,26.36,,-0.0365,0.0873,2.2977,0.02185,0.4691
354,2908160,727040,1208,1075.9,26.31,,-0.0364,0.0913,2.2384,0.01536,0.4352
355,2916352,729088,1212,1078.3,26.21,,-0.0358,0.1086,2.2857,0.01839,0.4607
356,2924544,731136,1218,1080.8,26.49,,-0.0377,0.0875,2.2367,0.02244,0.4811
357,2932736,733184,1221,1083.2,26.57,,-0.0367,0.0598,2.2113,0.01692,0.4584
358,2940928,735232,1223,1085.7,26.74,,-0.0383,0.0838,2.2254,0.01794,0.4642
359,2949120,737280,1224,1088.1,26.75,,-0.0394,0.087,2.2704,0.02137,0.4885
360,2957312,739328,1231,1090.5,26.75,,-0.0371,0.1097,2.2862,0.02034,0.5018
361,2965504,741376,1236,1093.0,26.76,,-0.0345,0.0913,2.2526,0.01806,0.4772
362,2973696,743424,1238,1095.4,26.89,,-0.0361,0.0919,2.2446,0.01615,0.4303
363,2981888,745472,1239,1097.8,26.84,,-0.037,0.1034,2.2303,0.01992,0.4805
364,2990080,747520,1242,1100.2,26.84,,-0.0367,0.1004,2.203,0.02226,0.4836
365,2998272,749568,1246,1102.7,26.94,,-0.0348,0.0884,2.2536,0.02302,0.5026
366,3006464,751616,1252,1105.1,27.03,,-0.0382,0.0844,2.2897,0.01834,0.4641
367,3014656,753664,1254,1107.6,27.17,,-0.0361,0.0827,2.2976,0.01739,0.4615
368,3022848,755712,1254,1110.0,27.17,,-0.0384,0.0704,2.3016,0.02061,0.4795
369,3031040,757760,1258,1112.4,27.15,,-0.041,0.0744,2.2738,0.01965,0.4597
370,3039232,759808,1264,1114.9,26.91,,-0.0362,0.0898,2.3199,0.01495,0.4359
371,3047424,761856,1269,1117.3,26.74,,-0.0397,0.0752,2.2786,0.01752,0.4719
372,3055616,763904,1270,1119.7,26.92,,-0.0391,0.0872,2.2573,0.02092,0.4747
373,3063808,765952,1272,1122.2,26.89,,-0.042,0.0823,2.2819,0.02241,0.4858
374,3072000,768000,1277,1124.6,26.66,,-0.0353,0.1092,2.2882,0.01512,0.429
375,3080192,770048,1280,1127.0,26.74,,-0.0401,0.078,2.2439,0.02005,0.4801
376,3088384,772096,1282,1129.5,26.66,,-0.0374,0.0928,2.1998,0.02043,0.4756
377,3096576,774144,1286,1131.9,26.79,,-0.0397,0.0699,2.2182,0.01956,0.469
378,3104768,776192,1288,1134.3,26.83,,-0.0384,0.0749,2.1848,0.0237,0.5048
379,3112960,778240,1292,1136.8,27.21,,-0.0338,0.0775,2.1799,0.01861,0.4705
380,3121152,780288,1297,1139.2,27.35,,-0.0365,0.0867,2.1717,0.01868,0.4622
381,3129344,782336,1297,1141.6,27.35,,-0.0392,0.0828,2.1902,0.01796,0.4384
382,3137536,784384,1300,1144.1,27.54,,-0.0379,0.093,2.2298,0.02114,0.4651
383,3145728,786432,1304,1146.5,27.63,,-0.0377,0.0809,2.2188,0.02203,0.4816
384,3153920,788480,1310,1148.9,28.2,,-0.0377,0.1001,2.2131,0.01952,0.4388
385,3162112,790528,1311,1151.4,28.22,,-0.0373,0.0897,2.1399,0.0186,0.4762
386,3170304,792576,1314,1153.8,28.37,,-0.0412,0.0703,2.1979,0.02007,0.4878
387,3178496,794624,1316,1156.2,28.36,,-0.0375,0.0917,2.2044,0.01914,0.4612
388,3186688,796672,1319,1158.7,28.36,,-0.0394,0.085,2.1693,0.02154,0.4789
389,3194880,798720,1327,1161.1,28.52,,-0.0298,0.1181,2.1845,0.01669,0.4695
390,3203072,800768,1327,1163.5,28.52,,-0.0351,0.0884,2.2504,0.01693,0.4449
391,3211264,802816,1330,1166.0,28.48,,-0.0412,0.0829,2.2793,0.01944,0.4474
392,3219456,804864,1333,1168.4,28.57,,-0.0402,0.0858,2.1863,0.02021,0.4708
393,3227648,806912,1337,1170.9,28.71,,-0.0385,0.0846,2.2544,0.0186,0.4567
394,3235840,808960,1341,1173.3,28.84,,-0.0355,0.0841,2.2219,0.01197,0.3912
395,3244032,811008,1344,1175.7,28.93,,-0.0361,0.0773,2.2343,0.01039,0.3805
396,3252224,813056,1345,1178.1,28.83,,-0.0364,0.0946,2.2421,0.01706,0.4496
397,3260416,815104,1349,1180.6,28.98,,-0.0384,0.0797,2.2396,0.01534,0.4229
398,3268608,817152,1355,1183.0,28.62,,-0.0314,0.1092,2.2421,0.0112,0.368
399,3276800,819200,1357,1185.5,28.53,,-0.0353,0.0938,2.2086,0.01378,0.3822
400,3284992,821248,1361,1250.0,28.67,720.4600219726562,-0.0343,0.0964,2.1904,0.01594,0.4432
401,3293184,823296,1363,1252.4,28.7,,-0.0366,0.0779,2.2601,0.01634,0.4159
402,3301376,825344,1366,1254.8,28.73,,-0.0382,0.0823,2.1733,0.02376,0.4916
403,3309568,827392,1369,1257.3,28.63,,-0.035,0.0939,2.186,0.02441,0.489
404,3317760,829440,1375,1259.7,28.87,,-0.0371,0.086,2.2321,0.02013,0.4843
405,3325952,831488,1376,1262.1,28.92,,-0.0393,0.0885,2.2332,0.01987,0.4655
406,3334144,833536,1378,1264.6,29.13,,-0.0386,0.0947,2.2135,0.02317,0.4965
407,3342336,835584,1382,1267.0,28.9,,-0.0399,0.0791,2.1701,0.02457,0.5055
408,3350528,837632,1387,1269.5,28.83,,-0.0368,0.0869,2.1539,0.02225,0.4639
409,3358720,839680,1390,1271.9,28.77,,-0.0351,0.0888,2.1779,0.01984,0.4564
410,3366912,841728,1391,1274.3,28.81,,-0.0372,0.084,2.1803,0.02202,0.484
411,3375104,843776,1395,1276.7,28.79,,-0.0361,0.0905,2.2112,0.01899,0.4601
412,3383296,845824,1399,1279.2,28.65,,-0.0365,0.1078,2.1802,0.02368,0.4817
413,3391488,847872,1402,1281.6,28.85,,-0.0368,0.0959,2.1199,0.02291,0.4858
414,3399680,849920,1406,1284.0,28.82,,-0.0393,0.0727,2.1921,0.02167,0.4821
415,3407872,851968,1408,1286.5,28.85,,-0.0384,0.0835,2.1778,0.02006,0.4769
416,3416064,854016,1410,1288.9,28.62,,-0.0379,0.1182,2.1348,0.02174,0.4652
417,3424256,856064,1415,1291.3,28.72,,-0.0387,0.0994,2.1855,0.02425,0.494
418,3432448,858112,1420,1293.8,28.72,,-0.0388,0.0932,2.1494,0.0207,0.4784
419,3440640,860160,1421,1296.2,28.84,,-0.0372,0.0891,2.1954,0.01962,0.451
420,3448832,862208,1423,1298.7,28.78,,-0.0402,0.0654,2.1454,0.02289,0.476
421,3457024,864256,1428,1301.1,28.8,,-0.0341,0.0927,2.145,0.02227,0.4951
422,3465216,866304,1434,1303.6,28.66,,-0.0365,0.0891,2.1658,0.02233,0.4762
423,3473408,868352,1436,1306.0,28.69,,-0.0359,0.0857,2.1303,0.02169,0.4727
424,3481600,870400,1437,1308.4,28.7,,-0.04,0.0888,2.1437,0.02291,0.5076
425,3489792,872448,1441,1310.8,28.56,,-0.0366,0.0924,2.1727,0.02259,0.4862
426,3497984,874496,1444,1313.3,28.52,,-0.037,0.1183,2.2177,0.02298,0.4807
427,3506176,876544,1447,1315.7,28.63,,-0.0334,0.1139,2.1044,0.02261,0.4824
428,3514368,878592,1453,1318.1,28.96,,-0.0354,0.0867,2.1672,0.01911,0.4589
429,3522560,880640,1453,1320.6,28.96,,-0.0391,0.0751,2.1531,0.01554,0.4352
430,3530752,882688,1455,1323.0,29.06,,-0.0366,0.1057,2.1695,0.02124,0.4673
431,3538944,884736,1460,1325.4,29.28,,-0.0396,0.1039,2.1387,0.02468,0.4731
432,3547136,886784,1465,1327.9,29.73,,-0.0389,0.0801,2.1452,0.01951,0.462
433,3555328,888832,1466,1330.3,29.67,,-0.0371,0.0944,2.1427,0.02076,0.4777
434,3563520,890880,1472,1332.7,29.81,,-0.0392,0.0975,2.1378,0.02098,0.4817
435,3571712,892928,1472,1335.1,29.81,,-0.0364,0.0729,2.1851,0.02073,0.4711
436,3579904,894976,1475,1337.6,29.72,,-0.0391,0.0731,2.1619,0.02012,0.4736
437,3588096,897024,1478,1340.0,29.75,,-0.037,0.1056,2.1848,0.01987,0.4543
438,3596288,899072,1482,1342.4,30.14,,-0.0382,0.0739,2.1904,0.01672,0.4392
439,3604480,901120,1483,1344.8,30.14,,-0.0411,0.0678,2.1878,0.02155,0.5066
440,3612672,903168,1489,1347.3,30.23,,-0.0357,0.085,2.1302,0.02239,0.4772
441,3620864,905216,1491,1349.7,30.22,,-0.0381,0.0798,2.1972,0.0171,0.4324
442,3629056,907264,1494,1352.2,30.1,,-0.0362,0.1062,2.1192,0.01882,0.457
443,3637248,909312,1498,1354.6,30.16,,-0.035,0.087,2.1319,0.01715,0.4342
444,3645440,911360,1499,1357.0,30.06,,-0.0379,0.0723,2.1419,0.02145,0.4584
445,3653632,913408,1503,1359.5,29.88,,-0.0354,0.0847,2.0271,0.02518,0.4888
446,3661824,915456,1508,1361.9,29.99,,-0.0355,0.1061,2.1199,0.02078,0.4727
447,3670016,917504,1510,1364.3,30.02,,-0.0385,0.1007,2.1339,0.02145,0.4504
448,3678208,919552,1512,1366.8,29.93,,-0.035,0.0962,2.0919,0.0261,0.4869
449,3686400,921600,1515,1369.2,30.1,,-0.0343,0.1025,2.0686,0.01966,0.4791
450,3694592,923648,1519,1371.6,29.86,,-0.0339,0.104,2.1196,0.02032,0.4608
451,3702784,925696,1521,1374.1,29.9,,-0.0402,0.0834,2.145,0.02365,0.47
452,3710976,927744,1526,1376.5,29.96,,-0.038,0.1016,2.1146,0.02483,0.5018
453,3719168,929792,1529,1378.9,30.23,,-0.0389,0.1069,2.119,0.02319,0.4712
454,3727360,931840,1533,1381.4,30.17,,-0.0385,0.0808,2.1143,0.02586,0.4996
455,3735552,933888,1535,1383.8,30.24,,-0.0378,0.0737,2.0918,0.02201,0.4766
456,3743744,935936,1538,1386.2,30.22,,-0.0354,0.0863,2.1236,0.02337,0.4877
457,3751936,937984,1540,1388.6,30.34,,-0.038,0.0801,2.13,0.02653,0.5031
458,3760128,940032,1544,1391.1,30.47,,-0.0388,0.0734,2.1226,0.02554,0.4852
459,3768320,942080,1546,1393.5,30.56,,-0.037,0.0933,2.061,0.0231,0.4761
460,3776512,944128,1552,1396.0,30.67,,-0.0378,0.0869,2.0916,0.02291,0.4788
461,3784704,946176,1553,1398.4,30.56,,-0.0374,0.1181,2.0761,0.02185,0.4658
462,3792896,948224,1554,1400.8,30.54,,-0.0364,0.0943,2.06,0.02146,0.4728
463,3801088,950272,1557,1403.2,30.55,,-0.0385,0.0953,2.1037,0.0249,0.4891
464,3809280,952320,1564,1405.7,30.45,,-0.035,0.0844,2.0633,0.02191,0.4564
465,3817472,954368,1566,1408.1,30.51,,-0.0361,0.0967,2.0547,0.02371,0.4868
466,3825664,956416,1569,1410.5,30.45,,-0.0347,0.0933,2.1427,0.01443,0.4149
467,3833856,958464,1570,1413.0,30.38,,-0.036,0.1255,2.1476,0.02097,0.4568
468,3842048,960512,1574,1415.4,30.46,,-0.039,0.081,2.0967,0.0243,0.4928
469,3850240,962560,1578,1417.8,30.36,,-0.0378,0.091,2.0932,0.02251,0.4817
470,3858432,964608,1580,1420.3,30.4,,-0.0391,0.0955,2.0522,0.02054,0.4647
471,3866624,966656,1585,1422.7,30.33,,-0.0371,0.0971,2.0515,0.0268,0.5074
472,3874816,968704,1587,1425.1,30.23,,-0.0361,0.0761,2.0946,0.02495,0.4835
473,3883008,970752,1587,1427.5,30.23,,-0.0336,0.112,2.0676,0.0209,0.475
474,3891200,972800,1591,1430.0,30.48,,-0.0365,0.0911,2.0829,0.02833,0.4984
475,3899392,974848,1593,1432.4,30.74,,-0.036,0.091,2.0534,0.02879,0.489
476,3907584,976896,1601,1434.9,31.04,,-0.0367,0.0864,2.0223,0.02537,0.4763
477,3915776,978944,1603,1437.3,31.09,,-0.0382,0.0926,2.0834,0.02053,0.4531
478,3923968,980992,1603,1439.7,31.09,,-0.0388,0.091,2.0169,0.02362,0.4794
479,3932160,983040,1604,1442.1,31.08,,-0.039,0.0733,2.1217,0.02579,0.475
480,3940352,985088,1609,1444.6,31.38,,-0.0357,0.1195,2.0446,0.02629,0.4984
481,3948544,987136,1615,1447.0,31.14,,-0.0332,0.117,2.019,0.02347,0.4874
482,3956736,989184,1617,1449.4,31.33,,-0.037,0.0743,2.1416,0.0214,0.496
483,3964928,991232,1619,1451.9,31.47,,-0.0386,0.0915,2.0947,0.02619,0.4862
484,3973120,993280,1623,1454.3,31.07,,-0.0382,0.1169,2.1482,0.02671,0.4846
485,3981312,995328,1625,1456.7,31.11,,-0.0362,0.1026,2.0564,0.02801,0.5143
486,3989504,997376,1628,1459.2,31.12,,-0.0392,0.1196,2.125,0.02507,0.473
487,3997696,999424,1633,1461.6,31.33,,-0.0377,0.1022,2.1322,0.02566,0.4871
488,4005888,1001472,1634,1464.0,31.32,,-0.0373,0.0888,2.1868,0.02053,0.4606
489,4014080,1003520,1638,1466.4,31.45,,-0.0374,0.0844,2.1145,0.02638,0.4863
490,4022272,1005568,1641,1468.9,31.32,,-0.0338,0.0896,2.0623,0.02403,0.4941
491,4030464,1007616,1643,1471.3,31.35,,-0.0388,0.1036,2.0526,0.02614,0.4844
492,4038656,1009664,1649,1473.8,31.43,,-0.0364,0.0964,2.1088,0.02272,0.4586
493,4046848,1011712,1650,1476.2,31.38,,-0.0366,0.1055,2.0179,0.02352,0.4625
494,4055040,1013760,1652,1478.6,31.38,,-0.0385,0.0896,1.9847,0.03336,0.5291
495,4063232,1015808,1656,1481.0,31.51,,-0.0363,0.1057,1.9834,0.02864,0.4999
496,4071424,1017856,1658,1483.4,31.43,,-0.038,0.0902,1.9928,0.02631,0.5009
497,4079616,1019904,1662,1485.9,31.47,,-0.0394,0.0878,2.0344,0.0298,0.4934
498,4087808,1021952,1667,1488.3,31.61,,-0.0347,0.122,2.0555,0.02859,0.5015
499,4096000,1024000,1668,1490.7,31.55,,-0.0397,0.1001,1.9907,0.02798,0.5005
500,4104192,1026048,1671,1558.3,31.85,784.5999755859375,-0.0343,0.0922,1.9984,0.01916,0.4442
501,4112384,1028096,1673,1560.7,31.86,,-0.038,0.0894,1.9477,0.02513,0.4634
502,4120576,1030144,1676,1563.2,31.83,,-0.0353,0.0973,1.9936,0.0257,0.484
503,4128768,1032192,1679,1565.6,32.08,,-0.0355,0.1105,2.0188,0.02565,0.478
504,4136960,1034240,1683,1568.1,32.09,,-0.0355,0.1244,2.0341,0.02736,0.5056
505,4145152,1036288,1686,1570.5,32.28,,-0.0329,0.1094,2.0584,0.01983,0.4824
506,4153344,1038336,1688,1572.9,32.27,,-0.0379,0.1045,2.1103,0.01982,0.4663
507,4161536,1040384,1689,1575.3,32.36,,-0.0374,0.0819,1.9903,0.02512,0.4601
508,4169728,1042432,1695,1577.8,32.01,,-0.0373,0.1129,1.9698,0.0237,0.4645
509,4177920,1044480,1699,1580.2,31.9,,-0.0367,0.0924,2.0129,0.0185,0.439
510,4186112,1046528,1703,1582.7,31.79,,-0.0375,0.096,2.0347,0.02094,0.457
511,4194304,1048576,1703,1585.1,31.79,,-0.0377,0.084,2.1091,0.02081,0.4653
512,4202496,1050624,1706,1587.5,31.69,,-0.0382,0.1078,1.9766,0.02729,0.4664
513,4210688,1052672,1710,1589.9,31.73,,-0.0344,0.1271,2.0326,0.02667,0.4769
514,4218880,1054720,1714,1592.4,31.86,,-0.0352,0.0997,2.0223,0.02462,0.473
515,4227072,1056768,1716,1594.8,31.89,,-0.0369,0.0984,2.045,0.02138,0.455
516,4235264,1058816,1720,1597.2,32.02,,-0.0374,0.097,2.0131,0.0242,0.4757
517,4243456,1060864,1721,1599.6,32.0,,-0.0397,0.0817,2.096,0.02047,0.4661
518,4251648,1062912,1723,1602.1,32.28,,-0.0383,0.0914,2.0697,0.02309,0.4646
519,4259840,1064960,1727,1604.5,32.32,,-0.0378,0.1227,2.0188,0.02213,0.4572
520,4268032,1067008,1730,1607.0,32.47,,-0.0384,0.0769,2.1165,0.02098,0.4661
521,4276224,1069056,1734,1609.4,32.41,,-0.0396,0.0827,2.0747,0.02391,0.469
522,4284416,1071104,1736,1611.8,32.47,,-0.0374,0.1098,2.1049,0.02238,0.4679
523,4292608,1073152,1739,1614.2,32.48,,-0.0392,0.0979,2.1167,0.01987,0.4586
524,4300800,1075200,1743,1616.7,32.53,,-0.039,0.0949,2.0503,0.02577,0.5032
525,4308992,1077248,1747,1619.1,32.17,,-0.0379,0.0783,2.0476,0.01969,0.4537
526,4317184,1079296,1751,1621.5,32.15,,-0.035,0.0775,2.0435,0.01749,0.4357
527,4325376,1081344,1751,1624.0,32.15,,-0.0339,0.0854,2.0164,0.01866,0.4551
528,4333568,1083392,1754,1626.4,32.21,,-0.0408,0.1298,1.9764,0.03144,0.4984
529,4341760,1085440,1760,1628.8,32.13,,-0.032,0.102,2.0021,0.02337,0.446
530,4349952,1087488,1761,1631.3,32.18,,-0.0368,0.0887,1.9811,0.0195,0.4435
531,4358144,1089536,1764,1633.7,32.5,,-0.034,0.0979,2.0481,0.02165,0.4619
532,4366336,1091584,1767,1636.1,32.5,,-0.038,0.0969,1.9941,0.0189,0.4265
533,4374528,1093632,1770,1638.6,32.54,,-0.0362,0.0816,2.0089,0.02309,0.4647
534,4382720,1095680,1773,1641.0,32.36,,-0.0365,0.096,1.9837,0.0199,0.4202
535,4390912,1097728,1775,1643.4,32.55,,-0.0367,0.1016,2.0567,0.01725,0.4347
536,4399104,1099776,1777,1645.8,32.53,,-0.0362,0.1088,1.9377,0.02228,0.4236
537,4407296,1101824,1781,1648.3,32.71,,-0.04,0.101,2.0617,0.02779,0.4845
538,4415488,1103872,1785,1650.7,32.53,,-0.0401,0.0953,2.0496,0.02447,0.4601
539,4423680,1105920,1787,1653.1,32.63,,-0.0382,0.0994,2.0868,0.02063,0.453
540,4431872,1107968,1791,1655.6,32.79,,-0.0367,0.1052,2.0666,0.02418,0.4612
541,4440064,1110016,1794,1658.0,32.87,,-0.0379,0.1226,2.0589,0.01608,0.4072
542,4448256,1112064,1796,1660.4,32.81,,-0.0399,0.0902,2.1098,0.02113,0.4524
543,4456448,1114112,1798,1662.8,32.96,,-0.0381,0.1129,2.0562,0.01709,0.4286
544,4464640,1116160,1802,1665.3,33.24,,-0.0398,0.0771,2.1004,0.02493,0.4789
545,4472832,1118208,1805,1667.7,33.43,,-0.0397,0.118,2.1029,0.02692,0.4662
546,4481024,1120256,1806,1670.1,33.51,,-0.0379,0.1233,2.0929,0.02076,0.4446
547,4489216,1122304,1811,1672.6,33.72,,-0.0412,0.1089,2.1582,0.0236,0.4884
548,4497408,1124352,1813,1675.0,33.61,,-0.0392,0.0929,2.1254,0.01763,0.4492
549,4505600,1126400,1814,1677.4,33.63,,-0.0408,0.0865,2.1055,0.02486,0.4808
550,4513792,1128448,1819,1679.8,33.63,,-0.0361,0.121,2.0699,0.02502,0.465
551,4521984,1130496,1826,1682.3,33.6,,-0.0312,0.1035,2.0869,0.01874,0.4279
552,4530176,1132544,1827,1684.7,33.55,,-0.04,0.0922,2.066,0.02189,0.4518
553,4538368,1134592,1828,1687.1,33.5,,-0.0359,0.1065,2.1272,0.02281,0.468
554,4546560,1136640,1831,1689.6,33.48,,-0.0407,0.0715,2.0849,0.02675,0.4821
555,4554752,1138688,1833,1692.0,33.57,,-0.0337,0.0949,2.0741,0.02629,0.499
556,4562944,1140736,1840,1694.4,33.5,,-0.0297,0.1003,2.0189,0.02469,0.4972
557,4571136,1142784,1842,1696.8,33.53,,-0.036,0.0861,2.0473,0.021,0.4446
558,4579328,1144832,1844,1699.3,33.68,,-0.0354,0.0965,1.9378,0.02951,0.4905
559,4587520,1146880,1845,1701.7,33.67,,-0.0376,0.0805,2.0003,0.02809,0.4904
560,4595712,1148928,1848,1704.1,33.86,,-0.0355,0.116,1.9938,0.02365,0.4698
561,4603904,1150976,1853,1706.6,33.91,,-0.0367,0.1108,2.0749,0.02522,0.4711
562,4612096,1153024,1856,1709.0,34.16,,-0.0387,0.1055,2.058,0.02812,0.4679
563,4620288,1155072,1859,1711.4,34.19,,-0.0373,0.1021,2.0077,0.021,0.4653
564,4628480,1157120,1861,1713.8,33.97,,-0.0339,0.1371,2.0091,0.02149,0.426
565,4636672,1159168,1863,1716.3,34.0,,-0.041,0.0862,2.0123,0.03002,0.5
566,4644864,1161216,1866,1718.7,33.86,,-0.0369,0.1145,2.0338,0.02747,0.4788
567,4653056,1163264,1871,1721.2,34.23,,-0.0352,0.0988,1.9258,0.02584,0.4644
568,4661248,1165312,1873,1723.6,34.25,,-0.0399,0.093,2.0579,0.02342,0.4615
569,4669440,1167360,1877,1726.0,34.32,,-0.0368,0.0958,1.9833,0.03113,0.5172
570,4677632,1169408,1879,1728.4,34.0,,-0.0384,0.0773,1.9965,0.0283,0.4829
571,4685824,1171456,1881,1730.9,33.75,,-0.0332,0.1127,1.9069,0.0201,0.4288
572,4694016,1173504,1885,1733.3,33.78,,-0.0333,0.1032,1.9716,0.03119,0.4684
573,4702208,1175552,1887,1735.7,33.79,,-0.0389,0.0966,1.944,0.02577,0.4677
574,4710400,1177600,1889,1738.1,33.6,,-0.0358,0.109,1.9727,0.02984,0.4926
575,4718592,1179648,1896,1740.6,34.17,,-0.037,0.1004,1.9333,0.02903,0.4686
576,4726784,1181696,1898,1743.0,34.11,,-0.0378,0.0916,1.9596,0.02719,0.4747
577,4734976,1183744,1900,1745.4,34.04,,-0.0386,0.0758,1.9282,0.0258,0.47
578,4743168,1185792,1901,1747.9,34.11,,-0.038,0.0883,1.9043,0.02562,0.4689
579,4751360,1187840,1907,1750.3,33.87,,-0.0355,0.1127,1.9214,0.02503,0.4502
580,4759552,1189888,1909,1752.8,33.82,,-0.0351,0.1056,2.0067,0.02102,0.4543
581,4767744,1191936,1911,1755.2,33.86,,-0.0374,0.0977,2.0066,0.02496,0.4763
582,4775936,1193984,1914,1757.6,34.04,,-0.0343,0.1165,1.9832,0.03107,0.49
583,4784128,1196032,1917,1760.0,33.84,,-0.0319,0.1446,1.8859,0.02498,0.4735
584,4792320,1198080,1920,1762.5,33.75,,-0.0329,0.1284,1.8778,0.02138,0.4299
585,4800512,1200128,1924,1764.9,33.85,,-0.0366,0.1409,1.8746,0.02037,0.4269
586,4808704,1202176,1926,1767.3,34.19,,-0.0363,0.1006,1.9665,0.02306,0.4447
587,4816896,1204224,1929,1769.7,34.25,,-0.036,0.0841,1.9453,0.02352,0.4724
588,4825088,1206272,1933,1772.2,34.43,,-0.0348,0.1052,1.9502,0.02485,0.4589
589,4833280,1208320,1935,1774.6,34.21,,-0.0286,0.1142,1.9453,0.01878,0.4224
590,4841472,1210368,1939,1777.0,34.56,,-0.0395,0.1002,1.9876,0.0282,0.4623
591,4849664,1212416,1941,1779.4,34.66,,-0.0357,0.1124,1.9602,0.02595,0.4751
592,4857856,1214464,1943,1781.9,34.57,,-0.0374,0.1202,1.9333,0.02297,0.449
593,4866048,1216512,1947,1784.3,34.84,,-0.0339,0.1137,1.8798,0.02568,0.4601
594,4874240,1218560,1950,1786.7,34.82,,-0.0369,0.1009,1.922,0.02169,0.4391
595,4882432,1220608,1953,1789.2,35.14,,-0.0373,0.1115,1.8486,0.02667,0.4659
596,4890624,1222656,1956,1791.6,35.14,,-0.0356,0.0868,1.9458,0.02262,0.4561
597,4898816,1224704,1957,1794.0,35.18,,-0.0355,0.1016,1.9007,0.02797,0.464
598,4907008,1226752,1961,1796.4,35.48,,-0.0384,0.0993,1.9479,0.02834,0.4501
599,4915200,1228800,1962,1798.9,35.42,,-0.0381,0.0967,1.9412,0.02995,0.4796
600,4923392,1230848,1968,1865.4,35.2,810.030029296875,-0.0327,0.1679,1.8915,0.02647,0.4644
601,4931584,1232896,1972,1867.8,35.3,,-0.0347,0.1298,1.9555,0.02003,0.4258
602,4939776,1234944,1974,1870.2,35.35,,-0.0366,0.1205,1.9365,0.01962,0.425
603,4947968,1236992,1976,1872.6,35.06,,-0.034,0.1184,1.8869,0.02599,0.4691
604,4956160,1239040,1976,1875.1,35.06,,-0.0349,0.1069,1.9333,0.02768,0.4735
605,4964352,1241088,1979,1877.5,35.42,,-0.0351,0.118,1.8619,0.03053,0.473
606,4972544,1243136,1984,1879.9,35.69,,-0.036,0.1059,1.9344,0.025,0.4608
607,4980736,1245184,1990,1882.4,35.65,,-0.0373,0.132,1.9536,0.02656,0.4688
608,4988928,1247232,1991,1884.8,35.74,,-0.035,0.1214,1.9778,0.01719,0.4171
609,4997120,1249280,1993,1887.2,35.66,,-0.0355,0.1322,1.9119,0.02433,0.4573
610,5005312,1251328,1995,1889.6,35.68,,-0.0365,0.1173,1.9014,0.02801,0.4636
611,5013504,1253376,1997,1892.0,35.84,,-0.0388,0.132,1.9109,0.02705,0.4443
612,5021696,1255424,2002,1894.5,36.12,,-0.0347,0.1528,1.9081,0.02353,0.449
613,5029888,1257472,2007,1896.9,36.38,,-0.0305,0.1253,1.9611,0.0214,0.4373
614,5038080,1259520,2008,1899.3,36.35,,-0.0376,0.1054,1.9976,0.02315,0.465
615,5046272,1261568,2009,1901.8,36.4,,-0.0356,0.1176,1.9983,0.02211,0.4539
616,5054464,1263616,2012,1904.2,36.15,,-0.0391,0.1041,1.9709,0.02715,0.4719
617,5062656,1265664,2016,1906.6,36.05,,-0.0339,0.1542,1.9354,0.0206,0.4269
618,5070848,1267712,2020,1909.1,36.37,,-0.0359,0.0947,2.0117,0.02522,0.4674
619,5079040,1269760,2022,1911.5,36.36,,-0.0362,0.0906,1.9799,0.02664,0.4799
620,5087232,1271808,2024,1913.9,36.32,,-0.0336,0.1205,2.0342,0.02912,0.4794
621,5095424,1273856,2026,1916.3,36.29,,-0.0361,0.0945,1.9723,0.02148,0.45
622,5103616,1275904,2027,1918.8,36.37,,-0.038,0.1007,2.0218,0.02595,0.4773
623,5111808,1277952,2034,1921.2,36.44,,-0.0361,0.1011,1.926,0.0246,0.4602
624,5120000,1280000,2035,1923.6,36.56,,-0.0385,0.1017,2.0623,0.02453,0.4713
625,5128192,1282048,2039,1926.1,36.49,,-0.0342,0.1328,2.0012,0.02289,0.4561
626,5136384,1284096,2041,1928.5,36.42,,-0.0351,0.1007,2.0623,0.02735,0.4814
627,5144576,1286144,2044,1930.9,36.47,,-0.0379,0.1055,2.0059,0.02556,0.4878
628,5152768,1288192,2048,1933.3,36.26,,-0.0376,0.0939,2.0312,0.02423,0.4591
629,5160960,1290240,2050,1935.8,36.29,,-0.0357,0.1048,2.013,0.02309,0.4445
630,5169152,1292288,2053,1938.2,35.87,,-0.0381,0.1223,2.0231,0.02939,0.4879
631,5177344,1294336,2057,1940.6,35.87,,-0.0371,0.0681,1.9857,0.02641,0.4777
632,5185536,1296384,2058,1943.0,35.86,,-0.0387,0.0977,2.028,0.02289,0.4783
633,5193728,1298432,2062,1945.5,35.54,,-0.0359,0.0886,1.9741,0.0268,0.4801
634,5201920,1300480,2066,1947.9,35.57,,-0.0387,0.0889,2.0221,0.02846,0.4834
635,5210112,1302528,2068,1950.3,35.7,,-0.0376,0.095,1.9978,0.02402,0.457
636,5218304,1304576,2073,1952.8,35.36,,-0.0363,0.1186,2.0135,0.0212,0.434
637,5226496,1306624,2074,1955.2,35.26,,-0.0381,0.0874,2.0368,0.03035,0.5138
638,5234688,1308672,2075,1957.6,35.46,,-0.0348,0.1127,1.9608,0.02106,0.4442
639,5242880,1310720,2077,1960.0,35.18,,-0.037,0.1239,2.0123,0.02246,0.4374
640,5251072,1312768,2083,1962.5,35.19,,-0.0392,0.0918,1.9971,0.02783,0.4844
641,5259264,1314816,2086,1964.9,35.27,,-0.0366,0.088,2.0502,0.02642,0.4941
642,5267456,1316864,2089,1967.4,35.24,,-0.0357,0.1151,1.9105,0.02462,0.4742
643,5275648,1318912,2091,1969.8,35.08,,-0.0372,0.0859,2.0267,0.02472,0.4722
644,5283840,1320960,2091,1972.2,35.08,,-0.0407,0.0931,1.9198,0.03517,0.5043
645,5292032,1323008,2097,1974.6,35.01,,-0.0395,0.131,1.8682,0.03149,0.4834
646,5300224,1325056,2098,1977.0,35.07,,-0.0363,0.0824,1.937,0.02869,0.4849
647,5308416,1327104,2102,1979.5,34.98,,-0.0375,0.1189,1.9467,0.02124,0.4297
648,5316608,1329152,2105,1981.9,34.89,,-0.034,0.0992,1.9223,0.02263,0.4473
649,5324800,1331200,2107,1984.3,34.87,,-0.0385,0.0974,2.0348,0.02801,0.4742
650,5332992,1333248,2109,1986.8,34.77,,-0.0404,0.0846,1.9597,0.03323,0.4783
651,5341184,1335296,2114,1989.2,34.85,,-0.0372,0.0934,1.9435,0.02779,0.4785
652,5349376,1337344,2117,1991.7,34.89,,-0.0335,0.1068,2.0383,0.02575,0.4742
653,5357568,1339392,2120,1994.1,34.81,,-0.0371,0.0907,2.0041,0.0286,0.4818
654,5365760,1341440,2121,1996.5,34.86,,-0.0398,0.0922,2.1038,0.02362,0.4727
655,5373952,1343488,2123,1998.9,34.77,,-0.0391,0.0795,2.0544,0.02772,0.5052
656,5382144,1345536,2126,2001.4,34.78,,-0.0392,0.0824,2.0951,0.02228,0.4752
657,5390336,1347584,2132,2003.8,34.46,,-0.0351,0.1134,2.0209,0.0251,0.4677
658,5398528,1349632,2134,2006.2,34.41,,-0.0381,0.0847,2.0624,0.02399,0.4766
659,5406720,1351680,2137,2008.7,34.67,,-0.0358,0.1163,2.0202,0.03092,0.4819
660,5414912,1353728,2141,2011.1,34.27,,-0.0392,0.091,2.0295,0.02227,0.4579
661,5423104,1355776,2142,2013.5,34.21,,-0.0372,0.094,2.0543,0.02108,0.4507
662,5431296,1357824,2143,2015.9,34.31,,-0.0363,0.1245,2.0617,0.02026,0.4307
663,5439488,1359872,2148,2018.4,34.67,,-0.0365,0.1065,2.0543,0.02306,0.4465
664,5447680,1361920,2152,2020.8,34.9,,-0.0369,0.1066,2.0466,0.02276,0.4438
665,5455872,1363968,2157,2023.2,34.96,,-0.0361,0.1047,2.0705,0.02115,0.4421
666,5464064,1366016,2158,2025.6,34.86,,-0.0342,0.0955,2.1214,0.02043,0.4377
667,5472256,1368064,2158,2028.0,34.86,,-0.0376,0.1118,2.1526,0.02326,0.4628
668,5480448,1370112,2163,2030.5,35.17,,-0.0352,0.1255,2.1011,0.02212,0.4349
669,5488640,1372160,2166,2032.9,35.08,,-0.0428,0.1154,2.134,0.02675,0.4879
670,5496832,1374208,2172,2035.4,35.12,,-0.0401,0.1219,2.1271,0.02284,0.4587
671,5505024,1376256,2174,2037.8,35.42,,-0.0362,0.1218,2.0944,0.02111,0.4531
672,5513216,1378304,2174,2040.2,35.42,,-0.0383,0.0984,2.1537,0.02067,0.4575
673,5521408,1380352,2176,2042.6,35.43,,-0.0391,0.1542,2.08,0.02351,0.4799
674,5529600,1382400,2182,2045.1,35.62,,-0.0349,0.1159,2.1609,0.02455,0.4561
675,5537792,1384448,2183,2047.5,35.59,,-0.0417,0.0925,2.1323,0.02108,0.4456
676,5545984,1386496,2188,2049.9,35.37,,-0.0367,0.1093,2.0768,0.0258,0.4884
677,5554176,1388544,2191,2052.4,35.24,,-0.036,0.116,2.1843,0.0244,0.4957
678,5562368,1390592,2192,2054.8,35.34,,-0.0376,0.1267,2.1458,0.02285,0.4634
679,5570560,1392640,2196,2057.2,35.14,,-0.0383,0.1101,2.1405,0.02208,0.4504
680,5578752,1394688,2200,2059.7,35.05,,-0.0377,0.0861,2.141,0.03053,0.4902
681,5586944,1396736,2203,2062.1,34.89,,-0.0414,0.0993,2.1162,0.02381,0.4723
682,5595136,1398784,2205,2064.5,34.73,,-0.0351,0.111,2.1454,0.02225,0.4729
683,5603328,1400832,2210,2067.0,34.66,,-0.0394,0.0847,2.1627,0.02051,0.4698
684,5611520,1402880,2210,2069.4,34.66,,-0.039,0.0955,2.145,0.02213,0.4615
685,5619712,1404928,2212,2071.8,34.5,,-0.0424,0.0815,2.0876,0.02921,0.507
686,5627904,1406976,2218,2074.2,34.62,,-0.0386,0.0852,2.1397,0.02635,0.5054
687,5636096,1409024,2220,2076.7,34.57,,-0.0395,0.0935,2.1369,0.02646,0.4806
688,5644288,1411072,2223,2079.1,34.48,,-0.0387,0.1041,2.176,0.02446,0.4573
689,5652480,1413120,2226,2081.5,34.37,,-0.0411,0.0888,2.2116,0.02289,0.4777
690,5660672,1415168,2227,2083.9,34.3,,-0.0386,0.0952,2.1752,0.02092,0.4738
691,5668864,1417216,2230,2086.4,34.43,,-0.0402,0.0947,2.205,0.02482,0.4993
692,5677056,1419264,2233,2088.8,34.47,,-0.0425,0.0995,2.1941,0.0263,0.4982
693,5685248,1421312,2239,2091.3,34.08,,-0.0402,0.1099,2.1585,0.02456,0.4771
694,5693440,1423360,2242,2093.7,34.12,,-0.0375,0.0876,2.2325,0.02161,0.476
695,5701632,1425408,2243,2096.1,34.09,,-0.0394,0.116,2.1672,0.02097,0.4572
696,5709824,1427456,2247,2098.5,33.77,,-0.0339,0.1249,2.0562,0.01735,0.4171
697,5718016,1429504,2249,2101.0,33.8,,-0.0403,0.0915,2.1172,0.01884,0.4493
698,5726208,1431552,2252,2103.4,33.61,,-0.0384,0.092,2.0538,0.02816,0.4963
699,5734400,1433600,2257,2105.8,33.54,,-0.0344,0.1123,2.1054,0.02262,0.4698
700,5742592,1435648,2258,2196.4,33.63,1144.18994140625,-0.0401,0.0945,2.1374,0.02102,0.4659
701,5750784,1437696,2258,2198.8,33.63,,-0.0373,0.0928,2.0807,0.02642,0.4899
702,5758976,1439744,2262,2201.2,33.73,,-0.0381,0.1424,2.0987,0.02436,0.4677
703,5767168,1441792,2264,2203.7,33.84,,-0.0388,0.103,2.1282,0.0264,0.4874
704,5775360,1443840,2268,2206.1,34.24,,-0.0372,0.1129,2.068,0.0276,0.4829
705,5783552,1445888,2274,2208.5,34.04,,-0.0368,0.1244,2.1145,0.02045,0.4491
706,5791744,1447936,2275,2211.0,34.01,,-0.0369,0.1052,2.1045,0.01811,0.4185
707,5799936,1449984,2275,2213.4,34.01,,-0.0385,0.0988,2.0787,0.0236,0.4728
708,5808128,1452032,2279,2215.8,33.94,,-0.0402,0.1155,2.117,0.02697,0.483
709,5816320,1454080,2283,2218.2,33.89,,-0.0401,0.1003,2.1047,0.02867,0.4951
710,5824512,1456128,2285,2220.7,33.93,,-0.0394,0.1102,2.1391,0.02295,0.4686
711,5832704,1458176,2289,2223.1,34.03,,-0.0348,0.1131,2.1147,0.01847,0.4459
712,5840896,1460224,2292,2225.5,34.23,,-0.0363,0.1146,2.0765,0.02182,0.473
713,5849088,1462272,2293,2228.0,34.17,,-0.0365,0.1131,2.0716,0.02361,0.4586
714,5857280,1464320,2296,2230.4,34.31,,-0.0358,0.1213,2.0697,0.02257,0.463
715,5865472,1466368,2299,2232.8,34.52,,-0.0383,0.1108,2.0011,0.02874,0.4823
716,5873664,1468416,2301,2235.2,34.29,,-0.0361,0.1199,1.9324,0.02202,0.4562
717,5881856,1470464,2305,2237.7,34.59,,-0.0306,0.1303,1.9344,0.02034,0.4065
718,5890048,1472512,2308,2240.1,34.77,,-0.038,0.1223,1.9551,0.02234,0.4373
719,5898240,1474560,2309,2242.5,34.75,,-0.0339,0.1225,1.9781,0.0244,0.463
720,5906432,1476608,2315,2245.0,35.31,,-0.0322,0.1582,1.9469,0.02299,0.4557
721,5914624,1478656,2316,2247.4,35.45,,-0.0372,0.0791,2.0787,0.01991,0.4353
722,5922816,1480704,2317,2249.8,35.44,,-0.0406,0.1033,1.9898,0.02071,0.4509
723,5931008,1482752,2320,2252.2,35.5,,-0.0361,0.1313,2.0336,0.0256,0.4618
724,5939200,1484800,2324,2254.7,35.65,,-0.0362,0.1324,1.9573,0.02449,0.4436
725,5947392,1486848,2325,2257.1,35.74,,-0.036,0.1268,2.0156,0.02835,0.4978
726,5955584,1488896,2330,2259.5,36.13,,-0.0362,0.1435,1.9612,0.02988,0.4661
727,5963776,1490944,2332,2261.9,36.42,,-0.0371,0.099,1.9948,0.02399,0.4573
728,5971968,1492992,2333,2264.3,36.46,,-0.0338,0.1214,1.8993,0.02263,0.4336
729,5980160,1495040,2338,2266.8,36.78,,-0.0332,0.1569,1.9523,0.02557,0.4373
730,5988352,1497088,2340,2269.2,37.02,,-0.0334,0.1218,1.8787,0.02198,0.4407
731,5996544,1499136,2341,2271.6,37.12,,-0.0369,0.1078,1.9449,0.02473,0.4556
732,6004736,1501184,2345,2274.1,37.39,,-0.0345,0.1523,1.8523,0.03203,0.4821
733,6012928,1503232,2348,2276.5,37.74,,-0.0349,0.1574,1.9104,0.02942,0.4655
734,6021120,1505280,2350,2278.9,37.63,,-0.0322,0.1423,1.8791,0.03187,0.5016
735,6029312,1507328,2354,2281.4,37.89,,-0.0364,0.1108,1.9184,0.0343,0.4967
736,6037504,1509376,2356,2283.8,38.03,,-0.0345,0.1509,1.8795,0.03253,0.4718
737,6045696,1511424,2359,2286.2,38.12,,-0.0334,0.1229,1.9168,0.02801,0.4739
738,6053888,1513472,2361,2288.6,38.08,,-0.0382,0.1187,1.9494,0.03579,0.4934
739,6062080,1515520,2362,2291.0,38.01,,-0.0384,0.1162,1.9104,0.03099,0.4927
740,6070272,1517568,2368,2293.5,38.03,,-0.0364,0.1313,1.9621,0.02813,0.4679
741,6078464,1519616,2368,2295.9,38.03,,-0.0382,0.0949,1.9119,0.02213,0.4536
742,6086656,1521664,2371,2298.3,38.36,,-0.0327,0.1265,1.9043,0.02478,0.4585
743,6094848,1523712,2374,2300.8,38.5,,-0.0342,0.1359,1.8276,0.03617,0.48
744,6103040,1525760,2379,2303.2,38.63,,-0.0378,0.0968,1.9182,0.03141,0.4669
745,6111232,1527808,2381,2305.6,38.6,,-0.0401,0.0961,2.0018,0.03085,0.4803
746,6119424,1529856,2383,2308.1,38.91,,-0.0389,0.1096,1.9775,0.02793,0.4832
747,6127616,1531904,2385,2310.5,39.05,,-0.0356,0.1291,1.9789,0.02763,0.4513
748,6135808,1533952,2386,2312.9,39.09,,-0.0383,0.1006,1.9869,0.03303,0.4911
749,6144000,1536000,2390,2315.3,39.07,,-0.0296,0.1367,1.8473,0.0342,0.5121
750,6152192,1538048,2394,2317.7,39.18,,-0.0386,0.1132,1.9845,0.02997,0.4888
751,6160384,1540096,2397,2320.2,39.2,,-0.0303,0.1358,1.9719,0.03099,0.4984
752,6168576,1542144,2398,2322.6,39.2,,-0.0405,0.0809,2.023,0.01988,0.441
753,6176768,1544192,2402,2325.0,39.52,,-0.034,0.1478,1.9261,0.02959,0.4625
754,6184960,1546240,2405,2327.5,39.38,,-0.0335,0.0938,2.0265,0.02259,0.4644
755,6193152,1548288,2407,2329.9,39.32,,-0.0341,0.1174,1.9895,0.02142,0.4335
756,6201344,1550336,2410,2332.3,39.53,,-0.0361,0.1019,2.0173,0.03023,0.4895
757,6209536,1552384,2412,2334.7,39.67,,-0.0384,0.1169,2.0275,0.02463,0.4503
758,6217728,1554432,2415,2337.2,39.45,,-0.0387,0.117,2.0242,0.01958,0.4316
759,6225920,1556480,2418,2339.6,39.32,,-0.0319,0.106,2.1352,0.01884,0.4261
760,6234112,1558528,2418,2342.0,39.32,,-0.0407,0.1001,2.0183,0.02959,0.494
761,6242304,1560576,2425,2344.5,39.29,,-0.0361,0.1855,1.9382,0.02512,0.4503
762,6250496,1562624,2426,2346.9,39.18,,-0.0365,0.089,1.9681,0.02008,0.4341
763,6258688,1564672,2428,2349.3,39.14,,-0.0366,0.1254,1.9747,0.02109,0.4218
764,6266880,1566720,2432,2351.7,38.88,,-0.0374,0.1008,1.9441,0.02177,0.4343
765,6275072,1568768,2435,2354.2,39.05,,-0.0377,0.1313,2.0324,0.01924,0.4385
766,6283264,1570816,2436,2356.6,39.0,,-0.0381,0.1116,1.9768,0.02262,0.4482
767,6291456,1572864,2439,2359.0,38.99,,-0.0354,0.1457,1.9742,0.02591,0.4397
768,6299648,1574912,2442,2361.4,38.97,,-0.0349,0.1194,1.8691,0.02686,0.4531
769,6307840,1576960,2447,2363.9,38.98,,-0.0338,0.1425,1.9328,0.02372,0.4304
770,6316032,1579008,2448,2366.3,38.96,,-0.0355,0.1065,2.0166,0.02382,0.4611
771,6324224,1581056,2451,2368.7,39.09,,-0.0373,0.0996,2.0576,0.01837,0.42
772,6332416,1583104,2452,2371.2,39.09,,-0.0401,0.0971,2.1061,0.02055,0.4498
773,6340608,1585152,2454,2373.6,39.08,,-0.037,0.1495,1.9584,0.03087,0.4667
774,6348800,1587200,2457,2376.0,38.96,,-0.0393,0.1453,1.9879,0.0279,0.4788
775,6356992,1589248,2461,2378.4,39.23,,-0.0379,0.1581,1.8988,0.02842,0.4587
776,6365184,1591296,2464,2380.9,39.45,,-0.0399,0.0985,1.9642,0.02547,0.4758
777,6373376,1593344,2466,2383.3,39.39,,-0.0335,0.1425,1.9822,0.02562,0.4625
778,6381568,1595392,2468,2385.7,39.42,,-0.0361,0.0944,2.0709,0.02713,0.4836
779,6389760,1597440,2470,2388.1,39.37,,-0.0371,0.112,2.0341,0.02436,0.4515
780,6397952,1599488,2471,2390.6,39.31,,-0.0353,0.1209,1.857,0.02784,0.4528
781,6406144,1601536,2474,2393.0,39.11,,-0.0337,0.1233,1.8164,0.02956,0.4702
782,6414336,1603584,2481,2395.5,39.64,,-0.034,0.1297,1.9158,0.02483,0.4685
783,6422528,1605632,2484,2397.9,39.77,,-0.0359,0.1285,1.9451,0.02794,0.458
784,6430720,1607680,2485,2400.3,39.69,,-0.038,0.0973,1.9687,0.02286,0.468
785,6438912,1609728,2487,2402.7,39.79,,-0.0365,0.1129,1.9442,0.02697,0.4749
786,6447104,1611776,2488,2405.1,39.79,,-0.0353,0.1394,1.8741,0.0297,0.4684
787,6455296,1613824,2492,2407.6,39.94,,-0.0334,0.1585,1.8208,0.03702,0.4836
788,6463488,1615872,2498,2410.0,39.94,,-0.0376,0.1183,1.8886,0.02326,0.4552
789,6471680,1617920,2501,2412.4,39.95,,-0.0351,0.1236,2.0372,0.02443,0.4658
790,6479872,1619968,2501,2414.9,39.95,,-0.0371,0.1085,1.9489,0.01914,0.4275
791,6488064,1622016,2504,2417.3,39.94,,-0.0356,0.123,1.898,0.03272,0.4806
792,6496256,1624064,2507,2419.7,39.65,,-0.0328,0.1209,1.9164,0.02744,0.4677
793,6504448,1626112,2512,2422.2,39.55,,-0.0329,0.1419,1.9313,0.02692,0.4553
794,6512640,1628160,2514,2424.6,39.69,,-0.0326,0.1261,1.8878,0.02497,0.4725
795,6520832,1630208,2517,2427.0,39.79,,-0.0342,0.133,1.8784,0.02556,0.4415
796,6529024,1632256,2519,2429.4,39.82,,-0.0348,0.115,1.8347,0.02066,0.433
797,6537216,1634304,2521,2431.9,39.92,,-0.0305,0.1364,1.8444,0.02313,0.4263
798,6545408,1636352,2524,2434.3,39.82,,-0.0336,0.1377,1.8553,0.02683,0.4532
799,6553600,1638400,2527,2436.7,39.84,,-0.0362,0.1201,1.884,0.02311,0.4397
800,6561792,1640448,2528,2510.5,39.98,1021.97998046875,-0.0404,0.0932,1.9131,0.02512,0.4631
801,6569984,1642496,2531,2513.0,40.07,,-0.0377,0.1246,1.8799,0.0238,0.4388
802,6578176,1644544,2536,2515.4,40.07,,-0.0315,0.1123,1.9259,0.02516,0.4633
803,6586368,1646592,2538,2517.8,39.99,,-0.0355,0.1219,1.865,0.02428,0.4236
804,6594560,1648640,2541,2520.3,39.99,,-0.0365,0.1491,1.828,0.02709,0.4568
805,6602752,1650688,2543,2522.7,40.09,,-0.0338,0.1353,1.8182,0.02727,0.4454
806,6610944,1652736,2546,2525.1,39.77,,-0.0351,0.1426,1.7898,0.02544,0.4252
807,6619136,1654784,2551,2527.6,39.97,,-0.0398,0.1046,1.9205,0.02422,0.4663
808,6627328,1656832,2552,2530.0,39.94,,-0.039,0.0977,1.9519,0.02613,0.453
809,6635520,1658880,2555,2532.4,39.91,,-0.0364,0.1399,1.9202,0.02755,0.4629
810,6643712,1660928,2558,2534.8,39.86,,-0.0329,0.1258,1.8754,0.03388,0.4666
811,6651904,1662976,2561,2537.3,39.54,,-0.0381,0.0932,1.8948,0.02624,0.4702
812,6660096,1665024,2564,2539.7,39.46,,-0.033,0.1464,1.8916,0.02258,0.4401
813,6668288,1667072,2567,2542.1,39.51,,-0.0307,0.1562,1.913,0.02455,0.4401
814,6676480,1669120,2568,2544.5,39.3,,-0.0399,0.0835,1.9605,0.02521,0.4529
815,6684672,1671168,2569,2546.9,39.31,,-0.0305,0.1338,1.7463,0.0235,0.4358
816,6692864,1673216,2573,2549.4,39.68,,-0.032,0.1437,1.6765,0.02728,0.443
817,6701056,1675264,2576,2551.8,39.51,,-0.0286,0.1763,1.8212,0.02831,0.463
818,6709248,1677312,2580,2554.3,39.11,,-0.0273,0.2071,1.8353,0.02528,0.4121
819,6717440,1679360,2583,2556.7,39.2,,-0.0347,0.1349,1.9091,0.03105,0.4497
820,6725632,1681408,2584,2559.1,39.83,,-0.0348,0.0944,1.9033,0.02356,0.4597
821,6733824,1683456,2584,2561.5,39.83,,-0.0303,0.1297,1.789,0.02546,0.432
822,6742016,1685504,2590,2564.0,39.7,,-0.0287,0.1456,1.7639,0.02237,0.4092
823,6750208,1687552,2593,2566.4,39.52,,-0.0333,0.1113,1.8632,0.02232,0.4355
824,6758400,1689600,2597,2568.9,39.75,,-0.0297,0.1278,1.929,0.02123,0.4232
825,6766592,1691648,2599,2571.3,39.77,,-0.0367,0.0931,2.0212,0.02502,0.4554
826,6774784,1693696,2601,2573.7,39.62,,-0.0328,0.1123,1.8919,0.02597,0.4524
827,6782976,1695744,2604,2576.1,39.58,,-0.0316,0.121,1.9035,0.02425,0.4393
828,6791168,1697792,2606,2578.5,39.84,,-0.0322,0.148,1.9351,0.01716,0.3976
829,6799360,1699840,2610,2581.0,40.02,,-0.0346,0.1753,1.913,0.03095,0.443
830,6807552,1701888,2614,2583.4,40.05,,-0.034,0.1473,1.8519,0.02526,0.4403
831,6815744,1703936,2615,2585.8,40.21,,-0.0375,0.1022,1.8854,0.03305,0.4694
832,6823936,1705984,2617,2588.2,40.07,,-0.0318,0.129,1.7733,0.01903,0.3778
833,6832128,1708032,2620,2590.7,40.11,,-0.0325,0.1463,1.8528,0.02454,0.4259
834,6840320,1710080,2623,2593.1,39.99,,-0.0344,0.1397,1.8758,0.02753,0.4653
835,6848512,1712128,2628,2595.5,39.97,,-0.0276,0.2232,1.9272,0.02551,0.4546
836,6856704,1714176,2630,2598.0,40.01,,-0.0378,0.1144,1.8927,0.03028,0.4655
837,6864896,1716224,2630,2600.4,40.01,,-0.0365,0.1092,1.925,0.02267,0.4705
838,6873088,1718272,2632,2602.8,40.25,,-0.0348,0.1553,1.7729,0.0324,0.4773
839,6881280,1720320,2635,2605.2,40.44,,-0.033,0.1294,1.7267,0.03391,0.4821
840,6889472,1722368,2639,2607.7,40.44,,-0.0346,0.1538,1.7926,0.02643,0.4304
841,6897664,1724416,2644,2610.1,40.62,,-0.0305,0.1145,1.9578,0.01872,0.4255
842,6905856,1726464,2645,2612.5,40.74,,-0.0319,0.1117,1.997,0.02108,0.431
843,6914048,1728512,2646,2614.9,40.77,,-0.0323,0.1202,1.9228,0.02064,0.4296
844,6922240,1730560,2648,2617.3,40.82,,-0.0376,0.1262,1.9185,0.02715,0.4641
845,6930432,1732608,2653,2619.8,40.6,,-0.0319,0.1817,1.864,0.031,0.4375
846,6938624,1734656,2657,2622.2,40.72,,-0.0352,0.117,1.8732,0.02514,0.4407
847,6946816,1736704,2660,2624.6,40.92,,-0.0354,0.1022,1.9583,0.02171,0.4398
848,6955008,1738752,2660,2627.0,40.92,,-0.0348,0.1076,1.9463,0.02128,0.4462
849,6963200,1740800,2662,2629.5,41.07,,-0.0381,0.1183,1.9765,0.02479,0.4536
850,6971392,1742848,2664,2631.9,41.0,,-0.0343,0.1428,1.9097,0.03093,0.4644
851,6979584,1744896,2670,2634.3,40.98,,-0.0343,0.1422,1.8609,0.02689,0.4337
852,6987776,1746944,2675,2636.8,40.67,,-0.0327,0.1202,1.9144,0.02552,0.441
853,6995968,1748992,2675,2639.2,40.67,,-0.0393,0.0841,1.9331,0.02605,0.4633
854,7004160,1751040,2676,2641.6,40.96,,-0.0355,0.1238,1.8249,0.02875,0.4635
855,7012352,1753088,2680,2644.0,40.97,,-0.0336,0.1466,1.8872,0.02335,0.4221
856,7020544,1755136,2683,2646.5,40.57,,-0.0357,0.1361,1.9386,0.02715,0.4509
857,7028736,1757184,2687,2648.9,40.1,,-0.034,0.1248,1.8794,0.02977,0.4557
858,7036928,1759232,2690,2651.3,40.25,,-0.0341,0.1421,1.9198,0.0301,0.4723
859,7045120,1761280,2691,2653.7,40.29,,-0.0339,0.114,1.8361,0.02607,0.4755
860,7053312,1763328,2692,2656.2,40.32,,-0.0346,0.1397,1.891,0.02754,0.4883
861,7061504,1765376,2697,2658.6,40.33,,-0.0335,0.1616,1.8328,0.02619,0.4323
862,7069696,1767424,2698,2661.0,40.29,,-0.0343,0.1248,1.7727,0.02697,0.4441
863,7077888,1769472,2702,2663.4,40.98,,-0.0319,0.1085,1.7946,0.03006,0.444
864,7086080,1771520,2705,2665.9,41.41,,-0.0337,0.1291,1.8943,0.03013,0.4574
865,7094272,1773568,2708,2668.3,41.46,,-0.037,0.1072,1.9865,0.02284,0.4417
866,7102464,1775616,2708,2670.7,41.46,,-0.0339,0.1331,1.9415,0.02907,0.465
867,7110656,1777664,2712,2673.1,41.39,,-0.0376,0.1348,1.7864,0.03274,0.481
868,7118848,1779712,2714,2675.6,41.41,,-0.0387,0.1164,1.7612,0.03698,0.4706
869,7127040,1781760,2719,2678.0,41.38,,-0.0343,0.1283,1.7796,0.03065,0.4608
870,7135232,1783808,2721,2680.4,41.36,,-0.0335,0.1467,1.8911,0.02732,0.4539
871,7143424,1785856,2724,2682.9,41.26,,-0.0334,0.1422,1.912,0.02779,0.4299
872,7151616,1787904,2726,2685.3,41.31,,-0.035,0.1282,1.8221,0.02681,0.4235
873,7159808,1789952,2728,2687.7,41.54,,-0.0334,0.1326,1.8344,0.03223,0.47
874,7168000,1792000,2732,2690.1,41.33,,-0.0377,0.1298,1.9345,0.02356,0.4403
875,7176192,1794048,2735,2692.6,41.22,,-0.0354,0.1063,1.9893,0.02461,0.4843
876,7184384,1796096,2737,2695.0,41.12,,-0.0401,0.1271,1.8765,0.03189,0.4954
877,7192576,1798144,2741,2697.4,40.92,,-0.0322,0.1635,1.7973,0.02472,0.4218
878,7200768,1800192,2743,2699.8,40.8,,-0.0373,0.1423,1.931,0.0213,0.4352
879,7208960,1802240,2747,2702.3,40.67,,-0.0353,0.1475,1.9503,0.02631,0.4603
880,7217152,1804288,2749,2704.7,40.49,,-0.0347,0.1435,1.9074,0.02309,0.4446
881,7225344,1806336,2750,2707.1,40.56,,-0.0337,0.1524,1.8057,0.02852,0.4641
882,7233536,1808384,2753,2709.5,40.85,,-0.0316,0.1353,1.8126,0.02444,0.451
883,7241728,1810432,2758,2712.0,40.86,,-0.0337,0.1148,1.8348,0.02791,0.4674
884,7249920,1812480,2761,2714.4,40.79,,-0.0329,0.1545,1.927,0.02163,0.4329
885,7258112,1814528,2764,2716.8,40.83,,-0.0377,0.1319,1.9828,0.02608,0.4534
886,7266304,1816576,2764,2719.2,40.83,,-0.0369,0.1132,1.8764,0.03233,0.4639
887,7274496,1818624,2768,2721.7,40.9,,-0.0348,0.1516,1.8732,0.02691,0.4675
888,7282688,1820672,2771,2724.1,40.9,,-0.0391,0.1281,1.8896,0.02643,0.4637
889,7290880,1822720,2772,2726.5,40.86,,-0.0355,0.1054,1.9248,0.02581,0.4813
890,7299072,1824768,2775,2729.0,41.06,,-0.0377,0.1129,1.8521,0.03025,0.4724
891,7307264,1826816,2778,2731.4,40.92,,-0.0379,0.1431,1.9052,0.02372,0.4471
892,7315456,1828864,2780,2733.8,41.23,,-0.0371,0.1329,1.9088,0.03279,0.4674
893,7323648,1830912,2784,2736.2,41.19,,-0.0306,0.1953,1.8982,0.02218,0.4418
894,7331840,1832960,2789,2738.7,41.08,,-0.0316,0.179,1.8926,0.02813,0.4413
895,7340032,1835008,2791,2741.1,41.01,,-0.0355,0.1251,1.9757,0.0283,0.4817
896,7348224,1837056,2794,2743.6,41.01,,-0.0371,0.11,2.0904,0.02121,0.4415
897,7356416,1839104,2794,2746.0,41.01,,-0.0361,0.1137,1.9939,0.02465,0.4432
898,7364608,1841152,2797,2748.4,40.74,,-0.0372,0.1481,1.9562,0.01917,0.4148
899,7372800,1843200,2801,2750.8,40.24,,-0.0346,0.1422,1.9136,0.03417,0.4692
900,7380992,1845248,2805,2833.5,39.98,1126.6800537109375,-0.0365,0.1223,2.0138,0.0225,0.4558
901,7389184,1847296,2807,2835.9,40.0,,-0.0352,0.1428,1.9371,0.02545,0.464
902,7397376,1849344,2810,2838.3,39.96,,-0.035,0.1186,1.9757,0.02574,0.4703
903,7405568,1851392,2811,2840.7,39.79,,-0.0358,0.1096,1.9417,0.02138,0.4408
904,7413760,1853440,2813,2843.2,39.6,,-0.0353,0.1515,1.9987,0.02969,0.4541
905,7421952,1855488,2818,2845.6,39.62,,-0.0362,0.1261,1.8984,0.02379,0.4468
906,7430144,1857536,2822,2848.0,39.66,,-0.0341,0.158,1.9609,0.02257,0.4292
907,7438336,1859584,2824,2850.5,39.95,,-0.0345,0.1616,2.0541,0.01851,0.4402
908,7446528,1861632,2825,2852.9,39.92,,-0.0366,0.1045,1.9471,0.0203,0.4376
909,7454720,1863680,2826,2855.3,39.94,,-0.0348,0.1139,1.9155,0.02633,0.4683
910,7462912,1865728,2829,2857.7,39.9,,-0.0325,0.1398,1.8418,0.02574,0.4419
911,7471104,1867776,2834,2860.2,39.86,,-0.0339,0.1301,1.9837,0.02645,0.4717
912,7479296,1869824,2837,2862.6,40.12,,-0.0348,0.1824,1.99,0.01933,0.4052
913,7487488,1871872,2838,2865.0,39.98,,-0.0392,0.1057,1.9507,0.02859,0.4663
914,7495680,1873920,2840,2867.4,40.26,,-0.0396,0.0964,1.9605,0.02585,0.475
915,7503872,1875968,2844,2869.9,40.41,,-0.0345,0.127,1.895,0.01963,0.4183
916,7512064,1878016,2844,2872.3,40.41,,-0.0315,0.1269,1.9298,0.02808,0.4585
917,7520256,1880064,2850,2874.7,40.29,,-0.0344,0.1412,1.9055,0.01953,0.4153
918,7528448,1882112,2853,2877.1,39.96,,-0.0325,0.1208,1.9633,0.02231,0.4506
919,7536640,1884160,2856,2879.6,40.03,,-0.0349,0.1188,1.9929,0.01814,0.4061
920,7544832,1886208,2858,2882.0,40.05,,-0.0332,0.1345,2.0188,0.02443,0.4512
921,7553024,1888256,2861,2884.4,39.89,,-0.0381,0.156,1.996,0.02818,0.4724
922,7561216,1890304,2865,2886.8,39.74,,-0.0368,0.1309,1.9715,0.02715,0.4592
923,7569408,1892352,2868,2889.3,39.63,,-0.0302,0.1432,2.0321,0.02828,0.4757
924,7577600,1894400,2871,2891.7,39.62,,-0.0379,0.1119,1.9291,0.02818,0.4763
925,7585792,1896448,2871,2894.1,39.62,,-0.0319,0.1065,1.924,0.02828,0.4498
926,7593984,1898496,2876,2896.6,39.29,,-0.0323,0.1645,1.8597,0.03004,0.4911
927,7602176,1900544,2879,2899.0,39.13,,-0.0342,0.14,1.9744,0.03026,0.4664
928,7610368,1902592,2881,2901.4,38.99,,-0.0348,0.1164,1.8974,0.02755,0.4772
929,7618560,1904640,2882,2903.8,39.1,,-0.0369,0.1362,1.8618,0.02731,0.4675
930,7626752,1906688,2888,2906.3,39.11,,-0.036,0.1309,1.877,0.03013,0.4567
931,7634944,1908736,2891,2908.7,39.21,,-0.0348,0.1211,1.8944,0.02566,0.4453
932,7643136,1910784,2895,2911.1,39.27,,-0.0364,0.1148,1.9795,0.02256,0.4565
933,7651328,1912832,2897,2913.6,39.58,,-0.0364,0.1058,1.9551,0.02119,0.4225
934,7659520,1914880,2898,2916.0,39.57,,-0.0374,0.111,1.9652,0.03399,0.4712
935,7667712,1916928,2901,2918.4,39.73,,-0.0355,0.1218,1.8549,0.02145,0.3967
936,7675904,1918976,2906,2920.8,39.64,,-0.0361,0.1413,1.8455,0.02721,0.428
937,7684096,1921024,2910,2923.3,39.59,,-0.0343,0.1377,1.9684,0.02166,0.4258
938,7692288,1923072,2911,2925.7,39.8,,-0.0373,0.0988,2.0077,0.0258,0.47
939,7700480,1925120,2911,2928.1,39.8,,-0.0384,0.122,1.9155,0.02886,0.4572
940,7708672,1927168,2915,2930.5,39.75,,-0.0324,0.1916,1.957,0.02891,0.4302
941,7716864,1929216,2916,2932.9,39.67,,-0.0398,0.1317,1.8915,0.02963,0.4923
942,7725056,1931264,2922,2935.4,39.94,,-0.0368,0.1741,1.7883,0.03079,0.4473
943,7733248,1933312,2926,2937.8,40.18,,-0.0328,0.1202,1.9006,0.01739,0.3937
944,7741440,1935360,2927,2940.2,40.22,,-0.0371,0.1211,1.9737,0.02533,0.4445
945,7749632,1937408,2930,2942.6,40.04,,-0.0331,0.154,2.0069,0.02203,0.4475
946,7757824,1939456,2930,2945.1,40.04,,-0.0372,0.1106,1.9037,0.02598,0.4539
947,7766016,1941504,2936,2947.5,40.2,,-0.0378,0.1332,1.8186,0.02915,0.4751
948,7774208,1943552,2938,2949.9,40.28,,-0.0358,0.1024,1.9461,0.02747,0.4788
949,7782400,1945600,2943,2952.4,39.82,,-0.0355,0.1086,2.0291,0.02257,0.4708
950,7790592,1947648,2944,2954.8,39.87,,-0.0384,0.1045,2.0141,0.02127,0.4595
951,7798784,1949696,2946,2957.2,39.67,,-0.0363,0.0932,1.9825,0.02733,0.4739
952,7806976,1951744,2950,2959.6,39.6,,-0.0373,0.1176,1.9169,0.02849,0.4939
953,7815168,1953792,2952,2962.0,39.72,,-0.037,0.116,1.917,0.02611,0.4567
954,7823360,1955840,2955,2964.5,39.61,,-0.0346,0.1311,1.9127,0.02399,0.4336
955,7831552,1957888,2960,2966.9,39.73,,-0.0317,0.1288,2.0252,0.01995,0.4379
956,7839744,1959936,2961,2969.3,39.85,,-0.0395,0.0917,2.0366,0.0233,0.4878
957,7847936,1961984,2963,2971.8,39.88,,-0.0355,0.1458,1.9302,0.0283,0.4636
958,7856128,1964032,2966,2974.2,39.7,,-0.0336,0.1162,1.9171,0.02561,0.4591
959,7864320,1966080,2968,2976.6,39.81,,-0.0341,0.1306,1.9471,0.02203,0.4458
960,7872512,1968128,2971,2979.0,39.91,,-0.0344,0.1722,1.8828,0.02551,0.4583
961,7880704,1970176,2977,2981.5,40.24,,-0.036,0.1442,1.9303,0.02166,0.4128
962,7888896,1972224,2978,2983.9,40.24,,-0.036,0.1028,1.9464,0.03067,0.462
963,7897088,1974272,2978,2986.3,40.24,,-0.0382,0.1072,1.8844,0.02517,0.4574
964,7905280,1976320,2982,2988.7,40.34,,-0.0336,0.1491,1.8239,0.02589,0.442
965,7913472,1978368,2986,2991.2,40.37,,-0.0329,0.1469,1.8115,0.02999,0.4757
966,7921664,1980416,2988,2993.6,40.35,,-0.0367,0.0967,1.8567,0.03206,0.4751
967,7929856,1982464,2992,2996.0,40.43,,-0.0321,0.1328,1.9856,0.029,0.4462
968,7938048,1984512,2993,2998.4,40.45,,-0.0354,0.0947,2.0024,0.02089,0.4534
969,7946240,1986560,2995,3000.8,40.71,,-0.0385,0.1213,1.907,0.02911,0.4727
970,7954432,1988608,3000,3003.3,40.58,,-0.0349,0.1457,1.8932,0.02986,0.4446
971,7962624,1990656,3002,3005.7,40.75,,-0.0353,0.0926,1.8673,0.0269,0.4718
972,7970816,1992704,3003,3008.1,40.69,,-0.0394,0.1167,1.8487,0.02921,0.4637
973,7979008,1994752,3009,3010.6,40.83,,-0.0315,0.1585,1.8034,0.02118,0.3943
974,7987200,1996800,3010,3013.0,40.78,,-0.037,0.1068,1.89,0.02493,0.4642
975,7995392,1998848,3012,3015.4,40.5,,-0.0365,0.1496,1.871,0.02665,0.4541
976,8003584,2000896,3018,3017.9,40.5,,-0.0363,0.1179,1.8778,0.02215,0.4282
977,8011776,2002944,3019,3020.3,40.32,,-0.032,0.1262,1.911,0.0224,0.4121
978,8019968,2004992,3022,3022.7,40.33,,-0.0356,0.115,1.8904,0.02823,0.4596
979,8028160,2007040,3024,3025.1,40.35,,-0.0355,0.135,2.0097,0.03181,0.4846
980,8036352,2009088,3027,3027.6,40.46,,-0.0372,0.1268,1.8891,0.03002,0.4667
981,8044544,2011136,3034,3030.0,40.17,,-0.0314,0.1927,1.9029,0.0252,0.4364
982,8052736,2013184,3035,3032.4,40.18,,-0.0359,0.0999,2.0019,0.01876,0.4171
983,8060928,2015232,3037,3034.9,40.23,,-0.0389,0.1171,1.9498,0.02438,0.4377
984,8069120,2017280,3039,3037.3,40.31,,-0.0359,0.0968,2.0471,0.02372,0.4471
985,8077312,2019328,3042,3039.7,40.02,,-0.0363,0.1507,1.9547,0.02652,0.4542
986,8085504,2021376,3046,3042.2,40.38,,-0.0344,0.1592,1.9404,0.02684,0.4613
987,8093696,2023424,3050,3044.6,40.91,,-0.0335,0.1134,1.8505,0.02998,0.4261
988,8101888,2025472,3052,3047.0,40.94,,-0.0354,0.12,1.9947,0.01621,0.3901
989,8110080,2027520,3055,3049.4,40.73,,-0.0356,0.1778,1.8989,0.02842,0.469
990,8118272,2029568,3056,3051.9,40.59,,-0.0384,0.1252,1.8653,0.02515,0.4346
991,8126464,2031616,3059,3054.3,40.61,,-0.0377,0.1517,1.8663,0.02883,0.4589
992,8134656,2033664,3063,3056.7,40.78,,-0.0377,0.1244,1.8556,0.02926,0.4471
993,8142848,2035712,3066,3059.2,40.98,,-0.0369,0.143,1.8945,0.02254,0.4304
994,8151040,2037760,3068,3061.6,40.82,,-0.0354,0.1232,1.9211,0.02718,0.4519
995,8159232,2039808,3071,3064.0,40.89,,-0.0332,0.1261,1.8585,0.02452,0.4512
996,8167424,2041856,3073,3066.4,40.9,,-0.0345,0.1418,1.8739,0.03135,0.4672
997,8175616,2043904,3078,3068.9,40.66,,-0.0378,0.1211,1.8822,0.02693,0.4629
998,8183808,2045952,3081,3071.3,40.63,,-0.0342,0.1432,1.9241,0.02297,0.4463
999,8192000,2048000,3082,3073.7,40.61,,-0.0334,0.1273,1.8711,0.02929,0.4683
1000,8200192,2050048,3085,3146.3,40.46,1039.9300537109375,-0.0344,0.1439,1.8146,0.02936,0.4381
1001,8208384,2052096,3088,3148.8,40.57,,-0.0339,0.1376,1.8328,0.02135,0.3883
1002,8216576,2054144,3091,3151.2,40.72,,-0.0367,0.1093,1.7865,0.03455,0.4642
1003,8224768,2056192,3094,3153.6,40.47,,-0.0353,0.115,1.8472,0.02311,0.4402
1004,8232960,2058240,3097,3156.1,40.85,,-0.0376,0.1035,1.8806,0.02961,0.4559
1005,8241152,2060288,3098,3158.5,40.83,,-0.0346,0.1304,1.7789,0.03273,0.4388
1006,8249344,2062336,3101,3160.9,40.93,,-0.0307,0.1517,1.6254,0.03941,0.4437
1007,8257536,2064384,3106,3163.4,40.65,,-0.0352,0.1509,1.7539,0.02983,0.4344
1008,8265728,2066432,3110,3165.8,40.79,,-0.0334,0.1472,1.8502,0.021,0.4133
1009,8273920,2068480,3110,3168.2,40.79,,-0.0369,0.1249,1.8514,0.027,0.4253
1010,8282112,2070528,3113,3170.6,41.06,,-0.031,0.1657,1.7876,0.02407,0.4076
1011,8290304,2072576,3114,3173.0,41.11,,-0.0375,0.1204,1.8725,0.03327,0.4854
1012,8298496,2074624,3117,3175.5,40.97,,-0.0324,0.1286,1.8044,0.02447,0.4298
1013,8306688,2076672,3122,3177.9,41.55,,-0.0335,0.1751,1.79,0.0241,0.4333
1014,8314880,2078720,3126,3180.3,41.59,,-0.036,0.0936,1.9229,0.02056,0.4109
1015,8323072,2080768,3128,3182.8,41.42,,-0.0324,0.1243,1.8621,0.02646,0.4417
1016,8331264,2082816,3128,3185.2,41.42,,-0.0342,0.0971,1.8716,0.02001,0.4093
1017,8339456,2084864,3129,3187.6,41.67,,-0.0354,0.122,1.8225,0.02833,0.4509
1018,8347648,2086912,3134,3190.0,41.57,,-0.034,0.1524,1.8294,0.03459,0.4634
1019,8355840,2088960,3138,3192.4,41.45,,-0.0364,0.1248,1.7902,0.02366,0.4337
1020,8364032,2091008,3143,3194.9,41.99,,-0.0327,0.1317,1.883,0.02471,0.4452
1021,8372224,2093056,3144,3197.3,42.23,,-0.0365,0.0926,1.8673,0.02363,0.4379
1022,8380416,2095104,3144,3199.7,42.23,,-0.0359,0.1164,1.8467,0.02392,0.4443
1023,8388608,2097152,3145,3202.1,42.2,,-0.0323,0.1692,1.7917,0.03259,0.4592
1024,8396800,2099200,3149,3204.5,41.87,,-0.032,0.1597,1.7907,0.02827,0.4187
1025,8404992,2101248,3155,3207.0,42.18,,-0.0294,0.1935,1.7926,0.03108,0.4592
1026,8413184,2103296,3158,3209.4,42.79,,-0.0367,0.1552,1.8308,0.01895,0.4109
1027,8421376,2105344,3159,3211.9,42.95,,-0.0352,0.0955,1.8402,0.02098,0.4004
1028,8429568,2107392,3161,3214.3,42.85,,-0.037,0.116,1.8669,0.03061,0.4669
1029,8437760,2109440,3162,3216.7,42.91,,-0.0355,0.1145,1.8114,0.02331,0.4303
1030,8445952,2111488,3165,3219.1,43.1,,-0.0325,0.1389,1.8747,0.02719,0.4352
1031,8454144,2113536,3171,3221.6,43.12,,-0.0296,0.1494,1.8077,0.03487,0.4789
1032,8462336,2115584,3173,3224.0,43.42,,-0.0361,0.1134,1.8414,0.02749,0.4664
1033,8470528,2117632,3176,3226.4,43.67,,-0.0303,0.1363,1.8584,0.02718,0.4445
1034,8478720,2119680,3177,3228.8,43.74,,-0.0327,0.1372,1.9342,0.02733,0.4307
1035,8486912,2121728,3180,3231.2,43.76,,-0.0306,0.1375,1.7709,0.03084,0.4495
1036,8495104,2123776,3180,3233.7,43.76,,-0.0352,0.1028,1.799,0.02528,0.4303
1037,8503296,2125824,3186,3236.1,44.17,,-0.0346,0.136,1.7654,0.02703,0.4338
1038,8511488,2127872,3189,3238.5,43.99,,-0.0307,0.1477,1.8519,0.0217,0.4006
1039,8519680,2129920,3191,3241.0,43.92,,-0.0356,0.1263,1.7998,0.0379,0.4757
1040,8527872,2131968,3195,3243.4,44.19,,-0.0336,0.1278,1.8893,0.02115,0.4102
1041,8536064,2134016,3195,3245.8,44.19,,-0.0334,0.1081,1.8642,0.02884,0.4739
1042,8544256,2136064,3197,3248.2,43.97,,-0.0314,0.1373,1.8397,0.02289,0.4364
1043,8552448,2138112,3203,3250.7,44.02,,-0.03,0.2001,1.8283,0.03115,0.4393
1044,8560640,2140160,3205,3253.1,44.25,,-0.0317,0.158,1.8061,0.02951,0.4358
1045,8568832,2142208,3208,3255.5,44.36,,-0.0304,0.1587,1.7181,0.02535,0.4072
1046,8577024,2144256,3210,3257.9,44.19,,-0.0338,0.1347,1.8388,0.03039,0.4481
1047,8585216,2146304,3210,3260.3,44.19,,-0.0335,0.1518,1.7228,0.03794,0.4753
1048,8593408,2148352,3214,3262.8,44.01,,-0.0354,0.1477,1.6572,0.03804,0.4706
1049,8601600,2150400,3219,3265.2,44.23,,-0.0347,0.1278,1.7095,0.03645,0.4601
1050,8609792,2152448,3221,3267.7,44.26,,-0.0339,0.1444,1.7551,0.04477,0.4767
1051,8617984,2154496,3221,3270.1,44.26,,-0.0354,0.0974,1.6893,0.03261,0.4399
1052,8626176,2156544,3225,3272.5,44.28,,-0.0311,0.1588,1.7183,0.02523,0.4117
1053,8634368,2158592,3225,3274.9,44.28,,-0.0365,0.1181,1.8097,0.03056,0.4576
1054,8642560,2160640,3230,3277.3,44.4,,-0.0335,0.1943,1.7012,0.0319,0.4393
1055,8650752,2162688,3233,3279.8,44.47,,-0.031,0.1836,1.7091,0.0337,0.4491
1056,8658944,2164736,3235,3282.2,44.83,,-0.0333,0.1218,1.7084,0.04142,0.4912
1057,8667136,2166784,3241,3284.6,44.91,,-0.0301,0.133,1.7372,0.02774,0.4504
1058,8675328,2168832,3241,3287.1,44.91,,-0.036,0.1023,1.895,0.02182,0.4314
1059,8683520,2170880,3242,3289.5,44.96,,-0.0354,0.155,1.7789,0.02654,0.439
1060,8691712,2172928,3246,3291.9,44.82,,-0.0348,0.1427,1.8193,0.0241,0.4476
1061,8699904,2174976,3249,3294.3,45.01,,-0.033,0.1336,1.8821,0.01869,0.4026
1062,8708096,2177024,3252,3296.8,45.12,,-0.034,0.1443,1.7966,0.026,0.4415
1063,8716288,2179072,3255,3299.2,45.22,,-0.0362,0.1312,1.7787,0.02907,0.4441
1064,8724480,2181120,3256,3301.6,45.11,,-0.0353,0.1277,1.9012,0.02324,0.4468
1065,8732672,2183168,3258,3304.0,44.85,,-0.0355,0.1156,1.944,0.03517,0.4943
1066,8740864,2185216,3261,3306.5,44.8,,-0.0355,0.1511,1.9617,0.0284,0.4641
1067,8749056,2187264,3264,3308.9,44.71,,-0.0355,0.1356,1.8635,0.03034,0.4779
1068,8757248,2189312,3268,3311.3,44.76,,-0.0355,0.119,1.8357,0.03336,0.4608
1069,8765440,2191360,3270,3313.7,44.82,,-0.0365,0.1139,1.845,0.02855,0.4617
1070,8773632,2193408,3271,3316.2,44.75,,-0.0389,0.1264,1.921,0.02573,0.4434
1071,8781824,2195456,3273,3318.6,44.55,,-0.0387,0.1008,1.9099,0.02676,0.4438
1072,8790016,2197504,3278,3321.0,44.43,,-0.034,0.1635,1.9898,0.02507,0.4166
1073,8798208,2199552,3279,3323.4,44.27,,-0.0366,0.1058,1.9611,0.0235,0.4344
1074,8806400,2201600,3282,3325.9,44.23,,-0.0412,0.1133,1.9241,0.03091,0.4635
1075,8814592,2203648,3285,3328.3,44.28,,-0.0365,0.1411,1.9712,0.02304,0.4297
1076,8822784,2205696,3288,3330.7,44.1,,-0.0393,0.0867,2.0219,0.01944,0.4561
1077,8830976,2207744,3290,3333.2,44.32,,-0.04,0.1227,1.9708,0.02775,0.4337
1078,8839168,2209792,3292,3335.6,44.21,,-0.0364,0.1068,1.9149,0.02931,0.452
1079,8847360,2211840,3295,3338.0,44.01,,-0.0316,0.1736,1.9122,0.02163,0.4318
1080,8855552,2213888,3299,3340.4,44.13,,-0.0327,0.1275,1.923,0.03028,0.4843
1081,8863744,2215936,3303,3342.9,43.84,,-0.0327,0.1298,1.9505,0.01981,0.4108
1082,8871936,2217984,3305,3345.3,43.79,,-0.0356,0.1434,1.9812,0.02026,0.4321
1083,8880128,2220032,3308,3347.7,43.6,,-0.0354,0.1117,1.9369,0.02681,0.4454
1084,8888320,2222080,3309,3350.1,43.57,,-0.0337,0.1418,1.9646,0.02049,0.4268
1085,8896512,2224128,3312,3352.6,43.73,,-0.0341,0.1236,1.9039,0.02339,0.4175
1086,8904704,2226176,3316,3355.0,43.46,,-0.0343,0.1769,1.9501,0.02641,0.4119
1087,8912896,2228224,3318,3357.4,43.52,,-0.034,0.1369,1.7803,0.02241,0.4199
1088,8921088,2230272,3319,3359.8,43.32,,-0.0364,0.1315,1.8529,0.02151,0.4028
1089,8929280,2232320,3321,3362.3,43.11,,-0.0356,0.1716,1.82,0.02629,0.4546
1090,8937472,2234368,3324,3364.7,43.08,,-0.0377,0.1315,1.7889,0.0289,0.4242
1091,8945664,2236416,3326,3367.1,43.24,,-0.0376,0.123,1.8055,0.0353,0.4525
1092,8953856,2238464,3328,3369.5,43.2,,-0.0384,0.1238,1.7823,0.03104,0.4489
1093,8962048,2240512,3330,3372.0,43.56,,-0.0374,0.1278,1.7966,0.02968,0.4487
1094,8970240,2242560,3336,3374.4,43.56,,-0.0312,0.1779,1.8851,0.02312,0.4102
1095,8978432,2244608,3337,3376.9,43.86,,-0.0352,0.1343,1.8249,0.02593,0.4473
1096,8986624,2246656,3339,3379.3,43.94,,-0.0352,0.1097,1.8044,0.02184,0.423
1097,8994816,2248704,3340,3381.7,43.64,,-0.039,0.1119,1.8412,0.03408,0.4468
1098,9003008,2250752,3343,3384.1,43.88,,-0.0348,0.1557,1.7754,0.02807,0.4315
1099,9011200,2252800,3347,3386.6,44.08,,-0.0346,0.1693,1.8061,0.02495,0.4226
1100,9019392,2254848,3350,3475.9,44.12,1167.969970703125,-0.0333,0.1798,1.7354,0.02715,0.4224
1101,9027584,2256896,3352,3478.3,43.87,,-0.0353,0.1443,1.7528,0.03092,0.4487
1102,9035776,2258944,3354,3480.7,43.72,,-0.0369,0.1286,1.7828,0.0293,0.4613
1103,9043968,2260992,3355,3483.1,43.87,,-0.0357,0.1329,1.7365,0.0237,0.438
1104,9052160,2263040,3357,3485.5,43.54,,-0.0329,0.1754,1.7387,0.0298,0.4459
1105,9060352,2265088,3361,3488.0,44.16,,-0.0363,0.1179,1.7698,0.03584,0.4662
1106,9068544,2267136,3361,3490.4,44.16,,-0.0333,0.1247,1.7159,0.02996,0.4365
1107,9076736,2269184,3365,3492.8,44.3,,-0.0277,0.2219,1.7368,0.03339,0.4733
1108,9084928,2271232,3368,3495.3,44.48,,-0.0361,0.1366,1.9114,0.02337,0.4562
1109,9093120,2273280,3369,3497.7,44.47,,-0.0386,0.1225,1.8472,0.03133,0.4578
1110,9101312,2275328,3373,3500.1,44.79,,-0.0274,0.1846,1.8467,0.02421,0.4003
1111,9109504,2277376,3376,3502.5,44.68,,-0.0356,0.1631,1.8089,0.03328,0.4504
1112,9117696,2279424,3378,3505.0,44.59,,-0.0335,0.1412,1.8006,0.03083,0.4408
1113,9125888,2281472,3382,3507.4,45.1,,-0.0338,0.1445,1.7978,0.03295,0.4597
1114,9134080,2283520,3385,3509.8,45.01,,-0.0331,0.174,1.8272,0.02783,0.45
1115,9142272,2285568,3386,3512.2,45.03,,-0.0308,0.1376,1.7159,0.02449,0.4524
1116,9150464,2287616,3389,3514.7,44.97,,-0.0345,0.1719,1.808,0.03281,0.4548
1117,9158656,2289664,3392,3517.1,45.12,,-0.0344,0.1617,1.8055,0.02648,0.4272
1118,9166848,2291712,3393,3519.5,45.12,,-0.0311,0.1247,1.7488,0.03454,0.4548
1119,9175040,2293760,3398,3522.0,44.99,,-0.0305,0.1679,1.7839,0.02699,0.4154
1120,9183232,2295808,3400,3524.4,44.97,,-0.0363,0.1094,1.7198,0.04075,0.4443
1121,9191424,2297856,3401,3526.8,45.06,,-0.0346,0.1237,1.7046,0.03277,0.4298
1122,9199616,2299904,3404,3529.2,45.44,,-0.0335,0.1536,1.71,0.0368,0.441
1123,9207808,2301952,3407,3531.6,45.58,,-0.0337,0.1349,1.7071,0.03279,0.4602
1124,9216000,2304000,3409,3534.1,45.75,,-0.0338,0.1663,1.7837,0.03225,0.4668
1125,9224192,2306048,3412,3536.5,45.78,,-0.0321,0.1975,1.7688,0.02429,0.4502
1126,9232384,2308096,3413,3538.9,45.85,,-0.0348,0.1533,1.7198,0.03175,0.4556
1127,9240576,2310144,3416,3541.3,46.15,,-0.031,0.1643,1.7037,0.02053,0.3903
1128,9248768,2312192,3419,3543.8,46.21,,-0.0306,0.124,1.7333,0.02881,0.4337
1129,9256960,2314240,3419,3546.2,46.21,,-0.0365,0.107,1.6592,0.02586,0.4146
1130,9265152,2316288,3423,3548.6,46.98,,-0.0296,0.2004,1.6276,0.03507,0.4486
1131,9273344,2318336,3425,3551.0,46.99,,-0.0308,0.1738,1.7658,0.02827,0.4224
1132,9281536,2320384,3429,3553.5,46.98,,-0.0367,0.1295,1.7873,0.02624,0.4204
1133,9289728,2322432,3431,3555.9,46.56,,-0.0286,0.1497,1.7996,0.02657,0.3914
1134,9297920,2324480,3434,3558.3,46.47,,-0.0312,0.1101,1.7462,0.02685,0.4353
1135,9306112,2326528,3435,3560.7,46.51,,-0.0376,0.0866,1.8357,0.02421,0.4155
1136,9314304,2328576,3438,3563.2,46.27,,-0.0287,0.1255,1.6954,0.04432,0.4316
1137,9322496,2330624,3440,3565.6,46.38,,-0.0326,0.1586,1.6138,0.02999,0.4263
1138,9330688,2332672,3443,3568.0,46.2,,-0.0357,0.1099,1.6603,0.02757,0.4237
1139,9338880,2334720,3448,3570.5,46.22,,-0.0326,0.1752,1.7015,0.03703,0.4259
1140,9347072,2336768,3449,3572.9,46.29,,-0.0362,0.119,1.7499,0.02204,0.425
1141,9355264,2338816,3451,3575.3,46.35,,-0.0339,0.1227,1.7383,0.03046,0.4526
1142,9363456,2340864,3453,3577.7,46.47,,-0.0319,0.1529,1.7656,0.03207,0.4445
1143,9371648,2342912,3457,3580.2,46.52,,-0.0316,0.2073,1.7217,0.02597,0.3915
1144,9379840,2344960,3459,3582.6,46.31,,-0.0356,0.1539,1.7065,0.02894,0.4231
1145,9388032,2347008,3462,3585.0,46.09,,-0.0328,0.1581,1.7566,0.03762,0.4426
1146,9396224,2349056,3464,3587.4,45.96,,-0.034,0.1353,1.6514,0.03883,0.4346
1147,9404416,2351104,3465,3589.8,46.05,,-0.0329,0.1513,1.6594,0.03062,0.4192
1148,9412608,2353152,3467,3592.3,46.05,,-0.0319,0.1593,1.7142,0.03168,0.4618
1149,9420800,2355200,3473,3594.7,46.03,,-0.0316,0.1441,1.7362,0.02616,0.4429
1150,9428992,2357248,3473,3597.1,46.03,,-0.0331,0.1241,1.7279,0.04032,0.4728
1151,9437184,2359296,3479,3599.6,46.11,,-0.03,0.1972,1.7256,0.03921,0.4725
1152,9445376,2361344,3481,3602.0,45.67,,-0.0318,0.1696,1.8074,0.02969,0.4415
1153,9453568,2363392,3482,3604.4,45.54,,-0.0368,0.1432,1.794,0.02553,0.4323
1154,9461760,2365440,3484,3606.8,45.48,,-0.0296,0.1713,1.7943,0.0282,0.4202
1155,9469952,2367488,3486,3609.2,45.74,,-0.0362,0.1453,1.7497,0.02201,0.4004
1156,9478144,2369536,3489,3611.7,45.71,,-0.0323,0.1999,1.761,0.03587,0.4675
1157,9486336,2371584,3493,3614.1,46.29,,-0.0321,0.1392,1.6787,0.03068,0.4377
1158,9494528,2373632,3495,3616.6,46.16,,-0.0333,0.1629,1.7767,0.02538,0.4276
1159,9502720,2375680,3498,3619.0,46.47,,-0.0343,0.1509,1.8895,0.02559,0.4391
1160,9510912,2377728,3499,3621.4,46.4,,-0.0361,0.1585,1.8813,0.0349,0.4771
1161,9519104,2379776,3499,3623.8,46.4,,-0.0353,0.1218,1.7854,0.03549,0.4746
1162,9527296,2381824,3503,3626.3,46.61,,-0.0351,0.1534,1.7446,0.03744,0.4639
1163,9535488,2383872,3504,3628.7,46.48,,-0.0329,0.1723,1.7966,0.03173,0.4652
1164,9543680,2385920,3508,3631.1,46.33,,-0.0357,0.1645,1.8424,0.03579,0.4684
1165,9551872,2387968,3511,3633.5,46.82,,-0.0338,0.142,1.8055,0.02806,0.4386
1166,9560064,2390016,3515,3636.0,47.11,,-0.0354,0.1575,1.9161,0.02881,0.4453
1167,9568256,2392064,3515,3638.4,47.11,,-0.04,0.0988,1.9857,0.02019,0.4324
1168,9576448,2394112,3519,3640.8,47.19,,-0.0352,0.1202,1.9229,0.0224,0.4089
1169,9584640,2396160,3521,3643.2,46.56,,-0.0381,0.1064,1.925,0.02042,0.4442
1170,9592832,2398208,3524,3645.7,46.33,,-0.0349,0.1395,1.91,0.02371,0.4308
1171,9601024,2400256,3527,3648.1,46.08,,-0.0309,0.1388,1.9331,0.02387,0.4353
1172,9609216,2402304,3530,3650.5,45.91,,-0.033,0.1769,1.9355,0.02897,0.4507
1173,9617408,2404352,3532,3652.9,45.45,,-0.0373,0.1486,1.8955,0.03664,0.4667
1174,9625600,2406400,3533,3655.3,45.44,,-0.0344,0.14,1.8241,0.02804,0.4125
1175,9633792,2408448,3536,3657.8,45.24,,-0.0326,0.1342,1.8047,0.03712,0.4606
1176,9641984,2410496,3539,3660.2,45.14,,-0.036,0.1503,1.7963,0.03598,0.4851
1177,9650176,2412544,3541,3662.6,45.24,,-0.0379,0.1676,1.817,0.04174,0.4855
1178,9658368,2414592,3544,3665.0,45.37,,-0.0342,0.1462,1.7971,0.02733,0.4341
1179,9666560,2416640,3547,3667.5,45.38,,-0.0358,0.1241,1.9065,0.02805,0.4449
1180,9674752,2418688,3549,3669.9,45.42,,-0.0335,0.1538,1.7916,0.02445,0.4033
1181,9682944,2420736,3551,3672.3,45.56,,-0.0356,0.1365,1.8308,0.03699,0.4692
1182,9691136,2422784,3554,3674.7,45.37,,-0.0301,0.1444,1.8594,0.0259,0.4368
1183,9699328,2424832,3557,3677.2,45.34,,-0.0373,0.1375,1.829,0.0354,0.4742
1184,9707520,2426880,3559,3679.6,45.21,,-0.0375,0.144,1.874,0.02723,0.4329
1185,9715712,2428928,3561,3682.0,45.34,,-0.0327,0.1317,1.8223,0.03077,0.4457
1186,9723904,2430976,3565,3684.5,45.16,,-0.0376,0.116,1.8232,0.03825,0.4827
1187,9732096,2433024,3568,3686.9,45.27,,-0.0333,0.1268,1.8722,0.03084,0.4207
1188,9740288,2435072,3570,3689.3,44.77,,-0.0383,0.1128,1.853,0.03197,0.4659
1189,9748480,2437120,3575,3691.7,44.47,,-0.0341,0.1563,1.8281,0.02452,0.4155
1190,9756672,2439168,3576,3694.2,44.31,,-0.0347,0.159,1.7981,0.03215,0.4537
1191,9764864,2441216,3578,3696.6,44.39,,-0.0362,0.1276,1.7285,0.03665,0.4507
1192,9773056,2443264,3581,3699.0,44.58,,-0.0352,0.1454,1.7027,0.04537,0.4724
1193,9781248,2445312,3586,3701.4,44.29,,-0.0361,0.1225,1.7879,0.02784,0.4319
1194,9789440,2447360,3589,3703.9,44.1,,-0.0368,0.104,1.788,0.03005,0.4641
1195,9797632,2449408,3589,3706.3,44.1,,-0.0353,0.1062,1.7858,0.02724,0.4417
1196,9805824,2451456,3591,3708.7,43.77,,-0.0333,0.1295,1.7874,0.04043,0.4725
1197,9814016,2453504,3593,3711.1,43.73,,-0.0376,0.1118,1.7523,0.03271,0.4825
1198,9822208,2455552,3596,3713.5,43.88,,-0.0305,0.171,1.6739,0.04098,0.4746
1199,9830400,2457600,3600,3716.0,43.78,,-0.0324,0.1234,1.6473,0.03851,0.4463
1200,9838592,2459648,3603,3797.3,43.7,1126.27001953125,-0.0361,0.155,1.8663,0.03425,0.4867
1201,9846784,2461696,3604,3799.7,43.75,,-0.037,0.1103,1.8085,0.03117,0.4803
1202,9854976,2463744,3606,3802.1,43.61,,-0.033,0.1568,1.7519,0.03219,0.4574
1203,9863168,2465792,3607,3804.5,43.61,,-0.0356,0.1323,1.735,0.03578,0.4595
1204,9871360,2467840,3611,3807.0,43.01,,-0.0329,0.1389,1.7413,0.03809,0.4818
1205,9879552,2469888,3613,3809.4,42.43,,-0.0365,0.1229,1.7638,0.03558,0.455
1206,9887744,2471936,3617,3811.8,43.21,,-0.0326,0.1689,1.7713,0.03348,0.4442
1207,9895936,2473984,3619,3814.2,43.17,,-0.034,0.1114,1.8144,0.02144,0.405
1208,9904128,2476032,3621,3816.7,43.15,,-0.0405,0.0863,1.8536,0.02628,0.4347
1209,9912320,2478080,3621,3819.1,43.15,,-0.0382,0.0864,1.8611,0.0251,0.4501
1210,9920512,2480128,3624,3821.5,43.39,,-0.0349,0.1516,1.8133,0.03008,0.449
1211,9928704,2482176,3628,3823.9,43.4,,-0.0327,0.1673,1.8644,0.02807,0.4283
1212,9936896,2484224,3631,3826.4,43.72,,-0.0368,0.1485,1.8492,0.02529,0.443
1213,9945088,2486272,3632,3828.8,43.76,,-0.0363,0.1057,1.8625,0.02745,0.4454
1214,9953280,2488320,3636,3831.2,43.94,,-0.0364,0.1413,1.9203,0.02358,0.4319
1215,9961472,2490368,3637,3833.6,43.94,,-0.0397,0.1117,1.8402,0.02382,0.4445
1216,9969664,2492416,3641,3836.0,43.68,,-0.0337,0.1669,1.8027,0.02756,0.4463
1217,9977856,2494464,3643,3838.5,44.13,,-0.0378,0.0932,1.8905,0.02469,0.442
1218,9986048,2496512,3647,3840.9,43.87,,-0.03,0.1745,1.8935,0.02889,0.4291
1219,9994240,2498560,3647,3843.3,43.87,,-0.0333,0.1179,1.9134,0.02656,0.4498
1220,10002432,2500608,3651,3845.7,43.75,,-0.0342,0.1328,1.8783,0.03034,0.4518
1221,10010624,2502656,3652,3848.1,43.73,,-0.0376,0.1176,1.8618,0.02803,0.4403
1222,10018816,2504704,3655,3850.6,43.7,,-0.0354,0.1292,1.7405,0.02947,0.4445
1223,10027008,2506752,3659,3853.0,43.66,,-0.0302,0.177,1.7597,0.02605,0.4135
1224,10035200,2508800,3661,3855.4,43.53,,-0.0355,0.1389,1.7813,0.03465,0.4526
1225,10043392,2510848,3663,3857.8,43.63,,-0.0361,0.1158,1.8581,0.02894,0.4595
1226,10051584,2512896,3665,3860.3,43.54,,-0.0313,0.1703,1.8467,0.02226,0.4016
1227,10059776,2514944,3669,3862.7,43.53,,-0.0329,0.1467,1.7703,0.03525,0.4456
1228,10067968,2516992,3671,3865.1,43.73,,-0.0351,0.1411,1.7202,0.03267,0.4275
1229,10076160,2519040,3674,3867.5,43.8,,-0.0389,0.1269,1.7661,0.0283,0.436
1230,10084352,2521088,3676,3870.0,43.66,,-0.0308,0.1582,1.7824,0.03115,0.4268
1231,10092544,2523136,3676,3872.4,43.66,,-0.0371,0.1065,1.7539,0.02514,0.4403
1232,10100736,2525184,3678,3874.8,44.17,,-0.0329,0.1325,1.7534,0.0329,0.4468
1233,10108928,2527232,3682,3877.2,44.11,,-0.0331,0.1587,1.7083,0.02699,0.4286
1234,10117120,2529280,3683,3879.6,44.05,,-0.0323,0.1194,1.7912,0.02663,0.4427
1235,10125312,2531328,3684,3882.1,44.12,,-0.0347,0.1201,1.7687,0.02954,0.4689
1236,10133504,2533376,3686,3884.5,44.42,,-0.0366,0.1339,1.7262,0.03329,0.4675
1237,10141696,2535424,3686,3886.9,44.42,,-0.0372,0.088,1.786,0.02858,0.4315
1238,10149888,2537472,3690,3889.3,46.0,,-0.0322,0.1745,1.7821,0.04079,0.4561
1239,10158080,2539520,3693,3891.7,46.23,,-0.0285,0.2022,1.7245,0.0316,0.4463
1240,10166272,2541568,3694,3894.2,46.65,,-0.0341,0.1336,1.6751,0.02579,0.4386
1241,10174464,2543616,3697,3896.6,46.62,,-0.0314,0.1567,1.8394,0.02801,0.4268
1242,10182656,2545664,3699,3899.0,46.62,,-0.0289,0.1829,1.8158,0.02067,0.3778
1243,10190848,2547712,3700,3901.4,46.63,,-0.0396,0.1246,1.7411,0.03583,0.4698
1244,10199040,2549760,3703,3903.8,46.38,,-0.0322,0.1437,1.747,0.03838,0.4552
1245,10207232,2551808,3704,3906.3,47.17,,-0.035,0.1437,1.7423,0.03063,0.4431
1246,10215424,2553856,3706,3908.7,47.04,,-0.0346,0.1407,1.794,0.03248,0.4633
1247,10223616,2555904,3707,3911.1,47.1,,-0.0338,0.1298,1.6668,0.03609,0.4628
1248,10231808,2557952,3708,3913.5,47.22,,-0.0327,0.1284,1.6108,0.02556,0.4191
1249,10240000,2560000,3711,3915.9,48.56,,-0.0342,0.1346,1.656,0.03668,0.4502
1250,10248192,2562048,3714,3918.3,49.31,,-0.0342,0.1487,1.6673,0.04336,0.4734
1251,10256384,2564096,3717,3920.8,49.18,,-0.0266,0.1826,1.7274,0.03005,0.4272
1252,10264576,2566144,3720,3923.2,49.63,,-0.0332,0.1327,1.8091,0.02759,0.4375
1253,10272768,2568192,3721,3925.6,49.61,,-0.0319,0.1348,1.7224,0.0266,0.4052
1254,10280960,2570240,3723,3928.0,50.1,,-0.0326,0.1282,1.8528,0.02929,0.4375
1255,10289152,2572288,3726,3930.5,50.25,,-0.0327,0.1298,1.856,0.0228,0.4183
1256,10297344,2574336,3728,3932.9,50.18,,-0.0336,0.1405,1.8358,0.02984,0.452
1257,10305536,2576384,3731,3935.3,50.14,,-0.0327,0.1303,1.7438,0.03107,0.4487
1258,10313728,2578432,3733,3937.7,50.11,,-0.0353,0.1484,1.8515,0.02542,0.4254
1259,10321920,2580480,3735,3940.1,50.61,,-0.0319,0.1356,1.7582,0.03102,0.4716
1260,10330112,2582528,3737,3942.6,50.56,,-0.0313,0.1687,1.7675,0.03412,0.4779
1261,10338304,2584576,3739,3945.0,50.86,,-0.0318,0.1322,1.7183,0.03458,0.4567
1262,10346496,2586624,3742,3947.4,50.23,,-0.0341,0.1404,1.7672,0.02301,0.418
1263,10354688,2588672,3744,3949.8,50.68,,-0.0308,0.1733,1.6677,0.03904,0.4556
1264,10362880,2590720,3748,3952.3,50.93,,-0.034,0.1407,1.7694,0.02783,0.434
1265,10371072,2592768,3750,3954.7,51.16,,-0.0321,0.1915,1.8602,0.02532,0.426
1266,10379264,2594816,3754,3957.1,51.39,,-0.0308,0.1617,1.8041,0.03423,0.4556
1267,10387456,2596864,3757,3959.5,51.29,,-0.0327,0.1486,1.8562,0.03051,0.4292
1268,10395648,2598912,3758,3962.0,51.19,,-0.0356,0.118,1.8444,0.02493,0.4325
1269,10403840,2600960,3760,3964.4,51.24,,-0.032,0.1576,1.7225,0.04697,0.4602
1270,10412032,2603008,3763,3966.8,51.2,,-0.0383,0.1123,1.8085,0.03451,0.4742
1271,10420224,2605056,3765,3969.2,51.34,,-0.0322,0.1351,1.7836,0.04098,0.4636
1272,10428416,2607104,3768,3971.7,51.43,,-0.0341,0.1355,1.7916,0.03654,0.4541
1273,10436608,2609152,3771,3974.1,51.31,,-0.0323,0.165,1.8094,0.02559,0.4323
1274,10444800,2611200,3772,3976.5,51.51,,-0.0312,0.169,1.8896,0.02651,0.4415
1275,10452992,2613248,3774,3978.9,52.08,,-0.0366,0.14,1.8283,0.02625,0.4197
1276,10461184,2615296,3775,3981.3,52.11,,-0.0349,0.1038,1.7971,0.03365,0.4585
1277,10469376,2617344,3777,3983.8,51.94,,-0.0361,0.1572,1.8055,0.0385,0.4939
1278,10477568,2619392,3779,3986.2,52.01,,-0.0346,0.1554,1.7256,0.03596,0.4534
1279,10485760,2621440,3780,3988.6,51.94,,-0.0347,0.1079,1.6509,0.03238,0.4573
1280,10493952,2623488,3783,3991.0,52.92,,-0.0322,0.1459,1.7726,0.03006,0.4453
1281,10502144,2625536,3785,3993.4,52.64,,-0.0321,0.126,1.7323,0.02526,0.4298
1282,10510336,2627584,3786,3995.9,52.98,,-0.0339,0.115,1.6539,0.03395,0.4423
1283,10518528,2629632,3786,3998.3,52.98,,-0.0302,0.1363,1.6405,0.03683,0.4673
1284,10526720,2631680,3788,4000.7,52.5,,-0.0364,0.0927,1.6093,0.03104,0.4595
1285,10534912,2633728,3789,4003.1,52.74,,-0.0307,0.1193,1.5194,0.02994,0.4175
1286,10543104,2635776,3794,4005.5,51.82,,-0.0281,0.2182,1.5179,0.03554,0.4355
1287,10551296,2637824,3796,4008.0,52.38,,-0.0332,0.1843,1.6467,0.03807,0.4427
1288,10559488,2639872,3798,4010.4,53.01,,-0.0359,0.152,1.6704,0.03691,0.4397
1289,10567680,2641920,3799,4012.8,53.3,,-0.0325,0.1181,1.7538,0.02951,0.4398
1290,10575872,2643968,3803,4015.2,54.89,,-0.0337,0.1417,1.8546,0.02928,0.4458
1291,10584064,2646016,3804,4017.7,54.02,,-0.0277,0.1461,1.8514,0.02328,0.4082
1292,10592256,2648064,3808,4020.1,53.98,,-0.0327,0.1687,1.8176,0.02699,0.4336
1293,10600448,2650112,3809,4022.5,53.95,,-0.0387,0.1158,1.774,0.04035,0.4735
1294,10608640,2652160,3812,4024.9,52.59,,-0.0286,0.147,1.7692,0.0364,0.4415
1295,10616832,2654208,3816,4027.4,52.08,,-0.0329,0.1589,1.7731,0.02947,0.4446
1296,10625024,2656256,3820,4029.8,51.37,,-0.0326,0.1282,1.7175,0.03295,0.4429
1297,10633216,2658304,3820,4032.2,51.37,,-0.0361,0.1294,1.7004,0.03371,0.448
1298,10641408,2660352,3824,4034.6,50.65,,-0.0328,0.1324,1.7329,0.03829,0.4496
1299,10649600,2662400,3825,4037.0,50.44,,-0.0364,0.1087,1.7725,0.033,0.4763
1300,10657792,2664448,3828,4142.2,50.88,1395.75,-0.0324,0.161,1.6843,0.03964,0.4337
1301,10665984,2666496,3829,4144.6,50.89,,-0.0354,0.1132,1.7117,0.0671,0.479
1302,10674176,2668544,3833,4147.1,50.87,,-0.0313,0.1856,1.7606,0.03029,0.4282
1303,10682368,2670592,3836,4149.5,50.85,,-0.0299,0.1811,1.774,0.03351,0.4243
1304,10690560,2672640,3838,4151.9,50.77,,-0.0343,0.1219,1.8135,0.02455,0.4233
1305,10698752,2674688,3841,4154.3,50.64,,-0.0361,0.1258,1.9281,0.02277,0.4133
1306,10706944,2676736,3843,4156.8,50.12,,-0.0332,0.1357,1.9123,0.03734,0.4429
1307,10715136,2678784,3844,4159.2,50.0,,-0.0334,0.1226,1.8347,0.02724,0.4294
1308,10723328,2680832,3846,4161.6,50.02,,-0.0306,0.1363,1.7325,0.03333,0.4374
1309,10731520,2682880,3851,4164.0,50.05,,-0.03,0.1604,1.7547,0.02936,0.438
1310,10739712,2684928,3853,4166.4,49.62,,-0.0369,0.1155,1.7793,0.04039,0.4436
1311,10747904,2686976,3854,4168.9,49.79,,-0.0354,0.124,1.7704,0.04138,0.4617
1312,10756096,2689024,3856,4171.3,50.2,,-0.0358,0.1302,1.8297,0.03678,0.4639
1313,10764288,2691072,3856,4173.7,50.2,,-0.0333,0.131,1.7639,0.01897,0.4012
1314,10772480,2693120,3858,4176.1,50.2,,-0.0313,0.1818,1.7764,0.03824,0.437
1315,10780672,2695168,3860,4178.5,50.29,,-0.032,0.1599,1.5792,0.03274,0.4293
1316,10788864,2697216,3861,4180.9,50.25,,-0.0329,0.1183,1.5983,0.03979,0.4463
1317,10797056,2699264,3864,4183.4,50.29,,-0.0269,0.2152,1.514,0.04443,0.4178
1318,10805248,2701312,3867,4185.8,50.86,,-0.0301,0.1547,1.6322,0.03693,0.4521
1319,10813440,2703360,3868,4188.2,50.76,,-0.0284,0.1685,1.6472,0.04424,0.4581
1320,10821632,2705408,3870,4190.6,52.3,,-0.0337,0.1261,1.7408,0.03378,0.4546
1321,10829824,2707456,3872,4193.0,52.13,,-0.0298,0.1292,1.7932,0.04269,0.4321
1322,10838016,2709504,3874,4195.4,51.51,,-0.0332,0.1595,1.7082,0.03609,0.4551
1323,10846208,2711552,3876,4197.9,51.35,,-0.033,0.1411,1.717,0.02436,0.408
1324,10854400,2713600,3879,4200.3,51.88,,-0.0349,0.1479,1.7953,0.03687,0.4457
1325,10862592,2715648,3881,4202.7,52.64,,-0.0342,0.0976,1.7691,0.03409,0.4396
1326,10870784,2717696,3883,4205.1,51.9,,-0.0294,0.125,1.7744,0.03442,0.4725
1327,10878976,2719744,3883,4207.5,51.9,,-0.0319,0.0986,1.6977,0.04037,0.4637
1328,10887168,2721792,3887,4209.9,52.31,,-0.0326,0.1431,1.6483,0.02952,0.4594
1329,10895360,2723840,3888,4212.4,51.75,,-0.0342,0.1035,1.6399,0.03991,0.4589
1330,10903552,2725888,3890,4214.8,51.56,,-0.0337,0.1292,1.6715,0.03994,0.4567
1331,10911744,2727936,3893,4217.2,51.14,,-0.0359,0.1373,1.6844,0.02986,0.4373
1332,10919936,2729984,3895,4219.6,51.18,,-0.0334,0.1487,1.7328,0.03137,0.4419
1333,10928128,2732032,3896,4222.0,50.55,,-0.0345,0.1227,1.6762,0.02782,0.4197
1334,10936320,2734080,3899,4224.4,49.61,,-0.0315,0.1164,1.7311,0.03119,0.4528
1335,10944512,2736128,3900,4226.9,49.94,,-0.0371,0.1435,1.7295,0.03097,0.455
1336,10952704,2738176,3902,4229.3,48.82,,-0.0321,0.1702,1.7423,0.03221,0.4423
1337,10960896,2740224,3904,4231.7,49.85,,-0.029,0.2199,1.6616,0.03295,0.4285
1338,10969088,2742272,3906,4234.1,49.77,,-0.0317,0.1545,1.6673,0.0326,0.4304
1339,10977280,2744320,3908,4236.5,50.75,,-0.0375,0.1206,1.6989,0.03093,0.4451
1340,10985472,2746368,3910,4238.9,50.89,,-0.0299,0.1747,1.6822,0.0425,0.4612
1341,10993664,2748416,3914,4241.4,51.66,,-0.0328,0.1565,1.7113,0.0217,0.4
1342,11001856,2750464,3914,4243.8,51.66,,-0.0328,0.1468,1.7645,0.02847,0.4275
1343,11010048,2752512,3918,4246.2,51.75,,-0.0311,0.1645,1.7593,0.03211,0.4573
1344,11018240,2754560,3919,4248.6,51.76,,-0.0362,0.1579,1.7915,0.02979,0.4414
1345,11026432,2756608,3922,4251.0,52.73,,-0.0358,0.1361,1.7663,0.03736,0.4539
1346,11034624,2758656,3926,4253.5,53.2,,-0.0324,0.1899,1.8257,0.03019,0.4482
1347,11042816,2760704,3928,4255.9,52.81,,-0.0396,0.1142,1.8963,0.02402,0.437
1348,11051008,2762752,3928,4258.3,52.81,,-0.035,0.1254,1.8728,0.03048,0.4475
1349,11059200,2764800,3931,4260.7,52.59,,-0.0353,0.1406,1.7809,0.03369,0.4796
1350,11067392,2766848,3931,4263.1,52.59,,-0.0398,0.1135,1.8492,0.0286,0.4568
1351,11075584,2768896,3933,4265.5,52.82,,-0.0329,0.1306,1.7305,0.03259,0.4272
1352,11083776,2770944,3938,4268.0,53.12,,-0.0337,0.1766,1.8028,0.03191,0.4425
1353,11091968,2772992,3942,4270.4,53.8,,-0.0369,0.1495,1.9219,0.02596,0.4346
1354,11100160,2775040,3943,4272.8,53.84,,-0.0361,0.1519,1.8748,0.02302,0.4054
1355,11108352,2777088,3943,4275.2,53.84,,-0.0372,0.1004,1.8798,0.02928,0.4263
1356,11116544,2779136,3944,4277.6,54.15,,-0.0355,0.1548,1.8501,0.03245,0.4838
1357,11124736,2781184,3948,4280.1,53.92,,-0.0316,0.159,1.8225,0.03222,0.4491
1358,11132928,2783232,3952,4282.5,54.02,,-0.0307,0.2058,1.7388,0.0322,0.4343
1359,11141120,2785280,3953,4284.9,54.09,,-0.0361,0.1368,1.8193,0.02832,0.4528
1360,11149312,2787328,3954,4287.3,54.08,,-0.033,0.1118,1.8656,0.01982,0.4026
1361,11157504,2789376,3954,4289.7,54.08,,-0.0388,0.1066,1.734,0.03789,0.4998
1362,11165696,2791424,3958,4292.1,54.24,,-0.0325,0.1607,1.6959,0.03167,0.4718
1363,11173888,2793472,3959,4294.5,54.07,,-0.0377,0.0988,1.7014,0.03476,0.448
1364,11182080,2795520,3962,4297.0,54.25,,-0.0335,0.1468,1.7049,0.03538,0.4399
1365,11190272,2797568,3965,4299.4,54.27,,-0.0341,0.1495,1.7823,0.03756,0.4783
1366,11198464,2799616,3966,4301.8,54.53,,-0.0345,0.1255,1.7919,0.03375,0.4476
1367,11206656,2801664,3969,4304.2,53.75,,-0.0347,0.1603,1.7499,0.03014,0.4331
1368,11214848,2803712,3970,4306.6,52.93,,-0.0371,0.122,1.7243,0.04076,0.4572
1369,11223040,2805760,3972,4309.1,54.49,,-0.0349,0.1618,1.6887,0.0407,0.4468
1370,11231232,2807808,3974,4311.5,54.54,,-0.0279,0.196,1.6682,0.03485,0.4468
1371,11239424,2809856,3975,4313.9,54.56,,-0.0329,0.1126,1.6472,0.02886,0.4456
1372,11247616,2811904,3979,4316.3,54.54,,-0.0309,0.1358,1.7091,0.02891,0.421
1373,11255808,2813952,3981,4318.7,53.5,,-0.0303,0.134,1.7542,0.02678,0.4337
1374,11264000,2816000,3982,4321.2,53.52,,-0.0354,0.1159,1.6513,0.04033,0.4507
1375,11272192,2818048,3985,4323.6,53.8,,-0.0323,0.1142,1.7725,0.03352,0.4658
1376,11280384,2820096,3987,4326.0,53.25,,-0.0362,0.1488,1.674,0.0394,0.4529
1377,11288576,2822144,3987,4328.4,53.25,,-0.0348,0.1212,1.6425,0.03872,0.453
1378,11296768,2824192,3992,4330.8,53.31,,-0.0318,0.1779,1.6158,0.05136,0.4701
1379,11304960,2826240,3993,4333.2,53.26,,-0.0367,0.1103,1.7288,0.03171,0.4607
1380,11313152,2828288,3995,4335.7,53.38,,-0.0343,0.1455,1.779,0.03682,0.4474
1381,11321344,2830336,3998,4338.1,54.16,,-0.0336,0.1902,1.6696,0.03618,0.4427
1382,11329536,2832384,4000,4340.5,54.45,,-0.0321,0.1385,1.7341,0.02336,0.3928
1383,11337728,2834432,4000,4342.9,54.45,,-0.0367,0.1352,1.6968,0.04166,0.4806
1384,11345920,2836480,4004,4345.3,53.32,,-0.0347,0.1625,1.7138,0.03043,0.4443
1385,11354112,2838528,4006,4347.8,53.7,,-0.0358,0.1482,1.7851,0.0299,0.4607
1386,11362304,2840576,4008,4350.2,52.77,,-0.036,0.1493,1.6793,0.03437,0.4521
1387,11370496,2842624,4010,4352.6,52.5,,-0.0311,0.1561,1.6913,0.05539,0.4672
1388,11378688,2844672,4012,4355.0,52.2,,-0.0327,0.1788,1.7482,0.04466,0.4567
1389,11386880,2846720,4015,4357.4,53.14,,-0.0321,0.1363,1.7228,0.03228,0.4308
1390,11395072,2848768,4016,4359.9,53.57,,-0.0365,0.1446,1.8103,0.03597,0.4659
1391,11403264,2850816,4019,4362.3,53.37,,-0.0332,0.135,1.7542,0.04088,0.4785
1392,11411456,2852864,4021,4364.7,53.15,,-0.036,0.1412,1.7465,0.04005,0.4624
1393,11419648,2854912,4022,4367.1,52.68,,-0.0325,0.1805,1.7067,0.04351,0.469
1394,11427840,2856960,4028,4369.6,53.03,,-0.0334,0.1533,1.7087,0.02272,0.3907
1395,11436032,2859008,4028,4372.0,53.03,,-0.0349,0.1123,1.84,0.03445,0.4669
1396,11444224,2861056,4031,4374.4,53.23,,-0.0344,0.1468,1.7877,0.03495,0.4784
1397,11452416,2863104,4033,4376.8,53.42,,-0.0355,0.1069,1.7679,0.03592,0.4618
1398,11460608,2865152,4033,4379.2,53.42,,-0.0308,0.1274,1.7528,0.02873,0.4751
1399,11468800,2867200,4036,4381.6,53.02,,-0.0343,0.1843,1.8173,0.03342,0.4578
1400,11476992,2869248,4038,4487.3,52.62,1465.5699462890625,-0.031,0.1744,1.6976,0.0389,0.4628
1401,11485184,2871296,4041,4489.7,52.92,,-0.0301,0.1458,1.7816,0.02868,0.4348
1402,11493376,2873344,4044,4492.1,52.58,,-0.0297,0.1725,1.7319,0.04362,0.4567
1403,11501568,2875392,4044,4494.5,52.58,,-0.0363,0.1049,1.712,0.03836,0.4642
1404,11509760,2877440,4048,4496.9,53.42,,-0.0317,0.1396,1.651,0.04047,0.4564
1405,11517952,2879488,4049,4499.3,53.38,,-0.0316,0.1321,1.7244,0.04074,0.4525
1406,11526144,2881536,4049,4501.7,53.38,,-0.0325,0.1124,1.6929,0.04594,0.469
1407,11534336,2883584,4054,4504.2,52.94,,-0.0281,0.1676,1.7796,0.02849,0.4304
1408,11542528,2885632,4055,4506.6,52.57,,-0.0372,0.12,1.6665,0.0378,0.4518
1409,11550720,2887680,4058,4509.0,53.71,,-0.0328,0.1539,1.6619,0.03828,0.46
1410,11558912,2889728,4061,4511.4,53.9,,-0.032,0.164,1.7087,0.04061,0.4475
1411,11567104,2891776,4061,4513.8,53.9,,-0.0347,0.1273,1.7799,0.02698,0.4481
1412,11575296,2893824,4065,4516.3,54.04,,-0.0327,0.2388,1.7274,0.03784,0.4479
1413,11583488,2895872,4065,4518.7,54.04,,-0.0325,0.1367,1.7518,0.03473,0.4552
1414,11591680,2897920,4067,4521.1,53.36,,-0.0341,0.1165,1.8036,0.03011,0.4492
1415,11599872,2899968,4070,4523.5,53.45,,-0.0333,0.156,1.7876,0.02907,0.442
1416,11608064,2902016,4073,4526.0,52.64,,-0.0336,0.1565,1.7709,0.03973,0.4364
1417,11616256,2904064,4075,4528.4,53.27,,-0.0322,0.1589,1.8175,0.031,0.439
1418,11624448,2906112,4078,4530.8,53.21,,-0.0374,0.1177,1.8269,0.03699,0.4652
1419,11632640,2908160,4079,4533.2,53.55,,-0.0354,0.1149,1.8138,0.02979,0.4459
1420,11640832,2910208,4080,4535.6,53.59,,-0.039,0.0976,1.7655,0.03114,0.4694
1421,11649024,2912256,4082,4538.0,53.88,,-0.038,0.1542,1.6846,0.03752,0.4802
1422,11657216,2914304,4086,4540.5,54.07,,-0.0312,0.1472,1.7687,0.03271,0.4432
1423,11665408,2916352,4087,4542.9,53.92,,-0.038,0.1044,1.8048,0.03466,0.4601
1424,11673600,2918400,4088,4545.3,53.97,,-0.0384,0.1325,1.7621,0.03554,0.4463
1425,11681792,2920448,4090,4547.7,54.22,,-0.0365,0.1464,1.6891,0.03957,0.4686
1426,11689984,2922496,4093,4550.1,54.59,,-0.0287,0.1996,1.6643,0.03183,0.4277
1427,11698176,2924544,4097,4552.6,54.91,,-0.0352,0.1271,1.7348,0.0411,0.4656
1428,11706368,2926592,4097,4555.0,54.91,,-0.0331,0.1235,1.6193,0.02542,0.4078
1429,11714560,2928640,4099,4557.4,54.05,,-0.034,0.1211,1.7198,0.02916,0.4359
1430,11722752,2930688,4100,4559.8,53.61,,-0.0325,0.135,1.7098,0.02489,0.4403
1431,11730944,2932736,4101,4562.2,53.87,,-0.0348,0.1368,1.6799,0.02935,0.4456
1432,11739136,2934784,4103,4564.6,53.74,,-0.0323,0.1696,1.6133,0.02936,0.4143
1433,11747328,2936832,4106,4567.1,53.78,,-0.0293,0.1717,1.6376,0.0337,0.4141
1434,11755520,2938880,4108,4569.5,53.7,,-0.0297,0.1839,1.7101,0.03086,0.4418
1435,11763712,2940928,4111,4571.9,54.58,,-0.0279,0.1489,1.6985,0.04546,0.4502
1436,11771904,2942976,4113,4574.3,53.43,,-0.0309,0.122,1.6462,0.02575,0.3977
1437,11780096,2945024,4114,4576.7,53.44,,-0.0372,0.1043,1.7067,0.02985,0.4409
1438,11788288,2947072,4115,4579.2,54.03,,-0.035,0.1157,1.6642,0.03307,0.4336
1439,11796480,2949120,4116,4581.6,53.58,,-0.0332,0.1404,1.6305,0.03306,0.4518
1440,11804672,2951168,4119,4584.0,54.1,,-0.0286,0.2406,1.5748,0.03924,0.4548
1441,11812864,2953216,4120,4586.4,54.16,,-0.0356,0.1295,1.5938,0.03862,0.4369
1442,11821056,2955264,4123,4588.8,54.7,,-0.0302,0.2077,1.5804,0.03868,0.4254
1443,11829248,2957312,4124,4591.2,54.7,,-0.0286,0.1553,1.6121,0.03975,0.4446
1444,11837440,2959360,4127,4593.7,55.4,,-0.0331,0.1094,1.7013,0.03613,0.457
1445,11845632,2961408,4128,4596.1,55.78,,-0.0326,0.1374,1.6573,0.03504,0.4325
1446,11853824,2963456,4131,4598.5,56.58,,-0.0307,0.1684,1.604,0.04126,0.4426
1447,11862016,2965504,4132,4600.9,56.68,,-0.0319,0.1443,1.6563,0.04222,0.4675
1448,11870208,2967552,4134,4603.4,57.04,,-0.0311,0.147,1.6751,0.02497,0.431
1449,11878400,2969600,4139,4605.8,57.28,,-0.0285,0.2358,1.6711,0.03188,0.4009
1450,11886592,2971648,4140,4608.2,56.84,,-0.0386,0.111,1.7547,0.02391,0.4431
1451,11894784,2973696,4141,4610.6,56.59,,-0.0335,0.1352,1.765,0.03261,0.417
1452,11902976,2975744,4143,4613.0,56.55,,-0.0344,0.153,1.7639,0.03525,0.4702
1453,11911168,2977792,4145,4615.5,56.5,,-0.0336,0.135,1.6241,0.04753,0.4537
1454,11919360,2979840,4149,4617.9,56.89,,-0.0279,0.1744,1.6105,0.03418,0.4166
1455,11927552,2981888,4151,4620.3,56.79,,-0.034,0.1264,1.7062,0.03959,0.4546
1456,11935744,2983936,4154,4622.7,56.77,,-0.0311,0.146,1.673,0.03943,0.4492
1457,11943936,2985984,4156,4625.1,56.12,,-0.0346,0.1426,1.7501,0.02705,0.4319
1458,11952128,2988032,4156,4627.5,56.12,,-0.0389,0.1036,1.6851,0.02771,0.4456
1459,11960320,2990080,4157,4630.0,55.79,,-0.0322,0.1405,1.5209,0.03737,0.4463
1460,11968512,2992128,4161,4632.4,56.21,,-0.0347,0.1149,1.586,0.03963,0.4709
1461,11976704,2994176,4162,4634.8,55.74,,-0.0292,0.1443,1.5572,0.02674,0.4031
1462,11984896,2996224,4164,4637.2,55.83,,-0.0342,0.1201,1.5881,0.03786,0.4465
1463,11993088,2998272,4166,4639.6,56.1,,-0.0307,0.1329,1.6876,0.03406,0.4253
1464,12001280,3000320,4168,4642.0,56.83,,-0.0335,0.1146,1.6939,0.03551,0.4313
1465,12009472,3002368,4170,4644.5,57.03,,-0.0278,0.1578,1.652,0.03536,0.4467
1466,12017664,3004416,4171,4646.9,56.8,,-0.0329,0.1063,1.6042,0.03742,0.4479
1467,12025856,3006464,4174,4649.3,56.98,,-0.0356,0.1447,1.6277,0.03045,0.4474
1468,12034048,3008512,4178,4651.7,56.33,,-0.0313,0.1561,1.6684,0.02706,0.4194
1469,12042240,3010560,4178,4654.1,56.33,,-0.0359,0.0992,1.7191,0.04094,0.4714
1470,12050432,3012608,4181,4656.6,56.76,,-0.0311,0.1862,1.6101,0.03177,0.4353
1471,12058624,3014656,4182,4659.0,56.8,,-0.0296,0.1273,1.652,0.03373,0.4312
1472,12066816,3016704,4187,4661.4,56.64,,-0.0283,0.1931,1.6542,0.03463,0.424
1473,12075008,3018752,4191,4663.9,56.73,,-0.0295,0.1693,1.7556,0.03314,0.408
1474,12083200,3020800,4194,4666.3,56.99,,-0.0358,0.131,1.8146,0.02032,0.4082
1475,12091392,3022848,4195,4668.7,57.07,,-0.035,0.1143,1.794,0.02959,0.428
1476,12099584,3024896,4197,4671.1,56.47,,-0.0344,0.1065,1.7743,0.0327,0.4497
1477,12107776,3026944,4199,4673.5,56.35,,-0.0313,0.1511,1.6301,0.03836,0.449
1478,12115968,3028992,4202,4676.0,55.72,,-0.0282,0.209,1.5976,0.0431,0.4545
1479,12124160,3031040,4204,4678.4,55.72,,-0.0332,0.1094,1.6702,0.03161,0.4232
1480,12132352,3033088,4206,4680.8,55.52,,-0.0312,0.1437,1.55,0.04055,0.4462
1481,12140544,3035136,4210,4683.2,54.91,,-0.0287,0.1915,1.6529,0.03627,0.4404
1482,12148736,3037184,4211,4685.6,54.57,,-0.0374,0.0986,1.7091,0.03379,0.4463
1483,12156928,3039232,4214,4688.1,54.67,,-0.0266,0.2165,1.6356,0.03495,0.4205
1484,12165120,3041280,4217,4690.5,54.4,,-0.0331,0.1211,1.6333,0.03739,0.4274
1485,12173312,3043328,4217,4692.9,54.4,,-0.0332,0.103,1.6958,0.02677,0.436
1486,12181504,3045376,4222,4695.3,53.28,,-0.0262,0.2007,1.6118,0.04152,0.4388
1487,12189696,3047424,4225,4697.8,52.84,,-0.0316,0.162,1.667,0.0351,0.4255
1488,12197888,3049472,4228,4700.2,52.07,,-0.0284,0.177,1.5813,0.04031,0.4357
1489,12206080,3051520,4229,4702.6,51.51,,-0.0334,0.0908,1.5607,0.04228,0.4567
1490,12214272,3053568,4232,4705.0,50.83,,-0.0287,0.1626,1.6535,0.02781,0.4017
1491,12222464,3055616,4233,4707.4,50.59,,-0.0324,0.1443,1.699,0.03229,0.4266
1492,12230656,3057664,4235,4709.9,50.59,,-0.0298,0.1485,1.4681,0.02652,0.3926
1493,12238848,3059712,4237,4712.3,50.27,,-0.0309,0.1743,1.527,0.03982,0.4628
1494,12247040,3061760,4239,4714.7,50.14,,-0.0332,0.1452,1.4397,0.04261,0.4679
1495,12255232,3063808,4241,4717.1,50.22,,-0.0263,0.1434,1.4613,0.03971,0.4307
1496,12263424,3065856,4244,4719.5,50.8,,-0.0302,0.1196,1.5223,0.02874,0.3942
1497,12271616,3067904,4244,4721.9,50.8,,-0.03,0.1138,1.483,0.03272,0.4249
1498,12279808,3069952,4249,4724.4,50.52,,-0.0334,0.1392,1.563,0.04034,0.4438
1499,12288000,3072000,4251,4726.8,50.49,,-0.0257,0.1474,1.5805,0.03719,0.4337
1500,12296192,3074048,4254,4826.9,50.69,1388.9100341796875,-0.0276,0.1892,1.6184,0.04029,0.4447
1501,12304384,3076096,4258,4829.4,51.48,,-0.0311,0.1377,1.7385,0.03606,0.4626
1502,12312576,3078144,4260,4831.8,51.12,,-0.0308,0.1503,1.7237,0.03548,0.4426
1503,12320768,3080192,4260,4834.2,51.12,,-0.0309,0.1086,1.6284,0.03229,0.4618
1504,12328960,3082240,4261,4836.6,50.99,,-0.0336,0.1177,1.5213,0.03159,0.4153
1505,12337152,3084288,4262,4839.0,51.03,,-0.0298,0.1474,1.4735,0.03162,0.4147
1506,12345344,3086336,4266,4841.4,50.54,,-0.0323,0.1596,1.4238,0.03811,0.4321
1507,12353536,3088384,4269,4843.9,50.26,,-0.0246,0.18,1.5162,0.03169,0.4264
1508,12361728,3090432,4271,4846.3,50.4,,-0.0332,0.1388,1.5844,0.03566,0.4375
1509,12369920,3092480,4272,4848.7,50.55,,-0.0376,0.0934,1.6836,0.03782,0.4659
1510,12378112,3094528,4273,4851.1,49.85,,-0.0376,0.1365,1.5677,0.04395,0.4552
1511,12386304,3096576,4276,4853.5,50.09,,-0.0337,0.1425,1.4133,0.04249,0.4402
1512,12394496,3098624,4276,4855.9,50.09,,-0.0344,0.0977,1.4531,0.03665,0.4281
1513,12402688,3100672,4281,4858.4,49.27,,-0.0272,0.1949,1.4079,0.04573,0.4446
1514,12410880,3102720,4284,4860.8,48.96,,-0.0321,0.1107,1.5795,0.03612,0.4313
1515,12419072,3104768,4285,4863.2,49.6,,-0.0336,0.1093,1.652,0.02902,0.4398
1516,12427264,3106816,4287,4865.6,50.45,,-0.0343,0.1702,1.6218,0.04267,0.4438
1517,12435456,3108864,4290,4868.1,50.2,,-0.0302,0.1638,1.6872,0.03918,0.4532
1518,12443648,3110912,4291,4870.5,50.23,,-0.0343,0.1566,1.6599,0.03898,0.4456
1519,12451840,3112960,4292,4872.9,50.29,,-0.0318,0.1599,1.5232,0.04184,0.4458
1520,12460032,3115008,4292,4875.3,50.29,,-0.0352,0.0918,1.4975,0.03852,0.4521
1521,12468224,3117056,4294,4877.7,50.5,,-0.0275,0.1558,1.3542,0.04114,0.4404
1522,12476416,3119104,4296,4880.1,50.46,,-0.0304,0.1278,1.3593,0.04543,0.431
1523,12484608,3121152,4299,4882.6,50.84,,-0.0295,0.1737,1.4617,0.04132,0.4486
1524,12492800,3123200,4300,4885.0,50.7,,-0.0309,0.1259,1.5114,0.0351,0.4423
1525,12500992,3125248,4300,4887.4,50.7,,-0.0339,0.0931,1.5187,0.02738,0.4242
1526,12509184,3127296,4302,4889.8,51.72,,-0.0288,0.1482,1.4818,0.04562,0.4573
1527,12517376,3129344,4305,4892.2,53.26,,-0.0342,0.1317,1.4866,0.04444,0.4385
1528,12525568,3131392,4306,4894.6,53.74,,-0.0297,0.1699,1.5406,0.0362,0.4591
1529,12533760,3133440,4309,4897.1,53.8,,-0.0315,0.1549,1.585,0.02947,0.4221
1530,12541952,3135488,4312,4899.5,54.17,,-0.0276,0.1689,1.6013,0.03107,0.4385
1531,12550144,3137536,4313,4901.9,54.2,,-0.0324,0.1045,1.633,0.03897,0.4507
1532,12558336,3139584,4315,4904.3,54.9,,-0.0261,0.1952,1.6578,0.03095,0.4492
1533,12566528,3141632,4316,4906.7,54.54,,-0.0335,0.0973,1.6055,0.04993,0.4838
1534,12574720,3143680,4317,4909.2,54.49,,-0.0349,0.115,1.574,0.02882,0.4213
1535,12582912,3145728,4322,4911.6,55.56,,-0.03,0.2305,1.603,0.03576,0.4227
1536,12591104,3147776,4324,4914.0,56.3,,-0.0327,0.1599,1.6484,0.03887,0.4279
1537,12599296,3149824,4324,4916.4,56.3,,-0.0362,0.1036,1.6464,0.0353,0.4376
1538,12607488,3151872,4326,4918.8,56.14,,-0.0331,0.1289,1.6444,0.03397,0.4507
1539,12615680,3153920,4327,4921.3,56.71,,-0.0323,0.1455,1.5112,0.03243,0.4186
1540,12623872,3155968,4330,4923.7,56.87,,-0.0279,0.2101,1.5114,0.04221,0.4259
1541,12632064,3158016,4332,4926.1,56.87,,-0.0312,0.1566,1.586,0.03486,0.4349
1542,12640256,3160064,4335,4928.5,57.45,,-0.0316,0.2158,1.5119,0.04155,0.4373
1543,12648448,3162112,4337,4931.0,58.56,,-0.0324,0.1141,1.6136,0.03485,0.4662
1544,12656640,3164160,4339,4933.4,58.41,,-0.0297,0.1327,1.5989,0.03574,0.4406
1545,12664832,3166208,4340,4935.8,58.44,,-0.0373,0.1048,1.64,0.03353,0.4418
1546,12673024,3168256,4341,4938.2,58.77,,-0.0348,0.1107,1.583,0.04059,0.4608
1547,12681216,3170304,4344,4940.6,57.99,,-0.0277,0.1911,1.5113,0.03069,0.408
1548,12689408,3172352,4346,4943.0,57.41,,-0.0283,0.1594,1.4668,0.04194,0.4415
1549,12697600,3174400,4348,4945.5,58.48,,-0.0267,0.1582,1.4833,0.03793,0.4431
1550,12705792,3176448,4350,4947.9,58.22,,-0.0313,0.1737,1.5292,0.0372,0.443
1551,12713984,3178496,4352,4950.3,58.99,,-0.0338,0.1324,1.5614,0.04124,0.4395
1552,12722176,3180544,4353,4952.7,58.9,,-0.0363,0.1053,1.6089,0.05001,0.4602
1553,12730368,3182592,4354,4955.1,59.03,,-0.0343,0.1336,1.5803,0.03911,0.4525
1554,12738560,3184640,4356,4957.6,58.51,,-0.0317,0.1637,1.47,0.04416,0.446
1555,12746752,3186688,4360,4960.0,58.31,,-0.0274,0.1996,1.4819,0.03849,0.4221
1556,12754944,3188736,4363,4962.4,58.82,,-0.03,0.1491,1.5356,0.03746,0.4437
1557,12763136,3190784,4363,4964.8,58.82,,-0.036,0.0951,1.6494,0.04587,0.4829
1558,12771328,3192832,4365,4967.2,59.26,,-0.0315,0.1146,1.5328,0.04017,0.4437
1559,12779520,3194880,4366,4969.7,59.18,,-0.0301,0.1508,1.4825,0.03651,0.4436
1560,12787712,3196928,4367,4972.1,58.93,,-0.0309,0.1621,1.506,0.04229,0.4448
1561,12795904,3198976,4372,4974.5,58.62,,-0.0246,0.2055,1.6493,0.07545,0.4198
1562,12804096,3201024,4375,4976.9,59.67,,-0.0302,0.1648,1.7255,0.02784,0.4055
1563,12812288,3203072,4376,4979.3,60.7,,-0.0294,0.128,1.7363,0.05055,0.4451
1564,12820480,3205120,4376,4981.7,60.7,,-0.0351,0.0947,1.7302,0.03885,0.4857
1565,12828672,3207168,4377,4984.2,60.23,,-0.0327,0.121,1.6253,0.03938,0.4628
1566,12836864,3209216,4381,4986.6,60.79,,-0.0312,0.1636,1.6449,0.03431,0.4241
1567,12845056,3211264,4383,4989.0,60.97,,-0.034,0.1065,1.5987,0.04876,0.4783
1568,12853248,3213312,4386,4991.4,59.98,,-0.0262,0.1653,1.6847,0.05285,0.4602
1569,12861440,3215360,4388,4993.9,60.13,,-0.0326,0.1336,1.663,0.03091,0.4216
1570,12869632,3217408,4388,4996.3,60.13,,-0.0371,0.1115,1.6922,0.02354,0.4193
1571,12877824,3219456,4390,4998.7,60.08,,-0.0253,0.1328,1.5615,0.043,0.4547
1572,12886016,3221504,4390,5001.1,60.08,,-0.0301,0.1322,1.5951,0.04041,0.4647
1573,12894208,3223552,4393,5003.5,61.12,,-0.0299,0.1816,1.4734,0.03815,0.4264
1574,12902400,3225600,4397,5005.9,60.37,,-0.0258,0.145,1.592,0.04022,0.467
1575,12910592,3227648,4398,5008.4,60.86,,-0.0294,0.1571,1.663,0.02736,0.4064
1576,12918784,3229696,4399,5010.8,61.4,,-0.0338,0.108,1.7042,0.03,0.4371
1577,12926976,3231744,4400,5013.2,61.51,,-0.0364,0.1233,1.6776,0.03617,0.4596
1578,12935168,3233792,4403,5015.6,60.99,,-0.031,0.1645,1.6586,0.03978,0.4559
1579,12943360,3235840,4405,5018.0,59.87,,-0.0314,0.1575,1.6618,0.03272,0.42
1580,12951552,3237888,4407,5020.4,59.33,,-0.0304,0.1283,1.5981,0.02789,0.3933
1581,12959744,3239936,4409,5022.9,59.32,,-0.0264,0.1598,1.5841,0.03578,0.3989
1582,12967936,3241984,4412,5025.3,59.2,,-0.0285,0.1605,1.6207,0.04095,0.4502
1583,12976128,3244032,4415,5027.7,58.91,,-0.0301,0.1511,1.7332,0.03081,0.4287
1584,12984320,3246080,4417,5030.2,59.28,,-0.0324,0.1278,1.6667,0.02653,0.3981
1585,12992512,3248128,4418,5032.6,59.05,,-0.0371,0.1044,1.7506,0.031,0.4465
1586,13000704,3250176,4421,5035.0,58.65,,-0.0295,0.1693,1.653,0.03151,0.4165
1587,13008896,3252224,4425,5037.4,58.74,,-0.0311,0.1322,1.6344,0.03874,0.4359
1588,13017088,3254272,4426,5039.8,58.66,,-0.0282,0.1372,1.6578,0.03166,0.4366
1589,13025280,3256320,4427,5042.2,58.13,,-0.0357,0.1032,1.6704,0.03241,0.4329
1590,13033472,3258368,4428,5044.7,58.07,,-0.0377,0.097,1.6392,0.03697,0.4541
1591,13041664,3260416,4430,5047.1,57.86,,-0.0338,0.1104,1.5643,0.04436,0.4579
1592,13049856,3262464,4432,5049.5,57.84,,-0.031,0.1848,1.5532,0.0346,0.442
1593,13058048,3264512,4435,5051.9,57.54,,-0.0319,0.1416,1.4419,0.03375,0.4012
1594,13066240,3266560,4438,5054.3,57.17,,-0.0277,0.1589,1.616,0.03691,0.4421
1595,13074432,3268608,4439,5056.8,57.41,,-0.0305,0.1231,1.7701,0.02443,0.415
1596,13082624,3270656,4440,5059.2,57.4,,-0.0347,0.1088,1.682,0.0339,0.4641
1597,13090816,3272704,4441,5061.6,57.01,,-0.0333,0.1151,1.6172,0.02864,0.4043
1598,13099008,3274752,4442,5064.0,56.98,,-0.03,0.1355,1.5332,0.0408,0.439
1599,13107200,3276800,4446,5066.4,57.3,,-0.0257,0.1799,1.5281,0.04028,0.4501
1600,13115392,3278848,4450,5183.2,57.91,1599.8199462890625,-0.0299,0.1798,1.679,0.02749,0.4258
1601,13123584,3280896,4452,5185.6,57.55,,-0.035,0.104,1.7476,0.02481,0.3964
1602,13131776,3282944,4453,5188.0,57.74,,-0.0298,0.1098,1.7794,0.04018,0.4445
1603,13139968,3284992,4454,5190.4,58.71,,-0.0351,0.126,1.728,0.02853,0.444
1604,13148160,3287040,4457,5192.9,59.23,,-0.032,0.2026,1.6655,0.03081,0.4366
1605,13156352,3289088,4459,5195.3,59.14,,-0.0282,0.2175,1.5895,0.03676,0.4154
1606,13164544,3291136,4461,5197.7,58.36,,-0.035,0.1128,1.6382,0.03037,0.4473
1607,13172736,3293184,4462,5200.1,58.37,,-0.0327,0.1463,1.6956,0.02545,0.4414
1608,13180928,3295232,4464,5202.5,58.14,,-0.0354,0.1173,1.5726,0.02699,0.4283
1609,13189120,3297280,4465,5204.9,57.67,,-0.0318,0.1348,1.5307,0.03708,0.4429
1610,13197312,3299328,4469,5207.4,57.48,,-0.0307,0.1463,1.5317,0.03185,0.4236
1611,13205504,3301376,4469,5209.8,57.48,,-0.0301,0.1114,1.5223,0.02474,0.418
1612,13213696,3303424,4469,5212.2,57.48,,-0.0342,0.0876,1.4797,0.03447,0.443
1613,13221888,3305472,4472,5214.6,57.13,,-0.0248,0.2411,1.4112,0.03547,0.4169
1614,13230080,3307520,4474,5217.0,57.08,,-0.0318,0.1525,1.4965,0.03502,0.4554
1615,13238272,3309568,4478,5219.5,56.66,,-0.0265,0.1851,1.6069,0.02543,0.4045
1616,13246464,3311616,4481,5221.9,57.2,,-0.0306,0.1452,1.6398,0.03523,0.4292
1617,13254656,3313664,4483,5224.3,58.27,,-0.0298,0.1286,1.6382,0.02075,0.3612
1618,13262848,3315712,4485,5226.7,58.44,,-0.0287,0.1607,1.7138,0.03154,0.4386
1619,13271040,3317760,4485,5229.1,58.44,,-0.0353,0.1241,1.6115,0.03566,0.4294
1620,13279232,3319808,4487,5231.5,58.34,,-0.0331,0.1452,1.6095,0.03191,0.451
1621,13287424,3321856,4491,5234.0,58.7,,-0.0299,0.1517,1.718,0.03453,0.4396
1622,13295616,3323904,4494,5236.4,57.59,,-0.0296,0.1821,1.7646,0.03405,0.4578
1623,13303808,3325952,4495,5238.8,57.92,,-0.0317,0.1259,1.6695,0.03775,0.448
1624,13312000,3328000,4496,5241.2,58.22,,-0.0344,0.1068,1.7015,0.02468,0.4126
1625,13320192,3330048,4496,5243.6,58.22,,-0.0349,0.107,1.6711,0.03404,0.4329
1626,13328384,3332096,4498,5246.0,57.39,,-0.0301,0.144,1.5487,0.03709,0.4253
1627,13336576,3334144,4499,5248.4,57.16,,-0.0299,0.1693,1.5484,0.03649,0.4373
1628,13344768,3336192,4501,5250.9,57.4,,-0.029,0.1409,1.4657,0.03059,0.4211
1629,13352960,3338240,4501,5253.3,57.4,,-0.0296,0.0964,1.4956,0.0626,0.4327
1630,13361152,3340288,4505,5255.7,58.53,,-0.0327,0.1684,1.5658,0.03065,0.4238
1631,13369344,3342336,4507,5258.1,58.86,,-0.029,0.1752,1.5813,0.02652,0.3912
1632,13377536,3344384,4509,5260.5,58.85,,-0.03,0.1795,1.6419,0.03133,0.4308
1633,13385728,3346432,4511,5263.0,59.11,,-0.0317,0.1005,1.595,0.02495,0.4111
1634,13393920,3348480,4513,5265.4,59.38,,-0.0315,0.1618,1.6484,0.03569,0.4471
1635,13402112,3350528,4514,5267.8,59.27,,-0.031,0.1415,1.5539,0.03743,0.4387
1636,13410304,3352576,4517,5270.2,58.37,,-0.0244,0.1676,1.6101,0.03261,0.4369
1637,13418496,3354624,4518,5272.6,58.4,,-0.0353,0.0922,1.5811,0.03546,0.458
1638,13426688,3356672,4519,5275.0,57.88,,-0.0291,0.1977,1.6777,0.02794,0.4407
1639,13434880,3358720,4522,5277.5,59.2,,-0.0301,0.1539,1.6408,0.02283,0.391
1640,13443072,3360768,4524,5279.9,60.01,,-0.0252,0.1917,1.6753,0.03313,0.4343
1641,13451264,3362816,4527,5282.3,59.77,,-0.0256,0.2042,1.5754,0.02867,0.4137
1642,13459456,3364864,4528,5284.7,59.85,,-0.0307,0.1351,1.6423,0.03412,0.443
1643,13467648,3366912,4528,5287.1,59.85,,-0.0338,0.1146,1.5321,0.02863,0.433
1644,13475840,3368960,4530,5289.5,60.61,,-0.0281,0.1368,1.4099,0.03518,0.4193
1645,13484032,3371008,4535,5292.0,60.36,,-0.0251,0.1782,1.5333,0.03537,0.4309
1646,13492224,3373056,4539,5294.4,60.32,,-0.0269,0.222,1.7144,0.02887,0.4214
1647,13500416,3375104,4540,5296.8,60.29,,-0.0301,0.1532,1.6796,0.03221,0.4421
1648,13508608,3377152,4541,5299.2,60.28,,-0.0346,0.1146,1.7262,0.02431,0.4189
1649,13516800,3379200,4543,5301.7,61.46,,-0.0351,0.1226,1.7501,0.03692,0.4634
1650,13524992,3381248,4545,5304.1,61.44,,-0.0278,0.171,1.5981,0.03716,0.4116
1651,13533184,3383296,4549,5306.5,60.77,,-0.0299,0.1469,1.6865,0.03624,0.4225
1652,13541376,3385344,4549,5308.9,60.77,,-0.0328,0.1367,1.643,0.03332,0.4115
1653,13549568,3387392,4551,5311.3,60.54,,-0.0363,0.1383,1.7016,0.03108,0.459
1654,13557760,3389440,4553,5313.8,60.14,,-0.0343,0.1203,1.6075,0.04249,0.4559
1655,13565952,3391488,4556,5316.2,58.9,,-0.029,0.1959,1.6392,0.02519,0.3956
1656,13574144,3393536,4558,5318.6,59.43,,-0.0337,0.1519,1.6471,0.03757,0.4497
1657,13582336,3395584,4561,5321.0,59.59,,-0.0321,0.1692,1.6692,0.03663,0.4398
1658,13590528,3397632,4563,5323.4,59.45,,-0.0329,0.148,1.7232,0.03696,0.4474
1659,13598720,3399680,4565,5325.9,59.88,,-0.0313,0.1471,1.6736,0.03163,0.4425
1660,13606912,3401728,4567,5328.3,59.93,,-0.0296,0.1768,1.6108,0.03394,0.4175
1661,13615104,3403776,4569,5330.7,61.34,,-0.0288,0.1661,1.6214,0.03295,0.4471
1662,13623296,3405824,4571,5333.1,61.73,,-0.0359,0.1214,1.586,0.03513,0.4281
1663,13631488,3407872,4575,5335.6,60.89,,-0.0285,0.1893,1.5571,0.03612,0.3961
1664,13639680,3409920,4576,5338.0,60.76,,-0.0373,0.1086,1.7016,0.03004,0.4509
1665,13647872,3411968,4579,5340.4,60.15,,-0.0286,0.1877,1.7304,0.03687,0.4274
1666,13656064,3414016,4583,5342.8,58.35,,-0.026,0.2159,1.6941,0.02527,0.399
1667,13664256,3416064,4584,5345.2,57.99,,-0.0304,0.1087,1.7244,0.02415,0.4325
1668,13672448,3418112,4588,5347.7,58.2,,-0.0306,0.1673,1.8576,0.02048,0.3926
1669,13680640,3420160,4590,5350.1,57.54,,-0.0309,0.1284,1.819,0.02749,0.4296
1670,13688832,3422208,4590,5352.5,57.54,,-0.0345,0.1089,1.7745,0.04038,0.4652
1671,13697024,3424256,4592,5354.9,57.62,,-0.0324,0.1409,1.7494,0.0302,0.4286
1672,13705216,3426304,4594,5357.3,57.8,,-0.0351,0.1433,1.6243,0.0362,0.4528
1673,13713408,3428352,4598,5359.8,57.55,,-0.0307,0.183,1.6917,0.03044,0.4304
1674,13721600,3430400,4600,5362.2,57.51,,-0.0334,0.1666,1.6675,0.02979,0.4255
1675,13729792,3432448,4603,5364.6,56.26,,-0.0348,0.1334,1.6945,0.02985,0.4553
1676,13737984,3434496,4604,5367.0,56.12,,-0.0355,0.1123,1.7734,0.02861,0.4475
1677,13746176,3436544,4607,5369.5,55.04,,-0.0323,0.1862,1.6561,0.02727,0.3986
1678,13754368,3438592,4608,5371.9,54.73,,-0.0341,0.1255,1.668,0.03712,0.4575
1679,13762560,3440640,4610,5374.3,54.3,,-0.029,0.1641,1.6617,0.04,0.4791
1680,13770752,3442688,4610,5376.7,54.3,,-0.034,0.1468,1.6359,0.02976,0.4611
1681,13778944,3444736,4617,5379.2,55.36,,-0.0291,0.2216,1.7345,0.03351,0.4592
1682,13787136,3446784,4618,5381.6,55.47,,-0.0306,0.1594,1.7177,0.04464,0.4624
1683,13795328,3448832,4618,5384.0,55.47,,-0.0337,0.093,1.6878,0.02797,0.4386
1684,13803520,3450880,4618,5386.4,55.47,,-0.0349,0.0938,1.635,0.0298,0.428
1685,13811712,3452928,4619,5388.8,55.42,,-0.034,0.1089,1.5471,0.03217,0.4362
1686,13819904,3454976,4621,5391.2,55.23,,-0.0293,0.1103,1.5048,0.0398,0.4712
1687,13828096,3457024,4625,5393.7,53.84,,-0.0253,0.1672,1.5411,0.02841,0.4253
1688,13836288,3459072,4629,5396.1,54.03,,-0.0301,0.1838,1.7142,0.03553,0.4346
1689,13844480,3461120,4630,5398.5,54.55,,-0.0336,0.0943,1.6964,0.02226,0.4169
1690,13852672,3463168,4630,5400.9,54.55,,-0.0376,0.106,1.7194,0.02818,0.4639
1691,13860864,3465216,4630,5403.3,54.55,,-0.0369,0.0716,1.6478,0.0285,0.442
1692,13869056,3467264,4632,5405.7,54.48,,-0.0299,0.1524,1.5436,0.03409,0.429
1693,13877248,3469312,4633,5408.2,54.7,,-0.0264,0.1599,1.4788,0.03779,0.4385
1694,13885440,3471360,4635,5410.6,55.39,,-0.0335,0.1112,1.5473,0.03448,0.4714
1695,13893632,3473408,4636,5413.0,55.42,,-0.0338,0.1132,1.5746,0.02885,0.4485
1696,13901824,3475456,4637,5415.4,55.6,,-0.0314,0.1339,1.5927,0.02588,0.4431
1697,13910016,3477504,4638,5417.8,55.97,,-0.034,0.1058,1.5625,0.02699,0.4404
1698,13918208,3479552,4640,5420.2,56.76,,-0.0276,0.1952,1.455,0.03023,0.3966
1699,13926400,3481600,4642,5422.7,56.4,,-0.0332,0.088,1.605,0.02842,0.4506
1700,13934592,3483648,4643,5518.8,56.11,1221.9200439453125,-0.0294,0.1557,1.6622,0.02697,0.4274
1701,13942784,3485696,4645,5521.3,56.13,,-0.0286,0.1457,1.548,0.03212,0.4335
1702,13950976,3487744,4645,5523.7,56.13,,-0.0357,0.0963,1.5742,0.02671,0.4479
1703,13959168,3489792,4647,5526.1,56.82,,-0.0317,0.129,1.6379,0.03437,0.4362
1704,13967360,3491840,4651,5528.5,57.34,,-0.0311,0.1754,1.5103,0.03778,0.4448
1705,13975552,3493888,4653,5530.9,58.86,,-0.0331,0.1422,1.5665,0.03442,0.4492
1706,13983744,3495936,4655,5533.3,59.35,,-0.03,0.1247,1.5728,0.04014,0.4838
1707,13991936,3497984,4655,5535.7,59.35,,-0.0361,0.0945,1.5652,0.03693,0.4501
1708,14000128,3500032,4658,5538.2,59.15,,-0.0276,0.1999,1.6108,0.0377,0.4418
1709,14008320,3502080,4660,5540.6,60.11,,-0.0259,0.2388,1.5949,0.0336,0.4114
1710,14016512,3504128,4663,5543.0,60.97,,-0.0309,0.1132,1.5628,0.0249,0.3938
1711,14024704,3506176,4664,5545.4,60.69,,-0.034,0.1485,1.665,0.03546,0.4382
1712,14032896,3508224,4665,5547.8,61.15,,-0.0382,0.0916,1.6813,0.0367,0.4692
1713,14041088,3510272,4666,5550.3,61.06,,-0.0313,0.1578,1.6579,0.02504,0.4351
1714,14049280,3512320,4666,5552.7,61.06,,-0.0332,0.1756,1.4611,0.04136,0.4354
1715,14057472,3514368,4669,5555.1,60.26,,-0.033,0.1232,1.4899,0.03638,0.4352
1716,14065664,3516416,4673,5557.6,60.38,,-0.0294,0.1458,1.5035,0.02751,0.4208
1717,14073856,3518464,4675,5560.0,60.89,,-0.0288,0.1356,1.5514,0.03816,0.4294
1718,14082048,3520512,4677,5562.4,61.34,,-0.0313,0.1158,1.6003,0.03439,0.4333
1719,14090240,3522560,4678,5564.8,60.97,,-0.0381,0.119,1.6422,0.04314,0.4871
1720,14098432,3524608,4681,5567.2,60.95,,-0.0271,0.1694,1.5139,0.03664,0.4348
1721,14106624,3526656,4683,5569.6,61.61,,-0.0328,0.1264,1.6212,0.03824,0.4316
1722,14114816,3528704,4685,5572.1,61.62,,-0.0326,0.1129,1.5944,0.03525,0.4517
1723,14123008,3530752,4687,5574.5,61.65,,-0.0287,0.1548,1.5669,0.05045,0.4302
1724,14131200,3532800,4689,5576.9,62.04,,-0.0314,0.1352,1.5761,0.03647,0.4521
1725,14139392,3534848,4690,5579.3,61.96,,-0.0265,0.1631,1.5636,0.04056,0.4485
1726,14147584,3536896,4692,5581.7,61.98,,-0.0299,0.1475,1.6707,0.0362,0.436
1727,14155776,3538944,4695,5584.2,61.79,,-0.0373,0.1012,1.7203,0.03302,0.4576
1728,14163968,3540992,4695,5586.6,61.79,,-0.0388,0.0956,1.6308,0.03506,0.446
1729,14172160,3543040,4696,5589.0,62.19,,-0.0309,0.1413,1.5431,0.03846,0.4242
1730,14180352,3545088,4704,5591.4,64.33,,-0.0283,0.2459,1.5611,0.02874,0.4131
1731,14188544,3547136,4705,5593.9,64.33,,-0.0325,0.111,1.6554,0.03441,0.4268
1732,14196736,3549184,4707,5596.3,64.4,,-0.0317,0.1577,1.6455,0.02787,0.4175
1733,14204928,3551232,4709,5598.7,64.77,,-0.0306,0.1495,1.7675,0.02491,0.4221
1734,14213120,3553280,4709,5601.1,64.77,,-0.0397,0.097,1.7419,0.03831,0.4562
1735,14221312,3555328,4711,5603.5,64.56,,-0.028,0.224,1.6014,0.03171,0.4075
1736,14229504,3557376,4713,5605.9,64.6,,-0.0311,0.1776,1.6157,0.02824,0.3932
1737,14237696,3559424,4714,5608.3,64.56,,-0.0261,0.2042,1.472,0.03229,0.4113
1738,14245888,3561472,4718,5610.8,63.72,,-0.029,0.1735,1.5542,0.02867,0.4025
1739,14254080,3563520,4719,5613.2,64.05,,-0.0323,0.1245,1.5695,0.02871,0.4017
1740,14262272,3565568,4722,5615.6,64.77,,-0.0301,0.1415,1.7249,0.02729,0.4178
1741,14270464,3567616,4723,5618.0,64.7,,-0.0312,0.1884,1.6211,0.02781,0.4106
1742,14278656,3569664,4724,5620.4,64.65,,-0.0337,0.1134,1.539,0.0424,0.4596
1743,14286848,3571712,4727,5622.9,63.99,,-0.0292,0.1432,1.527,0.0329,0.3875
1744,14295040,3573760,4728,5625.3,64.89,,-0.0291,0.1403,1.5452,0.04197,0.4468
1745,14303232,3575808,4730,5627.7,64.51,,-0.0273,0.1395,1.5767,0.03221,0.4209
1746,14311424,3577856,4734,5630.1,64.83,,-0.0279,0.176,1.5942,0.03175,0.4193
1747,14319616,3579904,4734,5632.5,64.83,,-0.0346,0.1103,1.5375,0.03259,0.4403
1748,14327808,3581952,4735,5634.9,64.01,,-0.0298,0.123,1.5793,0.02856,0.4106
1749,14336000,3584000,4735,5637.3,64.01,,-0.0302,0.155,1.6194,0.03428,0.4182
1750,14344192,3586048,4737,5639.7,63.93,,-0.0316,0.1428,1.622,0.03174,0.4567
1751,14352384,3588096,4740,5642.2,62.87,,-0.0259,0.2547,1.5968,0.01855,0.3606
1752,14360576,3590144,4742,5644.6,62.56,,-0.0309,0.1163,1.5668,0.03406,0.4415
1753,14368768,3592192,4744,5647.0,63.23,,-0.0308,0.1299,1.6531,0.03477,0.4469
1754,14376960,3594240,4747,5649.4,64.83,,-0.0311,0.2004,1.6392,0.02521,0.3872
1755,14385152,3596288,4748,5651.9,64.85,,-0.0366,0.1196,1.6746,0.0303,0.4407
1756,14393344,3598336,4750,5654.3,63.95,,-0.0296,0.1585,1.5462,0.02659,0.4017
1757,14401536,3600384,4754,5656.7,62.17,,-0.0307,0.1609,1.6822,0.02676,0.4106
1758,14409728,3602432,4755,5659.1,61.67,,-0.0332,0.137,1.6684,0.03657,0.4371
1759,14417920,3604480,4759,5661.5,62.75,,-0.0263,0.207,1.4962,0.03199,0.3915
1760,14426112,3606528,4760,5664.0,61.76,,-0.033,0.1451,1.6231,0.03094,0.4463
1761,14434304,3608576,4762,5666.4,60.75,,-0.0315,0.152,1.639,0.02512,0.4048
1762,14442496,3610624,4762,5668.8,60.75,,-0.0369,0.0934,1.5018,0.03689,0.454
1763,14450688,3612672,4766,5671.2,60.94,,-0.0302,0.189,1.4931,0.03354,0.4209
1764,14458880,3614720,4768,5673.6,61.79,,-0.0287,0.1849,1.6031,0.0351,0.442
1765,14467072,3616768,4772,5676.1,61.71,,-0.0309,0.1469,1.6008,0.03677,0.4448
1766,14475264,3618816,4773,5678.5,61.7,,-0.0287,0.1801,1.6169,0.03555,0.4417
1767,14483456,3620864,4774,5680.9,61.76,,-0.0363,0.0969,1.6244,0.02977,0.4415
1768,14491648,3622912,4774,5683.3,61.76,,-0.0305,0.142,1.5944,0.03348,0.4019
1769,14499840,3624960,4776,5685.7,61.37,,-0.0328,0.1096,1.6053,0.03514,0.4639
1770,14508032,3627008,4778,5688.1,61.27,,-0.0292,0.1438,1.4853,0.02997,0.4333
1771,14516224,3629056,4779,5690.5,61.37,,-0.032,0.1101,1.3853,0.03588,0.4343
1772,14524416,3631104,4781,5692.9,61.53,,-0.0279,0.1542,1.384,0.04225,0.4062
1773,14532608,3633152,4781,5695.3,61.53,,-0.0292,0.1678,1.4141,0.02701,0.4037
1774,14540800,3635200,4784,5697.8,61.94,,-0.0306,0.1507,1.4588,0.03847,0.4321
1775,14548992,3637248,4786,5700.2,61.92,,-0.0268,0.1591,1.467,0.04043,0.4319
1776,14557184,3639296,4787,5702.6,62.45,,-0.0315,0.1178,1.4327,0.04029,0.4359
1777,14565376,3641344,4789,5705.0,62.74,,-0.0293,0.1606,1.475,0.04113,0.4213
1778,14573568,3643392,4790,5707.4,63.34,,-0.0324,0.132,1.5538,0.03767,0.4458
1779,14581760,3645440,4793,5709.8,64.51,,-0.0283,0.2098,1.545,0.03823,0.4161
1780,14589952,3647488,4797,5712.3,64.49,,-0.0303,0.1537,1.5666,0.03684,0.4303
1781,14598144,3649536,4799,5714.7,64.76,,-0.0353,0.1356,1.6082,0.03726,0.4384
1782,14606336,3651584,4799,5717.1,64.76,,-0.0354,0.1064,1.6074,0.04805,0.4539
1783,14614528,3653632,4800,5719.5,64.77,,-0.0332,0.14,1.547,0.03862,0.4348
1784,14622720,3655680,4802,5721.9,63.22,,-0.0291,0.1523,1.4822,0.03154,0.4094
1785,14630912,3657728,4804,5724.3,63.42,,-0.0338,0.1574,1.4932,0.04476,0.4318
1786,14639104,3659776,4808,5726.8,63.38,,-0.0279,0.2002,1.5231,0.03,0.4075
1787,14647296,3661824,4810,5729.2,64.26,,-0.0291,0.1467,1.6271,0.02712,0.4193
1788,14655488,3663872,4811,5731.6,64.17,,-0.0348,0.1031,1.5707,0.03117,0.4298
1789,14663680,3665920,4811,5734.0,64.17,,-0.0341,0.0838,1.5298,0.03747,0.4427
1790,14671872,3667968,4812,5736.4,64.38,,-0.0352,0.1292,1.5826,0.03483,0.434
1791,14680064,3670016,4814,5738.8,65.69,,-0.032,0.1448,1.5041,0.04578,0.4353
1792,14688256,3672064,4815,5741.3,65.62,,-0.0314,0.1345,1.452,0.0355,0.4139
1793,14696448,3674112,4816,5743.7,66.17,,-0.0318,0.1154,1.4449,0.04036,0.4655
1794,14704640,3676160,4817,5746.1,66.02,,-0.0325,0.0956,1.4528,0.03693,0.4556
1795,14712832,3678208,4818,5748.5,65.97,,-0.0297,0.1285,1.4536,0.0372,0.452
1796,14721024,3680256,4818,5750.9,65.97,,-0.0347,0.0861,1.4012,0.04743,0.4336
1797,14729216,3682304,4820,5753.3,65.94,,-0.0299,0.1524,1.3087,0.04092,0.4474
1798,14737408,3684352,4822,5755.7,64.86,,-0.0276,0.1329,1.3563,0.05106,0.4636
1799,14745600,3686400,4827,5758.2,68.01,,-0.027,0.2722,1.4374,0.02611,0.3755
1800,14753792,3688448,4827,5889.2,68.01,1938.4599609375,-0.0346,0.0856,1.5204,0.0291,0.4296
1801,14761984,3690496,4827,5891.6,68.01,,-0.0368,0.0837,1.5268,0.03139,0.4492
1802,14770176,3692544,4828,5894.0,66.94,,-0.0315,0.1345,1.475,0.03269,0.4272
1803,14778368,3694592,4829,5896.4,66.8,,-0.0241,0.1892,1.4845,0.04519,0.432
1804,14786560,3696640,4831,5898.8,66.58,,-0.0247,0.1807,1.2678,0.03771,0.4098
1805,14794752,3698688,4833,5901.2,67.76,,-0.0312,0.1533,1.4203,0.03907,0.4186
1806,14802944,3700736,4834,5903.6,67.87,,-0.0365,0.0815,1.5177,0.03431,0.4434
1807,14811136,3702784,4835,5906.1,68.75,,-0.0337,0.1233,1.5049,0.03083,0.4375
1808,14819328,3704832,4836,5908.5,69.76,,-0.0339,0.1297,1.5278,0.0349,0.4226
1809,14827520,3706880,4840,5910.9,69.63,,-0.0274,0.1794,1.6096,0.02941,0.4209
1810,14835712,3708928,4842,5913.3,70.47,,-0.0299,0.1452,1.6214,0.03592,0.4462
1811,14843904,3710976,4843,5915.8,70.32,,-0.0314,0.1193,1.5194,0.02467,0.3877
1812,14852096,3713024,4844,5918.2,70.64,,-0.0282,0.1448,1.5176,0.03377,0.4253
1813,14860288,3715072,4846,5920.6,69.07,,-0.0298,0.1429,1.5126,0.03067,0.4115
1814,14868480,3717120,4847,5923.0,68.78,,-0.0338,0.126,1.5492,0.02371,0.4116
1815,14876672,3719168,4849,5925.4,68.33,,-0.0319,0.1514,1.5415,0.04107,0.4535
1816,14884864,3721216,4852,5927.9,69.09,,-0.0338,0.1487,1.5356,0.02822,0.4296
1817,14893056,3723264,4854,5930.3,69.9,,-0.0304,0.1416,1.5798,0.03896,0.4453
1818,14901248,3725312,4855,5932.7,70.1,,-0.0304,0.1455,1.5419,0.04569,0.441
1819,14909440,3727360,4856,5935.1,68.94,,-0.0348,0.1042,1.552,0.02147,0.405
1820,14917632,3729408,4856,5937.5,68.94,,-0.0342,0.0799,1.5961,0.02922,0.4307
1821,14925824,3731456,4860,5939.9,70.2,,-0.029,0.2369,1.6092,0.03848,0.4292
1822,14934016,3733504,4862,5942.4,71.12,,-0.0213,0.1772,1.5602,0.03041,0.4229
1823,14942208,3735552,4864,5944.8,71.39,,-0.0371,0.1156,1.5887,0.02811,0.4377
1824,14950400,3737600,4867,5947.2,70.73,,-0.0264,0.1832,1.7251,0.02734,0.4171
1825,14958592,3739648,4868,5949.6,70.37,,-0.0354,0.1342,1.7449,0.02968,0.4308
1826,14966784,3741696,4868,5952.0,70.37,,-0.0333,0.1071,1.568,0.04369,0.4346
1827,14974976,3743744,4869,5954.5,70.41,,-0.0284,0.1367,1.483,0.04438,0.4427
1828,14983168,3745792,4874,5956.9,70.58,,-0.0278,0.2261,1.4366,0.03471,0.4207
1829,14991360,3747840,4875,5959.3,71.16,,-0.0282,0.1369,1.4942,0.03757,0.4415
1830,14999552,3749888,4879,5961.7,72.5,,-0.0292,0.1162,1.6469,0.03439,0.4375
1831,15007744,3751936,4880,5964.2,72.67,,-0.0289,0.1265,1.6226,0.03258,0.4208
1832,15015936,3753984,4882,5966.6,72.51,,-0.0323,0.1524,1.6952,0.03114,0.4276
1833,15024128,3756032,4882,5969.0,72.51,,-0.0356,0.089,1.6703,0.02712,0.438
1834,15032320,3758080,4882,5971.4,72.51,,-0.0378,0.0896,1.552,0.03989,0.442
1835,15040512,3760128,4884,5973.8,71.57,,-0.0294,0.1885,1.4757,0.04356,0.4595
1836,15048704,3762176,4887,5976.2,71.83,,-0.0263,0.1704,1.4877,0.03785,0.4537
1837,15056896,3764224,4888,5978.6,71.99,,-0.0344,0.0882,1.4647,0.03701,0.4512
1838,15065088,3766272,4891,5981.1,71.69,,-0.0263,0.1937,1.5521,0.02808,0.3992
1839,15073280,3768320,4891,5983.5,71.69,,-0.032,0.1146,1.602,0.03173,0.4581
1840,15081472,3770368,4892,5985.9,71.53,,-0.033,0.1393,1.6092,0.04968,0.4604
1841,15089664,3772416,4892,5988.3,71.53,,-0.0319,0.1118,1.3964,0.03063,0.4225
1842,15097856,3774464,4894,5990.7,71.04,,-0.0334,0.1031,1.3017,0.04395,0.4441
1843,15106048,3776512,4898,5993.2,71.11,,-0.026,0.1749,1.4054,0.03178,0.4073
1844,15114240,3778560,4899,5995.6,70.71,,-0.0243,0.1288,1.4803,0.03448,0.4165
1845,15122432,3780608,4902,5998.0,71.14,,-0.0276,0.1756,1.4684,0.03975,0.4276
1846,15130624,3782656,4902,6000.4,71.14,,-0.031,0.131,1.5072,0.03006,0.407
1847,15138816,3784704,4905,6002.8,72.4,,-0.0329,0.1422,1.5843,0.03621,0.4365
1848,15147008,3786752,4907,6005.2,72.33,,-0.0292,0.1532,1.5605,0.04684,0.4575
1849,15155200,3788800,4914,6007.7,72.12,,-0.0274,0.2111,1.5818,0.0275,0.3859
1850,15163392,3790848,4914,6010.1,72.12,,-0.03,0.1196,1.7665,0.02346,0.3932
1851,15171584,3792896,4915,6012.5,72.0,,-0.03,0.1251,1.7092,0.03476,0.451
1852,15179776,3794944,4915,6014.9,72.0,,-0.0371,0.0958,1.7499,0.03994,0.4633
1853,15187968,3796992,4917,6017.4,71.68,,-0.0323,0.1511,1.6856,0.03418,0.4476
1854,15196160,3799040,4921,6019.8,71.72,,-0.028,0.2563,1.6202,0.0366,0.4401
1855,15204352,3801088,4923,6022.2,70.76,,-0.0336,0.1188,1.5321,0.04408,0.4402
1856,15212544,3803136,4923,6024.6,70.76,,-0.0373,0.0901,1.5492,0.031,0.4353
1857,15220736,3805184,4924,6027.0,70.26,,-0.0345,0.0954,1.4743,0.03611,0.4595
1858,15228928,3807232,4927,6029.5,68.76,,-0.0274,0.1446,1.5127,0.04633,0.426
1859,15237120,3809280,4929,6031.9,68.82,,-0.0366,0.1269,1.597,0.03657,0.4565
1860,15245312,3811328,4929,6034.3,68.82,,-0.034,0.1014,1.6099,0.03483,0.4492
1861,15253504,3813376,4930,6036.7,69.38,,-0.0355,0.1147,1.4955,0.0456,0.4563
1862,15261696,3815424,4931,6039.1,69.34,,-0.031,0.1268,1.4824,0.03997,0.4615
1863,15269888,3817472,4934,6041.5,68.78,,-0.0354,0.1434,1.5142,0.03115,0.423
1864,15278080,3819520,4935,6043.9,67.94,,-0.0296,0.133,1.6279,0.03441,0.4371
1865,15286272,3821568,4937,6046.4,67.43,,-0.0271,0.1415,1.5952,0.02077,0.369
1866,15294464,3823616,4940,6048.8,66.9,,-0.0266,0.1607,1.6823,0.03003,0.434
1867,15302656,3825664,4941,6051.2,66.26,,-0.0306,0.1203,1.6122,0.02747,0.4315
1868,15310848,3827712,4944,6053.6,66.08,,-0.0284,0.1782,1.7656,0.03323,0.4136
1869,15319040,3829760,4945,6056.0,66.62,,-0.0357,0.094,1.624,0.03074,0.4491
1870,15327232,3831808,4946,6058.5,66.63,,-0.0336,0.121,1.634,0.03246,0.4161
1871,15335424,3833856,4948,6060.9,67.75,,-0.0333,0.1219,1.6271,0.0406,0.4559
1872,15343616,3835904,4951,6063.3,67.99,,-0.0284,0.1799,1.6435,0.04035,0.4397
1873,15351808,3837952,4954,6065.7,66.29,,-0.0282,0.2388,1.6532,0.03537,0.4479
1874,15360000,3840000,4955,6068.1,66.35,,-0.0323,0.1195,1.6733,0.02946,0.4507
1875,15368192,3842048,4959,6070.6,66.41,,-0.0285,0.2062,1.7024,0.0259,0.3849
1876,15376384,3844096,4959,6073.0,66.41,,-0.0357,0.1094,1.6555,0.03455,0.4373
1877,15384576,3846144,4961,6075.4,66.28,,-0.0327,0.1379,1.6249,0.05345,0.4554
1878,15392768,3848192,4963,6077.8,66.04,,-0.0322,0.1302,1.6759,0.04237,0.463
1879,15400960,3850240,4966,6080.3,65.98,,-0.0281,0.1982,1.7369,0.03767,0.4757
1880,15409152,3852288,4967,6082.7,65.98,,-0.0344,0.1325,1.6118,0.03683,0.4589
1881,15417344,3854336,4968,6085.1,66.08,,-0.0326,0.1261,1.5552,0.03332,0.4272
1882,15425536,3856384,4969,6087.5,66.55,,-0.0322,0.1204,1.5363,0.04195,0.4578
1883,15433728,3858432,4970,6089.9,66.6,,-0.0349,0.1164,1.5262,0.04125,0.4454
1884,15441920,3860480,4971,6092.3,66.57,,-0.0339,0.1316,1.4085,0.0446,0.4263
1885,15450112,3862528,4973,6094.7,67.41,,-0.0269,0.1824,1.3637,0.05405,0.4493
1886,15458304,3864576,4976,6097.2,65.82,,-0.0301,0.1913,1.5429,0.0294,0.3866
1887,15466496,3866624,4977,6099.6,66.02,,-0.0326,0.143,1.5599,0.03967,0.4304
1888,15474688,3868672,4980,6102.0,65.3,,-0.0307,0.1538,1.5254,0.03598,0.425
1889,15482880,3870720,4983,6104.4,65.21,,-0.0323,0.1272,1.7011,0.04374,0.4601
1890,15491072,3872768,4983,6106.8,65.21,,-0.0376,0.1276,1.5884,0.04185,0.4618
1891,15499264,3874816,4985,6109.3,66.08,,-0.0317,0.153,1.6312,0.04392,0.4486
1892,15507456,3876864,4989,6111.7,64.5,,-0.0256,0.2363,1.6325,0.04217,0.4386
1893,15515648,3878912,4990,6114.1,64.91,,-0.0376,0.0887,1.6801,0.03892,0.464
1894,15523840,3880960,4993,6116.5,63.54,,-0.0304,0.1583,1.6659,0.04303,0.4497
1895,15532032,3883008,4993,6119.0,63.54,,-0.0347,0.1123,1.5705,0.03196,0.426
1896,15540224,3885056,4995,6121.4,63.62,,-0.0303,0.1363,1.6267,0.03564,0.4294
1897,15548416,3887104,4996,6123.8,64.58,,-0.0347,0.1273,1.6102,0.04271,0.4585
1898,15556608,3889152,5002,6126.2,64.79,,-0.0296,0.206,1.6722,0.04589,0.4448
1899,15564800,3891200,5002,6128.6,64.79,,-0.0367,0.1147,1.6874,0.02776,0.4211
1900,15572992,3893248,5003,6245.1,64.29,1664.5,-0.0323,0.1658,1.5402,0.04981,0.4784
1901,15581184,3895296,5004,6247.5,63.79,,-0.0309,0.1398,1.4733,0.04539,0.4346
1902,15589376,3897344,5005,6249.9,62.75,,-0.0272,0.1095,1.3528,0.05301,0.4883
1903,15597568,3899392,5008,6252.4,63.46,,-0.0268,0.1789,1.4706,0.063,0.4735
1904,15605760,3901440,5012,6254.8,62.54,,-0.0244,0.1413,1.5161,0.09621,0.4696
1905,15613952,3903488,5013,6257.2,62.7,,-0.0334,0.124,1.5945,0.05147,0.465
1906,15622144,3905536,5013,6259.6,62.7,,-0.0365,0.0757,1.6595,0.03899,0.4658
1907,15630336,3907584,5015,6262.1,62.55,,-0.0318,0.1438,1.608,0.0427,0.4547
1908,15638528,3909632,5015,6264.5,62.55,,-0.0305,0.1175,1.5029,0.03714,0.4678
1909,15646720,3911680,5016,6266.9,62.35,,-0.0308,0.1845,1.365,0.053,0.4563
1910,15654912,3913728,5017,6269.3,62.3,,-0.0327,0.0877,1.3822,0.03142,0.418
1911,15663104,3915776,5020,6271.7,62.83,,-0.0279,0.1841,1.357,0.04919,0.429
1912,15671296,3917824,5023,6274.2,64.31,,-0.0348,0.1147,1.4215,0.06099,0.4482
1913,15679488,3919872,5025,6276.6,64.2,,-0.0343,0.1378,1.5712,0.04001,0.4598
1914,15687680,3921920,5026,6279.0,64.3,,-0.0322,0.1249,1.5793,0.04044,0.4487
1915,15695872,3923968,5026,6281.4,64.3,,-0.0343,0.1163,1.4894,0.03729,0.4347
1916,15704064,3926016,5029,6283.8,64.95,,-0.0326,0.1297,1.3866,0.07386,0.4573
1917,15712256,3928064,5032,6286.3,65.73,,-0.0282,0.1774,1.4993,0.05559,0.4498
1918,15720448,3930112,5037,6288.7,64.87,,-0.0269,0.2422,1.593,0.03145,0.3776
1919,15728640,3932160,5039,6291.1,65.69,,-0.0346,0.1304,1.6038,0.04773,0.4589
1920,15736832,3934208,5039,6293.5,65.69,,-0.0352,0.1057,1.6409,0.04258,0.4836
1921,15745024,3936256,5040,6295.9,65.73,,-0.0365,0.0997,1.5945,0.04869,0.4641
1922,15753216,3938304,5043,6298.4,65.38,,-0.0341,0.1521,1.674,0.0407,0.4838
1923,15761408,3940352,5044,6300.8,65.48,,-0.0327,0.1423,1.5773,0.04003,0.4603
1924,15769600,3942400,5048,6303.2,63.65,,-0.0293,0.1889,1.6572,0.02831,0.4081
1925,15777792,3944448,5049,6305.6,63.76,,-0.031,0.1578,1.723,0.03209,0.4382
1926,15785984,3946496,5051,6308.0,63.95,,-0.0308,0.1261,1.5733,0.03777,0.4331
1927,15794176,3948544,5051,6310.4,63.95,,-0.0307,0.1131,1.5629,0.03992,0.4663
1928,15802368,3950592,5053,6312.9,64.27,,-0.0335,0.1096,1.5308,0.03964,0.4456
1929,15810560,3952640,5054,6315.3,64.24,,-0.0291,0.1202,1.5353,0.03995,0.4236
1930,15818752,3954688,5057,6317.7,62.8,,-0.0294,0.204,1.4381,0.03856,0.4039
1931,15826944,3956736,5059,6320.1,62.82,,-0.0325,0.1205,1.5097,0.03341,0.4451
1932,15835136,3958784,5061,6322.5,62.27,,-0.029,0.1446,1.5747,0.03814,0.4391
1933,15843328,3960832,5061,6325.0,62.27,,-0.0354,0.0938,1.4676,0.0362,0.4539
1934,15851520,3962880,5065,6327.4,62.8,,-0.0228,0.2634,1.5551,0.02936,0.3851
1935,15859712,3964928,5066,6329.8,63.0,,-0.0337,0.127,1.6284,0.04022,0.4452
1936,15867904,3966976,5066,6332.2,63.0,,-0.0323,0.1183,1.4387,0.06669,0.4626
1937,15876096,3969024,5069,6334.6,64.29,,-0.0297,0.1738,1.534,0.03747,0.4277
1938,15884288,3971072,5070,6337.0,64.29,,-0.0294,0.1386,1.4744,0.04269,0.4314
1939,15892480,3973120,5071,6339.4,64.85,,-0.0293,0.1515,1.4841,0.03399,0.3939
1940,15900672,3975168,5076,6341.9,64.63,,-0.0251,0.1642,1.5253,0.03296,0.3989
1941,15908864,3977216,5078,6344.3,64.61,,-0.0326,0.1258,1.6945,0.02474,0.4001
1942,15917056,3979264,5078,6346.7,64.61,,-0.0335,0.1312,1.6509,0.03072,0.4152
1943,15925248,3981312,5084,6349.2,64.35,,-0.0287,0.2232,1.7508,0.03697,0.4453
1944,15933440,3983360,5086,6351.6,63.86,,-0.0361,0.122,1.7311,0.02728,0.4114
1945,15941632,3985408,5086,6354.0,63.86,,-0.0357,0.1119,1.6933,0.04097,0.4318
1946,15949824,3987456,5086,6356.4,63.86,,-0.039,0.1083,1.6385,0.04658,0.4666
1947,15958016,3989504,5087,6358.8,63.9,,-0.0332,0.1095,1.4142,0.03892,0.4148
1948,15966208,3991552,5089,6361.2,63.77,,-0.0279,0.1739,1.5111,0.03992,0.4391
1949,15974400,3993600,5096,6363.7,63.7,,-0.0294,0.2173,1.6043,0.03556,0.4375
1950,15982592,3995648,5097,6366.1,63.19,,-0.0324,0.1443,1.6317,0.02784,0.3986
1951,15990784,3997696,5097,6368.5,63.19,,-0.0357,0.0818,1.6399,0.03546,0.4258
1952,15998976,3999744,5097,6370.9,63.19,,-0.036,0.1028,1.646,0.0365,0.4375
1953,16007168,4001792,5099,6373.3,63.71,,-0.0338,0.1287,1.5652,0.0404,0.4221
1954,16015360,4003840,5102,6375.7,63.27,,-0.0273,0.2374,1.4542,0.04451,0.4155
1955,16023552,4005888,5106,6378.2,63.79,,-0.0342,0.1026,1.5276,0.03695,0.4264
1956,16031744,4007936,5106,6380.6,63.79,,-0.0332,0.0801,1.6154,0.03438,0.4318
1957,16039936,4009984,5107,6383.0,63.2,,-0.0318,0.1055,1.5509,0.04097,0.4351
1958,16048128,4012032,5108,6385.4,63.58,,-0.0308,0.1896,1.5663,0.03769,0.4292
1959,16056320,4014080,5112,6387.8,64.1,,-0.0281,0.1655,1.4709,0.03746,0.413
1960,16064512,4016128,5112,6390.2,64.1,,-0.0288,0.1839,1.5509,0.03391,0.4249
1961,16072704,4018176,5113,6392.7,63.97,,-0.0361,0.1105,1.4018,0.03918,0.4324
1962,16080896,4020224,5115,6395.1,63.57,,-0.0308,0.1497,1.4118,0.02772,0.4187
1963,16089088,4022272,5116,6397.5,63.61,,-0.0341,0.1168,1.4516,0.03405,0.4313
1964,16097280,4024320,5117,6399.9,65.11,,-0.0337,0.1521,1.4118,0.03457,0.4132
1965,16105472,4026368,5123,6402.4,64.19,,-0.026,0.2378,1.5773,0.03369,0.3861
1966,16113664,4028416,5126,6404.8,64.52,,-0.0324,0.1418,1.6873,0.03338,0.4374
1967,16121856,4030464,5127,6407.2,64.64,,-0.0316,0.1292,1.6228,0.03742,0.4261
1968,16130048,4032512,5129,6409.6,64.17,,-0.0334,0.1312,1.7288,0.03001,0.4492
1969,16138240,4034560,5130,6412.0,64.41,,-0.0367,0.0986,1.7367,0.03561,0.4645
1970,16146432,4036608,5134,6414.5,64.01,,-0.0278,0.2238,1.72,0.05594,0.4468
1971,16154624,4038656,5139,6416.9,61.84,,-0.026,0.2265,1.6894,0.03702,0.4341
1972,16162816,4040704,5139,6419.3,61.84,,-0.0339,0.124,1.7103,0.02733,0.4403
1973,16171008,4042752,5141,6421.7,61.84,,-0.0304,0.1475,1.649,0.03658,0.4316
1974,16179200,4044800,5143,6424.1,61.86,,-0.0375,0.1324,1.706,0.03138,0.4601
1975,16187392,4046848,5145,6426.6,61.84,,-0.0353,0.1464,1.6455,0.03929,0.4409
1976,16195584,4048896,5149,6429.0,61.67,,-0.0282,0.2171,1.6056,0.04266,0.4264
1977,16203776,4050944,5152,6431.4,60.94,,-0.0311,0.1574,1.6823,0.02549,0.3883
1978,16211968,4052992,5153,6433.8,61.17,,-0.0344,0.1372,1.759,0.04157,0.4338
1979,16220160,4055040,5155,6436.3,61.82,,-0.0344,0.153,1.7474,0.03353,0.4266
1980,16228352,4057088,5157,6438.7,61.91,,-0.0332,0.1602,1.7401,0.02569,0.4305
1981,16236544,4059136,5157,6441.1,61.91,,-0.0317,0.1352,1.6175,0.03753,0.4198
1982,16244736,4061184,5161,6443.5,62.01,,-0.0285,0.2053,1.6335,0.03066,0.4108
1983,16252928,4063232,5161,6445.9,62.01,,-0.0317,0.1097,1.6471,0.03098,0.4355
1984,16261120,4065280,5161,6448.3,62.01,,-0.0339,0.0827,1.5247,0.024,0.4032
1985,16269312,4067328,5163,6450.7,62.21,,-0.0295,0.1477,1.6072,0.03464,0.4456
1986,16277504,4069376,5164,6453.2,62.23,,-0.0335,0.1055,1.4892,0.03675,0.415
1987,16285696,4071424,5166,6455.6,62.06,,-0.0297,0.1548,1.406,0.03256,0.4041
1988,16293888,4073472,5166,6458.0,62.06,,-0.0346,0.0991,1.5949,0.04675,0.4514
1989,16302080,4075520,5168,6460.4,61.72,,-0.0341,0.0993,1.5054,0.02699,0.4023
1990,16310272,4077568,5169,6462.8,61.49,,-0.0341,0.1006,1.4269,0.03061,0.4095
1991,16318464,4079616,5170,6465.2,61.5,,-0.0295,0.1537,1.4822,0.02649,0.3799
1992,16326656,4081664,5173,6467.6,61.6,,-0.0234,0.206,1.4899,0.02511,0.3379
1993,16334848,4083712,5176,6470.1,60.84,,-0.0299,0.1188,1.5793,0.03459,0.4198
1994,16343040,4085760,5177,6472.5,61.69,,-0.0328,0.1342,1.6288,0.03185,0.421
1995,16351232,4087808,5178,6474.9,61.53,,-0.0283,0.1525,1.6319,0.02271,0.3815
1996,16359424,4089856,5181,6477.3,63.03,,-0.0269,0.181,1.7124,0.02518,0.3647
1997,16367616,4091904,5183,6479.7,62.54,,-0.0323,0.1509,1.7628,0.03043,0.4274
1998,16375808,4093952,5185,6482.2,63.51,,-0.0331,0.1681,1.6463,0.02304,0.3796
1999,16384000,4096000,5188,6484.6,64.31,,-0.0345,0.1659,1.817,0.02166,0.3992
2000,16392192,4098048,5189,6624.3,64.49,2051.22998046875,-0.0399,0.1017,1.7954,0.03605,0.4487
2001,16400384,4100096,5189,6626.7,64.49,,-0.0322,0.1358,1.6751,0.03045,0.4314
2002,16408576,4102144,5192,6629.1,64.39,,-0.0332,0.1622,1.6294,0.03567,0.4316
2003,16416768,4104192,5192,6631.5,64.39,,-0.0364,0.11,1.5884,0.03097,0.4354
2004,16424960,4106240,5197,6633.9,64.34,,-0.0283,0.2243,1.4987,0.03945,0.4102
2005,16433152,4108288,5202,6636.4,64.52,,-0.0271,0.1798,1.691,0.03351,0.4178
2006,16441344,4110336,5203,6638.8,64.69,,-0.0286,0.121,1.7625,0.03033,0.4149
2007,16449536,4112384,5205,6641.2,64.99,,-0.0335,0.1925,1.8349,0.02096,0.4038
2008,16457728,4114432,5206,6643.6,64.99,,-0.0382,0.1352,1.7661,0.03276,0.4318
2009,16465920,4116480,5208,6646.0,64.9,,-0.0332,0.2079,1.729,0.03535,0.4357
2010,16474112,4118528,5211,6648.5,64.79,,-0.036,0.1424,1.6777,0.03929,0.4384
2011,16482304,4120576,5212,6650.9,64.18,,-0.0337,0.1643,1.5764,0.03701,0.4315
2012,16490496,4122624,5216,6653.3,64.03,,-0.0336,0.1264,1.6532,0.03373,0.4401
2013,16498688,4124672,5216,6655.7,64.03,,-0.0362,0.1136,1.7383,0.02763,0.4436
2014,16506880,4126720,5217,6658.1,62.52,,-0.0323,0.1522,1.71,0.02886,0.4305
2015,16515072,4128768,5219,6660.6,61.47,,-0.0346,0.1369,1.671,0.02773,0.4159
2016,16523264,4130816,5220,6663.0,61.68,,-0.0344,0.1293,1.5748,0.03052,0.4248
2017,16531456,4132864,5221,6665.4,61.64,,-0.0333,0.1958,1.4867,0.03768,0.4233
2018,16539648,4134912,5224,6667.8,61.73,,-0.0316,0.1294,1.526,0.03415,0.4012
2019,16547840,4136960,5227,6670.3,61.86,,-0.031,0.1478,1.5579,0.03035,0.4264
2020,16556032,4139008,5230,6672.7,61.69,,-0.0309,0.1533,1.6239,0.03557,0.4504
2021,16564224,4141056,5233,6675.1,62.18,,-0.0353,0.1236,1.7377,0.03096,0.4384
2022,16572416,4143104,5235,6677.5,62.12,,-0.0332,0.1471,1.8008,0.02487,0.4122
2023,16580608,4145152,5235,6679.9,62.12,,-0.0365,0.1147,1.6646,0.03431,0.4314
2024,16588800,4147200,5236,6682.4,62.13,,-0.0338,0.1079,1.6046,0.04734,0.4567
2025,16596992,4149248,5239,6684.8,62.35,,-0.0325,0.1571,1.5128,0.03512,0.4114
2026,16605184,4151296,5243,6687.2,63.08,,-0.0341,0.1474,1.5482,0.04451,0.4451
2027,16613376,4153344,5243,6689.6,63.08,,-0.0302,0.1318,1.611,0.04178,0.4478
2028,16621568,4155392,5245,6692.0,63.24,,-0.0331,0.1086,1.5023,0.03574,0.4381
2029,16629760,4157440,5245,6694.5,63.24,,-0.0341,0.1147,1.5466,0.02799,0.4039
2030,16637952,4159488,5248,6696.9,63.36,,-0.0323,0.1695,1.6413,0.03414,0.4493
2031,16646144,4161536,5250,6699.3,63.22,,-0.034,0.1692,1.6248,0.02996,0.4171
2032,16654336,4163584,5252,6701.7,63.66,,-0.0326,0.1692,1.6203,0.02619,0.41
2033,16662528,4165632,5254,6704.1,63.6,,-0.0344,0.1501,1.5704,0.04217,0.4609
2034,16670720,4167680,5254,6706.5,63.6,,-0.0372,0.0977,1.5591,0.03743,0.4406
2035,16678912,4169728,5256,6709.0,64.0,,-0.0278,0.2008,1.5348,0.04053,0.4219
2036,16687104,4171776,5256,6711.4,64.0,,-0.0279,0.1446,1.4807,0.0374,0.4379
2037,16695296,4173824,5259,6713.8,63.77,,-0.03,0.1875,1.4898,0.03091,0.405
2038,16703488,4175872,5261,6716.2,63.61,,-0.0311,0.1377,1.4758,0.04019,0.4329
2039,16711680,4177920,5265,6718.7,65.02,,-0.0258,0.2214,1.5575,0.0354,0.4043
2040,16719872,4179968,5266,6721.1,65.43,,-0.0309,0.1723,1.6588,0.03176,0.3824
2041,16728064,4182016,5269,6723.5,65.21,,-0.0312,0.1817,1.6707,0.03737,0.4347
2042,16736256,4184064,5270,6725.9,65.17,,-0.0337,0.1655,1.6685,0.03441,0.4333
2043,16744448,4186112,5273,6728.3,64.65,,-0.0292,0.1923,1.6084,0.03678,0.4362
2044,16752640,4188160,5273,6730.7,64.65,,-0.0349,0.1101,1.6234,0.03996,0.4779
2045,16760832,4190208,5273,6733.1,64.65,,-0.0371,0.1533,1.4788,0.04581,0.4424
2046,16769024,4192256,5277,6735.6,63.54,,-0.0308,0.1974,1.4357,0.04471,0.4379
2047,16777216,4194304,5278,6738.0,63.48,,-0.0322,0.1276,1.5125,0.03889,0.4463
2048,16785408,4196352,5279,6740.4,62.83,,-0.0319,0.1128,1.4666,0.04139,0.4473
2049,16793600,4198400,5279,6742.8,62.83,,-0.0376,0.0879,1.5258,0.03653,0.439
2050,16801792,4200448,5279,6745.3,62.83,,-0.0375,0.0844,1.4858,0.04072,0.45
2051,16809984,4202496,5280,6747.7,62.96,,-0.0321,0.094,1.443,0.03648,0.437
2052,16818176,4204544,5282,6750.1,62.37,,-0.0277,0.1846,1.2853,0.03698,0.3915
2053,16826368,4206592,5285,6752.5,61.75,,-0.0245,0.2606,1.2422,0.0304,0.3679
2054,16834560,4208640,5289,6755.0,61.99,,-0.0301,0.1321,1.504,0.04671,0.4585
2055,16842752,4210688,5289,6757.4,61.99,,-0.0338,0.0918,1.5686,0.03542,0.4193
2056,16850944,4212736,5289,6759.8,61.99,,-0.0348,0.0952,1.592,0.04874,0.4551
2057,16859136,4214784,5293,6762.2,63.55,,-0.0305,0.1983,1.621,0.03324,0.4073
2058,16867328,4216832,5294,6764.6,64.44,,-0.0297,0.1546,1.5845,0.03088,0.4055
2059,16875520,4218880,5297,6767.1,64.02,,-0.0287,0.1785,1.5283,0.04185,0.4421
2060,16883712,4220928,5299,6769.5,65.78,,-0.0317,0.1214,1.6685,0.04668,0.4392
2061,16891904,4222976,5299,6771.9,65.78,,-0.0383,0.0811,1.682,0.03244,0.4484
2062,16900096,4225024,5299,6774.3,65.78,,-0.0334,0.1014,1.5953,0.05109,0.4347
2063,16908288,4227072,5301,6776.7,65.4,,-0.0285,0.1684,1.5053,0.02993,0.4196
2064,16916480,4229120,5303,6779.1,65.37,,-0.0242,0.1793,1.3984,0.04938,0.421
2065,16924672,4231168,5307,6781.6,64.86,,-0.0282,0.1961,1.4213,0.05005,0.405
2066,16932864,4233216,5310,6784.0,65.22,,-0.026,0.1597,1.5667,0.04026,0.4142
2067,16941056,4235264,5311,6786.5,65.04,,-0.0305,0.1513,1.6137,0.03943,0.4457
2068,16949248,4237312,5311,6788.9,65.04,,-0.0357,0.0944,1.6538,0.02879,0.4412
2069,16957440,4239360,5312,6791.3,65.71,,-0.0304,0.1522,1.5782,0.03347,0.4103
2070,16965632,4241408,5317,6793.7,66.23,,-0.0305,0.2185,1.6344,0.05109,0.45
2071,16973824,4243456,5318,6796.1,67.13,,-0.0365,0.1569,1.6363,0.04288,0.4678
2072,16982016,4245504,5320,6798.6,67.24,,-0.0289,0.1844,1.6685,0.03289,0.4426
2073,16990208,4247552,5320,6801.0,67.24,,-0.0372,0.0879,1.6398,0.03036,0.449
2074,16998400,4249600,5321,6803.4,67.31,,-0.0344,0.1081,1.5331,0.0367,0.4404
2075,17006592,4251648,5325,6805.8,66.44,,-0.0263,0.2001,1.4928,0.03161,0.4146
2076,17014784,4253696,5328,6808.2,66.26,,-0.0319,0.1596,1.5987,0.03597,0.4297
2077,17022976,4255744,5330,6810.7,66.66,,-0.0315,0.1706,1.616,0.03311,0.4325
2078,17031168,4257792,5332,6813.1,66.49,,-0.0346,0.1182,1.7323,0.0309,0.4283
2079,17039360,4259840,5332,6815.5,66.49,,-0.0337,0.1119,1.677,0.02834,0.4509
2080,17047552,4261888,5336,6817.9,66.95,,-0.0292,0.1812,1.651,0.04027,0.4354
2081,17055744,4263936,5337,6820.3,66.86,,-0.0321,0.1601,1.7265,0.02874,0.4226
2082,17063936,4265984,5339,6822.8,66.76,,-0.0329,0.1597,1.595,0.03492,0.4462
2083,17072128,4268032,5339,6825.2,66.76,,-0.0361,0.0833,1.6143,0.04203,0.434
2084,17080320,4270080,5341,6827.6,66.45,,-0.032,0.1774,1.6226,0.03018,0.4335
2085,17088512,4272128,5341,6830.0,66.45,,-0.0338,0.1061,1.5746,0.0359,0.4081
2086,17096704,4274176,5342,6832.4,66.41,,-0.0316,0.1202,1.5002,0.04157,0.4409
2087,17104896,4276224,5345,6834.9,67.17,,-0.0288,0.1532,1.4983,0.03943,0.4397
2088,17113088,4278272,5345,6837.3,67.17,,-0.0349,0.0843,1.4831,0.03296,0.4105
2089,17121280,4280320,5348,6839.7,67.79,,-0.0294,0.1464,1.5123,0.03452,0.4398
2090,17129472,4282368,5349,6842.1,68.82,,-0.0281,0.1215,1.6548,0.0306,0.4353
2091,17137664,4284416,5349,6844.5,68.82,,-0.0364,0.0983,1.5756,0.03436,0.4403
2092,17145856,4286464,5350,6846.9,69.49,,-0.0346,0.0824,1.5552,0.03698,0.4542
2093,17154048,4288512,5354,6849.4,69.19,,-0.026,0.1682,1.5566,0.02495,0.389
2094,17162240,4290560,5359,6851.8,69.28,,-0.0298,0.2203,1.7009,0.0264,0.4316
2095,17170432,4292608,5359,6854.2,69.28,,-0.0366,0.1039,1.7487,0.02961,0.4504
2096,17178624,4294656,5359,6856.6,69.28,,-0.0357,0.0908,1.7433,0.03182,0.4362
2097,17186816,4296704,5359,6859.0,69.28,,-0.0349,0.0766,1.6674,0.02921,0.4365
2098,17195008,4298752,5361,6861.5,70.14,,-0.0283,0.2075,1.5621,0.04381,0.4633
2099,17203200,4300800,5362,6863.9,70.49,,-0.0338,0.1446,1.5324,0.03436,0.4246
2100,17211392,4302848,5367,7004.6,67.84,2104.9599609375,-0.0313,0.1903,1.6711,0.03483,0.4331
2101,17219584,4304896,5369,7007.0,68.75,,-0.0325,0.1362,1.6981,0.03048,0.4502
2102,17227776,4306944,5371,7009.5,69.43,,-0.029,0.1632,1.7519,0.03638,0.4856
2103,17235968,4308992,5373,7011.9,69.71,,-0.0334,0.1396,1.8362,0.01973,0.392
2104,17244160,4311040,5376,7014.3,69.64,,-0.0306,0.1715,1.8538,0.03523,0.4318
2105,17252352,4313088,5376,7016.7,69.64,,-0.0348,0.1439,1.861,0.02906,0.4396
2106,17260544,4315136,5378,7019.1,69.75,,-0.0259,0.2294,1.7097,0.03621,0.4532
2107,17268736,4317184,5380,7021.6,68.8,,-0.0405,0.0953,1.7052,0.03501,0.453
2108,17276928,4319232,5382,7024.0,69.22,,-0.0352,0.1353,1.6038,0.03953,0.4523
2109,17285120,4321280,5384,7026.4,69.0,,-0.0309,0.1826,1.666,0.04911,0.4679
2110,17293312,4323328,5385,7028.8,69.0,,-0.0349,0.1159,1.6367,0.04242,0.4758
2111,17301504,4325376,5388,7031.2,68.81,,-0.0301,0.1591,1.5501,0.03683,0.4492
2112,17309696,4327424,5391,7033.7,67.53,,-0.0311,0.1812,1.6454,0.03174,0.4215
2113,17317888,4329472,5394,7036.1,66.15,,-0.0321,0.1376,1.7944,0.04119,0.4546
2114,17326080,4331520,5397,7038.5,66.09,,-0.0346,0.1703,1.8544,0.03578,0.4464
2115,17334272,4333568,5400,7040.9,64.54,,-0.0366,0.119,1.8565,0.03034,0.446
2116,17342464,4335616,5400,7043.4,64.54,,-0.0357,0.1319,1.8105,0.0438,0.439
2117,17350656,4337664,5403,7045.8,64.52,,-0.0364,0.1469,1.7456,0.03704,0.4419
2118,17358848,4339712,5404,7048.2,64.77,,-0.0313,0.1306,1.735,0.02984,0.4034
2119,17367040,4341760,5407,7050.6,64.28,,-0.0336,0.154,1.6986,0.0417,0.4435
2120,17375232,4343808,5408,7053.0,64.57,,-0.0323,0.1486,1.6806,0.02364,0.3738
2121,17383424,4345856,5408,7055.4,64.57,,-0.0333,0.1164,1.5461,0.03182,0.4379
2122,17391616,4347904,5411,7057.9,64.43,,-0.0361,0.13,1.4834,0.04729,0.4618
2123,17399808,4349952,5416,7060.3,63.73,,-0.0326,0.1615,1.6444,0.03404,0.4509
2124,17408000,4352000,5417,7062.7,63.69,,-0.0344,0.1368,1.7167,0.03051,0.4523
2125,17416192,4354048,5417,7065.1,63.69,,-0.0382,0.1132,1.6306,0.03326,0.436
2126,17424384,4356096,5417,7067.5,63.69,,-0.0367,0.1102,1.591,0.03271,0.4333
2127,17432576,4358144,5420,7069.9,63.18,,-0.0306,0.1649,1.643,0.03979,0.4446
2128,17440768,4360192,5422,7072.4,63.13,,-0.0302,0.1642,1.5502,0.03586,0.4203
2129,17448960,4362240,5424,7074.8,63.71,,-0.0339,0.153,1.6062,0.0374,0.455
2130,17457152,4364288,5425,7077.2,63.71,,-0.0354,0.1109,1.6345,0.03082,0.4231
2131,17465344,4366336,5425,7079.6,63.71,,-0.0373,0.1017,1.5274,0.04362,0.4631
2132,17473536,4368384,5429,7082.0,64.3,,-0.0315,0.1813,1.5711,0.03697,0.4331
2133,17481728,4370432,5432,7084.5,63.43,,-0.0362,0.1673,1.6123,0.03498,0.4364
2134,17489920,4372480,5434,7086.9,62.85,,-0.0324,0.1643,1.6779,0.04328,0.4407
2135,17498112,4374528,5437,7089.3,63.59,,-0.0339,0.1718,1.7205,0.03935,0.4658
2136,17506304,4376576,5439,7091.7,64.99,,-0.0336,0.1454,1.7581,0.03028,0.446
2137,17514496,4378624,5440,7094.1,64.78,,-0.0357,0.1316,1.6947,0.03596,0.4227
2138,17522688,4380672,5443,7096.6,63.72,,-0.031,0.1772,1.5943,0.03836,0.4108
2139,17530880,4382720,5444,7099.0,63.37,,-0.0324,0.1165,1.7221,0.03172,0.4482
2140,17539072,4384768,5445,7101.4,63.6,,-0.0329,0.1267,1.6037,0.04008,0.4613
2141,17547264,4386816,5445,7103.8,63.6,,-0.0339,0.1117,1.609,0.02714,0.4089
2142,17555456,4388864,5448,7106.2,63.3,,-0.0271,0.1952,1.6257,0.02345,0.406
2143,17563648,4390912,5448,7108.6,63.3,,-0.0327,0.1061,1.5221,0.03554,0.4188
2144,17571840,4392960,5450,7111.0,61.88,,-0.0298,0.152,1.5852,0.03221,0.4362
2145,17580032,4395008,5452,7113.5,62.05,,-0.0313,0.1531,1.5711,0.03118,0.426
2146,17588224,4397056,5453,7115.9,61.91,,-0.0324,0.125,1.5716,0.02921,0.4475
2147,17596416,4399104,5455,7118.3,61.72,,-0.027,0.1957,1.5722,0.02905,0.4071
2148,17604608,4401152,5458,7120.7,62.3,,-0.0286,0.221,1.7146,0.038,0.4458
2149,17612800,4403200,5461,7123.1,61.84,,-0.0332,0.1262,1.7591,0.03063,0.4365
2150,17620992,4405248,5462,7125.6,61.78,,-0.035,0.1697,1.6835,0.03597,0.4236
2151,17629184,4407296,5464,7128.0,62.95,,-0.034,0.1556,1.6681,0.04549,0.4371
2152,17637376,4409344,5465,7130.4,62.86,,-0.0338,0.1107,1.6784,0.03809,0.472
2153,17645568,4411392,5467,7132.8,62.37,,-0.0311,0.1792,1.6417,0.0381,0.4279
2154,17653760,4413440,5468,7135.2,61.32,,-0.031,0.1487,1.568,0.03589,0.4193
2155,17661952,4415488,5469,7137.7,61.01,,-0.0334,0.1229,1.5213,0.04167,0.4459
2156,17670144,4417536,5471,7140.1,61.04,,-0.0324,0.1417,1.4955,0.04227,0.4531
2157,17678336,4419584,5474,7142.5,62.37,,-0.035,0.1206,1.5744,0.04206,0.4385
2158,17686528,4421632,5475,7144.9,62.87,,-0.037,0.1234,1.6316,0.04632,0.4476
2159,17694720,4423680,5475,7147.3,62.87,,-0.0367,0.0888,1.5522,0.03479,0.4314
2160,17702912,4425728,5475,7149.7,62.87,,-0.0336,0.145,1.5847,0.04017,0.4241
2161,17711104,4427776,5478,7152.2,63.54,,-0.0325,0.1058,1.549,0.03657,0.4384
2162,17719296,4429824,5480,7154.6,63.99,,-0.0302,0.1514,1.6208,0.02743,0.3943
2163,17727488,4431872,5483,7157.0,63.9,,-0.0321,0.1793,1.6516,0.03,0.4165
2164,17735680,4433920,5485,7159.4,64.65,,-0.0193,0.1935,1.6952,0.03152,0.432
2165,17743872,4435968,5487,7161.9,65.39,,-0.0325,0.1716,1.7519,0.03379,0.421
2166,17752064,4438016,5487,7164.3,65.39,,-0.0369,0.0979,1.6784,0.03143,0.4362
2167,17760256,4440064,5490,7166.7,65.29,,-0.0298,0.1926,1.5697,0.04965,0.4351
2168,17768448,4442112,5492,7169.1,64.93,,-0.0309,0.1418,1.565,0.03304,0.427
2169,17776640,4444160,5495,7171.5,65.16,,-0.0341,0.1513,1.6101,0.03541,0.4242
2170,17784832,4446208,5495,7173.9,65.16,,-0.035,0.1011,1.6547,0.02992,0.4144
2171,17793024,4448256,5496,7176.4,65.2,,-0.0304,0.1283,1.4843,0.0428,0.4449
2172,17801216,4450304,5496,7178.8,65.2,,-0.0341,0.1032,1.4691,0.03859,0.4231
2173,17809408,4452352,5497,7181.3,66.1,,-0.034,0.1082,1.4931,0.03674,0.4209
2174,17817600,4454400,5501,7183.8,66.4,,-0.026,0.259,1.4967,0.02949,0.3969
2175,17825792,4456448,5504,7186.2,67.73,,-0.0319,0.1577,1.5919,0.03815,0.4443
2176,17833984,4458496,5505,7188.6,67.79,,-0.0318,0.1596,1.6149,0.03976,0.4539
2177,17842176,4460544,5506,7191.0,67.89,,-0.0316,0.1337,1.6184,0.03106,0.4349
2178,17850368,4462592,5509,7193.4,68.66,,-0.0304,0.1335,1.6584,0.03634,0.4437
2179,17858560,4464640,5509,7195.9,68.66,,-0.0361,0.1207,1.7002,0.03356,0.4266
2180,17866752,4466688,5512,7198.3,68.47,,-0.0303,0.1606,1.5707,0.0396,0.4513
2181,17874944,4468736,5513,7200.7,68.54,,-0.0319,0.1502,1.5702,0.04198,0.4381
2182,17883136,4470784,5515,7203.1,68.85,,-0.0336,0.1092,1.5203,0.04826,0.4453
2183,17891328,4472832,5518,7205.5,68.15,,-0.0352,0.1077,1.6799,0.02767,0.4321
2184,17899520,4474880,5518,7207.9,68.15,,-0.0388,0.0972,1.6749,0.03645,0.4398
2185,17907712,4476928,5521,7210.4,67.86,,-0.0319,0.1563,1.6888,0.03878,0.4246
2186,17915904,4478976,5526,7212.8,68.56,,-0.0257,0.2537,1.7039,0.03561,0.4491
2187,17924096,4481024,5527,7215.2,68.5,,-0.0359,0.1244,1.7581,0.02851,0.4341
2188,17932288,4483072,5529,7217.6,68.23,,-0.0326,0.1145,1.7762,0.03043,0.4606
2189,17940480,4485120,5531,7220.1,68.16,,-0.0341,0.1432,1.8219,0.03062,0.4357
2190,17948672,4487168,5531,7222.5,68.16,,-0.0352,0.0915,1.7833,0.02308,0.4021
2191,17956864,4489216,5534,7224.9,67.47,,-0.0295,0.1962,1.6764,0.03839,0.4545
2192,17965056,4491264,5537,7227.3,67.13,,-0.0264,0.1863,1.642,0.0352,0.4374
2193,17973248,4493312,5539,7229.7,65.73,,-0.0319,0.1731,1.6326,0.03395,0.443
2194,17981440,4495360,5542,7232.2,66.19,,-0.0348,0.1538,1.6752,0.0392,0.4518
2195,17989632,4497408,5542,7234.6,66.19,,-0.0399,0.104,1.7599,0.04439,0.4926
2196,17997824,4499456,5542,7237.0,66.19,,-0.0339,0.1462,1.5386,0.04048,0.4445
2197,18006016,4501504,5547,7239.4,67.05,,-0.03,0.2152,1.5438,0.04219,0.4366
2198,18014208,4503552,5551,7241.9,66.24,,-0.0281,0.2072,1.5723,0.03976,0.4103
2199,18022400,4505600,5553,7244.3,67.05,,-0.0278,0.1711,1.6303,0.04082,0.4164
2200,18030592,4507648,5553,7362.7,67.05,1719.93994140625,-0.0361,0.1096,1.6179,0.04095,0.4507
2201,18038784,4509696,5553,7365.1,67.05,,-0.0328,0.0931,1.5998,0.0497,0.4921
2202,18046976,4511744,5554,7367.5,67.29,,-0.0291,0.1233,1.459,0.05103,0.4404
2203,18055168,4513792,5557,7370.0,67.0,,-0.0281,0.1605,1.4239,0.04547,0.4358
2204,18063360,4515840,5559,7372.4,66.58,,-0.0294,0.1907,1.5331,0.05615,0.4457
2205,18071552,4517888,5563,7374.8,66.15,,-0.0275,0.2281,1.5514,0.03235,0.4047
2206,18079744,4519936,5565,7377.2,65.36,,-0.0326,0.1176,1.627,0.03195,0.4296
2207,18087936,4521984,5566,7379.7,65.7,,-0.0385,0.1214,1.7362,0.03905,0.4644
2208,18096128,4524032,5569,7382.1,66.81,,-0.0283,0.2421,1.6744,0.03715,0.3911
2209,18104320,4526080,5571,7384.5,65.96,,-0.027,0.1881,1.7362,0.03666,0.4424
2210,18112512,4528128,5575,7386.9,63.95,,-0.0283,0.2226,1.7025,0.03721,0.4644
2211,18120704,4530176,5576,7389.4,63.74,,-0.0349,0.1494,1.6823,0.03364,0.4274
2212,18128896,4532224,5577,7391.8,63.67,,-0.0357,0.1242,1.5847,0.05269,0.4601
2213,18137088,4534272,5578,7394.2,63.73,,-0.0347,0.1358,1.5784,0.04099,0.4414
2214,18145280,4536320,5581,7396.6,63.56,,-0.0303,0.1941,1.4527,0.05371,0.4497
2215,18153472,4538368,5582,7399.0,63.08,,-0.0351,0.1506,1.5629,0.0369,0.4485
2216,18161664,4540416,5584,7401.5,63.22,,-0.0271,0.1972,1.5844,0.04118,0.4163
2217,18169856,4542464,5587,7403.9,62.11,,-0.0292,0.1873,1.6174,0.03719,0.4331
2218,18178048,4544512,5588,7406.3,61.76,,-0.0344,0.1071,1.5943,0.03546,0.4109
2219,18186240,4546560,5589,7408.7,61.74,,-0.0353,0.1519,1.5549,0.04379,0.4528
2220,18194432,4548608,5592,7411.2,62.42,,-0.0291,0.1543,1.4913,0.04701,0.4557
2221,18202624,4550656,5594,7413.6,62.57,,-0.0285,0.1632,1.4398,0.04579,0.4204
2222,18210816,4552704,5596,7416.0,62.25,,-0.0298,0.1837,1.3649,0.05079,0.4169
2223,18219008,4554752,5601,7418.5,61.91,,-0.023,0.2156,1.5148,0.03616,0.4034
2224,18227200,4556800,5603,7420.9,61.39,,-0.0347,0.1293,1.7379,0.03338,0.418
2225,18235392,4558848,5604,7423.3,61.03,,-0.0326,0.1463,1.613,0.04973,0.4446
2226,18243584,4560896,5605,7425.7,60.89,,-0.0352,0.1239,1.7057,0.03992,0.4413
2227,18251776,4562944,5609,7428.2,59.86,,-0.0347,0.1592,1.7498,0.04362,0.4615
2228,18259968,4564992,5612,7430.6,59.7,,-0.0298,0.2441,1.7098,0.03421,0.4319
2229,18268160,4567040,5614,7433.0,59.1,,-0.0365,0.1161,1.6522,0.0403,0.4565
2230,18276352,4569088,5615,7435.4,58.93,,-0.0359,0.1096,1.7249,0.03981,0.4667
2231,18284544,4571136,5617,7437.9,59.4,,-0.032,0.1427,1.6505,0.03184,0.4276
2232,18292736,4573184,5619,7440.3,59.43,,-0.0336,0.1206,1.4893,0.04953,0.4364
2233,18300928,4575232,5621,7442.7,59.32,,-0.0277,0.1637,1.5404,0.04591,0.4414
2234,18309120,4577280,5621,7445.1,59.32,,-0.0321,0.1137,1.4398,0.03706,0.4377
2235,18317312,4579328,5621,7447.5,59.32,,-0.037,0.0849,1.4248,0.04348,0.4481
2236,18325504,4581376,5622,7449.9,59.55,,-0.0301,0.1387,1.3787,0.04532,0.4536
2237,18333696,4583424,5626,7452.4,58.21,,-0.0287,0.1709,1.4246,0.05007,0.4504
2238,18341888,4585472,5628,7454.8,57.86,,-0.0246,0.1836,1.4532,0.03748,0.417
2239,18350080,4587520,5630,7457.2,57.9,,-0.0331,0.0986,1.4545,0.04945,0.4519
2240,18358272,4589568,5632,7459.7,59.0,,-0.0322,0.1104,1.5439,0.03643,0.4417
2241,18366464,4591616,5633,7462.1,59.67,,-0.0376,0.1223,1.5498,0.04579,0.4613
2242,18374656,4593664,5636,7464.5,60.58,,-0.0282,0.1877,1.5919,0.03471,0.4149
2243,18382848,4595712,5640,7466.9,60.76,,-0.0293,0.1863,1.6525,0.04217,0.4261
2244,18391040,4597760,5642,7469.4,60.93,,-0.0356,0.1348,1.6734,0.03092,0.4207
2245,18399232,4599808,5643,7471.8,60.95,,-0.0357,0.1365,1.6154,0.03551,0.4558
2246,18407424,4601856,5646,7474.2,59.03,,-0.0339,0.1941,1.5404,0.05304,0.4576
2247,18415616,4603904,5647,7476.6,59.01,,-0.0366,0.1204,1.5332,0.0287,0.427
2248,18423808,4605952,5649,7479.1,58.9,,-0.0327,0.1475,1.4693,0.0485,0.436
2249,18432000,4608000,5651,7481.5,59.16,,-0.0321,0.1421,1.5439,0.04405,0.4373
2250,18440192,4610048,5653,7483.9,59.66,,-0.0337,0.1566,1.5501,0.03923,0.4244
2251,18448384,4612096,5654,7486.3,59.19,,-0.0361,0.1213,1.6693,0.03561,0.4452
2252,18456576,4614144,5656,7488.7,58.97,,-0.0333,0.1622,1.5431,0.04742,0.4478
2253,18464768,4616192,5657,7491.2,59.02,,-0.0331,0.1188,1.438,0.03593,0.3892
2254,18472960,4618240,5661,7493.6,59.69,,-0.0287,0.1944,1.3826,0.05548,0.4325
2255,18481152,4620288,5664,7496.0,59.85,,-0.0255,0.1737,1.5854,0.04054,0.4199
2256,18489344,4622336,5668,7498.5,59.19,,-0.0314,0.1742,1.7265,0.03451,0.4148
2257,18497536,4624384,5669,7500.9,59.4,,-0.035,0.1632,1.7016,0.03205,0.4131
2258,18505728,4626432,5672,7503.3,59.22,,-0.0329,0.1415,1.6621,0.04017,0.4512
2259,18513920,4628480,5673,7505.7,59.04,,-0.0272,0.1485,1.6081,0.03346,0.4103
2260,18522112,4630528,5677,7508.2,58.68,,-0.0315,0.1885,1.6645,0.04378,0.4075
2261,18530304,4632576,5680,7510.6,58.75,,-0.0357,0.1555,1.6276,0.03539,0.4098
2262,18538496,4634624,5681,7513.0,58.67,,-0.0336,0.1359,1.654,0.04224,0.4204
2263,18546688,4636672,5684,7515.5,58.54,,-0.0328,0.1861,1.6627,0.0339,0.4425
2264,18554880,4638720,5684,7517.9,58.54,,-0.0389,0.1068,1.6928,0.03941,0.4647
2265,18563072,4640768,5686,7520.3,58.3,,-0.0305,0.255,1.55,0.04471,0.4183
2266,18571264,4642816,5692,7522.7,58.17,,-0.0344,0.1546,1.6691,0.03741,0.4385
2267,18579456,4644864,5695,7525.2,57.54,,-0.0367,0.1227,1.7561,0.04028,0.4562
2268,18587648,4646912,5697,7527.6,56.92,,-0.0333,0.1553,1.8037,0.03306,0.4199
2269,18595840,4648960,5697,7530.0,56.92,,-0.0398,0.1233,1.7509,0.03234,0.4449
2270,18604032,4651008,5698,7532.4,56.33,,-0.0308,0.1421,1.6473,0.03359,0.4272
2271,18612224,4653056,5701,7534.9,56.15,,-0.0339,0.1667,1.6377,0.0471,0.4631
2272,18620416,4655104,5705,7537.3,56.01,,-0.0335,0.1973,1.6667,0.04086,0.4438
2273,18628608,4657152,5707,7539.7,55.93,,-0.0373,0.1133,1.6864,0.03411,0.4333
2274,18636800,4659200,5709,7542.2,56.11,,-0.0332,0.1473,1.698,0.03001,0.428
2275,18644992,4661248,5710,7544.6,56.24,,-0.0349,0.1104,1.6902,0.03358,0.4066
2276,18653184,4663296,5713,7547.0,56.18,,-0.0338,0.2102,1.6711,0.03881,0.4199
2277,18661376,4665344,5716,7549.5,56.76,,-0.031,0.1792,1.6768,0.0367,0.4304
2278,18669568,4667392,5718,7551.9,56.69,,-0.0319,0.1613,1.6575,0.03448,0.433
2279,18677760,4669440,5721,7554.3,57.17,,-0.0339,0.1348,1.7075,0.03229,0.4196
2280,18685952,4671488,5723,7556.7,57.38,,-0.033,0.1251,1.6995,0.03053,0.406
2281,18694144,4673536,5725,7559.2,57.76,,-0.0382,0.136,1.8264,0.02584,0.4131
2282,18702336,4675584,5728,7561.6,57.97,,-0.035,0.1715,1.7768,0.02877,0.4413
2283,18710528,4677632,5729,7564.0,57.23,,-0.0314,0.159,1.7633,0.02642,0.4193
2284,18718720,4679680,5731,7566.4,56.43,,-0.0323,0.1236,1.7035,0.02935,0.4364
2285,18726912,4681728,5734,7568.9,54.64,,-0.0304,0.1904,1.7063,0.03607,0.4531
2286,18735104,4683776,5735,7571.3,53.99,,-0.0343,0.1203,1.7366,0.03398,0.4255
2287,18743296,4685824,5739,7573.7,54.33,,-0.0294,0.1993,1.651,0.03262,0.4312
2288,18751488,4687872,5741,7576.1,53.77,,-0.0316,0.1775,1.649,0.03585,0.4297
2289,18759680,4689920,5742,7578.5,53.64,,-0.0304,0.1561,1.6825,0.03654,0.413
2290,18767872,4691968,5744,7581.0,53.98,,-0.0299,0.1947,1.6302,0.02541,0.4022
2291,18776064,4694016,5745,7583.4,54.96,,-0.0325,0.1416,1.5588,0.05179,0.4456
2292,18784256,4696064,5748,7585.8,55.21,,-0.0335,0.1169,1.6161,0.03383,0.4139
2293,18792448,4698112,5751,7588.2,55.06,,-0.0295,0.15,1.5978,0.04483,0.4647
2294,18800640,4700160,5755,7590.7,54.44,,-0.0294,0.1431,1.6572,0.03552,0.4371
2295,18808832,4702208,5755,7593.1,54.44,,-0.0319,0.1426,1.7045,0.03672,0.4537
2296,18817024,4704256,5756,7595.5,54.03,,-0.0336,0.1241,1.7105,0.04058,0.4147
2297,18825216,4706304,5757,7597.9,54.27,,-0.0396,0.0884,1.6686,0.03621,0.4597
2298,18833408,4708352,5758,7600.3,54.3,,-0.0312,0.0981,1.5924,0.02612,0.4213
2299,18841600,4710400,5760,7602.8,53.45,,-0.0286,0.2123,1.5351,0.04041,0.4337
2300,18849792,4712448,5764,7716.1,53.84,1663.8199462890625,-0.0294,0.2127,1.6245,0.03797,0.4169
2301,18857984,4714496,5765,7718.5,54.12,,-0.0326,0.1308,1.581,0.03319,0.4304
2302,18866176,4716544,5768,7720.9,53.95,,-0.0289,0.1589,1.6605,0.03052,0.4038
2303,18874368,4718592,5770,7723.4,53.26,,-0.0328,0.1456,1.6874,0.03578,0.4386
2304,18882560,4720640,5772,7725.8,53.34,,-0.0317,0.1487,1.672,0.02367,0.391
2305,18890752,4722688,5774,7728.2,53.45,,-0.0293,0.1715,1.6026,0.03217,0.4076
2306,18898944,4724736,5778,7730.6,53.68,,-0.0273,0.1605,1.6724,0.02707,0.4
2307,18907136,4726784,5778,7733.0,53.68,,-0.0337,0.1124,1.6946,0.04291,0.4552
2308,18915328,4728832,5781,7735.5,53.69,,-0.0299,0.2173,1.6462,0.03865,0.4156
2309,18923520,4730880,5782,7737.9,54.26,,-0.0329,0.1425,1.6302,0.02712,0.4115
2310,18931712,4732928,5786,7740.3,54.96,,-0.0317,0.1613,1.7628,0.03894,0.4341
2311,18939904,4734976,5788,7742.8,54.6,,-0.0328,0.1458,1.7559,0.03447,0.4236
2312,18948096,4737024,5789,7745.2,54.54,,-0.0398,0.122,1.6912,0.03301,0.452
2313,18956288,4739072,5792,7747.6,54.6,,-0.0319,0.1526,1.7983,0.03686,0.4517
2314,18964480,4741120,5794,7750.0,55.11,,-0.0288,0.1499,1.7355,0.03438,0.4169
2315,18972672,4743168,5798,7752.5,55.76,,-0.0321,0.1776,1.7191,0.03369,0.4362
2316,18980864,4745216,5799,7754.9,55.77,,-0.0328,0.1435,1.8395,0.03491,0.4519
2317,18989056,4747264,5799,7757.3,55.77,,-0.0328,0.1391,1.6416,0.02756,0.4171
2318,18997248,4749312,5800,7759.7,55.81,,-0.0369,0.1432,1.6718,0.04317,0.4458
2319,19005440,4751360,5802,7762.1,55.44,,-0.032,0.2005,1.5678,0.04165,0.4603
2320,19013632,4753408,5808,7764.6,55.89,,-0.0286,0.1856,1.6925,0.03311,0.4254
2321,19021824,4755456,5811,7767.0,55.91,,-0.0286,0.176,1.6779,0.0358,0.4337
2322,19030016,4757504,5812,7769.4,56.29,,-0.0386,0.0874,1.8274,0.02734,0.4391
2323,19038208,4759552,5812,7771.8,56.29,,-0.0386,0.0815,1.8309,0.02871,0.451
2324,19046400,4761600,5813,7774.3,56.42,,-0.0349,0.1454,1.7455,0.02699,0.4269
2325,19054592,4763648,5815,7776.7,55.76,,-0.034,0.1403,1.8036,0.02996,0.4535
2326,19062784,4765696,5817,7779.1,55.39,,-0.0315,0.1669,1.5841,0.04886,0.463
2327,19070976,4767744,5818,7781.5,55.32,,-0.0325,0.1447,1.491,0.0338,0.449
2328,19079168,4769792,5820,7784.0,55.27,,-0.0303,0.13,1.5915,0.03193,0.42
2329,19087360,4771840,5822,7786.4,55.65,,-0.035,0.1444,1.6233,0.03849,0.4393
2330,19095552,4773888,5824,7788.8,55.75,,-0.0327,0.1505,1.6143,0.03947,0.4473
2331,19103744,4775936,5826,7791.3,56.11,,-0.0337,0.1419,1.6392,0.02632,0.407
2332,19111936,4777984,5828,7793.7,56.78,,-0.031,0.1755,1.7187,0.03144,0.4523
2333,19120128,4780032,5829,7796.1,57.29,,-0.0338,0.1281,1.6662,0.03932,0.4592
2334,19128320,4782080,5830,7798.5,57.29,,-0.0325,0.1195,1.5376,0.0425,0.483
2335,19136512,4784128,5831,7801.0,57.53,,-0.0344,0.1355,1.5528,0.06411,0.4617
2336,19144704,4786176,5833,7803.4,57.59,,-0.0341,0.134,1.5881,0.04175,0.4445
2337,19152896,4788224,5837,7805.8,58.58,,-0.0317,0.2284,1.7076,0.04692,0.4297
2338,19161088,4790272,5838,7808.2,59.24,,-0.0321,0.1653,1.6018,0.03852,0.4255
2339,19169280,4792320,5840,7810.7,59.36,,-0.0349,0.1202,1.6789,0.03559,0.4558
2340,19177472,4794368,5841,7813.1,60.21,,-0.0367,0.1065,1.7509,0.03075,0.436
2341,19185664,4796416,5843,7815.5,59.86,,-0.0299,0.2067,1.722,0.02888,0.437
2342,19193856,4798464,5844,7817.9,60.42,,-0.0338,0.1527,1.7152,0.02941,0.4258
2343,19202048,4800512,5845,7820.3,59.64,,-0.0356,0.1297,1.6741,0.0347,0.4502
2344,19210240,4802560,5848,7822.8,59.97,,-0.0289,0.2033,1.5275,0.04463,0.4587
2345,19218432,4804608,5851,7825.2,60.64,,-0.0257,0.1552,1.6299,0.03108,0.426
2346,19226624,4806656,5853,7827.6,61.45,,-0.0317,0.1565,1.6549,0.03552,0.4463
2347,19234816,4808704,5856,7830.1,61.76,,-0.0336,0.1586,1.7326,0.03219,0.4471
2348,19243008,4810752,5857,7832.5,61.42,,-0.0319,0.1731,1.6646,0.04064,0.449
2349,19251200,4812800,5860,7834.9,62.36,,-0.0328,0.1366,1.7366,0.04217,0.4701
2350,19259392,4814848,5860,7837.3,62.36,,-0.0353,0.1179,1.735,0.03625,0.4355
2351,19267584,4816896,5861,7839.7,62.19,,-0.0325,0.1353,1.661,0.04949,0.4271
2352,19275776,4818944,5862,7842.2,62.13,,-0.0344,0.0917,1.6558,0.0368,0.4536
2353,19283968,4820992,5864,7844.6,61.19,,-0.0293,0.1896,1.5329,0.04365,0.4668
2354,19292160,4823040,5867,7847.0,60.91,,-0.0265,0.2079,1.6205,0.03905,0.4204
2355,19300352,4825088,5870,7849.4,61.27,,-0.0337,0.1491,1.7459,0.03217,0.4446
2356,19308544,4827136,5871,7851.9,61.69,,-0.0337,0.1711,1.6961,0.03277,0.4313
2357,19316736,4829184,5873,7854.3,62.43,,-0.0348,0.1147,1.7462,0.03337,0.4518
2358,19324928,4831232,5873,7856.7,62.43,,-0.037,0.1093,1.7361,0.02713,0.4319
2359,19333120,4833280,5875,7859.1,62.56,,-0.0312,0.1604,1.6134,0.0314,0.4149
2360,19341312,4835328,5877,7861.5,63.17,,-0.0306,0.2135,1.7143,0.03126,0.4164
2361,19349504,4837376,5879,7864.0,62.57,,-0.0313,0.1244,1.6383,0.03296,0.4269
2362,19357696,4839424,5883,7866.4,61.47,,-0.0292,0.1836,1.6631,0.0368,0.4419
2363,19365888,4841472,5883,7868.8,61.47,,-0.0375,0.1035,1.7026,0.02607,0.4514
2364,19374080,4843520,5883,7871.2,61.47,,-0.0367,0.1062,1.6169,0.03425,0.4369
2365,19382272,4845568,5887,7873.7,62.26,,-0.026,0.212,1.6567,0.03388,0.4292
2366,19390464,4847616,5890,7876.1,62.97,,-0.029,0.1892,1.6349,0.0391,0.4088
2367,19398656,4849664,5892,7878.5,62.68,,-0.0324,0.1484,1.6899,0.03105,0.4202
2368,19406848,4851712,5893,7880.9,62.22,,-0.0284,0.1554,1.7065,0.02972,0.4443
2369,19415040,4853760,5895,7883.3,62.23,,-0.035,0.122,1.7929,0.02556,0.4384
2370,19423232,4855808,5898,7885.8,62.58,,-0.029,0.1965,1.7699,0.02683,0.4232
2371,19431424,4857856,5898,7888.2,62.58,,-0.0379,0.1025,1.7665,0.03029,0.4415
2372,19439616,4859904,5901,7890.6,63.59,,-0.0307,0.1578,1.6809,0.03989,0.4275
2373,19447808,4861952,5903,7893.0,63.74,,-0.0337,0.1543,1.62,0.04025,0.437
2374,19456000,4864000,5904,7895.5,64.2,,-0.0288,0.1415,1.592,0.03309,0.423
2375,19464192,4866048,5909,7897.9,64.03,,-0.0295,0.2531,1.6206,0.03647,0.4104
2376,19472384,4868096,5909,7900.3,64.03,,-0.038,0.0853,1.688,0.04189,0.4592
2377,19480576,4870144,5909,7902.7,64.03,,-0.0311,0.1421,1.6116,0.03631,0.4347
2378,19488768,4872192,5911,7905.1,64.16,,-0.0335,0.167,1.5588,0.03333,0.4178
2379,19496960,4874240,5914,7907.6,64.14,,-0.0318,0.1668,1.6026,0.03356,0.4186
2380,19505152,4876288,5918,7910.0,64.64,,-0.0302,0.2414,1.6301,0.037,0.4231
2381,19513344,4878336,5919,7912.4,64.25,,-0.033,0.1284,1.5945,0.03961,0.4611
2382,19521536,4880384,5921,7914.9,64.56,,-0.0308,0.1582,1.5667,0.03912,0.4315
2383,19529728,4882432,5923,7917.3,64.78,,-0.0326,0.164,1.6594,0.03098,0.4408
2384,19537920,4884480,5924,7919.7,64.44,,-0.0267,0.2253,1.616,0.04047,0.4365
2385,19546112,4886528,5926,7922.1,63.65,,-0.0389,0.0963,1.6595,0.03482,0.4321
2386,19554304,4888576,5926,7924.5,63.65,,-0.0389,0.1028,1.5798,0.03766,0.4476
2387,19562496,4890624,5926,7926.9,63.65,,-0.0362,0.0973,1.5372,0.03253,0.4329
2388,19570688,4892672,5928,7929.4,64.01,,-0.0321,0.115,1.4466,0.04059,0.4535
2389,19578880,4894720,5931,7931.8,64.0,,-0.0286,0.2298,1.5612,0.03478,0.4106
2390,19587072,4896768,5933,7934.2,63.97,,-0.0339,0.0912,1.5279,0.06477,0.427
2391,19595264,4898816,5934,7936.6,64.41,,-0.0363,0.0903,1.5822,0.03279,0.4253
2392,19603456,4900864,5934,7939.0,64.41,,-0.0339,0.1216,1.5829,0.04258,0.443
2393,19611648,4902912,5935,7941.5,64.5,,-0.0341,0.1014,1.5242,0.04137,0.4463
2394,19619840,4904960,5938,7943.9,64.21,,-0.0295,0.144,1.6086,0.03248,0.3999
2395,19628032,4907008,5940,7946.3,63.82,,-0.0295,0.1783,1.5093,0.03082,0.4064
2396,19636224,4909056,5942,7948.7,64.77,,-0.0315,0.1285,1.4571,0.04624,0.4266
2397,19644416,4911104,5945,7951.2,65.65,,-0.027,0.1725,1.6285,0.03275,0.3937
2398,19652608,4913152,5946,7953.6,65.79,,-0.0352,0.1315,1.5993,0.04036,0.4379
2399,19660800,4915200,5946,7956.0,65.79,,-0.0346,0.1109,1.5869,0.03316,0.429
2400,19668992,4917248,5947,8096.5,65.37,2012.3299560546875,-0.0321,0.1257,1.6529,0.04287,0.4235
2401,19677184,4919296,5949,8098.9,65.35,,-0.0309,0.1855,1.4364,0.04691,0.4438
2402,19685376,4921344,5952,8101.3,65.12,,-0.0277,0.1752,1.5451,0.05077,0.4479
2403,19693568,4923392,5953,8103.7,65.6,,-0.0303,0.1449,1.4996,0.0318,0.3972
2404,19701760,4925440,5954,8106.1,65.23,,-0.0321,0.1159,1.541,0.04045,0.4368
2405,19709952,4927488,5954,8108.6,65.23,,-0.0375,0.0833,1.4736,0.0324,0.434
2406,19718144,4929536,5955,8111.0,66.06,,-0.0351,0.1,1.5428,0.04894,0.4491
2407,19726336,4931584,5959,8113.4,66.64,,-0.0249,0.2537,1.5107,0.02748,0.3783
2408,19734528,4933632,5959,8115.8,66.64,,-0.0376,0.0905,1.5779,0.04241,0.4714
2409,19742720,4935680,5959,8118.2,66.64,,-0.0358,0.0965,1.5626,0.03737,0.4445
2410,19750912,4937728,5963,8120.7,66.52,,-0.0305,0.1607,1.5229,0.04123,0.465
2411,19759104,4939776,5965,8123.1,68.27,,-0.0323,0.1463,1.6005,0.04909,0.4412
2412,19767296,4941824,5967,8125.5,69.19,,-0.0309,0.1936,1.6027,0.04637,0.4369
2413,19775488,4943872,5970,8127.9,68.9,,-0.0282,0.2182,1.7775,0.0433,0.4482
2414,19783680,4945920,5971,8130.3,69.24,,-0.0368,0.1073,1.6934,0.04035,0.4624
2415,19791872,4947968,5971,8132.8,69.24,,-0.0359,0.1082,1.6431,0.03576,0.4329
2416,19800064,4950016,5972,8135.2,69.05,,-0.032,0.2156,1.52,0.04962,0.4495
2417,19808256,4952064,5977,8137.6,67.71,,-0.031,0.1639,1.6024,0.03947,0.4515
2418,19816448,4954112,5978,8140.0,68.67,,-0.0385,0.1142,1.6965,0.04728,0.4746
2419,19824640,4956160,5981,8142.5,69.31,,-0.0332,0.1277,1.693,0.04724,0.4415
2420,19832832,4958208,5981,8144.9,69.31,,-0.0365,0.1022,1.5532,0.0387,0.4265
2421,19841024,4960256,5981,8147.3,69.31,,-0.0373,0.0964,1.5421,0.04752,0.4453
2422,19849216,4962304,5984,8149.7,68.76,,-0.0287,0.2148,1.5147,0.04215,0.4097
2423,19857408,4964352,5988,8152.1,68.34,,-0.0308,0.14,1.5753,0.03822,0.4347
2424,19865600,4966400,5991,8154.6,67.99,,-0.0322,0.1582,1.5978,0.03365,0.4226
2425,19873792,4968448,5992,8157.0,68.08,,-0.032,0.1279,1.6893,0.03301,0.4259
2426,19881984,4970496,5993,8159.4,68.25,,-0.0319,0.1364,1.6647,0.04257,0.434
2427,19890176,4972544,5995,8161.8,68.06,,-0.0225,0.2521,1.5472,0.03164,0.374
2428,19898368,4974592,5999,8164.2,67.08,,-0.0321,0.1889,1.6793,0.04148,0.4275
2429,19906560,4976640,5999,8166.6,67.08,,-0.0373,0.1079,1.6267,0.02642,0.4172
2430,19914752,4978688,6003,8169.1,67.37,,-0.028,0.1665,1.5486,0.03463,0.3956
2431,19922944,4980736,6006,8171.5,67.02,,-0.0321,0.183,1.6871,0.0355,0.4421
2432,19931136,4982784,6007,8173.9,67.55,,-0.0335,0.1158,1.7441,0.03076,0.4268
2433,19939328,4984832,6008,8176.3,67.58,,-0.033,0.1127,1.7238,0.03202,0.4354
2434,19947520,4986880,6010,8178.7,67.49,,-0.0328,0.1788,1.6454,0.03925,0.4337
2435,19955712,4988928,6012,8181.2,67.51,,-0.0367,0.0953,1.6051,0.04248,0.4443
2436,19963904,4990976,6013,8183.6,67.45,,-0.0312,0.1769,1.6311,0.04458,0.4415
2437,19972096,4993024,6018,8186.0,67.21,,-0.0309,0.216,1.6636,0.03026,0.3934
2438,19980288,4995072,6018,8188.4,67.21,,-0.0358,0.1025,1.6267,0.04303,0.4473
2439,19988480,4997120,6020,8190.9,67.42,,-0.0349,0.1503,1.5644,0.04446,0.4518
2440,19996672,4999168,6021,8193.3,66.97,,-0.028,0.1643,1.6606,0.04887,0.4248
2441,20004864,5001216,6023,8195.7,66.49,,-0.0336,0.1283,1.5746,0.04015,0.4581
2442,20013056,5003264,6027,8198.1,66.5,,-0.0284,0.2043,1.5909,0.0503,0.4238
2443,20021248,5005312,6029,8200.5,66.54,,-0.0349,0.1337,1.6307,0.04467,0.426
2444,20029440,5007360,6030,8203.0,66.26,,-0.0339,0.098,1.6303,0.03643,0.4451
2445,20037632,5009408,6031,8205.4,65.93,,-0.0362,0.1315,1.6216,0.0476,0.4541
2446,20045824,5011456,6034,8207.8,66.65,,-0.0238,0.1977,1.6715,0.04668,0.4242
2447,20054016,5013504,6038,8210.2,65.44,,-0.0294,0.1599,1.7065,0.04331,0.4451
2448,20062208,5015552,6039,8212.6,65.93,,-0.0249,0.1751,1.7054,0.04356,0.4408
2449,20070400,5017600,6041,8215.1,64.83,,-0.035,0.1268,1.7298,0.03263,0.431
2450,20078592,5019648,6041,8217.5,64.83,,-0.0379,0.0871,1.7477,0.04227,0.4572
2451,20086784,5021696,6043,8219.9,63.29,,-0.0319,0.1449,1.5736,0.0447,0.4377
2452,20094976,5023744,6045,8222.3,63.32,,-0.0302,0.1851,1.5686,0.03374,0.4166
2453,20103168,5025792,6045,8224.7,63.32,,-0.0359,0.0887,1.5308,0.04447,0.4288
2454,20111360,5027840,6046,8227.1,63.0,,-0.0322,0.1132,1.4295,0.04191,0.4139
2455,20119552,5029888,6049,8229.6,63.29,,-0.0281,0.2037,1.4772,0.03705,0.4078
2456,20127744,5031936,6051,8232.0,63.83,,-0.0291,0.0984,1.6122,0.08336,0.4469
2457,20135936,5033984,6053,8234.4,62.59,,-0.0253,0.1569,1.5074,0.03492,0.3982
2458,20144128,5036032,6054,8236.8,62.32,,-0.0336,0.125,1.5775,0.0373,0.4395
2459,20152320,5038080,6055,8239.2,61.4,,-0.0346,0.0933,1.5957,0.03643,0.4441
2460,20160512,5040128,6057,8241.7,61.04,,-0.0309,0.1461,1.6081,0.03172,0.4052
2461,20168704,5042176,6060,8244.1,61.7,,-0.0261,0.2076,1.6295,0.03696,0.4232
2462,20176896,5044224,6062,8246.5,61.53,,-0.0351,0.0954,1.7074,0.02738,0.4263
2463,20185088,5046272,6063,8248.9,61.47,,-0.0319,0.1221,1.6701,0.03906,0.4432
2464,20193280,5048320,6065,8251.3,60.71,,-0.0363,0.1189,1.7897,0.03872,0.4374
2465,20201472,5050368,6067,8253.8,60.55,,-0.0282,0.1691,1.6451,0.03602,0.4269
2466,20209664,5052416,6070,8256.2,61.24,,-0.0272,0.1518,1.6345,0.05144,0.4384
2467,20217856,5054464,6071,8258.6,60.58,,-0.0311,0.1465,1.6239,0.03569,0.4347
2468,20226048,5056512,6073,8261.0,60.56,,-0.0307,0.1248,1.622,0.03827,0.4313
2469,20234240,5058560,6075,8263.4,60.9,,-0.0333,0.1372,1.6574,0.03868,0.457
2470,20242432,5060608,6077,8265.9,61.68,,-0.0284,0.1442,1.6049,0.04857,0.4203
2471,20250624,5062656,6081,8268.3,60.81,,-0.0261,0.2114,1.6983,0.04138,0.4313
2472,20258816,5064704,6081,8270.7,60.81,,-0.0337,0.1054,1.7177,0.03555,0.4308
2473,20267008,5066752,6083,8273.1,60.51,,-0.0323,0.1559,1.6438,0.0365,0.4375
2474,20275200,5068800,6084,8275.6,61.08,,-0.0344,0.116,1.5346,0.04043,0.4376
2475,20283392,5070848,6085,8278.0,60.92,,-0.0301,0.1459,1.5599,0.03831,0.4312
2476,20291584,5072896,6087,8280.4,60.85,,-0.0314,0.1553,1.4781,0.03472,0.4081
2477,20299776,5074944,6088,8282.8,60.79,,-0.029,0.1508,1.4381,0.03504,0.4203
2478,20307968,5076992,6090,8285.2,60.97,,-0.0297,0.1633,1.5001,0.04145,0.4214
2479,20316160,5079040,6092,8287.6,62.05,,-0.0334,0.0945,1.571,0.04387,0.4583
2480,20324352,5081088,6096,8290.1,61.54,,-0.0293,0.1859,1.5623,0.03917,0.4047
2481,20332544,5083136,6098,8292.5,62.23,,-0.0353,0.1473,1.6852,0.03762,0.4618
2482,20340736,5085184,6099,8294.9,62.37,,-0.0329,0.1564,1.645,0.04011,0.4508
2483,20348928,5087232,6100,8297.3,62.32,,-0.0315,0.1586,1.6062,0.04303,0.4314
2484,20357120,5089280,6102,8299.8,62.05,,-0.0333,0.1356,1.5793,0.03738,0.4208
2485,20365312,5091328,6103,8302.2,61.97,,-0.0305,0.1767,1.5663,0.0429,0.4237
2486,20373504,5093376,6105,8304.6,61.93,,-0.0334,0.137,1.5342,0.04104,0.4384
2487,20381696,5095424,6106,8307.0,61.42,,-0.0266,0.1471,1.4692,0.05029,0.4478
2488,20389888,5097472,6108,8309.4,61.41,,-0.0313,0.1374,1.5313,0.04309,0.4351
2489,20398080,5099520,6112,8311.9,63.47,,-0.0271,0.259,1.5996,0.029,0.3782
2490,20406272,5101568,6116,8314.3,62.84,,-0.0255,0.195,1.7833,0.02958,0.397
2491,20414464,5103616,6116,8316.7,62.84,,-0.0376,0.0854,1.6958,0.03711,0.4333
2492,20422656,5105664,6117,8319.1,63.16,,-0.0318,0.1125,1.6662,0.02671,0.3925
2493,20430848,5107712,6117,8321.6,63.16,,-0.0348,0.0957,1.6094,0.02817,0.4186
2494,20439040,5109760,6121,8324.0,63.64,,-0.0241,0.2526,1.5195,0.07182,0.421
2495,20447232,5111808,6125,8326.4,64.31,,-0.0267,0.228,1.551,0.03672,0.4216
2496,20455424,5113856,6126,8328.8,64.63,,-0.0342,0.1258,1.6146,0.03392,0.4192
2497,20463616,5115904,6126,8331.2,64.63,,-0.0355,0.1048,1.6404,0.03539,0.4244
2498,20471808,5117952,6129,8333.7,64.54,,-0.0281,0.1736,1.6484,0.02767,0.3832
2499,20480000,5120000,6130,8336.1,64.27,,-0.0306,0.142,1.5819,0.0267,0.4054
2500,20488192,5122048,6131,8450.3,64.65,1644.31005859375,-0.0298,0.1522,1.5299,0.03811,0.3933
2501,20496384,5124096,6135,8452.7,63.83,,-0.0253,0.2134,1.6355,0.03157,0.401
2502,20504576,5126144,6135,8455.1,63.83,,-0.035,0.0904,1.5171,0.0366,0.4242
2503,20512768,5128192,6135,8457.5,63.83,,-0.0356,0.1124,1.4774,0.03986,0.3949
2504,20520960,5130240,6139,8460.0,63.78,,-0.0263,0.2341,1.5081,0.04001,0.3806
2505,20529152,5132288,6139,8462.4,63.78,,-0.0339,0.0979,1.5844,0.03221,0.4138
2506,20537344,5134336,6141,8464.8,64.47,,-0.0284,0.1452,1.4697,0.03858,0.3965
2507,20545536,5136384,6141,8467.2,64.47,,-0.0346,0.084,1.4182,0.0388,0.4197
2508,20553728,5138432,6142,8469.6,64.45,,-0.0322,0.0956,1.4592,0.0398,0.444
2509,20561920,5140480,6145,8472.1,65.53,,-0.0253,0.1539,1.427,0.03618,0.3956
2510,20570112,5142528,6148,8474.5,66.02,,-0.0252,0.1465,1.6076,0.03203,0.3983
2511,20578304,5144576,6149,8476.9,65.75,,-0.0282,0.161,1.66,0.02827,0.3782
2512,20586496,5146624,6150,8479.3,65.38,,-0.0358,0.0845,1.6142,0.02855,0.4088
2513,20594688,5148672,6150,8481.7,65.38,,-0.0348,0.1331,1.6018,0.0341,0.4144
2514,20602880,5150720,6155,8484.2,67.5,,-0.0254,0.1541,1.6518,0.04251,0.4191
2515,20611072,5152768,6159,8486.6,67.31,,-0.0264,0.195,1.7498,0.02836,0.3937
2516,20619264,5154816,6160,8489.0,67.06,,-0.0354,0.1109,1.79,0.04168,0.4426
2517,20627456,5156864,6162,8491.4,67.54,,-0.0309,0.1208,1.7436,0.02777,0.3914
2518,20635648,5158912,6162,8493.8,67.54,,-0.033,0.0968,1.6892,0.02841,0.4388
2519,20643840,5160960,6163,8496.3,67.49,,-0.0329,0.1135,1.6252,0.03441,0.4254
2520,20652032,5163008,6166,8498.7,65.63,,-0.0299,0.1843,1.5085,0.04686,0.4058
2521,20660224,5165056,6167,8501.1,65.71,,-0.0372,0.095,1.5576,0.03578,0.4456
2522,20668416,5167104,6172,8503.5,65.66,,-0.0283,0.2328,1.5811,0.03681,0.4246
2523,20676608,5169152,6172,8505.9,65.66,,-0.0347,0.0867,1.6057,0.0336,0.4391
2524,20684800,5171200,6173,8508.3,65.97,,-0.035,0.1082,1.6548,0.02635,0.4269
2525,20692992,5173248,6173,8510.8,65.97,,-0.0344,0.0977,1.6491,0.03191,0.4116
2526,20701184,5175296,6177,8513.2,64.48,,-0.0261,0.1916,1.5564,0.03011,0.386
2527,20709376,5177344,6182,8515.6,64.85,,-0.0237,0.2585,1.6664,0.01899,0.3354
2528,20717568,5179392,6184,8518.1,64.11,,-0.0345,0.1156,1.7425,0.02413,0.4005
2529,20725760,5181440,6184,8520.5,64.11,,-0.0332,0.0855,1.6967,0.02762,0.4292
2530,20733952,5183488,6185,8522.9,64.35,,-0.0332,0.1163,1.7432,0.03323,0.442
2531,20742144,5185536,6188,8525.3,64.41,,-0.0295,0.1917,1.7068,0.04448,0.451
2532,20750336,5187584,6188,8527.7,64.41,,-0.0275,0.1859,1.5847,0.04072,0.4126
2533,20758528,5189632,6191,8530.1,64.67,,-0.033,0.1373,1.5548,0.04114,0.4165
2534,20766720,5191680,6194,8532.6,64.47,,-0.032,0.1547,1.6286,0.03465,0.4238
2535,20774912,5193728,6194,8535.0,64.47,,-0.0344,0.0746,1.4944,0.03943,0.4381
2536,20783104,5195776,6196,8537.4,64.21,,-0.0231,0.1737,1.5329,0.05332,0.4415
2537,20791296,5197824,6197,8539.8,64.28,,-0.033,0.13,1.6612,0.03889,0.4382
2538,20799488,5199872,6200,8542.2,63.76,,-0.03,0.1769,1.5762,0.03534,0.4235
2539,20807680,5201920,6201,8544.7,63.19,,-0.0364,0.1201,1.6662,0.03898,0.4438
2540,20815872,5203968,6208,8547.1,65.07,,-0.0247,0.2852,1.6808,0.0314,0.4061
2541,20824064,5206016,6209,8549.5,65.37,,-0.0326,0.1379,1.946,0.02006,0.4132
2542,20832256,5208064,6209,8551.9,65.37,,-0.0382,0.0916,1.8426,0.03247,0.4598
2543,20840448,5210112,6210,8554.3,65.84,,-0.0323,0.1424,1.7776,0.0268,0.4071
2544,20848640,5212160,6212,8556.8,63.91,,-0.0369,0.1194,1.6877,0.03482,0.437
2545,20856832,5214208,6215,8559.2,63.89,,-0.0306,0.1768,1.577,0.05594,0.4772
2546,20865024,5216256,6218,8561.6,63.62,,-0.0276,0.1421,1.6001,0.044,0.4067
2547,20873216,5218304,6219,8564.0,63.47,,-0.034,0.1205,1.6055,0.03895,0.4388
2548,20881408,5220352,6221,8566.5,63.44,,-0.0298,0.1625,1.608,0.03517,0.4353
2549,20889600,5222400,6224,8568.9,62.78,,-0.0342,0.1091,1.7075,0.04163,0.4263
2550,20897792,5224448,6225,8571.3,62.47,,-0.0305,0.1233,1.5628,0.0391,0.4036
2551,20905984,5226496,6226,8573.7,62.24,,-0.034,0.085,1.563,0.03766,0.4275
2552,20914176,5228544,6228,8576.1,62.4,,-0.0325,0.1499,1.5458,0.03062,0.4033
2553,20922368,5230592,6230,8578.6,62.45,,-0.0289,0.1631,1.3804,0.0458,0.4117
2554,20930560,5232640,6233,8581.0,62.02,,-0.031,0.1661,1.5031,0.04165,0.4161
2555,20938752,5234688,6234,8583.4,62.05,,-0.0312,0.119,1.5747,0.0345,0.4365
2556,20946944,5236736,6236,8585.8,63.03,,-0.0305,0.1295,1.5047,0.04038,0.4335
2557,20955136,5238784,6239,8588.2,63.83,,-0.0292,0.1792,1.542,0.04452,0.4321
2558,20963328,5240832,6244,8590.7,61.93,,-0.025,0.222,1.717,0.02835,0.4132
2559,20971520,5242880,6247,8593.1,61.75,,-0.0294,0.1753,1.8312,0.02677,0.4193
2560,20979712,5244928,6249,8595.5,61.58,,-0.0351,0.1348,1.792,0.03231,0.4403
2561,20987904,5246976,6249,8597.9,61.58,,-0.034,0.1175,1.6955,0.02128,0.3966
2562,20996096,5249024,6249,8600.3,61.58,,-0.0335,0.1504,1.5556,0.03299,0.3983
2563,21004288,5251072,6252,8602.8,59.91,,-0.0344,0.1324,1.6003,0.0391,0.4203
2564,21012480,5253120,6256,8605.2,59.36,,-0.0299,0.2251,1.5149,0.0396,0.4086
2565,21020672,5255168,6256,8607.6,59.36,,-0.0272,0.2103,1.4604,0.03338,0.3934
2566,21028864,5257216,6260,8610.1,58.53,,-0.0331,0.1259,1.5861,0.04168,0.4127
2567,21037056,5259264,6261,8612.5,58.41,,-0.0312,0.1183,1.5752,0.03169,0.4031
2568,21045248,5261312,6262,8614.9,58.37,,-0.0314,0.1159,1.5399,0.02568,0.3718
2569,21053440,5263360,6265,8617.3,58.78,,-0.0249,0.2336,1.5647,0.02733,0.377
2570,21061632,5265408,6267,8619.8,58.59,,-0.0368,0.1115,1.5961,0.03481,0.4197
2571,21069824,5267456,6267,8622.2,58.59,,-0.0319,0.0869,1.4336,0.03537,0.4171
2572,21078016,5269504,6269,8624.6,58.52,,-0.0306,0.1255,1.4858,0.03161,0.4052
2573,21086208,5271552,6272,8627.0,59.16,,-0.0265,0.2014,1.5097,0.03982,0.3951
2574,21094400,5273600,6272,8629.4,59.16,,-0.0332,0.1231,1.5114,0.03538,0.4138
2575,21102592,5275648,6274,8631.9,59.72,,-0.0282,0.1846,1.4564,0.03776,0.3746
2576,21110784,5277696,6277,8634.3,60.21,,-0.0209,0.1924,1.6374,0.02136,0.361
2577,21118976,5279744,6279,8636.7,59.7,,-0.0309,0.1583,1.6167,0.03717,0.4244
2578,21127168,5281792,6282,8639.1,60.51,,-0.0319,0.1602,1.6162,0.02877,0.4028
2579,21135360,5283840,6282,8641.5,60.51,,-0.0323,0.1273,1.5558,0.03947,0.4221
2580,21143552,5285888,6284,8644.0,61.21,,-0.0344,0.114,1.5153,0.03483,0.4274
2581,21151744,5287936,6287,8646.4,60.82,,-0.0278,0.1807,1.5553,0.02607,0.3776
2582,21159936,5289984,6289,8648.8,61.09,,-0.028,0.2073,1.5787,0.04303,0.441
2583,21168128,5292032,6290,8651.2,59.99,,-0.0341,0.0896,1.4925,0.03971,0.4368
2584,21176320,5294080,6292,8653.7,60.52,,-0.0281,0.1801,1.5932,0.03895,0.4094
2585,21184512,5296128,6292,8656.1,60.52,,-0.0279,0.1416,1.6161,0.0286,0.3969
2586,21192704,5298176,6295,8658.5,61.3,,-0.0346,0.147,1.6362,0.03706,0.4199
2587,21200896,5300224,6295,8660.9,61.3,,-0.0373,0.1273,1.5431,0.03786,0.4232
2588,21209088,5302272,6298,8663.3,62.04,,-0.0309,0.2256,1.4089,0.04365,0.4178
2589,21217280,5304320,6299,8665.8,62.46,,-0.0275,0.1394,1.4776,0.03886,0.4154
2590,21225472,5306368,6302,8668.2,61.88,,-0.0322,0.1175,1.4505,0.03546,0.4073
2591,21233664,5308416,6305,8670.6,61.8,,-0.0253,0.2014,1.5059,0.03026,0.3971
2592,21241856,5310464,6306,8673.0,62.09,,-0.0319,0.1515,1.5905,0.02869,0.3939
2593,21250048,5312512,6308,8675.5,61.86,,-0.0334,0.135,1.599,0.03837,0.4497
2594,21258240,5314560,6310,8677.9,60.72,,-0.0283,0.1979,1.5281,0.03831,0.3981
2595,21266432,5316608,6311,8680.3,60.75,,-0.0324,0.1192,1.5408,0.03915,0.4365
2596,21274624,5318656,6311,8682.7,60.75,,-0.0329,0.1259,1.531,0.04398,0.4156
2597,21282816,5320704,6312,8685.1,61.26,,-0.0302,0.1634,1.5551,0.04623,0.4542
2598,21291008,5322752,6314,8687.5,61.21,,-0.0283,0.1706,1.4023,0.04243,0.4186
2599,21299200,5324800,6318,8689.9,63.08,,-0.0308,0.1388,1.4914,0.03843,0.4227
2600,21307392,5326848,6320,8804.3,63.12,1769.1300048828125,-0.0309,0.1658,1.5367,0.0397,0.4207
2601,21315584,5328896,6323,8806.7,63.41,,-0.0335,0.1464,1.5841,0.0394,0.4113
2602,21323776,5330944,6325,8809.2,64.02,,-0.0333,0.1477,1.6699,0.04155,0.4481
2603,21331968,5332992,6326,8811.6,64.06,,-0.0347,0.1355,1.5564,0.04308,0.4615
2604,21340160,5335040,6328,8814.0,64.34,,-0.0271,0.1567,1.5142,0.05408,0.4481
2605,21348352,5337088,6330,8816.4,64.15,,-0.0299,0.2286,1.5017,0.036,0.3934
2606,21356544,5339136,6330,8818.8,64.15,,-0.0303,0.1286,1.4766,0.04635,0.4493
2607,21364736,5341184,6334,8821.3,64.03,,-0.0268,0.1902,1.5179,0.04852,0.4348
2608,21372928,5343232,6334,8823.7,64.03,,-0.0317,0.1129,1.5203,0.03854,0.4347
2609,21381120,5345280,6336,8826.1,63.46,,-0.0308,0.1302,1.4595,0.03591,0.4149
2610,21389312,5347328,6338,8828.5,63.53,,-0.0307,0.1477,1.5663,0.03464,0.4292
2611,21397504,5349376,6342,8831.0,64.24,,-0.0277,0.205,1.4854,0.03378,0.3882
2612,21405696,5351424,6343,8833.4,63.83,,-0.0329,0.121,1.5415,0.04491,0.4009
2613,21413888,5353472,6343,8835.8,63.83,,-0.0317,0.1329,1.5155,0.04285,0.452
2614,21422080,5355520,6344,8838.2,64.35,,-0.0359,0.1045,1.4978,0.0492,0.4452
2615,21430272,5357568,6345,8840.6,63.8,,-0.0298,0.2011,1.4595,0.03936,0.4189
2616,21438464,5359616,6348,8843.0,64.38,,-0.0287,0.1683,1.321,0.04541,0.4241
2617,21446656,5361664,6349,8845.4,64.7,,-0.0308,0.1071,1.4161,0.04155,0.4283
2618,21454848,5363712,6349,8847.9,64.7,,-0.0373,0.0777,1.381,0.03892,0.4166
2619,21463040,5365760,6350,8850.3,64.68,,-0.0302,0.1197,1.3838,0.03931,0.4219
2620,21471232,5367808,6352,8852.7,65.46,,-0.0275,0.1803,1.4745,0.03042,0.3796
2621,21479424,5369856,6353,8855.1,66.42,,-0.0367,0.1065,1.4642,0.03336,0.4266
2622,21487616,5371904,6354,8857.5,66.44,,-0.0317,0.1004,1.3292,0.03825,0.3776
2623,21495808,5373952,6356,8860.0,66.85,,-0.0273,0.1558,1.3857,0.03413,0.4103
2624,21504000,5376000,6359,8862.4,67.86,,-0.0259,0.2248,1.4737,0.03643,0.4109
2625,21512192,5378048,6362,8864.8,69.19,,-0.0269,0.1775,1.5331,0.03247,0.3889
2626,21520384,5380096,6364,8867.2,69.93,,-0.0305,0.1172,1.5766,0.03547,0.3993
2627,21528576,5382144,6365,8869.6,70.07,,-0.0352,0.1148,1.5724,0.03157,0.3942
2628,21536768,5384192,6366,8872.1,70.18,,-0.028,0.2056,1.5809,0.03767,0.4208
2629,21544960,5386240,6368,8874.5,70.48,,-0.0341,0.1068,1.4984,0.04337,0.4364
2630,21553152,5388288,6370,8876.9,69.18,,-0.0268,0.1924,1.5464,0.03552,0.3842
2631,21561344,5390336,6372,8879.3,69.3,,-0.0281,0.1652,1.5116,0.04094,0.4237
2632,21569536,5392384,6373,8881.7,68.7,,-0.027,0.2322,1.4826,0.04298,0.4258
2633,21577728,5394432,6374,8884.1,68.85,,-0.0307,0.1354,1.5184,0.03464,0.442
2634,21585920,5396480,6376,8886.6,68.48,,-0.0223,0.2602,1.4048,0.03701,0.3967
2635,21594112,5398528,6381,8889.0,69.57,,-0.0251,0.2326,1.4936,0.03484,0.4141
2636,21602304,5400576,6384,8891.4,68.91,,-0.031,0.1798,1.6726,0.03959,0.421
2637,21610496,5402624,6385,8893.9,69.33,,-0.0341,0.1255,1.6535,0.04213,0.4459
2638,21618688,5404672,6385,8896.3,69.33,,-0.0365,0.123,1.6603,0.03334,0.4459
2639,21626880,5406720,6386,8898.7,69.44,,-0.0358,0.1153,1.5944,0.03935,0.4197
2640,21635072,5408768,6389,8901.1,69.03,,-0.0244,0.2443,1.5093,0.04035,0.4141
2641,21643264,5410816,6392,8903.5,68.34,,-0.0237,0.2361,1.4764,0.03137,0.3768
2642,21651456,5412864,6395,8906.0,67.51,,-0.028,0.1615,1.5116,0.04858,0.428
2643,21659648,5414912,6397,8908.4,67.84,,-0.0313,0.1602,1.6528,0.03318,0.423
2644,21667840,5416960,6399,8910.8,67.88,,-0.0272,0.1683,1.7028,0.02604,0.3666
2645,21676032,5419008,6400,8913.2,67.6,,-0.0281,0.1958,1.5027,0.03563,0.4144
2646,21684224,5421056,6400,8915.6,67.6,,-0.0251,0.1388,1.5379,0.05592,0.4249
2647,21692416,5423104,6402,8918.1,67.54,,-0.0188,0.1766,1.522,0.03387,0.4204
2648,21700608,5425152,6404,8920.5,67.26,,-0.0263,0.1552,1.4067,0.05041,0.4508
2649,21708800,5427200,6407,8922.9,67.69,,-0.0319,0.1547,1.4468,0.03997,0.4191
2650,21716992,5429248,6407,8925.3,67.69,,-0.0346,0.0985,1.536,0.0244,0.3622
2651,21725184,5431296,6408,8927.7,67.74,,-0.0286,0.1653,1.4781,0.04275,0.431
2652,21733376,5433344,6410,8930.2,68.33,,-0.0344,0.1113,1.5858,0.03522,0.4343
2653,21741568,5435392,6414,8932.6,69.03,,-0.028,0.1958,1.5598,0.0335,0.408
2654,21749760,5437440,6416,8935.0,68.38,,-0.0296,0.1383,1.6105,0.03579,0.403
2655,21757952,5439488,6416,8937.4,68.38,,-0.0358,0.0843,1.5623,0.029,0.4453
2656,21766144,5441536,6417,8939.9,67.73,,-0.0332,0.1277,1.5086,0.03915,0.4207
2657,21774336,5443584,6418,8942.3,67.41,,-0.0316,0.1909,1.4229,0.0445,0.4038
2658,21782528,5445632,6421,8944.7,67.24,,-0.0305,0.1282,1.4148,0.03874,0.3998
2659,21790720,5447680,6423,8947.1,68.26,,-0.0273,0.1593,1.4221,0.03673,0.399
2660,21798912,5449728,6426,8949.6,68.11,,-0.0317,0.1364,1.5203,0.04834,0.4427
2661,21807104,5451776,6426,8952.0,68.11,,-0.0355,0.0849,1.5283,0.03678,0.4269
2662,21815296,5453824,6427,8954.4,68.2,,-0.0332,0.1329,1.5657,0.04066,0.4067
2663,21823488,5455872,6429,8956.8,67.89,,-0.0287,0.1891,1.4894,0.03139,0.3851
2664,21831680,5457920,6429,8959.2,67.89,,-0.0373,0.1014,1.4539,0.02919,0.3971
2665,21839872,5459968,6430,8961.6,67.87,,-0.0311,0.1783,1.4113,0.03988,0.434
2666,21848064,5462016,6434,8964.1,70.18,,-0.0301,0.1525,1.4595,0.0273,0.3966
2667,21856256,5464064,6435,8966.5,70.15,,-0.0342,0.1293,1.5706,0.04102,0.4363
2668,21864448,5466112,6435,8968.9,70.15,,-0.0307,0.1261,1.5694,0.03947,0.4684
2669,21872640,5468160,6436,8971.3,70.16,,-0.028,0.1645,1.5282,0.03925,0.4285
2670,21880832,5470208,6438,8973.7,70.23,,-0.036,0.0983,1.5237,0.04087,0.4224
2671,21889024,5472256,6442,8976.2,70.32,,-0.0312,0.2283,1.4872,0.04483,0.4128
2672,21897216,5474304,6444,8978.6,70.63,,-0.0316,0.1245,1.6694,0.03489,0.4276
2673,21905408,5476352,6444,8981.0,70.63,,-0.0347,0.1028,1.6195,0.02859,0.399
2674,21913600,5478400,6445,8983.4,71.72,,-0.0305,0.1404,1.577,0.03162,0.4209
2675,21921792,5480448,6446,8985.8,71.72,,-0.0323,0.1392,1.5171,0.03696,0.4297
2676,21929984,5482496,6449,8988.3,71.99,,-0.029,0.1861,1.5509,0.03441,0.3938
2677,21938176,5484544,6450,8990.7,72.22,,-0.0336,0.1155,1.4711,0.02788,0.401
2678,21946368,5486592,6453,8993.1,70.84,,-0.0299,0.1907,1.5197,0.03536,0.4147
2679,21954560,5488640,6454,8995.5,70.94,,-0.0307,0.1633,1.5587,0.03686,0.4205
2680,21962752,5490688,6457,8997.9,70.49,,-0.0346,0.0977,1.568,0.03477,0.427
2681,21970944,5492736,6457,9000.4,70.49,,-0.0341,0.1438,1.576,0.03412,0.4211
2682,21979136,5494784,6460,9002.8,69.8,,-0.0329,0.1505,1.5663,0.03116,0.4009
2683,21987328,5496832,6461,9005.2,69.86,,-0.0337,0.1636,1.5723,0.03122,0.3983
2684,21995520,5498880,6462,9007.6,68.95,,-0.0262,0.1696,1.5502,0.03763,0.4247
2685,22003712,5500928,6464,9010.0,67.91,,-0.0298,0.1261,1.4417,0.03564,0.4132
2686,22011904,5502976,6466,9012.5,67.76,,-0.0287,0.123,1.5884,0.03888,0.4331
2687,22020096,5505024,6466,9014.9,67.76,,-0.0359,0.104,1.5828,0.02779,0.4254
2688,22028288,5507072,6468,9017.3,69.04,,-0.0306,0.1343,1.5583,0.02532,0.4031
2689,22036480,5509120,6468,9019.7,69.04,,-0.0327,0.1083,1.5601,0.03471,0.4374
2690,22044672,5511168,6472,9022.1,70.23,,-0.0301,0.1879,1.59,0.04175,0.4501
2691,22052864,5513216,6476,9024.6,71.09,,-0.0281,0.2324,1.6052,0.03546,0.3904
2692,22061056,5515264,6479,9027.0,70.22,,-0.0299,0.1334,1.6595,0.03217,0.4207
2693,22069248,5517312,6480,9029.4,70.18,,-0.0342,0.1245,1.7384,0.04865,0.4402
2694,22077440,5519360,6481,9031.8,70.25,,-0.0328,0.1321,1.6699,0.0358,0.4362
2695,22085632,5521408,6483,9034.3,70.05,,-0.0297,0.1592,1.6411,0.03375,0.4139
2696,22093824,5523456,6484,9036.7,69.99,,-0.0313,0.1654,1.608,0.04423,0.4426
2697,22102016,5525504,6486,9039.1,69.66,,-0.0268,0.178,1.452,0.04453,0.3973
2698,22110208,5527552,6488,9041.5,69.95,,-0.0345,0.1028,1.5245,0.04285,0.4303
2699,22118400,5529600,6492,9044.0,70.39,,-0.026,0.2041,1.5239,0.02591,0.3657
2700,22126592,5531648,6494,9159.5,70.56,1698.5999755859375,-0.0326,0.1361,1.6618,0.02852,0.4075
