iter,frames,agent_steps,episodes,wall_s,train_return_mean,greedy_score,pg_loss,v_loss,entropy,approx_kl,clipfrac
0,8192,2048,0,41.9,nan,150.0,0.0368,361.8328,2.8541,0.03419,0.4797
1,16384,4096,1,44.6,2.0,,-0.001,0.6128,2.8827,0.00202,0.1237
2,24576,6144,15,47.4,4.2,,-0.0024,0.5641,2.8825,0.00147,0.0801
3,32768,8192,15,50.1,4.2,,-0.0017,0.3114,2.8793,0.00106,0.0403
4,40960,10240,21,52.9,4.667,,-0.0021,0.1768,2.8768,0.00147,0.0654
5,49152,12288,30,55.7,5.6,,-0.0013,0.1632,2.8746,0.00097,0.0466
6,57344,14336,32,58.5,5.875,,-0.0023,0.128,2.8767,0.00097,0.0509
7,65536,16384,39,61.3,5.897,,-0.0041,0.1173,2.8608,0.00224,0.1329
8,73728,18432,45,64.0,6.178,,-0.0022,0.1316,2.8635,0.00113,0.0514
9,81920,20480,51,66.8,6.529,,-0.0032,0.1567,2.8513,0.00123,0.0635
10,90112,22528,57,69.6,6.491,,-0.0014,0.181,2.8434,0.00218,0.1213
11,98304,24576,61,72.4,6.639,,-0.0033,0.1032,2.836,0.00159,0.075
12,106496,26624,71,75.2,6.887,,-0.003,0.0861,2.8229,0.00159,0.092
13,114688,28672,75,78.0,6.947,,-0.002,0.1225,2.8304,0.00126,0.0592
14,122880,30720,80,80.7,6.912,,-0.0034,0.1027,2.831,0.00144,0.0663
15,131072,32768,86,83.5,6.826,,-0.0023,0.1043,2.8407,0.00102,0.0474
16,139264,34816,91,86.3,7.044,,-0.0037,0.0985,2.8396,0.0019,0.1224
17,147456,36864,96,89.1,7.156,,-0.0034,0.0973,2.8388,0.00221,0.1326
18,155648,38912,104,91.8,7.61,,-0.0061,0.1332,2.8067,0.00214,0.1393
19,163840,40960,107,94.6,7.81,,-0.0037,0.1172,2.8158,0.00159,0.0945
20,172032,43008,116,97.4,8.01,,-0.0034,0.1267,2.7847,0.00189,0.1057
21,180224,45056,119,100.2,8.25,,-0.0039,0.0825,2.8047,0.00156,0.0864
22,188416,47104,125,102.9,8.49,,-0.0047,0.0893,2.8085,0.00159,0.0874
23,196608,49152,129,105.7,8.59,,-0.006,0.0711,2.8121,0.00223,0.1373
24,204800,51200,134,108.5,8.88,,-0.0054,0.0727,2.8125,0.00163,0.088
25,212992,53248,138,111.2,8.98,,-0.0053,0.0669,2.803,0.00195,0.1029
26,221184,55296,147,114.0,9.34,,-0.0056,0.0761,2.7773,0.0023,0.1488
27,229376,57344,150,116.8,9.25,,-0.0039,0.0812,2.8052,0.00269,0.1726
28,237568,59392,156,119.6,9.39,,-0.0055,0.0818,2.7892,0.00175,0.0958
29,245760,61440,162,122.3,9.58,,-0.0049,0.1012,2.782,0.00213,0.1302
30,253952,63488,167,125.1,9.68,,-0.0066,0.0746,2.7919,0.00185,0.1066
31,262144,65536,172,127.9,9.78,,-0.008,0.0646,2.7705,0.00249,0.1586
32,270336,67584,177,130.6,10.0,,-0.0039,0.1034,2.7941,0.00244,0.162
33,278528,69632,180,133.4,10.19,,-0.0102,0.0588,2.8017,0.00298,0.1913
34,286720,71680,187,136.2,10.64,,-0.0019,0.0889,2.7865,0.00161,0.084
35,294912,73728,192,138.9,10.68,,-0.0041,0.0909,2.7789,0.0022,0.1293
36,303104,75776,195,141.7,10.83,,-0.0075,0.0561,2.7603,0.00211,0.13
37,311296,77824,205,144.5,10.88,,-0.005,0.0875,2.736,0.00241,0.1422
38,319488,79872,206,147.3,10.89,,-0.0071,0.0691,2.7798,0.0022,0.1409
39,327680,81920,208,150.0,10.94,,-0.007,0.0525,2.8011,0.00206,0.1232
40,335872,83968,218,152.8,11.23,,-0.0071,0.0571,2.7393,0.00236,0.1433
41,344064,86016,221,155.6,11.31,,-0.0086,0.0566,2.7324,0.00228,0.1357
42,352256,88064,225,158.4,11.48,,-0.0086,0.0436,2.7746,0.00216,0.1327
43,360448,90112,229,161.1,11.44,,-0.0087,0.0651,2.776,0.00237,0.145
44,368640,92160,235,163.9,11.38,,-0.0065,0.0858,2.7784,0.00235,0.1467
45,376832,94208,238,166.7,11.56,,-0.0084,0.0539,2.7791,0.00273,0.1617
46,385024,96256,241,169.4,11.63,,-0.0097,0.0533,2.7792,0.00372,0.1947
47,393216,98304,249,172.2,11.88,,-0.0079,0.0719,2.7574,0.00292,0.1853
48,401408,100352,254,175.0,12.18,,-0.0094,0.061,2.7831,0.0025,0.1544
49,409600,102400,257,177.7,12.34,,-0.0085,0.0559,2.7943,0.00276,0.1678
50,417792,104448,264,180.5,12.38,,-0.0105,0.0552,2.7736,0.0031,0.2017
51,425984,106496,268,183.3,12.41,,-0.011,0.0502,2.7701,0.00295,0.182
52,434176,108544,271,186.0,12.46,,-0.0107,0.0458,2.7805,0.00334,0.2118
53,442368,110592,280,188.8,12.49,,-0.0101,0.054,2.7503,0.00356,0.2147
54,450560,112640,283,191.6,12.48,,-0.0077,0.0543,2.7623,0.00252,0.157
55,458752,114688,286,194.3,12.3,,-0.0083,0.0501,2.7873,0.00297,0.1891
56,466944,116736,292,197.1,12.38,,-0.0094,0.0654,2.7645,0.00271,0.1731
57,475136,118784,299,199.9,12.62,,-0.0112,0.0443,2.7508,0.00318,0.2042
58,483328,120832,302,202.6,12.64,,-0.0096,0.058,2.769,0.00277,0.1735
59,491520,122880,308,205.4,12.7,,-0.012,0.0386,2.7502,0.00349,0.2292
60,499712,124928,312,208.2,12.72,,-0.0095,0.0514,2.7512,0.00274,0.1703
61,507904,126976,316,210.9,12.69,,-0.01,0.0404,2.754,0.00285,0.1775
62,516096,129024,322,213.7,12.55,,-0.0085,0.0663,2.7628,0.0028,0.1731
63,524288,131072,328,216.5,12.5,,-0.0127,0.0489,2.7433,0.00319,0.1985
64,532480,133120,332,219.3,12.5,,-0.0107,0.0461,2.7336,0.00354,0.2148
65,540672,135168,338,222.1,12.42,,-0.0102,0.0579,2.7505,0.00303,0.192
66,548864,137216,344,224.8,12.26,,-0.0116,0.0643,2.7339,0.00362,0.2217
67,557056,139264,348,227.6,12.1,,-0.009,0.0619,2.7264,0.00307,0.184
68,565248,141312,355,230.4,11.98,,-0.0097,0.0736,2.7094,0.00312,0.2083
69,573440,143360,360,233.1,12.05,,-0.0133,0.0517,2.6981,0.00324,0.2089
70,581632,145408,363,235.9,11.99,,-0.0102,0.0656,2.7206,0.00395,0.231
71,589824,147456,371,238.7,11.98,,-0.0126,0.0549,2.7177,0.00309,0.1953
72,598016,149504,376,241.5,11.99,,-0.0115,0.0643,2.7253,0.00349,0.2145
73,606208,151552,381,244.2,11.96,,-0.0118,0.0528,2.7127,0.00306,0.1902
74,614400,153600,385,247.0,12.17,,-0.012,0.0594,2.7065,0.00316,0.2045
75,622592,155648,389,249.7,12.22,,-0.0112,0.0555,2.7122,0.00343,0.2263
76,630784,157696,395,252.5,12.21,,-0.0123,0.0573,2.721,0.00406,0.2354
77,638976,159744,400,255.3,12.14,,-0.011,0.0501,2.7279,0.00319,0.1903
78,647168,161792,406,258.1,12.08,,-0.0113,0.0722,2.7101,0.00354,0.2074
79,655360,163840,411,260.8,12.12,,-0.0097,0.0631,2.7072,0.00306,0.1783
80,663552,165888,415,263.6,12.14,,-0.0107,0.0552,2.7161,0.00329,0.1946
81,671744,167936,421,266.4,12.23,,-0.0117,0.0606,2.7153,0.00337,0.1968
82,679936,169984,426,269.2,12.31,,-0.0125,0.0605,2.6941,0.00371,0.2108
83,688128,172032,430,271.9,12.35,,-0.0112,0.0583,2.7263,0.00369,0.2158
84,696320,174080,433,274.7,12.5,,-0.0114,0.0442,2.7344,0.00325,0.1975
85,704512,176128,443,277.5,12.72,,-0.0121,0.0586,2.6946,0.00436,0.2633
86,712704,178176,445,280.2,12.81,,-0.012,0.054,2.7265,0.00374,0.2117
87,720896,180224,451,283.0,12.97,,-0.0086,0.061,2.7095,0.00366,0.2329
88,729088,182272,457,285.8,12.91,,-0.0131,0.0892,2.6598,0.00406,0.2321
89,737280,184320,460,288.6,12.95,,-0.0131,0.061,2.6804,0.00366,0.2023
90,745472,186368,467,291.4,13.02,,-0.0133,0.0447,2.6832,0.00395,0.2313
91,753664,188416,470,294.1,13.1,,-0.0138,0.0448,2.6749,0.00425,0.2383
92,761856,190464,475,296.9,13.27,,-0.0135,0.0414,2.6975,0.00414,0.2317
93,770048,192512,480,299.6,13.36,,-0.014,0.0501,2.6844,0.00481,0.27
94,778240,194560,487,302.4,13.44,,-0.0149,0.0597,2.6649,0.00351,0.2069
95,786432,196608,491,305.2,13.45,,-0.0157,0.0634,2.6544,0.00501,0.2677
96,794624,198656,494,308.0,13.41,,-0.0146,0.0534,2.7131,0.0044,0.2711
97,802816,200704,500,310.7,13.31,,-0.0146,0.0518,2.6524,0.00447,0.2574
98,811008,202752,506,313.5,13.54,,-0.0134,0.0416,2.6432,0.00434,0.241
99,819200,204800,509,316.3,13.59,,-0.0132,0.0649,2.6476,0.00497,0.2754
100,827392,206848,514,384.7,13.66,275.0,-0.0156,0.0488,2.6675,0.00449,0.257
101,835584,208896,519,387.4,13.61,,-0.0153,0.0673,2.6466,0.00482,0.2732
102,843776,210944,524,390.2,13.86,,-0.0152,0.0422,2.6359,0.00533,0.2974
103,851968,212992,530,393.0,13.84,,-0.0146,0.0428,2.6416,0.00418,0.2281
104,860160,215040,534,395.7,13.8,,-0.0171,0.0614,2.6108,0.00499,0.2605
105,868352,217088,538,398.5,13.68,,-0.0134,0.0637,2.6274,0.00414,0.2384
106,876544,219136,543,401.3,13.62,,-0.0163,0.0525,2.5925,0.00572,0.3116
107,884736,221184,547,404.0,13.58,,-0.0171,0.039,2.6108,0.00524,0.3031
108,892928,223232,551,406.8,13.7,,-0.0139,0.0394,2.6313,0.00565,0.3051
109,901120,225280,556,409.6,13.97,,-0.0134,0.0412,2.5914,0.0043,0.2506
110,909312,227328,561,412.4,13.94,,-0.0127,0.0384,2.591,0.00551,0.3002
111,917504,229376,564,415.1,14.05,,-0.0116,0.0478,2.6059,0.00486,0.2809
112,925696,231424,571,417.9,14.15,,-0.0174,0.0381,2.5894,0.0048,0.2952
113,933888,233472,576,420.7,14.14,,-0.014,0.0504,2.5938,0.00578,0.299
114,942080,235520,579,423.4,14.14,,-0.0114,0.0745,2.6394,0.00487,0.2698
115,950272,237568,582,426.2,14.11,,-0.014,0.0399,2.6423,0.00439,0.2893
116,958464,239616,591,429.0,14.14,,-0.0151,0.0468,2.6117,0.00511,0.2865
117,966656,241664,594,431.7,14.32,,-0.0127,0.0637,2.606,0.00516,0.2976
118,974848,243712,598,434.5,14.45,,-0.0151,0.0578,2.6081,0.00456,0.2466
119,983040,245760,606,437.3,14.3,,-0.0143,0.0638,2.5607,0.00559,0.2972
120,991232,247808,611,440.1,14.26,,-0.0136,0.0778,2.508,0.00438,0.2657
121,999424,249856,614,442.8,14.36,,-0.0164,0.0407,2.5714,0.00557,0.2871
122,1007616,251904,620,445.6,14.46,,-0.0139,0.0715,2.5876,0.00495,0.2823
123,1015808,253952,626,448.4,14.46,,-0.0156,0.0731,2.4849,0.00577,0.312
124,1024000,256000,630,451.1,14.52,,-0.0126,0.0574,2.5469,0.0052,0.2802
125,1032192,258048,633,453.9,14.55,,-0.0133,0.0605,2.5663,0.00538,0.3003
126,1040384,260096,641,456.7,14.74,,-0.0129,0.0613,2.5599,0.00636,0.3091
127,1048576,262144,643,459.4,14.71,,-0.0126,0.048,2.5719,0.00498,0.2533
128,1056768,264192,650,462.2,14.58,,-0.0165,0.0499,2.5752,0.00574,0.2855
129,1064960,266240,654,465.0,14.54,,-0.0164,0.0511,2.5426,0.00547,0.3036
130,1073152,268288,659,467.8,14.54,,-0.014,0.0572,2.5693,0.00544,0.2314
131,1081344,270336,665,470.5,14.55,,-0.0171,0.0326,2.5431,0.00667,0.3057
132,1089536,272384,667,473.3,14.49,,-0.0155,0.0427,2.54,0.00561,0.2947
133,1097728,274432,674,476.1,14.5,,-0.0173,0.0482,2.531,0.00577,0.2838
134,1105920,276480,678,478.8,14.48,,-0.0142,0.0508,2.5266,0.00484,0.2607
135,1114112,278528,680,481.6,14.48,,-0.0135,0.0524,2.5264,0.00561,0.3097
136,1122304,280576,685,484.4,14.62,,-0.015,0.0648,2.5161,0.0072,0.3108
137,1130496,282624,693,487.2,14.69,,-0.0162,0.0516,2.5416,0.00476,0.2704
138,1138688,284672,695,489.9,14.57,,-0.0159,0.0436,2.5479,0.00536,0.2988
139,1146880,286720,701,492.7,14.53,,-0.0143,0.0643,2.5021,0.00427,0.2266
140,1155072,288768,705,495.5,14.78,,-0.0151,0.0382,2.5479,0.00474,0.2738
141,1163264,290816,708,498.2,14.84,,-0.015,0.0443,2.5222,0.00557,0.3229
142,1171456,292864,715,501.0,14.83,,-0.0144,0.0405,2.5009,0.00611,0.2842
143,1179648,294912,718,503.7,15.03,,-0.0138,0.0569,2.4929,0.00464,0.2611
144,1187840,296960,722,506.5,14.95,,-0.0158,0.0414,2.484,0.00617,0.3428
145,1196032,299008,726,509.2,14.93,,-0.0131,0.0438,2.5254,0.00448,0.2588
146,1204224,301056,732,512.0,14.94,,-0.016,0.0481,2.4842,0.00642,0.3191
147,1212416,303104,736,514.8,15.06,,-0.0181,0.0382,2.4734,0.00589,0.2972
148,1220608,305152,740,517.5,15.02,,-0.0175,0.0427,2.4979,0.00616,0.3143
149,1228800,307200,746,520.3,15.17,,-0.0155,0.0427,2.4603,0.00652,0.3229
150,1236992,309248,752,523.1,15.3,,-0.0132,0.0467,2.5171,0.00547,0.2903
151,1245184,311296,754,525.8,15.27,,-0.0162,0.0486,2.4377,0.00519,0.291
152,1253376,313344,761,528.6,15.36,,-0.0167,0.043,2.4193,0.00645,0.2955
153,1261568,315392,764,531.4,15.39,,-0.0166,0.0623,2.3732,0.00622,0.3186
154,1269760,317440,769,534.1,15.49,,-0.0142,0.04,2.3491,0.00579,0.2999
155,1277952,319488,775,536.9,15.64,,-0.0171,0.038,2.3947,0.00687,0.3143
156,1286144,321536,779,539.7,15.75,,-0.0175,0.0475,2.437,0.0064,0.318
157,1294336,323584,784,542.5,15.88,,-0.0156,0.0359,2.4036,0.00649,0.3057
158,1302528,325632,790,545.3,15.8,,-0.0165,0.0496,2.4701,0.00622,0.2968
159,1310720,327680,794,548.0,15.79,,-0.0159,0.0347,2.3416,0.0073,0.3473
160,1318912,329728,797,550.8,15.96,,-0.0148,0.0406,2.4231,0.00509,0.2798
161,1327104,331776,804,553.6,16.01,,-0.0157,0.0512,2.3886,0.0075,0.3308
162,1335296,333824,809,556.3,16.01,,-0.0162,0.0449,2.3845,0.00615,0.327
163,1343488,335872,810,559.1,16.03,,-0.0148,0.0483,2.3779,0.00648,0.3492
164,1351680,337920,815,561.8,16.12,,-0.0144,0.0345,2.3822,0.00658,0.3313
165,1359872,339968,825,564.6,16.14,,-0.0139,0.0463,2.3418,0.00714,0.3345
166,1368064,342016,825,567.3,16.14,,-0.0155,0.0512,2.4597,0.00429,0.244
167,1376256,344064,828,570.1,16.12,,-0.0154,0.0357,2.4257,0.0062,0.304
168,1384448,346112,836,572.9,16.2,,-0.0116,0.0477,2.4157,0.00641,0.3297
169,1392640,348160,840,575.6,16.33,,-0.0137,0.0683,2.3842,0.00625,0.2998
170,1400832,350208,843,578.4,16.39,,-0.0138,0.0524,2.39,0.0061,0.2997
171,1409024,352256,852,581.2,16.35,,-0.0148,0.0485,2.4343,0.00651,0.3096
172,1417216,354304,854,583.9,16.46,,-0.0114,0.0449,2.3677,0.00654,0.3339
173,1425408,356352,858,586.7,16.47,,-0.016,0.0323,2.4133,0.00532,0.2639
174,1433600,358400,864,589.5,16.42,,-0.013,0.0594,2.4239,0.00537,0.2766
175,1441792,360448,867,592.3,16.31,,-0.0163,0.0484,2.4544,0.006,0.3121
176,1449984,362496,872,595.0,16.35,,-0.0159,0.0306,2.4734,0.006,0.311
177,1458176,364544,879,597.8,16.31,,-0.0153,0.056,2.3883,0.00701,0.3092
178,1466368,366592,881,600.5,16.29,,-0.0178,0.0375,2.4562,0.0062,0.3188
179,1474560,368640,887,603.3,16.25,,-0.0166,0.0535,2.4345,0.00679,0.3359
180,1482752,370688,893,606.1,16.38,,-0.0181,0.0435,2.378,0.00647,0.3303
181,1490944,372736,896,608.9,16.32,,-0.0157,0.0313,2.4452,0.00624,0.3334
182,1499136,374784,902,611.6,16.26,,-0.0149,0.0454,2.4461,0.00675,0.3344
183,1507328,376832,907,614.4,16.25,,-0.0187,0.0489,2.3746,0.0075,0.3619
184,1515520,378880,911,617.2,16.25,,-0.0156,0.0416,2.4102,0.00669,0.3307
185,1523712,380928,915,619.9,16.28,,-0.0157,0.0505,2.5282,0.0067,0.3547
186,1531904,382976,919,622.7,16.24,,-0.0177,0.0327,2.4796,0.00832,0.3752
187,1540096,385024,927,625.5,16.19,,-0.0169,0.0392,2.4553,0.00741,0.3318
188,1548288,387072,928,628.2,16.19,,-0.0182,0.0445,2.4717,0.00529,0.2877
189,1556480,389120,933,631.0,16.18,,-0.0139,0.0299,2.4593,0.00685,0.3414
190,1564672,391168,938,633.8,16.1,,-0.0183,0.0348,2.4449,0.00804,0.3409
191,1572864,393216,943,636.6,16.19,,-0.0173,0.0517,2.4038,0.0066,0.3071
192,1581056,395264,945,639.3,16.23,,-0.0192,0.0467,2.4327,0.00813,0.335
193,1589248,397312,950,642.1,16.28,,-0.0169,0.0502,2.4608,0.00674,0.3285
194,1597440,399360,955,644.8,16.36,,-0.0172,0.0321,2.4056,0.00968,0.3807
195,1605632,401408,959,647.6,16.47,,-0.0163,0.0395,2.3848,0.00738,0.3206
196,1613824,403456,963,650.3,16.62,,-0.0184,0.0553,2.3842,0.00781,0.3696
197,1622016,405504,967,653.1,16.65,,-0.0189,0.0588,2.4115,0.00833,0.366
198,1630208,407552,973,655.9,16.73,,-0.0136,0.0777,2.4809,0.00651,0.3422
199,1638400,409600,977,658.7,16.72,,-0.017,0.0678,2.3709,0.00681,0.3208
200,1646592,411648,981,718.6,16.68,502.25,-0.0188,0.0583,2.3585,0.00743,0.307
201,1654784,413696,984,721.3,16.78,,-0.0195,0.0529,2.4125,0.01073,0.3722
202,1662976,415744,990,724.1,16.87,,-0.0184,0.0541,2.439,0.00743,0.3423
203,1671168,417792,994,726.9,16.91,,-0.0195,0.0428,2.4306,0.0068,0.3148
204,1679360,419840,1000,729.7,17.05,,-0.0192,0.0511,2.4234,0.00872,0.3701
205,1687552,421888,1003,732.4,17.18,,-0.0203,0.0383,2.4412,0.00765,0.3226
206,1695744,423936,1005,735.2,17.17,,-0.0196,0.0524,2.5026,0.00746,0.3484
207,1703936,425984,1011,738.0,17.29,,-0.0205,0.0486,2.3815,0.00835,0.361
208,1712128,428032,1016,740.8,17.25,,-0.0175,0.0451,2.3774,0.00636,0.3038
209,1720320,430080,1020,743.5,17.27,,-0.0184,0.0502,2.3757,0.00903,0.3685
210,1728512,432128,1024,746.3,17.42,,-0.0185,0.0391,2.4046,0.00726,0.3164
211,1736704,434176,1027,749.0,17.5,,-0.0171,0.0458,2.4309,0.00899,0.365
212,1744896,436224,1030,751.8,17.61,,-0.0202,0.0349,2.4185,0.00821,0.3302
213,1753088,438272,1038,754.6,17.82,,-0.0168,0.0554,2.3428,0.0084,0.3314
214,1761280,440320,1040,757.4,17.8,,-0.0201,0.0363,2.4239,0.00768,0.345
215,1769472,442368,1044,760.1,17.79,,-0.0183,0.0428,2.4273,0.00621,0.2988
216,1777664,444416,1048,762.9,17.73,,-0.0182,0.0471,2.426,0.00819,0.3511
217,1785856,446464,1052,765.7,17.85,,-0.017,0.0409,2.3424,0.0087,0.355
218,1794048,448512,1057,768.4,17.84,,-0.0201,0.0501,2.3925,0.00715,0.3328
219,1802240,450560,1058,771.2,17.83,,-0.0177,0.0469,2.4183,0.00859,0.36
220,1810432,452608,1063,774.0,17.88,,-0.0172,0.0405,2.3843,0.00677,0.3152
221,1818624,454656,1066,776.7,17.95,,-0.0188,0.0451,2.4123,0.00755,0.3448
222,1826816,456704,1074,779.5,18.04,,-0.0152,0.0713,2.4685,0.00757,0.3505
223,1835008,458752,1076,782.3,18.09,,-0.0211,0.0507,2.4241,0.00861,0.3738
224,1843200,460800,1080,785.0,18.04,,-0.0134,0.0452,2.429,0.00918,0.3585
225,1851392,462848,1083,787.8,17.98,,-0.0189,0.0573,2.3826,0.00772,0.3206
226,1859584,464896,1085,790.5,17.83,,-0.0162,0.0596,2.4172,0.00742,0.3395
227,1867776,466944,1091,793.3,17.94,,-0.0114,0.074,2.423,0.00877,0.3579
228,1875968,468992,1095,796.1,18.09,,-0.0144,0.0888,2.4303,0.00781,0.3403
229,1884160,471040,1097,798.8,18.1,,-0.0183,0.0655,2.4347,0.00745,0.3486
230,1892352,473088,1104,801.6,18.04,,-0.0233,0.0487,2.438,0.00758,0.3365
231,1900544,475136,1108,804.4,18.12,,-0.0165,0.0964,2.3904,0.00718,0.328
232,1908736,477184,1110,807.1,18.12,,-0.0187,0.0579,2.4185,0.00691,0.3369
233,1916928,479232,1112,809.9,18.19,,-0.0201,0.0553,2.4706,0.00802,0.3578
234,1925120,481280,1115,812.7,18.18,,-0.0209,0.041,2.4476,0.00894,0.3907
235,1933312,483328,1120,815.4,18.39,,-0.0178,0.0337,2.3819,0.00832,0.3807
236,1941504,485376,1126,818.2,18.42,,-0.0215,0.0539,2.3349,0.01015,0.3531
237,1949696,487424,1127,821.0,18.44,,-0.0216,0.0559,2.381,0.00841,0.3643
238,1957888,489472,1131,823.8,18.39,,-0.0208,0.0362,2.4678,0.00838,0.3506
239,1966080,491520,1135,826.5,18.4,,-0.024,0.0501,2.3501,0.00932,0.3684
240,1974272,493568,1138,829.3,18.5,,-0.0187,0.0414,2.4427,0.00831,0.3583
241,1982464,495616,1143,832.0,18.54,,-0.0205,0.0448,2.3991,0.00712,0.3279
242,1990656,497664,1148,834.8,18.68,,-0.0198,0.0384,2.4114,0.00829,0.3553
243,1998848,499712,1151,837.6,18.7,,-0.0215,0.0503,2.3664,0.00851,0.3462
244,2007040,501760,1155,840.3,18.66,,-0.0128,0.1001,2.3699,0.00892,0.3746
245,2015232,503808,1160,843.1,18.67,,-0.0055,0.412,2.424,0.00845,0.3309
246,2023424,505856,1162,845.9,18.62,,-0.0158,0.087,2.4278,0.00581,0.2931
247,2031616,507904,1165,848.6,19.1,,-0.0139,0.0596,2.4373,0.00728,0.3551
248,2039808,509952,1168,851.4,19.09,,-0.0199,0.0397,2.449,0.0081,0.3549
249,2048000,512000,1173,854.2,19.18,,-0.0182,0.0424,2.3559,0.00925,0.3344
250,2056192,514048,1177,856.9,19.28,,-0.018,0.046,2.3583,0.00894,0.3749
251,2064384,516096,1179,859.7,19.34,,-0.0194,0.0529,2.3387,0.00983,0.3516
252,2072576,518144,1183,862.5,19.35,,-0.0172,0.0561,2.3452,0.00873,0.3475
253,2080768,520192,1185,865.2,19.53,,-0.0184,0.0476,2.3378,0.0069,0.3199
254,2088960,522240,1189,868.0,19.59,,0.005,0.7259,2.3855,0.02082,0.5264
255,2097152,524288,1194,870.7,19.94,,-0.0051,0.1416,2.3087,0.01004,0.3798
256,2105344,526336,1196,873.5,19.95,,-0.0145,0.0628,2.4158,0.00696,0.2886
257,2113536,528384,1202,876.3,20.11,,-0.018,0.0552,2.3979,0.00855,0.348
258,2121728,530432,1205,879.0,20.19,,-0.015,0.0461,2.2931,0.01015,0.3625
259,2129920,532480,1208,881.8,20.2,,-0.0198,0.0416,2.4131,0.00902,0.3379
260,2138112,534528,1212,884.5,20.19,,-0.0189,0.0463,2.2204,0.00998,0.3586
261,2146304,536576,1215,887.3,20.25,,0.0037,0.7521,2.3597,0.01361,0.4169
262,2154496,538624,1220,890.1,20.65,,-0.0107,0.1135,2.3755,0.01183,0.3788
263,2162688,540672,1223,892.9,20.72,,-0.0197,0.068,2.4284,0.01106,0.37
264,2170880,542720,1226,895.6,20.67,,-0.0185,0.0697,2.4994,0.01066,0.396
265,2179072,544768,1232,898.4,20.81,,-0.0187,0.036,2.3768,0.00948,0.3579
266,2187264,546816,1234,901.1,20.86,,0.0101,0.7273,2.2344,0.02634,0.5354
267,2195456,548864,1238,903.9,20.73,,-0.0148,0.0845,2.4583,0.0089,0.3652
268,2203648,550912,1243,906.7,21.17,,0.0017,0.4846,2.3468,0.01646,0.4387
269,2211840,552960,1247,909.4,21.16,,-0.0174,0.1372,2.2611,0.01024,0.3375
270,2220032,555008,1252,912.2,21.56,,-0.0152,0.1124,2.3785,0.00839,0.328
271,2228224,557056,1253,914.9,21.62,,-0.0235,0.063,2.3444,0.01213,0.4103
272,2236416,559104,1257,917.7,21.71,,-0.0173,0.0619,2.4097,0.00873,0.3423
273,2244608,561152,1263,920.5,21.75,,-0.0175,0.0585,2.252,0.01008,0.3387
274,2252800,563200,1265,923.3,21.34,,-0.0203,0.0742,2.3647,0.00796,0.3323
275,2260992,565248,1268,926.0,21.29,,-0.0231,0.0612,2.4922,0.00791,0.3296
276,2269184,567296,1272,928.8,21.37,,-0.0237,0.0572,2.3647,0.00894,0.3466
277,2277376,569344,1275,931.6,21.34,,-0.0217,0.0581,2.343,0.00832,0.3235
278,2285568,571392,1276,934.3,21.4,,-0.0235,0.0432,2.3979,0.00968,0.344
279,2293760,573440,1281,937.0,21.56,,0.0098,0.6215,2.2201,0.02092,0.4615
280,2301952,575488,1286,939.8,22.06,,-0.0157,0.1174,2.216,0.01078,0.3383
281,2310144,577536,1287,942.6,22.1,,-0.0199,0.0606,2.319,0.00929,0.3351
282,2318336,579584,1293,945.4,21.6,,-0.0186,0.0598,2.2889,0.01011,0.3495
283,2326528,581632,1295,948.1,21.65,,-0.0209,0.0535,2.2646,0.00943,0.3132
284,2334720,583680,1299,950.9,21.63,,0.0108,0.6516,2.1872,0.02844,0.5184
285,2342912,585728,1301,953.6,21.73,,-0.0185,0.0699,2.3282,0.0109,0.3687
286,2351104,587776,1304,956.4,22.22,,-0.0161,0.0552,2.341,0.00997,0.3628
287,2359296,589824,1310,959.2,22.16,,-0.0131,0.0687,2.2136,0.01122,0.3784
288,2367488,591872,1314,962.0,22.3,,-0.0147,0.0578,2.0496,0.00699,0.3074
289,2375680,593920,1316,964.7,21.92,,-0.0002,0.8388,2.3269,0.01569,0.437
290,2383872,595968,1317,967.5,22.25,,-0.0145,0.0949,2.3548,0.00683,0.3197
291,2392064,598016,1322,970.2,22.27,,-0.0052,0.3612,2.4739,0.01341,0.4465
292,2400256,600064,1328,973.0,22.83,,-0.0103,0.2432,2.1875,0.01063,0.3658
293,2408448,602112,1330,975.8,22.75,,-0.015,0.1013,2.1171,0.01072,0.3605
294,2416640,604160,1331,978.5,22.81,,0.0063,0.8154,2.3413,0.02233,0.4969
295,2424832,606208,1335,981.3,23.22,,-0.0162,0.065,2.4172,0.00934,0.3586
296,2433024,608256,1341,984.1,23.33,,-0.0139,0.0795,2.1736,0.00999,0.3728
297,2441216,610304,1344,986.9,22.96,,-0.0164,0.0653,2.0099,0.0091,0.3176
298,2449408,612352,1346,989.6,23.04,,-0.0172,0.0501,2.1716,0.0109,0.3441
299,2457600,614400,1349,992.4,23.06,,-0.0211,0.0431,2.3547,0.01005,0.3767
300,2465792,616448,1352,1078.0,22.69,825.0,-0.0188,0.0463,2.1852,0.00808,0.3097
301,2473984,618496,1357,1080.7,22.78,,0.004,0.6575,2.3029,0.01423,0.4178
302,2482176,620544,1361,1083.5,23.07,,0.0074,0.5832,2.1762,0.01882,0.4752
303,2490368,622592,1363,1086.3,23.12,,-0.0102,0.1872,2.3049,0.0086,0.3308
304,2498560,624640,1366,1089.1,23.8,,0.0078,1.5634,2.3064,0.02144,0.4797
305,2506752,626688,1372,1091.8,23.79,,-0.0034,0.1633,2.0501,0.01411,0.411
306,2514944,628736,1375,1094.6,24.26,,-0.0142,0.073,1.9034,0.01566,0.3994
307,2523136,630784,1376,1097.3,24.26,,-0.0089,0.0772,2.1008,0.01284,0.4075
308,2531328,632832,1380,1100.1,24.28,,0.0019,0.3731,2.2434,0.01814,0.4554
309,2539520,634880,1383,1102.9,24.26,,0.0051,0.3815,2.095,0.02288,0.4999
310,2547712,636928,1387,1105.6,24.27,,-0.0059,0.2215,2.1794,0.01482,0.4226
311,2555904,638976,1392,1108.4,24.7,,-0.0067,0.1253,1.9866,0.00993,0.3628
312,2564096,641024,1394,1111.2,24.75,,-0.0011,0.4694,1.9844,0.01511,0.3997
313,2572288,643072,1396,1113.9,24.76,,0.0048,0.5003,2.2118,0.02589,0.5046
314,2580480,645120,1400,1116.7,25.43,,0.0025,0.321,2.2394,0.01187,0.4121
315,2588672,647168,1405,1119.5,25.0,,-0.0106,0.1194,2.0814,0.00987,0.3684
316,2596864,649216,1408,1122.3,24.97,,0.0063,0.5697,2.2012,0.02009,0.4801
317,2605056,651264,1410,1125.0,25.0,,0.0059,0.538,2.2931,0.02206,0.4965
318,2613248,653312,1413,1127.8,25.03,,-0.0089,0.1622,2.3124,0.01045,0.3934
319,2621440,655360,1419,1130.6,25.45,,-0.0122,0.1387,2.0577,0.01084,0.3754
320,2629632,657408,1423,1133.4,25.37,,-0.0029,0.1745,2.0248,0.01057,0.3766
321,2637824,659456,1423,1136.1,25.37,,-0.0132,0.0976,2.3401,0.00942,0.3821
322,2646016,661504,1429,1138.9,24.9,,-0.0136,0.0915,2.4053,0.00909,0.3131
323,2654208,663552,1435,1141.7,24.5,,-0.014,0.0613,1.9607,0.01077,0.3813
324,2662400,665600,1437,1144.4,24.51,,-0.0177,0.0455,2.0743,0.01047,0.3577
325,2670592,667648,1439,1147.2,24.49,,0.0234,1.4007,2.3239,0.03046,0.5713
326,2678784,669696,1442,1149.9,24.47,,-0.0106,0.1228,2.2556,0.01169,0.4056
327,2686976,671744,1446,1152.7,24.85,,-0.0112,0.0691,2.1976,0.01021,0.3549
328,2695168,673792,1453,1155.5,25.32,,-0.0035,0.3383,2.0721,0.01295,0.3937
329,2703360,675840,1453,1158.2,25.32,,-0.0151,0.0848,2.1867,0.01001,0.327
330,2711552,677888,1457,1161.0,25.3,,-0.0195,0.0507,2.3393,0.01179,0.4011
331,2719744,679936,1459,1163.8,25.75,,0.0093,0.5089,2.1889,0.02383,0.5127
332,2727936,681984,1463,1166.5,25.3,,0.0044,0.3572,2.2757,0.01715,0.422
333,2736128,684032,1466,1169.3,25.07,,-0.0142,0.0489,2.1532,0.01038,0.3665
334,2744320,686080,1469,1172.1,25.09,,-0.0059,0.0858,2.3925,0.00781,0.353
335,2752512,688128,1472,1174.8,25.49,,-0.0128,0.0479,2.2433,0.00683,0.2797
336,2760704,690176,1474,1177.6,25.51,,-0.0124,0.036,2.1466,0.01095,0.3584
337,2768896,692224,1477,1180.3,25.09,,-0.0168,0.0367,2.3069,0.00983,0.345
338,2777088,694272,1480,1183.1,25.09,,0.0114,0.3537,2.1841,0.02218,0.4645
339,2785280,696320,1486,1185.9,24.69,,-0.0099,0.0495,2.2689,0.00962,0.3409
340,2793472,698368,1487,1188.6,24.69,,-0.0121,0.0784,2.2618,0.00766,0.3176
341,2801664,700416,1493,1191.4,24.54,,-0.0166,0.0862,2.3491,0.00888,0.3306
342,2809856,702464,1496,1194.2,24.48,,-0.0045,0.1407,2.1854,0.00942,0.3308
343,2818048,704512,1501,1197.0,23.81,,-0.0086,0.1429,2.3087,0.00665,0.3223
344,2826240,706560,1504,1199.7,23.6,,-0.0109,0.175,2.2317,0.00835,0.3274
345,2834432,708608,1506,1202.5,23.59,,-0.0154,0.0751,2.3546,0.00871,0.3295
346,2842624,710656,1509,1205.3,23.6,,0.005,0.4979,2.4089,0.0166,0.4458
347,2850816,712704,1513,1208.0,23.71,,-0.0105,0.1288,2.2535,0.00807,0.3203
348,2859008,714752,1518,1210.8,22.87,,-0.0122,0.0816,2.1855,0.00938,0.3511
349,2867200,716800,1522,1213.5,22.8,,-0.0164,0.1043,2.1308,0.00937,0.34
350,2875392,718848,1524,1216.3,22.86,,-0.0142,0.04,2.2649,0.00804,0.3191
351,2883584,720896,1529,1219.1,22.91,,-0.0134,0.0384,2.3902,0.01144,0.3728
352,2891776,722944,1531,1221.8,22.98,,-0.0143,0.0784,2.308,0.00731,0.2625
353,2899968,724992,1534,1224.6,22.97,,0.0168,0.4824,2.295,0.03377,0.5256
354,2908160,727040,1540,1227.4,22.73,,-0.0087,0.0943,2.2973,0.00852,0.3373
355,2916352,729088,1543,1230.1,23.1,,-0.0163,0.0458,2.0008,0.00914,0.2827
356,2924544,731136,1545,1232.9,22.7,,-0.0146,0.0391,2.2337,0.00939,0.3037
357,2932736,733184,1549,1235.7,22.71,,-0.019,0.0318,2.3112,0.01115,0.334
358,2940928,735232,1552,1238.4,22.31,,-0.0194,0.0279,2.335,0.00894,0.3068
359,2949120,737280,1557,1241.2,22.22,,-0.012,0.098,2.1702,0.00888,0.3312
360,2957312,739328,1560,1244.0,21.89,,0.0155,0.9125,2.11,0.01898,0.4448
361,2965504,741376,1562,1246.7,21.91,,0.017,0.8556,2.2077,0.02841,0.4924
362,2973696,743424,1564,1249.5,21.86,,0.005,0.9371,2.4438,0.01666,0.4301
363,2981888,745472,1570,1252.2,22.66,,0.0127,0.869,2.3475,0.02014,0.4602
364,2990080,747520,1572,1255.0,23.5,,0.0043,0.7203,2.195,0.01793,0.4386
365,2998272,749568,1576,1257.8,24.68,,-0.0132,0.0978,2.138,0.01369,0.3856
366,3006464,751616,1578,1260.5,25.47,,0.0063,0.346,2.1484,0.01867,0.4769
367,3014656,753664,1583,1263.3,25.5,,0.0107,0.6314,2.3189,0.01817,0.469
368,3022848,755712,1585,1266.0,25.5,,-0.0173,0.1328,2.2685,0.01098,0.391
369,3031040,757760,1588,1268.8,25.88,,-0.0004,0.3616,2.3241,0.01103,0.3804
370,3039232,759808,1593,1271.6,25.59,,0.0031,0.4454,2.3002,0.01218,0.403
371,3047424,761856,1600,1274.4,26.35,,-0.0003,0.3546,2.3566,0.00991,0.3906
372,3055616,763904,1600,1277.1,26.35,,0.0081,0.8992,2.2745,0.02082,0.4579
373,3063808,765952,1604,1279.8,26.44,,0.0017,0.5899,2.4249,0.01835,0.4576
374,3072000,768000,1609,1282.6,26.68,,0.0057,0.7259,2.2936,0.024,0.5109
375,3080192,770048,1614,1285.4,27.42,,-0.0172,0.1486,2.064,0.01084,0.3828
376,3088384,772096,1617,1288.2,28.15,,0.0008,0.3418,2.0987,0.01594,0.4395
377,3096576,774144,1619,1290.9,28.11,,-0.0064,0.4157,2.2899,0.00846,0.3628
378,3104768,776192,1622,1293.7,28.29,,0.0027,1.1567,2.2788,0.01233,0.4003
379,3112960,778240,1626,1296.5,29.0,,0.0014,1.0039,2.3618,0.0134,0.4219
380,3121152,780288,1631,1299.2,30.24,,0.0051,0.6659,2.1801,0.01747,0.4491
381,3129344,782336,1633,1302.0,30.58,,-0.0003,0.6297,2.1331,0.00903,0.3495
382,3137536,784384,1637,1304.8,30.87,,0.0012,0.8405,2.2427,0.00934,0.3552
383,3145728,786432,1639,1307.5,30.85,,-0.001,0.7458,2.344,0.00849,0.3528
384,3153920,788480,1644,1310.3,31.45,,0.0086,0.5864,2.3238,0.01275,0.3723
385,3162112,790528,1646,1313.0,31.84,,0.0091,0.6725,2.3537,0.01369,0.421
386,3170304,792576,1649,1315.8,32.53,,-0.0109,0.1843,2.4491,0.00983,0.4116
387,3178496,794624,1657,1318.6,33.32,,-0.0098,0.1829,2.2682,0.00927,0.3568
388,3186688,796672,1661,1321.3,33.29,,-0.018,0.1616,2.0821,0.01049,0.3824
389,3194880,798720,1662,1324.1,33.29,,0.0014,0.3608,2.1652,0.01486,0.4288
390,3203072,800768,1665,1326.8,32.81,,0.0024,0.5763,2.3068,0.01321,0.4121
391,3211264,802816,1668,1329.6,31.98,,0.0076,0.8792,2.2257,0.02139,0.4561
392,3219456,804864,1674,1332.4,31.1,,-0.0024,0.3212,2.2756,0.01307,0.425
393,3227648,806912,1677,1335.1,30.28,,0.0033,0.3321,2.0803,0.01591,0.4249
394,3235840,808960,1678,1337.9,29.87,,-0.0051,0.2002,2.2014,0.01036,0.3903
395,3244032,811008,1682,1340.6,30.25,,0.0026,1.4024,2.1817,0.0135,0.4183
396,3252224,813056,1685,1343.4,30.19,,0.0009,0.4145,2.1904,0.01725,0.4495
397,3260416,815104,1690,1346.2,30.62,,0.0016,0.4615,2.1908,0.01392,0.3956
398,3268608,817152,1693,1348.9,31.4,,0.0186,1.232,2.0556,0.02616,0.4875
399,3276800,819200,1696,1351.7,31.79,,0.002,0.6871,2.1592,0.01129,0.3853
400,3284992,821248,1698,1452.8,31.48,2509.5,0.013,0.8552,2.162,0.01207,0.3904
401,3293184,823296,1702,1455.5,32.82,,0.002,1.568,2.1211,0.01102,0.3583
402,3301376,825344,1705,1458.3,33.79,,-0.0031,0.4573,2.3552,0.0069,0.311
403,3309568,827392,1709,1461.0,34.28,,-0.003,0.5886,2.3777,0.00974,0.3732
404,3317760,829440,1714,1463.8,35.05,,-0.0079,0.6143,2.2317,0.00892,0.3323
405,3325952,831488,1716,1466.6,34.75,,-0.0023,0.5577,2.1882,0.01315,0.3978
406,3334144,833536,1720,1469.4,35.14,,0.0069,1.479,2.3835,0.01406,0.424
407,3342336,835584,1723,1472.1,35.46,,-0.0178,0.1665,2.3235,0.01035,0.3534
408,3350528,837632,1727,1474.9,34.24,,-0.0056,0.2228,2.3142,0.0104,0.3887
409,3358720,839680,1731,1477.6,34.18,,-0.0098,0.1499,2.2471,0.00835,0.334
410,3366912,841728,1735,1480.4,34.85,,0.0088,1.0682,2.1076,0.01733,0.4221
411,3375104,843776,1737,1483.2,34.97,,0.0005,0.6101,2.2441,0.01107,0.3759
412,3383296,845824,1743,1485.9,35.81,,-0.0001,0.4571,2.2534,0.00699,0.3114
413,3391488,847872,1748,1488.7,35.47,,0.0121,0.7321,2.1544,0.01749,0.4662
414,3399680,849920,1750,1491.4,35.03,,-0.0054,0.4264,2.2381,0.0094,0.3805
415,3407872,851968,1753,1494.2,35.08,,-0.0004,0.3734,2.23,0.01098,0.3932
416,3416064,854016,1759,1497.0,35.26,,0.0031,0.9995,2.2958,0.01175,0.3966
417,3424256,856064,1761,1499.7,35.71,,-0.0078,0.3014,2.103,0.00924,0.3419
418,3432448,858112,1766,1502.5,36.69,,-0.0014,0.6513,2.2198,0.01104,0.39
419,3440640,860160,1767,1505.2,36.68,,0.0068,1.5688,2.1068,0.01184,0.3939
420,3448832,862208,1768,1508.0,36.67,,0.0074,1.9135,2.2971,0.00901,0.3145
421,3457024,864256,1773,1510.8,37.09,,-0.0126,0.2318,2.3381,0.00805,0.3129
422,3465216,866304,1776,1513.5,37.61,,0.0007,0.6521,2.1192,0.01082,0.3723
423,3473408,868352,1782,1516.3,39.71,,-0.0032,0.8025,2.1516,0.00881,0.338
424,3481600,870400,1784,1519.0,40.04,,0.0002,1.176,2.0132,0.00826,0.3159
425,3489792,872448,1784,1521.8,40.04,,-0.0035,1.1212,2.2829,0.00661,0.3121
426,3497984,874496,1786,1524.5,40.45,,0.0119,2.1985,2.4007,0.01349,0.379
427,3506176,876544,1796,1527.3,41.52,,-0.0021,0.4756,2.2495,0.00835,0.3188
428,3514368,878592,1799,1530.1,41.96,,-0.0052,0.4362,2.0252,0.00986,0.3528
429,3522560,880640,1801,1532.8,41.93,,0.0244,2.3743,2.2134,0.02925,0.5188
430,3530752,882688,1803,1535.6,41.33,,0.0054,0.8107,2.405,0.00821,0.3385
431,3538944,884736,1806,1538.3,40.49,,-0.0032,0.4183,2.4766,0.00867,0.3348
432,3547136,886784,1811,1541.1,41.42,,-0.0161,0.2318,2.3745,0.009,0.3737
433,3555328,888832,1815,1543.9,42.26,,-0.005,0.4905,2.2517,0.01064,0.3499
434,3563520,890880,1815,1546.6,42.26,,-0.0034,0.6028,2.2114,0.00744,0.3101
435,3571712,892928,1822,1549.4,42.36,,0.0001,1.0145,2.3589,0.01192,0.3862
436,3579904,894976,1824,1552.2,43.25,,-0.0041,1.006,2.2018,0.00902,0.34
437,3588096,897024,1829,1554.9,44.03,,0.0041,0.968,2.3284,0.01161,0.368
438,3596288,899072,1833,1557.7,44.31,,-0.0039,0.4872,2.2338,0.00787,0.2937
439,3604480,901120,1836,1560.5,43.27,,-0.0119,0.3356,2.1551,0.00948,0.3688
440,3612672,903168,1839,1563.2,43.17,,0.0155,1.6251,2.1563,0.01938,0.4589
441,3620864,905216,1842,1566.0,43.12,,0.0056,0.9351,2.1975,0.00977,0.3196
442,3629056,907264,1842,1568.7,43.12,,0.0047,1.1292,2.348,0.00834,0.3568
443,3637248,909312,1845,1571.5,43.7,,-0.008,0.3541,2.4801,0.00732,0.306
444,3645440,911360,1849,1574.2,44.99,,-0.0114,0.2386,2.3102,0.01221,0.395
445,3653632,913408,1853,1577.0,46.08,,-0.0134,0.3609,2.2696,0.01244,0.4005
446,3661824,915456,1858,1579.8,47.71,,0.0014,0.7328,2.1983,0.0099,0.3462
447,3670016,917504,1859,1582.5,47.8,,-0.0063,0.4174,2.2235,0.00684,0.3085
448,3678208,919552,1863,1585.3,48.15,,-0.002,0.66,2.3655,0.00895,0.3217
449,3686400,921600,1865,1588.0,47.76,,-0.0043,0.5914,2.314,0.00888,0.3495
450,3694592,923648,1870,1590.8,49.12,,-0.0032,0.4906,2.2263,0.01094,0.3457
451,3702784,925696,1874,1593.6,49.14,,-0.0143,0.338,2.2489,0.00853,0.3459
452,3710976,927744,1878,1596.4,47.81,,-0.0019,0.8659,2.1726,0.0108,0.3799
453,3719168,929792,1881,1599.1,47.74,,-0.0063,0.6363,2.2424,0.01065,0.3877
454,3727360,931840,1884,1601.9,46.84,,0.0037,0.9642,2.242,0.00819,0.342
455,3735552,933888,1887,1604.6,46.88,,-0.0124,0.3647,2.3691,0.00863,0.3121
456,3743744,935936,1891,1607.4,47.31,,-0.0045,0.4434,2.2994,0.0123,0.4019
457,3751936,937984,1895,1610.2,46.32,,-0.0113,0.3055,2.196,0.01008,0.3269
458,3760128,940032,1897,1612.9,46.28,,-0.0059,0.5606,2.1766,0.00609,0.2803
459,3768320,942080,1902,1615.7,46.43,,-0.0053,0.2796,2.2557,0.00748,0.3041
460,3776512,944128,1904,1618.4,47.15,,0.0045,1.0988,2.278,0.01272,0.3741
461,3784704,946176,1909,1621.2,47.65,,-0.0018,0.8942,2.2341,0.00809,0.318
462,3792896,948224,1912,1624.0,47.14,,-0.0021,0.5594,2.2216,0.01309,0.3849
463,3801088,950272,1915,1626.8,47.1,,0.0022,1.2948,2.2237,0.01202,0.4053
464,3809280,952320,1918,1629.5,47.99,,-0.0068,0.5487,2.2509,0.00699,0.283
465,3817472,954368,1921,1632.3,48.5,,-0.0148,0.2843,2.2905,0.00859,0.301
466,3825664,956416,1925,1635.1,49.13,,-0.002,0.6856,2.2689,0.00932,0.3735
467,3833856,958464,1928,1637.8,49.55,,-0.0071,0.314,2.1492,0.00808,0.3143
468,3842048,960512,1933,1640.6,49.1,,-0.0016,0.4399,2.115,0.0109,0.3978
469,3850240,962560,1933,1643.3,49.1,,-0.0039,0.4845,2.1724,0.00651,0.2679
470,3858432,964608,1937,1646.1,50.5,,-0.007,0.2943,2.3416,0.00851,0.3505
471,3866624,966656,1940,1648.9,51.25,,-0.0154,0.1482,2.2678,0.00848,0.3295
472,3874816,968704,1943,1651.6,51.2,,-0.0081,0.3022,2.1545,0.00642,0.2626
473,3883008,970752,1947,1654.4,51.36,,-0.0098,0.3934,2.2582,0.00789,0.3127
474,3891200,972800,1948,1657.1,51.42,,-0.01,0.2741,2.2904,0.00799,0.3489
475,3899392,974848,1954,1659.9,50.3,,-0.0097,0.3691,2.2877,0.00936,0.3698
476,3907584,976896,1955,1662.7,50.26,,-0.0128,0.184,2.1291,0.01186,0.3927
477,3915776,978944,1960,1665.5,50.76,,-0.0101,0.2702,2.1023,0.00983,0.3699
478,3923968,980992,1961,1668.2,51.21,,-0.0071,0.2071,2.1956,0.00896,0.3235
479,3932160,983040,1963,1670.9,51.27,,-0.0091,0.1983,2.3237,0.00808,0.3005
480,3940352,985088,1969,1673.7,52.59,,-0.0054,0.2096,2.2758,0.0079,0.3116
481,3948544,987136,1972,1676.5,52.6,,-0.0054,0.4188,1.9714,0.00962,0.3105
482,3956736,989184,1976,1679.3,52.98,,-0.0006,0.6793,2.0658,0.00829,0.2976
483,3964928,991232,1977,1682.0,52.98,,-0.0018,0.3697,2.2195,0.00792,0.3157
484,3973120,993280,1979,1684.8,53.58,,-0.0186,0.1273,2.4163,0.00609,0.2755
485,3981312,995328,1983,1687.5,54.13,,-0.0138,0.2041,2.2788,0.00829,0.2974
486,3989504,997376,1986,1690.3,54.76,,-0.0101,0.2632,2.2126,0.00721,0.2755
487,3997696,999424,1989,1693.1,54.77,,-0.0094,0.2516,2.2206,0.00847,0.295
488,4005888,1001472,1990,1695.8,54.83,,-0.0138,0.2437,2.2167,0.00784,0.2826
489,4014080,1003520,1996,1698.6,56.21,,-0.0102,0.2251,2.1951,0.00544,0.2488
490,4022272,1005568,1997,1701.3,56.67,,-0.0086,0.2396,2.0597,0.00828,0.3042
491,4030464,1007616,1999,1704.1,57.04,,-0.0014,0.5004,2.2644,0.00728,0.277
492,4038656,1009664,2004,1706.9,57.83,,-0.0024,0.608,2.2568,0.00527,0.2335
493,4046848,1011712,2006,1709.6,57.85,,-0.006,0.3176,2.0498,0.00418,0.21
494,4055040,1013760,2010,1712.4,58.3,,-0.0057,0.4483,2.1926,0.00568,0.2413
495,4063232,1015808,2011,1715.1,58.37,,-0.0035,0.4901,2.2812,0.00526,0.2313
496,4071424,1017856,2015,1717.9,58.49,,-0.0033,0.2794,2.3023,0.00732,0.2739
497,4079616,1019904,2019,1720.7,58.19,,-0.0035,0.4289,2.0407,0.00585,0.2389
498,4087808,1021952,2022,1723.4,58.89,,-0.0032,0.3829,2.0035,0.00724,0.2628
499,4096000,1024000,2025,1726.2,58.8,,-0.0164,0.2847,2.2013,0.00746,0.2722
500,4104192,1026048,2025,1826.2,58.8,4250.75,-0.0113,0.2506,2.2208,0.0071,0.2628
501,4112384,1028096,2029,1828.9,59.41,,-0.0144,0.138,2.504,0.00689,0.2645
502,4120576,1030144,2033,1831.7,59.55,,-0.0151,0.1179,2.2827,0.01097,0.3564
503,4128768,1032192,2037,1834.4,60.0,,-0.0015,0.3281,2.0335,0.01138,0.3645
504,4136960,1034240,2039,1837.2,60.48,,-0.0041,0.6312,1.9404,0.00672,0.2444
505,4145152,1036288,2042,1839.9,60.61,,-0.0,1.0447,1.8975,0.00532,0.2297
506,4153344,1038336,2044,1842.7,60.57,,-0.0016,0.5901,2.1101,0.00687,0.3123
507,4161536,1040384,2047,1845.4,60.03,,-0.0039,0.6527,2.181,0.00852,0.282
508,4169728,1042432,2051,1848.2,60.41,,0.007,0.884,2.1557,0.01422,0.3837
509,4177920,1044480,2055,1851.0,61.56,,-0.0075,0.2437,2.1402,0.00712,0.3005
510,4186112,1046528,2058,1853.8,61.5,,-0.0129,0.2176,2.1042,0.00854,0.3119
511,4194304,1048576,2061,1856.5,61.05,,-0.011,0.2575,2.1419,0.00843,0.3125
512,4202496,1050624,2064,1859.3,61.42,,-0.0076,0.2575,2.0083,0.00689,0.2777
513,4210688,1052672,2066,1862.0,61.44,,-0.0122,0.1142,2.0667,0.00517,0.2374
514,4218880,1054720,2070,1864.8,61.63,,-0.0137,0.1224,2.176,0.00494,0.2416
515,4227072,1056768,2073,1867.5,62.11,,-0.0144,0.1625,2.2107,0.00573,0.2466
516,4235264,1058816,2074,1870.3,62.18,,-0.002,0.4245,2.2021,0.00657,0.2646
517,4243456,1060864,2078,1873.0,62.28,,0.0007,0.7858,2.1812,0.00772,0.3031
518,4251648,1062912,2083,1875.8,62.54,,-0.002,0.5024,2.0457,0.01104,0.3311
519,4259840,1064960,2086,1878.6,62.06,,-0.0049,0.3999,1.9519,0.0092,0.3168
520,4268032,1067008,2087,1881.3,62.17,,0.0117,0.9819,1.9342,0.01348,0.3965
521,4276224,1069056,2092,1884.1,61.98,,-0.0038,0.3524,2.207,0.01216,0.3578
522,4284416,1071104,2096,1886.8,60.78,,-0.0064,0.4335,2.1043,0.01383,0.3828
523,4292608,1073152,2098,1889.6,60.34,,-0.0083,0.2396,2.0005,0.00976,0.3097
524,4300800,1075200,2099,1892.3,60.34,,-0.0139,0.2008,2.1901,0.00977,0.3212
525,4308992,1077248,2104,1895.1,60.47,,-0.0132,0.2142,2.2525,0.00782,0.3119
526,4317184,1079296,2107,1897.9,60.02,,-0.0126,0.2386,2.1484,0.00661,0.2762
527,4325376,1081344,2112,1900.7,59.99,,-0.0006,0.7321,2.0209,0.00782,0.2878
528,4333568,1083392,2113,1903.4,59.93,,-0.008,0.4874,1.9435,0.00693,0.2617
529,4341760,1085440,2114,1906.1,59.9,,0.0041,1.0901,2.131,0.01114,0.3363
530,4349952,1087488,2118,1908.9,59.92,,-0.0062,0.3839,2.1869,0.008,0.2921
531,4358144,1089536,2121,1911.6,59.85,,-0.0055,0.5604,2.2468,0.00668,0.2528
532,4366336,1091584,2125,1914.4,59.96,,-0.01,0.2201,2.0304,0.00866,0.2815
533,4374528,1093632,2127,1917.2,59.93,,-0.0046,0.4649,1.8234,0.00821,0.2552
534,4382720,1095680,2130,1919.9,59.89,,-0.0023,0.452,2.0902,0.01092,0.2891
535,4390912,1097728,2133,1922.7,60.5,,-0.0194,0.0938,2.2763,0.00655,0.3013
536,4399104,1099776,2133,1925.4,60.5,,-0.0116,0.1526,2.2485,0.0093,0.3224
537,4407296,1101824,2138,1928.2,60.51,,-0.0062,0.2883,2.3921,0.00784,0.2743
538,4415488,1103872,2141,1930.9,60.5,,-0.0115,0.2149,2.1572,0.00675,0.2612
539,4423680,1105920,2142,1933.7,60.65,,0.0064,0.6528,2.0967,0.01208,0.3533
540,4431872,1107968,2148,1936.5,61.61,,-0.007,0.3498,2.1898,0.00489,0.2139
541,4440064,1110016,2149,1939.2,61.76,,-0.0069,0.1644,2.0469,0.00809,0.311
542,4448256,1112064,2152,1942.0,61.66,,-0.0072,0.2408,2.2123,0.00356,0.1799
543,4456448,1114112,2154,1944.7,61.55,,-0.0173,0.1063,2.272,0.0073,0.2852
544,4464640,1116160,2158,1947.5,61.61,,-0.016,0.0874,2.1205,0.00802,0.3159
545,4472832,1118208,2162,1950.3,62.25,,-0.0146,0.1288,2.1456,0.00786,0.3148
546,4481024,1120256,2164,1953.0,62.35,,-0.0145,0.1064,2.0178,0.00802,0.3184
547,4489216,1122304,2166,1955.8,62.26,,-0.0024,0.2634,2.0942,0.00676,0.2797
548,4497408,1124352,2169,1958.5,62.29,,-0.0086,0.1819,2.2436,0.00821,0.3015
549,4505600,1126400,2174,1961.3,62.38,,-0.0058,0.2703,2.1208,0.01021,0.3307
550,4513792,1128448,2175,1964.1,62.38,,-0.0027,0.3833,2.0592,0.00737,0.254
551,4521984,1130496,2178,1966.8,62.4,,-0.0051,0.3553,2.1416,0.0062,0.2659
552,4530176,1132544,2181,1969.6,62.88,,-0.0131,0.1845,2.2493,0.00742,0.2831
553,4538368,1134592,2182,1972.3,62.87,,-0.0103,0.2085,2.1808,0.00877,0.3074
554,4546560,1136640,2186,1975.1,63.59,,0.0013,0.5933,2.2351,0.01072,0.3547
555,4554752,1138688,2189,1977.8,63.63,,0.0225,0.6526,2.0922,0.01969,0.4191
556,4562944,1140736,2191,1980.6,63.67,,0.0094,0.4791,2.1721,0.01205,0.3617
557,4571136,1142784,2197,1983.4,64.69,,-0.004,0.3903,2.2669,0.00713,0.2474
558,4579328,1144832,2198,1986.1,64.68,,-0.0127,0.2517,2.1786,0.0078,0.2856
559,4587520,1146880,2199,1988.9,64.65,,-0.0137,0.1696,2.2494,0.006,0.269
560,4595712,1148928,2205,1991.7,64.31,,-0.0148,0.1782,2.2982,0.00896,0.3239
561,4603904,1150976,2208,1994.4,64.37,,-0.0167,0.135,2.0026,0.00982,0.3379
562,4612096,1153024,2211,1997.2,64.0,,-0.0059,0.2055,1.8858,0.0126,0.3552
563,4620288,1155072,2211,1999.9,64.0,,-0.0024,0.2291,2.0693,0.00804,0.299
564,4628480,1157120,2213,2002.7,64.05,,-0.0057,0.2121,2.3389,0.00698,0.2975
565,4636672,1159168,2214,2005.4,64.19,,-0.0181,0.0985,2.4693,0.00999,0.3278
566,4644864,1161216,2220,2008.2,64.33,,-0.0158,0.1699,2.4935,0.00868,0.3617
567,4653056,1163264,2224,2011.0,64.39,,-0.0049,0.5019,2.3027,0.00807,0.3381
568,4661248,1165312,2226,2013.7,63.97,,-0.0112,0.2592,2.2592,0.00748,0.3121
569,4669440,1167360,2230,2016.5,63.65,,-0.0093,0.3312,2.247,0.00933,0.3264
570,4677632,1169408,2232,2019.3,63.16,,-0.0082,0.2955,2.2286,0.00939,0.3556
571,4685824,1171456,2234,2022.0,62.07,,-0.0079,0.2852,2.3008,0.00681,0.3052
572,4694016,1173504,2239,2024.8,60.68,,0.003,0.8407,2.3282,0.01766,0.4379
573,4702208,1175552,2240,2027.5,60.63,,-0.0158,0.2084,2.3222,0.01187,0.3781
574,4710400,1177600,2242,2030.2,60.18,,0.0051,0.6605,2.1884,0.01452,0.422
575,4718592,1179648,2246,2033.0,60.16,,0.0048,0.9588,2.1658,0.01062,0.3588
576,4726784,1181696,2251,2035.8,59.71,,-0.0029,0.4474,2.2982,0.00769,0.2843
577,4734976,1183744,2253,2038.5,59.25,,0.0002,0.9418,2.1355,0.0104,0.3317
578,4743168,1185792,2254,2041.2,59.27,,-0.0055,0.3581,2.2321,0.00931,0.3333
579,4751360,1187840,2256,2044.0,59.22,,0.007,0.655,2.4161,0.01066,0.3667
580,4759552,1189888,2258,2046.7,58.89,,0.0,0.3259,2.3435,0.00956,0.335
581,4767744,1191936,2262,2049.5,57.89,,-0.0037,0.3488,2.2735,0.00867,0.3347
582,4775936,1193984,2266,2052.3,57.04,,-0.001,0.5891,2.1853,0.01043,0.3721
583,4784128,1196032,2269,2055.0,56.06,,-0.0005,0.6001,2.0605,0.0084,0.3209
584,4792320,1198080,2270,2057.8,56.01,,0.0023,1.2859,2.0492,0.01226,0.3823
585,4800512,1200128,2274,2060.5,55.5,,-0.0022,0.5456,2.2572,0.01193,0.3528
586,4808704,1202176,2276,2063.3,55.89,,-0.0042,0.2453,2.3658,0.00901,0.326
587,4816896,1204224,2278,2066.0,55.83,,-0.0035,0.3588,2.3173,0.00832,0.3127
588,4825088,1206272,2285,2068.8,54.95,,-0.01,0.2973,2.2766,0.00941,0.3087
589,4833280,1208320,2287,2071.5,54.93,,-0.0093,0.2756,2.1537,0.00915,0.3229
590,4841472,1210368,2289,2074.3,54.94,,0.0088,1.1838,2.1218,0.01048,0.36
591,4849664,1212416,2291,2077.1,54.98,,-0.0071,0.4096,2.2538,0.00658,0.2894
592,4857856,1214464,2292,2079.8,55.15,,-0.0129,0.1293,2.3651,0.00834,0.349
593,4866048,1216512,2297,2082.6,53.71,,-0.0112,0.1749,2.3715,0.00817,0.3269
594,4874240,1218560,2299,2085.3,54.27,,-0.0143,0.1396,2.1539,0.00706,0.2968
595,4882432,1220608,2302,2088.0,53.29,,-0.0089,0.2143,2.0645,0.00547,0.2412
596,4890624,1222656,2305,2090.8,53.5,,-0.018,0.104,2.1849,0.0088,0.3379
597,4898816,1224704,2306,2093.5,53.51,,-0.014,0.1595,2.2694,0.01075,0.3224
598,4907008,1226752,2309,2096.3,54.05,,-0.0105,0.1868,2.3231,0.0071,0.2861
599,4915200,1228800,2314,2099.1,54.0,,-0.0103,0.2162,2.1862,0.00988,0.3457
600,4923392,1230848,2316,2195.9,53.93,4358.25,-0.0061,0.3819,1.8959,0.01014,0.3286
601,4931584,1232896,2320,2198.6,53.95,,-0.0092,0.2525,2.0351,0.00562,0.2227
602,4939776,1234944,2321,2201.4,53.97,,-0.0187,0.0895,2.1036,0.00687,0.2875
603,4947968,1236992,2324,2204.1,53.91,,-0.0004,0.3571,2.2654,0.00802,0.2832
604,4956160,1239040,2326,2206.9,54.4,,-0.0094,0.1676,2.2047,0.00505,0.2174
605,4964352,1241088,2331,2209.6,55.41,,-0.0105,0.2371,2.1299,0.00828,0.2872
606,4972544,1243136,2335,2212.4,56.95,,-0.0082,0.2418,2.123,0.00867,0.3048
607,4980736,1245184,2336,2215.1,56.99,,-0.0136,0.1074,2.0001,0.00792,0.3087
608,4988928,1247232,2339,2217.9,57.44,,0.006,0.6395,2.0396,0.01972,0.4242
609,4997120,1249280,2340,2220.6,57.43,,-0.009,0.154,2.2501,0.01265,0.3623
610,5005312,1251328,2342,2223.4,57.38,,-0.009,0.1806,2.3005,0.00754,0.2875
611,5013504,1253376,2344,2226.1,56.83,,0.004,0.4912,2.326,0.00855,0.3027
612,5021696,1255424,2349,2228.9,57.14,,-0.0016,0.4301,2.1943,0.00498,0.2094
613,5029888,1257472,2353,2231.7,58.26,,-0.0059,0.3456,2.0488,0.0071,0.272
614,5038080,1259520,2355,2234.4,58.3,,-0.0079,0.6268,2.1069,0.0083,0.2864
615,5046272,1261568,2358,2237.2,58.14,,-0.0047,0.38,2.2545,0.00614,0.2688
616,5054464,1263616,2360,2239.9,58.17,,-0.007,0.3619,2.1866,0.00703,0.2448
617,5062656,1265664,2362,2242.7,59.13,,0.0023,0.7399,2.3392,0.00722,0.2555
618,5070848,1267712,2365,2245.4,59.58,,-0.0093,0.2286,2.3421,0.00956,0.3064
619,5079040,1269760,2367,2248.1,60.07,,-0.0161,0.1369,2.2386,0.00819,0.3091
620,5087232,1271808,2371,2250.9,59.63,,-0.0117,0.2039,2.2431,0.00682,0.257
621,5095424,1273856,2375,2253.7,60.25,,0.0015,0.6055,2.0686,0.009,0.3049
622,5103616,1275904,2378,2256.4,60.32,,-0.001,0.6233,2.1192,0.0068,0.2322
623,5111808,1277952,2379,2259.2,60.32,,-0.005,0.4503,2.0393,0.00611,0.2269
624,5120000,1280000,2381,2261.9,60.35,,-0.0117,0.1244,2.274,0.00771,0.3071
625,5128192,1282048,2384,2264.7,60.79,,-0.0173,0.1172,2.3293,0.0099,0.3339
626,5136384,1284096,2389,2267.5,61.34,,-0.0057,0.4401,2.2176,0.00758,0.3085
627,5144576,1286144,2391,2270.2,61.34,,-0.0109,0.2579,2.1294,0.01083,0.3335
628,5152768,1288192,2396,2273.0,62.27,,-0.0075,0.1913,2.0721,0.01057,0.3334
629,5160960,1290240,2397,2275.7,61.7,,-0.0055,0.3354,2.0126,0.00932,0.3325
630,5169152,1292288,2399,2278.4,61.68,,0.0041,0.733,2.1679,0.01154,0.3394
631,5177344,1294336,2401,2281.2,61.97,,-0.0072,0.3446,2.3408,0.01096,0.3485
632,5185536,1296384,2403,2283.9,62.96,,-0.0056,0.1743,2.4459,0.01076,0.3551
633,5193728,1298432,2404,2286.7,62.95,,-0.0211,0.1304,2.3749,0.00938,0.3143
634,5201920,1300480,2408,2289.4,62.95,,-0.0232,0.0767,2.3291,0.01256,0.3655
635,5210112,1302528,2414,2292.2,63.2,,-0.0036,0.6857,2.118,0.00953,0.3174
636,5218304,1304576,2414,2294.9,63.2,,-0.0101,0.3736,2.0657,0.00874,0.3007
637,5226496,1306624,2415,2297.7,63.22,,-0.0015,0.3518,2.2611,0.01199,0.3385
638,5234688,1308672,2420,2300.5,63.32,,-0.0049,0.2854,2.3606,0.00956,0.3265
639,5242880,1310720,2421,2303.2,63.35,,-0.0164,0.0932,2.116,0.00717,0.2769
640,5251072,1312768,2424,2305.9,62.88,,-0.0165,0.1104,2.1544,0.00941,0.3374
641,5259264,1314816,2427,2308.7,62.93,,0.0021,1.07,2.133,0.0122,0.3505
642,5267456,1316864,2427,2311.4,62.93,,-0.0167,0.1078,2.3101,0.00862,0.3247
643,5275648,1318912,2432,2314.2,63.47,,-0.0121,0.218,2.4154,0.01173,0.3789
644,5283840,1320960,2435,2317.0,63.04,,-0.0126,0.2647,2.2782,0.00967,0.3284
645,5292032,1323008,2436,2319.7,63.08,,-0.0141,0.1314,2.1391,0.00997,0.347
646,5300224,1325056,2442,2322.5,63.12,,0.0117,1.9603,2.1047,0.01414,0.3987
647,5308416,1327104,2444,2325.2,63.78,,-0.0069,0.5398,1.9007,0.0094,0.3408
648,5316608,1329152,2446,2328.0,63.66,,-0.0045,0.3489,2.0809,0.00848,0.3286
649,5324800,1331200,2448,2330.7,63.56,,0.0018,0.5538,2.2584,0.00824,0.3242
650,5332992,1333248,2448,2333.4,63.56,,-0.0132,0.3121,2.2802,0.0076,0.2983
651,5341184,1335296,2450,2336.2,63.6,,0.0049,1.2462,2.3251,0.01739,0.401
652,5349376,1337344,2457,2339.0,64.64,,-0.0093,0.3528,2.3971,0.00923,0.3264
653,5357568,1339392,2460,2341.7,64.16,,-0.0029,0.416,2.1277,0.01106,0.337
654,5365760,1341440,2463,2344.5,64.27,,-0.0085,0.4159,2.1179,0.00936,0.3323
655,5373952,1343488,2464,2347.2,63.78,,-0.005,0.6617,2.164,0.00948,0.3318
656,5382144,1345536,2466,2350.0,64.32,,-0.0108,0.2725,2.3536,0.0056,0.2538
657,5390336,1347584,2468,2352.7,64.26,,-0.0013,1.2834,2.3889,0.00847,0.2952
658,5398528,1349632,2472,2355.5,64.3,,-0.0031,0.423,2.302,0.01316,0.3721
659,5406720,1351680,2475,2358.2,64.27,,-0.0045,0.3745,2.1564,0.00705,0.2792
660,5414912,1353728,2479,2361.0,64.46,,0.0056,1.2543,2.0466,0.018,0.4236
661,5423104,1355776,2479,2363.7,64.46,,-0.0083,0.4633,2.1274,0.00795,0.2903
662,5431296,1357824,2482,2366.5,64.95,,-0.0044,0.5177,2.3427,0.00847,0.2838
663,5439488,1359872,2488,2369.3,64.9,,-0.0093,0.3709,2.1936,0.00731,0.2689
664,5447680,1361920,2489,2372.0,64.86,,0.0,0.3873,2.0581,0.00913,0.3264
665,5455872,1363968,2491,2374.8,64.88,,-0.0003,0.4496,2.189,0.00728,0.2717
666,5464064,1366016,2495,2377.5,64.85,,-0.0072,0.3608,2.2162,0.00601,0.2849
667,5472256,1368064,2497,2380.3,65.47,,-0.0104,0.2461,2.1508,0.00453,0.2142
668,5480448,1370112,2500,2383.0,65.07,,-0.0078,0.3874,2.3603,0.00837,0.3103
669,5488640,1372160,2504,2385.8,65.07,,-0.0134,0.2366,2.265,0.00658,0.2852
670,5496832,1374208,2505,2388.5,64.53,,0.0012,0.4171,2.0931,0.01208,0.3918
671,5505024,1376256,2509,2391.3,63.97,,-0.001,0.7101,2.1939,0.00809,0.2921
672,5513216,1378304,2512,2394.1,63.81,,-0.0133,0.3428,2.255,0.00962,0.3383
673,5521408,1380352,2514,2396.8,63.76,,-0.0136,0.2287,2.1538,0.00845,0.3286
674,5529600,1382400,2518,2399.6,63.18,,-0.0071,0.268,2.0312,0.00746,0.3002
675,5537792,1384448,2520,2402.3,63.21,,0.0074,0.9948,2.0529,0.01118,0.3245
676,5545984,1386496,2524,2405.1,63.6,,-0.005,0.6009,2.1698,0.00616,0.2705
677,5554176,1388544,2526,2407.8,63.55,,-0.0084,0.2867,2.1693,0.00613,0.2577
678,5562368,1390592,2529,2410.6,62.52,,-0.0102,0.1534,2.1814,0.0048,0.2103
679,5570560,1392640,2531,2413.3,62.52,,-0.018,0.0555,2.1963,0.00695,0.2894
680,5578752,1394688,2534,2416.1,62.91,,-0.0151,0.0549,2.2191,0.00695,0.2968
681,5586944,1396736,2534,2418.8,62.91,,-0.014,0.144,2.235,0.00813,0.3091
682,5595136,1398784,2538,2421.6,63.06,,-0.0111,0.2019,2.2626,0.00708,0.3007
683,5603328,1400832,2543,2424.3,63.4,,0.0054,1.3984,2.2202,0.01935,0.3987
684,5611520,1402880,2545,2427.1,63.42,,0.0,0.4651,1.9914,0.01488,0.3738
685,5619712,1404928,2547,2429.8,63.92,,-0.0055,0.4314,2.0038,0.00879,0.2976
686,5627904,1406976,2550,2432.6,63.52,,-0.009,0.3013,2.2327,0.00716,0.2949
687,5636096,1409024,2552,2435.3,63.53,,-0.0138,0.213,2.2119,0.00859,0.3428
688,5644288,1411072,2553,2438.1,62.62,,-0.0088,0.1672,2.1018,0.00938,0.3428
689,5652480,1413120,2557,2440.8,62.67,,-0.0013,1.4474,2.1872,0.01219,0.381
690,5660672,1415168,2560,2443.6,63.14,,-0.012,0.3311,2.1215,0.00838,0.2933
691,5668864,1417216,2561,2446.3,63.07,,-0.0023,0.8227,2.0861,0.01071,0.3263
692,5677056,1419264,2565,2449.1,63.59,,-0.0067,0.2608,2.322,0.00772,0.3387
693,5685248,1421312,2569,2451.9,64.09,,-0.0141,0.1556,2.139,0.00859,0.3035
694,5693440,1423360,2570,2454.6,64.56,,-0.0124,0.086,2.0133,0.00872,0.3628
695,5701632,1425408,2575,2457.4,64.61,,0.006,0.5283,2.1913,0.01804,0.4161
696,5709824,1427456,2576,2460.1,64.59,,-0.0077,0.3578,2.3097,0.00772,0.3142
697,5718016,1429504,2577,2462.8,64.58,,-0.0033,0.4579,2.2867,0.00734,0.2904
698,5726208,1431552,2583,2465.6,64.55,,0.0014,0.4076,2.2351,0.01098,0.3768
699,5734400,1433600,2587,2468.4,64.06,,-0.0111,0.3989,2.1344,0.00879,0.329
700,5742592,1435648,2588,2582.0,64.12,4326.0,-0.0015,0.5258,1.8992,0.01457,0.3817
701,5750784,1437696,2591,2584.7,63.64,,-0.007,0.4538,2.2787,0.00714,0.272
702,5758976,1439744,2595,2587.5,64.11,,-0.0206,0.1197,2.2603,0.0121,0.3875
703,5767168,1441792,2597,2590.3,63.58,,-0.0036,0.3717,2.0523,0.01111,0.3324
704,5775360,1443840,2600,2593.0,64.05,,-0.0072,0.4053,2.2001,0.00694,0.2811
705,5783552,1445888,2602,2595.7,64.1,,-0.0037,0.4313,2.2598,0.01226,0.3673
706,5791744,1447936,2603,2598.5,64.12,,-0.0084,0.2656,2.3231,0.00909,0.3186
707,5799936,1449984,2607,2601.3,64.68,,-0.0085,0.4569,2.4043,0.00814,0.277
708,5808128,1452032,2611,2604.0,64.71,,-0.0085,0.3745,2.2217,0.00825,0.3104
709,5816320,1454080,2615,2606.8,65.32,,-0.009,0.5095,2.105,0.00752,0.2714
710,5824512,1456128,2616,2609.5,65.28,,0.0043,0.5742,2.1204,0.011,0.3524
711,5832704,1458176,2620,2612.3,66.13,,0.0077,0.7265,2.1961,0.00917,0.2997
712,5840896,1460224,2622,2615.0,65.56,,-0.0069,0.2275,2.2101,0.0079,0.277
713,5849088,1462272,2626,2617.8,65.61,,-0.0147,0.1674,2.227,0.01058,0.3381
714,5857280,1464320,2631,2620.5,65.94,,-0.0122,0.1802,2.1118,0.00744,0.288
715,5865472,1466368,2632,2623.3,65.87,,-0.0004,0.3995,1.878,0.0089,0.2847
716,5873664,1468416,2633,2626.0,65.83,,-0.008,0.1706,2.151,0.00882,0.3146
717,5881856,1470464,2637,2628.8,65.85,,-0.0051,0.1926,2.3767,0.00584,0.261
718,5890048,1472512,2638,2631.5,65.86,,-0.0042,0.2404,2.2956,0.00568,0.2472
719,5898240,1474560,2642,2634.3,65.85,,-0.008,0.3105,2.2316,0.00568,0.2367
720,5906432,1476608,2646,2637.0,65.4,,-0.0182,0.1307,2.1372,0.00824,0.3182
721,5914624,1478656,2647,2639.8,65.44,,-0.0185,0.1048,2.0532,0.01193,0.3835
722,5922816,1480704,2649,2642.5,65.87,,-0.0024,0.5736,2.1553,0.00817,0.314
723,5931008,1482752,2653,2645.3,65.9,,-0.0146,0.165,2.258,0.01091,0.3523
724,5939200,1484800,2654,2648.0,65.9,,-0.0071,0.7907,2.1779,0.00843,0.3185
725,5947392,1486848,2658,2650.8,66.34,,-0.008,0.3729,2.1662,0.00786,0.3064
726,5955584,1488896,2661,2653.6,66.44,,-0.0152,0.1256,2.1078,0.00865,0.3254
727,5963776,1490944,2665,2656.3,65.43,,0.0032,0.8835,2.1527,0.01787,0.4132
728,5971968,1492992,2665,2659.1,65.43,,0.0059,1.1168,2.0972,0.01263,0.3481
729,5980160,1495040,2669,2661.8,65.94,,-0.0114,0.2677,2.293,0.0051,0.2267
730,5988352,1497088,2669,2664.6,65.94,,-0.0128,0.1572,2.2093,0.00882,0.2954
731,5996544,1499136,2673,2667.3,65.5,,-0.0092,0.2375,2.3302,0.00729,0.3131
732,6004736,1501184,2678,2670.1,65.57,,-0.0176,0.1286,2.2881,0.00734,0.2906
733,6012928,1503232,2679,2672.8,65.58,,0.0008,0.7903,2.006,0.01659,0.3732
734,6021120,1505280,2679,2675.6,65.58,,0.0047,0.6338,2.1583,0.01487,0.3911
735,6029312,1507328,2681,2678.3,65.71,,-0.0129,0.1935,2.3699,0.00944,0.3226
736,6037504,1509376,2684,2681.1,65.36,,0.0066,0.8519,2.2927,0.01398,0.3501
737,6045696,1511424,2686,2683.8,65.81,,0.0035,0.8813,2.1823,0.01799,0.3961
738,6053888,1513472,2690,2686.6,67.43,,-0.002,0.6472,2.1411,0.00943,0.3383
739,6062080,1515520,2692,2689.3,67.45,,-0.0078,0.3167,2.1092,0.00953,0.3281
740,6070272,1517568,2695,2692.1,67.66,,-0.0106,0.2713,2.2615,0.00905,0.3442
741,6078464,1519616,2696,2694.8,67.63,,0.0019,0.9496,2.3236,0.01498,0.4004
742,6086656,1521664,2700,2697.6,67.49,,-0.0088,0.3291,2.2892,0.00764,0.3264
743,6094848,1523712,2702,2700.3,67.01,,0.0004,0.9489,2.1568,0.01391,0.3967
744,6103040,1525760,2706,2703.1,66.47,,0.003,0.5898,2.1314,0.0204,0.4408
745,6111232,1527808,2708,2705.8,67.36,,-0.0106,0.2418,2.2228,0.00767,0.2899
746,6119424,1529856,2710,2708.6,67.87,,0.0041,0.6642,2.3462,0.0101,0.3287
747,6127616,1531904,2713,2711.3,67.39,,-0.0017,0.492,2.2892,0.00636,0.2446
748,6135808,1533952,2715,2714.1,66.9,,-0.0038,0.5889,2.1649,0.00709,0.2933
749,6144000,1536000,2719,2716.8,67.23,,-0.0038,0.3301,2.1034,0.01008,0.34
750,6152192,1538048,2723,2719.6,67.21,,-0.0049,0.533,2.0899,0.01095,0.3395
751,6160384,1540096,2724,2722.4,66.73,,0.0,0.3512,2.1164,0.01165,0.3639
752,6168576,1542144,2725,2725.1,66.81,,-0.0009,1.2743,2.2548,0.00969,0.2894
753,6176768,1544192,2728,2727.9,66.39,,0.0086,1.116,2.2846,0.0151,0.3998
754,6184960,1546240,2730,2730.6,66.91,,0.0006,0.8512,2.0709,0.01063,0.3459
755,6193152,1548288,2736,2733.4,67.06,,-0.0135,0.2849,2.1579,0.00868,0.3594
756,6201344,1550336,2738,2736.1,67.56,,0.0007,0.3162,2.0143,0.00958,0.3018
757,6209536,1552384,2739,2738.9,67.61,,-0.0119,0.1733,2.1508,0.00842,0.3125
758,6217728,1554432,2740,2741.6,67.7,,-0.012,0.1817,2.3937,0.01155,0.3673
759,6225920,1556480,2748,2744.4,67.0,,-0.009,0.4343,2.3206,0.01245,0.4026
760,6234112,1558528,2750,2747.2,66.93,,-0.0122,0.279,2.102,0.00886,0.34
761,6242304,1560576,2755,2749.9,66.76,,-0.0112,0.3791,1.9768,0.01001,0.3673
762,6250496,1562624,2756,2752.7,66.36,,-0.012,0.2936,1.9415,0.00839,0.3007
763,6258688,1564672,2758,2755.4,66.21,,-0.0164,0.1439,2.013,0.00702,0.2914
764,6266880,1566720,2761,2758.2,66.08,,-0.0191,0.1204,2.229,0.00776,0.3258
765,6275072,1568768,2763,2760.9,66.88,,-0.0049,0.7255,2.2124,0.01066,0.3292
766,6283264,1570816,2765,2763.7,66.9,,-0.01,0.3831,2.0997,0.00992,0.3252
767,6291456,1572864,2768,2766.4,66.55,,-0.0034,0.6145,2.1153,0.01315,0.3893
768,6299648,1574912,2769,2769.2,66.88,,-0.0016,0.7119,2.0657,0.01156,0.296
769,6307840,1576960,2775,2772.0,67.48,,-0.0085,0.5833,2.1489,0.00898,0.3054
770,6316032,1579008,2776,2774.7,67.51,,-0.0129,0.1995,1.951,0.00964,0.3334
771,6324224,1581056,2777,2777.4,67.53,,-0.0177,0.133,2.001,0.00996,0.3611
772,6332416,1583104,2780,2780.2,67.53,,-0.0114,0.1885,2.2099,0.00895,0.2838
773,6340608,1585152,2784,2783.0,68.08,,-0.0082,0.1631,2.0967,0.0087,0.3158
774,6348800,1587200,2789,2785.7,67.04,,-0.0094,0.3963,2.043,0.00697,0.2609
775,6356992,1589248,2790,2788.5,67.01,,-0.0131,0.3158,1.9723,0.0088,0.3274
776,6365184,1591296,2792,2791.2,66.96,,0.0021,0.8548,2.0766,0.01452,0.4042
777,6373376,1593344,2794,2794.0,66.71,,-0.0152,0.2244,2.2801,0.0117,0.3547
778,6381568,1595392,2798,2796.7,67.18,,-0.0049,0.5184,2.2824,0.01362,0.399
779,6389760,1597440,2802,2799.5,67.87,,-0.0024,0.8962,1.9575,0.00892,0.3247
780,6397952,1599488,2804,2802.3,68.3,,-0.0096,0.4331,1.9306,0.00608,0.2599
781,6406144,1601536,2805,2805.0,68.74,,-0.0085,0.2627,2.0396,0.00871,0.2959
782,6414336,1603584,2807,2807.7,67.74,,-0.0154,0.1498,2.2335,0.00824,0.3308
783,6422528,1605632,2810,2810.5,67.07,,0.0031,0.7406,2.279,0.01397,0.3893
784,6430720,1607680,2813,2813.3,68.24,,-0.0014,0.6858,2.2438,0.01259,0.4036
785,6438912,1609728,2813,2816.0,68.24,,-0.008,0.4074,2.2236,0.01046,0.3599
786,6447104,1611776,2818,2818.7,69.13,,-0.0023,0.6768,2.2881,0.01243,0.4003
787,6455296,1613824,2821,2821.5,70.06,,-0.0055,0.7734,2.1967,0.01163,0.3236
788,6463488,1615872,2826,2824.3,69.97,,-0.0038,0.592,2.1138,0.00769,0.2979
789,6471680,1617920,2826,2827.0,69.97,,0.0078,2.341,2.1313,0.01779,0.3914
790,6479872,1619968,2829,2829.8,70.96,,0.0061,1.1733,2.1923,0.01404,0.4146
791,6488064,1622016,2831,2832.5,71.3,,-0.0098,0.3585,2.2051,0.00795,0.3331
792,6496256,1624064,2836,2835.3,70.29,,-0.0017,0.6212,2.3082,0.01016,0.3677
793,6504448,1626112,2837,2838.0,70.37,,-0.0111,0.2846,2.162,0.01074,0.3768
794,6512640,1628160,2840,2840.8,70.33,,-0.0065,0.3249,2.0749,0.00976,0.3409
795,6520832,1630208,2844,2843.5,69.24,,-0.0001,0.888,2.2169,0.01116,0.338
796,6529024,1632256,2846,2846.3,69.16,,-0.0135,0.2922,2.1879,0.00852,0.3201
797,6537216,1634304,2848,2849.1,70.83,,-0.0091,0.3114,2.1588,0.00648,0.2687
798,6545408,1636352,2851,2851.8,71.0,,0.0016,0.793,2.1899,0.01934,0.4341
799,6553600,1638400,2853,2854.6,71.42,,0.0033,0.9887,2.1721,0.01298,0.3605
800,6561792,1640448,2857,2956.7,72.07,4390.0,-0.0127,0.2216,2.1503,0.01208,0.3896
801,6569984,1642496,2861,2959.4,71.82,,0.0014,0.3961,1.9833,0.01374,0.3682
802,6578176,1644544,2862,2962.2,71.97,,-0.005,0.3108,2.1249,0.0087,0.3043
803,6586368,1646592,2864,2964.9,72.06,,-0.0166,0.1448,2.3377,0.00789,0.3198
804,6594560,1648640,2866,2967.7,72.03,,-0.0134,0.1752,2.4724,0.01108,0.3816
805,6602752,1650688,2868,2970.4,71.99,,-0.0069,0.4527,2.4775,0.01071,0.3702
806,6610944,1652736,2873,2973.2,70.9,,-0.0138,0.3007,2.3485,0.00974,0.3551
807,6619136,1654784,2877,2976.0,69.79,,-0.0111,0.4629,2.1846,0.0113,0.3373
808,6627328,1656832,2879,2978.7,69.91,,-0.0021,0.6069,2.0079,0.00718,0.2823
809,6635520,1658880,2880,2981.5,69.85,,-0.0026,0.904,2.1579,0.00693,0.2751
810,6643712,1660928,2882,2984.2,69.27,,0.0028,1.003,2.4364,0.0121,0.3335
811,6651904,1662976,2885,2987.0,68.71,,-0.0183,0.1915,2.5065,0.00805,0.3268
812,6660096,1665024,2890,2989.7,68.67,,-0.0118,0.2783,2.3675,0.0068,0.2816
813,6668288,1667072,2890,2992.5,68.67,,-0.0096,0.3094,2.1396,0.00963,0.302
814,6676480,1669120,2894,2995.2,68.85,,-0.0066,0.4906,2.2327,0.00899,0.3217
815,6684672,1671168,2895,2998.0,69.42,,-0.0127,0.2008,2.2834,0.00824,0.3071
816,6692864,1673216,2898,3000.7,68.33,,-0.0201,0.1162,2.328,0.01119,0.3378
817,6701056,1675264,2900,3003.5,68.26,,-0.0115,0.1511,2.1937,0.00744,0.2938
818,6709248,1677312,2903,3006.2,68.21,,0.0012,0.8212,2.2622,0.00917,0.2853
819,6717440,1679360,2905,3009.0,67.91,,-0.0155,0.1423,2.2754,0.00752,0.3033
820,6725632,1681408,2908,3011.8,68.52,,-0.0091,0.2743,2.3024,0.00804,0.2958
821,6733824,1683456,2910,3014.5,68.69,,0.0049,0.8362,2.3767,0.01605,0.4049
822,6742016,1685504,2912,3017.3,68.13,,-0.0151,0.2342,2.3296,0.01221,0.3987
823,6750208,1687552,2914,3020.0,68.07,,0.0024,0.7788,2.3585,0.0146,0.3602
824,6758400,1689600,2917,3022.8,67.18,,-0.0084,0.4173,2.2236,0.01093,0.332
825,6766592,1691648,2919,3025.5,67.61,,0.0053,1.8591,2.217,0.01347,0.3983
826,6774784,1693696,2924,3028.3,67.83,,-0.0063,0.3116,2.303,0.00722,0.3197
827,6782976,1695744,2927,3031.1,67.41,,-0.0111,0.2833,2.2713,0.00634,0.2639
828,6791168,1697792,2929,3033.8,66.97,,-0.0099,0.2939,2.3561,0.00732,0.2882
829,6799360,1699840,2931,3036.6,66.09,,-0.008,0.3373,2.38,0.0087,0.3418
830,6807552,1701888,2933,3039.3,66.67,,-0.0029,0.4449,2.3633,0.00866,0.3292
831,6815744,1703936,2937,3042.1,65.14,,0.0024,0.7192,2.3608,0.01016,0.3556
832,6823936,1705984,2942,3044.9,63.96,,-0.0026,0.628,2.036,0.00885,0.3213
833,6832128,1708032,2945,3047.6,64.45,,-0.0127,0.3894,2.0183,0.00676,0.2671
834,6840320,1710080,2945,3050.3,64.45,,-0.0195,0.1757,2.1059,0.00901,0.3269
835,6848512,1712128,2948,3053.1,64.05,,-0.0033,0.548,2.3416,0.00827,0.3011
836,6856704,1714176,2950,3055.8,64.27,,-0.0022,0.955,2.2606,0.01271,0.3536
837,6864896,1716224,2953,3058.6,63.78,,-0.0005,0.6494,2.2354,0.01153,0.351
838,6873088,1718272,2955,3061.3,63.34,,0.0019,1.2843,2.1711,0.00864,0.313
839,6881280,1720320,2961,3064.2,63.96,,-0.0074,0.4237,2.1595,0.00665,0.2864
840,6889472,1722368,2962,3066.9,64.35,,-0.0156,0.0975,1.9697,0.01048,0.3586
841,6897664,1724416,2963,3069.6,64.3,,-0.0076,0.1179,2.1582,0.00929,0.3434
842,6905856,1726464,2967,3072.4,64.31,,-0.017,0.0864,2.3476,0.00979,0.3802
843,6914048,1728512,2968,3075.1,64.19,,-0.0213,0.0987,2.2343,0.01008,0.3687
844,6922240,1730560,2971,3077.9,64.74,,-0.0157,0.143,2.2418,0.00652,0.3009
845,6930432,1732608,2974,3080.7,65.93,,0.009,0.7371,2.1442,0.01944,0.4254
846,6938624,1734656,2976,3083.4,66.03,,-0.0093,0.3201,2.2558,0.00849,0.3203
847,6946816,1736704,2979,3086.2,66.34,,-0.0092,0.4547,2.3317,0.00704,0.2897
848,6955008,1738752,2982,3088.9,66.87,,-0.0114,0.3109,2.1631,0.01097,0.3577
849,6963200,1740800,2985,3091.7,68.26,,-0.0083,0.4908,2.1902,0.01096,0.3324
850,6971392,1742848,2987,3094.4,68.32,,-0.0146,0.1931,2.1361,0.00838,0.3104
851,6979584,1744896,2988,3097.2,68.36,,-0.0178,0.2214,2.3099,0.00854,0.3308
852,6987776,1746944,2993,3100.0,68.69,,-0.003,0.7769,2.405,0.01,0.3499
853,6995968,1748992,2997,3102.7,68.75,,-0.0033,0.7447,2.1791,0.01425,0.4395
854,7004160,1751040,3000,3105.5,68.57,,-0.0069,0.3949,2.0346,0.00797,0.3447
855,7012352,1753088,3002,3108.2,68.6,,0.0004,0.9589,2.0436,0.01004,0.3387
856,7020544,1755136,3002,3111.0,68.6,,-0.0087,0.2085,2.1758,0.00759,0.3077
857,7028736,1757184,3006,3113.7,69.12,,-0.0029,0.3677,2.402,0.00847,0.3412
858,7036928,1759232,3008,3116.5,69.02,,-0.0066,0.4141,2.2051,0.00964,0.3354
859,7045120,1761280,3010,3119.2,69.01,,-0.0104,0.3725,2.1663,0.00818,0.3199
860,7053312,1763328,3015,3122.0,69.6,,-0.0123,0.4176,2.2845,0.00771,0.2925
861,7061504,1765376,3017,3124.8,69.58,,-0.008,0.3623,2.338,0.01038,0.3589
862,7069696,1767424,3018,3127.5,69.61,,-0.0111,0.3233,2.2017,0.01104,0.3624
863,7077888,1769472,3020,3130.3,68.72,,0.0008,0.5903,2.2485,0.00921,0.3706
864,7086080,1771520,3023,3133.0,67.66,,-0.014,0.2194,2.26,0.00945,0.3615
865,7094272,1773568,3027,3135.8,68.2,,0.0037,0.5347,2.1245,0.01123,0.3658
866,7102464,1775616,3029,3138.5,67.6,,-0.0058,0.5317,2.0388,0.00741,0.288
867,7110656,1777664,3031,3141.3,68.67,,-0.0037,0.4088,2.1485,0.00663,0.2823
868,7118848,1779712,3034,3144.1,69.62,,0.0005,0.5045,2.1341,0.00984,0.3314
869,7127040,1781760,3035,3146.8,70.09,,-0.0066,0.4066,2.0353,0.00802,0.3009
870,7135232,1783808,3037,3149.6,71.16,,0.0028,0.8197,2.1518,0.00838,0.3096
871,7143424,1785856,3037,3152.3,71.16,,-0.0034,0.4588,2.2464,0.01078,0.3607
872,7151616,1787904,3042,3155.1,73.02,,-0.0061,0.4134,2.2351,0.00935,0.3271
873,7159808,1789952,3047,3157.8,73.5,,0.0064,0.772,1.9983,0.01683,0.3884
874,7168000,1792000,3051,3160.6,73.79,,-0.0038,0.7778,1.9213,0.01223,0.3657
875,7176192,1794048,3051,3163.4,73.79,,-0.0068,0.1585,1.8718,0.00765,0.277
876,7184384,1796096,3051,3166.1,73.79,,-0.0157,0.0715,2.179,0.00921,0.3538
877,7192576,1798144,3055,3168.9,73.77,,-0.015,0.1312,2.4576,0.01134,0.389
878,7200768,1800192,3059,3171.6,74.24,,-0.009,0.2686,2.2419,0.00979,0.3214
879,7208960,1802240,3063,3174.4,73.87,,0.0005,1.1263,2.0002,0.01329,0.3414
880,7217152,1804288,3066,3177.1,74.27,,0.0065,1.1298,1.8993,0.0115,0.3142
881,7225344,1806336,3067,3179.9,74.29,,-0.007,0.2627,2.0586,0.00773,0.3003
882,7233536,1808384,3069,3182.6,74.23,,0.0004,0.4132,2.0907,0.00838,0.3243
883,7241728,1810432,3070,3185.4,74.19,,-0.0101,0.366,2.1734,0.00741,0.293
884,7249920,1812480,3074,3188.1,74.49,,0.0025,1.5122,2.1286,0.01734,0.4224
885,7258112,1814528,3075,3190.9,74.46,,-0.0079,0.4676,2.0672,0.01119,0.3456
886,7266304,1816576,3080,3193.7,73.94,,-0.004,0.4938,2.0721,0.01199,0.3748
887,7274496,1818624,3083,3196.4,74.68,,-0.0123,0.3267,2.0244,0.00756,0.2944
888,7282688,1820672,3085,3199.2,74.38,,-0.0123,0.2217,1.9941,0.00942,0.3271
889,7290880,1822720,3085,3201.9,74.38,,-0.0023,0.649,2.0686,0.01106,0.3381
890,7299072,1824768,3090,3204.7,74.89,,-0.0066,0.7008,2.2999,0.01209,0.4031
891,7307264,1826816,3091,3207.4,74.58,,0.0155,1.0822,2.1188,0.01458,0.3767
892,7315456,1828864,3095,3210.2,74.53,,-0.0059,0.6794,2.1908,0.01114,0.351
893,7323648,1830912,3096,3212.9,75.18,,-0.0068,0.5389,2.2159,0.00866,0.3005
894,7331840,1832960,3099,3215.7,75.4,,-0.0114,0.3454,2.1749,0.00835,0.3203
895,7340032,1835008,3102,3218.4,76.37,,-0.0084,0.4691,2.2742,0.01421,0.3805
896,7348224,1837056,3105,3221.2,75.68,,-0.0105,0.4831,2.3518,0.01096,0.3806
897,7356416,1839104,3108,3223.9,76.67,,-0.0053,0.5871,2.3499,0.0085,0.3308
898,7364608,1841152,3109,3226.7,76.65,,-0.0056,0.5094,2.1634,0.01159,0.3583
899,7372800,1843200,3113,3229.5,75.97,,-0.0093,0.7135,2.1937,0.00837,0.2913
900,7380992,1845248,3116,3357.5,75.36,6372.0,-0.0123,0.5237,2.2685,0.00907,0.3298
901,7389184,1847296,3118,3360.2,75.66,,-0.0099,0.4006,2.2046,0.00741,0.3054
902,7397376,1849344,3121,3363.0,76.02,,-0.0124,0.4669,2.2686,0.00641,0.2754
903,7405568,1851392,3124,3365.7,77.35,,0.0051,0.6974,2.2228,0.01383,0.3689
904,7413760,1853440,3127,3368.5,77.42,,-0.0057,0.359,2.2707,0.00715,0.2904
905,7421952,1855488,3130,3371.2,78.0,,-0.0137,0.2749,2.3111,0.00801,0.304
906,7430144,1857536,3132,3374.0,76.39,,-0.0157,0.2869,2.2015,0.01022,0.3456
907,7438336,1859584,3134,3376.7,75.77,,-0.008,0.2859,2.2033,0.00822,0.3243
908,7446528,1861632,3138,3379.5,74.17,,0.0022,1.1943,2.1577,0.01955,0.4221
909,7454720,1863680,3140,3382.3,74.06,,-0.0001,0.5906,2.1015,0.00934,0.3004
910,7462912,1865728,3143,3385.0,74.02,,-0.0049,0.3565,2.173,0.00664,0.2452
911,7471104,1867776,3145,3387.8,74.2,,-0.0002,0.5359,2.2334,0.00916,0.2952
912,7479296,1869824,3146,3390.5,74.24,,-0.0154,0.1913,2.2427,0.00895,0.324
913,7487488,1871872,3148,3393.2,74.25,,-0.0014,0.4729,2.2973,0.00938,0.2997
914,7495680,1873920,3154,3396.0,73.74,,0.0043,0.8202,2.275,0.01565,0.3956
915,7503872,1875968,3155,3398.8,74.79,,0.0037,0.9937,2.0654,0.01375,0.4012
916,7512064,1878016,3157,3401.5,74.27,,-0.0051,0.4148,2.1018,0.00723,0.2948
917,7520256,1880064,3159,3404.3,74.3,,-0.0036,0.7227,2.1988,0.00791,0.2954
918,7528448,1882112,3162,3407.0,75.26,,-0.0075,0.4139,2.322,0.00846,0.3243
919,7536640,1884160,3165,3409.8,75.37,,-0.0055,0.5113,2.2851,0.00686,0.2793
920,7544832,1886208,3169,3412.5,75.41,,-0.0133,0.2679,2.2117,0.00778,0.2887
921,7553024,1888256,3171,3415.3,75.89,,-0.0071,0.3481,2.2145,0.00981,0.3264
922,7561216,1890304,3172,3418.0,75.89,,-0.0145,0.1969,2.2523,0.0072,0.3029
923,7569408,1892352,3175,3420.8,75.58,,-0.0156,0.2271,2.381,0.00926,0.3455
924,7577600,1894400,3178,3423.5,75.51,,-0.0102,0.3501,2.2615,0.00839,0.3135
925,7585792,1896448,3182,3426.3,74.47,,-0.0029,0.6133,2.2521,0.01237,0.386
926,7593984,1898496,3185,3429.1,74.41,,-0.0158,0.1745,2.0729,0.00814,0.3208
927,7602176,1900544,3185,3431.8,74.41,,0.0028,0.551,2.091,0.01205,0.3629
928,7610368,1902592,3186,3434.5,74.5,,0.0014,0.6658,2.2229,0.00938,0.3167
929,7618560,1904640,3190,3437.3,74.68,,-0.0019,0.633,2.3443,0.01423,0.3799
930,7626752,1906688,3195,3440.1,75.09,,-0.0121,0.1696,2.1941,0.01013,0.3539
931,7634944,1908736,3200,3442.9,73.89,,-0.0063,0.5408,2.0003,0.00853,0.3137
932,7643136,1910784,3200,3445.6,73.89,,-0.0134,0.2122,2.0457,0.00708,0.3235
933,7651328,1912832,3203,3448.3,74.23,,-0.0188,0.1361,2.3553,0.00737,0.3406
934,7659520,1914880,3204,3451.1,74.24,,-0.0147,0.1528,2.2984,0.0124,0.4033
935,7667712,1916928,3207,3453.8,73.21,,0.0014,0.7837,2.3897,0.01389,0.4111
936,7675904,1918976,3211,3456.6,73.78,,-0.008,0.3476,2.3481,0.00994,0.3746
937,7684096,1921024,3214,3459.4,74.47,,0.0021,1.2392,2.1165,0.01238,0.3671
938,7692288,1923072,3214,3462.1,74.47,,0.001,0.6983,2.0731,0.00852,0.321
939,7700480,1925120,3217,3464.9,75.05,,0.0012,0.5585,2.2845,0.00825,0.2985
940,7708672,1927168,3220,3467.6,75.6,,-0.0149,0.2341,2.2126,0.00736,0.2899
941,7716864,1929216,3223,3470.4,74.78,,0.0016,1.1099,2.3104,0.01089,0.3846
942,7725056,1931264,3225,3473.1,74.75,,0.0073,0.6348,2.1507,0.0172,0.4061
943,7733248,1933312,3228,3475.9,74.67,,-0.0103,0.3315,2.2229,0.0092,0.3292
944,7741440,1935360,3230,3478.6,74.57,,-0.0106,0.6162,2.261,0.00984,0.3362
945,7749632,1937408,3233,3481.4,75.63,,-0.0196,0.2079,2.1929,0.00986,0.3483
946,7757824,1939456,3235,3484.2,76.14,,0.001,1.6149,2.1684,0.01105,0.35
947,7766016,1941504,3235,3486.9,76.14,,-0.0055,0.4376,2.2413,0.00721,0.2969
948,7774208,1943552,3239,3489.6,78.23,,-0.0069,0.3233,2.3642,0.0091,0.3385
949,7782400,1945600,3241,3492.4,78.16,,0.0146,1.8936,2.2439,0.02056,0.4172
950,7790592,1947648,3243,3495.1,78.22,,0.0115,1.1789,2.2042,0.01684,0.3885
951,7798784,1949696,3247,3497.9,77.47,,-0.0124,0.2589,2.2167,0.00865,0.3281
952,7806976,1951744,3251,3500.7,79.36,,-0.0105,0.4362,2.0984,0.00946,0.3519
953,7815168,1953792,3251,3503.4,79.36,,-0.0119,0.4197,2.0095,0.00755,0.3046
954,7823360,1955840,3253,3506.2,78.82,,0.0026,0.8813,2.1519,0.01159,0.361
955,7831552,1957888,3256,3508.9,79.17,,-0.0083,0.5486,2.1434,0.0098,0.3577
956,7839744,1959936,3257,3511.7,79.61,,-0.0064,0.4531,2.1336,0.01001,0.3438
957,7847936,1961984,3260,3514.4,80.0,,-0.0086,0.6773,2.2073,0.01016,0.3564
958,7856128,1964032,3261,3517.1,79.61,,-0.0022,0.5706,2.1017,0.01057,0.3552
959,7864320,1966080,3266,3519.9,79.44,,-0.0157,0.2607,2.2343,0.00841,0.316
960,7872512,1968128,3269,3522.7,79.49,,-0.0053,0.4573,2.0478,0.00559,0.2473
961,7880704,1970176,3271,3525.4,79.88,,-0.0001,0.6345,2.0137,0.01063,0.3138
962,7888896,1972224,3272,3528.2,79.91,,-0.0067,0.3615,2.1169,0.00879,0.2988
963,7897088,1974272,3273,3530.9,79.95,,0.0072,0.8963,2.2748,0.01153,0.3701
964,7905280,1976320,3277,3533.7,80.9,,-0.0101,0.3769,2.2579,0.00904,0.3169
965,7913472,1978368,3280,3536.4,80.87,,0.0008,0.7984,2.0183,0.01209,0.3492
966,7921664,1980416,3282,3539.2,81.41,,-0.0092,0.3127,1.9825,0.00781,0.295
967,7929856,1982464,3283,3541.9,81.92,,-0.0105,0.2019,2.2913,0.0084,0.3387
968,7938048,1984512,3285,3544.7,82.45,,-0.0112,0.337,2.3053,0.00789,0.3308
969,7946240,1986560,3288,3547.4,81.65,,0.0182,1.2818,2.1984,0.01545,0.3837
970,7954432,1988608,3290,3550.2,81.12,,0.0034,0.9239,2.0916,0.01716,0.4154
971,7962624,1990656,3294,3553.0,82.83,,0.0024,0.8472,2.131,0.01013,0.3317
972,7970816,1992704,3296,3555.7,83.37,,-0.0039,0.8057,2.1931,0.00857,0.3561
973,7979008,1994752,3298,3558.5,83.35,,-0.0074,0.6687,2.1755,0.00748,0.3057
974,7987200,1996800,3304,3561.2,84.57,,-0.0042,1.3299,2.2528,0.0097,0.3358
975,7995392,1998848,3305,3564.0,84.97,,0.0114,1.4326,2.2206,0.01903,0.392
976,8003584,2000896,3307,3566.7,84.94,,-0.0005,0.6237,2.2952,0.01163,0.382
977,8011776,2002944,3310,3569.5,84.0,,0.0023,0.794,2.3464,0.01498,0.3899
978,8019968,2004992,3313,3572.2,83.99,,-0.0119,0.3549,2.2527,0.00726,0.3243
979,8028160,2007040,3315,3575.0,82.86,,0.0092,1.4049,2.0238,0.01881,0.4294
980,8036352,2009088,3316,3577.7,82.85,,-0.0024,0.5958,2.1221,0.01313,0.3409
981,8044544,2011136,3319,3580.5,82.44,,0.0069,1.3569,2.1453,0.01546,0.416
982,8052736,2013184,3321,3583.2,82.46,,-0.0094,0.2808,2.1805,0.01652,0.4343
983,8060928,2015232,3324,3586.0,82.45,,0.0059,0.8382,2.1459,0.01646,0.4248
984,8069120,2017280,3325,3588.7,82.44,,-0.0026,0.9231,2.1749,0.00964,0.3689
985,8077312,2019328,3326,3591.5,82.98,,-0.0008,1.6591,2.1878,0.00976,0.3202
986,8085504,2021376,3330,3594.3,84.95,,-0.0012,0.9331,2.2844,0.00901,0.3276
987,8093696,2023424,3331,3597.0,84.96,,-0.0018,0.9156,2.1604,0.01218,0.3605
988,8101888,2025472,3333,3599.8,85.04,,0.0001,1.0213,2.153,0.00984,0.3459
989,8110080,2027520,3335,3602.5,85.64,,-0.0106,0.6337,2.237,0.00831,0.3369
990,8118272,2029568,3335,3605.2,85.64,,-0.0069,0.6826,2.3348,0.00894,0.3242
991,8126464,2031616,3340,3608.0,87.28,,0.0063,1.1834,2.2407,0.01538,0.4003
992,8134656,2033664,3343,3610.8,87.93,,0.0016,1.1021,2.1207,0.01628,0.4091
993,8142848,2035712,3346,3613.5,89.1,,-0.0013,0.5775,2.0774,0.0116,0.3826
994,8151040,2037760,3348,3616.3,89.24,,-0.0006,0.8542,2.1248,0.00881,0.3606
995,8159232,2039808,3350,3619.0,88.62,,-0.0067,0.5024,2.2719,0.00872,0.3248
996,8167424,2041856,3351,3621.8,88.71,,-0.0029,0.8371,2.1577,0.01105,0.3569
997,8175616,2043904,3352,3624.5,88.8,,-0.0038,0.5556,2.2252,0.00838,0.3359
998,8183808,2045952,3356,3627.3,87.73,,-0.0044,0.7312,2.1595,0.01152,0.3792
999,8192000,2048000,3359,3630.0,87.3,,0.0015,1.2873,2.0522,0.0144,0.3805
1000,8200192,2050048,3360,3756.5,86.83,8715.0,0.0091,1.1351,2.1771,0.01325,0.3773
1001,8208384,2052096,3362,3759.2,87.46,,-0.0082,0.5234,2.2385,0.01008,0.3495
1002,8216576,2054144,3364,3762.0,88.67,,-0.0046,0.4587,2.2121,0.00797,0.3279
1003,8224768,2056192,3365,3764.7,88.66,,0.0045,1.0411,2.2121,0.01361,0.3883
1004,8232960,2058240,3368,3767.5,89.17,,-0.0057,0.9919,2.0567,0.01081,0.3547
1005,8241152,2060288,3370,3770.2,89.3,,-0.0014,0.6953,2.1467,0.01193,0.3657
1006,8249344,2062336,3372,3773.0,89.88,,-0.0167,0.2016,2.1453,0.01088,0.3627
1007,8257536,2064384,3372,3775.7,89.88,,0.0067,1.4629,2.2078,0.01514,0.4052
1008,8265728,2066432,3375,3778.4,90.28,,-0.0034,0.6839,2.29,0.01199,0.3517
1009,8273920,2068480,3378,3781.2,90.43,,0.0144,1.4444,2.1414,0.01817,0.4398
1010,8282112,2070528,3381,3784.0,90.25,,0.0007,0.7775,2.0904,0.00864,0.3337
1011,8290304,2072576,3381,3786.7,90.25,,-0.0029,0.6494,2.1655,0.01205,0.3766
1012,8298496,2074624,3383,3789.4,90.19,,-0.0087,0.8684,2.2343,0.00844,0.3154
1013,8306688,2076672,3384,3792.2,90.7,,-0.0044,0.8069,2.1576,0.00968,0.3618
1014,8314880,2078720,3387,3794.9,93.21,,-0.004,0.9629,2.1238,0.01089,0.3693
1015,8323072,2080768,3389,3797.7,93.16,,-0.0191,0.1908,2.1579,0.01052,0.3757
1016,8331264,2082816,3390,3800.4,93.68,,-0.0155,0.2485,2.2327,0.01101,0.3774
1017,8339456,2084864,3396,3803.2,94.78,,-0.0008,0.6201,2.2192,0.01085,0.3865
1018,8347648,2086912,3397,3806.0,95.88,,-0.0085,0.7541,2.2309,0.00776,0.3167
1019,8355840,2088960,3399,3808.7,95.32,,-0.0021,0.7789,2.2571,0.00846,0.3149
1020,8364032,2091008,3406,3811.5,92.98,,-0.0083,0.5241,2.2959,0.00946,0.3511
1021,8372224,2093056,3408,3814.3,92.44,,0.0023,0.8475,2.2049,0.01233,0.3918
1022,8380416,2095104,3409,3817.0,93.05,,-0.0058,0.4804,2.2075,0.00877,0.3163
1023,8388608,2097152,3409,3819.7,93.05,,0.0048,0.9951,2.2529,0.01268,0.4049
1024,8396800,2099200,3412,3822.5,93.12,,0.0062,1.1411,2.3117,0.00996,0.3423
1025,8404992,2101248,3415,3825.2,93.62,,-0.0028,0.8323,2.3172,0.01272,0.3767
1026,8413184,2103296,3418,3828.0,93.79,,0.0073,1.1086,2.1922,0.01452,0.4113
1027,8421376,2105344,3421,3830.8,94.16,,-0.0049,0.3569,2.139,0.00671,0.2985
1028,8429568,2107392,3423,3833.5,94.59,,0.0049,0.8822,2.2604,0.00902,0.343
1029,8437760,2109440,3426,3836.3,95.61,,0.0032,1.2686,2.1716,0.00968,0.3107
1030,8445952,2111488,3427,3839.0,94.68,,-0.0048,0.6032,2.152,0.00779,0.3298
1031,8454144,2113536,3428,3841.7,94.2,,-0.0038,0.6,2.1514,0.01205,0.3699
1032,8462336,2115584,3432,3844.5,92.65,,0.0076,1.4799,2.1921,0.02016,0.4296
1033,8470528,2117632,3434,3847.3,93.07,,-0.001,0.6731,2.1234,0.01134,0.3759
1034,8478720,2119680,3438,3850.0,92.49,,-0.001,0.6367,2.2362,0.00937,0.3665
1035,8486912,2121728,3440,3852.8,91.84,,0.0033,0.6448,1.9961,0.00952,0.3245
1036,8495104,2123776,3445,3855.6,89.54,,-0.002,0.5265,2.1052,0.01023,0.3774
1037,8503296,2125824,3446,3858.3,89.58,,-0.0046,0.5142,2.109,0.00845,0.3389
1038,8511488,2127872,3448,3861.0,89.05,,-0.0145,0.2865,2.1945,0.00841,0.3268
1039,8519680,2129920,3453,3863.8,87.25,,-0.0051,0.5962,2.1237,0.00808,0.3018
1040,8527872,2131968,3454,3866.5,86.76,,-0.0067,0.2805,2.1454,0.00946,0.3365
1041,8536064,2134016,3459,3869.3,87.46,,-0.0042,0.467,2.125,0.01006,0.3311
1042,8544256,2136064,3462,3872.1,86.39,,-0.0107,0.4374,1.9705,0.01049,0.3766
1043,8552448,2138112,3464,3874.8,84.1,,0.0028,0.8887,1.802,0.01696,0.3903
1044,8560640,2140160,3465,3877.6,83.99,,-0.004,0.5186,2.0429,0.01291,0.3771
1045,8568832,2142208,3465,3880.3,83.99,,-0.0109,0.4168,2.1446,0.0083,0.3212
1046,8577024,2144256,3468,3883.1,83.44,,-0.0037,0.6973,2.2104,0.01104,0.3579
1047,8585216,2146304,3470,3885.8,82.48,,0.0127,1.5323,2.1525,0.02886,0.5209
1048,8593408,2148352,3472,3888.6,82.89,,-0.0035,1.0946,2.0979,0.01336,0.3744
1049,8601600,2150400,3475,3891.3,82.18,,-0.0029,0.5891,2.0782,0.01459,0.3756
1050,8609792,2152448,3479,3894.1,83.81,,0.003,0.9569,1.9373,0.01346,0.3715
1051,8617984,2154496,3480,3896.9,83.68,,0.0024,1.2565,1.8372,0.01116,0.3489
1052,8626176,2156544,3482,3899.6,84.2,,0.0009,0.9296,2.0512,0.0148,0.3789
1053,8634368,2158592,3482,3902.3,84.2,,0.0084,0.7657,2.19,0.01917,0.4485
1054,8642560,2160640,3484,3905.1,83.18,,0.0007,0.802,2.1549,0.01086,0.3478
1055,8650752,2162688,3488,3907.9,83.23,,-0.0034,0.4841,2.1635,0.01161,0.3705
1056,8658944,2164736,3491,3910.6,84.5,,0.0002,0.569,2.0798,0.01509,0.4105
1057,8667136,2166784,3493,3913.4,83.5,,-0.0075,0.8309,2.0574,0.00853,0.3392
1058,8675328,2168832,3496,3916.1,82.37,,-0.0074,0.4006,2.1132,0.01073,0.356
1059,8683520,2170880,3498,3918.9,82.15,,-0.0046,0.6098,2.1119,0.01098,0.3746
1060,8691712,2172928,3500,3921.6,82.61,,0.0101,0.8293,2.0862,0.02014,0.4617
1061,8699904,2174976,3502,3924.4,83.26,,-0.0095,0.5136,2.1935,0.00783,0.3146
1062,8708096,2177024,3504,3927.1,83.34,,-0.0001,1.2158,2.1492,0.01175,0.3643
1063,8716288,2179072,3505,3929.9,83.37,,-0.0057,0.9068,2.1954,0.00583,0.2722
1064,8724480,2181120,3509,3932.6,83.53,,-0.0061,1.1,2.0866,0.01026,0.3563
1065,8732672,2183168,3509,3935.4,83.53,,0.0075,1.7694,2.0708,0.00986,0.3127
1066,8740864,2185216,3514,3938.1,85.9,,0.0036,1.1911,2.2838,0.01151,0.3716
1067,8749056,2187264,3517,3940.9,86.18,,-0.0114,0.4684,2.0734,0.00954,0.3577
1068,8757248,2189312,3518,3943.6,87.25,,0.0021,1.1396,1.988,0.00785,0.288
1069,8765440,2191360,3519,3946.4,86.34,,-0.0048,1.2029,2.1656,0.00929,0.3267
1070,8773632,2193408,3521,3949.1,88.0,,0.0086,1.2123,2.2415,0.01382,0.411
1071,8781824,2195456,3524,3951.9,87.45,,-0.0036,0.506,2.211,0.0092,0.3379
1072,8790016,2197504,3530,3954.7,88.64,,-0.0075,0.6561,2.0335,0.01175,0.3647
1073,8798208,2199552,3532,3957.4,89.14,,-0.0098,0.5875,2.034,0.00895,0.3153
1074,8806400,2201600,3534,3960.2,88.09,,-0.0015,0.8524,1.9854,0.01211,0.3793
1075,8814592,2203648,3537,3962.9,87.5,,-0.0024,0.7821,2.099,0.00692,0.2358
1076,8822784,2205696,3537,3965.6,87.5,,0.0086,1.4977,2.1089,0.01647,0.3734
1077,8830976,2207744,3538,3968.4,87.57,,0.0036,1.7277,2.3066,0.01222,0.4163
1078,8839168,2209792,3541,3971.1,87.06,,0.0007,0.89,2.3951,0.01132,0.3861
1079,8847360,2211840,3546,3973.9,87.6,,0.0113,1.7166,2.2989,0.01573,0.3967
1080,8855552,2213888,3550,3976.7,89.8,,0.0062,0.6755,2.3131,0.01405,0.4033
1081,8863744,2215936,3552,3979.4,90.1,,-0.0085,0.3848,2.2796,0.00978,0.3883
1082,8871936,2217984,3555,3982.2,89.5,,-0.0018,0.8081,2.2853,0.01144,0.3918
1083,8880128,2220032,3559,3985.0,87.9,,0.0081,2.0368,2.1844,0.01282,0.4005
1084,8888320,2222080,3561,3987.7,87.25,,-0.0055,0.6004,2.1709,0.00945,0.3458
1085,8896512,2224128,3563,3990.4,86.7,,-0.0032,0.5261,2.1693,0.00659,0.2828
1086,8904704,2226176,3567,3993.2,88.26,,0.0008,0.9556,2.2082,0.00875,0.3345
1087,8912896,2228224,3568,3996.0,87.86,,0.0093,1.4104,2.1105,0.01628,0.4117
1088,8921088,2230272,3570,3998.7,87.7,,0.0113,1.6776,2.2361,0.01409,0.3865
1089,8929280,2232320,3575,4001.5,86.56,,0.0017,0.5655,2.1868,0.01329,0.4016
1090,8937472,2234368,3577,4004.2,85.59,,-0.0069,0.4349,2.2142,0.01042,0.349
1091,8945664,2236416,3579,4007.0,84.45,,0.0015,0.676,2.1297,0.00959,0.3319
1092,8953856,2238464,3582,4009.7,82.88,,-0.0084,0.6119,2.2073,0.00919,0.3361
1093,8962048,2240512,3582,4012.5,82.88,,-0.0029,0.5857,2.1502,0.01135,0.3763
1094,8970240,2242560,3588,4015.2,79.7,,0.0041,1.4183,2.1686,0.01787,0.4159
1095,8978432,2244608,3592,4018.0,77.36,,-0.0093,0.5519,2.0629,0.01113,0.3666
1096,8986624,2246656,3593,4020.8,77.84,,0.0082,1.2401,1.9148,0.01269,0.4032
1097,8994816,2248704,3595,4023.5,76.79,,0.0127,1.6668,2.0229,0.01999,0.4062
1098,9003008,2250752,3598,4026.3,76.88,,-0.0053,0.6398,2.2269,0.01267,0.39
1099,9011200,2252800,3598,4029.0,76.88,,0.0003,1.4775,2.1027,0.0112,0.3505
1100,9019392,2254848,3599,4144.4,77.41,11351.0,-0.0019,0.8841,2.0986,0.00996,0.3411
1101,9027584,2256896,3604,4147.2,78.24,,-0.0014,1.6382,2.1683,0.00793,0.2982
1102,9035776,2258944,3606,4149.9,79.66,,-0.0058,0.589,2.059,0.01204,0.3937
1103,9043968,2260992,3608,4152.7,80.63,,0.0011,1.2311,2.0522,0.01214,0.3887
1104,9052160,2263040,3610,4155.4,80.61,,0.0075,0.5975,2.1005,0.01334,0.3901
1105,9060352,2265088,3612,4158.2,80.22,,-0.012,0.3309,2.0916,0.01076,0.3694
1106,9068544,2267136,3613,4160.9,80.83,,0.0108,1.7175,2.0438,0.01438,0.4214
1107,9076736,2269184,3616,4163.7,80.62,,-0.0087,0.7721,2.0637,0.00799,0.3058
1108,9084928,2271232,3619,4166.4,79.93,,0.0111,0.8909,2.0053,0.01698,0.4171
1109,9093120,2273280,3621,4169.2,79.36,,0.003,0.5795,2.0282,0.01309,0.3998
1110,9101312,2275328,3621,4171.9,79.36,,0.0023,1.1636,1.9937,0.00822,0.3174
1111,9109504,2277376,3621,4174.7,79.36,,0.0047,1.4481,2.1265,0.00973,0.2896
1112,9117696,2279424,3622,4177.4,79.86,,0.0032,2.0822,2.1121,0.0134,0.3889
1113,9125888,2281472,3625,4180.2,80.91,,0.0081,2.4737,2.164,0.01489,0.3995
1114,9134080,2283520,3629,4182.9,82.85,,0.0008,1.216,2.0596,0.01089,0.3541
1115,9142272,2285568,3631,4185.7,82.38,,-0.0037,0.972,2.0172,0.00823,0.3135
1116,9150464,2287616,3634,4188.4,86.33,,0.0005,1.3132,1.9783,0.01496,0.4036
1117,9158656,2289664,3636,4191.2,87.94,,-0.0017,0.7695,1.9171,0.00902,0.3486
1118,9166848,2291712,3637,4193.9,87.47,,0.0006,0.9113,1.8973,0.01124,0.3577
1119,9175040,2293760,3638,4196.7,87.88,,-0.0106,0.5894,1.9868,0.00844,0.3241
1120,9183232,2295808,3644,4199.5,90.25,,-0.0049,0.9673,2.0506,0.00874,0.334
1121,9191424,2297856,3646,4202.2,89.7,,0.0072,0.9994,1.8836,0.02332,0.4713
1122,9199616,2299904,3647,4204.9,90.23,,-0.0075,0.5891,1.9198,0.01122,0.3268
1123,9207808,2301952,3647,4207.7,90.23,,-0.003,0.5256,2.1308,0.01017,0.3467
1124,9216000,2304000,3650,4210.4,89.82,,0.0169,1.2265,2.1531,0.02127,0.4727
1125,9224192,2306048,3653,4213.2,93.11,,0.0015,1.1788,2.1471,0.01306,0.3707
1126,9232384,2308096,3654,4215.9,92.63,,-0.0041,1.11,2.1822,0.01132,0.347
1127,9240576,2310144,3659,4218.7,95.76,,-0.0052,0.7629,2.2287,0.00908,0.3403
1128,9248768,2312192,3661,4221.5,95.85,,0.0141,1.2895,2.1212,0.01689,0.3988
1129,9256960,2314240,3664,4224.2,96.46,,-0.0058,0.9639,1.9513,0.00978,0.3381
1130,9265152,2316288,3667,4227.0,97.87,,0.0051,0.9296,1.9609,0.01669,0.4012
1131,9273344,2318336,3667,4229.7,97.87,,0.0089,1.2827,2.138,0.01313,0.3876
1132,9281536,2320384,3668,4232.5,97.29,,-0.0028,0.7876,2.219,0.00773,0.2966
1133,9289728,2322432,3671,4235.2,97.44,,0.0077,1.7804,2.2232,0.01401,0.4006
1134,9297920,2324480,3675,4238.0,98.53,,0.0146,1.7252,2.074,0.01707,0.4103
1135,9306112,2326528,3676,4240.7,99.49,,0.0088,1.4282,1.9053,0.01603,0.4086
1136,9314304,2328576,3677,4243.5,100.89,,-0.0039,0.7672,1.9358,0.01159,0.3782
1137,9322496,2330624,3680,4246.2,104.17,,0.0096,1.9026,2.0478,0.01922,0.4326
1138,9330688,2332672,3681,4249.0,104.63,,0.0005,1.4791,2.0042,0.01385,0.3961
1139,9338880,2334720,3683,4251.7,107.23,,0.0058,1.9536,2.0486,0.01886,0.4304
1140,9347072,2336768,3683,4254.5,107.23,,0.007,1.0589,2.1163,0.02077,0.4387
1141,9355264,2338816,3684,4257.2,107.72,,0.0212,1.4163,2.1636,0.03524,0.5374
1142,9363456,2340864,3689,4260.0,110.27,,0.0026,1.4119,2.1099,0.01843,0.403
1143,9371648,2342912,3691,4262.7,112.22,,0.0139,1.438,1.9554,0.01678,0.4174
1144,9379840,2344960,3694,4265.5,113.31,,-0.0051,0.7321,2.004,0.01044,0.351
1145,9388032,2347008,3695,4268.2,113.46,,0.0028,1.1574,1.9938,0.01564,0.3973
1146,9396224,2349056,3696,4270.9,113.05,,0.0102,2.1573,2.1167,0.01927,0.4366
1147,9404416,2351104,3700,4273.7,114.03,,0.0008,1.159,2.0691,0.01273,0.3894
1148,9412608,2353152,3700,4276.4,114.03,,0.0041,1.4967,1.9125,0.01291,0.3507
1149,9420800,2355200,3703,4279.2,115.92,,0.0025,2.0472,1.949,0.02102,0.4136
1150,9428992,2357248,3703,4281.9,115.92,,-0.0003,0.9856,1.9385,0.01225,0.3618
1151,9437184,2359296,3704,4284.7,115.97,,0.01,2.6102,1.9893,0.01786,0.3684
1152,9445376,2361344,3707,4287.4,117.99,,0.0028,1.1994,2.1087,0.01799,0.4481
1153,9453568,2363392,3709,4290.2,118.99,,0.006,1.5995,1.9632,0.01934,0.4398
1154,9461760,2365440,3710,4292.9,119.46,,-0.0006,1.3,2.0664,0.01659,0.4229
1155,9469952,2367488,3710,4295.6,119.46,,-0.0088,0.5209,2.1755,0.01152,0.4017
1156,9478144,2369536,3714,4298.4,121.7,,0.0007,1.4076,2.1712,0.01101,0.3564
1157,9486336,2371584,3719,4301.2,124.33,,-0.0055,1.2047,2.1213,0.01152,0.3489
1158,9494528,2373632,3721,4303.9,124.34,,-0.0013,0.6539,1.9406,0.01147,0.3646
1159,9502720,2375680,3723,4306.7,123.83,,-0.0121,0.4062,1.9692,0.00975,0.3489
1160,9510912,2377728,3724,4309.4,123.84,,-0.0074,0.7091,2.0344,0.0111,0.3538
1161,9519104,2379776,3724,4312.1,123.84,,-0.0008,1.4454,2.0451,0.01366,0.3802
1162,9527296,2381824,3728,4314.9,122.76,,-0.0068,0.5618,2.1708,0.01084,0.3729
1163,9535488,2383872,3730,4317.7,122.22,,0.0034,0.8241,1.996,0.017,0.4177
1164,9543680,2385920,3732,4320.4,120.67,,0.0055,1.1412,1.9243,0.01355,0.3795
1165,9551872,2387968,3733,4323.1,120.13,,-0.011,0.3128,1.9447,0.01533,0.4194
1166,9560064,2390016,3736,4325.9,119.22,,-0.0004,0.9673,2.0488,0.01123,0.3794
1167,9568256,2392064,3737,4328.6,120.76,,-0.0087,0.8522,2.0977,0.00709,0.2825
1168,9576448,2394112,3740,4331.4,117.9,,0.0095,1.5098,2.0856,0.01432,0.3868
1169,9584640,2396160,3744,4334.2,119.27,,0.0007,1.0489,2.1322,0.01398,0.3929
1170,9592832,2398208,3744,4336.9,119.27,,0.0105,1.438,2.0153,0.02039,0.4034
1171,9601024,2400256,3746,4339.7,122.32,,-0.0043,0.6852,1.9877,0.00966,0.3654
1172,9609216,2402304,3749,4342.4,123.18,,-0.0102,0.7124,2.0674,0.0082,0.3322
1173,9617408,2404352,3751,4345.2,123.25,,0.0021,1.8394,2.0557,0.01456,0.3878
1174,9625600,2406400,3754,4347.9,122.29,,0.0172,1.4827,1.991,0.02461,0.4525
1175,9633792,2408448,3756,4350.7,122.07,,-0.0015,1.2016,1.9595,0.01379,0.3917
1176,9641984,2410496,3759,4353.4,121.73,,-0.0042,0.8199,2.1107,0.01606,0.4047
1177,9650176,2412544,3762,4356.2,123.57,,0.0055,1.0552,2.0659,0.0176,0.4385
1178,9658368,2414592,3763,4358.9,124.58,,0.0007,0.8305,2.0864,0.00914,0.3245
1179,9666560,2416640,3766,4361.7,125.45,,-0.005,0.8616,2.1863,0.01269,0.381
1180,9674752,2418688,3766,4364.4,125.45,,-0.0034,0.9561,1.9919,0.01313,0.3903
1181,9682944,2420736,3768,4367.2,125.16,,0.0066,2.102,2.0675,0.01151,0.3611
1182,9691136,2422784,3769,4369.9,125.7,,0.0012,0.9501,1.9911,0.015,0.4182
1183,9699328,2424832,3772,4372.7,128.68,,-0.0048,1.3322,2.0437,0.01162,0.395
1184,9707520,2426880,3777,4375.5,125.22,,0.0013,1.1646,1.894,0.01112,0.3567
1185,9715712,2428928,3777,4378.2,125.22,,0.0055,1.3223,1.8045,0.01784,0.3793
1186,9723904,2430976,3779,4381.0,123.69,,0.0019,1.4514,2.0221,0.01103,0.355
1187,9732096,2433024,3780,4383.7,123.67,,-0.0019,1.0862,2.0621,0.01079,0.3717
1188,9740288,2435072,3785,4386.5,122.08,,-0.006,0.7002,2.0419,0.01221,0.354
1189,9748480,2437120,3786,4389.2,121.55,,0.0071,1.998,1.8859,0.01694,0.4325
1190,9756672,2439168,3789,4392.0,121.28,,0.0033,1.1614,2.1393,0.01398,0.3794
1191,9764864,2441216,3790,4394.7,121.73,,-0.0029,0.8014,2.2176,0.0092,0.3219
1192,9773056,2443264,3793,4397.5,121.14,,-0.0152,0.3783,2.1741,0.00806,0.3335
1193,9781248,2445312,3796,4400.3,121.09,,-0.0071,0.4466,2.121,0.01133,0.3743
1194,9789440,2447360,3801,4403.0,119.01,,-0.0023,1.0334,2.0698,0.00876,0.343
1195,9797632,2449408,3803,4405.8,116.92,,0.0007,1.0456,1.9143,0.01364,0.3799
1196,9805824,2451456,3803,4408.5,116.92,,0.0025,1.0225,1.9588,0.01353,0.4135
1197,9814016,2453504,3804,4411.3,117.31,,0.0058,1.2056,2.1004,0.01323,0.3997
1198,9822208,2455552,3808,4414.0,114.7,,0.0037,1.1953,2.1446,0.01115,0.3599
1199,9830400,2457600,3809,4416.8,114.16,,-0.0017,0.9983,2.1777,0.01177,0.3545
1200,9838592,2459648,3817,4521.3,109.48,6060.0,-0.0037,0.7183,2.2594,0.01187,0.405
1201,9846784,2461696,3819,4524.0,108.4,,-0.0068,0.6665,2.07,0.01029,0.3673
1202,9854976,2463744,3820,4526.8,107.9,,-0.008,0.868,1.9558,0.00854,0.3381
1203,9863168,2465792,3821,4529.5,106.82,,-0.0049,1.1751,1.9728,0.0101,0.3203
1204,9871360,2467840,3823,4532.2,106.24,,-0.0062,0.6754,1.937,0.00931,0.3475
1205,9879552,2469888,3824,4535.0,107.27,,-0.0006,0.7463,1.8831,0.01146,0.3699
1206,9887744,2471936,3825,4537.7,106.79,,0.0046,1.4011,1.9958,0.01534,0.4087
1207,9895936,2473984,3827,4540.5,106.46,,0.0017,0.6664,2.118,0.01056,0.3726
1208,9904128,2476032,3830,4543.2,107.68,,0.0056,2.1876,2.0197,0.01413,0.4153
1209,9912320,2478080,3832,4546.0,108.21,,0.0004,1.1314,1.8732,0.01311,0.3225
1210,9920512,2480128,3834,4548.7,108.88,,-0.003,1.0654,1.8812,0.01105,0.3341
1211,9928704,2482176,3834,4551.5,108.88,,0.0022,0.7381,1.7516,0.01363,0.3726
1212,9936896,2484224,3836,4554.2,109.81,,-0.0013,0.7914,1.9122,0.00838,0.3292
1213,9945088,2486272,3837,4557.0,110.25,,0.0035,1.2711,1.8514,0.01706,0.3757
1214,9953280,2488320,3839,4559.7,112.16,,-0.0004,0.8148,1.9514,0.01178,0.3419
1215,9961472,2490368,3841,4562.5,114.23,,0.0073,2.1,1.8382,0.01741,0.4139
1216,9969664,2492416,3844,4565.2,115.39,,0.0085,1.3482,1.9682,0.0121,0.3438
1217,9977856,2494464,3844,4567.9,115.39,,0.0011,1.2798,1.901,0.01599,0.4242
1218,9986048,2496512,3845,4570.7,114.7,,0.0082,1.3399,2.0255,0.01718,0.4332
1219,9994240,2498560,3849,4573.4,113.92,,0.0091,2.5583,2.0895,0.01983,0.4375
1220,10002432,2500608,3851,4576.2,113.86,,-0.0029,1.016,2.0019,0.00945,0.3628
1221,10010624,2502656,3854,4578.9,117.05,,0.0022,2.1415,1.9958,0.01475,0.4091
1222,10018816,2504704,3855,4581.7,116.4,,0.0004,0.8757,2.0305,0.01348,0.4049
1223,10027008,2506752,3856,4584.4,118.47,,-0.0023,0.5779,2.173,0.01153,0.3907
1224,10035200,2508800,3859,4587.2,119.86,,-0.0084,0.7327,2.1917,0.00866,0.3418
1225,10043392,2510848,3863,4589.9,117.52,,-0.0017,1.1796,2.0972,0.0109,0.365
1226,10051584,2512896,3865,4592.7,118.6,,-0.0046,0.7602,1.836,0.00959,0.3356
1227,10059776,2514944,3867,4595.4,118.13,,-0.0051,1.2842,1.8853,0.00801,0.3038
1228,10067968,2516992,3867,4598.2,118.13,,-0.007,0.8672,1.8352,0.00854,0.307
1229,10076160,2519040,3868,4600.9,118.45,,-0.0065,0.6702,2.0011,0.00633,0.2692
1230,10084352,2521088,3870,4603.6,119.51,,0.0027,0.955,1.9659,0.01272,0.3834
1231,10092544,2523136,3873,4606.4,118.95,,-0.0024,1.1924,1.9904,0.01092,0.3485
1232,10100736,2525184,3873,4609.1,118.95,,-0.0035,1.1015,1.9039,0.00957,0.339
1233,10108928,2527232,3875,4611.9,120.54,,0.0117,1.718,1.9859,0.01654,0.4242
1234,10117120,2529280,3877,4614.6,122.36,,-0.0034,0.9421,1.9635,0.01056,0.3622
1235,10125312,2531328,3879,4617.4,124.91,,-0.0066,0.6467,1.9338,0.00863,0.3075
1236,10133504,2533376,3880,4620.1,125.83,,-0.0046,0.9868,1.9257,0.00734,0.3051
1237,10141696,2535424,3881,4622.9,126.7,,-0.0012,1.1132,1.8998,0.00898,0.3424
1238,10149888,2537472,3885,4625.6,129.35,,-0.0033,0.9569,2.002,0.01044,0.3328
1239,10158080,2539520,3887,4628.4,131.34,,0.0015,1.4296,1.957,0.0126,0.3673
1240,10166272,2541568,3888,4631.1,132.33,,-0.0033,0.7645,2.0217,0.00911,0.3556
1241,10174464,2543616,3891,4633.9,132.95,,-0.0014,0.8275,1.9494,0.01193,0.3783
1242,10182656,2545664,3892,4636.6,133.53,,-0.0022,1.0244,1.9636,0.01382,0.3958
1243,10190848,2547712,3895,4639.4,134.86,,-0.0002,1.4927,1.9215,0.01145,0.3413
1244,10199040,2549760,3896,4642.1,134.86,,-0.0026,0.6725,1.9257,0.01429,0.381
1245,10207232,2551808,3897,4644.9,135.22,,-0.0042,1.0795,1.9984,0.00926,0.3411
1246,10215424,2553856,3900,4647.6,137.99,,0.0017,1.3075,2.0437,0.01014,0.3286
1247,10223616,2555904,3901,4650.3,138.32,,0.003,1.4341,1.9206,0.01311,0.353
1248,10231808,2557952,3903,4653.1,140.1,,0.0037,0.9463,2.0558,0.01088,0.3538
1249,10240000,2560000,3906,4655.8,143.21,,0.0006,0.6655,1.9353,0.00956,0.3466
1250,10248192,2562048,3907,4658.6,142.75,,-0.0012,0.8013,1.9696,0.00997,0.3177
1251,10256384,2564096,3908,4661.3,143.16,,-0.0084,0.8484,2.0883,0.01187,0.3729
1252,10264576,2566144,3911,4664.1,146.27,,0.0031,1.3535,2.0069,0.01339,0.4253
1253,10272768,2568192,3912,4666.8,145.82,,0.0031,1.2314,2.0091,0.01325,0.3746
1254,10280960,2570240,3912,4669.5,145.82,,-0.0052,0.7605,2.1498,0.01368,0.403
1255,10289152,2572288,3915,4672.3,146.07,,-0.0033,0.9661,2.053,0.01128,0.4069
1256,10297344,2574336,3917,4675.0,147.56,,0.0031,0.849,2.0358,0.01389,0.3785
1257,10305536,2576384,3919,4677.8,149.16,,-0.003,1.0969,1.967,0.0112,0.3373
1258,10313728,2578432,3919,4680.5,149.16,,0.0016,0.9337,2.0846,0.01137,0.3684
1259,10321920,2580480,3921,4683.3,152.56,,-0.0033,0.7136,2.1683,0.01433,0.3967
1260,10330112,2582528,3925,4686.0,152.72,,-0.0022,0.6317,2.1033,0.01239,0.4067
1261,10338304,2584576,3927,4688.8,153.92,,-0.0012,0.7701,1.9344,0.0081,0.3093
1262,10346496,2586624,3930,4691.5,155.59,,0.0007,1.4277,2.0564,0.00763,0.2968
1263,10354688,2588672,3931,4694.3,155.58,,0.0005,1.744,2.0984,0.01064,0.3481
1264,10362880,2590720,3933,4697.0,156.33,,-0.0056,0.9561,2.1782,0.01036,0.3666
1265,10371072,2592768,3934,4699.7,155.65,,-0.0044,0.7842,2.1535,0.01021,0.3523
1266,10379264,2594816,3938,4702.5,154.76,,0.0048,2.8596,2.0675,0.01053,0.3378
1267,10387456,2596864,3940,4705.3,152.81,,-0.0008,0.9487,2.0713,0.01106,0.355
1268,10395648,2598912,3942,4708.0,152.76,,-0.0056,0.5342,2.0094,0.00877,0.3551
1269,10403840,2600960,3945,4710.7,151.43,,0.0089,1.6661,2.0582,0.01654,0.4203
1270,10412032,2603008,3947,4713.5,150.77,,0.0057,1.3154,2.0143,0.01906,0.4186
1271,10420224,2605056,3948,4716.2,149.65,,-0.0061,0.5971,2.0246,0.00876,0.3451
1272,10428416,2607104,3952,4719.0,146.96,,0.0054,1.6811,2.0938,0.01082,0.3655
1273,10436608,2609152,3954,4721.7,146.63,,-0.0028,0.9026,1.9857,0.01421,0.373
1274,10444800,2611200,3955,4724.5,147.34,,-0.0049,0.8969,1.9802,0.0074,0.3146
1275,10452992,2613248,3956,4727.2,146.42,,-0.0072,1.0216,1.9939,0.00943,0.3318
1276,10461184,2615296,3956,4729.9,146.42,,0.0061,1.5848,2.0431,0.01304,0.3839
1277,10469376,2617344,3957,4732.7,146.99,,0.0054,1.2634,2.0902,0.01441,0.3888
1278,10477568,2619392,3961,4735.4,149.42,,0.0001,1.0129,2.1014,0.01152,0.3763
1279,10485760,2621440,3965,4738.2,148.79,,0.0128,1.4061,1.9965,0.016,0.4086
1280,10493952,2623488,3968,4741.0,151.28,,-0.0039,0.9979,1.9912,0.01119,0.3479
1281,10502144,2625536,3968,4743.7,151.28,,-0.002,1.0144,1.9034,0.01362,0.3977
1282,10510336,2627584,3969,4746.4,149.13,,0.0006,1.0089,2.0727,0.01659,0.4348
1283,10518528,2629632,3970,4749.2,149.21,,-0.0093,0.5042,2.1113,0.01128,0.3794
1284,10526720,2631680,3973,4751.9,150.72,,-0.0037,1.2099,2.083,0.01008,0.3646
1285,10534912,2633728,3978,4754.7,150.13,,-0.0018,1.1606,2.1169,0.01067,0.3525
1286,10543104,2635776,3979,4757.4,149.7,,-0.0007,0.7554,2.0586,0.01168,0.3679
1287,10551296,2637824,3980,4760.2,149.69,,-0.0045,0.6116,2.0903,0.01233,0.3685
1288,10559488,2639872,3981,4762.9,149.31,,-0.0024,0.9439,2.0241,0.01273,0.3577
1289,10567680,2641920,3984,4765.7,146.41,,-0.0015,1.0249,2.0195,0.00991,0.3312
1290,10575872,2643968,3988,4768.4,143.48,,0.0116,2.1673,1.9761,0.01575,0.3871
1291,10584064,2646016,3989,4771.2,143.49,,-0.0017,0.6846,1.9651,0.01119,0.3553
1292,10592256,2648064,3991,4773.9,144.42,,-0.008,0.8012,1.9326,0.01196,0.3859
1293,10600448,2650112,3992,4776.7,144.43,,-0.0019,0.5363,2.0321,0.0144,0.412
1294,10608640,2652160,3995,4779.4,145.61,,0.0039,1.3214,1.9651,0.0148,0.4207
1295,10616832,2654208,3996,4782.2,144.1,,-0.0031,1.0626,1.942,0.01149,0.3704
1296,10625024,2656256,3999,4784.9,143.59,,-0.0104,0.4529,1.9511,0.0106,0.3645
1297,10633216,2658304,4000,4787.6,144.12,,-0.0063,0.427,1.9345,0.01358,0.397
1298,10641408,2660352,4002,4790.4,142.54,,0.0022,0.7982,1.8266,0.01267,0.3616
1299,10649600,2662400,4004,4793.1,141.33,,-0.0049,0.5152,1.8652,0.00783,0.3065
1300,10657792,2664448,4005,4937.3,140.86,15047.0,0.0005,1.3305,1.7679,0.00926,0.3319
1301,10665984,2666496,4006,4940.0,141.03,,-0.0152,0.3354,1.9226,0.00906,0.298
1302,10674176,2668544,4007,4942.8,141.07,,-0.0122,0.3502,1.9388,0.01127,0.3557
1303,10682368,2670592,4009,4945.5,141.65,,-0.0035,0.4324,1.9367,0.00958,0.3602
1304,10690560,2672640,4010,4948.2,140.57,,-0.0011,1.1938,1.8965,0.0123,0.3925
1305,10698752,2674688,4012,4951.0,141.75,,-0.0004,0.8903,1.9444,0.01443,0.3627
1306,10706944,2676736,4014,4953.8,142.58,,-0.0117,0.5014,1.9325,0.01043,0.356
1307,10715136,2678784,4014,4956.5,142.58,,-0.0015,0.5079,1.9735,0.01068,0.3646
1308,10723328,2680832,4018,4959.3,145.99,,-0.0063,0.6954,1.9543,0.00755,0.2861
1309,10731520,2682880,4022,4962.0,145.22,,0.0026,1.6146,1.9085,0.01424,0.3988
1310,10739712,2684928,4024,4964.8,147.29,,-0.0098,0.2757,1.7979,0.0131,0.3738
1311,10747904,2686976,4024,4967.5,147.29,,0.0002,0.9494,1.7785,0.01757,0.4202
1312,10756096,2689024,4024,4970.3,147.29,,-0.0082,0.4822,1.9383,0.00782,0.3259
1313,10764288,2691072,4026,4973.0,145.81,,-0.0015,1.368,1.8409,0.01336,0.3646
1314,10772480,2693120,4029,4975.8,147.17,,-0.003,1.121,1.8396,0.01063,0.3314
1315,10780672,2695168,4032,4978.6,146.38,,-0.0062,0.8202,1.8371,0.00843,0.3226
1316,10788864,2697216,4034,4981.3,146.66,,0.0052,1.3385,1.8618,0.01119,0.3546
1317,10797056,2699264,4035,4984.1,147.22,,-0.001,0.7796,1.7908,0.01272,0.3582
1318,10805248,2701312,4036,4986.8,146.73,,-0.0099,0.4729,1.863,0.01138,0.3285
1319,10813440,2703360,4038,4989.6,149.06,,-0.0099,0.554,1.8588,0.01,0.3395
1320,10821632,2705408,4039,4992.3,149.96,,-0.0047,0.7215,1.8985,0.01301,0.3579
1321,10829824,2707456,4041,4995.1,150.49,,-0.0025,1.2304,1.7911,0.01169,0.327
1322,10838016,2709504,4043,4997.8,151.12,,-0.0056,0.68,1.8366,0.00887,0.2788
1323,10846208,2711552,4045,5000.6,151.91,,-0.002,0.8411,1.8766,0.01403,0.3444
1324,10854400,2713600,4045,5003.3,151.91,,-0.0075,0.4819,1.9659,0.00956,0.3262
1325,10862592,2715648,4046,5006.1,152.4,,0.0073,1.7342,1.9406,0.01648,0.407
1326,10870784,2717696,4049,5008.8,156.12,,0.0016,0.7291,2.0308,0.01036,0.3495
1327,10878976,2719744,4051,5011.6,158.71,,-0.0001,1.2157,1.9905,0.00984,0.3232
1328,10887168,2721792,4054,5014.3,160.07,,0.0008,0.6666,1.9391,0.01773,0.3719
1329,10895360,2723840,4054,5017.1,160.07,,-0.0102,0.3634,1.9422,0.01075,0.3547
1330,10903552,2725888,4056,5019.8,159.96,,0.0001,0.911,2.016,0.01218,0.3608
1331,10911744,2727936,4057,5022.6,160.29,,-0.0085,0.6111,2.0149,0.00808,0.3192
1332,10919936,2729984,4059,5025.3,161.46,,-0.0023,0.5936,2.0056,0.00987,0.3533
1333,10928128,2732032,4061,5028.1,160.94,,0.0039,1.2482,1.9981,0.01383,0.3896
1334,10936320,2734080,4065,5030.9,162.73,,-0.008,0.8037,2.0619,0.00741,0.317
1335,10944512,2736128,4068,5033.6,161.43,,-0.0027,0.6136,2.0439,0.01223,0.3718
1336,10952704,2738176,4069,5036.4,162.51,,-0.0091,0.5031,1.901,0.01325,0.3528
1337,10960896,2740224,4070,5039.1,161.87,,-0.0032,0.6901,1.913,0.01202,0.3525
1338,10969088,2742272,4072,5041.9,160.91,,-0.0068,0.4306,1.9395,0.01007,0.3146
1339,10977280,2744320,4075,5044.6,158.48,,0.0099,2.2624,1.9287,0.01577,0.4036
1340,10985472,2746368,4076,5047.4,159.05,,0.0111,0.9254,1.8914,0.01602,0.3889
1341,10993664,2748416,4078,5050.1,158.12,,-0.0013,0.709,1.8793,0.0094,0.3279
1342,11001856,2750464,4081,5052.9,156.74,,0.0037,1.2466,1.9122,0.00962,0.3264
1343,11010048,2752512,4082,5055.6,155.65,,-0.0053,0.6097,1.8762,0.01425,0.3918
1344,11018240,2754560,4083,5058.4,156.69,,0.0043,1.3189,1.9079,0.0142,0.3557
1345,11026432,2756608,4083,5061.1,156.69,,-0.0065,0.6594,1.9483,0.01063,0.3398
1346,11034624,2758656,4084,5063.9,157.72,,0.006,1.1477,1.913,0.02606,0.4529
1347,11042816,2760704,4086,5066.6,159.32,,-0.0018,0.9542,1.8369,0.01062,0.3497
1348,11051008,2762752,4087,5069.4,159.5,,0.0011,1.4651,1.8277,0.01019,0.3331
1349,11059200,2764800,4088,5072.1,161.06,,0.0053,1.1381,1.8556,0.01492,0.361
1350,11067392,2766848,4090,5074.9,160.71,,0.0019,1.6188,1.8917,0.01574,0.3801
1351,11075584,2768896,4092,5077.6,161.53,,-0.0026,0.4819,1.9854,0.01042,0.3535
1352,11083776,2770944,4095,5080.4,162.51,,-0.0001,0.8306,1.9315,0.01528,0.4108
1353,11091968,2772992,4098,5083.2,166.22,,0.0001,0.7758,1.8265,0.00936,0.3416
1354,11100160,2775040,4098,5085.9,166.22,,-0.0003,0.7999,1.7798,0.01196,0.3621
1355,11108352,2777088,4100,5088.7,166.12,,-0.0026,0.6752,1.999,0.01151,0.3584
1356,11116544,2779136,4102,5091.4,168.3,,0.0004,0.7299,2.0558,0.01192,0.3402
1357,11124736,2781184,4104,5094.2,168.85,,0.0032,0.8872,1.9473,0.01237,0.3641
1358,11132928,2783232,4105,5096.9,168.31,,-0.0097,0.8372,1.9366,0.00814,0.3153
1359,11141120,2785280,4107,5099.7,167.86,,0.0051,1.0814,1.9659,0.01757,0.3726
1360,11149312,2787328,4109,5102.4,166.41,,-0.0056,0.6184,1.926,0.01305,0.3706
1361,11157504,2789376,4113,5105.2,166.72,,-0.0099,0.6978,1.9878,0.00895,0.3091
1362,11165696,2791424,4114,5108.0,165.76,,-0.006,0.5616,1.9393,0.00921,0.3328
1363,11173888,2793472,4116,5110.7,163.65,,-0.0018,1.2964,2.0715,0.01022,0.3441
1364,11182080,2795520,4119,5113.5,161.03,,-0.0074,0.4496,2.1112,0.01261,0.3662
1365,11190272,2797568,4121,5116.2,163.12,,0.0038,1.3796,2.0246,0.01807,0.4423
1366,11198464,2799616,4123,5119.0,159.62,,-0.0008,1.0379,1.9638,0.01039,0.3306
1367,11206656,2801664,4124,5121.7,159.27,,0.0134,1.19,1.9034,0.01732,0.3998
1368,11214848,2803712,4126,5124.5,158.76,,0.0018,1.7707,1.9385,0.01695,0.4073
1369,11223040,2805760,4127,5127.2,157.9,,-0.0014,1.4251,1.9137,0.01275,0.3494
1370,11231232,2807808,4129,5130.0,157.41,,-0.0023,1.0429,1.8755,0.01232,0.3553
1371,11239424,2809856,4130,5132.7,157.0,,0.0136,1.2586,1.904,0.02765,0.4768
1372,11247616,2811904,4131,5135.4,157.72,,0.0059,1.5938,1.8109,0.01329,0.395
1373,11255808,2813952,4131,5138.2,157.72,,0.0028,1.3394,1.83,0.0109,0.3529
1374,11264000,2816000,4135,5141.0,158.29,,0.0002,1.0397,1.9452,0.0151,0.4229
1375,11272192,2818048,4139,5143.7,157.48,,-0.0014,1.3008,1.9135,0.01161,0.3628
1376,11280384,2820096,4140,5146.5,157.51,,0.0055,1.5686,1.9167,0.01454,0.3888
1377,11288576,2822144,4141,5149.2,157.54,,-0.0011,1.3997,1.9888,0.01173,0.3328
1378,11296768,2824192,4146,5152.0,156.32,,0.0107,0.8005,2.0866,0.02186,0.4768
1379,11304960,2826240,4146,5154.7,156.32,,0.0002,0.9343,2.0038,0.01525,0.4131
1380,11313152,2828288,4149,5157.5,152.76,,0.0074,1.3698,2.1047,0.01927,0.4512
1381,11321344,2830336,4151,5160.2,150.79,,-0.0038,0.6075,2.092,0.01181,0.3899
1382,11329536,2832384,4153,5163.0,149.2,,0.0109,2.5596,2.0066,0.018,0.4355
1383,11337728,2834432,4154,5165.7,148.8,,0.0059,1.6791,2.0412,0.01755,0.4071
1384,11345920,2836480,4157,5168.5,148.59,,0.0071,1.7756,2.0177,0.01423,0.3907
1385,11354112,2838528,4160,5171.3,148.29,,-0.0048,1.2262,1.9602,0.01126,0.3489
1386,11362304,2840576,4160,5174.0,148.29,,0.0019,1.5687,1.9486,0.01257,0.4003
1387,11370496,2842624,4162,5176.7,146.02,,0.0017,1.7476,1.9861,0.01934,0.4337
1388,11378688,2844672,4166,5179.5,144.74,,0.0039,1.2203,1.8825,0.01531,0.376
1389,11386880,2846720,4168,5182.3,143.54,,0.0003,0.9122,1.8615,0.01306,0.3881
1390,11395072,2848768,4169,5185.0,144.11,,-0.0034,0.6025,1.8039,0.01198,0.3602
1391,11403264,2850816,4171,5187.8,144.14,,-0.0046,0.9303,1.8859,0.01092,0.3844
1392,11411456,2852864,4171,5190.5,144.14,,-0.0064,0.5701,1.8506,0.00995,0.3668
1393,11419648,2854912,4173,5193.2,144.71,,-0.0063,0.4828,1.8822,0.00878,0.3375
1394,11427840,2856960,4176,5196.0,146.05,,-0.0077,0.6095,1.809,0.00826,0.3118
1395,11436032,2859008,4177,5198.7,147.96,,0.0006,0.5299,1.7834,0.01183,0.3867
1396,11444224,2861056,4177,5201.5,147.96,,-0.0071,0.404,1.8284,0.0089,0.3297
1397,11452416,2863104,4178,5204.2,148.57,,-0.0012,1.5235,1.8553,0.00985,0.324
1398,11460608,2865152,4179,5207.0,148.51,,-0.0046,0.6124,1.9484,0.00913,0.3425
1399,11468800,2867200,4181,5209.7,149.84,,-0.0087,0.4492,1.9125,0.00878,0.316
1400,11476992,2869248,4186,5371.0,153.89,15281.0,-0.0079,0.6515,1.819,0.00942,0.3213
1401,11485184,2871296,4187,5373.8,153.91,,-0.0069,0.5196,1.7626,0.01097,0.3478
1402,11493376,2873344,4188,5376.5,153.32,,-0.0096,0.4357,1.8257,0.01,0.3347
1403,11501568,2875392,4190,5379.3,153.88,,-0.0047,0.4331,1.851,0.01089,0.389
1404,11509760,2877440,4191,5382.0,153.97,,-0.0105,0.511,1.7528,0.00621,0.2616
1405,11517952,2879488,4192,5384.8,154.01,,-0.0104,0.3628,1.6767,0.00748,0.2904
1406,11526144,2881536,4193,5387.6,154.04,,-0.006,0.8454,1.7645,0.00766,0.297
1407,11534336,2883584,4194,5390.3,153.45,,-0.008,0.699,1.7816,0.00777,0.2869
1408,11542528,2885632,4197,5393.1,152.81,,-0.0068,0.6143,1.9377,0.01023,0.3298
1409,11550720,2887680,4200,5395.9,153.13,,0.0017,0.7253,1.903,0.01416,0.3995
1410,11558912,2889728,4202,5398.6,153.04,,0.0047,0.9967,1.847,0.01193,0.3568
1411,11567104,2891776,4203,5401.4,153.68,,-0.0047,0.7594,1.8739,0.00718,0.2849
1412,11575296,2893824,4205,5404.2,154.52,,-0.0023,0.8666,1.8881,0.01009,0.3438
1413,11583488,2895872,4207,5406.9,152.91,,-0.0056,0.9712,1.9278,0.00997,0.3345
1414,11591680,2897920,4209,5409.7,152.77,,-0.0024,0.7772,1.8859,0.01384,0.3497
1415,11599872,2899968,4209,5412.4,152.77,,-0.0126,0.3752,1.865,0.00686,0.2952
1416,11608064,2902016,4213,5415.2,151.41,,-0.0021,1.1643,1.9418,0.01234,0.355
1417,11616256,2904064,4215,5418.0,153.33,,-0.0049,0.6553,1.9039,0.01429,0.3757
1418,11624448,2906112,4217,5420.8,153.39,,-0.0075,0.4198,1.9435,0.01058,0.3407
1419,11632640,2908160,4220,5423.6,156.82,,-0.008,0.393,1.775,0.0081,0.3293
1420,11640832,2910208,4222,5426.3,156.59,,0.0028,0.7426,1.772,0.01274,0.3634
1421,11649024,2912256,4222,5429.1,156.59,,0.0018,0.8862,1.6476,0.01247,0.3209
1422,11657216,2914304,4223,5431.8,157.63,,-0.0035,0.7605,1.8083,0.01016,0.3142
1423,11665408,2916352,4226,5434.6,158.6,,0.0025,1.7599,1.7843,0.01557,0.3978
1424,11673600,2918400,4230,5437.4,160.07,,-0.0052,0.929,1.8257,0.0084,0.3099
1425,11681792,2920448,4232,5440.1,157.83,,-0.0061,0.768,1.9635,0.00878,0.3363
1426,11689984,2922496,4234,5442.9,156.79,,0.0033,1.7864,1.8111,0.01613,0.3904
1427,11698176,2924544,4235,5445.7,156.78,,0.012,1.341,1.8296,0.01789,0.4133
1428,11706368,2926592,4235,5448.4,156.78,,0.0013,0.7524,1.8351,0.01334,0.387
1429,11714560,2928640,4239,5451.2,154.74,,0.0086,1.6339,1.9318,0.0129,0.3722
1430,11722752,2930688,4242,5454.0,153.72,,0.0138,1.2049,1.9815,0.01876,0.3951
1431,11730944,2932736,4246,5456.8,152.22,,0.0231,1.9779,1.9053,0.03859,0.5339
1432,11739136,2934784,4248,5459.5,152.25,,0.006,1.4326,1.8644,0.01518,0.4092
1433,11747328,2936832,4251,5462.3,154.83,,-0.0037,0.7386,1.8002,0.01257,0.3549
1434,11755520,2938880,4252,5465.1,153.4,,0.0119,1.9917,1.7696,0.01994,0.3934
1435,11763712,2940928,4252,5467.8,153.4,,-0.0079,0.6207,1.7633,0.0078,0.2974
1436,11771904,2942976,4253,5470.6,155.45,,-0.0044,0.6007,1.9131,0.00677,0.2889
1437,11780096,2945024,4253,5473.3,155.45,,-0.0051,0.8482,1.831,0.00946,0.3121
1438,11788288,2947072,4256,5476.1,156.21,,-0.0045,0.5383,1.8401,0.0123,0.3739
1439,11796480,2949120,4258,5478.8,157.62,,0.0101,1.5184,1.7511,0.01674,0.4152
1440,11804672,2951168,4259,5481.6,156.76,,0.0019,0.8465,1.7005,0.01275,0.3751
1441,11812864,2953216,4263,5484.4,160.05,,0.0001,1.0457,1.9146,0.01322,0.3842
1442,11821056,2955264,4266,5487.2,162.61,,-0.0035,0.5339,1.7033,0.01211,0.3588
1443,11829248,2957312,4266,5489.9,162.61,,-0.0092,0.289,1.7953,0.00733,0.291
1444,11837440,2959360,4268,5492.7,165.26,,-0.0051,0.5275,1.7055,0.01039,0.3319
1445,11845632,2961408,4268,5495.5,165.26,,-0.0068,0.6488,1.7049,0.00994,0.3209
1446,11853824,2963456,4271,5498.2,166.56,,0.0052,1.002,1.9129,0.01415,0.3668
1447,11862016,2965504,4271,5501.0,166.56,,0.0067,1.3391,1.7435,0.02002,0.428
1448,11870208,2967552,4275,5503.8,166.22,,0.0009,0.9164,2.0058,0.01295,0.3613
1449,11878400,2969600,4277,5506.6,165.36,,0.0,0.8659,1.875,0.01455,0.3779
1450,11886592,2971648,4278,5509.3,165.33,,-0.0002,0.9066,1.9203,0.01132,0.3628
1451,11894784,2973696,4280,5512.1,164.89,,0.0013,0.7633,2.0478,0.01027,0.3566
1452,11902976,2975744,4281,5514.8,165.42,,0.0112,1.1404,1.9785,0.01511,0.416
1453,11911168,2977792,4283,5517.6,163.95,,0.0008,0.9925,2.0698,0.01723,0.402
1454,11919360,2979840,4286,5520.4,162.72,,-0.0015,0.9088,2.1053,0.014,0.4084
1455,11927552,2981888,4288,5523.1,161.64,,-0.0007,1.0586,2.0324,0.01169,0.3846
1456,11935744,2983936,4291,5525.9,160.03,,-0.0005,1.1125,2.0761,0.00877,0.3354
1457,11943936,2985984,4293,5528.7,157.23,,-0.0006,0.6573,1.9036,0.01393,0.4144
1458,11952128,2988032,4297,5531.4,153.91,,-0.0026,0.881,1.9205,0.01309,0.3668
1459,11960320,2990080,4298,5534.2,154.0,,0.0046,0.8081,1.7867,0.01559,0.4083
1460,11968512,2992128,4298,5537.0,154.0,,-0.0071,0.5291,1.9556,0.00899,0.3379
1461,11976704,2994176,4299,5539.7,154.52,,-0.0057,0.7651,1.8994,0.01159,0.3529
1462,11984896,2996224,4299,5542.5,154.52,,-0.001,1.4202,2.0392,0.0106,0.3531
1463,11993088,2998272,4302,5545.3,151.41,,-0.0019,0.6755,1.9867,0.01267,0.3721
1464,12001280,3000320,4302,5548.0,151.41,,-0.0088,0.4895,1.9945,0.00923,0.3287
1465,12009472,3002368,4305,5550.8,151.37,,-0.0074,0.3455,2.124,0.01116,0.3636
1466,12017664,3004416,4307,5553.5,153.8,,-0.0007,0.8035,2.0462,0.0172,0.4288
1467,12025856,3006464,4312,5556.3,156.54,,-0.0086,0.5291,2.0061,0.00942,0.3434
1468,12034048,3008512,4314,5559.1,156.96,,-0.0053,0.5139,1.9354,0.00845,0.3162
1469,12042240,3010560,4315,5561.9,155.51,,-0.004,0.4785,1.8625,0.00968,0.3209
1470,12050432,3012608,4315,5564.6,155.51,,-0.0026,0.8923,1.8717,0.01249,0.3733
1471,12058624,3014656,4315,5567.3,155.51,,-0.0071,0.937,1.9068,0.01146,0.3912
1472,12066816,3016704,4317,5570.1,156.51,,0.0015,1.1289,1.9439,0.01534,0.3771
1473,12075008,3018752,4319,5572.9,155.89,,0.0076,1.8272,1.9544,0.02114,0.4471
1474,12083200,3020800,4323,5575.7,156.12,,-0.0026,2.039,1.9226,0.0093,0.29
1475,12091392,3022848,4324,5578.4,156.68,,-0.0038,0.602,1.8727,0.00906,0.3208
1476,12099584,3024896,4324,5581.2,156.68,,-0.0056,0.8135,1.9269,0.01268,0.3762
1477,12107776,3026944,4328,5584.0,158.44,,-0.0073,0.8676,2.0339,0.00968,0.3346
1478,12115968,3028992,4332,5586.7,160.62,,-0.0136,0.4614,2.0123,0.00861,0.3208
1479,12124160,3031040,4332,5589.5,160.62,,-0.0045,0.6305,1.8246,0.00798,0.261
1480,12132352,3033088,4333,5592.2,160.01,,-0.0107,0.602,1.891,0.00962,0.3274
1481,12140544,3035136,4334,5595.0,161.49,,-0.0058,0.7695,1.9107,0.01013,0.3588
1482,12148736,3037184,4335,5597.8,161.52,,-0.0015,0.8782,1.9439,0.01225,0.3713
1483,12156928,3039232,4336,5600.5,162.95,,-0.0101,0.6194,1.9799,0.01098,0.3577
1484,12165120,3041280,4338,5603.3,161.85,,-0.0021,1.0149,2.0164,0.0087,0.3265
1485,12173312,3043328,4340,5606.1,162.44,,0.0008,0.9905,2.0372,0.01096,0.3521
1486,12181504,3045376,4343,5608.8,165.04,,0.0027,1.3517,2.0426,0.01017,0.3467
1487,12189696,3047424,4347,5611.6,167.88,,-0.0067,0.6733,1.9945,0.00972,0.3337
1488,12197888,3049472,4349,5614.4,166.26,,-0.0104,0.3437,2.0249,0.01143,0.3376
1489,12206080,3051520,4350,5617.2,167.26,,-0.0028,0.6738,1.9384,0.00911,0.3286
1490,12214272,3053568,4352,5619.9,167.99,,-0.0004,1.0324,2.0591,0.01164,0.3588
1491,12222464,3055616,4352,5622.7,167.99,,-0.0081,0.7664,2.0046,0.00962,0.3179
1492,12230656,3057664,4354,5625.4,166.65,,-0.0023,0.933,2.1551,0.0101,0.3417
1493,12238848,3059712,4355,5628.2,167.57,,0.0001,0.7292,2.0072,0.01129,0.3478
1494,12247040,3061760,4359,5631.0,167.18,,0.0007,1.1895,2.0623,0.01515,0.4115
1495,12255232,3063808,4361,5633.7,165.44,,0.0005,0.8638,2.0184,0.01527,0.3993
1496,12263424,3065856,4363,5636.5,165.09,,-0.0065,0.6075,2.0901,0.00741,0.3101
1497,12271616,3067904,4367,5639.3,163.96,,-0.0081,0.5666,2.0708,0.01087,0.3634
1498,12279808,3069952,4369,5642.0,161.4,,-0.008,0.6531,1.9423,0.01171,0.3743
1499,12288000,3072000,4369,5644.8,161.4,,-0.0021,0.694,1.9416,0.00755,0.3064
1500,12296192,3074048,4370,5791.4,160.51,15262.75,0.0025,0.9652,1.9663,0.0144,0.3971
1501,12304384,3076096,4371,5794.2,160.03,,0.0079,2.5144,1.9389,0.01408,0.3712
1502,12312576,3078144,4371,5796.9,160.03,,-0.0059,0.7131,1.9852,0.0093,0.3286
1503,12320768,3080192,4372,5799.7,159.69,,0.0074,1.4565,1.932,0.01658,0.4268
1504,12328960,3082240,4373,5802.4,161.2,,0.0005,0.7228,1.9375,0.01377,0.3947
1505,12337152,3084288,4375,5805.2,162.41,,-0.0029,0.702,1.9001,0.012,0.3689
1506,12345344,3086336,4376,5807.9,163.37,,-0.004,0.4794,1.9441,0.01253,0.3812
1507,12353536,3088384,4379,5810.7,164.45,,-0.0007,0.9043,2.0359,0.01163,0.3724
1508,12361728,3090432,4382,5813.5,164.94,,0.0033,1.3716,1.9974,0.0133,0.3872
1509,12369920,3092480,4385,5816.2,166.15,,-0.0032,0.6441,1.9825,0.01283,0.3845
1510,12378112,3094528,4385,5818.9,166.15,,-0.0011,0.6879,1.9318,0.00978,0.344
1511,12386304,3096576,4387,5821.7,167.61,,0.0086,1.4529,1.9588,0.01393,0.3765
1512,12394496,3098624,4390,5824.5,166.94,,-0.0083,0.5447,1.8568,0.00807,0.2998
1513,12402688,3100672,4391,5827.2,168.83,,-0.0039,0.7751,1.8601,0.0098,0.3381
1514,12410880,3102720,4391,5829.9,168.83,,-0.0057,0.4701,1.9741,0.00926,0.3348
1515,12419072,3104768,4394,5832.7,169.02,,0.0022,1.2854,1.8215,0.01195,0.3715
1516,12427264,3106816,4394,5835.4,169.02,,-0.0097,0.4499,1.87,0.00687,0.2871
1517,12435456,3108864,4398,5838.2,171.32,,-0.0075,0.7808,1.8565,0.00725,0.3088
1518,12443648,3110912,4399,5841.0,171.78,,-0.0112,0.3704,1.8342,0.00666,0.2604
1519,12451840,3112960,4401,5843.7,175.18,,-0.0054,0.8359,1.8758,0.00564,0.2522
1520,12460032,3115008,4402,5846.5,175.31,,-0.008,0.3509,1.9358,0.00725,0.2806
1521,12468224,3117056,4403,5849.2,174.85,,-0.0016,0.7659,1.8339,0.00801,0.2906
1522,12476416,3119104,4403,5851.9,174.85,,-0.0007,0.7198,1.9209,0.00816,0.2996
1523,12484608,3121152,4407,5854.7,172.5,,-0.0014,0.9559,1.9727,0.01297,0.3762
1524,12492800,3123200,4408,5857.4,173.92,,-0.0102,0.4616,1.8744,0.00922,0.3148
1525,12500992,3125248,4411,5860.2,173.35,,-0.0095,0.5085,1.8968,0.01087,0.3511
1526,12509184,3127296,4414,5863.0,172.3,,-0.0086,0.5974,1.8537,0.01007,0.3245
1527,12517376,3129344,4416,5865.7,172.85,,-0.0012,1.5981,1.8564,0.01304,0.3309
1528,12525568,3131392,4417,5868.5,172.78,,-0.0021,0.9222,1.9606,0.01318,0.3357
1529,12533760,3133440,4417,5871.2,172.78,,0.0018,0.9029,1.8387,0.00955,0.3167
1530,12541952,3135488,4419,5874.0,173.4,,-0.0073,0.5534,1.8432,0.00818,0.3118
1531,12550144,3137536,4420,5876.7,174.03,,-0.0001,0.863,1.8248,0.01092,0.3381
1532,12558336,3139584,4420,5879.4,174.03,,0.0019,0.8361,1.891,0.00871,0.2885
1533,12566528,3141632,4423,5882.2,174.36,,-0.0031,0.6413,1.7424,0.01441,0.3553
1534,12574720,3143680,4427,5885.0,173.46,,-0.0012,1.0373,1.7864,0.01139,0.3467
1535,12582912,3145728,4427,5887.7,173.46,,-0.0075,0.5082,1.8385,0.01016,0.3281
1536,12591104,3147776,4432,5890.5,174.47,,-0.0003,0.5369,1.8638,0.01265,0.3525
1537,12599296,3149824,4433,5893.2,175.02,,-0.0106,0.2644,1.779,0.00628,0.2576
1538,12607488,3151872,4433,5895.9,175.02,,-0.0153,0.1985,1.8679,0.00767,0.2902
1539,12615680,3153920,4433,5898.7,175.02,,-0.0022,0.6337,1.774,0.00994,0.3273
1540,12623872,3155968,4435,5901.4,174.45,,0.0075,1.3926,1.8904,0.01535,0.3678
1541,12632064,3158016,4435,5904.2,174.45,,-0.0072,0.5071,1.8408,0.01196,0.3525
1542,12640256,3160064,4435,5906.9,174.45,,0.0007,0.7798,2.045,0.00846,0.3262
1543,12648448,3162112,4437,5909.6,174.16,,-0.0122,0.2806,2.0619,0.00839,0.3074
1544,12656640,3164160,4441,5912.4,174.17,,0.0054,2.5965,1.9686,0.01958,0.4366
1545,12664832,3166208,4444,5915.2,174.95,,-0.0073,0.5624,2.0081,0.00935,0.317
1546,12673024,3168256,4446,5917.9,175.57,,-0.0029,0.8609,1.9585,0.00969,0.306
1547,12681216,3170304,4448,5920.7,177.64,,-0.0048,0.4065,1.9378,0.0113,0.3416
1548,12689408,3172352,4451,5923.4,179.88,,-0.0056,0.8899,1.8795,0.01525,0.3971
1549,12697600,3174400,4452,5926.2,178.97,,0.0008,1.1422,1.8735,0.01484,0.3929
1550,12705792,3176448,4452,5928.9,178.97,,0.0039,1.1551,1.8251,0.01404,0.3721
1551,12713984,3178496,4452,5931.6,178.97,,-0.0105,0.4535,1.8293,0.00909,0.3268
1552,12722176,3180544,4453,5934.4,179.95,,-0.0053,0.8862,1.865,0.01197,0.3312
1553,12730368,3182592,4457,5937.2,178.82,,-0.0053,1.1143,1.8998,0.01033,0.3351
1554,12738560,3184640,4458,5939.9,179.21,,-0.0089,0.6982,1.8532,0.01196,0.3446
1555,12746752,3186688,4460,5942.6,179.26,,0.0099,1.5272,1.8739,0.01502,0.3873
1556,12754944,3188736,4465,5945.4,179.97,,-0.0062,0.4151,1.803,0.01275,0.3622
1557,12763136,3190784,4466,5948.2,180.08,,-0.009,0.2446,1.7951,0.00682,0.2992
1558,12771328,3192832,4467,5950.9,180.55,,-0.014,0.2854,1.7977,0.0104,0.3187
1559,12779520,3194880,4467,5953.6,180.55,,-0.0102,0.2533,1.8357,0.00784,0.3035
1560,12787712,3196928,4468,5956.4,182.07,,-0.007,0.3784,1.7646,0.01103,0.3407
1561,12795904,3198976,4469,5959.1,182.07,,-0.0073,0.3857,1.7437,0.01143,0.2911
1562,12804096,3201024,4471,5961.9,182.98,,-0.0109,0.3799,1.7348,0.01141,0.3354
1563,12812288,3203072,4472,5964.6,183.43,,-0.0144,0.1708,1.8379,0.00713,0.2736
1564,12820480,3205120,4474,5967.4,182.89,,-0.0123,0.3437,1.9297,0.01035,0.3131
1565,12828672,3207168,4476,5970.1,183.48,,-0.0113,0.323,1.9872,0.00671,0.2667
1566,12836864,3209216,4477,5972.9,183.49,,-0.0113,0.2949,1.8382,0.0075,0.2833
1567,12845056,3211264,4481,5975.6,182.34,,-0.0134,0.271,2.0704,0.00799,0.3153
1568,12853248,3213312,4485,5978.4,181.17,,-0.0073,0.3902,1.8824,0.01074,0.3424
1569,12861440,3215360,4485,5981.1,181.17,,-0.0114,0.4973,1.8611,0.00853,0.3043
1570,12869632,3217408,4485,5983.9,181.17,,-0.0044,0.511,2.0876,0.0154,0.3915
1571,12877824,3219456,4488,5986.6,180.35,,-0.0017,0.9843,2.0312,0.01149,0.3376
1572,12886016,3221504,4488,5989.4,180.35,,-0.006,0.5561,2.0056,0.00921,0.319
1573,12894208,3223552,4490,5992.1,179.94,,0.0006,0.9479,1.9866,0.00934,0.306
1574,12902400,3225600,4492,5994.9,180.45,,0.0005,0.8597,1.9712,0.00908,0.3154
1575,12910592,3227648,4494,5997.6,181.77,,0.0011,0.814,2.0588,0.01065,0.3317
1576,12918784,3229696,4496,6000.4,180.96,,0.0088,1.2256,1.905,0.01254,0.348
1577,12926976,3231744,4497,6003.1,181.11,,0.0107,1.4651,2.0116,0.0178,0.397
1578,12935168,3233792,4500,6005.8,181.2,,-0.0003,0.7368,2.0282,0.01202,0.3508
1579,12943360,3235840,4502,6008.6,180.35,,-0.0074,0.6152,1.9992,0.00742,0.308
1580,12951552,3237888,4504,6011.3,179.75,,-0.0052,1.0176,1.9552,0.00838,0.2977
1581,12959744,3239936,4505,6014.1,180.87,,-0.0083,0.7156,1.9676,0.00763,0.2867
1582,12967936,3241984,4505,6016.8,180.87,,0.0038,1.1222,1.9567,0.01588,0.4023
1583,12976128,3244032,4508,6019.5,179.83,,-0.0044,0.7238,2.0241,0.01277,0.3673
1584,12984320,3246080,4510,6022.3,180.01,,0.0071,0.9484,1.8385,0.01582,0.3748
1585,12992512,3248128,4512,6025.1,178.29,,-0.004,1.1008,1.9517,0.0105,0.3557
1586,13000704,3250176,4515,6027.8,180.4,,-0.0035,0.7969,1.9477,0.01004,0.3253
1587,13008896,3252224,4515,6030.6,180.4,,-0.0027,0.6054,1.9056,0.01337,0.3694
1588,13017088,3254272,4517,6033.3,179.85,,-0.0125,0.3119,1.9601,0.01007,0.3231
1589,13025280,3256320,4519,6036.0,178.82,,-0.0088,0.4227,1.9834,0.00986,0.333
1590,13033472,3258368,4520,6038.8,179.28,,-0.0063,0.5163,1.9822,0.01075,0.3256
1591,13041664,3260416,4522,6041.5,176.8,,-0.0013,0.4766,1.9453,0.01344,0.3613
1592,13049856,3262464,4524,6044.3,176.97,,-0.0089,0.504,2.0061,0.01053,0.3419
1593,13058048,3264512,4525,6047.0,176.97,,-0.0061,0.4549,2.0372,0.00761,0.2809
1594,13066240,3266560,4528,6049.8,178.03,,-0.0092,0.305,1.9812,0.00722,0.3154
1595,13074432,3268608,4528,6052.5,178.03,,-0.0144,0.221,2.0907,0.0123,0.3584
1596,13082624,3270656,4533,6055.3,176.88,,-0.0065,0.4411,2.004,0.00823,0.2935
1597,13090816,3272704,4533,6058.0,176.88,,-0.0008,0.5149,1.9322,0.01228,0.3365
1598,13099008,3274752,4534,6060.8,175.43,,-0.0106,0.3526,1.9623,0.0107,0.3297
1599,13107200,3276800,4536,6063.5,176.91,,-0.0118,0.3407,2.0117,0.00969,0.3196
1600,13115392,3278848,4538,6225.9,177.17,15150.0,-0.0116,0.2959,1.8666,0.00791,0.2875
1601,13123584,3280896,4538,6228.6,177.17,,-0.0131,0.224,1.8297,0.00731,0.2938
1602,13131776,3282944,4541,6231.4,177.99,,-0.0055,0.4646,2.0231,0.00654,0.2689
1603,13139968,3284992,4543,6234.1,178.37,,-0.0106,0.2804,1.9027,0.00858,0.332
1604,13148160,3287040,4544,6236.9,178.47,,-0.0113,0.3126,1.9296,0.00977,0.326
1605,13156352,3289088,4546,6239.6,175.79,,-0.0075,0.4293,1.9944,0.00895,0.3127
1606,13164544,3291136,4548,6242.4,175.73,,-0.0129,0.2568,2.0089,0.00709,0.2997
1607,13172736,3293184,4550,6245.1,176.61,,-0.01,0.4948,2.0349,0.00849,0.3326
1608,13180928,3295232,4551,6247.9,176.65,,-0.0058,0.394,1.9731,0.00817,0.2886
1609,13189120,3297280,4552,6250.6,177.12,,-0.0108,0.3667,2.0496,0.00838,0.2986
1610,13197312,3299328,4554,6253.4,179.18,,-0.0027,0.7162,2.1045,0.00875,0.317
1611,13205504,3301376,4559,6256.1,177.39,,-0.0114,0.4472,1.9754,0.00957,0.3121
1612,13213696,3303424,4561,6258.9,177.26,,-0.0015,0.5167,2.0009,0.01163,0.3347
1613,13221888,3305472,4563,6261.6,177.28,,-0.0009,0.4584,1.9738,0.01166,0.3472
1614,13230080,3307520,4563,6264.4,177.28,,-0.0083,0.6377,1.8862,0.00678,0.2668
1615,13238272,3309568,4564,6267.1,177.23,,-0.0031,1.2318,1.9926,0.00874,0.2991
1616,13246464,3311616,4564,6269.8,177.23,,-0.0081,0.7512,2.0035,0.00762,0.2948
1617,13254656,3313664,4565,6272.6,177.73,,-0.0026,0.6605,2.0652,0.0117,0.3665
1618,13262848,3315712,4570,6275.4,178.06,,0.0002,0.8916,1.9191,0.01032,0.3115
1619,13271040,3317760,4574,6278.1,175.54,,-0.0048,0.6617,1.964,0.00759,0.2782
1620,13279232,3319808,4575,6280.9,175.27,,-0.0055,0.6909,1.929,0.00796,0.2856
1621,13287424,3321856,4576,6283.6,175.2,,-0.0131,0.3775,2.0254,0.00855,0.3109
1622,13295616,3323904,4577,6286.4,175.12,,-0.0003,0.9936,1.9698,0.00862,0.3022
1623,13303808,3325952,4578,6289.1,177.15,,-0.0113,0.4879,2.0546,0.00736,0.2826
1624,13312000,3328000,4581,6291.9,173.86,,-0.0085,0.4489,1.9457,0.00774,0.3104
1625,13320192,3330048,4581,6294.6,173.86,,-0.0113,0.3947,1.8799,0.00922,0.3036
1626,13328384,3332096,4583,6297.4,173.3,,-0.0068,0.8365,2.0199,0.01112,0.3264
1627,13336576,3334144,4585,6300.1,173.22,,-0.011,0.7425,2.0459,0.00901,0.2969
1628,13344768,3336192,4586,6302.8,173.22,,-0.0106,0.6225,2.0335,0.00776,0.3013
1629,13352960,3338240,4591,6305.6,176.92,,-0.0146,0.4682,2.0118,0.00914,0.3168
1630,13361152,3340288,4594,6308.4,176.0,,-0.0035,0.8681,1.9675,0.01202,0.3464
1631,13369344,3342336,4596,6311.1,175.93,,0.0019,1.0146,1.9158,0.02055,0.3956
1632,13377536,3344384,4596,6313.9,175.93,,-0.0027,0.697,1.939,0.01057,0.3311
1633,13385728,3346432,4596,6316.6,175.93,,0.0001,1.2537,1.9933,0.01289,0.3258
1634,13393920,3348480,4599,6319.4,174.43,,-0.0067,0.8438,1.993,0.00975,0.3352
1635,13402112,3350528,4601,6322.1,173.29,,-0.0039,0.4943,1.9825,0.00886,0.3094
1636,13410304,3352576,4602,6324.9,173.75,,-0.0056,0.6931,2.0431,0.00926,0.3287
1637,13418496,3354624,4602,6327.6,173.75,,-0.0101,0.349,1.9972,0.00964,0.347
1638,13426688,3356672,4605,6330.4,175.11,,-0.0081,0.4973,2.068,0.00852,0.3341
1639,13434880,3358720,4607,6333.1,178.1,,-0.0042,0.5691,2.0264,0.01178,0.3252
1640,13443072,3360768,4611,6335.9,179.71,,-0.0125,0.414,1.9933,0.00831,0.311
1641,13451264,3362816,4612,6338.6,179.83,,-0.0115,0.3802,1.9704,0.00982,0.3119
1642,13459456,3364864,4613,6341.3,179.33,,-0.0041,0.5632,1.9128,0.01218,0.3757
1643,13467648,3366912,4614,6344.1,179.2,,-0.01,0.4697,1.9118,0.00953,0.3499
1644,13475840,3368960,4614,6346.8,179.2,,-0.0058,0.3769,1.9733,0.01135,0.392
1645,13484032,3371008,4617,6349.6,179.37,,0.0012,0.9374,1.9192,0.01393,0.3563
1646,13492224,3373056,4618,6352.3,178.85,,0.0038,1.461,1.8633,0.02032,0.3954
1647,13500416,3375104,4620,6355.1,178.45,,-0.0097,0.5662,1.9491,0.00718,0.2815
1648,13508608,3377152,4620,6357.8,178.45,,0.0057,0.7437,1.9679,0.01307,0.3511
1649,13516800,3379200,4623,6360.6,181.9,,-0.0081,0.3531,2.0595,0.01098,0.3597
1650,13524992,3381248,4625,6363.3,182.31,,-0.0164,0.2603,1.9988,0.01211,0.3586
1651,13533184,3383296,4626,6366.1,182.35,,-0.0025,0.7064,1.9512,0.00951,0.3529
1652,13541376,3385344,4628,6368.8,181.78,,-0.0095,0.6128,2.0419,0.00847,0.2971
1653,13549568,3387392,4630,6371.6,181.36,,-0.0021,0.7951,1.9816,0.00988,0.3259
1654,13557760,3389440,4632,6374.3,181.57,,0.0022,0.8076,1.9757,0.01162,0.363
1655,13565952,3391488,4633,6377.0,182.53,,-0.0015,0.5882,1.8845,0.01075,0.3444
1656,13574144,3393536,4636,6379.8,181.97,,0.0015,0.6187,2.01,0.01211,0.3604
1657,13582336,3395584,4637,6382.5,181.05,,-0.0059,0.6066,1.9595,0.01052,0.3494
1658,13590528,3397632,4638,6385.3,181.19,,-0.0083,0.4902,1.974,0.00808,0.3077
1659,13598720,3399680,4643,6388.0,181.2,,-0.0002,0.8202,2.0522,0.01184,0.3253
1660,13606912,3401728,4645,6390.8,180.15,,-0.0081,0.3622,1.9137,0.00856,0.3158
1661,13615104,3403776,4646,6393.5,181.2,,-0.0054,0.3878,1.885,0.01222,0.3422
1662,13623296,3405824,4646,6396.3,181.2,,-0.0082,0.5313,2.0156,0.00776,0.307
1663,13631488,3407872,4647,6399.0,180.25,,0.0003,0.9867,2.024,0.019,0.3949
1664,13639680,3409920,4648,6401.7,180.29,,0.0059,0.9384,2.0233,0.01111,0.3125
1665,13647872,3411968,4652,6404.5,178.47,,-0.0088,0.5591,2.0919,0.00956,0.3254
1666,13656064,3414016,4655,6407.2,178.99,,-0.0073,0.3358,1.8885,0.00574,0.2471
1667,13664256,3416064,4655,6410.0,178.99,,-0.0071,0.2926,1.8901,0.00605,0.2554
1668,13672448,3418112,4656,6412.7,180.11,,-0.0134,0.2803,1.9655,0.0082,0.2877
1669,13680640,3420160,4658,6415.5,181.96,,-0.0153,0.2086,1.9291,0.00893,0.3165
1670,13688832,3422208,4659,6418.2,181.77,,-0.0073,0.4398,1.9823,0.0081,0.3163
1671,13697024,3424256,4661,6421.0,181.22,,-0.0095,0.4439,1.9643,0.00923,0.3333
1672,13705216,3426304,4662,6423.7,179.7,,-0.0068,0.7433,2.0504,0.0096,0.3164
1673,13713408,3428352,4664,6426.5,181.69,,-0.0131,0.3731,1.9878,0.00838,0.3025
1674,13721600,3430400,4665,6429.2,181.28,,-0.0089,0.531,2.0559,0.01154,0.3452
1675,13729792,3432448,4666,6431.9,182.48,,-0.0104,0.6056,2.0704,0.01212,0.3334
1676,13737984,3434496,4668,6434.7,183.73,,-0.013,0.3307,2.0685,0.00887,0.3145
1677,13746176,3436544,4671,6437.4,183.89,,-0.0077,0.5269,2.0399,0.01167,0.3765
1678,13754368,3438592,4672,6440.2,184.57,,-0.0064,0.3285,1.9674,0.00712,0.3086
1679,13762560,3440640,4674,6442.9,185.27,,-0.008,0.332,1.9991,0.00871,0.3135
1680,13770752,3442688,4677,6445.7,184.61,,-0.0112,0.2576,1.986,0.01151,0.361
1681,13778944,3444736,4677,6448.4,184.61,,-0.0089,0.3132,2.0003,0.01015,0.3136
1682,13787136,3446784,4679,6451.2,185.73,,-0.0112,0.3314,2.0168,0.00995,0.3544
1683,13795328,3448832,4680,6453.9,184.33,,0.0001,1.0916,2.0115,0.01431,0.3732
1684,13803520,3450880,4682,6456.7,184.52,,-0.0048,0.5237,2.0321,0.01122,0.3422
1685,13811712,3452928,4684,6459.4,185.67,,-0.0028,0.4982,1.9575,0.0144,0.3557
1686,13819904,3454976,4685,6462.2,184.75,,0.0153,0.8679,2.0346,0.01669,0.3954
1687,13828096,3457024,4689,6464.9,184.03,,0.0025,0.8746,1.9869,0.01301,0.3596
1688,13836288,3459072,4690,6467.7,183.01,,-0.0083,0.3721,2.0143,0.01074,0.3419
1689,13844480,3461120,4691,6470.4,183.05,,0.0193,0.8577,2.0744,0.02077,0.4258
1690,13852672,3463168,4692,6473.2,182.55,,0.0083,1.2328,1.9187,0.02063,0.3997
1691,13860864,3465216,4694,6475.9,183.25,,-0.0023,0.8573,2.0442,0.00985,0.3383
1692,13869056,3467264,4696,6478.6,184.18,,0.0092,0.8593,1.9291,0.01096,0.3489
1693,13877248,3469312,4698,6481.4,184.17,,-0.008,0.4982,1.9509,0.00824,0.297
1694,13885440,3471360,4700,6484.1,186.23,,-0.0008,1.1734,1.7379,0.00793,0.293
1695,13893632,3473408,4701,6486.9,186.59,,-0.0106,0.3257,1.9463,0.00749,0.3099
1696,13901824,3475456,4702,6489.6,186.56,,-0.0072,0.3764,2.0791,0.01114,0.3785
1697,13910016,3477504,4703,6492.4,187.49,,-0.0066,0.7031,1.9755,0.00926,0.2882
1698,13918208,3479552,4706,6495.1,186.29,,-0.0003,0.7511,1.9552,0.00984,0.3313
1699,13926400,3481600,4707,6497.9,184.28,,-0.006,0.634,1.9034,0.00927,0.36
1700,13934592,3483648,4709,6660.4,184.42,15445.5,-0.0153,0.2435,2.0082,0.00857,0.3307
1701,13942784,3485696,4711,6663.1,184.17,,-0.0009,1.2262,1.9104,0.00843,0.304
1702,13950976,3487744,4711,6665.8,184.17,,-0.0079,0.3565,1.9347,0.0057,0.2466
1703,13959168,3489792,4714,6668.6,184.67,,-0.0067,0.4631,1.9928,0.00721,0.2942
1704,13967360,3491840,4715,6671.3,184.86,,-0.0062,0.3178,1.8644,0.01139,0.3107
1705,13975552,3493888,4716,6674.1,185.41,,-0.0084,0.5019,1.9573,0.01121,0.3473
1706,13983744,3495936,4718,6676.8,187.17,,-0.011,0.3366,1.9412,0.0092,0.3436
1707,13991936,3497984,4720,6679.6,186.48,,-0.0037,0.7297,2.0716,0.01268,0.3717
1708,14000128,3500032,4723,6682.3,186.18,,-0.0074,0.4642,1.8963,0.00795,0.2793
1709,14008320,3502080,4724,6685.1,186.16,,-0.0147,0.2699,1.9721,0.00811,0.2888
1710,14016512,3504128,4726,6687.8,184.46,,-0.0162,0.2704,2.0108,0.00927,0.3296
1711,14024704,3506176,4728,6690.6,184.96,,-0.0065,0.3782,2.0457,0.00838,0.3313
1712,14032896,3508224,4729,6693.3,184.37,,0.0028,1.0232,1.986,0.01062,0.3383
1713,14041088,3510272,4731,6696.0,184.21,,-0.0125,0.4447,1.9453,0.00862,0.3041
1714,14049280,3512320,4733,6698.8,184.1,,-0.0063,0.7854,1.9236,0.01054,0.3273
1715,14057472,3514368,4734,6701.5,184.58,,-0.01,0.3214,1.8972,0.00711,0.287
1716,14065664,3516416,4735,6704.3,185.57,,-0.0072,0.522,1.9519,0.008,0.2966
1717,14073856,3518464,4738,6707.0,185.84,,-0.012,0.4355,1.9951,0.00941,0.3088
1718,14082048,3520512,4738,6709.8,185.84,,-0.0078,0.5416,1.9672,0.00988,0.3403
1719,14090240,3522560,4743,6712.5,186.13,,0.0012,0.6667,1.9839,0.01301,0.3496
1720,14098432,3524608,4744,6715.3,186.23,,-0.003,0.6569,1.8461,0.01032,0.3167
1721,14106624,3526656,4745,6718.0,188.16,,0.0024,0.7459,1.9317,0.01511,0.3707
1722,14114816,3528704,4746,6720.8,188.23,,-0.0072,0.8466,1.9543,0.01048,0.3143
1723,14123008,3530752,4748,6723.5,189.07,,-0.0101,0.5743,1.9171,0.00834,0.322
1724,14131200,3532800,4748,6726.2,189.07,,-0.0114,0.5566,1.9422,0.00997,0.3469
1725,14139392,3534848,4752,6729.0,188.75,,-0.0071,0.7101,2.1101,0.01007,0.3175
1726,14147584,3536896,4752,6731.7,188.75,,-0.0064,0.7459,2.0746,0.00642,0.2633
1727,14155776,3538944,4755,6734.5,189.08,,-0.0022,0.7148,2.1182,0.00984,0.339
1728,14163968,3540992,4759,6737.3,188.01,,0.0022,1.0544,2.1282,0.01044,0.3229
1729,14172160,3543040,4762,6740.0,188.61,,0.0001,1.3054,2.0185,0.01104,0.3533
1730,14180352,3545088,4762,6742.8,188.61,,-0.0043,0.5353,2.0984,0.01,0.3192
1731,14188544,3547136,4766,6745.5,184.13,,-0.0022,0.7867,2.0062,0.01078,0.3705
1732,14196736,3549184,4766,6748.2,184.13,,-0.0042,0.8973,1.9098,0.01485,0.3583
1733,14204928,3551232,4769,6751.0,182.21,,-0.0087,0.7317,1.9726,0.00856,0.3124
1734,14213120,3553280,4769,6753.7,182.21,,-0.0053,0.5756,1.8724,0.01022,0.3434
1735,14221312,3555328,4770,6756.5,181.69,,-0.0123,0.4265,1.9558,0.00765,0.3065
1736,14229504,3557376,4772,6759.2,181.81,,-0.0045,0.7714,1.9388,0.00947,0.3424
1737,14237696,3559424,4776,6762.0,180.65,,0.0015,0.9206,2.1301,0.0112,0.3401
1738,14245888,3561472,4779,6764.7,179.87,,0.0019,0.9861,1.8853,0.01754,0.3915
1739,14254080,3563520,4780,6767.5,180.35,,-0.0032,0.6434,1.87,0.01121,0.3413
1740,14262272,3565568,4782,6770.2,179.83,,-0.0025,0.5515,1.9397,0.01139,0.3444
1741,14270464,3567616,4783,6773.0,178.38,,0.0073,1.2546,1.966,0.01345,0.3452
1742,14278656,3569664,4784,6775.7,178.85,,-0.0001,0.6939,1.9193,0.01242,0.3624
1743,14286848,3571712,4786,6778.4,179.67,,0.0021,0.4171,1.85,0.00928,0.3159
1744,14295040,3573760,4787,6781.2,180.54,,-0.0067,0.5462,1.8985,0.00758,0.3163
1745,14303232,3575808,4787,6783.9,180.54,,-0.0078,0.3863,1.7642,0.00681,0.2812
1746,14311424,3577856,4788,6786.6,180.63,,-0.0117,0.3716,1.8673,0.00851,0.2996
1747,14319616,3579904,4792,6789.4,182.42,,-0.0101,0.4625,2.055,0.00782,0.2756
1748,14327808,3581952,4792,6792.1,182.42,,-0.0152,0.1569,1.9333,0.00742,0.2961
1749,14336000,3584000,4795,6794.9,180.88,,-0.0078,0.532,2.0362,0.00847,0.3113
1750,14344192,3586048,4798,6797.7,181.84,,-0.0181,0.1245,2.0839,0.01051,0.3494
1751,14352384,3588096,4799,6800.4,181.92,,-0.0142,0.2202,1.9792,0.00909,0.3187
1752,14360576,3590144,4800,6803.1,181.94,,-0.0084,0.308,1.816,0.00447,0.2117
1753,14368768,3592192,4802,6805.9,182.04,,-0.0106,0.235,2.0071,0.007,0.2678
1754,14376960,3594240,4803,6808.6,182.14,,0.0027,0.4409,1.822,0.01095,0.347
1755,14385152,3596288,4803,6811.3,182.14,,-0.0035,0.3313,1.7324,0.00742,0.2986
1756,14393344,3598336,4804,6814.1,182.04,,-0.0101,0.2198,1.8027,0.00751,0.2762
1757,14401536,3600384,4804,6816.8,182.04,,-0.0034,0.6585,1.8655,0.01294,0.3568
1758,14409728,3602432,4806,6819.5,183.12,,-0.0081,0.447,2.086,0.01078,0.3389
1759,14417920,3604480,4808,6822.3,185.19,,-0.0096,0.3808,2.0653,0.00806,0.3077
1760,14426112,3606528,4811,6825.1,185.74,,-0.0059,0.6472,2.0453,0.01178,0.3475
1761,14434304,3608576,4812,6827.8,185.82,,-0.0149,0.2468,1.998,0.00944,0.3126
1762,14442496,3610624,4815,6830.6,186.01,,-0.005,0.4766,2.0071,0.01097,0.3627
1763,14450688,3612672,4818,6833.3,183.62,,0.0052,0.8126,1.865,0.01267,0.3308
1764,14458880,3614720,4818,6836.0,183.62,,-0.0066,0.5636,1.9078,0.01153,0.3079
1765,14467072,3616768,4819,6838.8,184.76,,-0.0035,0.3507,1.8949,0.00618,0.2623
1766,14475264,3618816,4820,6841.5,184.85,,-0.0064,0.437,1.8506,0.00821,0.2942
1767,14483456,3620864,4822,6844.3,184.83,,0.0011,0.6586,1.8678,0.01418,0.3492
1768,14491648,3622912,4823,6847.0,184.81,,-0.0083,0.516,1.9146,0.00724,0.2865
1769,14499840,3624960,4824,6849.7,184.84,,-0.0069,0.456,2.0015,0.01075,0.3169
1770,14508032,3627008,4825,6852.5,186.47,,-0.006,0.4717,2.1382,0.00887,0.3182
1771,14516224,3629056,4828,6855.2,185.99,,-0.0009,1.1794,2.1378,0.0112,0.3512
1772,14524416,3631104,4831,6858.0,187.03,,-0.0054,0.8516,2.0832,0.01026,0.3533
1773,14532608,3633152,4833,6860.7,187.74,,-0.0035,0.8978,2.0571,0.00923,0.3258
1774,14540800,3635200,4834,6863.4,185.68,,0.0044,1.4938,1.9388,0.01343,0.343
1775,14548992,3637248,4839,6866.2,180.28,,0.009,1.6706,2.0396,0.01716,0.3923
1776,14557184,3639296,4842,6869.0,177.79,,-0.0007,0.8438,1.9772,0.01568,0.3798
1777,14565376,3641344,4844,6871.7,178.05,,-0.0035,0.6281,1.9465,0.00871,0.2961
1778,14573568,3643392,4844,6874.4,178.05,,-0.0034,0.5371,2.0092,0.00842,0.3126
1779,14581760,3645440,4846,6877.2,176.55,,-0.0079,0.6193,2.0706,0.0105,0.3383
1780,14589952,3647488,4846,6879.9,176.55,,-0.0063,0.6642,2.1152,0.01053,0.3542
1781,14598144,3649536,4848,6882.7,175.11,,-0.0089,0.7328,2.1353,0.00899,0.3245
1782,14606336,3651584,4848,6885.4,175.11,,-0.0087,0.6693,2.1999,0.00869,0.3199
1783,14614528,3653632,4852,6888.2,176.62,,0.0069,1.3675,2.057,0.01436,0.3593
1784,14622720,3655680,4856,6890.9,173.71,,0.0054,2.1025,2.0512,0.01455,0.381
1785,14630912,3657728,4856,6893.6,173.71,,0.0239,2.1924,2.13,0.02539,0.4365
1786,14639104,3659776,4860,6896.4,173.43,,-0.0032,1.3361,2.0906,0.00938,0.3005
1787,14647296,3661824,4861,6899.1,171.43,,0.0132,1.7175,2.0629,0.02513,0.444
1788,14655488,3663872,4863,6901.9,172.5,,-0.0001,0.5391,1.9907,0.00723,0.29
1789,14663680,3665920,4865,6904.6,176.13,,-0.0104,0.3251,2.0714,0.0083,0.3427
1790,14671872,3667968,4865,6907.4,176.13,,0.0016,1.2395,1.9968,0.00861,0.3291
1791,14680064,3670016,4866,6910.1,176.72,,-0.0075,0.4507,1.9846,0.00918,0.3429
1792,14688256,3672064,4868,6912.8,177.78,,0.0012,1.01,2.011,0.01208,0.3707
1793,14696448,3674112,4869,6915.6,177.8,,-0.0065,0.4758,2.0492,0.01151,0.3591
1794,14704640,3676160,4871,6918.3,176.68,,0.0038,1.0816,2.1078,0.01061,0.353
1795,14712832,3678208,4874,6921.1,176.81,,-0.0085,0.5493,2.1597,0.00815,0.3195
1796,14721024,3680256,4880,6923.8,178.57,,0.0001,1.8049,2.15,0.01145,0.3556
1797,14729216,3682304,4881,6926.6,177.02,,0.0042,1.0772,2.0619,0.01405,0.4012
1798,14737408,3684352,4882,6929.3,178.54,,-0.007,0.4987,2.0915,0.00994,0.3424
1799,14745600,3686400,4883,6932.1,178.04,,0.0079,1.0877,2.179,0.01517,0.3889
1800,14753792,3688448,4884,7063.7,176.02,15094.0,0.0214,2.1044,2.1048,0.02214,0.4255
1801,14761984,3690496,4884,7066.4,176.02,,0.0021,0.8218,2.0584,0.01019,0.3433
1802,14770176,3692544,4885,7069.2,175.63,,0.0061,0.8921,1.9993,0.01136,0.3448
1803,14778368,3694592,4886,7071.9,175.24,,0.0078,0.9404,1.9148,0.01185,0.326
1804,14786560,3696640,4887,7074.6,175.26,,-0.0037,0.4837,1.9564,0.00923,0.3373
1805,14794752,3698688,4891,7077.4,175.72,,-0.0056,0.5708,2.1883,0.00853,0.3251
1806,14802944,3700736,4894,7080.1,175.85,,0.0049,1.4444,2.0351,0.01896,0.4033
1807,14811136,3702784,4895,7082.9,176.85,,-0.0013,0.4012,1.9893,0.0135,0.3617
1808,14819328,3704832,4897,7085.6,174.6,,-0.0016,0.7473,2.0692,0.0101,0.3617
1809,14827520,3706880,4899,7088.4,173.62,,-0.0013,0.6498,2.015,0.00943,0.3171
1810,14835712,3708928,4903,7091.1,170.79,,0.0041,1.2501,1.9485,0.01103,0.3635
1811,14843904,3710976,4903,7093.9,170.79,,-0.0062,0.2569,1.9284,0.01204,0.35
1812,14852096,3713024,4904,7096.6,168.89,,-0.0067,0.502,1.9318,0.00707,0.2911
1813,14860288,3715072,4905,7099.3,167.72,,-0.0126,0.3643,2.047,0.00942,0.3141
1814,14868480,3717120,4908,7102.1,167.14,,-0.011,0.344,1.998,0.00872,0.3092
1815,14876672,3719168,4909,7104.8,167.11,,-0.0065,0.7358,2.0042,0.01003,0.3105
1816,14884864,3721216,4909,7107.6,167.11,,-0.0085,0.349,2.0388,0.00762,0.2761
1817,14893056,3723264,4911,7110.3,166.92,,-0.012,0.2417,2.0723,0.01019,0.3561
1818,14901248,3725312,4913,7113.0,167.09,,-0.0103,0.3962,2.0177,0.01027,0.3473
1819,14909440,3727360,4915,7115.8,166.69,,-0.0146,0.2202,2.0318,0.00848,0.3308
1820,14917632,3729408,4916,7118.5,166.57,,-0.0061,0.6424,2.0619,0.01168,0.3279
1821,14925824,3731456,4920,7121.3,167.9,,0.006,1.1029,2.0525,0.01677,0.3865
1822,14934016,3733504,4922,7124.0,167.04,,-0.0041,0.6395,1.9416,0.01212,0.3453
1823,14942208,3735552,4924,7126.8,167.07,,-0.0154,0.2317,2.0151,0.00663,0.2598
1824,14950400,3737600,4926,7129.5,165.05,,-0.0089,0.4515,1.8819,0.01078,0.313
1825,14958592,3739648,4927,7132.3,164.06,,-0.0047,0.4564,1.9615,0.01179,0.3279
1826,14966784,3741696,4927,7135.0,164.06,,-0.0143,0.2026,1.9375,0.00757,0.2953
1827,14974976,3743744,4928,7137.7,164.47,,-0.0032,0.5271,1.946,0.00957,0.3289
1828,14983168,3745792,4930,7140.5,164.45,,-0.0061,0.4764,1.9835,0.00778,0.2941
1829,14991360,3747840,4930,7143.2,164.45,,-0.0069,0.4508,1.9939,0.00995,0.3462
1830,14999552,3749888,4933,7146.0,163.65,,-0.004,0.8483,2.0878,0.00797,0.2988
1831,15007744,3751936,4936,7148.7,167.42,,-0.0079,0.5693,2.0529,0.00969,0.3589
1832,15015936,3753984,4941,7151.5,172.96,,-0.0131,0.3347,2.056,0.00847,0.3169
1833,15024128,3756032,4942,7154.2,174.35,,-0.013,0.2966,1.9142,0.00933,0.344
1834,15032320,3758080,4942,7157.0,174.35,,-0.0051,0.9364,1.9648,0.00702,0.2799
1835,15040512,3760128,4943,7159.7,172.99,,-0.0062,0.6396,2.0302,0.01037,0.3552
1836,15048704,3762176,4944,7162.4,173.04,,-0.0069,0.5113,2.1118,0.00887,0.34
1837,15056896,3764224,4946,7165.2,174.01,,-0.0006,0.4342,1.9971,0.01285,0.3844
1838,15065088,3766272,4949,7167.9,173.21,,-0.0031,1.0271,2.0143,0.00954,0.2899
1839,15073280,3768320,4951,7170.7,172.82,,-0.001,0.7533,1.8639,0.00898,0.3066
1840,15081472,3770368,4952,7173.4,172.96,,-0.0091,0.4635,1.9375,0.00858,0.3149
1841,15089664,3772416,4953,7176.2,174.95,,-0.0001,0.5575,2.0773,0.01202,0.3507
1842,15097856,3774464,4956,7178.9,174.39,,-0.0034,0.6146,2.0609,0.01195,0.3511
1843,15106048,3776512,4960,7181.7,176.87,,-0.0027,0.7725,1.9057,0.01127,0.3368
1844,15114240,3778560,4960,7184.4,176.87,,-0.0092,0.7836,1.9092,0.01091,0.3123
1845,15122432,3780608,4962,7187.1,177.59,,0.0059,1.0661,1.9329,0.01499,0.3556
1846,15130624,3782656,4964,7189.9,175.14,,-0.004,0.9177,1.9974,0.00983,0.3373
1847,15138816,3784704,4966,7192.6,175.53,,-0.0018,0.6303,1.9409,0.01226,0.3585
1848,15147008,3786752,4967,7195.4,175.87,,-0.007,0.662,1.9915,0.0093,0.3226
1849,15155200,3788800,4968,7198.1,175.97,,-0.0134,0.5017,1.9876,0.0111,0.3357
1850,15163392,3790848,4968,7200.8,175.97,,0.0054,0.9103,2.0147,0.01482,0.4
1851,15171584,3792896,4972,7203.6,174.68,,-0.0018,0.6074,1.9876,0.01567,0.3939
1852,15179776,3794944,4976,7206.4,177.28,,-0.0096,0.3669,1.92,0.00907,0.3042
1853,15187968,3796992,4977,7209.1,175.77,,-0.0122,0.1899,1.9734,0.0066,0.2948
1854,15196160,3799040,4978,7211.9,175.76,,-0.0128,0.1767,1.9605,0.00685,0.2704
1855,15204352,3801088,4979,7214.6,176.12,,-0.0092,0.4985,2.053,0.00956,0.3159
1856,15212544,3803136,4979,7217.3,176.12,,-0.0082,0.4768,2.0007,0.00883,0.2917
1857,15220736,3805184,4982,7220.1,177.7,,-0.0069,0.4193,2.0075,0.01001,0.3193
1858,15228928,3807232,4983,7222.8,179.74,,-0.0049,0.4221,1.891,0.00773,0.2902
1859,15237120,3809280,4984,7225.5,181.29,,-0.0069,0.6953,1.8976,0.00854,0.2927
1860,15245312,3811328,4988,7228.3,181.17,,0.0007,0.9681,1.8817,0.01276,0.3363
1861,15253504,3813376,4989,7231.0,181.17,,-0.0143,0.2852,1.9458,0.0126,0.3519
1862,15261696,3815424,4989,7233.8,181.17,,-0.0159,0.1854,2.0215,0.01122,0.3512
1863,15269888,3817472,4991,7236.5,181.64,,-0.0139,0.3016,2.0339,0.0083,0.3224
1864,15278080,3819520,4993,7239.3,182.29,,-0.0107,0.3042,1.9436,0.00911,0.3538
1865,15286272,3821568,4996,7242.0,179.9,,0.0018,1.3845,2.0525,0.01145,0.3524
1866,15294464,3823616,4996,7244.8,179.9,,-0.0086,0.3789,1.9988,0.00916,0.3197
1867,15302656,3825664,4999,7247.5,182.88,,-0.0009,0.5236,1.9911,0.00942,0.2847
1868,15310848,3827712,5000,7250.3,182.82,,0.0008,0.9239,1.9088,0.01156,0.3264
1869,15319040,3829760,5002,7253.0,182.65,,0.0084,1.2997,1.971,0.00845,0.2605
1870,15327232,3831808,5004,7255.7,186.1,,-0.0058,0.4075,2.0366,0.00888,0.2917
1871,15335424,3833856,5005,7258.5,187.71,,0.003,0.6781,2.0111,0.00974,0.365
1872,15343616,3835904,5007,7261.2,186.63,,0.0028,1.4743,2.0982,0.01601,0.3911
1873,15351808,3837952,5010,7264.0,185.26,,0.0133,0.9453,2.1228,0.01776,0.4036
1874,15360000,3840000,5012,7266.8,183.37,,0.001,0.5814,2.0135,0.01202,0.3541
1875,15368192,3842048,5013,7269.5,183.23,,0.0008,0.5862,2.041,0.00873,0.3198
1876,15376384,3844096,5014,7272.2,183.37,,-0.0078,0.5154,2.0233,0.00946,0.3268
1877,15384576,3846144,5017,7275.0,182.56,,0.0001,0.9702,1.9718,0.01129,0.3337
1878,15392768,3848192,5018,7277.7,182.12,,-0.0053,0.5864,1.9843,0.01251,0.3419
1879,15400960,3850240,5018,7280.5,182.12,,-0.001,1.0302,2.0365,0.00988,0.3239
1880,15409152,3852288,5019,7283.2,182.03,,-0.0066,0.6396,2.0204,0.00866,0.2903
1881,15417344,3854336,5021,7285.9,183.65,,-0.0116,0.7632,2.0648,0.0084,0.3177
1882,15425536,3856384,5023,7288.7,183.76,,-0.0111,0.4848,2.0684,0.0092,0.2864
1883,15433728,3858432,5025,7291.4,181.91,,-0.0048,0.9707,2.128,0.00969,0.3179
1884,15441920,3860480,5029,7294.2,184.81,,0.0,0.4386,2.0846,0.01152,0.3511
1885,15450112,3862528,5030,7296.9,184.78,,0.0025,0.9271,1.9984,0.00999,0.3435
1886,15458304,3864576,5032,7299.7,184.89,,0.001,0.6886,2.1149,0.0139,0.3679
1887,15466496,3866624,5033,7302.4,182.95,,-0.009,0.3898,2.0397,0.00966,0.3218
1888,15474688,3868672,5034,7305.2,183.07,,-0.0056,0.6954,2.0327,0.00981,0.3273
1889,15482880,3870720,5035,7307.9,182.56,,-0.012,0.3369,2.1581,0.0111,0.3158
1890,15491072,3872768,5036,7310.6,182.03,,0.0013,1.1477,2.0951,0.0122,0.3345
1891,15499264,3874816,5037,7313.4,182.21,,-0.0029,0.7117,2.1254,0.01116,0.3198
1892,15507456,3876864,5038,7316.1,182.16,,-0.0017,0.8436,2.1467,0.00906,0.2992
1893,15515648,3878912,5042,7318.9,182.08,,0.0005,0.7408,2.229,0.00866,0.2959
1894,15523840,3880960,5044,7321.6,184.07,,-0.0062,0.2927,2.2094,0.00812,0.2952
1895,15532032,3883008,5048,7324.4,186.76,,0.0014,0.6345,2.049,0.01416,0.3831
1896,15540224,3885056,5048,7327.1,186.76,,-0.0123,0.2488,1.9448,0.00817,0.3062
1897,15548416,3887104,5048,7329.8,186.76,,-0.0078,0.2962,2.0307,0.00711,0.27
1898,15556608,3889152,5050,7332.6,186.57,,-0.0101,0.44,1.9427,0.00973,0.3262
1899,15564800,3891200,5050,7335.3,186.57,,-0.0088,0.2804,2.0246,0.00785,0.2899
1900,15572992,3893248,5053,7502.8,187.37,15856.25,-0.0108,0.3845,2.0638,0.00597,0.2458
1901,15581184,3895296,5054,7505.5,187.34,,-0.0092,0.3268,2.0451,0.0089,0.3479
1902,15589376,3897344,5054,7508.2,187.34,,-0.0124,0.3482,2.1341,0.00925,0.3142
1903,15597568,3899392,5058,7510.9,188.86,,-0.0143,0.2648,2.182,0.00907,0.3383
1904,15605760,3901440,5060,7513.7,187.33,,-0.0155,0.1856,2.1586,0.00861,0.317
1905,15613952,3903488,5063,7516.4,189.0,,-0.0093,0.3804,2.1105,0.00882,0.3124
1906,15622144,3905536,5066,7519.2,189.55,,-0.0048,0.2844,2.049,0.01337,0.371
1907,15630336,3907584,5067,7521.9,189.62,,-0.0102,0.1856,1.9659,0.0082,0.3083
1908,15638528,3909632,5068,7524.7,189.53,,-0.0087,0.3267,1.9725,0.00818,0.3121
1909,15646720,3911680,5068,7527.4,189.53,,-0.0035,0.5063,2.0263,0.01151,0.3441
1910,15654912,3913728,5068,7530.1,189.53,,-0.0063,0.487,2.0413,0.0072,0.2927
1911,15663104,3915776,5069,7532.9,191.02,,-0.0021,0.9571,1.9716,0.00566,0.2582
1912,15671296,3917824,5070,7535.6,190.97,,-0.014,0.3182,1.9995,0.00611,0.2692
1913,15679488,3919872,5074,7538.3,191.97,,-0.004,0.4222,2.0452,0.01011,0.3433
1914,15687680,3921920,5078,7541.1,193.43,,-0.0088,0.2719,2.0648,0.01092,0.3474
1915,15695872,3923968,5080,7543.9,193.3,,-0.0123,0.1997,2.1296,0.00852,0.3025
1916,15704064,3926016,5081,7546.6,192.9,,-0.0004,0.704,2.0237,0.01322,0.3733
1917,15712256,3928064,5083,7549.4,192.84,,-0.0071,0.3243,2.108,0.00824,0.3464
1918,15720448,3930112,5084,7552.1,193.28,,-0.0019,0.4549,1.9532,0.007,0.298
1919,15728640,3932160,5084,7554.8,193.28,,-0.0058,0.5059,1.9531,0.00903,0.3132
1920,15736832,3934208,5086,7557.5,191.99,,-0.0066,0.4345,2.0004,0.01155,0.3533
1921,15745024,3936256,5088,7560.3,192.12,,-0.0076,0.5443,2.0573,0.00863,0.3105
1922,15753216,3938304,5090,7563.0,191.1,,0.0062,0.6612,2.0356,0.01409,0.3828
1923,15761408,3940352,5092,7565.8,190.77,,-0.0042,0.3905,2.0876,0.01029,0.3488
1924,15769600,3942400,5093,7568.5,190.72,,-0.005,0.3415,2.1496,0.01182,0.3479
1925,15777792,3944448,5093,7571.2,190.72,,-0.0032,0.4059,2.1607,0.00976,0.3259
1926,15785984,3946496,5098,7574.0,193.47,,-0.0139,0.1936,2.1774,0.0078,0.3234
1927,15794176,3948544,5099,7576.8,193.53,,-0.0111,0.2745,2.0176,0.00855,0.3118
1928,15802368,3950592,5100,7579.5,193.48,,-0.009,0.2085,2.0248,0.00951,0.3458
1929,15810560,3952640,5100,7582.2,193.48,,-0.0064,0.3797,2.0608,0.01606,0.4036
1930,15818752,3954688,5101,7585.0,192.95,,-0.0089,0.4893,2.1887,0.00728,0.266
1931,15826944,3956736,5103,7587.7,193.17,,-0.0081,0.3265,2.238,0.00999,0.3334
1932,15835136,3958784,5106,7590.5,194.11,,-0.0063,0.3608,2.1675,0.01038,0.3326
1933,15843328,3960832,5107,7593.2,194.72,,-0.0095,0.4422,2.0537,0.01134,0.3356
1934,15851520,3962880,5110,7596.0,195.16,,-0.0096,0.4138,2.0676,0.00629,0.2379
1935,15859712,3964928,5112,7598.7,196.94,,-0.0141,0.2304,2.0201,0.00957,0.3286
1936,15867904,3966976,5112,7601.4,196.94,,0.0042,0.844,1.998,0.01243,0.37
1937,15876096,3969024,5113,7604.2,196.96,,0.0005,0.4032,2.0692,0.00985,0.3445
1938,15884288,3971072,5115,7606.9,197.42,,-0.0101,0.2108,1.9931,0.00914,0.3519
1939,15892480,3973120,5116,7609.7,197.44,,-0.0116,0.2526,2.0555,0.00861,0.2968
1940,15900672,3975168,5116,7612.4,197.44,,-0.0101,0.2809,2.0213,0.01007,0.3121
1941,15908864,3977216,5116,7615.1,197.44,,-0.0154,0.1597,2.1509,0.00856,0.3165
1942,15917056,3979264,5118,7617.9,198.22,,-0.0045,0.244,2.1509,0.00968,0.3431
1943,15925248,3981312,5122,7620.7,197.52,,-0.0,0.9402,2.1761,0.01233,0.3636
1944,15933440,3983360,5125,7623.4,199.51,,-0.0128,0.2343,2.0988,0.00889,0.3329
1945,15941632,3985408,5128,7626.2,199.64,,-0.0132,0.2116,2.1171,0.01077,0.3767
1946,15949824,3987456,5128,7628.9,199.64,,-0.006,0.5426,2.0141,0.00704,0.308
1947,15958016,3989504,5130,7631.6,199.82,,-0.0142,0.2148,2.1006,0.00765,0.2975
1948,15966208,3991552,5132,7634.4,200.59,,-0.0123,0.2203,2.018,0.00621,0.2878
1949,15974400,3993600,5132,7637.1,200.59,,-0.0123,0.1625,1.8774,0.00651,0.2783
1950,15982592,3995648,5132,7639.8,200.59,,-0.003,0.5806,1.9839,0.00754,0.2953
1951,15990784,3997696,5132,7642.5,200.59,,-0.012,0.293,2.0727,0.00906,0.3348
1952,15998976,3999744,5133,7645.3,202.17,,-0.0095,0.342,2.1816,0.00803,0.2634
1953,16007168,4001792,5137,7648.0,203.26,,-0.0116,0.2064,2.1917,0.00861,0.3296
1954,16015360,4003840,5141,7650.8,203.27,,-0.0017,0.6927,2.085,0.00777,0.2723
1955,16023552,4005888,5144,7653.6,202.78,,-0.0093,0.7026,2.1223,0.00778,0.3112
1956,16031744,4007936,5145,7656.3,202.73,,-0.0164,0.1465,2.0305,0.00825,0.3055
1957,16039936,4009984,5147,7659.0,202.97,,-0.0118,0.2358,2.007,0.0071,0.3066
1958,16048128,4012032,5147,7661.8,202.97,,-0.0089,0.2625,2.0083,0.00605,0.2711
1959,16056320,4014080,5148,7664.5,203.46,,-0.0042,0.2447,1.9529,0.00913,0.3177
1960,16064512,4016128,5149,7667.2,203.41,,-0.0097,0.4045,1.9834,0.00772,0.3007
1961,16072704,4018176,5150,7670.0,203.43,,-0.0049,0.3958,2.0339,0.008,0.3318
1962,16080896,4020224,5151,7672.7,203.47,,-0.0146,0.2987,2.108,0.00739,0.2798
1963,16089088,4022272,5152,7675.5,203.44,,-0.0153,0.2307,2.1736,0.0077,0.2955
1964,16097280,4024320,5154,7678.2,203.43,,-0.0188,0.1279,2.144,0.00647,0.2709
1965,16105472,4026368,5157,7681.0,203.05,,-0.0175,0.1212,2.1729,0.01165,0.3798
1966,16113664,4028416,5159,7683.7,205.04,,-0.0087,0.2262,2.087,0.00824,0.312
1967,16121856,4030464,5160,7686.4,205.05,,-0.0184,0.0856,2.0623,0.00873,0.303
1968,16130048,4032512,5164,7689.2,204.19,,-0.0033,0.6368,2.0066,0.01051,0.3342
1969,16138240,4034560,5164,7692.0,204.19,,-0.0161,0.1454,2.0247,0.00789,0.2902
1970,16146432,4036608,5165,7694.7,205.26,,0.0059,0.4535,2.009,0.01523,0.3738
1971,16154624,4038656,5167,7697.4,205.3,,-0.0071,0.3433,2.0281,0.00646,0.2754
1972,16162816,4040704,5167,7700.1,205.3,,-0.0053,0.4502,2.1501,0.00786,0.2948
1973,16171008,4042752,5169,7702.9,204.45,,-0.0091,0.6532,2.056,0.00662,0.2603
1974,16179200,4044800,5172,7705.7,204.73,,-0.0089,0.4288,2.1399,0.01013,0.324
1975,16187392,4046848,5173,7708.4,204.73,,-0.007,0.5783,2.116,0.00813,0.333
1976,16195584,4048896,5175,7711.1,204.84,,-0.0036,0.4184,2.1625,0.00955,0.323
1977,16203776,4050944,5175,7713.9,204.84,,-0.0081,0.5102,2.1539,0.00791,0.3098
1978,16211968,4052992,5179,7716.6,204.17,,0.0034,1.3611,2.1484,0.0117,0.3324
1979,16220160,4055040,5182,7719.4,204.23,,-0.0043,0.7484,2.069,0.01278,0.3555
1980,16228352,4057088,5183,7722.1,203.33,,0.0027,0.7047,1.9649,0.00962,0.3127
1981,16236544,4059136,5183,7724.8,203.33,,-0.0026,0.371,1.9186,0.00666,0.2744
1982,16244736,4061184,5185,7727.6,202.79,,-0.0028,0.5113,2.0044,0.01024,0.3456
1983,16252928,4063232,5186,7730.3,203.18,,-0.0118,0.2957,1.9545,0.00926,0.3081
1984,16261120,4065280,5187,7733.1,203.57,,-0.0093,0.3532,2.0754,0.00628,0.2792
1985,16269312,4067328,5188,7735.8,203.45,,-0.0107,0.2771,2.0538,0.00812,0.2977
1986,16277504,4069376,5190,7738.6,204.53,,-0.0113,0.2354,2.0845,0.00839,0.3262
1987,16285696,4071424,5193,7741.3,204.32,,-0.0147,0.1903,2.0797,0.01108,0.259
1988,16293888,4073472,5194,7744.0,204.35,,-0.012,0.2149,2.0703,0.01199,0.3292
1989,16302080,4075520,5197,7746.8,203.31,,-0.0104,0.1422,2.1286,0.00866,0.3049
1990,16310272,4077568,5197,7749.5,203.31,,-0.0122,0.1401,2.0048,0.00894,0.312
1991,16318464,4079616,5200,7752.3,203.27,,-0.013,0.1274,2.011,0.00746,0.2983
1992,16326656,4081664,5201,7755.0,205.26,,-0.0178,0.0993,1.934,0.00688,0.2601
1993,16334848,4083712,5202,7757.8,204.08,,-0.0061,0.2409,2.0509,0.00924,0.3036
1994,16343040,4085760,5205,7760.5,203.98,,-0.0121,0.2747,2.0169,0.00892,0.3136
1995,16351232,4087808,5206,7763.3,203.05,,0.0098,1.4157,1.8919,0.01544,0.3873
1996,16359424,4089856,5206,7766.0,203.05,,-0.0097,0.1498,1.9211,0.0068,0.2797
1997,16367616,4091904,5208,7768.7,202.91,,-0.0107,0.3022,2.0635,0.00742,0.2958
1998,16375808,4093952,5209,7771.5,203.38,,-0.0189,0.1845,2.0823,0.00738,0.3019
1999,16384000,4096000,5211,7774.2,204.05,,-0.011,0.3208,2.0989,0.0088,0.2792
2000,16392192,4098048,5213,7942.2,204.05,15395.5,-0.0097,0.3352,2.1342,0.00823,0.2811
2001,16400384,4100096,5213,7945.0,204.05,,-0.0083,0.3988,2.0905,0.00814,0.3171
2002,16408576,4102144,5216,7947.7,203.64,,-0.009,0.3706,2.0059,0.00767,0.2964
2003,16416768,4104192,5219,7950.4,203.46,,-0.0058,0.1813,2.0416,0.01434,0.3323
2004,16424960,4106240,5220,7953.2,203.46,,-0.0035,0.3404,2.0259,0.01115,0.3457
2005,16433152,4108288,5223,7955.9,203.86,,0.0076,1.0026,1.9702,0.01611,0.3879
2006,16441344,4110336,5224,7958.7,202.41,,-0.0022,0.6559,1.8537,0.00909,0.3013
2007,16449536,4112384,5224,7961.4,202.41,,-0.0069,0.2924,1.8015,0.0102,0.3022
2008,16457728,4114432,5226,7964.1,202.27,,-0.0112,0.1696,1.9647,0.00755,0.2877
2009,16465920,4116480,5227,7966.9,202.18,,-0.0108,0.36,1.9273,0.00844,0.2871
2010,16474112,4118528,5229,7969.6,202.21,,-0.0131,0.1467,1.8925,0.00657,0.2693
2011,16482304,4120576,5230,7972.4,201.66,,-0.0074,0.2961,1.8281,0.01098,0.3269
2012,16490496,4122624,5230,7975.1,201.66,,-0.0136,0.2083,1.9564,0.01049,0.3142
2013,16498688,4124672,5231,7977.8,201.75,,-0.0093,0.2544,2.0919,0.00656,0.2726
2014,16506880,4126720,5234,7980.6,202.15,,-0.0151,0.1537,2.1048,0.00996,0.3433
2015,16515072,4128768,5237,7983.3,202.39,,-0.0086,0.173,1.9741,0.00776,0.2833
2016,16523264,4130816,5239,7986.1,201.79,,-0.0066,0.3219,2.0035,0.01116,0.3224
2017,16531456,4132864,5242,7988.9,202.13,,-0.0011,0.4971,1.9113,0.01088,0.3104
2018,16539648,4134912,5242,7991.6,202.13,,-0.0094,0.2032,1.935,0.00652,0.2709
2019,16547840,4136960,5243,7994.3,202.67,,-0.0041,0.2123,1.8846,0.00728,0.2911
2020,16556032,4139008,5245,7997.1,202.64,,-0.0108,0.1136,1.9063,0.00508,0.2255
2021,16564224,4141056,5246,7999.8,202.81,,-0.0054,0.2785,1.8394,0.0064,0.2797
2022,16572416,4143104,5246,8002.5,202.81,,-0.0012,0.2662,1.8758,0.00796,0.275
2023,16580608,4145152,5247,8005.3,202.74,,-0.0101,0.1881,1.9527,0.00718,0.2942
2024,16588800,4147200,5247,8008.0,202.74,,-0.0191,0.1098,2.0904,0.01009,0.345
2025,16596992,4149248,5250,8010.8,203.24,,-0.0139,0.2457,2.1672,0.0073,0.3054
2026,16605184,4151296,5252,8013.5,203.36,,-0.0163,0.1286,2.1238,0.0066,0.2761
2027,16613376,4153344,5255,8016.3,203.59,,-0.0141,0.203,2.1072,0.00945,0.3352
2028,16621568,4155392,5256,8019.1,203.95,,-0.0142,0.108,2.0167,0.00538,0.2501
2029,16629760,4157440,5258,8021.8,204.03,,-0.0084,0.3565,2.0289,0.0064,0.2529
2030,16637952,4159488,5260,8024.5,204.26,,0.0004,0.4063,1.986,0.00962,0.3375
2031,16646144,4161536,5262,8027.3,204.28,,-0.0005,0.4156,1.9511,0.01015,0.3253
2032,16654336,4163584,5262,8030.0,204.28,,-0.0028,0.5488,1.8309,0.00924,0.3107
2033,16662528,4165632,5263,8032.8,205.88,,-0.0017,0.6068,1.7884,0.009,0.2964
2034,16670720,4167680,5263,8035.5,205.88,,-0.0064,0.5348,1.8512,0.01028,0.3207
2035,16678912,4169728,5264,8038.2,205.81,,-0.0038,0.5454,1.9237,0.00973,0.2654
2036,16687104,4171776,5264,8040.9,205.81,,-0.0176,0.1435,2.0901,0.00929,0.3293
2037,16695296,4173824,5268,8043.7,206.22,,-0.0105,0.3384,2.1647,0.01011,0.361
2038,16703488,4175872,5271,8046.5,205.87,,-0.0095,0.433,2.062,0.00893,0.2893
2039,16711680,4177920,5272,8049.2,206.47,,-0.0131,0.1465,1.9492,0.00761,0.3193
2040,16719872,4179968,5275,8052.0,206.46,,-0.0151,0.1946,2.0101,0.00615,0.2766
2041,16728064,4182016,5277,8054.7,207.26,,-0.0163,0.15,1.9799,0.0076,0.301
2042,16736256,4184064,5278,8057.5,207.34,,-0.0103,0.3754,1.8877,0.00676,0.2705
2043,16744448,4186112,5278,8060.2,207.34,,-0.0068,0.4009,1.8249,0.00785,0.2894
2044,16752640,4188160,5278,8063.0,207.34,,0.0002,0.6974,1.9289,0.01347,0.35
2045,16760832,4190208,5279,8065.7,207.37,,-0.0082,0.2811,1.9523,0.00767,0.3077
2046,16769024,4192256,5280,8068.4,206.81,,-0.0081,0.3708,2.1689,0.00623,0.2792
2047,16777216,4194304,5285,8071.2,209.05,,-0.0064,0.5974,2.0774,0.0109,0.3257
2048,16785408,4196352,5287,8074.0,209.04,,-0.0088,0.2301,2.0144,0.00893,0.3239
2049,16793600,4198400,5288,8076.7,209.1,,-0.0123,0.3663,2.0114,0.00827,0.3071
2050,16801792,4200448,5292,8079.5,207.23,,-0.0151,0.2394,2.1733,0.00998,0.3329
2051,16809984,4202496,5295,8082.3,208.8,,-0.0119,0.2453,1.9994,0.00851,0.2827
2052,16818176,4204544,5295,8085.0,208.8,,-0.0083,0.2523,1.9133,0.01042,0.3212
2053,16826368,4206592,5295,8087.7,208.8,,-0.0149,0.1383,1.9068,0.00793,0.2845
2054,16834560,4208640,5296,8090.5,208.31,,-0.011,0.2244,1.9372,0.00804,0.2867
2055,16842752,4210688,5296,8093.2,208.31,,0.0017,0.9227,1.9265,0.01339,0.3358
2056,16850944,4212736,5296,8096.0,208.31,,-0.0065,0.2091,2.0475,0.00962,0.3451
2057,16859136,4214784,5298,8098.7,208.29,,-0.0101,0.2714,2.0329,0.01562,0.345
2058,16867328,4216832,5302,8101.5,208.36,,0.0016,0.4967,2.0456,0.00999,0.3203
2059,16875520,4218880,5307,8104.3,208.61,,0.0039,0.3827,2.0096,0.0179,0.3993
2060,16883712,4220928,5307,8107.0,208.61,,-0.0103,0.2721,1.9742,0.0083,0.3167
2061,16891904,4222976,5310,8109.8,208.26,,-0.0015,0.9657,1.8784,0.00978,0.3109
2062,16900096,4225024,5310,8112.5,208.26,,-0.0079,0.3153,1.8887,0.00917,0.3259
2063,16908288,4227072,5312,8115.3,206.55,,0.0033,1.0852,1.9063,0.00898,0.2974
2064,16916480,4229120,5312,8118.0,206.55,,-0.0065,0.4115,1.8785,0.00761,0.2849
2065,16924672,4231168,5313,8120.8,206.6,,-0.0015,0.7036,1.9769,0.01191,0.3484
2066,16932864,4233216,5317,8123.6,205.44,,0.0013,0.9238,1.977,0.01083,0.3534
2067,16941056,4235264,5318,8126.3,204.89,,-0.0019,0.4648,2.0226,0.0126,0.3467
2068,16949248,4237312,5320,8129.0,204.6,,0.0027,0.4866,1.9708,0.0147,0.3516
2069,16957440,4239360,5321,8131.8,204.59,,-0.01,0.2791,1.951,0.01153,0.3309
2070,16965632,4241408,5323,8134.5,205.09,,-0.003,0.4592,1.9128,0.00931,0.2968
2071,16973824,4243456,5325,8137.3,206.22,,-0.0121,0.183,1.9935,0.0086,0.3253
2072,16982016,4245504,5325,8140.1,206.22,,-0.0089,0.3203,1.9501,0.00851,0.3073
2073,16990208,4247552,5327,8142.8,206.51,,-0.0119,0.2641,2.0219,0.00698,0.2865
2074,16998400,4249600,5329,8145.5,206.46,,-0.0106,0.3213,1.9295,0.0074,0.275
2075,17006592,4251648,5330,8148.3,206.52,,-0.0046,0.608,1.8832,0.01041,0.365
2076,17014784,4253696,5332,8151.1,206.53,,-0.0058,0.3676,1.9612,0.00833,0.3101
2077,17022976,4255744,5332,8153.8,206.53,,-0.0066,0.2951,1.9633,0.00919,0.338
2078,17031168,4257792,5333,8156.5,206.53,,-0.0116,0.2237,2.1263,0.00733,0.2983
2079,17039360,4259840,5337,8159.3,206.7,,0.0037,0.6012,2.026,0.01045,0.3307
2080,17047552,4261888,5337,8162.0,206.7,,-0.0044,0.3879,1.9799,0.01117,0.2993
2081,17055744,4263936,5337,8164.8,206.7,,0.0,0.6823,1.9775,0.00902,0.3041
2082,17063936,4265984,5340,8167.5,207.2,,0.0036,1.1056,2.0936,0.01248,0.3379
2083,17072128,4268032,5343,8170.3,205.84,,-0.0031,0.3346,1.9888,0.01188,0.3722
2084,17080320,4270080,5346,8173.1,204.72,,-0.0089,0.4329,1.9559,0.00619,0.2391
2085,17088512,4272128,5346,8175.8,204.72,,-0.0124,0.1965,1.9172,0.00626,0.2629
2086,17096704,4274176,5349,8178.6,203.98,,-0.0049,0.7313,1.9839,0.00801,0.2841
2087,17104896,4276224,5350,8181.3,204.03,,-0.0114,0.3327,1.9227,0.00899,0.3037
2088,17113088,4278272,5351,8184.1,203.02,,-0.0106,0.4944,2.0678,0.00916,0.3104
2089,17121280,4280320,5353,8186.8,201.25,,-0.0013,0.7068,1.9453,0.01348,0.3933
2090,17129472,4282368,5353,8189.5,201.25,,-0.0075,0.4138,1.9684,0.01054,0.3352
2091,17137664,4284416,5354,8192.3,201.28,,-0.0033,0.6232,1.8801,0.01244,0.3446
2092,17145856,4286464,5356,8195.0,201.43,,0.0042,1.115,2.0261,0.01077,0.3097
2093,17154048,4288512,5358,8197.8,201.36,,-0.0002,1.0926,1.9193,0.01062,0.3032
2094,17162240,4290560,5362,8200.5,199.43,,-0.0033,0.4885,2.0068,0.01112,0.3448
2095,17170432,4292608,5364,8203.3,197.37,,-0.007,0.4224,2.0104,0.01075,0.3307
2096,17178624,4294656,5368,8206.1,195.39,,-0.001,0.4802,2.0516,0.00952,0.3433
2097,17186816,4296704,5368,8208.8,195.39,,0.0107,0.764,1.9367,0.01299,0.3679
2098,17195008,4298752,5369,8211.6,195.25,,-0.0055,0.6067,1.9314,0.00836,0.307
2099,17203200,4300800,5369,8214.3,195.25,,0.0023,0.8063,2.0494,0.01123,0.3464
2100,17211392,4302848,5371,8361.5,196.27,15133.0,-0.0061,0.7598,2.0115,0.0137,0.3685
2101,17219584,4304896,5373,8364.2,193.58,,-0.001,1.1269,1.8373,0.0097,0.3177
2102,17227776,4306944,5373,8367.0,193.58,,-0.002,0.5051,1.9432,0.00951,0.2937
2103,17235968,4308992,5373,8369.7,193.58,,-0.0039,0.683,2.0575,0.01,0.3099
2104,17244160,4311040,5377,8372.4,193.4,,-0.0042,0.7654,2.1875,0.01175,0.3359
2105,17252352,4313088,5381,8375.2,192.0,,0.0116,1.2491,2.1209,0.01795,0.4017
2106,17260544,4315136,5383,8377.9,190.94,,-0.0015,0.7687,2.1026,0.01349,0.3632
2107,17268736,4317184,5385,8380.7,191.49,,-0.0043,0.5562,2.0825,0.01135,0.344
2108,17276928,4319232,5386,8383.4,191.58,,-0.0044,0.5149,1.9883,0.01025,0.3451
2109,17285120,4321280,5388,8386.2,190.16,,0.0038,1.569,1.9875,0.01556,0.3798
2110,17293312,4323328,5389,8388.9,189.06,,0.0034,1.0974,1.9347,0.01093,0.3228
2111,17301504,4325376,5390,8391.6,188.97,,-0.0046,0.4243,2.0058,0.00897,0.3051
2112,17309696,4327424,5390,8394.3,188.97,,0.0007,0.5965,1.9124,0.01002,0.3502
2113,17317888,4329472,5390,8397.1,188.97,,-0.0173,0.309,2.0277,0.0077,0.2743
2114,17326080,4331520,5391,8399.8,190.9,,-0.0099,0.3367,2.0056,0.0093,0.3185
2115,17334272,4333568,5393,8402.6,190.61,,-0.0064,0.6689,2.1367,0.0118,0.3284
2116,17342464,4335616,5395,8405.3,190.59,,-0.0096,0.5249,2.0699,0.01127,0.3551
2117,17350656,4337664,5402,8408.1,190.26,,0.0077,1.8601,2.0329,0.01522,0.3601
2118,17358848,4339712,5403,8410.8,190.29,,0.0007,0.5803,1.8763,0.01173,0.356
2119,17367040,4341760,5404,8413.5,190.29,,-0.0099,0.3871,1.9433,0.0083,0.3049
2120,17375232,4343808,5405,8416.3,190.24,,-0.0081,0.226,1.853,0.00701,0.2823
2121,17383424,4345856,5405,8419.0,190.24,,-0.0124,0.1588,1.8986,0.00833,0.2842
2122,17391616,4347904,5406,8421.7,190.71,,-0.0051,0.5242,1.8812,0.01109,0.3534
2123,17399808,4349952,5406,8424.5,190.71,,-0.005,0.3954,1.9146,0.00897,0.3265
2124,17408000,4352000,5406,8427.2,190.71,,0.0012,0.8962,1.9528,0.01195,0.3467
2125,17416192,4354048,5408,8429.9,189.79,,0.0036,1.346,2.1331,0.01509,0.3549
2126,17424384,4356096,5408,8432.7,189.79,,0.0007,0.9456,2.0188,0.01038,0.3254
2127,17432576,4358144,5413,8435.4,191.53,,-0.0041,0.5948,2.1552,0.00867,0.2737
2128,17440768,4360192,5415,8438.2,192.48,,-0.0169,0.1588,2.1579,0.00869,0.3221
2129,17448960,4362240,5420,8441.0,194.04,,-0.0091,0.2659,2.0771,0.00693,0.3129
2130,17457152,4364288,5421,8443.7,194.2,,-0.0062,0.2188,2.0144,0.00763,0.282
2131,17465344,4366336,5421,8446.5,194.2,,-0.0065,0.3621,1.9054,0.00863,0.3271
2132,17473536,4368384,5421,8449.2,194.2,,-0.0044,0.4796,2.0005,0.01129,0.345
2133,17481728,4370432,5422,8451.9,194.13,,-0.007,0.5339,1.9715,0.00858,0.2935
2134,17489920,4372480,5423,8454.7,194.12,,-0.0028,0.5065,1.9227,0.01099,0.3489
2135,17498112,4374528,5424,8457.4,194.02,,-0.0047,0.545,1.9291,0.00849,0.3118
2136,17506304,4376576,5427,8460.2,193.68,,-0.0025,0.6556,1.962,0.00835,0.2999
2137,17514496,4378624,5430,8463.0,193.59,,-0.0044,0.8414,1.9936,0.00877,0.3179
2138,17522688,4380672,5431,8465.7,193.25,,-0.0094,0.2103,2.1912,0.01043,0.338
2139,17530880,4382720,5434,8468.5,193.3,,-0.0111,0.4466,2.1717,0.007,0.2872
2140,17539072,4384768,5435,8471.2,192.18,,-0.0046,0.67,2.1377,0.00846,0.3108
2141,17547264,4386816,5437,8474.0,192.14,,0.0009,0.8964,2.0092,0.0166,0.3846
2142,17555456,4388864,5438,8476.7,192.09,,0.0132,1.6267,2.153,0.02034,0.4015
2143,17563648,4390912,5440,8479.5,190.35,,-0.0073,0.6245,2.0677,0.01143,0.3457
2144,17571840,4392960,5441,8482.2,190.87,,0.0036,1.2721,2.089,0.01857,0.3865
2145,17580032,4395008,5443,8485.0,189.39,,0.002,1.8465,2.0057,0.01076,0.3276
2146,17588224,4397056,5443,8487.7,189.39,,-0.0052,0.6425,2.0923,0.00696,0.28
2147,17596416,4399104,5446,8490.5,190.08,,-0.0024,0.4434,2.1024,0.00921,0.3131
2148,17604608,4401152,5447,8493.2,190.12,,-0.003,0.3212,2.1066,0.01098,0.349
2149,17612800,4403200,5448,8496.0,189.91,,-0.009,0.3426,2.0586,0.00761,0.3051
2150,17620992,4405248,5449,8498.7,190.87,,-0.0088,0.266,2.1018,0.00822,0.2777
2151,17629184,4407296,5449,8501.4,190.87,,-0.0064,0.5408,2.1216,0.00832,0.299
2152,17637376,4409344,5453,8504.2,192.86,,-0.0057,0.592,2.1731,0.00731,0.304
2153,17645568,4411392,5454,8507.0,192.81,,-0.014,0.248,2.2398,0.00766,0.3109
2154,17653760,4413440,5456,8509.7,192.75,,-0.0117,0.3151,2.0973,0.00617,0.2783
2155,17661952,4415488,5457,8512.5,192.77,,-0.0042,0.5289,2.0917,0.01132,0.3593
2156,17670144,4417536,5460,8515.2,191.9,,-0.0026,0.7295,2.0788,0.01101,0.3481
2157,17678336,4419584,5463,8518.0,191.05,,-0.0078,0.7567,2.1451,0.00821,0.3016
2158,17686528,4421632,5464,8520.8,192.99,,-0.0069,0.6061,2.0928,0.01081,0.3324
2159,17694720,4423680,5465,8523.5,193.46,,0.0089,1.0503,2.0142,0.01164,0.3485
2160,17702912,4425728,5465,8526.2,193.46,,0.0093,0.9831,1.9944,0.01093,0.3129
2161,17711104,4427776,5467,8529.0,194.89,,-0.004,0.5282,2.103,0.01206,0.3395
2162,17719296,4429824,5469,8531.7,193.2,,-0.0011,1.2752,2.0755,0.01124,0.3346
2163,17727488,4431872,5470,8534.5,192.2,,-0.0003,0.8776,2.0172,0.01162,0.3354
2164,17735680,4433920,5477,8537.3,191.8,,0.0104,2.7332,2.053,0.01895,0.3805
2165,17743872,4435968,5478,8540.0,190.91,,0.0031,0.8565,1.9098,0.01398,0.3469
2166,17752064,4438016,5478,8542.8,190.91,,-0.0114,0.2472,1.8967,0.00712,0.2853
2167,17760256,4440064,5478,8545.5,190.91,,-0.0016,0.4116,2.0446,0.01286,0.3624
2168,17768448,4442112,5478,8548.2,190.91,,-0.0047,0.7646,2.1236,0.01093,0.3342
2169,17776640,4444160,5479,8551.0,190.94,,-0.0013,0.8412,2.1071,0.01219,0.3546
2170,17784832,4446208,5483,8553.8,192.58,,0.0004,0.4869,2.0743,0.01446,0.3861
2171,17793024,4448256,5484,8556.5,192.04,,0.0086,1.0211,1.8782,0.01585,0.4022
2172,17801216,4450304,5487,8559.3,192.25,,-0.0039,0.4593,1.9206,0.01025,0.3204
2173,17809408,4452352,5488,8562.0,193.74,,-0.0072,0.4578,2.0559,0.00732,0.3055
2174,17817600,4454400,5490,8564.8,194.68,,0.0077,0.6817,2.0885,0.0119,0.3368
2175,17825792,4456448,5492,8567.5,194.99,,-0.0125,0.3028,2.1147,0.00998,0.3484
2176,17833984,4458496,5493,8570.3,194.99,,0.0005,0.7876,1.9825,0.01035,0.3486
2177,17842176,4460544,5494,8573.0,195.07,,-0.0137,0.2331,1.9598,0.00955,0.3145
2178,17850368,4462592,5495,8575.8,194.61,,-0.0101,0.4242,2.0531,0.00667,0.2892
2179,17858560,4464640,5497,8578.5,194.91,,-0.0082,0.5755,2.1067,0.00945,0.3092
2180,17866752,4466688,5498,8581.2,194.86,,-0.0062,0.8253,2.0943,0.0101,0.3278
2181,17874944,4468736,5500,8584.0,193.35,,0.0001,1.343,2.2141,0.00784,0.2728
2182,17883136,4470784,5501,8586.8,193.54,,-0.0013,0.6911,2.178,0.01196,0.3556
2183,17891328,4472832,5503,8589.5,194.58,,-0.0041,0.6059,2.2884,0.00897,0.3099
2184,17899520,4474880,5507,8592.3,193.5,,-0.0004,0.9438,2.2575,0.00953,0.3536
2185,17907712,4476928,5510,8595.1,192.34,,-0.0002,1.2046,2.2406,0.00829,0.3257
2186,17915904,4478976,5511,8597.8,192.81,,0.0022,1.1313,2.1936,0.01237,0.3982
2187,17924096,4481024,5513,8600.5,189.74,,-0.0015,0.8897,2.2195,0.01144,0.3441
2188,17932288,4483072,5515,8603.3,189.16,,0.003,0.9037,2.1987,0.01219,0.3392
2189,17940480,4485120,5516,8606.1,187.67,,-0.0099,0.6689,2.0986,0.01197,0.343
2190,17948672,4487168,5519,8608.8,183.1,,0.0003,2.2888,2.0628,0.01557,0.3483
2191,17956864,4489216,5519,8611.6,183.1,,-0.0063,0.6317,2.0516,0.01262,0.3519
2192,17965056,4491264,5522,8614.3,182.15,,-0.0054,0.7049,2.0256,0.0103,0.3303
2193,17973248,4493312,5524,8617.1,180.83,,0.0018,1.516,1.8765,0.01098,0.3207
2194,17981440,4495360,5525,8619.8,180.79,,-0.0082,0.5889,2.0332,0.00893,0.301
2195,17989632,4497408,5527,8622.6,180.91,,-0.0086,0.296,2.0253,0.01148,0.3531
2196,17997824,4499456,5528,8625.3,180.49,,0.0016,0.7493,1.9424,0.00896,0.3263
2197,18006016,4501504,5530,8628.1,180.94,,-0.0065,0.4376,1.9023,0.01,0.2997
2198,18014208,4503552,5531,8630.8,181.3,,-0.0083,0.4242,2.023,0.00941,0.3241
2199,18022400,4505600,5532,8633.6,180.84,,-0.0103,0.3412,2.0713,0.00891,0.3003
2200,18030592,4507648,5533,8783.2,180.7,15217.0,-0.0088,0.4319,2.0391,0.00922,0.3108
2201,18038784,4509696,5535,8785.9,180.3,,0.0028,1.1991,2.0887,0.01043,0.3512
2202,18046976,4511744,5537,8788.7,180.28,,-0.0099,0.3683,2.131,0.01153,0.349
2203,18055168,4513792,5539,8791.5,181.23,,0.0053,0.8337,2.1576,0.01383,0.3979
2204,18063360,4515840,5542,8794.2,181.7,,-0.0022,0.8857,2.0705,0.01406,0.3665
2205,18071552,4517888,5543,8797.0,182.73,,-0.0044,0.6616,2.0898,0.00815,0.2869
2206,18079744,4519936,5546,8799.7,182.67,,-0.0047,0.6837,2.1394,0.01073,0.3357
2207,18087936,4521984,5548,8802.5,181.67,,0.008,1.1128,1.9931,0.01609,0.3804
2208,18096128,4524032,5549,8805.2,180.77,,0.0013,0.6573,2.1056,0.00895,0.2976
2209,18104320,4526080,5550,8808.0,180.32,,-0.0082,0.4577,2.0443,0.00899,0.312
2210,18112512,4528128,5550,8810.7,180.32,,0.0077,0.6727,2.1621,0.0168,0.4081
2211,18120704,4530176,5552,8813.4,178.32,,0.0046,1.1465,2.1269,0.01443,0.3938
2212,18128896,4532224,5555,8816.2,178.79,,-0.0032,0.5118,2.032,0.00993,0.3158
2213,18137088,4534272,5559,8819.0,178.84,,-0.0036,1.0615,2.0391,0.01114,0.3489
2214,18145280,4536320,5559,8821.7,178.84,,-0.0078,0.5237,1.9077,0.00896,0.3091
2215,18153472,4538368,5561,8824.4,179.89,,-0.0036,0.8023,1.933,0.00794,0.271
2216,18161664,4540416,5563,8827.2,179.39,,0.0113,1.3237,2.1074,0.01524,0.3871
2217,18169856,4542464,5564,8829.9,178.96,,-0.0017,0.729,2.1212,0.01105,0.3484
2218,18178048,4544512,5565,8832.7,178.91,,-0.006,0.6567,2.0291,0.00984,0.3354
2219,18186240,4546560,5566,8835.4,177.87,,0.0008,1.4877,2.0294,0.01239,0.3489
2220,18194432,4548608,5568,8838.1,178.39,,-0.0024,0.7655,2.0437,0.00969,0.3341
2221,18202624,4550656,5570,8840.9,178.87,,-0.002,1.0663,2.0113,0.00887,0.2864
2222,18210816,4552704,5573,8843.6,176.96,,0.006,2.0104,2.1159,0.01804,0.3915
2223,18219008,4554752,5575,8846.4,177.91,,0.0111,0.981,2.1054,0.01284,0.3773
2224,18227200,4556800,5576,8849.1,177.9,,-0.007,0.5973,2.1055,0.00797,0.3179
2225,18235392,4558848,5580,8851.9,178.86,,-0.0005,1.3598,2.1549,0.01216,0.3339
2226,18243584,4560896,5581,8854.6,178.99,,-0.0002,1.0632,1.9883,0.00847,0.3135
2227,18251776,4562944,5582,8857.4,178.45,,-0.0065,0.7801,1.9961,0.00888,0.2963
2228,18259968,4564992,5585,8860.1,175.77,,0.0065,1.2178,2.0634,0.01389,0.3682
2229,18268160,4567040,5585,8862.9,175.77,,-0.0059,0.6895,2.0762,0.0085,0.3239
2230,18276352,4569088,5587,8865.6,174.94,,0.0058,1.3652,2.0841,0.01588,0.4001
2231,18284544,4571136,5588,8868.3,174.83,,-0.0047,0.983,2.1102,0.01253,0.3733
2232,18292736,4573184,5590,8871.1,173.5,,0.0052,0.9517,2.0341,0.01394,0.3856
2233,18300928,4575232,5593,8873.8,172.2,,0.0027,1.2573,2.0351,0.01296,0.3622
2234,18309120,4577280,5593,8876.6,172.2,,-0.0028,0.5084,2.0262,0.00992,0.333
2235,18317312,4579328,5596,8879.3,171.84,,-0.0062,0.3426,1.9415,0.01063,0.3353
2236,18325504,4581376,5598,8882.1,171.38,,0.0006,1.6836,2.0543,0.01426,0.349
2237,18333696,4583424,5598,8884.8,171.38,,-0.0057,0.9413,1.993,0.00894,0.2716
2238,18341888,4585472,5600,8887.5,172.32,,-0.0017,1.0452,1.9326,0.01144,0.3323
2239,18350080,4587520,5602,8890.3,171.91,,-0.0014,1.0154,2.0446,0.00956,0.3234
2240,18358272,4589568,5602,8893.0,171.91,,-0.0035,0.9203,1.8944,0.00686,0.269
2241,18366464,4591616,5602,8895.8,171.91,,-0.009,0.6431,1.9925,0.00634,0.283
2242,18374656,4593664,5603,8898.5,171.82,,-0.0125,0.4664,2.1541,0.00716,0.2773
2243,18382848,4595712,5606,8901.3,173.99,,-0.0064,0.7166,2.1285,0.00964,0.3042
2244,18391040,4597760,5608,8904.0,174.38,,-0.0124,0.2904,2.1345,0.00961,0.318
2245,18399232,4599808,5612,8906.8,176.67,,-0.0109,0.2547,2.1154,0.00648,0.2775
2246,18407424,4601856,5612,8909.5,176.67,,-0.0143,0.1713,2.0415,0.01051,0.318
2247,18415616,4603904,5617,8912.3,181.43,,-0.0043,0.4019,1.9777,0.00935,0.3201
2248,18423808,4605952,5617,8915.0,181.43,,-0.0074,0.3419,1.96,0.00801,0.3116
2249,18432000,4608000,5618,8917.7,182.89,,-0.0095,0.2267,1.9384,0.00869,0.3021
2250,18440192,4610048,5618,8920.5,182.89,,-0.0084,0.3074,1.9868,0.00794,0.3108
2251,18448384,4612096,5619,8923.2,183.3,,-0.0005,0.6026,1.9485,0.00853,0.2849
2252,18456576,4614144,5621,8925.9,184.07,,-0.0132,0.2366,1.9758,0.01,0.3333
2253,18464768,4616192,5624,8928.7,185.75,,-0.0074,0.2321,2.0693,0.00788,0.3279
2254,18472960,4618240,5624,8931.4,185.75,,-0.0145,0.2286,2.1019,0.00579,0.2312
2255,18481152,4620288,5625,8934.2,186.18,,-0.0088,0.4432,2.0745,0.00927,0.3217
2256,18489344,4622336,5629,8936.9,186.84,,-0.0149,0.2139,2.1473,0.00817,0.3158
2257,18497536,4624384,5630,8939.7,186.92,,-0.0038,0.3392,2.0452,0.01078,0.3334
2258,18505728,4626432,5632,8942.4,187.37,,-0.0085,0.3957,2.1166,0.00772,0.2875
2259,18513920,4628480,5633,8945.2,185.35,,0.002,0.545,2.0187,0.00916,0.3088
2260,18522112,4630528,5636,8947.9,185.15,,0.0152,1.228,2.0423,0.01563,0.3383
2261,18530304,4632576,5639,8950.7,185.12,,-0.001,0.4053,2.0037,0.0094,0.3112
2262,18538496,4634624,5640,8953.4,185.0,,-0.0137,0.2895,1.9855,0.01032,0.3586
2263,18546688,4636672,5644,8956.2,183.97,,0.0023,0.7805,1.9978,0.01577,0.4126
2264,18554880,4638720,5644,8958.9,183.97,,-0.0067,0.3515,1.9723,0.00902,0.3112
2265,18563072,4640768,5644,8961.6,183.97,,0.0077,0.8033,1.9963,0.01183,0.339
2266,18571264,4642816,5646,8964.3,182.46,,-0.0008,0.9096,2.112,0.0096,0.3308
2267,18579456,4644864,5647,8967.1,183.46,,-0.0053,0.4642,2.1531,0.00933,0.3083
2268,18587648,4646912,5651,8969.8,183.92,,-0.0006,1.2384,2.0134,0.01223,0.3794
2269,18595840,4648960,5651,8972.6,183.92,,0.0008,0.4521,2.0505,0.013,0.3873
2270,18604032,4651008,5652,8975.3,184.42,,-0.0013,1.0997,2.0373,0.01501,0.3124
2271,18612224,4653056,5653,8978.0,184.21,,-0.0116,0.4078,2.1266,0.00794,0.2936
2272,18620416,4655104,5656,8980.8,184.26,,-0.0062,0.5534,2.0929,0.00763,0.3171
2273,18628608,4657152,5658,8983.5,185.84,,-0.0128,0.3233,2.116,0.00821,0.2914
2274,18636800,4659200,5662,8986.3,185.44,,0.001,1.5708,2.0372,0.01324,0.3597
2275,18644992,4661248,5662,8989.0,185.44,,-0.0089,0.2145,1.9396,0.00972,0.3234
2276,18653184,4663296,5662,8991.8,185.44,,-0.0103,0.4485,2.0365,0.00832,0.3055
2277,18661376,4665344,5663,8994.5,185.81,,-0.0077,0.6724,1.999,0.01087,0.3368
2278,18669568,4667392,5664,8997.2,186.34,,-0.0067,0.5349,1.9941,0.0077,0.2804
2279,18677760,4669440,5665,9000.0,186.27,,-0.0128,0.3199,2.1415,0.00981,0.3348
2280,18685952,4671488,5667,9002.7,187.41,,-0.0052,0.6792,2.176,0.00818,0.3054
2281,18694144,4673536,5669,9005.5,188.33,,-0.0032,0.5352,2.0624,0.00964,0.3174
2282,18702336,4675584,5671,9008.2,188.78,,-0.0122,0.3844,2.0814,0.01146,0.3198
2283,18710528,4677632,5673,9010.9,191.64,,-0.01,0.2599,2.0243,0.00837,0.3304
2284,18718720,4679680,5674,9013.7,191.52,,-0.0071,0.28,2.1631,0.00671,0.2922
2285,18726912,4681728,5678,9016.5,191.4,,-0.0042,0.9672,2.0514,0.0098,0.318
2286,18735104,4683776,5680,9019.2,191.57,,-0.0081,0.3815,2.0429,0.01719,0.3768
2287,18743296,4685824,5682,9022.0,191.04,,0.0079,1.0966,1.969,0.01499,0.3792
2288,18751488,4687872,5682,9024.7,191.04,,-0.0086,0.647,2.084,0.00715,0.2761
2289,18759680,4689920,5685,9027.4,193.05,,0.0045,0.9357,2.0046,0.00934,0.2808
2290,18767872,4691968,5685,9030.2,193.05,,-0.0032,1.5059,1.962,0.01221,0.2949
2291,18776064,4694016,5688,9032.9,191.94,,0.0011,0.6747,2.1433,0.01272,0.3431
2292,18784256,4696064,5690,9035.7,191.85,,0.0024,1.1618,1.9295,0.01686,0.3313
2293,18792448,4698112,5692,9038.4,192.71,,0.024,1.1955,1.97,0.02977,0.4617
2294,18800640,4700160,5692,9041.1,192.71,,-0.0106,0.2967,2.0722,0.01011,0.3295
2295,18808832,4702208,5694,9043.9,193.23,,-0.0022,0.5338,2.0319,0.01196,0.3512
2296,18817024,4704256,5695,9046.6,193.22,,-0.0021,0.7707,2.0533,0.01574,0.3778
2297,18825216,4706304,5697,9049.3,192.68,,0.0032,1.0704,2.0541,0.01238,0.3577
2298,18833408,4708352,5700,9052.1,193.27,,0.002,0.5141,2.1179,0.01724,0.3932
2299,18841600,4710400,5702,9054.8,191.27,,-0.0022,0.5792,2.0468,0.01149,0.3451
2300,18849792,4712448,5702,9217.3,191.27,16307.75,0.0036,0.6828,2.0067,0.0106,0.3279
2301,18857984,4714496,5707,9220.0,189.44,,0.0081,1.0952,2.0762,0.01854,0.3999
2302,18866176,4716544,5710,9222.8,189.28,,-0.0039,0.5715,1.9801,0.01071,0.3118
2303,18874368,4718592,5710,9225.6,189.28,,0.0007,0.7108,1.9725,0.01595,0.3949
2304,18882560,4720640,5712,9228.3,188.46,,0.0107,1.6122,2.0218,0.01566,0.3981
2305,18890752,4722688,5712,9231.1,188.46,,-0.0027,0.8874,2.0365,0.01141,0.3636
2306,18898944,4724736,5713,9233.8,187.8,,-0.0075,0.7216,2.0494,0.01146,0.3408
2307,18907136,4726784,5715,9236.5,187.33,,0.0073,0.873,2.0697,0.01249,0.359
2308,18915328,4728832,5717,9239.3,186.87,,0.0058,1.2821,2.0726,0.01269,0.3293
2309,18923520,4730880,5719,9242.0,187.53,,-0.0036,0.8591,2.097,0.00852,0.2875
2310,18931712,4732928,5722,9244.8,186.76,,-0.0083,0.6379,2.1271,0.00963,0.3195
2311,18939904,4734976,5724,9247.6,186.72,,-0.0095,0.2709,2.0854,0.0089,0.3143
2312,18948096,4737024,5725,9250.3,186.3,,-0.0161,0.1561,2.0387,0.00946,0.3134
2313,18956288,4739072,5726,9253.1,186.32,,-0.0095,0.2361,2.1105,0.0072,0.2874
2314,18964480,4741120,5727,9255.8,186.27,,-0.0069,0.5017,2.0492,0.01067,0.3502
2315,18972672,4743168,5727,9258.5,186.27,,-0.0083,0.7017,2.0939,0.00893,0.2629
2316,18980864,4745216,5727,9261.3,186.27,,-0.012,0.3993,2.1475,0.01052,0.3346
2317,18989056,4747264,5731,9264.1,186.1,,-0.0031,0.7054,2.162,0.01267,0.3687
2318,18997248,4749312,5732,9266.8,186.18,,-0.005,0.5925,2.158,0.00924,0.3243
2319,19005440,4751360,5737,9269.6,189.24,,-0.0049,0.6382,2.157,0.00865,0.3175
2320,19013632,4753408,5740,9272.3,188.72,,-0.0033,0.5266,2.0636,0.00664,0.2568
2321,19021824,4755456,5740,9275.1,188.72,,-0.0036,0.8092,2.053,0.00837,0.2952
2322,19030016,4757504,5741,9277.8,188.6,,-0.0097,0.5436,2.0813,0.00728,0.2832
2323,19038208,4759552,5743,9280.6,189.09,,-0.0047,1.1087,2.0868,0.0101,0.3412
2324,19046400,4761600,5745,9283.3,188.96,,-0.0129,0.4694,2.111,0.00828,0.3031
2325,19054592,4763648,5745,9286.0,188.96,,-0.0097,0.5442,1.9661,0.00848,0.3136
2326,19062784,4765696,5748,9288.8,188.85,,-0.0034,0.7208,2.2042,0.00865,0.3099
2327,19070976,4767744,5749,9291.6,188.3,,-0.0098,0.6521,2.0633,0.00854,0.3016
2328,19079168,4769792,5752,9294.3,190.14,,-0.0027,0.656,2.2454,0.01079,0.3557
2329,19087360,4771840,5757,9297.1,185.83,,-0.0047,0.9133,2.2021,0.00899,0.3129
2330,19095552,4773888,5760,9299.9,184.79,,-0.001,1.0907,2.1255,0.01073,0.3352
2331,19103744,4775936,5761,9302.6,183.71,,-0.0109,0.3121,2.213,0.00737,0.3062
2332,19111936,4777984,5762,9305.4,183.74,,-0.0061,1.0097,2.0827,0.01216,0.3711
2333,19120128,4780032,5762,9308.1,183.74,,0.0022,0.9529,2.2001,0.01373,0.3816
2334,19128320,4782080,5764,9310.8,181.76,,0.0072,1.3003,2.0953,0.01596,0.3484
2335,19136512,4784128,5765,9313.6,181.41,,0.002,1.2012,2.212,0.01187,0.3517
2336,19144704,4786176,5767,9316.3,180.3,,0.0108,1.6845,2.1956,0.01624,0.3676
2337,19152896,4788224,5770,9319.1,179.14,,0.0094,1.0244,2.2571,0.01382,0.3851
2338,19161088,4790272,5773,9321.9,177.44,,-0.001,0.7647,2.1511,0.01156,0.3744
2339,19169280,4792320,5774,9324.6,177.45,,-0.0085,0.5181,2.2019,0.01029,0.3333
2340,19177472,4794368,5777,9327.4,176.09,,0.001,0.9141,2.1745,0.01182,0.3239
2341,19185664,4796416,5778,9330.1,175.6,,-0.0055,0.509,2.1513,0.00574,0.2572
2342,19193856,4798464,5778,9332.8,175.6,,0.0014,0.8086,2.1225,0.01254,0.3656
2343,19202048,4800512,5780,9335.6,175.17,,0.0079,1.4468,2.1651,0.01634,0.407
2344,19210240,4802560,5781,9338.3,176.14,,-0.0066,0.4406,2.0824,0.00708,0.2704
2345,19218432,4804608,5782,9341.1,176.12,,-0.0,0.6764,2.1178,0.0079,0.2627
2346,19226624,4806656,5782,9343.8,176.12,,-0.0121,0.5981,2.1709,0.01047,0.3036
2347,19234816,4808704,5785,9346.6,176.61,,-0.0033,0.528,2.2484,0.00889,0.2874
2348,19243008,4810752,5789,9349.3,176.74,,0.0009,0.4133,2.2263,0.00816,0.2946
2349,19251200,4812800,5792,9352.1,177.13,,-0.0062,0.3271,2.238,0.00804,0.3387
2350,19259392,4814848,5796,9354.9,178.11,,-0.001,0.5654,2.1641,0.01188,0.3738
2351,19267584,4816896,5797,9357.6,177.64,,0.0075,1.2856,2.2329,0.0187,0.4075
2352,19275776,4818944,5798,9360.4,176.02,,-0.0034,0.8989,2.2867,0.0072,0.3003
2353,19283968,4820992,5799,9363.1,174.6,,-0.0024,0.5344,2.2527,0.01006,0.3511
2354,19292160,4823040,5801,9365.9,174.05,,0.0053,1.2676,2.2952,0.00936,0.3416
2355,19300352,4825088,5802,9368.6,175.52,,-0.0038,0.9052,2.2267,0.00759,0.2994
2356,19308544,4827136,5803,9371.4,174.88,,-0.0035,0.7815,2.2657,0.00823,0.3187
2357,19316736,4829184,5807,9374.2,175.18,,-0.0002,1.0545,2.2281,0.01065,0.323
2358,19324928,4831232,5808,9376.9,174.08,,0.0052,1.1866,2.1562,0.02075,0.3969
2359,19333120,4833280,5810,9379.7,174.41,,0.0019,0.6733,2.2057,0.01114,0.3265
2360,19341312,4835328,5813,9382.4,175.16,,-0.01,0.5455,2.2771,0.01011,0.3517
2361,19349504,4837376,5815,9385.2,173.73,,-0.0011,1.1976,2.1847,0.00736,0.2963
2362,19357696,4839424,5817,9387.9,173.98,,-0.0087,0.6364,2.1831,0.01143,0.3477
2363,19365888,4841472,5818,9390.7,173.46,,0.0018,1.6989,2.074,0.01221,0.3558
2364,19374080,4843520,5819,9393.4,173.38,,-0.0079,0.4832,2.1877,0.00903,0.3319
2365,19382272,4845568,5822,9396.2,170.88,,0.0065,1.5642,2.2254,0.01351,0.3644
2366,19390464,4847616,5823,9398.9,169.48,,-0.0075,0.4255,2.195,0.00922,0.334
2367,19398656,4849664,5825,9401.7,169.58,,0.0005,1.089,2.1319,0.00831,0.2886
2368,19406848,4851712,5829,9404.5,166.52,,0.013,2.441,2.2437,0.01489,0.2935
2369,19415040,4853760,5833,9407.2,166.09,,-0.0018,1.3788,2.1553,0.0119,0.364
2370,19423232,4855808,5834,9410.0,165.11,,-0.0054,0.9947,2.0502,0.00936,0.3203
2371,19431424,4857856,5834,9412.7,165.11,,-0.0052,0.8491,2.177,0.00994,0.3578
2372,19439616,4859904,5835,9415.5,164.15,,0.0082,1.1549,2.2325,0.01651,0.4148
2373,19447808,4861952,5836,9418.2,162.63,,-0.0007,1.4636,2.2339,0.00814,0.3043
2374,19456000,4864000,5836,9421.0,162.63,,0.0035,1.0344,2.2985,0.00941,0.3147
2375,19464192,4866048,5843,9423.8,159.23,,0.0071,1.5867,2.2693,0.01301,0.3597
2376,19472384,4868096,5845,9426.5,159.81,,0.0025,1.1045,2.1483,0.01091,0.3512
2377,19480576,4870144,5847,9429.3,160.85,,0.0006,0.3825,2.1785,0.00915,0.3394
2378,19488768,4872192,5848,9432.0,160.83,,-0.0033,0.635,2.0428,0.00901,0.3405
2379,19496960,4874240,5849,9434.8,161.4,,-0.0047,0.7473,2.1921,0.00871,0.3301
2380,19505152,4876288,5849,9437.5,161.4,,0.002,0.5241,2.1677,0.01001,0.3492
2381,19513344,4878336,5851,9440.3,160.4,,-0.0102,0.3899,2.1646,0.00699,0.2916
2382,19521536,4880384,5857,9443.1,161.58,,-0.0086,0.6394,2.2542,0.00608,0.2682
2383,19529728,4882432,5857,9445.8,161.58,,-0.0138,0.4531,2.2664,0.00776,0.2911
2384,19537920,4884480,5858,9448.5,161.56,,-0.0045,0.8123,2.3026,0.01115,0.3616
2385,19546112,4886528,5860,9451.3,163.42,,-0.0024,0.9907,2.3051,0.00875,0.3269
2386,19554304,4888576,5862,9454.0,163.69,,-0.0076,0.4793,2.2993,0.01121,0.3376
2387,19562496,4890624,5866,9456.8,162.22,,-0.0016,0.7584,2.1476,0.00966,0.3275
2388,19570688,4892672,5867,9459.5,162.65,,-0.0106,0.4593,2.209,0.009,0.3223
2389,19578880,4894720,5867,9462.3,162.65,,-0.0117,0.4373,2.1478,0.00877,0.3173
2390,19587072,4896768,5868,9465.0,163.12,,-0.0059,0.4131,2.197,0.00992,0.3461
2391,19595264,4898816,5872,9467.8,164.47,,-0.0108,0.6648,2.2072,0.00813,0.2791
2392,19603456,4900864,5873,9470.5,164.83,,-0.0107,0.488,2.2723,0.00808,0.3281
2393,19611648,4902912,5874,9473.2,163.93,,0.0022,1.1774,2.2579,0.01121,0.3525
2394,19619840,4904960,5878,9476.0,164.3,,-0.0077,0.7051,2.245,0.00919,0.3296
2395,19628032,4907008,5880,9478.7,164.23,,-0.0051,0.5321,2.1336,0.01071,0.3517
2396,19636224,4909056,5883,9481.5,162.8,,0.0067,1.0481,2.2024,0.01401,0.3885
2397,19644416,4911104,5883,9484.2,162.8,,0.0086,0.9467,2.1664,0.01011,0.3529
2398,19652608,4913152,5884,9487.0,161.25,,-0.0037,0.7736,2.2434,0.00827,0.2843
2399,19660800,4915200,5886,9489.7,161.95,,-0.0047,0.635,2.1517,0.01125,0.3285
2400,19668992,4917248,5887,9654.2,163.51,15584.5,-0.0066,0.9148,2.2171,0.01199,0.3395
2401,19677184,4919296,5890,9656.9,163.97,,0.0026,1.4072,2.3245,0.01056,0.3433
2402,19685376,4921344,5891,9659.7,162.84,,-0.0025,0.9303,2.2069,0.01084,0.3112
2403,19693568,4923392,5892,9662.4,162.95,,-0.0051,0.5555,2.2674,0.01079,0.3256
2404,19701760,4925440,5895,9665.1,161.42,,-0.0032,0.5445,2.2801,0.00871,0.3143
2405,19709952,4927488,5897,9667.9,161.86,,0.0026,0.5851,2.2409,0.01261,0.3719
2406,19718144,4929536,5900,9670.6,163.49,,-0.0141,0.4214,2.3323,0.00804,0.3013
2407,19726336,4931584,5901,9673.4,164.48,,-0.0018,0.706,2.2108,0.00869,0.3174
2408,19734528,4933632,5902,9676.1,164.17,,0.0039,0.9245,2.2366,0.01444,0.3635
2409,19742720,4935680,5903,9678.9,165.19,,-0.0049,0.4198,2.2535,0.00829,0.2903
2410,19750912,4937728,5905,9681.6,165.26,,-0.0047,0.8591,2.2681,0.00844,0.3395
2411,19759104,4939776,5907,9684.4,165.19,,-0.0065,0.4968,2.2614,0.01163,0.354
2412,19767296,4941824,5908,9687.1,165.18,,-0.0004,0.7763,2.2667,0.00737,0.2794
2413,19775488,4943872,5908,9689.8,165.18,,-0.0154,0.2713,2.3083,0.00748,0.2938
2414,19783680,4945920,5911,9692.6,164.82,,-0.0059,0.523,2.2723,0.00844,0.3092
2415,19791872,4947968,5911,9695.3,164.82,,-0.0045,0.4665,2.2785,0.00669,0.2854
2416,19800064,4950016,5914,9698.1,167.04,,-0.0117,0.3823,2.3273,0.01107,0.3187
2417,19808256,4952064,5917,9700.8,168.03,,-0.0132,0.3907,2.3634,0.00857,0.3555
2418,19816448,4954112,5918,9703.6,168.03,,-0.0098,0.5226,2.3305,0.01021,0.3617
2419,19824640,4956160,5920,9706.3,167.96,,-0.0007,1.0255,2.2464,0.0109,0.3418
2420,19832832,4958208,5923,9709.1,169.75,,-0.0014,1.4477,2.2376,0.01231,0.3435
2421,19841024,4960256,5924,9711.8,169.43,,-0.0154,0.2442,2.172,0.00804,0.2828
2422,19849216,4962304,5924,9714.6,169.43,,-0.0115,0.2049,2.2647,0.00739,0.3002
2423,19857408,4964352,5925,9717.3,169.1,,0.0036,0.7937,2.1346,0.01231,0.3146
2424,19865600,4966400,5928,9720.1,170.59,,-0.0081,0.4626,2.1719,0.01212,0.34
2425,19873792,4968448,5929,9722.8,172.11,,-0.0113,0.4133,2.1225,0.0103,0.3564
2426,19881984,4970496,5931,9725.6,173.04,,-0.0177,0.2491,2.1558,0.00775,0.2939
2427,19890176,4972544,5933,9728.3,173.73,,-0.0097,0.392,2.1911,0.01057,0.3081
2428,19898368,4974592,5935,9731.1,175.6,,-0.0072,0.5855,2.1571,0.01104,0.3315
2429,19906560,4976640,5935,9733.8,175.6,,-0.0098,0.4199,2.0523,0.01303,0.3571
2430,19914752,4978688,5936,9736.6,177.07,,0.0113,1.0355,2.0988,0.01682,0.405
2431,19922944,4980736,5939,9739.3,178.27,,0.0029,0.7239,2.0945,0.01245,0.3713
2432,19931136,4982784,5940,9742.1,179.72,,-0.0056,0.323,2.113,0.00709,0.2852
2433,19939328,4984832,5943,9744.8,182.4,,-0.0044,0.7385,2.0917,0.00947,0.3408
2434,19947520,4986880,5945,9747.6,182.82,,-0.012,0.3864,2.1522,0.0111,0.325
2435,19955712,4988928,5946,9750.3,183.37,,-0.0165,0.3351,2.1874,0.00963,0.3196
2436,19963904,4990976,5948,9753.1,181.07,,0.0123,1.1684,2.0235,0.01979,0.3831
2437,19972096,4993024,5950,9755.8,180.93,,-0.0107,0.3286,2.1449,0.00935,0.3373
2438,19980288,4995072,5953,9758.6,180.93,,-0.011,0.4345,2.1039,0.00775,0.2839
2439,19988480,4997120,5954,9761.3,181.59,,-0.0104,0.4279,2.0595,0.00893,0.2963
2440,19996672,4999168,5955,9764.1,182.73,,-0.0067,0.4474,2.1197,0.01073,0.3522
2441,20004864,5001216,5959,9766.9,180.67,,-0.0055,0.6073,2.1451,0.00982,0.3392
2442,20013056,5003264,5959,9769.6,180.67,,-0.0134,0.3044,2.0433,0.00662,0.2625
2443,20021248,5005312,5962,9772.4,179.75,,-0.0065,0.5289,2.1014,0.00895,0.3115
2444,20029440,5007360,5963,9775.1,179.75,,-0.0013,0.3062,2.0633,0.01001,0.299
2445,20037632,5009408,5964,9777.9,180.14,,0.0067,0.5556,2.1092,0.01342,0.3401
2446,20045824,5011456,5966,9780.6,183.71,,-0.0078,0.3206,2.108,0.01379,0.3909
2447,20054016,5013504,5967,9783.4,184.19,,-0.0039,0.4369,2.1435,0.00842,0.3011
2448,20062208,5015552,5969,9786.1,185.43,,-0.0012,0.4562,2.1477,0.00954,0.3223
2449,20070400,5017600,5971,9788.9,184.52,,-0.0098,0.2419,2.0821,0.01043,0.3215
2450,20078592,5019648,5972,9791.6,183.44,,-0.0089,0.4185,2.1604,0.00635,0.2938
2451,20086784,5021696,5975,9794.4,186.53,,-0.0013,0.508,2.1978,0.00921,0.2932
2452,20094976,5023744,5976,9797.1,186.99,,-0.0213,0.1673,2.2116,0.00867,0.3314
2453,20103168,5025792,5978,9799.9,187.34,,-0.0127,0.2823,2.1813,0.01135,0.3574
2454,20111360,5027840,5979,9802.6,187.35,,-0.0147,0.2476,2.0597,0.01002,0.3402
2455,20119552,5029888,5980,9805.4,186.31,,-0.0004,0.8425,2.162,0.01075,0.3374
2456,20127744,5031936,5984,9808.2,187.1,,-0.0091,0.2574,2.1549,0.01146,0.3469
2457,20135936,5033984,5986,9810.9,187.03,,-0.0126,0.1572,2.0436,0.0073,0.298
2458,20144128,5036032,5987,9813.7,187.35,,-0.0054,0.2681,2.0909,0.00555,0.243
2459,20152320,5038080,5989,9816.4,187.05,,-0.0017,0.5457,2.0812,0.00955,0.2722
2460,20160512,5040128,5990,9819.2,187.04,,-0.0092,0.1932,2.0455,0.00995,0.3187
2461,20168704,5042176,5991,9821.9,188.21,,-0.0115,0.1748,2.0193,0.00997,0.3196
2462,20176896,5044224,5993,9824.7,189.71,,-0.0128,0.3073,2.0634,0.00834,0.2998
2463,20185088,5046272,5995,9827.4,189.16,,-0.009,0.3787,2.0951,0.00834,0.3073
2464,20193280,5048320,5996,9830.2,190.01,,-0.0123,0.244,2.1234,0.00757,0.2867
2465,20201472,5050368,5998,9832.9,191.45,,-0.0023,0.4113,2.12,0.00794,0.3066
2466,20209664,5052416,6001,9835.7,190.93,,-0.0064,0.2107,2.0969,0.00907,0.2911
2467,20217856,5054464,6004,9838.5,190.75,,-0.0106,0.3946,2.1182,0.00833,0.2728
2468,20226048,5056512,6004,9841.2,190.75,,-0.0086,0.5179,2.0642,0.00986,0.2927
2469,20234240,5058560,6005,9844.0,191.2,,-0.015,0.2265,2.0698,0.01046,0.311
2470,20242432,5060608,6005,9846.7,191.2,,-0.0011,0.6867,2.0102,0.01161,0.3525
2471,20250624,5062656,6008,9849.4,192.4,,-0.0134,0.2603,2.0571,0.00748,0.3043
2472,20258816,5064704,6010,9852.2,192.73,,-0.0128,0.387,2.1376,0.00641,0.2679
2473,20267008,5066752,6010,9854.9,192.73,,-0.0131,0.3023,2.1314,0.00876,0.3212
2474,20275200,5068800,6011,9857.7,192.76,,-0.0131,0.1922,2.189,0.00568,0.2517
2475,20283392,5070848,6012,9860.4,192.6,,-0.0031,0.7905,2.1021,0.00773,0.3086
2476,20291584,5072896,6016,9863.2,192.63,,-0.009,0.4117,2.138,0.00623,0.2385
2477,20299776,5074944,6019,9866.0,194.82,,-0.0008,0.8733,2.0539,0.00886,0.2894
2478,20307968,5076992,6020,9868.7,194.83,,0.0115,1.2021,2.0911,0.01705,0.3638
2479,20316160,5079040,6021,9871.5,196.35,,-0.0055,0.5319,2.0507,0.01063,0.358
2480,20324352,5081088,6022,9874.2,195.89,,-0.0039,0.914,2.1282,0.01103,0.3301
2481,20332544,5083136,6023,9877.0,195.93,,-0.0041,0.453,2.1594,0.00903,0.3167
2482,20340736,5085184,6026,9879.7,196.94,,0.0071,1.0944,2.1526,0.0099,0.3256
2483,20348928,5087232,6026,9882.5,196.94,,-0.0002,0.6279,2.1575,0.00741,0.287
2484,20357120,5089280,6028,9885.2,196.46,,-0.0076,0.6824,2.1371,0.00609,0.2311
2485,20365312,5091328,6030,9888.0,195.88,,-0.0087,0.4354,2.2676,0.00726,0.2728
2486,20373504,5093376,6033,9890.7,194.47,,-0.0036,0.6008,2.1497,0.01337,0.3757
2487,20381696,5095424,6034,9893.5,194.46,,-0.0128,0.3159,2.1662,0.0089,0.3201
2488,20389888,5097472,6036,9896.2,194.59,,0.0041,0.6759,2.2134,0.01123,0.374
2489,20398080,5099520,6036,9899.0,194.59,,-0.0129,0.3378,2.1977,0.00945,0.3501
2490,20406272,5101568,6039,9901.8,193.24,,-0.0029,0.5927,2.1021,0.00855,0.2949
2491,20414464,5103616,6041,9904.5,191.81,,-0.0071,0.3461,2.1233,0.00639,0.2701
2492,20422656,5105664,6042,9907.3,190.96,,-0.0025,1.3684,2.1322,0.01038,0.2684
2493,20430848,5107712,6043,9910.0,190.07,,-0.0043,0.4638,2.1252,0.01062,0.3306
2494,20439040,5109760,6045,9912.8,190.14,,-0.0156,0.2731,2.2297,0.00934,0.3187
2495,20447232,5111808,6046,9915.5,188.98,,0.0005,0.5338,2.2294,0.01059,0.3452
2496,20455424,5113856,6049,9918.3,192.88,,-0.0158,0.2006,2.2082,0.00849,0.3234
2497,20463616,5115904,6051,9921.0,192.03,,0.0095,1.011,2.237,0.01218,0.3881
2498,20471808,5117952,6054,9923.8,190.56,,-0.0072,0.914,2.1655,0.00646,0.2401
2499,20480000,5120000,6054,9926.5,190.56,,-0.0148,0.2408,2.1881,0.00661,0.2906
2500,20488192,5122048,6054,10084.3,190.56,15593.0,0.0053,0.5342,2.1275,0.01002,0.3354
2501,20496384,5124096,6056,10087.1,190.61,,-0.0131,0.3142,2.1773,0.0066,0.2859
2502,20504576,5126144,6059,10089.8,193.81,,-0.0059,0.5517,2.207,0.0094,0.274
2503,20512768,5128192,6061,10092.6,193.94,,-0.0126,0.2978,2.1467,0.00624,0.2665
2504,20520960,5130240,6061,10095.3,193.94,,-0.0073,0.3742,2.1801,0.00916,0.3049
2505,20529152,5132288,6062,10098.0,193.91,,-0.0054,1.1811,2.1542,0.00988,0.3105
2506,20537344,5134336,6065,10100.8,193.22,,-0.0142,0.3917,2.2323,0.00692,0.2759
2507,20545536,5136384,6066,10103.5,193.2,,-0.0052,0.6773,2.0987,0.00995,0.3197
2508,20553728,5138432,6068,10106.3,193.14,,-0.0099,0.438,2.1642,0.00649,0.2772
2509,20561920,5140480,6071,10109.0,193.5,,-0.0065,0.4745,2.03,0.0074,0.2723
2510,20570112,5142528,6073,10111.8,193.62,,-0.0026,0.704,2.1468,0.01103,0.3698
2511,20578304,5144576,6073,10114.5,193.62,,0.0079,0.5276,1.9879,0.01593,0.3923
2512,20586496,5146624,6074,10117.2,192.14,,-0.0088,0.2016,1.9936,0.00998,0.323
2513,20594688,5148672,6075,10120.0,192.21,,0.0069,0.7716,1.8942,0.01589,0.3754
2514,20602880,5150720,6078,10122.7,192.84,,0.0016,0.931,2.0205,0.0113,0.3369
2515,20611072,5152768,6079,10125.4,192.77,,0.004,0.7191,2.0339,0.00998,0.2653
2516,20619264,5154816,6079,10128.2,192.77,,-0.0055,0.3639,1.8897,0.00867,0.2767
2517,20627456,5156864,6081,10130.9,194.2,,0.0075,0.8004,1.898,0.00824,0.2819
2518,20635648,5158912,6084,10133.7,197.44,,0.0013,0.8229,1.8604,0.01202,0.3387
2519,20643840,5160960,6088,10136.4,197.88,,0.0117,0.9541,1.9171,0.01478,0.3116
2520,20652032,5163008,6088,10139.2,197.88,,0.0008,0.8304,1.965,0.01073,0.3192
2521,20660224,5165056,6088,10141.9,197.88,,0.0067,0.6228,1.803,0.01547,0.3052
2522,20668416,5167104,6090,10144.6,198.86,,-0.0084,0.4496,1.9451,0.01249,0.3479
2523,20676608,5169152,6091,10147.4,198.83,,-0.0103,0.3264,1.8048,0.00784,0.2933
2524,20684800,5171200,6093,10150.1,199.14,,-0.0077,0.4522,2.1389,0.00828,0.312
2525,20692992,5173248,6095,10152.8,199.69,,-0.009,0.4463,1.9294,0.00889,0.3081
2526,20701184,5175296,6096,10155.6,199.24,,-0.0077,0.4297,1.9738,0.01023,0.3206
2527,20709376,5177344,6098,10158.3,198.34,,0.0014,0.9771,1.9363,0.0082,0.2784
2528,20717568,5179392,6100,10161.1,198.8,,-0.004,0.5101,2.1261,0.00524,0.233
2529,20725760,5181440,6103,10163.8,197.61,,-0.005,0.954,1.9891,0.00951,0.2925
2530,20733952,5183488,6105,10166.6,198.23,,-0.0149,0.2554,2.1169,0.0067,0.2841
2531,20742144,5185536,6106,10169.3,198.08,,-0.0088,0.3354,2.0062,0.00898,0.3019
2532,20750336,5187584,6106,10172.0,198.08,,-0.0172,0.1288,1.9538,0.00719,0.2922
2533,20758528,5189632,6107,10174.7,197.97,,-0.0092,0.3781,1.9452,0.00955,0.297
2534,20766720,5191680,6109,10177.5,196.61,,0.0033,1.3552,1.9324,0.01547,0.3491
2535,20774912,5193728,6112,10180.2,195.31,,-0.0087,0.379,2.0476,0.01031,0.2922
2536,20783104,5195776,6114,10183.0,194.3,,0.0004,0.9771,1.9523,0.01537,0.34
2537,20791296,5197824,6116,10185.7,194.48,,-0.0076,0.8095,2.1355,0.01138,0.3656
2538,20799488,5199872,6120,10188.5,193.44,,0.0061,0.8019,2.1076,0.01556,0.3711
2539,20807680,5201920,6121,10191.2,192.93,,0.0084,0.9619,2.1788,0.01179,0.3525
2540,20815872,5203968,6123,10193.9,193.34,,-0.0,0.7015,2.1632,0.01036,0.3171
2541,20824064,5206016,6123,10196.7,193.34,,-0.0074,0.7012,2.0929,0.00811,0.3011
2542,20832256,5208064,6124,10199.4,192.28,,0.004,1.5003,2.1532,0.0093,0.3514
2543,20840448,5210112,6126,10202.1,189.72,,-0.0023,0.5155,2.1074,0.00946,0.3143
2544,20848640,5212160,6130,10204.9,189.19,,0.0019,1.3996,2.1266,0.0134,0.3555
2545,20856832,5214208,6131,10207.6,189.1,,-0.0101,0.3633,2.0191,0.01026,0.3154
2546,20865024,5216256,6134,10210.4,189.38,,0.0084,1.1497,2.0382,0.01939,0.3947
2547,20873216,5218304,6136,10213.1,187.7,,-0.002,0.4902,1.9597,0.01417,0.3837
2548,20881408,5220352,6136,10215.8,187.7,,-0.0127,0.253,2.0411,0.00786,0.2863
2549,20889600,5222400,6138,10218.6,188.58,,-0.0128,0.1517,1.9516,0.00597,0.238
2550,20897792,5224448,6139,10221.3,189.46,,0.0003,0.3805,1.9456,0.01288,0.3213
2551,20905984,5226496,6140,10224.0,190.54,,-0.0148,0.1663,1.917,0.00967,0.3071
2552,20914176,5228544,6142,10226.8,191.75,,0.0002,0.8257,1.8094,0.01122,0.3121
2553,20922368,5230592,6143,10229.5,192.61,,0.0031,0.9532,1.9181,0.0119,0.3165
2554,20930560,5232640,6145,10232.3,192.54,,-0.0017,0.531,1.918,0.01379,0.3394
2555,20938752,5234688,6147,10235.0,194.07,,0.0036,0.7721,2.0396,0.01139,0.3452
2556,20946944,5236736,6150,10237.8,194.5,,-0.0058,0.3535,2.1083,0.00992,0.3381
2557,20955136,5238784,6150,10240.5,194.5,,-0.0184,0.2102,2.026,0.01159,0.3687
2558,20963328,5240832,6153,10243.2,196.37,,-0.0122,0.2988,2.1164,0.01059,0.3138
2559,20971520,5242880,6154,10246.0,196.52,,-0.0046,0.6436,1.9831,0.00863,0.3315
2560,20979712,5244928,6155,10248.7,196.52,,-0.0125,0.1989,2.1041,0.00836,0.316
2561,20987904,5246976,6156,10251.4,196.5,,-0.0063,0.3793,1.9413,0.00798,0.298
2562,20996096,5249024,6159,10254.2,196.8,,-0.013,0.3555,2.0025,0.00767,0.2991
2563,21004288,5251072,6159,10256.9,196.8,,-0.0042,0.4827,1.9658,0.00915,0.2988
2564,21012480,5253120,6161,10259.6,197.89,,-0.015,0.2343,1.9927,0.00703,0.2839
2565,21020672,5255168,6163,10262.4,196.88,,-0.0006,0.7578,2.018,0.01173,0.3362
2566,21028864,5257216,6166,10265.1,196.55,,-0.0056,0.5214,2.0232,0.00979,0.3314
2567,21037056,5259264,6167,10267.9,196.59,,-0.0111,0.1783,1.925,0.01033,0.311
2568,21045248,5261312,6167,10270.6,196.59,,0.0026,0.9123,1.8709,0.01016,0.3022
2569,21053440,5263360,6170,10273.3,197.61,,-0.01,0.2623,1.944,0.00759,0.2632
2570,21061632,5265408,6172,10276.1,199.04,,-0.0126,0.2647,1.9983,0.00815,0.2916
2571,21069824,5267456,6172,10278.8,199.04,,-0.0142,0.1863,1.9065,0.00756,0.2736
2572,21078016,5269504,6173,10281.5,199.03,,-0.0062,0.4243,1.8734,0.00976,0.3004
2573,21086208,5271552,6175,10284.3,199.5,,-0.0068,0.5163,2.0837,0.01187,0.342
2574,21094400,5273600,6176,10287.0,199.5,,-0.0014,0.2925,1.9063,0.00979,0.2561
2575,21102592,5275648,6178,10289.7,200.01,,-0.0062,0.3663,1.9896,0.00674,0.2637
2576,21110784,5277696,6179,10292.5,200.5,,-0.018,0.1284,1.8878,0.00835,0.3025
2577,21118976,5279744,6180,10295.2,200.51,,-0.0119,0.1489,1.9317,0.00618,0.2469
2578,21127168,5281792,6183,10298.0,201.04,,-0.0051,0.5055,1.9525,0.0103,0.2706
2579,21135360,5283840,6184,10300.7,201.56,,0.0167,0.734,1.9369,0.02244,0.3077
2580,21143552,5285888,6185,10303.4,201.56,,-0.0093,0.22,1.9122,0.01407,0.3392
2581,21151744,5287936,6187,10306.2,201.64,,-0.0086,0.4504,2.0052,0.01081,0.3246
2582,21159936,5289984,6188,10308.9,201.68,,0.0102,0.8616,1.9686,0.01776,0.3704
2583,21168128,5292032,6189,10311.7,202.23,,-0.0102,0.2692,1.9079,0.00674,0.2593
2584,21176320,5294080,6190,10314.4,201.7,,-0.0159,0.1226,1.8839,0.00778,0.2772
2585,21184512,5296128,6191,10317.2,202.25,,-0.0037,0.4276,1.7576,0.00785,0.2754
2586,21192704,5298176,6193,10319.9,202.37,,-0.0087,0.4235,1.9357,0.00682,0.255
2587,21200896,5300224,6196,10322.7,203.37,,-0.0024,0.7229,2.1214,0.00761,0.2754
2588,21209088,5302272,6196,10325.4,203.37,,-0.0055,0.3626,2.0623,0.00926,0.2928
2589,21217280,5304320,6199,10328.2,204.93,,-0.0055,0.5822,2.0116,0.01198,0.3157
2590,21225472,5306368,6201,10330.9,205.46,,0.0071,0.6339,2.0272,0.01438,0.3802
2591,21233664,5308416,6201,10333.7,205.46,,-0.0125,0.2279,1.9924,0.00682,0.2913
2592,21241856,5310464,6203,10336.4,206.79,,-0.0066,0.5973,2.0551,0.00951,0.3187
2593,21250048,5312512,6205,10339.2,206.14,,-0.0111,0.3446,1.8678,0.0092,0.3088
2594,21258240,5314560,6206,10341.9,206.22,,-0.0043,0.4024,1.9646,0.01388,0.3959
2595,21266432,5316608,6206,10344.7,206.22,,-0.0018,0.3327,1.8365,0.01007,0.2939
2596,21274624,5318656,6209,10347.4,207.61,,-0.0086,0.4741,1.8947,0.01617,0.343
2597,21282816,5320704,6212,10350.2,209.33,,-0.011,0.2742,2.0403,0.00764,0.2876
2598,21291008,5322752,6214,10352.9,210.76,,-0.0149,0.2929,1.9856,0.0099,0.3014
2599,21299200,5324800,6215,10355.7,210.67,,-0.0133,0.1651,1.9648,0.00846,0.3074
2600,21307392,5326848,6216,10505.6,210.66,18000.0,-0.0116,0.1461,1.9628,0.00833,0.3043
2601,21315584,5328896,6218,10508.3,210.69,,-0.012,0.2696,2.0148,0.00827,0.2703
2602,21323776,5330944,6219,10511.0,212.69,,-0.0075,0.3151,2.0761,0.00839,0.3197
2603,21331968,5332992,6219,10513.8,212.69,,-0.0134,0.2128,2.0262,0.00822,0.3046
2604,21340160,5335040,6221,10516.5,211.65,,0.0015,1.0548,2.0215,0.01462,0.3772
2605,21348352,5337088,6222,10519.3,211.82,,-0.0048,0.6566,2.0282,0.00934,0.3225
2606,21356544,5339136,6223,10522.0,211.83,,-0.003,0.941,2.2009,0.00975,0.3088
2607,21364736,5341184,6228,10524.8,217.2,,0.004,0.6555,2.0462,0.02043,0.3096
2608,21372928,5343232,6233,10527.6,217.33,,-0.0079,0.3535,2.052,0.01244,0.3699
2609,21381120,5345280,6233,10530.3,217.33,,-0.0032,0.4097,1.8346,0.00809,0.3115
2610,21389312,5347328,6233,10533.1,217.33,,-0.0093,0.2129,1.9775,0.00889,0.2893
2611,21397504,5349376,6233,10535.8,217.33,,0.0017,0.8918,1.9766,0.01355,0.3766
2612,21405696,5351424,6235,10538.6,217.47,,0.0078,0.8434,2.0022,0.01687,0.3721
2613,21413888,5353472,6238,10541.3,214.96,,0.0032,1.2466,2.0008,0.01139,0.3456
2614,21422080,5355520,6240,10544.1,212.73,,-0.0018,0.5532,1.9964,0.00894,0.2772
2615,21430272,5357568,6242,10546.8,213.47,,-0.0095,0.2898,1.8926,0.01046,0.3009
2616,21438464,5359616,6243,10549.6,213.6,,-0.0164,0.3424,2.0794,0.00759,0.2932
2617,21446656,5361664,6245,10552.3,213.66,,-0.0156,0.2686,2.1606,0.00705,0.2976
2618,21454848,5363712,6247,10555.1,213.28,,-0.0096,0.3316,2.1072,0.00638,0.2712
2619,21463040,5365760,6248,10557.8,213.4,,0.002,0.5082,2.0067,0.00816,0.3103
2620,21471232,5367808,6248,10560.6,213.4,,-0.0044,0.8851,2.0444,0.00905,0.3004
2621,21479424,5369856,6249,10563.3,212.94,,-0.0037,0.6267,2.0786,0.00909,0.2977
2622,21487616,5371904,6254,10566.1,211.59,,0.0144,1.8199,2.1023,0.02234,0.4227
2623,21495808,5373952,6254,10568.8,211.59,,-0.0124,0.4381,2.1068,0.01059,0.2959
2624,21504000,5376000,6258,10571.6,211.18,,0.0018,0.5924,2.0093,0.01057,0.3329
2625,21512192,5378048,6259,10574.4,211.17,,-0.0128,0.221,1.9638,0.00921,0.293
2626,21520384,5380096,6260,10577.1,211.5,,-0.0013,0.474,1.9481,0.01065,0.3396
2627,21528576,5382144,6261,10579.8,210.96,,0.0023,0.4222,1.9969,0.00878,0.2495
2628,21536768,5384192,6262,10582.6,211.0,,-0.014,0.2823,2.0919,0.01443,0.3208
2629,21544960,5386240,6265,10585.4,212.0,,-0.0155,0.2476,2.0153,0.0117,0.325
2630,21553152,5388288,6266,10588.1,211.09,,-0.0057,0.5083,2.0167,0.00909,0.2925
2631,21561344,5390336,6268,10590.9,211.49,,-0.0014,0.4712,1.9936,0.01272,0.3505
2632,21569536,5392384,6271,10593.6,209.96,,0.0095,0.8989,2.0599,0.01481,0.395
2633,21577728,5394432,6272,10596.4,209.5,,-0.0016,0.7825,1.9758,0.01362,0.3684
2634,21585920,5396480,6276,10599.1,208.94,,-0.0024,0.492,2.0607,0.01156,0.3225
2635,21594112,5398528,6276,10601.9,208.94,,-0.0005,0.9429,1.8851,0.01412,0.3544
2636,21602304,5400576,6277,10604.6,208.27,,-0.0101,0.5005,2.0115,0.00728,0.2721
2637,21610496,5402624,6278,10607.4,207.74,,-0.0131,0.3542,1.9201,0.0069,0.2463
2638,21618688,5404672,6280,10610.1,206.58,,-0.0113,0.3528,1.9649,0.00771,0.2726
2639,21626880,5406720,6283,10612.9,204.53,,0.0088,0.5688,2.0419,0.011,0.3123
2640,21635072,5408768,6284,10615.6,204.13,,-0.0044,0.5112,2.0481,0.01066,0.3396
2641,21643264,5410816,6286,10618.4,201.65,,-0.0072,0.6186,2.1335,0.01235,0.3301
2642,21651456,5412864,6287,10621.1,201.66,,-0.0127,0.2743,2.1002,0.00787,0.2877
2643,21659648,5414912,6290,10623.9,202.11,,-0.0057,0.5592,2.1444,0.00982,0.3162
2644,21667840,5416960,6292,10626.6,200.5,,-0.0144,0.1862,2.0384,0.00986,0.3021
2645,21676032,5419008,6292,10629.4,200.5,,-0.0053,0.1924,2.0272,0.00792,0.2628
2646,21684224,5421056,6293,10632.1,200.07,,-0.0155,0.1149,2.0168,0.00772,0.2988
2647,21692416,5423104,6294,10634.9,200.28,,-0.0198,0.0809,2.147,0.00814,0.3073
2648,21700608,5425152,6294,10637.6,200.28,,-0.0129,0.1179,2.0956,0.00963,0.356
2649,21708800,5427200,6295,10640.4,200.5,,-0.0111,0.305,2.1016,0.00818,0.2856
2650,21716992,5429248,6298,10643.1,199.27,,-0.0115,0.3048,2.2163,0.00724,0.2675
2651,21725184,5431296,6302,10645.9,199.48,,0.0004,0.6008,2.0908,0.01104,0.3093
2652,21733376,5433344,6303,10648.6,199.43,,-0.0088,0.2881,2.1093,0.00873,0.2937
2653,21741568,5435392,6307,10651.4,198.99,,-0.0147,0.2367,2.1824,0.00805,0.2871
2654,21749760,5437440,6308,10654.1,200.09,,-0.0086,0.264,2.0301,0.00898,0.3031
2655,21757952,5439488,6308,10656.9,200.09,,-0.0069,0.4989,2.0416,0.00678,0.269
2656,21766144,5441536,6311,10659.7,198.51,,-0.0061,1.1391,2.1185,0.00682,0.2568
2657,21774336,5443584,6313,10662.4,196.41,,-0.0009,1.9944,2.0707,0.00793,0.2852
2658,21782528,5445632,6315,10665.2,193.97,,0.0056,1.8787,2.0707,0.01339,0.3385
2659,21790720,5447680,6316,10667.9,193.03,,-0.0021,0.4815,2.0152,0.01181,0.343
2660,21798912,5449728,6321,10670.7,191.23,,-0.0026,0.5318,2.084,0.01089,0.3336
2661,21807104,5451776,6322,10673.4,190.6,,0.0007,0.415,2.0678,0.01125,0.2972
2662,21815296,5453824,6322,10676.2,190.6,,-0.0065,0.4905,2.0546,0.00874,0.327
2663,21823488,5455872,6322,10678.9,190.6,,-0.0156,0.1533,2.1059,0.00782,0.3135
2664,21831680,5457920,6323,10681.6,190.6,,-0.0083,0.3138,2.0862,0.006,0.2772
2665,21839872,5459968,6325,10684.4,190.44,,-0.0127,0.1678,2.0928,0.0095,0.3303
2666,21848064,5462016,6328,10687.2,189.75,,-0.0136,0.1784,2.0771,0.00957,0.3313
2667,21856256,5464064,6328,10689.9,189.75,,-0.0112,0.3425,2.1653,0.00884,0.3002
2668,21864448,5466112,6329,10692.6,190.12,,-0.0087,0.3164,2.0747,0.00739,0.2981
2669,21872640,5468160,6333,10695.4,190.33,,-0.0061,0.4924,2.2382,0.00998,0.3008
2670,21880832,5470208,6334,10698.1,190.31,,-0.0156,0.2281,2.1271,0.00977,0.3096
2671,21889024,5472256,6337,10700.9,192.76,,-0.0131,0.2521,2.1827,0.00821,0.2996
2672,21897216,5474304,6339,10703.7,194.4,,-0.0099,0.4943,2.0184,0.00864,0.3005
2673,21905408,5476352,6339,10706.4,194.4,,-0.0067,0.3052,2.0416,0.00883,0.3182
2674,21913600,5478400,6340,10709.1,195.43,,-0.0089,0.2335,1.9389,0.00798,0.2767
2675,21921792,5480448,6343,10711.9,192.72,,-0.0116,0.242,2.1022,0.01033,0.3435
2676,21929984,5482496,6343,10714.6,192.72,,-0.0048,0.3506,1.9871,0.01373,0.385
2677,21938176,5484544,6347,10717.4,191.61,,-0.0125,0.2644,2.1422,0.00999,0.3462
2678,21946368,5486592,6347,10720.1,191.61,,-0.0164,0.1127,2.0398,0.00851,0.3225
2679,21954560,5488640,6348,10722.9,191.11,,-0.004,0.9155,1.9864,0.00849,0.2704
2680,21962752,5490688,6351,10725.6,191.99,,-0.0093,0.2206,1.9985,0.00703,0.2594
2681,21970944,5492736,6353,10728.4,192.03,,-0.0142,0.1581,2.0335,0.00888,0.335
2682,21979136,5494784,6353,10731.1,192.03,,-0.0104,0.1691,1.9491,0.00808,0.3018
2683,21987328,5496832,6354,10733.9,193.52,,-0.0118,0.2014,2.0676,0.00736,0.2747
2684,21995520,5498880,6358,10736.7,192.96,,-0.0084,0.2732,2.0186,0.00888,0.3118
2685,22003712,5500928,6358,10739.4,192.96,,-0.0093,0.2721,1.9624,0.00847,0.3025
2686,22011904,5502976,6361,10742.1,193.96,,-0.0001,0.6615,2.0629,0.01122,0.3424
2687,22020096,5505024,6364,10744.9,193.8,,-0.007,0.8117,2.0604,0.0085,0.3064
2688,22028288,5507072,6365,10747.7,193.25,,0.0003,0.7775,2.0195,0.01203,0.3593
2689,22036480,5509120,6365,10750.4,193.25,,-0.0122,0.2941,2.0992,0.00929,0.2969
2690,22044672,5511168,6367,10753.2,194.74,,-0.0087,0.4683,2.0812,0.0059,0.2526
2691,22052864,5513216,6369,10755.9,194.76,,-0.0121,0.5219,2.0772,0.00745,0.2656
2692,22061056,5515264,6371,10758.7,194.89,,-0.0138,0.3932,2.0222,0.0096,0.3192
2693,22069248,5517312,6371,10761.4,194.89,,-0.0061,0.3891,2.0182,0.01079,0.3441
2694,22077440,5519360,6375,10764.2,195.29,,-0.0086,0.3163,2.1121,0.00682,0.2908
2695,22085632,5521408,6376,10766.9,195.21,,-0.0021,0.3552,1.964,0.00809,0.2848
2696,22093824,5523456,6377,10769.7,195.74,,-0.012,0.4679,2.1753,0.00795,0.3159
2697,22102016,5525504,6378,10772.4,195.65,,-0.0162,0.2162,2.1401,0.00709,0.2948
2698,22110208,5527552,6379,10775.2,194.64,,-0.0021,0.4481,2.0928,0.00647,0.2458
2699,22118400,5529600,6381,10777.9,195.77,,-0.0126,0.2265,2.1395,0.00725,0.2977
2700,22126592,5531648,6383,10951.6,196.9,15925.0,-0.0117,0.2605,2.0574,0.00677,0.2755
2701,22134784,5533696,6385,10954.3,197.16,,-0.0129,0.3689,2.0859,0.00746,0.2812
2702,22142976,5535744,6385,10957.0,197.16,,-0.0172,0.2169,2.1105,0.0089,0.2888
2703,22151168,5537792,6390,10959.8,197.55,,-0.0227,0.0813,2.1401,0.01035,0.3444
2704,22159360,5539840,6391,10962.5,197.57,,-0.0056,0.1931,2.0706,0.00977,0.3286
2705,22167552,5541888,6392,10965.3,198.6,,-0.0095,0.297,2.0905,0.00927,0.2461
2706,22175744,5543936,6394,10968.0,197.75,,-0.0079,0.381,2.0945,0.00637,0.2449
2707,22183936,5545984,6395,10970.8,197.61,,-0.0082,0.3428,2.0819,0.00607,0.2433
2708,22192128,5548032,6395,10973.5,197.61,,-0.0056,0.463,2.082,0.00943,0.3102
2709,22200320,5550080,6398,10976.2,196.13,,-0.0111,0.3597,2.1604,0.0072,0.2845
2710,22208512,5552128,6400,10979.0,195.86,,-0.0137,0.339,2.0798,0.00785,0.3104
2711,22216704,5554176,6401,10981.7,195.7,,-0.011,0.3682,2.0936,0.00834,0.3215
2712,22224896,5556224,6401,10984.5,195.7,,-0.0175,0.1662,2.0898,0.00829,0.2698
2713,22233088,5558272,6402,10987.2,195.78,,-0.0108,0.2819,2.2123,0.00886,0.3148
2714,22241280,5560320,6405,10989.9,194.44,,0.0023,0.8211,2.1727,0.01054,0.3204
2715,22249472,5562368,6409,10992.7,194.59,,-0.0134,0.2865,2.1693,0.00831,0.2938
2716,22257664,5564416,6410,10995.5,195.66,,-0.0121,0.2467,2.0865,0.00755,0.3041
2717,22265856,5566464,6411,10998.2,196.82,,-0.0131,0.1923,2.0843,0.00675,0.2849
2718,22274048,5568512,6413,11000.9,198.01,,-0.0138,0.2486,2.0776,0.00941,0.3148
2719,22282240,5570560,6415,11003.7,200.45,,-0.0111,0.267,2.1416,0.00581,0.2537
2720,22290432,5572608,6416,11006.4,200.35,,-0.0061,0.3034,2.0902,0.0095,0.3145
2721,22298624,5574656,6416,11009.2,200.35,,-0.0092,0.2652,2.1394,0.00534,0.2212
2722,22306816,5576704,6417,11011.9,200.63,,-0.001,0.7164,2.0848,0.0086,0.306
2723,22315008,5578752,6420,11014.7,200.45,,0.0011,0.8334,2.1982,0.0115,0.3369
2724,22323200,5580800,6421,11017.4,201.43,,-0.0036,0.3943,2.1781,0.01133,0.3513
2725,22331392,5582848,6424,11020.2,202.01,,-0.0149,0.2031,2.2703,0.00722,0.2817
2726,22339584,5584896,6428,11023.0,202.5,,-0.0122,0.2486,2.1833,0.00719,0.2913
2727,22347776,5586944,6428,11025.7,202.5,,-0.0073,0.3062,2.082,0.00843,0.322
2728,22355968,5588992,6431,11028.5,200.98,,0.0052,0.6356,2.1584,0.01314,0.3448
2729,22364160,5591040,6432,11031.2,201.0,,-0.0025,0.6629,1.9517,0.01126,0.3063
2730,22372352,5593088,6433,11034.0,200.9,,-0.0067,0.4354,2.0407,0.00668,0.25
2731,22380544,5595136,6433,11036.7,200.9,,-0.0046,0.5086,1.8916,0.00622,0.2401
2732,22388736,5597184,6434,11039.4,200.86,,-0.0148,0.2139,2.158,0.00662,0.2881
2733,22396928,5599232,6436,11042.2,199.11,,-0.0071,0.4374,2.0815,0.01062,0.3351
2734,22405120,5601280,6438,11044.9,199.01,,0.0107,0.9326,2.1679,0.01466,0.3743
2735,22413312,5603328,6441,11047.7,201.54,,-0.0042,0.4397,2.2235,0.0093,0.2976
2736,22421504,5605376,6444,11050.5,201.15,,-0.0146,0.2724,2.1536,0.00908,0.3254
2737,22429696,5607424,6444,11053.2,201.15,,-0.0103,0.2813,2.1059,0.00824,0.2946
2738,22437888,5609472,6447,11056.0,202.2,,-0.0018,0.2831,2.1337,0.00753,0.2996
2739,22446080,5611520,6448,11058.7,201.55,,-0.0095,0.1867,1.9695,0.00966,0.3304
2740,22454272,5613568,6449,11061.4,201.49,,-0.0072,0.618,2.1763,0.00746,0.2784
2741,22462464,5615616,6452,11064.2,199.86,,-0.0086,0.6397,2.128,0.00841,0.2969
2742,22470656,5617664,6457,11067.0,196.7,,0.0001,1.1084,2.1179,0.01303,0.3478
2743,22478848,5619712,6459,11069.8,195.61,,0.0012,0.3895,2.1463,0.01195,0.3535
2744,22487040,5621760,6460,11072.5,194.13,,-0.0076,0.3453,2.0736,0.00833,0.3051
2745,22495232,5623808,6460,11075.2,194.13,,0.0081,0.5916,2.0821,0.00915,0.298
2746,22503424,5625856,6463,11078.0,194.87,,-0.0042,0.4748,2.0675,0.00786,0.2427
2747,22511616,5627904,6464,11080.8,194.76,,-0.0095,0.3659,1.9877,0.0056,0.2179
2748,22519808,5629952,6465,11083.5,195.22,,-0.0086,0.3047,2.0766,0.0089,0.2961
2749,22528000,5632000,6465,11086.2,195.22,,-0.002,0.6711,2.0711,0.0065,0.2461
2750,22536192,5634048,6465,11089.0,195.22,,-0.0069,0.2654,2.1904,0.00896,0.3176
2751,22544384,5636096,6467,11091.7,194.51,,-0.0094,0.4291,2.1415,0.0082,0.3103
2752,22552576,5638144,6472,11094.5,195.86,,0.0008,0.8924,2.2306,0.01228,0.3312
2753,22560768,5640192,6474,11097.3,195.89,,-0.0005,0.5862,2.1218,0.00911,0.3232
2754,22568960,5642240,6475,11100.0,195.82,,-0.0129,0.2366,2.1942,0.00531,0.223
2755,22577152,5644288,6476,11102.8,194.96,,0.0022,0.6439,2.1297,0.01029,0.3351
2756,22585344,5646336,6477,11105.5,194.99,,-0.0,1.0803,2.1064,0.00955,0.2941
2757,22593536,5648384,6479,11108.3,196.25,,-0.0097,0.4943,2.1473,0.00907,0.2889
2758,22601728,5650432,6482,11111.1,195.13,,0.0006,1.5477,2.0878,0.01448,0.3225
2759,22609920,5652480,6484,11113.8,193.81,,-0.0034,0.9563,2.1487,0.01088,0.3177
2760,22618112,5654528,6484,11116.5,193.81,,0.001,0.678,1.9756,0.01289,0.3331
2761,22626304,5656576,6485,11119.3,194.75,,0.0018,0.4189,2.1102,0.01095,0.3344
2762,22634496,5658624,6487,11122.0,192.65,,0.0013,0.5257,2.1173,0.01224,0.3558
2763,22642688,5660672,6490,11124.8,192.63,,-0.0078,0.2851,2.1171,0.00842,0.3177
2764,22650880,5662720,6491,11127.6,192.62,,-0.0039,0.5584,2.1824,0.00929,0.3278
2765,22659072,5664768,6493,11130.3,192.67,,-0.0035,0.5943,2.1838,0.00976,0.3407
2766,22667264,5666816,6495,11133.0,191.93,,-0.0011,1.296,2.0429,0.0112,0.3102
2767,22675456,5668864,6498,11135.8,191.98,,-0.0077,0.3674,2.1652,0.0105,0.308
2768,22683648,5670912,6499,11138.6,192.06,,-0.0033,0.3992,2.1081,0.00908,0.3347
2769,22691840,5672960,6500,11141.3,189.96,,-0.0041,0.5391,2.2291,0.01129,0.3627
2770,22700032,5675008,6503,11144.1,189.32,,-0.0013,0.6966,2.007,0.01174,0.3668
2771,22708224,5677056,6504,11146.8,190.44,,0.0042,1.2387,2.0203,0.01194,0.3196
2772,22716416,5679104,6506,11149.6,187.43,,0.0048,1.173,2.0026,0.01193,0.3199
2773,22724608,5681152,6510,11152.4,185.91,,0.002,0.5181,2.0384,0.01082,0.3268
2774,22732800,5683200,6511,11155.1,185.36,,-0.0093,0.1348,2.0674,0.00608,0.2427
2775,22740992,5685248,6511,11157.8,185.36,,-0.002,0.6267,1.9688,0.00886,0.3254
2776,22749184,5687296,6511,11160.6,185.36,,0.0008,0.4504,2.049,0.00725,0.2664
2777,22757376,5689344,6513,11163.3,184.3,,-0.002,0.8015,2.0625,0.01013,0.3069
2778,22765568,5691392,6517,11166.1,184.99,,-0.0009,0.368,2.0792,0.01106,0.3521
2779,22773760,5693440,6517,11168.8,184.99,,-0.0034,0.5913,2.0451,0.01119,0.3281
2780,22781952,5695488,6518,11171.6,186.6,,-0.0027,0.4081,2.1481,0.00643,0.2769
2781,22790144,5697536,6520,11174.3,186.98,,-0.0069,0.5225,2.0491,0.00684,0.2856
2782,22798336,5699584,6523,11177.1,186.87,,-0.0191,0.2037,2.1766,0.00628,0.2798
2783,22806528,5701632,6526,11179.8,183.84,,-0.0008,0.4621,2.0201,0.01251,0.3784
2784,22814720,5703680,6528,11182.6,183.95,,-0.0188,0.1076,2.0823,0.00734,0.2944
2785,22822912,5705728,6528,11185.3,183.95,,-0.0049,0.361,1.9007,0.00918,0.3413
2786,22831104,5707776,6529,11188.1,184.16,,0.0029,0.4828,2.0654,0.00717,0.2557
2787,22839296,5709824,6533,11190.9,184.59,,-0.0147,0.2628,2.0694,0.00962,0.306
2788,22847488,5711872,6534,11193.6,184.56,,-0.0129,0.3291,2.0379,0.00743,0.2966
2789,22855680,5713920,6534,11196.3,184.56,,-0.0059,0.6394,2.0034,0.00909,0.3073
2790,22863872,5715968,6536,11199.1,185.15,,-0.0001,0.8836,2.0766,0.00971,0.3085
2791,22872064,5718016,6538,11201.9,184.68,,-0.002,1.2429,2.1072,0.01336,0.3535
2792,22880256,5720064,6544,11204.7,184.46,,-0.0014,0.5387,2.1719,0.01083,0.3364
2793,22888448,5722112,6545,11207.4,182.94,,0.0045,0.9986,2.1012,0.01306,0.356
2794,22896640,5724160,6547,11210.2,180.99,,-0.0036,0.919,2.0891,0.01218,0.3406
2795,22904832,5726208,6547,11212.9,180.99,,-0.0074,0.6383,1.9836,0.01151,0.3171
2796,22913024,5728256,6547,11215.6,180.99,,-0.0058,0.475,1.9579,0.0089,0.3357
2797,22921216,5730304,6551,11218.4,182.57,,-0.0062,0.3733,2.0529,0.00701,0.2509
2798,22929408,5732352,6551,11221.1,182.57,,-0.0052,0.6869,1.9741,0.01175,0.337
2799,22937600,5734400,6551,11223.9,182.57,,0.0013,1.0419,2.0318,0.00994,0.3055
2800,22945792,5736448,6552,11397.3,183.62,16062.5,-0.0006,0.6906,2.1269,0.00863,0.2812
2801,22953984,5738496,6552,11400.0,183.62,,-0.0068,0.6452,2.1047,0.01014,0.3423
2802,22962176,5740544,6555,11402.8,183.74,,-0.0108,0.4934,2.2775,0.00767,0.2867
2803,22970368,5742592,6559,11405.5,186.97,,-0.0057,0.6796,2.2482,0.01076,0.3116
2804,22978560,5744640,6561,11408.3,188.62,,0.0074,1.0223,2.1132,0.01755,0.3672
2805,22986752,5746688,6564,11411.0,188.17,,-0.0092,0.8966,2.095,0.01473,0.3536
2806,22994944,5748736,6565,11413.8,188.12,,0.013,1.2064,2.0534,0.01701,0.3607
2807,23003136,5750784,6566,11416.5,186.72,,0.0181,1.8979,1.9704,0.01649,0.3495
2808,23011328,5752832,6567,11419.3,186.29,,-0.0032,0.8974,2.0788,0.01401,0.3931
2809,23019520,5754880,6568,11422.0,186.24,,-0.0063,0.4893,2.0019,0.00927,0.3292
2810,23027712,5756928,6570,11424.7,185.39,,0.0016,0.629,2.0569,0.01103,0.3424
2811,23035904,5758976,6571,11427.5,183.98,,-0.003,0.3479,2.079,0.00799,0.2883
2812,23044096,5761024,6574,11430.2,181.84,,0.0112,0.851,2.0755,0.01407,0.3541
2813,23052288,5763072,6578,11433.0,180.44,,0.0074,1.4604,2.1013,0.01482,0.3595
2814,23060480,5765120,6579,11435.8,180.33,,-0.0104,0.2994,2.0045,0.00869,0.275
2815,23068672,5767168,6580,11438.5,180.38,,-0.0066,0.3481,2.1241,0.00979,0.3057
2816,23076864,5769216,6582,11441.2,181.36,,0.0001,0.2666,2.0329,0.0134,0.35
2817,23085056,5771264,6584,11444.0,180.77,,-0.011,0.2373,2.0578,0.01058,0.2964
2818,23093248,5773312,6585,11446.7,180.92,,-0.0105,0.1552,2.007,0.00831,0.3105
2819,23101440,5775360,6586,11449.5,180.85,,-0.0038,0.3421,1.9641,0.00859,0.285
2820,23109632,5777408,6587,11452.2,182.47,,-0.0119,0.3409,2.016,0.01165,0.3446
2821,23117824,5779456,6589,11454.9,182.07,,-0.0032,0.4403,1.9307,0.00681,0.2455
2822,23126016,5781504,6591,11457.7,182.14,,-0.0198,0.0935,2.132,0.00844,0.3212
2823,23134208,5783552,6593,11460.4,182.2,,-0.0139,0.1218,2.0183,0.00694,0.2944
2824,23142400,5785600,6595,11463.2,183.56,,-0.0147,0.0656,2.0175,0.00735,0.2963
2825,23150592,5787648,6595,11465.9,183.56,,-0.0141,0.0879,2.1144,0.00599,0.2511
2826,23158784,5789696,6595,11468.6,183.56,,-0.0097,0.2371,2.104,0.00698,0.2289
2827,23166976,5791744,6597,11471.4,183.75,,-0.0133,0.2886,2.101,0.0062,0.2753
2828,23175168,5793792,6599,11474.1,185.44,,-0.0112,0.2464,2.1953,0.00701,0.281
2829,23183360,5795840,6601,11476.9,187.53,,-0.0086,0.2774,2.1646,0.00862,0.2853
2830,23191552,5797888,6602,11479.6,187.7,,-0.0008,0.312,2.1052,0.00861,0.3329
2831,23199744,5799936,6604,11482.4,188.27,,-0.0197,0.0942,2.1583,0.00648,0.272
2832,23207936,5801984,6605,11485.1,189.68,,-0.0034,0.5806,2.0244,0.00832,0.3164
2833,23216128,5804032,6607,11487.9,191.67,,-0.0092,0.3389,2.1772,0.00794,0.2751
2834,23224320,5806080,6610,11490.6,190.12,,-0.01,0.2855,2.1481,0.00965,0.3024
2835,23232512,5808128,6611,11493.3,190.25,,-0.0112,0.1796,2.0532,0.00583,0.2351
2836,23240704,5810176,6612,11496.1,191.27,,-0.0147,0.2091,2.1081,0.00957,0.2413
2837,23248896,5812224,6615,11498.8,191.47,,0.0007,0.4603,2.0533,0.01512,0.3269
2838,23257088,5814272,6617,11501.6,190.33,,-0.0031,0.3351,2.0803,0.01102,0.3381
2839,23265280,5816320,6617,11504.3,190.33,,-0.007,0.6379,2.0289,0.01176,0.3148
2840,23273472,5818368,6617,11507.0,190.33,,-0.0158,0.1961,2.1006,0.00876,0.2859
2841,23281664,5820416,6617,11509.8,190.33,,0.0006,0.5102,2.07,0.00919,0.303
2842,23289856,5822464,6620,11512.5,190.49,,-0.0029,0.4515,2.1541,0.01216,0.3619
2843,23298048,5824512,6622,11515.3,190.47,,-0.004,0.2577,2.0939,0.00774,0.2891
2844,23306240,5826560,6625,11518.0,193.67,,-0.0118,0.1941,2.176,0.00622,0.2494
2845,23314432,5828608,6625,11520.7,193.67,,-0.0088,0.2871,2.0322,0.00589,0.2332
2846,23322624,5830656,6629,11523.5,193.14,,-0.003,0.6703,2.1923,0.00995,0.3094
2847,23330816,5832704,6631,11526.2,193.82,,-0.0025,0.7559,1.9992,0.01326,0.3157
2848,23339008,5834752,6632,11529.0,193.89,,-0.0158,0.2287,2.0936,0.00729,0.2961
2849,23347200,5836800,6633,11531.7,193.91,,0.0002,0.4693,1.8422,0.01094,0.3086
2850,23355392,5838848,6634,11534.5,192.0,,-0.004,0.494,1.9171,0.00679,0.2629
2851,23363584,5840896,6636,11537.2,192.1,,-0.0071,0.6797,2.0156,0.0106,0.3241
2852,23371776,5842944,6639,11540.0,192.86,,0.0017,0.4845,2.0253,0.00895,0.3154
2853,23379968,5844992,6639,11542.7,192.86,,-0.0104,0.2766,2.1184,0.00547,0.2529
2854,23388160,5847040,6643,11545.5,192.26,,-0.0009,0.4273,2.0132,0.00875,0.28
2855,23396352,5849088,6644,11548.2,192.31,,-0.0103,0.217,2.0175,0.00919,0.2957
2856,23404544,5851136,6645,11551.0,193.73,,-0.0077,0.5397,2.0567,0.00987,0.2928
2857,23412736,5853184,6645,11553.7,193.73,,-0.0079,0.3461,2.0864,0.00522,0.226
2858,23420928,5855232,6648,11556.4,195.77,,-0.0052,0.5587,2.06,0.00713,0.2748
2859,23429120,5857280,6649,11559.2,195.05,,-0.0001,0.7302,1.97,0.00972,0.2491
2860,23437312,5859328,6651,11561.9,194.79,,0.0029,0.9231,2.0357,0.01003,0.2816
2861,23445504,5861376,6652,11564.7,194.73,,-0.0097,0.3457,2.0196,0.00865,0.2952
2862,23453696,5863424,6654,11567.5,195.28,,-0.0001,0.7297,2.0366,0.01298,0.3417
2863,23461888,5865472,6656,11570.2,196.41,,-0.006,0.3551,2.1467,0.01109,0.3311
2864,23470080,5867520,6658,11572.9,196.25,,-0.0094,0.2072,2.0779,0.00787,0.2977
2865,23478272,5869568,6660,11575.7,194.91,,-0.0067,0.2118,1.9846,0.00879,0.3204
2866,23486464,5871616,6661,11578.4,194.8,,-0.0051,0.2987,2.1279,0.007,0.2629
2867,23494656,5873664,6662,11581.2,194.86,,-0.0098,0.3448,2.1245,0.00905,0.2941
2868,23502848,5875712,6663,11583.9,195.31,,-0.012,0.2547,2.035,0.00986,0.3049
2869,23511040,5877760,6663,11586.7,195.31,,0.0012,0.5512,2.0843,0.01044,0.3395
2870,23519232,5879808,6665,11589.4,195.45,,-0.0096,0.2216,2.0901,0.00832,0.3099
2871,23527424,5881856,6668,11592.2,197.48,,-0.014,0.1721,2.1286,0.00885,0.3303
2872,23535616,5883904,6670,11595.0,198.6,,-0.0057,0.2688,1.9727,0.00785,0.3103
2873,23543808,5885952,6670,11597.7,198.6,,-0.0017,0.4392,2.0987,0.01017,0.2909
2874,23552000,5888000,6671,11600.4,200.06,,-0.0121,0.2857,2.0823,0.00654,0.2523
2875,23560192,5890048,6674,11603.2,201.99,,-0.0014,0.4489,2.1642,0.00774,0.2775
2876,23568384,5892096,6678,11606.0,203.68,,-0.0032,0.9799,2.1333,0.00975,0.2902
2877,23576576,5894144,6678,11608.7,203.68,,-0.0082,0.4688,2.098,0.00816,0.2761
2878,23584768,5896192,6679,11611.5,203.7,,-0.0082,0.5367,2.0361,0.00729,0.2863
2879,23592960,5898240,6679,11614.2,203.7,,-0.0223,0.1048,2.1317,0.00829,0.2969
2880,23601152,5900288,6681,11616.9,203.64,,-0.0115,0.2521,2.043,0.0079,0.2875
2881,23609344,5902336,6681,11619.7,203.64,,-0.0144,0.2485,2.1502,0.0075,0.286
2882,23617536,5904384,6682,11622.4,203.71,,-0.0047,0.2765,2.1303,0.00834,0.2969
2883,23625728,5906432,6684,11625.2,205.81,,-0.0138,0.2322,2.1718,0.00645,0.2922
2884,23633920,5908480,6689,11628.0,206.12,,-0.0089,0.2916,2.1652,0.0069,0.2731
2885,23642112,5910528,6690,11630.7,206.02,,-0.0044,0.5388,2.161,0.01041,0.3262
2886,23650304,5912576,6692,11633.4,204.66,,-0.0,0.9869,2.1992,0.01222,0.3265
2887,23658496,5914624,6692,11636.2,204.66,,-0.0065,0.5788,2.1448,0.01006,0.3093
2888,23666688,5916672,6696,11639.0,204.71,,-0.0038,0.7297,2.1109,0.00967,0.2996
2889,23674880,5918720,6696,11641.7,204.71,,-0.0042,0.3248,2.0413,0.00922,0.2899
2890,23683072,5920768,6698,11644.4,202.94,,-0.0087,0.5227,2.0979,0.01022,0.3357
2891,23691264,5922816,6698,11647.2,202.94,,-0.0099,0.2303,2.0932,0.00678,0.2754
2892,23699456,5924864,6699,11649.9,202.77,,-0.0026,0.4846,2.1048,0.00903,0.2869
2893,23707648,5926912,6700,11652.7,203.31,,-0.0027,0.5603,2.1616,0.01466,0.3699
2894,23715840,5928960,6703,11655.4,202.23,,-0.0101,0.4575,2.1148,0.01277,0.3571
2895,23724032,5931008,6708,11658.2,202.69,,0.0039,1.0169,2.1092,0.01047,0.298
2896,23732224,5933056,6709,11661.0,202.6,,-0.0153,0.1571,2.0533,0.00605,0.2625
2897,23740416,5935104,6709,11663.7,202.6,,-0.0116,0.2295,2.069,0.0089,0.299
2898,23748608,5937152,6712,11666.5,203.3,,-0.0001,0.2858,2.0692,0.00857,0.2786
2899,23756800,5939200,6713,11669.2,203.28,,-0.0167,0.1347,2.0832,0.00834,0.301
2900,23764992,5941248,6714,11842.7,203.68,16005.5,-0.0128,0.1942,2.0452,0.00755,0.2667
2901,23773184,5943296,6714,11845.4,203.68,,-0.0113,0.4038,2.0394,0.00987,0.2693
2902,23781376,5945344,6714,11848.1,203.68,,-0.0142,0.2928,2.0925,0.00857,0.3079
2903,23789568,5947392,6717,11850.9,204.2,,-0.0067,0.6554,2.1267,0.00871,0.3037
2904,23797760,5949440,6720,11853.7,204.0,,-0.0075,0.1905,2.2016,0.00667,0.2546
2905,23805952,5951488,6723,11856.4,203.97,,-0.0087,0.4511,2.1282,0.00586,0.2517
2906,23814144,5953536,6724,11859.2,204.06,,-0.0056,0.6675,2.0297,0.00708,0.2583
2907,23822336,5955584,6727,11861.9,203.6,,-0.0103,0.341,2.0717,0.00815,0.2738
2908,23830528,5957632,6727,11864.7,203.6,,-0.0146,0.142,2.0317,0.00658,0.2776
2909,23838720,5959680,6727,11867.4,203.6,,-0.0135,0.1236,2.0978,0.00682,0.2693
2910,23846912,5961728,6730,11870.2,204.94,,-0.0134,0.1721,2.0764,0.00607,0.2471
2911,23855104,5963776,6730,11872.9,204.94,,-0.004,0.3447,1.9959,0.00863,0.2699
2912,23863296,5965824,6730,11875.7,204.94,,-0.0153,0.1641,2.1151,0.00703,0.2753
2913,23871488,5967872,6732,11878.4,204.35,,-0.0138,0.2364,2.1043,0.00801,0.2629
2914,23879680,5969920,6736,11881.2,207.32,,-0.0095,0.2677,2.0757,0.00717,0.2737
2915,23887872,5971968,6738,11883.9,208.48,,-0.0098,0.1934,2.148,0.00717,0.2914
2916,23896064,5974016,6739,11886.7,208.56,,-0.0137,0.1635,2.0729,0.00649,0.275
2917,23904256,5976064,6740,11889.4,208.55,,-0.0139,0.3045,2.136,0.00574,0.2617
2918,23912448,5978112,6742,11892.2,208.68,,-0.0042,0.4466,2.1021,0.008,0.2966
2919,23920640,5980160,6742,11894.9,208.68,,0.0041,0.8999,2.1281,0.01418,0.3655
2920,23928832,5982208,6746,11897.7,206.45,,0.0059,0.9085,2.1036,0.0127,0.3336
2921,23937024,5984256,6747,11900.4,207.29,,0.0044,1.0688,2.0384,0.01467,0.3607
2922,23945216,5986304,6748,11903.2,207.35,,-0.0065,0.3832,2.0538,0.01335,0.3578
2923,23953408,5988352,6748,11905.9,207.35,,-0.0021,0.4798,1.9887,0.01118,0.314
2924,23961600,5990400,6748,11908.6,207.35,,-0.0141,0.2272,2.1876,0.00917,0.3259
2925,23969792,5992448,6751,11911.4,207.3,,-0.0061,0.4383,2.1062,0.00965,0.3386
2926,23977984,5994496,6753,11914.1,208.01,,-0.0175,0.2046,2.1952,0.01045,0.3344
2927,23986176,5996544,6757,11916.9,208.47,,-0.0147,0.1497,2.0284,0.00817,0.3016
2928,23994368,5998592,6758,11919.6,208.52,,-0.017,0.1102,2.0095,0.00982,0.3251
2929,24002560,6000640,6758,11922.4,208.52,,-0.006,0.3037,2.0614,0.00773,0.2816
2930,24010752,6002688,6761,11925.2,210.13,,-0.0069,0.1495,2.0134,0.01065,0.3064
2931,24018944,6004736,6761,11927.9,210.13,,-0.0045,0.2019,2.0681,0.01084,0.2992
2932,24027136,6006784,6763,11930.6,210.14,,-0.016,0.0982,1.9976,0.00703,0.2565
2933,24035328,6008832,6764,11933.4,210.2,,-0.0161,0.0984,2.0211,0.00763,0.2852
2934,24043520,6010880,6765,11936.1,210.08,,-0.006,0.6148,2.0832,0.00643,0.2581
2935,24051712,6012928,6765,11938.9,210.08,,-0.0081,0.418,2.2139,0.00788,0.2563
2936,24059904,6014976,6766,11941.6,209.77,,-0.0084,0.2398,2.2513,0.00882,0.307
2937,24068096,6017024,6770,11944.4,209.89,,-0.0122,0.1614,2.1738,0.00885,0.3214
2938,24076288,6019072,6772,11947.1,210.4,,-0.0154,0.1299,2.0505,0.00948,0.3126
2939,24084480,6021120,6773,11949.9,210.33,,-0.0139,0.1172,1.9901,0.00662,0.2518
2940,24092672,6023168,6774,11952.6,210.4,,-0.0107,0.2043,2.0187,0.00784,0.2667
2941,24100864,6025216,6778,11955.4,211.27,,-0.0144,0.1333,2.0607,0.00937,0.2782
2942,24109056,6027264,6779,11958.1,211.29,,-0.0121,0.1189,2.0073,0.0088,0.3054
2943,24117248,6029312,6780,11960.9,211.28,,-0.0167,0.0903,2.0439,0.00882,0.3168
2944,24125440,6031360,6781,11963.6,210.35,,-0.0111,0.1689,1.9391,0.00547,0.2474
2945,24133632,6033408,6783,11966.3,210.3,,-0.0127,0.2191,2.0462,0.00612,0.2358
2946,24141824,6035456,6783,11969.1,210.3,,-0.0059,0.5105,1.9963,0.00664,0.2565
2947,24150016,6037504,6786,11971.8,210.53,,-0.0175,0.103,2.1189,0.00508,0.22
2948,24158208,6039552,6788,11974.6,210.43,,-0.0051,0.5773,2.0188,0.0071,0.2737
2949,24166400,6041600,6788,11977.3,210.43,,-0.0063,0.1991,2.0509,0.00773,0.2894
2950,24174592,6043648,6789,11980.0,210.49,,-0.017,0.0661,2.1387,0.00657,0.2515
2951,24182784,6045696,6792,11982.8,211.95,,-0.0199,0.0544,2.08,0.00944,0.2958
2952,24190976,6047744,6794,11985.6,211.85,,-0.024,0.0347,2.1661,0.00871,0.3331
2953,24199168,6049792,6795,11988.3,211.86,,-0.0115,0.1356,2.1102,0.00591,0.2538
2954,24207360,6051840,6795,11991.0,211.86,,-0.0185,0.0813,2.1242,0.00699,0.2736
2955,24215552,6053888,6798,11993.8,213.0,,-0.0109,0.177,2.1012,0.00791,0.2767
2956,24223744,6055936,6798,11996.5,213.0,,-0.0064,0.6137,2.1058,0.00652,0.2766
2957,24231936,6057984,6800,11999.3,213.07,,-0.0044,0.5247,2.0921,0.01045,0.3364
2958,24240128,6060032,6802,12002.0,213.61,,-0.0082,0.2888,2.1267,0.00654,0.2678
2959,24248320,6062080,6802,12004.8,213.61,,-0.0024,0.5021,2.1226,0.00799,0.2916
2960,24256512,6064128,6803,12007.5,214.03,,-0.0074,0.2994,2.164,0.00871,0.3018
2961,24264704,6066176,6806,12010.2,214.36,,-0.0096,0.2665,2.1985,0.00914,0.2987
2962,24272896,6068224,6807,12013.0,214.3,,-0.0166,0.1403,2.124,0.00917,0.3239
2963,24281088,6070272,6808,12015.7,215.2,,-0.0103,0.3128,2.1251,0.00791,0.3092
2964,24289280,6072320,6811,12018.5,214.54,,-0.0137,0.1805,2.142,0.00869,0.3137
2965,24297472,6074368,6813,12021.2,214.55,,-0.015,0.2005,2.0799,0.00689,0.2948
2966,24305664,6076416,6813,12023.9,214.55,,-0.0108,0.2807,2.1875,0.00835,0.2911
2967,24313856,6078464,6814,12026.7,214.58,,-0.0109,0.3383,2.1666,0.0061,0.2563
2968,24322048,6080512,6815,12029.4,214.56,,-0.0027,0.4146,2.1137,0.0079,0.2903
2969,24330240,6082560,6818,12032.1,213.53,,-0.0116,0.1782,2.1792,0.00539,0.2349
2970,24338432,6084608,6819,12034.9,213.7,,-0.0159,0.1118,2.1535,0.0076,0.2754
2971,24346624,6086656,6821,12037.6,213.77,,-0.0053,0.3558,2.2754,0.00902,0.307
2972,24354816,6088704,6823,12040.4,213.76,,0.0003,0.5052,2.0724,0.01068,0.3097
2973,24363008,6090752,6824,12043.1,213.81,,-0.006,0.1944,2.165,0.01052,0.326
2974,24371200,6092800,6826,12045.9,213.7,,-0.0132,0.1099,2.1456,0.00845,0.3108
2975,24379392,6094848,6828,12048.6,214.14,,-0.0102,0.2492,2.1139,0.00818,0.3052
2976,24387584,6096896,6830,12051.4,213.16,,-0.0006,0.387,2.1043,0.01044,0.335
2977,24395776,6098944,6830,12054.1,213.16,,-0.0133,0.1485,2.0615,0.00642,0.2596
2978,24403968,6100992,6833,12056.8,213.17,,-0.0029,0.4638,2.082,0.00808,0.2916
2979,24412160,6103040,6833,12059.6,213.17,,-0.0097,0.3192,2.0218,0.0078,0.2484
2980,24420352,6105088,6834,12062.3,212.93,,-0.0099,0.1621,2.1207,0.00724,0.2642
2981,24428544,6107136,6836,12065.1,213.13,,-0.0185,0.0821,2.0786,0.00731,0.2568
2982,24436736,6109184,6836,12067.8,213.13,,0.0017,0.392,2.0947,0.00805,0.2966
2983,24444928,6111232,6838,12070.5,213.2,,-0.002,0.6797,2.1401,0.00694,0.2428
2984,24453120,6113280,6839,12073.3,213.2,,-0.0003,0.2792,2.1885,0.00781,0.2795
2985,24461312,6115328,6840,12076.0,213.26,,-0.0169,0.1988,2.1628,0.00783,0.2933
2986,24469504,6117376,6841,12078.7,213.25,,-0.0175,0.1799,2.2286,0.00816,0.2924
2987,24477696,6119424,6844,12081.5,215.14,,-0.0072,0.2413,2.1882,0.00813,0.2876
2988,24485888,6121472,6848,12084.2,215.22,,-0.0085,0.299,2.1173,0.00759,0.2712
2989,24494080,6123520,6849,12087.0,216.37,,-0.0027,0.5463,2.0749,0.00986,0.2919
2990,24502272,6125568,6851,12089.7,214.35,,0.0063,1.0424,2.0621,0.0116,0.3431
2991,24510464,6127616,6851,12092.4,214.35,,-0.0073,0.2657,1.9582,0.00949,0.2438
2992,24518656,6129664,6852,12095.2,214.25,,-0.0046,0.6266,2.1017,0.00822,0.2745
2993,24526848,6131712,6854,12097.9,214.37,,-0.0094,0.213,2.0324,0.00637,0.261
2994,24535040,6133760,6854,12100.6,214.37,,-0.0148,0.133,2.1173,0.00934,0.2816
2995,24543232,6135808,6854,12103.4,214.37,,-0.018,0.0888,2.0264,0.00739,0.3114
2996,24551424,6137856,6856,12106.1,214.49,,-0.008,0.2808,2.0831,0.01019,0.338
2997,24559616,6139904,6857,12108.8,213.73,,-0.0078,0.4111,2.032,0.00859,0.2894
2998,24567808,6141952,6861,12111.6,213.75,,-0.0175,0.1134,2.1719,0.00655,0.2781
2999,24576000,6144000,6863,12114.4,213.62,,-0.0186,0.0704,2.1148,0.00789,0.2839
3000,24584192,6146048,6864,12291.3,213.54,15861.0,-0.0079,0.1177,2.0392,0.00674,0.2637
3001,24592384,6148096,6865,12294.0,213.65,,-0.0039,0.3791,2.0717,0.01182,0.3208
3002,24600576,6150144,6867,12296.7,212.84,,0.0188,1.2056,2.1049,0.02025,0.4302
3003,24608768,6152192,6867,12299.5,212.84,,-0.0017,0.579,2.1271,0.00807,0.28
3004,24616960,6154240,6869,12302.2,211.73,,-0.001,0.969,2.0627,0.01215,0.3347
3005,24625152,6156288,6869,12305.0,211.73,,-0.0078,0.2591,2.0963,0.00696,0.2781
3006,24633344,6158336,6870,12307.7,211.85,,-0.0059,0.4667,2.0096,0.00786,0.2883
3007,24641536,6160384,6872,12310.5,208.48,,-0.0033,0.5413,2.0742,0.01279,0.347
3008,24649728,6162432,6874,12313.2,209.15,,-0.0058,0.3713,2.1835,0.00991,0.3289
3009,24657920,6164480,6878,12316.0,210.08,,0.0113,1.1624,2.0481,0.01693,0.3892
3010,24666112,6166528,6879,12318.8,210.15,,-0.0164,0.1075,2.1172,0.00711,0.2887
3011,24674304,6168576,6880,12321.5,210.15,,-0.0126,0.1005,2.0888,0.00555,0.2445
3012,24682496,6170624,6883,12324.3,211.34,,-0.0146,0.1232,1.9886,0.00773,0.272
3013,24690688,6172672,6883,12327.0,211.34,,-0.0046,0.7589,1.8902,0.00873,0.2476
3014,24698880,6174720,6884,12329.8,211.42,,-0.0137,0.1544,1.9787,0.00882,0.3096
3015,24707072,6176768,6885,12332.6,211.62,,-0.0124,0.1596,1.9966,0.0067,0.2631
3016,24715264,6178816,6885,12335.3,211.62,,-0.0127,0.1824,1.9862,0.01162,0.3157
3017,24723456,6180864,6886,12338.0,211.87,,-0.0001,0.5044,2.0512,0.00992,0.2982
3018,24731648,6182912,6887,12340.8,212.01,,-0.0076,0.2009,2.1778,0.00806,0.2726
3019,24739840,6184960,6887,12343.5,212.01,,-0.0201,0.1153,2.1709,0.00744,0.2638
3020,24748032,6187008,6889,12346.3,212.12,,-0.0162,0.1218,2.1772,0.00935,0.3273
3021,24756224,6189056,6893,12349.1,212.41,,-0.0187,0.1055,2.1257,0.00956,0.3062
3022,24764416,6191104,6896,12351.8,212.67,,-0.0123,0.1206,2.1155,0.00838,0.2961
3023,24772608,6193152,6897,12354.6,213.24,,-0.0173,0.1507,2.1033,0.00849,0.2738
3024,24780800,6195200,6898,12357.3,213.25,,-0.0016,0.3419,2.1115,0.01265,0.3867
3025,24788992,6197248,6899,12360.1,213.42,,-0.0051,0.3961,2.1059,0.0089,0.3005
3026,24797184,6199296,6902,12362.8,211.96,,-0.0047,0.6312,2.0802,0.0063,0.2694
3027,24805376,6201344,6902,12365.6,211.96,,-0.0142,0.1246,2.1109,0.00767,0.2694
3028,24813568,6203392,6902,12368.3,211.96,,-0.0105,0.2166,2.0958,0.00924,0.3354
3029,24821760,6205440,6906,12371.1,209.68,,-0.0077,0.3564,2.0749,0.01092,0.3209
3030,24829952,6207488,6907,12373.9,209.69,,-0.0148,0.1303,2.1438,0.00663,0.2584
3031,24838144,6209536,6909,12376.6,209.66,,-0.0077,0.3452,2.1657,0.00902,0.2766
3032,24846336,6211584,6909,12379.3,209.66,,-0.0137,0.2604,2.1764,0.00642,0.2521
3033,24854528,6213632,6910,12382.1,210.81,,-0.0134,0.1689,2.2113,0.00579,0.2676
3034,24862720,6215680,6914,12384.9,209.34,,-0.0089,0.5698,2.1122,0.0094,0.3333
3035,24870912,6217728,6916,12387.6,210.65,,0.0004,0.8196,2.1865,0.01279,0.3448
3036,24879104,6219776,6917,12390.4,210.74,,-0.0083,0.2987,2.0264,0.01167,0.3177
3037,24887296,6221824,6919,12393.1,210.66,,-0.0063,0.4311,2.1032,0.00854,0.3021
3038,24895488,6223872,6919,12395.9,210.66,,-0.0073,0.7458,2.174,0.00953,0.321
3039,24903680,6225920,6921,12398.6,208.66,,0.0042,0.9785,2.2095,0.02043,0.4121
3040,24911872,6227968,6924,12401.4,207.25,,0.0154,1.2779,2.2416,0.01695,0.4037
3041,24920064,6230016,6927,12404.1,206.48,,-0.002,0.8304,2.1882,0.01306,0.3765
3042,24928256,6232064,6931,12406.9,205.51,,-0.0058,0.6348,2.2222,0.00902,0.2993
3043,24936448,6234112,6932,12409.7,205.49,,0.0031,1.2892,2.0316,0.01069,0.3195
3044,24944640,6236160,6932,12412.4,205.49,,-0.0029,0.6348,1.9841,0.01383,0.3354
3045,24952832,6238208,6935,12415.2,201.88,,0.0116,0.9145,2.1604,0.01642,0.4061
3046,24961024,6240256,6937,12418.0,200.86,,0.0008,0.5934,1.9889,0.01352,0.3337
3047,24969216,6242304,6938,12420.7,200.83,,-0.0131,0.2128,2.0903,0.00629,0.2737
3048,24977408,6244352,6938,12423.4,200.83,,-0.0078,0.4258,2.0279,0.00573,0.2556
3049,24985600,6246400,6938,12426.2,200.83,,-0.0097,0.5159,2.1232,0.00935,0.3319
3050,24993792,6248448,6938,12428.9,200.83,,0.0071,0.8185,2.2285,0.01156,0.363
3051,25001984,6250496,6943,12431.7,199.91,,-0.0039,0.4892,2.2665,0.01096,0.3486
3052,25010176,6252544,6947,12434.5,197.22,,-0.006,0.5108,2.1773,0.01103,0.3113
3053,25018368,6254592,6948,12437.2,197.27,,-0.0076,0.3417,2.1441,0.00984,0.3329
3054,25026560,6256640,6952,12440.0,198.76,,-0.0055,0.6024,2.131,0.01185,0.3555
3055,25034752,6258688,6954,12442.8,198.27,,-0.0039,0.3424,2.0584,0.00923,0.3096
3056,25042944,6260736,6955,12445.5,196.7,,-0.0108,0.1321,2.044,0.00632,0.2576
3057,25051136,6262784,6955,12448.2,196.7,,-0.0111,0.2315,2.0649,0.01084,0.3586
3058,25059328,6264832,6955,12451.0,196.7,,-0.0003,0.6093,2.0042,0.01041,0.3553
3059,25067520,6266880,6955,12453.7,196.7,,-0.0013,0.3561,2.0038,0.00633,0.2545
3060,25075712,6268928,6956,12456.5,196.58,,-0.018,0.1675,2.1504,0.00722,0.2809
3061,25083904,6270976,6959,12459.2,196.07,,-0.013,0.2262,2.2527,0.00978,0.348
3062,25092096,6273024,6962,12462.0,196.25,,-0.0143,0.2028,2.2427,0.00812,0.3151
3063,25100288,6275072,6963,12464.7,196.29,,-0.0159,0.2311,2.1873,0.00623,0.2692
3064,25108480,6277120,6964,12467.5,196.22,,-0.0125,0.2632,2.269,0.00666,0.261
3065,25116672,6279168,6971,12470.3,198.13,,-0.0031,0.6683,2.1627,0.00921,0.2776
3066,25124864,6281216,6971,12473.0,198.13,,-0.0097,0.1722,2.0771,0.0092,0.3142
3067,25133056,6283264,6972,12475.8,197.79,,-0.0104,0.2327,2.1238,0.01053,0.3339
3068,25141248,6285312,6973,12478.5,197.73,,-0.0075,0.4103,1.9759,0.01016,0.3271
3069,25149440,6287360,6973,12481.3,197.73,,-0.0043,0.5758,2.0649,0.00802,0.2625
3070,25157632,6289408,6973,12484.0,197.73,,-0.002,0.4506,2.0318,0.01196,0.3317
3071,25165824,6291456,6973,12486.7,197.73,,0.0106,1.0695,2.2482,0.01475,0.334
3072,25174016,6293504,6977,12489.5,194.77,,-0.0035,0.6821,2.0482,0.01105,0.3036
3073,25182208,6295552,6977,12492.3,194.77,,-0.0079,0.2913,2.0468,0.00802,0.3037
3074,25190400,6297600,6981,12495.0,193.87,,0.0033,1.0765,2.149,0.01015,0.3345
3075,25198592,6299648,6985,12497.8,193.6,,-0.0047,0.4503,2.2186,0.00984,0.3223
3076,25206784,6301696,6986,12500.6,193.42,,-0.0053,0.4889,2.0932,0.00945,0.2795
3077,25214976,6303744,6988,12503.3,193.49,,-0.0085,0.2693,2.1162,0.01015,0.3013
3078,25223168,6305792,6989,12506.1,193.5,,-0.0013,0.3567,1.9675,0.00842,0.3136
3079,25231360,6307840,6989,12508.8,193.5,,-0.011,0.189,1.9484,0.00551,0.2438
3080,25239552,6309888,6991,12511.6,190.42,,0.0032,0.8155,1.9704,0.01454,0.338
3081,25247744,6311936,6992,12514.3,190.2,,-0.011,0.2315,2.0481,0.00878,0.3052
3082,25255936,6313984,6992,12517.1,190.2,,-0.0055,0.4919,2.1637,0.00842,0.2784
3083,25264128,6316032,6992,12519.8,190.2,,-0.0116,0.4362,2.2194,0.00666,0.2449
3084,25272320,6318080,6996,12522.6,190.03,,0.0031,0.372,2.2888,0.0134,0.3574
3085,25280512,6320128,6999,12525.3,189.24,,-0.0038,0.4417,2.2345,0.01344,0.3488
3086,25288704,6322176,7000,12528.1,189.24,,-0.0101,0.1992,2.2188,0.00746,0.2874
3087,25296896,6324224,7002,12530.8,190.56,,-0.005,0.3514,2.0887,0.00918,0.3004
3088,25305088,6326272,7004,12533.6,192.23,,-0.0058,0.172,2.0891,0.01003,0.3043
3089,25313280,6328320,7004,12536.3,192.23,,-0.0155,0.0987,2.0259,0.0091,0.3196
3090,25321472,6330368,7008,12539.1,191.63,,-0.0048,0.4801,2.0825,0.00739,0.2865
3091,25329664,6332416,7008,12541.8,191.63,,-0.0156,0.1526,2.0047,0.00872,0.3157
3092,25337856,6334464,7008,12544.6,191.63,,-0.0115,0.2058,2.0218,0.00995,0.3163
3093,25346048,6336512,7008,12547.3,191.63,,-0.0142,0.1606,2.099,0.00459,0.2351
3094,25354240,6338560,7010,12550.1,189.89,,-0.011,0.2791,2.2417,0.00672,0.2587
3095,25362432,6340608,7014,12552.8,189.83,,-0.0036,0.6224,2.2478,0.01022,0.3015
3096,25370624,6342656,7017,12555.6,190.27,,-0.0111,0.1922,2.2353,0.01068,0.3561
3097,25378816,6344704,7018,12558.3,190.29,,-0.0118,0.1882,2.1075,0.00801,0.3156
3098,25387008,6346752,7020,12561.1,190.13,,-0.0084,0.1906,2.1898,0.00823,0.2758
3099,25395200,6348800,7021,12563.8,192.31,,0.0047,0.6007,2.1001,0.01037,0.3378
3100,25403392,6350848,7023,12722.1,192.75,15868.5,-0.0077,0.3349,2.17,0.00828,0.267
3101,25411584,6352896,7024,12724.8,192.25,,-0.0132,0.5759,2.0411,0.00788,0.2599
3102,25419776,6354944,7025,12727.6,193.27,,-0.0029,0.36,2.0379,0.00872,0.3191
3103,25427968,6356992,7026,12730.3,192.27,,-0.0142,0.1932,2.0452,0.01106,0.3376
3104,25436160,6359040,7026,12733.0,192.27,,-0.0126,0.1784,2.0909,0.00821,0.3132
3105,25444352,6361088,7028,12735.8,192.62,,-0.006,0.3822,2.2444,0.01252,0.3586
3106,25452544,6363136,7031,12738.5,194.54,,-0.0096,0.2924,2.2483,0.00893,0.3082
3107,25460736,6365184,7033,12741.3,195.01,,-0.0104,0.2903,2.1926,0.00887,0.3036
3108,25468928,6367232,7036,12744.0,195.75,,-0.0066,0.3157,2.1257,0.01085,0.3135
3109,25477120,6369280,7037,12746.7,196.91,,-0.0138,0.1558,2.1261,0.00857,0.307
3110,25485312,6371328,7038,12749.5,196.97,,-0.015,0.1553,1.9972,0.00921,0.3075
3111,25493504,6373376,7040,12752.2,197.24,,-0.0107,0.2374,2.092,0.00749,0.297
3112,25501696,6375424,7040,12754.9,197.24,,-0.014,0.1919,2.0051,0.00737,0.2589
3113,25509888,6377472,7041,12757.7,197.78,,0.0052,0.5376,2.0611,0.01094,0.3318
3114,25518080,6379520,7042,12760.4,197.86,,-0.0045,1.0019,2.1152,0.00699,0.2505
3115,25526272,6381568,7044,12763.1,198.2,,-0.0109,0.4169,2.1139,0.00683,0.2473
3116,25534464,6383616,7045,12765.9,199.62,,-0.013,0.3091,2.2059,0.00832,0.3025
3117,25542656,6385664,7048,12768.6,200.83,,-0.012,0.2823,2.213,0.00805,0.2887
3118,25550848,6387712,7051,12771.4,201.01,,-0.0147,0.2229,2.1776,0.00868,0.2849
3119,25559040,6389760,7053,12774.1,201.45,,-0.0035,0.5205,2.1191,0.00798,0.2836
3120,25567232,6391808,7053,12776.8,201.45,,-0.0077,0.2103,2.0997,0.00943,0.2786
3121,25575424,6393856,7055,12779.6,202.98,,-0.0082,0.4157,2.1202,0.00735,0.287
3122,25583616,6395904,7056,12782.3,203.03,,-0.0165,0.1879,2.0863,0.00504,0.218
3123,25591808,6397952,7058,12785.1,203.06,,0.0037,0.7253,2.0785,0.01218,0.3158
3124,25600000,6400000,7058,12787.8,203.06,,-0.0034,0.4921,2.0607,0.01383,0.3533
3125,25608192,6402048,7059,12790.5,203.03,,-0.0053,0.4491,2.1919,0.01423,0.3633
3126,25616384,6404096,7061,12793.3,202.84,,-0.0154,0.2852,2.1968,0.00988,0.2924
3127,25624576,6406144,7063,12796.0,202.75,,-0.0186,0.2377,2.2023,0.00829,0.2964
3128,25632768,6408192,7066,12798.8,201.93,,0.0016,0.8557,2.2119,0.01598,0.3647
3129,25640960,6410240,7066,12801.5,201.93,,-0.0099,0.4182,2.2174,0.00758,0.2642
3130,25649152,6412288,7070,12804.3,203.72,,-0.0072,0.1993,2.0823,0.00734,0.2869
3131,25657344,6414336,7070,12807.0,203.72,,-0.017,0.1313,2.0696,0.00745,0.2922
3132,25665536,6416384,7070,12809.7,203.72,,-0.0126,0.1086,2.077,0.00795,0.2966
3133,25673728,6418432,7072,12812.5,205.64,,-0.0171,0.0878,2.0762,0.00861,0.2894
3134,25681920,6420480,7073,12815.2,205.58,,-0.0101,0.1826,2.1036,0.00651,0.28
3135,25690112,6422528,7073,12817.9,205.58,,-0.0146,0.1598,2.1501,0.00853,0.3048
3136,25698304,6424576,7077,12820.7,207.0,,-0.0126,0.1526,2.2003,0.0073,0.3116
3137,25706496,6426624,7078,12823.5,207.07,,-0.0165,0.1453,2.2056,0.00916,0.3044
3138,25714688,6428672,7082,12826.3,207.25,,-0.0197,0.0732,2.1967,0.00857,0.3203
3139,25722880,6430720,7083,12829.0,207.23,,-0.016,0.1518,2.1317,0.00643,0.2638
3140,25731072,6432768,7084,12831.8,207.17,,-0.0116,0.1553,2.1158,0.00836,0.293
3141,25739264,6434816,7085,12834.5,207.16,,-0.0067,0.4217,2.0781,0.00725,0.2786
3142,25747456,6436864,7085,12837.2,207.16,,-0.0093,0.3279,2.1528,0.00703,0.2611
3143,25755648,6438912,7086,12840.0,207.15,,-0.0133,0.3192,2.1663,0.01058,0.301
3144,25763840,6440960,7086,12842.7,207.15,,-0.0058,0.6816,2.192,0.0109,0.312
3145,25772032,6443008,7092,12845.5,207.71,,-0.0026,1.2787,2.1809,0.01024,0.3101
3146,25780224,6445056,7093,12848.2,207.39,,-0.0049,0.3418,2.183,0.00856,0.3011
3147,25788416,6447104,7096,12851.0,207.29,,-0.011,0.2257,2.2293,0.00619,0.2683
3148,25796608,6449152,7096,12853.7,207.29,,-0.0139,0.2906,2.1667,0.00654,0.2587
3149,25804800,6451200,7099,12856.5,206.74,,0.0007,0.4769,2.2581,0.01016,0.3185
3150,25812992,6453248,7100,12859.3,206.77,,-0.0101,0.3363,2.1609,0.0091,0.2944
3151,25821184,6455296,7100,12862.0,206.77,,-0.006,0.4601,2.1117,0.00982,0.3467
3152,25829376,6457344,7102,12864.8,205.3,,0.0105,1.4023,2.1408,0.01358,0.3306
3153,25837568,6459392,7106,12867.6,203.02,,0.0062,0.793,2.1541,0.01488,0.3965
3154,25845760,6461440,7108,12870.3,203.64,,-0.0027,0.5429,2.1388,0.0099,0.2959
3155,25853952,6463488,7108,12873.0,203.64,,-0.0121,0.1823,2.1351,0.00652,0.2861
3156,25862144,6465536,7110,12875.8,205.23,,-0.0073,0.3404,2.1413,0.00809,0.3199
3157,25870336,6467584,7112,12878.6,206.78,,-0.0082,0.4808,2.071,0.01005,0.313
3158,25878528,6469632,7113,12881.3,205.66,,-0.0099,0.4052,2.2052,0.0083,0.3064
3159,25886720,6471680,7115,12884.1,205.04,,-0.0005,0.7209,2.109,0.00899,0.3114
3160,25894912,6473728,7115,12886.8,205.04,,-0.0073,0.5351,2.0958,0.01087,0.3271
3161,25903104,6475776,7117,12889.6,204.46,,-0.0035,0.6799,2.1033,0.01164,0.3431
3162,25911296,6477824,7121,12892.3,203.39,,-0.0057,0.4865,2.1665,0.00771,0.2699
3163,25919488,6479872,7123,12895.1,203.19,,-0.0107,0.3057,2.1253,0.00735,0.2686
3164,25927680,6481920,7125,12897.9,204.16,,-0.0008,0.8572,2.0923,0.01406,0.3041
3165,25935872,6483968,7125,12900.6,204.16,,-0.0132,0.2719,2.1139,0.00888,0.3346
3166,25944064,6486016,7126,12903.3,204.69,,-0.0004,0.6523,2.0505,0.01234,0.3611
3167,25952256,6488064,7128,12906.1,204.17,,-0.005,0.5218,2.057,0.00955,0.3317
3168,25960448,6490112,7130,12908.8,203.68,,-0.0107,0.2924,2.1426,0.00764,0.2902
3169,25968640,6492160,7132,12911.6,203.25,,-0.0038,0.5561,2.0886,0.015,0.3765
3170,25976832,6494208,7134,12914.3,203.28,,-0.0115,0.5061,2.1775,0.01296,0.3071
3171,25985024,6496256,7134,12917.1,203.28,,-0.0067,0.4468,2.1373,0.00764,0.283
3172,25993216,6498304,7136,12919.8,203.9,,-0.0169,0.2037,2.2597,0.00811,0.3046
3173,26001408,6500352,7140,12922.6,202.16,,-0.0054,0.6223,2.1411,0.01028,0.3357
3174,26009600,6502400,7141,12925.4,201.81,,-0.0107,0.4972,2.1024,0.00612,0.2418
3175,26017792,6504448,7142,12928.1,201.7,,-0.0047,0.3719,2.1062,0.00981,0.3079
3176,26025984,6506496,7144,12930.8,201.8,,-0.0043,0.3171,2.0824,0.01119,0.3434
3177,26034176,6508544,7145,12933.6,199.9,,-0.0094,0.3154,2.0363,0.00944,0.324
3178,26042368,6510592,7146,12936.3,199.65,,-0.0177,0.1798,2.1763,0.00901,0.3246
3179,26050560,6512640,7148,12939.1,199.58,,-0.0061,0.3944,2.0562,0.01059,0.3163
3180,26058752,6514688,7149,12941.9,199.62,,-0.0057,0.4642,2.0808,0.00897,0.3132
3181,26066944,6516736,7151,12944.6,199.22,,-0.0038,0.6509,2.029,0.00848,0.2908
3182,26075136,6518784,7153,12947.4,199.26,,0.0118,0.9012,2.0045,0.01802,0.399
3183,26083328,6520832,7156,12950.1,198.06,,-0.0102,0.398,2.0243,0.00902,0.2932
3184,26091520,6522880,7156,12952.9,198.06,,-0.0057,0.2031,1.9585,0.00918,0.3198
3185,26099712,6524928,7157,12955.6,198.59,,-0.0117,0.2928,2.0566,0.00901,0.3052
3186,26107904,6526976,7158,12958.4,198.52,,-0.0084,0.3844,2.01,0.01014,0.312
3187,26116096,6529024,7159,12961.1,198.58,,-0.0028,0.5657,2.0651,0.01125,0.3262
3188,26124288,6531072,7162,12963.9,198.6,,-0.0155,0.1818,2.0912,0.0084,0.2817
3189,26132480,6533120,7163,12966.6,198.22,,-0.0135,0.2943,2.0306,0.00694,0.2576
3190,26140672,6535168,7167,12969.4,198.68,,-0.0155,0.1643,2.0835,0.01034,0.333
3191,26148864,6537216,7167,12972.2,198.68,,-0.0025,0.2573,2.0386,0.00768,0.2937
3192,26157056,6539264,7171,12974.9,198.38,,-0.0181,0.0774,2.0667,0.00717,0.2673
3193,26165248,6541312,7171,12977.7,198.38,,-0.0142,0.1191,1.9293,0.00907,0.286
3194,26173440,6543360,7173,12980.4,198.37,,-0.0038,0.4366,2.1104,0.01032,0.3308
3195,26181632,6545408,7174,12983.2,197.25,,-0.0041,0.366,2.0385,0.01326,0.3417
3196,26189824,6547456,7175,12985.9,197.35,,-0.0147,0.1707,2.0861,0.00769,0.2992
3197,26198016,6549504,7177,12988.7,196.78,,-0.0056,0.4435,2.1013,0.01163,0.3256
3198,26206208,6551552,7179,12991.4,196.82,,0.0017,0.6228,2.0843,0.01089,0.3149
3199,26214400,6553600,7181,12994.2,196.83,,-0.007,0.3946,2.0446,0.00837,0.2858
3200,26222592,6555648,7182,13145.5,196.92,15510.5,-0.0086,0.5076,2.0426,0.01043,0.3008
