method,after_task,after_task_name,eval_task,eval_task_name,raw,normalized
constrained,0,"biggrid50-goal(40,31)",0,"biggrid50-goal(40,31)",0.938775360584259,0.8224847561370774
constrained,1,"biggrid50-goal(9,31)",0,"biggrid50-goal(40,31)",0.8884353041648865,0.676528365431725
constrained,1,"biggrid50-goal(9,31)",1,"biggrid50-goal(9,31)",0.8040816187858582,0.1014040881491789
constrained,2,"biggrid50-goal(15,31)",0,"biggrid50-goal(40,31)",0.9132652282714844,0.7485204600351824
constrained,2,"biggrid50-goal(15,31)",1,"biggrid50-goal(9,31)",0.9173468351364136,0.620904401171167
constrained,2,"biggrid50-goal(15,31)",2,"biggrid50-goal(15,31)",0.8707482218742371,0.40063041346975337
constrained,3,"biggrid50-goal(9,24)",0,"biggrid50-goal(40,31)",0.8928571343421936,0.6893490577173098
constrained,3,"biggrid50-goal(9,24)",1,"biggrid50-goal(9,31)",0.9221088290214539,0.6427456812534001
constrained,3,"biggrid50-goal(9,24)",2,"biggrid50-goal(15,31)",0.8989794850349426,0.5315451349012409
constrained,3,"biggrid50-goal(9,24)",3,"biggrid50-goal(9,24)",0.8571428060531616,0.14285755157436597
constrained,4,"biggrid50-goal(21,17)",0,"biggrid50-goal(40,31)",0.891496479511261,0.6854039634475645
constrained,4,"biggrid50-goal(21,17)",1,"biggrid50-goal(9,31)",0.9227889776229858,0.6458652392499501
constrained,4,"biggrid50-goal(21,17)",2,"biggrid50-goal(15,31)",0.9261903762817383,0.6577281621075843
constrained,4,"biggrid50-goal(21,17)",3,"biggrid50-goal(9,24)",0.9615644812583923,0.7693870799887705
constrained,4,"biggrid50-goal(21,17)",4,"biggrid50-goal(21,17)",0.7778911590576172,0.20462849402761882
constrained,5,"biggrid50-goal(27,3)",0,"biggrid50-goal(40,31)",0.9112244248390198,0.7426033370852169
constrained,5,"biggrid50-goal(27,3)",1,"biggrid50-goal(9,31)",0.9085033535957336,0.5803430392931445
constrained,5,"biggrid50-goal(27,3)",2,"biggrid50-goal(15,31)",0.9387753009796143,0.7160872904852288
constrained,5,"biggrid50-goal(27,3)",3,"biggrid50-goal(9,24)",0.9785712361335754,0.8714275240906872
constrained,5,"biggrid50-goal(27,3)",4,"biggrid50-goal(21,17)",0.8003400564193726,0.28501796986424527
constrained,5,"biggrid50-goal(27,3)",5,"biggrid50-goal(27,3)",0.7319727540016174,0.05854235359857934
constrained,6,"biggrid50-goal(3,31)",0,"biggrid50-goal(40,31)",0.8860543370246887,0.6696249689143231
constrained,6,"biggrid50-goal(3,31)",1,"biggrid50-goal(9,31)",0.9353740811347961,0.7035878607612586
constrained,6,"biggrid50-goal(3,31)",2,"biggrid50-goal(15,31)",0.9476189017295837,0.7570970576374476
constrained,6,"biggrid50-goal(3,31)",3,"biggrid50-goal(9,24)",0.9952380061149597,0.9714280605320426
constrained,6,"biggrid50-goal(3,31)",4,"biggrid50-goal(21,17)",0.8108842968940735,0.32277688297240636
constrained,6,"biggrid50-goal(3,31)",5,"biggrid50-goal(27,3)",0.7755100727081299,0.211469125827956
constrained,6,"biggrid50-goal(3,31)",6,"biggrid50-goal(3,31)",0.831292450428009,0.33601053584008383
constrained,7,"biggrid50-goal(33,10)",0,"biggrid50-goal(40,31)",0.8999999165534973,0.7100589016330803
constrained,7,"biggrid50-goal(33,10)",1,"biggrid50-goal(9,31)",0.8996598720550537,0.5397816774151218
constrained,7,"biggrid50-goal(33,10)",2,"biggrid50-goal(15,31)",0.9377549886703491,0.7113558726602381
constrained,7,"biggrid50-goal(33,10)",3,"biggrid50-goal(9,24)",0.9282311797142029,0.5693874376163407
constrained,7,"biggrid50-goal(33,10)",4,"biggrid50-goal(21,17)",0.7962585091590881,0.2704019537825081
constrained,7,"biggrid50-goal(33,10)",5,"biggrid50-goal(27,3)",0.7979591488838196,0.29032250635471996
constrained,7,"biggrid50-goal(33,10)",6,"biggrid50-goal(3,31)",0.9309523105621338,0.7282460777384164
constrained,7,"biggrid50-goal(33,10)",7,"biggrid50-goal(33,10)",0.8034012913703918,0.23746686841341746
constrained,8,"biggrid50-goal(27,45)",0,"biggrid50-goal(40,31)",0.9047618508338928,0.723865694667884
constrained,8,"biggrid50-goal(27,45)",1,"biggrid50-goal(9,31)",0.8982992768287659,0.533541194513777
constrained,8,"biggrid50-goal(27,45)",2,"biggrid50-goal(15,31)",0.9108843207359314,0.5867505375291983
constrained,8,"biggrid50-goal(27,45)",3,"biggrid50-goal(9,24)",0.9761903285980225,0.8571420907980638
constrained,8,"biggrid50-goal(27,45)",4,"biggrid50-goal(21,17)",0.8102040886878967,0.3203410581622543
constrained,8,"biggrid50-goal(27,45)",5,"biggrid50-goal(27,3)",0.8044216632843018,0.3130223761931391
constrained,8,"biggrid50-goal(27,45)",6,"biggrid50-goal(3,31)",0.9843536615371704,0.9384200415550124
constrained,8,"biggrid50-goal(27,45)",7,"biggrid50-goal(33,10)",0.9418365955352783,0.7744058276914755
constrained,8,"biggrid50-goal(27,45)",8,"biggrid50-goal(27,45)",0.6724490523338318,0.07403874571636641
constrained,9,"biggrid50-goal(21,45)",0,"biggrid50-goal(40,31)",0.9085033535957336,0.7347138398185962
constrained,9,"biggrid50-goal(21,45)",1,"biggrid50-goal(9,31)",0.889115571975708,0.4914193701833571
constrained,9,"biggrid50-goal(21,45)",2,"biggrid50-goal(15,31)",0.9394556879997253,0.7192423982356826
constrained,9,"biggrid50-goal(21,45)",3,"biggrid50-goal(9,24)",0.9629250764846802,0.7775506445342885
constrained,9,"biggrid50-goal(21,45)",4,"biggrid50-goal(21,17)",0.8006802201271057,0.28623609571348624
constrained,9,"biggrid50-goal(21,45)",5,"biggrid50-goal(27,3)",0.7574828863143921,0.14814783022508093
constrained,9,"biggrid50-goal(21,45)",6,"biggrid50-goal(3,31)",0.9510203003883362,0.8072285171447855
constrained,9,"biggrid50-goal(21,45)",7,"biggrid50-goal(33,10)",0.9499998688697815,0.8060681230501057
constrained,9,"biggrid50-goal(21,45)",8,"biggrid50-goal(27,45)",0.6751700639724731,0.08173083565775954
constrained,9,"biggrid50-goal(21,45)",9,"biggrid50-goal(21,45)",0.815646231174469,0.3770114812877428
constrained,10,"biggrid50-goal(33,3)",0,"biggrid50-goal(40,31)",0.9170067310333252,0.7593686051858946
constrained,10,"biggrid50-goal(33,3)",1,"biggrid50-goal(9,31)",0.8724488615989685,0.4149761201129613
constrained,10,"biggrid50-goal(33,3)",2,"biggrid50-goal(15,31)",0.9241496324539185,0.6482647736572964
constrained,10,"biggrid50-goal(33,3)",3,"biggrid50-goal(9,24)",0.9986393451690674,0.9918360778269119
constrained,10,"biggrid50-goal(33,3)",4,"biggrid50-goal(21,17)",0.7979592084884644,0.2764921561403831
constrained,10,"biggrid50-goal(33,3)",5,"biggrid50-goal(27,3)",0.8091835379600525,0.32974867320817414
constrained,10,"biggrid50-goal(33,3)",6,"biggrid50-goal(3,31)",0.9544216990470886,0.8206155462288369
constrained,10,"biggrid50-goal(33,3)",7,"biggrid50-goal(33,10)",0.9360543489456177,0.7519786478266951
constrained,10,"biggrid50-goal(33,3)",8,"biggrid50-goal(27,45)",0.7013605237007141,0.15576924437866294
constrained,10,"biggrid50-goal(33,3)",9,"biggrid50-goal(21,45)",0.9931971430778503,0.9770110381580953
constrained,10,"biggrid50-goal(33,3)",10,"biggrid50-goal(33,3)",0.750680148601532,0.054192771433042006
constrained,11,"biggrid50-goal(21,24)",0,"biggrid50-goal(40,31)",0.9346937537193298,0.8106505102371463
constrained,11,"biggrid50-goal(21,24)",1,"biggrid50-goal(9,31)",0.9006801843643188,0.5444614244824202
constrained,11,"biggrid50-goal(21,24)",2,"biggrid50-goal(15,31)",0.9370747804641724,0.7082015941102444
constrained,11,"biggrid50-goal(21,24)",3,"biggrid50-goal(9,24)",0.9765304923057556,0.8591830713413359
constrained,11,"biggrid50-goal(21,24)",4,"biggrid50-goal(21,17)",0.7741496562957764,0.19123017690679278
constrained,11,"biggrid50-goal(21,24)",5,"biggrid50-goal(27,3)",0.821768581867218,0.3739542007938663
constrained,11,"biggrid50-goal(21,24)",6,"biggrid50-goal(3,31)",0.9598637819290161,0.8420341828331398
constrained,11,"biggrid50-goal(21,24)",7,"biggrid50-goal(33,10)",0.9319726824760437,0.7361473845552767
constrained,11,"biggrid50-goal(21,24)",8,"biggrid50-goal(27,45)",0.6829931735992432,0.10384616291910861
constrained,11,"biggrid50-goal(21,24)",9,"biggrid50-goal(21,45)",0.9568026065826416,0.8540226201571217
constrained,11,"biggrid50-goal(21,24)",10,"biggrid50-goal(33,3)",0.9193876385688782,0.6941930065907469
constrained,11,"biggrid50-goal(21,24)",11,"biggrid50-goal(21,24)",0.9176868796348572,0.5993368241600489
constrained,12,"biggrid50-goal(21,3)",0,"biggrid50-goal(40,31)",0.9578229784965515,0.877711582639857
constrained,12,"biggrid50-goal(21,3)",1,"biggrid50-goal(9,31)",0.9295917749404907,0.6770668336117269
constrained,12,"biggrid50-goal(21,3)",2,"biggrid50-goal(15,31)",0.9343536496162415,0.6955830979095027
constrained,12,"biggrid50-goal(21,3)",3,"biggrid50-goal(9,24)",0.9646256566047668,0.7877541167403678
constrained,12,"biggrid50-goal(21,3)",4,"biggrid50-goal(21,17)",0.7863945364952087,0.23507907892866398
constrained,12,"biggrid50-goal(21,3)",5,"biggrid50-goal(27,3)",0.815646231174469,0.3524491711385066
constrained,12,"biggrid50-goal(21,3)",6,"biggrid50-goal(3,31)",0.9659861922264099,0.8661304129250773
constrained,12,"biggrid50-goal(21,3)",7,"biggrid50-goal(33,10)",0.946938693523407,0.7941949645767999
constrained,12,"biggrid50-goal(21,3)",8,"biggrid50-goal(27,45)",0.6897959113121033,0.12307697751465171
constrained,12,"biggrid50-goal(21,3)",9,"biggrid50-goal(21,45)",0.9598637819290161,0.8643672803542298
constrained,12,"biggrid50-goal(21,3)",10,"biggrid50-goal(33,3)",0.9064624905586243,0.6451608162143047
constrained,12,"biggrid50-goal(21,3)",11,"biggrid50-goal(21,24)",0.9156461954116821,0.5894036929882892
constrained,12,"biggrid50-goal(21,3)",12,"biggrid50-goal(21,3)",0.7986393570899963,0.35087688959317004
constrained,13,"biggrid50-goal(3,17)",0,"biggrid50-goal(40,31)",0.9945576786994934,0.9842204870121061
constrained,13,"biggrid50-goal(3,17)",1,"biggrid50-goal(9,31)",0.9122448563575745,0.5975037521631323
constrained,13,"biggrid50-goal(3,17)",2,"biggrid50-goal(15,31)",0.9489794969558716,0.7634064439378951
constrained,13,"biggrid50-goal(3,17)",3,"biggrid50-goal(9,24)",0.9911563396453857,0.9469380821506291
constrained,13,"biggrid50-goal(3,17)",4,"biggrid50-goal(21,17)",0.809183657169342,0.31668689405869627
constrained,13,"biggrid50-goal(3,17)",5,"biggrid50-goal(27,3)",0.8248298764228821,0.38470713434948833
constrained,13,"biggrid50-goal(3,17)",6,"biggrid50-goal(3,31)",0.9683672189712524,0.8755015209547378
constrained,13,"biggrid50-goal(3,17)",7,"biggrid50-goal(33,10)",0.9411563873291016,0.7717675535278132
constrained,13,"biggrid50-goal(3,17)",8,"biggrid50-goal(27,45)",0.6863945126533508,0.11346148596801442
constrained,13,"biggrid50-goal(3,17)",9,"biggrid50-goal(21,45)",0.966666579246521,0.8873560407735674
constrained,13,"biggrid50-goal(3,17)",10,"biggrid50-goal(33,3)",0.8982990980148315,0.6141925814979726
constrained,13,"biggrid50-goal(3,17)",11,"biggrid50-goal(21,24)",0.9353740811347961,0.6854301503910353
constrained,13,"biggrid50-goal(3,17)",12,"biggrid50-goal(21,3)",0.9006801843643188,0.6798242858249073
constrained,13,"biggrid50-goal(3,17)",13,"biggrid50-goal(3,17)",0.7710884213447571,0.10505332163839717
constrained,14,"biggrid50-goal(15,45)",0,"biggrid50-goal(40,31)",0.9840134382247925,0.9536484258766247
constrained,14,"biggrid50-goal(15,45)",1,"biggrid50-goal(9,31)",0.9064624905586243,0.5709824516319517
constrained,14,"biggrid50-goal(15,45)",2,"biggrid50-goal(15,31)",0.9585033059120178,0.8075704896401077
constrained,14,"biggrid50-goal(15,45)",3,"biggrid50-goal(9,24)",0.9870746731758118,0.9224481037692158
constrained,14,"biggrid50-goal(15,45)",4,"biggrid50-goal(21,17)",0.7948979139328003,0.2655296638297091
constrained,14,"biggrid50-goal(15,45)",5,"biggrid50-goal(27,3)",0.8027210235595703,0.307048803369755
constrained,14,"biggrid50-goal(15,45)",6,"biggrid50-goal(3,31)",0.9656460881233215,0.8647918507697905
constrained,14,"biggrid50-goal(15,45)",7,"biggrid50-goal(33,10)",0.9425168633460999,0.7770443330393441
constrained,14,"biggrid50-goal(15,45)",8,"biggrid50-goal(27,45)",0.689115583896637,0.12115374440713905
constrained,14,"biggrid50-goal(15,45)",9,"biggrid50-goal(21,45)",0.9499998688697815,0.8310340611603511
constrained,14,"biggrid50-goal(15,45)",10,"biggrid50-goal(33,3)",0.9683672189712524,0.8799994754174275
constrained,14,"biggrid50-goal(15,45)",11,"biggrid50-goal(21,24)",0.8918367028236389,0.47350981272782344
constrained,14,"biggrid50-goal(15,45)",12,"biggrid50-goal(21,3)",0.9789113402366638,0.9320168220459726
constrained,14,"biggrid50-goal(15,45)",13,"biggrid50-goal(3,17)",0.7972788214683533,0.20744662010441553
constrained,14,"biggrid50-goal(15,45)",14,"biggrid50-goal(15,45)",0.7833333611488342,0.09901001878537749
constrained,15,"biggrid50-goal(3,24)",0,"biggrid50-goal(40,31)",0.9030610918998718,0.7189344996489198
constrained,15,"biggrid50-goal(3,24)",1,"biggrid50-goal(9,31)",0.9190475344657898,0.6287047997616112
constrained,15,"biggrid50-goal(3,24)",2,"biggrid50-goal(15,31)",0.9455781579017639,0.7476336691871597
constrained,15,"biggrid50-goal(3,24)",3,"biggrid50-goal(9,24)",0.9758501648902893,0.8551011102547917
constrained,15,"biggrid50-goal(3,24)",4,"biggrid50-goal(21,17)",0.8105441331863403,0.3215587571231654
constrained,15,"biggrid50-goal(3,24)",5,"biggrid50-goal(27,3)",0.8421766757965088,0.44563854022227334
constrained,15,"biggrid50-goal(3,24)",6,"biggrid50-goal(3,31)",0.9537413716316223,0.8179379527412022
constrained,15,"biggrid50-goal(3,24)",7,"biggrid50-goal(33,10)",0.9217686057090759,0.6965695731530405
constrained,15,"biggrid50-goal(3,24)",8,"biggrid50-goal(27,45)",0.6836735010147095,0.10576939602662129
constrained,15,"biggrid50-goal(3,24)",9,"biggrid50-goal(21,45)",0.9653060436248779,0.8827583692587266
constrained,15,"biggrid50-goal(3,24)",10,"biggrid50-goal(33,3)",0.9397957921028137,0.771612349759099
constrained,15,"biggrid50-goal(3,24)",11,"biggrid50-goal(21,24)",0.9139454960823059,0.5811254550666309
constrained,15,"biggrid50-goal(3,24)",12,"biggrid50-goal(21,3)",0.9363943934440613,0.7949556151081756
constrained,15,"biggrid50-goal(3,24)",13,"biggrid50-goal(3,17)",0.9180271029472351,0.6795209208550478
constrained,15,"biggrid50-goal(3,24)",14,"biggrid50-goal(15,45)",0.8309524059295654,0.297029808495234
constrained,15,"biggrid50-goal(3,24)",15,"biggrid50-goal(3,24)",0.8309522867202759,0.009960264364329317
constrained,16,"biggrid50-goal(3,10)",0,"biggrid50-goal(40,31)",0.9748298525810242,0.9270214590108887
constrained,16,"biggrid50-goal(3,10)",1,"biggrid50-goal(9,31)",0.938095211982727,0.7160685531822991
constrained,16,"biggrid50-goal(3,10)",2,"biggrid50-goal(15,31)",0.923129141330719,0.6435325266318458
constrained,16,"biggrid50-goal(3,10)",3,"biggrid50-goal(9,24)",0.9574827551841736,0.7448967439797869
constrained,16,"biggrid50-goal(3,10)",4,"biggrid50-goal(21,17)",0.8272108435630798,0.3812422279643446
constrained,16,"biggrid50-goal(3,10)",5,"biggrid50-goal(27,3)",0.7833331823348999,0.23894814703464198
constrained,16,"biggrid50-goal(3,10)",6,"biggrid50-goal(3,31)",0.9472787976264954,0.7925029259054472
constrained,16,"biggrid50-goal(3,10)",7,"biggrid50-goal(33,10)",0.946938693523407,0.7941949645767999
constrained,16,"biggrid50-goal(3,10)",8,"biggrid50-goal(27,45)",0.689115583896637,0.12115374440713905
constrained,16,"biggrid50-goal(3,10)",9,"biggrid50-goal(21,45)",0.9612244367599487,0.8689653547142046
constrained,16,"biggrid50-goal(3,10)",10,"biggrid50-goal(33,3)",0.9064624309539795,0.6451605901011268
constrained,16,"biggrid50-goal(3,10)",11,"biggrid50-goal(21,24)",0.8897958397865295,0.4635758111704134
constrained,16,"biggrid50-goal(3,10)",12,"biggrid50-goal(21,3)",0.8874148726463318,0.637061110864523
constrained,16,"biggrid50-goal(3,10)",13,"biggrid50-goal(3,17)",0.9044217467308044,0.6263297785574402
constrained,16,"biggrid50-goal(3,10)",14,"biggrid50-goal(15,45)",0.8506802320480347,0.3790663129526405
constrained,16,"biggrid50-goal(3,10)",15,"biggrid50-goal(3,24)",0.8153060674667358,-0.08167291110395111
constrained,16,"biggrid50-goal(3,10)",16,"biggrid50-goal(3,10)",0.6666666269302368,-0.04589132197648636
constrained,17,"biggrid50-goal(46,31)",0,"biggrid50-goal(40,31)",0.9721087217330933,0.9191317889260505
constrained,17,"biggrid50-goal(46,31)",1,"biggrid50-goal(9,31)",0.8976190090179443,0.5304210897539292
constrained,17,"biggrid50-goal(46,31)",2,"biggrid50-goal(15,31)",0.8857142329216003,0.470031175173296
constrained,17,"biggrid50-goal(46,31)",3,"biggrid50-goal(9,24)",0.8982992768287659,0.3897961701663505
constrained,17,"biggrid50-goal(46,31)",4,"biggrid50-goal(21,17)",0.8010203242301941,0.28745400811856225
constrained,17,"biggrid50-goal(46,31)",5,"biggrid50-goal(27,3)",0.7914965152740479,0.26762221778835854
constrained,17,"biggrid50-goal(46,31)",6,"biggrid50-goal(3,31)",0.9540814757347107,0.819276514896489
constrained,17,"biggrid50-goal(46,31)",7,"biggrid50-goal(33,10)",0.9333332180976868,0.741424395251014
constrained,17,"biggrid50-goal(46,31)",8,"biggrid50-goal(27,45)",0.6853741407394409,0.11057697330220843
constrained,17,"biggrid50-goal(46,31)",9,"biggrid50-goal(21,45)",0.953061044216156,0.8413787213574592
constrained,17,"biggrid50-goal(46,31)",10,"biggrid50-goal(33,3)",0.9047617316246033,0.6387089027993715
constrained,17,"biggrid50-goal(46,31)",11,"biggrid50-goal(21,24)",0.8761904239654541,0.39735077818279724
constrained,17,"biggrid50-goal(46,31)",12,"biggrid50-goal(21,3)",0.9999999403953552,0.9999998078534521
constrained,17,"biggrid50-goal(46,31)",13,"biggrid50-goal(3,17)",0.9258502125740051,0.7101059441905466
constrained,17,"biggrid50-goal(46,31)",14,"biggrid50-goal(15,45)",0.9309523105621338,0.712870995094585
constrained,17,"biggrid50-goal(46,31)",15,"biggrid50-goal(3,24)",0.9510203003883362,0.713146969490167
constrained,17,"biggrid50-goal(46,31)",16,"biggrid50-goal(3,10)",0.7448978424072266,0.19957269688709084
constrained,17,"biggrid50-goal(46,31)",17,"biggrid50-goal(46,31)",0.76666659116745,0.27941148859611437
constrained,18,"biggrid50-goal(46,24)",0,"biggrid50-goal(40,31)",0.9425169229507446,0.833333074106007
constrained,18,"biggrid50-goal(46,24)",1,"biggrid50-goal(9,31)",0.9207481741905212,0.6365049249704064
constrained,18,"biggrid50-goal(46,24)",2,"biggrid50-goal(15,31)",0.9234693050384521,0.645109942306996
constrained,18,"biggrid50-goal(46,24)",3,"biggrid50-goal(9,24)",0.916666567325592,0.4999998211862149
constrained,18,"biggrid50-goal(46,24)",4,"biggrid50-goal(21,17)",0.8170067667961121,0.3447014407054244
constrained,18,"biggrid50-goal(46,24)",5,"biggrid50-goal(27,3)",0.8292515873908997,0.40023859118146393
constrained,18,"biggrid50-goal(46,24)",6,"biggrid50-goal(3,31)",0.9435373544692993,0.7777775692546395
constrained,18,"biggrid50-goal(46,24)",7,"biggrid50-goal(33,10)",0.9731290936470032,0.8957777672460528
constrained,18,"biggrid50-goal(46,24)",8,"biggrid50-goal(27,45)",0.6925169825553894,0.13076923595377635
constrained,18,"biggrid50-goal(46,24)",9,"biggrid50-goal(21,45)",0.9921767711639404,0.9735628852332483
constrained,18,"biggrid50-goal(46,24)",10,"biggrid50-goal(33,3)",0.9588434100151062,0.8438704335313181
constrained,18,"biggrid50-goal(46,24)",11,"biggrid50-goal(21,24)",0.8942175507545471,0.48509870753533474
constrained,18,"biggrid50-goal(46,24)",12,"biggrid50-goal(21,3)",0.9802719354629517,0.9364029512941167
constrained,18,"biggrid50-goal(46,24)",13,"biggrid50-goal(3,17)",0.9275509119033813,0.7167549534921223
constrained,18,"biggrid50-goal(46,24)",14,"biggrid50-goal(15,45)",0.8676870465278625,0.44978771953349606
constrained,18,"biggrid50-goal(46,24)",15,"biggrid50-goal(3,24)",0.951020359992981,0.7131473185689307
constrained,18,"biggrid50-goal(46,24)",16,"biggrid50-goal(3,10)",0.7119047045707703,0.0960509995840677
constrained,18,"biggrid50-goal(46,24)",17,"biggrid50-goal(46,31)",0.8465985059738159,0.5262600637408603
constrained,18,"biggrid50-goal(46,24)",18,"biggrid50-goal(46,24)",0.8255100250244141,0.42099252569724227
constrained,19,"biggrid50-goal(3,45)",0,"biggrid50-goal(40,31)",0.9149658679962158,0.7534513094177114
constrained,19,"biggrid50-goal(3,45)",1,"biggrid50-goal(9,31)",0.914965808391571,0.6099836244392259
constrained,19,"biggrid50-goal(3,45)",2,"biggrid50-goal(15,31)",0.9574829339981079,0.8028387954149637
constrained,19,"biggrid50-goal(3,45)",3,"biggrid50-goal(9,24)",0.9040815234184265,0.42448962075384317
constrained,19,"biggrid50-goal(3,45)",4,"biggrid50-goal(21,17)",0.807482898235321,0.31059647825665637
constrained,19,"biggrid50-goal(3,45)",5,"biggrid50-goal(27,3)",0.8078230619430542,0.3249699405678495
constrained,19,"biggrid50-goal(3,45)",6,"biggrid50-goal(3,31)",0.97278892993927,0.8929042365046497
constrained,19,"biggrid50-goal(3,45)",7,"biggrid50-goal(33,10)",0.9418365359306335,0.774405596507269
constrained,19,"biggrid50-goal(3,45)",8,"biggrid50-goal(27,45)",0.6891156435012817,0.12115391290487056
constrained,19,"biggrid50-goal(3,45)",9,"biggrid50-goal(21,45)",0.98061203956604,0.9344820730894012
constrained,19,"biggrid50-goal(3,45)",10,"biggrid50-goal(33,3)",0.9241495728492737,0.7122576405903905
constrained,19,"biggrid50-goal(3,45)",11,"biggrid50-goal(21,24)",0.9455781579017639,0.7350989976638849
constrained,19,"biggrid50-goal(3,45)",12,"biggrid50-goal(21,3)",0.9499997496604919,0.8388149861241371
constrained,19,"biggrid50-goal(3,45)",13,"biggrid50-goal(3,17)",0.8999999761581421,0.6090425407963431
constrained,19,"biggrid50-goal(3,45)",14,"biggrid50-goal(15,45)",0.8955780863761902,0.5657702612032507
constrained,19,"biggrid50-goal(3,45)",15,"biggrid50-goal(3,24)",0.9071427583694458,0.4561750811520856
constrained,19,"biggrid50-goal(3,45)",16,"biggrid50-goal(3,10)",0.7659863829612732,0.26574165367501623
constrained,19,"biggrid50-goal(3,45)",17,"biggrid50-goal(46,31)",0.8510203957557678,0.5399159006461337
constrained,19,"biggrid50-goal(3,45)",18,"biggrid50-goal(46,24)",0.9605440497398376,0.8690739103518796
constrained,19,"biggrid50-goal(3,45)",19,"biggrid50-goal(3,45)",0.6653061509132385,0.016000246734578255
constrained,20,"biggrid50-goal(21,10)",0,"biggrid50-goal(40,31)",0.916666567325592,0.7583823316184581
constrained,20,"biggrid50-goal(21,10)",1,"biggrid50-goal(9,31)",0.9125849604606628,0.5990636678522318
constrained,20,"biggrid50-goal(21,10)",2,"biggrid50-goal(15,31)",0.9438773989677429,0.7397468672115619
constrained,20,"biggrid50-goal(21,10)",3,"biggrid50-goal(9,24)",0.9153059720993042,0.49183625664069697
constrained,20,"biggrid50-goal(21,10)",4,"biggrid50-goal(21,17)",0.7843536138534546,0.22777053727738308
constrained,20,"biggrid50-goal(21,10)",5,"biggrid50-goal(27,3)",0.7795917987823486,0.2258063705687854
constrained,20,"biggrid50-goal(21,10)",6,"biggrid50-goal(3,31)",0.982312798500061,0.9303877302691692
constrained,20,"biggrid50-goal(21,10)",7,"biggrid50-goal(33,10)",0.9387754201889038,0.7625326692181696
constrained,20,"biggrid50-goal(21,10)",8,"biggrid50-goal(27,45)",0.6897959113121033,0.12307697751465171
constrained,20,"biggrid50-goal(21,10)",9,"biggrid50-goal(21,45)",0.947618842124939,0.8229878338755293
constrained,20,"biggrid50-goal(21,10)",10,"biggrid50-goal(33,3)",0.9360542297363281,0.7574185472499663
constrained,20,"biggrid50-goal(21,10)",11,"biggrid50-goal(21,24)",0.9387754201889038,0.7019863361058017
constrained,20,"biggrid50-goal(21,10)",12,"biggrid50-goal(21,3)",0.9530611038208008,0.848683824969098
constrained,20,"biggrid50-goal(21,10)",13,"biggrid50-goal(3,17)",0.9244896769523621,0.7047868299607859
constrained,20,"biggrid50-goal(21,10)",14,"biggrid50-goal(15,45)",0.9034013152122498,0.5983024998506639
constrained,20,"biggrid50-goal(21,10)",15,"biggrid50-goal(3,24)",0.9534012079238892,0.7270909207057116
constrained,20,"biggrid50-goal(21,10)",16,"biggrid50-goal(3,10)",0.7663264870643616,0.26680878933776997
constrained,20,"biggrid50-goal(21,10)",17,"biggrid50-goal(46,31)",0.8520406484603882,0.5430666812452624
constrained,20,"biggrid50-goal(21,10)",18,"biggrid50-goal(46,24)",0.9816324710845947,0.9390513035033693
constrained,20,"biggrid50-goal(21,10)",19,"biggrid50-goal(3,45)",0.7357141971588135,0.22299986839654243
constrained,20,"biggrid50-goal(21,10)",20,"biggrid50-goal(21,10)",0.7557823061943054,0.13493974886121918
constrained,21,"biggrid50-goal(40,3)",0,"biggrid50-goal(40,31)",0.9156461954116821,0.7554238565525841
constrained,21,"biggrid50-goal(40,3)",1,"biggrid50-goal(9,31)",0.9244896769523621,0.6536656378403943
constrained,21,"biggrid50-goal(40,3)",2,"biggrid50-goal(15,31)",0.9306122064590454,0.6782331838837704
constrained,21,"biggrid50-goal(40,3)",3,"biggrid50-goal(9,24)",0.9180271029472351,0.5081630281041626
constrained,21,"biggrid50-goal(40,3)",4,"biggrid50-goal(21,17)",0.7765305638313293,0.19975620407481987
constrained,21,"biggrid50-goal(40,3)",5,"biggrid50-goal(27,3)",0.811564564704895,0.33811213576164834
constrained,21,"biggrid50-goal(40,3)",6,"biggrid50-goal(3,31)",0.9676868915557861,0.872823927467103
constrained,21,"biggrid50-goal(40,3)",7,"biggrid50-goal(33,10)",0.9448978304862976,0.7862792173489875
constrained,21,"biggrid50-goal(40,3)",8,"biggrid50-goal(27,45)",0.6897958517074585,0.12307680901692021
constrained,21,"biggrid50-goal(40,3)",9,"biggrid50-goal(21,45)",0.9972788691520691,0.9908044555477515
constrained,21,"biggrid50-goal(40,3)",10,"biggrid50-goal(33,3)",0.9132652282714844,0.6709673393081479
constrained,21,"biggrid50-goal(40,3)",11,"biggrid50-goal(21,24)",0.927210807800293,0.6456950145470455
constrained,21,"biggrid50-goal(40,3)",12,"biggrid50-goal(21,3)",0.9442175626754761,0.8201750416621753
constrained,21,"biggrid50-goal(40,3)",13,"biggrid50-goal(3,17)",0.9255101680755615,0.7087765151762303
constrained,21,"biggrid50-goal(40,3)",14,"biggrid50-goal(15,45)",0.9061223268508911,0.6096175977272147
constrained,21,"biggrid50-goal(40,3)",15,"biggrid50-goal(3,24)",0.9605440497398376,0.7689234725098728
constrained,21,"biggrid50-goal(40,3)",16,"biggrid50-goal(3,10)",0.7469387054443359,0.20597625894329258
constrained,21,"biggrid50-goal(40,3)",17,"biggrid50-goal(46,31)",0.843197226524353,0.5157561118737877
constrained,21,"biggrid50-goal(40,3)",18,"biggrid50-goal(46,24)",0.9999999403953552,0.9999998022147987
constrained,21,"biggrid50-goal(40,3)",19,"biggrid50-goal(3,45)",0.8272107243537903,0.491999613776271
constrained,21,"biggrid50-goal(40,3)",20,"biggrid50-goal(21,10)",0.7615646123886108,0.15542165240661468
constrained,21,"biggrid50-goal(40,3)",21,"biggrid50-goal(40,3)",0.7840135097503662,0.4799342105263158
constrained,22,"biggrid50-goal(15,38)",0,"biggrid50-goal(40,31)",0.946598470211029,0.8451671471877205
constrained,22,"biggrid50-goal(15,38)",1,"biggrid50-goal(9,31)",0.9312924146652222,0.6848669588205222
constrained,22,"biggrid50-goal(15,38)",2,"biggrid50-goal(15,31)",0.898639440536499,0.5299682720263973
constrained,22,"biggrid50-goal(15,38)",3,"biggrid50-goal(9,24)",0.9119046330451965,0.47142823934582767
constrained,22,"biggrid50-goal(15,38)",4,"biggrid50-goal(21,17)",0.7948979735374451,0.26552987727387406
constrained,22,"biggrid50-goal(15,38)",5,"biggrid50-goal(27,3)",0.8153060078620911,0.35125412159147607
constrained,22,"biggrid50-goal(15,38)",6,"biggrid50-goal(3,31)",0.9564625024795532,0.8286476229261495
constrained,22,"biggrid50-goal(15,38)",7,"biggrid50-goal(33,10)",0.9465985894203186,0.7928758274949689
constrained,22,"biggrid50-goal(15,38)",8,"biggrid50-goal(27,45)",0.6870747804641724,0.11538455057779558
constrained,22,"biggrid50-goal(15,38)",9,"biggrid50-goal(21,45)",0.9877549409866333,0.9586201506761655
constrained,22,"biggrid50-goal(15,38)",10,"biggrid50-goal(33,3)",0.9180271029472351,0.6890317471946138
constrained,22,"biggrid50-goal(15,38)",11,"biggrid50-goal(21,24)",0.9289114475250244,0.6539729623401537
constrained,22,"biggrid50-goal(15,38)",12,"biggrid50-goal(21,3)",0.9340135455131531,0.7872805134002042
constrained,22,"biggrid50-goal(15,38)",13,"biggrid50-goal(3,17)",0.915306031703949,0.6688826923955262
constrained,22,"biggrid50-goal(15,38)",14,"biggrid50-goal(15,45)",0.9173468947410583,0.6562940185464395
constrained,22,"biggrid50-goal(15,38)",15,"biggrid50-goal(3,24)",0.9353740215301514,0.6215134449431229
constrained,22,"biggrid50-goal(15,38)",16,"biggrid50-goal(3,10)",0.7551019787788391,0.23158994610833988
constrained,22,"biggrid50-goal(15,38)",17,"biggrid50-goal(46,31)",0.8428570032119751,0.5147054221699945
constrained,22,"biggrid50-goal(15,38)",18,"biggrid50-goal(46,24)",0.9979590773582458,0.9932276369217502
constrained,22,"biggrid50-goal(15,38)",19,"biggrid50-goal(3,45)",0.9136053323745728,0.7459997192693222
constrained,22,"biggrid50-goal(15,38)",20,"biggrid50-goal(21,10)",0.7642857432365417,0.16506035670363195
constrained,22,"biggrid50-goal(15,38)",21,"biggrid50-goal(40,3)",0.8751698732376099,0.6994262078625884
constrained,22,"biggrid50-goal(15,38)",22,"biggrid50-goal(15,38)",0.837755024433136,0.0402408477977877
constrained,23,"biggrid50-goal(40,45)",0,"biggrid50-goal(40,31)",0.9673467874526978,0.9053249958912469
constrained,23,"biggrid50-goal(40,45)",1,"biggrid50-goal(9,31)",0.9295918345451355,0.6770671069933759
constrained,23,"biggrid50-goal(40,45)",2,"biggrid50-goal(15,31)",0.8993196487426758,0.533122550576391
constrained,23,"biggrid50-goal(40,45)",3,"biggrid50-goal(9,24)",0.9159863591194153,0.49591857535481126
constrained,23,"biggrid50-goal(40,45)",4,"biggrid50-goal(21,17)",0.7850340604782104,0.23020721586419488
constrained,23,"biggrid50-goal(40,45)",5,"biggrid50-goal(27,3)",0.8006801605224609,0.2998801809993403
constrained,23,"biggrid50-goal(40,45)",6,"biggrid50-goal(3,31)",0.9585033059120178,0.836679699623462
constrained,23,"biggrid50-goal(40,45)",7,"biggrid50-goal(33,10)",0.9588433504104614,0.8403686925723982
constrained,23,"biggrid50-goal(40,45)",8,"biggrid50-goal(27,45)",0.6884353160858154,0.1192306797973579
constrained,23,"biggrid50-goal(40,45)",9,"biggrid50-goal(21,45)",0.9608842134475708,0.8678156347016438
constrained,23,"biggrid50-goal(40,45)",10,"biggrid50-goal(33,3)",0.915306031703949,0.6787092284023476
constrained,23,"biggrid50-goal(40,45)",11,"biggrid50-goal(21,24)",0.8789114356040955,0.4105954366260603
constrained,23,"biggrid50-goal(40,45)",12,"biggrid50-goal(21,3)",0.9499998688697815,0.8388153704172328
constrained,23,"biggrid50-goal(40,45)",13,"biggrid50-goal(3,17)",0.9030611515045166,0.6210104312989302
constrained,23,"biggrid50-goal(40,45)",14,"biggrid50-goal(15,45)",0.8955780863761902,0.5657702612032507
constrained,23,"biggrid50-goal(40,45)",15,"biggrid50-goal(3,24)",0.9561223983764648,0.743027762583155
constrained,23,"biggrid50-goal(40,45)",16,"biggrid50-goal(3,10)",0.7636054158210754,0.2582709559560608
constrained,23,"biggrid50-goal(40,45)",17,"biggrid50-goal(46,31)",0.8404760956764221,0.5073526190484079
constrained,23,"biggrid50-goal(40,45)",18,"biggrid50-goal(46,24)",0.9928569793701172,0.9762974214743304
constrained,23,"biggrid50-goal(40,45)",19,"biggrid50-goal(3,45)",0.9659862518310547,0.8999995969534588
constrained,23,"biggrid50-goal(40,45)",20,"biggrid50-goal(21,10)",0.7625849843025208,0.1590359817795067
constrained,23,"biggrid50-goal(40,45)",21,"biggrid50-goal(40,3)",0.9350338578224182,0.8435704567373932
constrained,23,"biggrid50-goal(40,45)",22,"biggrid50-goal(15,38)",0.9384353160858154,0.6358144920504853
constrained,23,"biggrid50-goal(40,45)",23,"biggrid50-goal(40,45)",0.7013604640960693,0.34330567190736966
constrained,24,"biggrid50-goal(15,17)",0,"biggrid50-goal(40,31)",0.9493196606636047,0.8530569900907762
constrained,24,"biggrid50-goal(15,17)",1,"biggrid50-goal(9,31)",0.9170066714286804,0.6193442121004186
constrained,24,"biggrid50-goal(15,17)",2,"biggrid50-goal(15,31)",0.9224488735198975,0.6403779716816987
constrained,24,"biggrid50-goal(15,17)",3,"biggrid50-goal(9,24)",0.9044216275215149,0.42653024366954495
constrained,24,"biggrid50-goal(15,17)",4,"biggrid50-goal(21,17)",0.7986393570899963,0.2789277675063702
constrained,24,"biggrid50-goal(15,17)",5,"biggrid50-goal(27,3)",0.7935373783111572,0.27479084015877325
constrained,24,"biggrid50-goal(15,17)",6,"biggrid50-goal(3,31)",0.9557822346687317,0.8259702640270452
constrained,24,"biggrid50-goal(15,17)",7,"biggrid50-goal(33,10)",0.946938693523407,0.7941949645767999
constrained,24,"biggrid50-goal(15,17)",8,"biggrid50-goal(27,45)",0.6959183812141418,0.14038472750041367
constrained,24,"biggrid50-goal(15,17)",9,"biggrid50-goal(21,45)",0.9632651805877686,0.8758616605638986
constrained,24,"biggrid50-goal(15,17)",10,"biggrid50-goal(33,3)",0.8904760479927063,0.5845154530267962
constrained,24,"biggrid50-goal(15,17)",11,"biggrid50-goal(21,24)",0.8857142329216003,0.4437083883126936
constrained,24,"biggrid50-goal(15,17)",12,"biggrid50-goal(21,3)",0.9261904358863831,0.7620612789927524
constrained,24,"biggrid50-goal(15,17)",13,"biggrid50-goal(3,17)",0.9343536496162415,0.7433507576696752
constrained,24,"biggrid50-goal(15,17)",14,"biggrid50-goal(15,45)",0.8880952000617981,0.5346533082861633
constrained,24,"biggrid50-goal(15,17)",15,"biggrid50-goal(3,24)",0.9578230381011963,0.7529876778687206
constrained,24,"biggrid50-goal(15,17)",16,"biggrid50-goal(3,10)",0.7517006397247314,0.22091765438120345
constrained,24,"biggrid50-goal(15,17)",17,"biggrid50-goal(46,31)",0.8489795327186584,0.5336132350088042
constrained,24,"biggrid50-goal(15,17)",18,"biggrid50-goal(46,24)",0.992516815662384,0.9751686613304219
constrained,24,"biggrid50-goal(15,17)",19,"biggrid50-goal(3,45)",0.9472787380218506,0.8449995154679625
constrained,24,"biggrid50-goal(15,17)",20,"biggrid50-goal(21,10)",0.7639455795288086,0.16385543949286646
constrained,24,"biggrid50-goal(15,17)",21,"biggrid50-goal(40,3)",0.9632651209831238,0.9115474591255626
constrained,24,"biggrid50-goal(15,17)",22,"biggrid50-goal(15,38)",0.9353740811347961,0.6177057755801179
constrained,24,"biggrid50-goal(15,17)",23,"biggrid50-goal(40,45)",0.8632652163505554,0.6993266259814686
constrained,24,"biggrid50-goal(15,17)",24,"biggrid50-goal(15,17)",0.8782312870025635,0.4121509633756129
constrained,25,"biggrid50-goal(15,24)",0,"biggrid50-goal(40,31)",0.9571426510810852,0.8757390355049843
constrained,25,"biggrid50-goal(15,24)",1,"biggrid50-goal(9,31)",0.9112244248390198,0.592823458332536
constrained,25,"biggrid50-goal(15,24)",2,"biggrid50-goal(15,31)",0.9017006158828735,0.5441636311019825
constrained,25,"biggrid50-goal(15,24)",3,"biggrid50-goal(9,24)",0.8928571343421936,0.3571433424945596
constrained,25,"biggrid50-goal(15,24)",4,"biggrid50-goal(21,17)",0.78231281042099,0.22046242251443202
constrained,25,"biggrid50-goal(15,24)",5,"biggrid50-goal(27,3)",0.7962585091590881,0.28434893353133583
constrained,25,"biggrid50-goal(15,24)",6,"biggrid50-goal(3,31)",0.9527209401130676,0.8139217970982806
constrained,25,"biggrid50-goal(15,24)",7,"biggrid50-goal(33,10)",0.9496597647666931,0.8047489859682746
constrained,25,"biggrid50-goal(15,24)",8,"biggrid50-goal(27,45)",0.6823129653930664,0.10192326680705897
constrained,25,"biggrid50-goal(15,24)",9,"biggrid50-goal(21,45)",0.9656460881233215,0.8839074850035863
constrained,25,"biggrid50-goal(15,24)",10,"biggrid50-goal(33,3)",0.8999999761581421,0.6206449471392613
constrained,25,"biggrid50-goal(15,24)",11,"biggrid50-goal(21,24)",0.8785713911056519,0.40894025324740885
constrained,25,"biggrid50-goal(15,24)",12,"biggrid50-goal(21,3)",0.9384352564811707,0.8015347129071178
constrained,25,"biggrid50-goal(15,24)",13,"biggrid50-goal(3,17)",0.9125849604606628,0.6582444639360047
constrained,25,"biggrid50-goal(15,24)",14,"biggrid50-goal(15,45)",0.8846938014030457,0.5205088782534532
constrained,25,"biggrid50-goal(15,24)",15,"biggrid50-goal(3,24)",0.9663264155387878,0.8027883015328398
constrained,25,"biggrid50-goal(15,24)",16,"biggrid50-goal(3,10)",0.7455781102180481,0.20170715523251811
constrained,25,"biggrid50-goal(15,24)",17,"biggrid50-goal(46,31)",0.8408162593841553,0.5084031246790224
constrained,25,"biggrid50-goal(15,24)",18,"biggrid50-goal(46,24)",0.9551018476486206,0.8510151325457527
constrained,25,"biggrid50-goal(15,24)",19,"biggrid50-goal(3,45)",0.8863945007324219,0.6659998874974438
constrained,25,"biggrid50-goal(15,24)",20,"biggrid50-goal(21,10)",0.7731292247772217,0.19638545949740574
constrained,25,"biggrid50-goal(15,24)",21,"biggrid50-goal(40,3)",0.9802717566490173,0.9524971009001562
constrained,25,"biggrid50-goal(15,24)",22,"biggrid50-goal(15,38)",0.9829930663108826,0.8993955886646254
constrained,25,"biggrid50-goal(15,24)",23,"biggrid50-goal(40,45)",0.788095235824585,0.5340313655772397
constrained,25,"biggrid50-goal(15,24)",24,"biggrid50-goal(15,17)",0.9632652401924133,0.8226597569116733
constrained,25,"biggrid50-goal(15,24)",25,"biggrid50-goal(15,24)",0.9146258234977722,0.5334570420140476
constrained,26,"biggrid50-goal(21,38)",0,"biggrid50-goal(40,31)",0.9581630825996399,0.8786976833890758
constrained,26,"biggrid50-goal(21,38)",1,"biggrid50-goal(9,31)",0.8806122541427612,0.4524181973760829
constrained,26,"biggrid50-goal(21,38)",2,"biggrid50-goal(15,31)",0.9187074303627014,0.6230280576559664
constrained,26,"biggrid50-goal(21,38)",3,"biggrid50-goal(9,24)",0.8887754678726196,0.3326533641131462
constrained,26,"biggrid50-goal(21,38)",4,"biggrid50-goal(21,17)",0.7690476775169373,0.17295999672149762
constrained,26,"biggrid50-goal(21,38)",5,"biggrid50-goal(27,3)",0.7952380776405334,0.2807646223461285
constrained,26,"biggrid50-goal(21,38)",6,"biggrid50-goal(3,31)",0.9224488735198975,0.6947787396168184
constrained,26,"biggrid50-goal(21,38)",7,"biggrid50-goal(33,10)",0.928571343421936,0.7229548578159335
constrained,26,"biggrid50-goal(21,38)",8,"biggrid50-goal(27,45)",0.6829931735992432,0.10384616291910861
constrained,26,"biggrid50-goal(21,38)",9,"biggrid50-goal(21,45)",0.9517005085945129,0.8367810498426185
constrained,26,"biggrid50-goal(21,38)",10,"biggrid50-goal(33,3)",0.935033917427063,0.7535479418726332
constrained,26,"biggrid50-goal(21,38)",11,"biggrid50-goal(21,24)",0.8863945007324219,0.4470196254556469
constrained,26,"biggrid50-goal(21,38)",12,"biggrid50-goal(21,3)",0.9418366551399231,0.8124997478076559
constrained,26,"biggrid50-goal(21,38)",13,"biggrid50-goal(3,17)",0.9234693050384521,0.70079761080284
constrained,26,"biggrid50-goal(21,38)",14,"biggrid50-goal(15,45)",0.9221087098121643,0.6760956257260775
constrained,26,"biggrid50-goal(21,38)",15,"biggrid50-goal(3,24)",0.9520406126976013,0.7191224997669899
constrained,26,"biggrid50-goal(21,38)",16,"biggrid50-goal(3,10)",0.7479591369628906,0.20917803997139342
constrained,26,"biggrid50-goal(21,38)",17,"biggrid50-goal(46,31)",0.841496467590332,0.510503767793894
constrained,26,"biggrid50-goal(21,38)",18,"biggrid50-goal(46,24)",0.9911563396453857,0.9706542141103919
constrained,26,"biggrid50-goal(21,38)",19,"biggrid50-goal(3,45)",0.9476189017295837,0.8459995966029835
constrained,26,"biggrid50-goal(21,38)",20,"biggrid50-goal(21,10)",0.7598639130592346,0.14939748861219168
constrained,26,"biggrid50-goal(21,38)",21,"biggrid50-goal(40,3)",0.9649658203125,0.9156425094148986
constrained,26,"biggrid50-goal(21,38)",22,"biggrid50-goal(15,38)",0.9840134382247925,0.9054315924274756
constrained,26,"biggrid50-goal(21,38)",23,"biggrid50-goal(40,45)",0.859863817691803,0.6918471099153066
constrained,26,"biggrid50-goal(21,38)",24,"biggrid50-goal(15,17)",0.9714285135269165,0.862068667848346
constrained,26,"biggrid50-goal(21,38)",25,"biggrid50-goal(15,24)",0.9363943934440613,0.6524154136195506
constrained,26,"biggrid50-goal(21,38)",26,"biggrid50-goal(21,38)",0.8636053800582886,0.28520472660585305
constrained,27,"biggrid50-goal(33,17)",0,"biggrid50-goal(40,31)",0.9459182620048523,0.8431949456892829
constrained,27,"biggrid50-goal(33,17)",1,"biggrid50-goal(9,31)",0.9061224460601807,0.5694228093245013
constrained,27,"biggrid50-goal(33,17)",2,"biggrid50-goal(15,31)",0.9214285612106323,0.6356465538567081
constrained,27,"biggrid50-goal(33,17)",3,"biggrid50-goal(9,24)",0.8942176103591919,0.36530619178493706
constrained,27,"biggrid50-goal(33,17)",4,"biggrid50-goal(21,17)",0.797619104385376,0.275274243735307
constrained,27,"biggrid50-goal(33,17)",5,"biggrid50-goal(27,3)",0.8013604283332825,0.30226965200148814
constrained,27,"biggrid50-goal(33,17)",6,"biggrid50-goal(3,31)",0.9425168633460999,0.7737611790231874
constrained,27,"biggrid50-goal(33,17)",7,"biggrid50-goal(33,10)",0.9139454960823059,0.6662266460604477
constrained,27,"biggrid50-goal(33,17)",8,"biggrid50-goal(27,45)",0.6833333373069763,0.10480777947286496
constrained,27,"biggrid50-goal(33,17)",9,"biggrid50-goal(21,45)",0.9605440497398376,0.8666661161116501
constrained,27,"biggrid50-goal(33,17)",10,"biggrid50-goal(33,3)",0.9265304803848267,0.7212897314770346
constrained,27,"biggrid50-goal(33,17)",11,"biggrid50-goal(21,24)",0.8697277903556824,0.36589359013191564
constrained,27,"biggrid50-goal(33,17)",12,"biggrid50-goal(21,3)",0.9482991695404053,0.8333328529669637
constrained,27,"biggrid50-goal(33,17)",13,"biggrid50-goal(3,17)",0.9384353160858154,0.7593083333877068
constrained,27,"biggrid50-goal(33,17)",14,"biggrid50-goal(15,45)",0.9272108674049377,0.6973125186360413
constrained,27,"biggrid50-goal(33,17)",15,"biggrid50-goal(3,24)",0.9397957921028137,0.6474098530273681
constrained,27,"biggrid50-goal(33,17)",16,"biggrid50-goal(3,10)",0.7948979139328003,0.35645660090547565
constrained,27,"biggrid50-goal(33,17)",17,"biggrid50-goal(46,31)",0.8452379703521729,0.5220584093647598
constrained,27,"biggrid50-goal(33,17)",18,"biggrid50-goal(46,24)",0.9465985894203186,0.8227988979408583
constrained,27,"biggrid50-goal(33,17)",19,"biggrid50-goal(3,45)",0.9574827551841736,0.874999320954197
constrained,27,"biggrid50-goal(33,17)",20,"biggrid50-goal(21,10)",0.7639455795288086,0.16385543949286646
constrained,27,"biggrid50-goal(33,17)",21,"biggrid50-goal(40,3)",0.975169837474823,0.9402123805915312
constrained,27,"biggrid50-goal(33,17)",22,"biggrid50-goal(15,38)",0.9608842730522156,0.768611158515
constrained,27,"biggrid50-goal(33,17)",23,"biggrid50-goal(40,45)",0.8503400087356567,0.6709047008521243
constrained,27,"biggrid50-goal(33,17)",24,"biggrid50-goal(15,17)",0.9578230381011963,0.7963870537050252
constrained,27,"biggrid50-goal(33,17)",25,"biggrid50-goal(15,24)",0.923129141330719,0.5799249930621514
constrained,27,"biggrid50-goal(33,17)",26,"biggrid50-goal(21,38)",0.869387686252594,0.3155077190462699
constrained,27,"biggrid50-goal(33,17)",27,"biggrid50-goal(33,17)",0.9095237255096436,0.6641412096439092
constrained,28,"biggrid50-goal(27,17)",0,"biggrid50-goal(40,31)",0.9517005085945129,0.8599600409717431
constrained,28,"biggrid50-goal(27,17)",1,"biggrid50-goal(9,31)",0.915306031703949,0.6115440868916233
constrained,28,"biggrid50-goal(27,17)",2,"biggrid50-goal(15,31)",0.918367326259613,0.6214509183809696
constrained,28,"biggrid50-goal(27,17)",3,"biggrid50-goal(9,24)",0.9034013152122498,0.42040837492243954
constrained,28,"biggrid50-goal(27,17)",4,"biggrid50-goal(21,17)",0.7802721261978149,0.21315473463981083
constrained,28,"biggrid50-goal(27,17)",5,"biggrid50-goal(27,3)",0.7999998927116394,0.2974907099971924
constrained,28,"biggrid50-goal(27,17)",6,"biggrid50-goal(3,31)",0.9241496324539185,0.7014724887473747
constrained,28,"biggrid50-goal(27,17)",7,"biggrid50-goal(33,10)",0.9513604044914246,0.811345133745843
constrained,28,"biggrid50-goal(27,17)",8,"biggrid50-goal(27,45)",0.6819728016853333,0.10096165025330264
constrained,28,"biggrid50-goal(27,17)",9,"biggrid50-goal(21,45)",0.9857141375541687,0.9517236434039044
constrained,28,"biggrid50-goal(27,17)",10,"biggrid50-goal(33,3)",0.9292516112327576,0.7316124763824786
constrained,28,"biggrid50-goal(27,17)",11,"biggrid50-goal(21,24)",0.8935374021530151,0.48178805064948177
constrained,28,"biggrid50-goal(27,17)",12,"biggrid50-goal(21,3)",0.9421766996383667,0.8135959438632332
constrained,28,"biggrid50-goal(27,17)",13,"biggrid50-goal(3,17)",0.9360542893409729,0.7499995339425015
constrained,28,"biggrid50-goal(27,17)",14,"biggrid50-goal(15,45)",0.9027210474014282,0.5954736634163015
constrained,28,"biggrid50-goal(27,17)",15,"biggrid50-goal(3,24)",0.9346936941146851,0.6175290599343801
constrained,28,"biggrid50-goal(27,17)",16,"biggrid50-goal(3,10)",0.7547618746757507,0.23052281044558617
constrained,28,"biggrid50-goal(27,17)",17,"biggrid50-goal(46,31)",0.8421767950057983,0.5126047790551229
constrained,28,"biggrid50-goal(27,17)",18,"biggrid50-goal(46,24)",0.9408162236213684,0.8036113599908228
constrained,28,"biggrid50-goal(27,17)",19,"biggrid50-goal(3,45)",0.947618842124939,0.845999421365357
constrained,28,"biggrid50-goal(27,17)",20,"biggrid50-goal(21,10)",0.7632653117179871,0.1614458162010377
constrained,28,"biggrid50-goal(27,17)",21,"biggrid50-goal(40,3)",0.9568025469779968,0.8959864689537981
constrained,28,"biggrid50-goal(27,17)",22,"biggrid50-goal(15,38)",0.914965808391571,0.4969807640503951
constrained,28,"biggrid50-goal(27,17)",23,"biggrid50-goal(40,45)",0.8510202169418335,0.6724004467839758
constrained,28,"biggrid50-goal(27,17)",24,"biggrid50-goal(15,17)",0.9619047045707703,0.816091653046661
constrained,28,"biggrid50-goal(27,17)",25,"biggrid50-goal(15,24)",0.92482990026474,0.5892191044247188
constrained,28,"biggrid50-goal(27,17)",26,"biggrid50-goal(21,38)",0.881292462348938,0.37789637989021563
constrained,28,"biggrid50-goal(27,17)",27,"biggrid50-goal(33,17)",0.9806120991706848,0.9280297850817045
constrained,28,"biggrid50-goal(27,17)",28,"biggrid50-goal(27,17)",0.7826530337333679,0.18286431114679605
constrained,29,"biggrid50-goal(3,3)",0,"biggrid50-goal(40,31)",0.9496597051620483,0.8540429180217776
constrained,29,"biggrid50-goal(3,3)",1,"biggrid50-goal(9,31)",0.9435372948646545,0.7410291178794333
constrained,29,"biggrid50-goal(3,3)",2,"biggrid50-goal(15,31)",0.9605441689491272,0.8170344308907023
constrained,29,"biggrid50-goal(3,3)",3,"biggrid50-goal(9,24)",0.9146258234977722,0.4877553684368635
constrained,29,"biggrid50-goal(3,3)",4,"biggrid50-goal(21,17)",0.7782313227653503,0.2058466198768598
constrained,29,"biggrid50-goal(3,3)",5,"biggrid50-goal(27,3)",0.8272107839584351,0.3930701781750203
constrained,29,"biggrid50-goal(3,3)",6,"biggrid50-goal(3,31)",0.9367346167564392,0.7510037456750672
constrained,29,"biggrid50-goal(3,3)",7,"biggrid50-goal(33,10)",0.9568025469779968,0.8324531765287922
constrained,29,"biggrid50-goal(3,3)",8,"biggrid50-goal(27,45)",0.6755101680755615,0.08269228371378436
constrained,29,"biggrid50-goal(3,3)",9,"biggrid50-goal(21,45)",0.9537413716316223,0.8436777585374465
constrained,29,"biggrid50-goal(3,3)",10,"biggrid50-goal(33,3)",0.9136053323745728,0.6722575411005923
constrained,29,"biggrid50-goal(3,3)",11,"biggrid50-goal(21,24)",0.8863945007324219,0.4470196254556469
constrained,29,"biggrid50-goal(3,3)",12,"biggrid50-goal(21,3)",0.9411563873291016,0.8103067792568579
constrained,29,"biggrid50-goal(3,3)",13,"biggrid50-goal(3,17)",0.9418366551399231,0.7726061189621086
constrained,29,"biggrid50-goal(3,3)",14,"biggrid50-goal(15,45)",0.87312912940979,0.4724181631474963
constrained,29,"biggrid50-goal(3,3)",15,"biggrid50-goal(3,24)",0.9833332300186157,0.9023898979398418
constrained,29,"biggrid50-goal(3,3)",16,"biggrid50-goal(3,10)",0.7537413835525513,0.22732084239756545
constrained,29,"biggrid50-goal(3,3)",17,"biggrid50-goal(46,31)",0.837755024433136,0.49894931029620687
constrained,29,"biggrid50-goal(3,3)",18,"biggrid50-goal(46,24)",0.9411563873291016,0.8047401201347313
constrained,29,"biggrid50-goal(3,3)",19,"biggrid50-goal(3,45)",0.9717684388160706,0.9169992238725517
constrained,29,"biggrid50-goal(3,3)",20,"biggrid50-goal(21,10)",0.7595238089561462,0.14819278253112844
constrained,29,"biggrid50-goal(3,3)",21,"biggrid50-goal(40,3)",0.9744895100593567,0.9385742456599614
constrained,29,"biggrid50-goal(3,3)",22,"biggrid50-goal(15,38)",0.9721086025238037,0.835008610269986
constrained,29,"biggrid50-goal(3,3)",23,"biggrid50-goal(40,45)",0.8568025827407837,0.6851155978828878
constrained,29,"biggrid50-goal(3,3)",24,"biggrid50-goal(15,17)",0.9605441689491272,0.8095235491816487
constrained,29,"biggrid50-goal(3,3)",25,"biggrid50-goal(15,24)",0.9523809552192688,0.7397769335100042
constrained,29,"biggrid50-goal(3,3)",26,"biggrid50-goal(21,38)",0.9017006158828735,0.48484819141323066
constrained,29,"biggrid50-goal(3,3)",27,"biggrid50-goal(33,17)",0.962584912776947,0.8611107054685194
constrained,29,"biggrid50-goal(3,3)",28,"biggrid50-goal(27,17)",0.7768706679344177,0.16112498098043904
constrained,29,"biggrid50-goal(3,3)",29,"biggrid50-goal(3,3)",0.6489795446395874,0.052341506477356366
constrained,30,"biggrid50-goal(9,10)",0,"biggrid50-goal(40,31)",0.9462583661079407,0.8441810464385017
constrained,30,"biggrid50-goal(9,10)",1,"biggrid50-goal(9,31)",0.9210883378982544,0.6380651140411548
constrained,30,"biggrid50-goal(9,10)",2,"biggrid50-goal(15,31)",0.9295918345451355,0.6735014896586264
constrained,30,"biggrid50-goal(9,10)",3,"biggrid50-goal(9,24)",0.9173468351364136,0.5040814246451888
constrained,30,"biggrid50-goal(9,10)",4,"biggrid50-goal(21,17)",0.8071428537368774,0.30937877929574525
constrained,30,"biggrid50-goal(9,10)",5,"biggrid50-goal(27,3)",0.7887755036354065,0.2580645431437382
constrained,30,"biggrid50-goal(9,10)",6,"biggrid50-goal(3,31)",0.9568026065826416,0.8299861850814363
constrained,30,"biggrid50-goal(9,10)",7,"biggrid50-goal(33,10)",0.9700679779052734,0.8839048399569535
constrained,30,"biggrid50-goal(9,10)",8,"biggrid50-goal(27,45)",0.6877551674842834,0.11730795218303976
constrained,30,"biggrid50-goal(9,10)",9,"biggrid50-goal(21,45)",0.9486393332481384,0.8264363896455104
constrained,30,"biggrid50-goal(9,10)",10,"biggrid50-goal(33,3)",0.9346937537193298,0.752257513967011
constrained,30,"biggrid50-goal(9,10)",11,"biggrid50-goal(21,24)",0.8812924027442932,0.4221849116906719
constrained,30,"biggrid50-goal(9,10)",12,"biggrid50-goal(21,3)",0.9346936345100403,0.7894729055113586
constrained,30,"biggrid50-goal(9,10)",13,"biggrid50-goal(3,17)",0.9465985894203186,0.7912232517950205
constrained,30,"biggrid50-goal(9,10)",14,"biggrid50-goal(15,45)",0.8901360034942627,0.5431398175892503
constrained,30,"biggrid50-goal(9,10)",15,"biggrid50-goal(3,24)",0.9717686176300049,0.8346609380514354
constrained,30,"biggrid50-goal(9,10)",16,"biggrid50-goal(3,10)",0.746258556842804,0.20384217463770501
constrained,30,"biggrid50-goal(9,10)",17,"biggrid50-goal(46,31)",0.8493196368217468,0.53466355656624
constrained,30,"biggrid50-goal(9,10)",18,"biggrid50-goal(46,24)",0.9826527833938599,0.9424369905794908
constrained,30,"biggrid50-goal(9,10)",19,"biggrid50-goal(3,45)",0.942857027053833,0.8319996873760741
constrained,30,"biggrid50-goal(9,10)",20,"biggrid50-goal(21,10)",0.7608843445777893,0.15301202911478595
constrained,30,"biggrid50-goal(9,10)",21,"biggrid50-goal(40,3)",0.9823126196861267,0.9574112186552769
constrained,30,"biggrid50-goal(9,10)",22,"biggrid50-goal(15,38)",0.9568026065826416,0.7444660856908737
constrained,30,"biggrid50-goal(9,10)",23,"biggrid50-goal(40,45)",0.895237922668457,0.7696331071015426
constrained,30,"biggrid50-goal(9,10)",24,"biggrid50-goal(15,17)",0.9479590654373169,0.7487678690637877
constrained,30,"biggrid50-goal(9,10)",25,"biggrid50-goal(15,24)",0.9408162236213684,0.6765793214328057
constrained,30,"biggrid50-goal(9,10)",26,"biggrid50-goal(21,38)",0.9030611515045166,0.4919782705325569
constrained,30,"biggrid50-goal(9,10)",27,"biggrid50-goal(33,17)",0.9850338697433472,0.944443928172055
constrained,30,"biggrid50-goal(9,10)",28,"biggrid50-goal(27,17)",0.7857142090797424,0.1943730782960535
constrained,30,"biggrid50-goal(9,10)",29,"biggrid50-goal(3,3)",0.6884353756904602,0.1588613768819542
constrained,30,"biggrid50-goal(9,10)",30,"biggrid50-goal(9,10)",0.8183672428131104,0.11148108936500749
constrained,31,"biggrid50-goal(46,17)",0,"biggrid50-goal(40,31)",0.9649658799171448,0.8984217721920625
constrained,31,"biggrid50-goal(46,17)",1,"biggrid50-goal(9,31)",0.9221088886260986,0.6427459546350491
constrained,31,"biggrid50-goal(46,17)",2,"biggrid50-goal(15,31)",0.9397957921028137,0.7208195375106794
constrained,31,"biggrid50-goal(46,17)",3,"biggrid50-goal(9,24)",0.9013604521751404,0.4081632069179477
constrained,31,"biggrid50-goal(46,17)",4,"biggrid50-goal(21,17)",0.7891156673431396,0.24482344539009696
constrained,31,"biggrid50-goal(46,17)",5,"biggrid50-goal(27,3)",0.8051019310951233,0.315411847195287
constrained,31,"biggrid50-goal(46,17)",6,"biggrid50-goal(3,31)",0.9476190209388733,0.7938419572377952
constrained,31,"biggrid50-goal(46,17)",7,"biggrid50-goal(33,10)",0.9221087694168091,0.697888941419078
constrained,31,"biggrid50-goal(46,17)",8,"biggrid50-goal(27,45)",0.684353768825531,0.10769246063640245
constrained,31,"biggrid50-goal(46,17)",9,"biggrid50-goal(21,45)",0.9884351491928101,0.9609187850110188
constrained,31,"biggrid50-goal(46,17)",10,"biggrid50-goal(33,3)",0.9499998688697815,0.810322021343275
constrained,31,"biggrid50-goal(46,17)",11,"biggrid50-goal(21,24)",0.8622447848320007,0.3294696914308792
constrained,31,"biggrid50-goal(46,17)",12,"biggrid50-goal(21,3)",0.9462583661079407,0.8267539473145694
constrained,31,"biggrid50-goal(46,17)",13,"biggrid50-goal(3,17)",0.9568025469779968,0.8311163754894769
constrained,31,"biggrid50-goal(46,17)",14,"biggrid50-goal(15,45)",0.9227890372276306,0.6789247100213384
constrained,31,"biggrid50-goal(46,17)",15,"biggrid50-goal(3,24)",0.9462584257125854,0.685258717980314
constrained,31,"biggrid50-goal(46,17)",16,"biggrid50-goal(3,10)",0.7642857432365417,0.26040560132140794
constrained,31,"biggrid50-goal(46,17)",17,"biggrid50-goal(46,31)",0.8227890729904175,0.4527309280859224
constrained,31,"biggrid50-goal(46,17)",18,"biggrid50-goal(46,24)",0.9707481265068054,0.9029339456763166
constrained,31,"biggrid50-goal(46,17)",19,"biggrid50-goal(3,45)",0.9394555687904358,0.8219994017387428
constrained,31,"biggrid50-goal(46,17)",20,"biggrid50-goal(21,10)",0.7585033774375916,0.14457824202853417
constrained,31,"biggrid50-goal(46,17)",21,"biggrid50-goal(40,3)",0.9782311916351318,0.9475837007440067
constrained,31,"biggrid50-goal(46,17)",22,"biggrid50-goal(15,38)",0.9591835737228394,0.7585506821223716
constrained,31,"biggrid50-goal(46,17)",23,"biggrid50-goal(40,45)",0.8329930901527405,0.6327596407588407
constrained,31,"biggrid50-goal(46,17)",24,"biggrid50-goal(15,17)",0.9431972503662109,0.7257797932828434
constrained,31,"biggrid50-goal(46,17)",25,"biggrid50-goal(15,24)",0.9146257638931274,0.533456716293456
constrained,31,"biggrid50-goal(46,17)",26,"biggrid50-goal(21,38)",0.9231292009353638,0.5971477184590208
constrained,31,"biggrid50-goal(46,17)",27,"biggrid50-goal(33,17)",0.9775508642196655,0.916666113517678
constrained,31,"biggrid50-goal(46,17)",28,"biggrid50-goal(27,17)",0.7867345809936523,0.1982092593161115
constrained,31,"biggrid50-goal(46,17)",29,"biggrid50-goal(3,3)",0.7299318909645081,0.27089053230728927
constrained,31,"biggrid50-goal(46,17)",30,"biggrid50-goal(9,10)",0.992516815662384,0.963393437952946
constrained,31,"biggrid50-goal(46,17)",31,"biggrid50-goal(46,17)",0.7938775420188904,0.2319393095948924
constrained,32,"biggrid50-goal(40,10)",0,"biggrid50-goal(40,31)",0.9646256566047668,0.8974353258064087
constrained,32,"biggrid50-goal(40,10)",1,"biggrid50-goal(9,31)",0.9401359558105469,0.7254285940801938
constrained,32,"biggrid50-goal(40,10)",2,"biggrid50-goal(15,31)",0.9129250645637512,0.5962139259794861
constrained,32,"biggrid50-goal(40,10)",3,"biggrid50-goal(9,24)",0.9387754201889038,0.6326528276717909
constrained,32,"biggrid50-goal(40,10)",4,"biggrid50-goal(21,17)",0.8136054873466492,0.33252146287800427
constrained,32,"biggrid50-goal(40,10)",5,"biggrid50-goal(27,3)",0.8370748162269592,0.42771803111609213
constrained,32,"biggrid50-goal(40,10)",6,"biggrid50-goal(3,31)",0.94931960105896,0.8005350026027598
constrained,32,"biggrid50-goal(40,10)",7,"biggrid50-goal(33,10)",0.9751699566841125,0.9036935144738653
constrained,32,"biggrid50-goal(40,10)",8,"biggrid50-goal(27,45)",0.6914966106414795,0.12788472328797038
constrained,32,"biggrid50-goal(40,10)",9,"biggrid50-goal(21,45)",0.9789113998413086,0.9287350844071338
constrained,32,"biggrid50-goal(40,10)",10,"biggrid50-goal(33,3)",0.9343536496162415,0.7509673121745666
constrained,32,"biggrid50-goal(40,10)",11,"biggrid50-goal(21,24)",0.9006801843643188,0.5165558955862164
constrained,32,"biggrid50-goal(40,10)",12,"biggrid50-goal(21,3)",0.94931960105896,0.8366224018664347
constrained,32,"biggrid50-goal(40,10)",13,"biggrid50-goal(3,17)",0.9442176222801208,0.7819146853785646
constrained,32,"biggrid50-goal(40,10)",14,"biggrid50-goal(15,45)",0.8938774466514587,0.558698294047794
constrained,32,"biggrid50-goal(40,10)",15,"biggrid50-goal(3,24)",0.9782311320304871,0.872509104846854
constrained,32,"biggrid50-goal(40,10)",16,"biggrid50-goal(3,10)",0.7547618746757507,0.23052281044558617
constrained,32,"biggrid50-goal(40,10)",17,"biggrid50-goal(46,31)",0.8602039813995361,0.5682769756482229
constrained,32,"biggrid50-goal(40,10)",18,"biggrid50-goal(46,24)",0.9959182143211365,0.9864554716287018
constrained,32,"biggrid50-goal(40,10)",19,"biggrid50-goal(3,45)",0.9564623236656189,0.8719992527867602
constrained,32,"biggrid50-goal(40,10)",20,"biggrid50-goal(21,10)",0.7693876624107361,0.18313221469779423
constrained,32,"biggrid50-goal(40,10)",21,"biggrid50-goal(40,3)",0.9367344975471497,0.8476653635069349
constrained,32,"biggrid50-goal(40,10)",22,"biggrid50-goal(15,38)",0.9758502840995789,0.8571425045519486
constrained,32,"biggrid50-goal(40,10)",23,"biggrid50-goal(40,45)",0.886054277420044,0.7494387020721035
constrained,32,"biggrid50-goal(40,10)",24,"biggrid50-goal(15,17)",0.9527209997177124,0.7717565203379296
constrained,32,"biggrid50-goal(40,10)",25,"biggrid50-goal(15,24)",0.9095237255096436,0.5055756850881205
constrained,32,"biggrid50-goal(40,10)",26,"biggrid50-goal(21,38)",0.8982992768287659,0.4670229936149151
constrained,32,"biggrid50-goal(40,10)",27,"biggrid50-goal(33,17)",0.9833332300186157,0.9381309493939478
constrained,32,"biggrid50-goal(40,10)",28,"biggrid50-goal(27,17)",0.8074829578399658,0.2762146692747648
constrained,32,"biggrid50-goal(40,10)",29,"biggrid50-goal(3,3)",0.7302720546722412,0.27180888057417446
constrained,32,"biggrid50-goal(40,10)",30,"biggrid50-goal(9,10)",0.972108781337738,0.8635605404779698
constrained,32,"biggrid50-goal(40,10)",31,"biggrid50-goal(46,17)",0.8530610799789429,0.4524710724675277
constrained,32,"biggrid50-goal(40,10)",32,"biggrid50-goal(40,10)",0.6901360154151917,0.06275724504818495
constrained,33,"biggrid50-goal(46,38)",0,"biggrid50-goal(40,31)",0.9557821154594421,0.871794286871674
constrained,33,"biggrid50-goal(46,38)",1,"biggrid50-goal(9,31)",0.9448978304862976,0.747269327399129
constrained,33,"biggrid50-goal(46,38)",2,"biggrid50-goal(15,31)",0.9438773989677429,0.7397468672115619
constrained,33,"biggrid50-goal(46,38)",3,"biggrid50-goal(9,24)",0.9551019072532654,0.7306116683147337
constrained,33,"biggrid50-goal(46,38)",4,"biggrid50-goal(21,17)",0.7935373783111572,0.2606575873210751
constrained,33,"biggrid50-goal(46,38)",5,"biggrid50-goal(27,3)",0.8146257996559143,0.3488648599532993
constrained,33,"biggrid50-goal(46,38)",6,"biggrid50-goal(3,31)",0.9537413716316223,0.8179379527412022
constrained,33,"biggrid50-goal(46,38)",7,"biggrid50-goal(33,10)",0.9292515516281128,0.7255931319795956
constrained,33,"biggrid50-goal(46,38)",8,"biggrid50-goal(27,45)",0.6853742003440857,0.11057714179993995
constrained,33,"biggrid50-goal(46,38)",9,"biggrid50-goal(21,45)",0.9510202407836914,0.8344822140851981
constrained,33,"biggrid50-goal(46,38)",10,"biggrid50-goal(33,3)",0.935714066028595,0.7561281193443441
constrained,33,"biggrid50-goal(46,38)",11,"biggrid50-goal(21,24)",0.9071427583694458,0.5480127935085478
constrained,33,"biggrid50-goal(46,38)",12,"biggrid50-goal(21,3)",0.9880951046943665,0.9616223778481162
constrained,33,"biggrid50-goal(46,38)",13,"biggrid50-goal(3,17)",0.914965808391571,0.6675525642949622
constrained,33,"biggrid50-goal(46,38)",14,"biggrid50-goal(15,45)",0.8863945007324219,0.5275810932698083
constrained,33,"biggrid50-goal(46,38)",15,"biggrid50-goal(3,24)",0.9734691977500916,0.8446205042582373
constrained,33,"biggrid50-goal(46,38)",16,"biggrid50-goal(3,10)",0.7517006397247314,0.22091765438120345
constrained,33,"biggrid50-goal(46,38)",17,"biggrid50-goal(46,31)",0.8499999642372131,0.536764567827469
constrained,33,"biggrid50-goal(46,38)",18,"biggrid50-goal(46,24)",0.987074613571167,0.9571098835242949
constrained,33,"biggrid50-goal(46,38)",19,"biggrid50-goal(3,45)",0.9666665196418762,0.9019995839858744
constrained,33,"biggrid50-goal(46,38)",20,"biggrid50-goal(21,10)",0.7731292247772217,0.19638545949740574
constrained,33,"biggrid50-goal(46,38)",21,"biggrid50-goal(40,3)",0.933333158493042,0.8394754064480573
constrained,33,"biggrid50-goal(46,38)",22,"biggrid50-goal(15,38)",0.9656461477279663,0.7967799987870873
constrained,33,"biggrid50-goal(46,38)",23,"biggrid50-goal(40,45)",0.8734692335128784,0.7217647809765024
constrained,33,"biggrid50-goal(46,38)",24,"biggrid50-goal(15,17)",0.9578229784965515,0.7963867659584264
constrained,33,"biggrid50-goal(46,38)",25,"biggrid50-goal(15,24)",0.9149659276008606,0.5353156037100878
constrained,33,"biggrid50-goal(46,38)",26,"biggrid50-goal(21,38)",0.9030610918998718,0.491977958165996
constrained,33,"biggrid50-goal(46,38)",27,"biggrid50-goal(33,17)",0.9812923669815063,0.9305550208448665
constrained,33,"biggrid50-goal(46,38)",28,"biggrid50-goal(27,17)",0.7836734652519226,0.1867007162559375
constrained,33,"biggrid50-goal(46,38)",29,"biggrid50-goal(3,3)",0.7129250764846802,0.2249768200336701
constrained,33,"biggrid50-goal(46,38)",30,"biggrid50-goal(9,10)",0.9904760718345642,0.9534104397820057
constrained,33,"biggrid50-goal(46,38)",31,"biggrid50-goal(46,17)",0.911224365234375,0.6692011341360652
constrained,33,"biggrid50-goal(46,38)",32,"biggrid50-goal(40,10)",0.7054421901702881,0.10905369158250032
constrained,33,"biggrid50-goal(46,38)",33,"biggrid50-goal(46,38)",0.7836734056472778,0.4175822112586349
constrained,34,"biggrid50-goal(27,31)",0,"biggrid50-goal(40,31)",0.9557821154594421,0.871794286871674
constrained,34,"biggrid50-goal(27,31)",1,"biggrid50-goal(9,31)",0.9411563873291016,0.7301088879107901
constrained,34,"biggrid50-goal(27,31)",2,"biggrid50-goal(15,31)",0.9071428179740906,0.5694003471033126
constrained,34,"biggrid50-goal(27,31)",3,"biggrid50-goal(9,24)",0.9751699566841125,0.8510198644233882
constrained,34,"biggrid50-goal(27,31)",4,"biggrid50-goal(21,17)",0.7809523940086365,0.21559077289412784
constrained,34,"biggrid50-goal(27,31)",5,"biggrid50-goal(27,3)",0.7795917391777039,0.22580616120481428
constrained,34,"biggrid50-goal(27,31)",6,"biggrid50-goal(3,31)",0.9357141852378845,0.7469875900321457
constrained,34,"biggrid50-goal(27,31)",7,"biggrid50-goal(33,10)",0.9319726228713989,0.7361471533710703
constrained,34,"biggrid50-goal(27,31)",8,"biggrid50-goal(27,45)",0.684353768825531,0.10769246063640245
constrained,34,"biggrid50-goal(27,31)",9,"biggrid50-goal(21,45)",0.9534012675285339,0.8425284413700199
constrained,34,"biggrid50-goal(27,31)",10,"biggrid50-goal(33,3)",0.9119046330451965,0.665805853798837
constrained,34,"biggrid50-goal(27,31)",11,"biggrid50-goal(21,24)",0.896938681602478,0.4983439462356981
constrained,34,"biggrid50-goal(27,31)",12,"biggrid50-goal(21,3)",0.9455780386924744,0.8245607866172235
constrained,34,"biggrid50-goal(27,31)",13,"biggrid50-goal(3,17)",0.9149658679962158,0.6675527973237114
constrained,34,"biggrid50-goal(27,31)",14,"biggrid50-goal(15,45)",0.8772108554840088,0.48939167747546736
constrained,34,"biggrid50-goal(27,31)",15,"biggrid50-goal(3,24)",0.9649658203125,0.7948198805941181
constrained,34,"biggrid50-goal(27,31)",16,"biggrid50-goal(3,10)",0.7625849843025208,0.25506917492795994
constrained,34,"biggrid50-goal(27,31)",17,"biggrid50-goal(46,31)",0.855782151222229,0.5546213228161282
constrained,34,"biggrid50-goal(27,31)",18,"biggrid50-goal(46,24)",0.9636052250862122,0.8792317627210496
constrained,34,"biggrid50-goal(27,31)",19,"biggrid50-goal(3,45)",0.9564623236656189,0.8719992527867602
constrained,34,"biggrid50-goal(27,31)",20,"biggrid50-goal(21,10)",0.7642857432365417,0.16506035670363195
constrained,34,"biggrid50-goal(27,31)",21,"biggrid50-goal(40,3)",0.9108842015266418,0.7854214028198769
constrained,34,"biggrid50-goal(27,31)",22,"biggrid50-goal(15,38)",0.9367344975471497,0.62575331047604
constrained,34,"biggrid50-goal(27,31)",23,"biggrid50-goal(40,45)",0.9081631302833557,0.7980550322308869
constrained,34,"biggrid50-goal(27,31)",24,"biggrid50-goal(15,17)",0.95714271068573,0.7931027140259203
constrained,34,"biggrid50-goal(27,31)",25,"biggrid50-goal(15,24)",0.9479590654373169,0.7156126999761573
constrained,34,"biggrid50-goal(27,31)",26,"biggrid50-goal(21,38)",0.8877550959587097,0.4117647242568565
constrained,34,"biggrid50-goal(27,31)",27,"biggrid50-goal(33,17)",0.9540815353393555,0.8295451477991972
constrained,34,"biggrid50-goal(27,31)",28,"biggrid50-goal(27,17)",0.7969387769699097,0.23657286222935922
constrained,34,"biggrid50-goal(27,31)",29,"biggrid50-goal(3,3)",0.7047618627548218,0.20293839262180305
constrained,34,"biggrid50-goal(27,31)",30,"biggrid50-goal(9,10)",0.9802719950675964,0.9034936994679602
constrained,34,"biggrid50-goal(27,31)",31,"biggrid50-goal(46,17)",0.9163264036178589,0.6882125274683295
constrained,34,"biggrid50-goal(27,31)",32,"biggrid50-goal(40,10)",0.6857143044471741,0.04938293639847738
constrained,34,"biggrid50-goal(27,31)",33,"biggrid50-goal(46,38)",0.936394453048706,0.8287542864625533
constrained,34,"biggrid50-goal(27,31)",34,"biggrid50-goal(27,31)",0.9190475344657898,0.5576202983861196
constrained,35,"biggrid50-goal(21,31)",0,"biggrid50-goal(40,31)",0.9482991695404053,0.8500981693884672
constrained,35,"biggrid50-goal(21,31)",1,"biggrid50-goal(9,31)",0.93265300989151,0.691107441721867
constrained,35,"biggrid50-goal(21,31)",2,"biggrid50-goal(15,31)",0.8877550959587097,0.4794951164238906
constrained,35,"biggrid50-goal(21,31)",3,"biggrid50-goal(9,24)",0.9442175626754761,0.6653056553435818
constrained,35,"biggrid50-goal(21,31)",4,"biggrid50-goal(21,17)",0.7806122899055481,0.2143728604890518
constrained,35,"biggrid50-goal(21,31)",5,"biggrid50-goal(27,3)",0.8023808002471924,0.3058537538227244
constrained,35,"biggrid50-goal(21,31)",6,"biggrid50-goal(3,31)",0.9210883378982544,0.6894240218186101
constrained,35,"biggrid50-goal(21,31)",7,"biggrid50-goal(33,10)",0.926870584487915,0.7163582476699522
constrained,35,"biggrid50-goal(21,31)",8,"biggrid50-goal(27,45)",0.680272102355957,0.09615390447998398
constrained,35,"biggrid50-goal(21,31)",9,"biggrid50-goal(21,45)",0.945237934589386,0.8149420094358416
constrained,35,"biggrid50-goal(21,31)",10,"biggrid50-goal(33,3)",0.9309521913528442,0.7380637114578783
constrained,35,"biggrid50-goal(21,31)",11,"biggrid50-goal(21,24)",0.910544216632843,0.5645695594804145
constrained,35,"biggrid50-goal(21,31)",12,"biggrid50-goal(21,3)",0.9476189017295837,0.8311398844161656
constrained,35,"biggrid50-goal(21,31)",13,"biggrid50-goal(3,17)",0.9095237851142883,0.6462765734334176
constrained,35,"biggrid50-goal(21,31)",14,"biggrid50-goal(15,45)",0.9003400206565857,0.5855723641046855
constrained,35,"biggrid50-goal(21,31)",15,"biggrid50-goal(3,24)",0.983333170413971,0.9023895488610781
constrained,35,"biggrid50-goal(21,31)",16,"biggrid50-goal(3,10)",0.7578230500221252,0.24012777949004904
constrained,35,"biggrid50-goal(21,31)",17,"biggrid50-goal(46,31)",0.8425168395042419,0.5136549165393801
constrained,35,"biggrid50-goal(21,31)",18,"biggrid50-goal(46,24)",0.9687073230743408,0.8961619781684694
constrained,35,"biggrid50-goal(21,31)",19,"biggrid50-goal(3,45)",0.9629249572753906,0.8909993924511486
constrained,35,"biggrid50-goal(21,31)",20,"biggrid50-goal(21,10)",0.7574830651283264,0.14096412378534443
constrained,35,"biggrid50-goal(21,31)",21,"biggrid50-goal(40,3)",0.9707481265068054,0.9295655081748875
constrained,35,"biggrid50-goal(21,31)",22,"biggrid50-goal(15,38)",0.9534012675285339,0.7243454854965256
constrained,35,"biggrid50-goal(21,31)",23,"biggrid50-goal(40,45)",0.8530610203742981,0.6768880777829827
constrained,35,"biggrid50-goal(21,31)",24,"biggrid50-goal(15,17)",0.9431971311569214,0.7257792177896457
constrained,35,"biggrid50-goal(21,31)",25,"biggrid50-goal(15,24)",0.9071428179740906,0.4925647760540644
constrained,35,"biggrid50-goal(21,31)",26,"biggrid50-goal(21,38)",0.877210795879364,0.3565058301656761
constrained,35,"biggrid50-goal(21,31)",27,"biggrid50-goal(33,17)",0.9670066833496094,0.8775248485588699
constrained,35,"biggrid50-goal(21,31)",28,"biggrid50-goal(27,17)",0.7843537926673889,0.18925846905475416
constrained,35,"biggrid50-goal(21,31)",29,"biggrid50-goal(3,3)",0.7537413835525513,0.3351696007574643
constrained,35,"biggrid50-goal(21,31)",30,"biggrid50-goal(9,10)",0.976190447807312,0.8835274115495224
constrained,35,"biggrid50-goal(21,31)",31,"biggrid50-goal(46,17)",0.9649659395217896,0.869454862210819
constrained,35,"biggrid50-goal(21,31)",32,"biggrid50-goal(40,10)",0.6925169825553894,0.06995893454081432
constrained,35,"biggrid50-goal(21,31)",33,"biggrid50-goal(46,38)",0.9431971311569214,0.8470691901532479
constrained,35,"biggrid50-goal(21,31)",34,"biggrid50-goal(27,31)",0.9465985894203186,0.708178127471405
constrained,35,"biggrid50-goal(21,31)",35,"biggrid50-goal(21,31)",0.8717686533927917,0.4313723987256022
constrained,36,"biggrid50-goal(46,10)",0,"biggrid50-goal(40,31)",0.929251492023468,0.79487117006747
constrained,36,"biggrid50-goal(46,10)",1,"biggrid50-goal(9,31)",0.9105440974235535,0.5897030801910391
constrained,36,"biggrid50-goal(46,10)",2,"biggrid50-goal(15,31)",0.9129250645637512,0.5962139259794861
constrained,36,"biggrid50-goal(46,10)",3,"biggrid50-goal(9,24)",0.9829931259155273,0.8979588406429428
constrained,36,"biggrid50-goal(46,10)",4,"biggrid50-goal(21,17)",0.7707482576370239,0.17904977219104276
constrained,36,"biggrid50-goal(46,10)",5,"biggrid50-goal(27,3)",0.7986393570899963,0.2927117679928967
constrained,36,"biggrid50-goal(46,10)",6,"biggrid50-goal(3,31)",0.9173468351364136,0.6746984305792718
constrained,36,"biggrid50-goal(46,10)",7,"biggrid50-goal(33,10)",0.9370747208595276,0.7559362902563949
constrained,36,"biggrid50-goal(46,10)",8,"biggrid50-goal(27,45)",0.680272102355957,0.09615390447998398
constrained,36,"biggrid50-goal(46,10)",9,"biggrid50-goal(21,45)",0.9972788691520691,0.9908044555477515
constrained,36,"biggrid50-goal(46,10)",10,"biggrid50-goal(33,3)",0.9380950331687927,0.765160436344166
constrained,36,"biggrid50-goal(46,10)",11,"biggrid50-goal(21,24)",0.9030611515045166,0.528145370650828
constrained,36,"biggrid50-goal(46,10)",12,"biggrid50-goal(21,3)",0.9877550005912781,0.9605259896459911
constrained,36,"biggrid50-goal(46,10)",13,"biggrid50-goal(3,17)",0.88979572057724,0.5691482519581406
constrained,36,"biggrid50-goal(46,10)",14,"biggrid50-goal(15,45)",0.8867345452308655,0.5289951396956417
constrained,36,"biggrid50-goal(46,10)",15,"biggrid50-goal(3,24)",0.9867345094680786,0.9223097285109731
constrained,36,"biggrid50-goal(46,10)",16,"biggrid50-goal(3,10)",0.7462584376335144,0.20384180059786527
constrained,36,"biggrid50-goal(46,10)",17,"biggrid50-goal(46,31)",0.8513604402542114,0.5409660381303908
constrained,36,"biggrid50-goal(46,10)",18,"biggrid50-goal(46,24)",0.9578229784965515,0.8600446203414168
constrained,36,"biggrid50-goal(46,10)",19,"biggrid50-goal(3,45)",0.9499999284744263,0.8529998140728782
constrained,36,"biggrid50-goal(46,10)",20,"biggrid50-goal(21,10)",0.765986442565918,0.17108452049805498
constrained,36,"biggrid50-goal(46,10)",21,"biggrid50-goal(40,3)",0.9802719354629517,0.9524975314595389
constrained,36,"biggrid50-goal(46,10)",22,"biggrid50-goal(15,38)",0.9612244367599487,0.770623394829889
constrained,36,"biggrid50-goal(46,10)",23,"biggrid50-goal(40,45)",0.8292515277862549,0.6245321206589356
constrained,36,"biggrid50-goal(46,10)",24,"biggrid50-goal(15,17)",0.9551019072532654,0.7832505582284017
constrained,36,"biggrid50-goal(46,10)",25,"biggrid50-goal(15,24)",0.9292516708374023,0.6133826865173824
constrained,36,"biggrid50-goal(46,10)",26,"biggrid50-goal(21,38)",0.8738094568252563,0.33868063236736057
constrained,36,"biggrid50-goal(46,10)",27,"biggrid50-goal(33,17)",0.9496597051620483,0.8131307834492513
constrained,36,"biggrid50-goal(46,10)",28,"biggrid50-goal(27,17)",0.7789115309715271,0.16879779119872199
constrained,36,"biggrid50-goal(46,10)",29,"biggrid50-goal(3,3)",0.726190447807312,0.2607896668682409
constrained,36,"biggrid50-goal(46,10)",30,"biggrid50-goal(9,10)",0.9986393451690674,0.9933438903485535
constrained,36,"biggrid50-goal(46,10)",31,"biggrid50-goal(46,17)",0.9829930663108826,0.9366281706570055
constrained,36,"biggrid50-goal(46,10)",32,"biggrid50-goal(40,10)",0.6928570866584778,0.07098764430511971
constrained,36,"biggrid50-goal(46,10)",33,"biggrid50-goal(46,38)",0.9632651805877686,0.90109855722593
constrained,36,"biggrid50-goal(46,10)",34,"biggrid50-goal(27,31)",0.9673469066619873,0.821561139709379
constrained,36,"biggrid50-goal(46,10)",35,"biggrid50-goal(21,31)",0.8710883259773254,0.4283555626978031
constrained,36,"biggrid50-goal(46,10)",36,"biggrid50-goal(46,10)",0.6503400802612305,0.1702984754182155
constrained,37,"biggrid50-goal(9,17)",0,"biggrid50-goal(40,31)",0.9448978304862976,0.8402362978051914
constrained,37,"biggrid50-goal(9,17)",1,"biggrid50-goal(9,31)",0.936394453048706,0.7082678812102059
constrained,37,"biggrid50-goal(9,17)",2,"biggrid50-goal(15,31)",0.9238095879554749,0.6466879107824529
constrained,37,"biggrid50-goal(9,17)",3,"biggrid50-goal(9,24)",0.9687073230743408,0.8122440951217811
constrained,37,"biggrid50-goal(9,17)",4,"biggrid50-goal(21,17)",0.7741497159004211,0.1912303903509577
constrained,37,"biggrid50-goal(9,17)",5,"biggrid50-goal(27,3)",0.8146257400512695,0.3488646505893282
constrained,37,"biggrid50-goal(9,17)",6,"biggrid50-goal(3,31)",0.9306120276451111,0.726906811817538
constrained,37,"biggrid50-goal(9,17)",7,"biggrid50-goal(33,10)",0.9241495132446289,0.7058042262784776
constrained,37,"biggrid50-goal(9,17)",8,"biggrid50-goal(27,45)",0.6874150037765503,0.11634633562928343
constrained,37,"biggrid50-goal(9,17)",9,"biggrid50-goal(21,45)",0.992857038974762,0.9758617209906687
constrained,37,"biggrid50-goal(9,17)",10,"biggrid50-goal(33,3)",0.9826529622077942,0.9341931513031807
constrained,37,"biggrid50-goal(9,17)",11,"biggrid50-goal(21,24)",0.8874149918556213,0.45198691636290206
constrained,37,"biggrid50-goal(9,17)",12,"biggrid50-goal(21,3)",0.9585033059120178,0.8662277655220305
constrained,37,"biggrid50-goal(9,17)",13,"biggrid50-goal(3,17)",0.895578145980835,0.5917550700064969
constrained,37,"biggrid50-goal(9,17)",14,"biggrid50-goal(15,45)",0.8914965391159058,0.5487974904579751
constrained,37,"biggrid50-goal(9,17)",15,"biggrid50-goal(3,24)",0.9901359677314758,0.9422306063183954
constrained,37,"biggrid50-goal(9,17)",16,"biggrid50-goal(3,10)",0.7442176342010498,0.19743842556158342
constrained,37,"biggrid50-goal(9,17)",17,"biggrid50-goal(46,31)",0.8823127746582031,0.6365541353696245
constrained,37,"biggrid50-goal(9,17)",18,"biggrid50-goal(46,24)",0.9734691977500916,0.9119632356867794
constrained,37,"biggrid50-goal(9,17)",19,"biggrid50-goal(3,45)",0.9897957444190979,0.9699994935632591
constrained,37,"biggrid50-goal(9,17)",20,"biggrid50-goal(21,10)",0.7605442404747009,0.15180732303372269
constrained,37,"biggrid50-goal(9,17)",21,"biggrid50-goal(40,3)",0.9846936464309692,0.9631444038761826
constrained,37,"biggrid50-goal(9,17)",22,"biggrid50-goal(15,38)",0.9782311916351318,0.871226748392538
constrained,37,"biggrid50-goal(9,17)",23,"biggrid50-goal(40,45)",0.8789113759994507,0.7337317969738538
constrained,37,"biggrid50-goal(9,17)",24,"biggrid50-goal(15,17)",0.9517005681991577,0.7668302985658709
constrained,37,"biggrid50-goal(9,17)",25,"biggrid50-goal(15,24)",0.9173468351364136,0.5483265127441439
constrained,37,"biggrid50-goal(9,17)",26,"biggrid50-goal(21,38)",0.8846937417984009,0.3957212653219703
constrained,37,"biggrid50-goal(9,17)",27,"biggrid50-goal(33,17)",0.9758501648902893,0.9103529134799754
constrained,37,"biggrid50-goal(9,17)",28,"biggrid50-goal(27,17)",0.769727885723114,0.1342710415727827
constrained,37,"biggrid50-goal(9,17)",29,"biggrid50-goal(3,3)",0.7323129177093506,0.277318648343256
constrained,37,"biggrid50-goal(9,17)",30,"biggrid50-goal(9,10)",0.9914963841438293,0.9584016472909185
constrained,37,"biggrid50-goal(9,17)",31,"biggrid50-goal(46,17)",0.9741495251655579,0.9036750592676267
constrained,37,"biggrid50-goal(9,17)",32,"biggrid50-goal(40,10)",0.7044217586517334,0.10596720171833833
constrained,37,"biggrid50-goal(9,17)",33,"biggrid50-goal(46,38)",0.9568025469779968,0.8836991580086904
constrained,37,"biggrid50-goal(9,17)",34,"biggrid50-goal(27,31)",0.9258502721786499,0.5947951152334309
constrained,37,"biggrid50-goal(9,17)",35,"biggrid50-goal(21,31)",0.8761903643608093,0.45097998273526113
constrained,37,"biggrid50-goal(9,17)",36,"biggrid50-goal(46,10)",0.7054421305656433,0.30104910642936933
constrained,37,"biggrid50-goal(9,17)",37,"biggrid50-goal(9,17)",0.8258503079414368,0.11265167013294977
constrained,38,"biggrid50-goal(33,24)",0,"biggrid50-goal(40,31)",0.9312923550605774,0.800788465835653
constrained,38,"biggrid50-goal(33,24)",1,"biggrid50-goal(9,31)",0.9170067310333252,0.6193444854820676
constrained,38,"biggrid50-goal(33,24)",2,"biggrid50-goal(15,31)",0.8863945007324219,0.47318573012344306
constrained,38,"biggrid50-goal(33,24)",3,"biggrid50-goal(9,24)",0.9710882306098938,0.8265295284144045
constrained,38,"biggrid50-goal(33,24)",4,"biggrid50-goal(21,17)",0.7891156077384949,0.24482323194593203
constrained,38,"biggrid50-goal(33,24)",5,"biggrid50-goal(27,3)",0.8166666030883789,0.35603327295974285
constrained,38,"biggrid50-goal(33,24)",6,"biggrid50-goal(3,31)",0.9418366551399231,0.7710840547126138
constrained,38,"biggrid50-goal(33,24)",7,"biggrid50-goal(33,10)",0.9530611038208008,0.8179415127076178
constrained,38,"biggrid50-goal(33,24)",8,"biggrid50-goal(27,45)",0.6877550482749939,0.11730761518757674
constrained,38,"biggrid50-goal(33,24)",9,"biggrid50-goal(21,45)",0.9891155362129211,0.9632180236135732
constrained,38,"biggrid50-goal(33,24)",10,"biggrid50-goal(33,3)",0.9455781579017639,0.7935480413624314
constrained,38,"biggrid50-goal(33,24)",11,"biggrid50-goal(21,24)",0.879591703414917,0.4139066737690136
constrained,38,"biggrid50-goal(33,24)",12,"biggrid50-goal(21,3)",0.9544216394424438,0.8530697620706942
constrained,38,"biggrid50-goal(33,24)",13,"biggrid50-goal(3,17)",0.9319726228713989,0.73404195822447
constrained,38,"biggrid50-goal(33,24)",14,"biggrid50-goal(15,45)",0.8962584733963013,0.5685995933594099
constrained,38,"biggrid50-goal(33,24)",15,"biggrid50-goal(3,24)",0.983333170413971,0.9023895488610781
constrained,38,"biggrid50-goal(33,24)",16,"biggrid50-goal(3,10)",0.764285683631897,0.26040541430148806
constrained,38,"biggrid50-goal(33,24)",17,"biggrid50-goal(46,31)",0.8486393690109253,0.5325627293781897
constrained,38,"biggrid50-goal(33,24)",18,"biggrid50-goal(46,24)",0.9568026065826416,0.8566587354800939
constrained,38,"biggrid50-goal(33,24)",19,"biggrid50-goal(3,45)",0.9795916676521301,0.9399995128393981
constrained,38,"biggrid50-goal(33,24)",20,"biggrid50-goal(21,10)",0.7642857432365417,0.16506035670363195
constrained,38,"biggrid50-goal(33,24)",21,"biggrid50-goal(40,3)",0.9918365478515625,0.9803435289795168
constrained,38,"biggrid50-goal(33,24)",22,"biggrid50-goal(15,38)",0.9663264155387878,0.8008041188259569
constrained,38,"biggrid50-goal(33,24)",23,"biggrid50-goal(40,45)",0.8836733102798462,0.7442030670393537
constrained,38,"biggrid50-goal(33,24)",24,"biggrid50-goal(15,17)",0.9489795565605164,0.7536943785824451
constrained,38,"biggrid50-goal(33,24)",25,"biggrid50-goal(15,24)",0.9190475344657898,0.5576202983861196
constrained,38,"biggrid50-goal(33,24)",26,"biggrid50-goal(21,38)",0.8778911232948303,0.36007118209190014
constrained,38,"biggrid50-goal(33,24)",27,"biggrid50-goal(33,17)",0.9540815353393555,0.8295451477991972
constrained,38,"biggrid50-goal(33,24)",28,"biggrid50-goal(27,17)",0.7884352803230286,0.20460319313498612
constrained,38,"biggrid50-goal(33,24)",29,"biggrid50-goal(3,3)",0.764285683631897,0.3636363051214128
constrained,38,"biggrid50-goal(33,24)",30,"biggrid50-goal(9,10)",0.9884351491928101,0.9434265668813934
constrained,38,"biggrid50-goal(33,24)",31,"biggrid50-goal(46,17)",0.94931960105896,0.8111529302438801
constrained,38,"biggrid50-goal(33,24)",32,"biggrid50-goal(40,10)",0.7027210593223572,0.10082311203994264
constrained,38,"biggrid50-goal(33,24)",33,"biggrid50-goal(46,38)",0.9666665196418762,0.9102560090712772
constrained,38,"biggrid50-goal(33,24)",34,"biggrid50-goal(27,31)",0.9408162236213684,0.6765793214328057
constrained,38,"biggrid50-goal(33,24)",35,"biggrid50-goal(21,31)",0.8465985655784607,0.3197584522420637
constrained,38,"biggrid50-goal(33,24)",36,"biggrid50-goal(46,10)",0.8367345333099365,0.6125904086304618
constrained,38,"biggrid50-goal(33,24)",37,"biggrid50-goal(9,17)",0.8428571224212646,0.1993068243663505
constrained,38,"biggrid50-goal(33,24)",38,"biggrid50-goal(33,24)",0.8721086978912354,0.3954978016411483
constrained,39,"biggrid50-goal(40,17)",0,"biggrid50-goal(40,31)",0.9615644812583923,0.8885597277905692
constrained,39,"biggrid50-goal(40,17)",1,"biggrid50-goal(9,31)",0.9163264036178589,0.6162241073405706
constrained,39,"biggrid50-goal(40,17)",2,"biggrid50-goal(15,31)",0.8955782055854797,0.5157726365506587
constrained,39,"biggrid50-goal(40,17)",3,"biggrid50-goal(9,24)",0.9394558072090149,0.6367351463859052
constrained,39,"biggrid50-goal(40,17)",4,"biggrid50-goal(21,17)",0.7894557118415833,0.24604114435100807
constrained,39,"biggrid50-goal(40,17)",5,"biggrid50-goal(27,3)",0.8149659037590027,0.3500594907723877
constrained,39,"biggrid50-goal(40,17)",6,"biggrid50-goal(3,31)",0.9363945126533508,0.7496651835197804
constrained,39,"biggrid50-goal(40,17)",7,"biggrid50-goal(33,10)",0.9414964914321899,0.7730866906096443
constrained,39,"biggrid50-goal(40,17)",8,"biggrid50-goal(27,45)",0.6952380537986755,0.13846149439290098
constrained,39,"biggrid50-goal(40,17)",9,"biggrid50-goal(21,45)",0.9448978304862976,0.8137926922684149
constrained,39,"biggrid50-goal(40,17)",10,"biggrid50-goal(33,3)",0.9564625024795532,0.834838342644674
constrained,39,"biggrid50-goal(40,17)",11,"biggrid50-goal(21,24)",0.9387754201889038,0.7019863361058017
constrained,39,"biggrid50-goal(40,17)",12,"biggrid50-goal(21,3)",0.9874147772789001,0.9594292171507703
constrained,39,"biggrid50-goal(40,17)",13,"biggrid50-goal(3,17)",0.9431971311569214,0.7779250001631202
constrained,39,"biggrid50-goal(40,17)",14,"biggrid50-goal(15,45)",0.8904761075973511,0.5445541118759823
constrained,39,"biggrid50-goal(40,17)",15,"biggrid50-goal(3,24)",0.9833332300186157,0.9023898979398418
constrained,39,"biggrid50-goal(40,17)",16,"biggrid50-goal(3,10)",0.7428570985794067,0.19316950887072884
constrained,39,"biggrid50-goal(40,17)",17,"biggrid50-goal(46,31)",0.8673468232154846,0.59033575315934
constrained,39,"biggrid50-goal(40,17)",18,"biggrid50-goal(46,24)",0.9690473675727844,0.8972903427419754
constrained,39,"biggrid50-goal(40,17)",19,"biggrid50-goal(3,45)",0.9649658203125,0.8969995287860221
constrained,39,"biggrid50-goal(40,17)",20,"biggrid50-goal(21,10)",0.7530612945556641,0.1253014668236064
constrained,39,"biggrid50-goal(40,17)",21,"biggrid50-goal(40,3)",0.9503400325775146,0.8804256223018279
constrained,39,"biggrid50-goal(40,17)",22,"biggrid50-goal(15,38)",0.9639453887939453,0.7867191698035505
constrained,39,"biggrid50-goal(40,17)",23,"biggrid50-goal(40,45)",0.7999998927116394,0.5602091475375371
constrained,39,"biggrid50-goal(40,17)",24,"biggrid50-goal(15,17)",0.9564625024795532,0.7898189498400129
constrained,39,"biggrid50-goal(40,17)",25,"biggrid50-goal(15,24)",0.916666567325592,0.5446090636314719
constrained,39,"biggrid50-goal(40,17)",26,"biggrid50-goal(21,38)",0.8846938610076904,0.39572189005509206
constrained,39,"biggrid50-goal(40,17)",27,"biggrid50-goal(33,17)",0.9632651209831238,0.8636357199720859
constrained,39,"biggrid50-goal(40,17)",28,"biggrid50-goal(27,17)",0.8241495490074158,0.3388742347077688
constrained,39,"biggrid50-goal(40,17)",29,"biggrid50-goal(3,3)",0.7234693765640259,0.2534435243976186
constrained,39,"biggrid50-goal(40,17)",30,"biggrid50-goal(9,10)",0.9782311320304871,0.8935101181439052
constrained,39,"biggrid50-goal(40,17)",31,"biggrid50-goal(46,17)",0.9591835141181946,0.8479081870391684
constrained,39,"biggrid50-goal(40,17)",32,"biggrid50-goal(40,10)",0.7040815949440002,0.10493831166841003
constrained,39,"biggrid50-goal(40,17)",33,"biggrid50-goal(46,38)",0.944557785987854,0.8507324918394932
constrained,39,"biggrid50-goal(40,17)",34,"biggrid50-goal(27,31)",0.9510204195976257,0.7323420352846602
constrained,39,"biggrid50-goal(40,17)",35,"biggrid50-goal(21,31)",0.8755101561546326,0.4479636753277578
constrained,39,"biggrid50-goal(40,17)",36,"biggrid50-goal(46,10)",0.8064624667167664,0.5407583844643541
constrained,39,"biggrid50-goal(40,17)",37,"biggrid50-goal(9,17)",0.8384352922439575,0.176776186635049
constrained,39,"biggrid50-goal(40,17)",38,"biggrid50-goal(33,24)",0.8493196964263916,0.2877813169642983
constrained,39,"biggrid50-goal(40,17)",39,"biggrid50-goal(40,17)",0.798299252986908,0.15527052121211515
constrained,40,"biggrid50-goal(40,38)",0,"biggrid50-goal(40,31)",0.9360542297363281,0.8145950860522392
constrained,40,"biggrid50-goal(40,38)",1,"biggrid50-goal(9,31)",0.893197238445282,0.5101402721240934
constrained,40,"biggrid50-goal(40,38)",2,"biggrid50-goal(15,31)",0.8721087574958801,0.4069395233700476
constrained,40,"biggrid50-goal(40,38)",3,"biggrid50-goal(9,24)",0.9496596455574036,0.6979581253878024
constrained,40,"biggrid50-goal(40,38)",4,"biggrid50-goal(21,17)",0.7904762029647827,0.24969552189873098
constrained,40,"biggrid50-goal(40,38)",5,"biggrid50-goal(27,3)",0.8108842968940735,0.33572266475950047
constrained,40,"biggrid50-goal(40,38)",6,"biggrid50-goal(3,31)",0.9329930543899536,0.7362779198471984
constrained,40,"biggrid50-goal(40,38)",7,"biggrid50-goal(33,10)",0.9455781579017639,0.7889179538810627
constrained,40,"biggrid50-goal(40,38)",8,"biggrid50-goal(27,45)",0.6782312989234924,0.0903847106506405
constrained,40,"biggrid50-goal(40,38)",9,"biggrid50-goal(21,45)",0.9551019072532654,0.8482754300522873
constrained,40,"biggrid50-goal(40,38)",10,"biggrid50-goal(33,3)",0.9340134263038635,0.7496766581557667
constrained,40,"biggrid50-goal(40,38)",11,"biggrid50-goal(21,24)",0.8999998569488525,0.5132443683147129
constrained,40,"biggrid50-goal(40,38)",12,"biggrid50-goal(21,3)",0.9421767592430115,0.813596136009781
constrained,40,"biggrid50-goal(40,38)",13,"biggrid50-goal(3,17)",0.9227889776229858,0.6981378206592104
constrained,40,"biggrid50-goal(40,38)",14,"biggrid50-goal(15,45)",0.9006801843643188,0.586986906252316
constrained,40,"biggrid50-goal(40,38)",15,"biggrid50-goal(3,24)",0.9850338697433472,0.9123498132254075
constrained,40,"biggrid50-goal(40,38)",16,"biggrid50-goal(3,10)",0.764285683631897,0.26040541430148806
constrained,40,"biggrid50-goal(40,38)",17,"biggrid50-goal(46,31)",0.8636053800582886,0.5787812956616529
constrained,40,"biggrid50-goal(40,38)",18,"biggrid50-goal(46,24)",0.9653059840202332,0.8848753656553909
constrained,40,"biggrid50-goal(40,38)",19,"biggrid50-goal(3,45)",0.9870746731758118,0.9619995454335966
constrained,40,"biggrid50-goal(40,38)",20,"biggrid50-goal(21,10)",0.7581632733345032,0.14337353594747093
constrained,40,"biggrid50-goal(40,38)",21,"biggrid50-goal(40,3)",0.9775508046150208,0.9459454222926426
constrained,40,"biggrid50-goal(40,38)",22,"biggrid50-goal(15,38)",0.9775508642196655,0.8672022757627599
constrained,40,"biggrid50-goal(40,38)",23,"biggrid50-goal(40,45)",0.8969386219978333,0.7733728651346237
constrained,40,"biggrid50-goal(40,38)",24,"biggrid50-goal(15,17)",0.976190447807312,0.885057319122488
constrained,40,"biggrid50-goal(40,38)",25,"biggrid50-goal(15,24)",0.9268706440925598,0.600371126042143
constrained,40,"biggrid50-goal(40,38)",26,"biggrid50-goal(21,38)",0.8829931020736694,0.38680882260609295
constrained,40,"biggrid50-goal(40,38)",27,"biggrid50-goal(33,17)",0.9329931139945984,0.7512623966219855
constrained,40,"biggrid50-goal(40,38)",28,"biggrid50-goal(27,17)",0.7935373783111572,0.22378499459160997
constrained,40,"biggrid50-goal(40,38)",29,"biggrid50-goal(3,3)",0.7459182739257812,0.3140493606963677
constrained,40,"biggrid50-goal(40,38)",30,"biggrid50-goal(9,10)",0.9962584972381592,0.981697156341309
constrained,40,"biggrid50-goal(40,38)",31,"biggrid50-goal(46,17)",0.9227889776229858,0.7122935960757435
constrained,40,"biggrid50-goal(40,38)",32,"biggrid50-goal(40,10)",0.7074829936027527,0.11522649102520141
constrained,40,"biggrid50-goal(40,38)",33,"biggrid50-goal(46,38)",0.9758501648902893,0.9349812092907416
constrained,40,"biggrid50-goal(40,38)",34,"biggrid50-goal(27,31)",0.9435372948646545,0.6914491178834936
constrained,40,"biggrid50-goal(40,38)",35,"biggrid50-goal(21,31)",0.8846937417984009,0.48868726136097523
constrained,40,"biggrid50-goal(40,38)",36,"biggrid50-goal(46,10)",0.938775360584259,0.8547211910842926
constrained,40,"biggrid50-goal(40,38)",37,"biggrid50-goal(9,17)",0.8894557356834412,0.4367416493352511
constrained,40,"biggrid50-goal(40,38)",38,"biggrid50-goal(33,24)",0.8761904239654541,0.4147908445946517
constrained,40,"biggrid50-goal(40,38)",39,"biggrid50-goal(40,17)",0.9993196725845337,0.9971507660155832
constrained,40,"biggrid50-goal(40,38)",40,"biggrid50-goal(40,38)",0.710204005241394,0.1962261742907173
constrained,41,"biggrid50-goal(33,38)",0,"biggrid50-goal(40,31)",0.9397957921028137,0.8254434040211689
constrained,41,"biggrid50-goal(33,38)",1,"biggrid50-goal(9,31)",0.927210807800293,0.6661463302614349
constrained,41,"biggrid50-goal(33,38)",2,"biggrid50-goal(15,31)",0.8870747089385986,0.4763400086734368
constrained,41,"biggrid50-goal(33,38)",3,"biggrid50-goal(9,24)",0.9414964318275452,0.648978883880116
constrained,41,"biggrid50-goal(33,38)",4,"biggrid50-goal(21,17)",0.798299252986908,0.2777098551012942
constrained,41,"biggrid50-goal(33,38)",5,"biggrid50-goal(27,3)",0.8020408153533936,0.3046595417315782
constrained,41,"biggrid50-goal(33,38)",6,"biggrid50-goal(3,31)",0.935033917427063,0.7443102311330415
constrained,41,"biggrid50-goal(33,38)",7,"biggrid50-goal(33,10)",0.9445577263832092,0.7849600802671565
constrained,41,"biggrid50-goal(33,38)",8,"biggrid50-goal(27,45)",0.6846938729286194,0.10865390869242728
constrained,41,"biggrid50-goal(33,38)",9,"biggrid50-goal(21,45)",0.9564625024795532,0.852873302989695
constrained,41,"biggrid50-goal(33,38)",10,"biggrid50-goal(33,3)",0.9153059720993042,0.6787090022891699
constrained,41,"biggrid50-goal(33,38)",11,"biggrid50-goal(21,24)",0.8778911828994751,0.4056293062330057
constrained,41,"biggrid50-goal(33,38)",12,"biggrid50-goal(21,3)",0.969047486782074,0.9002188741326745
constrained,41,"biggrid50-goal(33,38)",13,"biggrid50-goal(3,17)",0.9659862518310547,0.8670207460834858
constrained,41,"biggrid50-goal(33,38)",14,"biggrid50-goal(15,45)",0.898639440536499,0.5785006448101274
constrained,41,"biggrid50-goal(33,38)",15,"biggrid50-goal(3,24)",0.998299241065979,0.990039386556907
constrained,41,"biggrid50-goal(33,38)",16,"biggrid50-goal(3,10)",0.7965985536575317,0.36179265325908394
constrained,41,"biggrid50-goal(33,38)",17,"biggrid50-goal(46,31)",0.8547618985176086,0.5514705422169994
constrained,41,"biggrid50-goal(33,38)",18,"biggrid50-goal(46,24)",0.9646256566047668,0.8826178453675739
constrained,41,"biggrid50-goal(33,38)",19,"biggrid50-goal(3,45)",0.9731290936470032,0.9209995484126362
constrained,41,"biggrid50-goal(33,38)",20,"biggrid50-goal(21,10)",0.7557823061943054,0.13493974886121918
constrained,41,"biggrid50-goal(33,38)",21,"biggrid50-goal(40,3)",0.98945552110672,0.9746103437586112
constrained,41,"biggrid50-goal(33,38)",22,"biggrid50-goal(15,38)",0.9503400921821594,0.7062371216170665
constrained,41,"biggrid50-goal(33,38)",23,"biggrid50-goal(40,45)",0.8534013032913208,0.6776363439523605
constrained,41,"biggrid50-goal(33,38)",24,"biggrid50-goal(15,17)",0.9676870107650757,0.8440062383462628
constrained,41,"biggrid50-goal(33,38)",25,"biggrid50-goal(15,24)",0.9268707036972046,0.6003714517627347
constrained,41,"biggrid50-goal(33,38)",26,"biggrid50-goal(21,38)",0.8976190090179443,0.46345795405525203
constrained,41,"biggrid50-goal(33,38)",27,"biggrid50-goal(33,17)",0.9649657011032104,0.8699484774905976
constrained,41,"biggrid50-goal(33,38)",28,"biggrid50-goal(27,17)",0.7894557118415833,0.20843959824412758
constrained,41,"biggrid50-goal(33,38)",29,"biggrid50-goal(3,3)",0.7727890014648438,0.38659291988405026
constrained,41,"biggrid50-goal(33,38)",30,"biggrid50-goal(9,10)",0.9918366074562073,0.9600659662803375
constrained,41,"biggrid50-goal(33,38)",31,"biggrid50-goal(46,17)",0.97278892993927,0.8986051618915712
constrained,41,"biggrid50-goal(33,38)",32,"biggrid50-goal(40,10)",0.699999988079071,0.09259271278300786
constrained,41,"biggrid50-goal(33,38)",33,"biggrid50-goal(46,38)",0.9734694361686707,0.9285715546581846
constrained,41,"biggrid50-goal(33,38)",34,"biggrid50-goal(27,31)",0.9421769380569458,0.6840151968199247
constrained,41,"biggrid50-goal(33,38)",35,"biggrid50-goal(21,31)",0.8918365240097046,0.520361132241239
constrained,41,"biggrid50-goal(33,38)",36,"biggrid50-goal(46,10)",0.938775360584259,0.8547211910842926
constrained,41,"biggrid50-goal(33,38)",37,"biggrid50-goal(9,17)",0.9071426391601562,0.5268620743274763
constrained,41,"biggrid50-goal(33,38)",38,"biggrid50-goal(33,24)",0.8840135335922241,0.4517682378138007
constrained,41,"biggrid50-goal(33,38)",39,"biggrid50-goal(40,17)",0.9897956848144531,0.9572639864962186
constrained,41,"biggrid50-goal(33,38)",40,"biggrid50-goal(40,38)",0.6925169825553894,0.14716971337731247
constrained,41,"biggrid50-goal(33,38)",41,"biggrid50-goal(33,38)",0.7632652521133423,0.1963046302404358
constrained,42,"biggrid50-goal(9,45)",0,"biggrid50-goal(40,31)",0.9319726228713989,0.8027608401523082
constrained,42,"biggrid50-goal(9,45)",1,"biggrid50-goal(9,31)",0.9326528906822205,0.691106894958569
constrained,42,"biggrid50-goal(9,45)",2,"biggrid50-goal(15,31)",0.8993197083473206,0.5331228269765445
constrained,42,"biggrid50-goal(9,45)",3,"biggrid50-goal(9,24)",0.9499998688697815,0.6999994635586446
constrained,42,"biggrid50-goal(9,45)",4,"biggrid50-goal(21,17)",0.7969387173652649,0.2728377785926602
constrained,42,"biggrid50-goal(9,45)",5,"biggrid50-goal(27,3)",0.8013604283332825,0.30226965200148814
constrained,42,"biggrid50-goal(9,45)",6,"biggrid50-goal(3,31)",0.9312923550605774,0.7295844053051727
constrained,42,"biggrid50-goal(9,45)",7,"biggrid50-goal(33,10)",0.9554420709609985,0.8271763970172614
constrained,42,"biggrid50-goal(9,45)",8,"biggrid50-goal(27,45)",0.6908162832260132,0.1259614901804577
constrained,42,"biggrid50-goal(9,45)",9,"biggrid50-goal(21,45)",0.9663264155387878,0.8862065221835737
constrained,42,"biggrid50-goal(9,45)",10,"biggrid50-goal(33,3)",0.9445577263832092,0.7896769837587426
constrained,42,"biggrid50-goal(9,45)",11,"biggrid50-goal(21,24)",0.87312912940979,0.38244977584668216
constrained,42,"biggrid50-goal(9,45)",12,"biggrid50-goal(21,3)",0.9452379941940308,0.8234645905616462
constrained,42,"biggrid50-goal(9,45)",13,"biggrid50-goal(3,17)",0.9564625024795532,0.8297869464751605
constrained,42,"biggrid50-goal(9,45)",14,"biggrid50-goal(15,45)",0.9112244248390198,0.63083424277628
constrained,42,"biggrid50-goal(9,45)",15,"biggrid50-goal(3,24)",0.9945576786994934,0.968126665323877
constrained,42,"biggrid50-goal(9,45)",16,"biggrid50-goal(3,10)",0.7639455199241638,0.2593380916188145
constrained,42,"biggrid50-goal(9,45)",17,"biggrid50-goal(46,31)",0.8476189970970154,0.5294115806327037
constrained,42,"biggrid50-goal(9,45)",18,"biggrid50-goal(46,24)",0.9843534827232361,0.9480803957286308
constrained,42,"biggrid50-goal(9,45)",19,"biggrid50-goal(3,45)",0.959523618221283,0.8809994572890704
constrained,42,"biggrid50-goal(9,45)",20,"biggrid50-goal(21,10)",0.7639455795288086,0.16385543949286646
constrained,42,"biggrid50-goal(9,45)",21,"biggrid50-goal(40,3)",0.9904759526252747,0.9770674026361715
constrained,42,"biggrid50-goal(9,45)",22,"biggrid50-goal(15,38)",0.907482922077179,0.4527157962137378
constrained,42,"biggrid50-goal(9,45)",23,"biggrid50-goal(40,45)",0.8700678944587708,0.7142853959781578
constrained,42,"biggrid50-goal(9,45)",24,"biggrid50-goal(15,17)",0.9938774108886719,0.9704426693676481
constrained,42,"biggrid50-goal(9,45)",25,"biggrid50-goal(15,24)",0.9323127865791321,0.6301107189435188
constrained,42,"biggrid50-goal(9,45)",26,"biggrid50-goal(21,38)",0.8993196487426758,0.47237039677112935
constrained,42,"biggrid50-goal(9,45)",27,"biggrid50-goal(33,17)",0.9540814757347107,0.8295449265396017
constrained,42,"biggrid50-goal(9,45)",28,"biggrid50-goal(27,17)",0.7986394166946411,0.24296657195915036
constrained,42,"biggrid50-goal(9,45)",29,"biggrid50-goal(3,3)",0.7527208924293518,0.33241455595680885
constrained,42,"biggrid50-goal(9,45)",30,"biggrid50-goal(9,10)",0.9850338697433472,0.9267880422121214
constrained,42,"biggrid50-goal(9,45)",31,"biggrid50-goal(46,17)",0.9659862518310547,0.8732567855158226
constrained,42,"biggrid50-goal(9,45)",32,"biggrid50-goal(40,10)",0.6959183216094971,0.08024693361198279
constrained,42,"biggrid50-goal(9,45)",33,"biggrid50-goal(46,38)",0.9632651805877686,0.90109855722593
constrained,42,"biggrid50-goal(9,45)",34,"biggrid50-goal(27,31)",0.9238094091415405,0.5836424421748234
constrained,42,"biggrid50-goal(9,45)",35,"biggrid50-goal(21,31)",0.85748291015625,0.368023864034631
constrained,42,"biggrid50-goal(9,45)",36,"biggrid50-goal(46,10)",0.9578229188919067,0.8999187881644004
constrained,42,"biggrid50-goal(9,45)",37,"biggrid50-goal(9,17)",0.9323127865791321,0.6551120184458094
constrained,42,"biggrid50-goal(9,45)",38,"biggrid50-goal(33,24)",0.9166666865348816,0.6061094823841108
constrained,42,"biggrid50-goal(9,45)",39,"biggrid50-goal(40,17)",0.9843534827232361,0.9344718620046136
constrained,42,"biggrid50-goal(9,45)",40,"biggrid50-goal(40,38)",0.7102041244506836,0.19622650492781532
constrained,42,"biggrid50-goal(9,45)",41,"biggrid50-goal(33,38)",0.7710884213447571,0.222863658622462
constrained,42,"biggrid50-goal(9,45)",42,"biggrid50-goal(9,45)",0.745918333530426,0.23541447021731263
constrained,43,"biggrid50-goal(9,38)",0,"biggrid50-goal(40,31)",0.9459182620048523,0.8431949456892829
constrained,43,"biggrid50-goal(9,38)",1,"biggrid50-goal(9,31)",0.9377549886703491,0.7145080907299016
constrained,43,"biggrid50-goal(9,38)",2,"biggrid50-goal(15,31)",0.897959291934967,0.5268142698765569
constrained,43,"biggrid50-goal(9,38)",3,"biggrid50-goal(9,24)",0.9666665196418762,0.7999992847448596
constrained,43,"biggrid50-goal(9,38)",4,"biggrid50-goal(21,17)",0.8071428537368774,0.30937877929574525
constrained,43,"biggrid50-goal(9,38)",5,"biggrid50-goal(27,3)",0.798299252986908,0.29151713717380834
constrained,43,"biggrid50-goal(9,38)",6,"biggrid50-goal(3,31)",0.9170066714286804,0.6733596338354545
constrained,43,"biggrid50-goal(9,38)",7,"biggrid50-goal(33,10)",0.9683672785758972,0.8773084609951787
constrained,43,"biggrid50-goal(9,38)",8,"biggrid50-goal(27,45)",0.6887754797935486,0.12019229635111423
constrained,43,"biggrid50-goal(9,38)",9,"biggrid50-goal(21,45)",0.94931960105896,0.8287352254029308
constrained,43,"biggrid50-goal(9,38)",10,"biggrid50-goal(33,3)",0.9251698851585388,0.7161282459677237
constrained,43,"biggrid50-goal(9,38)",11,"biggrid50-goal(21,24)",0.9176869988441467,0.5993374044171491
constrained,43,"biggrid50-goal(9,38)",12,"biggrid50-goal(21,3)",0.9612243175506592,0.8749994475786749
constrained,43,"biggrid50-goal(9,38)",13,"biggrid50-goal(3,17)",0.935714066028595,0.7486694058419375
constrained,43,"biggrid50-goal(9,38)",14,"biggrid50-goal(15,45)",0.9122448563575745,0.6350776213582727
constrained,43,"biggrid50-goal(9,38)",15,"biggrid50-goal(3,24)",0.9812923669815063,0.8904374410711412
constrained,43,"biggrid50-goal(9,38)",16,"biggrid50-goal(3,10)",0.7697278261184692,0.2774810810649064
constrained,43,"biggrid50-goal(9,38)",17,"biggrid50-goal(46,31)",0.8551019430160522,0.5525206797012566
constrained,43,"biggrid50-goal(9,38)",18,"biggrid50-goal(46,24)",0.98163241147995,0.939051105718168
constrained,43,"biggrid50-goal(9,38)",19,"biggrid50-goal(3,45)",0.9758501648902893,0.9289994965422987
constrained,43,"biggrid50-goal(9,38)",20,"biggrid50-goal(21,10)",0.767346978187561,0.1759037670817125
constrained,43,"biggrid50-goal(9,38)",21,"biggrid50-goal(40,3)",0.9802717566490173,0.9524971009001562
constrained,43,"biggrid50-goal(9,38)",22,"biggrid50-goal(15,38)",0.9370747208595276,0.6277658993818376
constrained,43,"biggrid50-goal(9,38)",23,"biggrid50-goal(40,45)",0.7850339412689209,0.5272997224770035
constrained,43,"biggrid50-goal(9,38)",24,"biggrid50-goal(15,17)",0.9710883498191833,0.8604264980087936
constrained,43,"biggrid50-goal(9,38)",25,"biggrid50-goal(15,24)",0.9224489331245422,0.5762078696700711
constrained,43,"biggrid50-goal(9,38)",26,"biggrid50-goal(21,38)",0.9023809432983398,0.4884135433394547
constrained,43,"biggrid50-goal(9,38)",27,"biggrid50-goal(33,17)",0.9585033059120178,0.8459592908895477
constrained,43,"biggrid50-goal(9,38)",28,"biggrid50-goal(27,17)",0.8057822585105896,0.2698207354558902
constrained,43,"biggrid50-goal(9,38)",29,"biggrid50-goal(3,3)",0.7258503437042236,0.2598714795174705
constrained,43,"biggrid50-goal(9,38)",30,"biggrid50-goal(9,10)",0.9782311916351318,0.8935104097204626
constrained,43,"biggrid50-goal(9,38)",31,"biggrid50-goal(46,17)",0.9846936464309692,0.942964931599584
constrained,43,"biggrid50-goal(9,38)",32,"biggrid50-goal(40,10)",0.6945578455924988,0.0761319142691383
constrained,43,"biggrid50-goal(9,38)",33,"biggrid50-goal(46,38)",0.9513604640960693,0.8690473955301878
constrained,43,"biggrid50-goal(9,38)",34,"biggrid50-goal(27,31)",0.9360544085502625,0.6505575033646938
constrained,43,"biggrid50-goal(9,38)",35,"biggrid50-goal(21,31)",0.8666666150093079,0.40874797868814416
constrained,43,"biggrid50-goal(9,38)",36,"biggrid50-goal(46,10)",0.9663264155387878,0.9200965773072464
constrained,43,"biggrid50-goal(9,38)",37,"biggrid50-goal(9,17)",0.9040814638137817,0.511264407751516
constrained,43,"biggrid50-goal(9,38)",38,"biggrid50-goal(33,24)",0.9071428179740906,0.5610931334459888
constrained,43,"biggrid50-goal(9,38)",39,"biggrid50-goal(40,17)",0.9850338697433472,0.9373213456152776
constrained,43,"biggrid50-goal(9,38)",40,"biggrid50-goal(40,38)",0.7421768307685852,0.28490552375561423
constrained,43,"biggrid50-goal(9,38)",41,"biggrid50-goal(33,38)",0.8034012317657471,0.332563043064757
constrained,43,"biggrid50-goal(9,38)",42,"biggrid50-goal(9,45)",0.8918365240097046,0.6745131998609578
constrained,43,"biggrid50-goal(9,38)",43,"biggrid50-goal(9,38)",0.7870748043060303,0.29185499596893855
constrained,44,"biggrid50-goal(9,3)",0,"biggrid50-goal(40,31)",0.933333158493042,0.8067055887856185
constrained,44,"biggrid50-goal(9,3)",1,"biggrid50-goal(9,31)",0.9469387531280518,0.7566301884419706
constrained,44,"biggrid50-goal(9,3)",2,"biggrid50-goal(15,31)",0.9108842611312866,0.5867502611290448
constrained,44,"biggrid50-goal(9,3)",3,"biggrid50-goal(9,24)",0.9619045853614807,0.7714277029044723
constrained,44,"biggrid50-goal(9,3)",4,"biggrid50-goal(21,17)",0.7683672308921814,0.17052331813468583
constrained,44,"biggrid50-goal(9,3)",5,"biggrid50-goal(27,3)",0.788095235824585,0.25567507214159035
constrained,44,"biggrid50-goal(9,3)",6,"biggrid50-goal(3,31)",0.9394556879997253,0.7617131812714839
constrained,44,"biggrid50-goal(9,3)",7,"biggrid50-goal(33,10)",0.9367345571517944,0.7546169219903573
constrained,44,"biggrid50-goal(9,3)",8,"biggrid50-goal(27,45)",0.6897959113121033,0.12307697751465171
constrained,44,"biggrid50-goal(9,3)",9,"biggrid50-goal(21,45)",0.9581630825996399,0.8586200902493953
constrained,44,"biggrid50-goal(9,3)",10,"biggrid50-goal(33,3)",0.9329930543899536,0.7458058266652557
constrained,44,"biggrid50-goal(9,3)",11,"biggrid50-goal(21,24)",0.8884353041648865,0.4569533368845068
constrained,44,"biggrid50-goal(9,3)",12,"biggrid50-goal(21,3)",0.9799318313598633,0.9353065630919914
constrained,44,"biggrid50-goal(9,3)",13,"biggrid50-goal(3,17)",0.9316326379776001,0.7327127622389029
constrained,44,"biggrid50-goal(9,3)",14,"biggrid50-goal(15,45)",0.912925124168396,0.6379064577926351
constrained,44,"biggrid50-goal(9,3)",15,"biggrid50-goal(3,24)",0.9802719950675964,0.8844615617155546
constrained,44,"biggrid50-goal(9,3)",16,"biggrid50-goal(3,10)",0.7598639130592346,0.24653134154625078
constrained,44,"biggrid50-goal(9,3)",17,"biggrid50-goal(46,31)",0.8445577621459961,0.5199577662498882
constrained,44,"biggrid50-goal(9,3)",18,"biggrid50-goal(46,24)",0.9670066237449646,0.8905185730193296
constrained,44,"biggrid50-goal(9,3)",19,"biggrid50-goal(3,45)",0.9738094210624695,0.9229997106826785
constrained,44,"biggrid50-goal(9,3)",20,"biggrid50-goal(21,10)",0.7629250884056091,0.16024068786056994
constrained,44,"biggrid50-goal(9,3)",21,"biggrid50-goal(40,3)",0.976870596408844,0.9443075744006614
constrained,44,"biggrid50-goal(9,3)",22,"biggrid50-goal(15,38)",0.9496598839759827,0.7022133541691055
constrained,44,"biggrid50-goal(9,3)",23,"biggrid50-goal(40,45)",0.8792514801025391,0.7344796699397795
constrained,44,"biggrid50-goal(9,3)",24,"biggrid50-goal(15,17)",0.9527209401130676,0.7717562325913307
constrained,44,"biggrid50-goal(9,3)",25,"biggrid50-goal(15,24)",0.9309523105621338,0.6226761464387665
constrained,44,"biggrid50-goal(9,3)",26,"biggrid50-goal(21,38)",0.9272108674049377,0.6185382681835603
constrained,44,"biggrid50-goal(9,3)",27,"biggrid50-goal(33,17)",0.9547617435455322,0.8320701623027636
constrained,44,"biggrid50-goal(9,3)",28,"biggrid50-goal(27,17)",0.7778910994529724,0.1649613860895805
constrained,44,"biggrid50-goal(9,3)",29,"biggrid50-goal(3,3)",0.7527210116386414,0.33241487778903833
constrained,44,"biggrid50-goal(9,3)",30,"biggrid50-goal(9,10)",0.9826527833938599,0.9151401418986475
constrained,44,"biggrid50-goal(9,3)",31,"biggrid50-goal(46,17)",0.9642855525016785,0.8669195803714327
constrained,44,"biggrid50-goal(9,3)",32,"biggrid50-goal(40,10)",0.6993197202682495,0.09053511296877417
constrained,44,"biggrid50-goal(9,3)",33,"biggrid50-goal(46,38)",0.9656460881233215,0.9075086932806465
constrained,44,"biggrid50-goal(9,3)",34,"biggrid50-goal(27,31)",0.9568026661872864,0.7639401898820761
constrained,44,"biggrid50-goal(9,3)",35,"biggrid50-goal(21,31)",0.8942176103591919,0.530919794028388
constrained,44,"biggrid50-goal(9,3)",36,"biggrid50-goal(46,10)",0.9840133786201477,0.9620656432636465
constrained,44,"biggrid50-goal(9,3)",37,"biggrid50-goal(9,17)",0.942857027053833,0.7088382930337428
constrained,44,"biggrid50-goal(9,3)",38,"biggrid50-goal(33,24)",0.9037414789199829,0.5450160672056021
constrained,44,"biggrid50-goal(9,3)",39,"biggrid50-goal(40,17)",0.982312798500061,0.9259254081825986
constrained,44,"biggrid50-goal(9,3)",40,"biggrid50-goal(40,38)",0.7231292128562927,0.2320753363240561
constrained,44,"biggrid50-goal(9,3)",41,"biggrid50-goal(33,38)",0.8241495490074158,0.4030019061648853
constrained,44,"biggrid50-goal(9,3)",42,"biggrid50-goal(9,45)",0.882652997970581,0.6468780256295372
constrained,44,"biggrid50-goal(9,3)",43,"biggrid50-goal(9,38)",0.8860542178153992,0.6210399801608737
constrained,44,"biggrid50-goal(9,3)",44,"biggrid50-goal(9,3)",0.648639440536499,-0.008789092414417199
constrained,45,"biggrid50-goal(40,24)",0,"biggrid50-goal(40,31)",0.9425168633460999,0.8333329012877895
constrained,45,"biggrid50-goal(40,24)",1,"biggrid50-goal(9,31)",0.9333332777023315,0.6942275464817149
constrained,45,"biggrid50-goal(40,24)",2,"biggrid50-goal(15,31)",0.9112244248390198,0.5883276768041951
constrained,45,"biggrid50-goal(40,24)",3,"biggrid50-goal(9,24)",0.9585033059120178,0.7510200432371732
constrained,45,"biggrid50-goal(40,24)",4,"biggrid50-goal(21,17)",0.7775509357452393,0.20341015473421292
constrained,45,"biggrid50-goal(40,24)",5,"biggrid50-goal(27,3)",0.8105441927909851,0.3345280339404121
constrained,45,"biggrid50-goal(40,24)",6,"biggrid50-goal(3,31)",0.9496597051620483,0.8018735647580466
constrained,45,"biggrid50-goal(40,24)",7,"biggrid50-goal(33,10)",0.9622448086738586,0.8535616816801543
constrained,45,"biggrid50-goal(40,24)",8,"biggrid50-goal(27,45)",0.688095211982727,0.11826923174133307
constrained,45,"biggrid50-goal(40,24)",9,"biggrid50-goal(21,45)",0.9880950450897217,0.9597694678435922
constrained,45,"biggrid50-goal(40,24)",10,"biggrid50-goal(33,3)",0.9119045734405518,0.6658056276856593
constrained,45,"biggrid50-goal(40,24)",11,"biggrid50-goal(21,24)",0.8857142329216003,0.4437083883126936
constrained,45,"biggrid50-goal(40,24)",12,"biggrid50-goal(21,3)",0.9799318313598633,0.9353065630919914
constrained,45,"biggrid50-goal(40,24)",13,"biggrid50-goal(3,17)",0.9248297214508057,0.7061162589751023
constrained,45,"biggrid50-goal(40,24)",14,"biggrid50-goal(15,45)",0.9098638892173767,0.6251765699075553
constrained,45,"biggrid50-goal(40,24)",15,"biggrid50-goal(3,24)",0.9782311320304871,0.872509104846854
constrained,45,"biggrid50-goal(40,24)",16,"biggrid50-goal(3,10)",0.7530611753463745,0.22518657107205803
constrained,45,"biggrid50-goal(40,24)",17,"biggrid50-goal(46,31)",0.8680270910263062,0.5924365803473902
constrained,45,"biggrid50-goal(40,24)",18,"biggrid50-goal(46,24)",0.9636052846908569,0.879231960506251
constrained,45,"biggrid50-goal(40,24)",19,"biggrid50-goal(3,45)",0.9700678586959839,0.9119995191479526
constrained,45,"biggrid50-goal(40,24)",20,"biggrid50-goal(21,10)",0.7615645527839661,0.15542144127691243
constrained,45,"biggrid50-goal(40,24)",21,"biggrid50-goal(40,3)",0.9768704771995544,0.9443072873610728
constrained,45,"biggrid50-goal(40,24)",22,"biggrid50-goal(15,38)",0.9707481861114502,0.8269610753740637
constrained,45,"biggrid50-goal(40,24)",23,"biggrid50-goal(40,45)",0.8877549767494202,0.7531784601051845
constrained,45,"biggrid50-goal(40,24)",24,"biggrid50-goal(15,17)",0.9394557476043701,0.7077173637807601
constrained,45,"biggrid50-goal(40,24)",25,"biggrid50-goal(15,24)",0.8986393213272095,0.4460958478441857
constrained,45,"biggrid50-goal(40,24)",26,"biggrid50-goal(21,38)",0.8938775658607483,0.4438503926603854
constrained,45,"biggrid50-goal(40,24)",27,"biggrid50-goal(33,17)",0.9489794373512268,0.8106055476860893
constrained,45,"biggrid50-goal(40,24)",28,"biggrid50-goal(27,17)",0.7819727659225464,0.1803067824370629
constrained,45,"biggrid50-goal(40,24)",29,"biggrid50-goal(3,3)",0.7404760718345642,0.2993569148390083
constrained,45,"biggrid50-goal(40,24)",30,"biggrid50-goal(9,10)",0.9874147772789001,0.9384350677959232
constrained,45,"biggrid50-goal(40,24)",31,"biggrid50-goal(46,17)",0.9326528310775757,0.749048630770126
constrained,45,"biggrid50-goal(40,24)",32,"biggrid50-goal(40,10)",0.7044217586517334,0.10596720171833833
constrained,45,"biggrid50-goal(40,24)",33,"biggrid50-goal(46,38)",0.9823127388954163,0.9523804480339281
constrained,45,"biggrid50-goal(40,24)",34,"biggrid50-goal(27,31)",0.9714285731315613,0.8438661601060025
constrained,45,"biggrid50-goal(40,24)",35,"biggrid50-goal(21,31)",0.8897958993911743,0.5113122100187291
constrained,45,"biggrid50-goal(40,24)",36,"biggrid50-goal(46,10)",0.9697277545928955,0.928167551529631
constrained,45,"biggrid50-goal(40,24)",37,"biggrid50-goal(9,17)",0.9132652282714844,0.5580586222982429
constrained,45,"biggrid50-goal(40,24)",38,"biggrid50-goal(33,24)",0.8972787857055664,0.5144689370175682
constrained,45,"biggrid50-goal(40,24)",39,"biggrid50-goal(40,17)",0.9877549409866333,0.9487172830479564
constrained,45,"biggrid50-goal(40,24)",40,"biggrid50-goal(40,38)",0.724829912185669,0.23679237048283597
constrained,45,"biggrid50-goal(40,24)",41,"biggrid50-goal(33,38)",0.829591691493988,0.42147754084494504
constrained,45,"biggrid50-goal(40,24)",42,"biggrid50-goal(9,45)",0.9180270433425903,0.7533260177146069
constrained,45,"biggrid50-goal(40,24)",43,"biggrid50-goal(9,38)",0.8972787857055664,0.6583705630818997
constrained,45,"biggrid50-goal(40,24)",44,"biggrid50-goal(9,3)",0.6503401398658752,-0.003906225266291925
constrained,45,"biggrid50-goal(40,24)",45,"biggrid50-goal(40,24)",0.8312923908233643,0.4052753258863632
constrained,46,"biggrid50-goal(33,31)",0,"biggrid50-goal(40,31)",0.9421767592430115,0.8323468005385707
constrained,46,"biggrid50-goal(33,31)",1,"biggrid50-goal(9,31)",0.9282312393188477,0.6708266240920312
constrained,46,"biggrid50-goal(33,31)",2,"biggrid50-goal(15,31)",0.8965985178947449,0.5205040543756494
constrained,46,"biggrid50-goal(33,31)",3,"biggrid50-goal(9,24)",0.9578230381011963,0.7469384397781994
constrained,46,"biggrid50-goal(33,31)",4,"biggrid50-goal(21,17)",0.7812924981117249,0.21680868529920388
constrained,46,"biggrid50-goal(33,31)",5,"biggrid50-goal(27,3)",0.822108805179596,0.3751492503408969
constrained,46,"biggrid50-goal(33,31)",6,"biggrid50-goal(3,31)",0.9472787976264954,0.7925029259054472
constrained,46,"biggrid50-goal(33,31)",7,"biggrid50-goal(33,10)",0.9404760003089905,0.7691285858115317
constrained,46,"biggrid50-goal(33,31)",8,"biggrid50-goal(27,45)",0.6962584853172302,0.1413461755564385
constrained,46,"biggrid50-goal(33,31)",9,"biggrid50-goal(21,45)",0.961224377155304,0.8689651532916375
constrained,46,"biggrid50-goal(33,31)",10,"biggrid50-goal(33,3)",0.923129141330719,0.7083865829867019
constrained,46,"biggrid50-goal(33,31)",11,"biggrid50-goal(21,24)",0.9136053323745728,0.5794696914308792
constrained,46,"biggrid50-goal(33,31)",12,"biggrid50-goal(21,3)",0.9874147772789001,0.9594292171507703
constrained,46,"biggrid50-goal(33,31)",13,"biggrid50-goal(3,17)",0.9486392736434937,0.7992014570821632
constrained,46,"biggrid50-goal(33,31)",14,"biggrid50-goal(15,45)",0.8969386219978333,0.5714279340719753
constrained,46,"biggrid50-goal(33,31)",15,"biggrid50-goal(3,24)",0.9680270552635193,0.8127482168184054
constrained,46,"biggrid50-goal(33,31)",16,"biggrid50-goal(3,10)",0.7588434219360352,0.24332937349823006
constrained,46,"biggrid50-goal(33,31)",17,"biggrid50-goal(46,31)",0.8547618389129639,0.5514703581438208
constrained,46,"biggrid50-goal(33,31)",18,"biggrid50-goal(46,24)",0.9836732149124146,0.9458230732260151
constrained,46,"biggrid50-goal(33,31)",19,"biggrid50-goal(3,45)",0.9911563396453857,0.9739996428657169
constrained,46,"biggrid50-goal(33,31)",20,"biggrid50-goal(21,10)",0.7503402233123779,0.1156629736562914
constrained,46,"biggrid50-goal(33,31)",21,"biggrid50-goal(40,3)",0.9676868915557861,0.9221944750620006
constrained,46,"biggrid50-goal(33,31)",22,"biggrid50-goal(15,38)",0.9363945126533508,0.6237421319338765
constrained,46,"biggrid50-goal(33,31)",23,"biggrid50-goal(40,45)",0.8833332061767578,0.7434551940734279
constrained,46,"biggrid50-goal(33,31)",24,"biggrid50-goal(15,17)",0.9455781579017639,0.7372738311733156
constrained,46,"biggrid50-goal(33,31)",25,"biggrid50-goal(15,24)",0.8911563754081726,0.4052039076047941
constrained,46,"biggrid50-goal(33,31)",26,"biggrid50-goal(21,38)",0.9047619104385376,0.500891337981556
constrained,46,"biggrid50-goal(33,31)",27,"biggrid50-goal(33,17)",0.9670066237449646,0.8775246272992744
constrained,46,"biggrid50-goal(33,31)",28,"biggrid50-goal(27,17)",0.8064624667167664,0.2723780400765399
constrained,46,"biggrid50-goal(33,31)",29,"biggrid50-goal(3,3)",0.75782310962677,0.34618913629562736
constrained,46,"biggrid50-goal(33,31)",30,"biggrid50-goal(9,10)",0.9914963841438293,0.9584016472909185
constrained,46,"biggrid50-goal(33,31)",31,"biggrid50-goal(46,17)",0.9537413120269775,0.8276292638376638
constrained,46,"biggrid50-goal(33,31)",32,"biggrid50-goal(40,10)",0.6955782175064087,0.0792182238476774
constrained,46,"biggrid50-goal(33,31)",33,"biggrid50-goal(46,38)",0.9455780386924744,0.8534793262079644
constrained,46,"biggrid50-goal(33,31)",34,"biggrid50-goal(27,31)",0.9367346167564392,0.6542746267567741
constrained,46,"biggrid50-goal(33,31)",35,"biggrid50-goal(21,31)",0.8833333253860474,0.48265464654596857
constrained,46,"biggrid50-goal(33,31)",36,"biggrid50-goal(46,10)",0.9724487066268921,0.9346240480380312
constrained,46,"biggrid50-goal(33,31)",37,"biggrid50-goal(9,17)",0.9479590654373169,0.7348348089332919
constrained,46,"biggrid50-goal(33,31)",38,"biggrid50-goal(33,24)",0.8942176103591919,0.49999971826748024
constrained,46,"biggrid50-goal(33,31)",39,"biggrid50-goal(40,17)",0.9605440497398376,0.8347571598424259
constrained,46,"biggrid50-goal(33,31)",40,"biggrid50-goal(40,38)",0.7367346286773682,0.269811113638648
constrained,46,"biggrid50-goal(33,31)",41,"biggrid50-goal(33,38)",0.8571428060531616,0.5150113520010684
constrained,46,"biggrid50-goal(33,31)",42,"biggrid50-goal(9,45)",0.9517004489898682,0.8546564248004497
constrained,46,"biggrid50-goal(33,31)",43,"biggrid50-goal(9,38)",0.9727889895439148,0.9095018274079274
constrained,46,"biggrid50-goal(33,31)",44,"biggrid50-goal(9,3)",0.6496598720550537,-0.005859337899437888
constrained,46,"biggrid50-goal(33,31)",45,"biggrid50-goal(40,24)",0.8183672428131104,0.3597118538190148
constrained,46,"biggrid50-goal(33,31)",46,"biggrid50-goal(33,31)",0.8704081177711487,0.40838485021397225
constrained,47,"biggrid50-goal(46,45)",0,"biggrid50-goal(40,31)",0.9561222791671753,0.8727805604391103
constrained,47,"biggrid50-goal(46,45)",1,"biggrid50-goal(9,31)",0.9312924146652222,0.6848669588205222
constrained,47,"biggrid50-goal(46,45)",2,"biggrid50-goal(15,31)",0.8948978781700134,0.5126178052003584
constrained,47,"biggrid50-goal(46,45)",3,"biggrid50-goal(9,24)",0.9210882782936096,0.5265300648557598
constrained,47,"biggrid50-goal(46,45)",4,"biggrid50-goal(21,17)",0.7874149680137634,0.23873324303222196
constrained,47,"biggrid50-goal(46,45)",5,"biggrid50-goal(27,3)",0.8431971669197083,0.4492230607714518
constrained,47,"biggrid50-goal(46,45)",6,"biggrid50-goal(3,31)",0.9448978900909424,0.7831322870528479
constrained,47,"biggrid50-goal(46,45)",7,"biggrid50-goal(33,10)",0.9649658799171448,0.864115703071629
constrained,47,"biggrid50-goal(46,45)",8,"biggrid50-goal(27,45)",0.6901360750198364,0.12403859406840806
constrained,47,"biggrid50-goal(46,45)",9,"biggrid50-goal(21,45)",0.9534013271331787,0.8425286427925869
constrained,47,"biggrid50-goal(46,45)",10,"biggrid50-goal(33,3)",0.9421767592430115,0.7806446667589209
constrained,47,"biggrid50-goal(46,45)",11,"biggrid50-goal(21,24)",0.9255101680755615,0.6374170667539374
constrained,47,"biggrid50-goal(46,45)",12,"biggrid50-goal(21,3)",0.9969387650489807,0.9901315454481348
constrained,47,"biggrid50-goal(46,45)",13,"biggrid50-goal(3,17)",0.9329931139945984,0.7380316434399145
constrained,47,"biggrid50-goal(46,45)",14,"biggrid50-goal(15,45)",0.9129250645637512,0.6379062099317366
constrained,47,"biggrid50-goal(46,45)",15,"biggrid50-goal(3,24)",0.9394556879997253,0.6454180096017604
constrained,47,"biggrid50-goal(46,45)",16,"biggrid50-goal(3,10)",0.7622448801994324,0.2540020392652062
constrained,47,"biggrid50-goal(46,45)",17,"biggrid50-goal(46,31)",0.8411564230918884,0.5094536303096369
constrained,47,"biggrid50-goal(46,45)",18,"biggrid50-goal(46,24)",0.98061203956604,0.935665220856845
constrained,47,"biggrid50-goal(46,45)",19,"biggrid50-goal(3,45)",0.9557821750640869,0.8699996162295978
constrained,47,"biggrid50-goal(46,45)",20,"biggrid50-goal(21,10)",0.7561225295066833,0.13614487720168691
constrained,47,"biggrid50-goal(46,45)",21,"biggrid50-goal(40,3)",0.9901358485221863,0.9762484786901809
constrained,47,"biggrid50-goal(46,45)",22,"biggrid50-goal(15,38)",0.9700679779052734,0.8229373079261025
constrained,47,"biggrid50-goal(46,45)",23,"biggrid50-goal(40,45)",0.8969385623931885,0.7733727340668063
constrained,47,"biggrid50-goal(46,45)",24,"biggrid50-goal(15,17)",0.9479590058326721,0.7487675813171888
constrained,47,"biggrid50-goal(46,45)",25,"biggrid50-goal(15,24)",0.9258501529693604,0.5947944637922475
constrained,47,"biggrid50-goal(46,45)",26,"biggrid50-goal(21,38)",0.9003400206565857,0.47771779992734353
constrained,47,"biggrid50-goal(46,45)",27,"biggrid50-goal(33,17)",0.9551019072532654,0.8333328908141424
constrained,47,"biggrid50-goal(46,45)",28,"biggrid50-goal(27,17)",0.7948979139328003,0.22890005201107627
constrained,47,"biggrid50-goal(46,45)",29,"biggrid50-goal(3,3)",0.7615644931793213,0.35628984081856097
constrained,47,"biggrid50-goal(46,45)",30,"biggrid50-goal(9,10)",0.9792515635490417,0.8985019088059327
constrained,47,"biggrid50-goal(46,45)",31,"biggrid50-goal(46,17)",0.9568026065826416,0.8390363663581093
constrained,47,"biggrid50-goal(46,45)",32,"biggrid50-goal(40,10)",0.7071428298950195,0.11419760097527311
constrained,47,"biggrid50-goal(46,45)",33,"biggrid50-goal(46,38)",0.9421766996383667,0.8443218743626171
constrained,47,"biggrid50-goal(46,45)",34,"biggrid50-goal(27,31)",0.9465985894203186,0.708178127471405
constrained,47,"biggrid50-goal(46,45)",35,"biggrid50-goal(21,31)",0.8870747089385986,0.4992453945278284
constrained,47,"biggrid50-goal(46,45)",36,"biggrid50-goal(46,10)",0.923129141330719,0.8175945682265694
constrained,47,"biggrid50-goal(46,45)",37,"biggrid50-goal(9,17)",0.9486392736434937,0.7383006871015394
constrained,47,"biggrid50-goal(46,45)",38,"biggrid50-goal(33,24)",0.9051018953323364,0.5514463302367173
constrained,47,"biggrid50-goal(46,45)",39,"biggrid50-goal(40,17)",0.9758502244949341,0.8988599319668626
constrained,47,"biggrid50-goal(46,45)",40,"biggrid50-goal(40,38)",0.7377549409866333,0.27264103656052774
constrained,47,"biggrid50-goal(46,45)",41,"biggrid50-goal(33,38)",0.8244898319244385,0.4041571392147896
constrained,47,"biggrid50-goal(46,45)",42,"biggrid50-goal(9,45)",0.9683672785758972,0.9048104438050353
constrained,47,"biggrid50-goal(46,45)",43,"biggrid50-goal(9,38)",0.970408022403717,0.9015832249165787
constrained,47,"biggrid50-goal(46,45)",44,"biggrid50-goal(9,3)",0.6517007350921631,1.7113052073477284e-07
constrained,47,"biggrid50-goal(46,45)",45,"biggrid50-goal(40,24)",0.8462584018707275,0.45803320732611075
constrained,47,"biggrid50-goal(46,45)",46,"biggrid50-goal(33,31)",0.8442175984382629,0.28881942874153504
constrained,47,"biggrid50-goal(46,45)",47,"biggrid50-goal(46,45)",0.623469352722168,0.13785047015958227
constrained,48,"biggrid50-goal(3,38)",0,"biggrid50-goal(40,31)",0.9503400325775146,0.8560154651566502
constrained,48,"biggrid50-goal(3,38)",1,"biggrid50-goal(9,31)",0.9282312989234924,0.6708268974736802
constrained,48,"biggrid50-goal(3,38)",2,"biggrid50-goal(15,31)",0.8996597528457642,0.5346996898513879
constrained,48,"biggrid50-goal(3,38)",3,"biggrid50-goal(9,24)",0.9530611038208008,0.7183668579378122
constrained,48,"biggrid50-goal(3,38)",4,"biggrid50-goal(21,17)",0.8040816187858582,0.29841650042923623
constrained,48,"biggrid50-goal(3,38)",5,"biggrid50-goal(27,3)",0.7982991933822632,0.29151692780983723
constrained,48,"biggrid50-goal(3,38)",6,"biggrid50-goal(3,31)",0.9377549290657043,0.7550194321409277
constrained,48,"biggrid50-goal(3,38)",7,"biggrid50-goal(33,10)",0.9602039456367493,0.8456459344523419
constrained,48,"biggrid50-goal(3,38)",8,"biggrid50-goal(27,45)",0.7027210593223572,0.15961537359822525
constrained,48,"biggrid50-goal(3,38)",9,"biggrid50-goal(21,45)",0.961224377155304,0.8689651532916375
constrained,48,"biggrid50-goal(3,38)",10,"biggrid50-goal(33,3)",0.9642856121063232,0.8645156972290282
constrained,48,"biggrid50-goal(3,38)",11,"biggrid50-goal(21,24)",0.9051018953323364,0.5380787919511377
constrained,48,"biggrid50-goal(3,38)",12,"biggrid50-goal(21,3)",0.9874147772789001,0.9594292171507703
constrained,48,"biggrid50-goal(3,38)",13,"biggrid50-goal(3,17)",0.9197276830673218,0.6861694640991248
constrained,48,"biggrid50-goal(3,38)",14,"biggrid50-goal(15,45)",0.9221087694168091,0.676095873586976
constrained,48,"biggrid50-goal(3,38)",15,"biggrid50-goal(3,24)",0.9680270552635193,0.8127482168184054
constrained,48,"biggrid50-goal(3,38)",16,"biggrid50-goal(3,10)",0.75,0.21558160202759516
constrained,48,"biggrid50-goal(3,38)",17,"biggrid50-goal(46,31)",0.8602039813995361,0.5682769756482229
constrained,48,"biggrid50-goal(3,38)",18,"biggrid50-goal(46,24)",0.9806120991706848,0.9356654186420463
constrained,48,"biggrid50-goal(3,38)",19,"biggrid50-goal(3,45)",0.9656460881233215,0.8989995158184377
constrained,48,"biggrid50-goal(3,38)",20,"biggrid50-goal(21,10)",0.7615646123886108,0.15542165240661468
constrained,48,"biggrid50-goal(3,38)",21,"biggrid50-goal(40,3)",0.9884350895881653,0.9721532848810508
constrained,48,"biggrid50-goal(3,38)",22,"biggrid50-goal(15,38)",0.9687074422836304,0.8148890678483633
constrained,48,"biggrid50-goal(3,38)",23,"biggrid50-goal(40,45)",0.8931971192359924,0.7651454761025359
constrained,48,"biggrid50-goal(3,38)",24,"biggrid50-goal(15,17)",0.939115583896637,0.7060751939412077
constrained,48,"biggrid50-goal(3,38)",25,"biggrid50-goal(15,24)",0.94047611951828,0.6747207597367656
constrained,48,"biggrid50-goal(3,38)",26,"biggrid50-goal(21,38)",0.8857142329216003,0.4010692932113063
constrained,48,"biggrid50-goal(3,38)",27,"biggrid50-goal(33,17)",0.9452379941940308,0.7967168616184962
constrained,48,"biggrid50-goal(3,38)",28,"biggrid50-goal(27,17)",0.8010204434394836,0.2519182585768416
constrained,48,"biggrid50-goal(3,38)",29,"biggrid50-goal(3,3)",0.8010202646255493,0.462809550307044
constrained,48,"biggrid50-goal(3,38)",30,"biggrid50-goal(9,10)",0.9765304327011108,0.8851905642327119
constrained,48,"biggrid50-goal(3,38)",31,"biggrid50-goal(46,17)",0.9455781579017639,0.7972114342876713
constrained,48,"biggrid50-goal(3,38)",32,"biggrid50-goal(40,10)",0.708163321018219,0.117284271125058
constrained,48,"biggrid50-goal(3,38)",33,"biggrid50-goal(46,38)",0.9724487662315369,0.9258235969713411
constrained,48,"biggrid50-goal(3,38)",34,"biggrid50-goal(27,31)",0.923129141330719,0.5799249930621514
constrained,48,"biggrid50-goal(3,38)",35,"biggrid50-goal(21,31)",0.905102014541626,0.5791854701311031
constrained,48,"biggrid50-goal(3,38)",36,"biggrid50-goal(46,10)",0.9411563277244568,0.8603709437573387
constrained,48,"biggrid50-goal(3,38)",37,"biggrid50-goal(9,17)",0.942857027053833,0.7088382930337428
constrained,48,"biggrid50-goal(3,38)",38,"biggrid50-goal(33,24)",0.9037414789199829,0.5450160672056021
constrained,48,"biggrid50-goal(3,38)",39,"biggrid50-goal(40,17)",0.9744896292686462,0.8931617136242761
constrained,48,"biggrid50-goal(3,38)",40,"biggrid50-goal(40,38)",0.7159863710403442,0.21226405736685905
constrained,48,"biggrid50-goal(3,38)",41,"biggrid50-goal(33,38)",0.8612244129180908,0.5288680780111132
constrained,48,"biggrid50-goal(3,38)",42,"biggrid50-goal(9,45)",0.9904759526252747,0.9713401249729611
constrained,48,"biggrid50-goal(3,38)",43,"biggrid50-goal(9,38)",0.98061203956604,0.9355196679523378
constrained,48,"biggrid50-goal(3,38)",44,"biggrid50-goal(9,3)",0.6513605713844299,-0.0009764707513126139
constrained,48,"biggrid50-goal(3,38)",45,"biggrid50-goal(40,24)",0.9503399729728699,0.8249394705175247
constrained,48,"biggrid50-goal(3,38)",46,"biggrid50-goal(33,31)",0.9370747208595276,0.7127324041927516
constrained,48,"biggrid50-goal(3,38)",47,"biggrid50-goal(46,45)",0.6248300075531006,0.14096598793016643
constrained,48,"biggrid50-goal(3,38)",48,"biggrid50-goal(3,38)",0.7377550601959229,0.22590350316958466
constrained,49,"biggrid50-goal(46,3)",0,"biggrid50-goal(40,31)",0.938775360584259,0.8224847561370774
constrained,49,"biggrid50-goal(46,3)",1,"biggrid50-goal(9,31)",0.94047611951828,0.7269887831509422
constrained,49,"biggrid50-goal(46,3)",2,"biggrid50-goal(15,31)",0.9044217467308044,0.5567821273027243
constrained,49,"biggrid50-goal(46,3)",3,"biggrid50-goal(9,24)",0.9578230977058411,0.7469387974057696
constrained,49,"biggrid50-goal(46,3)",4,"biggrid50-goal(21,17)",0.7884353399276733,0.24238719369161502
constrained,49,"biggrid50-goal(46,3)",5,"biggrid50-goal(27,3)",0.8238094449043274,0.381122823164281
constrained,49,"biggrid50-goal(46,3)",6,"biggrid50-goal(3,31)",0.9517005085945129,0.809905641455359
constrained,49,"biggrid50-goal(46,3)",7,"biggrid50-goal(33,10)",0.97278892993927,0.8944583989800153
constrained,49,"biggrid50-goal(46,3)",8,"biggrid50-goal(27,45)",0.6942176818847656,0.135576981727095
constrained,49,"biggrid50-goal(46,3)",9,"biggrid50-goal(21,45)",0.953061044216156,0.8413787213574592
constrained,49,"biggrid50-goal(46,3)",10,"biggrid50-goal(33,3)",0.9486392736434937,0.8051605358339642
constrained,49,"biggrid50-goal(46,3)",11,"biggrid50-goal(21,24)",0.8962583541870117,0.49503241896419464
constrained,49,"biggrid50-goal(46,3)",12,"biggrid50-goal(21,3)",0.9999999403953552,0.9999998078534521
constrained,49,"biggrid50-goal(46,3)",13,"biggrid50-goal(3,17)",0.9244897365570068,0.7047870629895352
constrained,49,"biggrid50-goal(46,3)",14,"biggrid50-goal(15,45)",0.9227890372276306,0.6789247100213384
constrained,49,"biggrid50-goal(46,3)",15,"biggrid50-goal(3,24)",0.9564625024795532,0.7450196060087626
constrained,49,"biggrid50-goal(46,3)",16,"biggrid50-goal(3,10)",0.7585033178329468,0.24226223783547632
constrained,49,"biggrid50-goal(46,3)",17,"biggrid50-goal(46,31)",0.8486393094062805,0.5325625453050111
constrained,49,"biggrid50-goal(46,3)",18,"biggrid50-goal(46,24)",0.9734691977500916,0.9119632356867794
constrained,49,"biggrid50-goal(46,3)",19,"biggrid50-goal(3,45)",0.9680271148681641,0.9059997332883323
constrained,49,"biggrid50-goal(46,3)",20,"biggrid50-goal(21,10)",0.7571429014205933,0.13975920657457894
constrained,49,"biggrid50-goal(46,3)",21,"biggrid50-goal(40,3)",0.9908161163330078,0.9778864701019565
constrained,49,"biggrid50-goal(46,3)",22,"biggrid50-goal(15,38)",0.9829930067062378,0.8993952360737169
constrained,49,"biggrid50-goal(46,3)",23,"biggrid50-goal(40,45)",0.8418365716934204,0.6522060417545367
constrained,49,"biggrid50-goal(46,3)",24,"biggrid50-goal(15,17)",0.9445577263832092,0.7323476094012569
constrained,49,"biggrid50-goal(46,3)",25,"biggrid50-goal(15,24)",0.9261904358863831,0.5966540026500627
constrained,49,"biggrid50-goal(46,3)",26,"biggrid50-goal(21,38)",0.8799318075180054,0.3707656760377676
constrained,49,"biggrid50-goal(46,3)",27,"biggrid50-goal(33,17)",0.9438773989677429,0.7916661688325769
constrained,49,"biggrid50-goal(46,3)",28,"biggrid50-goal(27,17)",0.7846938967704773,0.190537121365079
constrained,49,"biggrid50-goal(46,3)",29,"biggrid50-goal(3,3)",0.7622447609901428,0.35812637643621653
constrained,49,"biggrid50-goal(46,3)",30,"biggrid50-goal(9,10)",0.9751699566841125,0.8785353293109376
constrained,49,"biggrid50-goal(46,3)",31,"biggrid50-goal(46,17)",0.9197277426719666,0.7008867156562038
constrained,49,"biggrid50-goal(46,3)",32,"biggrid50-goal(40,10)",0.7057822346687317,0.11008222106118282
constrained,49,"biggrid50-goal(46,3)",33,"biggrid50-goal(46,38)",0.9683672785758972,0.9148349757050307
constrained,49,"biggrid50-goal(46,3)",34,"biggrid50-goal(27,31)",0.9551019668579102,0.7546464042401003
constrained,49,"biggrid50-goal(46,3)",35,"biggrid50-goal(21,31)",0.8945577144622803,0.5324279477321396
constrained,49,"biggrid50-goal(46,3)",36,"biggrid50-goal(46,10)",0.9673468470573425,0.9225179402913386
constrained,49,"biggrid50-goal(46,3)",37,"biggrid50-goal(9,17)",0.939115583896637,0.6897744445848235
constrained,49,"biggrid50-goal(46,3)",38,"biggrid50-goal(33,24)",0.8897958397865295,0.4790993912887178
constrained,49,"biggrid50-goal(46,3)",39,"biggrid50-goal(40,17)",0.9704080820083618,0.8760680571015048
constrained,49,"biggrid50-goal(46,3)",40,"biggrid50-goal(40,38)",0.7176870703697205,0.21698109152563894
constrained,49,"biggrid50-goal(46,3)",41,"biggrid50-goal(33,38)",0.8377549648284912,0.44919119521799483
constrained,49,"biggrid50-goal(46,3)",42,"biggrid50-goal(9,45)",0.9833330512046814,0.9498456222694226
constrained,49,"biggrid50-goal(46,3)",43,"biggrid50-goal(9,38)",0.93265300989151,0.7760178901025795
constrained,49,"biggrid50-goal(46,3)",44,"biggrid50-goal(9,3)",0.6571428775787354,0.015625072195688434
constrained,49,"biggrid50-goal(46,3)",45,"biggrid50-goal(40,24)",0.9306121468544006,0.755395334265833
constrained,49,"biggrid50-goal(46,3)",46,"biggrid50-goal(33,31)",0.9098637700080872,0.5885084907275057
constrained,49,"biggrid50-goal(46,3)",47,"biggrid50-goal(46,45)",0.6602039933204651,0.22196248959185325
constrained,49,"biggrid50-goal(46,3)",48,"biggrid50-goal(3,38)",0.8292515277862549,0.4959834333560298
constrained,49,"biggrid50-goal(46,3)",49,"biggrid50-goal(46,3)",0.6224489212036133,-0.05313109289607493
