method,after_task,after_task_name,eval_task,eval_task_name,raw,normalized
baseline,0,"biggrid50-goal(40,31)",0,"biggrid50-goal(40,31)",0.938775360584259,0.8224847561370774
baseline,1,"biggrid50-goal(9,31)",0,"biggrid50-goal(40,31)",0.6884353160858154,0.09664668715253817
baseline,1,"biggrid50-goal(9,31)",1,"biggrid50-goal(9,31)",0.9132652282714844,0.6021837726120797
baseline,2,"biggrid50-goal(15,31)",0,"biggrid50-goal(40,31)",0.7153061032295227,0.17455607752417857
baseline,2,"biggrid50-goal(15,31)",1,"biggrid50-goal(9,31)",0.8945577144622803,0.5163802082621402
baseline,2,"biggrid50-goal(15,31)",2,"biggrid50-goal(15,31)",0.9193876385688782,0.6261823362059601
baseline,3,"biggrid50-goal(9,24)",0,"biggrid50-goal(40,31)",0.692176878452301,0.10749500512146788
baseline,3,"biggrid50-goal(9,24)",1,"biggrid50-goal(9,31)",0.9054420590400696,0.5663021578013554
baseline,3,"biggrid50-goal(9,24)",2,"biggrid50-goal(15,31)",0.897959291934967,0.5268142698765569
baseline,3,"biggrid50-goal(9,24)",3,"biggrid50-goal(9,24)",0.9149658679962158,0.4897956337249951
baseline,4,"biggrid50-goal(21,17)",0,"biggrid50-goal(40,31)",0.7251700162887573,0.20315559152478724
baseline,4,"biggrid50-goal(21,17)",1,"biggrid50-goal(9,31)",0.840135931968689,0.2667701871844151
baseline,4,"biggrid50-goal(21,17)",2,"biggrid50-goal(15,31)",0.8496598601341248,0.3028389336150404
baseline,4,"biggrid50-goal(21,17)",3,"biggrid50-goal(9,24)",0.9302720427513123,0.5816326056208325
baseline,4,"biggrid50-goal(21,17)",4,"biggrid50-goal(21,17)",0.8278911709785461,0.38367847966282653
baseline,5,"biggrid50-goal(27,3)",0,"biggrid50-goal(40,31)",0.7734693884849548,0.34319520491660915
baseline,5,"biggrid50-goal(27,3)",1,"biggrid50-goal(9,31)",0.8003400564193726,0.08424310189754203
baseline,5,"biggrid50-goal(27,3)",2,"biggrid50-goal(15,31)",0.7996598482131958,0.07097762457838612
baseline,5,"biggrid50-goal(27,3)",3,"biggrid50-goal(9,24)",0.8068026304244995,-0.15918325015512097
baseline,5,"biggrid50-goal(27,3)",4,"biggrid50-goal(21,17)",0.784013569355011,0.22655283831647197
baseline,5,"biggrid50-goal(27,3)",5,"biggrid50-goal(27,3)",0.9153060913085938,0.7025088712748654
baseline,6,"biggrid50-goal(3,31)",0,"biggrid50-goal(40,31)",0.7204080820083618,0.18934879848998354
baseline,6,"biggrid50-goal(3,31)",1,"biggrid50-goal(9,31)",0.8833333253860474,0.4648986164154745
baseline,6,"biggrid50-goal(3,31)",2,"biggrid50-goal(15,31)",0.8914965391159058,0.4968450304496229
baseline,6,"biggrid50-goal(3,31)",3,"biggrid50-goal(9,24)",0.9734691381454468,0.840814961707028
baseline,6,"biggrid50-goal(3,31)",4,"biggrid50-goal(21,17)",0.7534013390541077,0.1169304765397115
baseline,6,"biggrid50-goal(3,31)",5,"biggrid50-goal(27,3)",0.6765305995941162,-0.1362006845783127
baseline,6,"biggrid50-goal(3,31)",6,"biggrid50-goal(3,31)",0.9765304327011108,0.9076298277439879
baseline,7,"biggrid50-goal(33,10)",0,"biggrid50-goal(40,31)",0.6948979496955872,0.11538450238808853
baseline,7,"biggrid50-goal(33,10)",1,"biggrid50-goal(9,31)",0.7775509357452393,-0.020281091011484762
baseline,7,"biggrid50-goal(33,10)",2,"biggrid50-goal(15,31)",0.7914965152740479,0.033122412376314386
baseline,7,"biggrid50-goal(33,10)",3,"biggrid50-goal(9,24)",0.7986394166946411,-0.20816249166280726
baseline,7,"biggrid50-goal(33,10)",4,"biggrid50-goal(21,17)",0.7578231692314148,0.13276504535901948
baseline,7,"biggrid50-goal(33,10)",5,"biggrid50-goal(27,3)",0.7891156077384949,0.2592591739628266
baseline,7,"biggrid50-goal(33,10)",6,"biggrid50-goal(3,31)",0.7034013867378235,-0.16733575225386796
baseline,7,"biggrid50-goal(33,10)",7,"biggrid50-goal(33,10)",0.8925169706344604,0.5831133808262755
baseline,8,"biggrid50-goal(27,45)",0,"biggrid50-goal(40,31)",0.8088434934616089,0.4457591878373304
baseline,8,"biggrid50-goal(27,45)",1,"biggrid50-goal(9,31)",0.815646231174469,0.154446142448242
baseline,8,"biggrid50-goal(27,45)",2,"biggrid50-goal(15,31)",0.8329931497573853,0.22555164633605337
baseline,8,"biggrid50-goal(27,45)",3,"biggrid50-goal(9,24)",0.7870747447013855,-0.27755046572050335
baseline,8,"biggrid50-goal(27,45)",4,"biggrid50-goal(21,17)",0.7408163547515869,0.07186366211276426
baseline,8,"biggrid50-goal(27,45)",5,"biggrid50-goal(27,3)",0.6928571462631226,-0.07885296179882174
baseline,8,"biggrid50-goal(27,45)",6,"biggrid50-goal(3,31)",0.7636054754257202,0.06961203514230023
baseline,8,"biggrid50-goal(27,45)",7,"biggrid50-goal(33,10)",0.7540816068649292,0.04617419036401109
baseline,8,"biggrid50-goal(27,45)",8,"biggrid50-goal(27,45)",0.7472789287567139,0.28557703227641446
baseline,9,"biggrid50-goal(21,45)",0,"biggrid50-goal(40,31)",0.8357142210006714,0.5236684053907532
baseline,9,"biggrid50-goal(21,45)",1,"biggrid50-goal(9,31)",0.8149659037590027,0.15132576430674516
baseline,9,"biggrid50-goal(21,45)",2,"biggrid50-goal(15,31)",0.8394557237625122,0.25552005656252735
baseline,9,"biggrid50-goal(21,45)",3,"biggrid50-goal(9,24)",0.7870748043060303,-0.2775501080929331
baseline,9,"biggrid50-goal(21,45)",4,"biggrid50-goal(21,17)",0.7363945841789246,0.0560293067376212
baseline,9,"biggrid50-goal(21,45)",5,"biggrid50-goal(27,3)",0.6636054515838623,-0.18160084298309323
baseline,9,"biggrid50-goal(21,45)",6,"biggrid50-goal(3,31)",0.7551020383834839,0.0361446970207022
baseline,9,"biggrid50-goal(21,45)",7,"biggrid50-goal(33,10)",0.7469387650489807,0.018469768619287005
baseline,9,"biggrid50-goal(21,45)",8,"biggrid50-goal(27,45)",0.701020359992981,0.1548076278249066
baseline,9,"biggrid50-goal(21,45)",9,"biggrid50-goal(21,45)",0.9520407319068909,0.8379307698551792
baseline,10,"biggrid50-goal(33,3)",0,"biggrid50-goal(40,31)",0.6853742003440857,0.08777126195491622
baseline,10,"biggrid50-goal(33,3)",1,"biggrid50-goal(9,31)",0.7843536734580994,0.010920229968643124
baseline,10,"biggrid50-goal(33,3)",2,"biggrid50-goal(15,31)",0.7833333611488342,-0.004731970625297303
baseline,10,"biggrid50-goal(33,3)",3,"biggrid50-goal(9,24)",0.8187074661254883,-0.08775429555415286
baseline,10,"biggrid50-goal(33,3)",4,"biggrid50-goal(21,17)",0.7534013390541077,0.1169304765397115
baseline,10,"biggrid50-goal(33,3)",5,"biggrid50-goal(27,3)",0.7802721261978149,0.22819605093490433
baseline,10,"biggrid50-goal(33,3)",6,"biggrid50-goal(3,31)",0.726190447807312,-0.07764387725108221
baseline,10,"biggrid50-goal(33,3)",7,"biggrid50-goal(33,10)",0.8619046807289124,0.46437971543536033
baseline,10,"biggrid50-goal(33,3)",8,"biggrid50-goal(27,45)",0.6401360630989075,-0.017307581488030428
baseline,10,"biggrid50-goal(33,3)",9,"biggrid50-goal(21,45)",0.7091836333274841,0.017241368891936188
baseline,10,"biggrid50-goal(33,3)",10,"biggrid50-goal(33,3)",0.9241495132446289,0.7122574144772128
baseline,11,"biggrid50-goal(21,24)",0,"biggrid50-goal(40,31)",0.7255101799964905,0.20414186509222357
baseline,11,"biggrid50-goal(21,24)",1,"biggrid50-goal(9,31)",0.8428571224212646,0.27925115298710457
baseline,11,"biggrid50-goal(21,24)",2,"biggrid50-goal(15,31)",0.8452380895614624,0.28233418823900763
baseline,11,"biggrid50-goal(21,24)",3,"biggrid50-goal(9,24)",0.899319589138031,0.3959180389134559
baseline,11,"biggrid50-goal(21,24)",4,"biggrid50-goal(21,17)",0.7574828863143921,0.13154649262144866
baseline,11,"biggrid50-goal(21,24)",5,"biggrid50-goal(27,3)",0.7170068621635437,0.005973991551326311
baseline,11,"biggrid50-goal(21,24)",6,"biggrid50-goal(3,31)",0.8105441331863403,0.2543505029460801
baseline,11,"biggrid50-goal(21,24)",7,"biggrid50-goal(33,10)",0.8343536853790283,0.35751967088616377
baseline,11,"biggrid50-goal(21,24)",8,"biggrid50-goal(27,45)",0.66700679063797,0.05865389184265412
baseline,11,"biggrid50-goal(21,24)",9,"biggrid50-goal(21,45)",0.8204081058502197,0.3931033315896853
baseline,11,"biggrid50-goal(21,24)",10,"biggrid50-goal(33,3)",0.7479591369628906,0.04387047875395359
baseline,11,"biggrid50-goal(21,24)",11,"biggrid50-goal(21,24)",0.8952379822731018,0.4900657083140398
baseline,12,"biggrid50-goal(21,3)",0,"biggrid50-goal(40,31)",0.7170067429542542,0.17948692690670773
baseline,12,"biggrid50-goal(21,3)",1,"biggrid50-goal(9,31)",0.7809523940086365,-0.004680020448947344
baseline,12,"biggrid50-goal(21,3)",2,"biggrid50-goal(15,31)",0.784013569355011,-0.0015776920753035634
baseline,12,"biggrid50-goal(21,3)",3,"biggrid50-goal(9,24)",0.7969387173652649,-0.21836667912402702
baseline,12,"biggrid50-goal(21,3)",4,"biggrid50-goal(21,17)",0.7676870226860046,0.16808749332453374
baseline,12,"biggrid50-goal(21,3)",5,"biggrid50-goal(27,3)",0.788095235824585,0.25567507214159035
baseline,12,"biggrid50-goal(21,3)",6,"biggrid50-goal(3,31)",0.7125850915908813,-0.13119105523316574
baseline,12,"biggrid50-goal(21,3)",7,"biggrid50-goal(33,10)",0.9231290817260742,0.7018463526645714
baseline,12,"biggrid50-goal(21,3)",8,"biggrid50-goal(27,45)",0.6472789645195007,0.00288484966126901
baseline,12,"biggrid50-goal(21,3)",9,"biggrid50-goal(21,45)",0.7265306115150452,0.07586218426257285
baseline,12,"biggrid50-goal(21,3)",10,"biggrid50-goal(33,3)",0.9139454364776611,0.6735477428930368
baseline,12,"biggrid50-goal(21,3)",11,"biggrid50-goal(21,24)",0.8183673024177551,0.1158938802604658
baseline,12,"biggrid50-goal(21,3)",12,"biggrid50-goal(21,3)",0.9333332180976868,0.7850873527028582
baseline,13,"biggrid50-goal(3,17)",0,"biggrid50-goal(40,31)",0.688095211982727,0.09566058640331936
baseline,13,"biggrid50-goal(3,17)",1,"biggrid50-goal(9,31)",0.9180270433425903,0.6240242325493659
baseline,13,"biggrid50-goal(3,17)",2,"biggrid50-goal(15,31)",0.8598639369010925,0.35015753426740004
baseline,13,"biggrid50-goal(3,17)",3,"biggrid50-goal(9,24)",0.9102039933204651,0.46122440951217814
baseline,13,"biggrid50-goal(3,17)",4,"biggrid50-goal(21,17)",0.764285683631897,0.15590730205294867
baseline,13,"biggrid50-goal(3,17)",5,"biggrid50-goal(27,3)",0.6741496324539185,-0.1445639377678158
baseline,13,"biggrid50-goal(3,17)",6,"biggrid50-goal(3,31)",0.9445577263832092,0.7817934903090306
baseline,13,"biggrid50-goal(3,17)",7,"biggrid50-goal(33,10)",0.7071428298950195,-0.1358838345599582
baseline,13,"biggrid50-goal(3,17)",8,"biggrid50-goal(27,45)",0.6741496920585632,0.07884632299195356
baseline,13,"biggrid50-goal(3,17)",9,"biggrid50-goal(21,45)",0.8098638653755188,0.3574710752158192
baseline,13,"biggrid50-goal(3,17)",10,"biggrid50-goal(33,3)",0.6690475344657898,-0.2554846012403664
baseline,13,"biggrid50-goal(3,17)",11,"biggrid50-goal(21,24)",0.8261903524398804,0.15397296234015367
baseline,13,"biggrid50-goal(3,17)",12,"biggrid50-goal(21,3)",0.7241496443748474,0.11074558432822013
baseline,13,"biggrid50-goal(3,17)",13,"biggrid50-goal(3,17)",0.886054277420044,0.5545208043406731
baseline,14,"biggrid50-goal(15,45)",0,"biggrid50-goal(40,31)",0.7653061151504517,0.31952654029852967
baseline,14,"biggrid50-goal(15,45)",1,"biggrid50-goal(9,31)",0.8238094449043274,0.1918873995664167
baseline,14,"biggrid50-goal(15,45)",2,"biggrid50-goal(15,31)",0.8482993245124817,0.2965298237147462
baseline,14,"biggrid50-goal(15,45)",3,"biggrid50-goal(9,24)",0.8020408153533936,-0.18775411674036774
baseline,14,"biggrid50-goal(15,45)",4,"biggrid50-goal(21,17)",0.727891206741333,0.025578721836576047
baseline,14,"biggrid50-goal(15,45)",5,"biggrid50-goal(27,3)",0.6537414789199829,-0.2162484865601939
baseline,14,"biggrid50-goal(15,45)",6,"biggrid50-goal(3,31)",0.7758502960205078,0.11780449532617542
baseline,14,"biggrid50-goal(15,45)",7,"biggrid50-goal(33,10)",0.7122449278831482,-0.11609469767463367
baseline,14,"biggrid50-goal(15,45)",8,"biggrid50-goal(27,45)",0.6884353756904602,0.1192308482950894
baseline,14,"biggrid50-goal(15,45)",9,"biggrid50-goal(21,45)",0.9438773989677429,0.8103443379210009
baseline,14,"biggrid50-goal(15,45)",10,"biggrid50-goal(33,3)",0.6571428179740906,-0.30064573401312
baseline,14,"biggrid50-goal(15,45)",11,"biggrid50-goal(21,24)",0.8319727182388306,0.18211891324808197
baseline,14,"biggrid50-goal(15,45)",12,"biggrid50-goal(21,3)",0.6690475940704346,-0.06688602116571084
baseline,14,"biggrid50-goal(15,45)",13,"biggrid50-goal(3,17)",0.7078231573104858,-0.14228688821797322
baseline,14,"biggrid50-goal(15,45)",14,"biggrid50-goal(15,45)",0.890816330909729,0.5459689018845112
baseline,15,"biggrid50-goal(3,24)",0,"biggrid50-goal(40,31)",0.6792516708374023,0.07001954746858467
baseline,15,"biggrid50-goal(3,24)",1,"biggrid50-goal(9,31)",0.8918367028236389,0.5039000626043976
baseline,15,"biggrid50-goal(3,24)",2,"biggrid50-goal(15,31)",0.865646243095398,0.37697138954372694
baseline,15,"biggrid50-goal(3,24)",3,"biggrid50-goal(9,24)",0.9207481145858765,0.5244890843124879
baseline,15,"biggrid50-goal(3,24)",4,"biggrid50-goal(21,17)",0.7527210712432861,0.11449443828539449
baseline,15,"biggrid50-goal(3,24)",5,"biggrid50-goal(27,3)",0.6772108674049377,-0.13381121357616482
baseline,15,"biggrid50-goal(3,24)",6,"biggrid50-goal(3,31)",0.9350338578224182,0.7443099965445109
baseline,15,"biggrid50-goal(3,24)",7,"biggrid50-goal(33,10)",0.7095237970352173,-0.1266489502503147
baseline,15,"biggrid50-goal(3,24)",8,"biggrid50-goal(27,45)",0.6710883975028992,0.07019227950134108
baseline,15,"biggrid50-goal(3,24)",9,"biggrid50-goal(21,45)",0.801360547542572,0.3287357289593483
baseline,15,"biggrid50-goal(3,24)",10,"biggrid50-goal(33,3)",0.6693877577781677,-0.2541939472215665
baseline,15,"biggrid50-goal(3,24)",11,"biggrid50-goal(21,24)",0.8190476298332214,0.11920540753196926
baseline,15,"biggrid50-goal(3,24)",12,"biggrid50-goal(21,3)",0.7176870107650757,0.08991209487581665
baseline,15,"biggrid50-goal(3,24)",13,"biggrid50-goal(3,17)",0.8812923431396484,0.5359036715077613
baseline,15,"biggrid50-goal(3,24)",14,"biggrid50-goal(15,45)",0.8397958278656006,0.333804434281046
baseline,15,"biggrid50-goal(3,24)",15,"biggrid50-goal(3,24)",0.9108842015266418,0.4780871042275882
baseline,16,"biggrid50-goal(3,10)",0,"biggrid50-goal(40,31)",0.7034013867378235,0.1400394405736044
baseline,16,"biggrid50-goal(3,10)",1,"biggrid50-goal(9,31)",0.8625849485397339,0.3697344644043424
baseline,16,"biggrid50-goal(3,10)",2,"biggrid50-goal(15,31)",0.83299320936203,0.22555192273620672
baseline,16,"biggrid50-goal(3,10)",3,"biggrid50-goal(9,24)",0.9346938729286194,0.6081635645455179
baseline,16,"biggrid50-goal(3,10)",4,"biggrid50-goal(21,17)",0.760204017162323,0.14129085908288164
baseline,16,"biggrid50-goal(3,10)",5,"biggrid50-goal(27,3)",0.7088435292243958,-0.022700079202390266
baseline,16,"biggrid50-goal(3,10)",6,"biggrid50-goal(3,31)",0.8666666150093079,0.4752341369476232
baseline,16,"biggrid50-goal(3,10)",7,"biggrid50-goal(33,10)",0.8571427464485168,0.4459099468160733
baseline,16,"biggrid50-goal(3,10)",8,"biggrid50-goal(27,45)",0.6612244844436646,0.042307758410648516
baseline,16,"biggrid50-goal(3,10)",9,"biggrid50-goal(21,45)",0.7734693288803101,0.23448265721484557
baseline,16,"biggrid50-goal(3,10)",10,"biggrid50-goal(33,3)",0.8040816783905029,0.2567741246932775
baseline,16,"biggrid50-goal(3,10)",11,"biggrid50-goal(21,24)",0.8452379703521729,0.24668818259994638
baseline,16,"biggrid50-goal(3,10)",12,"biggrid50-goal(21,3)",0.8996597528457642,0.6765347369254362
baseline,16,"biggrid50-goal(3,10)",13,"biggrid50-goal(3,17)",0.895578145980835,0.5917550700064969
baseline,16,"biggrid50-goal(3,10)",14,"biggrid50-goal(15,45)",0.7717686295509338,0.0509190558185222
baseline,16,"biggrid50-goal(3,10)",15,"biggrid50-goal(3,24)",0.9363945126533508,0.6274900224562369
baseline,16,"biggrid50-goal(3,10)",16,"biggrid50-goal(3,10)",0.8292515873908997,0.46424721489935333
baseline,17,"biggrid50-goal(46,31)",0,"biggrid50-goal(40,31)",0.8513603806495667,0.5690330146738221
baseline,17,"biggrid50-goal(46,31)",1,"biggrid50-goal(9,31)",0.7615646123886108,-0.09360368955873467
baseline,17,"biggrid50-goal(46,31)",2,"biggrid50-goal(15,31)",0.7663264870643616,-0.0835966735794345
baseline,17,"biggrid50-goal(46,31)",3,"biggrid50-goal(9,24)",0.7374149560928345,-0.575508948735876
baseline,17,"biggrid50-goal(46,31)",4,"biggrid50-goal(21,17)",0.7408162951469421,0.07186344866859934
baseline,17,"biggrid50-goal(46,31)",5,"biggrid50-goal(27,3)",0.7210884094238281,0.0203106082002424
baseline,17,"biggrid50-goal(46,31)",6,"biggrid50-goal(3,31)",0.6792517304420471,-0.26238257964339257
baseline,17,"biggrid50-goal(46,31)",7,"biggrid50-goal(33,10)",0.8268706798553467,0.3284958808754021
baseline,17,"biggrid50-goal(46,31)",8,"biggrid50-goal(27,45)",0.6687074899673462,0.06346163761597277
baseline,17,"biggrid50-goal(46,31)",9,"biggrid50-goal(21,45)",0.7537415027618408,0.1678162188270882
baseline,17,"biggrid50-goal(46,31)",10,"biggrid50-goal(33,3)",0.7605441212654114,0.09161224122477368
baseline,17,"biggrid50-goal(46,31)",11,"biggrid50-goal(21,24)",0.8010204434394836,0.03145718805088159
baseline,17,"biggrid50-goal(46,31)",12,"biggrid50-goal(21,3)",0.7197278141975403,0.09649100052821086
baseline,17,"biggrid50-goal(46,31)",13,"biggrid50-goal(3,17)",0.6853741407394409,-0.23005297209527334
baseline,17,"biggrid50-goal(46,31)",14,"biggrid50-goal(15,45)",0.7520408630371094,-0.031117200777985788
baseline,17,"biggrid50-goal(46,31)",15,"biggrid50-goal(3,24)",0.6816326975822449,-0.8645403348293685
baseline,17,"biggrid50-goal(46,31)",16,"biggrid50-goal(3,10)",0.6517006754875183,-0.09284959259580657
baseline,17,"biggrid50-goal(46,31)",17,"biggrid50-goal(46,31)",0.8295917510986328,0.47373919996642505
baseline,18,"biggrid50-goal(46,24)",0,"biggrid50-goal(40,31)",0.9557821750640869,0.8717944596898916
baseline,18,"biggrid50-goal(46,24)",1,"biggrid50-goal(9,31)",0.7829931974411011,0.004680293830596327
baseline,18,"biggrid50-goal(46,24)",2,"biggrid50-goal(15,31)",0.7816326022148132,-0.012618772600895039
baseline,18,"biggrid50-goal(46,24)",3,"biggrid50-goal(9,24)",0.7778910398483276,-0.3326526488580058
baseline,18,"biggrid50-goal(46,24)",4,"biggrid50-goal(21,17)",0.7510203719139099,0.10840423592751948
baseline,18,"biggrid50-goal(46,24)",5,"biggrid50-goal(27,3)",0.7176870107650757,0.008363043825531978
baseline,18,"biggrid50-goal(46,24)",6,"biggrid50-goal(3,31)",0.7153061032295227,-0.12048185422527959
baseline,18,"biggrid50-goal(46,24)",7,"biggrid50-goal(33,10)",0.8557822704315186,0.44063316730454244
baseline,18,"biggrid50-goal(46,24)",8,"biggrid50-goal(27,45)",0.6687074899673462,0.06346163761597277
baseline,18,"biggrid50-goal(46,24)",9,"biggrid50-goal(21,45)",0.7744898200035095,0.23793121298482664
baseline,18,"biggrid50-goal(46,24)",10,"biggrid50-goal(33,3)",0.7646257877349854,0.10709624552635078
baseline,18,"biggrid50-goal(46,24)",11,"biggrid50-goal(21,24)",0.8261904120445251,0.15397325246870383
baseline,18,"biggrid50-goal(46,24)",12,"biggrid50-goal(21,3)",0.7534013390541077,0.2050438084521808
baseline,18,"biggrid50-goal(46,24)",13,"biggrid50-goal(3,17)",0.7020408511161804,-0.16489324020883103
baseline,18,"biggrid50-goal(46,24)",14,"biggrid50-goal(15,45)",0.7571429014205933,-0.009900803589818964
baseline,18,"biggrid50-goal(46,24)",15,"biggrid50-goal(3,24)",0.7197278141975403,-0.6414336245930178
baseline,18,"biggrid50-goal(46,24)",16,"biggrid50-goal(3,10)",0.6574829816818237,-0.07470660314971468
baseline,18,"biggrid50-goal(46,24)",17,"biggrid50-goal(46,31)",0.8397957682609558,0.505251607787179
baseline,18,"biggrid50-goal(46,24)",18,"biggrid50-goal(46,24)",0.9826527833938599,0.9424369905794908
baseline,19,"biggrid50-goal(3,45)",0,"biggrid50-goal(40,31)",0.7585033178329468,0.2998024514955429
baseline,19,"biggrid50-goal(3,45)",1,"biggrid50-goal(9,31)",0.8642857074737549,0.3775351363764356
baseline,19,"biggrid50-goal(3,45)",2,"biggrid50-goal(15,31)",0.8901359438896179,0.4905356441491754
baseline,19,"biggrid50-goal(3,45)",3,"biggrid50-goal(9,24)",0.8755101561546326,0.2530615602218006
baseline,19,"biggrid50-goal(3,45)",4,"biggrid50-goal(21,17)",0.7438775300979614,0.08282572753510836
baseline,19,"biggrid50-goal(3,45)",5,"biggrid50-goal(27,3)",0.6476190686225891,-0.2377537255795247
baseline,19,"biggrid50-goal(3,45)",6,"biggrid50-goal(3,31)",0.9064624309539795,0.6318602190165439
baseline,19,"biggrid50-goal(3,45)",7,"biggrid50-goal(33,10)",0.701700747013092,-0.156991646158701
baseline,19,"biggrid50-goal(3,45)",8,"biggrid50-goal(27,45)",0.6778911352157593,0.08942309409688418
baseline,19,"biggrid50-goal(3,45)",9,"biggrid50-goal(21,45)",0.9064624905586243,0.6839077669951802
baseline,19,"biggrid50-goal(3,45)",10,"biggrid50-goal(33,3)",0.656802773475647,-0.3019357096923866
baseline,19,"biggrid50-goal(3,45)",11,"biggrid50-goal(21,24)",0.8272107839584351,0.1589399631188587
baseline,19,"biggrid50-goal(3,45)",12,"biggrid50-goal(21,3)",0.6959183216094971,0.01973671695718264
baseline,19,"biggrid50-goal(3,45)",13,"biggrid50-goal(3,17)",0.7734693884849548,0.1143618880548531
baseline,19,"biggrid50-goal(3,45)",14,"biggrid50-goal(15,45)",0.8656461834907532,0.44130096236951055
baseline,19,"biggrid50-goal(3,45)",15,"biggrid50-goal(3,24)",0.8639455437660217,0.20318757782274688
baseline,19,"biggrid50-goal(3,45)",16,"biggrid50-goal(3,10)",0.6625850200653076,-0.05869807204905009
baseline,19,"biggrid50-goal(3,45)",17,"biggrid50-goal(46,31)",0.6948979496955872,0.05777302378115024
baseline,19,"biggrid50-goal(3,45)",18,"biggrid50-goal(46,24)",0.6806122064590454,-0.0598197385675209
baseline,19,"biggrid50-goal(3,45)",19,"biggrid50-goal(3,45)",0.9955781102180481,0.9869996461952318
baseline,20,"biggrid50-goal(21,10)",0,"biggrid50-goal(40,31)",0.75,0.2751478589464621
baseline,20,"biggrid50-goal(21,10)",1,"biggrid50-goal(9,31)",0.8214285373687744,0.1809671695977736
baseline,20,"biggrid50-goal(21,10)",2,"biggrid50-goal(15,31)",0.8425170183181763,0.2697159684384193
baseline,20,"biggrid50-goal(21,10)",3,"biggrid50-goal(9,24)",0.8850339651107788,0.31020436627500486
baseline,20,"biggrid50-goal(21,10)",4,"biggrid50-goal(21,17)",0.7897958159446716,0.24725905675608412
baseline,20,"biggrid50-goal(21,10)",5,"biggrid50-goal(27,3)",0.7102040648460388,-0.017921137198094537
baseline,20,"biggrid50-goal(21,10)",6,"biggrid50-goal(3,31)",0.7942176461219788,0.19009365477904927
baseline,20,"biggrid50-goal(21,10)",7,"biggrid50-goal(33,10)",0.865646243095398,0.4788918416249475
baseline,20,"biggrid50-goal(21,10)",8,"biggrid50-goal(27,45)",0.6632653474807739,0.04807712073772351
baseline,20,"biggrid50-goal(21,10)",9,"biggrid50-goal(21,45)",0.8146257996559143,0.3735631269403288
baseline,20,"biggrid50-goal(21,10)",10,"biggrid50-goal(33,3)",0.7908162474632263,0.20645105418485749
baseline,20,"biggrid50-goal(21,10)",11,"biggrid50-goal(21,24)",0.9227890372276306,0.624171828053574
baseline,20,"biggrid50-goal(21,10)",12,"biggrid50-goal(21,3)",0.8962583541870117,0.665569702024898
baseline,20,"biggrid50-goal(21,10)",13,"biggrid50-goal(3,17)",0.8027210235595703,0.22872331005220775
baseline,20,"biggrid50-goal(21,10)",14,"biggrid50-goal(15,45)",0.7857142686843872,0.10891082237519646
baseline,20,"biggrid50-goal(21,10)",15,"biggrid50-goal(3,24)",0.8265305161476135,-0.015936143719915957
baseline,20,"biggrid50-goal(21,10)",16,"biggrid50-goal(3,10)",0.7061224579811096,0.07790819715789568
baseline,20,"biggrid50-goal(21,10)",17,"biggrid50-goal(46,31)",0.710204005241394,0.1050417275488705
baseline,20,"biggrid50-goal(21,10)",18,"biggrid50-goal(46,24)",0.7595236897468567,0.20203105623231057
baseline,20,"biggrid50-goal(21,10)",19,"biggrid50-goal(3,45)",0.651020348072052,-0.026000006659029812
baseline,20,"biggrid50-goal(21,10)",20,"biggrid50-goal(21,10)",0.815646231174469,0.3469878653203629
baseline,21,"biggrid50-goal(40,3)",0,"biggrid50-goal(40,31)",0.7102041244506836,0.1597633565583736
baseline,21,"biggrid50-goal(40,3)",1,"biggrid50-goal(9,31)",0.7945577502250671,0.057722074748010464
baseline,21,"biggrid50-goal(40,3)",2,"biggrid50-goal(15,31)",0.8102039694786072,0.11987308810558928
baseline,21,"biggrid50-goal(40,3)",3,"biggrid50-goal(9,24)",0.8207482695579529,-0.07550948517723129
baseline,21,"biggrid50-goal(40,3)",4,"biggrid50-goal(21,17)",0.7700679898262024,0.17661373393672575
baseline,21,"biggrid50-goal(40,3)",5,"biggrid50-goal(27,3)",0.7710884213447571,0.19593787835995152
baseline,21,"biggrid50-goal(40,3)",6,"biggrid50-goal(3,31)",0.7384353876113892,-0.029450947890145945
baseline,21,"biggrid50-goal(40,3)",7,"biggrid50-goal(33,10)",0.8846938014030457,0.5527702225494763
baseline,21,"biggrid50-goal(40,3)",8,"biggrid50-goal(27,45)",0.6585034132003784,0.03461549997152388
baseline,21,"biggrid50-goal(40,3)",9,"biggrid50-goal(21,45)",0.7387754321098328,0.11724122789613928
baseline,21,"biggrid50-goal(40,3)",10,"biggrid50-goal(33,3)",0.8659862279891968,0.491612105556867
baseline,21,"biggrid50-goal(40,3)",11,"biggrid50-goal(21,24)",0.8214284777641296,0.13079430233948058
baseline,21,"biggrid50-goal(40,3)",12,"biggrid50-goal(21,3)",0.8619046807289124,0.5548243098432257
baseline,21,"biggrid50-goal(40,3)",13,"biggrid50-goal(3,17)",0.7894557118415833,0.17686159676891658
baseline,21,"biggrid50-goal(40,3)",14,"biggrid50-goal(15,45)",0.7465986609458923,-0.053748140113783024
baseline,21,"biggrid50-goal(40,3)",15,"biggrid50-goal(3,24)",0.7727890610694885,-0.3306767275820745
baseline,21,"biggrid50-goal(40,3)",16,"biggrid50-goal(3,10)",0.7108842730522156,0.09284921855596684
baseline,21,"biggrid50-goal(40,3)",17,"biggrid50-goal(46,31)",0.6901360750198364,0.0430672334647984
baseline,21,"biggrid50-goal(40,3)",18,"biggrid50-goal(46,24)",0.7129251956939697,0.04740397034013121
baseline,21,"biggrid50-goal(40,3)",19,"biggrid50-goal(3,45)",0.6251700520515442,-0.10199986436607701
baseline,21,"biggrid50-goal(40,3)",20,"biggrid50-goal(21,10)",0.7690476179122925,0.18192771974643324
baseline,21,"biggrid50-goal(40,3)",21,"biggrid50-goal(40,3)",0.8469387292861938,0.6314494925140075
baseline,22,"biggrid50-goal(15,38)",0,"biggrid50-goal(40,31)",0.7316325902938843,0.22189323394212007
baseline,22,"biggrid50-goal(15,38)",1,"biggrid50-goal(9,31)",0.8673468232154846,0.39157519772327765
baseline,22,"biggrid50-goal(15,38)",2,"biggrid50-goal(15,31)",0.8921766877174377,0.49999903259946327
baseline,22,"biggrid50-goal(15,38)",3,"biggrid50-goal(9,24)",0.861564576625824,0.16938815287148118
baseline,22,"biggrid50-goal(15,38)",4,"biggrid50-goal(21,17)",0.7520408034324646,0.11205840003107748
baseline,22,"biggrid50-goal(15,38)",5,"biggrid50-goal(27,3)",0.6619046926498413,-0.18757483453441953
baseline,22,"biggrid50-goal(15,38)",6,"biggrid50-goal(3,31)",0.8636054396629333,0.46318613919591967
baseline,22,"biggrid50-goal(15,38)",7,"biggrid50-goal(33,10)",0.7003401517868042,-0.16226888803864475
baseline,22,"biggrid50-goal(15,38)",8,"biggrid50-goal(27,45)",0.6704082489013672,0.06826955188702294
baseline,22,"biggrid50-goal(15,38)",9,"biggrid50-goal(21,45)",0.8792517185211182,0.5919541352757989
baseline,22,"biggrid50-goal(15,38)",10,"biggrid50-goal(33,3)",0.6574829816818237,-0.29935530610749783
baseline,22,"biggrid50-goal(15,38)",11,"biggrid50-goal(21,24)",0.8551019430160522,0.2947015563655945
baseline,22,"biggrid50-goal(15,38)",12,"biggrid50-goal(21,3)",0.6993197202682495,0.030701751857720862
baseline,22,"biggrid50-goal(15,38)",13,"biggrid50-goal(3,17)",0.779931902885437,0.13962756413184207
baseline,22,"biggrid50-goal(15,38)",14,"biggrid50-goal(15,45)",0.8870747685432434,0.5304099297041706
baseline,22,"biggrid50-goal(15,38)",15,"biggrid50-goal(3,24)",0.83299320936203,0.02191307031179366
baseline,22,"biggrid50-goal(15,38)",16,"biggrid50-goal(3,10)",0.6955782771110535,0.04482399929381278
baseline,22,"biggrid50-goal(15,38)",17,"biggrid50-goal(46,31)",0.6795918345451355,0.010504135940251319
baseline,22,"biggrid50-goal(15,38)",18,"biggrid50-goal(46,24)",0.6717687249183655,-0.08916493110152512
baseline,22,"biggrid50-goal(15,38)",19,"biggrid50-goal(3,45)",0.9615644812583923,0.8869995936239439
baseline,22,"biggrid50-goal(15,38)",20,"biggrid50-goal(21,10)",0.7329931855201721,0.05421684076070032
baseline,22,"biggrid50-goal(15,38)",21,"biggrid50-goal(40,3)",0.5632653832435608,-0.05159694475062
baseline,22,"biggrid50-goal(15,38)",22,"biggrid50-goal(15,38)",0.9374149441719055,0.6297784882876352
baseline,23,"biggrid50-goal(40,45)",0,"biggrid50-goal(40,31)",0.8853740096092224,0.6676524217794504
baseline,23,"biggrid50-goal(40,45)",1,"biggrid50-goal(9,31)",0.8119047284126282,0.13728542957825413
baseline,23,"biggrid50-goal(40,45)",2,"biggrid50-goal(15,31)",0.8299320340156555,0.21135656366062153
baseline,23,"biggrid50-goal(40,45)",3,"biggrid50-goal(9,24)",0.7829931378364563,-0.3020400864743465
baseline,23,"biggrid50-goal(40,45)",4,"biggrid50-goal(21,17)",0.7401360273361206,0.06942741041428231
baseline,23,"biggrid50-goal(40,45)",5,"biggrid50-goal(27,3)",0.6680271625518799,-0.16606938615111766
baseline,23,"biggrid50-goal(40,45)",6,"biggrid50-goal(3,31)",0.7455781698226929,-0.0013387967438173605
baseline,23,"biggrid50-goal(40,45)",7,"biggrid50-goal(33,10)",0.7687075138092041,0.10290263330370322
baseline,23,"biggrid50-goal(40,45)",8,"biggrid50-goal(27,45)",0.6894557476043701,0.12211536096089538
baseline,23,"biggrid50-goal(40,45)",9,"biggrid50-goal(21,45)",0.896938681602478,0.6517238649687281
baseline,23,"biggrid50-goal(40,45)",10,"biggrid50-goal(33,3)",0.6976190805435181,-0.14709702335568237
baseline,23,"biggrid50-goal(40,45)",11,"biggrid50-goal(21,24)",0.8374149799346924,0.20860939064880868
baseline,23,"biggrid50-goal(40,45)",12,"biggrid50-goal(21,3)",0.6894557476043701,-0.0010965803486729687
baseline,23,"biggrid50-goal(40,45)",13,"biggrid50-goal(3,17)",0.7023810148239136,-0.16356334513701623
baseline,23,"biggrid50-goal(40,45)",14,"biggrid50-goal(15,45)",0.853741466999054,0.39179620083772027
baseline,23,"biggrid50-goal(40,45)",15,"biggrid50-goal(3,24)",0.7326529622077942,-0.5657365928446533
baseline,23,"biggrid50-goal(40,45)",16,"biggrid50-goal(3,10)",0.6530612111091614,-0.08858067590495199
baseline,23,"biggrid50-goal(40,45)",17,"biggrid50-goal(46,31)",0.7826529741287231,0.3287812036250636
baseline,23,"biggrid50-goal(40,45)",18,"biggrid50-goal(46,24)",0.7551019787788391,0.18735855885790914
baseline,23,"biggrid50-goal(40,45)",19,"biggrid50-goal(3,45)",0.7860543727874756,0.37099996022105874
baseline,23,"biggrid50-goal(40,45)",20,"biggrid50-goal(21,10)",0.7149659991264343,-0.00963849316731501
baseline,23,"biggrid50-goal(40,45)",21,"biggrid50-goal(40,3)",0.6465986371040344,0.1490580795903371
baseline,23,"biggrid50-goal(40,45)",22,"biggrid50-goal(15,38)",0.8431972861289978,0.0724345132905617
baseline,23,"biggrid50-goal(40,45)",23,"biggrid50-goal(40,45)",0.926870584487915,0.8391918463235084
baseline,24,"biggrid50-goal(15,17)",0,"biggrid50-goal(40,31)",0.7282313108444214,0.21203153517706178
baseline,24,"biggrid50-goal(15,17)",1,"biggrid50-goal(9,31)",0.8608843684196472,0.36193461257719617
baseline,24,"biggrid50-goal(15,17)",2,"biggrid50-goal(15,31)",0.8918367028236389,0.4984224461247731
baseline,24,"biggrid50-goal(15,17)",3,"biggrid50-goal(9,24)",0.9139454960823059,0.48367340735031944
baseline,24,"biggrid50-goal(15,17)",4,"biggrid50-goal(21,17)",0.777550995349884,0.20341036817837785
baseline,24,"biggrid50-goal(15,17)",5,"biggrid50-goal(27,3)",0.7333333492279053,0.06332150496684617
baseline,24,"biggrid50-goal(15,17)",6,"biggrid50-goal(3,31)",0.8173468708992004,0.2811243265256524
baseline,24,"biggrid50-goal(15,17)",7,"biggrid50-goal(33,10)",0.823469340801239,0.31530335413605887
baseline,24,"biggrid50-goal(15,17)",8,"biggrid50-goal(27,45)",0.6653060913085938,0.053846146069335465
baseline,24,"biggrid50-goal(15,17)",9,"biggrid50-goal(21,45)",0.8248298764228821,0.4080458647242011
baseline,24,"biggrid50-goal(15,17)",10,"biggrid50-goal(33,3)",0.7636054158210754,0.10322541403583985
baseline,24,"biggrid50-goal(15,17)",11,"biggrid50-goal(21,24)",0.8904761672019958,0.4668873384419168
baseline,24,"biggrid50-goal(15,17)",12,"biggrid50-goal(21,3)",0.8435372710227966,0.4956135825320342
baseline,24,"biggrid50-goal(15,17)",13,"biggrid50-goal(3,17)",0.8442176580429077,0.3909574592036569
baseline,24,"biggrid50-goal(15,17)",14,"biggrid50-goal(15,45)",0.8027210235595703,0.17963198109515355
baseline,24,"biggrid50-goal(15,17)",15,"biggrid50-goal(3,24)",0.8768707513809204,0.27888495864987506
baseline,24,"biggrid50-goal(15,17)",16,"biggrid50-goal(3,10)",0.6857141852378845,0.013873698715397575
baseline,24,"biggrid50-goal(15,17)",17,"biggrid50-goal(46,31)",0.7054421901702881,0.09033612130569732
baseline,24,"biggrid50-goal(15,17)",18,"biggrid50-goal(46,24)",0.7404760718345642,0.1388256305886681
baseline,24,"biggrid50-goal(15,17)",19,"biggrid50-goal(3,45)",0.7112244963645935,0.1510001599919531
baseline,24,"biggrid50-goal(15,17)",20,"biggrid50-goal(21,10)",0.7462584972381592,0.10120481164591438
baseline,24,"biggrid50-goal(15,17)",21,"biggrid50-goal(40,3)",0.6925169825553894,0.25962314572425826
baseline,24,"biggrid50-goal(15,17)",22,"biggrid50-goal(15,38)",0.8840134739875793,0.31388242080455603
baseline,24,"biggrid50-goal(15,17)",23,"biggrid50-goal(40,45)",0.6302720308303833,0.18698554243333695
baseline,24,"biggrid50-goal(15,17)",24,"biggrid50-goal(15,17)",0.9462583661079407,0.7405575953592228
baseline,25,"biggrid50-goal(15,24)",0,"biggrid50-goal(40,31)",0.6948979496955872,0.11538450238808853
baseline,25,"biggrid50-goal(15,24)",1,"biggrid50-goal(9,31)",0.8544217348098755,0.33229320728616774
baseline,25,"biggrid50-goal(15,24)",2,"biggrid50-goal(15,31)",0.862925112247467,0.3643528933429852
baseline,25,"biggrid50-goal(15,24)",3,"biggrid50-goal(9,24)",0.9557821750640869,0.7346932717737076
baseline,25,"biggrid50-goal(15,24)",4,"biggrid50-goal(21,17)",0.7469387054443359,0.09378779295745247
baseline,25,"biggrid50-goal(15,24)",5,"biggrid50-goal(27,3)",0.702380895614624,-0.04540036776875163
baseline,25,"biggrid50-goal(15,24)",6,"biggrid50-goal(3,31)",0.8272107243537903,0.31994591326839766
baseline,25,"biggrid50-goal(15,24)",7,"biggrid50-goal(33,10)",0.7639455795288086,0.08443286468441621
baseline,25,"biggrid50-goal(15,24)",8,"biggrid50-goal(27,45)",0.6666666865348816,0.0576924437866293
baseline,25,"biggrid50-goal(15,24)",9,"biggrid50-goal(21,45)",0.8054420948028564,0.3425285420813034
baseline,25,"biggrid50-goal(15,24)",10,"biggrid50-goal(33,3)",0.7156462073326111,-0.07871022330032985
baseline,25,"biggrid50-goal(15,24)",11,"biggrid50-goal(21,24)",0.8629251718521118,0.3327815088309328
baseline,25,"biggrid50-goal(15,24)",12,"biggrid50-goal(21,3)",0.7408162355422974,0.1644734098960468
baseline,25,"biggrid50-goal(15,24)",13,"biggrid50-goal(3,17)",0.7996599078178406,0.2167556525783699
baseline,25,"biggrid50-goal(15,24)",14,"biggrid50-goal(15,45)",0.8193876147270203,0.24893859766748022
baseline,25,"biggrid50-goal(15,24)",15,"biggrid50-goal(3,24)",0.8897958397865295,0.35458164131947584
baseline,25,"biggrid50-goal(15,24)",16,"biggrid50-goal(3,10)",0.7248298525810242,0.13660589516710603
baseline,25,"biggrid50-goal(15,24)",17,"biggrid50-goal(46,31)",0.6816326975822449,0.01680680157758077
baseline,25,"biggrid50-goal(15,24)",18,"biggrid50-goal(46,24)",0.6819727420806885,-0.055305093562289485
baseline,25,"biggrid50-goal(15,24)",19,"biggrid50-goal(3,45)",0.7309523224830627,0.20899995916963302
baseline,25,"biggrid50-goal(15,24)",20,"biggrid50-goal(21,10)",0.7442176938056946,0.09397594177042812
baseline,25,"biggrid50-goal(15,24)",21,"biggrid50-goal(40,3)",0.6401360034942627,0.13349694589877836
baseline,25,"biggrid50-goal(15,24)",22,"biggrid50-goal(15,38)",0.8863945007324219,0.3279673698269625
baseline,25,"biggrid50-goal(15,24)",23,"biggrid50-goal(40,45)",0.5812925100326538,0.07928187418590502
baseline,25,"biggrid50-goal(15,24)",24,"biggrid50-goal(15,17)",0.8666666150093079,0.3563215050298105
baseline,25,"biggrid50-goal(15,24)",25,"biggrid50-goal(15,24)",0.886054277420044,0.37732255067886683
baseline,26,"biggrid50-goal(21,38)",0,"biggrid50-goal(40,31)",0.7952380776405334,0.4063115286860095
baseline,26,"biggrid50-goal(21,38)",1,"biggrid50-goal(9,31)",0.8619046807289124,0.3666143596444945
baseline,26,"biggrid50-goal(21,38)",2,"biggrid50-goal(15,31)",0.8751699924468994,0.4211351588457861
baseline,26,"biggrid50-goal(21,38)",3,"biggrid50-goal(9,24)",0.8292515873908997,-0.024489620753843155
baseline,26,"biggrid50-goal(21,38)",4,"biggrid50-goal(21,17)",0.7520408630371094,0.1120586134752424
baseline,26,"biggrid50-goal(21,38)",5,"biggrid50-goal(27,3)",0.6812925338745117,-0.11947417819930654
baseline,26,"biggrid50-goal(21,38)",6,"biggrid50-goal(3,31)",0.8119047284126282,0.25970545533281897
baseline,26,"biggrid50-goal(21,38)",7,"biggrid50-goal(33,10)",0.7469387054443359,0.018469537435080584
baseline,26,"biggrid50-goal(21,38)",8,"biggrid50-goal(27,45)",0.6775510907173157,0.08846181453859087
baseline,26,"biggrid50-goal(21,38)",9,"biggrid50-goal(21,45)",0.9952380061149597,0.9839077468529235
baseline,26,"biggrid50-goal(21,38)",10,"biggrid50-goal(33,3)",0.7003401517868042,-0.13677450456341617
baseline,26,"biggrid50-goal(21,38)",11,"biggrid50-goal(21,24)",0.8510203957557678,0.27483442363642485
baseline,26,"biggrid50-goal(21,38)",12,"biggrid50-goal(21,3)",0.7234693765640259,0.10855261577742205
baseline,26,"biggrid50-goal(21,38)",13,"biggrid50-goal(3,17)",0.7251701354980469,-0.07446759921665055
baseline,26,"biggrid50-goal(21,38)",14,"biggrid50-goal(15,45)",0.8530611395835876,0.3889671165424594
baseline,26,"biggrid50-goal(21,38)",15,"biggrid50-goal(3,24)",0.7789115905761719,-0.29481970605473623
baseline,26,"biggrid50-goal(21,38)",16,"biggrid50-goal(3,10)",0.6568025946617126,-0.0768414355349817
baseline,26,"biggrid50-goal(21,38)",17,"biggrid50-goal(46,31)",0.7663264870643616,0.2783611670386786
baseline,26,"biggrid50-goal(21,38)",18,"biggrid50-goal(46,24)",0.7465986013412476,0.15914192868261212
baseline,26,"biggrid50-goal(21,38)",19,"biggrid50-goal(3,45)",0.8054420948028564,0.4279998535013442
baseline,26,"biggrid50-goal(21,38)",20,"biggrid50-goal(21,10)",0.7265306115150452,0.03132531392347604
baseline,26,"biggrid50-goal(21,38)",21,"biggrid50-goal(40,3)",0.623469352722168,0.09336594103058694
baseline,26,"biggrid50-goal(21,38)",22,"biggrid50-goal(15,38)",0.9074830412864685,0.4527165013955548
baseline,26,"biggrid50-goal(21,38)",23,"biggrid50-goal(40,45)",0.7710883021354675,0.49663391631424714
baseline,26,"biggrid50-goal(21,38)",24,"biggrid50-goal(15,17)",0.8051020503044128,0.059113222531709676
baseline,26,"biggrid50-goal(21,38)",25,"biggrid50-goal(15,24)",0.8557822704315186,0.21189557658407696
baseline,26,"biggrid50-goal(21,38)",26,"biggrid50-goal(21,38)",0.9176869988441467,0.5686270896151551
baseline,27,"biggrid50-goal(33,17)",0,"biggrid50-goal(40,31)",0.8285713195800781,0.5029582158385477
baseline,27,"biggrid50-goal(33,17)",1,"biggrid50-goal(9,31)",0.8020408153533936,0.09204377386963522
baseline,27,"biggrid50-goal(33,17)",2,"biggrid50-goal(15,31)",0.8051020503044128,0.09621434057971616
baseline,27,"biggrid50-goal(33,17)",3,"biggrid50-goal(9,24)",0.8353740572929382,0.012245168004491802
baseline,27,"biggrid50-goal(33,17)",4,"biggrid50-goal(21,17)",0.7649660706520081,0.15834376719559554
baseline,27,"biggrid50-goal(33,17)",5,"biggrid50-goal(27,3)",0.7557822465896606,0.1421742574016968
baseline,27,"biggrid50-goal(33,17)",6,"biggrid50-goal(3,31)",0.7462584376335144,0.0013385621552868161
baseline,27,"biggrid50-goal(33,17)",7,"biggrid50-goal(33,10)",0.8952379822731018,0.5936671710335437
baseline,27,"biggrid50-goal(33,17)",8,"biggrid50-goal(27,45)",0.6653061509132385,0.05384631456706698
baseline,27,"biggrid50-goal(33,17)",9,"biggrid50-goal(21,45)",0.7792516350746155,0.2540228618642021
baseline,27,"biggrid50-goal(33,17)",10,"biggrid50-goal(33,3)",0.777550995349884,0.15612866201597084
baseline,27,"biggrid50-goal(33,17)",11,"biggrid50-goal(21,24)",0.8976189494132996,0.5016551833786514
baseline,27,"biggrid50-goal(33,17)",12,"biggrid50-goal(21,3)",0.806122362613678,0.37499973579849666
baseline,27,"biggrid50-goal(33,17)",13,"biggrid50-goal(3,17)",0.7700680494308472,0.10106410248045122
baseline,27,"biggrid50-goal(33,17)",14,"biggrid50-goal(15,45)",0.7469387650489807,-0.05233384582705109
baseline,27,"biggrid50-goal(33,17)",15,"biggrid50-goal(3,24)",0.8006801605224609,-0.1673305562954086
baseline,27,"biggrid50-goal(33,17)",16,"biggrid50-goal(3,10)",0.6700679659843445,-0.03521903024934992
baseline,27,"biggrid50-goal(33,17)",17,"biggrid50-goal(46,31)",0.7758502960205078,0.30777293174456094
baseline,27,"biggrid50-goal(33,17)",18,"biggrid50-goal(46,24)",0.8489795327186584,0.49887104207089017
baseline,27,"biggrid50-goal(33,17)",19,"biggrid50-goal(3,45)",0.657482922077179,-0.007000042232268011
baseline,27,"biggrid50-goal(33,17)",20,"biggrid50-goal(21,10)",0.7438775300979614,0.09277102455966262
baseline,27,"biggrid50-goal(33,17)",21,"biggrid50-goal(40,3)",0.7768706679344177,0.4627352289427758
baseline,27,"biggrid50-goal(33,17)",22,"biggrid50-goal(15,38)",0.8003401160240173,-0.18108681211276703
baseline,27,"biggrid50-goal(33,17)",23,"biggrid50-goal(40,45)",0.6751700639724731,0.28571421081839005
baseline,27,"biggrid50-goal(33,17)",24,"biggrid50-goal(15,17)",0.8564624190330505,0.3070598628024217
baseline,27,"biggrid50-goal(33,17)",25,"biggrid50-goal(15,24)",0.8591836094856262,0.23048282214743676
baseline,27,"biggrid50-goal(33,17)",26,"biggrid50-goal(21,38)",0.8204081058502197,0.05882330891772171
baseline,27,"biggrid50-goal(33,17)",27,"biggrid50-goal(33,17)",0.9795917272567749,0.9242420420667593
baseline,28,"biggrid50-goal(27,17)",0,"biggrid50-goal(40,31)",0.768367350101471,0.32840231113258667
baseline,28,"biggrid50-goal(27,17)",1,"biggrid50-goal(9,31)",0.823469340801239,0.19032748387731724
baseline,28,"biggrid50-goal(27,17)",2,"biggrid50-goal(15,31)",0.8255101442337036,0.19085126548428208
baseline,28,"biggrid50-goal(27,17)",3,"biggrid50-goal(9,24)",0.86530601978302,0.1918367930820523
baseline,28,"biggrid50-goal(27,17)",4,"biggrid50-goal(21,17)",0.7744898200035095,0.19244830275603375
baseline,28,"biggrid50-goal(27,17)",5,"biggrid50-goal(27,3)",0.7884352207183838,0.25686928423273653
baseline,28,"biggrid50-goal(27,17)",6,"biggrid50-goal(3,31)",0.7479591369628906,0.00803207669731253
baseline,28,"biggrid50-goal(27,17)",7,"biggrid50-goal(33,10)",0.8833332061767578,0.5474929806695326
baseline,28,"biggrid50-goal(27,17)",8,"biggrid50-goal(27,45)",0.6751700043678284,0.08173066716002803
baseline,28,"biggrid50-goal(27,17)",9,"biggrid50-goal(21,45)",0.7931972146034241,0.30114929702516996
baseline,28,"biggrid50-goal(27,17)",10,"biggrid50-goal(33,3)",0.8224488496780396,0.3264509004278966
baseline,28,"biggrid50-goal(27,17)",11,"biggrid50-goal(21,24)",0.8996598720550537,0.5115894750646116
baseline,28,"biggrid50-goal(27,17)",12,"biggrid50-goal(21,3)",0.8547618389129639,0.531798043986572
baseline,28,"biggrid50-goal(27,17)",13,"biggrid50-goal(3,17)",0.7860543131828308,0.16356357816576547
baseline,28,"biggrid50-goal(27,17)",14,"biggrid50-goal(15,45)",0.7653061151504517,0.024045233622529166
baseline,28,"biggrid50-goal(27,17)",15,"biggrid50-goal(3,24)",0.8040815591812134,-0.14741002756674998
baseline,28,"biggrid50-goal(27,17)",16,"biggrid50-goal(3,10)",0.680272102355957,-0.0032017810281008653
baseline,28,"biggrid50-goal(27,17)",17,"biggrid50-goal(46,31)",0.7312924861907959,0.17016792259796468
baseline,28,"biggrid50-goal(27,17)",18,"biggrid50-goal(46,24)",0.7911564111709595,0.30699744263734696
baseline,28,"biggrid50-goal(27,17)",19,"biggrid50-goal(3,45)",0.6646258234977722,0.014000084464536022
baseline,28,"biggrid50-goal(27,17)",20,"biggrid50-goal(21,10)",0.7540816068649292,0.12891558506679615
baseline,28,"biggrid50-goal(27,17)",21,"biggrid50-goal(40,3)",0.760204017162323,0.42260422407458437
baseline,28,"biggrid50-goal(27,17)",22,"biggrid50-goal(15,38)",0.825850248336792,-0.030181781768793447
baseline,28,"biggrid50-goal(27,17)",23,"biggrid50-goal(40,45)",0.6323128938674927,0.1914733045001611
baseline,28,"biggrid50-goal(27,17)",24,"biggrid50-goal(15,17)",0.9068025946617126,0.5500814322874703
baseline,28,"biggrid50-goal(27,17)",25,"biggrid50-goal(15,24)",0.881292462348938,0.3513007326107548
baseline,28,"biggrid50-goal(27,17)",26,"biggrid50-goal(21,38)",0.8404760956764221,0.1639924444776247
baseline,28,"biggrid50-goal(27,17)",27,"biggrid50-goal(33,17)",0.928571343421936,0.7348482535316351
baseline,28,"biggrid50-goal(27,17)",28,"biggrid50-goal(27,17)",0.886734664440155,0.5741686687158867
baseline,29,"biggrid50-goal(3,3)",0,"biggrid50-goal(40,31)",0.6649659872055054,0.028599514000608665
baseline,29,"biggrid50-goal(3,3)",1,"biggrid50-goal(9,31)",0.8448978662490845,0.2886111938849993
baseline,29,"biggrid50-goal(3,3)",2,"biggrid50-goal(15,31)",0.8479592204093933,0.2949526844397493
baseline,29,"biggrid50-goal(3,3)",3,"biggrid50-goal(9,24)",0.8911563158035278,0.3469384397781994
baseline,29,"biggrid50-goal(3,3)",4,"biggrid50-goal(21,17)",0.7479592561721802,0.09744238394934031
baseline,29,"biggrid50-goal(3,3)",5,"biggrid50-goal(27,3)",0.7170067429542542,0.005973572823384113
baseline,29,"biggrid50-goal(3,3)",6,"biggrid50-goal(3,31)",0.911224365234375,0.6506019658988037
baseline,29,"biggrid50-goal(3,3)",7,"biggrid50-goal(33,10)",0.8146257996559143,0.28100255342955993
baseline,29,"biggrid50-goal(3,3)",8,"biggrid50-goal(27,45)",0.6517006754875183,0.015384685375980783
baseline,29,"biggrid50-goal(3,3)",9,"biggrid50-goal(21,45)",0.7673469185829163,0.21379313539806236
baseline,29,"biggrid50-goal(3,3)",10,"biggrid50-goal(33,3)",0.7360544204711914,-0.001290654018799954
baseline,29,"biggrid50-goal(3,3)",11,"biggrid50-goal(21,24)",0.7952380776405334,0.0033112371429532997
baseline,29,"biggrid50-goal(3,3)",12,"biggrid50-goal(21,3)",0.8704081177711487,0.5822367049480234
baseline,29,"biggrid50-goal(3,3)",13,"biggrid50-goal(3,17)",0.8819727301597595,0.5385636946801401
baseline,29,"biggrid50-goal(3,3)",14,"biggrid50-goal(15,45)",0.8258503079414368,0.2758131634461687
baseline,29,"biggrid50-goal(3,3)",15,"biggrid50-goal(3,24)",0.9312923550605774,0.5976088802844852
baseline,29,"biggrid50-goal(3,3)",16,"biggrid50-goal(3,10)",0.788095235824585,0.3351120174512028
baseline,29,"biggrid50-goal(3,3)",17,"biggrid50-goal(46,31)",0.6622448563575745,-0.043067417537977055
baseline,29,"biggrid50-goal(3,3)",18,"biggrid50-goal(46,24)",0.6435374021530151,-0.18284450720828166
baseline,29,"biggrid50-goal(3,3)",19,"biggrid50-goal(3,45)",0.7258502840995789,0.19399996880770246
baseline,29,"biggrid50-goal(3,3)",20,"biggrid50-goal(21,10)",0.7316325902938843,0.04939738304734056
baseline,29,"biggrid50-goal(3,3)",21,"biggrid50-goal(40,3)",0.6697279214859009,0.20475021815008726
baseline,29,"biggrid50-goal(3,3)",22,"biggrid50-goal(15,38)",0.837755024433136,0.0402408477977877
baseline,29,"biggrid50-goal(3,3)",23,"biggrid50-goal(40,45)",0.5496598482131958,0.009723134963939312
baseline,29,"biggrid50-goal(3,3)",24,"biggrid50-goal(15,17)",0.8948978185653687,0.49261009184871435
baseline,29,"biggrid50-goal(3,3)",25,"biggrid50-goal(15,24)",0.8663264513015747,0.26951620069078824
baseline,29,"biggrid50-goal(3,3)",26,"biggrid50-goal(21,38)",0.789455771446228,-0.1033867719633519
baseline,29,"biggrid50-goal(3,3)",27,"biggrid50-goal(33,17)",0.752380907535553,0.08080820819996912
baseline,29,"biggrid50-goal(3,3)",28,"biggrid50-goal(27,17)",0.7540816068649292,0.07544743307075322
baseline,29,"biggrid50-goal(3,3)",29,"biggrid50-goal(3,3)",0.9275509119033813,0.8044074280165898
baseline,30,"biggrid50-goal(9,10)",0,"biggrid50-goal(40,31)",0.7176870107650757,0.18145930122336287
baseline,30,"biggrid50-goal(9,10)",1,"biggrid50-goal(9,31)",0.8139455318450928,0.1466457438577978
baseline,30,"biggrid50-goal(9,10)",2,"biggrid50-goal(15,31)",0.8149659633636475,0.1419555255569256
baseline,30,"biggrid50-goal(9,10)",3,"biggrid50-goal(9,24)",0.9316325783729553,0.5897958125387802
baseline,30,"biggrid50-goal(9,10)",4,"biggrid50-goal(21,17)",0.7904760837554932,0.24969509501040113
baseline,30,"biggrid50-goal(9,10)",5,"biggrid50-goal(27,3)",0.7622448801994324,0.16487454596805817
baseline,30,"biggrid50-goal(9,10)",6,"biggrid50-goal(3,31)",0.7693877816200256,0.09236970307895101
baseline,30,"biggrid50-goal(9,10)",7,"biggrid50-goal(33,10)",0.8554420471191406,0.4393135678542985
baseline,30,"biggrid50-goal(9,10)",8,"biggrid50-goal(27,45)",0.656462550163269,0.028846137644448894
baseline,30,"biggrid50-goal(9,10)",9,"biggrid50-goal(21,45)",0.7544217705726624,0.17011505458450854
baseline,30,"biggrid50-goal(9,10)",10,"biggrid50-goal(33,3)",0.8244897127151489,0.33419301563527404
baseline,30,"biggrid50-goal(9,10)",11,"biggrid50-goal(21,24)",0.8340135812759399,0.19205291480549203
baseline,30,"biggrid50-goal(9,10)",12,"biggrid50-goal(21,3)",0.8064624667167664,0.3760961240006218
baseline,30,"biggrid50-goal(9,10)",13,"biggrid50-goal(3,17)",0.800000011920929,0.2180853146214355
baseline,30,"biggrid50-goal(9,10)",14,"biggrid50-goal(15,45)",0.7530612349510193,-0.026874070056891512
baseline,30,"biggrid50-goal(9,10)",15,"biggrid50-goal(3,24)",0.8278911709785461,-0.007967373702430601
baseline,30,"biggrid50-goal(9,10)",16,"biggrid50-goal(3,10)",0.7204081416130066,0.1227320094317886
baseline,30,"biggrid50-goal(9,10)",17,"biggrid50-goal(46,31)",0.6945578455924988,0.05672270222371444
baseline,30,"biggrid50-goal(9,10)",18,"biggrid50-goal(46,24)",0.7299318909645081,0.10383703290552394
baseline,30,"biggrid50-goal(9,10)",19,"biggrid50-goal(3,45)",0.6989795565605164,0.11500004293321851
baseline,30,"biggrid50-goal(9,10)",20,"biggrid50-goal(21,10)",0.7615646123886108,0.15542165240661468
baseline,30,"biggrid50-goal(9,10)",21,"biggrid50-goal(40,3)",0.7452380061149597,0.3865681259759346
baseline,30,"biggrid50-goal(9,10)",22,"biggrid50-goal(15,38)",0.7938774824142456,-0.21931648136839121
baseline,30,"biggrid50-goal(9,10)",23,"biggrid50-goal(40,45)",0.605102002620697,0.13163783130995205
baseline,30,"biggrid50-goal(9,10)",24,"biggrid50-goal(15,17)",0.8707482218742371,0.3760258166248475
baseline,30,"biggrid50-goal(9,10)",25,"biggrid50-goal(15,24)",0.855102002620697,0.208178127471405
baseline,30,"biggrid50-goal(9,10)",26,"biggrid50-goal(21,38)",0.8227891325950623,0.07130141592638395
baseline,30,"biggrid50-goal(9,10)",27,"biggrid50-goal(33,17)",0.8772107362747192,0.5441915152255365
baseline,30,"biggrid50-goal(9,10)",28,"biggrid50-goal(27,17)",0.7836734652519226,0.1867007162559375
baseline,30,"biggrid50-goal(9,10)",29,"biggrid50-goal(3,3)",0.6707481741905212,0.11111080715844991
baseline,30,"biggrid50-goal(9,10)",30,"biggrid50-goal(9,10)",0.9204081296920776,0.6106490756585767
baseline,31,"biggrid50-goal(46,17)",0,"biggrid50-goal(40,31)",0.8789113759994507,0.6489146065439001
baseline,31,"biggrid50-goal(46,17)",1,"biggrid50-goal(9,31)",0.7765305638313293,-0.024961111460432107
baseline,31,"biggrid50-goal(46,17)",2,"biggrid50-goal(15,31)",0.7744898200035095,-0.04574146137736277
baseline,31,"biggrid50-goal(46,17)",3,"biggrid50-goal(9,24)",0.7452380061149597,-0.5285706877714617
baseline,31,"biggrid50-goal(46,17)",4,"biggrid50-goal(21,17)",0.7523809671401978,0.11327652588031845
baseline,31,"biggrid50-goal(46,17)",5,"biggrid50-goal(27,3)",0.7054421305656433,-0.03464764357710069
baseline,31,"biggrid50-goal(46,17)",6,"biggrid50-goal(3,31)",0.6860543489456177,-0.23560922524088138
baseline,31,"biggrid50-goal(46,17)",7,"biggrid50-goal(33,10)",0.85748291015625,0.44722931508211083
baseline,31,"biggrid50-goal(46,17)",8,"biggrid50-goal(27,45)",0.6758502721786499,0.08365373176980918
baseline,31,"biggrid50-goal(46,17)",9,"biggrid50-goal(21,45)",0.7625849843025208,0.19770108367355282
baseline,31,"biggrid50-goal(46,17)",10,"biggrid50-goal(33,3)",0.7860543727874756,0.1883866462983916
baseline,31,"biggrid50-goal(46,17)",11,"biggrid50-goal(21,24)",0.8197278380393982,0.12251635454637241
baseline,31,"biggrid50-goal(46,17)",12,"biggrid50-goal(21,3)",0.7146257758140564,0.08004364032395139
baseline,31,"biggrid50-goal(46,17)",13,"biggrid50-goal(3,17)",0.6935374140739441,-0.1981380536879596
baseline,31,"biggrid50-goal(46,17)",14,"biggrid50-goal(15,45)",0.7527210712432861,-0.028288612204521925
baseline,31,"biggrid50-goal(46,17)",15,"biggrid50-goal(3,24)",0.6928570866584778,-0.7988039165240971
baseline,31,"biggrid50-goal(46,17)",16,"biggrid50-goal(3,10)",0.6517006754875183,-0.09284959259580657
baseline,31,"biggrid50-goal(46,17)",17,"biggrid50-goal(46,31)",0.8428570628166199,0.5147056062431732
baseline,31,"biggrid50-goal(46,17)",18,"biggrid50-goal(46,24)",0.9530611038208008,0.8442433628231069
baseline,31,"biggrid50-goal(46,17)",19,"biggrid50-goal(3,45)",0.5965986251831055,-0.18599984544041334
baseline,31,"biggrid50-goal(46,17)",20,"biggrid50-goal(21,10)",0.7309523820877075,0.04698797088521406
baseline,31,"biggrid50-goal(46,17)",21,"biggrid50-goal(40,3)",0.7809522747993469,0.47256317741342885
baseline,31,"biggrid50-goal(46,17)",22,"biggrid50-goal(15,38)",0.7707483172416687,-0.3561369152808669
baseline,31,"biggrid50-goal(46,17)",23,"biggrid50-goal(40,45)",0.7367345690727234,0.42109166909360574
baseline,31,"biggrid50-goal(46,17)",24,"biggrid50-goal(15,17)",0.7867347002029419,-0.029556755139154255
baseline,31,"biggrid50-goal(46,17)",25,"biggrid50-goal(15,24)",0.8095238208770752,-0.04089226595998327
baseline,31,"biggrid50-goal(46,17)",26,"biggrid50-goal(21,38)",0.8006802797317505,-0.04456315067906928
baseline,31,"biggrid50-goal(46,17)",27,"biggrid50-goal(33,17)",0.8591836094856262,0.4772726568719469
baseline,31,"biggrid50-goal(46,17)",28,"biggrid50-goal(27,17)",0.7785713076591492,0.16751869071023018
baseline,31,"biggrid50-goal(46,17)",29,"biggrid50-goal(3,3)",0.5826530456542969,-0.1267217621988093
baseline,31,"biggrid50-goal(46,17)",30,"biggrid50-goal(9,10)",0.6911565065383911,-0.5108138455711416
baseline,31,"biggrid50-goal(46,17)",31,"biggrid50-goal(46,17)",0.8982992172241211,0.6210389969212372
baseline,32,"biggrid50-goal(40,10)",0,"biggrid50-goal(40,31)",0.6918367147445679,0.10650873155403152
baseline,32,"biggrid50-goal(40,10)",1,"biggrid50-goal(9,31)",0.7836734652519226,0.007800398590444218
baseline,32,"biggrid50-goal(40,10)",2,"biggrid50-goal(15,31)",0.7836734652519226,-0.003154831350300433
baseline,32,"biggrid50-goal(40,10)",3,"biggrid50-goal(9,24)",0.809183657169342,-0.1448971016073571
baseline,32,"biggrid50-goal(40,10)",4,"biggrid50-goal(21,17)",0.7605441212654114,0.14250877148795768
baseline,32,"biggrid50-goal(40,10)",5,"biggrid50-goal(27,3)",0.7629250884056091,0.16726380760623494
baseline,32,"biggrid50-goal(40,10)",6,"biggrid50-goal(3,31)",0.726190447807312,-0.07764387725108221
baseline,32,"biggrid50-goal(40,10)",7,"biggrid50-goal(33,10)",0.8493196368217468,0.4155670197234806
baseline,32,"biggrid50-goal(40,10)",8,"biggrid50-goal(27,45)",0.6435374021530151,-0.007692258439124634
baseline,32,"biggrid50-goal(40,10)",9,"biggrid50-goal(21,45)",0.7095237970352173,0.01839088748192988
baseline,32,"biggrid50-goal(40,10)",10,"biggrid50-goal(33,3)",0.8816325664520264,0.5509672669519311
baseline,32,"biggrid50-goal(40,10)",11,"biggrid50-goal(21,24)",0.7782313227653503,-0.07946998155942935
baseline,32,"biggrid50-goal(40,10)",12,"biggrid50-goal(21,3)",0.8908162713050842,0.6480261457650612
baseline,32,"biggrid50-goal(40,10)",13,"biggrid50-goal(3,17)",0.7816326022148132,0.14627657343341763
baseline,32,"biggrid50-goal(40,10)",14,"biggrid50-goal(15,45)",0.7380952835083008,-0.08910871947376157
baseline,32,"biggrid50-goal(40,10)",15,"biggrid50-goal(3,24)",0.7629251480102539,-0.3884454231061517
baseline,32,"biggrid50-goal(40,10)",16,"biggrid50-goal(3,10)",0.6979591846466064,0.052294509992848355
baseline,32,"biggrid50-goal(40,10)",17,"biggrid50-goal(46,31)",0.6853742003440857,0.02836144314844655
baseline,32,"biggrid50-goal(40,10)",18,"biggrid50-goal(46,24)",0.6921768188476562,-0.02144505823785253
baseline,32,"biggrid50-goal(40,10)",19,"biggrid50-goal(3,45)",0.5938775539398193,-0.19399979357007585
baseline,32,"biggrid50-goal(40,10)",20,"biggrid50-goal(21,10)",0.7585033774375916,0.14457824202853417
baseline,32,"biggrid50-goal(40,10)",21,"biggrid50-goal(40,3)",0.8299317955970764,0.5904991331404428
baseline,32,"biggrid50-goal(40,10)",22,"biggrid50-goal(15,38)",0.7727890610694885,-0.3440649077551665
baseline,32,"biggrid50-goal(40,10)",23,"biggrid50-goal(40,45)",0.5479592084884644,0.005983507998675691
baseline,32,"biggrid50-goal(40,10)",24,"biggrid50-goal(15,17)",0.8636054396629333,0.34154341520683223
baseline,32,"biggrid50-goal(40,10)",25,"biggrid50-goal(15,24)",0.8102040886878967,-0.037174816847311304
baseline,32,"biggrid50-goal(40,10)",26,"biggrid50-goal(21,38)",0.798299252986908,-0.05704125768773152
baseline,32,"biggrid50-goal(40,10)",27,"biggrid50-goal(33,17)",0.820408046245575,0.33333311207373784
baseline,32,"biggrid50-goal(40,10)",28,"biggrid50-goal(27,17)",0.7612245082855225,0.10230182065657653
baseline,32,"biggrid50-goal(40,10)",29,"biggrid50-goal(3,3)",0.7397957444190979,0.2975202183052379
baseline,32,"biggrid50-goal(40,10)",30,"biggrid50-goal(9,10)",0.8578230142593384,0.30449252412285754
baseline,32,"biggrid50-goal(40,10)",31,"biggrid50-goal(46,17)",0.7091836333274841,-0.08365008624178172
baseline,32,"biggrid50-goal(40,10)",32,"biggrid50-goal(40,10)",0.6884353756904602,0.05761333565541216
baseline,33,"biggrid50-goal(46,38)",0,"biggrid50-goal(40,31)",0.8442175388336182,0.5483229979398341
baseline,33,"biggrid50-goal(46,38)",1,"biggrid50-goal(9,31)",0.8170067071914673,0.1606860785862888
baseline,33,"biggrid50-goal(46,38)",2,"biggrid50-goal(15,31)",0.8010203838348389,0.07728673447868029
baseline,33,"biggrid50-goal(46,38)",3,"biggrid50-goal(9,24)",0.8081632256507874,-0.15101968560960302
baseline,33,"biggrid50-goal(46,38)",4,"biggrid50-goal(21,17)",0.7438775300979614,0.08282572753510836
baseline,33,"biggrid50-goal(46,38)",5,"biggrid50-goal(27,3)",0.712925136089325,-0.008363253189503077
baseline,33,"biggrid50-goal(46,38)",6,"biggrid50-goal(3,31)",0.7857142686843872,0.1566265512459818
baseline,33,"biggrid50-goal(46,38)",7,"biggrid50-goal(33,10)",0.791836678981781,0.1926120463154439
baseline,33,"biggrid50-goal(46,38)",8,"biggrid50-goal(27,45)",0.6812925338745117,0.09903858564352148
baseline,33,"biggrid50-goal(46,38)",9,"biggrid50-goal(21,45)",0.8452380299568176,0.4770113402919459
baseline,33,"biggrid50-goal(46,38)",10,"biggrid50-goal(33,3)",0.7598639130592346,0.08903183763988491
baseline,33,"biggrid50-goal(46,38)",11,"biggrid50-goal(21,24)",0.8377550840377808,0.21026486415601026
baseline,33,"biggrid50-goal(46,38)",12,"biggrid50-goal(21,3)",0.7438775300979614,0.17434205659445992
baseline,33,"biggrid50-goal(46,38)",13,"biggrid50-goal(3,17)",0.7312924861907959,-0.050531818211476384
baseline,33,"biggrid50-goal(46,38)",14,"biggrid50-goal(15,45)",0.7976190447807312,0.1584158317678852
baseline,33,"biggrid50-goal(46,38)",15,"biggrid50-goal(3,24)",0.7741495966911316,-0.32270865572211654
baseline,33,"biggrid50-goal(46,38)",16,"biggrid50-goal(3,10)",0.6710883975028992,-0.03201724922124905
baseline,33,"biggrid50-goal(46,38)",17,"biggrid50-goal(46,31)",0.7139455080032349,0.1165963691197363
baseline,33,"biggrid50-goal(46,38)",18,"biggrid50-goal(46,24)",0.8874149322509766,0.6264106535020837
baseline,33,"biggrid50-goal(46,38)",19,"biggrid50-goal(3,45)",0.7013604640960693,0.12199990992785993
baseline,33,"biggrid50-goal(46,38)",20,"biggrid50-goal(21,10)",0.7251700758934021,0.026506067339818536
baseline,33,"biggrid50-goal(46,38)",21,"biggrid50-goal(40,3)",0.6976190209388733,0.27190815307247174
baseline,33,"biggrid50-goal(46,38)",22,"biggrid50-goal(15,38)",0.8231292366981506,-0.04627790933336342
baseline,33,"biggrid50-goal(46,38)",23,"biggrid50-goal(40,45)",0.7272108793258667,0.4001495221660582
baseline,33,"biggrid50-goal(46,38)",24,"biggrid50-goal(15,17)",0.8122448325157166,0.09359562394972491
baseline,33,"biggrid50-goal(46,38)",25,"biggrid50-goal(15,24)",0.8299320340156555,0.07063218458195065
baseline,33,"biggrid50-goal(46,38)",26,"biggrid50-goal(21,38)",0.8370748162269592,0.1461675590458701
baseline,33,"biggrid50-goal(46,38)",27,"biggrid50-goal(33,17)",0.8697278499603271,0.5164141430903505
baseline,33,"biggrid50-goal(46,38)",28,"biggrid50-goal(27,17)",0.7700679898262024,0.1355496938831075
baseline,33,"biggrid50-goal(46,38)",29,"biggrid50-goal(3,3)",0.5982992649078369,-0.08448128207661602
baseline,33,"biggrid50-goal(46,38)",30,"biggrid50-goal(9,10)",0.7472788691520691,-0.236272065420449
baseline,33,"biggrid50-goal(46,38)",31,"biggrid50-goal(46,17)",0.8132651448249817,0.3041820712153228
baseline,33,"biggrid50-goal(46,38)",32,"biggrid50-goal(40,10)",0.6717687249183655,0.0072018697782522895
baseline,33,"biggrid50-goal(46,38)",33,"biggrid50-goal(46,38)",0.9078229069709778,0.75183088859137
baseline,34,"biggrid50-goal(27,31)",0,"biggrid50-goal(40,31)",0.8336734175682068,0.5177512824407877
baseline,34,"biggrid50-goal(27,31)",1,"biggrid50-goal(9,31)",0.8564625382423401,0.3416535215657114
baseline,34,"biggrid50-goal(27,31)",2,"biggrid50-goal(15,31)",0.8724489808082581,0.40851721544535113
baseline,34,"biggrid50-goal(27,31)",3,"biggrid50-goal(9,24)",0.8435373902320862,0.06122512476731856
baseline,34,"biggrid50-goal(27,31)",4,"biggrid50-goal(21,17)",0.7445577383041382,0.08526155234526045
baseline,34,"biggrid50-goal(27,31)",5,"biggrid50-goal(27,3)",0.6925169825553894,-0.08004780198188122
baseline,34,"biggrid50-goal(27,31)",6,"biggrid50-goal(3,31)",0.7867347002029419,0.16064270688890334
baseline,34,"biggrid50-goal(27,31)",7,"biggrid50-goal(33,10)",0.7704082131385803,0.10949901226547808
baseline,34,"biggrid50-goal(27,31)",8,"biggrid50-goal(27,45)",0.6697279214859009,0.06634631877951028
baseline,34,"biggrid50-goal(27,31)",9,"biggrid50-goal(21,45)",0.8979591131210327,0.6551722193161422
baseline,34,"biggrid50-goal(27,31)",10,"biggrid50-goal(33,3)",0.698639452457428,-0.14322619186517144
baseline,34,"biggrid50-goal(27,31)",11,"biggrid50-goal(21,24)",0.8911563754081726,0.47019828545632
baseline,34,"biggrid50-goal(27,31)",12,"biggrid50-goal(21,3)",0.7170067429542542,0.08771912632501858
baseline,34,"biggrid50-goal(27,31)",13,"biggrid50-goal(3,17)",0.7302720546722412,-0.05452127039817156
baseline,34,"biggrid50-goal(27,31)",14,"biggrid50-goal(15,45)",0.8006801605224609,0.17114522393116804
baseline,34,"biggrid50-goal(27,31)",15,"biggrid50-goal(3,24)",0.7850340008735657,-0.25896338268492536
baseline,34,"biggrid50-goal(27,31)",16,"biggrid50-goal(3,10)",0.6639455556869507,-0.054429155358195515
baseline,34,"biggrid50-goal(27,31)",17,"biggrid50-goal(46,31)",0.7343536615371704,0.1796215529076015
baseline,34,"biggrid50-goal(27,31)",18,"biggrid50-goal(46,24)",0.7574829459190369,0.1952592865096648
baseline,34,"biggrid50-goal(27,31)",19,"biggrid50-goal(3,45)",0.7180271744728088,0.1710000303161094
baseline,34,"biggrid50-goal(27,31)",20,"biggrid50-goal(21,10)",0.7306121587753296,0.0457828425447463
baseline,34,"biggrid50-goal(27,31)",21,"biggrid50-goal(40,3)",0.6751700043678284,0.2178540059244971
baseline,34,"biggrid50-goal(27,31)",22,"biggrid50-goal(15,38)",0.8782311677932739,0.27967722417871
baseline,34,"biggrid50-goal(27,31)",23,"biggrid50-goal(40,45)",0.7632653117179871,0.4794315274197806
baseline,34,"biggrid50-goal(27,31)",24,"biggrid50-goal(15,17)",0.8244897127151489,0.1527088464814346
baseline,34,"biggrid50-goal(27,31)",25,"biggrid50-goal(15,24)",0.8738094568252563,0.3104084666507715
baseline,34,"biggrid50-goal(27,31)",26,"biggrid50-goal(21,38)",0.8816325664520264,0.3796787434867667
baseline,34,"biggrid50-goal(27,31)",27,"biggrid50-goal(33,17)",0.83299320936203,0.38005074810081824
baseline,34,"biggrid50-goal(27,31)",28,"biggrid50-goal(27,17)",0.764285683631897,0.11381058780583397
baseline,34,"biggrid50-goal(27,31)",29,"biggrid50-goal(3,3)",0.5894557237625122,-0.10835640602225341
baseline,34,"biggrid50-goal(27,31)",30,"biggrid50-goal(9,10)",0.7323129177093506,-0.3094831484786556
baseline,34,"biggrid50-goal(27,31)",31,"biggrid50-goal(46,17)",0.7367346286773682,0.019011393332264287
baseline,34,"biggrid50-goal(27,31)",32,"biggrid50-goal(40,10)",0.6642857193946838,-0.015431908463941253
baseline,34,"biggrid50-goal(27,31)",33,"biggrid50-goal(46,38)",0.8095236420631409,0.4871790057573276
baseline,34,"biggrid50-goal(27,31)",34,"biggrid50-goal(27,31)",0.9306122064590454,0.6208175847427263
baseline,35,"biggrid50-goal(21,31)",0,"biggrid50-goal(40,31)",0.7850339412689209,0.37672556829974696
baseline,35,"biggrid50-goal(21,31)",1,"biggrid50-goal(9,31)",0.8517006635665894,0.31981278824677617
baseline,35,"biggrid50-goal(21,31)",2,"biggrid50-goal(15,31)",0.8843536376953125,0.4637217888728485
baseline,35,"biggrid50-goal(21,31)",3,"biggrid50-goal(9,24)",0.8663263916969299,0.19795901945672795
baseline,35,"biggrid50-goal(21,31)",4,"biggrid50-goal(21,17)",0.7585033178329468,0.13520065672500664
baseline,35,"biggrid50-goal(21,31)",5,"biggrid50-goal(27,3)",0.7234693169593811,0.02867365202577438
baseline,35,"biggrid50-goal(21,31)",6,"biggrid50-goal(3,31)",0.8319727778434753,0.3386881293277185
baseline,35,"biggrid50-goal(21,31)",7,"biggrid50-goal(33,10)",0.7850339412689209,0.16622676165255093
baseline,35,"biggrid50-goal(21,31)",8,"biggrid50-goal(27,45)",0.6629251837730408,0.04711550418396717
baseline,35,"biggrid50-goal(21,31)",9,"biggrid50-goal(21,45)",0.8901360034942627,0.6287355073945246
baseline,35,"biggrid50-goal(21,31)",10,"biggrid50-goal(33,3)",0.7204081416130066,-0.060645589300686205
baseline,35,"biggrid50-goal(21,31)",11,"biggrid50-goal(21,24)",0.8863945007324219,0.4470196254556469
baseline,35,"biggrid50-goal(21,31)",12,"biggrid50-goal(21,3)",0.7581632733345032,0.22039478045431515
baseline,35,"biggrid50-goal(21,31)",13,"biggrid50-goal(3,17)",0.754081666469574,0.03856416073763853
baseline,35,"biggrid50-goal(21,31)",14,"biggrid50-goal(15,45)",0.8299319744110107,0.2927864299132413
baseline,35,"biggrid50-goal(21,31)",15,"biggrid50-goal(3,24)",0.8173468708992004,-0.06972080331401415
baseline,35,"biggrid50-goal(21,31)",16,"biggrid50-goal(3,10)",0.6996598839759827,0.057630749366376514
baseline,35,"biggrid50-goal(21,31)",17,"biggrid50-goal(46,31)",0.7170067429542542,0.12605018350255182
baseline,35,"biggrid50-goal(21,31)",18,"biggrid50-goal(46,24)",0.7408162951469421,0.13995458851777792
baseline,35,"biggrid50-goal(21,31)",19,"biggrid50-goal(3,45)",0.7554420828819275,0.2809998428118489
baseline,35,"biggrid50-goal(21,31)",20,"biggrid50-goal(21,10)",0.7408162951469421,0.0819276141815821
baseline,35,"biggrid50-goal(21,31)",21,"biggrid50-goal(40,3)",0.6309522986412048,0.11138384656011757
baseline,35,"biggrid50-goal(21,31)",22,"biggrid50-goal(15,38)",0.8887755274772644,0.34205231884936893
baseline,35,"biggrid50-goal(21,31)",23,"biggrid50-goal(40,45)",0.6775509715080261,0.2909497147833226
baseline,35,"biggrid50-goal(21,31)",24,"biggrid50-goal(15,17)",0.8561223149299622,0.305417980709468
baseline,35,"biggrid50-goal(21,31)",25,"biggrid50-goal(15,24)",0.8880952000617981,0.38847554945806606
baseline,35,"biggrid50-goal(21,31)",26,"biggrid50-goal(21,38)",0.8884352445602417,0.4153291390833978
baseline,35,"biggrid50-goal(21,31)",27,"biggrid50-goal(33,17)",0.8350338339805603,0.3876257916115177
baseline,35,"biggrid50-goal(21,31)",28,"biggrid50-goal(27,17)",0.7972788214683533,0.23785129045060058
baseline,35,"biggrid50-goal(21,31)",29,"biggrid50-goal(3,3)",0.5982992053031921,-0.08448144299273078
baseline,35,"biggrid50-goal(21,31)",30,"biggrid50-goal(9,10)",0.7615646123886108,-0.16638845403485097
baseline,35,"biggrid50-goal(21,31)",31,"biggrid50-goal(46,17)",0.7241496443748474,-0.027883214013323387
baseline,35,"biggrid50-goal(21,31)",32,"biggrid50-goal(40,10)",0.6680271625518799,-0.004115199628467388
baseline,35,"biggrid50-goal(21,31)",33,"biggrid50-goal(46,38)",0.7465985417366028,0.31776526401110994
baseline,35,"biggrid50-goal(21,31)",34,"biggrid50-goal(27,31)",0.9037414193153381,0.4739772047701129
baseline,35,"biggrid50-goal(21,31)",35,"biggrid50-goal(21,31)",0.9608842134475708,0.8265454082190941
baseline,36,"biggrid50-goal(46,10)",0,"biggrid50-goal(40,31)",0.6857143640518188,0.08875753552235256
baseline,36,"biggrid50-goal(46,10)",1,"biggrid50-goal(9,31)",0.7826530337333679,0.0031201047598478906
baseline,36,"biggrid50-goal(46,10)",2,"biggrid50-goal(15,31)",0.7863945364952087,0.009463388450287913
baseline,36,"biggrid50-goal(46,10)",3,"biggrid50-goal(9,24)",0.8013604879379272,-0.19183607782691184
baseline,36,"biggrid50-goal(46,10)",4,"biggrid50-goal(21,17)",0.7568026781082153,0.12911066781129657
baseline,36,"biggrid50-goal(46,10)",5,"biggrid50-goal(27,3)",0.7540816068649292,0.1362006845783127
baseline,36,"biggrid50-goal(46,10)",6,"biggrid50-goal(3,31)",0.7302721738815308,-0.06157925467939607
baseline,36,"biggrid50-goal(46,10)",7,"biggrid50-goal(33,10)",0.8704080581665039,0.4973611478758217
baseline,36,"biggrid50-goal(46,10)",8,"biggrid50-goal(27,45)",0.640816330909729,-0.015384516878249268
baseline,36,"biggrid50-goal(46,10)",9,"biggrid50-goal(21,45)",0.7081632018089294,0.013793014544522142
baseline,36,"biggrid50-goal(46,10)",10,"biggrid50-goal(33,3)",0.8496597409248352,0.42967676669009197
baseline,36,"biggrid50-goal(46,10)",11,"biggrid50-goal(21,24)",0.7908163666725159,-0.01821165922196807
baseline,36,"biggrid50-goal(46,10)",12,"biggrid50-goal(21,3)",0.8510203957557678,0.5197368130304566
baseline,36,"biggrid50-goal(46,10)",13,"biggrid50-goal(3,17)",0.7819727659225464,0.14760646850523243
baseline,36,"biggrid50-goal(46,10)",14,"biggrid50-goal(15,45)",0.7350340485572815,-0.10183860735884136
baseline,36,"biggrid50-goal(46,10)",15,"biggrid50-goal(3,24)",0.7588434815406799,-0.4123499877647893
baseline,36,"biggrid50-goal(46,10)",16,"biggrid50-goal(3,10)",0.7034013271331787,0.06937017675626667
baseline,36,"biggrid50-goal(46,10)",17,"biggrid50-goal(46,31)",0.6887754797935486,0.03886539501551921
baseline,36,"biggrid50-goal(46,10)",18,"biggrid50-goal(46,24)",0.7132652401924133,0.04853233491363709
baseline,36,"biggrid50-goal(46,10)",19,"biggrid50-goal(3,45)",0.5959184169769287,-0.18799965723520237
baseline,36,"biggrid50-goal(46,10)",20,"biggrid50-goal(21,10)",0.7496598362922668,0.11325292810505815
baseline,36,"biggrid50-goal(46,10)",21,"biggrid50-goal(40,3)",0.8132651448249817,0.5503681282722513
baseline,36,"biggrid50-goal(46,10)",22,"biggrid50-goal(15,38)",0.7721088528633118,-0.34808867520312764
baseline,36,"biggrid50-goal(46,10)",23,"biggrid50-goal(40,45)",0.5554421544075012,0.022438154995033842
baseline,36,"biggrid50-goal(46,10)",24,"biggrid50-goal(15,17)",0.8629251718521118,0.3382593632743261
baseline,36,"biggrid50-goal(46,10)",25,"biggrid50-goal(15,24)",0.8173469305038452,0.0018585616960401497
baseline,36,"biggrid50-goal(46,10)",26,"biggrid50-goal(21,38)",0.799659788608551,-0.04991117856840531
baseline,36,"biggrid50-goal(46,10)",27,"biggrid50-goal(33,17)",0.8231291174888611,0.3434340551263857
baseline,36,"biggrid50-goal(46,10)",28,"biggrid50-goal(27,17)",0.75782310962677,0.0895139530188273
baseline,36,"biggrid50-goal(46,10)",29,"biggrid50-goal(3,3)",0.7153061032295227,0.23140493606963677
baseline,36,"biggrid50-goal(46,10)",30,"biggrid50-goal(9,10)",0.8551019430160522,0.291181471126194
baseline,36,"biggrid50-goal(46,10)",31,"biggrid50-goal(46,17)",0.720748245716095,-0.040557624302103426
baseline,36,"biggrid50-goal(46,10)",32,"biggrid50-goal(40,10)",0.6823129057884216,0.039094757041686
baseline,36,"biggrid50-goal(46,10)",33,"biggrid50-goal(46,38)",0.6482993364334106,0.05311354165112074
baseline,36,"biggrid50-goal(46,10)",34,"biggrid50-goal(27,31)",0.8227891325950623,0.03159848031800753
baseline,36,"biggrid50-goal(46,10)",35,"biggrid50-goal(21,31)",0.7874148488044739,0.05731486263537305
baseline,36,"biggrid50-goal(46,10)",36,"biggrid50-goal(46,10)",0.7367346286773682,0.37530249357956935
baseline,37,"biggrid50-goal(9,17)",0,"biggrid50-goal(40,31)",0.6816326975822449,0.07692311680420405
baseline,37,"biggrid50-goal(9,17)",1,"biggrid50-goal(9,31)",0.8642855882644653,0.37753458961313763
baseline,37,"biggrid50-goal(9,17)",2,"biggrid50-goal(15,31)",0.8581632375717163,0.34227100869195565
baseline,37,"biggrid50-goal(9,17)",3,"biggrid50-goal(9,24)",0.9520407319068909,0.7122446315631364
baseline,37,"biggrid50-goal(9,17)",4,"biggrid50-goal(21,17)",0.7795917391777039,0.21071826949716396
baseline,37,"biggrid50-goal(9,17)",5,"biggrid50-goal(27,3)",0.6948978900909424,-0.07168475815634924
baseline,37,"biggrid50-goal(9,17)",6,"biggrid50-goal(3,31)",0.821088433265686,0.2958501523535212
baseline,37,"biggrid50-goal(9,17)",7,"biggrid50-goal(33,10)",0.7942177057266235,0.20184716180929382
baseline,37,"biggrid50-goal(9,17)",8,"biggrid50-goal(27,45)",0.6625850796699524,0.04615405612794235
baseline,37,"biggrid50-goal(9,17)",9,"biggrid50-goal(21,45)",0.7870748043060303,0.2804597752083868
baseline,37,"biggrid50-goal(9,17)",10,"biggrid50-goal(33,3)",0.7295917272567749,-0.025807201433376656
baseline,37,"biggrid50-goal(9,17)",11,"biggrid50-goal(21,24)",0.8493196964263916,0.2665561857147665
baseline,37,"biggrid50-goal(9,17)",12,"biggrid50-goal(21,3)",0.7938775420188904,0.3355263018841314
baseline,37,"biggrid50-goal(9,17)",13,"biggrid50-goal(3,17)",0.8897958397865295,0.569148718015639
baseline,37,"biggrid50-goal(9,17)",14,"biggrid50-goal(15,45)",0.8085033297538757,0.20367721471768271
baseline,37,"biggrid50-goal(9,17)",15,"biggrid50-goal(3,24)",0.9085032939910889,0.46414315301204356
baseline,37,"biggrid50-goal(9,17)",16,"biggrid50-goal(3,10)",0.6965985894203186,0.04802540628207392
baseline,37,"biggrid50-goal(9,17)",17,"biggrid50-goal(46,31)",0.66700679063797,-0.02836144314844655
baseline,37,"biggrid50-goal(9,17)",18,"biggrid50-goal(46,24)",0.6833332777023315,-0.05079044855705806
baseline,37,"biggrid50-goal(9,17)",19,"biggrid50-goal(3,45)",0.7003400921821594,0.11900001699804978
baseline,37,"biggrid50-goal(9,17)",20,"biggrid50-goal(21,10)",0.7517006993293762,0.12048200911024665
baseline,37,"biggrid50-goal(9,17)",21,"biggrid50-goal(40,3)",0.6642857193946838,0.19164614333608893
baseline,37,"biggrid50-goal(9,17)",22,"biggrid50-goal(15,38)",0.8598639965057373,0.17102633572013873
baseline,37,"biggrid50-goal(9,17)",23,"biggrid50-goal(40,45)",0.5928571224212646,0.10471191424809408
baseline,37,"biggrid50-goal(9,17)",24,"biggrid50-goal(15,17)",0.9510202407836914,0.7635459588867659
baseline,37,"biggrid50-goal(9,17)",25,"biggrid50-goal(15,24)",0.9057822823524475,0.48512987782872047
baseline,37,"biggrid50-goal(9,17)",26,"biggrid50-goal(21,38)",0.8302720189094543,0.1105165387161172
baseline,37,"biggrid50-goal(9,17)",27,"biggrid50-goal(33,17)",0.8064624667167664,0.28156544703952446
baseline,37,"biggrid50-goal(9,17)",28,"biggrid50-goal(27,17)",0.777550995349884,0.16368273377925566
baseline,37,"biggrid50-goal(9,17)",29,"biggrid50-goal(3,3)",0.6999998688697815,0.19008232146598442
baseline,37,"biggrid50-goal(9,17)",30,"biggrid50-goal(9,10)",0.9312923550605774,0.6638929960686732
baseline,37,"biggrid50-goal(9,17)",31,"biggrid50-goal(46,17)",0.7346938252449036,0.011406880419539727
baseline,37,"biggrid50-goal(9,17)",32,"biggrid50-goal(40,10)",0.6690475940704346,-0.0010287097643053938
baseline,37,"biggrid50-goal(9,17)",33,"biggrid50-goal(46,38)",0.6547619700431824,0.07051294086836041
baseline,37,"biggrid50-goal(9,17)",34,"biggrid50-goal(27,31)",0.8346939086914062,0.0966543283706544
baseline,37,"biggrid50-goal(9,17)",35,"biggrid50-goal(21,31)",0.8486394286155701,0.3288084317051652
baseline,37,"biggrid50-goal(9,17)",36,"biggrid50-goal(46,10)",0.6394557356834412,0.14447121647183087
baseline,37,"biggrid50-goal(9,17)",37,"biggrid50-goal(9,17)",0.935714066028595,0.6724426241058933
baseline,38,"biggrid50-goal(33,24)",0,"biggrid50-goal(40,31)",0.8544216156005859,0.577908785507879
baseline,38,"biggrid50-goal(33,24)",1,"biggrid50-goal(9,31)",0.8166666626930237,0.15912643627883835
baseline,38,"biggrid50-goal(33,24)",2,"biggrid50-goal(15,31)",0.8255101442337036,0.19085126548428208
baseline,38,"biggrid50-goal(33,24)",3,"biggrid50-goal(9,24)",0.8588435053825378,0.15306173903558573
baseline,38,"biggrid50-goal(33,24)",4,"biggrid50-goal(21,17)",0.7530612349510193,0.11571256413463546
baseline,38,"biggrid50-goal(33,24)",5,"biggrid50-goal(27,3)",0.7299318909645081,0.051373731228164646
baseline,38,"biggrid50-goal(33,24)",6,"biggrid50-goal(3,31)",0.7602040767669678,0.0562250060582488
baseline,38,"biggrid50-goal(33,24)",7,"biggrid50-goal(33,10)",0.8846938014030457,0.5527702225494763
baseline,38,"biggrid50-goal(33,24)",8,"biggrid50-goal(27,45)",0.6632652878761292,0.04807695223999199
baseline,38,"biggrid50-goal(33,24)",9,"biggrid50-goal(21,45)",0.7904760837554932,0.2919537525729215
baseline,38,"biggrid50-goal(33,24)",10,"biggrid50-goal(33,3)",0.8098639249801636,0.27870936407025426
baseline,38,"biggrid50-goal(33,24)",11,"biggrid50-goal(21,24)",0.8982991576194763,0.5049661303930546
baseline,38,"biggrid50-goal(33,24)",12,"biggrid50-goal(21,3)",0.7717686891555786,0.2642543436168244
baseline,38,"biggrid50-goal(33,24)",13,"biggrid50-goal(3,17)",0.7585033178329468,0.05585093244123714
baseline,38,"biggrid50-goal(33,24)",14,"biggrid50-goal(15,45)",0.7690476775169373,0.03960420580286978
baseline,38,"biggrid50-goal(33,24)",15,"biggrid50-goal(3,24)",0.7976188659667969,-0.18525924159845958
baseline,38,"biggrid50-goal(33,24)",16,"biggrid50-goal(3,10)",0.671088457107544,-0.03201706220132919
baseline,38,"biggrid50-goal(33,24)",17,"biggrid50-goal(46,31)",0.7765304446220398,0.30987339078625387
baseline,38,"biggrid50-goal(33,24)",18,"biggrid50-goal(46,24)",0.8829930424690247,0.6117375627720782
baseline,38,"biggrid50-goal(33,24)",19,"biggrid50-goal(3,45)",0.6578231453895569,-0.005999785859620291
baseline,38,"biggrid50-goal(33,24)",20,"biggrid50-goal(21,10)",0.7285714745521545,0.038554394928664554
baseline,38,"biggrid50-goal(33,24)",21,"biggrid50-goal(40,3)",0.7863944172859192,0.48566710870763297
baseline,38,"biggrid50-goal(33,24)",22,"biggrid50-goal(15,38)",0.811904788017273,-0.11267606627016644
baseline,38,"biggrid50-goal(33,24)",23,"biggrid50-goal(40,45)",0.718367338180542,0.3807029901025448
baseline,38,"biggrid50-goal(33,24)",24,"biggrid50-goal(15,17)",0.8591836094856262,0.32019664602564396
baseline,38,"biggrid50-goal(33,24)",25,"biggrid50-goal(15,24)",0.8710883855819702,0.2955386702000836
baseline,38,"biggrid50-goal(33,24)",26,"biggrid50-goal(21,38)",0.8234694004058838,0.07486645548604705
baseline,38,"biggrid50-goal(33,24)",27,"biggrid50-goal(33,17)",0.943537175655365,0.7904032190616026
baseline,38,"biggrid50-goal(33,24)",28,"biggrid50-goal(27,17)",0.795918345451355,0.23273645712021773
baseline,38,"biggrid50-goal(33,24)",29,"biggrid50-goal(3,3)",0.6153060793876648,-0.03856756980299684
baseline,38,"biggrid50-goal(33,24)",30,"biggrid50-goal(9,10)",0.7704080939292908,-0.12312753179569463
baseline,38,"biggrid50-goal(33,24)",31,"biggrid50-goal(46,17)",0.8486394286155701,0.43599496097464985
baseline,38,"biggrid50-goal(33,24)",32,"biggrid50-goal(40,10)",0.6761904954910278,0.020576358713582755
baseline,38,"biggrid50-goal(33,24)",33,"biggrid50-goal(46,38)",0.776190459728241,0.39743581719887083
baseline,38,"biggrid50-goal(33,24)",34,"biggrid50-goal(27,31)",0.9333332180976868,0.6356870554728226
baseline,38,"biggrid50-goal(33,24)",35,"biggrid50-goal(21,31)",0.8823128342628479,0.47812939250426995
baseline,38,"biggrid50-goal(33,24)",36,"biggrid50-goal(46,10)",0.7081632018089294,0.30750588580727706
baseline,38,"biggrid50-goal(33,24)",37,"biggrid50-goal(9,17)",0.8166666626930237,0.06585806299564609
baseline,38,"biggrid50-goal(33,24)",38,"biggrid50-goal(33,24)",0.959523618221283,0.8086807987455015
baseline,39,"biggrid50-goal(40,17)",0,"biggrid50-goal(40,31)",0.8428571224212646,0.5443785949429587
baseline,39,"biggrid50-goal(40,17)",1,"biggrid50-goal(9,31)",0.7795918583869934,-0.010920229968643124
baseline,39,"biggrid50-goal(40,17)",2,"biggrid50-goal(15,31)",0.7812924981117249,-0.014195911875891908
baseline,39,"biggrid50-goal(40,17)",3,"biggrid50-goal(9,24)",0.7663265466690063,-0.40203955003299113
baseline,39,"biggrid50-goal(40,17)",4,"biggrid50-goal(21,17)",0.7530611753463745,0.11571235069047053
baseline,39,"biggrid50-goal(40,17)",5,"biggrid50-goal(27,3)",0.7319727540016174,0.05854235359857934
baseline,39,"biggrid50-goal(40,17)",6,"biggrid50-goal(3,31)",0.7013605833053589,-0.17536782895118047
baseline,39,"biggrid50-goal(40,17)",7,"biggrid50-goal(33,10)",0.8765304684638977,0.5211076960066396
baseline,39,"biggrid50-goal(40,17)",8,"biggrid50-goal(27,45)",0.6707483530044556,0.06923099994304777
baseline,39,"biggrid50-goal(40,17)",9,"biggrid50-goal(21,45)",0.7527210712432861,0.16436786447967414
baseline,39,"biggrid50-goal(40,17)",10,"biggrid50-goal(33,3)",0.8435373306274414,0.406451099407493
baseline,39,"biggrid50-goal(40,17)",11,"biggrid50-goal(21,24)",0.8142858147621155,0.09602703765984633
baseline,39,"biggrid50-goal(40,17)",12,"biggrid50-goal(21,3)",0.7278910875320435,0.12280681528433558
baseline,39,"biggrid50-goal(40,17)",13,"biggrid50-goal(3,17)",0.7044218182563782,-0.15558467379237512
baseline,39,"biggrid50-goal(40,17)",14,"biggrid50-goal(15,45)",0.7520408034324646,-0.031117448638884267
baseline,39,"biggrid50-goal(40,17)",15,"biggrid50-goal(3,24)",0.7173468470573425,-0.655377924887326
baseline,39,"biggrid50-goal(40,17)",16,"biggrid50-goal(3,10)",0.652721107006073,-0.0896478115677057
baseline,39,"biggrid50-goal(40,17)",17,"biggrid50-goal(46,31)",0.8255100846290588,0.4611340527649448
baseline,39,"biggrid50-goal(40,17)",18,"biggrid50-goal(46,24)",0.8795917630195618,0.6004511480442011
baseline,39,"biggrid50-goal(40,17)",19,"biggrid50-goal(3,45)",0.6017007231712341,-0.1709996798408562
baseline,39,"biggrid50-goal(40,17)",20,"biggrid50-goal(21,10)",0.7425170540809631,0.08795198910570737
baseline,39,"biggrid50-goal(40,17)",21,"biggrid50-goal(40,3)",0.8833332061767578,0.7190823918434831
baseline,39,"biggrid50-goal(40,17)",22,"biggrid50-goal(15,38)",0.777891218662262,-0.3138831259863731
baseline,39,"biggrid50-goal(40,17)",23,"biggrid50-goal(40,45)",0.7153060436248779,0.3739713470023086
baseline,39,"biggrid50-goal(40,17)",24,"biggrid50-goal(15,17)",0.8340135812759399,0.19868614902971846
baseline,39,"biggrid50-goal(40,17)",25,"biggrid50-goal(15,24)",0.8231291174888611,0.03345639057286435
baseline,39,"biggrid50-goal(40,17)",26,"biggrid50-goal(21,38)",0.8081632256507874,-0.005347715522775114
baseline,39,"biggrid50-goal(40,17)",27,"biggrid50-goal(33,17)",0.9329931139945984,0.7512623966219855
baseline,39,"biggrid50-goal(40,17)",28,"biggrid50-goal(27,17)",0.7945578098297119,0.22762139970075143
baseline,39,"biggrid50-goal(40,17)",29,"biggrid50-goal(3,3)",0.6119047403335571,-0.04775024789127477
baseline,39,"biggrid50-goal(40,17)",30,"biggrid50-goal(9,10)",0.7210884094238281,-0.3643916794547285
baseline,39,"biggrid50-goal(40,17)",31,"biggrid50-goal(46,17)",0.895578145980835,0.6108996463709379
baseline,39,"biggrid50-goal(40,17)",32,"biggrid50-goal(40,10)",0.6914965510368347,0.06687244467665232
baseline,39,"biggrid50-goal(40,17)",33,"biggrid50-goal(46,38)",0.8030611872673035,0.4697800879622475
baseline,39,"biggrid50-goal(40,17)",34,"biggrid50-goal(27,31)",0.8663265109062195,0.2695165264113799
baseline,39,"biggrid50-goal(40,17)",35,"biggrid50-goal(21,31)",0.7921768426895142,0.07843139327922728
baseline,39,"biggrid50-goal(40,17)",36,"biggrid50-goal(46,10)",0.7860543727874756,0.4923323976952924
baseline,39,"biggrid50-goal(40,17)",37,"biggrid50-goal(9,17)",0.7704080939292908,-0.16984412659384232
baseline,39,"biggrid50-goal(40,17)",38,"biggrid50-goal(33,24)",0.8836734890937805,0.4501609537885417
baseline,39,"biggrid50-goal(40,17)",39,"biggrid50-goal(40,17)",0.9289114475250244,0.7022787631219157
baseline,40,"biggrid50-goal(40,38)",0,"biggrid50-goal(40,31)",0.9438774585723877,0.8372778227393174
baseline,40,"biggrid50-goal(40,38)",1,"biggrid50-goal(9,31)",0.7792516946792603,-0.012480419039391562
baseline,40,"biggrid50-goal(40,38)",2,"biggrid50-goal(15,31)",0.8047618865966797,0.09463692490456593
baseline,40,"biggrid50-goal(40,38)",3,"biggrid50-goal(9,24)",0.7993196249008179,-0.20408124583140363
baseline,40,"biggrid50-goal(40,38)",4,"biggrid50-goal(21,17)",0.7394558191299438,0.06699158560413022
baseline,40,"biggrid50-goal(40,38)",5,"biggrid50-goal(27,3)",0.7064626216888428,-0.031063123027922246
baseline,40,"biggrid50-goal(40,38)",6,"biggrid50-goal(3,31)",0.723809540271759,-0.08701451610368156
baseline,40,"biggrid50-goal(40,38)",7,"biggrid50-goal(33,10)",0.777550995349884,0.13720320282599574
baseline,40,"biggrid50-goal(40,38)",8,"biggrid50-goal(27,45)",0.664625883102417,0.051923249957285825
baseline,40,"biggrid50-goal(40,38)",9,"biggrid50-goal(21,45)",0.8146257996559143,0.3735631269403288
baseline,40,"biggrid50-goal(40,38)",10,"biggrid50-goal(33,3)",0.7785714268684387,0.15999971961965956
baseline,40,"biggrid50-goal(40,38)",11,"biggrid50-goal(21,24)",0.835374116897583,0.19867538909139862
baseline,40,"biggrid50-goal(40,38)",12,"biggrid50-goal(21,3)",0.7663265466690063,0.24671059521043986
baseline,40,"biggrid50-goal(40,38)",13,"biggrid50-goal(3,17)",0.7244898676872253,-0.07712715633153093
baseline,40,"biggrid50-goal(40,38)",14,"biggrid50-goal(15,45)",0.7700679898262024,0.04384708866306558
baseline,40,"biggrid50-goal(40,38)",15,"biggrid50-goal(3,24)",0.7462584376335144,-0.48605517608754617
baseline,40,"biggrid50-goal(40,38)",16,"biggrid50-goal(3,10)",0.6612244844436646,-0.06296698873990467
baseline,40,"biggrid50-goal(40,38)",17,"biggrid50-goal(46,31)",0.7452380657196045,0.21323515606276305
baseline,40,"biggrid50-goal(40,38)",18,"biggrid50-goal(46,24)",0.9370746612548828,0.7911957895486343
baseline,40,"biggrid50-goal(40,38)",19,"biggrid50-goal(3,45)",0.6523809432983398,-0.021999857356571947
baseline,40,"biggrid50-goal(40,38)",20,"biggrid50-goal(21,10)",0.7316325902938843,0.04939738304734056
baseline,40,"biggrid50-goal(40,38)",21,"biggrid50-goal(40,3)",0.88197261095047,0.7158062655001378
baseline,40,"biggrid50-goal(40,38)",22,"biggrid50-goal(15,38)",0.8173469305038452,-0.08048310595920946
baseline,40,"biggrid50-goal(40,38)",23,"biggrid50-goal(40,45)",0.7292516231536865,0.4046370220972476
baseline,40,"biggrid50-goal(40,38)",24,"biggrid50-goal(15,17)",0.8343536257743835,0.2003277433760733
baseline,40,"biggrid50-goal(40,38)",25,"biggrid50-goal(15,24)",0.823469340801239,0.03531560371008783
baseline,40,"biggrid50-goal(40,38)",26,"biggrid50-goal(21,38)",0.8568025827407837,0.24955370627610018
baseline,40,"biggrid50-goal(40,38)",27,"biggrid50-goal(33,17)",0.9146257638931274,0.6830805884974217
baseline,40,"biggrid50-goal(40,38)",28,"biggrid50-goal(27,17)",0.7717687487602234,0.1419438517910656
baseline,40,"biggrid50-goal(40,38)",29,"biggrid50-goal(3,3)",0.5982992053031921,-0.08448144299273078
baseline,40,"biggrid50-goal(40,38)",30,"biggrid50-goal(9,10)",0.7336734533309937,-0.3028276219803238
baseline,40,"biggrid50-goal(40,38)",31,"biggrid50-goal(46,17)",0.8013603687286377,0.2598220794064042
baseline,40,"biggrid50-goal(40,38)",32,"biggrid50-goal(40,10)",0.6761904358863831,0.02057617842795985
baseline,40,"biggrid50-goal(40,38)",33,"biggrid50-goal(46,38)",0.9554420709609985,0.8800363377446045
baseline,40,"biggrid50-goal(40,38)",34,"biggrid50-goal(27,31)",0.8952380418777466,0.42750892800141754
baseline,40,"biggrid50-goal(40,38)",35,"biggrid50-goal(21,31)",0.8326529860496521,0.257918335564992
baseline,40,"biggrid50-goal(40,38)",36,"biggrid50-goal(46,10)",0.7891155481338501,0.49959620377806174
baseline,40,"biggrid50-goal(40,38)",37,"biggrid50-goal(9,17)",0.7772108912467957,-0.13518170045482816
baseline,40,"biggrid50-goal(40,38)",38,"biggrid50-goal(33,24)",0.8836734890937805,0.4501609537885417
baseline,40,"biggrid50-goal(40,38)",39,"biggrid50-goal(40,17)",0.9391155242919922,0.7450137781207088
baseline,40,"biggrid50-goal(40,38)",40,"biggrid50-goal(40,38)",0.7962585091590881,0.43490565601045345
baseline,41,"biggrid50-goal(33,38)",0,"biggrid50-goal(40,31)",0.8506801724433899,0.5670608131753844
baseline,41,"biggrid50-goal(33,38)",1,"biggrid50-goal(9,31)",0.822108805179596,0.18408727435762148
baseline,41,"biggrid50-goal(33,38)",2,"biggrid50-goal(15,31)",0.8499998450279236,0.30441552008973055
baseline,41,"biggrid50-goal(33,38)",3,"biggrid50-goal(9,24)",0.7965986132621765,-0.22040730203972886
baseline,41,"biggrid50-goal(33,38)",4,"biggrid50-goal(21,17)",0.7333332896232605,0.04506681442694724
baseline,41,"biggrid50-goal(33,38)",5,"biggrid50-goal(27,3)",0.6738094687461853,-0.14575877795087525
baseline,41,"biggrid50-goal(33,38)",6,"biggrid50-goal(3,31)",0.7707482576370239,0.09772418628862882
baseline,41,"biggrid50-goal(33,38)",7,"biggrid50-goal(33,10)",0.754081666469574,0.04617442154821751
baseline,41,"biggrid50-goal(33,38)",8,"biggrid50-goal(27,45)",0.6744897961616516,0.07980777104797838
baseline,41,"biggrid50-goal(33,38)",9,"biggrid50-goal(21,45)",0.8911563754081726,0.6321836603193716
baseline,41,"biggrid50-goal(33,38)",10,"biggrid50-goal(33,3)",0.7244897484779358,-0.0451618111122869
baseline,41,"biggrid50-goal(33,38)",11,"biggrid50-goal(21,24)",0.8517006039619446,0.27814537065082795
baseline,41,"biggrid50-goal(33,38)",12,"biggrid50-goal(21,3)",0.6928571462631226,0.009868454551865254
baseline,41,"biggrid50-goal(33,38)",13,"biggrid50-goal(3,17)",0.7088435888290405,-0.13829743603127806
baseline,41,"biggrid50-goal(33,38)",14,"biggrid50-goal(15,45)",0.8061224222183228,0.19377641112786376
baseline,41,"biggrid50-goal(33,38)",15,"biggrid50-goal(3,24)",0.7544216513633728,-0.4382467449277983
baseline,41,"biggrid50-goal(33,38)",16,"biggrid50-goal(3,10)",0.6544217467308044,-0.0843117592140974
baseline,41,"biggrid50-goal(33,38)",17,"biggrid50-goal(46,31)",0.7693876624107361,0.28781479734831544
baseline,41,"biggrid50-goal(33,38)",18,"biggrid50-goal(46,24)",0.8506802916526794,0.5045146450052315
baseline,41,"biggrid50-goal(33,38)",19,"biggrid50-goal(3,45)",0.7350339889526367,0.2210000566017534
baseline,41,"biggrid50-goal(33,38)",20,"biggrid50-goal(21,10)",0.7238094806671143,0.021686609626458773
baseline,41,"biggrid50-goal(33,38)",21,"biggrid50-goal(40,3)",0.6401359438896179,0.13349680237898412
baseline,41,"biggrid50-goal(33,38)",22,"biggrid50-goal(15,38)",0.8649659752845764,0.20120705971620664
baseline,41,"biggrid50-goal(33,38)",23,"biggrid50-goal(40,45)",0.8132652044296265,0.5893789456328072
baseline,41,"biggrid50-goal(33,38)",24,"biggrid50-goal(15,17)",0.7972788214683533,0.021345905941391772
baseline,41,"biggrid50-goal(33,38)",25,"biggrid50-goal(15,24)",0.8452380895614624,0.15427495247736567
baseline,41,"biggrid50-goal(33,38)",26,"biggrid50-goal(21,38)",0.8761904239654541,0.35115842700946187
baseline,41,"biggrid50-goal(33,38)",27,"biggrid50-goal(33,17)",0.7874149084091187,0.21085862441139416
baseline,41,"biggrid50-goal(33,38)",28,"biggrid50-goal(27,17)",0.777550995349884,0.16368273377925566
baseline,41,"biggrid50-goal(33,38)",29,"biggrid50-goal(3,3)",0.5806121826171875,-0.1322315299678908
baseline,41,"biggrid50-goal(33,38)",30,"biggrid50-goal(9,10)",0.6959183812141418,-0.48751950282698053
baseline,41,"biggrid50-goal(33,38)",31,"biggrid50-goal(46,17)",0.7289115190505981,-0.010139350550299414
baseline,41,"biggrid50-goal(33,38)",32,"biggrid50-goal(40,10)",0.6622449159622192,-0.021604707906642335
baseline,41,"biggrid50-goal(33,38)",33,"biggrid50-goal(46,38)",0.9285712838172913,0.8076919065071747
baseline,41,"biggrid50-goal(33,38)",34,"biggrid50-goal(27,31)",0.8952379822731018,0.4275086022808259
baseline,41,"biggrid50-goal(33,38)",35,"biggrid50-goal(21,31)",0.8588435053825378,0.37405727178008125
baseline,41,"biggrid50-goal(33,38)",36,"biggrid50-goal(46,10)",0.6261904239654541,0.11299420485240011
baseline,41,"biggrid50-goal(33,38)",37,"biggrid50-goal(9,17)",0.7520408630371094,-0.26343103716373817
baseline,41,"biggrid50-goal(33,38)",38,"biggrid50-goal(33,24)",0.8700679540634155,0.3858518436294361
baseline,41,"biggrid50-goal(33,38)",39,"biggrid50-goal(40,17)",0.7462584972381592,-0.06267790550598117
baseline,41,"biggrid50-goal(33,38)",40,"biggrid50-goal(40,38)",0.6972788572311401,0.1603771775759275
baseline,41,"biggrid50-goal(33,38)",41,"biggrid50-goal(33,38)",0.9088433980941772,0.6905306908734767
baseline,42,"biggrid50-goal(9,45)",0,"biggrid50-goal(40,31)",0.772108793258667,0.3392502834650813
baseline,42,"biggrid50-goal(9,45)",1,"biggrid50-goal(9,31)",0.8598638772964478,0.3572540453649508
baseline,42,"biggrid50-goal(9,45)",2,"biggrid50-goal(15,31)",0.8877550363540649,0.47949484002373727
baseline,42,"biggrid50-goal(9,45)",3,"biggrid50-goal(9,24)",0.8714285492897034,0.22857193946795745
baseline,42,"biggrid50-goal(9,45)",4,"biggrid50-goal(21,17)",0.7391156554222107,0.06577345975488925
baseline,42,"biggrid50-goal(9,45)",5,"biggrid50-goal(27,3)",0.664625883102417,-0.17801653179788587
baseline,42,"biggrid50-goal(9,45)",6,"biggrid50-goal(3,31)",0.8738094568252563,0.5033465226824824
baseline,42,"biggrid50-goal(9,45)",7,"biggrid50-goal(33,10)",0.722449004650116,-0.07651688627239742
baseline,42,"biggrid50-goal(9,45)",8,"biggrid50-goal(27,45)",0.6673469543457031,0.05961550839641046
baseline,42,"biggrid50-goal(9,45)",9,"biggrid50-goal(21,45)",0.930952250957489,0.7666662571074471
baseline,42,"biggrid50-goal(9,45)",10,"biggrid50-goal(33,3)",0.6704081296920776,-0.25032311573105553
baseline,42,"biggrid50-goal(9,45)",11,"biggrid50-goal(21,24)",0.8438774347305298,0.24006570831403978
baseline,42,"biggrid50-goal(9,45)",12,"biggrid50-goal(21,3)",0.6908162832260132,0.0032893567529231737
baseline,42,"biggrid50-goal(9,45)",13,"biggrid50-goal(3,17)",0.7346937656402588,-0.037234265665823725
baseline,42,"biggrid50-goal(9,45)",14,"biggrid50-goal(15,45)",0.896938681602478,0.5714281819328738
baseline,42,"biggrid50-goal(9,45)",15,"biggrid50-goal(3,24)",0.821768581867218,-0.043824744308532566
baseline,42,"biggrid50-goal(9,45)",16,"biggrid50-goal(3,10)",0.6673468947410583,-0.04375686363105907
baseline,42,"biggrid50-goal(9,45)",17,"biggrid50-goal(46,31)",0.724829912185669,0.15020997227489782
baseline,42,"biggrid50-goal(9,45)",18,"biggrid50-goal(46,24)",0.7095237970352173,0.03611716004185135
baseline,42,"biggrid50-goal(9,45)",19,"biggrid50-goal(3,45)",0.8585032820701599,0.5839997182178964
baseline,42,"biggrid50-goal(9,45)",20,"biggrid50-goal(21,10)",0.7251700758934021,0.026506067339818536
baseline,42,"biggrid50-goal(9,45)",21,"biggrid50-goal(40,3)",0.5959183573722839,0.027026930054193075
baseline,42,"biggrid50-goal(9,45)",22,"biggrid50-goal(15,38)",0.961224377155304,0.7706230422389805
baseline,42,"biggrid50-goal(9,45)",23,"biggrid50-goal(40,45)",0.7819726467132568,0.5205680793767673
baseline,42,"biggrid50-goal(9,45)",24,"biggrid50-goal(15,17)",0.8173469305038452,0.11822644506341935
baseline,42,"biggrid50-goal(9,45)",25,"biggrid50-goal(15,24)",0.8659864068031311,0.26765796471533976
baseline,42,"biggrid50-goal(9,45)",26,"biggrid50-goal(21,38)",0.9244896769523621,0.604277485211786
baseline,42,"biggrid50-goal(9,45)",27,"biggrid50-goal(33,17)",0.7663264870643616,0.1325758732341825
baseline,42,"biggrid50-goal(9,45)",28,"biggrid50-goal(27,17)",0.7540816068649292,0.07544743307075322
baseline,42,"biggrid50-goal(9,45)",29,"biggrid50-goal(3,3)",0.5955781936645508,-0.09182742454723837
baseline,42,"biggrid50-goal(9,45)",30,"biggrid50-goal(9,10)",0.7156462073326111,-0.3910140770246128
baseline,42,"biggrid50-goal(9,45)",31,"biggrid50-goal(46,17)",0.6914966702461243,-0.1495558648187279
baseline,42,"biggrid50-goal(9,45)",32,"biggrid50-goal(40,10)",0.6642857193946838,-0.015431908463941253
baseline,42,"biggrid50-goal(9,45)",33,"biggrid50-goal(46,38)",0.7829931974411011,0.41575088136361865
baseline,42,"biggrid50-goal(9,45)",34,"biggrid50-goal(27,31)",0.8921768665313721,0.4107805698546895
baseline,42,"biggrid50-goal(9,45)",35,"biggrid50-goal(21,31)",0.8680270910263062,0.4147808578132987
baseline,42,"biggrid50-goal(9,45)",36,"biggrid50-goal(46,10)",0.5986394286155701,0.047618960064200064
baseline,42,"biggrid50-goal(9,45)",37,"biggrid50-goal(9,17)",0.7744897603988647,-0.14904673165137614
baseline,42,"biggrid50-goal(9,45)",38,"biggrid50-goal(33,24)",0.8278911113739014,0.18649509531856343
baseline,42,"biggrid50-goal(9,45)",39,"biggrid50-goal(40,17)",0.7105442881584167,-0.21225020837550976
baseline,42,"biggrid50-goal(9,45)",40,"biggrid50-goal(40,38)",0.6809523701667786,0.11509427786212698
baseline,42,"biggrid50-goal(9,45)",41,"biggrid50-goal(33,38)",0.8306121826171875,0.42494202587689656
baseline,42,"biggrid50-goal(9,45)",42,"biggrid50-goal(9,45)",0.9751699566841125,0.9252811425279349
baseline,43,"biggrid50-goal(9,38)",0,"biggrid50-goal(40,31)",0.7404760718345642,0.2475341000586372
baseline,43,"biggrid50-goal(9,38)",1,"biggrid50-goal(9,31)",0.9044216275215149,0.5616218639707591
baseline,43,"biggrid50-goal(9,38)",2,"biggrid50-goal(15,31)",0.9241495728492737,0.6482644972571431
baseline,43,"biggrid50-goal(9,38)",3,"biggrid50-goal(9,24)",0.915306031703949,0.4918366142682672
baseline,43,"biggrid50-goal(9,38)",4,"biggrid50-goal(21,17)",0.7459183931350708,0.09013405574222434
baseline,43,"biggrid50-goal(9,38)",5,"biggrid50-goal(27,3)",0.6707483530044556,-0.156511083414584
baseline,43,"biggrid50-goal(9,38)",6,"biggrid50-goal(3,31)",0.945237934589386,0.7844706146196041
baseline,43,"biggrid50-goal(9,38)",7,"biggrid50-goal(33,10)",0.7289115786552429,-0.051450969875541985
baseline,43,"biggrid50-goal(9,38)",8,"biggrid50-goal(27,45)",0.669387698173523,0.06538453372802241
baseline,43,"biggrid50-goal(9,38)",9,"biggrid50-goal(21,45)",0.8846938014030457,0.6103446199125947
baseline,43,"biggrid50-goal(9,38)",10,"biggrid50-goal(33,3)",0.672448992729187,-0.24258100052367812
baseline,43,"biggrid50-goal(9,38)",11,"biggrid50-goal(21,24)",0.8482992649078369,0.2615891849360615
baseline,43,"biggrid50-goal(9,38)",12,"biggrid50-goal(21,3)",0.714285671710968,0.0789472521218263
baseline,43,"biggrid50-goal(9,38)",13,"biggrid50-goal(3,17)",0.7904761433601379,0.18085104895561174
baseline,43,"biggrid50-goal(9,38)",14,"biggrid50-goal(15,45)",0.8700679540634155,0.459688523123315
baseline,43,"biggrid50-goal(9,38)",15,"biggrid50-goal(3,24)",0.8428571224212646,0.07968176583587085
baseline,43,"biggrid50-goal(9,38)",16,"biggrid50-goal(3,10)",0.6683673858642578,-0.04055489558303834
baseline,43,"biggrid50-goal(9,38)",17,"biggrid50-goal(46,31)",0.6999999284744263,0.07352913565493789
baseline,43,"biggrid50-goal(9,38)",18,"biggrid50-goal(46,24)",0.7051020264625549,0.02144446488224858
baseline,43,"biggrid50-goal(9,38)",19,"biggrid50-goal(3,45)",0.8486393094062805,0.5549996433914298
baseline,43,"biggrid50-goal(9,38)",20,"biggrid50-goal(21,10)",0.7306121587753296,0.0457828425447463
baseline,43,"biggrid50-goal(9,38)",21,"biggrid50-goal(40,3)",0.5874149799346924,0.006551965647102048
baseline,43,"biggrid50-goal(9,38)",22,"biggrid50-goal(15,38)",0.936394453048706,0.623741779342968
baseline,43,"biggrid50-goal(9,38)",23,"biggrid50-goal(40,45)",0.6727889776229858,0.2804783136500054
baseline,43,"biggrid50-goal(9,38)",24,"biggrid50-goal(15,17)",0.8326530456542969,0.19211804516470615
baseline,43,"biggrid50-goal(9,38)",25,"biggrid50-goal(15,24)",0.9119046330451965,0.5185865941221764
baseline,43,"biggrid50-goal(9,38)",26,"biggrid50-goal(21,38)",0.8853741884231567,0.3992872419813161
baseline,43,"biggrid50-goal(9,38)",27,"biggrid50-goal(33,17)",0.7625849843025208,0.11868696590699397
baseline,43,"biggrid50-goal(9,38)",28,"biggrid50-goal(27,17)",0.7486394643783569,0.054987203392888
baseline,43,"biggrid50-goal(9,38)",29,"biggrid50-goal(3,3)",0.6013604998588562,-0.07621679133910851
baseline,43,"biggrid50-goal(9,38)",30,"biggrid50-goal(9,10)",0.7629251480102539,-0.15973292753651924
baseline,43,"biggrid50-goal(9,38)",31,"biggrid50-goal(46,17)",0.6710883975028992,-0.2256018823495966
baseline,43,"biggrid50-goal(9,38)",32,"biggrid50-goal(40,10)",0.6557823419570923,-0.041151996284673885
baseline,43,"biggrid50-goal(9,38)",33,"biggrid50-goal(46,38)",0.7357142567634583,0.28846141810599857
baseline,43,"biggrid50-goal(9,38)",34,"biggrid50-goal(27,31)",0.8904761672019958,0.4014867842127138
baseline,43,"biggrid50-goal(9,38)",35,"biggrid50-goal(21,31)",0.8799318671226501,0.4675712593374167
baseline,43,"biggrid50-goal(9,38)",36,"biggrid50-goal(46,10)",0.5945578217506409,0.03793379099733848
baseline,43,"biggrid50-goal(9,38)",37,"biggrid50-goal(9,17)",0.7979592084884644,-0.02946239406779661
baseline,43,"biggrid50-goal(9,38)",38,"biggrid50-goal(33,24)",0.8224489092826843,0.1607715076014251
baseline,43,"biggrid50-goal(9,38)",39,"biggrid50-goal(40,17)",0.6989795565605164,-0.2606836913431365
baseline,43,"biggrid50-goal(9,38)",40,"biggrid50-goal(40,38)",0.6636054515838623,0.06698112458934873
baseline,43,"biggrid50-goal(9,38)",41,"biggrid50-goal(33,38)",0.7605442404747009,0.18706701525336614
baseline,43,"biggrid50-goal(9,38)",42,"biggrid50-goal(9,45)",0.8996597528457642,0.6980549517997822
baseline,43,"biggrid50-goal(9,38)",43,"biggrid50-goal(9,38)",0.9619045853614807,0.8733025583710983
baseline,44,"biggrid50-goal(9,3)",0,"biggrid50-goal(40,31)",0.678911566734314,0.06903344671936586
baseline,44,"biggrid50-goal(9,3)",1,"biggrid50-goal(9,31)",0.8591835498809814,0.35413366722345396
baseline,44,"biggrid50-goal(9,3)",2,"biggrid50-goal(15,31)",0.8323128819465637,0.2223970913859063
baseline,44,"biggrid50-goal(9,3)",3,"biggrid50-goal(9,24)",0.9091836214065552,0.45510218313750245
baseline,44,"biggrid50-goal(9,3)",4,"biggrid50-goal(21,17)",0.769727885723114,0.1753958215316497
baseline,44,"biggrid50-goal(9,3)",5,"biggrid50-goal(27,3)",0.7632652521133423,0.16845864778929442
baseline,44,"biggrid50-goal(9,3)",6,"biggrid50-goal(3,31)",0.821088433265686,0.2958501523535212
baseline,44,"biggrid50-goal(9,3)",7,"biggrid50-goal(33,10)",0.8251699805259705,0.32189950191362726
baseline,44,"biggrid50-goal(9,3)",8,"biggrid50-goal(27,45)",0.656802773475647,0.029807922695936746
baseline,44,"biggrid50-goal(9,3)",9,"biggrid50-goal(21,45)",0.7608843445777893,0.19195409499128546
baseline,44,"biggrid50-goal(9,3)",10,"biggrid50-goal(33,3)",0.7748299241065979,0.1458061432237046
baseline,44,"biggrid50-goal(9,3)",11,"biggrid50-goal(21,24)",0.8173468112945557,0.11092658935321062
baseline,44,"biggrid50-goal(9,3)",12,"biggrid50-goal(21,3)",0.8989794850349426,0.6743417683746381
baseline,44,"biggrid50-goal(9,3)",13,"biggrid50-goal(3,17)",0.8217687010765076,0.303191608355106
baseline,44,"biggrid50-goal(9,3)",14,"biggrid50-goal(15,45)",0.7738094925880432,0.05940581298250771
baseline,44,"biggrid50-goal(9,3)",15,"biggrid50-goal(3,24)",0.8724489212036133,0.25298820148686607
baseline,44,"biggrid50-goal(9,3)",16,"biggrid50-goal(3,10)",0.7112244367599487,0.0939165412386404
baseline,44,"biggrid50-goal(9,3)",17,"biggrid50-goal(46,31)",0.6625850200653076,-0.0420169119073626
baseline,44,"biggrid50-goal(9,3)",18,"biggrid50-goal(46,24)",0.6676870584487915,-0.1027090639024207
baseline,44,"biggrid50-goal(9,3)",19,"biggrid50-goal(3,45)",0.6751700639724731,0.045000146323418214
baseline,44,"biggrid50-goal(9,3)",20,"biggrid50-goal(21,10)",0.7448979616165161,0.09638556506225687
baseline,44,"biggrid50-goal(9,3)",21,"biggrid50-goal(40,3)",0.734013557434082,0.35954119592174155
baseline,44,"biggrid50-goal(9,3)",22,"biggrid50-goal(15,38)",0.8170068264007568,-0.08249498968319002
baseline,44,"biggrid50-goal(9,3)",23,"biggrid50-goal(40,45)",0.5561224222183228,0.023934031994702763
baseline,44,"biggrid50-goal(9,3)",24,"biggrid50-goal(15,17)",0.9156462550163269,0.592774970649847
baseline,44,"biggrid50-goal(9,3)",25,"biggrid50-goal(15,24)",0.8622447848320007,0.24721118029416478
baseline,44,"biggrid50-goal(9,3)",26,"biggrid50-goal(21,38)",0.8238094449043274,0.07664850671603725
baseline,44,"biggrid50-goal(9,3)",27,"biggrid50-goal(33,17)",0.7809523344039917,0.18686877403155783
baseline,44,"biggrid50-goal(9,3)",28,"biggrid50-goal(27,17)",0.7755101323127747,0.15600992356097274
baseline,44,"biggrid50-goal(9,3)",29,"biggrid50-goal(3,3)",0.7180271148681641,0.23875091762414438
baseline,44,"biggrid50-goal(9,3)",30,"biggrid50-goal(9,10)",0.9819726347923279,0.9118129618025963
baseline,44,"biggrid50-goal(9,3)",31,"biggrid50-goal(46,17)",0.7057822942733765,-0.09632427442965598
baseline,44,"biggrid50-goal(9,3)",32,"biggrid50-goal(40,10)",0.668367326259613,-0.003086309578539088
baseline,44,"biggrid50-goal(9,3)",33,"biggrid50-goal(46,38)",0.6346939206123352,0.016483573795678337
baseline,44,"biggrid50-goal(9,3)",34,"biggrid50-goal(27,31)",0.8166666626930237,-0.0018588874166318146
baseline,44,"biggrid50-goal(9,3)",35,"biggrid50-goal(21,31)",0.7887754440307617,0.06334827038082334
baseline,44,"biggrid50-goal(9,3)",36,"biggrid50-goal(46,10)",0.6840135455131531,0.2502016152414617
baseline,44,"biggrid50-goal(9,3)",37,"biggrid50-goal(9,17)",0.9030611515045166,0.5060655904991448
baseline,44,"biggrid50-goal(9,3)",38,"biggrid50-goal(33,24)",0.7904762029647827,0.009646521476751714
baseline,44,"biggrid50-goal(9,3)",39,"biggrid50-goal(40,17)",0.7170068025588989,-0.18518498178602089
baseline,44,"biggrid50-goal(9,3)",40,"biggrid50-goal(40,38)",0.6499999761581421,0.029245181956207778
baseline,44,"biggrid50-goal(9,3)",41,"biggrid50-goal(33,38)",0.7170068025588989,0.03926092604808716
baseline,44,"biggrid50-goal(9,3)",42,"biggrid50-goal(9,45)",0.7482993006706238,0.24257930445182543
baseline,44,"biggrid50-goal(9,3)",43,"biggrid50-goal(9,38)",0.7802720665931702,0.26923050237908946
baseline,44,"biggrid50-goal(9,3)",44,"biggrid50-goal(9,3)",0.7139455676078796,0.17871091828124036
baseline,45,"biggrid50-goal(40,24)",0,"biggrid50-goal(40,31)",0.8962583541870117,0.6992105836641506
baseline,45,"biggrid50-goal(40,24)",1,"biggrid50-goal(9,31)",0.7989795804023743,0.07800316575949523
baseline,45,"biggrid50-goal(40,24)",2,"biggrid50-goal(15,31)",0.8030611872673035,0.08675039932912154
baseline,45,"biggrid50-goal(40,24)",3,"biggrid50-goal(9,24)",0.7904760837554932,-0.25714244842563405
baseline,45,"biggrid50-goal(40,24)",4,"biggrid50-goal(21,17)",0.7489795684814453,0.10109612116456844
baseline,45,"biggrid50-goal(40,24)",5,"biggrid50-goal(27,3)",0.7272108793258667,0.04181605658354429
baseline,45,"biggrid50-goal(40,24)",6,"biggrid50-goal(3,31)",0.7275510430335999,-0.07228892486434332
baseline,45,"biggrid50-goal(40,24)",7,"biggrid50-goal(33,10)",0.8799318671226501,0.5343004539301893
baseline,45,"biggrid50-goal(40,24)",8,"biggrid50-goal(27,45)",0.6700679659843445,0.06730759833780357
baseline,45,"biggrid50-goal(40,24)",9,"biggrid50-goal(21,45)",0.7731292843818665,0.23333354146998592
baseline,45,"biggrid50-goal(40,24)",10,"biggrid50-goal(33,3)",0.8214284777641296,0.32258006893738567
baseline,45,"biggrid50-goal(40,24)",11,"biggrid50-goal(21,24)",0.8438775539398193,0.2400662885711401
baseline,45,"biggrid50-goal(40,24)",12,"biggrid50-goal(21,3)",0.7571427822113037,0.21710503940829623
baseline,45,"biggrid50-goal(40,24)",13,"biggrid50-goal(3,17)",0.7166666388511658,-0.10771264572452832
baseline,45,"biggrid50-goal(40,24)",14,"biggrid50-goal(15,45)",0.7619047164916992,0.009900803589818964
baseline,45,"biggrid50-goal(40,24)",15,"biggrid50-goal(3,24)",0.7370747923851013,-0.5398398356816444
baseline,45,"biggrid50-goal(40,24)",16,"biggrid50-goal(3,10)",0.6612244844436646,-0.06296698873990467
baseline,45,"biggrid50-goal(40,24)",17,"biggrid50-goal(46,31)",0.8197277784347534,0.44327692962992826
baseline,45,"biggrid50-goal(40,24)",18,"biggrid50-goal(46,24)",0.933333158493042,0.7787804168916473
baseline,45,"biggrid50-goal(40,24)",19,"biggrid50-goal(3,45)",0.6479591131210327,-0.03500003592371345
baseline,45,"biggrid50-goal(40,24)",20,"biggrid50-goal(21,10)",0.7323129773139954,0.05180742859857382
baseline,45,"biggrid50-goal(40,24)",21,"biggrid50-goal(40,3)",0.8139454126358032,0.5520061196840268
baseline,45,"biggrid50-goal(40,24)",22,"biggrid50-goal(15,38)",0.7802721261978149,-0.29979888214578365
baseline,45,"biggrid50-goal(40,24)",23,"biggrid50-goal(40,45)",0.7802721261978149,0.5168287145471384
baseline,45,"biggrid50-goal(40,24)",24,"biggrid50-goal(15,17)",0.811564564704895,0.09031157201721876
baseline,45,"biggrid50-goal(40,24)",25,"biggrid50-goal(15,24)",0.828911542892456,0.06505552233205521
baseline,45,"biggrid50-goal(40,24)",26,"biggrid50-goal(21,38)",0.8292517066001892,0.10516944792646392
baseline,45,"biggrid50-goal(40,24)",27,"biggrid50-goal(33,17)",0.9486393332481384,0.809343040434306
baseline,45,"biggrid50-goal(40,24)",28,"biggrid50-goal(27,17)",0.7952381372451782,0.23017915249956808
baseline,45,"biggrid50-goal(40,24)",29,"biggrid50-goal(3,3)",0.5942176580429077,-0.09550049578254954
baseline,45,"biggrid50-goal(40,24)",30,"biggrid50-goal(9,10)",0.7336733937263489,-0.3028279135568812
baseline,45,"biggrid50-goal(40,24)",31,"biggrid50-goal(46,17)",0.8588434457778931,0.47401752553827264
baseline,45,"biggrid50-goal(40,24)",32,"biggrid50-goal(40,10)",0.6795918345451355,0.030864357784751224
baseline,45,"biggrid50-goal(40,24)",33,"biggrid50-goal(46,38)",0.8479591012001038,0.5906590942170447
baseline,45,"biggrid50-goal(40,24)",34,"biggrid50-goal(27,31)",0.9047619104385376,0.47955386702000835
baseline,45,"biggrid50-goal(40,24)",35,"biggrid50-goal(21,31)",0.8258503079414368,0.22775261838847988
baseline,45,"biggrid50-goal(40,24)",36,"biggrid50-goal(46,10)",0.8221086859703064,0.5778850073220771
baseline,45,"biggrid50-goal(40,24)",37,"biggrid50-goal(9,17)",0.7717686891555786,-0.16291145914321256
baseline,45,"biggrid50-goal(40,24)",38,"biggrid50-goal(33,24)",0.9020407795906067,0.5369773932191491
baseline,45,"biggrid50-goal(40,24)",39,"biggrid50-goal(40,17)",0.9353740215301514,0.7293442393376517
baseline,45,"biggrid50-goal(40,24)",40,"biggrid50-goal(40,38)",0.6853741407394409,0.12735843442011544
baseline,45,"biggrid50-goal(40,24)",41,"biggrid50-goal(33,38)",0.818027138710022,0.3822168171498181
baseline,45,"biggrid50-goal(40,24)",42,"biggrid50-goal(9,45)",0.6812924742698669,0.0409415768087951
baseline,45,"biggrid50-goal(40,24)",43,"biggrid50-goal(9,38)",0.7496598362922668,0.16742057857378329
baseline,45,"biggrid50-goal(40,24)",44,"biggrid50-goal(9,3)",0.6425169706344604,-0.026367277243251597
baseline,45,"biggrid50-goal(40,24)",45,"biggrid50-goal(40,24)",0.9646256566047668,0.8752990754217418
baseline,46,"biggrid50-goal(33,31)",0,"biggrid50-goal(40,31)",0.8853740692138672,0.6676525945976679
baseline,46,"biggrid50-goal(33,31)",1,"biggrid50-goal(9,31)",0.7948979735374451,0.05928253720040789
baseline,46,"biggrid50-goal(33,31)",2,"biggrid50-goal(15,31)",0.8404760956764221,0.2602517507876713
baseline,46,"biggrid50-goal(33,31)",3,"biggrid50-goal(9,24)",0.7765305638313293,-0.34081549814838324
baseline,46,"biggrid50-goal(33,31)",4,"biggrid50-goal(21,17)",0.7622448801994324,0.14859918728999763
baseline,46,"biggrid50-goal(33,31)",5,"biggrid50-goal(27,3)",0.7193877100944519,0.01433682601288719
baseline,46,"biggrid50-goal(33,31)",6,"biggrid50-goal(3,31)",0.6996598839759827,-0.1820613434932062
baseline,46,"biggrid50-goal(33,31)",7,"biggrid50-goal(33,10)",0.8163264393806458,0.2875987012071283
baseline,46,"biggrid50-goal(33,31)",8,"biggrid50-goal(27,45)",0.6792517304420471,0.09326939181417801
baseline,46,"biggrid50-goal(33,31)",9,"biggrid50-goal(21,45)",0.8030611872673035,0.3344827176416157
baseline,46,"biggrid50-goal(33,31)",10,"biggrid50-goal(33,3)",0.7612244486808777,0.09419309703601803
baseline,46,"biggrid50-goal(33,31)",11,"biggrid50-goal(21,24)",0.8557822704315186,0.29801308363709794
baseline,46,"biggrid50-goal(33,31)",12,"biggrid50-goal(21,3)",0.7234693765640259,0.10855261577742205
baseline,46,"biggrid50-goal(33,31)",13,"biggrid50-goal(3,17)",0.7122449278831482,-0.12499965045687617
baseline,46,"biggrid50-goal(33,31)",14,"biggrid50-goal(15,45)",0.7666666507720947,0.029702906491253855
baseline,46,"biggrid50-goal(33,31)",15,"biggrid50-goal(3,24)",0.712925136089325,-0.6812739838928077
baseline,46,"biggrid50-goal(33,31)",16,"biggrid50-goal(3,10)",0.6561223864555359,-0.07897570686048913
baseline,46,"biggrid50-goal(33,31)",17,"biggrid50-goal(46,31)",0.7979591488838196,0.3760502755391411
baseline,46,"biggrid50-goal(33,31)",18,"biggrid50-goal(46,24)",0.9105440974235535,0.703159816376219
baseline,46,"biggrid50-goal(33,31)",19,"biggrid50-goal(3,45)",0.6639454960823059,0.011999922194493789
baseline,46,"biggrid50-goal(33,31)",20,"biggrid50-goal(21,10)",0.7312925457954407,0.04819288809597956
baseline,46,"biggrid50-goal(33,31)",21,"biggrid50-goal(40,3)",0.6659862995147705,0.19574090658583632
baseline,46,"biggrid50-goal(33,31)",22,"biggrid50-goal(15,38)",0.8102040886878967,-0.12273654266279475
baseline,46,"biggrid50-goal(33,31)",23,"biggrid50-goal(40,45)",0.7408162355422974,0.4300670621594367
baseline,46,"biggrid50-goal(33,31)",24,"biggrid50-goal(15,17)",0.7904761433601379,-0.011494613383669805
baseline,46,"biggrid50-goal(33,31)",25,"biggrid50-goal(15,24)",0.8248298764228821,0.042750501935431756
baseline,46,"biggrid50-goal(33,31)",26,"biggrid50-goal(21,38)",0.8363944888114929,0.14260220711964608
baseline,46,"biggrid50-goal(33,31)",27,"biggrid50-goal(33,17)",0.9027210474014282,0.6388888520122896
baseline,46,"biggrid50-goal(33,31)",28,"biggrid50-goal(27,17)",0.803741455078125,0.2621481493266907
baseline,46,"biggrid50-goal(33,31)",29,"biggrid50-goal(3,3)",0.5802720189094543,-0.13314987823477598
baseline,46,"biggrid50-goal(33,31)",30,"biggrid50-goal(9,10)",0.7064626216888428,-0.43593873510007347
baseline,46,"biggrid50-goal(33,31)",31,"biggrid50-goal(46,17)",0.8187074065208435,0.3244612165177332
baseline,46,"biggrid50-goal(33,31)",32,"biggrid50-goal(40,10)",0.6761904954910278,0.020576358713582755
baseline,46,"biggrid50-goal(33,31)",33,"biggrid50-goal(46,38)",0.8751699924468994,0.6639191904019827
baseline,46,"biggrid50-goal(33,31)",34,"biggrid50-goal(27,31)",0.9054421186447144,0.48327099041208865
baseline,46,"biggrid50-goal(33,31)",35,"biggrid50-goal(21,31)",0.8350340127944946,0.26847673304199304
baseline,46,"biggrid50-goal(33,31)",36,"biggrid50-goal(46,10)",0.7139455080032349,0.3212266127027078
baseline,46,"biggrid50-goal(33,31)",37,"biggrid50-goal(9,17)",0.7503401637077332,-0.2720966436984917
baseline,46,"biggrid50-goal(33,31)",38,"biggrid50-goal(33,24)",0.9068027138710022,0.55948556768821
baseline,46,"biggrid50-goal(33,31)",39,"biggrid50-goal(40,17)",0.8605440855026245,0.41595396292900455
baseline,46,"biggrid50-goal(33,31)",40,"biggrid50-goal(40,38)",0.7003400921821594,0.16886777293431166
baseline,46,"biggrid50-goal(33,31)",41,"biggrid50-goal(33,38)",0.8602039813995361,0.5254037953321219
baseline,46,"biggrid50-goal(33,31)",42,"biggrid50-goal(9,45)",0.7119047045707703,0.133060259150831
baseline,46,"biggrid50-goal(33,31)",43,"biggrid50-goal(9,38)",0.7462584376335144,0.15610823266252055
baseline,46,"biggrid50-goal(33,31)",44,"biggrid50-goal(9,3)",0.6421768665313721,-0.02734374799456421
baseline,46,"biggrid50-goal(33,31)",45,"biggrid50-goal(40,24)",0.8687074184417725,0.5371700294857321
baseline,46,"biggrid50-goal(33,31)",46,"biggrid50-goal(33,31)",0.9255101680755615,0.6599377035539232
baseline,47,"biggrid50-goal(46,45)",0,"biggrid50-goal(40,31)",0.9289113879203796,0.7938850693182511
baseline,47,"biggrid50-goal(46,45)",1,"biggrid50-goal(9,31)",0.7782312631607056,-0.01716071286998789
baseline,47,"biggrid50-goal(46,45)",2,"biggrid50-goal(15,31)",0.7772109508514404,-0.03312296517662108
baseline,47,"biggrid50-goal(46,45)",3,"biggrid50-goal(9,24)",0.7493197321891785,-0.5040803517624781
baseline,47,"biggrid50-goal(46,45)",4,"biggrid50-goal(21,17)",0.7448979616165161,0.08647989163866635
baseline,47,"biggrid50-goal(46,45)",5,"biggrid50-goal(27,3)",0.7003400921821594,-0.05256878077519523
baseline,47,"biggrid50-goal(46,45)",6,"biggrid50-goal(3,31)",0.7020407319068909,-0.1726909392291374
baseline,47,"biggrid50-goal(46,45)",7,"biggrid50-goal(33,10)",0.8224489092826843,0.31134548052215266
baseline,47,"biggrid50-goal(46,45)",8,"biggrid50-goal(27,45)",0.6727890372276306,0.0749998567769282
baseline,47,"biggrid50-goal(46,45)",9,"biggrid50-goal(21,45)",0.8255100846290588,0.41034449905905446
baseline,47,"biggrid50-goal(46,45)",10,"biggrid50-goal(33,3)",0.742857038974762,0.024515416848687775
baseline,47,"biggrid50-goal(46,45)",11,"biggrid50-goal(21,24)",0.8095237016677856,0.0728472171449726
baseline,47,"biggrid50-goal(46,45)",12,"biggrid50-goal(21,3)",0.722108781337738,0.10416648652927804
baseline,47,"biggrid50-goal(46,45)",13,"biggrid50-goal(3,17)",0.6870747804641724,-0.223404195822447
baseline,47,"biggrid50-goal(46,45)",14,"biggrid50-goal(15,45)",0.7690476179122925,0.0396039579419713
baseline,47,"biggrid50-goal(46,45)",15,"biggrid50-goal(3,24)",0.6938774585723877,-0.7928280371685105
baseline,47,"biggrid50-goal(46,45)",16,"biggrid50-goal(3,10)",0.6499999761581421,-0.09818583196933471
baseline,47,"biggrid50-goal(46,45)",17,"biggrid50-goal(46,31)",0.8710883259773254,0.6018903947302058
baseline,47,"biggrid50-goal(46,45)",18,"biggrid50-goal(46,24)",0.9142856001853943,0.7155751890332062
baseline,47,"biggrid50-goal(46,45)",19,"biggrid50-goal(3,45)",0.6394557952880859,-0.059999786210095545
baseline,47,"biggrid50-goal(46,45)",20,"biggrid50-goal(21,10)",0.7299320101737976,0.04337364151232206
baseline,47,"biggrid50-goal(46,45)",21,"biggrid50-goal(40,3)",0.7646257877349854,0.43325124001102233
baseline,47,"biggrid50-goal(46,45)",22,"biggrid50-goal(15,38)",0.787074863910675,-0.2595573291661789
baseline,47,"biggrid50-goal(46,45)",23,"biggrid50-goal(40,45)",0.8261904120445251,0.6178008707621515
baseline,47,"biggrid50-goal(46,45)",24,"biggrid50-goal(15,17)",0.7819727063179016,-0.05254569415989503
baseline,47,"biggrid50-goal(46,45)",25,"biggrid50-goal(15,24)",0.7972788214683533,-0.10780732714985362
baseline,47,"biggrid50-goal(46,45)",26,"biggrid50-goal(21,38)",0.8098639249801636,0.0035650395596631065
baseline,47,"biggrid50-goal(46,45)",27,"biggrid50-goal(33,17)",0.8517006635665894,0.44949506347716534
baseline,47,"biggrid50-goal(46,45)",28,"biggrid50-goal(27,17)",0.7687073945999146,0.13043441237455775
baseline,47,"biggrid50-goal(46,45)",29,"biggrid50-goal(3,3)",0.5700680613517761,-0.16069775158349503
baseline,47,"biggrid50-goal(46,45)",30,"biggrid50-goal(9,10)",0.6959183216094971,-0.4875197944035379
baseline,47,"biggrid50-goal(46,45)",31,"biggrid50-goal(46,17)",0.8972788453102112,0.6172368515153278
baseline,47,"biggrid50-goal(46,45)",32,"biggrid50-goal(40,10)",0.6795918345451355,0.030864357784751224
baseline,47,"biggrid50-goal(46,45)",33,"biggrid50-goal(46,38)",0.9999998807907104,0.9999996790518936
baseline,47,"biggrid50-goal(46,45)",34,"biggrid50-goal(27,31)",0.8809521794319153,0.34944119375293964
baseline,47,"biggrid50-goal(46,45)",35,"biggrid50-goal(21,31)",0.7904760837554932,0.07088956751987745
baseline,47,"biggrid50-goal(46,45)",36,"biggrid50-goal(46,10)",0.8149659633636475,0.5609361736072
baseline,47,"biggrid50-goal(46,45)",37,"biggrid50-goal(9,17)",0.7336734533309937,-0.3570188588477686
baseline,47,"biggrid50-goal(46,45)",38,"biggrid50-goal(33,24)",0.853741466999054,0.30868164394306075
baseline,47,"biggrid50-goal(46,45)",39,"biggrid50-goal(40,17)",0.8697277903556824,0.45441562620366655
baseline,47,"biggrid50-goal(46,45)",40,"biggrid50-goal(40,38)",0.7142857313156128,0.20754718852662818
baseline,47,"biggrid50-goal(46,45)",41,"biggrid50-goal(33,38)",0.8193877339363098,0.3868359281727932
baseline,47,"biggrid50-goal(46,45)",42,"biggrid50-goal(9,45)",0.7129250764846802,0.13613077427776799
baseline,47,"biggrid50-goal(46,45)",43,"biggrid50-goal(9,38)",0.7292516827583313,0.09954729603691251
baseline,47,"biggrid50-goal(46,45)",44,"biggrid50-goal(9,3)",0.6421768665313721,-0.02734374799456421
baseline,47,"biggrid50-goal(46,45)",45,"biggrid50-goal(40,24)",0.9122447371482849,0.6906469106168176
baseline,47,"biggrid50-goal(46,45)",46,"biggrid50-goal(33,31)",0.9061222672462463,0.5714277162314433
baseline,47,"biggrid50-goal(46,45)",47,"biggrid50-goal(46,45)",0.9115644693374634,0.7975074493056209
baseline,48,"biggrid50-goal(3,38)",0,"biggrid50-goal(40,31)",0.7510203123092651,0.2781061611941186
baseline,48,"biggrid50-goal(3,38)",1,"biggrid50-goal(9,31)",0.8914965391159058,0.5023398735336492
baseline,48,"biggrid50-goal(3,38)",2,"biggrid50-goal(15,31)",0.8602040410041809,0.3517346735423969
baseline,48,"biggrid50-goal(3,38)",3,"biggrid50-goal(9,24)",0.958843469619751,0.7530610237804453
baseline,48,"biggrid50-goal(3,38)",4,"biggrid50-goal(21,17)",0.7574829459190369,0.13154670606561358
baseline,48,"biggrid50-goal(3,38)",5,"biggrid50-goal(27,3)",0.6962584853172302,-0.06690560678808241
baseline,48,"biggrid50-goal(3,38)",6,"biggrid50-goal(3,31)",0.9639454483985901,0.8580985708162954
baseline,48,"biggrid50-goal(3,38)",7,"biggrid50-goal(33,10)",0.754081666469574,0.04617442154821751
baseline,48,"biggrid50-goal(3,38)",8,"biggrid50-goal(27,45)",0.6629251837730408,0.04711550418396717
baseline,48,"biggrid50-goal(3,38)",9,"biggrid50-goal(21,45)",0.8846938014030457,0.6103446199125947
baseline,48,"biggrid50-goal(3,38)",10,"biggrid50-goal(33,3)",0.7037414312362671,-0.12387158218626118
baseline,48,"biggrid50-goal(3,38)",11,"biggrid50-goal(21,24)",0.8595237731933594,0.3162250329876162
baseline,48,"biggrid50-goal(3,38)",12,"biggrid50-goal(21,3)",0.7445577383041382,0.17653483299871012
baseline,48,"biggrid50-goal(3,38)",13,"biggrid50-goal(3,17)",0.8710883855819702,0.49601054781330484
baseline,48,"biggrid50-goal(3,38)",14,"biggrid50-goal(15,45)",0.8370748162269592,0.3224893364044951
baseline,48,"biggrid50-goal(3,38)",15,"biggrid50-goal(3,24)",0.9238094091415405,0.5537844850547163
baseline,48,"biggrid50-goal(3,38)",16,"biggrid50-goal(3,10)",0.7193877100944519,0.11953022840368774
baseline,48,"biggrid50-goal(3,38)",17,"biggrid50-goal(46,31)",0.7020407915115356,0.07983180129226734
baseline,48,"biggrid50-goal(3,38)",18,"biggrid50-goal(46,24)",0.7013604640960693,0.009028894440060206
baseline,48,"biggrid50-goal(3,38)",19,"biggrid50-goal(3,45)",0.7945577502250671,0.39599988574506745
baseline,48,"biggrid50-goal(3,38)",20,"biggrid50-goal(21,10)",0.7476189732551575,0.10602384709986963
baseline,48,"biggrid50-goal(3,38)",21,"biggrid50-goal(40,3)",0.606802761554718,0.05323507968218977
baseline,48,"biggrid50-goal(3,38)",22,"biggrid50-goal(15,38)",0.9302719831466675,0.5875243464022328
baseline,48,"biggrid50-goal(3,38)",23,"biggrid50-goal(40,45)",0.5952380895614624,0.10994754928084399
baseline,48,"biggrid50-goal(3,38)",24,"biggrid50-goal(15,17)",0.8765305280685425,0.40394040192444924
baseline,48,"biggrid50-goal(3,38)",25,"biggrid50-goal(15,24)",0.8928571343421936,0.4144980189673615
baseline,48,"biggrid50-goal(3,38)",26,"biggrid50-goal(21,38)",0.8605442047119141,0.26916220477064956
baseline,48,"biggrid50-goal(3,38)",27,"biggrid50-goal(33,17)",0.7717686295509338,0.15277775933947815
baseline,48,"biggrid50-goal(3,38)",28,"biggrid50-goal(27,17)",0.767346978187561,0.12531980313325838
baseline,48,"biggrid50-goal(3,38)",29,"biggrid50-goal(3,3)",0.6255101561546326,-0.011019374622048276
baseline,48,"biggrid50-goal(3,38)",30,"biggrid50-goal(9,10)",0.853741466999054,0.28452623620441964
baseline,48,"biggrid50-goal(3,38)",31,"biggrid50-goal(46,17)",0.6853741407394409,-0.17236984775871314
baseline,48,"biggrid50-goal(3,38)",32,"biggrid50-goal(40,10)",0.6642857193946838,-0.015431908463941253
baseline,48,"biggrid50-goal(3,38)",33,"biggrid50-goal(46,38)",0.7370748519897461,0.2921245593181907
baseline,48,"biggrid50-goal(3,38)",34,"biggrid50-goal(27,31)",0.8670066595077515,0.27323332408286855
baseline,48,"biggrid50-goal(3,38)",35,"biggrid50-goal(21,31)",0.8479591608047485,0.325791859987514
baseline,48,"biggrid50-goal(3,38)",36,"biggrid50-goal(46,10)",0.6034013628959656,0.05891846541029232
baseline,48,"biggrid50-goal(3,38)",37,"biggrid50-goal(9,17)",0.837755024433136,0.17331000476208988
baseline,48,"biggrid50-goal(3,38)",38,"biggrid50-goal(33,24)",0.7935373187065125,0.02411545849431999
baseline,48,"biggrid50-goal(3,38)",39,"biggrid50-goal(40,17)",0.7200680375099182,-0.17236442736113355
baseline,48,"biggrid50-goal(3,38)",40,"biggrid50-goal(40,38)",0.6833332180976868,0.12169776198361099
baseline,48,"biggrid50-goal(3,38)",41,"biggrid50-goal(33,38)",0.7452380657196045,0.13510378683329757
baseline,48,"biggrid50-goal(3,38)",42,"biggrid50-goal(9,45)",0.877210795879364,0.6305012872882216
baseline,48,"biggrid50-goal(3,38)",43,"biggrid50-goal(9,38)",0.87312912940979,0.5780538189822457
baseline,48,"biggrid50-goal(3,38)",44,"biggrid50-goal(9,3)",0.6595237851142883,0.022460880846438935
baseline,48,"biggrid50-goal(3,38)",45,"biggrid50-goal(40,24)",0.7564625144004822,0.1414865490389139
baseline,48,"biggrid50-goal(3,38)",46,"biggrid50-goal(33,31)",0.8346938490867615,0.24534143998014699
baseline,48,"biggrid50-goal(3,38)",47,"biggrid50-goal(46,45)",0.5931972861289978,0.0685359318363799
baseline,48,"biggrid50-goal(3,38)",48,"biggrid50-goal(3,38)",0.9074828028678894,0.7269070730209669
baseline,49,"biggrid50-goal(46,3)",0,"biggrid50-goal(40,31)",0.8173468112945557,0.4704137803864112
baseline,49,"biggrid50-goal(46,3)",1,"biggrid50-goal(9,31)",0.777891218662262,-0.01872035517743836
baseline,49,"biggrid50-goal(46,3)",2,"biggrid50-goal(15,31)",0.7850340008735657,0.0031542785499937397
baseline,49,"biggrid50-goal(46,3)",3,"biggrid50-goal(9,24)",0.7948979139328003,-0.23061148950094862
baseline,49,"biggrid50-goal(46,3)",4,"biggrid50-goal(21,17)",0.764285683631897,0.15590730205294867
baseline,49,"biggrid50-goal(46,3)",5,"biggrid50-goal(27,3)",0.7663264870643616,0.17921137198094536
baseline,49,"biggrid50-goal(46,3)",6,"biggrid50-goal(3,31)",0.7098639011383057,-0.14190096000664354
baseline,49,"biggrid50-goal(46,3)",7,"biggrid50-goal(33,10)",0.9292515516281128,0.7255931319795956
baseline,49,"biggrid50-goal(46,3)",8,"biggrid50-goal(27,45)",0.6503400802612305,0.011538387658686951
baseline,49,"biggrid50-goal(46,3)",9,"biggrid50-goal(21,45)",0.7176870107650757,0.04597691657097416
baseline,49,"biggrid50-goal(46,3)",10,"biggrid50-goal(33,3)",0.8962583541870117,0.6064509185169508
baseline,49,"biggrid50-goal(46,3)",11,"biggrid50-goal(21,24)",0.802040696144104,0.03642331844393614
baseline,49,"biggrid50-goal(46,3)",12,"biggrid50-goal(21,3)",0.9027210474014282,0.6864033836238493
baseline,49,"biggrid50-goal(46,3)",13,"biggrid50-goal(3,17)",0.7435373663902283,-0.002659557114880377
baseline,49,"biggrid50-goal(46,3)",14,"biggrid50-goal(15,45)",0.7431973218917847,-0.06789232228559475
baseline,49,"biggrid50-goal(46,3)",15,"biggrid50-goal(3,24)",0.7534013390541077,-0.44422227520462126
baseline,49,"biggrid50-goal(46,3)",16,"biggrid50-goal(3,10)",0.6955782771110535,0.04482399929381278
baseline,49,"biggrid50-goal(46,3)",17,"biggrid50-goal(46,31)",0.7057822346687317,0.09138625878995446
baseline,49,"biggrid50-goal(46,3)",18,"biggrid50-goal(46,24)",0.8568026423454285,0.5248303497435715
baseline,49,"biggrid50-goal(46,3)",19,"biggrid50-goal(3,45)",0.5877551436424255,-0.21199967686181653
baseline,49,"biggrid50-goal(46,3)",20,"biggrid50-goal(21,10)",0.7431972622871399,0.09036140126783386
baseline,49,"biggrid50-goal(46,3)",21,"biggrid50-goal(40,3)",0.9700678586959839,0.9279275167631119
baseline,49,"biggrid50-goal(46,3)",22,"biggrid50-goal(15,38)",0.7724489569664001,-0.34607679147914705
baseline,49,"biggrid50-goal(46,3)",23,"biggrid50-goal(40,45)",0.6472788453102112,0.22438272956069474
baseline,49,"biggrid50-goal(46,3)",24,"biggrid50-goal(15,17)",0.8727890253067017,0.385877972422366
baseline,49,"biggrid50-goal(46,3)",25,"biggrid50-goal(15,24)",0.8180271983146667,0.005576010808712114
baseline,49,"biggrid50-goal(46,3)",26,"biggrid50-goal(21,38)",0.7945578098297119,-0.07664881908259816
baseline,49,"biggrid50-goal(46,3)",27,"biggrid50-goal(33,17)",0.9061223864555359,0.6515150308280995
baseline,49,"biggrid50-goal(46,3)",28,"biggrid50-goal(27,17)",0.771428644657135,0.14066519948074077
baseline,49,"biggrid50-goal(46,3)",29,"biggrid50-goal(3,3)",0.7017005681991577,0.19467374096818077
baseline,49,"biggrid50-goal(46,3)",30,"biggrid50-goal(9,10)",0.8105441927909851,0.07321195778787863
baseline,49,"biggrid50-goal(46,3)",31,"biggrid50-goal(46,17)",0.8731290698051453,0.5272491159273446
baseline,49,"biggrid50-goal(46,3)",32,"biggrid50-goal(40,10)",0.6887754797935486,0.05864204541971755
baseline,49,"biggrid50-goal(46,3)",33,"biggrid50-goal(46,38)",0.7360543608665466,0.2893770830535067
baseline,49,"biggrid50-goal(46,3)",34,"biggrid50-goal(27,31)",0.8472788333892822,0.1654269740947899
baseline,49,"biggrid50-goal(46,3)",35,"biggrid50-goal(21,31)",0.8006802201271057,0.11613867190494138
baseline,49,"biggrid50-goal(46,3)",36,"biggrid50-goal(46,10)",0.9282311201095581,0.8297009588427695
baseline,49,"biggrid50-goal(46,3)",37,"biggrid50-goal(9,17)",0.8166666030883789,0.06585775929093454
baseline,49,"biggrid50-goal(46,3)",38,"biggrid50-goal(33,24)",0.8238095641136169,0.16720289756261927
baseline,49,"biggrid50-goal(46,3)",39,"biggrid50-goal(40,17)",0.9122447371482849,0.6324780222811396
baseline,49,"biggrid50-goal(46,3)",40,"biggrid50-goal(40,38)",0.662925124168396,0.06509417867099757
baseline,49,"biggrid50-goal(46,3)",41,"biggrid50-goal(33,38)",0.7394557595252991,0.115473323809254
baseline,49,"biggrid50-goal(46,3)",42,"biggrid50-goal(9,45)",0.6568027138710022,-0.03275329731963526
baseline,49,"biggrid50-goal(46,3)",43,"biggrid50-goal(9,38)",0.6785714030265808,-0.06900479465374401
baseline,49,"biggrid50-goal(46,3)",44,"biggrid50-goal(9,3)",0.6595237851142883,0.022460880846438935
baseline,49,"biggrid50-goal(46,3)",45,"biggrid50-goal(40,24)",0.8697278499603271,0.5407672341719316
baseline,49,"biggrid50-goal(46,3)",46,"biggrid50-goal(33,31)",0.8197278380393982,0.17701834199589717
baseline,49,"biggrid50-goal(46,3)",47,"biggrid50-goal(46,45)",0.6136054396629333,0.11526487701361217
baseline,49,"biggrid50-goal(46,3)",48,"biggrid50-goal(3,38)",0.6625850796699524,0.004016214761133133
baseline,49,"biggrid50-goal(46,3)",49,"biggrid50-goal(46,3)",0.883673369884491,0.675521544006681
