method,task,task_name,phase,iter,frames_total,raw,normalized
baseline,0,"biggrid50-goal(40,31)",task1,10,10240,0.8285714387893677,0.5029585614749827
baseline,0,"biggrid50-goal(40,31)",task1,20,20480,0.8285714387893677,0.5029585614749827
baseline,0,"biggrid50-goal(40,31)",task1,30,30720,0.8285714387893677,0.5029585614749827
baseline,0,"biggrid50-goal(40,31)",task1,40,40960,0.8285714387893677,0.5029585614749827
baseline,0,"biggrid50-goal(40,31)",task1,50,51200,0.8285714387893677,0.5029585614749827
baseline,0,"biggrid50-goal(40,31)",task1,60,61440,0.8285714387893677,0.5029585614749827
baseline,0,"biggrid50-goal(40,31)",task1,70,71680,0.8285714387893677,0.5029585614749827
baseline,0,"biggrid50-goal(40,31)",task1,80,81920,0.8295917510986328,0.5059168637226392
baseline,0,"biggrid50-goal(40,31)",task1,90,92160,0.8540815114974976,0.5769226847586603
baseline,0,"biggrid50-goal(40,31)",task1,100,102400,0.8602040410041809,0.5946743992449918
baseline,0,"biggrid50-goal(40,31)",task1,110,112640,0.8602040410041809,0.5946743992449918
baseline,0,"biggrid50-goal(40,31)",task1,120,122880,0.8642856478691101,0.6065086451449228
baseline,0,"biggrid50-goal(40,31)",task1,130,133120,0.9999998807907104,0.999999654363565
baseline,0,"biggrid50-goal(40,31)",task1,140,143360,0.9397957921028137,0.8254434040211689
baseline,0,"biggrid50-goal(40,31)",task1,150,153600,0.8877549171447754,0.6745556454786348
baseline,0,"biggrid50-goal(40,31)",task1,160,163840,0.8714284896850586,0.6272186618789107
baseline,0,"biggrid50-goal(40,31)",task1,170,174080,0.8775509595870972,0.6449702035470248
baseline,0,"biggrid50-goal(40,31)",task1,180,184320,0.948979377746582,0.8520703708869048
baseline,0,"biggrid50-goal(40,31)",task1,190,194560,0.9306120872497559,0.7988160915189978
baseline,0,"biggrid50-goal(40,31)",task1,200,204800,0.9061223268508911,0.7278102704829768
baseline,1,"biggrid50-goal(9,31)",task1,10,215040,0.8928570747375488,0.508580083053345
baseline,1,"biggrid50-goal(9,31)",task1,20,225280,0.8897958993911743,0.4945397483248539
baseline,1,"biggrid50-goal(9,31)",task1,30,235520,0.8928570747375488,0.508580083053345
baseline,1,"biggrid50-goal(9,31)",task1,40,245760,0.8897958993911743,0.4945397483248539
baseline,1,"biggrid50-goal(9,31)",task1,50,256000,0.8897958993911743,0.4945397483248539
baseline,1,"biggrid50-goal(9,31)",task1,60,266240,0.8897958993911743,0.4945397483248539
baseline,1,"biggrid50-goal(9,31)",task1,70,276480,0.8897958993911743,0.4945397483248539
baseline,1,"biggrid50-goal(9,31)",task1,80,286720,0.8918366432189941,0.5038997892227486
baseline,1,"biggrid50-goal(9,31)",task1,90,296960,0.9357142448425293,0.705148049832007
baseline,1,"biggrid50-goal(9,31)",task1,100,307200,0.9173467755317688,0.620904127789518
baseline,1,"biggrid50-goal(9,31)",task1,110,317440,0.9234693646430969,0.648985890773096
baseline,1,"biggrid50-goal(9,31)",task1,120,327680,0.9346938133239746,0.7004677560014106
baseline,1,"biggrid50-goal(9,31)",task1,130,337920,0.9673468470573425,0.8502336046190564
baseline,1,"biggrid50-goal(9,31)",task1,140,348160,0.9408162832260132,0.7285489722216907
baseline,1,"biggrid50-goal(9,31)",task1,150,358400,0.9663264155387878,0.84555331078846
baseline,2,"biggrid50-goal(15,31)",task1,10,368640,0.7255102396011353,-0.2728707997887197
baseline,2,"biggrid50-goal(15,31)",task1,20,378880,0.7132652997970581,-0.329653341691674
baseline,2,"biggrid50-goal(15,31)",task1,30,389120,0.8744897842407227,0.4179808802957924
baseline,2,"biggrid50-goal(15,31)",task1,40,399360,0.7918367385864258,0.03470010445161795
baseline,2,"biggrid50-goal(15,31)",task1,50,409600,0.7897959351539612,0.02523643960117669
baseline,2,"biggrid50-goal(15,31)",task1,60,419840,0.7897959351539612,0.02523643960117669
baseline,2,"biggrid50-goal(15,31)",task1,70,430080,0.7897959351539612,0.02523643960117669
baseline,2,"biggrid50-goal(15,31)",task1,80,440320,0.7897959351539612,0.02523643960117669
baseline,2,"biggrid50-goal(15,31)",task1,90,450560,0.7938774824142456,0.04416349290190586
baseline,2,"biggrid50-goal(15,31)",task1,100,460800,0.9061223864555359,0.5646683764780153
baseline,2,"biggrid50-goal(15,31)",task1,110,471040,0.7897959351539612,0.02523643960117669
baseline,2,"biggrid50-goal(15,31)",task1,120,481280,0.7897959351539612,0.02523643960117669
baseline,2,"biggrid50-goal(15,31)",task1,130,491520,0.7918367385864258,0.03470010445161795
baseline,2,"biggrid50-goal(15,31)",task1,140,501760,0.7897959351539612,0.02523643960117669
baseline,2,"biggrid50-goal(15,31)",task1,150,512000,0.7897959351539612,0.02523643960117669
baseline,2,"biggrid50-goal(15,31)",task1,160,522240,0.8775509595870972,0.4321762393713776
baseline,2,"biggrid50-goal(15,31)",task1,170,532480,0.9306122064590454,0.6782331838837704
baseline,2,"biggrid50-goal(15,31)",task1,180,542720,0.9999998807907104,0.9999994471996934
baseline,2,"biggrid50-goal(15,31)",task1,190,552960,0.8989795446395874,0.5315454113013942
baseline,2,"biggrid50-goal(15,31)",task1,200,563200,0.9867346882820129,0.9384857638719017
baseline,2,"biggrid50-goal(15,31)",task1,210,573440,0.9622448682785034,0.8249209564661466
baseline,2,"biggrid50-goal(15,31)",task1,220,583680,0.9632652401924133,0.8296526506912906
baseline,2,"biggrid50-goal(15,31)",task1,230,593920,0.960204005241394,0.815457015215552
baseline,2,"biggrid50-goal(15,31)",task1,240,604160,0.9346936941146851,0.6971599607843463
baseline,2,"biggrid50-goal(15,31)",task1,250,614400,0.9448978304862976,0.7444788378368592
baseline,2,"biggrid50-goal(15,31)",task1,260,624640,0.9234693646430969,0.6451102187071494
baseline,2,"biggrid50-goal(15,31)",task1,270,634880,0.9214285016059875,0.6356462774565548
baseline,2,"biggrid50-goal(15,31)",task1,280,645120,0.9265305399894714,0.6593055777827346
baseline,2,"biggrid50-goal(15,31)",task1,290,655360,0.9244896769523621,0.64984163653214
baseline,2,"biggrid50-goal(15,31)",task1,300,665600,0.9244896769523621,0.64984163653214
baseline,3,"biggrid50-goal(9,24)",task1,10,675840,0.7418367266654968,-0.5489783474387607
baseline,3,"biggrid50-goal(9,24)",task1,20,686080,0.7591836452484131,-0.444896922793572
baseline,3,"biggrid50-goal(9,24)",task1,30,696320,0.9081630706787109,0.4489788838801161
baseline,3,"biggrid50-goal(9,24)",task1,40,706560,0.8775509595870972,0.2653063705987222
baseline,3,"biggrid50-goal(9,24)",task1,50,716800,0.8775509595870972,0.2653063705987222
baseline,3,"biggrid50-goal(9,24)",task1,60,727040,0.8775509595870972,0.2653063705987222
baseline,3,"biggrid50-goal(9,24)",task1,70,737280,0.8775509595870972,0.2653063705987222
baseline,3,"biggrid50-goal(9,24)",task1,80,747520,0.8775509595870972,0.2653063705987222
baseline,3,"biggrid50-goal(9,24)",task1,90,757760,0.8775509595870972,0.2653063705987222
baseline,3,"biggrid50-goal(9,24)",task1,100,768000,0.8826530575752258,0.2959189329823815
baseline,3,"biggrid50-goal(9,24)",task1,110,778240,0.8836734890937805,0.3020415169846274
baseline,3,"biggrid50-goal(9,24)",task1,120,788480,0.8959182500839233,0.3755100216185866
baseline,3,"biggrid50-goal(9,24)",task1,130,798720,0.9612244367599487,0.7673468147006389
baseline,3,"biggrid50-goal(9,24)",task1,140,808960,0.9612244367599487,0.7673468147006389
baseline,3,"biggrid50-goal(9,24)",task1,150,819200,0.9499998092651367,0.6999991059310744
baseline,4,"biggrid50-goal(21,17)",task1,10,829440,0.7204080820083618,-0.0012183392934058987
baseline,4,"biggrid50-goal(21,17)",task1,20,839680,0.7938774824142456,0.26187549972615115
baseline,4,"biggrid50-goal(21,17)",task1,30,849920,0.7938774824142456,0.26187549972615115
baseline,4,"biggrid50-goal(21,17)",task1,40,860160,0.7938774824142456,0.26187549972615115
baseline,4,"biggrid50-goal(21,17)",task1,50,870400,0.7938774824142456,0.26187549972615115
baseline,4,"biggrid50-goal(21,17)",task1,60,880640,0.7938774824142456,0.26187549972615115
baseline,4,"biggrid50-goal(21,17)",task1,70,890880,0.7938774824142456,0.26187549972615115
baseline,4,"biggrid50-goal(21,17)",task1,80,901120,0.7938774824142456,0.26187549972615115
baseline,4,"biggrid50-goal(21,17)",task1,90,911360,0.7938774824142456,0.26187549972615115
baseline,4,"biggrid50-goal(21,17)",task1,100,921600,0.7938774824142456,0.26187549972615115
baseline,4,"biggrid50-goal(21,17)",task1,110,931840,0.7969387173652649,0.2728377785926602
baseline,4,"biggrid50-goal(21,17)",task1,120,942080,0.7704081535339355,0.17783185978596672
baseline,4,"biggrid50-goal(21,17)",task1,130,952320,0.8112244606018066,0.32399500882164733
baseline,4,"biggrid50-goal(21,17)",task1,140,962560,0.7867346405982971,0.23629699133374002
baseline,4,"biggrid50-goal(21,17)",task1,150,972800,0.8071428537368774,0.30937877929574525
baseline,4,"biggrid50-goal(21,17)",task1,160,983040,0.8061224222183228,0.30572461519218724
baseline,4,"biggrid50-goal(21,17)",task1,170,993280,0.8020407557487488,0.29110817222212027
baseline,4,"biggrid50-goal(21,17)",task1,180,1003520,0.8510204553604126,0.4665044206420998
baseline,4,"biggrid50-goal(21,17)",task1,190,1013760,0.8285713195800781,0.38611409102881367
baseline,4,"biggrid50-goal(21,17)",task1,200,1024000,0.8367345929145813,0.4153467635247828
baseline,4,"biggrid50-goal(21,17)",task1,210,1034240,0.8459182977676392,0.4482336001243099
baseline,4,"biggrid50-goal(21,17)",task1,220,1044480,0.8306121826171875,0.39342241923592963
baseline,4,"biggrid50-goal(21,17)",task1,230,1054720,0.8163264989852905,0.3422654024511074
baseline,4,"biggrid50-goal(21,17)",task1,240,1064960,0.820408046245575,0.35688141853284455
baseline,4,"biggrid50-goal(21,17)",task1,250,1075200,0.8122447729110718,0.3276487460368755
baseline,4,"biggrid50-goal(21,17)",task1,260,1085440,0.8163264393806458,0.34226518900694247
baseline,4,"biggrid50-goal(21,17)",task1,270,1095680,0.8193876147270203,0.3532272544292866
baseline,4,"biggrid50-goal(21,17)",task1,280,1105920,0.8214284777641296,0.36053558263640256
baseline,4,"biggrid50-goal(21,17)",task1,290,1116160,0.8265305757522583,0.37880618971002755
baseline,4,"biggrid50-goal(21,17)",task1,300,1126400,0.8234692811965942,0.36784369739935363
baseline,4,"biggrid50-goal(21,17)",task1,310,1136640,0.8061224222183228,0.30572461519218724
baseline,4,"biggrid50-goal(21,17)",task1,320,1146880,0.8173468708992004,0.3459193531105005
baseline,4,"biggrid50-goal(21,17)",task1,330,1157120,0.8122448921203613,0.32764917292520535
baseline,4,"biggrid50-goal(21,17)",task1,340,1167360,0.8040816187858582,0.29841650042923623
baseline,4,"biggrid50-goal(21,17)",task1,350,1177600,0.7948979139328003,0.2655296638297091
baseline,4,"biggrid50-goal(21,17)",task1,360,1187840,0.7948979139328003,0.2655296638297091
baseline,4,"biggrid50-goal(21,17)",task1,370,1198080,0.7948979139328003,0.2655296638297091
baseline,4,"biggrid50-goal(21,17)",task1,380,1208320,0.7989794611930847,0.2801456799114463
baseline,4,"biggrid50-goal(21,17)",task1,390,1218560,0.8306121826171875,0.39342241923592963
baseline,4,"biggrid50-goal(21,17)",task1,400,1228800,0.8255102038383484,0.3751522390506345
baseline,4,"biggrid50-goal(21,17)",task1,410,1239040,0.8469387292861938,0.45188776422786786
baseline,4,"biggrid50-goal(21,17)",task1,420,1249280,0.8469387292861938,0.45188776422786786
baseline,4,"biggrid50-goal(21,17)",task1,430,1259520,0.8142856359481812,0.33495707424399146
baseline,4,"biggrid50-goal(21,17)",task1,440,1269760,0.8551019430160522,0.481120223279672
baseline,4,"biggrid50-goal(21,17)",task1,450,1280000,0.8489794731140137,0.459195665546654
baseline,4,"biggrid50-goal(21,17)",task1,460,1290240,0.8448979258537292,0.44457964946491685
baseline,4,"biggrid50-goal(21,17)",task1,470,1300480,0.8071427345275879,0.3093783524074154
baseline,4,"biggrid50-goal(21,17)",task1,480,1310720,0.8030611872673035,0.2947623363256782
baseline,4,"biggrid50-goal(21,17)",task1,490,1320960,0.8142856359481812,0.33495707424399146
baseline,4,"biggrid50-goal(21,17)",task1,500,1331200,0.8081631660461426,0.31303251651097336
baseline,5,"biggrid50-goal(27,3)",task1,10,1341440,0.7438774704933167,0.10035820081815253
baseline,5,"biggrid50-goal(27,3)",task1,20,1351680,0.7438774704933167,0.10035820081815253
baseline,5,"biggrid50-goal(27,3)",task1,30,1361920,0.7438774704933167,0.10035820081815253
baseline,5,"biggrid50-goal(27,3)",task1,40,1372160,0.7438774704933167,0.10035820081815253
baseline,5,"biggrid50-goal(27,3)",task1,50,1382400,0.7438774704933167,0.10035820081815253
baseline,5,"biggrid50-goal(27,3)",task1,60,1392640,0.7438774704933167,0.10035820081815253
baseline,5,"biggrid50-goal(27,3)",task1,70,1402880,0.7438774704933167,0.10035820081815253
baseline,5,"biggrid50-goal(27,3)",task1,80,1413120,0.7438774704933167,0.10035820081815253
baseline,5,"biggrid50-goal(27,3)",task1,90,1423360,0.7438774704933167,0.10035820081815253
baseline,5,"biggrid50-goal(27,3)",task1,100,1433600,0.7438774704933167,0.10035820081815253
baseline,5,"biggrid50-goal(27,3)",task1,110,1443840,0.7438774704933167,0.10035820081815253
baseline,5,"biggrid50-goal(27,3)",task1,120,1454080,0.7438774704933167,0.10035820081815253
baseline,5,"biggrid50-goal(27,3)",task1,130,1464320,0.7448979020118713,0.10394251200335987
baseline,5,"biggrid50-goal(27,3)",task1,140,1474560,0.7448979020118713,0.10394251200335987
baseline,5,"biggrid50-goal(27,3)",task1,150,1484800,0.7520408034324646,0.1290322715718691
baseline,5,"biggrid50-goal(27,3)",task1,160,1495040,0.7520408034324646,0.1290322715718691
baseline,5,"biggrid50-goal(27,3)",task1,170,1505280,0.7714284658432007,0.1971322998150688
baseline,5,"biggrid50-goal(27,3)",task1,180,1515520,0.7693877220153809,0.1899640961725963
baseline,5,"biggrid50-goal(27,3)",task1,190,1525760,0.810204029083252,0.3333331937573526
baseline,5,"biggrid50-goal(27,3)",task1,200,1536000,0.8826530575752258,0.5878136350798545
baseline,5,"biggrid50-goal(27,3)",task1,210,1546240,0.886734664440155,0.6021504610927417
baseline,5,"biggrid50-goal(27,3)",task1,220,1556480,1.0,1.0
baseline,5,"biggrid50-goal(27,3)",task1,230,1566720,0.946938693523407,0.8136197962846689
baseline,5,"biggrid50-goal(27,3)",task1,240,1576960,0.9897958636283875,0.9641575162398398
baseline,5,"biggrid50-goal(27,3)",task1,250,1587200,0.8418366312980652,0.44444411876715606
baseline,5,"biggrid50-goal(27,3)",task1,260,1597440,0.9999998807907104,0.9999995812720578
baseline,5,"biggrid50-goal(27,3)",task1,270,1607680,0.9071428179740906,0.6738350098851199
baseline,5,"biggrid50-goal(27,3)",task1,280,1617920,0.9397958517074585,0.7885302460801307
baseline,5,"biggrid50-goal(27,3)",task1,290,1628160,0.8500000238418579,0.47311839888484375
baseline,5,"biggrid50-goal(27,3)",task1,300,1638400,0.7795917987823486,0.2258063705687854
baseline,5,"biggrid50-goal(27,3)",task1,310,1648640,1.0,1.0
baseline,5,"biggrid50-goal(27,3)",task1,320,1658880,0.9999998807907104,0.9999995812720578
baseline,5,"biggrid50-goal(27,3)",task1,330,1669120,0.9908162951469421,0.9677418274250472
baseline,5,"biggrid50-goal(27,3)",task1,340,1679360,1.0,1.0
baseline,5,"biggrid50-goal(27,3)",task1,350,1689600,0.991836667060852,0.9713259292462835
baseline,5,"biggrid50-goal(27,3)",task1,360,1699840,0.9479590654373169,0.8172038981059051
baseline,5,"biggrid50-goal(27,3)",task1,370,1710080,0.858163058757782,0.5017914228187048
baseline,5,"biggrid50-goal(27,3)",task1,380,1720320,0.9040815234184265,0.6630820763294979
baseline,5,"biggrid50-goal(27,3)",task1,390,1730560,0.9908162951469421,0.9677418274250472
baseline,5,"biggrid50-goal(27,3)",task1,400,1740800,0.9908162951469421,0.9677418274250472
baseline,5,"biggrid50-goal(27,3)",task1,410,1751040,0.8908162117004395,0.6164870777416578
baseline,5,"biggrid50-goal(27,3)",task1,420,1761280,0.9908162951469421,0.9677418274250472
baseline,5,"biggrid50-goal(27,3)",task1,430,1771520,0.9999998807907104,0.9999995812720578
baseline,5,"biggrid50-goal(27,3)",task1,440,1781760,0.9999998807907104,0.9999995812720578
baseline,5,"biggrid50-goal(27,3)",task1,450,1792000,0.9908162951469421,0.9677418274250472
baseline,6,"biggrid50-goal(3,31)",task1,10,1802240,0.8540815114974976,0.4257024108428695
baseline,6,"biggrid50-goal(3,31)",task1,20,1812480,0.8418366312980652,0.37750971607046385
baseline,6,"biggrid50-goal(3,31)",task1,30,1822720,0.8418366312980652,0.37750971607046385
baseline,6,"biggrid50-goal(3,31)",task1,40,1832960,0.8418366312980652,0.37750971607046385
baseline,6,"biggrid50-goal(3,31)",task1,50,1843200,0.8418366312980652,0.37750971607046385
baseline,6,"biggrid50-goal(3,31)",task1,60,1853440,0.8418366312980652,0.37750971607046385
baseline,6,"biggrid50-goal(3,31)",task1,70,1863680,0.8418366312980652,0.37750971607046385
baseline,6,"biggrid50-goal(3,31)",task1,80,1873920,0.8489794731140137,0.40562210180532293
baseline,6,"biggrid50-goal(3,31)",task1,90,1884160,0.8448978662490845,0.3895579484106979
baseline,6,"biggrid50-goal(3,31)",task1,100,1894400,0.8448979258537292,0.38955818299922845
baseline,6,"biggrid50-goal(3,31)",task1,110,1904640,0.8765305280685425,0.514055958278899
baseline,6,"biggrid50-goal(3,31)",task1,120,1914880,0.8571428060531616,0.4377508777716342
baseline,6,"biggrid50-goal(3,31)",task1,130,1925120,0.9459182024002075,0.7871479735187084
baseline,6,"biggrid50-goal(3,31)",task1,140,1935360,0.921428382396698,0.6907623493853663
baseline,6,"biggrid50-goal(3,31)",task1,150,1945600,0.9714285135269165,0.8875499878835024
baseline,6,"biggrid50-goal(3,31)",task1,160,1955840,0.9622448086738586,0.8514052908628001
baseline,6,"biggrid50-goal(3,31)",task1,170,1966080,0.8857141733169556,0.5502004207110707
baseline,6,"biggrid50-goal(3,31)",task1,180,1976320,0.8816325068473816,0.5341360327279151
baseline,6,"biggrid50-goal(3,31)",task1,190,1986560,0.8744896650314331,0.5060236469930559
baseline,6,"biggrid50-goal(3,31)",task1,200,1996800,0.9530609846115112,0.815260124665037
baseline,6,"biggrid50-goal(3,31)",task1,210,2007040,0.9397957921028137,0.7630517434267707
baseline,6,"biggrid50-goal(3,31)",task1,220,2017280,0.9857141375541687,0.9437745247646901
baseline,6,"biggrid50-goal(3,31)",task1,230,2027520,0.9806120991706848,0.9236942157271435
baseline,6,"biggrid50-goal(3,31)",task1,240,2037760,0.9346938133239746,0.7429716689777547
baseline,6,"biggrid50-goal(3,31)",task1,250,2048000,0.9734691381454468,0.8955813608152233
baseline,7,"biggrid50-goal(33,10)",task1,10,2058240,0.8785713315010071,0.5290234432344519
baseline,7,"biggrid50-goal(33,10)",task1,20,2068480,0.8785713315010071,0.5290234432344519
baseline,7,"biggrid50-goal(33,10)",task1,30,2078720,0.8785713315010071,0.5290234432344519
baseline,7,"biggrid50-goal(33,10)",task1,40,2088960,0.8785713315010071,0.5290234432344519
baseline,7,"biggrid50-goal(33,10)",task1,50,2099200,0.8785713315010071,0.5290234432344519
baseline,7,"biggrid50-goal(33,10)",task1,60,2109440,0.8785713315010071,0.5290234432344519
baseline,7,"biggrid50-goal(33,10)",task1,70,2119680,0.8785713315010071,0.5290234432344519
baseline,7,"biggrid50-goal(33,10)",task1,80,2129920,0.9132652282714844,0.6635881407125791
baseline,7,"biggrid50-goal(33,10)",task1,90,2140160,0.8785713315010071,0.5290234432344519
baseline,7,"biggrid50-goal(33,10)",task1,100,2150400,0.8785713315010071,0.5290234432344519
baseline,7,"biggrid50-goal(33,10)",task1,110,2160640,0.8816325068473816,0.5408966017077578
baseline,7,"biggrid50-goal(33,10)",task1,120,2170880,0.8806120753288269,0.5369387280938516
baseline,7,"biggrid50-goal(33,10)",task1,130,2181120,0.8826529383659363,0.544854475321664
baseline,7,"biggrid50-goal(33,10)",task1,140,2191360,0.8836733102798462,0.5488121177513637
baseline,7,"biggrid50-goal(33,10)",task1,150,2201600,0.9010202288627625,0.616094350898324
baseline,8,"biggrid50-goal(27,45)",task1,10,2211840,0.7877551317214966,0.4000001347981852
baseline,8,"biggrid50-goal(27,45)",task1,20,2222080,0.7826530337333679,0.38557689747822926
baseline,8,"biggrid50-goal(27,45)",task1,30,2232320,0.7826530337333679,0.38557689747822926
baseline,8,"biggrid50-goal(27,45)",task1,40,2242560,0.7826530337333679,0.38557689747822926
baseline,8,"biggrid50-goal(27,45)",task1,50,2252800,0.7826530337333679,0.38557689747822926
baseline,8,"biggrid50-goal(27,45)",task1,60,2263040,0.7826530337333679,0.38557689747822926
baseline,8,"biggrid50-goal(27,45)",task1,70,2273280,0.7826530337333679,0.38557689747822926
baseline,8,"biggrid50-goal(27,45)",task1,80,2283520,0.7826530337333679,0.38557689747822926
baseline,8,"biggrid50-goal(27,45)",task1,90,2293760,0.7857142686843872,0.3942307724711102
baseline,8,"biggrid50-goal(27,45)",task1,100,2304000,0.8040816187858582,0.44615385393066453
baseline,8,"biggrid50-goal(27,45)",task1,110,2314240,0.7826530337333679,0.38557689747822926
baseline,8,"biggrid50-goal(27,45)",task1,120,2324480,0.7897958755493164,0.4057691601297972
baseline,8,"biggrid50-goal(27,45)",task1,130,2334720,0.7938774824142456,0.4173075477884841
baseline,8,"biggrid50-goal(27,45)",task1,140,2344960,0.7836734056472778,0.38846141014403524
baseline,8,"biggrid50-goal(27,45)",task1,150,2355200,0.7897958755493164,0.4057691601297972
baseline,8,"biggrid50-goal(27,45)",task1,160,2365440,0.8051019906997681,0.4490383665964705
baseline,8,"biggrid50-goal(27,45)",task1,170,2375680,0.7928571105003357,0.41442303512267814
baseline,8,"biggrid50-goal(27,45)",task1,180,2385920,0.8030611872673035,0.443269172767127
baseline,8,"biggrid50-goal(27,45)",task1,190,2396160,0.8071428537368774,0.4548077289235455
baseline,8,"biggrid50-goal(27,45)",task1,200,2406400,0.8071428537368774,0.4548077289235455
baseline,8,"biggrid50-goal(27,45)",task1,210,2416640,0.8071428537368774,0.4548077289235455
baseline,8,"biggrid50-goal(27,45)",task1,220,2426880,0.8081632852554321,0.457692410087083
baseline,8,"biggrid50-goal(27,45)",task1,230,2437120,0.8081632852554321,0.457692410087083
baseline,8,"biggrid50-goal(27,45)",task1,240,2447360,0.8081632852554321,0.457692410087083
baseline,8,"biggrid50-goal(27,45)",task1,250,2457600,0.8081632852554321,0.457692410087083
baseline,8,"biggrid50-goal(27,45)",task1,260,2467840,0.8081632852554321,0.457692410087083
baseline,8,"biggrid50-goal(27,45)",task1,270,2478080,0.830612301826477,0.5211540477030557
baseline,8,"biggrid50-goal(27,45)",task1,280,2488320,0.8336734771728516,0.5298077541982052
baseline,8,"biggrid50-goal(27,45)",task1,290,2498560,0.8357142210006714,0.5355767795298172
baseline,8,"biggrid50-goal(27,45)",task1,300,2508800,0.8244897723197937,0.5038461292195623
baseline,8,"biggrid50-goal(27,45)",task1,310,2519040,0.8377550840377808,0.5413461418568922
baseline,8,"biggrid50-goal(27,45)",task1,320,2529280,0.8377550840377808,0.5413461418568922
baseline,8,"biggrid50-goal(27,45)",task1,330,2539520,0.8377550840377808,0.5413461418568922
baseline,8,"biggrid50-goal(27,45)",task1,340,2549760,0.8459183573722839,0.5644230856719976
baseline,8,"biggrid50-goal(27,45)",task1,350,2560000,0.8377550840377808,0.5413461418568922
baseline,8,"biggrid50-goal(27,45)",task1,360,2570240,0.8459183573722839,0.5644230856719976
baseline,8,"biggrid50-goal(27,45)",task1,370,2580480,0.8377550840377808,0.5413461418568922
baseline,8,"biggrid50-goal(27,45)",task1,380,2590720,0.886734664440155,0.6798076362497931
baseline,8,"biggrid50-goal(27,45)",task1,390,2600960,0.896938681602478,0.7086536053965106
baseline,8,"biggrid50-goal(27,45)",task1,400,2611200,0.8438774943351746,0.5586537233449226
baseline,8,"biggrid50-goal(27,45)",task1,410,2621440,0.8500000238418579,0.575961641828416
baseline,8,"biggrid50-goal(27,45)",task1,420,2631680,0.8377550840377808,0.5413461418568922
baseline,8,"biggrid50-goal(27,45)",task1,430,2641920,0.8377550840377808,0.5413461418568922
baseline,8,"biggrid50-goal(27,45)",task1,440,2652160,0.8846939206123352,0.6740386109181812
baseline,8,"biggrid50-goal(27,45)",task1,450,2662400,0.8653060793876648,0.6192306797973579
baseline,8,"biggrid50-goal(27,45)",task1,460,2672640,0.8653060793876648,0.6192306797973579
baseline,8,"biggrid50-goal(27,45)",task1,470,2682880,0.8653060793876648,0.6192306797973579
baseline,8,"biggrid50-goal(27,45)",task1,480,2693120,0.8642857670783997,0.6163463356292834
baseline,8,"biggrid50-goal(27,45)",task1,490,2703360,0.8704081773757935,0.6336539171173139
baseline,8,"biggrid50-goal(27,45)",task1,500,2713600,0.8744897842407227,0.6451923047760008
baseline,9,"biggrid50-goal(21,45)",task1,10,2723840,0.8928569555282593,0.6379304475790719
baseline,9,"biggrid50-goal(21,45)",task1,20,2734080,0.8928569555282593,0.6379304475790719
baseline,9,"biggrid50-goal(21,45)",task1,30,2744320,0.8928569555282593,0.6379304475790719
baseline,9,"biggrid50-goal(21,45)",task1,40,2754560,0.8928569555282593,0.6379304475790719
baseline,9,"biggrid50-goal(21,45)",task1,50,2764800,0.8928569555282593,0.6379304475790719
baseline,9,"biggrid50-goal(21,45)",task1,60,2775040,0.8928569555282593,0.6379304475790719
baseline,9,"biggrid50-goal(21,45)",task1,70,2785280,0.8928569555282593,0.6379304475790719
baseline,9,"biggrid50-goal(21,45)",task1,80,2795520,0.8928569555282593,0.6379304475790719
baseline,9,"biggrid50-goal(21,45)",task1,90,2805760,0.9999998807907104,0.999999597154866
baseline,9,"biggrid50-goal(21,45)",task1,100,2816000,0.9887754321098328,0.9620687064461465
baseline,9,"biggrid50-goal(21,45)",task1,110,2826240,0.9999998807907104,0.999999597154866
baseline,9,"biggrid50-goal(21,45)",task1,120,2836480,0.9999998807907104,0.999999597154866
baseline,9,"biggrid50-goal(21,45)",task1,130,2846720,0.9999998807907104,0.999999597154866
baseline,9,"biggrid50-goal(21,45)",task1,140,2856960,0.9153059124946594,0.7137924304190778
baseline,9,"biggrid50-goal(21,45)",task1,150,2867200,0.9979591369628906,0.9931032913051719
baseline,10,"biggrid50-goal(33,3)",task1,10,2877440,0.8846938014030457,0.5625802136498195
baseline,10,"biggrid50-goal(33,3)",task1,20,2887680,0.8755100965499878,0.5277413735561544
baseline,10,"biggrid50-goal(33,3)",task1,30,2897920,0.8755100965499878,0.5277413735561544
baseline,10,"biggrid50-goal(33,3)",task1,40,2908160,0.8755100965499878,0.5277413735561544
baseline,10,"biggrid50-goal(33,3)",task1,50,2918400,0.8755100965499878,0.5277413735561544
baseline,10,"biggrid50-goal(33,3)",task1,60,2928640,0.8755100965499878,0.5277413735561544
baseline,10,"biggrid50-goal(33,3)",task1,70,2938880,0.8755100965499878,0.5277413735561544
baseline,10,"biggrid50-goal(33,3)",task1,80,2949120,0.8755100965499878,0.5277413735561544
baseline,10,"biggrid50-goal(33,3)",task1,90,2959360,0.8755100965499878,0.5277413735561544
baseline,10,"biggrid50-goal(33,3)",task1,100,2969600,0.8755100965499878,0.5277413735561544
baseline,10,"biggrid50-goal(33,3)",task1,110,2979840,0.8755100965499878,0.5277413735561544
baseline,10,"biggrid50-goal(33,3)",task1,120,2990080,0.8755100965499878,0.5277413735561544
baseline,10,"biggrid50-goal(33,3)",task1,130,3000320,0.8755100965499878,0.5277413735561544
baseline,10,"biggrid50-goal(33,3)",task1,140,3010560,0.8775509595870972,0.5354834887635317
baseline,10,"biggrid50-goal(33,3)",task1,150,3020800,0.9744898080825806,0.9032258210395598
baseline,11,"biggrid50-goal(21,24)",task1,10,3031040,0.8316326141357422,0.1804634397408804
baseline,11,"biggrid50-goal(21,24)",task1,20,3041280,0.8316326141357422,0.1804634397408804
baseline,11,"biggrid50-goal(21,24)",task1,30,3051520,0.8316326141357422,0.1804634397408804
baseline,11,"biggrid50-goal(21,24)",task1,40,3061760,0.8316326141357422,0.1804634397408804
baseline,11,"biggrid50-goal(21,24)",task1,50,3072000,0.8316326141357422,0.1804634397408804
baseline,11,"biggrid50-goal(21,24)",task1,60,3082240,0.8326530456542969,0.1854304405195854
baseline,11,"biggrid50-goal(21,24)",task1,70,3092480,0.8408163189888,0.22516557636357518
baseline,11,"biggrid50-goal(21,24)",task1,80,3102720,0.9081632494926453,0.5529800844158029
baseline,11,"biggrid50-goal(21,24)",task1,90,3112960,0.8346939086914062,0.19536444207699546
baseline,11,"biggrid50-goal(21,24)",task1,100,3123200,0.8438774347305298,0.24006570831403978
baseline,11,"biggrid50-goal(21,24)",task1,110,3133440,0.8448979258537292,0.24503299922129498
baseline,11,"biggrid50-goal(21,24)",task1,120,3143680,0.8040816187858582,0.04635761012989635
baseline,11,"biggrid50-goal(21,24)",task1,130,3153920,0.8153060674667358,0.10099316805290087
baseline,11,"biggrid50-goal(21,24)",task1,140,3164160,0.8051020503044128,0.05132461090860138
baseline,11,"biggrid50-goal(21,24)",task1,150,3174400,0.7989795804023743,0.021523186493471527
baseline,11,"biggrid50-goal(21,24)",task1,160,3184640,0.8357142210006714,0.2003308625986002
baseline,11,"biggrid50-goal(21,24)",task1,170,3194880,0.8683673143386841,0.3592714059745592
baseline,11,"biggrid50-goal(21,24)",task1,180,3205120,0.8173469305038452,0.11092716961031093
baseline,11,"biggrid50-goal(21,24)",task1,190,3215360,0.8030611872673035,0.04139060935119133
baseline,11,"biggrid50-goal(21,24)",task1,200,3225600,0.833673357963562,0.19039686104119014
baseline,11,"biggrid50-goal(21,24)",task1,210,3235840,0.9163265228271484,0.5927152202597927
baseline,11,"biggrid50-goal(21,24)",task1,220,3246080,0.8693877458572388,0.36423840675326424
baseline,11,"biggrid50-goal(21,24)",task1,230,3256320,0.8857142329216003,0.4437083883126936
baseline,11,"biggrid50-goal(21,24)",task1,240,3266560,0.8826530575752258,0.42880796623367884
baseline,11,"biggrid50-goal(21,24)",task1,250,3276800,0.8551020622253418,0.2947021366226948
baseline,11,"biggrid50-goal(21,24)",task1,260,3287040,0.863265335559845,0.33443727246668453
baseline,11,"biggrid50-goal(21,24)",task1,270,3297280,0.890816330909729,0.4685431020776686
baseline,11,"biggrid50-goal(21,24)",task1,280,3307520,0.9387754201889038,0.7019863361058017
baseline,11,"biggrid50-goal(21,24)",task1,290,3317760,0.8765305280685425,0.3990062516899988
baseline,11,"biggrid50-goal(21,24)",task1,300,3328000,0.8775509595870972,0.40397325246870386
baseline,11,"biggrid50-goal(21,24)",task1,310,3338240,0.8877550363540649,0.4536420997415535
baseline,11,"biggrid50-goal(21,24)",task1,320,3348480,0.9142855405807495,0.5827806384452824
baseline,11,"biggrid50-goal(21,24)",task1,330,3358720,0.886734664440155,0.4486753890913986
baseline,11,"biggrid50-goal(21,24)",task1,340,3368960,0.9091836214065552,0.5579467950659578
baseline,11,"biggrid50-goal(21,24)",task1,350,3379200,0.8877550363540649,0.4536420997415535
baseline,12,"biggrid50-goal(21,3)",task1,10,3389440,0.8928569555282593,0.6546046671243597
baseline,12,"biggrid50-goal(21,3)",task1,20,3399680,0.8928569555282593,0.6546046671243597
baseline,12,"biggrid50-goal(21,3)",task1,30,3409920,0.8928569555282593,0.6546046671243597
baseline,12,"biggrid50-goal(21,3)",task1,40,3420160,0.8928569555282593,0.6546046671243597
baseline,12,"biggrid50-goal(21,3)",task1,50,3430400,0.8928569555282593,0.6546046671243597
baseline,12,"biggrid50-goal(21,3)",task1,60,3440640,0.8928569555282593,0.6546046671243597
baseline,12,"biggrid50-goal(21,3)",task1,70,3450880,0.8928569555282593,0.6546046671243597
baseline,12,"biggrid50-goal(21,3)",task1,80,3461120,0.893877387046814,0.6578942160238308
baseline,12,"biggrid50-goal(21,3)",task1,90,3471360,0.893877387046814,0.6578942160238308
baseline,12,"biggrid50-goal(21,3)",task1,100,3481600,0.9040815234184265,0.6907891285788976
baseline,12,"biggrid50-goal(21,3)",task1,110,3491840,0.9999998807907104,0.9999996157069043
baseline,12,"biggrid50-goal(21,3)",task1,120,3502080,0.9336733818054199,0.7861839330515312
baseline,12,"biggrid50-goal(21,3)",task1,130,3512320,0.9255101084709167,0.7598681182954065
baseline,12,"biggrid50-goal(21,3)",task1,140,3522560,0.9306122064590454,0.7763156706462139
baseline,12,"biggrid50-goal(21,3)",task1,150,3532800,0.9183672070503235,0.736841660292205
baseline,13,"biggrid50-goal(3,17)",task1,10,3543040,0.8551019430160522,0.4335103730417429
baseline,13,"biggrid50-goal(3,17)",task1,20,3553280,0.8551019430160522,0.4335103730417429
baseline,13,"biggrid50-goal(3,17)",task1,30,3563520,0.8551019430160522,0.4335103730417429
baseline,13,"biggrid50-goal(3,17)",task1,40,3573760,0.8551019430160522,0.4335103730417429
baseline,13,"biggrid50-goal(3,17)",task1,50,3584000,0.8551019430160522,0.4335103730417429
baseline,13,"biggrid50-goal(3,17)",task1,60,3594240,0.8551019430160522,0.4335103730417429
baseline,13,"biggrid50-goal(3,17)",task1,70,3604480,0.8551019430160522,0.4335103730417429
baseline,13,"biggrid50-goal(3,17)",task1,80,3614720,0.8540815114974976,0.4295209208550477
baseline,13,"biggrid50-goal(3,17)",task1,90,3624960,0.9632652401924133,0.8563827506527135
baseline,13,"biggrid50-goal(3,17)",task1,100,3635200,0.8734692335128784,0.5053186481722624
baseline,13,"biggrid50-goal(3,17)",task1,110,3645440,0.8836733102798462,0.5452122379242171
baseline,13,"biggrid50-goal(3,17)",task1,120,3655680,0.9479591250419617,0.7965423660247812
baseline,13,"biggrid50-goal(3,17)",task1,130,3665920,0.8918366432189941,0.5771273893602802
baseline,13,"biggrid50-goal(3,17)",task1,140,3676160,0.8826529383659363,0.5412230187662712
baseline,13,"biggrid50-goal(3,17)",task1,150,3686400,0.8632652163505554,0.46542529144905664
baseline,14,"biggrid50-goal(15,45)",task1,10,3696640,0.8663264513015747,0.4441297988038729
baseline,14,"biggrid50-goal(15,45)",task1,20,3706880,0.8663264513015747,0.4441297988038729
baseline,14,"biggrid50-goal(15,45)",task1,30,3717120,0.8663264513015747,0.4441297988038729
baseline,14,"biggrid50-goal(15,45)",task1,40,3727360,0.8663264513015747,0.4441297988038729
baseline,14,"biggrid50-goal(15,45)",task1,50,3737600,0.8428571820259094,0.34653481788792273
baseline,14,"biggrid50-goal(15,45)",task1,60,3747840,0.8663264513015747,0.4441297988038729
baseline,14,"biggrid50-goal(15,45)",task1,70,3758080,0.8663264513015747,0.4441297988038729
baseline,14,"biggrid50-goal(15,45)",task1,80,3768320,0.8663264513015747,0.4441297988038729
baseline,14,"biggrid50-goal(15,45)",task1,90,3778560,0.8663264513015747,0.4441297988038729
baseline,14,"biggrid50-goal(15,45)",task1,100,3788800,0.8663264513015747,0.4441297988038729
baseline,14,"biggrid50-goal(15,45)",task1,110,3799040,0.8795917630195618,0.4992924810652863
baseline,14,"biggrid50-goal(15,45)",task1,120,3809280,0.9163264036178589,0.6520503921035483
baseline,14,"biggrid50-goal(15,45)",task1,130,3819520,0.9173467755317688,0.6562935228246426
baseline,14,"biggrid50-goal(15,45)",task1,140,3829760,0.9387754201889038,0.7454027380202012
baseline,14,"biggrid50-goal(15,45)",task1,150,3840000,0.883673369884491,0.5162654996714604
baseline,14,"biggrid50-goal(15,45)",task1,160,3850240,0.9051019549369812,0.6053744670061204
baseline,14,"biggrid50-goal(15,45)",task1,170,3860480,0.901020348072052,0.5884014483999463
baseline,14,"biggrid50-goal(15,45)",task1,180,3870720,0.8785713911056519,0.49504935034419206
baseline,14,"biggrid50-goal(15,45)",task1,190,3880960,0.9683672785758972,0.8684579904281078
baseline,14,"biggrid50-goal(15,45)",task1,200,3891200,0.8765305280685425,0.4865625931802065
baseline,15,"biggrid50-goal(3,24)",task1,10,3901440,0.8673467636108398,0.22310705931511446
baseline,15,"biggrid50-goal(3,24)",task1,20,3911680,0.8673467636108398,0.22310705931511446
baseline,15,"biggrid50-goal(3,24)",task1,30,3921920,0.8673467636108398,0.22310705931511446
baseline,15,"biggrid50-goal(3,24)",task1,40,3932160,0.8673467636108398,0.22310705931511446
baseline,15,"biggrid50-goal(3,24)",task1,50,3942400,0.8673467636108398,0.22310705931511446
baseline,15,"biggrid50-goal(3,24)",task1,60,3952640,0.8673467636108398,0.22310705931511446
baseline,15,"biggrid50-goal(3,24)",task1,70,3962880,0.8673467636108398,0.22310705931511446
baseline,15,"biggrid50-goal(3,24)",task1,80,3973120,0.871428370475769,0.2470112748949884
baseline,15,"biggrid50-goal(3,24)",task1,90,3983360,0.8673467636108398,0.22310705931511446
baseline,15,"biggrid50-goal(3,24)",task1,100,3993600,0.8673467636108398,0.22310705931511446
baseline,15,"biggrid50-goal(3,24)",task1,110,4003840,0.8989795446395874,0.40836664999233774
baseline,15,"biggrid50-goal(3,24)",task1,120,4014080,0.8979590535163879,0.4023900724792237
baseline,15,"biggrid50-goal(3,24)",task1,130,4024320,0.9244897961616516,0.5577692191422228
baseline,15,"biggrid50-goal(3,24)",task1,140,4034560,0.9306122064590454,0.5936255425120336
baseline,15,"biggrid50-goal(3,24)",task1,150,4044800,0.9275509119033813,0.5756968572089827
baseline,16,"biggrid50-goal(3,10)",task1,10,4055040,0.7489794492721558,0.21237944695965458
baseline,16,"biggrid50-goal(3,10)",task1,20,4065280,0.7489794492721558,0.21237944695965458
baseline,16,"biggrid50-goal(3,10)",task1,30,4075520,0.7489794492721558,0.21237944695965458
baseline,16,"biggrid50-goal(3,10)",task1,40,4085760,0.7489794492721558,0.21237944695965458
baseline,16,"biggrid50-goal(3,10)",task1,50,4096000,0.7489794492721558,0.21237944695965458
baseline,16,"biggrid50-goal(3,10)",task1,60,4106240,0.7489794492721558,0.21237944695965458
baseline,16,"biggrid50-goal(3,10)",task1,70,4116480,0.7489794492721558,0.21237944695965458
baseline,16,"biggrid50-goal(3,10)",task1,80,4126720,0.7795917987823486,0.30843100760348185
baseline,16,"biggrid50-goal(3,10)",task1,90,4136960,0.7448979616165161,0.19957307092693058
baseline,16,"biggrid50-goal(3,10)",task1,100,4147200,0.7387754917144775,0.1803627587981651
baseline,16,"biggrid50-goal(3,10)",task1,110,4157440,0.7408162355422974,0.1867659468145271
baseline,16,"biggrid50-goal(3,10)",task1,120,4167680,0.7489794492721558,0.21237944695965458
baseline,16,"biggrid50-goal(3,10)",task1,130,4177920,0.7459182739257812,0.2027744779151917
baseline,16,"biggrid50-goal(3,10)",task1,140,4188160,0.7459182739257812,0.2027744779151917
baseline,16,"biggrid50-goal(3,10)",task1,150,4198400,0.7316325306892395,0.15795047862137893
baseline,16,"biggrid50-goal(3,10)",task1,160,4208640,0.7438774704933167,0.19637110287890983
baseline,16,"biggrid50-goal(3,10)",task1,170,4218880,0.7459182143211365,0.20277429089527182
baseline,16,"biggrid50-goal(3,10)",task1,180,4229120,0.7285712957382202,0.1483453225569962
baseline,16,"biggrid50-goal(3,10)",task1,190,4239360,0.7316325306892395,0.15795047862137893
baseline,16,"biggrid50-goal(3,10)",task1,200,4249600,0.7530611753463745,0.22518657107205803
baseline,16,"biggrid50-goal(3,10)",task1,210,4259840,0.7602039575576782,0.2475982901890846
baseline,16,"biggrid50-goal(3,10)",task1,220,4270080,0.7795917987823486,0.30843100760348185
baseline,16,"biggrid50-goal(3,10)",task1,230,4280320,0.7632652521133423,0.2572036332733872
baseline,16,"biggrid50-goal(3,10)",task1,240,4290560,0.7785713076591492,0.30522903955546116
baseline,16,"biggrid50-goal(3,10)",task1,250,4300800,0.7755101919174194,0.29562425753091814
baseline,16,"biggrid50-goal(3,10)",task1,260,4311040,0.7591836452484131,0.24439688320082348
baseline,16,"biggrid50-goal(3,10)",task1,270,4321280,0.8071427345275879,0.39487685112316684
baseline,16,"biggrid50-goal(3,10)",task1,280,4331520,0.7438775300979614,0.1963712898988297
baseline,16,"biggrid50-goal(3,10)",task1,290,4341760,0.7510203719139099,0.21878319603577617
baseline,16,"biggrid50-goal(3,10)",task1,300,4352000,0.7448979616165161,0.19957307092693058
baseline,16,"biggrid50-goal(3,10)",task1,310,4362240,0.7897958755493164,0.34044806980481107
baseline,16,"biggrid50-goal(3,10)",task1,320,4372480,0.7897958755493164,0.34044806980481107
baseline,16,"biggrid50-goal(3,10)",task1,330,4382720,0.795918345451355,0.3596583819335765
baseline,16,"biggrid50-goal(3,10)",task1,340,4392960,0.8438774943351746,0.5101385368758398
baseline,16,"biggrid50-goal(3,10)",task1,350,4403200,0.8061224222183228,0.3916754441349057
baseline,16,"biggrid50-goal(3,10)",task1,360,4413440,0.863265335559845,0.570971254290237
baseline,16,"biggrid50-goal(3,10)",task1,370,4423680,0.9999998807907104,0.9999996259601602
baseline,16,"biggrid50-goal(3,10)",task1,380,4433920,0.9999998807907104,0.9999996259601602
baseline,16,"biggrid50-goal(3,10)",task1,390,4444160,0.9999998807907104,0.9999996259601602
baseline,16,"biggrid50-goal(3,10)",task1,400,4454400,0.8632652163505554,0.5709708802503972
baseline,16,"biggrid50-goal(3,10)",task1,410,4464640,0.851020336151123,0.5325504430127862
baseline,16,"biggrid50-goal(3,10)",task1,420,4474880,0.851020336151123,0.5325504430127862
baseline,16,"biggrid50-goal(3,10)",task1,430,4485120,0.9999998807907104,0.9999996259601602
baseline,16,"biggrid50-goal(3,10)",task1,440,4495360,0.9999998807907104,0.9999996259601602
baseline,16,"biggrid50-goal(3,10)",task1,450,4505600,0.9999998807907104,0.9999996259601602
baseline,16,"biggrid50-goal(3,10)",task1,460,4515840,0.9999998807907104,0.9999996259601602
baseline,16,"biggrid50-goal(3,10)",task1,470,4526080,0.823469340801239,0.44610441247318133
baseline,16,"biggrid50-goal(3,10)",task1,480,4536320,0.9795917272567749,0.9359655015575019
baseline,16,"biggrid50-goal(3,10)",task1,490,4546560,0.9999998807907104,0.9999996259601602
baseline,16,"biggrid50-goal(3,10)",task1,500,4556800,0.9673468470573425,0.8975450643198909
baseline,17,"biggrid50-goal(46,31)",task1,10,4567040,0.7612244486808777,0.26260487109171227
baseline,17,"biggrid50-goal(46,31)",task1,20,4577280,0.7999999523162842,0.3823527571032919
baseline,17,"biggrid50-goal(46,31)",task1,30,4587520,0.8622447848320007,0.5745794572123737
baseline,17,"biggrid50-goal(46,31)",task1,40,4597760,0.8622447848320007,0.5745794572123737
baseline,17,"biggrid50-goal(46,31)",task1,50,4608000,0.8622447848320007,0.5745794572123737
baseline,17,"biggrid50-goal(46,31)",task1,60,4618240,0.8622447848320007,0.5745794572123737
baseline,17,"biggrid50-goal(46,31)",task1,70,4628480,0.8622447848320007,0.5745794572123737
baseline,17,"biggrid50-goal(46,31)",task1,80,4638720,0.8622447848320007,0.5745794572123737
baseline,17,"biggrid50-goal(46,31)",task1,90,4648960,0.8622447848320007,0.5745794572123737
baseline,17,"biggrid50-goal(46,31)",task1,100,4659200,0.8622447848320007,0.5745794572123737
baseline,17,"biggrid50-goal(46,31)",task1,110,4669440,0.8622447848320007,0.5745794572123737
baseline,17,"biggrid50-goal(46,31)",task1,120,4679680,0.8622447848320007,0.5745794572123737
baseline,17,"biggrid50-goal(46,31)",task1,130,4689920,0.8622447848320007,0.5745794572123737
baseline,17,"biggrid50-goal(46,31)",task1,140,4700160,0.8622447848320007,0.5745794572123737
baseline,17,"biggrid50-goal(46,31)",task1,150,4710400,0.8622447848320007,0.5745794572123737
baseline,18,"biggrid50-goal(46,24)",task1,10,4720640,0.8479591608047485,0.49548515720956726
baseline,18,"biggrid50-goal(46,24)",task1,20,4730880,0.8479591608047485,0.49548515720956726
baseline,18,"biggrid50-goal(46,24)",task1,30,4741120,0.8479591608047485,0.49548515720956726
baseline,18,"biggrid50-goal(46,24)",task1,40,4751360,0.8479591608047485,0.49548515720956726
baseline,18,"biggrid50-goal(46,24)",task1,50,4761600,0.8479591608047485,0.49548515720956726
baseline,18,"biggrid50-goal(46,24)",task1,60,4771840,0.8479591608047485,0.49548515720956726
baseline,18,"biggrid50-goal(46,24)",task1,70,4782080,0.8499999046325684,0.5022569269322131
baseline,18,"biggrid50-goal(46,24)",task1,80,4792320,0.8530611991882324,0.5124151748717858
baseline,18,"biggrid50-goal(46,24)",task1,90,4802560,0.8540815114974976,0.5158008619479073
baseline,18,"biggrid50-goal(46,24)",task1,100,4812800,0.8571428060531616,0.52595910988748
baseline,18,"biggrid50-goal(46,24)",task1,110,4823040,0.8959182500839233,0.6546270858921793
baseline,18,"biggrid50-goal(46,24)",task1,120,4833280,0.9357141256332397,0.786681144543403
baseline,18,"biggrid50-goal(46,24)",task1,130,4843520,0.9326529502868652,0.776523292174233
baseline,18,"biggrid50-goal(46,24)",task1,140,4853760,0.8632652163505554,0.5462750124110214
baseline,18,"biggrid50-goal(46,24)",task1,150,4864000,0.9999998807907104,0.9999996044295973
baseline,18,"biggrid50-goal(46,24)",task1,160,4874240,0.9999998807907104,0.9999996044295973
baseline,18,"biggrid50-goal(46,24)",task1,170,4884480,0.9938775300979614,0.9796838996912574
baseline,18,"biggrid50-goal(46,24)",task1,180,4894720,0.9999998807907104,0.9999996044295973
baseline,18,"biggrid50-goal(46,24)",task1,190,4904960,0.9999998807907104,0.9999996044295973
baseline,18,"biggrid50-goal(46,24)",task1,200,4915200,0.9999998807907104,0.9999996044295973
baseline,19,"biggrid50-goal(3,45)",task1,10,4925440,0.8010203242301941,0.4149998501718293
baseline,19,"biggrid50-goal(3,45)",task1,20,4935680,0.8010203242301941,0.4149998501718293
baseline,19,"biggrid50-goal(3,45)",task1,30,4945920,0.8010203242301941,0.4149998501718293
baseline,19,"biggrid50-goal(3,45)",task1,40,4956160,0.8010203242301941,0.4149998501718293
baseline,19,"biggrid50-goal(3,45)",task1,50,4966400,0.8438774347305298,0.5409997341645204
baseline,19,"biggrid50-goal(3,45)",task1,60,4976640,0.8663264513015747,0.606999831947116
baseline,19,"biggrid50-goal(3,45)",task1,70,4986880,0.8438774347305298,0.5409997341645204
baseline,19,"biggrid50-goal(3,45)",task1,80,4997120,0.8438774347305298,0.5409997341645204
baseline,19,"biggrid50-goal(3,45)",task1,90,5007360,0.9397956728935242,0.8229993076361373
baseline,19,"biggrid50-goal(3,45)",task1,100,5017600,0.8010203242301941,0.4149998501718293
baseline,19,"biggrid50-goal(3,45)",task1,110,5027840,0.8051019906997681,0.42699994760394966
baseline,19,"biggrid50-goal(3,45)",task1,120,5038080,0.8734692335128784,0.627999608168667
baseline,19,"biggrid50-goal(3,45)",task1,130,5048320,0.8928570747375488,0.6849998519242055
baseline,19,"biggrid50-goal(3,45)",task1,140,5058560,0.9020406603813171,0.7119995892430032
baseline,19,"biggrid50-goal(3,45)",task1,150,5068800,0.8489795923233032,0.5560000750017042
baseline,19,"biggrid50-goal(3,45)",task1,160,5079040,0.9836732745170593,0.9519994350338918
baseline,19,"biggrid50-goal(3,45)",task1,170,5089280,0.9765304327011108,0.9309994835747144
baseline,19,"biggrid50-goal(3,45)",task1,180,5099520,0.971428394317627,0.9159994932127838
baseline,19,"biggrid50-goal(3,45)",task1,190,5109760,0.9775508046150208,0.9339993765045246
baseline,19,"biggrid50-goal(3,45)",task1,200,5120000,0.9071427583694458,0.7269997548425604
baseline,19,"biggrid50-goal(3,45)",task1,210,5130240,0.9948978424072266,0.9849996591628163
baseline,19,"biggrid50-goal(3,45)",task1,220,5140480,0.9999998807907104,0.9999996495247468
baseline,19,"biggrid50-goal(3,45)",task1,230,5150720,0.9999998807907104,0.9999996495247468
baseline,19,"biggrid50-goal(3,45)",task1,240,5160960,0.9999998807907104,0.9999996495247468
baseline,19,"biggrid50-goal(3,45)",task1,250,5171200,0.9999998807907104,0.9999996495247468
baseline,19,"biggrid50-goal(3,45)",task1,260,5181440,0.95714271068573,0.873999590294429
baseline,19,"biggrid50-goal(3,45)",task1,270,5191680,0.9969387054443359,0.9909997954976898
baseline,19,"biggrid50-goal(3,45)",task1,280,5201920,0.9999998807907104,0.9999996495247468
baseline,19,"biggrid50-goal(3,45)",task1,290,5212160,0.9999998807907104,0.9999996495247468
baseline,19,"biggrid50-goal(3,45)",task1,300,5222400,0.9999998807907104,0.9999996495247468
baseline,20,"biggrid50-goal(21,10)",task1,10,5232640,0.6989796161651611,-0.06626495721984409
baseline,20,"biggrid50-goal(21,10)",task1,20,5242880,0.7571429014205933,0.13975920657457894
baseline,20,"biggrid50-goal(21,10)",task1,30,5253120,0.7571429014205933,0.13975920657457894
baseline,20,"biggrid50-goal(21,10)",task1,40,5263360,0.7571429014205933,0.13975920657457894
baseline,20,"biggrid50-goal(21,10)",task1,50,5273600,0.7571429014205933,0.13975920657457894
baseline,20,"biggrid50-goal(21,10)",task1,60,5283840,0.7571429014205933,0.13975920657457894
baseline,20,"biggrid50-goal(21,10)",task1,70,5294080,0.7571429014205933,0.13975920657457894
baseline,20,"biggrid50-goal(21,10)",task1,80,5304320,0.7571429014205933,0.13975920657457894
baseline,20,"biggrid50-goal(21,10)",task1,90,5314560,0.7571429014205933,0.13975920657457894
baseline,20,"biggrid50-goal(21,10)",task1,100,5324800,0.7571429014205933,0.13975920657457894
baseline,20,"biggrid50-goal(21,10)",task1,110,5335040,0.7602040767669678,0.1506024058229572
baseline,20,"biggrid50-goal(21,10)",task1,120,5345280,0.7571428418159485,0.13975899544487666
baseline,20,"biggrid50-goal(21,10)",task1,130,5355520,0.7408163547515869,0.08192782531128436
baseline,20,"biggrid50-goal(21,10)",task1,140,5365760,0.7795918583869934,0.21927719746433227
baseline,20,"biggrid50-goal(21,10)",task1,150,5376000,0.7306122779846191,0.04578326480415081
baseline,20,"biggrid50-goal(21,10)",task1,160,5386240,0.7275511026382446,0.03494006555577255
baseline,20,"biggrid50-goal(21,10)",task1,170,5396480,0.7479592561721802,0.10722918657003964
baseline,20,"biggrid50-goal(21,10)",task1,180,5406720,0.7479592561721802,0.10722918657003964
baseline,20,"biggrid50-goal(21,10)",task1,190,5416960,0.739795982837677,0.07831349593839235
baseline,20,"biggrid50-goal(21,10)",task1,200,5427200,0.8061224818229675,0.3132531392347604
baseline,20,"biggrid50-goal(21,10)",task1,210,5437440,0.7591837048530579,0.14698807645006517
baseline,20,"biggrid50-goal(21,10)",task1,220,5447680,0.7642857432365417,0.16506035670363195
baseline,20,"biggrid50-goal(21,10)",task1,230,5457920,0.7642857432365417,0.16506035670363195
baseline,20,"biggrid50-goal(21,10)",task1,240,5468160,0.7765306234359741,0.20843378708625176
baseline,20,"biggrid50-goal(21,10)",task1,250,5478400,0.767346978187561,0.1759037670817125
baseline,20,"biggrid50-goal(21,10)",task1,260,5488640,0.7714285850524902,0.190361506832685
baseline,20,"biggrid50-goal(21,10)",task1,270,5498880,0.7663265466690063,0.17228922657911822
baseline,20,"biggrid50-goal(21,10)",task1,280,5509120,0.7602040767669678,0.1506024058229572
baseline,20,"biggrid50-goal(21,10)",task1,290,5519360,0.7714285850524902,0.190361506832685
baseline,20,"biggrid50-goal(21,10)",task1,300,5529600,0.7714285850524902,0.190361506832685
baseline,20,"biggrid50-goal(21,10)",task1,310,5539840,0.7979592084884644,0.2843374486031131
baseline,20,"biggrid50-goal(21,10)",task1,320,5550080,0.7520408630371094,0.12168692632101216
baseline,20,"biggrid50-goal(21,10)",task1,330,5560320,0.7826530337333679,0.23012039671271053
baseline,20,"biggrid50-goal(21,10)",task1,340,5570560,0.8010204434394836,0.2951808589811936
baseline,20,"biggrid50-goal(21,10)",task1,350,5580800,0.8091835975646973,0.3240961273534364
baseline,20,"biggrid50-goal(21,10)",task1,360,5591040,0.7724490165710449,0.19397604733527923
baseline,20,"biggrid50-goal(21,10)",task1,370,5601280,0.7367347478866577,0.06747008556031184
baseline,20,"biggrid50-goal(21,10)",task1,380,5611520,0.7693877220153809,0.18313242582749648
baseline,20,"biggrid50-goal(21,10)",task1,390,5621760,0.7295918464660645,0.042168724301556555
baseline,20,"biggrid50-goal(21,10)",task1,400,5632000,0.7765306234359741,0.20843378708625176
baseline,20,"biggrid50-goal(21,10)",task1,410,5642240,0.7591837048530579,0.14698807645006517
baseline,20,"biggrid50-goal(21,10)",task1,420,5652480,0.7530611753463745,0.1253010445642019
baseline,20,"biggrid50-goal(21,10)",task1,430,5662720,0.8632652163505554,0.5156623402671846
baseline,20,"biggrid50-goal(21,10)",task1,440,5672960,0.8244897127151489,0.3783129681141367
baseline,20,"biggrid50-goal(21,10)",task1,450,5683200,0.8979592323303223,0.6385543949286645
baseline,20,"biggrid50-goal(21,10)",task1,460,5693440,0.8683673143386841,0.5337348316504537
baseline,20,"biggrid50-goal(21,10)",task1,470,5703680,0.8244897723197937,0.37831317924383895
baseline,20,"biggrid50-goal(21,10)",task1,480,5713920,0.7653061151504517,0.16867468607652397
baseline,20,"biggrid50-goal(21,10)",task1,490,5724160,0.7622448205947876,0.1578310645687412
baseline,20,"biggrid50-goal(21,10)",task1,500,5734400,0.7622448205947876,0.1578310645687412
baseline,21,"biggrid50-goal(40,3)",task1,10,5744640,0.833673357963562,0.5995083011848994
baseline,21,"biggrid50-goal(40,3)",task1,20,5754880,0.833673357963562,0.5995083011848994
baseline,21,"biggrid50-goal(40,3)",task1,30,5765120,0.833673357963562,0.5995083011848994
baseline,21,"biggrid50-goal(40,3)",task1,40,5775360,0.833673357963562,0.5995083011848994
baseline,21,"biggrid50-goal(40,3)",task1,50,5785600,0.833673357963562,0.5995083011848994
baseline,21,"biggrid50-goal(40,3)",task1,60,5795840,0.833673357963562,0.5995083011848994
baseline,21,"biggrid50-goal(40,3)",task1,70,5806080,0.833673357963562,0.5995083011848994
baseline,21,"biggrid50-goal(40,3)",task1,80,5816320,0.8459182977676392,0.6289924336364472
baseline,21,"biggrid50-goal(40,3)",task1,90,5826560,0.8428570032119751,0.6216212570037659
baseline,21,"biggrid50-goal(40,3)",task1,100,5836800,0.8479591608047485,0.6339065513915679
baseline,21,"biggrid50-goal(40,3)",task1,110,5847040,0.8418366312980652,0.6191643416459999
baseline,21,"biggrid50-goal(40,3)",task1,120,5857280,0.8173468708992004,0.5601963637824929
baseline,21,"biggrid50-goal(40,3)",task1,130,5867520,0.8081631660461426,0.5380832644438321
baseline,21,"biggrid50-goal(40,3)",task1,140,5877760,0.8030611872673035,0.5257984006154128
baseline,21,"biggrid50-goal(40,3)",task1,150,5888000,0.8193876147270203,0.5651101944980251
baseline,21,"biggrid50-goal(40,3)",task1,160,5898240,0.8071428537368774,0.5356264926058601
baseline,21,"biggrid50-goal(40,3)",task1,170,5908480,0.8224489092826843,0.5724813711307063
baseline,21,"biggrid50-goal(40,3)",task1,180,5918720,0.8051019906997681,0.5307123748507394
baseline,21,"biggrid50-goal(40,3)",task1,190,5928960,0.8071428537368774,0.5356264926058601
baseline,21,"biggrid50-goal(40,3)",task1,200,5939200,0.8571427464485168,0.6560193636906402
baseline,21,"biggrid50-goal(40,3)",task1,210,5949440,0.8132652044296265,0.5503682717920455
baseline,21,"biggrid50-goal(40,3)",task1,220,5959680,0.8561223745346069,0.653562448332874
baseline,21,"biggrid50-goal(40,3)",task1,230,5969920,0.8020407557487488,0.5233413417378525
baseline,21,"biggrid50-goal(40,3)",task1,240,5980160,0.8061223030090332,0.5331691466887113
baseline,21,"biggrid50-goal(40,3)",task1,250,5990400,0.8081631660461426,0.5380832644438321
baseline,21,"biggrid50-goal(40,3)",task1,260,6000640,0.8469387292861938,0.6314494925140075
baseline,21,"biggrid50-goal(40,3)",task1,270,6010880,0.8683673143386841,0.6830465807844218
baseline,21,"biggrid50-goal(40,3)",task1,280,6021120,0.8632652163505554,0.6707614299164141
baseline,21,"biggrid50-goal(40,3)",task1,290,6031360,0.8438774347305298,0.6240783158813263
baseline,21,"biggrid50-goal(40,3)",task1,300,6041600,0.8030611276626587,0.5257982570956187
baseline,21,"biggrid50-goal(40,3)",task1,310,6051840,0.778571367263794,0.4668302792321117
baseline,21,"biggrid50-goal(40,3)",task1,320,6062080,0.7887754440307617,0.4914002939285386
baseline,21,"biggrid50-goal(40,3)",task1,330,6072320,0.7928570508956909,0.5012282423991917
baseline,21,"biggrid50-goal(40,3)",task1,340,6082560,0.8071427345275879,0.5356262055662717
baseline,21,"biggrid50-goal(40,3)",task1,350,6092800,0.7397958040237427,0.37346405116193626
baseline,21,"biggrid50-goal(40,3)",task1,360,6103040,0.7469387054443359,0.39066317626527053
baseline,21,"biggrid50-goal(40,3)",task1,370,6113280,0.7897957563400269,0.4938570657665105
baseline,21,"biggrid50-goal(40,3)",task1,380,6123520,0.8326529264450073,0.5970512423073391
baseline,21,"biggrid50-goal(40,3)",task1,390,6133760,0.8306121826171875,0.5921374115918068
baseline,21,"biggrid50-goal(40,3)",task1,400,6144000,0.8224489092826843,0.5724813711307063
baseline,21,"biggrid50-goal(40,3)",task1,410,6154240,0.7959182858467102,0.5085992755120786
baseline,21,"biggrid50-goal(40,3)",task1,420,6164480,0.764285683631897,0.4324323160650317
baseline,21,"biggrid50-goal(40,3)",task1,430,6174720,0.7581632137298584,0.41769024983925784
baseline,21,"biggrid50-goal(40,3)",task1,440,6184960,0.760204017162323,0.42260422407458437
baseline,21,"biggrid50-goal(40,3)",task1,450,6195200,0.7561224699020386,0.41277641912372554
baseline,21,"biggrid50-goal(40,3)",task1,460,6205440,0.7163265347480774,0.31695327569578396
baseline,21,"biggrid50-goal(40,3)",task1,470,6215680,0.7071428298950195,0.2948401763571232
baseline,21,"biggrid50-goal(40,3)",task1,480,6225920,0.6846938133239746,0.24078602920914852
baseline,21,"biggrid50-goal(40,3)",task1,490,6236160,0.6602040529251099,0.18181805134564158
baseline,21,"biggrid50-goal(40,3)",task1,500,6246400,0.686734676361084,0.2457001469642693
baseline,22,"biggrid50-goal(15,38)",task1,10,6256640,0.8642855882644653,0.19718223449551997
baseline,22,"biggrid50-goal(15,38)",task1,20,6266880,0.8795917630195618,0.28772581684735776
baseline,22,"biggrid50-goal(15,38)",task1,30,6277120,0.8775509595870972,0.27565345673074887
baseline,22,"biggrid50-goal(15,38)",task1,40,6287360,0.8775509595870972,0.27565345673074887
baseline,22,"biggrid50-goal(15,38)",task1,50,6297600,0.8775509595870972,0.27565345673074887
baseline,22,"biggrid50-goal(15,38)",task1,60,6307840,0.9112244844436646,0.4748489853138835
baseline,22,"biggrid50-goal(15,38)",task1,70,6318080,0.8999999165534973,0.4084501231952634
baseline,22,"biggrid50-goal(15,38)",task1,80,6328320,0.8775509595870972,0.27565345673074887
baseline,22,"biggrid50-goal(15,38)",task1,90,6338560,0.8836734890937805,0.3118712422623925
baseline,22,"biggrid50-goal(15,38)",task1,100,6348800,0.9469386339187622,0.6861158162409013
baseline,22,"biggrid50-goal(15,38)",task1,110,6359040,0.9234692454338074,0.5472827934226282
baseline,22,"biggrid50-goal(15,38)",task1,120,6369280,0.9183672666549683,0.5171020694265602
baseline,22,"biggrid50-goal(15,38)",task1,130,6379520,0.951020359992981,0.7102612416559362
baseline,22,"biggrid50-goal(15,38)",task1,140,6389760,0.8826530575752258,0.30583488590863384
baseline,22,"biggrid50-goal(15,38)",task1,150,6400000,0.9071428179740906,0.4507039124897572
baseline,23,"biggrid50-goal(40,45)",task1,10,6410240,0.7918366193771362,0.5422584924736927
baseline,23,"biggrid50-goal(40,45)",task1,20,6420480,0.7918366193771362,0.5422584924736927
baseline,23,"biggrid50-goal(40,45)",task1,30,6430720,0.7918366193771362,0.5422584924736927
baseline,23,"biggrid50-goal(40,45)",task1,40,6440960,0.7918366193771362,0.5422584924736927
baseline,23,"biggrid50-goal(40,45)",task1,50,6451200,0.7918366193771362,0.5422584924736927
baseline,23,"biggrid50-goal(40,45)",task1,60,6461440,0.7918366193771362,0.5422584924736927
baseline,23,"biggrid50-goal(40,45)",task1,70,6471680,0.7918366193771362,0.5422584924736927
baseline,23,"biggrid50-goal(40,45)",task1,80,6481920,0.7918366193771362,0.5422584924736927
baseline,23,"biggrid50-goal(40,45)",task1,90,6492160,0.8234692811965942,0.6118172316956584
baseline,23,"biggrid50-goal(40,45)",task1,100,6502400,0.9193875193595886,0.8227369371915155
baseline,23,"biggrid50-goal(40,45)",task1,110,6512640,0.7928570508956909,0.5445023735071048
baseline,23,"biggrid50-goal(40,45)",task1,120,6522880,0.7928570508956909,0.5445023735071048
baseline,23,"biggrid50-goal(40,45)",task1,130,6533120,0.8071427345275879,0.5759159215679696
baseline,23,"biggrid50-goal(40,45)",task1,140,6543360,0.8204081654548645,0.6050859817988743
baseline,23,"biggrid50-goal(40,45)",task1,150,6553600,0.8704080581665039,0.715033400011901
baseline,23,"biggrid50-goal(40,45)",task1,160,6563840,0.8897957801818848,0.7576660911041914
baseline,23,"biggrid50-goal(40,45)",task1,170,6574080,0.9306119680404663,0.8474189732199614
baseline,23,"biggrid50-goal(40,45)",task1,180,6584320,0.9530611038208008,0.8967835695481228
baseline,23,"biggrid50-goal(40,45)",task1,190,6594560,0.9173467755317688,0.8182494372603261
baseline,23,"biggrid50-goal(40,45)",task1,200,6604800,0.9581630825996399,0.908002581511731
baseline,24,"biggrid50-goal(15,17)",task1,10,6615040,0.823469340801239,0.14778291245597477
baseline,24,"biggrid50-goal(15,17)",task1,20,6625280,0.823469340801239,0.14778291245597477
baseline,24,"biggrid50-goal(15,17)",task1,30,6635520,0.823469340801239,0.14778291245597477
baseline,24,"biggrid50-goal(15,17)",task1,40,6645760,0.823469340801239,0.14778291245597477
baseline,24,"biggrid50-goal(15,17)",task1,50,6656000,0.8806121945381165,0.423645001266085
baseline,24,"biggrid50-goal(15,17)",task1,60,6666240,0.8438774943351746,0.24630504592435717
baseline,24,"biggrid50-goal(15,17)",task1,70,6676480,0.8561223745346069,0.30541826845606684
baseline,24,"biggrid50-goal(15,17)",task1,80,6686720,0.8581631779670715,0.3152704242535853
baseline,24,"biggrid50-goal(15,17)",task1,90,6696960,0.896938681602478,0.5024625353928317
baseline,24,"biggrid50-goal(15,17)",task1,100,6707200,0.8459182977676392,0.25615720172187567
baseline,24,"biggrid50-goal(15,17)",task1,110,6717440,0.8806121945381165,0.423645001266085
baseline,24,"biggrid50-goal(15,17)",task1,120,6727680,0.8418366312980652,0.23645260238023988
baseline,24,"biggrid50-goal(15,17)",task1,130,6737920,0.9377549290657043,0.6995065145829976
baseline,24,"biggrid50-goal(15,17)",task1,140,6748160,0.8724489212036133,0.3842360903294123
baseline,24,"biggrid50-goal(15,17)",task1,150,6758400,0.8020407557487488,0.04433455721553371
baseline,24,"biggrid50-goal(15,17)",task1,160,6768640,0.9081632494926453,0.5566501116456803
baseline,24,"biggrid50-goal(15,17)",task1,170,6778880,0.9999998807907104,0.9999994245068023
baseline,24,"biggrid50-goal(15,17)",task1,180,6789120,0.9214285016059875,0.6206892682028499
baseline,24,"biggrid50-goal(15,17)",task1,190,6799360,0.9204080700874329,0.6157630464307912
baseline,24,"biggrid50-goal(15,17)",task1,200,6809600,0.9244897961616516,0.6354679335190258
baseline,24,"biggrid50-goal(15,17)",task1,210,6819840,0.8561223745346069,0.30541826845606684
baseline,24,"biggrid50-goal(15,17)",task1,220,6830080,0.8826529383659363,0.43349686931700465
baseline,24,"biggrid50-goal(15,17)",task1,230,6840320,0.9663263559341431,0.8374375589880527
baseline,24,"biggrid50-goal(15,17)",task1,240,6850560,0.883673369884491,0.43842309108906335
baseline,24,"biggrid50-goal(15,17)",task1,250,6860800,0.8724489212036133,0.3842360903294123
baseline,24,"biggrid50-goal(15,17)",task1,260,6871040,0.8857142329216003,0.44827553463318065
baseline,24,"biggrid50-goal(15,17)",task1,270,6881280,0.823469340801239,0.14778291245597477
baseline,24,"biggrid50-goal(15,17)",task1,280,6891520,0.8285714387893677,0.17241373356966921
baseline,24,"biggrid50-goal(15,17)",task1,290,6901760,0.8255101442337036,0.15763506825349324
baseline,24,"biggrid50-goal(15,17)",task1,300,6912000,0.7693877220153809,-0.11330079878455837
baseline,24,"biggrid50-goal(15,17)",task1,310,6922240,0.7806122303009033,-0.05911351027830851
baseline,24,"biggrid50-goal(15,17)",task1,320,6932480,0.7785714268684387,-0.06896566607582698
baseline,24,"biggrid50-goal(15,17)",task1,330,6942720,0.7765306234359741,-0.07881782187334546
baseline,24,"biggrid50-goal(15,17)",task1,340,6952960,0.8122447729110718,0.09359533620312607
baseline,24,"biggrid50-goal(15,17)",task1,350,6963200,0.8030611276626587,0.049260491240993534
baseline,24,"biggrid50-goal(15,17)",task1,360,6973440,0.8010204434394836,0.03940891093667273
baseline,24,"biggrid50-goal(15,17)",task1,370,6983680,0.8091835975646973,0.07881724638014778
baseline,24,"biggrid50-goal(15,17)",task1,380,6993920,0.810204029083252,0.08374346815220644
baseline,24,"biggrid50-goal(15,17)",task1,390,7004160,0.8020407557487488,0.04433455721553371
baseline,24,"biggrid50-goal(15,17)",task1,400,7014400,0.8040815591812134,0.05418671301305219
baseline,24,"biggrid50-goal(15,17)",task1,410,7024640,0.8142856359481812,0.10344777974724338
baseline,24,"biggrid50-goal(15,17)",task1,420,7034880,0.8183673024177551,0.12315237908887917
baseline,24,"biggrid50-goal(15,17)",task1,430,7045120,0.7948979139328003,0.009851868050919638
baseline,24,"biggrid50-goal(15,17)",task1,440,7055360,0.791836678981781,-0.004926509518657489
baseline,24,"biggrid50-goal(15,17)",task1,450,7065600,0.7836734056472778,-0.04433542045533022
baseline,24,"biggrid50-goal(15,17)",task1,460,7075840,0.7744897603988647,-0.08867026541746277
baseline,24,"biggrid50-goal(15,17)",task1,470,7086080,0.7724489569664001,-0.09852242121498124
baseline,24,"biggrid50-goal(15,17)",task1,480,7096320,0.8306121826171875,0.18226560162058886
baseline,24,"biggrid50-goal(15,17)",task1,490,7106560,0.8459182977676392,0.25615720172187567
baseline,24,"biggrid50-goal(15,17)",task1,500,7116800,0.8040815591812134,0.05418671301305219
baseline,25,"biggrid50-goal(15,24)",task1,10,7127040,0.8459183573722839,0.15799240159003763
baseline,25,"biggrid50-goal(15,24)",task1,20,7137280,0.8520407676696777,0.1914494436040853
baseline,25,"biggrid50-goal(15,24)",task1,30,7147520,0.8520407676696777,0.1914494436040853
baseline,25,"biggrid50-goal(15,24)",task1,40,7157760,0.8520407676696777,0.1914494436040853
baseline,25,"biggrid50-goal(15,24)",task1,50,7168000,0.8520407676696777,0.1914494436040853
baseline,25,"biggrid50-goal(15,24)",task1,60,7178240,0.8520407676696777,0.1914494436040853
baseline,25,"biggrid50-goal(15,24)",task1,70,7188480,0.8530611991882324,0.1970257801333891
baseline,25,"biggrid50-goal(15,24)",task1,80,7198720,0.8551020622253418,0.20817845319199665
baseline,25,"biggrid50-goal(15,24)",task1,90,7208960,0.8551020622253418,0.20817845319199665
baseline,25,"biggrid50-goal(15,24)",task1,100,7219200,0.9357142448425293,0.6486986159480619
baseline,25,"biggrid50-goal(15,24)",task1,110,7229440,0.9091836214065552,0.5037171233920803
baseline,25,"biggrid50-goal(15,24)",task1,120,7239680,0.9173468351364136,0.5483265127441439
baseline,25,"biggrid50-goal(15,24)",task1,130,7249920,0.9214285016059875,0.5706315331407673
baseline,25,"biggrid50-goal(15,24)",task1,140,7260160,0.8928570747375488,0.4144976932467698
baseline,25,"biggrid50-goal(15,24)",task1,150,7270400,0.8846938014030457,0.3698879781741146
baseline,26,"biggrid50-goal(21,38)",task1,10,7280640,0.8540816307067871,0.23529417277056958
baseline,26,"biggrid50-goal(21,38)",task1,20,7290880,0.8540816307067871,0.23529417277056958
baseline,26,"biggrid50-goal(21,38)",task1,30,7301120,0.8540816307067871,0.23529417277056958
baseline,26,"biggrid50-goal(21,38)",task1,40,7311360,0.8540816307067871,0.23529417277056958
baseline,26,"biggrid50-goal(21,38)",task1,50,7321600,0.8540816307067871,0.23529417277056958
baseline,26,"biggrid50-goal(21,38)",task1,60,7331840,0.8540816307067871,0.23529417277056958
baseline,26,"biggrid50-goal(21,38)",task1,70,7342080,0.8540816307067871,0.23529417277056958
baseline,26,"biggrid50-goal(21,38)",task1,80,7352320,0.8540816307067871,0.23529417277056958
baseline,26,"biggrid50-goal(21,38)",task1,90,7362560,0.8571428060531616,0.25133669460577307
baseline,26,"biggrid50-goal(21,38)",task1,100,7372800,0.8540816307067871,0.23529417277056958
baseline,26,"biggrid50-goal(21,38)",task1,110,7383040,0.8540816307067871,0.23529417277056958
baseline,26,"biggrid50-goal(21,38)",task1,120,7393280,0.8520407676696777,0.22459874172501934
baseline,26,"biggrid50-goal(21,38)",task1,130,7403520,0.8459183573722839,0.19251338568805137
baseline,26,"biggrid50-goal(21,38)",task1,140,7413760,0.8459183573722839,0.19251338568805137
baseline,26,"biggrid50-goal(21,38)",task1,150,7424000,0.8459183573722839,0.19251338568805137
baseline,26,"biggrid50-goal(21,38)",task1,160,7434240,0.8581631779670715,0.2566840977619873
baseline,26,"biggrid50-goal(21,38)",task1,170,7444480,0.8438774943351746,0.18181795464250117
baseline,26,"biggrid50-goal(21,38)",task1,180,7454720,0.8551020622253418,0.24064188829334468
baseline,26,"biggrid50-goal(21,38)",task1,190,7464960,0.8683673143386841,0.3101603158900557
baseline,26,"biggrid50-goal(21,38)",task1,200,7475200,0.8816326260566711,0.3796790558533277
baseline,26,"biggrid50-goal(21,38)",task1,210,7485440,0.8816326260566711,0.3796790558533277
baseline,26,"biggrid50-goal(21,38)",task1,220,7495680,0.9163264036178589,0.561496698129268
baseline,26,"biggrid50-goal(21,38)",task1,230,7505920,0.8867346048355103,0.4064166963675205
baseline,26,"biggrid50-goal(21,38)",task1,240,7516160,0.9153059720993042,0.5561489826064928
baseline,26,"biggrid50-goal(21,38)",task1,250,7526400,0.9234692454338074,0.598929769689011
baseline,26,"biggrid50-goal(21,38)",task1,260,7536640,0.9224489331245422,0.5935826788993577
baseline,26,"biggrid50-goal(21,38)",task1,270,7546880,0.9244896769523621,0.604277485211786
baseline,26,"biggrid50-goal(21,38)",task1,280,7557120,0.9244896769523621,0.604277485211786
baseline,26,"biggrid50-goal(21,38)",task1,290,7567360,0.8897958993911743,0.4224598429358458
baseline,26,"biggrid50-goal(21,38)",task1,300,7577600,0.9132652282714844,0.5454541762940643
baseline,27,"biggrid50-goal(33,17)",task1,10,7587840,0.8244897723197937,0.3484849691719006
baseline,27,"biggrid50-goal(33,17)",task1,20,7598080,0.8244897723197937,0.3484849691719006
baseline,27,"biggrid50-goal(33,17)",task1,30,7608320,0.8367345929145813,0.39393921290881584
baseline,27,"biggrid50-goal(33,17)",task1,40,7618560,0.8244897723197937,0.3484849691719006
baseline,27,"biggrid50-goal(33,17)",task1,50,7628800,0.8244897723197937,0.3484849691719006
baseline,27,"biggrid50-goal(33,17)",task1,60,7639040,0.8255102038383484,0.3522729334464412
baseline,27,"biggrid50-goal(33,17)",task1,70,7649280,0.8295918703079224,0.36742456928500844
baseline,27,"biggrid50-goal(33,17)",task1,80,7659520,0.830612301826477,0.37121253355954914
baseline,27,"biggrid50-goal(33,17)",task1,90,7669760,0.8775508999824524,0.5454542437369153
baseline,27,"biggrid50-goal(33,17)",task1,100,7680000,0.8469387292861938,0.43181819187543613
baseline,27,"biggrid50-goal(33,17)",task1,110,7690240,0.8346937894821167,0.38636350561932997
baseline,27,"biggrid50-goal(33,17)",task1,120,7700480,0.9999998807907104,0.999999557480809
baseline,27,"biggrid50-goal(33,17)",task1,130,7710720,0.8530610799789429,0.4545450924842983
baseline,27,"biggrid50-goal(33,17)",task1,140,7720960,0.9408162832260132,0.7803029397877412
baseline,27,"biggrid50-goal(33,17)",task1,150,7731200,0.951020359992981,0.8181816974947661
baseline,27,"biggrid50-goal(33,17)",task1,160,7741440,0.901020348072052,0.632575651974587
baseline,27,"biggrid50-goal(33,17)",task1,170,7751680,0.9142855405807495,0.6818176387264475
baseline,27,"biggrid50-goal(33,17)",task1,180,7761920,0.9387754201889038,0.7727270112386599
baseline,27,"biggrid50-goal(33,17)",task1,190,7772160,0.8979591131210327,0.6212119804105605
baseline,27,"biggrid50-goal(33,17)",task1,200,7782400,0.9214285016059875,0.7083331673886367
baseline,27,"biggrid50-goal(33,17)",task1,210,7792640,0.8642856478691101,0.4962120357254593
baseline,27,"biggrid50-goal(33,17)",task1,220,7802880,0.8918365240097046,0.5984841947633164
baseline,27,"biggrid50-goal(33,17)",task1,230,7813120,0.9673467874526978,0.8787873558106531
baseline,27,"biggrid50-goal(33,17)",task1,240,7823360,0.974489688873291,0.9053026632132469
baseline,27,"biggrid50-goal(33,17)",task1,250,7833600,0.9816325306892395,0.9318177493562452
baseline,28,"biggrid50-goal(27,17)",task1,10,7843840,0.7693877220153809,0.13299216517337437
baseline,28,"biggrid50-goal(27,17)",task1,20,7854080,0.7704081535339355,0.13682857028251583
baseline,28,"biggrid50-goal(27,17)",task1,30,7864320,0.7846938371658325,0.19053689727599551
baseline,28,"biggrid50-goal(27,17)",task1,40,7874560,0.7846938371658325,0.19053689727599551
baseline,28,"biggrid50-goal(27,17)",task1,50,7884800,0.7846938371658325,0.19053689727599551
baseline,28,"biggrid50-goal(27,17)",task1,60,7895040,0.8122448921203613,0.29411759433198037
baseline,28,"biggrid50-goal(27,17)",task1,70,7905280,0.7989795207977295,0.2442452242694752
baseline,28,"biggrid50-goal(27,17)",task1,80,7915520,0.813265323638916,0.29795399944112183
baseline,28,"biggrid50-goal(27,17)",task1,90,7925760,0.8142856359481812,0.3017899563720963
baseline,28,"biggrid50-goal(27,17)",task1,100,7936000,0.791836678981781,0.21739106077273535
baseline,28,"biggrid50-goal(27,17)",task1,110,7946240,0.8193877339363098,0.3209717578287202
baseline,28,"biggrid50-goal(27,17)",task1,120,7956480,0.8306121826171875,0.36317109358385896
baseline,28,"biggrid50-goal(27,17)",task1,130,7966720,0.8377550840377808,0.3900254811696823
baseline,28,"biggrid50-goal(27,17)",task1,140,7976960,0.8357142210006714,0.38235267095139935
baseline,28,"biggrid50-goal(27,17)",task1,150,7987200,0.827551007270813,0.3516623264346015
baseline,28,"biggrid50-goal(27,17)",task1,160,7997440,0.8397958874702454,0.39769806729888174
baseline,28,"biggrid50-goal(27,17)",task1,170,8007680,0.8612244725227356,0.4782607818781847
baseline,28,"biggrid50-goal(27,17)",task1,180,8017920,0.8265305757522583,0.34782592132546003
baseline,28,"biggrid50-goal(27,17)",task1,190,8028160,0.7979592084884644,0.24040926733850068
baseline,28,"biggrid50-goal(27,17)",task1,200,8038400,0.7989795804023743,0.24424544835855866
baseline,28,"biggrid50-goal(27,17)",task1,210,8048640,0.7928571105003357,0.2212274658818768
baseline,28,"biggrid50-goal(27,17)",task1,220,8058880,0.8071428537368774,0.27493601696444
baseline,28,"biggrid50-goal(27,17)",task1,230,8069120,0.8163264989852905,0.30946276659037925
baseline,28,"biggrid50-goal(27,17)",task1,240,8079360,0.827551007270813,0.3516623264346015
baseline,28,"biggrid50-goal(27,17)",task1,250,8089600,0.8295918703079224,0.35933513665288447
baseline,28,"biggrid50-goal(27,17)",task1,260,8099840,0.9142856597900391,0.677749141682788
baseline,28,"biggrid50-goal(27,17)",task1,270,8110080,0.919387698173523,0.6969307190503284
baseline,28,"biggrid50-goal(27,17)",task1,280,8120320,0.9071428179740906,0.6508949781860481
baseline,28,"biggrid50-goal(27,17)",task1,290,8130560,0.8193877339363098,0.3209717578287202
baseline,28,"biggrid50-goal(27,17)",task1,300,8140800,0.8153060674667358,0.3056263614812378
baseline,28,"biggrid50-goal(27,17)",task1,310,8151040,0.8346937894821167,0.3785162658422579
baseline,28,"biggrid50-goal(27,17)",task1,320,8161280,0.8255101442337036,0.34398951621631857
baseline,28,"biggrid50-goal(27,17)",task1,330,8171520,0.8295917510986328,0.3593346884747175
baseline,28,"biggrid50-goal(27,17)",task1,340,8181760,0.8091835975646973,0.28260837900455593
baseline,28,"biggrid50-goal(27,17)",task1,350,8192000,0.9234693646430969,0.7122761153978108
baseline,28,"biggrid50-goal(27,17)",task1,360,8202240,0.8989795446395874,0.6202044095801669
baseline,28,"biggrid50-goal(27,17)",task1,370,8212480,0.896938681602478,0.612531599361884
baseline,28,"biggrid50-goal(27,17)",task1,380,8222720,0.8153060674667358,0.3056263614812378
baseline,28,"biggrid50-goal(27,17)",task1,390,8232960,0.8540815114974976,0.45140617020327795
baseline,28,"biggrid50-goal(27,17)",task1,400,8243200,0.8765304684638977,0.5358050658026389
baseline,28,"biggrid50-goal(27,17)",task1,410,8253440,0.896938681602478,0.612531599361884
baseline,28,"biggrid50-goal(27,17)",task1,420,8263680,0.875510036945343,0.5319686606934975
baseline,28,"biggrid50-goal(27,17)",task1,430,8273920,0.8408163189888,0.4015344724080232
baseline,28,"biggrid50-goal(27,17)",task1,440,8284160,0.8622447848320007,0.48209673880915926
baseline,28,"biggrid50-goal(27,17)",task1,450,8294400,0.8530611991882324,0.4475702132723034
baseline,29,"biggrid50-goal(3,3)",task1,10,8304640,0.6704081296920776,0.11019278072379425
baseline,29,"biggrid50-goal(3,3)",task1,20,8314880,0.6704081296920776,0.11019278072379425
baseline,29,"biggrid50-goal(3,3)",task1,30,8325120,0.6704081296920776,0.11019278072379425
baseline,29,"biggrid50-goal(3,3)",task1,40,8335360,0.6714285016059875,0.11294750369222026
baseline,29,"biggrid50-goal(3,3)",task1,50,8345600,0.6704081296920776,0.11019278072379425
baseline,29,"biggrid50-goal(3,3)",task1,60,8355840,0.6816325187683105,0.14049553795705405
baseline,29,"biggrid50-goal(3,3)",task1,70,8366080,0.7234692573547363,0.25344320256538905
baseline,29,"biggrid50-goal(3,3)",task1,80,8376320,0.7234693765640259,0.2534435243976186
baseline,29,"biggrid50-goal(3,3)",task1,90,8386560,0.686734676361084,0.15426995737975785
baseline,29,"biggrid50-goal(3,3)",task1,100,8396800,0.9999998807907104,0.9999996781677705
baseline,29,"biggrid50-goal(3,3)",task1,110,8407040,0.7346937656402588,0.2837462816308784
baseline,29,"biggrid50-goal(3,3)",task1,120,8417280,0.77448970079422,0.39118433938624664
baseline,29,"biggrid50-goal(3,3)",task1,130,8427520,0.7887753844261169,0.42975174827312873
baseline,29,"biggrid50-goal(3,3)",task1,140,8437760,0.7663264274597168,0.3691457510582648
baseline,29,"biggrid50-goal(3,3)",task1,150,8448000,0.9999998807907104,0.9999996781677705
baseline,29,"biggrid50-goal(3,3)",task1,160,8458240,0.7999998331069946,0.46005466642250326
baseline,29,"biggrid50-goal(3,3)",task1,170,8468480,0.7775509357452393,0.39944883012375415
baseline,29,"biggrid50-goal(3,3)",task1,180,8478720,0.7540814876556396,0.33608778810823475
baseline,29,"biggrid50-goal(3,3)",task1,190,8488960,0.8673467636108398,0.6418728189832097
baseline,29,"biggrid50-goal(3,3)",task1,200,8499200,0.9265305399894714,0.8016527050481638
baseline,30,"biggrid50-goal(9,10)",task1,10,8509440,0.8132652044296265,0.08652271920798477
baseline,30,"biggrid50-goal(9,10)",task1,20,8519680,0.8163264393806458,0.10149779961750988
baseline,30,"biggrid50-goal(9,10)",task1,30,8529920,0.8163264393806458,0.10149779961750988
baseline,30,"biggrid50-goal(9,10)",task1,40,8540160,0.8397958874702454,0.21630665223168324
baseline,30,"biggrid50-goal(9,10)",task1,50,8550400,0.8153060674667358,0.09650630053203975
baseline,30,"biggrid50-goal(9,10)",task1,60,8560640,0.8132652044296265,0.08652271920798477
baseline,30,"biggrid50-goal(9,10)",task1,70,8570880,0.8132652044296265,0.08652271920798477
baseline,30,"biggrid50-goal(9,10)",task1,80,8581120,0.8153060674667358,0.09650630053203975
baseline,30,"biggrid50-goal(9,10)",task1,90,8591360,0.8142856359481812,0.09151450987001225
baseline,30,"biggrid50-goal(9,10)",task1,100,8601600,0.8183673024177551,0.11148138094156484
baseline,30,"biggrid50-goal(9,10)",task1,110,8611840,0.8244897723197937,0.14143154176061506
baseline,30,"biggrid50-goal(9,10)",task1,120,8622080,0.9173468351364136,0.5956737036724942
baseline,30,"biggrid50-goal(9,10)",task1,130,8632320,0.9234692454338074,0.625623572914987
baseline,30,"biggrid50-goal(9,10)",task1,140,8642560,0.9122447967529297,0.5707153335154714
baseline,30,"biggrid50-goal(9,10)",task1,150,8652800,0.8428570628166199,0.23128144106465098
baseline,30,"biggrid50-goal(9,10)",task1,160,8663040,0.8346937894821167,0.19134799049810314
baseline,30,"biggrid50-goal(9,10)",task1,170,8673280,0.9122446775436401,0.5707147503623567
baseline,30,"biggrid50-goal(9,10)",task1,180,8683520,0.9540814161300659,0.775373502280566
baseline,30,"biggrid50-goal(9,10)",task1,190,8693760,0.9244896769523621,0.6306153635770145
baseline,30,"biggrid50-goal(9,10)",task1,200,8704000,0.9040815234184265,0.5307818829489237
baseline,30,"biggrid50-goal(9,10)",task1,210,8714240,0.8663264513015747,0.346090002102267
baseline,30,"biggrid50-goal(9,10)",task1,220,8724480,0.8551019430160522,0.291181471126194
baseline,30,"biggrid50-goal(9,10)",task1,230,8734720,0.8744896650314331,0.3860231610922574
baseline,30,"biggrid50-goal(9,10)",task1,240,8744960,0.8540815114974976,0.28618968046416654
baseline,30,"biggrid50-goal(9,10)",task1,250,8755200,0.7959182858467102,0.0016643189894189783
baseline,30,"biggrid50-goal(9,10)",task1,260,8765440,0.8010203242301941,0.0266226891464417
baseline,30,"biggrid50-goal(9,10)",task1,270,8775680,0.7877550721168518,-0.03826884000057149
baseline,30,"biggrid50-goal(9,10)",task1,280,8785920,0.8183673024177551,0.11148138094156484
baseline,30,"biggrid50-goal(9,10)",task1,290,8796160,0.8183673024177551,0.11148138094156484
baseline,30,"biggrid50-goal(9,10)",task1,300,8806400,0.8683673143386841,0.35607358342632195
baseline,30,"biggrid50-goal(9,10)",task1,310,8816640,0.8857141733169556,0.4409316920683304
baseline,30,"biggrid50-goal(9,10)",task1,320,8826880,0.8469387292861938,0.2512483121362036
baseline,30,"biggrid50-goal(9,10)",task1,330,8837120,0.8938775062561035,0.48086543421143557
baseline,30,"biggrid50-goal(9,10)",task1,340,8847360,0.8846938014030457,0.43594019298286024
baseline,30,"biggrid50-goal(9,10)",task1,350,8857600,0.8928569555282593,0.47587306039629335
baseline,30,"biggrid50-goal(9,10)",task1,360,8867840,0.8540815114974976,0.28618968046416654
baseline,30,"biggrid50-goal(9,10)",task1,370,8878080,0.8846937417984009,0.4359399014063029
baseline,30,"biggrid50-goal(9,10)",task1,380,8888320,0.8265305757522583,0.1514148315081127
baseline,30,"biggrid50-goal(9,10)",task1,390,8898560,0.8306121826171875,0.17138141100310791
baseline,30,"biggrid50-goal(9,10)",task1,400,8908800,0.8326529264450073,0.18136440917404817
baseline,30,"biggrid50-goal(9,10)",task1,410,8919040,0.8183673024177551,0.11148138094156484
baseline,30,"biggrid50-goal(9,10)",task1,420,8929280,0.8285714387893677,0.16139841283216766
baseline,30,"biggrid50-goal(9,10)",task1,430,8939520,0.8214284777641296,0.12645616977453258
baseline,30,"biggrid50-goal(9,10)",task1,440,8949760,0.8030611872673035,0.03660627047049668
baseline,30,"biggrid50-goal(9,10)",task1,450,8960000,0.8285713195800781,0.16139782967905295
baseline,30,"biggrid50-goal(9,10)",task1,460,8970240,0.8132652044296265,0.08652271920798477
baseline,30,"biggrid50-goal(9,10)",task1,470,8980480,0.8071428537368774,0.056573141542049274
baseline,30,"biggrid50-goal(9,10)",task1,480,8990720,0.8142856359481812,0.09151450987001225
baseline,30,"biggrid50-goal(9,10)",task1,490,9000960,0.8469387292861938,0.2512483121362036
baseline,30,"biggrid50-goal(9,10)",task1,500,9011200,0.8775509595870972,0.40099853307833994
baseline,31,"biggrid50-goal(46,17)",task1,10,9021440,0.6653061509132385,-0.24714789121852998
baseline,31,"biggrid50-goal(46,17)",task1,20,9031680,0.7428570985794067,0.04182515417134374
baseline,31,"biggrid50-goal(46,17)",task1,30,9041920,0.7469387054443359,0.05703417999679286
baseline,31,"biggrid50-goal(46,17)",task1,40,9052160,0.86530601978302,0.49809859414568664
baseline,31,"biggrid50-goal(46,17)",task1,50,9062400,0.86530601978302,0.49809859414568664
baseline,31,"biggrid50-goal(46,17)",task1,60,9072640,0.86530601978302,0.49809859414568664
baseline,31,"biggrid50-goal(46,17)",task1,70,9082880,0.86530601978302,0.49809859414568664
baseline,31,"biggrid50-goal(46,17)",task1,80,9093120,0.86530601978302,0.49809859414568664
baseline,31,"biggrid50-goal(46,17)",task1,90,9103360,0.86530601978302,0.49809859414568664
baseline,31,"biggrid50-goal(46,17)",task1,100,9113600,0.86530601978302,0.49809859414568664
baseline,31,"biggrid50-goal(46,17)",task1,110,9123840,0.8683671951293945,0.5095052524643205
baseline,31,"biggrid50-goal(46,17)",task1,120,9134080,0.8714284896850586,0.5209123549847661
baseline,31,"biggrid50-goal(46,17)",task1,130,9144320,0.8785713315010071,0.547528261229755
baseline,31,"biggrid50-goal(46,17)",task1,140,9154560,0.8877550363540649,0.5817489024883741
baseline,31,"biggrid50-goal(46,17)",task1,150,9164800,0.8999999165534973,0.6273762020656273
baseline,32,"biggrid50-goal(40,10)",task1,10,9175040,0.6836735010147095,0.043210136955776295
baseline,32,"biggrid50-goal(40,10)",task1,20,9185280,0.6836735010147095,0.043210136955776295
baseline,32,"biggrid50-goal(40,10)",task1,30,9195520,0.6836735010147095,0.043210136955776295
baseline,32,"biggrid50-goal(40,10)",task1,40,9205760,0.6836735010147095,0.043210136955776295
baseline,32,"biggrid50-goal(40,10)",task1,50,9216000,0.6836735010147095,0.043210136955776295
baseline,32,"biggrid50-goal(40,10)",task1,60,9226240,0.6836735010147095,0.043210136955776295
baseline,32,"biggrid50-goal(40,10)",task1,70,9236480,0.7081632018089294,0.1172839105538122
baseline,32,"biggrid50-goal(40,10)",task1,80,9246720,0.7081632018089294,0.1172839105538122
baseline,32,"biggrid50-goal(40,10)",task1,90,9256960,0.7081632018089294,0.1172839105538122
baseline,32,"biggrid50-goal(40,10)",task1,100,9267200,0.7122448682785034,0.12962968972483727
baseline,32,"biggrid50-goal(40,10)",task1,110,9277440,0.701020359992981,0.09567902236154695
baseline,32,"biggrid50-goal(40,10)",task1,120,9287680,0.7153060436248779,0.13888879874607743
baseline,32,"biggrid50-goal(40,10)",task1,130,9297920,0.6979591250419617,0.08641973305468388
baseline,32,"biggrid50-goal(40,10)",task1,140,9308160,0.7010204195976257,0.09567920264716986
baseline,32,"biggrid50-goal(40,10)",task1,150,9318400,0.6785714626312256,0.027778048206212137
baseline,32,"biggrid50-goal(40,10)",task1,160,9328640,0.6877551078796387,0.05555573584117846
baseline,32,"biggrid50-goal(40,10)",task1,170,9338880,0.7122449278831482,0.12962987001046017
baseline,32,"biggrid50-goal(40,10)",task1,180,9349120,0.6877551078796387,0.05555573584117846
baseline,32,"biggrid50-goal(40,10)",task1,190,9359360,0.6979591250419617,0.08641973305468388
baseline,32,"biggrid50-goal(40,10)",task1,200,9369600,0.7081632614135742,0.1172840908394351
baseline,32,"biggrid50-goal(40,10)",task1,210,9379840,0.6846939325332642,0.04629662681993829
baseline,32,"biggrid50-goal(40,10)",task1,220,9390080,0.7081632614135742,0.1172840908394351
baseline,32,"biggrid50-goal(40,10)",task1,230,9400320,0.676530659198761,0.021605248763511057
baseline,32,"biggrid50-goal(40,10)",task1,240,9410560,0.6846939325332642,0.04629662681993829
baseline,32,"biggrid50-goal(40,10)",task1,250,9420800,0.6795918345451355,0.030864357784751224
baseline,32,"biggrid50-goal(40,10)",task1,260,9431040,0.6867347359657288,0.052469426262639375
baseline,32,"biggrid50-goal(40,10)",task1,270,9441280,0.6908162832260132,0.06481484486241863
baseline,32,"biggrid50-goal(40,10)",task1,280,9451520,0.6826530694961548,0.040123647091614305
baseline,32,"biggrid50-goal(40,10)",task1,290,9461760,0.6806122660636902,0.03395084764891322
baseline,32,"biggrid50-goal(40,10)",task1,300,9472000,0.6806122660636902,0.03395084764891322
baseline,32,"biggrid50-goal(40,10)",task1,310,9482240,0.710204005241394,0.12345670999651327
baseline,32,"biggrid50-goal(40,10)",task1,320,9492480,0.7469387650489807,0.2345680013932473
baseline,32,"biggrid50-goal(40,10)",task1,330,9502720,0.6877551078796387,0.05555573584117846
baseline,32,"biggrid50-goal(40,10)",task1,340,9512960,0.6826530694961548,0.040123647091614305
baseline,32,"biggrid50-goal(40,10)",task1,350,9523200,0.6877551674842834,0.05555591612680137
baseline,32,"biggrid50-goal(40,10)",task1,360,9533440,0.6877551674842834,0.05555591612680137
baseline,32,"biggrid50-goal(40,10)",task1,370,9543680,0.6989794969558716,0.08950604263322297
baseline,32,"biggrid50-goal(40,10)",task1,380,9553920,0.7275510430335999,0.17592613625915265
baseline,32,"biggrid50-goal(40,10)",task1,390,9564160,0.6877551674842834,0.05555591612680137
baseline,32,"biggrid50-goal(40,10)",task1,400,9574400,0.6989794969558716,0.08950604263322297
baseline,32,"biggrid50-goal(40,10)",task1,410,9584640,0.7275510430335999,0.17592613625915265
baseline,32,"biggrid50-goal(40,10)",task1,420,9594880,0.6989794969558716,0.08950604263322297
baseline,32,"biggrid50-goal(40,10)",task1,430,9605120,0.704081654548645,0.10493849195403293
baseline,32,"biggrid50-goal(40,10)",task1,440,9615360,0.6877551078796387,0.05555573584117846
baseline,32,"biggrid50-goal(40,10)",task1,450,9625600,0.6877551078796387,0.05555573584117846
baseline,32,"biggrid50-goal(40,10)",task1,460,9635840,0.7030612230300903,0.10185200208987094
baseline,32,"biggrid50-goal(40,10)",task1,470,9646080,0.6857143044471741,0.04938293639847738
baseline,32,"biggrid50-goal(40,10)",task1,480,9656320,0.6857143044471741,0.04938293639847738
baseline,32,"biggrid50-goal(40,10)",task1,490,9666560,0.6867347359657288,0.052469426262639375
baseline,32,"biggrid50-goal(40,10)",task1,500,9676800,0.6867347359657288,0.052469426262639375
baseline,33,"biggrid50-goal(46,38)",task1,10,9687040,0.8040815591812134,0.4725272432788251
baseline,33,"biggrid50-goal(46,38)",task1,20,9697280,0.8040815591812134,0.4725272432788251
baseline,33,"biggrid50-goal(46,38)",task1,30,9707520,0.8040815591812134,0.4725272432788251
baseline,33,"biggrid50-goal(46,38)",task1,40,9717760,0.8040815591812134,0.4725272432788251
baseline,33,"biggrid50-goal(46,38)",task1,50,9728000,0.8040815591812134,0.4725272432788251
baseline,33,"biggrid50-goal(46,38)",task1,60,9738240,0.8061224222183228,0.4780218748600867
baseline,33,"biggrid50-goal(46,38)",task1,70,9748480,0.8112243413925171,0.49175781191702783
baseline,33,"biggrid50-goal(46,38)",task1,80,9758720,0.8234692811965942,0.5247249595083845
baseline,33,"biggrid50-goal(46,38)",task1,90,9768960,0.8040815591812134,0.4725272432788251
baseline,33,"biggrid50-goal(46,38)",task1,100,9779200,0.8153060078620911,0.5027469146054978
baseline,33,"biggrid50-goal(46,38)",task1,110,9789440,0.8102039098739624,0.4890104961263971
baseline,33,"biggrid50-goal(46,38)",task1,120,9799680,0.7897958755493164,0.43406578505431326
baseline,33,"biggrid50-goal(46,38)",task1,130,9809920,0.8173468708992004,0.5082415461867594
baseline,33,"biggrid50-goal(46,38)",task1,140,9820160,0.8224489092826843,0.521977804191807
baseline,33,"biggrid50-goal(46,38)",task1,150,9830400,0.7806121706962585,0.40934042436079576
baseline,33,"biggrid50-goal(46,38)",task1,160,9840640,0.8530610799789429,0.604395191748039
baseline,33,"biggrid50-goal(46,38)",task1,170,9850880,0.8928570747375488,0.711538260945895
baseline,33,"biggrid50-goal(46,38)",task1,180,9861120,0.8020407557487488,0.4670327721716167
baseline,33,"biggrid50-goal(46,38)",task1,190,9871360,0.7908161878585815,0.43681277989683764
baseline,33,"biggrid50-goal(46,38)",task1,200,9881600,0.7540815472602844,0.3379118185449272
baseline,33,"biggrid50-goal(46,38)",task1,210,9891840,0.7581632137298584,0.34890092123339717
baseline,33,"biggrid50-goal(46,38)",task1,220,9902080,0.7285714149475098,0.26923068899374264
baseline,33,"biggrid50-goal(46,38)",task1,230,9912320,0.7132652401924133,0.2280217545045468
baseline,33,"biggrid50-goal(46,38)",task1,240,9922560,0.7112244367599487,0.2225272833973384
baseline,33,"biggrid50-goal(46,38)",task1,250,9932800,0.7744897603988647,0.3928570110391706
baseline,33,"biggrid50-goal(46,38)",task1,260,9943040,0.77448970079422,0.3928568505651174
baseline,33,"biggrid50-goal(46,38)",task1,270,9953280,0.7989794611930847,0.4587908247997244
baseline,33,"biggrid50-goal(46,38)",task1,280,9963520,0.7928570508956909,0.4423074114780992
baseline,33,"biggrid50-goal(46,38)",task1,290,9973760,0.8214284777641296,0.5192304884011761
baseline,33,"biggrid50-goal(46,38)",task1,300,9984000,0.8061224222183228,0.4780218748600867
baseline,33,"biggrid50-goal(46,38)",task1,310,9994240,0.7846938371658325,0.4203295270492657
baseline,33,"biggrid50-goal(46,38)",task1,320,10004480,0.7867346405982971,0.4258239981564741
baseline,33,"biggrid50-goal(46,38)",task1,330,10014720,0.7724488973617554,0.387362379457909
baseline,33,"biggrid50-goal(46,38)",task1,340,10024960,0.7673468589782715,0.37362612145286145
baseline,33,"biggrid50-goal(46,38)",task1,350,10035200,0.7530611157417297,0.33516450275429643
baseline,33,"biggrid50-goal(46,38)",task1,360,10045440,0.8295917510986328,0.5412085333040628
baseline,33,"biggrid50-goal(46,38)",task1,370,10055680,0.732653021812439,0.2802196312081594
baseline,33,"biggrid50-goal(46,38)",task1,380,10065920,0.7948978543281555,0.4478018825853076
baseline,33,"biggrid50-goal(46,38)",task1,390,10076160,0.8275508880615234,0.5357139017228013
baseline,33,"biggrid50-goal(46,38)",task1,400,10086400,0.820408046245575,0.5164831726105453
baseline,33,"biggrid50-goal(46,38)",task1,410,10096640,0.79795902967453,0.4560435090090936
baseline,33,"biggrid50-goal(46,38)",task1,420,10106880,0.8091835975646973,0.4862635012838727
baseline,33,"biggrid50-goal(46,38)",task1,430,10117120,0.8224489092826843,0.521977804191807
baseline,33,"biggrid50-goal(46,38)",task1,440,10127360,0.7999998927116394,0.46153814059035514
baseline,33,"biggrid50-goal(46,38)",task1,450,10137600,0.8122447729110718,0.49450512770765864
baseline,33,"biggrid50-goal(46,38)",task1,460,10147840,0.8091835975646973,0.4862635012838727
baseline,33,"biggrid50-goal(46,38)",task1,470,10158080,0.8163264393806458,0.5054942303961286
baseline,33,"biggrid50-goal(46,38)",task1,480,10168320,0.8591836094856262,0.6208789260177706
baseline,33,"biggrid50-goal(46,38)",task1,490,10178560,0.9142854809761047,0.7692301273345564
baseline,33,"biggrid50-goal(46,38)",task1,500,10188800,0.9244896173477173,0.7967028038187047
baseline,34,"biggrid50-goal(27,31)",task1,10,10199040,0.8142856359481812,-0.014870447891871186
baseline,34,"biggrid50-goal(27,31)",task1,20,10209280,0.8806121945381165,0.3475832834980828
baseline,34,"biggrid50-goal(27,31)",task1,30,10219520,0.8714284896850586,0.29739723189612377
baseline,34,"biggrid50-goal(27,31)",task1,40,10229760,0.8714284896850586,0.29739723189612377
baseline,34,"biggrid50-goal(27,31)",task1,50,10240000,0.8714284896850586,0.29739723189612377
baseline,34,"biggrid50-goal(27,31)",task1,60,10250240,0.8714284896850586,0.29739723189612377
baseline,34,"biggrid50-goal(27,31)",task1,70,10260480,0.8714284896850586,0.29739723189612377
baseline,34,"biggrid50-goal(27,31)",task1,80,10270720,0.8714284896850586,0.29739723189612377
baseline,34,"biggrid50-goal(27,31)",task1,90,10280960,0.8714284896850586,0.29739723189612377
baseline,34,"biggrid50-goal(27,31)",task1,100,10291200,0.8744897842407227,0.3141262414840351
baseline,34,"biggrid50-goal(27,31)",task1,110,10301440,0.8979591131210327,0.4423787244521054
baseline,34,"biggrid50-goal(27,31)",task1,120,10311680,0.9204080700874329,0.5650551966114635
baseline,34,"biggrid50-goal(27,31)",task1,130,10321920,0.9204080700874329,0.5650551966114635
baseline,34,"biggrid50-goal(27,31)",task1,140,10332160,0.946938693523407,0.7100366891674451
baseline,34,"biggrid50-goal(27,31)",task1,150,10342400,0.9428570866584778,0.6877319944914133
baseline,35,"biggrid50-goal(21,31)",task1,10,10352640,0.8214285969734192,0.20814503437882093
baseline,35,"biggrid50-goal(21,31)",task1,20,10362880,0.7408163547515869,-0.14932096079910473
baseline,35,"biggrid50-goal(21,31)",task1,30,10373120,0.764285683631897,-0.045248840074916065
baseline,35,"biggrid50-goal(21,31)",task1,40,10383360,0.8265305757522583,0.2307691901061311
baseline,35,"biggrid50-goal(21,31)",task1,50,10393600,0.8255101442337036,0.22624420037458035
baseline,35,"biggrid50-goal(21,31)",task1,60,10403840,0.8255101442337036,0.22624420037458035
baseline,35,"biggrid50-goal(21,31)",task1,70,10414080,0.8255101442337036,0.22624420037458035
baseline,35,"biggrid50-goal(21,31)",task1,80,10424320,0.8255101442337036,0.22624420037458035
baseline,35,"biggrid50-goal(21,31)",task1,90,10434560,0.8255101442337036,0.22624420037458035
baseline,35,"biggrid50-goal(21,31)",task1,100,10444800,0.8255101442337036,0.22624420037458035
baseline,35,"biggrid50-goal(21,31)",task1,110,10455040,0.8255101442337036,0.22624420037458035
baseline,35,"biggrid50-goal(21,31)",task1,120,10465280,0.8255101442337036,0.22624420037458035
baseline,35,"biggrid50-goal(21,31)",task1,130,10475520,0.833673357963562,0.2624430609863949
baseline,35,"biggrid50-goal(21,31)",task1,140,10485760,0.8418366312980652,0.29864218590835734
baseline,35,"biggrid50-goal(21,31)",task1,150,10496000,0.8397958874702454,0.28959273506555155
baseline,35,"biggrid50-goal(21,31)",task1,160,10506240,0.8622447848320007,0.38913986605818945
baseline,35,"biggrid50-goal(21,31)",task1,170,10516480,0.8826529383659363,0.4796375462080216
baseline,35,"biggrid50-goal(21,31)",task1,180,10526720,0.8979591131210327,0.5475110706305436
baseline,35,"biggrid50-goal(21,31)",task1,190,10536960,0.8857142329216003,0.49321251540267386
baseline,35,"biggrid50-goal(21,31)",task1,200,10547200,0.8908162117004395,0.515836671129984
baseline,35,"biggrid50-goal(21,31)",task1,210,10557440,0.9051019549369812,0.5791852058209552
baseline,35,"biggrid50-goal(21,31)",task1,220,10567680,0.9040816426277161,0.5746607447097002
baseline,35,"biggrid50-goal(21,31)",task1,230,10577920,0.8969388008117676,0.5429866095192886
baseline,35,"biggrid50-goal(21,31)",task1,240,10588160,0.8765304684638977,0.4524881364390128
baseline,35,"biggrid50-goal(21,31)",task1,250,10598400,0.8908162117004395,0.515836671129984
baseline,35,"biggrid50-goal(21,31)",task1,260,10608640,0.951020359992981,0.7828052504682255
baseline,35,"biggrid50-goal(21,31)",task1,270,10618880,0.9704081416130066,0.8687782051966547
baseline,35,"biggrid50-goal(21,31)",task1,280,10629120,0.9704080820083618,0.8687779408865068
baseline,35,"biggrid50-goal(21,31)",task1,290,10639360,0.9744898080825806,0.8868778998127098
baseline,35,"biggrid50-goal(21,31)",task1,300,10649600,0.9785712957382202,0.9049768014983214
baseline,36,"biggrid50-goal(46,10)",task1,10,10659840,0.8163264393806458,0.5641644218614001
baseline,36,"biggrid50-goal(46,10)",task1,20,10670080,0.8163264393806458,0.5641644218614001
baseline,36,"biggrid50-goal(46,10)",task1,30,10680320,0.8163264393806458,0.5641644218614001
baseline,36,"biggrid50-goal(46,10)",task1,40,10690560,0.7826529145240784,0.48426114060340025
baseline,36,"biggrid50-goal(46,10)",task1,50,10700800,0.7806121110916138,0.47941855606996947
baseline,36,"biggrid50-goal(46,10)",task1,60,10711040,0.9591835141181946,0.903147319288108
baseline,36,"biggrid50-goal(46,10)",task1,70,10721280,0.7806121110916138,0.47941855606996947
baseline,36,"biggrid50-goal(46,10)",task1,80,10731520,0.7816325426101685,0.48183991905406176
baseline,36,"biggrid50-goal(46,10)",task1,90,10741760,0.7632652521133423,0.43825651681843086
baseline,36,"biggrid50-goal(46,10)",task1,100,10752000,0.7867346405982971,0.49394659253976936
baseline,36,"biggrid50-goal(46,10)",task1,110,10762240,0.7959182858467102,0.5157382936575847
baseline,36,"biggrid50-goal(46,10)",task1,120,10772480,0.7346938848495483,0.3704600504808923
baseline,36,"biggrid50-goal(46,10)",task1,130,10782720,0.7193877696990967,0.33414045432803074
baseline,36,"biggrid50-goal(46,10)",task1,140,10792960,0.7193877100944519,0.334140312893277
baseline,36,"biggrid50-goal(46,10)",task1,150,10803200,0.7204080820083618,0.33656153444261555
baseline,36,"biggrid50-goal(46,10)",task1,160,10813440,0.7377550601959229,0.37772385656366164
baseline,36,"biggrid50-goal(46,10)",task1,170,10823680,0.714285671710968,0.32203378084232315
baseline,36,"biggrid50-goal(46,10)",task1,180,10833920,0.7102040648460388,0.3123486117754616
baseline,36,"biggrid50-goal(46,10)",task1,190,10844160,0.6469388008117676,0.1622276426305846
baseline,36,"biggrid50-goal(46,10)",task1,200,10854400,0.6520408391952515,0.17433417468153845
baseline,36,"biggrid50-goal(46,10)",task1,210,10864640,0.6806122064590454,0.242130641019077
baseline,36,"biggrid50-goal(46,10)",task1,220,10874880,0.7142857313156128,0.3220339222770769
baseline,36,"biggrid50-goal(46,10)",task1,230,10885120,0.7132652997970581,0.31961255929298465
baseline,36,"biggrid50-goal(46,10)",task1,240,10895360,0.7438774704933167,0.392251610163954
baseline,36,"biggrid50-goal(46,10)",task1,250,10905600,0.7387754917144775,0.3801452195477539
baseline,36,"biggrid50-goal(46,10)",task1,260,10915840,0.7142857313156128,0.3220339222770769
baseline,36,"biggrid50-goal(46,10)",task1,270,10926080,0.7265306115150452,0.3510895709124154
baseline,36,"biggrid50-goal(46,10)",task1,280,10936320,0.7255101799964905,0.34866820792832315
baseline,36,"biggrid50-goal(46,10)",task1,290,10946560,0.6642857193946838,0.20338982331687694
baseline,36,"biggrid50-goal(46,10)",task1,300,10956800,0.644897997379303,0.1573850580971538
baseline,36,"biggrid50-goal(46,10)",task1,310,10967040,0.6459183692932129,0.15980627964649233
baseline,36,"biggrid50-goal(46,10)",task1,320,10977280,0.6632652878761292,0.20096846033278465
baseline,36,"biggrid50-goal(46,10)",task1,330,10987520,0.6428571939468384,0.152542473563723
baseline,36,"biggrid50-goal(46,10)",task1,340,10997760,0.6418367624282837,0.15012111057963073
baseline,36,"biggrid50-goal(46,10)",task1,350,11008000,0.6499999761581421,0.1694914487133539
baseline,36,"biggrid50-goal(46,10)",task1,360,11018240,0.6510204076766968,0.17191281169744618
baseline,36,"biggrid50-goal(46,10)",task1,370,11028480,0.7275509238243103,0.3535106510270002
baseline,36,"biggrid50-goal(46,10)",task1,380,11038720,0.7316325902938843,0.3631959615286155
baseline,36,"biggrid50-goal(46,10)",task1,390,11048960,0.7153061628341675,0.3244552852611692
baseline,36,"biggrid50-goal(46,10)",task1,400,11059200,0.7071428894996643,0.30508480569269225
baseline,36,"biggrid50-goal(46,10)",task1,410,11069440,0.7173469066619873,0.3292977283598462
baseline,36,"biggrid50-goal(46,10)",task1,420,11079680,0.6826530694961548,0.24697336698726155
baseline,36,"biggrid50-goal(46,10)",task1,430,11089920,0.672448992729187,0.22276030288535384
baseline,36,"biggrid50-goal(46,10)",task1,440,11100160,0.6653060913085938,0.20581104486621546
baseline,36,"biggrid50-goal(46,10)",task1,450,11110400,0.6795918345451355,0.23970941946973848
baseline,36,"biggrid50-goal(46,10)",task1,460,11120640,0.6653061509132385,0.2058111863009692
baseline,36,"biggrid50-goal(46,10)",task1,470,11130880,0.7051020264625549,0.3002420797245077
baseline,36,"biggrid50-goal(46,10)",task1,480,11141120,0.7061224579811096,0.3026634427086
baseline,36,"biggrid50-goal(46,10)",task1,490,11151360,0.704081654548645,0.2978208581751692
baseline,36,"biggrid50-goal(46,10)",task1,500,11161600,0.6989796161651611,0.2857143261242154
baseline,37,"biggrid50-goal(9,17)",task1,10,11171840,0.8081632852554321,0.022530637731301508
baseline,37,"biggrid50-goal(9,17)",task1,20,11182080,0.8163264989852905,0.06412482020681076
baseline,37,"biggrid50-goal(9,17)",task1,30,11192320,0.8081632852554321,0.022530637731301508
baseline,37,"biggrid50-goal(9,17)",task1,40,11202560,0.8081632852554321,0.022530637731301508
baseline,37,"biggrid50-goal(9,17)",task1,50,11212800,0.8081632852554321,0.022530637731301508
baseline,37,"biggrid50-goal(9,17)",task1,60,11223040,0.8153060078620911,0.058925091840304776
baseline,37,"biggrid50-goal(9,17)",task1,70,11233280,0.8193877339363098,0.0797227904874825
baseline,37,"biggrid50-goal(9,17)",task1,80,11243520,0.8193877339363098,0.0797227904874825
baseline,37,"biggrid50-goal(9,17)",task1,90,11253760,0.8193877339363098,0.0797227904874825
baseline,37,"biggrid50-goal(9,17)",task1,100,11264000,0.8265305757522583,0.11611785200590888
baseline,37,"biggrid50-goal(9,17)",task1,110,11274240,0.8193877339363098,0.0797227904874825
baseline,37,"biggrid50-goal(9,17)",task1,120,11284480,0.833673357963562,0.1525126098196237
baseline,37,"biggrid50-goal(9,17)",task1,130,11294720,0.8142856359481812,0.053725970883221896
baseline,37,"biggrid50-goal(9,17)",task1,140,11304960,0.8244897127151489,0.10571900268232001
baseline,37,"biggrid50-goal(9,17)",task1,150,11315200,0.8224489092826843,0.09532045706344269
baseline,37,"biggrid50-goal(9,17)",task1,160,11325440,0.823469340801239,0.10051988172523713
baseline,37,"biggrid50-goal(9,17)",task1,170,11335680,0.8357142210006714,0.16291145914321256
baseline,37,"biggrid50-goal(9,17)",task1,180,11345920,0.8428570628166199,0.19930652066163893
baseline,37,"biggrid50-goal(9,17)",task1,190,11356160,0.9132652282714844,0.5580586222982429
baseline,37,"biggrid50-goal(9,17)",task1,200,11366400,0.9377549886703491,0.6828417771341937
baseline,37,"biggrid50-goal(9,17)",task1,210,11376640,0.8928569555282593,0.45407195129062355
baseline,37,"biggrid50-goal(9,17)",task1,220,11386880,0.8581632375717163,0.2772963720649977
baseline,37,"biggrid50-goal(9,17)",task1,230,11397120,0.883673369884491,0.4072786478580314
baseline,37,"biggrid50-goal(9,17)",task1,240,11407360,0.9020406007766724,0.5008655584279272
baseline,37,"biggrid50-goal(9,17)",task1,250,11417600,0.9122447967529297,0.5528591976364484
baseline,37,"biggrid50-goal(9,17)",task1,260,11427840,0.9112242460250854,0.5476591655652309
baseline,37,"biggrid50-goal(9,17)",task1,270,11438080,0.8602040410041809,0.287694917683875
baseline,37,"biggrid50-goal(9,17)",task1,280,11448320,0.8408161997795105,0.18890767133805006
baseline,37,"biggrid50-goal(9,17)",task1,290,11458560,0.8285713195800781,0.12651609392007465
baseline,37,"biggrid50-goal(9,17)",task1,300,11468800,0.8734692335128784,0.3552853123542217
baseline,38,"biggrid50-goal(33,24)",task1,10,11479040,0.823469340801239,0.16559476833980097
baseline,38,"biggrid50-goal(33,24)",task1,20,11489280,0.8214284777641296,0.15594824686304926
baseline,38,"biggrid50-goal(33,24)",task1,30,11499520,0.8214284777641296,0.15594824686304926
baseline,38,"biggrid50-goal(33,24)",task1,40,11509760,0.8214284777641296,0.15594824686304926
baseline,38,"biggrid50-goal(33,24)",task1,50,11520000,0.8214284777641296,0.15594824686304926
baseline,38,"biggrid50-goal(33,24)",task1,60,11530240,0.8214284777641296,0.15594824686304926
baseline,38,"biggrid50-goal(33,24)",task1,70,11540480,0.8214284777641296,0.15594824686304926
baseline,38,"biggrid50-goal(33,24)",task1,80,11550720,0.8214284777641296,0.15594824686304926
baseline,38,"biggrid50-goal(33,24)",task1,90,11560960,0.8214284777641296,0.15594824686304926
baseline,38,"biggrid50-goal(33,24)",task1,100,11571200,0.8214284777641296,0.15594824686304926
baseline,38,"biggrid50-goal(33,24)",task1,110,11581440,0.8183673024177551,0.14147902811296123
baseline,38,"biggrid50-goal(33,24)",task1,120,11591680,0.8214284777641296,0.15594824686304926
baseline,38,"biggrid50-goal(33,24)",task1,130,11601920,0.8183673024177551,0.14147902811296123
baseline,38,"biggrid50-goal(33,24)",task1,140,11612160,0.8204081654548645,0.15112554958971294
baseline,38,"biggrid50-goal(33,24)",task1,150,11622400,0.8357142210006714,0.22347248853771243
baseline,38,"biggrid50-goal(33,24)",task1,160,11632640,0.8397958874702454,0.2427652497586961
baseline,38,"biggrid50-goal(33,24)",task1,170,11642880,0.827551007270813,0.18488752956078464
baseline,38,"biggrid50-goal(33,24)",task1,180,11653120,0.8295917510986328,0.19453348757249683
baseline,38,"biggrid50-goal(33,24)",task1,190,11663360,0.8244897723197937,0.17041802907817682
baseline,38,"biggrid50-goal(33,24)",task1,200,11673600,0.8846938014030457,0.45498365106187805
baseline,38,"biggrid50-goal(33,24)",task1,210,11683840,0.8693876266479492,0.382636148648839
baseline,38,"biggrid50-goal(33,24)",task1,220,11694080,0.9102040529251099,0.5755626339285966
baseline,38,"biggrid50-goal(33,24)",task1,230,11704320,0.8897957801818848,0.47909910955619806
baseline,38,"biggrid50-goal(33,24)",task1,240,11714560,0.8999999761581421,0.5273311534749171
baseline,38,"biggrid50-goal(33,24)",task1,250,11724800,0.8693877458572388,0.38263671211387856
baseline,38,"biggrid50-goal(33,24)",task1,260,11735040,0.8959182500839233,0.5080381105214137
baseline,38,"biggrid50-goal(33,24)",task1,270,11745280,0.9357142448425293,0.6961413350627954
baseline,38,"biggrid50-goal(33,24)",task1,280,11755520,0.960204005241394,0.8118967754586183
baseline,38,"biggrid50-goal(33,24)",task1,290,11765760,0.9530612230300903,0.7781350772200664
baseline,38,"biggrid50-goal(33,24)",task1,300,11776000,0.9326530694961548,0.6816721163127073
baseline,39,"biggrid50-goal(40,17)",task1,10,11786240,0.8316324949264526,0.29487125401492614
baseline,39,"biggrid50-goal(40,17)",task1,20,11796480,0.8316324949264526,0.29487125401492614
baseline,39,"biggrid50-goal(40,17)",task1,30,11806720,0.8316324949264526,0.29487125401492614
baseline,39,"biggrid50-goal(40,17)",task1,40,11816960,0.8316324949264526,0.29487125401492614
baseline,39,"biggrid50-goal(40,17)",task1,50,11827200,0.8316324949264526,0.29487125401492614
baseline,39,"biggrid50-goal(40,17)",task1,60,11837440,0.9846938252449036,0.9358972278755633
baseline,39,"biggrid50-goal(40,17)",task1,70,11847680,0.8877550363540649,0.5299143357607822
baseline,39,"biggrid50-goal(40,17)",task1,80,11857920,0.8244897723197937,0.26495729269351465
baseline,39,"biggrid50-goal(40,17)",task1,90,11868160,0.8265305757522583,0.27350424576802385
baseline,39,"biggrid50-goal(40,17)",task1,100,11878400,0.9255101084709167,0.688033841331067
baseline,39,"biggrid50-goal(40,17)",task1,110,11888640,0.8959182500839233,0.564102148058819
baseline,39,"biggrid50-goal(40,17)",task1,120,11898880,0.9999998807907104,0.9999995007475058
baseline,39,"biggrid50-goal(40,17)",task1,130,11909120,0.9999998807907104,0.9999995007475058
baseline,39,"biggrid50-goal(40,17)",task1,140,11919360,0.8704080581665039,0.4572646105618363
baseline,39,"biggrid50-goal(40,17)",task1,150,11929600,0.9244896769523621,0.6837602399806889
baseline,39,"biggrid50-goal(40,17)",task1,160,11939840,0.8959182500839233,0.564102148058819
baseline,39,"biggrid50-goal(40,17)",task1,170,11950080,0.9999998807907104,0.9999995007475058
baseline,39,"biggrid50-goal(40,17)",task1,180,11960320,0.9867345690727234,0.9444439313238254
baseline,39,"biggrid50-goal(40,17)",task1,190,11970560,0.9244896769523621,0.6837602399806889
baseline,39,"biggrid50-goal(40,17)",task1,200,11980800,0.8846937417984009,0.5170935317096478
baseline,40,"biggrid50-goal(40,38)",task1,10,11991040,0.7581632733345032,0.3292452811473372
baseline,40,"biggrid50-goal(40,38)",task1,20,12001280,0.7581632733345032,0.3292452811473372
baseline,40,"biggrid50-goal(40,38)",task1,30,12011520,0.7571428418159485,0.32641502758835944
baseline,40,"biggrid50-goal(40,38)",task1,40,12021760,0.7244898080825806,0.23584906284220938
baseline,40,"biggrid50-goal(40,38)",task1,50,12032000,0.7244898080825806,0.23584906284220938
baseline,40,"biggrid50-goal(40,38)",task1,60,12042240,0.7244898080825806,0.23584906284220938
baseline,40,"biggrid50-goal(40,38)",task1,70,12052480,0.7244898080825806,0.23584906284220938
baseline,40,"biggrid50-goal(40,38)",task1,80,12062720,0.7275509834289551,0.24433949288204457
baseline,40,"biggrid50-goal(40,38)",task1,90,12072960,0.7285714149475098,0.24716974644102227
baseline,40,"biggrid50-goal(40,38)",task1,100,12083200,0.7255102396011353,0.2386793164011871
baseline,40,"biggrid50-goal(40,38)",task1,110,12093440,0.7275509834289551,0.24433949288204457
baseline,40,"biggrid50-goal(40,38)",task1,120,12103680,0.7377551198005676,0.2726415325161748
baseline,40,"biggrid50-goal(40,38)",task1,130,12113920,0.731632649898529,0.25566034179940644
baseline,40,"biggrid50-goal(40,38)",task1,140,12124160,0.7908163070678711,0.41981124589348723
baseline,40,"biggrid50-goal(40,38)",task1,150,12134400,0.7571427822113037,0.3264148622698105
baseline,40,"biggrid50-goal(40,38)",task1,160,12144640,0.7469387650489807,0.29811315327277826
baseline,40,"biggrid50-goal(40,38)",task1,170,12154880,0.7520407438278198,0.31226392511201984
baseline,40,"biggrid50-goal(40,38)",task1,180,12165120,0.7744897603988647,0.3745281808611377
baseline,40,"biggrid50-goal(40,38)",task1,190,12175360,0.7510204315185547,0.3094340021901401
baseline,40,"biggrid50-goal(40,38)",task1,200,12185600,0.7663265466690063,0.35188681366351193
baseline,40,"biggrid50-goal(40,38)",task1,210,12195840,0.777550995349884,0.38301877621952185
baseline,40,"biggrid50-goal(40,38)",task1,220,12206080,0.7591835856437683,0.33207520406921687
baseline,40,"biggrid50-goal(40,38)",task1,230,12216320,0.7765306234359741,0.38018868797909317
baseline,40,"biggrid50-goal(40,38)",task1,240,12226560,0.7408162951469421,0.2811319625560099
baseline,40,"biggrid50-goal(40,38)",task1,250,12236800,0.7806122303009033,0.39150937157790605
baseline,40,"biggrid50-goal(40,38)",task1,260,12247040,0.7459183931350708,0.2952830650323495
baseline,40,"biggrid50-goal(40,38)",task1,270,12257280,0.7826530337333679,0.3971697133773125
baseline,40,"biggrid50-goal(40,38)",task1,280,12267520,0.7428571581840515,0.2867924696739654
baseline,40,"biggrid50-goal(40,38)",task1,290,12277760,0.7744897603988647,0.3745281808611377
baseline,40,"biggrid50-goal(40,38)",task1,300,12288000,0.7724489569664001,0.36886783906173126
baseline,40,"biggrid50-goal(40,38)",task1,310,12298240,0.7704080939292908,0.3632073319437758
baseline,40,"biggrid50-goal(40,38)",task1,320,12308480,0.7663264870643616,0.3518866483449629
baseline,40,"biggrid50-goal(40,38)",task1,330,12318720,0.7826530337333679,0.3971697133773125
baseline,40,"biggrid50-goal(40,38)",task1,340,12328960,0.7591836452484131,0.3320753693877659
baseline,40,"biggrid50-goal(40,38)",task1,350,12339200,0.7765305638313293,0.38018852266054415
baseline,40,"biggrid50-goal(40,38)",task1,360,12349440,0.7928571701049805,0.4254717530114427
baseline,40,"biggrid50-goal(40,38)",task1,370,12359680,0.8040816187858582,0.4566037155674526
baseline,40,"biggrid50-goal(40,38)",task1,380,12369920,0.823469340801239,0.5103772106396373
baseline,40,"biggrid50-goal(40,38)",task1,390,12380160,0.7836734652519226,0.3999999669362902
baseline,40,"biggrid50-goal(40,38)",task1,400,12390400,0.8744897842407227,0.6518867475360923
baseline,40,"biggrid50-goal(40,38)",task1,410,12400640,0.890816330909729,0.6971698125684419
baseline,40,"biggrid50-goal(40,38)",task1,420,12410880,0.901020348072052,0.7254715215654741
baseline,40,"biggrid50-goal(40,38)",task1,430,12421120,0.8897958993911743,0.6943395590094642
baseline,40,"biggrid50-goal(40,38)",task1,440,12431360,0.8693876266479492,0.6377354797412037
baseline,40,"biggrid50-goal(40,38)",task1,450,12441600,0.8826530575752258,0.6745282800522671
baseline,40,"biggrid50-goal(40,38)",task1,460,12451840,0.8438774943351746,0.5669809592707997
baseline,40,"biggrid50-goal(40,38)",task1,470,12462080,0.8744897842407227,0.6518867475360923
baseline,40,"biggrid50-goal(40,38)",task1,480,12472320,0.8193877339363098,0.4990565270408244
baseline,40,"biggrid50-goal(40,38)",task1,490,12482560,0.8999999165534973,0.7226412680064963
baseline,40,"biggrid50-goal(40,38)",task1,500,12492800,0.951020359992981,0.8641508049029514
baseline,41,"biggrid50-goal(33,38)",task1,10,12503040,0.837755024433136,0.44919139757095505
baseline,41,"biggrid50-goal(33,38)",task1,20,12513280,0.837755024433136,0.44919139757095505
baseline,41,"biggrid50-goal(33,38)",task1,30,12523520,0.837755024433136,0.44919139757095505
baseline,41,"biggrid50-goal(33,38)",task1,40,12533760,0.837755024433136,0.44919139757095505
baseline,41,"biggrid50-goal(33,38)",task1,50,12544000,0.837755024433136,0.44919139757095505
baseline,41,"biggrid50-goal(33,38)",task1,60,12554240,0.837755024433136,0.44919139757095505
baseline,41,"biggrid50-goal(33,38)",task1,70,12564480,0.837755024433136,0.44919139757095505
baseline,41,"biggrid50-goal(33,38)",task1,80,12574720,0.8387754559516907,0.4526556802499464
baseline,41,"biggrid50-goal(33,38)",task1,90,12584960,0.8397958874702454,0.4561199629289377
baseline,41,"biggrid50-goal(33,38)",task1,100,12595200,0.896938681602478,0.650115138834366
baseline,41,"biggrid50-goal(33,38)",task1,110,12605440,0.9061223864555359,0.6812930758864072
baseline,41,"biggrid50-goal(33,38)",task1,120,12615680,0.8602040410041809,0.5254039976850822
baseline,41,"biggrid50-goal(33,38)",task1,130,12625920,0.8520407676696777,0.4976903433120323
baseline,41,"biggrid50-goal(33,38)",task1,140,12636160,0.8459182977676392,0.4769050519440049
baseline,41,"biggrid50-goal(33,38)",task1,150,12646400,0.886734664440155,0.615473323809254
baseline,41,"biggrid50-goal(33,38)",task1,160,12656640,0.8683673143386841,0.5531176520581319
baseline,41,"biggrid50-goal(33,38)",task1,170,12666880,0.8612244725227356,0.5288682803640734
baseline,41,"biggrid50-goal(33,38)",task1,180,12677120,0.896938681602478,0.650115138834366
baseline,41,"biggrid50-goal(33,38)",task1,190,12687360,0.8153060078620911,0.372978797456828
baseline,41,"biggrid50-goal(33,38)",task1,200,12697600,0.8704080581665039,0.5600458127101942
baseline,42,"biggrid50-goal(9,45)",task1,10,12707840,0.8285713195800781,0.48413480492301203
baseline,42,"biggrid50-goal(9,45)",task1,20,12718080,0.8285713195800781,0.48413480492301203
baseline,42,"biggrid50-goal(9,45)",task1,30,12728320,0.8285713195800781,0.48413480492301203
baseline,42,"biggrid50-goal(9,45)",task1,40,12738560,0.8285713195800781,0.48413480492301203
baseline,42,"biggrid50-goal(9,45)",task1,50,12748800,0.8285713195800781,0.48413480492301203
baseline,42,"biggrid50-goal(9,45)",task1,60,12759040,0.8285713195800781,0.48413480492301203
baseline,42,"biggrid50-goal(9,45)",task1,70,12769280,0.8285713195800781,0.48413480492301203
baseline,42,"biggrid50-goal(9,45)",task1,80,12779520,0.8500000238418579,0.5486183130336273
baseline,42,"biggrid50-goal(9,45)",task1,90,12789760,0.8469387292861938,0.5394062295638287
baseline,42,"biggrid50-goal(9,45)",task1,100,12800000,0.8908160924911499,0.6714425053710249
baseline,42,"biggrid50-goal(9,45)",task1,110,12810240,0.8316326141357422,0.4933468883928107
baseline,42,"biggrid50-goal(9,45)",task1,120,12820480,0.8785712122917175,0.6345950683068098
baseline,42,"biggrid50-goal(9,45)",task1,130,12830720,0.8897956609725952,0.668371810881092
baseline,42,"biggrid50-goal(9,45)",task1,140,12840960,0.9989794492721558,0.9969289467840753
baseline,42,"biggrid50-goal(9,45)",task1,150,12851200,0.9591835141181946,0.8771745521216311
baseline,42,"biggrid50-goal(9,45)",task1,160,12861440,0.9122447967529297,0.7359260134816402
baseline,42,"biggrid50-goal(9,45)",task1,170,12871680,0.9775508046150208,0.9324456180364559
baseline,42,"biggrid50-goal(9,45)",task1,180,12881920,0.9734691381454468,0.9201630194397202
baseline,42,"biggrid50-goal(9,45)",task1,190,12892160,0.9306122064590454,0.7911974381224569
baseline,42,"biggrid50-goal(9,45)",task1,200,12902400,0.948979377746582,0.8464681453112899
baseline,43,"biggrid50-goal(9,38)",task1,10,12912640,0.833673357963562,0.44683211297993863
baseline,43,"biggrid50-goal(9,38)",task1,20,12922880,0.833673357963562,0.44683211297993863
baseline,43,"biggrid50-goal(9,38)",task1,30,12933120,0.833673357963562,0.44683211297993863
baseline,43,"biggrid50-goal(9,38)",task1,40,12943360,0.833673357963562,0.44683211297993863
baseline,43,"biggrid50-goal(9,38)",task1,50,12953600,0.8346937894821167,0.45022585639985274
baseline,43,"biggrid50-goal(9,38)",task1,60,12963840,0.8397957682609558,0.46719397880139407
baseline,43,"biggrid50-goal(9,38)",task1,70,12974080,0.9346936941146851,0.7828047822443784
baseline,43,"biggrid50-goal(9,38)",task1,80,12984320,0.8734692335128784,0.5791849346337661
baseline,43,"biggrid50-goal(9,38)",task1,90,12994560,0.8357141613960266,0.45361940158709047
baseline,43,"biggrid50-goal(9,38)",task1,100,13004800,0.8459182977676392,0.4875562410882022
baseline,43,"biggrid50-goal(9,38)",task1,110,13015040,0.8489794731140137,0.4977370748825917
baseline,43,"biggrid50-goal(9,38)",task1,120,13025280,0.851020336151123,0.5045245617224199
baseline,43,"biggrid50-goal(9,38)",task1,130,13035520,0.851020336151123,0.5045245617224199
baseline,43,"biggrid50-goal(9,38)",task1,140,13045760,0.8836734890937805,0.6131221706002307
baseline,43,"biggrid50-goal(9,38)",task1,150,13056000,0.8500000238418579,0.5011312147678586
baseline,43,"biggrid50-goal(9,38)",task1,160,13066240,0.9826529622077942,0.9423073530248424
baseline,43,"biggrid50-goal(9,38)",task1,170,13076480,0.9551018476486206,0.8506780647812493
baseline,43,"biggrid50-goal(9,38)",task1,180,13086720,0.9428569674491882,0.809954134905662
baseline,43,"biggrid50-goal(9,38)",task1,190,13096960,0.9520406723022461,0.8404972309868598
baseline,43,"biggrid50-goal(9,38)",task1,200,13107200,0.9663263559341431,0.8880084494695988
baseline,43,"biggrid50-goal(9,38)",task1,210,13117440,0.8887754678726196,0.630090293001772
baseline,43,"biggrid50-goal(9,38)",task1,220,13127680,0.8499999046325684,0.5011308183025058
baseline,43,"biggrid50-goal(9,38)",task1,230,13137920,0.8540815114974976,0.5147053955168094
baseline,43,"biggrid50-goal(9,38)",task1,240,13148160,0.9581631422042847,0.8608592950409916
baseline,43,"biggrid50-goal(9,38)",task1,250,13158400,0.9714285135269165,0.9049771665691693
baseline,44,"biggrid50-goal(9,3)",task1,10,13168640,0.6377550363540649,-0.04003923680579407
baseline,44,"biggrid50-goal(9,3)",task1,20,13178880,0.6377550363540649,-0.04003923680579407
baseline,44,"biggrid50-goal(9,3)",task1,30,13189120,0.6377550363540649,-0.04003923680579407
baseline,44,"biggrid50-goal(9,3)",task1,40,13199360,0.6224489808082581,-0.08398435661683859
baseline,44,"biggrid50-goal(9,3)",task1,50,13209600,0.6224489808082581,-0.08398435661683859
baseline,44,"biggrid50-goal(9,3)",task1,60,13219840,0.6224489808082581,-0.08398435661683859
baseline,44,"biggrid50-goal(9,3)",task1,70,13230080,0.6346938610076904,-0.04882815808969053
baseline,44,"biggrid50-goal(9,3)",task1,80,13240320,0.6224489808082581,-0.08398435661683859
baseline,44,"biggrid50-goal(9,3)",task1,90,13250560,0.6224489808082581,-0.08398435661683859
baseline,44,"biggrid50-goal(9,3)",task1,100,13260800,0.6224489808082581,-0.08398435661683859
baseline,44,"biggrid50-goal(9,3)",task1,110,13271040,0.6224489808082581,-0.08398435661683859
baseline,44,"biggrid50-goal(9,3)",task1,120,13281280,0.6224489808082581,-0.08398435661683859
baseline,44,"biggrid50-goal(9,3)",task1,130,13291520,0.6663264632225037,0.04199200717789856
baseline,44,"biggrid50-goal(9,3)",task1,140,13301760,0.6255101561546326,-0.07519543533294212
baseline,44,"biggrid50-goal(9,3)",task1,150,13312000,0.6673468947410583,0.04492176169287787
baseline,44,"biggrid50-goal(9,3)",task1,160,13322240,0.6887754797935486,0.10644523746327753
baseline,44,"biggrid50-goal(9,3)",task1,170,13332480,0.6489795446395874,-0.007812621663104586
baseline,44,"biggrid50-goal(9,3)",task1,180,13342720,0.6959183216094971,0.1269530056765705
baseline,44,"biggrid50-goal(9,3)",task1,190,13352960,0.6795917749404907,0.08007796022002593
baseline,44,"biggrid50-goal(9,3)",task1,200,13363200,0.6846938133239746,0.09472639053388102
baseline,44,"biggrid50-goal(9,3)",task1,210,13373440,0.7030611634254456,0.14746077388986348
baseline,44,"biggrid50-goal(9,3)",task1,220,13383680,0.6918367147445679,0.11523432987769473
baseline,44,"biggrid50-goal(9,3)",task1,230,13393920,0.6918367147445679,0.11523432987769473
baseline,44,"biggrid50-goal(9,3)",task1,240,13404160,0.6897958517074585,0.1093748208477361
baseline,44,"biggrid50-goal(9,3)",task1,250,13414400,0.6918367147445679,0.11523432987769473
baseline,44,"biggrid50-goal(9,3)",task1,260,13424640,0.668367326259613,0.047851516207857187
baseline,44,"biggrid50-goal(9,3)",task1,270,13434880,0.6897958517074585,0.1093748208477361
baseline,44,"biggrid50-goal(9,3)",task1,280,13445120,0.6663265228271484,0.041992178308419295
baseline,44,"biggrid50-goal(9,3)",task1,290,13455360,0.672448992729187,0.059570363137253696
baseline,44,"biggrid50-goal(9,3)",task1,300,13465600,0.6734693646430969,0.06249994652171227
baseline,44,"biggrid50-goal(9,3)",task1,310,13475840,0.6734693646430969,0.06249994652171227
baseline,44,"biggrid50-goal(9,3)",task1,320,13486080,0.6673468947410583,0.04492176169287787
baseline,44,"biggrid50-goal(9,3)",task1,330,13496320,0.6714285612106323,0.05664060862227438
baseline,44,"biggrid50-goal(9,3)",task1,340,13506560,0.6530611515045166,0.0039060541357711902
baseline,44,"biggrid50-goal(9,3)",task1,350,13516800,0.646938681602478,-0.013672130693063207
baseline,44,"biggrid50-goal(9,3)",task1,360,13527040,0.6581631898880005,0.018554484449626277
baseline,44,"biggrid50-goal(9,3)",task1,370,13537280,0.6581631898880005,0.018554484449626277
baseline,44,"biggrid50-goal(9,3)",task1,380,13547520,0.7408162951469421,0.2558592951168077
baseline,44,"biggrid50-goal(9,3)",task1,390,13557760,0.6806122064590454,0.08300771473500525
baseline,44,"biggrid50-goal(9,3)",task1,400,13568000,0.7336734533309937,0.23535152690351474
baseline,44,"biggrid50-goal(9,3)",task1,410,13578240,0.7336734533309937,0.23535152690351474
baseline,44,"biggrid50-goal(9,3)",task1,420,13588480,0.6632652878761292,0.033203085894002095
baseline,44,"biggrid50-goal(9,3)",task1,430,13598720,0.6734693646430969,0.06249994652171227
baseline,44,"biggrid50-goal(9,3)",task1,440,13608960,0.6673468947410583,0.04492176169287787
baseline,44,"biggrid50-goal(9,3)",task1,450,13619200,0.6775509715080261,0.07421862232058804
baseline,44,"biggrid50-goal(9,3)",task1,460,13629440,0.6704081296920776,0.05371085410729507
baseline,44,"biggrid50-goal(9,3)",task1,470,13639680,0.6734693646430969,0.06249994652171227
baseline,44,"biggrid50-goal(9,3)",task1,480,13649920,0.6734693646430969,0.06249994652171227
baseline,44,"biggrid50-goal(9,3)",task1,490,13660160,0.6734693646430969,0.06249994652171227
baseline,44,"biggrid50-goal(9,3)",task1,500,13670400,0.668367326259613,0.047851516207857187
baseline,45,"biggrid50-goal(40,24)",task1,10,13680640,0.7765306234359741,0.21223024379256317
baseline,45,"biggrid50-goal(40,24)",task1,20,13690880,0.8387754559516907,0.4316544767233331
baseline,45,"biggrid50-goal(40,24)",task1,30,13701120,0.8387754559516907,0.4316544767233331
baseline,45,"biggrid50-goal(40,24)",task1,40,13711360,0.8387754559516907,0.4316544767233331
baseline,45,"biggrid50-goal(40,24)",task1,50,13721600,0.8387754559516907,0.4316544767233331
baseline,45,"biggrid50-goal(40,24)",task1,60,13731840,0.8387754559516907,0.4316544767233331
baseline,45,"biggrid50-goal(40,24)",task1,70,13742080,0.8387754559516907,0.4316544767233331
baseline,45,"biggrid50-goal(40,24)",task1,80,13752320,0.8387754559516907,0.4316544767233331
baseline,45,"biggrid50-goal(40,24)",task1,90,13762560,0.8918366432189941,0.6187047079466916
baseline,45,"biggrid50-goal(40,24)",task1,100,13772800,0.9255101084709167,0.7374097310690274
baseline,45,"biggrid50-goal(40,24)",task1,110,13783040,0.9438773989677429,0.8021577344838505
baseline,45,"biggrid50-goal(40,24)",task1,120,13793280,0.9224489331245422,0.7266185372446211
baseline,45,"biggrid50-goal(40,24)",task1,130,13803520,0.8969386219978333,0.636690101026401
baseline,45,"biggrid50-goal(40,24)",task1,140,13813760,0.9836733937263489,0.9424457756062876
baseline,45,"biggrid50-goal(40,24)",task1,150,13824000,0.9663264155387878,0.8812945566434719
baseline,45,"biggrid50-goal(40,24)",task1,160,13834240,0.9857142567634583,0.9496401849786867
baseline,45,"biggrid50-goal(40,24)",task1,170,13844480,0.9999998807907104,0.9999995797658077
baseline,45,"biggrid50-goal(40,24)",task1,180,13854720,0.9795916676521301,0.9280569568614894
baseline,45,"biggrid50-goal(40,24)",task1,190,13864960,0.988775372505188,0.960431168685997
baseline,45,"biggrid50-goal(40,24)",task1,200,13875200,0.9693876504898071,0.8920859605849744
baseline,46,"biggrid50-goal(33,31)",task1,10,13885440,0.8122448921203613,0.1428570651119494
baseline,46,"biggrid50-goal(33,31)",task1,20,13895680,0.86530601978302,0.3850926623581058
baseline,46,"biggrid50-goal(33,31)",task1,30,13905920,0.86530601978302,0.3850926623581058
baseline,46,"biggrid50-goal(33,31)",task1,40,13916160,0.86530601978302,0.3850926623581058
baseline,46,"biggrid50-goal(33,31)",task1,50,13926400,0.9244897961616516,0.6552794836692917
baseline,46,"biggrid50-goal(33,31)",task1,60,13936640,0.9357141256332397,0.7065209908329476
baseline,46,"biggrid50-goal(33,31)",task1,70,13946880,0.9397957921028137,0.7251546866960054
baseline,46,"biggrid50-goal(33,31)",task1,80,13957120,0.8714284896850586,0.41304307009860386
baseline,46,"biggrid50-goal(33,31)",task1,90,13967360,0.8714284896850586,0.41304307009860386
baseline,46,"biggrid50-goal(33,31)",task1,100,13977600,0.9020407795906067,0.552794836692917
baseline,46,"biggrid50-goal(33,31)",task1,110,13987840,0.9346936941146851,0.7018624988401388
baseline,46,"biggrid50-goal(33,31)",task1,120,13998080,0.9132652282714844,0.6040368880729272
baseline,46,"biggrid50-goal(33,31)",task1,130,14008320,0.9397957921028137,0.7251546866960054
baseline,46,"biggrid50-goal(33,31)",task1,140,14018560,0.9499999284744263,0.7717387902995612
baseline,46,"biggrid50-goal(33,31)",task1,150,14028800,0.9397957921028137,0.7251546866960054
baseline,47,"biggrid50-goal(46,45)",task1,10,14039040,0.7816325426101685,0.4999997952831323
baseline,47,"biggrid50-goal(46,45)",task1,20,14049280,0.7816325426101685,0.4999997952831323
baseline,47,"biggrid50-goal(46,45)",task1,30,14059520,0.7816325426101685,0.4999997952831323
baseline,47,"biggrid50-goal(46,45)",task1,40,14069760,0.7816325426101685,0.4999997952831323
baseline,47,"biggrid50-goal(46,45)",task1,50,14080000,0.7836733460426331,0.5046726625052732
baseline,47,"biggrid50-goal(46,45)",task1,60,14090240,0.8030611276626587,0.5490652423103909
baseline,47,"biggrid50-goal(46,45)",task1,70,14100480,0.8030611276626587,0.5490652423103909
baseline,47,"biggrid50-goal(46,45)",task1,80,14110720,0.8744896054267883,0.7126164139527921
baseline,47,"biggrid50-goal(46,45)",task1,90,14120960,0.7816325426101685,0.4999997952831323
baseline,47,"biggrid50-goal(46,45)",task1,100,14131200,0.7816325426101685,0.4999997952831323
baseline,47,"biggrid50-goal(46,45)",task1,110,14141440,0.7816325426101685,0.4999997952831323
baseline,47,"biggrid50-goal(46,45)",task1,120,14151680,0.7816325426101685,0.4999997952831323
baseline,47,"biggrid50-goal(46,45)",task1,130,14161920,0.883673369884491,0.7336446576472054
baseline,47,"biggrid50-goal(46,45)",task1,140,14172160,0.8030611276626587,0.5490652423103909
baseline,47,"biggrid50-goal(46,45)",task1,150,14182400,0.8030611276626587,0.5490652423103909
baseline,47,"biggrid50-goal(46,45)",task1,160,14192640,0.8122447729110718,0.5700932130489806
baseline,47,"biggrid50-goal(46,45)",task1,170,14202880,0.802040696144104,0.5467287404603646
baseline,47,"biggrid50-goal(46,45)",task1,180,14213120,0.8071427345275879,0.5584109767546727
baseline,47,"biggrid50-goal(46,45)",task1,190,14223360,0.851020336151123,0.6588783726592161
baseline,47,"biggrid50-goal(46,45)",task1,200,14233600,0.9999998807907104,0.9999997270441764
baseline,47,"biggrid50-goal(46,45)",task1,210,14243840,0.8826529383659363,0.7313081557971791
baseline,47,"biggrid50-goal(46,45)",task1,220,14254080,0.9999998807907104,0.9999997270441764
baseline,47,"biggrid50-goal(46,45)",task1,230,14264320,0.9999998807907104,0.9999997270441764
baseline,47,"biggrid50-goal(46,45)",task1,240,14274560,0.9346938133239746,0.8504671570681979
baseline,47,"biggrid50-goal(46,45)",task1,250,14284800,0.9999998807907104,0.9999997270441764
baseline,47,"biggrid50-goal(46,45)",task1,260,14295040,0.9999998807907104,0.9999997270441764
baseline,47,"biggrid50-goal(46,45)",task1,270,14305280,0.9999998807907104,0.9999997270441764
baseline,47,"biggrid50-goal(46,45)",task1,280,14315520,0.9999998807907104,0.9999997270441764
baseline,47,"biggrid50-goal(46,45)",task1,290,14325760,0.9336732625961304,0.8481303822623479
baseline,47,"biggrid50-goal(46,45)",task1,300,14336000,0.9999998211860657,0.9999995905662646
baseline,48,"biggrid50-goal(3,38)",task1,10,14346240,0.8071427345275879,0.43072253862353993
baseline,48,"biggrid50-goal(3,38)",task1,20,14356480,0.8061223030090332,0.42771042153804467
baseline,48,"biggrid50-goal(3,38)",task1,30,14366720,0.8061223030090332,0.42771042153804467
baseline,48,"biggrid50-goal(3,38)",task1,40,14376960,0.8061223030090332,0.42771042153804467
baseline,48,"biggrid50-goal(3,38)",task1,50,14387200,0.8061223030090332,0.42771042153804467
baseline,48,"biggrid50-goal(3,38)",task1,60,14397440,0.8061223030090332,0.42771042153804467
baseline,48,"biggrid50-goal(3,38)",task1,70,14407680,0.8051019906997681,0.42469865633538656
baseline,48,"biggrid50-goal(3,38)",task1,80,14417920,0.8061223030090332,0.42771042153804467
baseline,48,"biggrid50-goal(3,38)",task1,90,14428160,0.7602039575576782,0.2921683196362939
baseline,48,"biggrid50-goal(3,38)",task1,100,14438400,0.8132652044296265,0.4487948892536741
baseline,48,"biggrid50-goal(3,38)",task1,110,14448640,0.7806121110916138,0.35240925381484983
baseline,48,"biggrid50-goal(3,38)",task1,120,14458880,0.7724488973617554,0.3283130208965623
baseline,48,"biggrid50-goal(3,38)",task1,130,14469120,0.6897958517074585,0.08433716709684344
baseline,48,"biggrid50-goal(3,38)",task1,140,14479360,0.6295918226242065,-0.09337351835332908
baseline,48,"biggrid50-goal(3,38)",task1,150,14489600,0.6418367028236389,-0.05722899303447924
baseline,48,"biggrid50-goal(3,38)",task1,160,14499840,0.6744897961616516,0.03915664240434505
baseline,48,"biggrid50-goal(3,38)",task1,170,14510080,0.68265300989151,0.06325287532263257
baseline,48,"biggrid50-goal(3,38)",task1,180,14520320,0.7428570985794067,0.24096373671422364
baseline,48,"biggrid50-goal(3,38)",task1,190,14530560,0.7653059959411621,0.3072285531809329
baseline,48,"biggrid50-goal(3,38)",task1,200,14540800,0.8418365716934204,0.5331320563505175
baseline,48,"biggrid50-goal(3,38)",task1,210,14551040,0.7591835856437683,0.28915637849221726
baseline,48,"biggrid50-goal(3,38)",task1,220,14561280,0.6989794969558716,0.11144551710062618
baseline,48,"biggrid50-goal(3,38)",task1,230,14571520,0.6622448563575745,0.0030119411440766683
baseline,48,"biggrid50-goal(3,38)",task1,240,14581760,0.651020348072052,-0.0301206430306965
baseline,48,"biggrid50-goal(3,38)",task1,250,14592000,0.6000000238418579,-0.18072280253566772
baseline,48,"biggrid50-goal(3,38)",task1,260,14602240,0.5928571820259094,-0.2018070943098786
baseline,48,"biggrid50-goal(3,38)",task1,270,14612480,0.6234694123268127,-0.11144569304204473
baseline,48,"biggrid50-goal(3,38)",task1,280,14622720,0.6102040410041809,-0.1506025113878083
baseline,48,"biggrid50-goal(3,38)",task1,290,14632960,0.613265335559845,-0.14156616013132267
baseline,48,"biggrid50-goal(3,38)",task1,300,14643200,0.6836733818054199,0.06626481646670924
baseline,48,"biggrid50-goal(3,38)",task1,310,14653440,0.7846937775611877,0.3644575462154121
baseline,48,"biggrid50-goal(3,38)",task1,320,14663680,0.784693717956543,0.36445737027399355
baseline,48,"biggrid50-goal(3,38)",task1,330,14673920,0.8908160924911499,0.6777101576259169
baseline,48,"biggrid50-goal(3,38)",task1,340,14684160,0.8581631779670715,0.5813250500113483
baseline,48,"biggrid50-goal(3,38)",task1,350,14694400,0.8826529383659363,0.6536141006490479
baseline,48,"biggrid50-goal(3,38)",task1,360,14704640,0.8357141613960266,0.5150598816618018
baseline,48,"biggrid50-goal(3,38)",task1,370,14714880,0.6744897961616516,0.03915664240434505
baseline,48,"biggrid50-goal(3,38)",task1,380,14725120,0.6683672666549683,0.021084115832792315
baseline,48,"biggrid50-goal(3,38)",task1,390,14735360,0.6734693646430969,0.03614452531884984
baseline,48,"biggrid50-goal(3,38)",task1,400,14745600,0.6857142448425293,0.07228905063769968
baseline,48,"biggrid50-goal(3,38)",task1,410,14755840,0.6857142448425293,0.07228905063769968
baseline,48,"biggrid50-goal(3,38)",task1,420,14766080,0.6826530694961548,0.06325305126405112
baseline,48,"biggrid50-goal(3,38)",task1,430,14776320,0.6755101084709167,0.042168407607003175
baseline,48,"biggrid50-goal(3,38)",task1,440,14786560,0.7326529622077942,0.21084309368352713
baseline,48,"biggrid50-goal(3,38)",task1,450,14796800,0.6826529502868652,0.06325269938121403
baseline,48,"biggrid50-goal(3,38)",task1,460,14807040,0.738775372505188,0.22891526837224277
baseline,48,"biggrid50-goal(3,38)",task1,470,14817280,0.6928570866584778,0.09337334241191053
baseline,48,"biggrid50-goal(3,38)",task1,480,14827520,0.6918366551399231,0.09036122532641531
baseline,48,"biggrid50-goal(3,38)",task1,490,14837760,0.7204080820083618,0.1746985683646773
baseline,48,"biggrid50-goal(3,38)",task1,500,14848000,0.7448979020118713,0.24698779494379552
baseline,49,"biggrid50-goal(46,3)",task1,10,14858240,0.7602039575576782,0.3311191983492413
baseline,49,"biggrid50-goal(46,3)",task1,20,14868480,0.7602039575576782,0.3311191983492413
baseline,49,"biggrid50-goal(46,3)",task1,30,14878720,0.7663264274597168,0.34819705557510955
baseline,49,"biggrid50-goal(46,3)",task1,40,14888960,0.8051018714904785,0.4563562638068236
baseline,49,"biggrid50-goal(46,3)",task1,50,14899200,0.7602039575576782,0.3311191983492413
baseline,49,"biggrid50-goal(46,3)",task1,60,14909440,0.7602039575576782,0.3311191983492413
baseline,49,"biggrid50-goal(46,3)",task1,70,14919680,0.7602039575576782,0.3311191983492413
baseline,49,"biggrid50-goal(46,3)",task1,80,14929920,0.7602039575576782,0.3311191983492413
baseline,49,"biggrid50-goal(46,3)",task1,90,14940160,0.8765304684638977,0.6555973218232897
baseline,49,"biggrid50-goal(46,3)",task1,100,14950400,0.8153060078620911,0.48481941460314903
baseline,49,"biggrid50-goal(46,3)",task1,110,14960640,0.9102039337158203,0.749525204046294
baseline,49,"biggrid50-goal(46,3)",task1,120,14970880,0.8877550363540649,0.6869068375771382
baseline,49,"biggrid50-goal(46,3)",task1,130,14981120,0.8530610799789429,0.5901324241369753
baseline,49,"biggrid50-goal(46,3)",task1,140,14991360,0.9999998807907104,0.9999996674807292
baseline,49,"biggrid50-goal(46,3)",task1,150,15001600,0.8989794850349426,0.7182160208117161
baseline,49,"biggrid50-goal(46,3)",task1,160,15011840,0.9357142448425293,0.8206829979072899
baseline,49,"biggrid50-goal(46,3)",task1,170,15022080,0.9999998807907104,0.9999996674807292
baseline,49,"biggrid50-goal(46,3)",task1,180,15032320,0.8612244725227356,0.6129031775375252
baseline,49,"biggrid50-goal(46,3)",task1,190,15042560,0.8540814518928528,0.5929786228348631
baseline,49,"biggrid50-goal(46,3)",task1,200,15052800,0.8040815591812134,0.45351023136857116
baseline,49,"biggrid50-goal(46,3)",task1,210,15063040,0.8479589223861694,0.5759005993493596
baseline,49,"biggrid50-goal(46,3)",task1,220,15073280,0.8173467516899109,0.49051181199892463
baseline,49,"biggrid50-goal(46,3)",task1,230,15083520,0.7683672904968262,0.3538897854901559
baseline,49,"biggrid50-goal(46,3)",task1,240,15093760,0.7438775300979614,0.2855786891059538
baseline,49,"biggrid50-goal(46,3)",task1,250,15104000,0.6755101084709167,0.09487639344278649
baseline,49,"biggrid50-goal(46,3)",task1,260,15114240,0.6591836214065552,0.049335717939863556
baseline,49,"biggrid50-goal(46,3)",task1,270,15124480,0.669387698173523,0.07779870247655366
baseline,49,"biggrid50-goal(46,3)",task1,280,15134720,0.6795918345451355,0.10626185327287911
baseline,49,"biggrid50-goal(46,3)",task1,290,15144960,0.6561223864555359,0.040796789326929456
baseline,49,"biggrid50-goal(46,3)",task1,300,15155200,0.6714285612106323,0.08349143239159997
baseline,49,"biggrid50-goal(46,3)",task1,310,15165440,0.7061223983764648,0.18026551331249213
baseline,49,"biggrid50-goal(46,3)",task1,320,15175680,0.7632652521133423,0.3396582932218108
baseline,49,"biggrid50-goal(46,3)",task1,330,15185920,0.7367345690727234,0.26565430066292706
baseline,49,"biggrid50-goal(46,3)",task1,340,15196160,0.77448970079422,0.37096747645638867
baseline,49,"biggrid50-goal(46,3)",task1,350,15206400,0.745918333530426,0.29127125276136473
baseline,49,"biggrid50-goal(46,3)",task1,360,15216640,0.7602039575576782,0.3311191983492413
baseline,49,"biggrid50-goal(46,3)",task1,370,15226880,0.7510203719139099,0.30550274502970975
baseline,49,"biggrid50-goal(46,3)",task1,380,15237120,0.7622447609901428,0.3368117620046523
baseline,49,"biggrid50-goal(46,3)",task1,390,15247360,0.7928571105003357,0.4222010481339933
baseline,49,"biggrid50-goal(46,3)",task1,400,15257600,0.7918366193771362,0.4193545169168348
baseline,49,"biggrid50-goal(46,3)",task1,410,15267840,0.7775509357452393,0.37950640506932276
baseline,49,"biggrid50-goal(46,3)",task1,420,15278080,0.7908162474632263,0.41650831821894696
baseline,49,"biggrid50-goal(46,3)",task1,430,15288320,0.7642856240272522,0.3425044919196986
baseline,49,"biggrid50-goal(46,3)",task1,440,15298560,0.7499998807907104,0.30265621381255126
baseline,49,"biggrid50-goal(46,3)",task1,450,15308800,0.7551019787788391,0.3168878723405317
baseline,49,"biggrid50-goal(46,3)",task1,460,15319040,0.7275509238243103,0.2400376810837601
baseline,49,"biggrid50-goal(46,3)",task1,470,15329280,0.7091835737228394,0.18880427566579086
baseline,49,"biggrid50-goal(46,3)",task1,480,15339520,0.6969387531280518,0.1546488937333252
baseline,49,"biggrid50-goal(46,3)",task1,490,15349760,0.7071428298950195,0.1831118782700153
baseline,49,"biggrid50-goal(46,3)",task1,500,15360000,0.6908162832260132,0.137571036507457
