method,after_task,after_task_name,eval_task,eval_task_name,raw,normalized
cka_rl,0,"biggrid50-goal(40,31)",0,"biggrid50-goal(40,31)",0.938775360584259,0.8224847561370774
cka_rl,1,"biggrid50-goal(9,31)",0,"biggrid50-goal(40,31)",0.8489795327186584,0.5621299637928553
cka_rl,1,"biggrid50-goal(9,31)",1,"biggrid50-goal(9,31)",0.9445577263832092,0.7457094117100296
cka_rl,2,"biggrid50-goal(15,31)",0,"biggrid50-goal(40,31)",0.8010203242301941,0.4230766239684697
cka_rl,2,"biggrid50-goal(15,31)",1,"biggrid50-goal(9,31)",0.9323128461837769,0.6895472526511185
cka_rl,2,"biggrid50-goal(15,31)",2,"biggrid50-goal(15,31)",0.9527209997177124,0.7807566343637807
cka_rl,3,"biggrid50-goal(9,24)",0,"biggrid50-goal(40,31)",0.7595237493515015,0.30276109937963447
cka_rl,3,"biggrid50-goal(9,24)",1,"biggrid50-goal(9,31)",0.8908162713050842,0.4992197687738013
cka_rl,3,"biggrid50-goal(9,24)",2,"biggrid50-goal(15,31)",0.9598638415336609,0.8138795995404018
cka_rl,3,"biggrid50-goal(9,24)",3,"biggrid50-goal(9,24)",0.9853740334510803,0.9122442739355663
cka_rl,4,"biggrid50-goal(21,17)",0,"biggrid50-goal(40,31)",0.8091835379600525,0.44674511576833165
cka_rl,4,"biggrid50-goal(21,17)",1,"biggrid50-goal(9,31)",0.9068025946617126,0.5725423673210512
cka_rl,4,"biggrid50-goal(21,17)",2,"biggrid50-goal(15,31)",0.8976190090179443,0.5252363014011
cka_rl,4,"biggrid50-goal(21,17)",3,"biggrid50-goal(9,24)",0.9425169229507446,0.6551018255099322
cka_rl,4,"biggrid50-goal(21,17)",4,"biggrid50-goal(21,17)",0.8034012913703918,0.2959802487307543
cka_rl,5,"biggrid50-goal(27,3)",0,"biggrid50-goal(40,31)",0.745918333530426,0.2633134402283136
cka_rl,5,"biggrid50-goal(27,3)",1,"biggrid50-goal(9,31)",0.9132652878761292,0.6021840459937287
cka_rl,5,"biggrid50-goal(27,3)",2,"biggrid50-goal(15,31)",0.8244897723197937,0.18611957125913814
cka_rl,5,"biggrid50-goal(27,3)",3,"biggrid50-goal(9,24)",0.8380952477455139,0.02857229709552769
cka_rl,5,"biggrid50-goal(27,3)",4,"biggrid50-goal(21,17)",0.7768707275390625,0.20097432992406083
cka_rl,5,"biggrid50-goal(27,3)",5,"biggrid50-goal(27,3)",0.9030610918998718,0.6594977651442905
cka_rl,6,"biggrid50-goal(3,31)",0,"biggrid50-goal(40,31)",0.7408162951469421,0.24852054644429108
cka_rl,6,"biggrid50-goal(3,31)",1,"biggrid50-goal(9,31)",0.9326528906822205,0.691106894958569
cka_rl,6,"biggrid50-goal(3,31)",2,"biggrid50-goal(15,31)",0.8887754678726196,0.48422681064903456
cka_rl,6,"biggrid50-goal(3,31)",3,"biggrid50-goal(9,24)",0.9632651209831238,0.7795909098224201
cka_rl,6,"biggrid50-goal(3,31)",4,"biggrid50-goal(21,17)",0.8013604879379272,0.2886721339678032
cka_rl,6,"biggrid50-goal(3,31)",5,"biggrid50-goal(27,3)",0.7585033774375916,0.15173235077425937
cka_rl,6,"biggrid50-goal(3,31)",6,"biggrid50-goal(3,31)",0.9799318313598633,0.9210168568280394
cka_rl,7,"biggrid50-goal(33,10)",0,"biggrid50-goal(40,31)",0.7914965152740479,0.3954632107170798
cka_rl,7,"biggrid50-goal(33,10)",1,"biggrid50-goal(9,31)",0.910544216632843,0.5897036269543371
cka_rl,7,"biggrid50-goal(33,10)",2,"biggrid50-goal(15,31)",0.832312822341919,0.22239681498575295
cka_rl,7,"biggrid50-goal(33,10)",3,"biggrid50-goal(9,24)",0.8829930424690247,0.29795884064294287
cka_rl,7,"biggrid50-goal(33,10)",4,"biggrid50-goal(21,17)",0.7816325426101685,0.218026384260115
cka_rl,7,"biggrid50-goal(33,10)",5,"biggrid50-goal(27,3)",0.8704081177711487,0.5448027383132508
cka_rl,7,"biggrid50-goal(33,10)",6,"biggrid50-goal(3,31)",0.8972788453102112,0.5957159911729027
cka_rl,7,"biggrid50-goal(33,10)",7,"biggrid50-goal(33,10)",0.9482991695404053,0.7994717440883309
cka_rl,8,"biggrid50-goal(27,45)",0,"biggrid50-goal(40,31)",0.8751699924468994,0.6380668070296229
cka_rl,8,"biggrid50-goal(27,45)",1,"biggrid50-goal(9,31)",0.877210795879364,0.4368171268135455
cka_rl,8,"biggrid50-goal(27,45)",2,"biggrid50-goal(15,31)",0.8666666150093079,0.38170308376887085
cka_rl,8,"biggrid50-goal(27,45)",3,"biggrid50-goal(9,24)",0.8489795327186584,0.09387795243910943
cka_rl,8,"biggrid50-goal(27,45)",4,"biggrid50-goal(21,17)",0.758163332939148,0.13398317120826045
cka_rl,8,"biggrid50-goal(27,45)",5,"biggrid50-goal(27,3)",0.7619047164916992,0.16367970578499869
cka_rl,8,"biggrid50-goal(27,45)",6,"biggrid50-goal(3,31)",0.8503400683403015,0.4109770541920619
cka_rl,8,"biggrid50-goal(27,45)",7,"biggrid50-goal(33,10)",0.8608842492103577,0.4604218418214541
cka_rl,8,"biggrid50-goal(27,45)",8,"biggrid50-goal(27,45)",0.6993196606636047,0.14999988205158793
cka_rl,9,"biggrid50-goal(21,45)",0,"biggrid50-goal(40,31)",0.8642855286598206,0.6065082995084877
cka_rl,9,"biggrid50-goal(21,45)",1,"biggrid50-goal(9,31)",0.878911554813385,0.44461779878563873
cka_rl,9,"biggrid50-goal(21,45)",2,"biggrid50-goal(15,31)",0.9149659276008606,0.6056778672300808
cka_rl,9,"biggrid50-goal(21,45)",3,"biggrid50-goal(9,24)",0.8755101561546326,0.2530615602218006
cka_rl,9,"biggrid50-goal(21,45)",4,"biggrid50-goal(21,17)",0.7615646123886108,0.14616314903568062
cka_rl,9,"biggrid50-goal(21,45)",5,"biggrid50-goal(27,3)",0.7574829459190369,0.148148039589052
cka_rl,9,"biggrid50-goal(21,45)",6,"biggrid50-goal(3,31)",0.8707481622695923,0.4912980557537177
cka_rl,9,"biggrid50-goal(21,45)",7,"biggrid50-goal(33,10)",0.8697278499603271,0.4947228737121595
cka_rl,9,"biggrid50-goal(21,45)",8,"biggrid50-goal(27,45)",0.7197278141975403,0.2076921573404857
cka_rl,9,"biggrid50-goal(21,45)",9,"biggrid50-goal(21,45)",0.9472787976264954,0.8218387181306697
cka_rl,10,"biggrid50-goal(33,3)",0,"biggrid50-goal(40,31)",0.8037413954734802,0.4309661212350903
cka_rl,10,"biggrid50-goal(33,3)",1,"biggrid50-goal(9,31)",0.8795918226242065,0.4477379035454866
cka_rl,10,"biggrid50-goal(33,3)",2,"biggrid50-goal(15,31)",0.8792517185211182,0.4400630413469753
cka_rl,10,"biggrid50-goal(33,3)",3,"biggrid50-goal(9,24)",0.9435373544692993,0.6612244095121781
cka_rl,10,"biggrid50-goal(33,3)",4,"biggrid50-goal(21,17)",0.7789114713668823,0.20828223124284695
cka_rl,10,"biggrid50-goal(33,3)",5,"biggrid50-goal(27,3)",0.8506801724433899,0.4755074511590494
cka_rl,10,"biggrid50-goal(33,3)",6,"biggrid50-goal(3,31)",0.9442175626754761,0.7804546935652131
cka_rl,10,"biggrid50-goal(33,3)",7,"biggrid50-goal(33,10)",0.896938681602478,0.6002635499953185
cka_rl,10,"biggrid50-goal(33,3)",8,"biggrid50-goal(27,45)",0.6969387531280518,0.14326924016621964
cka_rl,10,"biggrid50-goal(33,3)",9,"biggrid50-goal(21,45)",0.8710883259773254,0.5643675019190535
cka_rl,10,"biggrid50-goal(33,3)",10,"biggrid50-goal(33,3)",0.9241495132446289,0.7122574144772128
cka_rl,11,"biggrid50-goal(21,24)",0,"biggrid50-goal(40,31)",0.8153060078620911,0.4644966574364457
cka_rl,11,"biggrid50-goal(21,24)",1,"biggrid50-goal(9,31)",0.886734664440155,0.48049914021471396
cka_rl,11,"biggrid50-goal(21,24)",2,"biggrid50-goal(15,31)",0.8935373425483704,0.5063086953000642
cka_rl,11,"biggrid50-goal(21,24)",3,"biggrid50-goal(9,24)",0.9387754201889038,0.6326528276717909
cka_rl,11,"biggrid50-goal(21,24)",4,"biggrid50-goal(21,17)",0.7731292843818665,0.18757622624739972
cka_rl,11,"biggrid50-goal(21,24)",5,"biggrid50-goal(27,3)",0.7826529741287231,0.23655888539646522
cka_rl,11,"biggrid50-goal(21,24)",6,"biggrid50-goal(3,31)",0.9673468470573425,0.8714855999003468
cka_rl,11,"biggrid50-goal(21,24)",7,"biggrid50-goal(33,10)",0.9085032939910889,0.645118372093292
cka_rl,11,"biggrid50-goal(21,24)",8,"biggrid50-goal(27,45)",0.6989795565605164,0.14903843399556313
cka_rl,11,"biggrid50-goal(21,24)",9,"biggrid50-goal(21,45)",0.8789114356040955,0.5908042138406712
cka_rl,11,"biggrid50-goal(21,24)",10,"biggrid50-goal(33,3)",0.9469386339187622,0.7987090746453867
cka_rl,11,"biggrid50-goal(21,24)",11,"biggrid50-goal(21,24)",0.9625848531723022,0.8178799262377174
cka_rl,12,"biggrid50-goal(21,3)",0,"biggrid50-goal(40,31)",0.8442175388336182,0.5483229979398341
cka_rl,12,"biggrid50-goal(21,3)",1,"biggrid50-goal(9,31)",0.8948978185653687,0.5179401239512397
cka_rl,12,"biggrid50-goal(21,3)",2,"biggrid50-goal(15,31)",0.8741495609283447,0.41640318822048883
cka_rl,12,"biggrid50-goal(21,3)",3,"biggrid50-goal(9,24)",0.9527209997177124,0.7163262350221103
cka_rl,12,"biggrid50-goal(21,3)",4,"biggrid50-goal(21,17)",0.7884353399276733,0.24238719369161502
cka_rl,12,"biggrid50-goal(21,3)",5,"biggrid50-goal(27,3)",0.8499998450279236,0.47311777079293044
cka_rl,12,"biggrid50-goal(21,3)",6,"biggrid50-goal(3,31)",0.9302719831466675,0.7255684842507817
cka_rl,12,"biggrid50-goal(21,3)",7,"biggrid50-goal(33,10)",0.9493196606636047,0.8034298488864434
cka_rl,12,"biggrid50-goal(21,3)",8,"biggrid50-goal(27,45)",0.6976190805435181,0.1451924732737323
cka_rl,12,"biggrid50-goal(21,3)",9,"biggrid50-goal(21,45)",0.8591835498809814,0.5241375740303468
cka_rl,12,"biggrid50-goal(21,3)",10,"biggrid50-goal(33,3)",0.9404760599136353,0.7741929794571656
cka_rl,12,"biggrid50-goal(21,3)",11,"biggrid50-goal(21,24)",0.9088433980941772,0.5562907413016559
cka_rl,12,"biggrid50-goal(21,3)",12,"biggrid50-goal(21,3)",0.9564625024795532,0.8596488598696362
cka_rl,13,"biggrid50-goal(3,17)",0,"biggrid50-goal(40,31)",0.7622448205947876,0.3106505966462551
cka_rl,13,"biggrid50-goal(3,17)",1,"biggrid50-goal(9,31)",0.915306031703949,0.6115440868916233
cka_rl,13,"biggrid50-goal(3,17)",2,"biggrid50-goal(15,31)",0.8846939206123352,0.46529975734830537
cka_rl,13,"biggrid50-goal(3,17)",3,"biggrid50-goal(9,24)",0.9656461477279663,0.7938770583701839
cka_rl,13,"biggrid50-goal(3,17)",4,"biggrid50-goal(21,17)",0.7986394166946411,0.27892798095053517
cka_rl,13,"biggrid50-goal(3,17)",5,"biggrid50-goal(27,3)",0.753741443157196,0.1350058443952532
cka_rl,13,"biggrid50-goal(3,17)",6,"biggrid50-goal(3,31)",0.9867345094680786,0.9477904458190811
cka_rl,13,"biggrid50-goal(3,17)",7,"biggrid50-goal(33,10)",0.9629250168800354,0.8561999558438166
cka_rl,13,"biggrid50-goal(3,17)",8,"biggrid50-goal(27,45)",0.7149659395217896,0.19423070507201762
cka_rl,13,"biggrid50-goal(3,17)",9,"biggrid50-goal(21,45)",0.8690475225448608,0.5574709946467924
cka_rl,13,"biggrid50-goal(3,17)",10,"biggrid50-goal(33,3)",0.9357141256332397,0.7561283454575219
cka_rl,13,"biggrid50-goal(3,17)",11,"biggrid50-goal(21,24)",0.8887754678726196,0.4586091005202585
cka_rl,13,"biggrid50-goal(3,17)",12,"biggrid50-goal(21,3)",0.8319726586341858,0.45833292502191914
cka_rl,13,"biggrid50-goal(3,17)",13,"biggrid50-goal(3,17)",0.9639453887939453,0.8590418417100955
cka_rl,14,"biggrid50-goal(15,45)",0,"biggrid50-goal(40,31)",0.7700679302215576,0.3333329876968983
cka_rl,14,"biggrid50-goal(15,45)",1,"biggrid50-goal(9,31)",0.9119045734405518,0.5959430163290859
cka_rl,14,"biggrid50-goal(15,45)",2,"biggrid50-goal(15,31)",0.9051018953323364,0.5599361294525647
cka_rl,14,"biggrid50-goal(15,45)",3,"biggrid50-goal(9,24)",0.9482991695404053,0.6897952760974249
cka_rl,14,"biggrid50-goal(15,45)",4,"biggrid50-goal(21,17)",0.7989795207977295,0.2801458933556112
cka_rl,14,"biggrid50-goal(15,45)",5,"biggrid50-goal(27,3)",0.7387754917144775,0.08243727298402909
cka_rl,14,"biggrid50-goal(15,45)",6,"biggrid50-goal(3,31)",0.9537413120269775,0.8179377181526716
cka_rl,14,"biggrid50-goal(15,45)",7,"biggrid50-goal(33,10)",0.9098637700080872,0.650395151604823
cka_rl,14,"biggrid50-goal(15,45)",8,"biggrid50-goal(27,45)",0.6867347359657288,0.11442327101950227
cka_rl,14,"biggrid50-goal(15,45)",9,"biggrid50-goal(21,45)",0.916666567325592,0.7183905047790525
cka_rl,14,"biggrid50-goal(15,45)",10,"biggrid50-goal(33,3)",0.7884352803230286,0.19741873718503564
cka_rl,14,"biggrid50-goal(15,45)",11,"biggrid50-goal(21,24)",0.908843457698822,0.5562910314302061
cka_rl,14,"biggrid50-goal(15,45)",12,"biggrid50-goal(21,3)",0.7772108912467957,0.2817982841697569
cka_rl,14,"biggrid50-goal(15,45)",13,"biggrid50-goal(3,17)",0.9272107481956482,0.7154250584203075
cka_rl,14,"biggrid50-goal(15,45)",14,"biggrid50-goal(15,45)",0.9224488735198975,0.6775101678737079
cka_rl,15,"biggrid50-goal(3,24)",0,"biggrid50-goal(40,31)",0.8442175984382629,0.5483231707580516
cka_rl,15,"biggrid50-goal(3,24)",1,"biggrid50-goal(9,31)",0.9336733222007751,0.6957871887891653
cka_rl,15,"biggrid50-goal(3,24)",2,"biggrid50-goal(15,31)",0.9057822823524475,0.5630912372030183
cka_rl,15,"biggrid50-goal(3,24)",3,"biggrid50-goal(9,24)",0.9605440497398376,0.7632644959865246
cka_rl,15,"biggrid50-goal(3,24)",4,"biggrid50-goal(21,17)",0.7999999523162842,0.2838000574591692
cka_rl,15,"biggrid50-goal(3,24)",5,"biggrid50-goal(27,3)",0.7534013390541077,0.13381121357616482
cka_rl,15,"biggrid50-goal(3,24)",6,"biggrid50-goal(3,31)",0.9710882902145386,0.8862109565511544
cka_rl,15,"biggrid50-goal(3,24)",7,"biggrid50-goal(33,10)",0.8755102157592773,0.5171505159453527
cka_rl,15,"biggrid50-goal(3,24)",8,"biggrid50-goal(27,45)",0.6792516708374023,0.09326922331644649
cka_rl,15,"biggrid50-goal(3,24)",9,"biggrid50-goal(21,45)",0.9197276830673218,0.7287349635535936
cka_rl,15,"biggrid50-goal(3,24)",10,"biggrid50-goal(33,3)",0.7894557118415833,0.20128979478872436
cka_rl,15,"biggrid50-goal(3,24)",11,"biggrid50-goal(21,24)",0.891496479511261,0.47185375896352155
cka_rl,15,"biggrid50-goal(3,24)",12,"biggrid50-goal(21,3)",0.7928570508956909,0.3322365608381125
cka_rl,15,"biggrid50-goal(3,24)",13,"biggrid50-goal(3,17)",0.9159862995147705,0.6715422495104066
cka_rl,15,"biggrid50-goal(3,24)",14,"biggrid50-goal(15,45)",0.9078229665756226,0.6166895648826713
cka_rl,15,"biggrid50-goal(3,24)",15,"biggrid50-goal(3,24)",0.991156280040741,0.9482061365952184
cka_rl,16,"biggrid50-goal(3,10)",0,"biggrid50-goal(40,31)",0.7687074542045593,0.32938841188180545
cka_rl,16,"biggrid50-goal(3,10)",1,"biggrid50-goal(9,31)",0.9068025946617126,0.5725423673210512
cka_rl,16,"biggrid50-goal(3,10)",2,"biggrid50-goal(15,31)",0.865646243095398,0.37697138954372694
cka_rl,16,"biggrid50-goal(3,10)",3,"biggrid50-goal(9,24)",0.9455781579017639,0.6734692198890997
cka_rl,16,"biggrid50-goal(3,10)",4,"biggrid50-goal(21,17)",0.7812925577163696,0.2168088987433688
cka_rl,16,"biggrid50-goal(3,10)",5,"biggrid50-goal(27,3)",0.7442176938056946,0.1015532503651831
cka_rl,16,"biggrid50-goal(3,10)",6,"biggrid50-goal(3,31)",0.9377549886703491,0.7550196667294582
cka_rl,16,"biggrid50-goal(3,10)",7,"biggrid50-goal(33,10)",0.8945577144622803,0.591028665685675
cka_rl,16,"biggrid50-goal(3,10)",8,"biggrid50-goal(27,45)",0.6972789168357849,0.14423085671997599
cka_rl,16,"biggrid50-goal(3,10)",9,"biggrid50-goal(21,45)",0.8547618389129639,0.509195242318398
cka_rl,16,"biggrid50-goal(3,10)",10,"biggrid50-goal(33,3)",0.9064624905586243,0.6451608162143047
cka_rl,16,"biggrid50-goal(3,10)",11,"biggrid50-goal(21,24)",0.8751699924468994,0.3923837774040922
cka_rl,16,"biggrid50-goal(3,10)",12,"biggrid50-goal(21,3)",0.8197278380393982,0.4188594911075538
cka_rl,16,"biggrid50-goal(3,10)",13,"biggrid50-goal(3,17)",0.9503401517868042,0.8058511654699864
cka_rl,16,"biggrid50-goal(3,10)",14,"biggrid50-goal(15,45)",0.8523809313774109,0.38613852796899556
cka_rl,16,"biggrid50-goal(3,10)",15,"biggrid50-goal(3,24)",0.9819726347923279,0.8944214770011202
cka_rl,16,"biggrid50-goal(3,10)",16,"biggrid50-goal(3,10)",0.7159863710403442,0.10885793667655129
cka_rl,17,"biggrid50-goal(46,31)",0,"biggrid50-goal(40,31)",0.9680271148681641,0.9072975430261195
cka_rl,17,"biggrid50-goal(46,31)",1,"biggrid50-goal(9,31)",0.8704080581665039,0.4056158058334176
cka_rl,17,"biggrid50-goal(46,31)",2,"biggrid50-goal(15,31)",0.8568026423454285,0.3359616223915081
cka_rl,17,"biggrid50-goal(46,31)",3,"biggrid50-goal(9,24)",0.8598639369010925,0.15918432303783164
cka_rl,17,"biggrid50-goal(46,31)",4,"biggrid50-goal(21,17)",0.7680272459983826,0.16930583261793963
cka_rl,17,"biggrid50-goal(46,31)",5,"biggrid50-goal(27,3)",0.7833332419395447,0.2389483563986131
cka_rl,17,"biggrid50-goal(46,31)",6,"biggrid50-goal(3,31)",0.9071427583694458,0.6345378125041786
cka_rl,17,"biggrid50-goal(46,31)",7,"biggrid50-goal(33,10)",0.8517006039619446,0.42480190403312407
cka_rl,17,"biggrid50-goal(46,31)",8,"biggrid50-goal(27,45)",0.6795918345451355,0.09423083987020282
cka_rl,17,"biggrid50-goal(46,31)",9,"biggrid50-goal(21,45)",0.8942176103591919,0.6425285219390467
cka_rl,17,"biggrid50-goal(46,31)",10,"biggrid50-goal(33,3)",0.768367350101471,0.12129004803548349
cka_rl,17,"biggrid50-goal(46,31)",11,"biggrid50-goal(21,24)",0.9061223864555359,0.5430460828583928
cka_rl,17,"biggrid50-goal(46,31)",12,"biggrid50-goal(21,3)",0.7911564707756042,0.3267544276809391
cka_rl,17,"biggrid50-goal(46,31)",13,"biggrid50-goal(3,17)",0.8799318671226501,0.5305847903067498
cka_rl,17,"biggrid50-goal(46,31)",14,"biggrid50-goal(15,45)",0.8557822704315186,0.4002827101408073
cka_rl,17,"biggrid50-goal(46,31)",15,"biggrid50-goal(3,24)",0.9224488735198975,0.5458164131947584
cka_rl,17,"biggrid50-goal(46,31)",16,"biggrid50-goal(3,10)",0.6574829816818237,-0.07470660314971468
cka_rl,17,"biggrid50-goal(46,31)",17,"biggrid50-goal(46,31)",0.8619046807289124,0.5735291356549379
cka_rl,18,"biggrid50-goal(46,24)",0,"biggrid50-goal(40,31)",0.9064624905586243,0.7287965440504132
cka_rl,18,"biggrid50-goal(46,24)",1,"biggrid50-goal(9,31)",0.8608843088150024,0.3619343391955472
cka_rl,18,"biggrid50-goal(46,24)",2,"biggrid50-goal(15,31)",0.8414965271949768,0.26498372141296866
cka_rl,18,"biggrid50-goal(46,24)",3,"biggrid50-goal(9,24)",0.85748291015625,0.14489817449006778
cka_rl,18,"biggrid50-goal(46,24)",4,"biggrid50-goal(21,17)",0.7608843445777893,0.1437271107813636
cka_rl,18,"biggrid50-goal(46,24)",5,"biggrid50-goal(27,3)",0.7809523940086365,0.2305855219370522
cka_rl,18,"biggrid50-goal(46,24)",6,"biggrid50-goal(3,31)",0.8989794850349426,0.602409271126398
cka_rl,18,"biggrid50-goal(46,24)",7,"biggrid50-goal(33,10)",0.8901360034942627,0.5738784965166319
cka_rl,18,"biggrid50-goal(46,24)",8,"biggrid50-goal(27,45)",0.6812924742698669,0.09903841714578997
cka_rl,18,"biggrid50-goal(46,24)",9,"biggrid50-goal(21,45)",0.8588435053825378,0.5229884582854871
cka_rl,18,"biggrid50-goal(46,24)",10,"biggrid50-goal(33,3)",0.8642855882644653,0.48516064436828954
cka_rl,18,"biggrid50-goal(46,24)",11,"biggrid50-goal(21,24)",0.8833333253860474,0.4321192033766321
cka_rl,18,"biggrid50-goal(46,24)",12,"biggrid50-goal(21,3)",0.7782312631607056,0.28508764092268
cka_rl,18,"biggrid50-goal(46,24)",13,"biggrid50-goal(3,17)",0.8574829697608948,0.4428191724869481
cka_rl,18,"biggrid50-goal(46,24)",14,"biggrid50-goal(15,45)",0.8139455914497375,0.22630840191437843
cka_rl,18,"biggrid50-goal(46,24)",15,"biggrid50-goal(3,24)",0.9360542297363281,0.6254971317943382
cka_rl,18,"biggrid50-goal(46,24)",16,"biggrid50-goal(3,10)",0.6598638892173767,-0.0672360924506791
cka_rl,18,"biggrid50-goal(46,24)",17,"biggrid50-goal(46,31)",0.8299318552017212,0.47478952152386084
cka_rl,18,"biggrid50-goal(46,24)",18,"biggrid50-goal(46,24)",0.9115645885467529,0.7065460968079447
cka_rl,19,"biggrid50-goal(3,45)",0,"biggrid50-goal(40,31)",0.7710884213447571,0.3362918083992073
cka_rl,19,"biggrid50-goal(3,45)",1,"biggrid50-goal(9,31)",0.8802720308303833,0.4508577349236855
cka_rl,19,"biggrid50-goal(3,45)",2,"biggrid50-goal(15,31)",0.9044217467308044,0.5567821273027243
cka_rl,19,"biggrid50-goal(3,45)",3,"biggrid50-goal(9,24)",0.9102039337158203,0.4612240518846079
cka_rl,19,"biggrid50-goal(3,45)",4,"biggrid50-goal(21,17)",0.7649660110473633,0.1583435537514306
cka_rl,19,"biggrid50-goal(3,45)",5,"biggrid50-goal(27,3)",0.7452380657196045,0.10513735218641936
cka_rl,19,"biggrid50-goal(3,45)",6,"biggrid50-goal(3,31)",0.9578230381011963,0.8340023407243577
cka_rl,19,"biggrid50-goal(3,45)",7,"biggrid50-goal(33,10)",0.8608843088150024,0.46042207300566057
cka_rl,19,"biggrid50-goal(3,45)",8,"biggrid50-goal(27,45)",0.6867347955703735,0.11442343951723379
cka_rl,19,"biggrid50-goal(3,45)",9,"biggrid50-goal(21,45)",0.8724488615989685,0.5689651734338942
cka_rl,19,"biggrid50-goal(3,45)",10,"biggrid50-goal(33,3)",0.78231281042099,0.1741928437892589
cka_rl,19,"biggrid50-goal(3,45)",11,"biggrid50-goal(21,24)",0.8833332061767578,0.4321186231195318
cka_rl,19,"biggrid50-goal(3,45)",12,"biggrid50-goal(21,3)",0.7850339412689209,0.30701732643066076
cka_rl,19,"biggrid50-goal(3,45)",13,"biggrid50-goal(3,17)",0.8911563158035278,0.5744675992166506
cka_rl,19,"biggrid50-goal(3,45)",14,"biggrid50-goal(15,45)",0.8996597528457642,0.5827435276703232
cka_rl,19,"biggrid50-goal(3,45)",15,"biggrid50-goal(3,24)",0.970408022403717,0.8266925171127137
cka_rl,19,"biggrid50-goal(3,45)",16,"biggrid50-goal(3,10)",0.672448992729187,-0.027748145510474612
cka_rl,19,"biggrid50-goal(3,45)",17,"biggrid50-goal(46,31)",0.8088434338569641,0.40966351054794536
cka_rl,19,"biggrid50-goal(3,45)",18,"biggrid50-goal(46,24)",0.8272107243537903,0.42663593084638224
cka_rl,19,"biggrid50-goal(3,45)",19,"biggrid50-goal(3,45)",0.9469386339187622,0.843999609570568
cka_rl,20,"biggrid50-goal(21,10)",0,"biggrid50-goal(40,31)",0.7687074542045593,0.32938841188180545
cka_rl,20,"biggrid50-goal(21,10)",1,"biggrid50-goal(9,31)",0.8986393809318542,0.5351011102028765
cka_rl,20,"biggrid50-goal(21,10)",2,"biggrid50-goal(15,31)",0.8642857670783997,0.3706625560435861
cka_rl,20,"biggrid50-goal(21,10)",3,"biggrid50-goal(9,24)",0.9418366551399231,0.6510202220509583
cka_rl,20,"biggrid50-goal(21,10)",4,"biggrid50-goal(21,17)",0.7666666507720947,0.16443354266514068
cka_rl,20,"biggrid50-goal(21,10)",5,"biggrid50-goal(27,3)",0.76666659116745,0.18040600280003374
cka_rl,20,"biggrid50-goal(21,10)",6,"biggrid50-goal(3,31)",0.961224377155304,0.8473891352198787
cka_rl,20,"biggrid50-goal(21,10)",7,"biggrid50-goal(33,10)",0.9632652401924133,0.8575195552940605
cka_rl,20,"biggrid50-goal(21,10)",8,"biggrid50-goal(27,45)",0.6935374736785889,0.13365408561504535
cka_rl,20,"biggrid50-goal(21,10)",9,"biggrid50-goal(21,45)",0.9003400206565857,0.6632180437558299
cka_rl,20,"biggrid50-goal(21,10)",10,"biggrid50-goal(33,3)",0.9068027138710022,0.6464514702331046
cka_rl,20,"biggrid50-goal(21,10)",11,"biggrid50-goal(21,24)",0.9037415385246277,0.5314571880508816
cka_rl,20,"biggrid50-goal(21,10)",12,"biggrid50-goal(21,3)",0.7945577502250671,0.3377190782883816
cka_rl,20,"biggrid50-goal(21,10)",13,"biggrid50-goal(3,17)",0.9006801843643188,0.6117018648824742
cka_rl,20,"biggrid50-goal(21,10)",14,"biggrid50-goal(15,45)",0.8557823300361633,0.40028295800170577
cka_rl,20,"biggrid50-goal(21,10)",15,"biggrid50-goal(3,24)",0.9098638296127319,0.4721112248720015
cka_rl,20,"biggrid50-goal(21,10)",16,"biggrid50-goal(3,10)",0.7241496443748474,0.1344716238415986
cka_rl,20,"biggrid50-goal(21,10)",17,"biggrid50-goal(46,31)",0.8044216632843018,0.3960080417890293
cka_rl,20,"biggrid50-goal(21,10)",18,"biggrid50-goal(46,24)",0.7918366193771362,0.30925456735476137
cka_rl,20,"biggrid50-goal(21,10)",19,"biggrid50-goal(3,45)",0.9697276949882507,0.9109994380129315
cka_rl,20,"biggrid50-goal(21,10)",20,"biggrid50-goal(21,10)",0.77448970079422,0.201204494951361
cka_rl,21,"biggrid50-goal(40,3)",0,"biggrid50-goal(40,31)",0.86530601978302,0.6094671202107967
cka_rl,21,"biggrid50-goal(40,3)",1,"biggrid50-goal(9,31)",0.853061318397522,0.32605354452976987
cka_rl,21,"biggrid50-goal(40,3)",2,"biggrid50-goal(15,31)",0.8326529860496521,0.22397423066090316
cka_rl,21,"biggrid50-goal(40,3)",3,"biggrid50-goal(9,24)",0.9275509715080261,0.5653061917849371
cka_rl,21,"biggrid50-goal(40,3)",4,"biggrid50-goal(21,17)",0.7615645527839661,0.1461629355915157
cka_rl,21,"biggrid50-goal(40,3)",5,"biggrid50-goal(27,3)",0.8210883736610413,0.37156493915568956
cka_rl,21,"biggrid50-goal(40,3)",6,"biggrid50-goal(3,31)",0.9734691381454468,0.8955813608152233
cka_rl,21,"biggrid50-goal(40,3)",7,"biggrid50-goal(33,10)",0.9445578455924988,0.7849605426355694
cka_rl,21,"biggrid50-goal(40,3)",8,"biggrid50-goal(27,45)",0.6853741407394409,0.11057697330220843
cka_rl,21,"biggrid50-goal(40,3)",9,"biggrid50-goal(21,45)",0.8551019430160522,0.5103445594858246
cka_rl,21,"biggrid50-goal(40,3)",10,"biggrid50-goal(33,3)",0.9102039933204651,0.6593543926102595
cka_rl,21,"biggrid50-goal(40,3)",11,"biggrid50-goal(21,24)",0.8564625382423401,0.3013243207800512
cka_rl,21,"biggrid50-goal(40,3)",12,"biggrid50-goal(21,3)",0.76564621925354,0.24451743451309393
cka_rl,21,"biggrid50-goal(40,3)",13,"biggrid50-goal(3,17)",0.8707482218742371,0.49468065274149003
cka_rl,21,"biggrid50-goal(40,3)",14,"biggrid50-goal(15,45)",0.8411563038825989,0.33946185928887224
cka_rl,21,"biggrid50-goal(40,3)",15,"biggrid50-goal(3,24)",0.8261903524398804,-0.017928336224287293
cka_rl,21,"biggrid50-goal(40,3)",16,"biggrid50-goal(3,10)",0.6734693646430969,-0.024546551502293613
cka_rl,21,"biggrid50-goal(40,3)",17,"biggrid50-goal(46,31)",0.779931902885437,0.3203778948728625
cka_rl,21,"biggrid50-goal(40,3)",18,"biggrid50-goal(46,24)",0.8656461834907532,0.554175740062777
cka_rl,21,"biggrid50-goal(40,3)",19,"biggrid50-goal(3,45)",0.9540814757347107,0.8649995610297454
cka_rl,21,"biggrid50-goal(40,3)",20,"biggrid50-goal(21,10)",0.7564626336097717,0.13734958328275018
cka_rl,21,"biggrid50-goal(40,3)",21,"biggrid50-goal(40,3)",0.937414824962616,0.8493034984385046
cka_rl,22,"biggrid50-goal(15,38)",0,"biggrid50-goal(40,31)",0.8017006516456604,0.42504917110334234
cka_rl,22,"biggrid50-goal(15,38)",1,"biggrid50-goal(9,31)",0.8863944411277771,0.4789386777623165
cka_rl,22,"biggrid50-goal(15,38)",2,"biggrid50-goal(15,31)",0.831632673740387,0.21924281283591257
cka_rl,22,"biggrid50-goal(15,38)",3,"biggrid50-goal(9,24)",0.9394557476043701,0.636734788758335
cka_rl,22,"biggrid50-goal(15,38)",4,"biggrid50-goal(21,17)",0.7649658918380737,0.15834312686310076
cka_rl,22,"biggrid50-goal(15,38)",5,"biggrid50-goal(27,3)",0.7585033178329468,0.15173214141028826
cka_rl,22,"biggrid50-goal(15,38)",6,"biggrid50-goal(3,31)",0.9088433980941772,0.6412310924576737
cka_rl,22,"biggrid50-goal(15,38)",7,"biggrid50-goal(33,10)",0.9646257162094116,0.8627963348055914
cka_rl,22,"biggrid50-goal(15,38)",8,"biggrid50-goal(27,45)",0.6894557476043701,0.12211536096089538
cka_rl,22,"biggrid50-goal(15,38)",9,"biggrid50-goal(21,45)",0.9122447967529297,0.7034479716445367
cka_rl,22,"biggrid50-goal(15,38)",10,"biggrid50-goal(33,3)",0.9047618508338928,0.6387093550257271
cka_rl,22,"biggrid50-goal(15,38)",11,"biggrid50-goal(21,24)",0.8874148726463318,0.45198633610580174
cka_rl,22,"biggrid50-goal(15,38)",12,"biggrid50-goal(21,3)",0.7523809671401978,0.2017544516992576
cka_rl,22,"biggrid50-goal(15,38)",13,"biggrid50-goal(3,17)",0.889115571975708,0.5664891609007586
cka_rl,22,"biggrid50-goal(15,38)",14,"biggrid50-goal(15,45)",0.8517006039619446,0.38330944367373476
cka_rl,22,"biggrid50-goal(15,38)",15,"biggrid50-goal(3,24)",0.9295917749404907,0.5876493140776833
cka_rl,22,"biggrid50-goal(15,38)",16,"biggrid50-goal(3,10)",0.672448992729187,-0.027748145510474612
cka_rl,22,"biggrid50-goal(15,38)",17,"biggrid50-goal(46,31)",0.7741496562957764,0.30252095581102456
cka_rl,22,"biggrid50-goal(15,38)",18,"biggrid50-goal(46,24)",0.8333332538604736,0.4469522289403262
cka_rl,22,"biggrid50-goal(15,38)",19,"biggrid50-goal(3,45)",0.9421766996383667,0.8299995251060319
cka_rl,22,"biggrid50-goal(15,38)",20,"biggrid50-goal(21,10)",0.767346978187561,0.1759037670817125
cka_rl,22,"biggrid50-goal(15,38)",21,"biggrid50-goal(40,3)",0.9462583661079407,0.8705975303113805
cka_rl,22,"biggrid50-goal(15,38)",22,"biggrid50-goal(15,38)",0.9326528906822205,0.6016085902428223
cka_rl,23,"biggrid50-goal(40,45)",0,"biggrid50-goal(40,31)",0.8666666746139526,0.6134122144805422
cka_rl,23,"biggrid50-goal(40,45)",1,"biggrid50-goal(9,31)",0.8619047403335571,0.3666146330261435
cka_rl,23,"biggrid50-goal(40,45)",2,"biggrid50-goal(15,31)",0.8544217944145203,0.3249210946662233
cka_rl,23,"biggrid50-goal(40,45)",3,"biggrid50-goal(9,24)",0.8816326260566711,0.28979634898013557
cka_rl,23,"biggrid50-goal(40,45)",4,"biggrid50-goal(21,17)",0.7744897603988647,0.19244808931186883
cka_rl,23,"biggrid50-goal(40,45)",5,"biggrid50-goal(27,3)",0.7656461596488953,0.17682169161482642
cka_rl,23,"biggrid50-goal(40,45)",6,"biggrid50-goal(3,31)",0.8846938014030457,0.5461844996566797
cka_rl,23,"biggrid50-goal(40,45)",7,"biggrid50-goal(33,10)",0.8833332061767578,0.5474929806695326
cka_rl,23,"biggrid50-goal(40,45)",8,"biggrid50-goal(27,45)",0.6901360154151917,0.12403842557067654
cka_rl,23,"biggrid50-goal(40,45)",9,"biggrid50-goal(21,45)",0.907482922077179,0.6873561213425942
cka_rl,23,"biggrid50-goal(40,45)",10,"biggrid50-goal(33,3)",0.8244897127151489,0.33419301563527404
cka_rl,23,"biggrid50-goal(40,45)",11,"biggrid50-goal(21,24)",0.8823128938674927,0.4271522025979271
cka_rl,23,"biggrid50-goal(40,45)",12,"biggrid50-goal(21,3)",0.7727890014648438,0.2675435082231997
cka_rl,23,"biggrid50-goal(40,45)",13,"biggrid50-goal(3,17)",0.8319727778434753,0.34308519810706084
cka_rl,23,"biggrid50-goal(40,45)",14,"biggrid50-goal(15,45)",0.8676869869232178,0.4497874716725976
cka_rl,23,"biggrid50-goal(40,45)",15,"biggrid50-goal(3,24)",0.8670066595077515,0.2211152158895068
cka_rl,23,"biggrid50-goal(40,45)",16,"biggrid50-goal(3,10)",0.6540816426277161,-0.08537889487685112
cka_rl,23,"biggrid50-goal(40,45)",17,"biggrid50-goal(46,31)",0.8027210235595703,0.390756065855493
cka_rl,23,"biggrid50-goal(40,45)",18,"biggrid50-goal(46,24)",0.8751699328422546,0.585778255099397
cka_rl,23,"biggrid50-goal(40,45)",19,"biggrid50-goal(3,45)",0.94931960105896,0.850999651802836
cka_rl,23,"biggrid50-goal(40,45)",20,"biggrid50-goal(21,10)",0.7455782294273376,0.09879518835408563
cka_rl,23,"biggrid50-goal(40,45)",21,"biggrid50-goal(40,3)",0.7693876624107361,0.4447171798934509
cka_rl,23,"biggrid50-goal(40,45)",22,"biggrid50-goal(15,38)",0.8622448444366455,0.18511022696981963
cka_rl,23,"biggrid50-goal(40,45)",23,"biggrid50-goal(40,45)",0.9241495132446289,0.8332083383248328
cka_rl,24,"biggrid50-goal(15,17)",0,"biggrid50-goal(40,31)",0.7880951762199402,0.385601339133804
cka_rl,24,"biggrid50-goal(15,17)",1,"biggrid50-goal(9,31)",0.8751699924468994,0.42745681253400186
cka_rl,24,"biggrid50-goal(15,17)",2,"biggrid50-goal(15,31)",0.8547618985176086,0.3264982339412202
cka_rl,24,"biggrid50-goal(15,17)",3,"biggrid50-goal(9,24)",0.9680271744728088,0.8081632069179477
cka_rl,24,"biggrid50-goal(15,17)",4,"biggrid50-goal(21,17)",0.7976189851760864,0.27527381684697716
cka_rl,24,"biggrid50-goal(15,17)",5,"biggrid50-goal(27,3)",0.75782310962677,0.1493428797721115
cka_rl,24,"biggrid50-goal(15,17)",6,"biggrid50-goal(3,31)",0.9105440378189087,0.647924372411169
cka_rl,24,"biggrid50-goal(15,17)",7,"biggrid50-goal(33,10)",0.9408161640167236,0.7704479540775693
cka_rl,24,"biggrid50-goal(15,17)",8,"biggrid50-goal(27,45)",0.6925169825553894,0.13076923595377635
cka_rl,24,"biggrid50-goal(15,17)",9,"biggrid50-goal(21,45)",0.8914965391159058,0.6333331789093652
cka_rl,24,"biggrid50-goal(15,17)",10,"biggrid50-goal(33,3)",0.908843457698822,0.6541931332141264
cka_rl,24,"biggrid50-goal(15,17)",11,"biggrid50-goal(21,24)",0.915306031703949,0.5877479293525375
cka_rl,24,"biggrid50-goal(15,17)",12,"biggrid50-goal(21,3)",0.7874149084091187,0.3146928124317279
cka_rl,24,"biggrid50-goal(15,17)",13,"biggrid50-goal(3,17)",0.8782312273979187,0.5239360140339234
cka_rl,24,"biggrid50-goal(15,17)",14,"biggrid50-goal(15,45)",0.84965980052948,0.37482293437064773
cka_rl,24,"biggrid50-goal(15,17)",15,"biggrid50-goal(3,24)",0.9547616839408875,0.7350586434869059
cka_rl,24,"biggrid50-goal(15,17)",16,"biggrid50-goal(3,10)",0.6721088290214539,-0.02881546819314819
cka_rl,24,"biggrid50-goal(15,17)",17,"biggrid50-goal(46,31)",0.7850338816642761,0.33613400674665017
cka_rl,24,"biggrid50-goal(15,17)",18,"biggrid50-goal(46,24)",0.8384352922439575,0.4638822466025447
cka_rl,24,"biggrid50-goal(15,17)",19,"biggrid50-goal(3,45)",0.9547617435455322,0.866999548062161
cka_rl,24,"biggrid50-goal(15,17)",20,"biggrid50-goal(21,10)",0.7520408034324646,0.1216867151913099
cka_rl,24,"biggrid50-goal(15,17)",21,"biggrid50-goal(40,3)",0.834353506565094,0.6011460055570864
cka_rl,24,"biggrid50-goal(15,17)",22,"biggrid50-goal(15,38)",0.9047617316246033,0.43661861087644227
cka_rl,24,"biggrid50-goal(15,17)",23,"biggrid50-goal(40,45)",0.8938773274421692,0.7666412220343874
cka_rl,24,"biggrid50-goal(15,17)",24,"biggrid50-goal(15,17)",0.960204005241394,0.8078813793420961
cka_rl,25,"biggrid50-goal(15,24)",0,"biggrid50-goal(40,31)",0.7908163070678711,0.39349100921864216
cka_rl,25,"biggrid50-goal(15,24)",1,"biggrid50-goal(9,31)",0.865646243095398,0.3837753458961314
cka_rl,25,"biggrid50-goal(15,24)",2,"biggrid50-goal(15,31)",0.8370748162269592,0.24447925243708926
cka_rl,25,"biggrid50-goal(15,24)",3,"biggrid50-goal(9,24)",0.9499998688697815,0.6999994635586446
cka_rl,25,"biggrid50-goal(15,24)",4,"biggrid50-goal(21,17)",0.7829931974411011,0.2228988876570789
cka_rl,25,"biggrid50-goal(15,24)",5,"biggrid50-goal(27,3)",0.7482993006706238,0.11589007637807029
cka_rl,25,"biggrid50-goal(15,24)",6,"biggrid50-goal(3,31)",0.9238093495368958,0.7001332228264963
cka_rl,25,"biggrid50-goal(15,24)",7,"biggrid50-goal(33,10)",0.9663263559341431,0.8693924825831598
cka_rl,25,"biggrid50-goal(15,24)",8,"biggrid50-goal(27,45)",0.6938775181770325,0.13461536517333866
cka_rl,25,"biggrid50-goal(15,24)",9,"biggrid50-goal(21,45)",0.8802720308303833,0.5954020867780788
cka_rl,25,"biggrid50-goal(15,24)",10,"biggrid50-goal(33,3)",0.8636053800582886,0.4825802407834008
cka_rl,25,"biggrid50-goal(15,24)",11,"biggrid50-goal(21,24)",0.9088433980941772,0.5562907413016559
cka_rl,25,"biggrid50-goal(15,24)",12,"biggrid50-goal(21,3)",0.7938775420188904,0.3355263018841314
cka_rl,25,"biggrid50-goal(15,24)",13,"biggrid50-goal(3,17)",0.8768707513809204,0.5186171328329119
cka_rl,25,"biggrid50-goal(15,24)",14,"biggrid50-goal(15,45)",0.8568027019500732,0.40452608872280005
cka_rl,25,"biggrid50-goal(15,24)",15,"biggrid50-goal(3,24)",0.9874147176742554,0.9262934153621885
cka_rl,25,"biggrid50-goal(15,24)",16,"biggrid50-goal(3,10)",0.6687074899673462,-0.03948775992028463
cka_rl,25,"biggrid50-goal(15,24)",17,"biggrid50-goal(46,31)",0.7826529145240784,0.3287810195518849
cka_rl,25,"biggrid50-goal(15,24)",18,"biggrid50-goal(46,24)",0.8343536257743835,0.4503381138016491
cka_rl,25,"biggrid50-goal(15,24)",19,"biggrid50-goal(3,45)",0.9782311320304871,0.9359995387745668
cka_rl,25,"biggrid50-goal(15,24)",20,"biggrid50-goal(21,10)",0.7608844041824341,0.1530122402444882
cka_rl,25,"biggrid50-goal(15,24)",21,"biggrid50-goal(40,3)",0.8224489092826843,0.5724813711307063
cka_rl,25,"biggrid50-goal(15,24)",22,"biggrid50-goal(15,38)",0.9108842611312866,0.4728363964080859
cka_rl,25,"biggrid50-goal(15,24)",23,"biggrid50-goal(40,45)",0.8904761075973511,0.7591620991716777
cka_rl,25,"biggrid50-goal(15,24)",24,"biggrid50-goal(15,17)",0.9639455080032349,0.8259438088441795
cka_rl,25,"biggrid50-goal(15,24)",25,"biggrid50-goal(15,24)",0.8870747685432434,0.3828992129287623
cka_rl,26,"biggrid50-goal(21,38)",0,"biggrid50-goal(40,31)",0.8085033297538757,0.444772914269894
cka_rl,26,"biggrid50-goal(21,38)",1,"biggrid50-goal(9,31)",0.8721088171005249,0.41341647780551083
cka_rl,26,"biggrid50-goal(21,38)",2,"biggrid50-goal(15,31)",0.8659862875938416,0.37854825241857043
cka_rl,26,"biggrid50-goal(21,38)",3,"biggrid50-goal(9,24)",0.9384352564811707,0.6306118471285188
cka_rl,26,"biggrid50-goal(21,38)",4,"biggrid50-goal(21,17)",0.788095235824585,0.24116928128653897
cka_rl,26,"biggrid50-goal(21,38)",5,"biggrid50-goal(27,3)",0.7585033178329468,0.15173214141028826
cka_rl,26,"biggrid50-goal(21,38)",6,"biggrid50-goal(3,31)",0.9095236659049988,0.643908451356778
cka_rl,26,"biggrid50-goal(21,38)",7,"biggrid50-goal(33,10)",0.9023808836936951,0.6213718239624741
cka_rl,26,"biggrid50-goal(21,38)",8,"biggrid50-goal(27,45)",0.6867347359657288,0.11442327101950227
cka_rl,26,"biggrid50-goal(21,38)",9,"biggrid50-goal(21,45)",0.9255101680755615,0.7482757724706512
cka_rl,26,"biggrid50-goal(21,38)",10,"biggrid50-goal(33,3)",0.8649659752845764,0.4877417262927117
cka_rl,26,"biggrid50-goal(21,38)",11,"biggrid50-goal(21,24)",0.9224488735198975,0.6225160644178223
cka_rl,26,"biggrid50-goal(21,38)",12,"biggrid50-goal(21,3)",0.7588434815406799,0.22258755685856535
cka_rl,26,"biggrid50-goal(21,38)",13,"biggrid50-goal(3,17)",0.8993197083473206,0.6063829836814627
cka_rl,26,"biggrid50-goal(21,38)",14,"biggrid50-goal(15,45)",0.8782311677932739,0.49363456033566316
cka_rl,26,"biggrid50-goal(21,38)",15,"biggrid50-goal(3,24)",0.9704079031944275,0.8266918189551863
cka_rl,26,"biggrid50-goal(21,38)",16,"biggrid50-goal(3,10)",0.6704081296920776,-0.03415170756667634
cka_rl,26,"biggrid50-goal(21,38)",17,"biggrid50-goal(46,31)",0.7806121110916138,0.3224785379877341
cka_rl,26,"biggrid50-goal(21,38)",18,"biggrid50-goal(46,24)",0.8180271983146667,0.3961623737388721
cka_rl,26,"biggrid50-goal(21,38)",19,"biggrid50-goal(3,45)",0.9653059840202332,0.8979996099210432
cka_rl,26,"biggrid50-goal(21,38)",20,"biggrid50-goal(21,10)",0.7476190328598022,0.10602405822957188
cka_rl,26,"biggrid50-goal(21,38)",21,"biggrid50-goal(40,3)",0.7819727659225464,0.4750203798107835
cka_rl,26,"biggrid50-goal(21,38)",22,"biggrid50-goal(15,38)",0.9251700639724731,0.5573439749970734
cka_rl,26,"biggrid50-goal(21,38)",23,"biggrid50-goal(40,45)",0.8727889657020569,0.7202689039768335
cka_rl,26,"biggrid50-goal(21,38)",24,"biggrid50-goal(15,17)",0.9353740811347961,0.6880127644391243
cka_rl,26,"biggrid50-goal(21,38)",25,"biggrid50-goal(15,24)",0.926870584487915,0.6003708003215513
cka_rl,26,"biggrid50-goal(21,38)",26,"biggrid50-goal(21,38)",0.9197278618812561,0.5793225206607052
cka_rl,27,"biggrid50-goal(33,17)",0,"biggrid50-goal(40,31)",0.8595237731933594,0.5927020249283366
cka_rl,27,"biggrid50-goal(33,17)",1,"biggrid50-goal(9,31)",0.8683672547340393,0.39625549155387396
cka_rl,27,"biggrid50-goal(33,17)",2,"biggrid50-goal(15,31)",0.8547618985176086,0.3264982339412202
cka_rl,27,"biggrid50-goal(33,17)",3,"biggrid50-goal(9,24)",0.9462584257125854,0.6775508233480736
cka_rl,27,"biggrid50-goal(33,17)",4,"biggrid50-goal(21,17)",0.7846937775611877,0.22898866312662405
cka_rl,27,"biggrid50-goal(33,17)",5,"biggrid50-goal(27,3)",0.799659788608551,0.296296079178104
cka_rl,27,"biggrid50-goal(33,17)",6,"biggrid50-goal(3,31)",0.9030611515045166,0.6184736591095535
cka_rl,27,"biggrid50-goal(33,17)",7,"biggrid50-goal(33,10)",0.958843469619751,0.8403691549408111
cka_rl,27,"biggrid50-goal(33,17)",8,"biggrid50-goal(27,45)",0.6857143044471741,0.11153858985596476
cka_rl,27,"biggrid50-goal(33,17)",9,"biggrid50-goal(21,45)",0.9030610918998718,0.6724133867855113
cka_rl,27,"biggrid50-goal(33,17)",10,"biggrid50-goal(33,3)",0.9282311797142029,0.7277414187787898
cka_rl,27,"biggrid50-goal(33,17)",11,"biggrid50-goal(21,24)",0.9119046330451965,0.5711914535092208
cka_rl,27,"biggrid50-goal(33,17)",12,"biggrid50-goal(21,3)",0.7914965152740479,0.32785062373651636
cka_rl,27,"biggrid50-goal(33,17)",13,"biggrid50-goal(3,17)",0.9027209877967834,0.6196805362271154
cka_rl,27,"biggrid50-goal(33,17)",14,"biggrid50-goal(15,45)",0.8714284896850586,0.4653461959920397
cka_rl,27,"biggrid50-goal(33,17)",15,"biggrid50-goal(3,24)",0.9442175030708313,0.6733059120328497
cka_rl,27,"biggrid50-goal(33,17)",16,"biggrid50-goal(3,10)",0.7231292128562927,0.13126984281349774
cka_rl,27,"biggrid50-goal(33,17)",17,"biggrid50-goal(46,31)",0.77448970079422,0.3035710932952817
cka_rl,27,"biggrid50-goal(33,17)",18,"biggrid50-goal(46,24)",0.8329931497573853,0.44582366658161904
cka_rl,27,"biggrid50-goal(33,17)",19,"biggrid50-goal(3,45)",0.9598637223243713,0.8819993631864649
cka_rl,27,"biggrid50-goal(33,17)",20,"biggrid50-goal(21,10)",0.7588435411453247,0.1457831592392997
cka_rl,27,"biggrid50-goal(33,17)",21,"biggrid50-goal(40,3)",0.836054265499115,0.6052411993662166
cka_rl,27,"biggrid50-goal(33,17)",22,"biggrid50-goal(15,38)",0.9068025946617126,0.44869132358395963
cka_rl,27,"biggrid50-goal(33,17)",23,"biggrid50-goal(40,45)",0.8622447848320007,0.6970827449480566
cka_rl,27,"biggrid50-goal(33,17)",24,"biggrid50-goal(15,17)",0.9591835737228394,0.8029551575700375
cka_rl,27,"biggrid50-goal(33,17)",25,"biggrid50-goal(15,24)",0.9142856597900391,0.5315981545974159
cka_rl,27,"biggrid50-goal(33,17)",26,"biggrid50-goal(21,38)",0.9261903762817383,0.6131902402942243
cka_rl,27,"biggrid50-goal(33,17)",27,"biggrid50-goal(33,17)",0.94931960105896,0.811868276197468
cka_rl,28,"biggrid50-goal(27,17)",0,"biggrid50-goal(40,31)",0.7935373783111572,0.40138050648526286
cka_rl,28,"biggrid50-goal(27,17)",1,"biggrid50-goal(9,31)",0.8683673739433289,0.39625603831717193
cka_rl,28,"biggrid50-goal(27,17)",2,"biggrid50-goal(15,31)",0.8350340723991394,0.23501586398680133
cka_rl,28,"biggrid50-goal(27,17)",3,"biggrid50-goal(9,24)",0.9394556879997253,0.6367344311307648
cka_rl,28,"biggrid50-goal(27,17)",4,"biggrid50-goal(21,17)",0.7908163070678711,0.250913434303807
cka_rl,28,"biggrid50-goal(27,17)",5,"biggrid50-goal(27,3)",0.7571427822113037,0.14695319940599255
cka_rl,28,"biggrid50-goal(27,17)",6,"biggrid50-goal(3,31)",0.9217684864997864,0.6921009115406531
cka_rl,28,"biggrid50-goal(27,17)",7,"biggrid50-goal(33,10)",0.9544216990470886,0.8232187545875616
cka_rl,28,"biggrid50-goal(27,17)",8,"biggrid50-goal(27,45)",0.6908162832260132,0.1259614901804577
cka_rl,28,"biggrid50-goal(27,17)",9,"biggrid50-goal(21,45)",0.8870747089385986,0.6183904443522824
cka_rl,28,"biggrid50-goal(27,17)",10,"biggrid50-goal(33,3)",0.9251700043678284,0.7161286981940793
cka_rl,28,"biggrid50-goal(27,17)",11,"biggrid50-goal(21,24)",0.886054277420044,0.445363571691345
cka_rl,28,"biggrid50-goal(27,17)",12,"biggrid50-goal(21,3)",0.8071427941322327,0.37828928469796774
cka_rl,28,"biggrid50-goal(27,17)",13,"biggrid50-goal(3,17)",0.9081631898880005,0.6409572261749077
cka_rl,28,"biggrid50-goal(27,17)",14,"biggrid50-goal(15,45)",0.8404760956764221,0.33663327071540833
cka_rl,28,"biggrid50-goal(27,17)",15,"biggrid50-goal(3,24)",0.9527208209037781,0.7231061866182052
cka_rl,28,"biggrid50-goal(27,17)",16,"biggrid50-goal(3,10)",0.680272102355957,-0.0032017810281008653
cka_rl,28,"biggrid50-goal(27,17)",17,"biggrid50-goal(46,31)",0.7782312631607056,0.3151259189393262
cka_rl,28,"biggrid50-goal(27,17)",18,"biggrid50-goal(46,24)",0.8261902928352356,0.423249848199858
cka_rl,28,"biggrid50-goal(27,17)",19,"biggrid50-goal(3,45)",0.9363943934440613,0.8129995477116857
cka_rl,28,"biggrid50-goal(27,17)",20,"biggrid50-goal(21,10)",0.7585033178329468,0.14457803089883192
cka_rl,28,"biggrid50-goal(27,17)",21,"biggrid50-goal(40,3)",0.9333332180976868,0.8394755499678516
cka_rl,28,"biggrid50-goal(27,17)",22,"biggrid50-goal(15,38)",0.8843536376953125,0.3158946571194451
cka_rl,28,"biggrid50-goal(27,17)",23,"biggrid50-goal(40,45)",0.8697277903556824,0.7135375230122321
cka_rl,28,"biggrid50-goal(27,17)",24,"biggrid50-goal(15,17)",0.9741495251655579,0.8752045878317718
cka_rl,28,"biggrid50-goal(27,17)",25,"biggrid50-goal(15,24)",0.8860543370246887,0.3773228763994585
cka_rl,28,"biggrid50-goal(27,17)",26,"biggrid50-goal(21,38)",0.9129250645637512,0.5436715003309524
cka_rl,28,"biggrid50-goal(27,17)",27,"biggrid50-goal(33,17)",0.9227889776229858,0.7133834176553652
cka_rl,28,"biggrid50-goal(27,17)",28,"biggrid50-goal(27,17)",0.8292516469955444,0.35805603616439263
cka_rl,29,"biggrid50-goal(3,3)",0,"biggrid50-goal(40,31)",0.7724488973617554,0.34023638421430014
cka_rl,29,"biggrid50-goal(3,3)",1,"biggrid50-goal(9,31)",0.8952380418777466,0.519500586403637
cka_rl,29,"biggrid50-goal(3,3)",2,"biggrid50-goal(15,31)",0.8292516469955444,0.20820145591016773
cka_rl,29,"biggrid50-goal(3,3)",3,"biggrid50-goal(9,24)",0.9387754201889038,0.6326528276717909
cka_rl,29,"biggrid50-goal(3,3)",4,"biggrid50-goal(21,17)",0.7857142686843872,0.23264304067434696
cka_rl,29,"biggrid50-goal(3,3)",5,"biggrid50-goal(27,3)",0.7496597766876221,0.12066880901839493
cka_rl,29,"biggrid50-goal(3,3)",6,"biggrid50-goal(3,31)",0.9670066833496094,0.8701468031565295
cka_rl,29,"biggrid50-goal(3,3)",7,"biggrid50-goal(33,10)",0.936394453048706,0.7532977849085262
cka_rl,29,"biggrid50-goal(3,3)",8,"biggrid50-goal(27,45)",0.6904762387275696,0.1250002106221644
cka_rl,29,"biggrid50-goal(3,3)",9,"biggrid50-goal(21,45)",0.8465985059738159,0.4816088103842196
cka_rl,29,"biggrid50-goal(3,3)",10,"biggrid50-goal(33,3)",0.8020408153533936,0.24903200948590004
cka_rl,29,"biggrid50-goal(3,3)",11,"biggrid50-goal(21,24)",0.869387686252594,0.36423811662471406
cka_rl,29,"biggrid50-goal(3,3)",12,"biggrid50-goal(21,3)",0.8435373902320862,0.4956139668251299
cka_rl,29,"biggrid50-goal(3,3)",13,"biggrid50-goal(3,17)",0.8622447848320007,0.4614358392623615
cka_rl,29,"biggrid50-goal(3,3)",14,"biggrid50-goal(15,45)",0.8414965271949768,0.3408766492974011
cka_rl,29,"biggrid50-goal(3,3)",15,"biggrid50-goal(3,24)",0.9615643620491028,0.7748990027866958
cka_rl,29,"biggrid50-goal(3,3)",16,"biggrid50-goal(3,10)",0.710204005241394,0.09071476021053955
cka_rl,29,"biggrid50-goal(3,3)",17,"biggrid50-goal(46,31)",0.7469387650489807,0.21848731606947805
cka_rl,29,"biggrid50-goal(3,3)",18,"biggrid50-goal(46,24)",0.7499999403953552,0.17042854119569065
cka_rl,29,"biggrid50-goal(3,3)",19,"biggrid50-goal(3,45)",0.9479589462280273,0.8469993272627515
cka_rl,29,"biggrid50-goal(3,3)",20,"biggrid50-goal(21,10)",0.7527210712432861,0.12409633848313865
cka_rl,29,"biggrid50-goal(3,3)",21,"biggrid50-goal(40,3)",0.9714285135269165,0.9312037866262515
cka_rl,29,"biggrid50-goal(3,3)",22,"biggrid50-goal(15,38)",0.9234692454338074,0.5472827934226282
cka_rl,29,"biggrid50-goal(3,3)",23,"biggrid50-goal(40,45)",0.7612243890762329,0.4749436342851391
cka_rl,29,"biggrid50-goal(3,3)",24,"biggrid50-goal(15,17)",0.9465986490249634,0.742200340691973
cka_rl,29,"biggrid50-goal(3,3)",25,"biggrid50-goal(15,24)",0.8795917630195618,0.34200694696877904
cka_rl,29,"biggrid50-goal(3,3)",26,"biggrid50-goal(21,38)",0.8795917630195618,0.3689836248077774
cka_rl,29,"biggrid50-goal(3,3)",27,"biggrid50-goal(33,17)",0.9030611515045166,0.6401513592640729
cka_rl,29,"biggrid50-goal(3,3)",28,"biggrid50-goal(27,17)",0.800000011920929,0.24808185346770015
cka_rl,29,"biggrid50-goal(3,3)",29,"biggrid50-goal(3,3)",0.7534012198448181,0.3342512524905792
cka_rl,30,"biggrid50-goal(9,10)",0,"biggrid50-goal(40,31)",0.7707482576370239,0.33530553483177095
cka_rl,30,"biggrid50-goal(9,10)",1,"biggrid50-goal(9,31)",0.8816325664520264,0.4570979444433813
cka_rl,30,"biggrid50-goal(9,10)",2,"biggrid50-goal(15,31)",0.8367347121238708,0.24290211316209237
cka_rl,30,"biggrid50-goal(9,10)",3,"biggrid50-goal(9,24)",0.9414965510368347,0.6489795991352565
cka_rl,30,"biggrid50-goal(9,10)",4,"biggrid50-goal(21,17)",0.7829931378364563,0.22289867421291398
cka_rl,30,"biggrid50-goal(9,10)",5,"biggrid50-goal(27,3)",0.7663265466690063,0.17921158134491647
cka_rl,30,"biggrid50-goal(9,10)",6,"biggrid50-goal(3,31)",0.9782311320304871,0.9143233422860136
cka_rl,30,"biggrid50-goal(9,10)",7,"biggrid50-goal(33,10)",0.9554421901702881,0.8271768593856742
cka_rl,30,"biggrid50-goal(9,10)",8,"biggrid50-goal(27,45)",0.6908162832260132,0.1259614901804577
cka_rl,30,"biggrid50-goal(9,10)",9,"biggrid50-goal(21,45)",0.8411563038825989,0.4632179229022897
cka_rl,30,"biggrid50-goal(9,10)",10,"biggrid50-goal(33,3)",0.8568026423454285,0.45677371768955743
cka_rl,30,"biggrid50-goal(9,10)",11,"biggrid50-goal(21,24)",0.8768706917762756,0.4006620153257505
cka_rl,30,"biggrid50-goal(9,10)",12,"biggrid50-goal(21,3)",0.8421768546104431,0.4912280297235338
cka_rl,30,"biggrid50-goal(9,10)",13,"biggrid50-goal(3,17)",0.8564624786376953,0.43882948727150367
cka_rl,30,"biggrid50-goal(9,10)",14,"biggrid50-goal(15,45)",0.8326529264450073,0.3041012799288937
cka_rl,30,"biggrid50-goal(9,10)",15,"biggrid50-goal(3,24)",0.9013603925704956,0.42231025212911866
cka_rl,30,"biggrid50-goal(9,10)",16,"biggrid50-goal(3,10)",0.7091836333274841,0.08751316620235855
cka_rl,30,"biggrid50-goal(9,10)",17,"biggrid50-goal(46,31)",0.7408162951469421,0.199579687303847
cka_rl,30,"biggrid50-goal(9,10)",18,"biggrid50-goal(46,24)",0.8003399968147278,0.3374711975300584
cka_rl,30,"biggrid50-goal(9,10)",19,"biggrid50-goal(3,45)",0.9459182024002075,0.8409995414031312
cka_rl,30,"biggrid50-goal(9,10)",20,"biggrid50-goal(21,10)",0.7622449398040771,0.1578314868281457
cka_rl,30,"biggrid50-goal(9,10)",21,"biggrid50-goal(40,3)",0.9999998807907104,0.9999997129604115
cka_rl,30,"biggrid50-goal(9,10)",22,"biggrid50-goal(15,38)",0.9234693050384521,0.5472831460135367
cka_rl,30,"biggrid50-goal(9,10)",23,"biggrid50-goal(40,45)",0.7591835856437683,0.4704560032861323
cka_rl,30,"biggrid50-goal(9,10)",24,"biggrid50-goal(15,17)",0.9676868915557861,0.8440056628530651
cka_rl,30,"biggrid50-goal(9,10)",25,"biggrid50-goal(15,24)",0.8649659752845764,0.262081628186036
cka_rl,30,"biggrid50-goal(9,10)",26,"biggrid50-goal(21,38)",0.8707482814788818,0.322638110532157
cka_rl,30,"biggrid50-goal(9,10)",27,"biggrid50-goal(33,17)",0.9095236659049988,0.6641409883843138
cka_rl,30,"biggrid50-goal(9,10)",28,"biggrid50-goal(27,17)",0.7942176461219788,0.22634252330134313
cka_rl,30,"biggrid50-goal(9,10)",29,"biggrid50-goal(3,3)",0.7377550601959229,0.2920109332845007
cka_rl,30,"biggrid50-goal(9,10)",30,"biggrid50-goal(9,10)",0.9095236659049988,0.5574039889422506
cka_rl,31,"biggrid50-goal(46,17)",0,"biggrid50-goal(40,31)",0.8646257519721985,0.6074947458941415
cka_rl,31,"biggrid50-goal(46,17)",1,"biggrid50-goal(9,31)",0.8408163189888,0.2698908387075609
cka_rl,31,"biggrid50-goal(46,17)",2,"biggrid50-goal(15,31)",0.7996598482131958,0.07097762457838612
cka_rl,31,"biggrid50-goal(46,17)",3,"biggrid50-goal(9,24)",0.8874149322509766,0.32449015719519847
cka_rl,31,"biggrid50-goal(46,17)",4,"biggrid50-goal(21,17)",0.7826530337333679,0.22168076180783794
cka_rl,31,"biggrid50-goal(46,17)",5,"biggrid50-goal(27,3)",0.7738094925880432,0.20549576236854297
cka_rl,31,"biggrid50-goal(46,17)",6,"biggrid50-goal(3,31)",0.9499998688697815,0.8032123615018639
cka_rl,31,"biggrid50-goal(46,17)",7,"biggrid50-goal(33,10)",0.9704081416130066,0.8852242082229911
cka_rl,31,"biggrid50-goal(46,17)",8,"biggrid50-goal(27,45)",0.6812925338745117,0.09903858564352148
cka_rl,31,"biggrid50-goal(46,17)",9,"biggrid50-goal(21,45)",0.8540814518928528,0.5068960037158435
cka_rl,31,"biggrid50-goal(46,17)",10,"biggrid50-goal(33,3)",0.9744896292686462,0.9032251427000265
cka_rl,31,"biggrid50-goal(46,17)",11,"biggrid50-goal(21,24)",0.8387755155563354,0.21523186493471527
cka_rl,31,"biggrid50-goal(46,17)",12,"biggrid50-goal(21,3)",0.8306122422218323,0.4539473722134187
cka_rl,31,"biggrid50-goal(46,17)",13,"biggrid50-goal(3,17)",0.8479591012001038,0.40558490682112436
cka_rl,31,"biggrid50-goal(46,17)",14,"biggrid50-goal(15,45)",0.8231292366981506,0.26449781770871933
cka_rl,31,"biggrid50-goal(46,17)",15,"biggrid50-goal(3,24)",0.8353740572929382,0.035856672448574586
cka_rl,31,"biggrid50-goal(46,17)",16,"biggrid50-goal(3,10)",0.6748298406600952,-0.020277821831358903
cka_rl,31,"biggrid50-goal(46,17)",17,"biggrid50-goal(46,31)",0.7557822465896606,0.2457980695141315
cka_rl,31,"biggrid50-goal(46,17)",18,"biggrid50-goal(46,24)",0.8959181904792786,0.6546268881069781
cka_rl,31,"biggrid50-goal(46,17)",19,"biggrid50-goal(3,45)",0.8989794850349426,0.7029997352159462
cka_rl,31,"biggrid50-goal(46,17)",20,"biggrid50-goal(21,10)",0.7499999403953552,0.11445763418612138
cka_rl,31,"biggrid50-goal(46,17)",21,"biggrid50-goal(40,3)",0.9486392736434937,0.8763304284926977
cka_rl,31,"biggrid50-goal(46,17)",22,"biggrid50-goal(15,38)",0.883673369884491,0.3118705370805755
cka_rl,31,"biggrid50-goal(46,17)",23,"biggrid50-goal(40,45)",0.808163046836853,0.5781595404657469
cka_rl,31,"biggrid50-goal(46,17)",24,"biggrid50-goal(15,17)",0.9547617435455322,0.7816083883888493
cka_rl,31,"biggrid50-goal(46,17)",25,"biggrid50-goal(15,24)",0.8721088171005249,0.3011150067293874
cka_rl,31,"biggrid50-goal(46,17)",26,"biggrid50-goal(21,38)",0.8894557952880859,0.4206774793392947
cka_rl,31,"biggrid50-goal(46,17)",27,"biggrid50-goal(33,17)",0.9153059720993042,0.6856056030009882
cka_rl,31,"biggrid50-goal(46,17)",28,"biggrid50-goal(27,17)",0.8306121826171875,0.36317109358385896
cka_rl,31,"biggrid50-goal(46,17)",29,"biggrid50-goal(3,3)",0.6935374140739441,0.17263547447242847
cka_rl,31,"biggrid50-goal(46,17)",30,"biggrid50-goal(9,10)",0.8710883259773254,0.36938434484642807
cka_rl,31,"biggrid50-goal(46,17)",31,"biggrid50-goal(46,17)",0.9272107481956482,0.7287701517704329
cka_rl,32,"biggrid50-goal(40,10)",0,"biggrid50-goal(40,31)",0.8506802320480347,0.5670609859936019
cka_rl,32,"biggrid50-goal(40,10)",1,"biggrid50-goal(9,31)",0.8578230738639832,0.34789373108540717
cka_rl,32,"biggrid50-goal(40,10)",2,"biggrid50-goal(15,31)",0.8013604879379272,0.07886387375367716
cka_rl,32,"biggrid50-goal(40,10)",3,"biggrid50-goal(9,24)",0.8904761672019958,0.342857551574366
cka_rl,32,"biggrid50-goal(40,10)",4,"biggrid50-goal(21,17)",0.7795917391777039,0.21071826949716396
cka_rl,32,"biggrid50-goal(40,10)",5,"biggrid50-goal(27,3)",0.8027210235595703,0.307048803369755
cka_rl,32,"biggrid50-goal(40,10)",6,"biggrid50-goal(3,31)",0.8755101561546326,0.5100400372245081
cka_rl,32,"biggrid50-goal(40,10)",7,"biggrid50-goal(33,10)",0.9190475344657898,0.6860155517615658
cka_rl,32,"biggrid50-goal(40,10)",8,"biggrid50-goal(27,45)",0.6857143044471741,0.11153858985596476
cka_rl,32,"biggrid50-goal(40,10)",9,"biggrid50-goal(21,45)",0.7914965748786926,0.2954023083429026
cka_rl,32,"biggrid50-goal(40,10)",10,"biggrid50-goal(33,3)",0.9316325783729553,0.7406447933823004
cka_rl,32,"biggrid50-goal(40,10)",11,"biggrid50-goal(21,24)",0.8479591608047485,0.2599337114288599
cka_rl,32,"biggrid50-goal(40,10)",12,"biggrid50-goal(21,3)",0.9088433384895325,0.7061397162879363
cka_rl,32,"biggrid50-goal(40,10)",13,"biggrid50-goal(3,17)",0.8054420351982117,0.23936130548298004
cka_rl,32,"biggrid50-goal(40,10)",14,"biggrid50-goal(15,45)",0.803741455078125,0.1838753596771463
cka_rl,32,"biggrid50-goal(40,10)",15,"biggrid50-goal(3,24)",0.7829931378364563,-0.270915839553626
cka_rl,32,"biggrid50-goal(40,10)",16,"biggrid50-goal(3,10)",0.6727890372276306,-0.026681196867640766
cka_rl,32,"biggrid50-goal(40,10)",17,"biggrid50-goal(46,31)",0.7717686295509338,0.2951677845430807
cka_rl,32,"biggrid50-goal(40,10)",18,"biggrid50-goal(46,24)",0.9013603925704956,0.6726856659131051
cka_rl,32,"biggrid50-goal(40,10)",19,"biggrid50-goal(3,45)",0.8986393213272095,0.7019996540809251
cka_rl,32,"biggrid50-goal(40,10)",20,"biggrid50-goal(21,10)",0.7564625144004822,0.13734916102334566
cka_rl,32,"biggrid50-goal(40,10)",21,"biggrid50-goal(40,3)",0.9210882782936096,0.8099914175163039
cka_rl,32,"biggrid50-goal(40,10)",22,"biggrid50-goal(15,38)",0.8367346525192261,0.03420484403493753
cka_rl,32,"biggrid50-goal(40,10)",23,"biggrid50-goal(40,45)",0.7989794015884399,0.5579651354363078
cka_rl,32,"biggrid50-goal(40,10)",24,"biggrid50-goal(15,17)",0.9159862995147705,0.5944165649962018
cka_rl,32,"biggrid50-goal(40,10)",25,"biggrid50-goal(15,24)",0.877210795879364,0.3289957122141313
cka_rl,32,"biggrid50-goal(40,10)",26,"biggrid50-goal(21,38)",0.8914965987205505,0.43137259801828404
cka_rl,32,"biggrid50-goal(40,10)",27,"biggrid50-goal(33,17)",0.9588434100151062,0.8472217981413309
cka_rl,32,"biggrid50-goal(40,10)",28,"biggrid50-goal(27,17)",0.8020408153533936,0.2557544395968996
cka_rl,32,"biggrid50-goal(40,10)",29,"biggrid50-goal(3,3)",0.6982992887496948,0.1854912237960176
cka_rl,32,"biggrid50-goal(40,10)",30,"biggrid50-goal(9,10)",0.8302720189094543,0.1697173835902463
cka_rl,32,"biggrid50-goal(40,10)",31,"biggrid50-goal(46,17)",0.9275509119033813,0.7300376816396733
cka_rl,32,"biggrid50-goal(40,10)",32,"biggrid50-goal(40,10)",0.6959183216094971,0.08024693361198279
cka_rl,33,"biggrid50-goal(46,38)",0,"biggrid50-goal(40,31)",0.8714284896850586,0.6272186618789107
cka_rl,33,"biggrid50-goal(46,38)",1,"biggrid50-goal(9,31)",0.8214285373687744,0.1809671695977736
cka_rl,33,"biggrid50-goal(46,38)",2,"biggrid50-goal(15,31)",0.8166666626930237,0.14984205113236998
cka_rl,33,"biggrid50-goal(46,38)",3,"biggrid50-goal(9,24)",0.8159863352775574,-0.10408106701761852
cka_rl,33,"biggrid50-goal(46,38)",4,"biggrid50-goal(21,17)",0.7826530337333679,0.22168076180783794
cka_rl,33,"biggrid50-goal(46,38)",5,"biggrid50-goal(27,3)",0.788095235824585,0.25567507214159035
cka_rl,33,"biggrid50-goal(46,38)",6,"biggrid50-goal(3,31)",0.8636053800582886,0.4631859046073891
cka_rl,33,"biggrid50-goal(46,38)",7,"biggrid50-goal(33,10)",0.8816325068473816,0.5408966017077578
cka_rl,33,"biggrid50-goal(46,38)",8,"biggrid50-goal(27,45)",0.678911566734314,0.09230777526042167
cka_rl,33,"biggrid50-goal(46,38)",9,"biggrid50-goal(21,45)",0.8411564230918884,0.4632183257474238
cka_rl,33,"biggrid50-goal(46,38)",10,"biggrid50-goal(33,3)",0.9690475463867188,0.8825803312286719
cka_rl,33,"biggrid50-goal(46,38)",11,"biggrid50-goal(21,24)",0.8510203957557678,0.27483442363642485
cka_rl,33,"biggrid50-goal(46,38)",12,"biggrid50-goal(21,3)",0.8200680017471313,0.4199560714562268
cka_rl,33,"biggrid50-goal(46,38)",13,"biggrid50-goal(3,17)",0.7795917987823486,0.1382979020887765
cka_rl,33,"biggrid50-goal(46,38)",14,"biggrid50-goal(15,45)",0.7942177057266235,0.1442716495960735
cka_rl,33,"biggrid50-goal(46,38)",15,"biggrid50-goal(3,24)",0.8591834902763367,0.1752982790766029
cka_rl,33,"biggrid50-goal(46,38)",16,"biggrid50-goal(3,10)",0.6615646481513977,-0.06189966605723109
cka_rl,33,"biggrid50-goal(46,38)",17,"biggrid50-goal(46,31)",0.8051020503044128,0.3981092371234369
cka_rl,33,"biggrid50-goal(46,38)",18,"biggrid50-goal(46,24)",0.9068025946617126,0.690744443719232
cka_rl,33,"biggrid50-goal(46,38)",19,"biggrid50-goal(3,45)",0.9231290817260742,0.773999537723141
cka_rl,33,"biggrid50-goal(46,38)",20,"biggrid50-goal(21,10)",0.7506802678108215,0.1168674686076524
cka_rl,33,"biggrid50-goal(46,38)",21,"biggrid50-goal(40,3)",0.7846937775611877,0.4815722019380913
cka_rl,33,"biggrid50-goal(46,38)",22,"biggrid50-goal(15,38)",0.8374149203300476,0.03822896407380715
cka_rl,33,"biggrid50-goal(46,38)",23,"biggrid50-goal(40,45)",0.7952379584312439,0.5497378774720373
cka_rl,33,"biggrid50-goal(46,38)",24,"biggrid50-goal(15,17)",0.8809522986412048,0.4252868833590387
cka_rl,33,"biggrid50-goal(46,38)",25,"biggrid50-goal(15,24)",0.8948978185653687,0.42564971486419406
cka_rl,33,"biggrid50-goal(46,38)",26,"biggrid50-goal(21,38)",0.8959182500839233,0.4545448866062529
cka_rl,33,"biggrid50-goal(46,38)",27,"biggrid50-goal(33,17)",0.8578230142593384,0.4722219640860275
cka_rl,33,"biggrid50-goal(46,38)",28,"biggrid50-goal(27,17)",0.7979591488838196,0.2404090432494172
cka_rl,33,"biggrid50-goal(46,38)",29,"biggrid50-goal(3,3)",0.6639454960823059,0.09274545098189405
cka_rl,33,"biggrid50-goal(46,38)",30,"biggrid50-goal(9,10)",0.7486394047737122,-0.22961653892211728
cka_rl,33,"biggrid50-goal(46,38)",31,"biggrid50-goal(46,17)",0.9030610918998718,0.6387828603842612
cka_rl,33,"biggrid50-goal(46,38)",32,"biggrid50-goal(40,10)",0.6795918941497803,0.030864538070374134
cka_rl,33,"biggrid50-goal(46,38)",33,"biggrid50-goal(46,38)",0.9625847935676575,0.8992667459087541
cka_rl,34,"biggrid50-goal(27,31)",0,"biggrid50-goal(40,31)",0.8608843088150024,0.596646773561647
cka_rl,34,"biggrid50-goal(27,31)",1,"biggrid50-goal(9,31)",0.8278911709785461,0.21060857488880202
cka_rl,34,"biggrid50-goal(27,31)",2,"biggrid50-goal(15,31)",0.8054420948028564,0.09779120345455967
cka_rl,34,"biggrid50-goal(27,31)",3,"biggrid50-goal(9,24)",0.9248298406600952,0.5489794203214714
cka_rl,34,"biggrid50-goal(27,31)",4,"biggrid50-goal(21,17)",0.7758503556251526,0.19732037926466778
cka_rl,34,"biggrid50-goal(27,31)",5,"biggrid50-goal(27,3)",0.7768706679344177,0.21624827719622283
cka_rl,34,"biggrid50-goal(27,31)",6,"biggrid50-goal(3,31)",0.9088433980941772,0.6412310924576737
cka_rl,34,"biggrid50-goal(27,31)",7,"biggrid50-goal(33,10)",0.9299318194389343,0.7282316373274643
cka_rl,34,"biggrid50-goal(27,31)",8,"biggrid50-goal(27,45)",0.6772109270095825,0.08750019798483454
cka_rl,34,"biggrid50-goal(27,31)",9,"biggrid50-goal(21,45)",0.8421767950057983,0.4666664786722708
cka_rl,34,"biggrid50-goal(27,31)",10,"biggrid50-goal(33,3)",0.9391155242919922,0.7690317200610325
cka_rl,34,"biggrid50-goal(27,31)",11,"biggrid50-goal(21,24)",0.8656461834907532,0.34602616727419583
cka_rl,34,"biggrid50-goal(27,31)",12,"biggrid50-goal(21,3)",0.7989795207977295,0.35197346994184303
cka_rl,34,"biggrid50-goal(27,31)",13,"biggrid50-goal(3,17)",0.8091837167739868,0.2539896852154444
cka_rl,34,"biggrid50-goal(27,31)",14,"biggrid50-goal(15,45)",0.8085033297538757,0.20367721471768271
cka_rl,34,"biggrid50-goal(27,31)",15,"biggrid50-goal(3,24)",0.8636053204536438,0.20119503623961185
cka_rl,34,"biggrid50-goal(27,31)",16,"biggrid50-goal(3,10)",0.6581632494926453,-0.07257214480428739
cka_rl,34,"biggrid50-goal(27,31)",17,"biggrid50-goal(46,31)",0.8136053681373596,0.42436948493747584
cka_rl,34,"biggrid50-goal(27,31)",18,"biggrid50-goal(46,24)",0.9037413001060486,0.6805861957796594
cka_rl,34,"biggrid50-goal(27,31)",19,"biggrid50-goal(3,45)",0.9666664600372314,0.9019994087482478
cka_rl,34,"biggrid50-goal(27,31)",20,"biggrid50-goal(21,10)",0.7564624547958374,0.1373489498936434
cka_rl,34,"biggrid50-goal(27,31)",21,"biggrid50-goal(40,3)",0.799659788608551,0.5176083000367411
cka_rl,34,"biggrid50-goal(27,31)",22,"biggrid50-goal(15,38)",0.8564625382423401,0.1509050303439736
cka_rl,34,"biggrid50-goal(27,31)",23,"biggrid50-goal(40,45)",0.7999998927116394,0.5602091475375371
cka_rl,34,"biggrid50-goal(27,31)",24,"biggrid50-goal(15,17)",0.9999999403953552,0.9999997122534011
cka_rl,34,"biggrid50-goal(27,31)",25,"biggrid50-goal(15,24)",0.8792516589164734,0.3401483852727389
cka_rl,34,"biggrid50-goal(27,31)",26,"biggrid50-goal(21,38)",0.9173468351364136,0.566844413652043
cka_rl,34,"biggrid50-goal(27,31)",27,"biggrid50-goal(33,17)",0.9289115071296692,0.7361109820430137
cka_rl,34,"biggrid50-goal(27,31)",28,"biggrid50-goal(27,17)",0.8238094449043274,0.33759558239744397
cka_rl,34,"biggrid50-goal(27,31)",29,"biggrid50-goal(3,3)",0.68265300989151,0.14325058275770958
cka_rl,34,"biggrid50-goal(27,31)",30,"biggrid50-goal(9,10)",0.7993196249008179,0.01830313523524834
cka_rl,34,"biggrid50-goal(27,31)",31,"biggrid50-goal(46,17)",0.8996598124504089,0.6261088942972928
cka_rl,34,"biggrid50-goal(27,31)",32,"biggrid50-goal(40,10)",0.6768707633018494,0.02263395852781645
cka_rl,34,"biggrid50-goal(27,31)",33,"biggrid50-goal(46,38)",0.9448977708816528,0.8516478358388949
cka_rl,34,"biggrid50-goal(27,31)",34,"biggrid50-goal(27,31)",0.9068027138710022,0.49070621435802425
cka_rl,35,"biggrid50-goal(21,31)",0,"biggrid50-goal(40,31)",0.87312912940979,0.6321495112614399
cka_rl,35,"biggrid50-goal(21,31)",1,"biggrid50-goal(9,31)",0.8656463027000427,0.38377561927778037
cka_rl,35,"biggrid50-goal(21,31)",2,"biggrid50-goal(15,31)",0.8282312750816345,0.2034697616850238
cka_rl,35,"biggrid50-goal(21,31)",3,"biggrid50-goal(9,24)",0.9003401398658752,0.40204133817084226
cka_rl,35,"biggrid50-goal(21,31)",4,"biggrid50-goal(21,17)",0.8183672428131104,0.34957330376989354
cka_rl,35,"biggrid50-goal(21,31)",5,"biggrid50-goal(27,3)",0.7778910994529724,0.21983258838143016
cka_rl,35,"biggrid50-goal(21,31)",6,"biggrid50-goal(3,31)",0.8717686533927917,0.49531444598516977
cka_rl,35,"biggrid50-goal(21,31)",7,"biggrid50-goal(33,10)",0.9360543489456177,0.7519786478266951
cka_rl,35,"biggrid50-goal(21,31)",8,"biggrid50-goal(27,45)",0.6826530694961548,0.1028847148630838
cka_rl,35,"biggrid50-goal(21,31)",9,"biggrid50-goal(21,45)",0.8914965391159058,0.6333331789093652
cka_rl,35,"biggrid50-goal(21,31)",10,"biggrid50-goal(33,3)",0.9391154646873474,0.7690314939478546
cka_rl,35,"biggrid50-goal(21,31)",11,"biggrid50-goal(21,24)",0.890816330909729,0.4685431020776686
cka_rl,35,"biggrid50-goal(21,31)",12,"biggrid50-goal(21,3)",0.7874148488044739,0.3146926202851801
cka_rl,35,"biggrid50-goal(21,31)",13,"biggrid50-goal(3,17)",0.7938774824142456,0.19414883453001364
cka_rl,35,"biggrid50-goal(21,31)",14,"biggrid50-goal(15,45)",0.8340135812759399,0.30975944851941534
cka_rl,35,"biggrid50-goal(21,31)",15,"biggrid50-goal(3,24)",0.8880950808525085,0.3446210278763828
cka_rl,35,"biggrid50-goal(21,31)",16,"biggrid50-goal(3,10)",0.660544216632843,-0.06510144708533196
cka_rl,35,"biggrid50-goal(21,31)",17,"biggrid50-goal(46,31)",0.8224489688873291,0.45168060652848663
cka_rl,35,"biggrid50-goal(21,31)",18,"biggrid50-goal(46,24)",0.8938774466514587,0.6478551183843323
cka_rl,35,"biggrid50-goal(21,31)",19,"biggrid50-goal(3,45)",0.9785711765289307,0.9369992694343346
cka_rl,35,"biggrid50-goal(21,31)",20,"biggrid50-goal(21,10)",0.7540816068649292,0.12891558506679615
cka_rl,35,"biggrid50-goal(21,31)",21,"biggrid50-goal(40,3)",0.833673357963562,0.5995083011848994
cka_rl,35,"biggrid50-goal(21,31)",22,"biggrid50-goal(15,38)",0.8619046807289124,0.18309799065493057
cka_rl,35,"biggrid50-goal(21,31)",23,"biggrid50-goal(40,45)",0.8102039098739624,0.582647302532571
cka_rl,35,"biggrid50-goal(21,31)",24,"biggrid50-goal(15,17)",0.9999999403953552,0.9999997122534011
cka_rl,35,"biggrid50-goal(21,31)",25,"biggrid50-goal(15,24)",0.8799319863319397,0.3438661601060025
cka_rl,35,"biggrid50-goal(21,31)",26,"biggrid50-goal(21,38)",0.9227889776229858,0.5953647301293479
cka_rl,35,"biggrid50-goal(21,31)",27,"biggrid50-goal(33,17)",0.946938693523407,0.8030300616561988
cka_rl,35,"biggrid50-goal(21,31)",28,"biggrid50-goal(27,17)",0.8323128819465637,0.36956502740273356
cka_rl,35,"biggrid50-goal(21,31)",29,"biggrid50-goal(3,3)",0.7105441689491272,0.2185490258299329
cka_rl,35,"biggrid50-goal(21,31)",30,"biggrid50-goal(9,10)",0.8085033297538757,0.06322837646382366
cka_rl,35,"biggrid50-goal(21,31)",31,"biggrid50-goal(46,17)",0.8857141733169556,0.5741441674747438
cka_rl,35,"biggrid50-goal(21,31)",32,"biggrid50-goal(40,10)",0.6853741407394409,0.048354046348549076
cka_rl,35,"biggrid50-goal(21,31)",33,"biggrid50-goal(46,38)",0.9214285016059875,0.788461337868972
cka_rl,35,"biggrid50-goal(21,31)",34,"biggrid50-goal(27,31)",0.9278910160064697,0.6059471368508551
cka_rl,35,"biggrid50-goal(21,31)",35,"biggrid50-goal(21,31)",0.8676870465278625,0.4132729684196949
cka_rl,36,"biggrid50-goal(46,10)",0,"biggrid50-goal(40,31)",0.8482992053031921,0.5601574166579826
cka_rl,36,"biggrid50-goal(46,10)",1,"biggrid50-goal(9,31)",0.8448979258537292,0.28861146726664827
cka_rl,36,"biggrid50-goal(46,10)",2,"biggrid50-goal(15,31)",0.8040816783905029,0.09148264635457219
cka_rl,36,"biggrid50-goal(46,10)",3,"biggrid50-goal(9,24)",0.9166666269302368,0.5000001788137851
cka_rl,36,"biggrid50-goal(46,10)",4,"biggrid50-goal(21,17)",0.8054420948028564,0.3032883634937053
cka_rl,36,"biggrid50-goal(46,10)",5,"biggrid50-goal(27,3)",0.8013604879379272,0.30226986136545925
cka_rl,36,"biggrid50-goal(46,10)",6,"biggrid50-goal(3,31)",0.9506800770759583,0.8058894858124376
cka_rl,36,"biggrid50-goal(46,10)",7,"biggrid50-goal(33,10)",0.919387698173523,0.6873349200276034
cka_rl,36,"biggrid50-goal(46,10)",8,"biggrid50-goal(27,45)",0.6806122660636902,0.09711552103374033
cka_rl,36,"biggrid50-goal(46,10)",9,"biggrid50-goal(21,45)",0.8571427464485168,0.5172410667580857
cka_rl,36,"biggrid50-goal(46,10)",10,"biggrid50-goal(33,3)",0.9751699566841125,0.9058059985112709
cka_rl,36,"biggrid50-goal(46,10)",11,"biggrid50-goal(21,24)",0.8659862875938416,0.3476816407813974
cka_rl,36,"biggrid50-goal(46,10)",12,"biggrid50-goal(21,3)",0.8404760956764221,0.4857453201267168
cka_rl,36,"biggrid50-goal(46,10)",13,"biggrid50-goal(3,17)",0.7962583899497986,0.20345716791772034
cka_rl,36,"biggrid50-goal(46,10)",14,"biggrid50-goal(15,45)",0.8442176580429077,0.35219224289574896
cka_rl,36,"biggrid50-goal(46,10)",15,"biggrid50-goal(3,24)",0.8010203242301941,-0.16533836379103725
cka_rl,36,"biggrid50-goal(46,10)",16,"biggrid50-goal(3,10)",0.6639455556869507,-0.054429155358195515
cka_rl,36,"biggrid50-goal(46,10)",17,"biggrid50-goal(46,31)",0.7965986132621765,0.3718486211630406
cka_rl,36,"biggrid50-goal(46,10)",18,"biggrid50-goal(46,24)",0.9044216871261597,0.6828439138526777
cka_rl,36,"biggrid50-goal(46,10)",19,"biggrid50-goal(3,45)",0.9622448086738586,0.8889997558939862
cka_rl,36,"biggrid50-goal(46,10)",20,"biggrid50-goal(21,10)",0.75782310962677,0.14216861873670542
cka_rl,36,"biggrid50-goal(46,10)",21,"biggrid50-goal(40,3)",0.9952380061149597,0.988533773077983
cka_rl,36,"biggrid50-goal(46,10)",22,"biggrid50-goal(15,38)",0.8544217348098755,0.13883267022736473
cka_rl,36,"biggrid50-goal(46,10)",23,"biggrid50-goal(40,45)",0.8204079866409302,0.6050855885954223
cka_rl,36,"biggrid50-goal(46,10)",24,"biggrid50-goal(15,17)",0.9166666269302368,0.5977009046753068
cka_rl,36,"biggrid50-goal(46,10)",25,"biggrid50-goal(15,24)",0.8785713911056519,0.3364309361600669
cka_rl,36,"biggrid50-goal(46,10)",26,"biggrid50-goal(21,38)",0.937414824962616,0.672013549211946
cka_rl,36,"biggrid50-goal(46,10)",27,"biggrid50-goal(33,17)",0.9517005681991577,0.8207067119983326
cka_rl,36,"biggrid50-goal(46,10)",28,"biggrid50-goal(27,17)",0.8404761552810669,0.4002555960086149
cka_rl,36,"biggrid50-goal(46,10)",29,"biggrid50-goal(3,3)",0.6608842611312866,0.08448096024438652
cka_rl,36,"biggrid50-goal(46,10)",30,"biggrid50-goal(9,10)",0.827551007270813,0.15640662217014017
cka_rl,36,"biggrid50-goal(46,10)",31,"biggrid50-goal(46,17)",0.9156461358070374,0.6856776898307547
cka_rl,36,"biggrid50-goal(46,10)",32,"biggrid50-goal(40,10)",0.6853741407394409,0.048354046348549076
cka_rl,36,"biggrid50-goal(46,10)",33,"biggrid50-goal(46,38)",0.8921768069267273,0.7097067705768256
cka_rl,36,"biggrid50-goal(46,10)",34,"biggrid50-goal(27,31)",0.9159862995147705,0.5408916145188
cka_rl,36,"biggrid50-goal(46,10)",35,"biggrid50-goal(21,31)",0.861564576625824,0.38612355865068615
cka_rl,36,"biggrid50-goal(46,10)",36,"biggrid50-goal(46,10)",0.9714283347129822,0.9322028264886927
cka_rl,37,"biggrid50-goal(9,17)",0,"biggrid50-goal(40,31)",0.7877550721168518,0.38461523838458517
cka_rl,37,"biggrid50-goal(9,17)",1,"biggrid50-goal(9,31)",0.8809522986412048,0.4539778396835334
cka_rl,37,"biggrid50-goal(9,17)",2,"biggrid50-goal(15,31)",0.8231292963027954,0.1798107377589973
cka_rl,37,"biggrid50-goal(9,17)",3,"biggrid50-goal(9,24)",0.9479591250419617,0.6877550108092934
cka_rl,37,"biggrid50-goal(9,17)",4,"biggrid50-goal(21,17)",0.7840136289596558,0.2265530517606369
cka_rl,37,"biggrid50-goal(9,17)",5,"biggrid50-goal(27,3)",0.7867346405982971,0.2508959207733235
cka_rl,37,"biggrid50-goal(9,17)",6,"biggrid50-goal(3,31)",0.9544216990470886,0.8206155462288369
cka_rl,37,"biggrid50-goal(9,17)",7,"biggrid50-goal(33,10)",0.9275509119033813,0.7189969842020273
cka_rl,37,"biggrid50-goal(9,17)",8,"biggrid50-goal(27,45)",0.6901360154151917,0.12403842557067654
cka_rl,37,"biggrid50-goal(9,17)",9,"biggrid50-goal(21,45)",0.8955782055854797,0.6471263948764544
cka_rl,37,"biggrid50-goal(9,17)",10,"biggrid50-goal(33,3)",0.9306121468544006,0.7367737357786117
cka_rl,37,"biggrid50-goal(9,17)",11,"biggrid50-goal(21,24)",0.8935373425483704,0.48178776052093164
cka_rl,37,"biggrid50-goal(9,17)",12,"biggrid50-goal(21,3)",0.8044217228889465,0.36951741049477543
cka_rl,37,"biggrid50-goal(9,17)",13,"biggrid50-goal(3,17)",0.8384353518486023,0.36835110721279907
cka_rl,37,"biggrid50-goal(9,17)",14,"biggrid50-goal(15,45)",0.8350339531898499,0.3140025792405096
cka_rl,37,"biggrid50-goal(9,17)",15,"biggrid50-goal(3,24)",0.8792515993118286,0.292828560786656
cka_rl,37,"biggrid50-goal(9,17)",16,"biggrid50-goal(3,10)",0.6870748400688171,0.01814298944609188
cka_rl,37,"biggrid50-goal(9,17)",17,"biggrid50-goal(46,31)",0.7656461596488953,0.2762601557774496
cka_rl,37,"biggrid50-goal(9,17)",18,"biggrid50-goal(46,24)",0.8748298287391663,0.5846496927406898
cka_rl,37,"biggrid50-goal(9,17)",19,"biggrid50-goal(3,45)",0.9503399133682251,0.8539993694950195
cka_rl,37,"biggrid50-goal(9,17)",20,"biggrid50-goal(21,10)",0.7557822465896606,0.1349395377315169
cka_rl,37,"biggrid50-goal(9,17)",21,"biggrid50-goal(40,3)",0.9952380061149597,0.988533773077983
cka_rl,37,"biggrid50-goal(9,17)",22,"biggrid50-goal(15,38)",0.8833333253860474,0.30985900594750343
cka_rl,37,"biggrid50-goal(9,17)",23,"biggrid50-goal(40,45)",0.800000011920929,0.5602094096731719
cka_rl,37,"biggrid50-goal(9,17)",24,"biggrid50-goal(15,17)",0.9999999403953552,0.9999997122534011
cka_rl,37,"biggrid50-goal(9,17)",25,"biggrid50-goal(15,24)",0.9068027138710022,0.49070621435802425
cka_rl,37,"biggrid50-goal(9,17)",26,"biggrid50-goal(21,38)",0.9173468351364136,0.566844413652043
cka_rl,37,"biggrid50-goal(9,17)",27,"biggrid50-goal(33,17)",0.960884153842926,0.8547972841712212
cka_rl,37,"biggrid50-goal(9,17)",28,"biggrid50-goal(27,17)",0.8292516469955444,0.35805603616439263
cka_rl,37,"biggrid50-goal(9,17)",29,"biggrid50-goal(3,3)",0.6952381134033203,0.17722689397462482
cka_rl,37,"biggrid50-goal(9,17)",30,"biggrid50-goal(9,10)",0.8795917630195618,0.4109818228258375
cka_rl,37,"biggrid50-goal(9,17)",31,"biggrid50-goal(46,17)",0.9227889776229858,0.7122935960757435
cka_rl,37,"biggrid50-goal(9,17)",32,"biggrid50-goal(40,10)",0.680272102355957,0.03292195759898492
cka_rl,37,"biggrid50-goal(9,17)",33,"biggrid50-goal(46,38)",0.8568026423454285,0.6144686294890008
cka_rl,37,"biggrid50-goal(9,17)",34,"biggrid50-goal(27,31)",0.8863944411277771,0.37918143809549865
cka_rl,37,"biggrid50-goal(9,17)",35,"biggrid50-goal(21,31)",0.8795917630195618,0.4660631056336651
cka_rl,37,"biggrid50-goal(9,17)",36,"biggrid50-goal(46,10)",0.8387753367424011,0.6174329931638927
cka_rl,37,"biggrid50-goal(9,17)",37,"biggrid50-goal(9,17)",0.9176869988441467,0.5805889563248329
cka_rl,38,"biggrid50-goal(33,24)",0,"biggrid50-goal(40,31)",0.8255100846290588,0.49408244500449067
cka_rl,38,"biggrid50-goal(33,24)",1,"biggrid50-goal(9,31)",0.8442175388336182,0.2854908157435024
cka_rl,38,"biggrid50-goal(33,24)",2,"biggrid50-goal(15,31)",0.8350340723991394,0.23501586398680133
cka_rl,38,"biggrid50-goal(33,24)",3,"biggrid50-goal(9,24)",0.9520407319068909,0.7122446315631364
cka_rl,38,"biggrid50-goal(33,24)",4,"biggrid50-goal(21,17)",0.8064625859260559,0.3069427410414282
cka_rl,38,"biggrid50-goal(33,24)",5,"biggrid50-goal(27,3)",0.8003400564193726,0.2986855501802519
cka_rl,38,"biggrid50-goal(33,24)",6,"biggrid50-goal(3,31)",0.878911554813385,0.5234270663085595
cka_rl,38,"biggrid50-goal(33,24)",7,"biggrid50-goal(33,10)",0.9105441570281982,0.6530341193211044
cka_rl,38,"biggrid50-goal(33,24)",8,"biggrid50-goal(27,45)",0.6938775181770325,0.13461536517333866
cka_rl,38,"biggrid50-goal(33,24)",9,"biggrid50-goal(21,45)",0.8877550959587097,0.6206896829548368
cka_rl,38,"biggrid50-goal(33,24)",10,"biggrid50-goal(33,3)",0.9527209997177124,0.8206447662487191
cka_rl,38,"biggrid50-goal(33,24)",11,"biggrid50-goal(21,24)",0.8969387412071228,0.4983442363642483
cka_rl,38,"biggrid50-goal(33,24)",12,"biggrid50-goal(21,3)",0.8404760956764221,0.4857453201267168
cka_rl,38,"biggrid50-goal(33,24)",13,"biggrid50-goal(3,17)",0.7874149084091187,0.16888292542427544
cka_rl,38,"biggrid50-goal(33,24)",14,"biggrid50-goal(15,45)",0.8387754559516907,0.3295613035599517
cka_rl,38,"biggrid50-goal(33,24)",15,"biggrid50-goal(3,24)",0.8581632375717163,0.16932309787854363
cka_rl,38,"biggrid50-goal(33,24)",16,"biggrid50-goal(3,10)",0.6697279214859009,-0.03628597889218376
cka_rl,38,"biggrid50-goal(33,24)",17,"biggrid50-goal(46,31)",0.808503270149231,0.4086130049173309
cka_rl,38,"biggrid50-goal(33,24)",18,"biggrid50-goal(46,24)",0.8629251718521118,0.5451466478375155
cka_rl,38,"biggrid50-goal(33,24)",19,"biggrid50-goal(3,45)",0.9455779790878296,0.8399992850304835
cka_rl,38,"biggrid50-goal(33,24)",20,"biggrid50-goal(21,10)",0.7568027377128601,0.13855428936381342
cka_rl,38,"biggrid50-goal(33,24)",21,"biggrid50-goal(40,3)",0.893877387046814,0.7444713304859006
cka_rl,38,"biggrid50-goal(33,24)",22,"biggrid50-goal(15,38)",0.8704081177711487,0.2334000200271636
cka_rl,38,"biggrid50-goal(33,24)",23,"biggrid50-goal(40,45)",0.8214284777641296,0.6073296006966517
cka_rl,38,"biggrid50-goal(33,24)",24,"biggrid50-goal(15,17)",0.9999999403953552,0.9999997122534011
cka_rl,38,"biggrid50-goal(33,24)",25,"biggrid50-goal(15,24)",0.8928571343421936,0.4144980189673615
cka_rl,38,"biggrid50-goal(33,24)",26,"biggrid50-goal(21,38)",0.893877387046814,0.44384945556070265
cka_rl,38,"biggrid50-goal(33,24)",27,"biggrid50-goal(33,17)",0.9520406126976013,0.8219689979905204
cka_rl,38,"biggrid50-goal(33,24)",28,"biggrid50-goal(27,17)",0.8214285373687744,0.32864434395791964
cka_rl,38,"biggrid50-goal(33,24)",29,"biggrid50-goal(3,3)",0.6857141852378845,0.15151491257910235
cka_rl,38,"biggrid50-goal(33,24)",30,"biggrid50-goal(9,10)",0.8357141613960266,0.19633948958357328
cka_rl,38,"biggrid50-goal(33,24)",31,"biggrid50-goal(46,17)",0.8931971192359924,0.6020273814880672
cka_rl,38,"biggrid50-goal(33,24)",32,"biggrid50-goal(40,10)",0.6778911352157593,0.025720268106355536
cka_rl,38,"biggrid50-goal(33,24)",33,"biggrid50-goal(46,38)",0.8993196487426758,0.7289374996890815
cka_rl,38,"biggrid50-goal(33,24)",34,"biggrid50-goal(27,31)",0.9323129057884216,0.6301113703847021
cka_rl,38,"biggrid50-goal(33,24)",35,"biggrid50-goal(21,31)",0.8812925219535828,0.4736049313930149
cka_rl,38,"biggrid50-goal(33,24)",36,"biggrid50-goal(46,10)",0.8187073469161987,0.5698140330996926
cka_rl,38,"biggrid50-goal(33,24)",37,"biggrid50-goal(9,17)",0.877210795879364,0.37434976821256416
cka_rl,38,"biggrid50-goal(33,24)",38,"biggrid50-goal(33,24)",0.9238094687461853,0.6398711806226627
cka_rl,39,"biggrid50-goal(40,17)",0,"biggrid50-goal(40,31)",0.832312822341919,0.5138063609892599
cka_rl,39,"biggrid50-goal(40,17)",1,"biggrid50-goal(9,31)",0.8510203957557678,0.31669268348692825
cka_rl,39,"biggrid50-goal(40,17)",2,"biggrid50-goal(15,31)",0.8044217228889465,0.09305950922941572
cka_rl,39,"biggrid50-goal(40,17)",3,"biggrid50-goal(9,24)",0.9397957921028137,0.6387750540464665
cka_rl,39,"biggrid50-goal(40,17)",4,"biggrid50-goal(21,17)",0.7925169467926025,0.2570034232175171
cka_rl,39,"biggrid50-goal(40,17)",5,"biggrid50-goal(27,3)",0.8166666030883789,0.35603327295974285
cka_rl,39,"biggrid50-goal(40,17)",6,"biggrid50-goal(3,31)",0.8622447848320007,0.45783095222065023
cka_rl,39,"biggrid50-goal(40,17)",7,"biggrid50-goal(33,10)",0.916666567325592,0.6767806674519223
cka_rl,39,"biggrid50-goal(40,17)",8,"biggrid50-goal(27,45)",0.6823129057884216,0.10192309830932746
cka_rl,39,"biggrid50-goal(40,17)",9,"biggrid50-goal(21,45)",0.8527210354804993,0.5022987350461369
cka_rl,39,"biggrid50-goal(40,17)",10,"biggrid50-goal(33,3)",0.9459182024002075,0.794838017041698
cka_rl,39,"biggrid50-goal(40,17)",11,"biggrid50-goal(21,24)",0.8908162713050842,0.4685428119491184
cka_rl,39,"biggrid50-goal(40,17)",12,"biggrid50-goal(21,3)",0.8595237135887146,0.5471488238421586
cka_rl,39,"biggrid50-goal(40,17)",13,"biggrid50-goal(3,17)",0.785374104976654,0.16090425407963432
cka_rl,39,"biggrid50-goal(40,17)",14,"biggrid50-goal(15,45)",0.8095238208770752,0.20792084116057397
cka_rl,39,"biggrid50-goal(40,17)",15,"biggrid50-goal(3,24)",0.8275509476661682,-0.009959915285565628
cka_rl,39,"biggrid50-goal(40,17)",16,"biggrid50-goal(3,10)",0.6707482933998108,-0.03308438488400277
cka_rl,39,"biggrid50-goal(40,17)",17,"biggrid50-goal(46,31)",0.7935373187065125,0.3623946227070464
cka_rl,39,"biggrid50-goal(40,17)",18,"biggrid50-goal(46,24)",0.8840134739875793,0.6151236454186025
cka_rl,39,"biggrid50-goal(40,17)",19,"biggrid50-goal(3,45)",0.9316324591636658,0.7989994632471498
cka_rl,39,"biggrid50-goal(40,17)",20,"biggrid50-goal(21,10)",0.7564626336097717,0.13734958328275018
cka_rl,39,"biggrid50-goal(40,17)",21,"biggrid50-goal(40,3)",0.8891155123710632,0.733005390603472
cka_rl,39,"biggrid50-goal(40,17)",22,"biggrid50-goal(15,38)",0.8632652163505554,0.19114623073266981
cka_rl,39,"biggrid50-goal(40,17)",23,"biggrid50-goal(40,45)",0.9153059720993042,0.8137618062613193
cka_rl,39,"biggrid50-goal(40,17)",24,"biggrid50-goal(15,17)",0.9710882902145386,0.8604262102621947
cka_rl,39,"biggrid50-goal(40,17)",25,"biggrid50-goal(15,24)",0.8860543370246887,0.3773228763994585
cka_rl,39,"biggrid50-goal(40,17)",26,"biggrid50-goal(21,38)",0.8836734294891357,0.390374174532317
cka_rl,39,"biggrid50-goal(40,17)",27,"biggrid50-goal(33,17)",0.9408161640167236,0.7803024972685503
cka_rl,39,"biggrid50-goal(40,17)",28,"biggrid50-goal(27,17)",0.8047618269920349,0.26598433034674873
cka_rl,39,"biggrid50-goal(40,17)",29,"biggrid50-goal(3,3)",0.6748298406600952,0.12213018178049818
cka_rl,39,"biggrid50-goal(40,17)",30,"biggrid50-goal(9,10)",0.7993196249008179,0.01830313523524834
cka_rl,39,"biggrid50-goal(40,17)",31,"biggrid50-goal(46,17)",0.8948977589607239,0.6083643645315514
cka_rl,39,"biggrid50-goal(40,17)",32,"biggrid50-goal(40,10)",0.6823129057884216,0.039094757041686
cka_rl,39,"biggrid50-goal(40,17)",33,"biggrid50-goal(46,38)",0.927210807800293,0.804029086243089
cka_rl,39,"biggrid50-goal(40,17)",34,"biggrid50-goal(27,31)",0.9394557476043701,0.6691447489280535
cka_rl,39,"biggrid50-goal(40,17)",35,"biggrid50-goal(21,31)",0.8557823300361633,0.3604828312057247
cka_rl,39,"biggrid50-goal(40,17)",36,"biggrid50-goal(46,10)",0.8673468232154846,0.6852297423709387
cka_rl,39,"biggrid50-goal(40,17)",37,"biggrid50-goal(9,17)",0.8506802320480347,0.23916806775773597
cka_rl,39,"biggrid50-goal(40,17)",38,"biggrid50-goal(33,24)",0.9081631898880005,0.5659161124518449
cka_rl,39,"biggrid50-goal(40,17)",39,"biggrid50-goal(40,17)",0.9343537092208862,0.7250711372397678
cka_rl,40,"biggrid50-goal(40,38)",0,"biggrid50-goal(40,31)",0.9088433980941772,0.7356997677495974
cka_rl,40,"biggrid50-goal(40,38)",1,"biggrid50-goal(9,31)",0.839115560054779,0.2620901667354677
cka_rl,40,"biggrid50-goal(40,38)",2,"biggrid50-goal(15,31)",0.8153060674667358,0.14353266483192245
cka_rl,40,"biggrid50-goal(40,38)",3,"biggrid50-goal(9,24)",0.9377549886703491,0.626530243669545
cka_rl,40,"biggrid50-goal(40,38)",4,"biggrid50-goal(21,17)",0.769727885723114,0.1753958215316497
cka_rl,40,"biggrid50-goal(40,38)",5,"biggrid50-goal(27,3)",0.7642856240272522,0.17204274961053068
cka_rl,40,"biggrid50-goal(40,38)",6,"biggrid50-goal(3,31)",0.8476189374923706,0.4002673840071146
cka_rl,40,"biggrid50-goal(40,38)",7,"biggrid50-goal(33,10)",0.9006801843643188,0.6147754450006994
cka_rl,40,"biggrid50-goal(40,38)",8,"biggrid50-goal(27,45)",0.6738095879554749,0.07788487493592874
cka_rl,40,"biggrid50-goal(40,38)",9,"biggrid50-goal(21,45)",0.8493196368217468,0.49080435483646806
cka_rl,40,"biggrid50-goal(40,38)",10,"biggrid50-goal(33,3)",0.9241494536399841,0.712257188364035
cka_rl,40,"biggrid50-goal(40,38)",11,"biggrid50-goal(21,24)",0.8659862875938416,0.3476816407813974
cka_rl,40,"biggrid50-goal(40,38)",12,"biggrid50-goal(21,3)",0.819387674331665,0.4177629107588809
cka_rl,40,"biggrid50-goal(40,38)",13,"biggrid50-goal(3,17)",0.8061224222183228,0.24202132865535886
cka_rl,40,"biggrid50-goal(40,38)",14,"biggrid50-goal(15,45)",0.7972788214683533,0.1570010417593563
cka_rl,40,"biggrid50-goal(40,38)",15,"biggrid50-goal(3,24)",0.825850248336792,-0.019920179649894943
cka_rl,40,"biggrid50-goal(40,38)",16,"biggrid50-goal(3,10)",0.6595237851142883,-0.06830322811343281
cka_rl,40,"biggrid50-goal(40,38)",17,"biggrid50-goal(46,31)",0.798979640007019,0.3792017924309845
cka_rl,40,"biggrid50-goal(40,38)",18,"biggrid50-goal(46,24)",0.9261903166770935,0.7550784317215817
cka_rl,40,"biggrid50-goal(40,38)",19,"biggrid50-goal(3,45)",0.9119046330451965,0.7409996640694698
cka_rl,40,"biggrid50-goal(40,38)",20,"biggrid50-goal(21,10)",0.7465985417366028,0.10240930659727537
cka_rl,40,"biggrid50-goal(40,38)",21,"biggrid50-goal(40,3)",0.8057822585105896,0.532350366262515
cka_rl,40,"biggrid50-goal(40,38)",22,"biggrid50-goal(15,38)",0.8585034012794495,0.16297774305149096
cka_rl,40,"biggrid50-goal(40,38)",23,"biggrid50-goal(40,45)",0.84183669090271,0.6522063038901714
cka_rl,40,"biggrid50-goal(40,38)",24,"biggrid50-goal(15,17)",0.9316324591636658,0.6699497594438434
cka_rl,40,"biggrid50-goal(40,38)",25,"biggrid50-goal(15,24)",0.8391157388687134,0.12081823618390966
cka_rl,40,"biggrid50-goal(40,38)",26,"biggrid50-goal(21,38)",0.8925169706344604,0.4367200011744983
cka_rl,40,"biggrid50-goal(40,38)",27,"biggrid50-goal(33,17)",0.9176869988441467,0.6944442600614482
cka_rl,40,"biggrid50-goal(40,38)",28,"biggrid50-goal(27,17)",0.8047618865966797,0.2659845544358322
cka_rl,40,"biggrid50-goal(40,38)",29,"biggrid50-goal(3,3)",0.6278911828994751,-0.004591258586081593
cka_rl,40,"biggrid50-goal(40,38)",30,"biggrid50-goal(9,10)",0.7707482576370239,-0.12146350438283302
cka_rl,40,"biggrid50-goal(40,38)",31,"biggrid50-goal(46,17)",0.8921767473220825,0.5982252360821578
cka_rl,40,"biggrid50-goal(40,38)",32,"biggrid50-goal(40,10)",0.6785714626312256,0.027778048206212137
cka_rl,40,"biggrid50-goal(40,38)",33,"biggrid50-goal(46,38)",0.9744895696640015,0.9313180680785494
cka_rl,40,"biggrid50-goal(40,38)",34,"biggrid50-goal(27,31)",0.935033917427063,0.6449808411147983
cka_rl,40,"biggrid50-goal(40,38)",35,"biggrid50-goal(21,31)",0.8598638772964478,0.37858199720148417
cka_rl,40,"biggrid50-goal(40,38)",36,"biggrid50-goal(46,10)",0.8163264393806458,0.5641644218614001
cka_rl,40,"biggrid50-goal(40,38)",37,"biggrid50-goal(9,17)",0.8523808717727661,0.24783337058777796
cka_rl,40,"biggrid50-goal(40,38)",38,"biggrid50-goal(33,24)",0.8836734890937805,0.4501609537885417
cka_rl,40,"biggrid50-goal(40,38)",39,"biggrid50-goal(40,17)",0.9176868796348572,0.6552698971464974
cka_rl,40,"biggrid50-goal(40,38)",40,"biggrid50-goal(40,38)",0.7938774824142456,0.4283016759333224
cka_rl,41,"biggrid50-goal(33,38)",0,"biggrid50-goal(40,31)",0.8775509595870972,0.6449702035470248
cka_rl,41,"biggrid50-goal(33,38)",1,"biggrid50-goal(9,31)",0.8530612587928772,0.32605327114812094
cka_rl,41,"biggrid50-goal(33,38)",2,"biggrid50-goal(15,31)",0.8231291174888611,0.17980990855853726
cka_rl,41,"biggrid50-goal(33,38)",3,"biggrid50-goal(9,24)",0.885033905506134,0.31020400864743464
cka_rl,41,"biggrid50-goal(33,38)",4,"biggrid50-goal(21,17)",0.7574830651283264,0.13154713295394344
cka_rl,41,"biggrid50-goal(33,38)",5,"biggrid50-goal(27,3)",0.7435373663902283,0.09916356999906414
cka_rl,41,"biggrid50-goal(33,38)",6,"biggrid50-goal(3,31)",0.8612244129180908,0.4538150311662592
cka_rl,41,"biggrid50-goal(33,38)",7,"biggrid50-goal(33,10)",0.9122447371482849,0.6596300359144665
cka_rl,41,"biggrid50-goal(33,38)",8,"biggrid50-goal(27,45)",0.6741496920585632,0.07884632299195356
cka_rl,41,"biggrid50-goal(33,38)",9,"biggrid50-goal(21,45)",0.8442176580429077,0.47356318736709885
cka_rl,41,"biggrid50-goal(33,38)",10,"biggrid50-goal(33,3)",0.9316326975822449,0.740645245608656
cka_rl,41,"biggrid50-goal(33,38)",11,"biggrid50-goal(21,24)",0.8517006635665894,0.27814566077937813
cka_rl,41,"biggrid50-goal(33,38)",12,"biggrid50-goal(21,3)",0.7976190447807312,0.34758772498679474
cka_rl,41,"biggrid50-goal(33,38)",13,"biggrid50-goal(3,17)",0.8445578217506409,0.3922873542754717
cka_rl,41,"biggrid50-goal(33,38)",14,"biggrid50-goal(15,45)",0.8292515873908997,0.28995709775708195
cka_rl,41,"biggrid50-goal(33,38)",15,"biggrid50-goal(3,24)",0.836054265499115,0.039840359299789886
cka_rl,41,"biggrid50-goal(33,38)",16,"biggrid50-goal(3,10)",0.6632652282714844,-0.05656380072354267
cka_rl,41,"biggrid50-goal(33,38)",17,"biggrid50-goal(46,31)",0.7942176461219788,0.36449563396827533
cka_rl,41,"biggrid50-goal(33,38)",18,"biggrid50-goal(46,24)",0.9078229665756226,0.6941303285805549
cka_rl,41,"biggrid50-goal(33,38)",19,"biggrid50-goal(3,45)",0.869387686252594,0.6159998612117997
cka_rl,41,"biggrid50-goal(33,38)",20,"biggrid50-goal(21,10)",0.7336734533309937,0.05662646405252907
cka_rl,41,"biggrid50-goal(33,38)",21,"biggrid50-goal(40,3)",0.8006802201271057,0.5200653589143015
cka_rl,41,"biggrid50-goal(33,38)",22,"biggrid50-goal(15,38)",0.8557823300361633,0.14688126289601247
cka_rl,41,"biggrid50-goal(33,38)",23,"biggrid50-goal(40,45)",0.7687073945999146,0.4913984123493146
cka_rl,41,"biggrid50-goal(33,38)",24,"biggrid50-goal(15,17)",0.9999999403953552,0.9999997122534011
cka_rl,41,"biggrid50-goal(33,38)",25,"biggrid50-goal(15,24)",0.8438775539398193,0.14684005425202173
cka_rl,41,"biggrid50-goal(33,38)",26,"biggrid50-goal(21,38)",0.893197238445282,0.44028504073416136
cka_rl,41,"biggrid50-goal(33,38)",27,"biggrid50-goal(33,17)",0.9132652282714844,0.6780301169710977
cka_rl,41,"biggrid50-goal(33,38)",28,"biggrid50-goal(27,17)",0.7884352803230286,0.20460319313498612
cka_rl,41,"biggrid50-goal(33,38)",29,"biggrid50-goal(3,3)",0.6499999165534973,0.05509622944578237
cka_rl,41,"biggrid50-goal(33,38)",30,"biggrid50-goal(9,10)",0.799659788608551,0.019967162648109958
cka_rl,41,"biggrid50-goal(33,38)",31,"biggrid50-goal(46,17)",0.8894556164741516,0.5880856634309526
cka_rl,41,"biggrid50-goal(33,38)",32,"biggrid50-goal(40,10)",0.6795918345451355,0.030864357784751224
cka_rl,41,"biggrid50-goal(33,38)",33,"biggrid50-goal(46,38)",0.9748297929763794,0.932234053974164
cka_rl,41,"biggrid50-goal(33,38)",34,"biggrid50-goal(27,31)",0.9122449159622192,0.5204461329799916
cka_rl,41,"biggrid50-goal(33,38)",35,"biggrid50-goal(21,31)",0.8704081177711487,0.42533925529029976
cka_rl,41,"biggrid50-goal(33,38)",36,"biggrid50-goal(46,10)",0.7982991933822632,0.5213879048958772
cka_rl,41,"biggrid50-goal(33,38)",37,"biggrid50-goal(9,17)",0.8146257996559143,0.05545921367205722
cka_rl,41,"biggrid50-goal(33,38)",38,"biggrid50-goal(33,24)",0.8734692931175232,0.40192890986982266
cka_rl,41,"biggrid50-goal(33,38)",39,"biggrid50-goal(40,17)",0.907142698764801,0.611110514781743
cka_rl,41,"biggrid50-goal(33,38)",40,"biggrid50-goal(40,38)",0.7360544204711914,0.2679244983573949
cka_rl,41,"biggrid50-goal(33,38)",41,"biggrid50-goal(33,38)",0.9156461358070374,0.7136254365765117
cka_rl,42,"biggrid50-goal(9,45)",0,"biggrid50-goal(40,31)",0.8710882663726807,0.6262322154932569
cka_rl,42,"biggrid50-goal(9,45)",1,"biggrid50-goal(9,31)",0.8721087574958801,0.41341620442386184
cka_rl,42,"biggrid50-goal(9,45)",2,"biggrid50-goal(15,31)",0.8387754559516907,0.2523655016123803
cka_rl,42,"biggrid50-goal(9,45)",3,"biggrid50-goal(9,24)",0.9421766996383667,0.65306048733909
cka_rl,42,"biggrid50-goal(9,45)",4,"biggrid50-goal(21,17)",0.7816326022148132,0.21802659770427993
cka_rl,42,"biggrid50-goal(9,45)",5,"biggrid50-goal(27,3)",0.7431973218917847,0.09796914854394685
cka_rl,42,"biggrid50-goal(9,45)",6,"biggrid50-goal(3,31)",0.8700679540634155,0.48862093144314406
cka_rl,42,"biggrid50-goal(9,45)",7,"biggrid50-goal(33,10)",0.9459182620048523,0.7902370909628937
cka_rl,42,"biggrid50-goal(9,45)",8,"biggrid50-goal(27,45)",0.6823129057884216,0.10192309830932746
cka_rl,42,"biggrid50-goal(9,45)",9,"biggrid50-goal(21,45)",0.9221087694168091,0.7367813922609824
cka_rl,42,"biggrid50-goal(9,45)",10,"biggrid50-goal(33,3)",0.9360543489456177,0.7574189994763219
cka_rl,42,"biggrid50-goal(9,45)",11,"biggrid50-goal(21,24)",0.8792515993118286,0.412251200261812
cka_rl,42,"biggrid50-goal(9,45)",12,"biggrid50-goal(21,3)",0.7897958755493164,0.32236829843279513
cka_rl,42,"biggrid50-goal(9,45)",13,"biggrid50-goal(3,17)",0.8367346525192261,0.3617020979112235
cka_rl,42,"biggrid50-goal(9,45)",14,"biggrid50-goal(15,45)",0.8367346525192261,0.3210747942568647
cka_rl,42,"biggrid50-goal(9,45)",15,"biggrid50-goal(3,24)",0.8639454245567322,0.2031868796652195
cka_rl,42,"biggrid50-goal(9,45)",16,"biggrid50-goal(3,10)",0.6697279810905457,-0.0362857918722639
cka_rl,42,"biggrid50-goal(9,45)",17,"biggrid50-goal(46,31)",0.7860543727874756,0.3392855236384935
cka_rl,42,"biggrid50-goal(9,45)",18,"biggrid50-goal(46,24)",0.8918365836143494,0.6410829530912838
cka_rl,42,"biggrid50-goal(9,45)",19,"biggrid50-goal(3,45)",0.9064624309539795,0.7249995925725181
cka_rl,42,"biggrid50-goal(9,45)",20,"biggrid50-goal(21,10)",0.7448979616165161,0.09638556506225687
cka_rl,42,"biggrid50-goal(9,45)",21,"biggrid50-goal(40,3)",0.8272107839584351,0.5839473110131349
cka_rl,42,"biggrid50-goal(9,45)",22,"biggrid50-goal(15,38)",0.9013604521751404,0.41649836327300266
cka_rl,42,"biggrid50-goal(9,45)",23,"biggrid50-goal(40,45)",0.79013592004776,0.5385187344406117
cka_rl,42,"biggrid50-goal(9,45)",24,"biggrid50-goal(15,17)",0.9360543489456177,0.6912968163716305
cka_rl,42,"biggrid50-goal(9,45)",25,"biggrid50-goal(15,24)",0.8782312870025635,0.33457237446402677
cka_rl,42,"biggrid50-goal(9,45)",26,"biggrid50-goal(21,38)",0.9142856597900391,0.5508018918168395
cka_rl,42,"biggrid50-goal(9,45)",27,"biggrid50-goal(33,17)",0.916666567325592,0.6906562957869076
cka_rl,42,"biggrid50-goal(9,45)",28,"biggrid50-goal(27,17)",0.7894557118415833,0.20843959824412758
cka_rl,42,"biggrid50-goal(9,45)",29,"biggrid50-goal(3,3)",0.6517006158828735,0.05968764894797872
cka_rl,42,"biggrid50-goal(9,45)",30,"biggrid50-goal(9,10)",0.8391156792640686,0.21297918055907472
cka_rl,42,"biggrid50-goal(9,45)",31,"biggrid50-goal(46,17)",0.8782311677932739,0.5462607313605147
cka_rl,42,"biggrid50-goal(9,45)",32,"biggrid50-goal(40,10)",0.6741496324539185,0.014403378985258767
cka_rl,42,"biggrid50-goal(9,45)",33,"biggrid50-goal(46,38)",0.9438774585723877,0.8489008409963705
cka_rl,42,"biggrid50-goal(9,45)",34,"biggrid50-goal(27,31)",0.8938775658607483,0.4200743554966653
cka_rl,42,"biggrid50-goal(9,45)",35,"biggrid50-goal(21,31)",0.8653059601783752,0.402714306632546
cka_rl,42,"biggrid50-goal(9,45)",36,"biggrid50-goal(46,10)",0.8302719593048096,0.5972554868905541
cka_rl,42,"biggrid50-goal(9,45)",37,"biggrid50-goal(9,17)",0.8224489688873291,0.09532076076815425
cka_rl,42,"biggrid50-goal(9,45)",38,"biggrid50-goal(33,24)",0.8717686533927917,0.3938905176158893
cka_rl,42,"biggrid50-goal(9,45)",39,"biggrid50-goal(40,17)",0.8955780863761902,0.5626775310666106
cka_rl,42,"biggrid50-goal(9,45)",40,"biggrid50-goal(40,38)",0.7074829936027527,0.1886792172100577
cka_rl,42,"biggrid50-goal(9,45)",41,"biggrid50-goal(33,38)",0.9006801843643188,0.6628172388533872
cka_rl,42,"biggrid50-goal(9,45)",42,"biggrid50-goal(9,45)",0.9465986490249634,0.8393040285287606
cka_rl,43,"biggrid50-goal(9,38)",0,"biggrid50-goal(40,31)",0.8363944292068481,0.5256406068891909
cka_rl,43,"biggrid50-goal(9,38)",1,"biggrid50-goal(9,31)",0.8894557356834412,0.4929795592541055
cka_rl,43,"biggrid50-goal(9,38)",2,"biggrid50-goal(15,31)",0.8224489092826843,0.17665563000854353
cka_rl,43,"biggrid50-goal(9,38)",3,"biggrid50-goal(9,24)",0.9452379941940308,0.6714282393458276
cka_rl,43,"biggrid50-goal(9,38)",4,"biggrid50-goal(21,17)",0.7663266062736511,0.16321584370422956
cka_rl,43,"biggrid50-goal(9,38)",5,"biggrid50-goal(27,3)",0.7452380657196045,0.10513735218641936
cka_rl,43,"biggrid50-goal(9,38)",6,"biggrid50-goal(3,31)",0.9187072515487671,0.6800526792004191
cka_rl,43,"biggrid50-goal(9,38)",7,"biggrid50-goal(33,10)",0.939795732498169,0.7664900804636631
cka_rl,43,"biggrid50-goal(9,38)",8,"biggrid50-goal(27,45)",0.6901360750198364,0.12403859406840806
cka_rl,43,"biggrid50-goal(9,38)",9,"biggrid50-goal(21,45)",0.9078229665756226,0.6885052370874538
cka_rl,43,"biggrid50-goal(9,38)",10,"biggrid50-goal(33,3)",0.948639452457428,0.8051612141734975
cka_rl,43,"biggrid50-goal(9,38)",11,"biggrid50-goal(21,24)",0.8816325664520264,0.4238406753264236
cka_rl,43,"biggrid50-goal(9,38)",12,"biggrid50-goal(21,3)",0.7826529741287231,0.29934184042959355
cka_rl,43,"biggrid50-goal(9,38)",13,"biggrid50-goal(3,17)",0.8554420471191406,0.4348400350848085
cka_rl,43,"biggrid50-goal(9,38)",14,"biggrid50-goal(15,45)",0.8506802916526794,0.37906656081353896
cka_rl,43,"biggrid50-goal(9,38)",15,"biggrid50-goal(3,24)",0.9085032939910889,0.46414315301204356
cka_rl,43,"biggrid50-goal(9,38)",16,"biggrid50-goal(3,10)",0.6659863591194153,-0.048025780321913646
cka_rl,43,"biggrid50-goal(9,38)",17,"biggrid50-goal(46,31)",0.7595237493515015,0.25735271108499724
cka_rl,43,"biggrid50-goal(9,38)",18,"biggrid50-goal(46,24)",0.8588434457778931,0.5316023172514186
cka_rl,43,"biggrid50-goal(9,38)",19,"biggrid50-goal(3,45)",0.9275508522987366,0.7869995410526559
cka_rl,43,"biggrid50-goal(9,38)",20,"biggrid50-goal(21,10)",0.7353742122650146,0.06265083897665433
cka_rl,43,"biggrid50-goal(9,38)",21,"biggrid50-goal(40,3)",0.9275509119033813,0.8255525512078626
cka_rl,43,"biggrid50-goal(9,38)",22,"biggrid50-goal(15,38)",0.9557821750640869,0.738429729337115
cka_rl,43,"biggrid50-goal(9,38)",23,"biggrid50-goal(40,45)",0.7659862637519836,0.48541477328282157
cka_rl,43,"biggrid50-goal(9,38)",24,"biggrid50-goal(15,17)",0.9547617435455322,0.7816083883888493
cka_rl,43,"biggrid50-goal(9,38)",25,"biggrid50-goal(15,24)",0.893197238445282,0.41635658066340164
cka_rl,43,"biggrid50-goal(9,38)",26,"biggrid50-goal(21,38)",0.9027209877967834,0.4901955945694449
cka_rl,43,"biggrid50-goal(9,38)",27,"biggrid50-goal(33,17)",0.9098637104034424,0.6654032743765015
cka_rl,43,"biggrid50-goal(9,38)",28,"biggrid50-goal(27,17)",0.7877550721168518,0.20204588851433644
cka_rl,43,"biggrid50-goal(9,38)",29,"biggrid50-goal(3,3)",0.6904761791229248,0.16437098373492096
cka_rl,43,"biggrid50-goal(9,38)",30,"biggrid50-goal(9,10)",0.8636053800582886,0.3327789491056035
cka_rl,43,"biggrid50-goal(9,38)",31,"biggrid50-goal(46,17)",0.8829931020736694,0.5640048169244444
cka_rl,43,"biggrid50-goal(9,38)",32,"biggrid50-goal(40,10)",0.6758503317832947,0.019547468663654456
cka_rl,43,"biggrid50-goal(9,38)",33,"biggrid50-goal(46,38)",0.9360543489456177,0.8278386215150452
cka_rl,43,"biggrid50-goal(9,38)",34,"biggrid50-goal(27,31)",0.8857142329216003,0.37546431470341834
cka_rl,43,"biggrid50-goal(9,38)",35,"biggrid50-goal(21,31)",0.856802761554718,0.3650078209372755
cka_rl,43,"biggrid50-goal(9,38)",36,"biggrid50-goal(46,10)",0.808503270149231,0.5456009689977849
cka_rl,43,"biggrid50-goal(9,38)",37,"biggrid50-goal(9,17)",0.8568026423454285,0.27036370461436793
cka_rl,43,"biggrid50-goal(9,38)",38,"biggrid50-goal(33,24)",0.8469387292861938,0.2765272297297678
cka_rl,43,"biggrid50-goal(9,38)",39,"biggrid50-goal(40,17)",0.8962583541870117,0.5655265154247803
cka_rl,43,"biggrid50-goal(9,38)",40,"biggrid50-goal(40,38)",0.7258502840995789,0.23962245872326468
cka_rl,43,"biggrid50-goal(9,38)",41,"biggrid50-goal(33,38)",0.8476189374923706,0.4826785866050434
cka_rl,43,"biggrid50-goal(9,38)",42,"biggrid50-goal(9,45)",0.9544216394424438,0.8628450630156014
cka_rl,43,"biggrid50-goal(9,38)",43,"biggrid50-goal(9,38)",0.9523808360099792,0.8416285448710565
cka_rl,44,"biggrid50-goal(9,3)",0,"biggrid50-goal(40,31)",0.7758502960205078,0.3500984286157935
cka_rl,44,"biggrid50-goal(9,3)",1,"biggrid50-goal(9,31)",0.897278904914856,0.5288611740648297
cka_rl,44,"biggrid50-goal(9,3)",2,"biggrid50-goal(15,31)",0.8333333134651184,0.22712906201120361
cka_rl,44,"biggrid50-goal(9,3)",3,"biggrid50-goal(9,24)",0.9649658799171448,0.7897954549112101
cka_rl,44,"biggrid50-goal(9,3)",4,"biggrid50-goal(21,17)",0.7724488973617554,0.18513976110475286
cka_rl,44,"biggrid50-goal(9,3)",5,"biggrid50-goal(27,3)",0.7809523344039917,0.23058531257308112
cka_rl,44,"biggrid50-goal(9,3)",6,"biggrid50-goal(3,31)",0.9948978424072266,0.9799192217853923
cka_rl,44,"biggrid50-goal(9,3)",7,"biggrid50-goal(33,10)",0.9459182620048523,0.7902370909628937
cka_rl,44,"biggrid50-goal(9,3)",8,"biggrid50-goal(27,45)",0.6836734414100647,0.10576922752888977
cka_rl,44,"biggrid50-goal(9,3)",9,"biggrid50-goal(21,45)",0.8738094568252563,0.573563046371302
cka_rl,44,"biggrid50-goal(9,3)",10,"biggrid50-goal(33,3)",0.8761903643608093,0.5303220032542209
cka_rl,44,"biggrid50-goal(9,3)",11,"biggrid50-goal(21,24)",0.8588435053825378,0.31291379584466283
cka_rl,44,"biggrid50-goal(9,3)",12,"biggrid50-goal(21,3)",0.8442175388336182,0.4978065510828323
cka_rl,44,"biggrid50-goal(9,3)",13,"biggrid50-goal(3,17)",0.8568026423454285,0.4401593823433185
cka_rl,44,"biggrid50-goal(9,3)",14,"biggrid50-goal(15,45)",0.8534013032913208,0.39038165869008984
cka_rl,44,"biggrid50-goal(9,3)",15,"biggrid50-goal(3,24)",0.8792516589164734,0.29282890986541965
cka_rl,44,"biggrid50-goal(9,3)",16,"biggrid50-goal(3,10)",0.6785714030265808,-0.008538020401629019
cka_rl,44,"biggrid50-goal(9,3)",17,"biggrid50-goal(46,31)",0.7687074542045593,0.2857141542334438
cka_rl,44,"biggrid50-goal(9,3)",18,"biggrid50-goal(46,24)",0.8285713195800781,0.4311507736368149
cka_rl,44,"biggrid50-goal(9,3)",19,"biggrid50-goal(3,45)",0.9173468351364136,0.7569997355664214
cka_rl,44,"biggrid50-goal(9,3)",20,"biggrid50-goal(21,10)",0.7452381253242493,0.09759048227302237
cka_rl,44,"biggrid50-goal(9,3)",21,"biggrid50-goal(40,3)",0.9693877100944519,0.926289812390925
cka_rl,44,"biggrid50-goal(9,3)",22,"biggrid50-goal(15,38)",0.9850339293479919,0.9114683013721427
cka_rl,44,"biggrid50-goal(9,3)",23,"biggrid50-goal(40,45)",0.750680148601532,0.45175734418854474
cka_rl,44,"biggrid50-goal(9,3)",24,"biggrid50-goal(15,17)",0.9816324710845947,0.9113291590893395
cka_rl,44,"biggrid50-goal(9,3)",25,"biggrid50-goal(15,24)",0.894557774066925,0.4237914788887456
cka_rl,44,"biggrid50-goal(9,3)",26,"biggrid50-goal(21,38)",0.8646258115768433,0.2905524421286282
cka_rl,44,"biggrid50-goal(9,3)",27,"biggrid50-goal(33,17)",0.9047618508338928,0.6464645593017755
cka_rl,44,"biggrid50-goal(9,3)",28,"biggrid50-goal(27,17)",0.7887753844261169,0.20588184544531093
cka_rl,44,"biggrid50-goal(9,3)",29,"biggrid50-goal(3,3)",0.6870747804641724,0.15518814473052828
cka_rl,44,"biggrid50-goal(9,3)",30,"biggrid50-goal(9,10)",0.9387754201889038,0.7004989749626126
cka_rl,44,"biggrid50-goal(9,3)",31,"biggrid50-goal(46,17)",0.8799318671226501,0.5525979365049046
cka_rl,44,"biggrid50-goal(9,3)",32,"biggrid50-goal(40,10)",0.6775509715080261,0.024691378056427238
cka_rl,44,"biggrid50-goal(9,3)",33,"biggrid50-goal(46,38)",0.8693876266479492,0.6483512815538125
cka_rl,44,"biggrid50-goal(9,3)",34,"biggrid50-goal(27,31)",0.8482992649078369,0.17100331062409369
cka_rl,44,"biggrid50-goal(9,3)",35,"biggrid50-goal(21,31)",0.8336734175682068,0.2624433252965428
cka_rl,44,"biggrid50-goal(9,3)",36,"biggrid50-goal(46,10)",0.7367346286773682,0.37530249357956935
cka_rl,44,"biggrid50-goal(9,3)",37,"biggrid50-goal(9,17)",0.916666567325592,0.5753895316630384
cka_rl,44,"biggrid50-goal(9,3)",38,"biggrid50-goal(33,24)",0.8421767950057983,0.25401905526070684
cka_rl,44,"biggrid50-goal(9,3)",39,"biggrid50-goal(40,17)",0.8612244725227356,0.4188034465396685
cka_rl,44,"biggrid50-goal(9,3)",40,"biggrid50-goal(40,38)",0.706462562084198,0.18584896365108
cka_rl,44,"biggrid50-goal(9,3)",41,"biggrid50-goal(33,38)",0.8248298168182373,0.40531136049989275
cka_rl,44,"biggrid50-goal(9,3)",42,"biggrid50-goal(9,45)",0.9537412524223328,0.8607976344173196
cka_rl,44,"biggrid50-goal(9,3)",43,"biggrid50-goal(9,38)",0.899319589138031,0.6651578516890514
cka_rl,44,"biggrid50-goal(9,3)",44,"biggrid50-goal(9,3)",0.6972789168357849,0.13085940207338317
cka_rl,45,"biggrid50-goal(40,24)",0,"biggrid50-goal(40,31)",0.8136053681373596,0.4595658080539165
cka_rl,45,"biggrid50-goal(40,24)",1,"biggrid50-goal(9,31)",0.8809522390365601,0.4539775663018844
cka_rl,45,"biggrid50-goal(40,24)",2,"biggrid50-goal(15,31)",0.8350340723991394,0.23501586398680133
cka_rl,45,"biggrid50-goal(40,24)",3,"biggrid50-goal(9,24)",0.9540815353393555,0.724489441940058
cka_rl,45,"biggrid50-goal(40,24)",4,"biggrid50-goal(21,17)",0.7727891206741333,0.18635810039815875
cka_rl,45,"biggrid50-goal(40,24)",5,"biggrid50-goal(27,3)",0.7826529145240784,0.23655867603249411
cka_rl,45,"biggrid50-goal(40,24)",6,"biggrid50-goal(3,31)",0.9136053919792175,0.659973073928464
cka_rl,45,"biggrid50-goal(40,24)",7,"biggrid50-goal(33,10)",0.9187074303627014,0.6846964146797347
cka_rl,45,"biggrid50-goal(40,24)",8,"biggrid50-goal(27,45)",0.6792516708374023,0.09326922331644649
cka_rl,45,"biggrid50-goal(40,24)",9,"biggrid50-goal(21,45)",0.8227890133857727,0.40114915602937307
cka_rl,45,"biggrid50-goal(40,24)",10,"biggrid50-goal(33,3)",0.9734693765640259,0.8993547634358712
cka_rl,45,"biggrid50-goal(40,24)",11,"biggrid50-goal(21,24)",0.8625850677490234,0.33112603532373125
cka_rl,45,"biggrid50-goal(40,24)",12,"biggrid50-goal(21,3)",0.8880950808525085,0.6392538872687732
cka_rl,45,"biggrid50-goal(40,24)",13,"biggrid50-goal(3,17)",0.8217686414718628,0.30319137532635676
cka_rl,45,"biggrid50-goal(40,24)",14,"biggrid50-goal(15,45)",0.8312923908233643,0.298443607060169
cka_rl,45,"biggrid50-goal(40,24)",15,"biggrid50-goal(3,24)",0.9017004370689392,0.42430174647596264
cka_rl,45,"biggrid50-goal(40,24)",16,"biggrid50-goal(3,10)",0.669387698173523,-0.037353488594777204
cka_rl,45,"biggrid50-goal(40,24)",17,"biggrid50-goal(46,31)",0.8003400564193726,0.3834030786607277
cka_rl,45,"biggrid50-goal(40,24)",18,"biggrid50-goal(46,24)",0.8761904239654541,0.5891645355311225
cka_rl,45,"biggrid50-goal(40,24)",19,"biggrid50-goal(3,45)",0.8972788453102112,0.6979998552537204
cka_rl,45,"biggrid50-goal(40,24)",20,"biggrid50-goal(21,10)",0.7411565184593201,0.08313274252204986
cka_rl,45,"biggrid50-goal(40,24)",21,"biggrid50-goal(40,3)",0.9619045257568359,0.9082713327822173
cka_rl,45,"biggrid50-goal(40,24)",22,"biggrid50-goal(15,38)",0.9370747804641724,0.6277662519727462
cka_rl,45,"biggrid50-goal(40,24)",23,"biggrid50-goal(40,45)",0.8469387292861938,0.6634254469215971
cka_rl,45,"biggrid50-goal(40,24)",24,"biggrid50-goal(15,17)",0.9394556879997253,0.7077170760341612
cka_rl,45,"biggrid50-goal(40,24)",25,"biggrid50-goal(15,24)",0.902721107006073,0.46840151968199245
cka_rl,45,"biggrid50-goal(40,24)",26,"biggrid50-goal(21,38)",0.8901360034942627,0.4242422065323969
cka_rl,45,"biggrid50-goal(40,24)",27,"biggrid50-goal(33,17)",0.9503399729728699,0.8156560192124132
cka_rl,45,"biggrid50-goal(40,24)",28,"biggrid50-goal(27,17)",0.7911564111709595,0.2148335320630022
cka_rl,45,"biggrid50-goal(40,24)",29,"biggrid50-goal(3,3)",0.6921768188476562,0.16896224232100254
cka_rl,45,"biggrid50-goal(40,24)",30,"biggrid50-goal(9,10)",0.8544217348098755,0.28785399945358553
cka_rl,45,"biggrid50-goal(40,24)",31,"biggrid50-goal(46,17)",0.8846937417984009,0.5703417999679287
cka_rl,45,"biggrid50-goal(40,24)",32,"biggrid50-goal(40,10)",0.6853742003440857,0.048354226634171986
cka_rl,45,"biggrid50-goal(40,24)",33,"biggrid50-goal(46,38)",0.9431971907615662,0.847069350627301
cka_rl,45,"biggrid50-goal(40,24)",34,"biggrid50-goal(27,31)",0.8625850677490234,0.24907071915197992
cka_rl,45,"biggrid50-goal(40,24)",35,"biggrid50-goal(21,31)",0.8544217348098755,0.35444942346027447
cka_rl,45,"biggrid50-goal(40,24)",36,"biggrid50-goal(46,10)",0.9421766996383667,0.8627921653066772
cka_rl,45,"biggrid50-goal(40,24)",37,"biggrid50-goal(9,17)",0.9319726824760437,0.6533790793616856
cka_rl,45,"biggrid50-goal(40,24)",38,"biggrid50-goal(33,24)",0.8853740096092224,0.45819878257743557
cka_rl,45,"biggrid50-goal(40,24)",39,"biggrid50-goal(40,17)",0.9251699447631836,0.6866092243388586
cka_rl,45,"biggrid50-goal(40,24)",40,"biggrid50-goal(40,38)",0.6959183216094971,0.1566036163763232
cka_rl,45,"biggrid50-goal(40,24)",41,"biggrid50-goal(33,38)",0.8170067667961121,0.378752736823787
cka_rl,45,"biggrid50-goal(40,24)",42,"biggrid50-goal(9,45)",0.947618842124939,0.8423740055667099
cka_rl,45,"biggrid50-goal(40,24)",43,"biggrid50-goal(9,38)",0.9003400206565857,0.6685515951089656
cka_rl,45,"biggrid50-goal(40,24)",44,"biggrid50-goal(9,3)",0.7027211785316467,0.14648464539959233
cka_rl,45,"biggrid50-goal(40,24)",45,"biggrid50-goal(40,24)",0.9517005085945129,0.8297356033543933
cka_rl,46,"biggrid50-goal(33,31)",0,"biggrid50-goal(40,31)",0.8918367028236389,0.6863904098332183
cka_rl,46,"biggrid50-goal(33,31)",1,"biggrid50-goal(9,31)",0.8809522986412048,0.4539778396835334
cka_rl,46,"biggrid50-goal(33,31)",2,"biggrid50-goal(15,31)",0.823469340801239,0.18138760063384082
cka_rl,46,"biggrid50-goal(33,31)",3,"biggrid50-goal(9,24)",0.9438775181770325,0.6632653900554502
cka_rl,46,"biggrid50-goal(33,31)",4,"biggrid50-goal(21,17)",0.7738094925880432,0.1900120510575518
cka_rl,46,"biggrid50-goal(33,31)",5,"biggrid50-goal(27,3)",0.7908163070678711,0.2652329561501818
cka_rl,46,"biggrid50-goal(33,31)",6,"biggrid50-goal(3,31)",0.9476189017295837,0.7938414880607341
cka_rl,46,"biggrid50-goal(33,31)",7,"biggrid50-goal(33,10)",0.9319726824760437,0.7361473845552767
cka_rl,46,"biggrid50-goal(33,31)",8,"biggrid50-goal(27,45)",0.6833333969116211,0.10480794797059648
cka_rl,46,"biggrid50-goal(33,31)",9,"biggrid50-goal(21,45)",0.8534013032913208,0.5045975708035572
cka_rl,46,"biggrid50-goal(33,31)",10,"biggrid50-goal(33,3)",0.9792516827583313,0.9212902289260257
cka_rl,46,"biggrid50-goal(33,31)",11,"biggrid50-goal(21,24)",0.8632652163505554,0.3344366922095842
cka_rl,46,"biggrid50-goal(33,31)",12,"biggrid50-goal(21,3)",0.8935372829437256,0.6567978278217057
cka_rl,46,"biggrid50-goal(33,31)",13,"biggrid50-goal(3,17)",0.8210883736610413,0.3005318182114764
cka_rl,46,"biggrid50-goal(33,31)",14,"biggrid50-goal(15,45)",0.8040815591812134,0.18528965396387825
cka_rl,46,"biggrid50-goal(33,31)",15,"biggrid50-goal(3,24)",0.8853740096092224,0.32868488415646685
cka_rl,46,"biggrid50-goal(33,31)",16,"biggrid50-goal(3,10)",0.6714285612106323,-0.03094992653857548
cka_rl,46,"biggrid50-goal(33,31)",17,"biggrid50-goal(46,31)",0.8006802797317505,0.38445376836452083
cka_rl,46,"biggrid50-goal(33,31)",18,"biggrid50-goal(46,24)",0.8704079985618591,0.5699767997958857
cka_rl,46,"biggrid50-goal(33,31)",19,"biggrid50-goal(3,45)",0.9204080104827881,0.7659995895934785
cka_rl,46,"biggrid50-goal(33,31)",20,"biggrid50-goal(21,10)",0.7489796280860901,0.11084351594293164
cka_rl,46,"biggrid50-goal(33,31)",21,"biggrid50-goal(40,3)",0.962584912776947,0.9099096112335814
cka_rl,46,"biggrid50-goal(33,31)",22,"biggrid50-goal(15,38)",0.8928571939468384,0.3661973916734952
cka_rl,46,"biggrid50-goal(33,31)",23,"biggrid50-goal(40,45)",0.8408161997795105,0.649962291788942
cka_rl,46,"biggrid50-goal(33,31)",24,"biggrid50-goal(15,17)",0.962925136089325,0.8210178748187197
cka_rl,46,"biggrid50-goal(33,31)",25,"biggrid50-goal(15,24)",0.8744897842407227,0.3141262414840351
cka_rl,46,"biggrid50-goal(33,31)",26,"biggrid50-goal(21,38)",0.9037414789199829,0.49554362245878086
cka_rl,46,"biggrid50-goal(33,31)",27,"biggrid50-goal(33,17)",0.9438774585723877,0.7916663900921723
cka_rl,46,"biggrid50-goal(33,31)",28,"biggrid50-goal(27,17)",0.7928571701049805,0.2212276899709603
cka_rl,46,"biggrid50-goal(33,31)",29,"biggrid50-goal(3,3)",0.6673468351364136,0.10192812907017197
cka_rl,46,"biggrid50-goal(33,31)",30,"biggrid50-goal(9,10)",0.8408162593841553,0.22129815131715336
cka_rl,46,"biggrid50-goal(33,31)",31,"biggrid50-goal(46,17)",0.8928571343421936,0.6007605179215442
cka_rl,46,"biggrid50-goal(33,31)",32,"biggrid50-goal(40,10)",0.6846939325332642,0.04629662681993829
cka_rl,46,"biggrid50-goal(33,31)",33,"biggrid50-goal(46,38)",0.938775360584259,0.8351644225172699
cka_rl,46,"biggrid50-goal(33,31)",34,"biggrid50-goal(27,31)",0.8809522986412048,0.34944184519412297
cka_rl,46,"biggrid50-goal(33,31)",35,"biggrid50-goal(21,31)",0.8428571224212646,0.30316743995005596
cka_rl,46,"biggrid50-goal(33,31)",36,"biggrid50-goal(46,10)",0.921428382396698,0.8135588689632465
cka_rl,46,"biggrid50-goal(33,31)",37,"biggrid50-goal(9,17)",0.9125850200653076,0.5545927441299954
cka_rl,46,"biggrid50-goal(33,31)",38,"biggrid50-goal(33,24)",0.8748299479484558,0.40836029983101685
cka_rl,46,"biggrid50-goal(33,31)",39,"biggrid50-goal(40,17)",0.962925136089325,0.8447292291616377
cka_rl,46,"biggrid50-goal(33,31)",40,"biggrid50-goal(40,38)",0.6993196606636047,0.16603751937533395
cka_rl,46,"biggrid50-goal(33,31)",41,"biggrid50-goal(33,38)",0.8326529860496521,0.431870388881919
cka_rl,46,"biggrid50-goal(33,31)",42,"biggrid50-goal(9,45)",0.9513604640960693,0.8536333382717944
cka_rl,46,"biggrid50-goal(33,31)",43,"biggrid50-goal(9,38)",0.8591835498809814,0.5316737161510271
cka_rl,46,"biggrid50-goal(33,31)",44,"biggrid50-goal(9,3)",0.672448992729187,0.059570363137253696
cka_rl,46,"biggrid50-goal(33,31)",45,"biggrid50-goal(40,24)",0.9272107481956482,0.7434047920565652
cka_rl,46,"biggrid50-goal(33,31)",46,"biggrid50-goal(33,31)",0.9380951523780823,0.7173908961855604
cka_rl,47,"biggrid50-goal(46,45)",0,"biggrid50-goal(40,31)",0.9639454483985901,0.895463124307971
cka_rl,47,"biggrid50-goal(46,45)",1,"biggrid50-goal(9,31)",0.853741466999054,0.3291731025263198
cka_rl,47,"biggrid50-goal(46,45)",2,"biggrid50-goal(15,31)",0.839455783367157,0.25552033296268073
cka_rl,47,"biggrid50-goal(46,45)",3,"biggrid50-goal(9,24)",0.8897958397865295,0.3387755904878219
cka_rl,47,"biggrid50-goal(46,45)",4,"biggrid50-goal(21,17)",0.7591836452484131,0.13763690842348858
cka_rl,47,"biggrid50-goal(46,45)",5,"biggrid50-goal(27,3)",0.7741495966911316,0.20669039318763135
cka_rl,47,"biggrid50-goal(46,45)",6,"biggrid50-goal(3,31)",0.8588435053825378,0.4444443923136599
cka_rl,47,"biggrid50-goal(46,45)",7,"biggrid50-goal(33,10)",0.8887754678726196,0.5686014858208946
cka_rl,47,"biggrid50-goal(46,45)",8,"biggrid50-goal(27,45)",0.6911565065383911,0.12692327523194555
cka_rl,47,"biggrid50-goal(46,45)",9,"biggrid50-goal(21,45)",0.8425169587135315,0.46781599726226447
cka_rl,47,"biggrid50-goal(46,45)",10,"biggrid50-goal(33,3)",0.9421767592430115,0.7806446667589209
cka_rl,47,"biggrid50-goal(46,45)",11,"biggrid50-goal(21,24)",0.8792515993118286,0.412251200261812
cka_rl,47,"biggrid50-goal(46,45)",12,"biggrid50-goal(21,3)",0.8159863352775574,0.4067980680048905
cka_rl,47,"biggrid50-goal(46,45)",13,"biggrid50-goal(3,17)",0.8244897127151489,0.31382960378587826
cka_rl,47,"biggrid50-goal(46,45)",14,"biggrid50-goal(15,45)",0.8142856955528259,0.22772269620111038
cka_rl,47,"biggrid50-goal(46,45)",15,"biggrid50-goal(3,24)",0.8469385504722595,0.10358493417945372
cka_rl,47,"biggrid50-goal(46,45)",16,"biggrid50-goal(3,10)",0.6540816426277161,-0.08537889487685112
cka_rl,47,"biggrid50-goal(46,45)",17,"biggrid50-goal(46,31)",0.8051019906997681,0.39810905305025823
cka_rl,47,"biggrid50-goal(46,45)",18,"biggrid50-goal(46,24)",0.9217685461044312,0.7404057365619789
cka_rl,47,"biggrid50-goal(46,45)",19,"biggrid50-goal(3,45)",0.8731291890144348,0.626999877508899
cka_rl,47,"biggrid50-goal(46,45)",20,"biggrid50-goal(21,10)",0.7394558191299438,0.07710857872762684
cka_rl,47,"biggrid50-goal(46,45)",21,"biggrid50-goal(40,3)",0.7935373187065125,0.5028662338109672
cka_rl,47,"biggrid50-goal(46,45)",22,"biggrid50-goal(15,38)",0.852040708065033,0.12474772120495828
cka_rl,47,"biggrid50-goal(46,45)",23,"biggrid50-goal(40,45)",0.8329931497573853,0.6327597718266581
cka_rl,47,"biggrid50-goal(46,45)",24,"biggrid50-goal(15,17)",1.0,1.0
cka_rl,47,"biggrid50-goal(46,45)",25,"biggrid50-goal(15,24)",0.8602039813995361,0.23605883295614888
cka_rl,47,"biggrid50-goal(46,45)",26,"biggrid50-goal(21,38)",0.8874148726463318,0.4099817359271836
cka_rl,47,"biggrid50-goal(46,45)",27,"biggrid50-goal(33,17)",0.919047474861145,0.6994945103281767
cka_rl,47,"biggrid50-goal(46,45)",28,"biggrid50-goal(27,17)",0.7867346405982971,0.19820948340519498
cka_rl,47,"biggrid50-goal(46,45)",29,"biggrid50-goal(3,3)",0.6268707513809204,-0.007346142470622349
cka_rl,47,"biggrid50-goal(46,45)",30,"biggrid50-goal(9,10)",0.7595238089561462,-0.1763717437823486
cka_rl,47,"biggrid50-goal(46,45)",31,"biggrid50-goal(46,17)",0.8860543370246887,0.5754116973439841
cka_rl,47,"biggrid50-goal(46,45)",32,"biggrid50-goal(40,10)",0.6727891564369202,0.010288359642414284
cka_rl,47,"biggrid50-goal(46,45)",33,"biggrid50-goal(46,38)",0.9761903882026672,0.9358971951863561
cka_rl,47,"biggrid50-goal(46,45)",34,"biggrid50-goal(27,31)",0.9248298406600952,0.5892187787041271
cka_rl,47,"biggrid50-goal(46,45)",35,"biggrid50-goal(21,31)",0.8476190567016602,0.3242837062837623
cka_rl,47,"biggrid50-goal(46,45)",36,"biggrid50-goal(46,10)",0.8540814518928528,0.6537525893167542
cka_rl,47,"biggrid50-goal(46,45)",37,"biggrid50-goal(9,17)",0.8588434457778931,0.2807622502332452
cka_rl,47,"biggrid50-goal(46,45)",38,"biggrid50-goal(33,24)",0.87312912940979,0.40032106237952414
cka_rl,47,"biggrid50-goal(46,45)",39,"biggrid50-goal(40,17)",0.892857015132904,0.5512815936339316
cka_rl,47,"biggrid50-goal(46,45)",40,"biggrid50-goal(40,38)",0.7047618627548218,0.18113192949230011
cka_rl,47,"biggrid50-goal(46,45)",41,"biggrid50-goal(33,38)",0.8704079985618591,0.5600456103572339
cka_rl,47,"biggrid50-goal(46,45)",42,"biggrid50-goal(9,45)",0.9340134859085083,0.8014326081209108
cka_rl,47,"biggrid50-goal(46,45)",43,"biggrid50-goal(9,38)",0.914965808391571,0.717193929243225
cka_rl,47,"biggrid50-goal(46,45)",44,"biggrid50-goal(9,3)",0.6690475344657898,0.04980445771048241
cka_rl,47,"biggrid50-goal(46,45)",45,"biggrid50-goal(40,24)",0.9312923550605774,0.7577931905671712
cka_rl,47,"biggrid50-goal(46,45)",46,"biggrid50-goal(33,31)",0.9210883975028992,0.6397513584320473
cka_rl,47,"biggrid50-goal(46,45)",47,"biggrid50-goal(46,45)",0.9040815234184265,0.7803736028244377
cka_rl,48,"biggrid50-goal(3,38)",0,"biggrid50-goal(40,31)",0.8217686414718628,0.48323447267199604
cka_rl,48,"biggrid50-goal(3,38)",1,"biggrid50-goal(9,31)",0.8999999165534973,0.5413413197225723
cka_rl,48,"biggrid50-goal(3,38)",2,"biggrid50-goal(15,31)",0.8380951285362244,0.24921067026207985
cka_rl,48,"biggrid50-goal(3,38)",3,"biggrid50-goal(9,24)",0.9510203003883362,0.7061220475608906
cka_rl,48,"biggrid50-goal(3,38)",4,"biggrid50-goal(21,17)",0.7860543727874756,0.233860953079423
cka_rl,48,"biggrid50-goal(3,38)",5,"biggrid50-goal(27,3)",0.7741496562957764,0.20669060255160246
cka_rl,48,"biggrid50-goal(3,38)",6,"biggrid50-goal(3,31)",0.9465985894203186,0.7898258015948736
cka_rl,48,"biggrid50-goal(3,38)",7,"biggrid50-goal(33,10)",0.8894556760787964,0.5712397599845569
cka_rl,48,"biggrid50-goal(3,38)",8,"biggrid50-goal(27,45)",0.6904761791229248,0.1250000421244329
cka_rl,48,"biggrid50-goal(3,38)",9,"biggrid50-goal(21,45)",0.9074829816818237,0.6873563227651612
cka_rl,48,"biggrid50-goal(3,38)",10,"biggrid50-goal(33,3)",0.8248298764228821,0.3354834435408962
cka_rl,48,"biggrid50-goal(3,38)",11,"biggrid50-goal(21,24)",0.8755101561546326,0.39403954103984395
cka_rl,48,"biggrid50-goal(3,38)",12,"biggrid50-goal(21,3)",0.8384352326393127,0.4791662223277747
cka_rl,48,"biggrid50-goal(3,38)",13,"biggrid50-goal(3,17)",0.8591836094856262,0.4494679487597744
cka_rl,48,"biggrid50-goal(3,38)",14,"biggrid50-goal(15,45)",0.8204081654548645,0.25318247197127
cka_rl,48,"biggrid50-goal(3,38)",15,"biggrid50-goal(3,24)",0.9309521913528442,0.5956166877801139
cka_rl,48,"biggrid50-goal(3,38)",16,"biggrid50-goal(3,10)",0.6812924742698669,-1.8701991986570474e-07
cka_rl,48,"biggrid50-goal(3,38)",17,"biggrid50-goal(46,31)",0.7959182858467102,0.36974760990181166
cka_rl,48,"biggrid50-goal(3,38)",18,"biggrid50-goal(46,24)",0.8761903643608093,0.5891643377459211
cka_rl,48,"biggrid50-goal(3,38)",19,"biggrid50-goal(3,45)",0.9421766996383667,0.8299995251060319
cka_rl,48,"biggrid50-goal(3,38)",20,"biggrid50-goal(21,10)",0.7401360869407654,0.0795182020194556
cka_rl,48,"biggrid50-goal(3,38)",21,"biggrid50-goal(40,3)",0.7979590892791748,0.5135132497474052
cka_rl,48,"biggrid50-goal(3,38)",22,"biggrid50-goal(15,38)",0.9085033535957336,0.45875215256749646
cka_rl,48,"biggrid50-goal(3,38)",23,"biggrid50-goal(40,45)",0.8224489092826843,0.6095734817300638
cka_rl,48,"biggrid50-goal(3,38)",24,"biggrid50-goal(15,17)",0.9999999403953552,0.9999997122534011
cka_rl,48,"biggrid50-goal(3,38)",25,"biggrid50-goal(15,24)",0.8775510191917419,0.3308549253513548
cka_rl,48,"biggrid50-goal(3,38)",26,"biggrid50-goal(21,38)",0.9210883975028992,0.5864525997800315
cka_rl,48,"biggrid50-goal(3,38)",27,"biggrid50-goal(33,17)",0.9370747804641724,0.7664140324605527
cka_rl,48,"biggrid50-goal(3,38)",28,"biggrid50-goal(27,17)",0.7969387173652649,0.23657263814027574
cka_rl,48,"biggrid50-goal(3,38)",29,"biggrid50-goal(3,3)",0.6829930543899536,0.14416860919236524
cka_rl,48,"biggrid50-goal(3,38)",30,"biggrid50-goal(9,10)",0.9017006158828735,0.5191348573651218
cka_rl,48,"biggrid50-goal(3,38)",31,"biggrid50-goal(46,17)",0.8792515993118286,0.5500630988673298
cka_rl,48,"biggrid50-goal(3,38)",32,"biggrid50-goal(40,10)",0.6768707036972046,0.022633778242193543
cka_rl,48,"biggrid50-goal(3,38)",33,"biggrid50-goal(46,38)",0.9585033655166626,0.888278285116497
cka_rl,48,"biggrid50-goal(3,38)",34,"biggrid50-goal(27,31)",0.8721086978912354,0.30111435528820407
cka_rl,48,"biggrid50-goal(3,38)",35,"biggrid50-goal(21,31)",0.8489795327186584,0.3303165854089169
cka_rl,48,"biggrid50-goal(3,38)",36,"biggrid50-goal(46,10)",0.7925168871879578,0.5076671780004464
cka_rl,48,"biggrid50-goal(3,38)",37,"biggrid50-goal(9,17)",0.8792515993118286,0.3847483138314415
cka_rl,48,"biggrid50-goal(3,38)",38,"biggrid50-goal(33,24)",0.8540815711021423,0.3102892097008395
cka_rl,48,"biggrid50-goal(3,38)",39,"biggrid50-goal(40,17)",0.9020406603813171,0.5897430072823465
cka_rl,48,"biggrid50-goal(3,38)",40,"biggrid50-goal(40,38)",0.6938775181770325,0.15094327457691678
cka_rl,48,"biggrid50-goal(3,38)",41,"biggrid50-goal(33,38)",0.8397959470748901,0.4561201652818979
cka_rl,48,"biggrid50-goal(3,38)",42,"biggrid50-goal(9,45)",0.953061044216156,0.8587507439080255
cka_rl,48,"biggrid50-goal(3,38)",43,"biggrid50-goal(9,38)",0.9292516112327576,0.7647055441913168
cka_rl,48,"biggrid50-goal(3,38)",44,"biggrid50-goal(9,3)",0.6887754797935486,0.10644523746327753
cka_rl,48,"biggrid50-goal(3,38)",45,"biggrid50-goal(40,24)",0.9176869988441467,0.7098318621984846
cka_rl,48,"biggrid50-goal(3,38)",46,"biggrid50-goal(33,31)",0.8918367028236389,0.5062110051975383
cka_rl,48,"biggrid50-goal(3,38)",47,"biggrid50-goal(46,45)",0.9061222672462463,0.7850463335686667
cka_rl,48,"biggrid50-goal(3,38)",48,"biggrid50-goal(3,38)",0.9714284539222717,0.9156623050789009
cka_rl,49,"biggrid50-goal(46,3)",0,"biggrid50-goal(40,31)",0.8806121945381165,0.6538459743810818
cka_rl,49,"biggrid50-goal(46,3)",1,"biggrid50-goal(9,31)",0.8666666150093079,0.3884553663450787
cka_rl,49,"biggrid50-goal(46,3)",2,"biggrid50-goal(15,31)",0.8204081058502197,0.16719196515810228
cka_rl,49,"biggrid50-goal(46,3)",3,"biggrid50-goal(9,24)",0.9455781579017639,0.6734692198890997
cka_rl,49,"biggrid50-goal(46,3)",4,"biggrid50-goal(21,17)",0.7772108316421509,0.20219224232913688
cka_rl,49,"biggrid50-goal(46,3)",5,"biggrid50-goal(27,3)",0.8102039694786072,0.3333329843933815
cka_rl,49,"biggrid50-goal(46,3)",6,"biggrid50-goal(3,31)",0.9775508642196655,0.9116459833869095
cka_rl,49,"biggrid50-goal(46,3)",7,"biggrid50-goal(33,10)",0.9401358962059021,0.7678094487297006
cka_rl,49,"biggrid50-goal(46,3)",8,"biggrid50-goal(27,45)",0.6884353756904602,0.1192308482950894
cka_rl,49,"biggrid50-goal(46,3)",9,"biggrid50-goal(21,45)",0.9098638296127319,0.695401945782282
cka_rl,49,"biggrid50-goal(46,3)",10,"biggrid50-goal(33,3)",0.9666665196418762,0.8735477881156722
cka_rl,49,"biggrid50-goal(46,3)",11,"biggrid50-goal(21,24)",0.871768593788147,0.37582730156077554
cka_rl,49,"biggrid50-goal(46,3)",12,"biggrid50-goal(21,3)",0.9149658679962158,0.7258768175382145
cka_rl,49,"biggrid50-goal(46,3)",13,"biggrid50-goal(3,17)",0.8857142329216003,0.5531913753263568
cka_rl,49,"biggrid50-goal(46,3)",14,"biggrid50-goal(15,45)",0.8088435530662537,0.2050920047262116
cka_rl,49,"biggrid50-goal(46,3)",15,"biggrid50-goal(3,24)",0.8721087574958801,0.25099600898249474
cka_rl,49,"biggrid50-goal(46,3)",16,"biggrid50-goal(3,10)",0.6853741407394409,0.01280675007256373
cka_rl,49,"biggrid50-goal(46,3)",17,"biggrid50-goal(46,31)",0.7826530337333679,0.3287813876982422
cka_rl,49,"biggrid50-goal(46,3)",18,"biggrid50-goal(46,24)",0.9078230261802673,0.6941305263657562
cka_rl,49,"biggrid50-goal(46,3)",19,"biggrid50-goal(3,45)",0.9200678467750549,0.7649995084584574
cka_rl,49,"biggrid50-goal(46,3)",20,"biggrid50-goal(21,10)",0.7493197917938232,0.11204843315369714
cka_rl,49,"biggrid50-goal(46,3)",21,"biggrid50-goal(40,3)",0.9234691858291626,0.815724315697621
cka_rl,49,"biggrid50-goal(46,3)",22,"biggrid50-goal(15,38)",0.8972787857055664,0.39235329044887646
cka_rl,49,"biggrid50-goal(46,3)",23,"biggrid50-goal(40,45)",0.8520406484603882,0.6746443278173879
cka_rl,49,"biggrid50-goal(46,3)",24,"biggrid50-goal(15,17)",0.9625848531723022,0.8193751294859695
cka_rl,49,"biggrid50-goal(46,3)",25,"biggrid50-goal(15,24)",0.8591836094856262,0.23048282214743676
cka_rl,49,"biggrid50-goal(46,3)",26,"biggrid50-goal(21,38)",0.906462550163269,0.5098037806974333
cka_rl,49,"biggrid50-goal(46,3)",27,"biggrid50-goal(33,17)",0.9462583065032959,0.800504383373846
cka_rl,49,"biggrid50-goal(46,3)",28,"biggrid50-goal(27,17)",0.8006802201271057,0.2506391580883498
cka_rl,49,"biggrid50-goal(46,3)",29,"biggrid50-goal(3,3)",0.6608842611312866,0.08448096024438652
cka_rl,49,"biggrid50-goal(46,3)",30,"biggrid50-goal(9,10)",0.9775509238243103,0.8901826464712967
cka_rl,49,"biggrid50-goal(46,3)",31,"biggrid50-goal(46,17)",0.8806121945381165,0.5551329962433853
cka_rl,49,"biggrid50-goal(46,3)",32,"biggrid50-goal(40,10)",0.6782312393188477,0.026748977870660932
cka_rl,49,"biggrid50-goal(46,3)",33,"biggrid50-goal(46,38)",0.9598637819290161,0.8919409449065295
cka_rl,49,"biggrid50-goal(46,3)",34,"biggrid50-goal(27,31)",0.8761904239654541,0.3234197014054192
cka_rl,49,"biggrid50-goal(46,3)",35,"biggrid50-goal(21,31)",0.8404762148857117,0.2926095710933506
cka_rl,49,"biggrid50-goal(46,3)",36,"biggrid50-goal(46,10)",0.9585031867027283,0.9015329830088773
cka_rl,49,"biggrid50-goal(46,3)",37,"biggrid50-goal(9,17)",0.9459182620048523,0.7244362633144146
cka_rl,49,"biggrid50-goal(46,3)",38,"biggrid50-goal(33,24)",0.882652997970581,0.4453374113176461
cka_rl,49,"biggrid50-goal(46,3)",39,"biggrid50-goal(40,17)",0.9578229784965515,0.823361222409747
cka_rl,49,"biggrid50-goal(46,3)",40,"biggrid50-goal(40,38)",0.6942176818847656,0.15188674753609235
cka_rl,49,"biggrid50-goal(46,3)",41,"biggrid50-goal(33,38)",0.8374149203300476,0.44803677157993144
cka_rl,49,"biggrid50-goal(46,3)",42,"biggrid50-goal(9,45)",0.9656460285186768,0.8966216262268877
cka_rl,49,"biggrid50-goal(46,3)",43,"biggrid50-goal(9,38)",0.9051018953323364,0.6843886018589864
cka_rl,49,"biggrid50-goal(46,3)",44,"biggrid50-goal(9,3)",0.6823129057884216,0.08789058188313052
cka_rl,49,"biggrid50-goal(46,3)",45,"biggrid50-goal(40,24)",0.8860543370246887,0.5983210383314518
cka_rl,49,"biggrid50-goal(46,3)",46,"biggrid50-goal(33,31)",0.9037415981292725,0.5605594435278934
cka_rl,49,"biggrid50-goal(46,3)",47,"biggrid50-goal(46,45)",0.8459182381629944,0.6471959998869963
cka_rl,49,"biggrid50-goal(46,3)",48,"biggrid50-goal(3,38)",0.7891156077384949,0.37750993629161234
cka_rl,49,"biggrid50-goal(46,3)",49,"biggrid50-goal(46,3)",0.9136053323745728,0.7590129763982809
