iter,frames,agent_steps,episodes,wall_s,train_return_mean,greedy_score,pg_loss,v_loss,entropy,approx_kl,clipfrac
0,8192,2048,0,63.6,nan,270.0,0.018,144.6128,2.8764,0.01522,0.3788
1,16384,4096,0,66.3,nan,,-0.0024,0.1969,2.8889,0.00089,0.0457
2,24576,6144,3,69.1,6.667,,-0.003,0.0928,2.8844,0.00143,0.089
3,32768,8192,8,71.9,7.125,,-0.002,0.1021,2.8853,0.00097,0.0248
4,40960,10240,11,74.7,8.091,,-0.0028,0.0636,2.8825,0.00096,0.041
5,49152,12288,14,77.4,8.786,,-0.0038,0.0536,2.8778,0.00153,0.0641
6,57344,14336,18,80.2,9.944,,-0.0042,0.0717,2.8765,0.00122,0.0646
7,65536,16384,25,83.0,9.8,,-0.0056,0.0465,2.8703,0.00175,0.0985
8,73728,18432,27,85.8,10.481,,-0.0055,0.0456,2.8665,0.00186,0.1141
9,81920,20480,29,88.6,10.345,,-0.0047,0.051,2.8639,0.002,0.1322
10,90112,22528,34,91.4,10.176,,-0.0052,0.0706,2.8682,0.00141,0.0861
11,98304,24576,37,94.2,10.081,,-0.0053,0.0755,2.8697,0.00154,0.0887
12,106496,26624,40,97.0,10.5,,-0.0042,0.0589,2.8705,0.00114,0.064
13,114688,28672,44,99.7,10.682,,-0.0071,0.0382,2.8657,0.00164,0.0948
14,122880,30720,51,102.5,10.784,,-0.0071,0.0481,2.8633,0.0025,0.1726
15,131072,32768,55,105.3,10.655,,-0.0073,0.0584,2.858,0.00198,0.1365
16,139264,34816,58,108.1,10.483,,-0.0039,0.0979,2.8557,0.00107,0.0453
17,147456,36864,61,110.9,10.443,,-0.0067,0.066,2.8616,0.00175,0.1091
18,155648,38912,62,113.7,10.419,,-0.0068,0.0552,2.8569,0.00185,0.1086
19,163840,40960,66,116.4,10.5,,-0.0073,0.0766,2.8567,0.00188,0.1096
20,172032,43008,71,119.2,10.761,,-0.0071,0.0612,2.8548,0.00202,0.1194
21,180224,45056,75,122.0,11.16,,-0.005,0.0777,2.8523,0.00124,0.0533
22,188416,47104,77,124.7,11.065,,-0.0065,0.0655,2.8493,0.00169,0.1002
23,196608,49152,82,127.5,11.098,,-0.0093,0.0717,2.8479,0.00234,0.1631
24,204800,51200,86,130.3,11.349,,-0.0087,0.0725,2.8466,0.00146,0.0796
25,212992,53248,89,133.1,11.461,,-0.0097,0.0494,2.8449,0.00221,0.1393
26,221184,55296,93,135.9,11.333,,-0.0074,0.0598,2.843,0.00171,0.1068
27,229376,57344,93,138.6,11.333,,-0.0103,0.0317,2.8336,0.00237,0.1519
28,237568,59392,100,141.4,11.45,,-0.0092,0.0717,2.8206,0.0025,0.1624
29,245760,61440,108,144.2,11.96,,-0.0066,0.0781,2.8266,0.00224,0.1508
30,253952,63488,110,147.0,11.75,,-0.0065,0.0696,2.8215,0.00193,0.115
31,262144,65536,110,149.7,11.75,,-0.0071,0.0706,2.8101,0.00213,0.1373
32,270336,67584,115,152.5,11.6,,-0.0084,0.0547,2.8285,0.00262,0.1709
33,278528,69632,121,155.3,12.0,,-0.0098,0.0503,2.8198,0.00248,0.1677
34,286720,71680,125,158.1,12.12,,-0.0095,0.0895,2.8079,0.00228,0.1472
35,294912,73728,130,160.9,12.08,,-0.0088,0.0742,2.7871,0.00279,0.1812
36,303104,75776,133,163.7,12.13,,-0.0076,0.0719,2.796,0.00238,0.1572
37,311296,77824,133,166.4,12.13,,-0.0071,0.0615,2.8055,0.0023,0.1473
38,319488,79872,140,169.2,12.15,,-0.0116,0.0665,2.814,0.00296,0.1897
39,327680,81920,144,172.0,12.19,,-0.0088,0.066,2.8245,0.00203,0.1182
40,335872,83968,149,174.8,12.26,,-0.0098,0.0678,2.8206,0.00318,0.2158
41,344064,86016,152,177.6,12.29,,-0.012,0.0644,2.8199,0.00234,0.156
42,352256,88064,155,180.3,12.62,,-0.009,0.0691,2.814,0.00227,0.141
43,360448,90112,161,183.1,12.73,,-0.013,0.0678,2.8094,0.0028,0.183
44,368640,92160,164,185.9,12.85,,-0.0112,0.0614,2.8264,0.00257,0.1644
45,376832,94208,171,188.7,12.6,,-0.0109,0.0655,2.8118,0.00257,0.1626
46,385024,96256,171,191.4,12.6,,-0.0115,0.0582,2.8186,0.00265,0.1755
47,393216,98304,178,194.3,12.41,,-0.0092,0.0707,2.8116,0.00318,0.2057
48,401408,100352,180,197.0,12.57,,-0.0128,0.0566,2.8178,0.00263,0.1622
49,409600,102400,186,199.8,12.21,,-0.0116,0.0729,2.8062,0.00278,0.1816
50,417792,104448,188,202.6,12.04,,-0.0077,0.068,2.825,0.00208,0.1232
51,425984,106496,192,205.3,12.3,,-0.0126,0.0564,2.8189,0.00264,0.1664
52,434176,108544,197,208.1,12.33,,-0.0102,0.0803,2.7985,0.00264,0.1715
53,442368,110592,200,210.9,12.51,,-0.0113,0.0773,2.8213,0.00243,0.1436
54,450560,112640,206,213.7,12.28,,-0.0101,0.0789,2.7961,0.00298,0.189
55,458752,114688,209,216.4,12.3,,-0.0105,0.0589,2.8223,0.00207,0.125
56,466944,116736,215,219.2,12.51,,-0.0085,0.0655,2.8098,0.00221,0.1398
57,475136,118784,219,222.0,12.35,,-0.012,0.0546,2.801,0.00253,0.1614
58,483328,120832,223,224.8,11.94,,-0.0124,0.0806,2.7996,0.00321,0.2148
59,491520,122880,224,227.6,11.96,,-0.0142,0.054,2.7951,0.00293,0.179
60,499712,124928,230,230.3,11.9,,-0.0133,0.0722,2.7912,0.00292,0.1721
61,507904,126976,233,233.1,12.27,,-0.0136,0.0565,2.8012,0.00296,0.1899
62,516096,129024,239,235.9,12.46,,-0.0127,0.0638,2.7976,0.00332,0.2179
63,524288,131072,242,238.7,12.33,,-0.0108,0.0678,2.7806,0.00293,0.1844
64,532480,133120,247,241.5,11.88,,-0.0141,0.066,2.7644,0.00312,0.1951
65,540672,135168,248,244.2,12.05,,-0.0105,0.063,2.7853,0.00301,0.1992
66,548864,137216,252,247.0,12.15,,-0.013,0.0661,2.78,0.00266,0.1604
67,557056,139264,258,249.8,12.04,,-0.0115,0.0696,2.7723,0.00302,0.1952
68,565248,141312,261,252.6,12.02,,-0.0124,0.059,2.7707,0.0036,0.2365
69,573440,143360,265,255.4,11.99,,-0.012,0.081,2.7652,0.00265,0.1619
70,581632,145408,268,258.1,12.23,,-0.014,0.057,2.7852,0.00391,0.2422
71,589824,147456,273,260.9,11.99,,-0.0137,0.0548,2.7715,0.00375,0.2325
72,598016,149504,274,263.7,11.98,,-0.017,0.0455,2.7778,0.00326,0.2047
73,606208,151552,278,266.4,12.33,,-0.0175,0.0565,2.7608,0.00416,0.2494
74,614400,153600,284,269.2,12.31,,-0.013,0.0613,2.7607,0.00346,0.2281
75,622592,155648,286,272.0,12.42,,-0.0155,0.0573,2.7672,0.00333,0.2144
76,630784,157696,291,274.8,12.48,,-0.0181,0.0605,2.7228,0.00468,0.2904
77,638976,159744,293,277.5,12.51,,-0.0173,0.0633,2.7697,0.00334,0.2117
78,647168,161792,299,280.3,12.5,,-0.0118,0.0603,2.7493,0.00392,0.2471
79,655360,163840,302,283.1,12.13,,-0.0115,0.0727,2.7579,0.00284,0.1815
80,663552,165888,305,285.9,12.42,,-0.0146,0.06,2.7257,0.00289,0.1833
81,671744,167936,309,288.6,12.66,,-0.0163,0.0425,2.7276,0.00393,0.2517
82,679936,169984,317,291.5,12.59,,-0.0138,0.0686,2.7502,0.00404,0.2467
83,688128,172032,322,294.3,12.7,,-0.0118,0.079,2.7038,0.00366,0.2288
84,696320,174080,324,297.1,12.65,,-0.0146,0.0444,2.7361,0.00328,0.205
85,704512,176128,330,299.9,12.5,,-0.0127,0.0525,2.6972,0.00286,0.1785
86,712704,178176,334,302.7,12.19,,-0.0153,0.0651,2.7511,0.00348,0.223
87,720896,180224,338,305.4,12.43,,-0.0152,0.0581,2.7386,0.00353,0.2112
88,729088,182272,342,308.2,12.19,,-0.0177,0.0523,2.7414,0.00454,0.2556
89,737280,184320,344,311.0,12.38,,-0.0174,0.0597,2.7799,0.00467,0.2559
90,745472,186368,348,313.8,12.56,,-0.0143,0.0521,2.7661,0.00445,0.2595
91,753664,188416,352,316.5,12.74,,-0.0191,0.0578,2.7859,0.00421,0.2618
92,761856,190464,355,319.3,12.44,,-0.0168,0.0427,2.7864,0.00273,0.1776
93,770048,192512,363,322.1,12.6,,-0.0133,0.0707,2.746,0.00433,0.2523
94,778240,194560,367,324.9,12.54,,-0.0174,0.057,2.7883,0.00347,0.2076
95,786432,196608,368,327.7,12.52,,-0.0164,0.0483,2.7874,0.00379,0.2241
96,794624,198656,371,330.4,12.48,,-0.0173,0.0565,2.7944,0.00319,0.2054
97,802816,200704,376,333.2,12.54,,-0.0163,0.0549,2.7873,0.00283,0.1749
98,811008,202752,379,336.0,12.44,,-0.0188,0.0598,2.7797,0.00367,0.2308
99,819200,204800,385,338.8,12.59,,-0.0166,0.055,2.7607,0.00371,0.239
100,827392,206848,385,421.9,12.59,214.8000030517578,-0.0168,0.0704,2.7883,0.00297,0.1906
101,835584,208896,390,424.6,12.58,,-0.0221,0.0421,2.7668,0.00454,0.2572
102,843776,210944,393,427.4,12.58,,-0.0211,0.0672,2.7687,0.00463,0.2836
103,851968,212992,398,430.2,12.54,,-0.0155,0.0666,2.7574,0.00399,0.2571
104,860160,215040,402,432.9,12.77,,-0.0166,0.0572,2.7641,0.00424,0.2472
105,868352,217088,404,435.7,12.88,,-0.0194,0.0611,2.7518,0.00383,0.2335
106,876544,219136,407,438.4,12.88,,-0.0192,0.0566,2.765,0.00451,0.2712
107,884736,221184,412,441.2,13.15,,-0.0208,0.0564,2.7462,0.00451,0.2771
108,892928,223232,416,444.0,13.45,,-0.0198,0.0745,2.7238,0.00459,0.2865
109,901120,225280,417,446.8,13.61,,-0.0167,0.0572,2.7625,0.00434,0.2693
110,909312,227328,421,449.5,13.47,,-0.0155,0.0853,2.7295,0.00542,0.3124
111,917504,229376,428,452.3,14.03,,-0.0182,0.0619,2.7267,0.00482,0.2792
112,925696,231424,431,455.1,14.02,,-0.0168,0.0662,2.7176,0.00401,0.2482
113,933888,233472,432,457.8,14.14,,-0.019,0.0557,2.7453,0.00453,0.2783
114,942080,235520,437,460.6,14.17,,-0.0199,0.0492,2.7196,0.00485,0.2859
115,950272,237568,441,463.4,14.24,,-0.0175,0.0737,2.724,0.0038,0.2341
116,958464,239616,443,466.1,14.29,,-0.0219,0.0534,2.7489,0.00468,0.2736
117,966656,241664,449,468.9,14.05,,-0.0163,0.0729,2.7174,0.00423,0.2532
118,974848,243712,453,471.7,14.14,,-0.018,0.0781,2.7306,0.00478,0.2797
119,983040,245760,455,474.5,14.44,,-0.0163,0.0607,2.7416,0.00477,0.2986
120,991232,247808,456,477.2,14.5,,-0.0194,0.0489,2.7436,0.00484,0.2811
121,999424,249856,461,480.0,14.52,,-0.0172,0.0833,2.7493,0.00556,0.334
122,1007616,251904,464,482.7,14.71,,-0.0191,0.0717,2.749,0.00485,0.2745
123,1015808,253952,466,485.5,14.86,,-0.0195,0.0475,2.7574,0.00407,0.2367
124,1024000,256000,471,488.3,15.04,,-0.0198,0.062,2.7222,0.00444,0.2699
125,1032192,258048,475,491.1,15.3,,-0.0205,0.0566,2.7412,0.00534,0.2927
126,1040384,260096,482,493.9,15.17,,-0.0155,0.0823,2.706,0.00529,0.2943
127,1048576,262144,486,496.7,15.16,,-0.0158,0.0658,2.7229,0.00462,0.2697
128,1056768,264192,486,499.4,15.16,,-0.0205,0.0497,2.7162,0.0046,0.2753
129,1064960,266240,491,502.2,15.06,,-0.0188,0.0713,2.7175,0.00471,0.2767
130,1073152,268288,494,505.0,14.91,,-0.0185,0.0686,2.7083,0.00466,0.2686
131,1081344,270336,497,507.7,14.94,,-0.0213,0.0463,2.6771,0.00592,0.328
132,1089536,272384,499,510.4,15.05,,-0.0228,0.0557,2.6999,0.00502,0.2933
133,1097728,274432,505,513.2,15.1,,-0.0226,0.0633,2.7109,0.00468,0.287
134,1105920,276480,508,516.0,15.04,,-0.0208,0.0576,2.7004,0.0047,0.2646
135,1114112,278528,511,518.8,15.19,,-0.0203,0.0539,2.6948,0.00466,0.2856
136,1122304,280576,515,521.5,14.92,,-0.0195,0.0705,2.6881,0.00479,0.2664
137,1130496,282624,519,524.3,15.04,,-0.0228,0.0602,2.7064,0.0049,0.2906
138,1138688,284672,520,527.1,15.04,,-0.0206,0.068,2.7096,0.00516,0.3073
139,1146880,286720,524,529.8,15.33,,-0.0223,0.0638,2.6946,0.00467,0.2693
140,1155072,288768,529,532.6,15.2,,-0.0174,0.0882,2.6824,0.00459,0.269
141,1163264,290816,533,535.4,15.5,,-0.0175,0.0733,2.6929,0.00481,0.2944
142,1171456,292864,536,538.2,15.38,,-0.0182,0.072,2.6656,0.00446,0.2576
143,1179648,294912,541,541.0,15.37,,-0.0168,0.0855,2.6737,0.00446,0.2572
144,1187840,296960,544,543.7,15.28,,-0.0217,0.0635,2.661,0.00512,0.2872
145,1196032,299008,548,546.5,15.55,,-0.0187,0.0748,2.661,0.00551,0.3043
146,1204224,301056,553,549.3,15.32,,-0.0131,0.0909,2.6565,0.00477,0.2902
147,1212416,303104,558,552.1,15.1,,-0.0173,0.0817,2.6156,0.00508,0.2897
148,1220608,305152,561,554.9,15.04,,-0.0195,0.0666,2.6643,0.00516,0.2814
149,1228800,307200,563,557.6,14.94,,-0.0243,0.0519,2.6763,0.00516,0.2905
150,1236992,309248,567,560.4,14.8,,-0.0209,0.0613,2.6735,0.00509,0.2972
151,1245184,311296,569,563.1,14.94,,-0.0237,0.0647,2.6772,0.0062,0.3265
152,1253376,313344,575,565.9,15.02,,-0.0176,0.0724,2.6724,0.00501,0.2922
153,1261568,315392,578,568.7,14.96,,-0.0234,0.0617,2.6587,0.00524,0.2776
154,1269760,317440,585,571.5,15.13,,-0.0177,0.0639,2.6665,0.00476,0.2711
155,1277952,319488,586,574.2,15.05,,-0.022,0.0661,2.6442,0.00622,0.3188
156,1286144,321536,589,577.0,15.02,,-0.0205,0.0664,2.6533,0.00472,0.275
157,1294336,323584,593,579.7,15.31,,-0.0216,0.058,2.6551,0.00474,0.2664
158,1302528,325632,597,582.5,15.56,,-0.0225,0.0628,2.6854,0.0046,0.2665
159,1310720,327680,604,585.3,15.36,,-0.0191,0.081,2.6447,0.00504,0.2841
160,1318912,329728,606,588.1,15.41,,-0.0196,0.0582,2.6753,0.00431,0.2506
161,1327104,331776,609,590.9,15.16,,-0.0213,0.0617,2.6753,0.0056,0.2896
162,1335296,333824,613,593.6,14.97,,-0.0239,0.0595,2.657,0.00525,0.283
163,1343488,335872,614,596.4,15.02,,-0.0245,0.0666,2.6799,0.00653,0.3499
164,1351680,337920,619,599.1,15.12,,-0.0226,0.0665,2.6326,0.00554,0.2821
165,1359872,339968,623,601.9,15.08,,-0.0259,0.0682,2.6446,0.00589,0.3031
166,1368064,342016,627,604.7,15.19,,-0.02,0.065,2.6694,0.00489,0.267
167,1376256,344064,628,607.4,15.31,,-0.0237,0.0555,2.6828,0.00502,0.2791
168,1384448,346112,634,610.2,15.26,,-0.0244,0.0696,2.6419,0.0057,0.3014
169,1392640,348160,639,613.0,15.17,,-0.0226,0.0622,2.6564,0.00596,0.2999
170,1400832,350208,641,615.7,15.34,,-0.0231,0.057,2.6596,0.00557,0.3073
171,1409024,352256,643,618.5,15.42,,-0.0254,0.0508,2.6939,0.00625,0.3079
172,1417216,354304,649,621.3,15.21,,-0.021,0.0714,2.6681,0.00543,0.2914
173,1425408,356352,652,624.0,15.32,,-0.0208,0.0814,2.6224,0.00509,0.295
174,1433600,358400,655,626.8,15.4,,-0.0243,0.0667,2.6129,0.00634,0.3219
175,1441792,360448,658,629.6,15.57,,-0.023,0.0595,2.6522,0.00667,0.3383
176,1449984,362496,661,632.3,15.55,,-0.0206,0.0713,2.6501,0.00484,0.2786
177,1458176,364544,662,635.1,15.48,,-0.0255,0.0614,2.6499,0.00673,0.333
178,1466368,366592,667,637.9,15.93,,-0.0232,0.0604,2.6587,0.00603,0.3167
179,1474560,368640,672,640.6,15.7,,-0.0227,0.0568,2.6299,0.00585,0.2928
180,1482752,370688,677,643.4,15.75,,-0.0238,0.0513,2.641,0.00691,0.333
181,1490944,372736,679,646.2,15.88,,-0.0239,0.0588,2.6615,0.00667,0.3419
182,1499136,374784,682,649.0,15.85,,-0.0202,0.068,2.644,0.00551,0.3092
183,1507328,376832,685,651.7,15.75,,-0.0233,0.0545,2.7072,0.00588,0.3179
184,1515520,378880,691,654.5,15.86,,-0.024,0.0785,2.6476,0.0064,0.3092
185,1523712,380928,694,657.3,15.71,,-0.0258,0.0743,2.6641,0.00573,0.3033
186,1531904,382976,696,660.0,15.76,,-0.0222,0.079,2.6251,0.00657,0.3475
187,1540096,385024,700,662.8,16.01,,-0.0232,0.0606,2.6406,0.00644,0.3313
188,1548288,387072,705,665.5,15.82,,-0.0212,0.0704,2.6208,0.0065,0.3318
189,1556480,389120,707,668.3,15.92,,-0.026,0.0671,2.6233,0.0068,0.3354
190,1564672,391168,711,671.1,16.22,,-0.0253,0.0669,2.598,0.00644,0.3285
191,1572864,393216,712,673.8,16.25,,-0.0281,0.0583,2.6921,0.00732,0.3514
192,1581056,395264,717,676.6,16.44,,-0.0251,0.0684,2.6464,0.00733,0.3574
193,1589248,397312,725,679.4,16.2,,-0.0203,0.0803,2.517,0.00722,0.3635
194,1597440,399360,725,682.1,16.2,,-0.026,0.0678,2.6634,0.00573,0.3059
195,1605632,401408,727,684.9,16.23,,-0.0277,0.0633,2.6784,0.00621,0.3114
196,1613824,403456,732,687.6,15.83,,-0.0273,0.0571,2.6028,0.00703,0.3331
197,1622016,405504,735,690.4,16.05,,-0.0277,0.0702,2.6299,0.00717,0.355
198,1630208,407552,737,693.1,16.29,,-0.0298,0.0585,2.6335,0.00808,0.356
199,1638400,409600,741,695.8,16.45,,-0.0254,0.0526,2.6559,0.00691,0.3353
200,1646592,411648,746,767.1,16.69,405.1499938964844,-0.0226,0.0762,2.5929,0.00701,0.3322
201,1654784,413696,748,769.8,16.86,,-0.0293,0.0631,2.6158,0.00821,0.3665
202,1662976,415744,751,772.6,16.85,,-0.0264,0.0538,2.6378,0.00754,0.3394
203,1671168,417792,755,775.3,16.83,,-0.0249,0.0606,2.6376,0.00769,0.3433
204,1679360,419840,758,778.1,16.79,,-0.0253,0.0866,2.6048,0.00719,0.3387
205,1687552,421888,764,780.9,17.04,,-0.0263,0.0691,2.5724,0.00698,0.3273
206,1695744,423936,766,783.7,17.0,,-0.0253,0.0795,2.5938,0.00763,0.3677
207,1703936,425984,770,786.4,16.93,,-0.0225,0.075,2.6034,0.0069,0.345
208,1712128,428032,774,789.2,16.88,,-0.0263,0.0692,2.5975,0.00778,0.3617
209,1720320,430080,776,792.0,16.75,,-0.0255,0.0722,2.6399,0.00779,0.3597
210,1728512,432128,779,794.7,16.75,,-0.0268,0.0538,2.6134,0.00833,0.3779
211,1736704,434176,783,797.5,17.03,,-0.0265,0.066,2.5823,0.00849,0.3802
212,1744896,436224,786,800.2,17.35,,-0.0289,0.0611,2.5862,0.00796,0.3507
213,1753088,438272,790,803.0,17.4,,-0.0205,0.0747,2.5413,0.00631,0.3267
214,1761280,440320,793,805.8,17.5,,-0.0254,0.0642,2.5804,0.00685,0.3425
215,1769472,442368,797,808.5,17.51,,-0.0212,0.067,2.534,0.00703,0.345
216,1777664,444416,799,811.3,17.32,,-0.025,0.055,2.5314,0.0113,0.4254
217,1785856,446464,804,814.1,17.54,,-0.0216,0.0657,2.5217,0.00774,0.3484
218,1794048,448512,809,816.9,17.29,,-0.0229,0.0741,2.4775,0.00691,0.3407
219,1802240,450560,811,819.6,17.25,,-0.0238,0.0536,2.515,0.00809,0.3693
220,1810432,452608,814,822.4,16.98,,-0.0226,0.0616,2.5546,0.00694,0.3252
221,1818624,454656,814,825.1,16.98,,-0.0234,0.0732,2.5512,0.00617,0.3389
222,1826816,456704,821,827.9,16.99,,-0.027,0.0675,2.4975,0.00759,0.3411
223,1835008,458752,826,830.7,17.6,,-0.0254,0.061,2.4686,0.0098,0.4166
224,1843200,460800,826,833.4,17.6,,-0.028,0.0732,2.5394,0.00844,0.3831
225,1851392,462848,832,836.2,17.8,,-0.0265,0.0654,2.4769,0.00828,0.3763
226,1859584,464896,834,838.9,17.68,,-0.0267,0.0713,2.5337,0.00869,0.3989
227,1867776,466944,835,841.6,17.73,,-0.028,0.0699,2.5242,0.01073,0.4047
228,1875968,468992,839,844.4,17.77,,-0.0259,0.0599,2.5093,0.00943,0.3848
229,1884160,471040,842,847.1,17.7,,-0.0278,0.073,2.533,0.00914,0.3801
230,1892352,473088,847,849.8,17.85,,-0.0265,0.0599,2.4873,0.00909,0.3734
231,1900544,475136,850,852.5,17.89,,-0.0203,0.087,2.5053,0.00889,0.3936
232,1908736,477184,852,855.3,17.69,,-0.0253,0.08,2.4985,0.00719,0.3652
233,1916928,479232,855,858.0,18.06,,-0.0268,0.0838,2.5108,0.00817,0.3596
234,1925120,481280,857,860.8,18.05,,-0.0258,0.0625,2.5528,0.00846,0.3948
235,1933312,483328,863,863.5,17.9,,-0.0286,0.083,2.5184,0.00889,0.3635
236,1941504,485376,867,866.3,18.4,,-0.0247,0.066,2.4994,0.00754,0.3594
237,1949696,487424,869,869.0,18.51,,-0.0237,0.0577,2.5495,0.00923,0.4048
238,1957888,489472,871,871.8,18.65,,-0.0274,0.0624,2.4986,0.00832,0.3604
239,1966080,491520,875,874.5,18.77,,-0.0287,0.0806,2.4413,0.00908,0.3749
240,1974272,493568,880,877.3,18.99,,-0.0263,0.0785,2.4106,0.00834,0.3784
241,1982464,495616,882,880.1,18.89,,-0.0272,0.0662,2.5217,0.0087,0.3746
242,1990656,497664,885,882.8,18.96,,-0.0299,0.0722,2.509,0.00983,0.384
243,1998848,499712,889,885.6,19.04,,-0.0258,0.0708,2.4496,0.00856,0.3872
244,2007040,501760,890,888.3,18.93,,-0.028,0.0638,2.4925,0.0077,0.3624
245,2015232,503808,892,891.0,19.0,,-0.0297,0.0735,2.5083,0.00872,0.3833
246,2023424,505856,896,893.7,19.02,,-0.0284,0.0581,2.5329,0.00917,0.3756
247,2031616,507904,899,896.4,19.0,,-0.0283,0.0635,2.4882,0.0094,0.4003
248,2039808,509952,903,899.2,19.72,,-0.0258,0.0626,2.4037,0.00902,0.379
249,2048000,512000,906,902.0,20.03,,-0.0272,0.0645,2.3915,0.00953,0.3875
250,2056192,514048,907,904.7,20.06,,-0.0283,0.0552,2.5014,0.00951,0.4049
251,2064384,516096,911,907.4,20.37,,-0.0281,0.0756,2.4842,0.0078,0.3521
252,2072576,518144,913,910.1,20.46,,-0.0274,0.0746,2.505,0.00904,0.3684
253,2080768,520192,917,912.8,20.89,,-0.0268,0.0628,2.3933,0.00891,0.3608
254,2088960,522240,921,915.6,21.13,,-0.0275,0.0544,2.46,0.00948,0.3708
255,2097152,524288,925,918.3,21.1,,-0.0253,0.0696,2.3777,0.0103,0.4233
256,2105344,526336,926,921.1,21.03,,-0.029,0.0595,2.5004,0.0094,0.3906
257,2113536,528384,929,923.8,21.06,,-0.0268,0.0824,2.4641,0.00911,0.3854
258,2121728,530432,933,926.5,21.34,,-0.0285,0.0646,2.485,0.00925,0.368
259,2129920,532480,937,929.3,21.21,,-0.0247,0.066,2.4361,0.00911,0.392
260,2138112,534528,941,932.0,21.06,,-0.0251,0.0616,2.4521,0.00867,0.3937
261,2146304,536576,941,934.7,21.06,,-0.0275,0.0543,2.4262,0.00886,0.3632
262,2154496,538624,943,937.4,21.18,,-0.0295,0.0619,2.5222,0.01066,0.4012
263,2162688,540672,945,940.1,20.93,,-0.029,0.0634,2.5088,0.01085,0.4022
264,2170880,542720,952,942.9,21.51,,-0.0271,0.0678,2.4123,0.00985,0.3887
265,2179072,544768,957,945.7,21.28,,-0.0261,0.0586,2.3974,0.0099,0.3833
266,2187264,546816,957,948.4,21.28,,-0.029,0.054,2.4833,0.01072,0.4132
267,2195456,548864,960,951.1,21.16,,-0.0263,0.0577,2.4858,0.01082,0.4017
268,2203648,550912,967,953.9,20.91,,-0.0265,0.075,2.4224,0.01145,0.3838
269,2211840,552960,970,956.7,20.93,,-0.0257,0.0613,2.4558,0.0101,0.4126
270,2220032,555008,971,959.4,20.86,,-0.0276,0.0632,2.5407,0.01053,0.4058
271,2228224,557056,975,962.2,20.84,,-0.0251,0.0612,2.4593,0.0095,0.3816
272,2236416,559104,978,964.9,20.89,,-0.0288,0.0556,2.4788,0.00966,0.3947
273,2244608,561152,981,967.7,20.87,,-0.0307,0.0681,2.5107,0.01158,0.418
274,2252800,563200,984,970.4,21.03,,-0.0289,0.0657,2.4952,0.00873,0.3724
275,2260992,565248,986,973.1,20.98,,-0.0276,0.072,2.5029,0.00914,0.3729
276,2269184,567296,988,975.8,20.9,,-0.0274,0.0608,2.5521,0.009,0.3892
277,2277376,569344,992,978.6,21.3,,-0.0285,0.0705,2.5583,0.00966,0.3854
278,2285568,571392,994,981.3,21.34,,-0.0313,0.0517,2.5599,0.01085,0.3966
279,2293760,573440,999,984.0,21.76,,-0.0282,0.0515,2.5264,0.01,0.3889
280,2301952,575488,1002,986.8,21.56,,-0.0268,0.0631,2.5009,0.00895,0.3768
281,2310144,577536,1006,989.6,21.13,,-0.0275,0.0558,2.4459,0.00962,0.3875
282,2318336,579584,1007,992.3,21.06,,-0.0282,0.0657,2.5324,0.00947,0.3811
283,2326528,581632,1010,995.1,20.81,,-0.0292,0.0518,2.5091,0.01114,0.3951
284,2334720,583680,1012,997.8,20.8,,-0.0309,0.0551,2.578,0.00977,0.3912
285,2342912,585728,1017,1000.5,20.64,,-0.0274,0.073,2.5416,0.01004,0.4005
286,2351104,587776,1020,1003.3,20.72,,-0.027,0.0686,2.4295,0.01019,0.3853
287,2359296,589824,1022,1006.0,20.74,,-0.0298,0.0668,2.4722,0.01103,0.4008
288,2367488,591872,1024,1008.8,20.72,,-0.0334,0.0507,2.5346,0.01109,0.4156
289,2375680,593920,1028,1011.5,20.84,,-0.0297,0.0582,2.4771,0.01287,0.4324
290,2383872,595968,1032,1014.3,20.72,,-0.0269,0.0799,2.4818,0.01162,0.4166
291,2392064,598016,1035,1017.0,20.69,,-0.0307,0.0642,2.4391,0.01158,0.4111
292,2400256,600064,1038,1019.8,20.98,,-0.0275,0.0644,2.4512,0.01234,0.4131
293,2408448,602112,1039,1022.5,21.11,,-0.0287,0.0816,2.4839,0.01061,0.3986
294,2416640,604160,1046,1025.2,20.96,,-0.0306,0.0677,2.4505,0.01054,0.3773
295,2424832,606208,1048,1028.0,21.1,,-0.027,0.0657,2.4362,0.01171,0.418
296,2433024,608256,1051,1030.7,21.08,,-0.0235,0.0742,2.4598,0.01167,0.437
297,2441216,610304,1053,1033.5,21.08,,-0.0292,0.0677,2.442,0.0098,0.3969
298,2449408,612352,1057,1036.2,20.85,,-0.0258,0.0737,2.4587,0.0107,0.3975
299,2457600,614400,1060,1039.0,21.08,,-0.0276,0.0707,2.4954,0.00987,0.3936
300,2465792,616448,1063,1123.9,21.25,269.75,-0.0289,0.062,2.4016,0.01108,0.3896
301,2473984,618496,1066,1126.6,21.24,,-0.0283,0.062,2.4678,0.01159,0.4155
302,2482176,620544,1069,1129.3,21.47,,-0.0298,0.0675,2.466,0.01193,0.396
303,2490368,622592,1071,1132.1,21.56,,-0.0337,0.0505,2.5385,0.01161,0.4255
304,2498560,624640,1075,1134.8,21.74,,-0.0261,0.0754,2.4373,0.01114,0.4271
305,2506752,626688,1079,1137.6,21.76,,-0.0297,0.056,2.5023,0.01041,0.4086
306,2514944,628736,1081,1140.3,21.81,,-0.0306,0.054,2.4815,0.01126,0.4012
307,2523136,630784,1081,1143.0,21.81,,-0.0287,0.0592,2.5616,0.0102,0.4081
308,2531328,632832,1083,1145.7,21.9,,-0.0319,0.0642,2.5776,0.01184,0.4037
309,2539520,634880,1087,1148.5,21.77,,-0.0287,0.0642,2.5197,0.01118,0.4167
310,2547712,636928,1093,1151.2,21.81,,-0.0291,0.0569,2.4288,0.01073,0.4047
311,2555904,638976,1096,1154.0,21.7,,-0.027,0.0596,2.4352,0.01056,0.3817
312,2564096,641024,1097,1156.7,21.6,,-0.0279,0.0735,2.4632,0.00979,0.3989
313,2572288,643072,1099,1159.4,21.43,,-0.0312,0.0707,2.5422,0.01014,0.3876
314,2580480,645120,1102,1162.2,21.34,,-0.0298,0.0872,2.4913,0.00901,0.3798
315,2588672,647168,1106,1164.9,21.65,,-0.0288,0.057,2.3688,0.01153,0.4048
316,2596864,649216,1108,1167.6,21.72,,-0.0318,0.0477,2.4392,0.01309,0.4193
317,2605056,651264,1112,1170.4,22.17,,-0.0289,0.0624,2.3873,0.01103,0.3914
318,2613248,653312,1113,1173.1,22.2,,-0.0291,0.0652,2.4665,0.01102,0.4131
319,2621440,655360,1114,1175.8,22.31,,-0.0316,0.0627,2.5385,0.01366,0.46
320,2629632,657408,1117,1178.4,22.19,,-0.0302,0.0662,2.4881,0.01314,0.4231
321,2637824,659456,1119,1181.1,22.41,,-0.0303,0.0587,2.4406,0.01284,0.4316
322,2646016,661504,1126,1183.8,22.52,,-0.0286,0.0555,2.3884,0.01278,0.4067
323,2654208,663552,1128,1186.6,22.62,,-0.0258,0.0628,2.4041,0.01138,0.4182
324,2662400,665600,1131,1189.3,22.98,,-0.0301,0.0685,2.4865,0.00973,0.3979
325,2670592,667648,1133,1192.1,22.95,,-0.0295,0.0557,2.4791,0.01018,0.4139
326,2678784,669696,1137,1194.8,22.63,,-0.0288,0.0632,2.4942,0.01136,0.429
327,2686976,671744,1141,1197.6,22.45,,-0.0272,0.0686,2.3559,0.00932,0.3666
328,2695168,673792,1143,1200.3,22.52,,-0.0328,0.053,2.4705,0.01156,0.4088
329,2703360,675840,1146,1203.1,22.4,,-0.0306,0.0575,2.4968,0.01061,0.3976
330,2711552,677888,1150,1205.8,22.16,,-0.0302,0.0616,2.4559,0.01041,0.4031
331,2719744,679936,1155,1208.6,22.1,,-0.0274,0.0566,2.3106,0.01036,0.3907
332,2727936,681984,1159,1211.4,21.84,,-0.0252,0.0512,2.3558,0.01034,0.3944
333,2736128,684032,1161,1214.1,21.65,,-0.0265,0.0475,2.4336,0.01034,0.3981
334,2744320,686080,1163,1216.9,21.57,,-0.0249,0.0645,2.4044,0.01056,0.4111
335,2752512,688128,1168,1219.7,21.26,,-0.0278,0.0672,2.3431,0.01344,0.4198
336,2760704,690176,1171,1222.4,21.0,,-0.0293,0.0647,2.3735,0.01191,0.4233
337,2768896,692224,1172,1225.1,21.02,,-0.0318,0.0535,2.4795,0.01076,0.3933
338,2777088,694272,1176,1227.9,21.2,,-0.0304,0.0631,2.4198,0.01269,0.4435
339,2785280,696320,1181,1230.7,21.04,,-0.0321,0.0585,2.4374,0.01147,0.4255
340,2793472,698368,1183,1233.4,20.97,,-0.03,0.0566,2.383,0.01283,0.4298
341,2801664,700416,1186,1236.2,20.98,,-0.0288,0.0646,2.451,0.01177,0.399
342,2809856,702464,1188,1238.9,21.06,,-0.0323,0.055,2.5072,0.01115,0.4231
343,2818048,704512,1192,1241.7,20.92,,-0.0304,0.0578,2.4956,0.01188,0.418
344,2826240,706560,1196,1244.4,20.79,,-0.025,0.0471,2.414,0.00985,0.3904
345,2834432,708608,1199,1247.2,20.9,,-0.0326,0.0576,2.4964,0.01059,0.4083
346,2842624,710656,1202,1249.9,20.84,,-0.0284,0.0621,2.4441,0.01004,0.3839
347,2850816,712704,1202,1252.6,20.84,,-0.0369,0.0569,2.5546,0.0115,0.4177
348,2859008,714752,1205,1255.3,20.85,,-0.0324,0.0671,2.5544,0.01038,0.3772
349,2867200,716800,1214,1258.1,20.38,,-0.0287,0.0559,2.429,0.01022,0.4033
350,2875392,718848,1215,1260.9,20.44,,-0.0266,0.0555,2.3901,0.01023,0.3777
351,2883584,720896,1215,1263.6,20.44,,-0.0346,0.0556,2.5352,0.01159,0.4155
352,2891776,722944,1219,1266.3,20.13,,-0.0314,0.0561,2.4817,0.01102,0.4106
353,2899968,724992,1221,1269.0,19.84,,-0.0284,0.0804,2.5034,0.0098,0.3927
354,2908160,727040,1224,1271.8,19.79,,-0.0323,0.0734,2.475,0.01118,0.4135
355,2916352,729088,1226,1274.5,19.68,,-0.0344,0.0581,2.4924,0.01397,0.4113
356,2924544,731136,1229,1277.2,19.57,,-0.0316,0.0629,2.4844,0.01357,0.4218
357,2932736,733184,1232,1279.9,19.73,,-0.0331,0.0596,2.4805,0.01231,0.4148
358,2940928,735232,1234,1282.6,19.84,,-0.0327,0.0666,2.4385,0.01233,0.4401
359,2949120,737280,1239,1285.3,20.11,,-0.0319,0.065,2.4803,0.01299,0.4175
360,2957312,739328,1241,1288.0,20.15,,-0.0273,0.0607,2.3977,0.01222,0.4298
361,2965504,741376,1245,1290.8,20.28,,-0.0287,0.0662,2.4739,0.01212,0.4198
362,2973696,743424,1248,1293.5,20.37,,-0.0298,0.0587,2.3414,0.01344,0.412
363,2981888,745472,1250,1296.3,20.42,,-0.0342,0.0536,2.4147,0.01203,0.4081
364,2990080,747520,1253,1299.0,20.54,,-0.0341,0.0623,2.4421,0.01411,0.4525
365,2998272,749568,1257,1301.7,20.73,,-0.0324,0.0583,2.3993,0.01628,0.451
366,3006464,751616,1262,1304.5,21.06,,-0.029,0.0565,2.2839,0.01404,0.4296
367,3014656,753664,1264,1307.3,21.26,,-0.0256,0.0753,2.3472,0.01472,0.4526
368,3022848,755712,1265,1310.0,21.33,,-0.0277,0.0717,2.3643,0.01202,0.4152
369,3031040,757760,1269,1312.7,21.58,,-0.0318,0.0697,2.376,0.01417,0.3989
370,3039232,759808,1272,1315.5,21.66,,-0.0288,0.0758,2.2744,0.01185,0.3981
371,3047424,761856,1275,1318.2,21.57,,-0.0244,0.0675,2.3183,0.01375,0.4321
372,3055616,763904,1278,1320.9,21.58,,-0.0313,0.0634,2.3716,0.01439,0.4473
373,3063808,765952,1283,1323.7,21.64,,-0.0257,0.0778,2.378,0.01143,0.4233
374,3072000,768000,1285,1326.4,21.56,,-0.028,0.0685,2.2943,0.01633,0.4543
375,3080192,770048,1289,1329.1,21.67,,-0.0306,0.067,2.3525,0.01245,0.4083
376,3088384,772096,1291,1331.9,21.84,,-0.0303,0.0653,2.3411,0.01336,0.4413
377,3096576,774144,1292,1334.6,21.78,,-0.0334,0.0797,2.4402,0.01371,0.4332
378,3104768,776192,1296,1337.3,21.96,,-0.0324,0.0612,2.4092,0.01579,0.443
379,3112960,778240,1300,1340.0,22.26,,-0.0299,0.0673,2.3606,0.01227,0.396
380,3121152,780288,1303,1342.7,22.33,,-0.0306,0.085,2.3526,0.01121,0.3762
381,3129344,782336,1305,1345.4,22.34,,-0.0308,0.0454,2.3261,0.01444,0.4387
382,3137536,784384,1309,1348.2,22.42,,-0.0336,0.0749,2.387,0.01459,0.4293
383,3145728,786432,1314,1351.0,22.44,,-0.0244,0.0759,2.2529,0.00949,0.3693
384,3153920,788480,1316,1353.7,22.49,,-0.0251,0.0649,2.3431,0.01103,0.3884
385,3162112,790528,1319,1356.5,22.34,,-0.0273,0.0711,2.4629,0.0145,0.4506
386,3170304,792576,1323,1359.2,22.52,,-0.031,0.056,2.3196,0.01375,0.4314
387,3178496,794624,1326,1362.0,22.26,,-0.0279,0.0695,2.3208,0.01265,0.4269
388,3186688,796672,1329,1364.7,22.22,,-0.0304,0.0606,2.3753,0.01221,0.4105
389,3194880,798720,1329,1367.4,22.22,,-0.033,0.06,2.4367,0.01554,0.4543
390,3203072,800768,1335,1370.2,22.15,,-0.0339,0.0717,2.3495,0.01772,0.4541
391,3211264,802816,1338,1372.9,22.32,,-0.0301,0.0686,2.3569,0.01626,0.453
392,3219456,804864,1339,1375.6,22.42,,-0.0269,0.0732,2.3574,0.01291,0.4257
393,3227648,806912,1344,1378.4,22.1,,-0.0333,0.075,2.3614,0.01358,0.421
394,3235840,808960,1347,1381.1,22.27,,-0.0298,0.063,2.242,0.01473,0.4227
395,3244032,811008,1348,1383.8,22.42,,-0.032,0.073,2.3504,0.01786,0.4661
396,3252224,813056,1352,1386.5,22.53,,-0.0299,0.0771,2.3952,0.01711,0.4525
397,3260416,815104,1354,1389.2,22.52,,-0.0299,0.0785,2.2488,0.01485,0.4368
398,3268608,817152,1356,1391.9,22.68,,-0.0312,0.0733,2.4394,0.01599,0.454
399,3276800,819200,1361,1394.6,22.77,,-0.0307,0.0669,2.2799,0.01479,0.415
400,3284992,821248,1364,1469.0,22.9,390.79998779296875,-0.0302,0.0592,2.3589,0.01552,0.437
401,3293184,823296,1366,1471.7,22.89,,-0.0322,0.062,2.4703,0.01604,0.4714
402,3301376,825344,1367,1474.3,23.02,,-0.0349,0.0729,2.5117,0.01505,0.458
403,3309568,827392,1370,1477.1,23.19,,-0.0319,0.0628,2.3948,0.01473,0.4519
404,3317760,829440,1376,1479.8,23.07,,-0.0322,0.0696,2.4816,0.01634,0.4501
405,3325952,831488,1378,1482.5,23.21,,-0.0306,0.0541,2.3695,0.0144,0.4397
406,3334144,833536,1382,1485.3,23.33,,-0.0302,0.063,2.3881,0.01373,0.4268
407,3342336,835584,1382,1488.0,23.33,,-0.0321,0.0826,2.4871,0.01575,0.4736
408,3350528,837632,1386,1490.7,23.48,,-0.0305,0.0725,2.4777,0.01466,0.4536
409,3358720,839680,1389,1493.5,23.39,,-0.0345,0.0731,2.4205,0.01447,0.4376
410,3366912,841728,1392,1496.2,23.34,,-0.0322,0.0673,2.3912,0.01496,0.4548
411,3375104,843776,1394,1498.9,23.45,,-0.0333,0.0712,2.4855,0.01583,0.4564
412,3383296,845824,1397,1501.6,23.53,,-0.0318,0.07,2.4835,0.01594,0.4832
413,3391488,847872,1399,1504.3,23.36,,-0.0328,0.0699,2.4359,0.0156,0.4508
414,3399680,849920,1402,1507.1,23.41,,-0.0318,0.0762,2.5234,0.01416,0.4572
415,3407872,851968,1405,1509.8,23.44,,-0.0331,0.0798,2.4841,0.01687,0.4613
416,3416064,854016,1408,1512.5,23.48,,-0.031,0.0833,2.4951,0.01447,0.45
417,3424256,856064,1410,1515.2,23.54,,-0.0325,0.0819,2.4734,0.0138,0.4431
418,3432448,858112,1412,1518.0,23.63,,-0.0353,0.0846,2.5154,0.0131,0.4126
419,3440640,860160,1413,1520.6,24.1,,-0.0367,0.0751,2.5721,0.01702,0.4674
420,3448832,862208,1416,1523.3,24.22,,-0.0334,0.0888,2.5253,0.014,0.4186
421,3457024,864256,1421,1526.0,24.64,,-0.0333,0.0896,2.4311,0.01459,0.4482
422,3465216,866304,1423,1528.7,24.58,,-0.0299,0.072,2.5041,0.01396,0.434
423,3473408,868352,1427,1531.5,24.86,,-0.032,0.0608,2.44,0.01697,0.4636
424,3481600,870400,1431,1534.3,24.99,,-0.0327,0.0674,2.4584,0.01465,0.4469
425,3489792,872448,1435,1537.0,24.74,,-0.0306,0.0808,2.4207,0.01405,0.448
426,3497984,874496,1437,1539.8,24.7,,-0.0339,0.0698,2.4527,0.01305,0.4305
427,3506176,876544,1439,1542.5,24.69,,-0.0346,0.0821,2.4622,0.01485,0.4531
428,3514368,878592,1443,1545.3,24.66,,-0.0342,0.0755,2.4608,0.01596,0.462
429,3522560,880640,1447,1548.0,24.61,,-0.033,0.0678,2.4589,0.01482,0.4496
430,3530752,882688,1450,1550.8,24.55,,-0.0312,0.0823,2.4712,0.01585,0.4622
431,3538944,884736,1452,1553.5,24.54,,-0.0351,0.0785,2.4737,0.01785,0.4783
432,3547136,886784,1454,1556.2,24.55,,-0.0318,0.0855,2.4911,0.01299,0.4105
433,3555328,888832,1458,1558.9,24.45,,-0.0337,0.0833,2.56,0.01561,0.4784
434,3563520,890880,1460,1561.6,24.45,,-0.0313,0.0876,2.5169,0.01329,0.4386
435,3571712,892928,1461,1564.3,24.33,,-0.0315,0.0746,2.5435,0.01549,0.4774
436,3579904,894976,1465,1567.0,24.65,,-0.0324,0.0858,2.5132,0.01403,0.4441
437,3588096,897024,1470,1569.7,24.59,,-0.0289,0.0877,2.4791,0.01425,0.4393
438,3596288,899072,1472,1572.5,24.74,,-0.0333,0.0776,2.4522,0.01473,0.4315
439,3604480,901120,1475,1575.2,24.79,,-0.0316,0.0713,2.4238,0.01406,0.4481
440,3612672,903168,1476,1577.9,24.87,,-0.0335,0.0884,2.4935,0.01403,0.439
441,3620864,905216,1478,1580.6,24.92,,-0.0354,0.0735,2.5412,0.01654,0.4354
442,3629056,907264,1485,1583.4,24.83,,-0.0293,0.0833,2.3711,0.01376,0.4163
443,3637248,909312,1486,1586.1,24.86,,-0.0338,0.0637,2.436,0.01465,0.4575
444,3645440,911360,1488,1588.9,24.95,,-0.034,0.0574,2.431,0.01613,0.4781
445,3653632,913408,1490,1591.6,25.07,,-0.0344,0.0736,2.4838,0.01624,0.4894
446,3661824,915456,1493,1594.3,25.02,,-0.0361,0.0587,2.4767,0.01558,0.4604
447,3670016,917504,1496,1597.0,24.92,,-0.0361,0.0578,2.4927,0.01688,0.4756
448,3678208,919552,1499,1599.7,25.05,,-0.0323,0.0738,2.4473,0.01528,0.4601
449,3686400,921600,1500,1602.4,25.11,,-0.0334,0.08,2.4951,0.01456,0.4423
450,3694592,923648,1504,1605.1,25.12,,-0.0294,0.072,2.4749,0.01425,0.4312
451,3702784,925696,1505,1607.8,25.1,,-0.0316,0.0608,2.4638,0.01598,0.4675
452,3710976,927744,1509,1610.5,25.39,,-0.0327,0.0677,2.4052,0.01657,0.4595
453,3719168,929792,1513,1613.3,24.98,,-0.0301,0.0633,2.3993,0.01643,0.4634
454,3727360,931840,1517,1616.1,24.69,,-0.0286,0.095,2.3006,0.01149,0.4314
455,3735552,933888,1518,1618.8,24.73,,-0.0334,0.0687,2.3878,0.01325,0.4435
456,3743744,935936,1520,1621.5,24.73,,-0.0322,0.0584,2.3991,0.01579,0.4594
457,3751936,937984,1527,1624.3,24.53,,-0.0304,0.0613,2.3573,0.01667,0.4575
458,3760128,940032,1530,1627.1,24.46,,-0.0301,0.066,2.2362,0.0139,0.4399
459,3768320,942080,1532,1629.8,24.47,,-0.0283,0.0901,2.3021,0.01328,0.4373
460,3776512,944128,1534,1632.5,24.66,,-0.0335,0.085,2.3758,0.01492,0.4465
461,3784704,946176,1536,1635.2,24.71,,-0.0347,0.0589,2.4649,0.01537,0.4459
462,3792896,948224,1544,1638.0,24.92,,-0.0268,0.062,2.3714,0.01375,0.4213
463,3801088,950272,1546,1640.8,24.93,,-0.0278,0.0573,2.2988,0.01378,0.4617
464,3809280,952320,1549,1643.5,25.05,,-0.0301,0.0702,2.3546,0.01439,0.4617
465,3817472,954368,1550,1646.2,25.08,,-0.0309,0.0819,2.4041,0.01472,0.4443
466,3825664,956416,1553,1649.0,25.05,,-0.0336,0.0589,2.4657,0.01369,0.4283
467,3833856,958464,1559,1651.8,24.85,,-0.0322,0.064,2.3913,0.01564,0.4565
468,3842048,960512,1561,1654.5,25.02,,-0.0298,0.076,2.3611,0.01328,0.4231
469,3850240,962560,1564,1657.3,24.74,,-0.0298,0.0759,2.3792,0.01633,0.4698
470,3858432,964608,1566,1660.0,24.63,,-0.0321,0.0703,2.3647,0.01452,0.4684
471,3866624,966656,1570,1662.8,24.57,,-0.038,0.0667,2.4133,0.01608,0.4454
472,3874816,968704,1574,1665.5,24.46,,-0.0337,0.0889,2.3965,0.01538,0.4615
473,3883008,970752,1577,1668.3,24.35,,-0.0318,0.0742,2.3449,0.01485,0.447
474,3891200,972800,1579,1671.0,24.34,,-0.0368,0.0585,2.4003,0.01571,0.4427
475,3899392,974848,1584,1673.8,24.28,,-0.0341,0.07,2.3593,0.01424,0.421
476,3907584,976896,1589,1676.5,24.13,,-0.0302,0.0712,2.3233,0.01497,0.4633
477,3915776,978944,1589,1679.2,24.13,,-0.031,0.0775,2.3247,0.0142,0.4456
478,3923968,980992,1590,1681.9,24.11,,-0.0352,0.0667,2.4268,0.0153,0.452
479,3932160,983040,1592,1684.6,24.29,,-0.0391,0.0666,2.4934,0.01668,0.4618
480,3940352,985088,1597,1687.3,24.32,,-0.0281,0.0798,2.4416,0.01508,0.4453
481,3948544,987136,1603,1690.1,24.29,,-0.0286,0.069,2.4027,0.01379,0.4442
482,3956736,989184,1604,1692.8,24.22,,-0.0307,0.0695,2.356,0.01809,0.4794
483,3964928,991232,1607,1695.6,24.04,,-0.0304,0.096,2.3905,0.01401,0.424
484,3973120,993280,1610,1698.3,24.02,,-0.0341,0.0714,2.4651,0.01488,0.4561
485,3981312,995328,1614,1701.0,24.0,,-0.0296,0.0701,2.4008,0.01485,0.4421
486,3989504,997376,1618,1703.8,24.23,,-0.0329,0.0659,2.424,0.01496,0.4462
487,3997696,999424,1620,1706.5,24.3,,-0.0313,0.0913,2.3726,0.01239,0.405
488,4005888,1001472,1623,1709.3,24.17,,-0.0347,0.1001,2.4365,0.01733,0.4606
489,4014080,1003520,1626,1712.0,24.3,,-0.0324,0.0805,2.4526,0.01569,0.4532
490,4022272,1005568,1629,1714.7,24.31,,-0.0331,0.0726,2.4406,0.01664,0.455
491,4030464,1007616,1632,1717.4,24.52,,-0.0329,0.0755,2.4363,0.01295,0.433
492,4038656,1009664,1635,1720.1,24.43,,-0.0316,0.0785,2.4132,0.01265,0.4279
493,4046848,1011712,1639,1722.9,24.38,,-0.0276,0.0889,2.4019,0.01389,0.4401
494,4055040,1013760,1640,1725.6,24.48,,-0.0349,0.0619,2.4059,0.01421,0.4351
495,4063232,1015808,1645,1728.3,24.49,,-0.0344,0.0736,2.4293,0.01664,0.469
496,4071424,1017856,1646,1731.0,24.57,,-0.033,0.0655,2.422,0.01318,0.4263
497,4079616,1019904,1649,1733.7,24.53,,-0.0375,0.0652,2.4615,0.01336,0.4174
498,4087808,1021952,1652,1736.4,24.71,,-0.0309,0.0904,2.432,0.01243,0.3994
499,4096000,1024000,1654,1739.1,24.77,,-0.031,0.0675,2.4722,0.01356,0.431
500,4104192,1026048,1659,1811.1,24.99,419.6000061035156,-0.0305,0.058,2.4404,0.0139,0.4309
501,4112384,1028096,1662,1813.9,25.02,,-0.0332,0.0711,2.4388,0.01351,0.4424
502,4120576,1030144,1663,1816.5,25.08,,-0.0327,0.0767,2.4336,0.01423,0.4213
503,4128768,1032192,1669,1819.3,25.02,,-0.031,0.0767,2.398,0.01349,0.4354
504,4136960,1034240,1669,1822.0,25.02,,-0.0335,0.0651,2.3887,0.01456,0.4305
505,4145152,1036288,1672,1824.7,25.28,,-0.0367,0.0753,2.4066,0.01696,0.4431
506,4153344,1038336,1677,1827.4,25.36,,-0.0312,0.0881,2.4666,0.01438,0.4208
507,4161536,1040384,1680,1830.1,25.38,,-0.0341,0.0908,2.4003,0.01513,0.4294
508,4169728,1042432,1683,1832.9,25.46,,-0.0281,0.0763,2.3493,0.01131,0.4092
509,4177920,1044480,1686,1835.6,25.48,,-0.0324,0.0807,2.3665,0.0133,0.4329
510,4186112,1046528,1688,1838.3,25.56,,-0.032,0.0907,2.371,0.013,0.4193
511,4194304,1048576,1690,1840.9,25.71,,-0.036,0.0799,2.4455,0.01419,0.4182
512,4202496,1050624,1692,1843.6,25.66,,-0.0321,0.079,2.4452,0.01566,0.4456
513,4210688,1052672,1698,1846.3,26.02,,-0.03,0.0624,2.4058,0.01301,0.4357
514,4218880,1054720,1701,1849.1,26.11,,-0.0306,0.079,2.2993,0.01196,0.4149
515,4227072,1056768,1701,1851.8,26.11,,-0.0328,0.0828,2.3557,0.01325,0.424
516,4235264,1058816,1705,1854.5,26.03,,-0.0354,0.072,2.4229,0.0149,0.4347
517,4243456,1060864,1706,1857.2,26.07,,-0.0323,0.0735,2.4491,0.01386,0.426
518,4251648,1062912,1712,1859.9,26.02,,-0.0309,0.0712,2.363,0.01738,0.46
519,4259840,1064960,1715,1862.7,26.29,,-0.0305,0.0668,2.2931,0.01393,0.4333
520,4268032,1067008,1717,1865.4,26.37,,-0.0291,0.0808,2.3237,0.01412,0.4298
521,4276224,1069056,1722,1868.1,26.5,,-0.0326,0.0698,2.4229,0.01409,0.4419
522,4284416,1071104,1722,1870.8,26.5,,-0.032,0.0825,2.3552,0.01379,0.4564
523,4292608,1073152,1729,1873.5,26.52,,-0.0307,0.0703,2.3397,0.0131,0.4108
524,4300800,1075200,1729,1876.2,26.52,,-0.0346,0.0742,2.3558,0.01712,0.4542
525,4308992,1077248,1733,1878.9,26.66,,-0.0321,0.0949,2.4079,0.01476,0.4275
526,4317184,1079296,1736,1881.6,26.7,,-0.0331,0.0663,2.3987,0.01436,0.4448
527,4325376,1081344,1740,1884.4,26.5,,-0.0308,0.075,2.3363,0.01495,0.4415
528,4333568,1083392,1742,1887.1,26.66,,-0.0326,0.0789,2.3071,0.01556,0.4258
529,4341760,1085440,1746,1889.8,26.62,,-0.0333,0.0706,2.3861,0.01588,0.4591
530,4349952,1087488,1748,1892.5,26.75,,-0.0326,0.0867,2.3229,0.01606,0.4518
531,4358144,1089536,1750,1895.2,26.63,,-0.0311,0.0899,2.3986,0.01381,0.4253
532,4366336,1091584,1752,1897.8,26.64,,-0.0337,0.0835,2.4006,0.01626,0.4532
533,4374528,1093632,1757,1900.5,26.82,,-0.0365,0.0646,2.4541,0.01581,0.4534
534,4382720,1095680,1760,1903.2,26.91,,-0.0303,0.0674,2.3446,0.01246,0.4222
535,4390912,1097728,1763,1906.0,26.84,,-0.0311,0.0769,2.2901,0.01324,0.4369
536,4399104,1099776,1763,1908.7,26.84,,-0.0342,0.0781,2.3868,0.01552,0.4551
537,4407296,1101824,1765,1911.3,26.82,,-0.0286,0.0972,2.4335,0.01209,0.4144
538,4415488,1103872,1771,1914.1,27.17,,-0.0254,0.103,2.4223,0.01315,0.4191
539,4423680,1105920,1775,1916.8,27.07,,-0.0264,0.0721,2.2986,0.01361,0.4355
540,4431872,1107968,1775,1919.5,27.07,,-0.0315,0.081,2.3672,0.01368,0.4481
541,4440064,1110016,1780,1922.3,27.36,,-0.0321,0.0766,2.3745,0.01141,0.4025
542,4448256,1112064,1781,1925.0,27.3,,-0.0326,0.0917,2.4022,0.01455,0.4645
543,4456448,1114112,1785,1927.7,27.25,,-0.0338,0.0905,2.3816,0.01599,0.4574
544,4464640,1116160,1787,1930.4,27.43,,-0.0327,0.0711,2.2916,0.01641,0.4564
545,4472832,1118208,1790,1933.1,27.3,,-0.0328,0.0777,2.3355,0.01589,0.4575
546,4481024,1120256,1793,1935.8,27.23,,-0.0303,0.0725,2.3126,0.01837,0.4791
547,4489216,1122304,1796,1938.5,27.15,,-0.0358,0.0694,2.3247,0.01623,0.4752
548,4497408,1124352,1798,1941.2,27.45,,-0.0334,0.0645,2.3504,0.02008,0.4919
549,4505600,1126400,1801,1943.9,27.46,,-0.0321,0.0783,2.3533,0.01413,0.425
550,4513792,1128448,1805,1946.6,27.41,,-0.0328,0.0844,2.3423,0.01458,0.4191
551,4521984,1130496,1809,1949.3,27.37,,-0.031,0.0806,2.3085,0.01205,0.3857
552,4530176,1132544,1811,1952.0,27.51,,-0.0325,0.0809,2.3136,0.01544,0.4478
553,4538368,1134592,1814,1954.7,27.32,,-0.0348,0.0811,2.3273,0.01528,0.4358
554,4546560,1136640,1815,1957.4,27.27,,-0.0352,0.0628,2.3842,0.01454,0.4108
555,4554752,1138688,1821,1960.1,27.36,,-0.0331,0.0834,2.3751,0.01129,0.4141
556,4562944,1140736,1821,1962.8,27.36,,-0.0352,0.0582,2.3683,0.01516,0.4431
557,4571136,1142784,1826,1965.5,27.54,,-0.0342,0.0733,2.3702,0.01567,0.4342
558,4579328,1144832,1828,1968.2,27.52,,-0.033,0.0757,2.3462,0.01515,0.4392
559,4587520,1146880,1831,1970.9,27.6,,-0.0337,0.0627,2.3369,0.0149,0.448
560,4595712,1148928,1835,1973.7,27.59,,-0.031,0.0704,2.3399,0.01483,0.4482
561,4603904,1150976,1836,1976.3,27.67,,-0.0339,0.0852,2.3222,0.0141,0.4246
562,4612096,1153024,1838,1979.0,27.85,,-0.0329,0.0822,2.4414,0.01526,0.4501
563,4620288,1155072,1843,1981.7,27.9,,-0.0352,0.0787,2.3981,0.0155,0.4479
564,4628480,1157120,1845,1984.4,27.99,,-0.0332,0.0714,2.3344,0.01689,0.4525
565,4636672,1159168,1849,1987.2,27.94,,-0.031,0.081,2.3442,0.0155,0.4364
566,4644864,1161216,1851,1989.9,28.05,,-0.0331,0.091,2.3451,0.01507,0.4336
567,4653056,1163264,1851,1992.5,28.05,,-0.0349,0.0717,2.4173,0.01526,0.4396
568,4661248,1165312,1854,1995.2,27.99,,-0.0351,0.066,2.4989,0.01467,0.424
569,4669440,1167360,1856,1997.8,27.97,,-0.0334,0.0647,2.5068,0.01536,0.4301
570,4677632,1169408,1861,2000.5,27.86,,-0.0308,0.0985,2.4782,0.01518,0.4397
571,4685824,1171456,1866,2003.2,27.8,,-0.0284,0.0633,2.3836,0.01349,0.4418
572,4694016,1173504,1868,2006.0,28.06,,-0.0292,0.0883,2.3505,0.0151,0.4265
573,4702208,1175552,1870,2008.7,27.68,,-0.0359,0.0801,2.4099,0.01504,0.4309
574,4710400,1177600,1871,2011.4,27.9,,-0.0374,0.0845,2.4579,0.01638,0.4658
575,4718592,1179648,1874,2014.1,27.77,,-0.0362,0.0875,2.467,0.0167,0.4479
576,4726784,1181696,1874,2016.7,27.77,,-0.0376,0.0718,2.4497,0.01741,0.4598
577,4734976,1183744,1882,2019.5,28.04,,-0.0317,0.0627,2.3726,0.01692,0.453
578,4743168,1185792,1883,2022.2,28.16,,-0.0309,0.0604,2.3288,0.01514,0.4647
579,4751360,1187840,1886,2024.9,28.11,,-0.0348,0.0844,2.3569,0.01557,0.4431
580,4759552,1189888,1887,2027.6,28.07,,-0.0356,0.0706,2.458,0.01846,0.4672
581,4767744,1191936,1888,2030.2,28.15,,-0.0344,0.0818,2.4783,0.01711,0.4749
582,4775936,1193984,1893,2032.9,28.15,,-0.0346,0.0728,2.4595,0.01541,0.4365
583,4784128,1196032,1897,2035.6,28.03,,-0.0302,0.0757,2.4058,0.01416,0.4279
584,4792320,1198080,1901,2038.3,27.81,,-0.0219,0.1033,2.3259,0.01387,0.4393
585,4800512,1200128,1904,2041.1,27.75,,-0.0318,0.0754,2.402,0.01452,0.4404
586,4808704,1202176,1907,2043.8,27.9,,-0.0353,0.0827,2.4197,0.0183,0.437
587,4816896,1204224,1908,2046.5,27.87,,-0.0348,0.0877,2.4122,0.01788,0.474
588,4825088,1206272,1910,2049.2,27.76,,-0.034,0.0675,2.47,0.01709,0.4673
589,4833280,1208320,1916,2051.9,27.81,,-0.0345,0.0733,2.3908,0.01809,0.4653
590,4841472,1210368,1917,2054.6,27.83,,-0.0346,0.0643,2.3923,0.01977,0.4973
591,4849664,1212416,1921,2057.4,27.58,,-0.0309,0.08,2.3747,0.01743,0.473
592,4857856,1214464,1924,2060.1,27.42,,-0.0309,0.0778,2.3897,0.01767,0.4733
593,4866048,1216512,1924,2062.8,27.42,,-0.0358,0.0647,2.443,0.02082,0.5089
594,4874240,1218560,1928,2065.5,27.32,,-0.036,0.0824,2.4957,0.01822,0.4805
595,4882432,1220608,1932,2068.2,27.12,,-0.0361,0.0737,2.4635,0.01726,0.4548
596,4890624,1222656,1935,2071.0,26.96,,-0.0339,0.0706,2.4654,0.0169,0.4713
597,4898816,1224704,1936,2073.7,26.98,,-0.0345,0.0689,2.5293,0.0179,0.4911
598,4907008,1226752,1940,2076.4,26.68,,-0.0349,0.07,2.5129,0.01526,0.4442
599,4915200,1228800,1943,2079.1,26.66,,-0.0329,0.0873,2.5043,0.01695,0.4691
600,4923392,1230848,1946,2164.7,26.36,570.7000122070312,-0.0327,0.0814,2.4987,0.01453,0.4482
601,4931584,1232896,1949,2167.4,26.24,,-0.0346,0.0847,2.4728,0.01528,0.4506
602,4939776,1234944,1952,2170.2,26.11,,-0.0358,0.0872,2.438,0.0164,0.4741
603,4947968,1236992,1953,2172.9,26.13,,-0.0378,0.082,2.517,0.0152,0.4603
604,4956160,1239040,1957,2175.6,26.09,,-0.0356,0.0649,2.5308,0.01749,0.4558
605,4964352,1241088,1958,2178.3,26.09,,-0.0349,0.0746,2.4889,0.01585,0.4526
606,4972544,1243136,1964,2181.0,26.35,,-0.0332,0.0765,2.4607,0.01698,0.4689
607,4980736,1245184,1964,2183.7,26.35,,-0.0375,0.0765,2.4725,0.0143,0.4503
608,4988928,1247232,1968,2186.4,26.16,,-0.0354,0.0928,2.4845,0.01717,0.462
609,4997120,1249280,1970,2189.1,26.34,,-0.0331,0.0713,2.456,0.01402,0.4208
610,5005312,1251328,1973,2191.8,26.25,,-0.033,0.0759,2.4746,0.0161,0.446
611,5013504,1253376,1976,2194.5,26.24,,-0.0347,0.0715,2.4668,0.01559,0.4615
612,5021696,1255424,1976,2197.1,26.24,,-0.034,0.0644,2.4862,0.01605,0.4574
613,5029888,1257472,1977,2199.8,26.26,,-0.0378,0.0842,2.5486,0.01503,0.4441
614,5038080,1259520,1984,2202.5,26.34,,-0.0334,0.0792,2.5158,0.01111,0.3789
615,5046272,1261568,1988,2205.2,26.2,,-0.0302,0.0868,2.4527,0.01035,0.3929
616,5054464,1263616,1990,2207.9,26.16,,-0.0309,0.0661,2.4393,0.01315,0.437
617,5062656,1265664,1992,2210.7,26.2,,-0.0352,0.0825,2.4742,0.01274,0.4469
618,5070848,1267712,1994,2213.4,26.11,,-0.0366,0.0908,2.4855,0.01567,0.4572
619,5079040,1269760,1996,2216.1,25.91,,-0.0355,0.0552,2.5361,0.01667,0.4661
620,5087232,1271808,1998,2218.7,25.64,,-0.0361,0.0598,2.5484,0.01555,0.4561
621,5095424,1273856,2004,2221.5,25.91,,-0.0302,0.0716,2.4665,0.01565,0.437
622,5103616,1275904,2007,2224.2,25.84,,-0.0286,0.0695,2.4123,0.01519,0.455
623,5111808,1277952,2010,2227.0,26.04,,-0.0335,0.0765,2.4488,0.01469,0.4294
624,5120000,1280000,2011,2229.7,26.02,,-0.0358,0.0736,2.5075,0.01486,0.4331
625,5128192,1282048,2012,2232.3,26.06,,-0.0377,0.0687,2.5223,0.01512,0.4603
626,5136384,1284096,2014,2234.9,26.15,,-0.036,0.0763,2.5648,0.01467,0.4358
627,5144576,1286144,2017,2237.6,26.05,,-0.0386,0.073,2.5717,0.01447,0.4487
628,5152768,1288192,2020,2240.2,26.33,,-0.0324,0.0821,2.5553,0.01292,0.4114
629,5160960,1290240,2023,2243.0,26.81,,-0.0283,0.0684,2.4938,0.01382,0.4296
630,5169152,1292288,2027,2245.7,26.75,,-0.0302,0.092,2.4963,0.01425,0.454
631,5177344,1294336,2027,2248.4,26.75,,-0.0301,0.0756,2.475,0.01316,0.417
632,5185536,1296384,2032,2251.1,26.87,,-0.0293,0.0949,2.4972,0.0138,0.4503
633,5193728,1298432,2034,2253.8,26.7,,-0.0299,0.0808,2.453,0.01356,0.4305
634,5201920,1300480,2037,2256.5,26.73,,-0.0353,0.0861,2.5085,0.01265,0.4161
635,5210112,1302528,2039,2259.2,26.97,,-0.038,0.0732,2.4948,0.01458,0.4604
636,5218304,1304576,2042,2261.9,26.96,,-0.0355,0.0659,2.482,0.0154,0.4385
637,5226496,1306624,2045,2264.6,27.24,,-0.0354,0.0786,2.5026,0.01514,0.4421
638,5234688,1308672,2049,2267.3,27.36,,-0.0353,0.0791,2.4802,0.01376,0.4442
639,5242880,1310720,2049,2270.0,27.36,,-0.0357,0.078,2.5019,0.01707,0.4569
640,5251072,1312768,2051,2272.7,27.43,,-0.032,0.0786,2.5599,0.01455,0.4299
641,5259264,1314816,2053,2275.3,27.52,,-0.0366,0.0705,2.552,0.01251,0.3939
642,5267456,1316864,2057,2278.0,27.41,,-0.0325,0.0895,2.5028,0.01407,0.4224
643,5275648,1318912,2061,2280.8,27.68,,-0.0343,0.1003,2.4982,0.01277,0.4232
644,5283840,1320960,2064,2283.5,27.72,,-0.0314,0.0752,2.5049,0.01348,0.4253
645,5292032,1323008,2067,2286.2,27.56,,-0.0338,0.0728,2.4323,0.01416,0.45
646,5300224,1325056,2068,2288.9,27.53,,-0.0351,0.0733,2.477,0.01448,0.444
647,5308416,1327104,2072,2291.7,27.17,,-0.0349,0.0779,2.5311,0.01637,0.4661
648,5316608,1329152,2073,2294.4,27.27,,-0.0317,0.0936,2.5318,0.01622,0.4523
649,5324800,1331200,2076,2297.1,27.11,,-0.036,0.0797,2.5122,0.01812,0.4814
650,5332992,1333248,2078,2299.8,27.02,,-0.0333,0.086,2.5209,0.01498,0.4602
651,5341184,1335296,2079,2302.4,27.06,,-0.0372,0.0804,2.4954,0.01815,0.4591
652,5349376,1337344,2082,2305.1,26.92,,-0.0353,0.0761,2.5193,0.0169,0.486
653,5357568,1339392,2087,2307.8,26.95,,-0.037,0.0733,2.5225,0.01745,0.4714
654,5365760,1341440,2088,2310.5,27.06,,-0.0344,0.0694,2.4822,0.01545,0.4442
655,5373952,1343488,2093,2313.2,27.49,,-0.0302,0.0673,2.4723,0.01629,0.4519
656,5382144,1345536,2094,2315.9,27.52,,-0.0346,0.073,2.5032,0.01562,0.4624
657,5390336,1347584,2096,2318.6,27.44,,-0.0327,0.0672,2.5057,0.01471,0.4436
658,5398528,1349632,2100,2321.3,27.53,,-0.0328,0.0997,2.479,0.01242,0.4275
659,5406720,1351680,2101,2324.0,27.54,,-0.0343,0.0821,2.4903,0.0152,0.4303
660,5414912,1353728,2105,2326.7,27.41,,-0.0359,0.079,2.4917,0.01581,0.4587
661,5423104,1355776,2106,2329.4,27.47,,-0.0325,0.0748,2.4781,0.01502,0.4475
662,5431296,1357824,2112,2332.1,27.61,,-0.0331,0.0814,2.44,0.01711,0.4774
663,5439488,1359872,2112,2334.8,27.61,,-0.0345,0.0713,2.4303,0.01725,0.4734
664,5447680,1361920,2115,2337.5,27.59,,-0.0322,0.0847,2.5119,0.01526,0.4535
665,5455872,1363968,2119,2340.2,27.62,,-0.0316,0.0527,2.4698,0.01527,0.4619
666,5464064,1366016,2121,2342.9,27.4,,-0.0339,0.0786,2.4452,0.01516,0.4656
667,5472256,1368064,2122,2345.6,27.39,,-0.0345,0.0822,2.4927,0.01642,0.4561
668,5480448,1370112,2124,2348.2,27.2,,-0.034,0.0828,2.4668,0.0145,0.4305
669,5488640,1372160,2126,2350.9,27.31,,-0.0336,0.0769,2.529,0.01328,0.3955
670,5496832,1374208,2132,2353.6,27.41,,-0.0353,0.0757,2.4401,0.01482,0.4286
671,5505024,1376256,2134,2356.3,27.76,,-0.0323,0.0721,2.4332,0.01342,0.4359
672,5513216,1378304,2136,2359.0,28.18,,-0.0335,0.0711,2.4152,0.01413,0.4359
673,5521408,1380352,2139,2361.7,28.15,,-0.0371,0.0659,2.4108,0.01553,0.4601
674,5529600,1382400,2140,2364.4,28.16,,-0.0352,0.0724,2.4561,0.01523,0.4336
675,5537792,1384448,2142,2367.0,28.27,,-0.0366,0.0735,2.5055,0.01853,0.4735
676,5545984,1386496,2145,2369.7,28.24,,-0.0392,0.0548,2.5523,0.01881,0.4879
677,5554176,1388544,2149,2372.3,28.32,,-0.0339,0.0609,2.4572,0.01667,0.4486
678,5562368,1390592,2153,2375.1,28.36,,-0.033,0.0581,2.4122,0.01712,0.4677
679,5570560,1392640,2155,2377.8,28.48,,-0.0288,0.0723,2.4038,0.01421,0.4473
680,5578752,1394688,2155,2380.5,28.48,,-0.0357,0.0729,2.4381,0.01635,0.4731
681,5586944,1396736,2157,2383.1,28.57,,-0.0375,0.0709,2.5212,0.01624,0.4296
682,5595136,1398784,2159,2385.8,28.48,,-0.036,0.0746,2.5061,0.01656,0.4708
683,5603328,1400832,2166,2388.5,28.2,,-0.0309,0.0712,2.4841,0.01429,0.4371
684,5611520,1402880,2167,2391.2,28.34,,-0.0261,0.072,2.3766,0.01257,0.418
685,5619712,1404928,2169,2393.9,28.33,,-0.0332,0.0842,2.456,0.01357,0.4089
686,5627904,1406976,2172,2396.6,28.63,,-0.0331,0.0592,2.5145,0.01413,0.4465
687,5636096,1409024,2175,2399.3,28.54,,-0.0313,0.0847,2.4945,0.01262,0.4102
688,5644288,1411072,2180,2402.0,28.34,,-0.0336,0.0713,2.4793,0.01437,0.4547
689,5652480,1413120,2183,2404.7,28.49,,-0.0354,0.0762,2.451,0.01283,0.4281
690,5660672,1415168,2185,2407.4,28.27,,-0.0319,0.0791,2.4403,0.01234,0.4165
691,5668864,1417216,2187,2410.1,28.34,,-0.0342,0.0736,2.4918,0.01502,0.452
692,5677056,1419264,2190,2412.8,28.27,,-0.0326,0.086,2.5031,0.01453,0.4088
693,5685248,1421312,2195,2415.5,27.72,,-0.0306,0.0718,2.439,0.01129,0.3947
694,5693440,1423360,2197,2418.2,27.82,,-0.0342,0.0645,2.4031,0.01548,0.438
695,5701632,1425408,2201,2421.0,27.98,,-0.0305,0.0779,2.4415,0.01365,0.4153
696,5709824,1427456,2202,2423.7,27.92,,-0.038,0.0811,2.4184,0.01553,0.4431
697,5718016,1429504,2205,2426.4,28.01,,-0.0321,0.0906,2.4096,0.01551,0.4408
698,5726208,1431552,2209,2429.1,27.89,,-0.0351,0.0779,2.4519,0.01672,0.4449
699,5734400,1433600,2211,2431.8,27.8,,-0.0331,0.0871,2.3974,0.01486,0.4325
700,5742592,1435648,2212,2521.6,27.7,619.6500244140625,-0.0378,0.0846,2.3799,0.01427,0.438
701,5750784,1437696,2214,2524.3,27.74,,-0.0358,0.1002,2.43,0.01698,0.4464
702,5758976,1439744,2218,2526.9,27.9,,-0.0354,0.0736,2.495,0.01631,0.447
703,5767168,1441792,2220,2529.6,27.9,,-0.038,0.0632,2.4814,0.01647,0.4723
704,5775360,1443840,2222,2532.2,28.34,,-0.035,0.0699,2.4448,0.01593,0.4437
705,5783552,1445888,2226,2535.0,28.53,,-0.0328,0.0866,2.4203,0.01592,0.4604
706,5791744,1447936,2228,2537.6,28.64,,-0.029,0.0941,2.3806,0.01347,0.4282
707,5799936,1449984,2233,2540.4,28.45,,-0.0337,0.079,2.3986,0.01583,0.4312
708,5808128,1452032,2233,2543.1,28.45,,-0.0335,0.0733,2.3811,0.0141,0.4236
709,5816320,1454080,2235,2545.7,28.33,,-0.0358,0.0711,2.4431,0.01896,0.4667
710,5824512,1456128,2239,2548.5,28.04,,-0.0303,0.0747,2.4171,0.01344,0.4349
711,5832704,1458176,2241,2551.1,27.99,,-0.0331,0.0738,2.3882,0.01893,0.4435
712,5840896,1460224,2243,2553.8,28.03,,-0.0326,0.0663,2.3925,0.01846,0.4835
713,5849088,1462272,2246,2556.5,27.97,,-0.0342,0.071,2.4318,0.01683,0.4492
714,5857280,1464320,2249,2559.1,27.99,,-0.0358,0.0701,2.4476,0.01433,0.4269
715,5865472,1466368,2253,2561.9,28.06,,-0.0323,0.0751,2.3917,0.01689,0.4644
716,5873664,1468416,2255,2564.5,27.77,,-0.0278,0.0983,2.3934,0.0169,0.4783
717,5881856,1470464,2258,2567.2,27.7,,-0.0316,0.0758,2.4314,0.01659,0.4484
718,5890048,1472512,2261,2569.9,27.97,,-0.0321,0.0745,2.3486,0.01299,0.4183
719,5898240,1474560,2265,2572.6,27.94,,-0.0364,0.0758,2.4106,0.01275,0.4036
720,5906432,1476608,2266,2575.3,28.0,,-0.0346,0.0845,2.3549,0.01378,0.4314
721,5914624,1478656,2269,2578.0,27.99,,-0.0323,0.0889,2.4214,0.0142,0.4359
722,5922816,1480704,2273,2580.7,28.01,,-0.0341,0.0638,2.3593,0.01778,0.4379
723,5931008,1482752,2275,2583.4,28.08,,-0.0319,0.0704,2.2878,0.01595,0.4622
724,5939200,1484800,2277,2586.1,28.19,,-0.0326,0.0804,2.3552,0.01533,0.4408
725,5947392,1486848,2279,2588.8,28.25,,-0.031,0.0821,2.4101,0.01447,0.4258
726,5955584,1488896,2284,2591.5,28.39,,-0.0354,0.062,2.3111,0.01671,0.4515
727,5963776,1490944,2289,2594.2,28.29,,-0.0285,0.0707,2.3313,0.0148,0.4385
728,5971968,1492992,2292,2597.0,28.51,,-0.0324,0.0757,2.3037,0.01636,0.432
729,5980160,1495040,2293,2599.7,28.55,,-0.0326,0.095,2.3149,0.01499,0.4379
730,5988352,1497088,2294,2602.4,28.46,,-0.0348,0.0679,2.3901,0.01722,0.4797
731,5996544,1499136,2296,2605.0,28.52,,-0.0393,0.0627,2.4581,0.01958,0.4838
732,6004736,1501184,2300,2607.7,28.17,,-0.0322,0.0931,2.4619,0.01452,0.4291
733,6012928,1503232,2305,2610.4,28.36,,-0.0324,0.0749,2.4162,0.01485,0.4344
734,6021120,1505280,2309,2613.1,28.47,,-0.0264,0.0847,2.3128,0.0142,0.4282
735,6029312,1507328,2309,2615.8,28.47,,-0.0336,0.071,2.3315,0.01585,0.4573
736,6037504,1509376,2311,2618.5,28.64,,-0.0378,0.0812,2.4762,0.01811,0.4581
737,6045696,1511424,2312,2621.1,28.66,,-0.0333,0.0627,2.4938,0.01731,0.484
738,6053888,1513472,2313,2623.7,28.63,,-0.0368,0.0552,2.5847,0.01833,0.4834
739,6062080,1515520,2319,2626.4,28.57,,-0.0378,0.0625,2.51,0.01739,0.4738
740,6070272,1517568,2321,2629.1,28.24,,-0.0368,0.0612,2.4838,0.0136,0.4139
741,6078464,1519616,2323,2631.8,28.26,,-0.0381,0.0543,2.4874,0.0153,0.45
742,6086656,1521664,2325,2634.5,28.15,,-0.037,0.0647,2.5143,0.01768,0.472
743,6094848,1523712,2329,2637.2,28.28,,-0.0344,0.0728,2.4747,0.01622,0.4652
744,6103040,1525760,2329,2639.9,28.28,,-0.0361,0.0705,2.477,0.01486,0.4337
745,6111232,1527808,2332,2642.6,28.25,,-0.0351,0.0864,2.4848,0.01747,0.4818
746,6119424,1529856,2333,2645.2,28.36,,-0.0377,0.0672,2.477,0.0165,0.4513
747,6127616,1531904,2337,2647.9,28.3,,-0.0361,0.0809,2.4288,0.01509,0.4376
748,6135808,1533952,2341,2650.6,28.6,,-0.0316,0.0677,2.3712,0.01445,0.4407
749,6144000,1536000,2342,2653.3,28.6,,-0.033,0.0611,2.3852,0.01839,0.4879
750,6152192,1538048,2344,2656.0,28.57,,-0.0383,0.0669,2.4658,0.01668,0.4772
751,6160384,1540096,2346,2658.6,28.65,,-0.0375,0.0794,2.467,0.01836,0.4675
752,6168576,1542144,2348,2661.3,28.62,,-0.0368,0.0597,2.4681,0.01861,0.465
753,6176768,1544192,2352,2663.9,28.48,,-0.0364,0.056,2.4741,0.01807,0.4785
754,6184960,1546240,2355,2666.6,28.82,,-0.0335,0.0761,2.4197,0.01607,0.4518
755,6193152,1548288,2357,2669.3,28.88,,-0.0322,0.0765,2.384,0.01582,0.4722
756,6201344,1550336,2357,2672.0,28.88,,-0.0352,0.0965,2.4496,0.01752,0.4442
757,6209536,1552384,2360,2674.6,29.21,,-0.0328,0.0956,2.4691,0.01647,0.449
758,6217728,1554432,2364,2677.3,29.33,,-0.0375,0.0648,2.4053,0.0201,0.4666
759,6225920,1556480,2368,2680.1,29.13,,-0.0303,0.0879,2.3288,0.01701,0.4463
760,6234112,1558528,2370,2682.8,29.21,,-0.0318,0.0782,2.322,0.01204,0.4044
761,6242304,1560576,2374,2685.5,29.12,,-0.0302,0.0767,2.3627,0.01512,0.4386
762,6250496,1562624,2375,2688.2,29.12,,-0.0343,0.0755,2.4106,0.01884,0.4669
763,6258688,1564672,2377,2690.9,29.12,,-0.0339,0.0957,2.4279,0.0184,0.4595
764,6266880,1566720,2378,2693.5,29.1,,-0.0378,0.0812,2.4203,0.01817,0.4801
765,6275072,1568768,2382,2696.2,29.17,,-0.0339,0.0844,2.4663,0.01588,0.4636
766,6283264,1570816,2383,2698.8,29.19,,-0.037,0.0702,2.446,0.0161,0.4618
767,6291456,1572864,2386,2701.5,29.29,,-0.0349,0.0772,2.4813,0.01609,0.45
768,6299648,1574912,2389,2704.2,29.6,,-0.0338,0.0709,2.4068,0.01931,0.4982
769,6307840,1576960,2390,2706.8,29.72,,-0.0374,0.0645,2.4307,0.01693,0.4557
770,6316032,1579008,2393,2709.5,29.74,,-0.0388,0.0651,2.4632,0.01807,0.4583
771,6324224,1581056,2396,2712.1,29.89,,-0.0357,0.0634,2.4443,0.01856,0.4874
772,6332416,1583104,2400,2714.9,30.22,,-0.0373,0.0742,2.4192,0.01791,0.4852
773,6340608,1585152,2403,2717.6,30.31,,-0.0358,0.0752,2.4137,0.01684,0.4641
774,6348800,1587200,2404,2720.2,30.3,,-0.0321,0.0783,2.4069,0.01623,0.4618
775,6356992,1589248,2405,2722.9,30.22,,-0.0364,0.0849,2.4758,0.01818,0.4941
776,6365184,1591296,2407,2725.5,30.31,,-0.0399,0.0635,2.5094,0.01845,0.4691
777,6373376,1593344,2408,2728.1,30.29,,-0.0411,0.0629,2.4816,0.02151,0.4802
778,6381568,1595392,2412,2730.7,30.55,,-0.031,0.0639,2.4477,0.01702,0.4744
779,6389760,1597440,2415,2733.4,30.67,,-0.0345,0.0817,2.4396,0.0169,0.4392
780,6397952,1599488,2420,2736.1,30.85,,-0.0341,0.0765,2.4038,0.01585,0.4473
781,6406144,1601536,2420,2738.8,30.85,,-0.0353,0.0732,2.4047,0.01781,0.4775
782,6414336,1603584,2422,2741.5,30.6,,-0.0371,0.0703,2.4295,0.01919,0.4797
783,6422528,1605632,2422,2744.1,30.6,,-0.035,0.1043,2.4522,0.01694,0.4813
784,6430720,1607680,2424,2746.7,30.65,,-0.0395,0.0783,2.5134,0.01861,0.4823
785,6438912,1609728,2425,2749.3,30.61,,-0.038,0.0718,2.5165,0.02131,0.5029
786,6447104,1611776,2430,2752.0,30.8,,-0.0351,0.0561,2.4748,0.01742,0.4828
787,6455296,1613824,2436,2754.7,31.0,,-0.03,0.0734,2.3861,0.015,0.4711
788,6463488,1615872,2436,2757.4,31.0,,-0.033,0.0886,2.352,0.01687,0.4663
789,6471680,1617920,2436,2760.1,31.0,,-0.0378,0.0827,2.4581,0.01559,0.4402
790,6479872,1619968,2439,2762.7,30.85,,-0.0359,0.1042,2.5283,0.01884,0.4941
791,6488064,1622016,2440,2765.3,30.87,,-0.0345,0.0937,2.5032,0.0151,0.4438
792,6496256,1624064,2442,2767.9,31.23,,-0.0328,0.0745,2.4906,0.01442,0.4382
793,6504448,1626112,2446,2770.6,31.33,,-0.0352,0.0659,2.4761,0.01651,0.4482
794,6512640,1628160,2448,2773.3,31.43,,-0.0352,0.0788,2.4629,0.01439,0.4473
795,6520832,1630208,2450,2776.0,31.51,,-0.0326,0.0936,2.4214,0.01688,0.4707
796,6529024,1632256,2451,2778.6,31.84,,-0.0378,0.0804,2.467,0.01695,0.4644
797,6537216,1634304,2453,2781.3,32.2,,-0.0345,0.1003,2.4583,0.01565,0.4741
798,6545408,1636352,2453,2783.9,32.2,,-0.0379,0.1044,2.4875,0.01632,0.4755
799,6553600,1638400,2457,2786.6,32.13,,-0.032,0.0689,2.4806,0.01504,0.4742
800,6561792,1640448,2458,2922.1,32.13,820.0499877929688,-0.0368,0.0869,2.4468,0.0161,0.4452
801,6569984,1642496,2460,2924.7,31.95,,-0.037,0.0795,2.4772,0.01681,0.4595
802,6578176,1644544,2464,2927.4,32.21,,-0.0366,0.0763,2.4822,0.01467,0.4324
803,6586368,1646592,2466,2930.1,32.69,,-0.0349,0.0722,2.4761,0.01312,0.4149
804,6594560,1648640,2467,2932.7,32.79,,-0.0365,0.0881,2.4957,0.01373,0.4338
805,6602752,1650688,2470,2935.4,32.84,,-0.038,0.0662,2.5248,0.01863,0.4895
806,6610944,1652736,2471,2938.1,32.86,,-0.0374,0.0754,2.4746,0.01558,0.4432
807,6619136,1654784,2473,2940.7,32.83,,-0.034,0.0954,2.4827,0.01857,0.4592
808,6627328,1656832,2477,2943.4,32.86,,-0.0349,0.0597,2.4682,0.01542,0.45
809,6635520,1658880,2479,2946.1,33.48,,-0.0335,0.0678,2.3816,0.01417,0.4355
810,6643712,1660928,2482,2948.8,33.62,,-0.0304,0.0916,2.421,0.01605,0.4552
811,6651904,1662976,2484,2951.5,33.67,,-0.035,0.0768,2.4264,0.01638,0.4564
812,6660096,1665024,2487,2954.3,33.47,,-0.0382,0.0826,2.4213,0.01696,0.4799
813,6668288,1667072,2490,2956.9,33.22,,-0.0335,0.079,2.4451,0.01689,0.4749
814,6676480,1669120,2492,2959.6,33.25,,-0.0365,0.0667,2.4523,0.02005,0.4731
815,6684672,1671168,2492,2962.2,33.25,,-0.0387,0.0673,2.4144,0.02008,0.4873
816,6692864,1673216,2495,2964.9,33.2,,-0.0364,0.0963,2.439,0.01747,0.4681
817,6701056,1675264,2500,2967.6,33.23,,-0.0331,0.0656,2.4067,0.01923,0.4722
818,6709248,1677312,2502,2970.3,33.21,,-0.0314,0.0745,2.3756,0.01618,0.4722
819,6717440,1679360,2503,2972.9,33.49,,-0.0345,0.0939,2.4283,0.01718,0.4707
820,6725632,1681408,2504,2975.6,33.47,,-0.0354,0.0793,2.4782,0.01973,0.4785
821,6733824,1683456,2506,2978.3,33.59,,-0.0358,0.0692,2.4486,0.01904,0.4888
822,6742016,1685504,2510,2980.9,33.49,,-0.0362,0.0741,2.4873,0.01781,0.4686
823,6750208,1687552,2515,2983.6,33.68,,-0.0306,0.0829,2.4843,0.01482,0.444
824,6758400,1689600,2516,2986.3,33.65,,-0.0312,0.0767,2.3566,0.01728,0.475
825,6766592,1691648,2516,2989.0,33.65,,-0.0372,0.089,2.4872,0.01552,0.4637
826,6774784,1693696,2518,2991.6,33.65,,-0.0398,0.0704,2.5,0.01772,0.4844
827,6782976,1695744,2520,2994.3,33.52,,-0.0364,0.0612,2.4916,0.01755,0.4741
828,6791168,1697792,2523,2996.9,33.7,,-0.0377,0.0633,2.458,0.01697,0.4534
829,6799360,1699840,2525,2999.5,33.96,,-0.0368,0.0822,2.4624,0.01792,0.4669
830,6807552,1701888,2529,3002.2,33.95,,-0.0338,0.067,2.4864,0.01602,0.4581
831,6815744,1703936,2531,3004.9,33.88,,-0.0346,0.0978,2.4107,0.01676,0.4685
832,6823936,1705984,2532,3007.6,33.8,,-0.0342,0.0697,2.495,0.01635,0.4552
833,6832128,1708032,2533,3010.2,33.79,,-0.0355,0.0634,2.4992,0.01692,0.4667
834,6840320,1710080,2537,3012.9,33.88,,-0.0347,0.0754,2.4726,0.01477,0.4503
835,6848512,1712128,2537,3015.6,33.88,,-0.0372,0.0827,2.4933,0.01638,0.4686
836,6856704,1714176,2541,3018.2,33.81,,-0.0378,0.086,2.4506,0.01848,0.4601
837,6864896,1716224,2542,3020.9,33.86,,-0.0372,0.0712,2.4312,0.01714,0.4518
838,6873088,1718272,2543,3023.6,33.86,,-0.0386,0.0917,2.4606,0.01899,0.4865
839,6881280,1720320,2545,3026.2,33.95,,-0.0352,0.0749,2.5302,0.01657,0.4523
840,6889472,1722368,2547,3028.8,33.98,,-0.039,0.0628,2.4756,0.01832,0.4873
841,6897664,1724416,2551,3031.5,33.68,,-0.038,0.0672,2.4315,0.01883,0.4796
842,6905856,1726464,2554,3034.1,33.63,,-0.0326,0.0968,2.4328,0.01734,0.4695
843,6914048,1728512,2556,3036.8,33.71,,-0.0359,0.0847,2.3885,0.01731,0.4774
844,6922240,1730560,2558,3039.5,33.83,,-0.0344,0.0875,2.4112,0.01895,0.4803
845,6930432,1732608,2558,3042.2,33.83,,-0.0386,0.0757,2.4473,0.0211,0.495
846,6938624,1734656,2560,3044.8,33.78,,-0.037,0.0685,2.4364,0.0168,0.4723
847,6946816,1736704,2564,3047.5,33.41,,-0.0366,0.0641,2.4793,0.0176,0.4673
848,6955008,1738752,2566,3050.1,33.28,,-0.0304,0.0845,2.4314,0.01556,0.4655
849,6963200,1740800,2568,3052.8,33.34,,-0.0374,0.0587,2.4005,0.01649,0.4663
850,6971392,1742848,2569,3055.4,33.3,,-0.0364,0.0637,2.4534,0.01723,0.4608
851,6979584,1744896,2570,3058.1,33.29,,-0.0367,0.0948,2.4948,0.01571,0.4574
852,6987776,1746944,2574,3060.7,33.5,,-0.033,0.0882,2.5042,0.01562,0.4462
853,6995968,1748992,2575,3063.3,33.63,,-0.0384,0.0629,2.4785,0.01894,0.4779
854,7004160,1751040,2578,3066.0,33.68,,-0.0372,0.0657,2.4923,0.01729,0.465
855,7012352,1753088,2582,3068.7,33.42,,-0.0338,0.0731,2.436,0.01614,0.4615
856,7020544,1755136,2585,3071.4,33.36,,-0.0341,0.0611,2.4086,0.01668,0.4794
857,7028736,1757184,2587,3074.1,33.43,,-0.0381,0.072,2.4442,0.01806,0.4664
858,7036928,1759232,2589,3076.8,33.53,,-0.0385,0.0816,2.4404,0.01754,0.4688
859,7045120,1761280,2591,3079.4,33.43,,-0.0346,0.0816,2.4652,0.01317,0.4281
860,7053312,1763328,2593,3082.1,33.42,,-0.0374,0.0674,2.5145,0.0162,0.4604
861,7061504,1765376,2595,3084.7,33.54,,-0.0367,0.0608,2.4715,0.01788,0.4496
862,7069696,1767424,2596,3087.3,33.54,,-0.0354,0.0614,2.4605,0.02043,0.4801
863,7077888,1769472,2598,3090.0,33.56,,-0.0376,0.089,2.4803,0.01845,0.4797
864,7086080,1771520,2598,3092.6,33.56,,-0.0391,0.0685,2.4722,0.0172,0.4836
865,7094272,1773568,2602,3095.2,33.69,,-0.0377,0.0686,2.5227,0.01939,0.4572
866,7102464,1775616,2606,3097.8,33.78,,-0.031,0.0844,2.4259,0.01837,0.473
867,7110656,1777664,2607,3100.5,33.83,,-0.0385,0.0653,2.4483,0.01744,0.4675
868,7118848,1779712,2611,3103.1,33.93,,-0.0383,0.0695,2.3867,0.01933,0.4875
869,7127040,1781760,2611,3105.8,33.93,,-0.0352,0.08,2.4479,0.02035,0.4969
870,7135232,1783808,2612,3108.4,34.01,,-0.0372,0.0701,2.483,0.01832,0.4747
871,7143424,1785856,2616,3111.1,33.82,,-0.0337,0.0668,2.4582,0.02098,0.4742
872,7151616,1787904,2617,3113.7,33.79,,-0.0364,0.0807,2.4937,0.01814,0.4708
873,7159808,1789952,2621,3116.3,33.87,,-0.0338,0.0752,2.4749,0.01797,0.4714
874,7168000,1792000,2624,3119.0,33.98,,-0.0362,0.0584,2.437,0.02067,0.5096
875,7176192,1794048,2625,3121.7,33.74,,-0.0337,0.0797,2.4203,0.01729,0.469
876,7184384,1796096,2628,3124.4,33.65,,-0.0354,0.0806,2.4618,0.0178,0.4562
877,7192576,1798144,2631,3127.1,33.41,,-0.0356,0.0929,2.4754,0.01869,0.4609
878,7200768,1800192,2633,3129.8,33.45,,-0.0394,0.069,2.4073,0.02086,0.4863
879,7208960,1802240,2636,3132.4,33.29,,-0.0359,0.0697,2.4845,0.02054,0.4939
880,7217152,1804288,2638,3135.1,33.41,,-0.0327,0.0816,2.4719,0.01714,0.4584
881,7225344,1806336,2642,3137.8,32.86,,-0.0352,0.0645,2.4378,0.0178,0.4608
882,7233536,1808384,2642,3140.4,32.86,,-0.0355,0.0729,2.4157,0.01702,0.4603
883,7241728,1810432,2644,3143.0,32.8,,-0.039,0.0687,2.4763,0.01894,0.469
884,7249920,1812480,2647,3145.7,32.8,,-0.0371,0.0685,2.459,0.02051,0.4867
885,7258112,1814528,2649,3148.3,32.76,,-0.0333,0.0714,2.4512,0.01617,0.4553
886,7266304,1816576,2652,3151.0,32.84,,-0.0323,0.0745,2.3639,0.01635,0.4769
887,7274496,1818624,2655,3153.7,32.49,,-0.0383,0.0577,2.396,0.01892,0.4697
888,7282688,1820672,2657,3156.4,32.6,,-0.0327,0.0759,2.3817,0.01801,0.4635
889,7290880,1822720,2658,3159.0,32.58,,-0.0328,0.0726,2.3764,0.01926,0.453
890,7299072,1824768,2659,3161.6,32.64,,-0.0377,0.0727,2.4847,0.01986,0.4691
891,7307264,1826816,2663,3164.3,32.53,,-0.0291,0.0766,2.4649,0.01543,0.427
892,7315456,1828864,2664,3166.9,32.63,,-0.0355,0.0821,2.4027,0.01803,0.4542
893,7323648,1830912,2669,3169.5,32.3,,-0.0332,0.075,2.4527,0.01593,0.4509
894,7331840,1832960,2672,3172.2,32.21,,-0.0337,0.0796,2.3532,0.01667,0.4476
895,7340032,1835008,2673,3174.9,32.27,,-0.0331,0.081,2.34,0.01729,0.47
896,7348224,1837056,2675,3177.6,32.08,,-0.0332,0.0788,2.4059,0.01802,0.4659
897,7356416,1839104,2676,3180.2,31.9,,-0.0342,0.0748,2.477,0.01817,0.4877
898,7364608,1841152,2679,3182.9,32.26,,-0.0361,0.0758,2.4824,0.01741,0.4547
899,7372800,1843200,2680,3185.5,32.2,,-0.0361,0.0562,2.4504,0.01917,0.4955
900,7380992,1845248,2683,3272.3,31.81,596.0999755859375,-0.0333,0.0763,2.3916,0.01635,0.4443
901,7389184,1847296,2685,3275.0,32.14,,-0.0337,0.0631,2.3885,0.01973,0.4523
902,7397376,1849344,2689,3277.7,32.48,,-0.0343,0.079,2.3826,0.01694,0.4283
903,7405568,1851392,2690,3280.3,32.45,,-0.0338,0.0771,2.3774,0.01685,0.4512
904,7413760,1853440,2695,3283.1,32.48,,-0.0319,0.0794,2.3384,0.01396,0.4368
905,7421952,1855488,2695,3285.7,32.48,,-0.0324,0.0808,2.3649,0.01713,0.4595
906,7430144,1857536,2696,3288.4,32.46,,-0.0344,0.0797,2.3984,0.02069,0.4631
907,7438336,1859584,2697,3291.0,32.42,,-0.037,0.065,2.4849,0.02138,0.4645
908,7446528,1861632,2700,3293.6,32.37,,-0.0401,0.0635,2.5332,0.01802,0.4655
909,7454720,1863680,2705,3296.2,32.05,,-0.032,0.058,2.4787,0.01654,0.4609
910,7462912,1865728,2708,3298.9,32.09,,-0.0331,0.0692,2.3443,0.01655,0.4661
911,7471104,1867776,2709,3301.6,32.07,,-0.0289,0.0935,2.3081,0.01728,0.4579
912,7479296,1869824,2711,3304.3,32.03,,-0.0346,0.0615,2.3703,0.01997,0.4685
913,7487488,1871872,2713,3306.9,31.82,,-0.0355,0.0679,2.437,0.01641,0.4452
914,7495680,1873920,2714,3309.6,31.81,,-0.0362,0.0645,2.4762,0.01598,0.4576
915,7503872,1875968,2716,3312.2,31.77,,-0.0331,0.0791,2.4786,0.01384,0.425
916,7512064,1878016,2722,3314.9,32.09,,-0.0338,0.0653,2.4014,0.01527,0.4313
917,7520256,1880064,2724,3317.6,32.08,,-0.0348,0.0674,2.3532,0.01488,0.4397
918,7528448,1882112,2728,3320.3,32.01,,-0.0351,0.0691,2.2414,0.01822,0.4752
919,7536640,1884160,2729,3323.0,32.11,,-0.0357,0.0623,2.3559,0.01888,0.4698
920,7544832,1886208,2729,3325.6,32.11,,-0.0387,0.0773,2.4029,0.01777,0.4508
921,7553024,1888256,2732,3328.2,32.26,,-0.0362,0.0736,2.4138,0.01993,0.46
922,7561216,1890304,2735,3330.9,32.38,,-0.0347,0.0626,2.4319,0.01494,0.4081
923,7569408,1892352,2737,3333.5,32.39,,-0.0303,0.0904,2.3852,0.01375,0.4067
924,7577600,1894400,2743,3336.2,32.52,,-0.0318,0.082,2.3057,0.01542,0.4211
925,7585792,1896448,2744,3338.9,32.52,,-0.0366,0.0682,2.3294,0.01337,0.4253
926,7593984,1898496,2745,3341.6,32.46,,-0.0324,0.0737,2.3253,0.01653,0.441
927,7602176,1900544,2746,3344.2,32.43,,-0.0377,0.0634,2.4786,0.01821,0.4615
928,7610368,1902592,2747,3346.8,32.33,,-0.0389,0.058,2.5315,0.01778,0.4259
929,7618560,1904640,2749,3349.4,32.36,,-0.0335,0.0513,2.6041,0.01421,0.4039
930,7626752,1906688,2753,3352.0,32.44,,-0.0337,0.0498,2.4842,0.01431,0.4093
931,7634944,1908736,2759,3354.8,32.21,,-0.0308,0.0547,2.3875,0.01713,0.4435
932,7643136,1910784,2759,3357.5,32.21,,-0.0355,0.0811,2.3857,0.014,0.4523
933,7651328,1912832,2759,3360.2,32.21,,-0.0362,0.0943,2.4148,0.01835,0.4745
934,7659520,1914880,2764,3362.9,32.14,,-0.0294,0.1184,2.4059,0.01432,0.4336
935,7667712,1916928,2766,3365.6,31.96,,-0.0354,0.0894,2.3731,0.015,0.4459
936,7675904,1918976,2768,3368.2,31.9,,-0.0342,0.0796,2.4296,0.01593,0.4336
937,7684096,1921024,2771,3370.9,32.1,,-0.0371,0.0891,2.402,0.01862,0.4764
938,7692288,1923072,2772,3373.6,32.14,,-0.0306,0.1029,2.445,0.01921,0.4667
939,7700480,1925120,2773,3376.3,32.05,,-0.0386,0.076,2.4421,0.01642,0.4423
940,7708672,1927168,2774,3378.8,32.1,,-0.0403,0.0784,2.4531,0.01986,0.4692
941,7716864,1929216,2778,3381.4,31.97,,-0.0374,0.0669,2.4966,0.01665,0.4305
942,7725056,1931264,2783,3384.1,31.98,,-0.0338,0.0582,2.4256,0.01652,0.4487
943,7733248,1933312,2786,3386.8,32.17,,-0.0331,0.063,2.2942,0.01633,0.4561
944,7741440,1935360,2788,3389.6,32.23,,-0.033,0.0868,2.2842,0.01736,0.4579
945,7749632,1937408,2788,3392.2,32.23,,-0.035,0.0792,2.3275,0.01655,0.4653
946,7757824,1939456,2792,3394.9,31.97,,-0.0338,0.064,2.4158,0.01947,0.4623
947,7766016,1941504,2793,3397.5,31.89,,-0.0361,0.073,2.3589,0.01762,0.4698
948,7774208,1943552,2795,3400.2,31.98,,-0.037,0.0537,2.3331,0.02025,0.4557
949,7782400,1945600,2798,3402.8,32.02,,-0.035,0.0698,2.3663,0.01969,0.4448
950,7790592,1947648,2802,3405.5,31.96,,-0.0366,0.066,2.3079,0.02016,0.4722
951,7798784,1949696,2804,3408.2,31.86,,-0.0345,0.0654,2.2805,0.0214,0.4752
952,7806976,1951744,2805,3410.8,31.94,,-0.0332,0.0785,2.3424,0.01795,0.4587
953,7815168,1953792,2807,3413.5,31.92,,-0.0352,0.0792,2.3579,0.01738,0.4425
954,7823360,1955840,2810,3416.2,31.92,,-0.0337,0.0691,2.333,0.01687,0.4321
955,7831552,1957888,2813,3418.8,31.91,,-0.0361,0.07,2.3158,0.01991,0.4678
956,7839744,1959936,2815,3421.5,31.85,,-0.0349,0.0742,2.2913,0.01785,0.4454
957,7847936,1961984,2818,3424.2,31.87,,-0.0303,0.077,2.238,0.01968,0.4661
958,7856128,1964032,2820,3426.9,31.52,,-0.036,0.0761,2.3605,0.02094,0.4695
959,7864320,1966080,2821,3429.5,31.46,,-0.0345,0.061,2.3507,0.01776,0.459
960,7872512,1968128,2823,3432.1,31.49,,-0.038,0.0899,2.3642,0.02076,0.4673
961,7880704,1970176,2825,3434.8,31.85,,-0.033,0.0626,2.3636,0.01368,0.4253
962,7888896,1972224,2827,3437.5,31.91,,-0.0327,0.0704,2.3045,0.01542,0.4194
963,7897088,1974272,2830,3440.1,31.72,,-0.0304,0.0855,2.2927,0.02002,0.4559
964,7905280,1976320,2834,3442.8,32.05,,-0.0346,0.0758,2.3281,0.01711,0.4349
965,7913472,1978368,2835,3445.4,32.08,,-0.032,0.0654,2.2564,0.01848,0.4595
966,7921664,1980416,2837,3448.1,32.49,,-0.0338,0.0653,2.3178,0.01974,0.443
967,7929856,1982464,2840,3450.8,32.46,,-0.0373,0.0822,2.3289,0.01985,0.4563
968,7938048,1984512,2842,3453.4,32.42,,-0.0335,0.0692,2.3191,0.01711,0.4211
969,7946240,1986560,2843,3456.1,32.35,,-0.0362,0.0672,2.4168,0.01798,0.4402
970,7954432,1988608,2847,3458.7,32.52,,-0.0314,0.0646,2.3829,0.01685,0.4142
971,7962624,1990656,2848,3461.4,32.52,,-0.0361,0.078,2.3548,0.01636,0.4419
972,7970816,1992704,2853,3464.1,32.4,,-0.0323,0.088,2.1928,0.01646,0.4313
973,7979008,1994752,2856,3466.8,32.34,,-0.0307,0.0706,2.2486,0.02031,0.4821
974,7987200,1996800,2856,3469.5,32.34,,-0.0336,0.096,2.3567,0.01857,0.4723
975,7995392,1998848,2857,3472.1,32.34,,-0.0361,0.071,2.4422,0.01909,0.4463
976,8003584,2000896,2860,3474.7,32.29,,-0.0346,0.0476,2.4707,0.02177,0.4456
977,8011776,2002944,2863,3477.4,32.57,,-0.0348,0.057,2.4433,0.02133,0.4539
978,8019968,2004992,2867,3480.0,32.69,,-0.0349,0.076,2.3215,0.01749,0.4304
979,8028160,2007040,2872,3482.8,32.59,,-0.0332,0.0795,2.1931,0.01738,0.4258
980,8036352,2009088,2873,3485.5,32.56,,-0.0343,0.0891,2.1793,0.01504,0.4137
981,8044544,2011136,2874,3488.2,32.52,,-0.0301,0.0938,2.2365,0.01595,0.4283
982,8052736,2013184,2876,3490.8,32.44,,-0.0384,0.0676,2.3549,0.02082,0.485
983,8060928,2015232,2877,3493.5,32.38,,-0.0373,0.0655,2.4215,0.01912,0.4504
984,8069120,2017280,2881,3496.1,32.2,,-0.0349,0.0483,2.3898,0.01594,0.4325
985,8077312,2019328,2884,3498.7,31.96,,-0.0326,0.0833,2.4032,0.01567,0.4435
986,8085504,2021376,2885,3501.4,31.95,,-0.0315,0.1052,2.2934,0.01938,0.4502
987,8093696,2023424,2885,3504.1,31.95,,-0.037,0.0808,2.4006,0.01703,0.4554
988,8101888,2025472,2887,3506.7,31.93,,-0.0359,0.0899,2.4264,0.01955,0.4785
989,8110080,2027520,2890,3509.3,32.26,,-0.0339,0.0733,2.4391,0.01684,0.4255
990,8118272,2029568,2892,3512.0,32.22,,-0.0337,0.0662,2.3888,0.01342,0.4037
991,8126464,2031616,2897,3514.7,32.63,,-0.0357,0.1091,2.3777,0.0173,0.4583
992,8134656,2033664,2900,3517.4,32.86,,-0.0324,0.0816,2.2824,0.0149,0.4327
993,8142848,2035712,2901,3520.1,32.77,,-0.036,0.0856,2.2909,0.01591,0.4388
994,8151040,2037760,2901,3522.8,32.77,,-0.0381,0.0837,2.3677,0.02021,0.478
995,8159232,2039808,2903,3525.4,32.81,,-0.0421,0.0732,2.423,0.01896,0.4702
996,8167424,2041856,2906,3528.0,32.65,,-0.0367,0.0646,2.4422,0.01662,0.446
997,8175616,2043904,2909,3530.6,32.62,,-0.0396,0.0627,2.4085,0.01687,0.4271
998,8183808,2045952,2912,3533.3,33.08,,-0.034,0.0575,2.3404,0.01525,0.4327
999,8192000,2048000,2915,3535.9,33.57,,-0.0337,0.0595,2.2564,0.01747,0.4318
1000,8200192,2050048,2916,3622.9,33.61,623.2999877929688,-0.0329,0.073,2.2757,0.01915,0.4387
1001,8208384,2052096,2919,3625.5,33.65,,-0.036,0.0726,2.3437,0.01719,0.4333
1002,8216576,2054144,2919,3628.2,33.65,,-0.0339,0.0604,2.4144,0.01774,0.4464
1003,8224768,2056192,2921,3630.8,33.7,,-0.0378,0.0632,2.4362,0.01757,0.4401
1004,8232960,2058240,2924,3633.4,33.39,,-0.032,0.0754,2.3447,0.01644,0.4225
1005,8241152,2060288,2926,3636.1,33.38,,-0.0339,0.0502,2.3725,0.01599,0.431
1006,8249344,2062336,2929,3638.7,33.53,,-0.0347,0.0735,2.3028,0.01654,0.4348
1007,8257536,2064384,2932,3641.4,33.54,,-0.034,0.0682,2.3049,0.01521,0.4252
1008,8265728,2066432,2934,3644.1,33.31,,-0.034,0.0752,2.311,0.01763,0.4371
1009,8273920,2068480,2935,3646.7,33.31,,-0.034,0.0678,2.3156,0.02132,0.4795
1010,8282112,2070528,2937,3649.4,33.37,,-0.0373,0.0492,2.3847,0.02093,0.4857
1011,8290304,2072576,2940,3652.0,33.35,,-0.0367,0.0737,2.4045,0.02119,0.4565
1012,8298496,2074624,2943,3654.7,33.44,,-0.0321,0.0698,2.3348,0.01764,0.464
1013,8306688,2076672,2946,3657.4,33.44,,-0.0273,0.0928,2.3347,0.01393,0.4354
1014,8314880,2078720,2949,3660.1,33.48,,-0.0366,0.0872,2.304,0.02291,0.4548
1015,8323072,2080768,2950,3662.7,33.44,,-0.0349,0.0741,2.2703,0.01471,0.4229
1016,8331264,2082816,2953,3665.4,33.45,,-0.0362,0.0802,2.4006,0.01802,0.4591
1017,8339456,2084864,2958,3668.1,33.54,,-0.0341,0.0692,2.2671,0.02031,0.4594
1018,8347648,2086912,2961,3670.8,33.35,,-0.0314,0.0651,2.2322,0.01549,0.4221
1019,8355840,2088960,2962,3673.4,33.36,,-0.0306,0.0889,2.2947,0.0163,0.4458
1020,8364032,2091008,2963,3676.1,33.32,,-0.0378,0.0749,2.34,0.01846,0.4365
1021,8372224,2093056,2968,3678.8,33.26,,-0.0373,0.0663,2.4169,0.01888,0.4473
1022,8380416,2095104,2968,3681.4,33.26,,-0.0374,0.0468,2.3708,0.01888,0.4514
1023,8388608,2097152,2972,3684.1,33.19,,-0.0343,0.0708,2.3503,0.01986,0.4647
1024,8396800,2099200,2974,3686.7,33.31,,-0.0348,0.053,2.2754,0.02105,0.4631
1025,8404992,2101248,2978,3689.4,33.51,,-0.0357,0.0698,2.262,0.0189,0.4396
1026,8413184,2103296,2978,3692.1,33.51,,-0.0371,0.0665,2.2882,0.02089,0.4777
1027,8421376,2105344,2982,3694.8,33.51,,-0.0343,0.0583,2.3164,0.01846,0.4636
1028,8429568,2107392,2984,3697.4,33.51,,-0.0345,0.0531,2.2923,0.02057,0.4821
1029,8437760,2109440,2984,3700.0,33.51,,-0.0418,0.0631,2.3733,0.02284,0.4777
1030,8445952,2111488,2986,3702.6,33.41,,-0.0387,0.0625,2.4772,0.02293,0.4851
1031,8454144,2113536,2990,3705.3,33.22,,-0.034,0.0579,2.3623,0.01829,0.424
1032,8462336,2115584,2993,3708.0,33.16,,-0.0356,0.0684,2.2988,0.02004,0.4449
1033,8470528,2117632,2994,3710.6,33.14,,-0.0361,0.0707,2.2824,0.0197,0.4436
1034,8478720,2119680,2998,3713.3,33.29,,-0.0322,0.0822,2.2354,0.02092,0.4696
1035,8486912,2121728,3000,3716.0,32.88,,-0.0345,0.078,2.2301,0.01889,0.4458
1036,8495104,2123776,3001,3718.7,32.93,,-0.0375,0.0644,2.2663,0.02286,0.4813
1037,8503296,2125824,3005,3721.4,33.08,,-0.0344,0.0858,2.3395,0.01968,0.46
1038,8511488,2127872,3008,3724.0,33.12,,-0.035,0.0762,2.2706,0.02155,0.4734
1039,8519680,2129920,3011,3726.7,32.9,,-0.0325,0.0859,2.1903,0.01778,0.446
1040,8527872,2131968,3013,3729.4,32.9,,-0.0367,0.0605,2.265,0.01968,0.4531
1041,8536064,2134016,3014,3732.0,32.46,,-0.0369,0.0814,2.3139,0.0195,0.4664
1042,8544256,2136064,3017,3734.7,32.48,,-0.0378,0.066,2.2804,0.02061,0.4611
1043,8552448,2138112,3019,3737.3,32.46,,-0.0377,0.0617,2.2786,0.02126,0.4716
1044,8560640,2140160,3022,3740.0,32.37,,-0.0343,0.0685,2.2853,0.0204,0.484
1045,8568832,2142208,3024,3742.6,32.4,,-0.034,0.0779,2.2691,0.02195,0.48
1046,8577024,2144256,3025,3745.2,32.41,,-0.0352,0.0875,2.2875,0.01861,0.4674
1047,8585216,2146304,3026,3747.9,32.46,,-0.0336,0.0645,2.2588,0.02242,0.4684
1048,8593408,2148352,3031,3750.6,32.64,,-0.0329,0.0818,2.2399,0.01737,0.4282
1049,8601600,2150400,3033,3753.2,32.66,,-0.0314,0.1001,2.2029,0.01819,0.4358
1050,8609792,2152448,3034,3755.9,32.6,,-0.0348,0.0676,2.2233,0.01887,0.4622
1051,8617984,2154496,3036,3758.5,32.34,,-0.0346,0.0798,2.3055,0.02058,0.4869
1052,8626176,2156544,3040,3761.2,32.41,,-0.0386,0.0563,2.3168,0.02327,0.4865
1053,8634368,2158592,3042,3763.8,32.74,,-0.0334,0.057,2.2502,0.01961,0.4404
1054,8642560,2160640,3044,3766.5,32.72,,-0.0377,0.0747,2.3055,0.02062,0.4857
1055,8650752,2162688,3047,3769.1,32.76,,-0.031,0.0736,2.3285,0.01789,0.4281
1056,8658944,2164736,3049,3771.8,32.65,,-0.0335,0.0721,2.3152,0.01892,0.4655
1057,8667136,2166784,3052,3774.5,32.66,,-0.0355,0.0741,2.3261,0.01705,0.4579
1058,8675328,2168832,3054,3777.2,32.55,,-0.0347,0.1001,2.3709,0.02061,0.4724
1059,8683520,2170880,3056,3779.8,32.68,,-0.0339,0.0804,2.3003,0.01923,0.465
1060,8691712,2172928,3058,3782.5,32.54,,-0.0378,0.076,2.324,0.01937,0.485
1061,8699904,2174976,3062,3785.2,32.83,,-0.0362,0.0559,2.2962,0.01769,0.4692
1062,8708096,2177024,3063,3787.8,32.77,,-0.0361,0.074,2.352,0.02019,0.4988
1063,8716288,2179072,3065,3790.5,32.64,,-0.0345,0.0672,2.3247,0.02025,0.47
1064,8724480,2181120,3066,3793.1,32.63,,-0.0381,0.0709,2.3971,0.01966,0.4614
1065,8732672,2183168,3072,3795.8,32.64,,-0.033,0.0681,2.2732,0.02235,0.4602
1066,8740864,2185216,3073,3798.5,32.7,,-0.0338,0.0752,2.3189,0.02137,0.4856
1067,8749056,2187264,3076,3801.2,32.72,,-0.0377,0.0665,2.2224,0.02367,0.4915
1068,8757248,2189312,3078,3803.8,32.6,,-0.0357,0.0832,2.2988,0.02107,0.4901
1069,8765440,2191360,3078,3806.4,32.6,,-0.0377,0.0679,2.386,0.02458,0.4835
1070,8773632,2193408,3082,3809.1,32.66,,-0.038,0.0686,2.3092,0.01923,0.4769
1071,8781824,2195456,3084,3811.8,32.67,,-0.0364,0.0561,2.2975,0.02151,0.4564
1072,8790016,2197504,3085,3814.4,32.7,,-0.0372,0.0794,2.3506,0.01934,0.4763
1073,8798208,2199552,3087,3817.0,32.74,,-0.0347,0.0821,2.3682,0.02209,0.4611
1074,8806400,2201600,3090,3819.7,32.74,,-0.0386,0.0602,2.3676,0.0194,0.4731
1075,8814592,2203648,3094,3822.3,33.19,,-0.0348,0.0604,2.1962,0.02034,0.4799
1076,8822784,2205696,3095,3825.0,33.12,,-0.0347,0.0757,2.2823,0.0175,0.4441
1077,8830976,2207744,3097,3827.7,33.11,,-0.0353,0.0755,2.3106,0.02104,0.4653
1078,8839168,2209792,3100,3830.3,33.38,,-0.0331,0.0807,2.3789,0.01563,0.4187
1079,8847360,2211840,3101,3833.0,33.39,,-0.0356,0.063,2.3361,0.01857,0.4491
1080,8855552,2213888,3103,3835.6,33.36,,-0.039,0.059,2.3047,0.02091,0.4659
1081,8863744,2215936,3106,3838.2,33.3,,-0.0373,0.0558,2.3407,0.02144,0.4641
1082,8871936,2217984,3108,3840.8,33.32,,-0.0343,0.0855,2.3157,0.01947,0.4796
1083,8880128,2220032,3110,3843.5,33.02,,-0.0341,0.0804,2.3022,0.01939,0.4574
1084,8888320,2222080,3113,3846.2,33.19,,-0.0306,0.0819,2.1873,0.01573,0.4343
1085,8896512,2224128,3114,3848.8,33.27,,-0.0352,0.0668,2.2747,0.01749,0.4526
1086,8904704,2226176,3119,3851.5,33.71,,-0.0332,0.0573,2.2568,0.01796,0.4459
1087,8912896,2228224,3122,3854.2,33.72,,-0.0334,0.0694,2.2421,0.01876,0.4377
1088,8921088,2230272,3125,3856.9,33.56,,-0.0376,0.0644,2.2617,0.01735,0.4478
1089,8929280,2232320,3126,3859.6,33.55,,-0.0388,0.0649,2.31,0.01918,0.4503
1090,8937472,2234368,3127,3862.2,33.35,,-0.0348,0.0839,2.3954,0.0178,0.4393
1091,8945664,2236416,3127,3864.8,33.35,,-0.0423,0.0653,2.478,0.02141,0.4851
1092,8953856,2238464,3130,3867.4,33.29,,-0.0351,0.0823,2.3951,0.02506,0.4912
1093,8962048,2240512,3133,3870.0,33.4,,-0.0364,0.069,2.3483,0.02309,0.4811
1094,8970240,2242560,3133,3872.7,33.4,,-0.0392,0.0598,2.3403,0.02106,0.4891
1095,8978432,2244608,3138,3875.4,33.32,,-0.034,0.0744,2.2518,0.01671,0.4307
1096,8986624,2246656,3140,3878.0,33.32,,-0.0388,0.0582,2.3146,0.02008,0.4722
1097,8994816,2248704,3142,3880.7,33.73,,-0.0363,0.0578,2.3727,0.02194,0.5015
1098,9003008,2250752,3143,3883.3,34.09,,-0.0334,0.0691,2.4186,0.01495,0.4187
1099,9011200,2252800,3146,3886.0,34.02,,-0.0382,0.062,2.3837,0.01932,0.4762
1100,9019392,2254848,3150,3970.6,33.89,466.45001220703125,-0.0278,0.0868,2.3537,0.01736,0.4252
1101,9027584,2256896,3150,3973.3,33.89,,-0.0336,0.0822,2.4037,0.01997,0.4734
1102,9035776,2258944,3154,3975.9,34.23,,-0.0372,0.0686,2.3042,0.02043,0.4626
1103,9043968,2260992,3155,3978.6,34.15,,-0.0378,0.061,2.4615,0.01919,0.4869
1104,9052160,2263040,3160,3981.3,34.13,,-0.0341,0.065,2.297,0.01971,0.4552
1105,9060352,2265088,3161,3984.0,33.92,,-0.0348,0.0686,2.3366,0.01939,0.4601
1106,9068544,2267136,3163,3986.7,33.84,,-0.0321,0.0913,2.3136,0.01789,0.4591
1107,9076736,2269184,3167,3989.4,33.93,,-0.0382,0.0665,2.4224,0.01995,0.4601
1108,9084928,2271232,3169,3992.1,34.08,,-0.0332,0.0881,2.329,0.0175,0.4631
1109,9093120,2273280,3172,3994.7,33.93,,-0.0346,0.073,2.2542,0.01972,0.4525
1110,9101312,2275328,3174,3997.4,33.88,,-0.0372,0.0706,2.3571,0.02024,0.4657
1111,9109504,2277376,3175,4000.1,33.85,,-0.0364,0.075,2.4028,0.02132,0.4753
1112,9117696,2279424,3179,4002.8,33.84,,-0.0341,0.0684,2.3926,0.02208,0.4756
1113,9125888,2281472,3182,4005.4,33.8,,-0.0373,0.0534,2.3591,0.01794,0.4717
1114,9134080,2283520,3184,4008.1,33.72,,-0.036,0.07,2.2967,0.01929,0.4382
1115,9142272,2285568,3185,4010.8,33.74,,-0.0374,0.0744,2.3821,0.0228,0.4769
1116,9150464,2287616,3189,4013.4,33.68,,-0.0369,0.0538,2.4079,0.01964,0.4513
1117,9158656,2289664,3191,4016.1,33.14,,-0.0373,0.062,2.3471,0.01993,0.4576
1118,9166848,2291712,3193,4018.8,32.92,,-0.0346,0.068,2.3459,0.01552,0.4205
1119,9175040,2293760,3196,4021.4,32.73,,-0.038,0.064,2.4448,0.02023,0.4745
1120,9183232,2295808,3199,4024.1,32.71,,-0.0372,0.0595,2.3903,0.01958,0.467
1121,9191424,2297856,3200,4026.7,32.59,,-0.0342,0.0783,2.3022,0.01713,0.4374
1122,9199616,2299904,3202,4029.4,32.6,,-0.0336,0.0694,2.3849,0.02083,0.4578
1123,9207808,2301952,3202,4032.0,32.6,,-0.035,0.0879,2.4379,0.01838,0.4651
1124,9216000,2304000,3206,4034.7,32.61,,-0.0326,0.0941,2.4218,0.0142,0.4224
1125,9224192,2306048,3210,4037.4,32.59,,-0.0347,0.0835,2.3346,0.01642,0.4331
1126,9232384,2308096,3212,4040.1,32.77,,-0.0323,0.0665,2.3125,0.01508,0.4325
1127,9240576,2310144,3213,4042.7,32.77,,-0.0358,0.0793,2.3887,0.01708,0.46
1128,9248768,2312192,3215,4045.4,32.49,,-0.0388,0.0583,2.4088,0.01872,0.4526
1129,9256960,2314240,3217,4048.0,32.38,,-0.0374,0.0593,2.4507,0.02158,0.4769
1130,9265152,2316288,3221,4050.7,32.51,,-0.0357,0.0554,2.4322,0.0162,0.4342
1131,9273344,2318336,3222,4053.3,32.61,,-0.0376,0.0556,2.3358,0.02143,0.4847
1132,9281536,2320384,3224,4056.0,32.66,,-0.0367,0.0867,2.3802,0.02174,0.472
1133,9289728,2322432,3226,4058.6,32.65,,-0.0389,0.065,2.3838,0.01853,0.467
1134,9297920,2324480,3229,4061.3,32.67,,-0.0344,0.0879,2.3304,0.02067,0.4702
1135,9306112,2326528,3230,4064.0,32.64,,-0.0377,0.0703,2.3037,0.01999,0.4739
1136,9314304,2328576,3232,4066.6,32.9,,-0.0384,0.0613,2.4133,0.0186,0.444
1137,9322496,2330624,3237,4069.3,33.07,,-0.0346,0.077,2.3449,0.01888,0.4498
1138,9330688,2332672,3240,4072.0,33.03,,-0.0365,0.0709,2.2475,0.01901,0.465
1139,9338880,2334720,3242,4074.7,32.26,,-0.0346,0.0847,2.3712,0.01891,0.4664
1140,9347072,2336768,3243,4077.4,31.95,,-0.0379,0.0722,2.3347,0.01918,0.4672
1141,9355264,2338816,3245,4080.0,31.81,,-0.0363,0.0696,2.456,0.01968,0.4785
1142,9363456,2340864,3247,4082.6,31.86,,-0.0349,0.0688,2.4255,0.01943,0.4736
1143,9371648,2342912,3249,4085.2,31.96,,-0.0381,0.0737,2.4005,0.019,0.4655
1144,9379840,2344960,3251,4087.9,31.98,,-0.0385,0.0734,2.3579,0.02101,0.474
1145,9388032,2347008,3253,4090.6,31.98,,-0.0352,0.1158,2.4219,0.01623,0.4282
1146,9396224,2349056,3255,4093.2,31.93,,-0.0389,0.0636,2.3708,0.02244,0.4866
1147,9404416,2351104,3257,4095.8,32.24,,-0.038,0.0675,2.4226,0.01797,0.4613
1148,9412608,2353152,3259,4098.5,32.57,,-0.0362,0.0778,2.4678,0.01837,0.4554
1149,9420800,2355200,3262,4101.1,32.75,,-0.0343,0.0626,2.3644,0.01911,0.46
1150,9428992,2357248,3264,4103.8,33.35,,-0.0378,0.0694,2.3606,0.01961,0.4642
1151,9437184,2359296,3265,4106.4,33.34,,-0.0389,0.0678,2.4632,0.02065,0.4537
1152,9445376,2361344,3268,4109.1,33.24,,-0.0345,0.0672,2.3735,0.02243,0.4672
1153,9453568,2363392,3271,4111.7,33.33,,-0.0375,0.0663,2.3659,0.01753,0.4633
1154,9461760,2365440,3272,4114.4,33.4,,-0.0398,0.0736,2.424,0.02247,0.4852
1155,9469952,2367488,3275,4117.0,33.49,,-0.0401,0.063,2.3894,0.02219,0.4712
1156,9478144,2369536,3277,4119.7,33.47,,-0.0376,0.0683,2.4445,0.01964,0.4524
1157,9486336,2371584,3278,4122.3,33.59,,-0.0374,0.0743,2.3952,0.02144,0.4594
1158,9494528,2373632,3282,4124.9,34.07,,-0.0275,0.0942,2.3893,0.0155,0.4233
1159,9502720,2375680,3285,4127.6,34.14,,-0.0284,0.0858,2.3918,0.0183,0.4546
1160,9510912,2377728,3287,4130.3,34.18,,-0.0336,0.0652,2.3287,0.02036,0.4871
1161,9519104,2379776,3288,4132.9,34.13,,-0.0398,0.0829,2.4107,0.0188,0.458
1162,9527296,2381824,3292,4135.6,34.24,,-0.0363,0.0762,2.3963,0.02,0.4574
1163,9535488,2383872,3294,4138.3,34.29,,-0.0368,0.0678,2.3932,0.01968,0.4708
1164,9543680,2385920,3296,4140.9,34.28,,-0.0361,0.056,2.4573,0.02188,0.4794
1165,9551872,2387968,3299,4143.6,34.13,,-0.0375,0.0655,2.4254,0.01931,0.4847
1166,9560064,2390016,3302,4146.3,34.19,,-0.0335,0.0771,2.3949,0.01782,0.4454
1167,9568256,2392064,3302,4148.9,34.19,,-0.0375,0.0461,2.4148,0.01881,0.4688
1168,9576448,2394112,3306,4151.6,34.23,,-0.0343,0.0751,2.416,0.01918,0.4629
1169,9584640,2396160,3308,4154.2,34.27,,-0.0344,0.0563,2.385,0.01826,0.4589
1170,9592832,2398208,3310,4156.9,34.29,,-0.0379,0.061,2.3979,0.01894,0.463
1171,9601024,2400256,3313,4159.5,34.07,,-0.039,0.066,2.4216,0.02153,0.4672
1172,9609216,2402304,3315,4162.2,33.99,,-0.0354,0.0587,2.4039,0.02038,0.4802
1173,9617408,2404352,3316,4164.8,34.02,,-0.0363,0.0721,2.4287,0.01993,0.4235
1174,9625600,2406400,3318,4167.4,34.09,,-0.0367,0.0471,2.4585,0.02015,0.4508
1175,9633792,2408448,3323,4170.1,33.73,,-0.0342,0.0526,2.3719,0.01914,0.4742
1176,9641984,2410496,3325,4172.8,33.74,,-0.0324,0.0835,2.3166,0.01717,0.4548
1177,9650176,2412544,3328,4175.5,33.69,,-0.034,0.0925,2.3004,0.02028,0.4501
1178,9658368,2414592,3328,4178.1,33.69,,-0.0394,0.0718,2.4163,0.02263,0.4917
1179,9666560,2416640,3332,4180.8,33.71,,-0.035,0.0689,2.4249,0.01966,0.4856
1180,9674752,2418688,3334,4183.4,33.76,,-0.0366,0.0577,2.4355,0.0198,0.4613
1181,9682944,2420736,3337,4186.1,33.43,,-0.0314,0.0754,2.3907,0.01999,0.4813
1182,9691136,2422784,3341,4188.8,33.35,,-0.0359,0.0645,2.366,0.01865,0.4602
1183,9699328,2424832,3341,4191.5,33.35,,-0.0378,0.0557,2.3659,0.02034,0.4749
1184,9707520,2426880,3342,4194.1,33.35,,-0.0407,0.0676,2.488,0.01915,0.4664
1185,9715712,2428928,3345,4196.8,33.45,,-0.0408,0.0584,2.493,0.02228,0.4919
1186,9723904,2430976,3346,4199.4,33.46,,-0.0382,0.066,2.4636,0.02166,0.478
1187,9732096,2433024,3348,4202.1,33.45,,-0.0405,0.0568,2.4451,0.02178,0.4854
1188,9740288,2435072,3351,4204.7,33.48,,-0.0347,0.0841,2.4976,0.01895,0.4552
1189,9748480,2437120,3352,4207.3,33.55,,-0.0299,0.0957,2.4492,0.01593,0.4512
1190,9756672,2439168,3356,4210.0,33.55,,-0.0371,0.0855,2.4407,0.01988,0.4673
1191,9764864,2441216,3357,4212.6,33.25,,-0.0392,0.0912,2.4072,0.02031,0.4581
1192,9773056,2443264,3358,4215.2,33.26,,-0.0372,0.0748,2.4361,0.0194,0.4645
1193,9781248,2445312,3363,4217.9,32.81,,-0.0388,0.0697,2.4627,0.02149,0.4899
1194,9789440,2447360,3367,4220.6,33.41,,-0.0345,0.0668,2.4115,0.01824,0.4685
1195,9797632,2449408,3367,4223.2,33.41,,-0.039,0.0759,2.3923,0.02076,0.4854
1196,9805824,2451456,3368,4225.9,33.4,,-0.0384,0.0892,2.4229,0.01923,0.4662
1197,9814016,2453504,3370,4228.5,33.46,,-0.0404,0.0689,2.449,0.02159,0.4723
1198,9822208,2455552,3372,4231.2,33.42,,-0.0393,0.061,2.4823,0.02027,0.4684
1199,9830400,2457600,3374,4233.8,33.61,,-0.0368,0.0794,2.4589,0.02179,0.472
1200,9838592,2459648,3378,4318.6,33.52,554.9500122070312,-0.0357,0.0788,2.4064,0.02138,0.462
1201,9846784,2461696,3382,4321.3,33.17,,-0.0394,0.0688,2.3377,0.02208,0.4891
1202,9854976,2463744,3382,4324.0,33.17,,-0.0392,0.0779,2.4103,0.02048,0.4741
1203,9863168,2465792,3384,4326.6,33.48,,-0.0394,0.0706,2.4389,0.02263,0.4962
1204,9871360,2467840,3387,4329.3,33.46,,-0.0367,0.0673,2.4609,0.02265,0.4818
1205,9879552,2469888,3388,4331.9,33.51,,-0.0393,0.0726,2.4301,0.02066,0.4888
1206,9887744,2471936,3392,4334.6,33.49,,-0.0375,0.0594,2.4723,0.01986,0.4856
1207,9895936,2473984,3393,4337.2,33.5,,-0.0367,0.0699,2.4297,0.02095,0.4535
1208,9904128,2476032,3396,4339.9,33.62,,-0.0374,0.0752,2.4318,0.02088,0.4839
1209,9912320,2478080,3398,4342.6,33.74,,-0.0381,0.0794,2.4169,0.02418,0.4697
1210,9920512,2480128,3400,4345.2,33.81,,-0.0382,0.0703,2.4279,0.02346,0.4978
1211,9928704,2482176,3401,4347.9,33.74,,-0.0404,0.0694,2.3971,0.02333,0.5167
1212,9936896,2484224,3402,4350.5,33.73,,-0.0438,0.0594,2.4929,0.02472,0.5165
1213,9945088,2486272,3403,4353.1,33.72,,-0.0387,0.0567,2.5337,0.01843,0.4591
1214,9953280,2488320,3408,4355.8,34.04,,-0.0394,0.0467,2.5553,0.01895,0.4606
1215,9961472,2490368,3412,4358.5,34.08,,-0.0338,0.0517,2.3903,0.01411,0.4182
1216,9969664,2492416,3412,4361.1,34.08,,-0.0364,0.0687,2.3596,0.01823,0.4667
1217,9977856,2494464,3414,4363.8,34.18,,-0.0386,0.0655,2.4382,0.02099,0.4756
1218,9986048,2496512,3417,4366.4,34.26,,-0.0417,0.0646,2.4662,0.01926,0.4563
1219,9994240,2498560,3417,4369.0,34.26,,-0.0408,0.0599,2.4667,0.02101,0.4832
1220,10002432,2500608,3419,4371.7,34.23,,-0.0378,0.0764,2.5195,0.01862,0.4575
1221,10010624,2502656,3421,4374.3,34.31,,-0.0378,0.0797,2.5271,0.01757,0.449
1222,10018816,2504704,3424,4377.0,34.25,,-0.0375,0.0769,2.43,0.01887,0.4539
1223,10027008,2506752,3425,4379.6,34.27,,-0.0384,0.0669,2.4217,0.02054,0.4855
1224,10035200,2508800,3426,4382.3,34.26,,-0.036,0.0751,2.4784,0.02003,0.4762
1225,10043392,2510848,3429,4385.0,34.37,,-0.0309,0.0967,2.5204,0.01615,0.4241
1226,10051584,2512896,3432,4387.6,34.18,,-0.037,0.0867,2.4423,0.01915,0.475
1227,10059776,2514944,3434,4390.3,34.19,,-0.0387,0.076,2.4285,0.02001,0.4915
1228,10067968,2516992,3434,4393.0,34.19,,-0.0374,0.1135,2.4489,0.02164,0.4846
1229,10076160,2519040,3435,4395.6,34.18,,-0.0391,0.0991,2.4495,0.02349,0.4933
1230,10084352,2521088,3438,4398.2,34.75,,-0.0387,0.0896,2.514,0.02137,0.5022
1231,10092544,2523136,3440,4400.9,35.13,,-0.0394,0.0921,2.411,0.02079,0.483
1232,10100736,2525184,3443,4403.6,35.54,,-0.0402,0.0729,2.4101,0.02295,0.5006
1233,10108928,2527232,3445,4406.2,35.54,,-0.0421,0.0796,2.423,0.02421,0.506
1234,10117120,2529280,3446,4408.9,35.56,,-0.0414,0.0642,2.4519,0.0241,0.4949
1235,10125312,2531328,3448,4411.5,35.61,,-0.0404,0.0699,2.4753,0.02269,0.507
1236,10133504,2533376,3449,4414.1,35.48,,-0.0424,0.067,2.5037,0.0242,0.507
1237,10141696,2535424,3453,4416.7,35.74,,-0.0313,0.0833,2.4907,0.01749,0.4812
1238,10149888,2537472,3455,4419.3,35.8,,-0.0384,0.0674,2.4988,0.0214,0.4877
1239,10158080,2539520,3459,4422.1,35.83,,-0.0352,0.0944,2.4056,0.0185,0.4795
1240,10166272,2541568,3459,4424.7,35.83,,-0.0387,0.0723,2.3981,0.02388,0.4889
1241,10174464,2543616,3461,4427.4,35.84,,-0.0396,0.0902,2.4216,0.02393,0.5208
1242,10182656,2545664,3462,4430.0,35.74,,-0.0376,0.0913,2.4997,0.02148,0.4862
1243,10190848,2547712,3462,4432.6,35.74,,-0.0409,0.0648,2.4809,0.02274,0.4878
1244,10199040,2549760,3465,4435.2,35.22,,-0.0381,0.0803,2.4654,0.02596,0.5143
1245,10207232,2551808,3469,4437.8,35.91,,-0.0339,0.0875,2.4409,0.02281,0.4996
1246,10215424,2553856,3473,4440.6,35.97,,-0.0346,0.0711,2.3239,0.02185,0.5001
1247,10223616,2555904,3474,4443.3,35.95,,-0.0346,0.0711,2.3985,0.0179,0.4515
1248,10231808,2557952,3475,4445.9,35.95,,-0.0372,0.0883,2.4579,0.01911,0.4674
1249,10240000,2560000,3477,4448.6,36.58,,-0.0407,0.0687,2.5119,0.0184,0.4644
1250,10248192,2562048,3478,4451.2,36.65,,-0.0419,0.0647,2.4924,0.02106,0.4735
1251,10256384,2564096,3478,4453.8,36.65,,-0.0395,0.0847,2.5006,0.01712,0.4611
1252,10264576,2566144,3483,4456.5,36.27,,-0.0404,0.0585,2.4809,0.02089,0.4987
1253,10272768,2568192,3486,4459.1,36.3,,-0.0347,0.0718,2.4218,0.01771,0.4498
1254,10280960,2570240,3488,4461.8,36.29,,-0.0375,0.0753,2.423,0.02374,0.5033
1255,10289152,2572288,3488,4464.4,36.29,,-0.0381,0.079,2.4977,0.02144,0.468
1256,10297344,2574336,3491,4467.1,36.66,,-0.0363,0.1067,2.4943,0.02053,0.4781
1257,10305536,2576384,3492,4469.8,36.64,,-0.0383,0.0665,2.4868,0.02045,0.4768
1258,10313728,2578432,3492,4472.4,36.64,,-0.0411,0.0736,2.5154,0.01861,0.4574
1259,10321920,2580480,3495,4475.0,36.54,,-0.0422,0.0569,2.556,0.02303,0.4913
1260,10330112,2582528,3498,4477.7,36.47,,-0.0393,0.0586,2.4619,0.02058,0.4832
1261,10338304,2584576,3501,4480.3,36.38,,-0.0364,0.0808,2.4578,0.02176,0.4683
1262,10346496,2586624,3503,4483.0,36.2,,-0.0372,0.0836,2.5125,0.01683,0.4492
1263,10354688,2588672,3505,4485.7,36.26,,-0.038,0.0733,2.4336,0.02122,0.4918
1264,10362880,2590720,3508,4488.3,36.18,,-0.0392,0.0957,2.4906,0.0193,0.4916
1265,10371072,2592768,3510,4491.0,36.45,,-0.037,0.0539,2.4831,0.01875,0.4939
1266,10379264,2594816,3512,4493.7,36.4,,-0.0381,0.0659,2.4405,0.02159,0.4796
1267,10387456,2596864,3514,4496.3,36.24,,-0.039,0.0693,2.4762,0.0191,0.4609
1268,10395648,2598912,3517,4499.0,36.25,,-0.037,0.0913,2.4709,0.02216,0.5131
1269,10403840,2600960,3518,4501.7,36.14,,-0.0399,0.0787,2.4305,0.01941,0.51
1270,10412032,2603008,3521,4504.3,36.05,,-0.0409,0.0758,2.4682,0.01854,0.4656
1271,10420224,2605056,3524,4507.0,36.09,,-0.0374,0.088,2.4479,0.02223,0.4733
1272,10428416,2607104,3528,4509.7,36.32,,-0.0386,0.0924,2.41,0.02112,0.4833
1273,10436608,2609152,3531,4512.4,36.03,,-0.0315,0.0801,2.3442,0.01778,0.4725
1274,10444800,2611200,3531,4515.0,36.03,,-0.0404,0.0589,2.4148,0.01698,0.4598
1275,10452992,2613248,3532,4517.6,36.03,,-0.0403,0.0824,2.5037,0.02052,0.4823
1276,10461184,2615296,3534,4520.3,36.36,,-0.0395,0.0714,2.5027,0.01789,0.4695
1277,10469376,2617344,3536,4522.9,36.27,,-0.0355,0.0849,2.4822,0.01981,0.4645
1278,10477568,2619392,3539,4525.6,36.16,,-0.0365,0.0746,2.4372,0.01641,0.4413
1279,10485760,2621440,3543,4528.2,35.41,,-0.0378,0.1022,2.4232,0.02044,0.4948
1280,10493952,2623488,3545,4530.9,35.43,,-0.0362,0.078,2.3648,0.01891,0.4805
1281,10502144,2625536,3547,4533.6,35.32,,-0.0379,0.0823,2.3828,0.0194,0.4615
1282,10510336,2627584,3549,4536.3,35.78,,-0.0389,0.0857,2.4488,0.02124,0.4808
1283,10518528,2629632,3551,4538.9,35.37,,-0.0397,0.0775,2.459,0.01751,0.4546
1284,10526720,2631680,3554,4541.5,35.29,,-0.0359,0.073,2.4449,0.01781,0.4552
1285,10534912,2633728,3555,4544.2,35.27,,-0.0359,0.0798,2.4588,0.01934,0.4552
1286,10543104,2635776,3557,4546.8,35.22,,-0.0386,0.0796,2.4505,0.02114,0.4814
1287,10551296,2637824,3559,4549.4,35.15,,-0.04,0.0662,2.4168,0.02293,0.4843
1288,10559488,2639872,3563,4552.1,35.22,,-0.0335,0.0714,2.411,0.01758,0.4568
1289,10567680,2641920,3565,4554.7,35.17,,-0.0389,0.0677,2.4025,0.01921,0.4684
1290,10575872,2643968,3568,4557.4,35.2,,-0.0392,0.0662,2.3208,0.02084,0.4967
1291,10584064,2646016,3570,4560.1,34.72,,-0.0366,0.0907,2.382,0.02025,0.4777
1292,10592256,2648064,3571,4562.7,34.67,,-0.0394,0.0932,2.3946,0.02316,0.4653
1293,10600448,2650112,3572,4565.3,34.68,,-0.0422,0.0629,2.474,0.02219,0.4844
1294,10608640,2652160,3576,4568.0,34.23,,-0.0368,0.0759,2.4522,0.02101,0.4615
1295,10616832,2654208,3580,4570.7,33.93,,-0.0386,0.0602,2.4367,0.01948,0.4766
1296,10625024,2656256,3583,4573.3,34.37,,-0.0373,0.0579,2.4489,0.0175,0.4481
1297,10633216,2658304,3583,4576.0,34.37,,-0.0386,0.0795,2.4125,0.01919,0.485
1298,10641408,2660352,3585,4578.6,34.29,,-0.0403,0.0599,2.4772,0.02116,0.4791
1299,10649600,2662400,3586,4581.3,34.28,,-0.039,0.0748,2.4704,0.01963,0.4761
1300,10657792,2664448,3588,4680.8,34.14,580.6500244140625,-0.0404,0.0803,2.4742,0.02094,0.4701
1301,10665984,2666496,3592,4683.5,34.14,,-0.0315,0.1017,2.4987,0.01554,0.4496
1302,10674176,2668544,3596,4686.1,34.18,,-0.0298,0.1004,2.4212,0.01869,0.451
1303,10682368,2670592,3599,4688.8,34.11,,-0.0336,0.0815,2.3584,0.01705,0.4391
1304,10690560,2672640,3601,4691.5,34.18,,-0.0376,0.0922,2.3875,0.01853,0.4574
1305,10698752,2674688,3603,4694.2,34.24,,-0.037,0.0794,2.3917,0.01924,0.4822
1306,10706944,2676736,3603,4696.8,34.24,,-0.0381,0.0983,2.4787,0.02226,0.4808
1307,10715136,2678784,3605,4699.5,34.15,,-0.0373,0.0918,2.5045,0.02022,0.483
1308,10723328,2680832,3610,4702.2,33.42,,-0.0345,0.076,2.3384,0.01657,0.4718
1309,10731520,2682880,3610,4704.8,33.42,,-0.038,0.0797,2.3947,0.01897,0.4778
1310,10739712,2684928,3614,4707.5,34.04,,-0.0358,0.087,2.3751,0.01815,0.4772
1311,10747904,2686976,3616,4710.2,34.01,,-0.0379,0.0625,2.4242,0.01937,0.4744
1312,10756096,2689024,3617,4712.8,34.01,,-0.0385,0.0722,2.4194,0.02139,0.4951
1313,10764288,2691072,3620,4715.4,34.51,,-0.0356,0.0803,2.5021,0.0191,0.4429
1314,10772480,2693120,3623,4718.0,34.5,,-0.0395,0.0689,2.411,0.02007,0.4779
1315,10780672,2695168,3626,4720.7,34.5,,-0.0353,0.073,2.3529,0.02096,0.4688
1316,10788864,2697216,3628,4723.3,34.31,,-0.0353,0.0683,2.4026,0.01895,0.4523
1317,10797056,2699264,3630,4726.0,34.53,,-0.0366,0.0994,2.3874,0.02094,0.4773
1318,10805248,2701312,3631,4728.6,34.55,,-0.0412,0.0673,2.4445,0.01959,0.4539
1319,10813440,2703360,3634,4731.3,34.08,,-0.0365,0.0896,2.4182,0.02083,0.4771
1320,10821632,2705408,3636,4733.9,34.08,,-0.0349,0.0735,2.3768,0.01692,0.4626
1321,10829824,2707456,3640,4736.6,33.66,,-0.0305,0.066,2.3809,0.01335,0.4218
1322,10838016,2709504,3643,4739.3,33.92,,-0.032,0.0797,2.351,0.01587,0.4408
1323,10846208,2711552,3645,4742.0,33.71,,-0.0356,0.0963,2.3549,0.01746,0.4652
1324,10854400,2713600,3647,4744.6,33.65,,-0.0319,0.0786,2.4084,0.01573,0.441
1325,10862592,2715648,3648,4747.2,33.6,,-0.0369,0.0789,2.4797,0.0187,0.4336
1326,10870784,2717696,3651,4749.9,33.25,,-0.0365,0.0734,2.4267,0.0195,0.4387
1327,10878976,2719744,3653,4752.5,33.4,,-0.0403,0.0568,2.4689,0.01839,0.4602
1328,10887168,2721792,3656,4755.1,33.46,,-0.0401,0.0574,2.4405,0.0214,0.4891
1329,10895360,2723840,3659,4757.8,33.49,,-0.0389,0.0678,2.3811,0.02205,0.4845
1330,10903552,2725888,3661,4760.4,33.48,,-0.0398,0.0693,2.3643,0.01827,0.4757
1331,10911744,2727936,3662,4763.1,33.48,,-0.0396,0.0567,2.4542,0.02063,0.4711
1332,10919936,2729984,3664,4765.7,33.42,,-0.0409,0.0652,2.4621,0.02216,0.4792
1333,10928128,2732032,3667,4768.3,33.48,,-0.0343,0.0857,2.4138,0.02299,0.4838
1334,10936320,2734080,3670,4771.0,33.15,,-0.0341,0.0824,2.3693,0.02222,0.4913
1335,10944512,2736128,3672,4773.7,33.15,,-0.0356,0.0861,2.3543,0.01977,0.4714
1336,10952704,2738176,3672,4776.4,33.15,,-0.0372,0.0851,2.3293,0.02157,0.4775
1337,10960896,2740224,3675,4779.0,33.22,,-0.0393,0.083,2.3777,0.02528,0.4845
1338,10969088,2742272,3677,4781.6,33.0,,-0.0365,0.0779,2.3709,0.02549,0.5103
1339,10977280,2744320,3682,4784.3,32.86,,-0.0356,0.0891,2.3727,0.02252,0.4768
1340,10985472,2746368,3684,4787.0,33.34,,-0.0343,0.0668,2.303,0.01669,0.4386
1341,10993664,2748416,3686,4789.7,33.51,,-0.0366,0.0822,2.3141,0.02003,0.4835
1342,11001856,2750464,3687,4792.3,33.51,,-0.0365,0.0958,2.4107,0.01957,0.4718
1343,11010048,2752512,3690,4794.9,33.54,,-0.04,0.0783,2.4315,0.02516,0.4822
1344,11018240,2754560,3691,4797.6,33.35,,-0.0381,0.0652,2.3818,0.02198,0.4919
1345,11026432,2756608,3694,4800.2,33.54,,-0.0357,0.0837,2.3988,0.02096,0.5006
1346,11034624,2758656,3696,4802.8,33.56,,-0.0397,0.0702,2.3529,0.0225,0.4719
1347,11042816,2760704,3699,4805.5,33.72,,-0.0372,0.0759,2.3492,0.02271,0.5001
1348,11051008,2762752,3703,4808.2,33.88,,-0.0345,0.0629,2.3196,0.02251,0.4963
1349,11059200,2764800,3705,4810.9,33.83,,-0.0327,0.0823,2.3527,0.0169,0.4739
1350,11067392,2766848,3707,4813.5,33.88,,-0.0384,0.0696,2.3801,0.01741,0.4602
1351,11075584,2768896,3709,4816.2,33.96,,-0.0393,0.0637,2.4332,0.01977,0.4795
1352,11083776,2770944,3710,4818.8,33.96,,-0.0374,0.0782,2.417,0.02135,0.4913
1353,11091968,2772992,3711,4821.4,33.76,,-0.0385,0.0566,2.4717,0.02316,0.4878
1354,11100160,2775040,3712,4824.0,33.75,,-0.0384,0.083,2.4546,0.02046,0.4741
1355,11108352,2777088,3715,4826.6,33.49,,-0.0408,0.0659,2.419,0.02006,0.4631
1356,11116544,2779136,3720,4829.3,33.24,,-0.0354,0.0645,2.3433,0.01882,0.4651
1357,11124736,2781184,3720,4832.0,33.24,,-0.0353,0.0832,2.2946,0.01883,0.4652
1358,11132928,2783232,3720,4834.6,33.24,,-0.0385,0.0882,2.3874,0.02011,0.5023
1359,11141120,2785280,3723,4837.2,33.57,,-0.0378,0.087,2.4012,0.02354,0.4763
1360,11149312,2787328,3727,4839.9,33.77,,-0.0376,0.0711,2.4175,0.01972,0.4536
1361,11157504,2789376,3728,4842.6,33.77,,-0.0341,0.0742,2.384,0.01819,0.4614
1362,11165696,2791424,3730,4845.2,34.12,,-0.0376,0.0607,2.3739,0.01913,0.4519
1363,11173888,2793472,3732,4847.9,34.2,,-0.0383,0.0648,2.4151,0.02099,0.4752
1364,11182080,2795520,3734,4850.5,34.14,,-0.0327,0.1043,2.423,0.01771,0.4769
1365,11190272,2797568,3735,4853.1,34.24,,-0.0368,0.0942,2.3603,0.0205,0.4651
1366,11198464,2799616,3736,4855.8,34.24,,-0.0375,0.0851,2.3289,0.02068,0.476
1367,11206656,2801664,3738,4858.4,34.32,,-0.0374,0.0994,2.3704,0.02132,0.4951
1368,11214848,2803712,3743,4861.1,34.33,,-0.0329,0.0982,2.3971,0.01742,0.4489
1369,11223040,2805760,3743,4863.7,34.33,,-0.0403,0.0971,2.4057,0.0204,0.4711
1370,11231232,2807808,3746,4866.4,35.24,,-0.0369,0.0915,2.4309,0.02085,0.4612
1371,11239424,2809856,3747,4869.1,35.69,,-0.0379,0.0787,2.4483,0.0169,0.449
1372,11247616,2811904,3749,4871.7,35.75,,-0.0365,0.0923,2.4812,0.01783,0.4491
1373,11255808,2813952,3751,4874.3,35.65,,-0.0407,0.0685,2.4661,0.02012,0.4786
1374,11264000,2816000,3756,4877.0,36.23,,-0.0385,0.0676,2.419,0.01941,0.4478
1375,11272192,2818048,3758,4879.7,36.24,,-0.0379,0.0634,2.3311,0.02161,0.4578
1376,11280384,2820096,3759,4882.3,36.24,,-0.0421,0.0852,2.3675,0.02093,0.5006
1377,11288576,2822144,3760,4885.0,36.25,,-0.0412,0.0809,2.456,0.02184,0.4786
1378,11296768,2824192,3761,4887.6,36.27,,-0.0399,0.0695,2.5037,0.01941,0.451
1379,11304960,2826240,3762,4890.2,36.23,,-0.0432,0.0686,2.4996,0.0217,0.491
1380,11313152,2828288,3764,4892.8,36.3,,-0.041,0.0634,2.519,0.02299,0.4749
1381,11321344,2830336,3768,4895.4,36.54,,-0.0367,0.0632,2.4598,0.02024,0.4725
1382,11329536,2832384,3772,4898.1,36.74,,-0.0337,0.0748,2.3931,0.02046,0.4954
1383,11337728,2834432,3772,4900.7,36.74,,-0.0352,0.0757,2.3311,0.01932,0.4727
1384,11345920,2836480,3775,4903.4,36.79,,-0.0343,0.084,2.3572,0.02056,0.468
1385,11354112,2838528,3776,4906.1,36.89,,-0.0381,0.0797,2.4363,0.02415,0.4896
1386,11362304,2840576,3778,4908.7,36.91,,-0.0386,0.0942,2.4855,0.02214,0.485
1387,11370496,2842624,3779,4911.3,36.86,,-0.0371,0.0896,2.4831,0.02028,0.4609
1388,11378688,2844672,3781,4913.9,36.57,,-0.0414,0.0702,2.4377,0.02054,0.4874
1389,11386880,2846720,3785,4916.6,36.55,,-0.0369,0.0965,2.4169,0.02043,0.4847
1390,11395072,2848768,3787,4919.3,36.58,,-0.0356,0.0896,2.352,0.02147,0.493
1391,11403264,2850816,3787,4922.0,36.58,,-0.0374,0.0927,2.3793,0.02092,0.484
1392,11411456,2852864,3788,4924.6,36.57,,-0.0419,0.0635,2.4563,0.02308,0.5101
1393,11419648,2854912,3790,4927.2,36.56,,-0.0422,0.0797,2.5178,0.02115,0.4972
1394,11427840,2856960,3793,4929.8,36.95,,-0.0409,0.066,2.4562,0.02052,0.4852
1395,11436032,2859008,3796,4932.4,37.13,,-0.0379,0.0647,2.3902,0.02157,0.4764
1396,11444224,2861056,3800,4935.1,37.44,,-0.0356,0.078,2.3677,0.01947,0.4481
1397,11452416,2863104,3802,4937.8,37.47,,-0.039,0.0773,2.3657,0.02117,0.4683
1398,11460608,2865152,3805,4940.5,37.92,,-0.0389,0.0773,2.3467,0.0207,0.4717
1399,11468800,2867200,3806,4943.1,37.86,,-0.0345,0.0747,2.4179,0.01971,0.4663
1400,11476992,2869248,3806,5084.9,37.86,1078.550048828125,-0.0426,0.0689,2.446,0.02426,0.504
1401,11485184,2871296,3809,5087.5,37.76,,-0.0411,0.0643,2.4805,0.02538,0.4988
1402,11493376,2873344,3811,5090.1,37.74,,-0.0407,0.0505,2.4462,0.02248,0.4801
1403,11501568,2875392,3814,5092.7,37.79,,-0.0378,0.0543,2.4526,0.0207,0.4651
1404,11509760,2877440,3816,5095.3,37.74,,-0.0375,0.0531,2.3997,0.01905,0.4292
1405,11517952,2879488,3821,5098.0,37.78,,-0.0321,0.0582,2.3522,0.01798,0.428
1406,11526144,2881536,3822,5100.7,37.77,,-0.0369,0.0753,2.3208,0.01803,0.4315
1407,11534336,2883584,3825,5103.3,37.15,,-0.0383,0.0747,2.3914,0.01892,0.4392
1408,11542528,2885632,3827,5106.0,37.21,,-0.0361,0.0737,2.3816,0.02119,0.4548
1409,11550720,2887680,3829,5108.6,36.76,,-0.036,0.0791,2.3273,0.02273,0.4868
1410,11558912,2889728,3831,5111.3,36.65,,-0.0373,0.0804,2.2903,0.01995,0.4608
1411,11567104,2891776,3834,5114.0,36.67,,-0.0342,0.0884,2.2453,0.01967,0.4595
1412,11575296,2893824,3837,5116.6,36.55,,-0.0396,0.0594,2.3211,0.02015,0.4946
1413,11583488,2895872,3840,5119.3,36.58,,-0.0378,0.0639,2.2793,0.01811,0.4622
1414,11591680,2897920,3841,5121.9,36.59,,-0.0399,0.0536,2.3617,0.0206,0.4589
1415,11599872,2899968,3844,5124.6,36.41,,-0.0401,0.0518,2.4135,0.01986,0.4646
1416,11608064,2902016,3846,5127.2,35.62,,-0.0386,0.0641,2.3267,0.02036,0.4688
1417,11616256,2904064,3848,5129.8,35.68,,-0.0359,0.0792,2.4084,0.01491,0.4155
1418,11624448,2906112,3851,5132.4,35.75,,-0.036,0.0798,2.3596,0.01954,0.4486
1419,11632640,2908160,3852,5135.1,35.76,,-0.033,0.0641,2.3376,0.02142,0.4658
1420,11640832,2910208,3855,5137.7,35.65,,-0.0361,0.0936,2.3077,0.02122,0.47
1421,11649024,2912256,3856,5140.4,35.01,,-0.0374,0.0798,2.2739,0.02645,0.4906
1422,11657216,2914304,3856,5143.0,35.01,,-0.0434,0.0606,2.3806,0.02305,0.4818
1423,11665408,2916352,3859,5145.6,35.36,,-0.0369,0.0818,2.4294,0.02187,0.4657
1424,11673600,2918400,3861,5148.2,35.32,,-0.036,0.0593,2.4562,0.02065,0.4758
1425,11681792,2920448,3864,5150.9,35.72,,-0.0372,0.0854,2.3724,0.02083,0.4714
1426,11689984,2922496,3866,5153.5,35.8,,-0.035,0.0773,2.2999,0.02127,0.4607
1427,11698176,2924544,3868,5156.2,35.46,,-0.0346,0.075,2.2851,0.01867,0.4602
1428,11706368,2926592,3871,5158.8,35.5,,-0.0371,0.0596,2.308,0.02018,0.4747
1429,11714560,2928640,3873,5161.5,35.74,,-0.0385,0.0744,2.3219,0.02169,0.4871
1430,11722752,2930688,3876,5164.2,35.67,,-0.0343,0.0946,2.2642,0.01903,0.4354
1431,11730944,2932736,3880,5166.9,35.91,,-0.0357,0.073,2.237,0.01824,0.4529
1432,11739136,2934784,3883,5169.5,35.52,,-0.0362,0.0907,2.2327,0.01886,0.4399
1433,11747328,2936832,3884,5172.2,35.44,,-0.0369,0.0959,2.3124,0.02075,0.4917
1434,11755520,2938880,3885,5174.8,35.33,,-0.0394,0.0654,2.3663,0.0226,0.4733
1435,11763712,2940928,3887,5177.4,35.16,,-0.0396,0.0717,2.4363,0.01867,0.4695
1436,11771904,2942976,3888,5180.0,35.17,,-0.0336,0.0923,2.4291,0.01883,0.4535
1437,11780096,2945024,3889,5182.6,35.2,,-0.0375,0.0916,2.4195,0.02197,0.4564
1438,11788288,2947072,3891,5185.2,34.8,,-0.0402,0.0724,2.4351,0.01996,0.4546
1439,11796480,2949120,3895,5187.9,34.71,,-0.0345,0.092,2.3912,0.01968,0.4624
1440,11804672,2951168,3897,5190.6,34.35,,-0.033,0.0858,2.3012,0.02122,0.4712
1441,11812864,2953216,3898,5193.2,34.35,,-0.037,0.0717,2.3438,0.01997,0.4753
1442,11821056,2955264,3899,5195.8,34.4,,-0.0395,0.0928,2.4211,0.02302,0.4822
1443,11829248,2957312,3902,5198.5,34.56,,-0.0386,0.0784,2.4538,0.02557,0.5088
1444,11837440,2959360,3907,5201.2,34.94,,-0.0349,0.0851,2.3954,0.02083,0.4858
1445,11845632,2961408,3908,5203.8,34.92,,-0.0359,0.0629,2.3756,0.02134,0.4624
1446,11853824,2963456,3911,5206.5,34.98,,-0.0383,0.0733,2.3831,0.02285,0.4525
1447,11862016,2965504,3912,5209.2,34.98,,-0.0404,0.0727,2.4434,0.02129,0.4698
1448,11870208,2967552,3914,5211.8,35.65,,-0.0395,0.0848,2.488,0.02103,0.4764
1449,11878400,2969600,3921,5214.5,35.34,,-0.0344,0.0782,2.3927,0.02078,0.4524
1450,11886592,2971648,3922,5217.2,35.35,,-0.034,0.0713,2.2821,0.0176,0.4556
1451,11894784,2973696,3924,5219.9,35.36,,-0.0385,0.0662,2.2521,0.01987,0.4471
1452,11902976,2975744,3925,5222.5,35.42,,-0.0355,0.084,2.3503,0.02295,0.4773
1453,11911168,2977792,3927,5225.2,35.45,,-0.0404,0.0585,2.3661,0.02214,0.4926
1454,11919360,2979840,3928,5227.8,35.54,,-0.0383,0.0642,2.4526,0.02014,0.4651
1455,11927552,2981888,3930,5230.4,35.58,,-0.0412,0.0527,2.5104,0.02031,0.4727
1456,11935744,2983936,3934,5233.0,35.74,,-0.0349,0.0796,2.4702,0.01829,0.4528
1457,11943936,2985984,3937,5235.7,35.85,,-0.035,0.0604,2.3644,0.01764,0.4485
1458,11952128,2988032,3939,5238.4,35.89,,-0.0324,0.0812,2.3208,0.01718,0.448
1459,11960320,2990080,3940,5241.1,35.91,,-0.0428,0.0634,2.3872,0.01955,0.4755
1460,11968512,2992128,3941,5243.7,35.92,,-0.0395,0.0608,2.4859,0.02206,0.4852
1461,11976704,2994176,3944,5246.3,35.81,,-0.0391,0.0536,2.4981,0.0203,0.4788
1462,11984896,2996224,3947,5249.0,36.16,,-0.0348,0.0737,2.4906,0.01403,0.4248
1463,11993088,2998272,3949,5251.7,35.85,,-0.0374,0.0698,2.3717,0.01805,0.4702
1464,12001280,3000320,3950,5254.3,36.21,,-0.036,0.0674,2.421,0.01919,0.4375
1465,12009472,3002368,3953,5257.0,36.29,,-0.0396,0.0902,2.4417,0.01881,0.4557
1466,12017664,3004416,3957,5259.7,36.59,,-0.0358,0.0716,2.4231,0.01796,0.4346
1467,12025856,3006464,3958,5262.3,36.35,,-0.0305,0.0725,2.3479,0.018,0.4565
1468,12034048,3008512,3961,5265.0,36.25,,-0.0378,0.0635,2.3907,0.01917,0.4733
1469,12042240,3010560,3963,5267.7,36.23,,-0.035,0.064,2.3856,0.01887,0.4518
1470,12050432,3012608,3963,5270.3,36.23,,-0.0332,0.1078,2.3925,0.02146,0.502
1471,12058624,3014656,3966,5272.9,35.96,,-0.0374,0.0805,2.3952,0.01811,0.4656
1472,12066816,3016704,3968,5275.6,35.96,,-0.038,0.0737,2.3943,0.01959,0.4657
1473,12075008,3018752,3971,5278.2,35.91,,-0.0388,0.0757,2.3811,0.02232,0.4668
1474,12083200,3020800,3973,5280.8,35.51,,-0.0327,0.0791,2.3934,0.01819,0.4368
1475,12091392,3022848,3977,5283.5,36.04,,-0.0335,0.0624,2.296,0.01681,0.4574
1476,12099584,3024896,3980,5286.2,35.83,,-0.0357,0.0823,2.2842,0.02024,0.4716
1477,12107776,3026944,3981,5288.9,35.89,,-0.0409,0.0809,2.3023,0.02068,0.4578
1478,12115968,3028992,3984,5291.5,36.0,,-0.0427,0.067,2.4043,0.02424,0.4963
1479,12124160,3031040,3986,5294.2,36.04,,-0.0358,0.0665,2.3557,0.01967,0.4801
1480,12132352,3033088,3987,5296.8,36.08,,-0.0346,0.0807,2.3611,0.02072,0.4749
1481,12140544,3035136,3990,5299.5,36.05,,-0.0349,0.0847,2.3701,0.01567,0.4307
1482,12148736,3037184,3992,5302.2,36.04,,-0.0368,0.0632,2.3348,0.01986,0.4677
1483,12156928,3039232,3994,5304.8,35.68,,-0.039,0.0531,2.3551,0.02035,0.4678
1484,12165120,3041280,3995,5307.4,35.75,,-0.0409,0.0582,2.4067,0.02299,0.4717
1485,12173312,3043328,3996,5310.0,35.66,,-0.0373,0.0635,2.4358,0.02331,0.4695
1486,12181504,3045376,3999,5312.7,35.97,,-0.0409,0.057,2.4238,0.0197,0.4705
1487,12189696,3047424,4002,5315.3,36.14,,-0.0345,0.0787,2.3829,0.01873,0.4469
1488,12197888,3049472,4004,5318.0,35.99,,-0.035,0.065,2.3458,0.01832,0.4436
1489,12206080,3051520,4009,5320.7,35.77,,-0.0348,0.0674,2.2761,0.01818,0.4541
1490,12214272,3053568,4010,5323.3,35.74,,-0.0346,0.1069,2.2819,0.01851,0.4531
1491,12222464,3055616,4012,5326.0,35.73,,-0.0372,0.0727,2.2685,0.01654,0.4421
1492,12230656,3057664,4013,5328.7,34.99,,-0.0428,0.0598,2.4246,0.01927,0.4751
1493,12238848,3059712,4014,5331.3,34.98,,-0.0376,0.065,2.4271,0.01863,0.4417
1494,12247040,3061760,4018,5334.0,35.1,,-0.0356,0.0548,2.3621,0.02013,0.4537
1495,12255232,3063808,4020,5336.6,35.71,,-0.0385,0.0701,2.3868,0.01786,0.4447
1496,12263424,3065856,4022,5339.2,35.69,,-0.0316,0.0901,2.3706,0.01842,0.4344
1497,12271616,3067904,4024,5341.9,35.69,,-0.0336,0.1145,2.3028,0.01556,0.434
1498,12279808,3069952,4025,5344.6,35.72,,-0.0396,0.094,2.3456,0.01975,0.4664
1499,12288000,3072000,4026,5347.3,35.96,,-0.0386,0.0898,2.381,0.02076,0.4723
1500,12296192,3074048,4027,5438.1,36.17,602.7000122070312,-0.0393,0.0782,2.4949,0.01976,0.4642
1501,12304384,3076096,4031,5440.7,36.18,,-0.0368,0.0693,2.4583,0.01863,0.4584
1502,12312576,3078144,4031,5443.3,36.18,,-0.0362,0.0731,2.4321,0.01986,0.4702
1503,12320768,3080192,4037,5446.0,36.54,,-0.0373,0.0736,2.3106,0.01893,0.4534
1504,12328960,3082240,4037,5448.7,36.54,,-0.0408,0.068,2.3182,0.02038,0.4677
1505,12337152,3084288,4040,5451.4,36.52,,-0.0408,0.0685,2.413,0.02189,0.4841
1506,12345344,3086336,4042,5454.0,36.89,,-0.0359,0.0673,2.3953,0.01806,0.4237
1507,12353536,3088384,4046,5456.7,37.31,,-0.0386,0.0789,2.3854,0.02032,0.4694
1508,12361728,3090432,4046,5459.4,37.31,,-0.0342,0.0921,2.3545,0.01815,0.4528
1509,12369920,3092480,4050,5462.1,36.47,,-0.0347,0.0766,2.3174,0.01803,0.4459
1510,12378112,3094528,4053,5464.8,36.33,,-0.0336,0.0912,2.3615,0.01898,0.4429
1511,12386304,3096576,4053,5467.5,36.33,,-0.035,0.076,2.4014,0.02162,0.4655
1512,12394496,3098624,4057,5470.2,35.73,,-0.032,0.1056,2.4635,0.01691,0.4072
1513,12402688,3100672,4060,5472.8,35.65,,-0.0345,0.0755,2.3793,0.01629,0.4474
1514,12410880,3102720,4060,5475.4,35.65,,-0.0348,0.0892,2.388,0.01437,0.4108
1515,12419072,3104768,4063,5478.1,36.06,,-0.0396,0.0769,2.3527,0.01598,0.4204
1516,12427264,3106816,4065,5480.8,35.96,,-0.0396,0.0706,2.4166,0.0192,0.4534
1517,12435456,3108864,4067,5483.4,35.94,,-0.0364,0.096,2.4288,0.01907,0.4475
1518,12443648,3110912,4069,5486.1,36.03,,-0.0289,0.0825,2.3728,0.01681,0.455
1519,12451840,3112960,4071,5488.8,36.36,,-0.0359,0.0821,2.3457,0.01955,0.4666
1520,12460032,3115008,4073,5491.4,36.43,,-0.0394,0.0809,2.3855,0.02189,0.4672
1521,12468224,3117056,4075,5494.1,36.42,,-0.0389,0.0712,2.4166,0.02192,0.4547
1522,12476416,3119104,4078,5496.7,36.07,,-0.0374,0.0652,2.4449,0.02113,0.4449
1523,12484608,3121152,4080,5499.4,36.11,,-0.0341,0.0761,2.3945,0.01894,0.4424
1524,12492800,3123200,4084,5502.0,36.05,,-0.0335,0.0847,2.4418,0.01606,0.4268
1525,12500992,3125248,4085,5504.7,35.96,,-0.0317,0.0754,2.3817,0.01481,0.4342
1526,12509184,3127296,4087,5507.3,35.98,,-0.037,0.0967,2.4289,0.01689,0.4352
1527,12517376,3129344,4091,5510.1,36.37,,-0.034,0.0867,2.3183,0.01982,0.4685
1528,12525568,3131392,4091,5512.8,36.37,,-0.0381,0.0826,2.3397,0.01863,0.4598
1529,12533760,3133440,4094,5515.4,36.42,,-0.0367,0.0902,2.3444,0.01745,0.4611
1530,12541952,3135488,4095,5518.1,36.4,,-0.0425,0.0709,2.4605,0.0242,0.4891
1531,12550144,3137536,4096,5520.7,36.45,,-0.0343,0.0866,2.4658,0.01664,0.4534
1532,12558336,3139584,4098,5523.3,36.09,,-0.0362,0.081,2.5039,0.01834,0.4446
1533,12566528,3141632,4101,5526.0,36.09,,-0.0359,0.0536,2.424,0.01871,0.4547
1534,12574720,3143680,4105,5528.7,36.0,,-0.0373,0.0686,2.3301,0.01929,0.4561
1535,12582912,3145728,4107,5531.4,36.39,,-0.0374,0.0798,2.3793,0.01846,0.4503
1536,12591104,3147776,4109,5534.0,36.38,,-0.0417,0.0863,2.3868,0.01777,0.4357
1537,12599296,3149824,4111,5536.7,36.4,,-0.0404,0.0692,2.375,0.01719,0.4757
1538,12607488,3151872,4112,5539.3,36.74,,-0.0399,0.0563,2.4568,0.01891,0.462
1539,12615680,3153920,4115,5542.0,36.71,,-0.0376,0.0581,2.3864,0.01809,0.45
1540,12623872,3155968,4117,5544.6,36.72,,-0.0405,0.0496,2.4526,0.0204,0.4736
1541,12632064,3158016,4119,5547.3,36.35,,-0.0359,0.0635,2.4393,0.01884,0.4624
1542,12640256,3160064,4121,5549.9,36.29,,-0.0358,0.0909,2.3844,0.01886,0.4509
1543,12648448,3162112,4125,5552.6,36.25,,-0.0382,0.0558,2.3423,0.01748,0.4667
1544,12656640,3164160,4125,5555.3,36.25,,-0.0393,0.0745,2.409,0.01732,0.4559
1545,12664832,3166208,4128,5557.9,35.81,,-0.0384,0.068,2.4097,0.01967,0.4489
1546,12673024,3168256,4128,5560.5,35.81,,-0.0393,0.0584,2.4758,0.01837,0.4487
1547,12681216,3170304,4133,5563.2,36.35,,-0.0374,0.0884,2.4203,0.01902,0.4628
1548,12689408,3172352,4134,5565.9,36.35,,-0.0367,0.0485,2.3852,0.01988,0.4717
1549,12697600,3174400,4137,5568.5,35.97,,-0.0356,0.069,2.3395,0.01835,0.4343
1550,12705792,3176448,4139,5571.2,36.05,,-0.0329,0.0745,2.3922,0.01905,0.4401
1551,12713984,3178496,4142,5573.9,35.73,,-0.0393,0.0671,2.3589,0.02132,0.4803
1552,12722176,3180544,4143,5576.6,35.71,,-0.0402,0.0574,2.3153,0.02267,0.4834
1553,12730368,3182592,4145,5579.2,35.74,,-0.0379,0.0673,2.415,0.02017,0.4564
1554,12738560,3184640,4147,5581.8,35.82,,-0.0368,0.087,2.4368,0.02132,0.4863
1555,12746752,3186688,4150,5584.5,35.88,,-0.0311,0.074,2.3706,0.02082,0.4614
1556,12754944,3188736,4152,5587.2,35.95,,-0.0335,0.0812,2.305,0.01687,0.4338
1557,12763136,3190784,4153,5589.8,35.95,,-0.0376,0.085,2.3596,0.01999,0.4598
1558,12771328,3192832,4157,5592.5,36.21,,-0.0365,0.0743,2.3723,0.01855,0.4501
1559,12779520,3194880,4160,5595.2,36.56,,-0.0381,0.0647,2.3819,0.02056,0.4692
1560,12787712,3196928,4161,5597.9,36.21,,-0.0388,0.0717,2.3479,0.0225,0.4756
1561,12795904,3198976,4162,5600.5,36.16,,-0.0409,0.0731,2.3844,0.02268,0.4985
1562,12804096,3201024,4165,5603.2,36.45,,-0.0366,0.0752,2.4117,0.02167,0.4763
1563,12812288,3203072,4166,5605.8,36.48,,-0.0385,0.0708,2.3955,0.02215,0.49
1564,12820480,3205120,4167,5608.5,36.45,,-0.0434,0.0707,2.4582,0.02227,0.489
1565,12828672,3207168,4170,5611.1,36.59,,-0.0362,0.0847,2.4469,0.01952,0.4568
1566,12836864,3209216,4175,5613.8,36.62,,-0.0354,0.0712,2.3265,0.01911,0.4512
1567,12845056,3211264,4177,5616.5,36.6,,-0.0374,0.0768,2.2769,0.02205,0.4669
1568,12853248,3213312,4179,5619.2,36.65,,-0.0371,0.0769,2.2923,0.02105,0.4786
1569,12861440,3215360,4180,5621.8,36.64,,-0.0358,0.0774,2.3579,0.01814,0.4432
1570,12869632,3217408,4181,5624.5,36.61,,-0.0375,0.0597,2.3757,0.01689,0.4359
1571,12877824,3219456,4182,5627.1,36.62,,-0.0397,0.083,2.445,0.02085,0.4631
1572,12886016,3221504,4185,5629.7,36.72,,-0.0412,0.0825,2.4693,0.02246,0.4863
1573,12894208,3223552,4187,5632.3,36.75,,-0.0404,0.0768,2.4597,0.01954,0.4666
1574,12902400,3225600,4190,5634.9,36.29,,-0.037,0.0726,2.409,0.01984,0.48
1575,12910592,3227648,4193,5637.6,36.37,,-0.0357,0.068,2.4023,0.02048,0.4628
1576,12918784,3229696,4194,5640.3,36.7,,-0.0371,0.0853,2.3116,0.01896,0.4657
1577,12926976,3231744,4196,5643.0,36.69,,-0.0397,0.0887,2.3803,0.02005,0.4664
1578,12935168,3233792,4196,5645.7,36.69,,-0.0391,0.0718,2.4689,0.02064,0.4648
1579,12943360,3235840,4197,5648.3,37.2,,-0.034,0.0662,2.4952,0.01867,0.4517
1580,12951552,3237888,4200,5650.9,37.38,,-0.038,0.0963,2.4758,0.02004,0.4635
1581,12959744,3239936,4203,5653.6,37.01,,-0.0376,0.0812,2.4303,0.01917,0.4612
1582,12967936,3241984,4205,5656.3,37.06,,-0.0356,0.0732,2.2965,0.01626,0.4205
1583,12976128,3244032,4206,5659.0,37.07,,-0.0393,0.0656,2.3472,0.01956,0.4683
1584,12984320,3246080,4208,5661.6,36.75,,-0.0411,0.0741,2.4014,0.02179,0.506
1585,12992512,3248128,4209,5664.2,37.05,,-0.0439,0.0602,2.4655,0.02043,0.4747
1586,13000704,3250176,4210,5666.8,37.04,,-0.0423,0.0676,2.4634,0.02229,0.4899
1587,13008896,3252224,4213,5669.4,37.18,,-0.0412,0.0706,2.5094,0.02188,0.4692
1588,13017088,3254272,4217,5672.1,37.55,,-0.0377,0.0826,2.4002,0.01819,0.4648
1589,13025280,3256320,4218,5674.8,37.56,,-0.0367,0.0755,2.3632,0.01879,0.4535
1590,13033472,3258368,4220,5677.4,37.61,,-0.0379,0.1001,2.3453,0.01599,0.4242
1591,13041664,3260416,4223,5680.1,37.62,,-0.0391,0.0716,2.3885,0.02157,0.4735
1592,13049856,3262464,4223,5682.8,37.62,,-0.0412,0.0747,2.41,0.01915,0.4637
1593,13058048,3264512,4226,5685.4,38.62,,-0.0371,0.0805,2.4445,0.01943,0.4541
1594,13066240,3266560,4230,5688.1,38.63,,-0.0409,0.0651,2.4015,0.02235,0.4757
1595,13074432,3268608,4233,5690.8,38.04,,-0.0394,0.0684,2.3398,0.01822,0.4578
1596,13082624,3270656,4233,5693.5,38.04,,-0.0406,0.0766,2.2875,0.01962,0.4526
1597,13090816,3272704,4233,5696.1,38.04,,-0.0377,0.0969,2.4199,0.02327,0.5026
1598,13099008,3274752,4236,5698.7,38.05,,-0.039,0.0816,2.5223,0.02256,0.4708
1599,13107200,3276800,4240,5701.4,37.92,,-0.0395,0.0667,2.3809,0.02173,0.464
1600,13115392,3278848,4240,5791.3,37.92,614.4000244140625,-0.0377,0.0618,2.3007,0.01929,0.4536
1601,13123584,3280896,4243,5793.9,38.19,,-0.0349,0.0837,2.2679,0.02276,0.4828
1602,13131776,3282944,4247,5796.6,37.83,,-0.0366,0.0567,2.3827,0.01985,0.478
1603,13139968,3284992,4247,5799.3,37.83,,-0.0381,0.0755,2.2722,0.0203,0.4873
1604,13148160,3287040,4247,5801.9,37.83,,-0.0428,0.065,2.3616,0.02574,0.4983
1605,13156352,3289088,4249,5804.5,38.14,,-0.0428,0.06,2.5129,0.02387,0.4874
1606,13164544,3291136,4253,5807.1,38.59,,-0.0333,0.074,2.4647,0.01978,0.4613
1607,13172736,3293184,4255,5809.7,38.67,,-0.0319,0.0794,2.2897,0.02009,0.4431
1608,13180928,3295232,4258,5812.4,38.73,,-0.0288,0.1016,2.2138,0.01777,0.4331
1609,13189120,3297280,4260,5815.1,38.38,,-0.0343,0.097,2.2002,0.01999,0.4666
1610,13197312,3299328,4262,5817.8,38.59,,-0.035,0.0978,2.2693,0.01789,0.4375
1611,13205504,3301376,4263,5820.4,38.57,,-0.0396,0.0774,2.3148,0.0252,0.4662
1612,13213696,3303424,4265,5823.1,38.24,,-0.0396,0.0703,2.4008,0.01905,0.4771
1613,13221888,3305472,4266,5825.7,38.21,,-0.0407,0.0604,2.3682,0.02252,0.4833
1614,13230080,3307520,4269,5828.3,38.62,,-0.0315,0.0986,2.4148,0.01986,0.4636
1615,13238272,3309568,4272,5830.9,38.35,,-0.0377,0.0623,2.3693,0.02086,0.4843
1616,13246464,3311616,4276,5833.6,38.68,,-0.0367,0.0609,2.263,0.0187,0.4775
1617,13254656,3313664,4276,5836.3,38.68,,-0.035,0.0517,2.2825,0.02109,0.4729
1618,13262848,3315712,4278,5839.0,38.68,,-0.0421,0.065,2.2866,0.02128,0.4706
1619,13271040,3317760,4281,5841.6,38.62,,-0.04,0.0629,2.3914,0.02345,0.481
1620,13279232,3319808,4282,5844.2,38.98,,-0.0373,0.0566,2.3513,0.02099,0.4681
1621,13287424,3321856,4285,5846.8,39.01,,-0.0315,0.0974,2.292,0.0215,0.4513
1622,13295616,3323904,4285,5849.5,39.01,,-0.0377,0.0713,2.2936,0.02238,0.4907
1623,13303808,3325952,4287,5852.1,38.97,,-0.0359,0.0975,2.3035,0.019,0.4401
1624,13312000,3328000,4289,5854.7,38.93,,-0.0392,0.0828,2.3492,0.02278,0.4569
1625,13320192,3330048,4289,5857.3,38.93,,-0.0354,0.0945,2.3295,0.02197,0.4703
1626,13328384,3332096,4292,5860.0,38.96,,-0.0392,0.0728,2.3264,0.02172,0.4943
1627,13336576,3334144,4294,5862.6,38.98,,-0.0407,0.063,2.3221,0.02301,0.4786
1628,13344768,3336192,4297,5865.3,38.91,,-0.0392,0.0552,2.3109,0.02138,0.467
1629,13352960,3338240,4298,5867.9,38.58,,-0.0403,0.0496,2.3082,0.02002,0.4535
1630,13361152,3340288,4301,5870.5,38.98,,-0.0372,0.0923,2.2995,0.02088,0.4579
1631,13369344,3342336,4302,5873.2,39.36,,-0.0383,0.064,2.3965,0.0227,0.4661
1632,13377536,3344384,4303,5875.8,39.37,,-0.0379,0.0857,2.3124,0.02363,0.4701
1633,13385728,3346432,4305,5878.4,39.34,,-0.0392,0.0672,2.4643,0.02124,0.4578
1634,13393920,3348480,4308,5881.0,39.96,,-0.0329,0.0952,2.3317,0.01936,0.4489
1635,13402112,3350528,4309,5883.7,39.67,,-0.0396,0.0731,2.3224,0.01858,0.452
1636,13410304,3352576,4310,5886.3,39.7,,-0.0368,0.066,2.3616,0.02141,0.4491
1637,13418496,3354624,4312,5888.9,39.32,,-0.0428,0.0551,2.4086,0.02209,0.4963
1638,13426688,3356672,4315,5891.6,39.68,,-0.0411,0.0646,2.4487,0.02157,0.4916
1639,13434880,3358720,4315,5894.2,39.68,,-0.0414,0.0503,2.4418,0.02232,0.4752
1640,13443072,3360768,4320,5896.8,39.32,,-0.0382,0.0672,2.3536,0.02139,0.474
1641,13451264,3362816,4323,5899.5,39.98,,-0.0357,0.0636,2.2569,0.01848,0.4525
1642,13459456,3364864,4324,5902.2,39.65,,-0.0375,0.0597,2.3017,0.01883,0.4551
1643,13467648,3366912,4326,5904.8,38.99,,-0.0424,0.0568,2.4021,0.02125,0.4802
1644,13475840,3368960,4328,5907.5,39.0,,-0.0414,0.0639,2.4297,0.02082,0.4727
1645,13484032,3371008,4329,5910.1,39.01,,-0.0392,0.0623,2.4351,0.02074,0.4829
1646,13492224,3373056,4332,5912.7,39.0,,-0.0396,0.0691,2.4979,0.02188,0.4747
1647,13500416,3375104,4336,5915.4,38.94,,-0.0351,0.073,2.3491,0.0167,0.4374
1648,13508608,3377152,4338,5918.1,39.08,,-0.0348,0.0699,2.3079,0.01725,0.4569
1649,13516800,3379200,4343,5920.8,38.94,,-0.0327,0.0762,2.2905,0.01804,0.448
1650,13524992,3381248,4345,5923.5,38.78,,-0.0373,0.078,2.3555,0.01799,0.4384
1651,13533184,3383296,4345,5926.1,38.78,,-0.0367,0.0715,2.3485,0.02059,0.4651
1652,13541376,3385344,4347,5928.7,38.83,,-0.0411,0.0729,2.4567,0.02227,0.4772
1653,13549568,3387392,4348,5931.3,38.84,,-0.0425,0.0506,2.4625,0.021,0.4846
1654,13557760,3389440,4351,5934.0,38.07,,-0.0389,0.0612,2.4526,0.02042,0.474
1655,13565952,3391488,4354,5936.6,38.02,,-0.0322,0.0759,2.3647,0.01842,0.4473
1656,13574144,3393536,4357,5939.3,37.99,,-0.0357,0.0551,2.296,0.01994,0.4718
1657,13582336,3395584,4359,5942.0,38.22,,-0.0389,0.0767,2.3714,0.02053,0.4595
1658,13590528,3397632,4361,5944.6,37.93,,-0.0369,0.064,2.3475,0.02376,0.4741
1659,13598720,3399680,4361,5947.2,37.93,,-0.0415,0.0672,2.4272,0.01936,0.4559
1660,13606912,3401728,4365,5949.9,38.03,,-0.0379,0.0732,2.4038,0.01996,0.4629
1661,13615104,3403776,4368,5952.5,38.02,,-0.0361,0.0655,2.3227,0.02265,0.4575
1662,13623296,3405824,4369,5955.1,37.64,,-0.0367,0.0873,2.3688,0.01948,0.46
1663,13631488,3407872,4372,5957.8,37.38,,-0.0364,0.0797,2.3722,0.01718,0.4412
1664,13639680,3409920,4376,5960.4,37.04,,-0.0405,0.0515,2.3103,0.0212,0.4791
1665,13647872,3411968,4376,5963.1,37.04,,-0.0388,0.0625,2.3797,0.02079,0.4839
1666,13656064,3414016,4379,5965.7,36.99,,-0.0401,0.0748,2.3557,0.02161,0.4647
1667,13664256,3416064,4383,5968.4,36.74,,-0.0382,0.0592,2.3355,0.02102,0.4707
1668,13672448,3418112,4383,5971.0,36.74,,-0.0389,0.0633,2.3337,0.02125,0.4907
1669,13680640,3420160,4385,5973.6,37.09,,-0.0411,0.0513,2.3945,0.02463,0.4949
1670,13688832,3422208,4387,5976.2,37.11,,-0.0363,0.0889,2.4123,0.02216,0.4736
1671,13697024,3424256,4389,5978.8,37.13,,-0.0352,0.0745,2.3714,0.02167,0.4633
1672,13705216,3426304,4391,5981.5,37.11,,-0.0385,0.0668,2.247,0.02103,0.4766
1673,13713408,3428352,4396,5984.2,36.73,,-0.0353,0.0661,2.3064,0.02036,0.4735
1674,13721600,3430400,4397,5986.8,36.39,,-0.0391,0.0705,2.2656,0.02134,0.469
1675,13729792,3432448,4398,5989.5,36.4,,-0.0415,0.0613,2.3217,0.02173,0.4584
1676,13737984,3434496,4398,5992.0,36.4,,-0.0406,0.0729,2.4525,0.02317,0.4987
1677,13746176,3436544,4400,5994.6,36.43,,-0.0397,0.0601,2.4395,0.02147,0.4553
1678,13754368,3438592,4403,5997.2,36.08,,-0.0354,0.1066,2.3367,0.02202,0.4856
1679,13762560,3440640,4405,5999.9,36.06,,-0.0341,0.0885,2.3155,0.01994,0.4436
1680,13770752,3442688,4408,6002.6,35.38,,-0.0321,0.1058,2.2345,0.01665,0.4387
1681,13778944,3444736,4410,6005.3,35.96,,-0.039,0.0787,2.2488,0.01877,0.4664
1682,13787136,3446784,4410,6007.9,35.96,,-0.042,0.0732,2.357,0.02345,0.4719
1683,13795328,3448832,4410,6010.4,35.96,,-0.0444,0.0647,2.5093,0.02308,0.5005
1684,13803520,3450880,4413,6013.0,35.92,,-0.0382,0.0463,2.5073,0.02194,0.4706
1685,13811712,3452928,4417,6015.6,36.59,,-0.0315,0.0777,2.357,0.02267,0.4752
1686,13819904,3454976,4420,6018.3,36.91,,-0.0329,0.0917,2.2716,0.01642,0.4376
1687,13828096,3457024,4422,6021.0,36.55,,-0.037,0.1124,2.1948,0.02132,0.4714
1688,13836288,3459072,4422,6023.7,36.55,,-0.0388,0.0914,2.299,0.02084,0.4655
1689,13844480,3461120,4423,6026.3,36.23,,-0.0443,0.0853,2.3919,0.02247,0.5016
1690,13852672,3463168,4423,6028.9,36.23,,-0.0403,0.081,2.4663,0.0245,0.4844
1691,13860864,3465216,4426,6031.5,36.93,,-0.0391,0.0687,2.426,0.02166,0.4836
1692,13869056,3467264,4429,6034.1,36.9,,-0.0354,0.0991,2.3902,0.02159,0.4775
1693,13877248,3469312,4431,6036.8,36.87,,-0.0388,0.0643,2.3208,0.02404,0.4825
1694,13885440,3471360,4434,6039.4,37.6,,-0.0348,0.0632,2.3352,0.01929,0.4753
1695,13893632,3473408,4435,6042.1,37.59,,-0.0391,0.0684,2.3909,0.01751,0.449
1696,13901824,3475456,4436,6044.7,37.62,,-0.0377,0.1023,2.4426,0.01917,0.4622
1697,13910016,3477504,4437,6047.3,37.61,,-0.0406,0.0687,2.452,0.02215,0.4851
1698,13918208,3479552,4441,6050.0,38.04,,-0.0361,0.0804,2.361,0.02057,0.4901
1699,13926400,3481600,4445,6052.6,38.88,,-0.0306,0.0851,2.3914,0.01658,0.4521
1700,13934592,3483648,4446,6156.7,38.8,666.5,-0.0348,0.1045,2.3222,0.01898,0.4548
1701,13942784,3485696,4446,6159.3,38.8,,-0.0356,0.0991,2.4097,0.01943,0.4486
1702,13950976,3487744,4448,6162.0,38.76,,-0.0411,0.0844,2.3801,0.01848,0.4563
1703,13959168,3489792,4450,6164.7,38.73,,-0.0394,0.0963,2.3908,0.0203,0.4557
1704,13967360,3491840,4454,6167.4,38.98,,-0.0364,0.0965,2.3879,0.02009,0.4581
1705,13975552,3493888,4456,6170.0,38.93,,-0.0396,0.0779,2.4112,0.01913,0.441
1706,13983744,3495936,4459,6172.7,38.94,,-0.0351,0.0816,2.3711,0.01734,0.4622
1707,13991936,3497984,4462,6175.3,39.31,,-0.0404,0.0649,2.3789,0.01818,0.4586
1708,14000128,3500032,4462,6178.0,39.31,,-0.038,0.118,2.4636,0.01909,0.4541
1709,14008320,3502080,4463,6180.6,39.31,,-0.0375,0.0638,2.5405,0.01779,0.444
1710,14016512,3504128,4467,6183.2,39.36,,-0.0405,0.0679,2.4265,0.01692,0.4523
1711,14024704,3506176,4469,6185.9,39.35,,-0.0396,0.073,2.4046,0.01888,0.4733
1712,14032896,3508224,4472,6188.5,39.29,,-0.0398,0.0709,2.4461,0.01676,0.4482
1713,14041088,3510272,4472,6191.1,39.29,,-0.0404,0.0746,2.4351,0.0206,0.4667
1714,14049280,3512320,4474,6193.8,39.28,,-0.041,0.0669,2.4878,0.01994,0.4653
1715,14057472,3514368,4478,6196.4,39.7,,-0.0332,0.0844,2.4001,0.01636,0.4442
1716,14065664,3516416,4478,6199.0,39.7,,-0.0415,0.0724,2.437,0.02055,0.4647
1717,14073856,3518464,4480,6201.7,39.72,,-0.0408,0.0806,2.439,0.01957,0.4725
1718,14082048,3520512,4483,6204.3,39.71,,-0.0367,0.0863,2.3875,0.02131,0.4623
1719,14090240,3522560,4486,6207.0,39.23,,-0.0351,0.0591,2.3896,0.01877,0.4612
1720,14098432,3524608,4490,6209.7,39.56,,-0.0369,0.0647,2.2955,0.01808,0.457
1721,14106624,3526656,4493,6212.4,39.44,,-0.037,0.0776,2.3605,0.01838,0.467
1722,14114816,3528704,4493,6215.0,39.44,,-0.0383,0.0688,2.3815,0.0178,0.4473
1723,14123008,3530752,4496,6217.6,39.78,,-0.0404,0.0741,2.4267,0.0206,0.4634
1724,14131200,3532800,4498,6220.2,39.8,,-0.0394,0.0452,2.3778,0.0208,0.4841
1725,14139392,3534848,4500,6222.8,39.78,,-0.037,0.0897,2.4083,0.01944,0.4521
1726,14147584,3536896,4502,6225.5,39.41,,-0.0386,0.0623,2.367,0.02102,0.499
1727,14155776,3538944,4507,6228.2,39.41,,-0.0331,0.0646,2.3129,0.01541,0.4167
1728,14163968,3540992,4507,6230.8,39.41,,-0.0328,0.0826,2.3489,0.0174,0.4617
1729,14172160,3543040,4508,6233.5,39.45,,-0.0374,0.0719,2.4125,0.01774,0.4723
1730,14180352,3545088,4512,6236.1,38.78,,-0.0379,0.0767,2.4159,0.02079,0.4602
1731,14188544,3547136,4518,6238.8,37.47,,-0.0244,0.0904,2.2453,0.0129,0.3884
1732,14196736,3549184,4519,6241.5,37.59,,-0.0281,0.0942,2.2573,0.01506,0.4279
1733,14204928,3551232,4520,6244.2,37.59,,-0.0336,0.0837,2.3732,0.01736,0.4583
1734,14213120,3553280,4522,6246.8,37.59,,-0.0379,0.0757,2.434,0.01955,0.464
1735,14221312,3555328,4524,6249.4,37.61,,-0.0396,0.0569,2.4462,0.01955,0.4583
1736,14229504,3557376,4527,6252.0,36.76,,-0.0379,0.0653,2.4159,0.01927,0.4692
1737,14237696,3559424,4531,6254.7,36.68,,-0.0342,0.0764,2.3697,0.01853,0.4438
1738,14245888,3561472,4535,6257.4,35.98,,-0.0345,0.0628,2.2755,0.0173,0.4615
1739,14254080,3563520,4536,6260.1,35.95,,-0.0355,0.081,2.2975,0.0168,0.4386
1740,14262272,3565568,4539,6262.8,35.38,,-0.0382,0.0823,2.3545,0.01938,0.4918
1741,14270464,3567616,4539,6265.5,35.38,,-0.0406,0.0697,2.4125,0.01988,0.4802
1742,14278656,3569664,4540,6268.1,35.29,,-0.0414,0.0822,2.4382,0.02376,0.4958
1743,14286848,3571712,4542,6270.6,34.95,,-0.0418,0.048,2.4645,0.02528,0.5013
1744,14295040,3573760,4549,6273.3,34.53,,-0.0353,0.0728,2.2782,0.02003,0.4758
1745,14303232,3575808,4551,6276.0,34.32,,-0.0336,0.0534,2.148,0.01987,0.4697
1746,14311424,3577856,4552,6278.7,34.41,,-0.0364,0.0827,2.2711,0.01689,0.4518
1747,14319616,3579904,4552,6281.3,34.41,,-0.0371,0.089,2.4179,0.02092,0.4658
1748,14327808,3581952,4555,6284.0,34.34,,-0.0381,0.0725,2.4033,0.01743,0.4434
1749,14336000,3584000,4556,6286.6,34.73,,-0.0425,0.0598,2.3973,0.02151,0.4629
1750,14344192,3586048,4561,6289.2,34.0,,-0.0349,0.0577,2.285,0.01895,0.4592
1751,14352384,3588096,4564,6291.9,34.02,,-0.0367,0.0577,2.2803,0.02142,0.4698
1752,14360576,3590144,4566,6294.5,34.08,,-0.0352,0.063,2.2991,0.01919,0.4426
1753,14368768,3592192,4569,6297.2,34.45,,-0.0391,0.0668,2.2034,0.0237,0.4954
1754,14376960,3594240,4569,6299.9,34.45,,-0.0419,0.06,2.3711,0.02381,0.4852
1755,14385152,3596288,4572,6302.5,34.4,,-0.0426,0.0699,2.3755,0.0237,0.4882
1756,14393344,3598336,4573,6305.1,34.39,,-0.041,0.0502,2.3733,0.02451,0.5076
1757,14401536,3600384,4576,6307.7,33.97,,-0.0373,0.0457,2.4086,0.02215,0.4823
1758,14409728,3602432,4583,6310.4,33.97,,-0.0329,0.0612,2.188,0.01771,0.4452
1759,14417920,3604480,4583,6313.1,33.97,,-0.0382,0.05,2.195,0.01962,0.4918
1760,14426112,3606528,4586,6315.8,34.01,,-0.0389,0.0688,2.2291,0.02208,0.4803
1761,14434304,3608576,4587,6318.5,33.65,,-0.0399,0.0603,2.3484,0.02298,0.4769
1762,14442496,3610624,4588,6321.1,33.66,,-0.0413,0.0563,2.4278,0.02506,0.4979
1763,14450688,3612672,4589,6323.7,33.67,,-0.0327,0.0914,2.4465,0.02357,0.5059
1764,14458880,3614720,4592,6326.3,33.61,,-0.0403,0.0551,2.4182,0.02354,0.4771
1765,14467072,3616768,4595,6329.0,33.71,,-0.0317,0.1053,2.3304,0.01913,0.4573
1766,14475264,3618816,4598,6331.6,33.3,,-0.0367,0.0854,2.2737,0.0196,0.4552
1767,14483456,3620864,4599,6334.3,33.31,,-0.04,0.0708,2.2612,0.02155,0.4768
1768,14491648,3622912,4601,6337.0,33.31,,-0.0399,0.0677,2.2928,0.0226,0.4786
1769,14499840,3624960,4601,6339.6,33.31,,-0.0437,0.0706,2.4382,0.02485,0.4968
1770,14508032,3627008,4603,6342.2,33.73,,-0.0401,0.0602,2.4318,0.02339,0.4641
1771,14516224,3629056,4607,6344.8,33.71,,-0.0402,0.0574,2.4184,0.0263,0.4885
1772,14524416,3631104,4611,6347.4,34.08,,-0.0261,0.0689,2.2596,0.01488,0.4193
1773,14532608,3633152,4614,6350.1,33.74,,-0.0302,0.057,2.2678,0.01443,0.4156
1774,14540800,3635200,4617,6352.8,34.23,,-0.0348,0.0669,2.194,0.02173,0.4752
1775,14548992,3637248,4617,6355.5,34.23,,-0.0386,0.0613,2.2766,0.02513,0.4895
1776,14557184,3639296,4617,6358.1,34.23,,-0.0411,0.0585,2.445,0.02555,0.4949
1777,14565376,3641344,4619,6360.6,34.24,,-0.0392,0.0537,2.5406,0.0233,0.4708
1778,14573568,3643392,4621,6363.2,34.27,,-0.037,0.0641,2.4441,0.02127,0.5059
1779,14581760,3645440,4627,6365.9,34.37,,-0.0334,0.0463,2.2465,0.02012,0.4583
1780,14589952,3647488,4629,6368.6,34.65,,-0.034,0.0902,2.2935,0.01775,0.4578
1781,14598144,3649536,4631,6371.3,34.69,,-0.0372,0.0923,2.3246,0.01954,0.4618
1782,14606336,3651584,4632,6373.9,34.67,,-0.0414,0.0662,2.3433,0.02332,0.4805
1783,14614528,3653632,4633,6376.6,34.67,,-0.0403,0.0668,2.4353,0.02289,0.4944
1784,14622720,3655680,4635,6379.2,34.61,,-0.0411,0.0706,2.3807,0.02247,0.4795
1785,14630912,3657728,4637,6381.9,34.57,,-0.0369,0.059,2.3987,0.02123,0.4805
1786,14639104,3659776,4640,6384.5,34.78,,-0.0372,0.057,2.326,0.01877,0.4679
1787,14647296,3661824,4640,6387.1,34.78,,-0.0378,0.0908,2.3749,0.02075,0.4706
1788,14655488,3663872,4642,6389.8,35.16,,-0.0388,0.0927,2.3631,0.02373,0.5009
1789,14663680,3665920,4644,6392.4,35.19,,-0.0396,0.0665,2.3876,0.01982,0.4528
1790,14671872,3667968,4647,6395.0,35.12,,-0.0363,0.0831,2.336,0.01846,0.4615
1791,14680064,3670016,4649,6397.7,35.14,,-0.0384,0.071,2.2833,0.02061,0.472
1792,14688256,3672064,4650,6400.3,35.52,,-0.042,0.0687,2.4066,0.0224,0.4969
1793,14696448,3674112,4655,6403.0,36.33,,-0.0366,0.0801,2.2908,0.02034,0.4592
1794,14704640,3676160,4657,6405.6,36.03,,-0.0371,0.0644,2.3212,0.01918,0.4669
1795,14712832,3678208,4658,6408.3,36.04,,-0.0387,0.0658,2.3574,0.02078,0.4576
1796,14721024,3680256,4659,6410.9,36.01,,-0.0384,0.0664,2.3722,0.02114,0.481
1797,14729216,3682304,4662,6413.5,36.03,,-0.0416,0.0571,2.4289,0.02368,0.498
1798,14737408,3684352,4664,6416.1,36.03,,-0.038,0.0572,2.3456,0.02294,0.4629
1799,14745600,3686400,4667,6418.7,36.03,,-0.0375,0.0611,2.3067,0.01862,0.455
1800,14753792,3688448,4668,6513.4,36.0,732.9500122070312,-0.0345,0.0795,2.3915,0.01938,0.4774
1801,14761984,3690496,4670,6516.0,36.07,,-0.0402,0.0686,2.3064,0.02083,0.4786
1802,14770176,3692544,4673,6518.7,36.28,,-0.0358,0.1164,2.3201,0.02103,0.4584
1803,14778368,3694592,4675,6521.4,36.36,,-0.038,0.069,2.2819,0.01998,0.4657
1804,14786560,3696640,4678,6524.1,36.59,,-0.0377,0.0761,2.2793,0.01821,0.4658
1805,14794752,3698688,4681,6526.7,36.54,,-0.0405,0.0642,2.2975,0.02367,0.4806
1806,14802944,3700736,4681,6529.3,36.54,,-0.0392,0.0518,2.3056,0.02279,0.4913
1807,14811136,3702784,4682,6532.0,36.54,,-0.0409,0.0514,2.4337,0.02129,0.4707
1808,14819328,3704832,4685,6534.6,36.62,,-0.0356,0.0857,2.438,0.02384,0.499
1809,14827520,3706880,4687,6537.2,36.98,,-0.0345,0.0954,2.3939,0.02293,0.4822
1810,14835712,3708928,4689,6539.9,37.01,,-0.0339,0.066,2.2379,0.01866,0.4543
1811,14843904,3710976,4690,6542.5,36.99,,-0.0404,0.0606,2.3628,0.0193,0.475
1812,14852096,3713024,4693,6545.2,37.32,,-0.0395,0.0768,2.3396,0.0214,0.4753
1813,14860288,3715072,4696,6547.9,37.68,,-0.0419,0.0561,2.3044,0.02134,0.473
1814,14868480,3717120,4698,6550.5,37.66,,-0.0414,0.0556,2.3042,0.01931,0.47
1815,14876672,3719168,4700,6553.2,37.67,,-0.0408,0.0612,2.3166,0.02208,0.4899
1816,14884864,3721216,4704,6555.8,37.64,,-0.0434,0.0612,2.3698,0.02407,0.501
1817,14893056,3723264,4704,6558.4,37.64,,-0.0384,0.0552,2.2967,0.02063,0.4615
1818,14901248,3725312,4707,6561.0,37.67,,-0.0432,0.0612,2.4494,0.02019,0.4596
1819,14909440,3727360,4708,6563.6,37.65,,-0.0396,0.0605,2.3744,0.0203,0.453
1820,14917632,3729408,4710,6566.3,37.44,,-0.0353,0.0894,2.3963,0.01952,0.4581
1821,14925824,3731456,4712,6568.9,37.45,,-0.0389,0.0534,2.3405,0.01935,0.4443
1822,14934016,3733504,4714,6571.5,37.46,,-0.0358,0.0837,2.3542,0.01962,0.4647
1823,14942208,3735552,4715,6574.2,37.44,,-0.0392,0.0671,2.3296,0.02197,0.4629
1824,14950400,3737600,4717,6576.8,37.03,,-0.0411,0.0588,2.3698,0.01976,0.4636
1825,14958592,3739648,4718,6579.4,37.01,,-0.0359,0.1027,2.3784,0.01777,0.4553
1826,14966784,3741696,4720,6582.0,37.04,,-0.0386,0.075,2.4107,0.01942,0.4674
1827,14974976,3743744,4722,6584.6,37.8,,-0.0359,0.0787,2.3187,0.01965,0.4612
1828,14983168,3745792,4725,6587.3,38.14,,-0.0386,0.0641,2.3517,0.01903,0.4486
1829,14991360,3747840,4728,6590.0,38.09,,-0.0364,0.0837,2.3401,0.01837,0.4535
1830,14999552,3749888,4729,6592.6,37.89,,-0.0396,0.0632,2.3226,0.01858,0.4608
1831,15007744,3751936,4732,6595.3,38.46,,-0.0348,0.0804,2.356,0.01765,0.4209
1832,15015936,3753984,4734,6597.9,38.89,,-0.0401,0.0581,2.3214,0.021,0.4679
1833,15024128,3756032,4738,6600.6,38.99,,-0.0385,0.0732,2.2969,0.026,0.49
1834,15032320,3758080,4739,6603.2,39.01,,-0.0407,0.0615,2.324,0.02354,0.4762
1835,15040512,3760128,4741,6605.9,38.54,,-0.0354,0.0637,2.3238,0.02172,0.4696
1836,15048704,3762176,4744,6608.6,38.49,,-0.0378,0.051,2.2537,0.0201,0.4668
1837,15056896,3764224,4748,6611.2,38.79,,-0.0334,0.0691,2.2744,0.01947,0.4485
1838,15065088,3766272,4750,6613.9,38.33,,-0.0358,0.0779,2.2637,0.02566,0.4762
1839,15073280,3768320,4752,6616.6,37.98,,-0.0357,0.0783,2.2333,0.01885,0.4572
1840,15081472,3770368,4752,6619.2,37.98,,-0.0373,0.0762,2.2905,0.02336,0.4802
1841,15089664,3772416,4754,6621.8,37.63,,-0.0361,0.0616,2.3313,0.02536,0.4794
1842,15097856,3774464,4758,6624.5,37.87,,-0.0365,0.0653,2.351,0.02369,0.4788
1843,15106048,3776512,4760,6627.1,37.86,,-0.0338,0.1029,2.279,0.02181,0.4618
1844,15114240,3778560,4764,6629.8,37.82,,-0.0358,0.0641,2.1949,0.02002,0.4504
1845,15122432,3780608,4767,6632.5,37.46,,-0.0397,0.0739,2.2978,0.0213,0.454
1846,15130624,3782656,4767,6635.1,37.46,,-0.0405,0.0583,2.2519,0.02604,0.4961
1847,15138816,3784704,4768,6637.7,37.46,,-0.0416,0.0747,2.3599,0.02423,0.488
1848,15147008,3786752,4771,6640.3,37.39,,-0.0349,0.0756,2.39,0.01969,0.462
1849,15155200,3788800,4774,6643.0,37.73,,-0.0409,0.0542,2.3929,0.02242,0.4858
1850,15163392,3790848,4775,6645.6,37.73,,-0.0359,0.0638,2.3498,0.01861,0.4493
1851,15171584,3792896,4777,6648.2,37.46,,-0.0368,0.0934,2.3394,0.01766,0.4498
1852,15179776,3794944,4779,6650.9,37.54,,-0.0393,0.0723,2.3219,0.02042,0.4752
1853,15187968,3796992,4780,6653.5,37.55,,-0.0424,0.0535,2.3455,0.02433,0.4803
1854,15196160,3799040,4781,6656.1,37.56,,-0.0427,0.0657,2.3671,0.02563,0.5116
1855,15204352,3801088,4788,6658.8,37.47,,-0.0399,0.0585,2.3729,0.02401,0.4832
1856,15212544,3803136,4788,6661.5,37.47,,-0.0362,0.0523,2.2659,0.02171,0.4833
1857,15220736,3805184,4791,6664.1,38.18,,-0.0357,0.075,2.2823,0.02581,0.5137
1858,15228928,3807232,4792,6666.8,37.95,,-0.0401,0.0738,2.2811,0.02594,0.5051
1859,15237120,3809280,4793,6669.4,37.96,,-0.0408,0.0597,2.3851,0.02391,0.4961
1860,15245312,3811328,4794,6672.0,37.96,,-0.0387,0.0683,2.4067,0.02443,0.4988
1861,15253504,3813376,4796,6674.6,37.62,,-0.0381,0.07,2.383,0.0228,0.5045
1862,15261696,3815424,4800,6677.3,37.59,,-0.0374,0.0595,2.4086,0.02245,0.4719
1863,15269888,3817472,4803,6679.9,37.24,,-0.0363,0.0692,2.3703,0.01958,0.4399
1864,15278080,3819520,4806,6682.6,37.95,,-0.0365,0.0761,2.2514,0.02039,0.4521
1865,15286272,3821568,4809,6685.3,37.82,,-0.0397,0.0548,2.3194,0.02133,0.4751
1866,15294464,3823616,4811,6688.0,37.66,,-0.0393,0.0672,2.2624,0.02112,0.4763
1867,15302656,3825664,4812,6690.6,37.61,,-0.0424,0.0588,2.3209,0.02318,0.4897
1868,15310848,3827712,4815,6693.2,37.55,,-0.0405,0.0635,2.3625,0.02259,0.4747
1869,15319040,3829760,4816,6695.9,37.55,,-0.0397,0.0836,2.3475,0.01976,0.4779
1870,15327232,3831808,4818,6698.5,37.6,,-0.0382,0.0624,2.3372,0.02403,0.4856
1871,15335424,3833856,4820,6701.2,37.59,,-0.0347,0.1013,2.3203,0.02185,0.4813
1872,15343616,3835904,4822,6703.8,36.83,,-0.0378,0.0889,2.357,0.0204,0.4559
1873,15351808,3837952,4824,6706.5,36.84,,-0.0425,0.0793,2.3479,0.02357,0.4791
1874,15360000,3840000,4826,6709.1,36.52,,-0.0394,0.0684,2.4215,0.0229,0.4788
1875,15368192,3842048,4830,6711.7,36.92,,-0.0355,0.0736,2.4026,0.02002,0.4546
1876,15376384,3844096,4832,6714.4,36.53,,-0.0364,0.0757,2.2954,0.01851,0.4591
1877,15384576,3846144,4833,6717.0,36.2,,-0.0398,0.092,2.3769,0.02107,0.4705
1878,15392768,3848192,4835,6719.7,36.15,,-0.0399,0.0946,2.3171,0.02174,0.4681
1879,15400960,3850240,4836,6722.4,36.08,,-0.0389,0.0986,2.3788,0.02328,0.4935
1880,15409152,3852288,4838,6725.0,36.1,,-0.0426,0.0883,2.3798,0.02422,0.5005
1881,15417344,3854336,4838,6727.6,36.1,,-0.043,0.0626,2.4131,0.0248,0.507
1882,15425536,3856384,4843,6730.2,36.82,,-0.0317,0.0843,2.4427,0.01921,0.4421
1883,15433728,3858432,4847,6732.9,37.26,,-0.0351,0.0689,2.235,0.02259,0.4541
1884,15441920,3860480,4849,6735.6,37.29,,-0.0401,0.0608,2.2913,0.02418,0.5021
1885,15450112,3862528,4850,6738.2,37.35,,-0.0406,0.0741,2.3854,0.02152,0.4723
1886,15458304,3864576,4853,6740.9,37.71,,-0.0419,0.0605,2.3765,0.02378,0.4885
1887,15466496,3866624,4853,6743.5,37.71,,-0.0403,0.074,2.4199,0.02436,0.4972
1888,15474688,3868672,4854,6746.1,37.63,,-0.0429,0.0694,2.4609,0.02255,0.4735
1889,15482880,3870720,4858,6748.7,37.48,,-0.0401,0.0604,2.3956,0.02568,0.4891
1890,15491072,3872768,4863,6751.4,37.52,,-0.0379,0.0606,2.3471,0.0239,0.4734
1891,15499264,3874816,4864,6754.0,37.54,,-0.0362,0.0697,2.2815,0.02341,0.4656
1892,15507456,3876864,4867,6756.7,37.5,,-0.0407,0.0714,2.2636,0.02258,0.4771
1893,15515648,3878912,4868,6759.4,37.51,,-0.0416,0.1004,2.3584,0.02286,0.4827
1894,15523840,3880960,4869,6762.0,37.79,,-0.0431,0.0638,2.4314,0.02607,0.4893
1895,15532032,3883008,4870,6764.6,37.78,,-0.0423,0.0718,2.4654,0.02271,0.4741
1896,15540224,3885056,4875,6767.2,37.43,,-0.0352,0.1059,2.3729,0.02233,0.4564
1897,15548416,3887104,4877,6769.9,37.43,,-0.0376,0.0829,2.2592,0.02045,0.4867
1898,15556608,3889152,4880,6772.6,37.7,,-0.0395,0.0817,2.2737,0.01703,0.4288
1899,15564800,3891200,4881,6775.2,37.73,,-0.0405,0.0753,2.3737,0.01972,0.4672
1900,15572992,3893248,4881,6885.5,37.73,755.4500122070312,-0.0392,0.0772,2.505,0.0179,0.4475
1901,15581184,3895296,4884,6888.1,37.67,,-0.0375,0.0759,2.4493,0.01938,0.4554
1902,15589376,3897344,4888,6890.7,37.71,,-0.0394,0.0663,2.3785,0.01987,0.4579
1903,15597568,3899392,4891,6893.4,36.99,,-0.0381,0.0759,2.3073,0.02099,0.4536
1904,15605760,3901440,4893,6896.1,37.32,,-0.036,0.0708,2.2569,0.01874,0.4482
1905,15613952,3903488,4896,6898.8,37.22,,-0.0375,0.091,2.2817,0.01762,0.4453
1906,15622144,3905536,4897,6901.4,37.52,,-0.0406,0.0697,2.3481,0.02334,0.4856
1907,15630336,3907584,4898,6904.0,37.72,,-0.04,0.0897,2.503,0.02056,0.4839
1908,15638528,3909632,4901,6906.6,37.72,,-0.0414,0.0767,2.491,0.02128,0.4628
1909,15646720,3911680,4905,6909.3,37.27,,-0.0367,0.0822,2.3543,0.02068,0.4644
1910,15654912,3913728,4907,6912.0,36.9,,-0.0363,0.0624,2.187,0.01768,0.4243
1911,15663104,3915776,4909,6914.6,37.03,,-0.0364,0.0756,2.3173,0.01986,0.4542
1912,15671296,3917824,4909,6917.3,37.03,,-0.0415,0.1011,2.4675,0.02154,0.4653
1913,15679488,3919872,4910,6919.9,37.08,,-0.0437,0.0786,2.4715,0.02319,0.4738
1914,15687680,3921920,4913,6922.5,37.33,,-0.0408,0.0816,2.4517,0.0206,0.4583
1915,15695872,3923968,4916,6925.1,37.81,,-0.0347,0.0868,2.3535,0.01931,0.4491
1916,15704064,3926016,4919,6927.8,37.78,,-0.0378,0.0702,2.2689,0.01851,0.4305
1917,15712256,3928064,4920,6930.4,37.78,,-0.0395,0.0777,2.3405,0.01646,0.4486
1918,15720448,3930112,4923,6933.1,37.79,,-0.0381,0.0814,2.3697,0.01848,0.4281
1919,15728640,3932160,4923,6935.7,37.79,,-0.0421,0.0562,2.4935,0.02214,0.4702
1920,15736832,3934208,4926,6938.3,38.08,,-0.0399,0.0553,2.4463,0.01919,0.4607
1921,15745024,3936256,4927,6940.9,37.75,,-0.042,0.0555,2.3923,0.02288,0.4705
1922,15753216,3938304,4929,6943.5,37.78,,-0.0415,0.0594,2.4483,0.02047,0.4694
1923,15761408,3940352,4934,6946.2,37.5,,-0.0397,0.0472,2.4195,0.02119,0.4438
1924,15769600,3942400,4934,6948.8,37.5,,-0.039,0.0834,2.3443,0.0195,0.45
1925,15777792,3944448,4938,6951.4,37.92,,-0.0369,0.0677,2.3002,0.01738,0.4349
1926,15785984,3946496,4938,6954.1,37.92,,-0.0398,0.0689,2.3087,0.02251,0.451
1927,15794176,3948544,4939,6956.7,37.89,,-0.041,0.0714,2.4826,0.02169,0.4541
1928,15802368,3950592,4945,6959.3,37.54,,-0.0329,0.0949,2.3085,0.02035,0.4518
1929,15810560,3952640,4946,6962.0,36.81,,-0.0379,0.0737,2.2743,0.01981,0.4713
1930,15818752,3954688,4948,6964.7,36.81,,-0.0388,0.0699,2.3983,0.02033,0.4581
1931,15826944,3956736,4950,6967.3,36.83,,-0.0415,0.0751,2.415,0.01954,0.4429
1932,15835136,3958784,4953,6969.9,36.45,,-0.0396,0.0511,2.3787,0.02019,0.4764
1933,15843328,3960832,4954,6972.5,36.52,,-0.0408,0.0587,2.4219,0.0189,0.4683
1934,15851520,3962880,4955,6975.1,36.53,,-0.042,0.0676,2.4165,0.0227,0.4672
1935,15859712,3964928,4959,6977.7,36.92,,-0.0382,0.0695,2.3955,0.02243,0.4767
1936,15867904,3966976,4961,6980.4,36.94,,-0.0404,0.0533,2.28,0.02009,0.4717
1937,15876096,3969024,4962,6983.0,36.92,,-0.0395,0.0602,2.3549,0.02053,0.4697
1938,15884288,3971072,4962,6985.6,36.92,,-0.0383,0.0849,2.4835,0.02177,0.47
1939,15892480,3973120,4966,6988.2,36.93,,-0.0394,0.0648,2.3535,0.01977,0.4648
1940,15900672,3975168,4969,6990.9,36.54,,-0.0375,0.0706,2.2785,0.02254,0.4717
1941,15908864,3977216,4969,6993.5,36.54,,-0.0394,0.0616,2.3434,0.01868,0.4202
1942,15917056,3979264,4973,6996.1,36.94,,-0.0384,0.0578,2.3409,0.02006,0.4387
1943,15925248,3981312,4976,6998.8,37.2,,-0.0373,0.0918,2.2634,0.02276,0.4592
1944,15933440,3983360,4976,7001.5,37.2,,-0.0419,0.0568,2.2403,0.02093,0.4792
1945,15941632,3985408,4980,7004.1,36.92,,-0.0389,0.0727,2.3506,0.02025,0.4554
1946,15949824,3987456,4983,7006.8,36.78,,-0.0405,0.0549,2.2326,0.02396,0.4806
1947,15958016,3989504,4984,7009.4,36.88,,-0.0399,0.0578,2.2513,0.02148,0.4596
1948,15966208,3991552,4984,7012.0,36.88,,-0.0436,0.0672,2.4132,0.022,0.4998
1949,15974400,3993600,4987,7014.6,36.54,,-0.0426,0.0636,2.3707,0.02446,0.4702
1950,15982592,3995648,4991,7017.3,36.99,,-0.0345,0.064,2.2058,0.02055,0.4358
1951,15990784,3997696,4995,7020.0,36.6,,-0.0304,0.0662,2.1585,0.01865,0.4291
1952,15998976,3999744,4995,7022.6,36.6,,-0.0402,0.0695,2.3321,0.02187,0.4728
1953,16007168,4001792,4996,7025.3,36.6,,-0.0439,0.0577,2.4495,0.02604,0.4932
1954,16015360,4003840,5000,7027.9,36.18,,-0.0401,0.0519,2.2832,0.02246,0.4755
1955,16023552,4005888,5001,7030.5,36.15,,-0.0385,0.0587,2.3637,0.02362,0.4552
1956,16031744,4007936,5003,7033.1,36.17,,-0.0432,0.0632,2.4277,0.02498,0.4736
1957,16039936,4009984,5005,7035.7,36.22,,-0.0406,0.0571,2.3871,0.02398,0.4763
1958,16048128,4012032,5010,7038.4,36.11,,-0.0344,0.0715,2.1585,0.02545,0.4535
1959,16056320,4014080,5011,7041.1,36.09,,-0.0362,0.0738,2.2091,0.01831,0.4346
1960,16064512,4016128,5013,7043.8,35.97,,-0.0362,0.0721,2.3056,0.01893,0.4382
1961,16072704,4018176,5017,7046.4,35.81,,-0.0359,0.0576,2.2412,0.02151,0.4667
1962,16080896,4020224,5017,7049.1,35.81,,-0.0424,0.0568,2.3376,0.02577,0.4821
1963,16089088,4022272,5019,7051.7,35.78,,-0.0401,0.059,2.4493,0.02405,0.4672
1964,16097280,4024320,5021,7054.3,35.84,,-0.0408,0.0753,2.4121,0.0262,0.4626
1965,16105472,4026368,5026,7056.9,35.46,,-0.0335,0.0697,2.0951,0.02414,0.4658
1966,16113664,4028416,5027,7059.6,35.47,,-0.0316,0.0838,2.1498,0.01871,0.4407
1967,16121856,4030464,5028,7062.3,35.47,,-0.0353,0.0842,2.29,0.02328,0.4702
1968,16130048,4032512,5029,7064.9,35.47,,-0.0405,0.0713,2.3937,0.0268,0.4786
1969,16138240,4034560,5031,7067.5,35.57,,-0.0412,0.0982,2.3463,0.02588,0.484
1970,16146432,4036608,5031,7070.1,35.57,,-0.0377,0.0594,2.3544,0.02608,0.4973
1971,16154624,4038656,5035,7072.7,35.83,,-0.0357,0.0782,2.3541,0.02221,0.4415
1972,16162816,4040704,5039,7075.4,35.5,,-0.0326,0.087,2.1085,0.02032,0.4117
1973,16171008,4042752,5042,7078.1,36.17,,-0.0341,0.096,2.0543,0.02462,0.4624
1974,16179200,4044800,5043,7080.8,36.28,,-0.0376,0.0803,2.2693,0.02359,0.4601
1975,16187392,4046848,5044,7083.4,36.03,,-0.0376,0.1059,2.3656,0.02581,0.4735
1976,16195584,4048896,5044,7086.0,36.03,,-0.0366,0.0998,2.4395,0.02275,0.4823
1977,16203776,4050944,5045,7088.6,36.02,,-0.0401,0.086,2.4524,0.02659,0.481
1978,16211968,4052992,5049,7091.2,35.98,,-0.039,0.0831,2.3607,0.02262,0.4705
1979,16220160,4055040,5051,7093.8,35.97,,-0.0396,0.0692,2.3189,0.02146,0.4579
1980,16228352,4057088,5055,7096.4,36.01,,-0.0366,0.0846,2.234,0.01962,0.4573
1981,16236544,4059136,5057,7099.1,36.04,,-0.0399,0.0687,2.2901,0.02104,0.463
1982,16244736,4061184,5059,7101.8,36.4,,-0.0399,0.076,2.3387,0.02092,0.4388
1983,16252928,4063232,5060,7104.4,36.33,,-0.0418,0.0797,2.3423,0.02158,0.4663
1984,16261120,4065280,5060,7107.0,36.33,,-0.043,0.055,2.5119,0.02283,0.4871
1985,16269312,4067328,5065,7109.6,36.7,,-0.0395,0.0679,2.3951,0.02042,0.4613
1986,16277504,4069376,5067,7112.2,36.63,,-0.0405,0.0488,2.2592,0.02407,0.4825
1987,16285696,4071424,5070,7114.9,36.7,,-0.0382,0.075,2.3282,0.02334,0.4897
1988,16293888,4073472,5072,7117.5,36.31,,-0.0373,0.0761,2.234,0.02145,0.4746
1989,16302080,4075520,5073,7120.2,36.31,,-0.0406,0.0707,2.3558,0.02175,0.4672
1990,16310272,4077568,5073,7122.8,36.31,,-0.0403,0.0665,2.4212,0.02399,0.4701
1991,16318464,4079616,5075,7125.4,36.06,,-0.0382,0.085,2.4052,0.02342,0.4849
1992,16326656,4081664,5077,7128.0,36.02,,-0.0417,0.0616,2.3836,0.02464,0.4714
1993,16334848,4083712,5082,7130.6,36.05,,-0.0374,0.0642,2.3177,0.0253,0.4718
1994,16343040,4085760,5085,7133.3,36.09,,-0.0358,0.0585,2.1677,0.02562,0.4762
1995,16351232,4087808,5087,7136.0,36.48,,-0.0305,0.0998,2.2249,0.01914,0.4437
1996,16359424,4089856,5087,7138.6,36.48,,-0.0375,0.0971,2.3598,0.0189,0.458
1997,16367616,4091904,5090,7141.3,36.72,,-0.0358,0.0731,2.4108,0.02221,0.4637
1998,16375808,4093952,5090,7143.9,36.72,,-0.0369,0.1071,2.4132,0.01902,0.4554
1999,16384000,4096000,5092,7146.5,36.36,,-0.039,0.076,2.3915,0.02104,0.4564
2000,16392192,4098048,5096,7243.6,36.26,693.0499877929688,-0.0327,0.1049,2.2684,0.01955,0.424
