iter,frames,agent_steps,episodes,wall_s,train_return_mean,greedy_score,pg_loss,v_loss,entropy,approx_kl,clipfrac
0,8192,2048,2,31.5,0.0,2.240000009536743,0.0429,385.7563,2.8475,0.04298,0.42
1,16384,4096,13,34.4,1.308,,-0.0045,0.1827,2.8795,0.00247,0.1783
2,24576,6144,24,37.3,1.458,,-0.0027,0.0668,2.8779,0.00147,0.0701
3,32768,8192,34,40.2,1.353,,-0.0021,0.0331,2.8725,0.00144,0.0682
4,40960,10240,48,43.1,1.417,,-0.0014,0.0641,2.8759,0.00054,0.0157
5,49152,12288,55,46.0,1.364,,-0.0011,0.0281,2.8751,0.00075,0.0222
6,57344,14336,68,48.9,1.485,,-0.0033,0.0298,2.8745,0.00131,0.0723
7,65536,16384,77,51.8,1.506,,-0.003,0.0238,2.8783,0.00109,0.0328
8,73728,18432,89,54.7,1.461,,-0.0029,0.0261,2.8662,0.00148,0.0685
9,81920,20480,99,57.6,1.495,,-0.0044,0.0185,2.8681,0.00146,0.0729
10,90112,22528,111,60.5,1.64,,-0.0051,0.0236,2.8584,0.00152,0.076
11,98304,24576,120,63.4,1.61,,-0.0061,0.0249,2.8454,0.00191,0.1149
12,106496,26624,131,66.3,1.64,,-0.0077,0.0187,2.8495,0.00218,0.1415
13,114688,28672,139,69.1,1.74,,-0.0077,0.0131,2.8554,0.0021,0.1224
14,122880,30720,148,72.0,1.83,,-0.0082,0.014,2.8406,0.00211,0.1392
15,131072,32768,159,74.9,1.91,,-0.0095,0.018,2.8335,0.00225,0.1404
16,139264,34816,167,77.8,1.88,,-0.0086,0.0123,2.8309,0.00233,0.1411
17,147456,36864,178,80.7,1.89,,-0.0085,0.0126,2.838,0.0023,0.1327
18,155648,38912,186,83.5,1.86,,-0.0114,0.0152,2.8158,0.00286,0.1918
19,163840,40960,198,86.4,2.04,,-0.0123,0.0124,2.8276,0.00255,0.1592
20,172032,43008,207,89.3,1.95,,-0.016,0.0111,2.827,0.0034,0.2051
21,180224,45056,217,92.2,1.92,,-0.0129,0.0198,2.8163,0.00269,0.1609
22,188416,47104,230,95.1,1.96,,-0.0135,0.0125,2.8257,0.00296,0.1732
23,196608,49152,236,97.9,1.89,,-0.0162,0.0147,2.8175,0.00344,0.2117
24,204800,51200,246,100.8,1.94,,-0.0171,0.0201,2.8049,0.00306,0.1688
25,212992,53248,257,103.7,1.95,,-0.0167,0.0185,2.8125,0.00307,0.1909
26,221184,55296,262,106.5,1.93,,-0.0177,0.0157,2.803,0.00416,0.2411
27,229376,57344,273,109.4,2.11,,-0.0197,0.0166,2.7958,0.00366,0.21
28,237568,59392,282,112.3,2.23,,-0.0199,0.0131,2.8113,0.00424,0.2377
29,245760,61440,290,115.2,2.18,,-0.0203,0.0176,2.7866,0.00499,0.2759
30,253952,63488,297,118.0,2.22,,-0.0212,0.0156,2.7729,0.00452,0.2452
31,262144,65536,306,120.9,2.34,,-0.0217,0.0176,2.7689,0.00509,0.2756
32,270336,67584,316,123.8,2.53,,-0.0225,0.0172,2.7604,0.00503,0.2811
33,278528,69632,324,126.6,2.55,,-0.0207,0.0132,2.7736,0.00452,0.2678
34,286720,71680,334,129.5,2.69,,-0.0224,0.0144,2.7714,0.00484,0.2679
35,294912,73728,345,132.4,2.69,,-0.0226,0.0185,2.7417,0.00567,0.2935
36,303104,75776,351,135.3,2.66,,-0.0208,0.0146,2.7286,0.00499,0.2808
37,311296,77824,359,138.1,2.74,,-0.0222,0.0148,2.7343,0.00543,0.2931
38,319488,79872,367,141.0,2.75,,-0.0246,0.0169,2.7177,0.00527,0.2756
39,327680,81920,375,143.8,2.65,,-0.0232,0.0153,2.7405,0.00549,0.2938
40,335872,83968,385,146.7,2.71,,-0.0256,0.0206,2.7343,0.00567,0.2972
41,344064,86016,394,149.6,2.73,,-0.0232,0.0184,2.726,0.00618,0.3182
42,352256,88064,401,152.4,2.68,,-0.024,0.0171,2.7213,0.00566,0.2896
43,360448,90112,410,155.3,2.67,,-0.0239,0.0142,2.7268,0.00599,0.311
44,368640,92160,419,158.2,2.71,,-0.0258,0.019,2.7162,0.00544,0.2886
45,376832,94208,426,161.0,2.72,,-0.0251,0.019,2.6889,0.00557,0.2874
46,385024,96256,431,163.8,2.71,,-0.0248,0.0165,2.7068,0.0067,0.3265
47,393216,98304,441,166.7,2.91,,-0.0285,0.0178,2.6903,0.0074,0.3351
48,401408,100352,446,169.6,3.01,,-0.0272,0.0211,2.7022,0.00683,0.3314
49,409600,102400,455,172.4,3.13,,-0.0296,0.0218,2.7118,0.00688,0.3363
50,417792,104448,465,175.3,3.15,,-0.0245,0.022,2.6961,0.0073,0.3459
51,425984,106496,471,178.2,3.25,,-0.0281,0.0227,2.7218,0.00721,0.3292
52,434176,108544,480,181.0,3.29,,-0.0268,0.0232,2.7034,0.00691,0.3403
53,442368,110592,488,183.9,3.41,,-0.0311,0.0252,2.7007,0.00774,0.3613
54,450560,112640,496,186.8,3.32,,-0.0279,0.0217,2.6748,0.00787,0.3843
55,458752,114688,505,189.6,3.36,,-0.0309,0.0227,2.6729,0.00771,0.349
56,466944,116736,512,192.5,3.38,,-0.0287,0.0257,2.6982,0.00796,0.369
57,475136,118784,518,195.3,3.44,,-0.0326,0.0278,2.6703,0.00893,0.3877
58,483328,120832,523,198.2,3.57,,-0.0315,0.0233,2.6559,0.00918,0.3729
59,491520,122880,529,201.0,3.59,,-0.0319,0.023,2.6584,0.00875,0.3848
60,499712,124928,539,203.9,3.67,,-0.029,0.0239,2.6501,0.00802,0.3602
61,507904,126976,544,206.7,3.77,,-0.0342,0.0241,2.6365,0.00998,0.3929
62,516096,129024,548,209.6,3.85,,-0.0318,0.0231,2.6569,0.00879,0.3774
63,524288,131072,555,212.4,4.0,,-0.0305,0.0224,2.6319,0.00957,0.4066
64,532480,133120,561,215.3,3.95,,-0.0316,0.0241,2.6346,0.00843,0.3645
65,540672,135168,567,218.1,4.15,,-0.0297,0.0216,2.6253,0.00867,0.3987
66,548864,137216,573,221.0,4.33,,-0.0309,0.0193,2.597,0.00964,0.4004
67,557056,139264,577,223.8,4.39,,-0.0313,0.0238,2.5964,0.00861,0.3694
68,565248,141312,584,226.6,4.64,,-0.0323,0.023,2.5627,0.01108,0.4292
69,573440,143360,589,229.5,4.8,,-0.0338,0.0219,2.5477,0.01069,0.4171
70,581632,145408,599,232.3,5.16,,-0.0312,0.0285,2.5114,0.01229,0.4449
71,589824,147456,600,235.1,5.21,,-0.0355,0.0191,2.5295,0.0129,0.4418
72,598016,149504,606,238.0,5.29,,-0.03,0.025,2.5536,0.01094,0.4196
73,606208,151552,613,240.8,5.55,,-0.0322,0.0213,2.5321,0.01338,0.4352
74,614400,153600,615,243.6,5.52,,-0.0317,0.0192,2.5377,0.01231,0.4353
75,622592,155648,621,246.4,5.81,,-0.0332,0.0238,2.5734,0.01028,0.4241
76,630784,157696,630,249.3,6.02,,-0.0321,0.0203,2.5676,0.01014,0.4146
77,638976,159744,634,252.1,6.08,,-0.036,0.0251,2.5573,0.01173,0.4257
78,647168,161792,642,255.0,6.06,,-0.0315,0.0212,2.5799,0.01089,0.4072
79,655360,163840,647,257.9,6.02,,-0.0318,0.0283,2.5429,0.01116,0.4257
80,663552,165888,651,260.7,6.04,,-0.0326,0.0211,2.5445,0.01061,0.395
81,671744,167936,655,263.5,6.02,,-0.0315,0.0184,2.5224,0.01226,0.4364
82,679936,169984,662,266.3,6.24,,-0.0354,0.0252,2.5241,0.01245,0.433
83,688128,172032,664,269.1,6.42,,-0.0322,0.0199,2.5203,0.01391,0.467
84,696320,174080,668,272.0,6.44,,-0.033,0.0239,2.4907,0.01343,0.4636
85,704512,176128,673,274.8,6.62,,-0.0293,0.0263,2.4797,0.01494,0.478
86,712704,178176,681,277.7,6.88,,-0.0348,0.0231,2.4754,0.01268,0.4337
87,720896,180224,684,280.5,6.82,,-0.0351,0.0222,2.4997,0.01327,0.4321
88,729088,182272,691,283.3,6.83,,-0.033,0.025,2.4361,0.01403,0.4609
89,737280,184320,694,286.2,6.94,,-0.0357,0.0201,2.4747,0.01411,0.4503
90,745472,186368,700,289.0,7.02,,-0.0334,0.0214,2.4665,0.01282,0.4155
91,753664,188416,703,291.8,7.1,,-0.0341,0.0203,2.43,0.01369,0.4565
92,761856,190464,709,294.7,7.07,,-0.0319,0.0225,2.403,0.01498,0.4556
93,770048,192512,715,297.5,7.23,,-0.0321,0.0192,2.403,0.01541,0.4552
94,778240,194560,719,300.3,7.16,,-0.0303,0.0229,2.4147,0.01488,0.4414
95,786432,196608,726,303.2,7.13,,-0.0284,0.0196,2.3956,0.01309,0.4308
96,794624,198656,730,306.0,7.1,,-0.033,0.021,2.3725,0.01371,0.4351
97,802816,200704,735,308.8,7.2,,-0.0339,0.0189,2.3595,0.01525,0.454
98,811008,202752,741,311.7,7.34,,-0.0315,0.0204,2.3596,0.01691,0.4749
99,819200,204800,744,314.5,7.42,,-0.0348,0.0169,2.3415,0.01477,0.4448
100,827392,206848,747,373.9,7.55,11.3100004196167,-0.0344,0.021,2.3664,0.0152,0.4452
101,835584,208896,754,376.7,7.75,,-0.0337,0.0212,2.3526,0.01498,0.4521
102,843776,210944,757,379.5,7.91,,-0.0323,0.0181,2.3785,0.01583,0.4489
103,851968,212992,759,382.3,7.97,,-0.0325,0.0215,2.3765,0.01541,0.4545
104,860160,215040,766,385.2,7.87,,-0.0332,0.0239,2.3461,0.01724,0.4753
105,868352,217088,770,388.0,8.05,,-0.0323,0.0207,2.3337,0.01785,0.4812
106,876544,219136,772,390.8,8.01,,-0.0323,0.0187,2.3394,0.01632,0.4677
107,884736,221184,780,393.7,7.94,,-0.0341,0.0249,2.357,0.01735,0.4768
108,892928,223232,784,396.5,8.06,,-0.0339,0.0162,2.3617,0.01613,0.4564
109,901120,225280,785,399.3,8.01,,-0.0307,0.0164,2.3495,0.01692,0.4784
110,909312,227328,791,402.1,8.21,,-0.0342,0.019,2.3688,0.01677,0.4672
111,917504,229376,797,405.0,8.3,,-0.0317,0.0202,2.3342,0.01676,0.4601
112,925696,231424,799,407.8,8.45,,-0.0342,0.0206,2.3409,0.01818,0.4725
113,933888,233472,803,410.6,8.53,,-0.0332,0.0213,2.3356,0.01577,0.455
114,942080,235520,808,413.4,8.72,,-0.0338,0.0193,2.3039,0.01521,0.458
115,950272,237568,810,416.2,8.8,,-0.0294,0.0189,2.3034,0.01879,0.4719
116,958464,239616,814,419.1,8.72,,-0.0361,0.0207,2.3166,0.01735,0.4796
117,966656,241664,821,421.9,9.03,,-0.0346,0.0243,2.3441,0.01826,0.4678
118,974848,243712,824,424.7,9.15,,-0.0349,0.0179,2.3551,0.01838,0.473
119,983040,245760,828,427.5,9.15,,-0.0334,0.0235,2.3147,0.01769,0.4659
120,991232,247808,833,430.4,9.3,,-0.0343,0.0226,2.318,0.01933,0.4658
121,999424,249856,837,433.2,9.34,,-0.0321,0.0176,2.3225,0.02156,0.498
122,1007616,251904,841,436.0,9.47,,-0.031,0.0204,2.271,0.01691,0.4651
123,1015808,253952,844,438.8,9.54,,-0.0362,0.0152,2.3303,0.02086,0.4907
124,1024000,256000,848,441.6,9.48,,-0.0325,0.019,2.2804,0.0176,0.4731
125,1032192,258048,855,444.5,9.6,,-0.033,0.0205,2.2348,0.01908,0.4834
126,1040384,260096,858,447.3,9.56,,-0.0357,0.0199,2.2449,0.02029,0.4949
127,1048576,262144,863,450.1,9.64,,-0.0316,0.0225,2.2364,0.0166,0.4635
128,1056768,264192,865,452.9,9.54,,-0.0326,0.0199,2.2547,0.01731,0.4625
129,1064960,266240,869,455.7,9.55,,-0.0324,0.0214,2.2291,0.01694,0.4679
130,1073152,268288,875,458.6,9.71,,-0.0328,0.0241,2.2115,0.01803,0.4583
131,1081344,270336,877,461.4,9.8,,-0.034,0.0259,2.2495,0.01938,0.463
132,1089536,272384,881,464.2,9.94,,-0.0317,0.0225,2.212,0.01795,0.4537
133,1097728,274432,882,467.0,9.94,,-0.0348,0.0192,2.2711,0.01922,0.4706
134,1105920,276480,889,469.9,10.06,,-0.0312,0.0227,2.2786,0.01858,0.4722
135,1114112,278528,893,472.7,10.16,,-0.0317,0.0274,2.2598,0.01952,0.4792
136,1122304,280576,896,475.5,10.06,,-0.0321,0.021,2.2527,0.01984,0.4989
137,1130496,282624,900,478.3,10.09,,-0.0374,0.0202,2.2873,0.02127,0.4755
138,1138688,284672,903,481.1,10.07,,-0.0332,0.0216,2.2759,0.01786,0.4521
139,1146880,286720,907,484.0,10.22,,-0.0331,0.0194,2.3228,0.02105,0.495
140,1155072,288768,910,486.8,10.3,,-0.0342,0.0184,2.2448,0.02061,0.4818
141,1163264,290816,914,489.6,10.45,,-0.0337,0.0203,2.1857,0.02279,0.4917
142,1171456,292864,917,492.4,10.5,,-0.037,0.0215,2.1363,0.02229,0.4778
143,1179648,294912,920,495.2,10.57,,-0.0325,0.022,2.1498,0.01991,0.4622
144,1187840,296960,925,498.0,10.78,,-0.0338,0.0236,2.1424,0.02012,0.4578
145,1196032,299008,927,500.8,10.88,,-0.0329,0.0212,2.1652,0.02044,0.4508
146,1204224,301056,928,503.6,10.84,,-0.0318,0.0231,2.152,0.02002,0.4611
147,1212416,303104,934,506.5,10.94,,-0.0329,0.0263,2.1023,0.02275,0.4688
148,1220608,305152,937,509.3,11.26,,-0.036,0.0206,2.1531,0.02181,0.4927
149,1228800,307200,939,512.1,11.33,,-0.0344,0.0219,2.1415,0.02221,0.4913
150,1236992,309248,942,514.9,11.45,,-0.0331,0.0221,2.1741,0.02084,0.4683
151,1245184,311296,947,517.8,11.56,,-0.0348,0.0204,2.2363,0.01983,0.4592
152,1253376,313344,952,520.6,11.71,,-0.0328,0.0224,2.2177,0.02063,0.4731
153,1261568,315392,953,523.4,11.83,,-0.0314,0.0253,2.1509,0.01866,0.4774
154,1269760,317440,957,526.2,12.02,,-0.0371,0.0295,2.1932,0.02148,0.4695
155,1277952,319488,960,529.0,12.0,,-0.0328,0.0236,2.1581,0.01978,0.4663
156,1286144,321536,965,531.9,12.23,,-0.0331,0.0256,2.1281,0.02363,0.494
157,1294336,323584,967,534.7,12.31,,-0.0316,0.0216,2.1225,0.01985,0.4883
158,1302528,325632,971,537.5,12.42,,-0.034,0.0264,2.1461,0.02039,0.4553
159,1310720,327680,975,540.3,12.46,,-0.0336,0.025,2.1282,0.01986,0.4692
160,1318912,329728,979,543.2,12.51,,-0.0323,0.0235,2.1712,0.02243,0.4935
161,1327104,331776,979,545.9,12.51,,-0.036,0.0182,2.1801,0.02068,0.4888
162,1335296,333824,982,548.8,12.64,,-0.0355,0.0224,2.1433,0.02283,0.4866
163,1343488,335872,985,551.6,12.8,,-0.0332,0.0226,2.13,0.02016,0.4635
164,1351680,337920,989,554.4,13.05,,-0.0332,0.0259,2.1122,0.0222,0.475
165,1359872,339968,993,557.2,13.17,,-0.0324,0.0212,2.1174,0.02482,0.5034
166,1368064,342016,995,560.0,13.4,,-0.0349,0.0211,2.1055,0.02194,0.4978
167,1376256,344064,999,562.9,13.59,,-0.0357,0.0217,2.0805,0.02306,0.4788
168,1384448,346112,999,565.7,13.59,,-0.0375,0.0219,2.1041,0.02227,0.4788
169,1392640,348160,1002,568.5,13.67,,-0.0296,0.0269,2.0532,0.02327,0.4879
170,1400832,350208,1005,571.3,13.77,,-0.0363,0.0245,2.0134,0.02432,0.4712
171,1409024,352256,1009,574.1,13.96,,-0.0342,0.0241,1.9994,0.02427,0.4564
172,1417216,354304,1011,577.0,14.09,,-0.0319,0.0211,2.0936,0.02467,0.4962
173,1425408,356352,1013,579.8,14.27,,-0.0342,0.0213,2.0463,0.02367,0.4705
174,1433600,358400,1017,582.6,14.43,,-0.0343,0.0255,2.0438,0.02795,0.5077
175,1441792,360448,1021,585.4,14.45,,-0.0348,0.0239,1.9947,0.02671,0.4894
176,1449984,362496,1024,588.2,14.41,,-0.0329,0.0284,2.0119,0.02723,0.514
177,1458176,364544,1026,591.0,14.48,,-0.0312,0.022,1.9973,0.02412,0.4769
178,1466368,366592,1030,593.9,14.6,,-0.0335,0.0257,1.9551,0.02696,0.4855
179,1474560,368640,1034,596.7,14.75,,-0.0331,0.0283,1.9567,0.02513,0.4622
180,1482752,370688,1035,599.5,14.75,,-0.0337,0.0224,2.0157,0.0248,0.4919
181,1490944,372736,1037,602.3,14.76,,-0.0311,0.0228,1.9787,0.02493,0.4847
182,1499136,374784,1040,605.1,14.75,,-0.0312,0.0229,1.9731,0.0289,0.4904
183,1507328,376832,1044,608.0,15.0,,-0.0327,0.0269,1.9397,0.03267,0.5143
184,1515520,378880,1048,610.8,15.11,,-0.0324,0.0208,2.0374,0.02752,0.5154
185,1523712,380928,1050,613.6,15.17,,-0.0334,0.0217,2.0513,0.02472,0.4753
186,1531904,382976,1053,616.4,15.14,,-0.0302,0.0202,1.9972,0.02621,0.4916
187,1540096,385024,1057,619.2,15.17,,-0.0322,0.0218,1.9495,0.0243,0.4652
188,1548288,387072,1059,622.0,15.21,,-0.0348,0.0236,1.9557,0.02893,0.4999
189,1556480,389120,1062,624.9,15.28,,-0.0349,0.021,1.9738,0.02487,0.4796
190,1564672,391168,1065,627.7,15.41,,-0.0333,0.0228,2.0466,0.02771,0.4879
191,1572864,393216,1067,630.5,15.46,,-0.0335,0.0217,2.0365,0.02895,0.4993
192,1581056,395264,1071,633.3,15.58,,-0.0304,0.0271,2.0878,0.02866,0.5184
193,1589248,397312,1075,636.1,15.67,,-0.0323,0.0218,2.0914,0.02482,0.4956
194,1597440,399360,1077,639.0,15.75,,-0.0335,0.0203,2.0408,0.02381,0.4858
195,1605632,401408,1079,641.8,15.82,,-0.0347,0.0269,2.0115,0.02899,0.5029
196,1613824,403456,1084,644.6,15.69,,-0.033,0.0259,1.9814,0.02692,0.4773
197,1622016,405504,1086,647.4,15.64,,-0.0273,0.0227,2.0014,0.02785,0.4735
198,1630208,407552,1091,650.2,15.64,,-0.0321,0.025,2.0271,0.02723,0.4901
199,1638400,409600,1093,653.1,15.65,,-0.0287,0.0204,1.9229,0.02853,0.4929
200,1646592,411648,1096,750.0,15.67,30.719999313354492,-0.032,0.0201,1.8865,0.02901,0.479
201,1654784,413696,1099,752.8,15.56,,-0.0352,0.0242,1.9326,0.02749,0.4722
202,1662976,415744,1103,755.6,15.52,,-0.0331,0.0254,2.0004,0.02685,0.4857
203,1671168,417792,1106,758.4,15.47,,-0.0346,0.0228,1.9353,0.02903,0.5056
204,1679360,419840,1107,761.2,15.43,,-0.0332,0.0194,1.9991,0.02545,0.47
205,1687552,421888,1111,764.1,15.2,,-0.0346,0.0279,1.9463,0.0303,0.4911
206,1695744,423936,1114,766.9,15.16,,-0.0331,0.024,2.0191,0.02641,0.5026
207,1703936,425984,1118,769.7,15.18,,-0.0315,0.0267,2.0219,0.02899,0.4858
208,1712128,428032,1122,772.5,15.17,,-0.028,0.0255,2.0928,0.02674,0.5032
209,1720320,430080,1124,775.4,15.26,,-0.0335,0.0266,2.0799,0.02471,0.4808
210,1728512,432128,1128,778.2,15.07,,-0.0309,0.0259,2.1049,0.02311,0.4706
211,1736704,434176,1131,781.0,14.86,,-0.032,0.0249,2.1072,0.02395,0.5024
212,1744896,436224,1136,783.8,14.74,,-0.0301,0.0298,1.9779,0.02619,0.472
213,1753088,438272,1138,786.7,14.74,,-0.0331,0.0231,2.0729,0.02362,0.4785
214,1761280,440320,1140,789.5,14.68,,-0.0334,0.0229,2.0644,0.02453,0.4572
215,1769472,442368,1144,792.3,14.37,,-0.0309,0.0236,2.0512,0.02645,0.4939
216,1777664,444416,1148,795.1,14.55,,-0.0292,0.0243,2.0849,0.02555,0.499
217,1785856,446464,1150,797.9,14.46,,-0.0321,0.027,2.0049,0.02402,0.4452
218,1794048,448512,1154,800.7,14.5,,-0.0315,0.0239,2.0243,0.02442,0.4519
219,1802240,450560,1156,803.5,14.42,,-0.0357,0.0207,1.9842,0.02439,0.4755
220,1810432,452608,1160,806.4,14.57,,-0.0301,0.023,1.9675,0.02312,0.4583
221,1818624,454656,1163,809.2,14.48,,-0.0309,0.0226,2.0225,0.02499,0.4803
222,1826816,456704,1168,812.0,14.39,,-0.0294,0.0259,1.98,0.02105,0.4685
223,1835008,458752,1170,814.8,14.25,,-0.0335,0.0225,1.9576,0.02824,0.4795
224,1843200,460800,1173,817.6,14.28,,-0.0332,0.0266,1.9272,0.02719,0.4728
225,1851392,462848,1175,820.4,14.2,,-0.0329,0.0258,1.9481,0.02746,0.4963
226,1859584,464896,1179,823.3,14.14,,-0.0316,0.0252,2.0261,0.02719,0.4835
227,1867776,466944,1181,826.1,14.21,,-0.0305,0.0224,1.9652,0.02749,0.4502
228,1875968,468992,1183,828.9,14.24,,-0.0324,0.0261,1.8916,0.02907,0.4844
229,1884160,471040,1186,831.7,14.31,,-0.0283,0.024,1.9673,0.03002,0.4867
230,1892352,473088,1190,834.5,14.61,,-0.0328,0.0266,2.0625,0.02568,0.4731
231,1900544,475136,1191,837.3,14.61,,-0.0317,0.0232,2.0107,0.0251,0.4713
232,1908736,477184,1195,840.1,14.78,,-0.0302,0.0214,2.0534,0.02329,0.4774
233,1916928,479232,1198,842.9,14.71,,-0.0295,0.0275,2.0585,0.02351,0.4713
234,1925120,481280,1201,845.7,14.78,,-0.0313,0.0211,2.0551,0.02613,0.4901
235,1933312,483328,1205,848.5,14.88,,-0.0337,0.0199,2.0542,0.02639,0.494
236,1941504,485376,1206,851.3,14.89,,-0.0352,0.0306,2.0662,0.02674,0.4973
237,1949696,487424,1208,854.1,14.87,,-0.0334,0.0267,1.9937,0.02501,0.4764
238,1957888,489472,1216,857.0,15.0,,-0.0291,0.03,2.0904,0.02684,0.4752
239,1966080,491520,1218,859.8,14.95,,-0.0338,0.024,2.1422,0.02232,0.4784
240,1974272,493568,1221,862.6,14.88,,-0.0344,0.0219,2.1718,0.0236,0.4926
241,1982464,495616,1222,865.4,14.88,,-0.0331,0.0242,2.1442,0.02538,0.4849
242,1990656,497664,1228,868.2,14.85,,-0.0309,0.0257,2.1904,0.02214,0.4904
243,1998848,499712,1230,871.0,14.92,,-0.0347,0.022,2.1471,0.02084,0.4608
244,2007040,501760,1233,873.8,14.96,,-0.033,0.0249,2.1421,0.02438,0.4702
245,2015232,503808,1236,876.6,14.94,,-0.0328,0.0283,2.1545,0.02476,0.4808
246,2023424,505856,1241,879.5,14.94,,-0.033,0.025,2.2046,0.02066,0.4586
247,2031616,507904,1243,882.3,15.19,,-0.0344,0.0259,2.1656,0.01991,0.4521
248,2039808,509952,1246,885.1,15.23,,-0.0344,0.0226,2.2,0.02157,0.4722
249,2048000,512000,1250,887.9,15.15,,-0.0337,0.026,2.2448,0.02031,0.4717
250,2056192,514048,1251,890.7,15.1,,-0.0317,0.0243,2.2265,0.02052,0.4586
251,2064384,516096,1254,893.5,15.2,,-0.034,0.0258,2.1816,0.02037,0.4663
252,2072576,518144,1257,896.4,15.29,,-0.0349,0.0245,2.1807,0.02303,0.4802
253,2080768,520192,1260,899.2,15.43,,-0.0329,0.0229,2.1995,0.02264,0.4814
254,2088960,522240,1262,902.0,15.43,,-0.0317,0.0224,2.1358,0.02483,0.501
255,2097152,524288,1265,904.8,15.46,,-0.0305,0.0307,2.0779,0.02875,0.4954
256,2105344,526336,1268,907.6,15.67,,-0.0345,0.0225,2.1243,0.0239,0.4658
257,2113536,528384,1272,910.5,15.91,,-0.035,0.0247,2.1552,0.02499,0.4907
258,2121728,530432,1273,913.3,15.89,,-0.0337,0.022,2.1338,0.02427,0.486
259,2129920,532480,1276,916.1,16.05,,-0.0321,0.0259,2.0389,0.02383,0.4786
260,2138112,534528,1280,918.9,16.03,,-0.0311,0.0279,1.9568,0.02862,0.5005
261,2146304,536576,1282,921.7,16.1,,-0.0344,0.0245,2.0353,0.02274,0.4377
262,2154496,538624,1285,924.6,16.15,,-0.0354,0.0246,2.0731,0.02175,0.4574
263,2162688,540672,1287,927.4,16.23,,-0.035,0.0213,2.0388,0.02624,0.473
264,2170880,542720,1292,930.2,16.03,,-0.0299,0.0295,1.9606,0.02883,0.4891
265,2179072,544768,1293,933.0,15.97,,-0.0319,0.0191,2.0826,0.02611,0.4965
266,2187264,546816,1296,935.8,16.0,,-0.0333,0.0254,2.0635,0.02501,0.4611
267,2195456,548864,1299,938.6,15.91,,-0.0328,0.0232,2.0422,0.02421,0.4812
268,2203648,550912,1301,941.5,16.03,,-0.0341,0.0186,2.0172,0.02854,0.4971
269,2211840,552960,1305,944.3,16.15,,-0.0334,0.0241,2.0068,0.0274,0.4877
270,2220032,555008,1307,947.1,16.25,,-0.0339,0.0203,1.9559,0.02983,0.4817
271,2228224,557056,1308,949.9,16.27,,-0.0322,0.0214,1.9714,0.02539,0.4808
272,2236416,559104,1310,952.7,16.32,,-0.0327,0.0218,1.9684,0.02875,0.4716
273,2244608,561152,1312,955.5,16.35,,-0.0318,0.0344,1.8891,0.02921,0.4739
274,2252800,563200,1317,958.4,16.82,,-0.0275,0.0323,1.9319,0.02779,0.4718
275,2260992,565248,1322,961.2,17.01,,-0.031,0.0277,1.9861,0.03076,0.4733
276,2269184,567296,1324,964.0,16.97,,-0.0285,0.0221,1.9934,0.02904,0.4655
277,2277376,569344,1325,966.8,17.03,,-0.0363,0.0196,2.0216,0.02806,0.4852
278,2285568,571392,1329,969.7,17.06,,-0.0289,0.0314,1.8507,0.03417,0.4651
279,2293760,573440,1331,972.5,17.13,,-0.0248,0.0263,1.8127,0.03251,0.4991
280,2301952,575488,1334,975.3,17.26,,-0.0307,0.0266,1.8799,0.02742,0.4525
281,2310144,577536,1339,978.1,17.56,,-0.0302,0.0233,1.9514,0.03087,0.4705
282,2318336,579584,1339,980.9,17.56,,-0.0315,0.0185,1.9967,0.02661,0.4774
283,2326528,581632,1341,983.8,17.83,,-0.0319,0.0242,1.9617,0.03182,0.4877
284,2334720,583680,1344,986.6,17.69,,-0.0317,0.0191,1.9251,0.03015,0.4852
285,2342912,585728,1347,989.4,17.92,,-0.0281,0.0253,1.9991,0.03002,0.4897
286,2351104,587776,1347,992.2,17.92,,-0.0349,0.0208,2.0396,0.02521,0.4727
287,2359296,589824,1347,995.0,17.92,,-0.0342,0.0293,1.9169,0.02448,0.4629
288,2367488,591872,1354,997.9,18.61,,-0.0323,0.0335,1.8208,0.02839,0.4508
289,2375680,593920,1358,1000.7,18.48,,-0.0298,0.0295,1.8917,0.02999,0.4731
290,2383872,595968,1359,1003.5,18.42,,-0.0319,0.0246,1.8969,0.02727,0.4579
291,2392064,598016,1363,1006.4,18.76,,-0.0303,0.0208,1.9543,0.02982,0.4802
292,2400256,600064,1363,1009.1,18.76,,-0.0353,0.0202,1.9697,0.02909,0.4817
293,2408448,602112,1366,1012.0,18.71,,-0.0313,0.0235,2.0134,0.02931,0.4734
294,2416640,604160,1368,1014.8,18.75,,-0.0241,0.0226,2.0125,0.02359,0.4365
295,2424832,606208,1370,1017.6,18.8,,-0.0291,0.0231,1.9603,0.02828,0.472
296,2433024,608256,1373,1020.4,18.87,,-0.0308,0.0249,1.9961,0.0283,0.4565
297,2441216,610304,1378,1023.3,19.05,,-0.0344,0.0264,2.0832,0.0245,0.4559
298,2449408,612352,1380,1026.1,18.98,,-0.0329,0.0201,2.0405,0.02445,0.4739
299,2457600,614400,1383,1028.9,18.95,,-0.0331,0.0231,2.0587,0.02818,0.4797
300,2465792,616448,1384,1579.2,18.99,30.510000228881836,-0.0343,0.0191,2.0148,0.02698,0.4951
301,2473984,618496,1388,1582.0,18.82,,-0.0335,0.0266,2.0025,0.02699,0.4663
302,2482176,620544,1390,1584.8,18.85,,-0.0363,0.0181,2.0667,0.02485,0.4744
303,2490368,622592,1391,1587.6,18.82,,-0.0341,0.0192,2.0039,0.02804,0.4791
304,2498560,624640,1394,1590.4,19.06,,-0.0309,0.0233,2.0159,0.02954,0.505
305,2506752,626688,1395,1593.2,19.06,,-0.0357,0.0215,2.0722,0.02734,0.4783
306,2514944,628736,1399,1596.1,19.52,,-0.0323,0.0231,1.9536,0.03275,0.4686
307,2523136,630784,1401,1598.9,19.6,,-0.0327,0.0244,1.9525,0.03234,0.4912
308,2531328,632832,1403,1601.7,19.73,,-0.0355,0.0193,1.9906,0.03132,0.4816
309,2539520,634880,1404,1604.5,19.7,,-0.0316,0.026,1.8765,0.03161,0.4666
310,2547712,636928,1407,1607.3,19.77,,-0.0328,0.0278,1.9034,0.03095,0.4814
311,2555904,638976,1411,1610.1,20.02,,-0.0333,0.0246,1.8488,0.02937,0.4579
312,2564096,641024,1415,1612.9,19.95,,-0.0319,0.0226,1.9268,0.02892,0.441
313,2572288,643072,1415,1615.7,19.95,,-0.0331,0.0245,1.9328,0.02461,0.4484
314,2580480,645120,1419,1618.6,20.06,,-0.0316,0.0263,1.9357,0.02974,0.4335
315,2588672,647168,1420,1621.4,20.04,,-0.0323,0.0272,1.9659,0.0263,0.4515
316,2596864,649216,1421,1624.2,20.05,,-0.0313,0.02,1.9116,0.02913,0.472
317,2605056,651264,1424,1627.0,20.17,,-0.0324,0.0263,1.9604,0.03226,0.4843
318,2613248,653312,1428,1629.8,20.42,,-0.0305,0.0315,1.9085,0.03294,0.4784
319,2621440,655360,1430,1632.7,20.61,,-0.0331,0.0236,1.9909,0.02739,0.4904
320,2629632,657408,1433,1635.5,20.84,,-0.0301,0.0247,2.069,0.02979,0.4694
321,2637824,659456,1435,1638.3,21.01,,-0.0335,0.0208,2.072,0.02417,0.4564
322,2646016,661504,1436,1641.1,21.07,,-0.0321,0.0191,2.0253,0.02271,0.4419
323,2654208,663552,1436,1643.9,21.07,,-0.0329,0.0223,1.9827,0.02747,0.4873
324,2662400,665600,1439,1646.7,21.13,,-0.028,0.025,1.916,0.02892,0.467
325,2670592,667648,1443,1649.6,21.18,,-0.0307,0.0308,2.0297,0.03045,0.4546
326,2678784,669696,1445,1652.4,21.29,,-0.0347,0.0237,2.0657,0.03207,0.4779
327,2686976,671744,1449,1655.2,21.51,,-0.0317,0.0243,2.0359,0.03352,0.4756
328,2695168,673792,1450,1658.0,21.5,,-0.0333,0.0216,2.0671,0.02815,0.4872
329,2703360,675840,1451,1660.9,21.44,,-0.0333,0.0239,2.1079,0.02502,0.4883
330,2711552,677888,1457,1663.7,21.27,,-0.0286,0.0395,2.0711,0.02898,0.4874
331,2719744,679936,1457,1666.5,21.27,,-0.0357,0.0185,2.1777,0.02496,0.4838
332,2727936,681984,1459,1669.3,21.33,,-0.0341,0.0294,2.0725,0.02579,0.4728
333,2736128,684032,1464,1672.2,21.28,,-0.0339,0.0257,2.1443,0.02722,0.479
334,2744320,686080,1466,1675.0,21.44,,-0.0337,0.0267,2.1451,0.02745,0.4696
335,2752512,688128,1468,1677.8,21.46,,-0.0327,0.023,2.155,0.02707,0.4945
336,2760704,690176,1469,1680.6,21.49,,-0.0346,0.0291,2.0988,0.02254,0.4635
337,2768896,692224,1473,1683.4,21.26,,-0.0344,0.031,2.1046,0.02839,0.4642
338,2777088,694272,1476,1686.3,21.23,,-0.0336,0.0277,2.1004,0.02458,0.4707
339,2785280,696320,1478,1689.1,21.28,,-0.032,0.0296,2.1133,0.03037,0.4838
340,2793472,698368,1481,1691.9,21.49,,-0.0336,0.0243,2.0938,0.02765,0.4823
341,2801664,700416,1483,1694.7,21.51,,-0.0329,0.0269,2.0955,0.0314,0.4855
342,2809856,702464,1485,1697.5,21.65,,-0.0328,0.021,2.0984,0.04294,0.4921
343,2818048,704512,1487,1700.4,21.74,,-0.0336,0.0223,2.1139,0.0277,0.4907
344,2826240,706560,1489,1703.2,21.85,,-0.0325,0.0256,2.0751,0.03078,0.4755
345,2834432,708608,1492,1706.0,21.89,,-0.0313,0.0327,2.0296,0.02902,0.4818
346,2842624,710656,1495,1708.8,21.88,,-0.0339,0.0224,2.1305,0.02935,0.4778
347,2850816,712704,1498,1711.6,21.86,,-0.0291,0.0284,2.0283,0.02957,0.4506
348,2859008,714752,1499,1714.5,21.72,,-0.0328,0.0231,2.1016,0.02812,0.4683
349,2867200,716800,1500,1717.3,21.82,,-0.0354,0.0192,1.9998,0.03418,0.491
350,2875392,718848,1503,1720.1,21.74,,-0.0336,0.0293,1.845,0.03227,0.4712
351,2883584,720896,1505,1722.9,21.87,,-0.032,0.0273,1.9574,0.03595,0.4873
352,2891776,722944,1505,1725.7,21.87,,-0.034,0.0223,1.9045,0.0317,0.4865
353,2899968,724992,1510,1728.5,21.77,,-0.0315,0.0337,1.855,0.03207,0.4567
354,2908160,727040,1512,1731.4,21.91,,-0.0328,0.0226,1.885,0.03643,0.4846
355,2916352,729088,1515,1734.2,22.22,,-0.0313,0.0323,1.9492,0.0352,0.4678
356,2924544,731136,1518,1737.0,22.07,,-0.0292,0.0252,2.0009,0.03215,0.4796
357,2932736,733184,1520,1739.8,22.12,,-0.0302,0.0211,2.0446,0.03003,0.4679
358,2940928,735232,1521,1742.6,22.08,,-0.0343,0.021,1.9846,0.03333,0.4858
359,2949120,737280,1522,1745.4,22.14,,-0.0335,0.021,1.9819,0.03039,0.485
360,2957312,739328,1522,1748.2,22.14,,-0.0339,0.0229,1.9802,0.03336,0.4938
361,2965504,741376,1529,1751.1,22.18,,-0.0319,0.0283,1.9181,0.03436,0.4717
362,2973696,743424,1532,1753.9,22.13,,-0.0321,0.0201,2.0189,0.03162,0.4982
363,2981888,745472,1532,1756.7,22.13,,-0.0315,0.0203,2.0053,0.02764,0.4867
364,2990080,747520,1534,1759.5,22.27,,-0.0348,0.0198,1.9992,0.03658,0.5109
365,2998272,749568,1535,1762.3,22.34,,-0.0313,0.0211,1.8956,0.0325,0.4771
366,3006464,751616,1539,1765.1,22.3,,-0.0276,0.0301,1.8926,0.03101,0.4547
367,3014656,753664,1540,1767.9,22.28,,-0.0315,0.0191,2.0626,0.02675,0.4679
368,3022848,755712,1542,1770.7,22.34,,-0.0342,0.0255,2.0599,0.02549,0.4569
369,3031040,757760,1544,1773.5,22.35,,-0.0321,0.0202,2.1939,0.02616,0.4707
370,3039232,759808,1544,1776.3,22.35,,-0.0343,0.0256,2.011,0.02562,0.4855
371,3047424,761856,1547,1779.1,22.53,,-0.0314,0.023,1.8688,0.03178,0.4613
372,3055616,763904,1548,1781.9,22.42,,-0.0326,0.0236,1.9806,0.03201,0.479
373,3063808,765952,1553,1784.8,22.66,,-0.0281,0.0308,1.9068,0.02858,0.4639
374,3072000,768000,1556,1787.6,23.07,,-0.0293,0.0243,2.0634,0.02863,0.4791
375,3080192,770048,1557,1790.4,23.06,,-0.0344,0.0197,2.0423,0.02337,0.4651
376,3088384,772096,1559,1793.2,23.28,,-0.0347,0.0214,1.9905,0.02864,0.4569
377,3096576,774144,1562,1796.0,23.22,,-0.0314,0.0268,1.9142,0.03237,0.4581
378,3104768,776192,1563,1798.8,23.23,,-0.0343,0.0226,1.9763,0.03249,0.4932
379,3112960,778240,1565,1801.6,23.46,,-0.0309,0.0172,2.1045,0.02711,0.4603
380,3121152,780288,1567,1804.4,23.5,,-0.0359,0.025,2.0457,0.02823,0.4509
381,3129344,782336,1569,1807.2,23.47,,-0.0323,0.0234,1.9356,0.03054,0.4373
382,3137536,784384,1572,1810.0,23.86,,-0.0309,0.026,1.959,0.03292,0.4857
383,3145728,786432,1574,1812.8,23.83,,-0.0326,0.0278,1.8898,0.03199,0.4465
384,3153920,788480,1579,1815.6,23.96,,-0.0279,0.0237,1.9495,0.02591,0.4667
385,3162112,790528,1580,1818.4,23.87,,-0.0334,0.0208,2.0084,0.02711,0.4517
386,3170304,792576,1581,1821.2,23.89,,-0.0329,0.0186,1.9677,0.02829,0.4601
387,3178496,794624,1582,1824.0,24.0,,-0.0324,0.0195,2.0345,0.03373,0.4719
388,3186688,796672,1585,1826.9,23.92,,-0.0312,0.0248,1.985,0.0342,0.4819
389,3194880,798720,1586,1829.7,24.05,,-0.0356,0.0198,2.0255,0.02818,0.4734
390,3203072,800768,1587,1832.5,24.07,,-0.0358,0.0199,1.9848,0.0297,0.4615
391,3211264,802816,1590,1835.3,24.35,,-0.0333,0.0268,1.9688,0.03145,0.4734
392,3219456,804864,1593,1838.1,24.57,,-0.0304,0.0295,1.9152,0.03713,0.4641
393,3227648,806912,1597,1840.9,24.85,,-0.0318,0.0292,2.0523,0.02677,0.4535
394,3235840,808960,1598,1843.8,24.98,,-0.0355,0.0217,2.0555,0.03048,0.4806
395,3244032,811008,1601,1846.6,24.96,,-0.0344,0.0259,2.0635,0.03105,0.4634
396,3252224,813056,1601,1849.4,24.96,,-0.033,0.0166,2.0168,0.03136,0.4663
397,3260416,815104,1604,1852.2,24.77,,-0.0325,0.0224,2.0336,0.03121,0.4865
398,3268608,817152,1604,1855.0,24.77,,-0.0336,0.0184,1.9156,0.03349,0.4771
399,3276800,819200,1607,1857.8,24.86,,-0.0296,0.0302,1.8808,0.03524,0.4915
400,3284992,821248,1610,1976.5,24.77,54.650001525878906,-0.034,0.0215,2.04,0.03496,0.4976
401,3293184,823296,1611,1979.2,24.74,,-0.0362,0.0255,1.9043,0.03027,0.475
402,3301376,825344,1612,1982.0,24.79,,-0.0347,0.0183,1.9278,0.04129,0.4623
403,3309568,827392,1615,1984.8,24.81,,-0.0309,0.0358,2.0267,0.03435,0.4702
404,3317760,829440,1616,1987.6,25.08,,-0.032,0.0282,1.8742,0.03382,0.4537
405,3325952,831488,1622,1990.5,25.34,,-0.0333,0.0235,1.9846,0.03389,0.4674
406,3334144,833536,1622,1993.3,25.34,,-0.0304,0.0241,1.9238,0.03292,0.4728
407,3342336,835584,1626,1996.1,25.56,,-0.0313,0.0279,1.9229,0.03809,0.4818
408,3350528,837632,1628,1998.9,25.51,,-0.0353,0.0235,2.0461,0.03582,0.4496
409,3358720,839680,1628,2001.7,25.51,,-0.0374,0.0169,2.0331,0.02725,0.4771
410,3366912,841728,1630,2004.5,25.6,,-0.0347,0.0239,1.9317,0.03444,0.486
411,3375104,843776,1632,2007.3,25.57,,-0.0288,0.0237,1.8755,0.03636,0.4756
412,3383296,845824,1635,2010.1,25.31,,-0.03,0.0287,1.8948,0.03994,0.4857
413,3391488,847872,1637,2012.9,25.32,,-0.0312,0.0248,1.872,0.0376,0.4817
414,3399680,849920,1640,2015.8,25.7,,-0.035,0.0281,1.916,0.03766,0.4907
415,3407872,851968,1644,2018.6,25.59,,-0.0323,0.0257,1.9588,0.03177,0.4729
416,3416064,854016,1646,2021.4,25.36,,-0.0342,0.0182,2.0541,0.03583,0.4927
417,3424256,856064,1647,2024.2,25.19,,-0.0379,0.02,2.0458,0.02879,0.5061
418,3432448,858112,1647,2027.0,25.19,,-0.0348,0.0179,2.0042,0.03166,0.4972
419,3440640,860160,1649,2029.8,25.18,,-0.0348,0.0309,1.9173,0.05774,0.4763
420,3448832,862208,1652,2032.6,25.14,,-0.0269,0.0282,1.8346,0.04325,0.4834
421,3457024,864256,1656,2035.4,24.95,,-0.0308,0.0298,1.8607,0.03178,0.4647
422,3465216,866304,1658,2038.2,24.95,,-0.0324,0.0235,1.9553,0.04288,0.5048
423,3473408,868352,1660,2041.0,24.8,,-0.029,0.0273,1.8603,0.04024,0.4728
424,3481600,870400,1664,2043.8,25.01,,-0.0286,0.0242,2.0426,0.03701,0.4647
425,3489792,872448,1664,2046.6,25.01,,-0.0335,0.0201,2.0002,0.0326,0.4896
426,3497984,874496,1666,2049.4,24.87,,-0.0302,0.0245,1.9957,0.03785,0.4867
427,3506176,876544,1669,2052.2,24.82,,-0.0326,0.0284,1.9764,0.03324,0.4971
428,3514368,878592,1671,2055.1,24.72,,-0.0351,0.0272,1.9672,0.03672,0.4719
429,3522560,880640,1675,2057.9,24.63,,-0.031,0.0355,1.9272,0.03363,0.4799
430,3530752,882688,1679,2060.7,24.58,,-0.0352,0.0252,2.0686,0.0306,0.432
431,3538944,884736,1680,2063.5,24.53,,-0.0373,0.0197,2.0752,0.03283,0.4833
432,3547136,886784,1681,2066.3,24.49,,-0.0365,0.0228,2.0439,0.02884,0.479
433,3555328,888832,1682,2069.1,24.48,,-0.0366,0.0235,2.0221,0.03691,0.4747
434,3563520,890880,1686,2071.9,24.35,,-0.0321,0.0339,1.9208,0.03983,0.4796
435,3571712,892928,1689,2074.8,24.31,,-0.0311,0.0273,1.9552,0.03748,0.4697
436,3579904,894976,1691,2077.6,24.2,,-0.0328,0.0272,1.9926,0.03589,0.4761
437,3588096,897024,1694,2080.4,24.13,,-0.0333,0.0252,2.0609,0.03554,0.4918
438,3596288,899072,1698,2083.2,23.74,,-0.0349,0.0281,2.0908,0.034,0.4797
439,3604480,901120,1699,2086.0,23.64,,-0.0353,0.019,2.0442,0.03074,0.4724
440,3612672,903168,1702,2088.9,23.45,,-0.033,0.0264,2.0497,0.03906,0.488
441,3620864,905216,1704,2091.7,23.35,,-0.034,0.0273,2.0001,0.03742,0.4729
442,3629056,907264,1707,2094.5,23.25,,-0.0369,0.0218,2.0059,0.03951,0.5048
443,3637248,909312,1710,2097.3,23.25,,-0.0344,0.0343,2.0437,0.0356,0.4963
444,3645440,911360,1711,2100.1,23.23,,-0.0354,0.0241,2.0047,0.03758,0.5142
445,3653632,913408,1714,2102.9,22.97,,-0.0346,0.0308,1.947,0.03957,0.5088
446,3661824,915456,1716,2105.7,22.76,,-0.0341,0.0268,1.8013,0.03813,0.4937
447,3670016,917504,1718,2108.6,22.68,,-0.0343,0.0263,1.9469,0.04158,0.5092
448,3678208,919552,1720,2111.4,22.57,,-0.0311,0.0251,1.9244,0.03787,0.4647
449,3686400,921600,1725,2114.2,22.45,,-0.0282,0.0308,1.9963,0.03745,0.47
450,3694592,923648,1725,2117.0,22.45,,-0.0363,0.0187,1.9919,0.031,0.4651
451,3702784,925696,1726,2119.8,22.43,,-0.0322,0.0276,1.9447,0.04047,0.4727
452,3710976,927744,1728,2122.6,22.52,,-0.0328,0.0212,1.9697,0.04201,0.4874
453,3719168,929792,1730,2125.4,22.41,,-0.0318,0.0239,2.0213,0.03957,0.505
454,3727360,931840,1731,2128.2,22.5,,-0.0356,0.0204,2.094,0.0443,0.4928
455,3735552,933888,1734,2131.1,22.48,,-0.0364,0.0287,1.9894,0.04576,0.4968
456,3743744,935936,1738,2133.9,22.23,,-0.0313,0.026,1.9802,0.04146,0.4927
457,3751936,937984,1741,2136.7,22.2,,-0.0279,0.0252,2.0762,0.03811,0.5032
458,3760128,940032,1742,2139.5,22.18,,-0.0368,0.0268,2.0029,0.03762,0.4915
459,3768320,942080,1745,2142.3,22.32,,-0.0338,0.0243,2.0472,0.04311,0.4921
460,3776512,944128,1746,2145.1,22.33,,-0.0335,0.0243,1.9898,0.03476,0.4888
461,3784704,946176,1749,2148.0,22.55,,-0.0286,0.0276,1.9895,0.04414,0.4972
462,3792896,948224,1752,2150.8,22.27,,-0.0321,0.0314,1.9641,0.04439,0.4771
463,3801088,950272,1753,2153.6,22.3,,-0.0344,0.0236,2.0197,0.03511,0.5101
464,3809280,952320,1754,2156.4,22.06,,-0.0339,0.0214,1.9683,0.03993,0.4962
465,3817472,954368,1756,2159.2,22.1,,-0.0362,0.0248,1.8794,0.04901,0.4989
466,3825664,956416,1758,2162.0,22.13,,-0.0333,0.0239,1.902,0.04372,0.4822
467,3833856,958464,1763,2164.8,22.26,,-0.0284,0.0366,1.9522,0.0431,0.4952
468,3842048,960512,1766,2167.6,22.27,,-0.0315,0.0219,1.8908,0.04193,0.481
469,3850240,962560,1768,2170.4,22.37,,-0.0315,0.0233,1.991,0.04011,0.4595
470,3858432,964608,1770,2173.2,22.38,,-0.0316,0.0193,1.9844,0.03511,0.4772
471,3866624,966656,1772,2176.0,22.33,,-0.035,0.0227,2.0009,0.03431,0.4738
472,3874816,968704,1773,2178.8,22.32,,-0.0363,0.0209,2.0643,0.02814,0.459
473,3883008,970752,1775,2181.7,22.39,,-0.0312,0.0245,2.0684,0.03836,0.4767
474,3891200,972800,1779,2184.5,22.29,,-0.0352,0.0285,1.9094,0.0471,0.4746
475,3899392,974848,1782,2187.3,22.34,,-0.0324,0.024,1.9397,0.04036,0.4824
476,3907584,976896,1784,2190.1,22.39,,-0.0314,0.0253,1.9212,0.04083,0.4622
477,3915776,978944,1787,2192.9,22.63,,-0.0353,0.0199,2.0282,0.03782,0.4814
478,3923968,980992,1788,2195.7,22.41,,-0.0342,0.0208,2.0099,0.03809,0.48
479,3932160,983040,1789,2198.5,22.41,,-0.0345,0.0177,2.1128,0.03178,0.4791
480,3940352,985088,1790,2201.3,22.41,,-0.0352,0.0196,1.9509,0.03943,0.4825
481,3948544,987136,1792,2204.2,22.5,,-0.0346,0.0218,1.9734,0.04101,0.4813
482,3956736,989184,1794,2207.0,22.5,,-0.034,0.0223,1.8528,0.04234,0.4795
483,3964928,991232,1795,2209.7,22.61,,-0.034,0.0236,1.7517,0.04769,0.4906
484,3973120,993280,1799,2212.6,22.81,,-0.0297,0.0365,1.8372,0.04949,0.4714
485,3981312,995328,1801,2215.4,23.14,,-0.0316,0.0185,1.9584,0.04086,0.4781
486,3989504,997376,1804,2218.2,23.5,,-0.0332,0.0192,2.0492,0.03339,0.4696
487,3997696,999424,1807,2221.0,23.62,,-0.0341,0.0243,2.0096,0.03402,0.4779
488,4005888,1001472,1808,2223.8,23.7,,-0.0356,0.0214,1.9772,0.0337,0.454
489,4014080,1003520,1809,2226.6,23.52,,-0.0352,0.0208,2.0373,0.02923,0.4434
490,4022272,1005568,1811,2229.4,23.74,,-0.0347,0.0207,2.0469,0.02932,0.4575
491,4030464,1007616,1814,2232.2,23.87,,-0.0375,0.0269,1.9656,0.03712,0.4614
492,4038656,1009664,1815,2235.0,23.88,,-0.0344,0.0229,1.9248,0.03579,0.469
493,4046848,1011712,1818,2237.8,23.95,,-0.0339,0.0265,1.8814,0.04169,0.476
494,4055040,1013760,1820,2240.6,24.09,,-0.0327,0.0275,1.8956,0.03581,0.4696
495,4063232,1015808,1823,2243.4,24.24,,-0.031,0.0269,1.8809,0.03179,0.4506
496,4071424,1017856,1827,2246.3,24.18,,-0.0329,0.0301,1.9468,0.03362,0.4618
497,4079616,1019904,1828,2249.1,24.1,,-0.0329,0.0212,2.0681,0.03392,0.4482
498,4087808,1021952,1829,2251.9,24.22,,-0.0335,0.0224,1.9586,0.03478,0.4569
499,4096000,1024000,1830,2254.7,24.13,,-0.0295,0.0247,1.9972,0.03277,0.4872
500,4104192,1026048,1833,2399.2,23.99,61.11000061035156,-0.0341,0.0253,2.0102,0.0356,0.4519
501,4112384,1028096,1835,2402.0,24.15,,-0.0347,0.0211,1.9442,0.03529,0.4436
502,4120576,1030144,1836,2404.8,24.06,,-0.0318,0.0234,2.0317,0.03587,0.4598
503,4128768,1032192,1840,2407.6,24.4,,-0.0325,0.0255,2.031,0.03498,0.4597
504,4136960,1034240,1841,2410.4,24.35,,-0.0342,0.0245,2.0048,0.03605,0.4933
505,4145152,1036288,1842,2413.2,24.38,,-0.0364,0.0183,2.0085,0.0351,0.4735
506,4153344,1038336,1842,2416.0,24.38,,-0.0345,0.0185,1.9515,0.03939,0.4709
507,4161536,1040384,1845,2418.8,24.62,,-0.034,0.0207,2.0372,0.03531,0.4834
508,4169728,1042432,1845,2421.5,24.62,,-0.0346,0.0248,1.9275,0.04113,0.4833
509,4177920,1044480,1849,2424.4,24.75,,-0.0295,0.0285,1.8833,0.0475,0.4814
510,4186112,1046528,1852,2427.2,25.07,,-0.0322,0.0223,1.9946,0.0358,0.474
511,4194304,1048576,1854,2430.0,25.3,,-0.0352,0.0221,2.0477,0.03607,0.4652
512,4202496,1050624,1856,2432.8,25.41,,-0.0352,0.0159,1.9922,0.03469,0.4471
513,4210688,1052672,1857,2435.6,25.69,,-0.0348,0.0197,2.0235,0.04089,0.4568
514,4218880,1054720,1857,2438.4,25.69,,-0.034,0.0177,2.0187,0.03986,0.4873
515,4227072,1056768,1859,2441.2,25.69,,-0.0313,0.024,2.0084,0.04553,0.4777
516,4235264,1058816,1860,2444.0,25.63,,-0.0345,0.0219,1.969,0.04182,0.4962
517,4243456,1060864,1863,2446.8,25.61,,-0.0326,0.0321,1.8956,0.04857,0.4844
518,4251648,1062912,1869,2449.7,25.99,,-0.0323,0.0219,1.9911,0.0423,0.4729
519,4259840,1064960,1870,2452.5,26.03,,-0.0351,0.0195,1.9628,0.04239,0.4591
520,4268032,1067008,1872,2455.3,26.13,,-0.0365,0.0212,2.0262,0.04089,0.4886
521,4276224,1069056,1873,2458.1,26.25,,-0.0348,0.0182,2.0858,0.03484,0.4845
522,4284416,1071104,1873,2460.9,26.25,,-0.036,0.0179,2.0774,0.03817,0.483
523,4292608,1073152,1874,2463.6,26.25,,-0.032,0.0241,1.9351,0.03798,0.4845
524,4300800,1075200,1876,2466.5,26.48,,-0.0336,0.0194,1.9184,0.04919,0.4863
525,4308992,1077248,1879,2469.3,26.48,,-0.0301,0.0304,1.9254,0.0438,0.4758
526,4317184,1079296,1880,2472.1,26.61,,-0.0342,0.0205,2.0274,0.06634,0.4586
527,4325376,1081344,1883,2474.9,26.88,,-0.035,0.0193,2.0886,0.03355,0.468
528,4333568,1083392,1885,2477.7,27.09,,-0.0335,0.0229,1.9797,0.03344,0.4756
529,4341760,1085440,1887,2480.5,27.0,,-0.0317,0.0256,1.9691,0.03653,0.4801
530,4349952,1087488,1888,2483.3,27.22,,-0.0352,0.0209,1.9961,0.04567,0.47
531,4358144,1089536,1888,2486.1,27.22,,-0.0372,0.0214,1.888,0.03699,0.4874
532,4366336,1091584,1891,2488.9,27.31,,-0.034,0.024,1.92,0.05229,0.4664
533,4374528,1093632,1893,2491.8,27.59,,-0.034,0.0239,1.9229,0.04031,0.4714
534,4382720,1095680,1895,2494.6,27.48,,-0.0358,0.0225,1.9612,0.03405,0.4668
535,4390912,1097728,1897,2497.4,27.58,,-0.037,0.0225,1.9233,0.03646,0.4597
536,4399104,1099776,1899,2500.2,27.84,,-0.0326,0.0202,1.8338,0.05076,0.4862
537,4407296,1101824,1901,2503.0,27.76,,-0.0344,0.0199,1.9665,0.0356,0.4775
538,4415488,1103872,1904,2505.9,27.76,,-0.034,0.024,1.942,0.03944,0.4807
539,4423680,1105920,1906,2508.7,27.95,,-0.0333,0.0201,2.0377,0.03016,0.4432
540,4431872,1107968,1907,2511.5,27.77,,-0.034,0.0212,1.8948,0.04579,0.4801
541,4440064,1110016,1908,2514.3,27.71,,-0.0299,0.0242,1.8432,0.04239,0.4877
542,4448256,1112064,1912,2517.1,27.71,,-0.0291,0.0369,1.8839,0.04169,0.4891
543,4456448,1114112,1913,2519.9,27.69,,-0.033,0.0203,1.9332,0.03704,0.4978
544,4464640,1116160,1915,2522.8,27.61,,-0.0352,0.0247,1.9381,0.0429,0.499
545,4472832,1118208,1916,2525.6,27.84,,-0.0365,0.0171,2.0355,0.03397,0.4904
546,4481024,1120256,1918,2528.4,27.86,,-0.035,0.0245,1.9962,0.03753,0.4557
547,4489216,1122304,1921,2531.2,28.01,,-0.0344,0.022,2.0021,0.03651,0.4597
548,4497408,1124352,1923,2534.0,27.87,,-0.0342,0.0296,1.9584,0.04358,0.4889
549,4505600,1126400,1926,2536.9,28.03,,-0.0359,0.0248,1.9887,0.04412,0.4797
550,4513792,1128448,1928,2539.7,27.99,,-0.0332,0.0281,1.9705,0.04155,0.4915
551,4521984,1130496,1931,2542.5,28.11,,-0.0317,0.0263,1.9671,0.03974,0.4819
552,4530176,1132544,1933,2545.3,28.07,,-0.0325,0.0278,1.9878,0.03186,0.4779
553,4538368,1134592,1935,2548.1,27.98,,-0.0383,0.0226,1.9666,0.03982,0.4675
554,4546560,1136640,1936,2550.9,28.03,,-0.0352,0.0246,1.9755,0.03992,0.4594
555,4554752,1138688,1938,2553.8,28.06,,-0.0306,0.0257,2.066,0.03064,0.4534
556,4562944,1140736,1939,2556.6,28.1,,-0.0365,0.0253,1.9242,0.03934,0.484
557,4571136,1142784,1941,2559.3,28.18,,-0.0324,0.0273,1.8338,0.03982,0.4745
558,4579328,1144832,1944,2562.2,28.15,,-0.0339,0.0313,1.9307,0.04173,0.4836
559,4587520,1146880,1944,2564.9,28.15,,-0.0362,0.0221,1.8473,0.03632,0.4628
560,4595712,1148928,1947,2567.7,28.02,,-0.0317,0.0321,1.9224,0.0426,0.4933
561,4603904,1150976,1952,2570.6,27.54,,-0.0311,0.0379,2.1328,0.03112,0.4678
562,4612096,1153024,1953,2573.4,27.57,,-0.0353,0.0216,2.1318,0.0291,0.4562
563,4620288,1155072,1954,2576.2,27.59,,-0.0355,0.0238,2.007,0.03145,0.4447
564,4628480,1157120,1955,2579.0,27.26,,-0.0384,0.0216,2.0578,0.03978,0.4733
565,4636672,1159168,1960,2581.8,27.06,,-0.0351,0.0252,2.0759,0.03955,0.4636
566,4644864,1161216,1962,2584.6,27.21,,-0.0344,0.0256,2.0037,0.03567,0.4532
567,4653056,1163264,1965,2587.4,26.95,,-0.0288,0.0351,2.1017,0.03543,0.4813
568,4661248,1165312,1965,2590.2,26.95,,-0.0361,0.0198,2.0382,0.03485,0.5178
569,4669440,1167360,1969,2593.1,26.81,,-0.0351,0.0318,2.0654,0.03866,0.4774
570,4677632,1169408,1970,2595.9,26.6,,-0.037,0.0236,2.1303,0.05471,0.4688
571,4685824,1171456,1971,2598.7,26.63,,-0.0385,0.027,2.0434,0.03715,0.4828
572,4694016,1173504,1975,2601.5,26.7,,-0.0362,0.028,1.9121,0.04413,0.4861
573,4702208,1175552,1976,2604.3,26.58,,-0.0365,0.0251,1.9478,0.04825,0.4642
574,4710400,1177600,1978,2607.1,26.6,,-0.0332,0.0291,1.8924,0.04504,0.4778
575,4718592,1179648,1983,2610.0,26.29,,-0.0326,0.0282,2.0885,0.04234,0.439
576,4726784,1181696,1983,2612.7,26.29,,-0.0371,0.0155,2.0713,0.02806,0.4651
577,4734976,1183744,1984,2615.5,26.24,,-0.0343,0.0273,2.0265,0.03704,0.4692
578,4743168,1185792,1986,2618.3,26.1,,-0.0354,0.0236,2.0652,0.03256,0.476
579,4751360,1187840,1990,2621.1,25.95,,-0.0352,0.0306,1.9712,0.04258,0.4645
580,4759552,1189888,1993,2623.9,25.67,,-0.0334,0.0302,2.0036,0.04642,0.4602
581,4767744,1191936,1995,2626.8,25.61,,-0.0265,0.0331,1.9546,0.04424,0.4708
582,4775936,1193984,1998,2629.6,25.34,,-0.0332,0.0243,2.0229,0.0389,0.4862
583,4784128,1196032,2000,2632.4,25.18,,-0.0336,0.0252,2.0251,0.03316,0.484
584,4792320,1198080,2002,2635.2,24.9,,-0.0314,0.0264,2.1738,0.03234,0.4767
585,4800512,1200128,2002,2638.0,24.9,,-0.0338,0.0214,2.1327,0.03432,0.4904
586,4808704,1202176,2004,2640.8,24.83,,-0.0363,0.0289,2.0744,0.03237,0.4639
587,4816896,1204224,2005,2643.6,24.8,,-0.0334,0.0221,2.0833,0.03667,0.4841
588,4825088,1206272,2007,2646.4,24.92,,-0.0355,0.0259,1.9946,0.04051,0.4734
589,4833280,1208320,2012,2649.3,25.15,,-0.0299,0.0339,2.1286,0.0362,0.4669
590,4841472,1210368,2014,2652.1,25.12,,-0.0356,0.0265,2.1943,0.03662,0.4587
591,4849664,1212416,2015,2654.9,25.24,,-0.0375,0.0205,2.1942,0.02658,0.474
592,4857856,1214464,2017,2657.7,25.05,,-0.0352,0.0259,2.0964,0.03323,0.4673
593,4866048,1216512,2019,2660.5,24.89,,-0.0367,0.0307,2.1437,0.03737,0.4609
594,4874240,1218560,2023,2663.4,24.8,,-0.0332,0.0288,2.0332,0.03911,0.4746
595,4882432,1220608,2025,2666.2,24.78,,-0.0342,0.0262,2.0723,0.04288,0.5004
596,4890624,1222656,2026,2669.0,24.69,,-0.0356,0.0226,2.0899,0.03813,0.4805
597,4898816,1224704,2026,2671.8,24.69,,-0.0376,0.0192,2.0049,0.0399,0.4968
598,4907008,1226752,2031,2674.6,24.97,,-0.0328,0.0297,2.0176,0.04707,0.4587
599,4915200,1228800,2032,2677.5,24.98,,-0.038,0.0188,2.12,0.03686,0.4874
600,4923392,1230848,2035,2818.1,24.97,62.0099983215332,-0.0316,0.0245,2.0354,0.03954,0.4823
601,4931584,1232896,2036,2820.9,25.02,,-0.0349,0.0168,2.0941,0.03099,0.476
602,4939776,1234944,2039,2823.7,24.63,,-0.0302,0.0308,2.0334,0.04324,0.4662
603,4947968,1236992,2041,2826.5,24.63,,-0.0365,0.0277,2.005,0.08301,0.4656
604,4956160,1239040,2043,2829.3,24.59,,-0.0375,0.0192,2.0595,0.04129,0.5082
605,4964352,1241088,2044,2832.1,24.53,,-0.0365,0.0263,2.0002,0.03956,0.4906
606,4972544,1243136,2047,2834.9,24.43,,-0.0339,0.0316,1.8727,0.0489,0.4774
607,4980736,1245184,2049,2837.8,24.71,,-0.034,0.0225,1.9531,0.04832,0.4598
608,4988928,1247232,2050,2840.6,24.61,,-0.0326,0.0274,1.9144,0.04646,0.4777
609,4997120,1249280,2053,2843.4,24.78,,-0.0327,0.0268,1.9665,0.04957,0.4733
610,5005312,1251328,2055,2846.2,25.04,,-0.0316,0.0233,2.0041,0.03868,0.5016
611,5013504,1253376,2056,2849.0,25.23,,-0.0361,0.0214,1.8984,0.04534,0.4802
612,5021696,1255424,2060,2851.8,25.09,,-0.0288,0.0295,1.9681,0.04496,0.4489
613,5029888,1257472,2061,2854.6,24.9,,-0.0339,0.0258,2.0268,0.03538,0.4595
614,5038080,1259520,2062,2857.4,24.89,,-0.0324,0.0287,1.8714,0.05203,0.4611
615,5046272,1261568,2067,2860.3,24.95,,-0.0275,0.0323,1.9567,0.05056,0.4558
616,5054464,1263616,2069,2863.1,24.88,,-0.0339,0.0229,2.0484,0.03486,0.4624
617,5062656,1265664,2072,2865.9,24.94,,-0.0347,0.0261,2.0191,0.03094,0.4552
618,5070848,1267712,2072,2868.7,24.94,,-0.0366,0.0161,2.0484,0.03367,0.4646
619,5079040,1269760,2072,2871.5,24.94,,-0.0353,0.0226,1.991,0.038,0.4884
620,5087232,1271808,2075,2874.3,24.95,,-0.0334,0.02,2.0048,0.03895,0.4767
621,5095424,1273856,2078,2877.2,25.02,,-0.0383,0.0292,1.9962,0.0359,0.4681
622,5103616,1275904,2080,2880.0,24.99,,-0.0337,0.0291,1.8703,0.04446,0.4707
623,5111808,1277952,2083,2882.8,25.18,,-0.0351,0.0246,2.0102,0.03945,0.4828
624,5120000,1280000,2087,2885.6,25.21,,-0.0336,0.0261,1.9015,0.04977,0.4814
625,5128192,1282048,2088,2888.4,25.15,,-0.0326,0.0213,1.9681,0.0458,0.468
626,5136384,1284096,2090,2891.3,25.09,,-0.0364,0.0198,2.0332,0.03854,0.4841
627,5144576,1286144,2091,2894.1,25.08,,-0.0353,0.0227,1.9645,0.03857,0.4713
628,5152768,1288192,2094,2896.9,25.02,,-0.036,0.0257,1.9259,0.04157,0.4822
629,5160960,1290240,2094,2899.7,25.02,,-0.0375,0.0165,2.1056,0.04149,0.4716
630,5169152,1292288,2096,2902.5,25.16,,-0.0363,0.021,2.0133,0.03563,0.4667
631,5177344,1294336,2098,2905.2,25.11,,-0.0335,0.0257,1.972,0.04723,0.4773
632,5185536,1296384,2101,2908.1,25.42,,-0.0334,0.0259,1.9713,0.06327,0.4535
633,5193728,1298432,2104,2910.9,25.36,,-0.0346,0.0274,1.9352,0.04109,0.4807
634,5201920,1300480,2109,2913.7,25.47,,-0.0333,0.0296,2.0732,0.03648,0.4443
635,5210112,1302528,2110,2916.5,25.37,,-0.0373,0.0152,2.1502,0.03071,0.4832
636,5218304,1304576,2110,2919.3,25.37,,-0.0361,0.0188,2.1404,0.02717,0.4581
637,5226496,1306624,2111,2922.1,25.32,,-0.0383,0.0235,2.0164,0.03194,0.4753
638,5234688,1308672,2113,2924.9,25.16,,-0.0343,0.0277,1.9395,0.04225,0.4939
639,5242880,1310720,2117,2927.7,25.04,,-0.0341,0.0261,2.0177,0.04836,0.4648
640,5251072,1312768,2120,2930.5,25.16,,-0.0334,0.0245,1.9693,0.03903,0.4437
641,5259264,1314816,2123,2933.4,25.09,,-0.0344,0.0187,2.1094,0.03172,0.4514
642,5267456,1316864,2125,2936.2,25.15,,-0.0365,0.0199,2.0348,0.03115,0.46
643,5275648,1318912,2126,2939.0,25.29,,-0.0388,0.0174,2.1875,0.03658,0.4482
644,5283840,1320960,2126,2941.8,25.29,,-0.0407,0.0163,2.098,0.0299,0.4579
645,5292032,1323008,2128,2944.6,25.23,,-0.0347,0.0227,2.1357,0.03601,0.4512
646,5300224,1325056,2128,2947.4,25.23,,-0.0367,0.0176,2.1074,0.03016,0.4792
647,5308416,1327104,2132,2950.2,25.06,,-0.0355,0.029,1.9457,0.04452,0.457
648,5316608,1329152,2135,2953.1,25.13,,-0.0334,0.0266,2.0182,0.04965,0.4841
649,5324800,1331200,2136,2955.9,25.0,,-0.0353,0.0179,2.082,0.03571,0.4927
650,5332992,1333248,2137,2958.7,25.07,,-0.0354,0.0254,1.9979,0.0501,0.4902
651,5341184,1335296,2140,2961.5,25.4,,-0.0334,0.028,2.0421,0.04186,0.4556
652,5349376,1337344,2142,2964.3,25.64,,-0.0364,0.0243,1.9929,0.03992,0.455
653,5357568,1339392,2143,2967.1,25.83,,-0.0371,0.0256,1.8912,0.05777,0.4482
654,5365760,1341440,2145,2969.9,25.93,,-0.0346,0.0246,2.0536,0.04992,0.4761
655,5373952,1343488,2146,2972.7,25.9,,-0.0339,0.0289,1.9456,0.05147,0.4548
656,5382144,1345536,2149,2975.5,25.94,,-0.029,0.0384,1.9547,0.06001,0.4569
657,5390336,1347584,2151,2978.3,26.01,,-0.0319,0.0235,1.9794,0.04847,0.4744
658,5398528,1349632,2156,2981.1,25.83,,-0.0315,0.039,1.9346,0.04273,0.4397
659,5406720,1351680,2157,2983.9,25.83,,-0.0371,0.0166,2.0796,0.03677,0.4747
660,5414912,1353728,2159,2986.8,25.9,,-0.0226,0.0215,2.0749,0.04634,0.4398
661,5423104,1355776,2159,2989.5,25.9,,-0.0315,0.0143,2.1482,0.02725,0.483
662,5431296,1357824,2159,2992.3,25.9,,-0.0339,0.0188,2.0689,0.03417,0.4835
663,5439488,1359872,2159,2995.1,25.9,,-0.0354,0.0193,1.9215,0.05443,0.4672
664,5447680,1361920,2161,2998.0,25.93,,-0.0328,0.0328,1.9678,0.06201,0.449
665,5455872,1363968,2164,3000.8,26.17,,-0.036,0.024,1.9546,0.04045,0.486
666,5464064,1366016,2167,3003.6,26.56,,-0.0308,0.0306,1.8356,0.05202,0.4446
667,5472256,1368064,2171,3006.4,26.88,,-0.0312,0.0326,1.9603,0.03866,0.4523
668,5480448,1370112,2171,3009.2,26.88,,-0.0339,0.0163,2.035,0.04027,0.4625
669,5488640,1372160,2173,3012.1,27.17,,-0.032,0.0273,1.8709,0.04703,0.4528
670,5496832,1374208,2175,3014.9,27.42,,-0.0354,0.0234,2.0018,0.04934,0.4556
671,5505024,1376256,2175,3017.6,27.42,,-0.0382,0.021,2.04,0.03498,0.4758
672,5513216,1378304,2175,3020.4,27.42,,-0.039,0.0176,2.0358,0.04356,0.4845
673,5521408,1380352,2177,3023.2,27.46,,-0.027,0.0308,1.8871,0.05132,0.4572
674,5529600,1382400,2180,3026.0,27.41,,-0.0183,0.0323,1.9401,0.04612,0.4412
675,5537792,1384448,2183,3028.8,27.34,,-0.0299,0.0313,1.7792,0.04419,0.4603
676,5545984,1386496,2185,3031.6,27.4,,-0.0313,0.0257,1.8254,0.05438,0.4689
677,5554176,1388544,2190,3034.5,27.95,,-0.0307,0.026,1.837,0.05433,0.4655
678,5562368,1390592,2191,3037.3,27.98,,-0.0349,0.0213,1.9784,0.04329,0.4838
679,5570560,1392640,2192,3040.1,27.98,,-0.0373,0.0168,1.9935,0.04046,0.4756
680,5578752,1394688,2193,3042.9,28.01,,-0.0357,0.0201,1.9501,0.04372,0.476
681,5586944,1396736,2194,3045.7,27.9,,-0.0332,0.0221,1.8475,0.0426,0.4697
682,5595136,1398784,2196,3048.5,27.84,,-0.0333,0.0251,1.7831,0.05534,0.4872
683,5603328,1400832,2202,3051.3,27.73,,-0.0303,0.0355,1.831,0.0438,0.4478
684,5611520,1402880,2204,3054.2,27.87,,-0.0337,0.0247,1.7637,0.05178,0.4468
685,5619712,1404928,2205,3057.0,27.81,,-0.0338,0.02,1.8325,0.06019,0.4829
686,5627904,1406976,2207,3059.8,27.83,,-0.0331,0.0193,1.9461,0.04538,0.4873
687,5636096,1409024,2208,3062.5,27.71,,-0.0345,0.0178,1.8228,0.04963,0.4835
688,5644288,1411072,2209,3065.3,27.84,,-0.0295,0.027,1.738,0.06147,0.4735
689,5652480,1413120,2211,3068.1,27.87,,-0.031,0.0225,1.72,0.04635,0.4626
690,5660672,1415168,2214,3071.0,28.01,,-0.0342,0.0247,1.809,0.05424,0.464
691,5668864,1417216,2214,3073.8,28.01,,-0.0309,0.0243,1.7874,0.05223,0.4689
692,5677056,1419264,2218,3076.6,27.97,,-0.0319,0.027,1.7349,0.06048,0.4888
693,5685248,1421312,2221,3079.4,28.21,,-0.0339,0.0252,1.7541,0.04348,0.4576
694,5693440,1423360,2223,3082.2,28.44,,-0.0329,0.0189,1.896,0.04218,0.4642
695,5701632,1425408,2224,3085.0,28.51,,-0.0352,0.0175,1.908,0.03861,0.4883
696,5709824,1427456,2225,3087.8,28.39,,-0.0333,0.0251,1.7824,0.04542,0.489
697,5718016,1429504,2229,3090.7,28.27,,-0.0313,0.0289,1.814,0.07581,0.4558
698,5726208,1431552,2230,3093.5,28.15,,-0.0363,0.0187,1.7814,0.05038,0.4583
699,5734400,1433600,2231,3096.3,28.2,,-0.0369,0.0238,1.8666,0.05178,0.4666
700,5742592,1435648,2233,3758.1,28.21,71.45999908447266,-0.0342,0.0201,1.8922,0.05291,0.4905
701,5750784,1437696,2234,3760.8,28.33,,-0.0363,0.0218,1.8134,0.05125,0.4967
702,5758976,1439744,2237,3763.7,28.49,,-0.0339,0.026,1.8489,0.05196,0.4713
703,5767168,1441792,2241,3766.5,28.53,,-0.0328,0.0256,1.8011,0.05406,0.4531
704,5775360,1443840,2242,3769.3,28.46,,-0.0357,0.0193,1.8144,0.05301,0.4568
705,5783552,1445888,2243,3772.1,28.26,,-0.0336,0.0178,1.8408,0.05094,0.4771
706,5791744,1447936,2243,3774.9,28.26,,-0.0254,0.0222,1.7807,0.05325,0.4701
707,5799936,1449984,2246,3777.7,28.27,,-0.0369,0.0215,1.8805,0.04967,0.4902
708,5808128,1452032,2247,3780.5,28.19,,-0.0308,0.0226,1.8862,0.05305,0.4703
709,5816320,1454080,2249,3783.3,28.21,,-0.0299,0.0295,1.6848,0.06567,0.4739
710,5824512,1456128,2252,3786.1,28.71,,-0.0288,0.0321,1.6838,0.05875,0.4532
711,5832704,1458176,2256,3789.0,28.65,,-0.0305,0.0308,1.8016,0.04907,0.4315
712,5840896,1460224,2258,3791.8,28.57,,-0.0318,0.025,1.8345,0.04693,0.4492
713,5849088,1462272,2260,3794.6,28.62,,-0.0307,0.0206,1.8221,0.05412,0.4506
714,5857280,1464320,2260,3797.4,28.62,,-0.0363,0.0198,1.8578,0.03879,0.4496
715,5865472,1466368,2261,3800.2,28.56,,-0.0317,0.0305,1.7711,0.05089,0.4622
716,5873664,1468416,2265,3803.0,28.2,,-0.0261,0.0378,1.7841,0.06677,0.4656
717,5881856,1470464,2269,3805.9,28.05,,-0.0318,0.0245,1.8394,0.04595,0.4454
718,5890048,1472512,2270,3808.7,27.88,,-0.0347,0.0208,1.9189,0.04255,0.4445
719,5898240,1474560,2272,3811.5,27.56,,-0.0324,0.0283,1.8026,0.04723,0.4667
720,5906432,1476608,2273,3814.3,27.36,,-0.0307,0.029,1.8705,0.07606,0.4656
721,5914624,1478656,2277,3817.2,27.24,,-0.0311,0.0285,1.9576,0.03658,0.4696
722,5922816,1480704,2280,3820.0,27.17,,-0.0322,0.0224,1.875,0.04351,0.4463
723,5931008,1482752,2280,3822.8,27.17,,-0.0367,0.0157,2.0186,0.03562,0.4811
724,5939200,1484800,2282,3825.6,27.24,,-0.0337,0.027,1.8794,0.04468,0.4452
725,5947392,1486848,2284,3828.4,27.03,,-0.0324,0.0263,1.8764,0.03799,0.4459
726,5955584,1488896,2285,3831.2,27.12,,-0.0308,0.0247,1.8482,0.04302,0.4384
727,5963776,1490944,2288,3834.1,26.81,,-0.0292,0.0303,1.7474,0.04916,0.4167
728,5971968,1492992,2290,3836.9,26.62,,-0.0305,0.0239,1.7489,0.04796,0.4436
729,5980160,1495040,2294,3839.7,27.07,,-0.0306,0.037,1.6962,0.05133,0.4412
730,5988352,1497088,2296,3842.5,27.08,,-0.0312,0.0234,1.8662,0.05038,0.4547
731,5996544,1499136,2297,3845.3,27.05,,-0.0328,0.0203,1.7994,0.04971,0.4647
732,6004736,1501184,2299,3848.2,27.13,,-0.0361,0.0196,1.9987,0.03884,0.455
733,6012928,1503232,2299,3850.9,27.13,,-0.0337,0.0263,1.96,0.05071,0.4652
734,6021120,1505280,2301,3853.7,27.2,,-0.032,0.0248,1.8351,0.04287,0.4637
735,6029312,1507328,2304,3856.5,27.38,,-0.0314,0.0239,1.7381,0.05336,0.4606
736,6037504,1509376,2306,3859.3,27.29,,-0.0291,0.0256,1.7596,0.04376,0.4424
737,6045696,1511424,2310,3862.2,27.02,,-0.0228,0.0349,1.8115,0.0527,0.4523
738,6053888,1513472,2312,3865.0,27.18,,-0.0284,0.0247,1.7893,0.04738,0.4652
739,6062080,1515520,2313,3867.8,27.34,,-0.0327,0.0229,1.8244,0.04981,0.4719
740,6070272,1517568,2315,3870.6,27.27,,-0.0356,0.0253,1.9004,0.05237,0.4817
741,6078464,1519616,2316,3873.4,27.33,,-0.031,0.0212,1.937,0.04444,0.4869
742,6086656,1521664,2317,3876.2,27.37,,-0.0328,0.0257,1.8124,0.04772,0.4677
743,6094848,1523712,2320,3879.0,27.32,,-0.0304,0.0336,1.7633,0.04864,0.4376
744,6103040,1525760,2321,3881.8,27.31,,-0.0338,0.0242,1.7904,0.04689,0.4865
745,6111232,1527808,2324,3884.6,27.19,,-0.0284,0.0247,1.8587,0.04411,0.4606
746,6119424,1529856,2325,3887.4,27.25,,-0.0397,0.0184,1.9943,0.03707,0.4867
747,6127616,1531904,2325,3890.2,27.25,,-0.034,0.0256,1.8676,0.04572,0.4875
748,6135808,1533952,2328,3893.1,27.74,,-0.0255,0.0603,1.66,0.05845,0.4684
749,6144000,1536000,2331,3895.9,28.36,,-0.0187,0.1174,1.8083,0.05076,0.429
750,6152192,1538048,2333,3898.7,28.12,,-0.0331,0.0407,1.8713,0.04552,0.473
751,6160384,1540096,2336,3901.5,27.83,,-0.0305,0.0364,1.8748,0.04222,0.433
752,6168576,1542144,2337,3904.2,28.09,,-0.0324,0.0239,1.8375,0.04519,0.442
753,6176768,1544192,2340,3907.1,27.96,,-0.0339,0.024,2.0026,0.0317,0.4465
754,6184960,1546240,2340,3909.8,27.96,,-0.0338,0.0219,1.8428,0.04322,0.4683
755,6193152,1548288,2343,3912.7,27.88,,-0.0274,0.0336,1.9118,0.03805,0.4779
756,6201344,1550336,2344,3915.5,27.83,,-0.0339,0.0209,1.8913,0.04367,0.47
757,6209536,1552384,2347,3918.3,27.92,,-0.0318,0.027,1.9815,0.05334,0.4622
758,6217728,1554432,2349,3921.1,27.95,,-0.035,0.0224,1.9172,0.0378,0.4681
759,6225920,1556480,2351,3923.9,27.69,,-0.0335,0.024,1.8576,0.04496,0.4526
760,6234112,1558528,2352,3926.7,27.61,,-0.0369,0.0189,1.9494,0.03731,0.4558
761,6242304,1560576,2354,3929.5,27.66,,-0.0321,0.022,1.8906,0.04523,0.4725
762,6250496,1562624,2357,3932.3,27.62,,-0.0305,0.0296,1.8396,0.03706,0.4424
763,6258688,1564672,2358,3935.2,27.54,,-0.0336,0.0215,1.8257,0.0412,0.4572
764,6266880,1566720,2361,3938.0,27.69,,-0.0311,0.0211,1.9886,0.0419,0.4873
765,6275072,1568768,2361,3940.8,27.69,,-0.0356,0.0234,2.0003,0.03835,0.478
766,6283264,1570816,2361,3943.5,27.69,,-0.0365,0.0182,1.9424,0.04301,0.4653
767,6291456,1572864,2366,3946.4,28.03,,-0.0312,0.036,1.8589,0.05709,0.4683
768,6299648,1574912,2368,3949.2,28.06,,-0.0329,0.0315,2.0009,0.03767,0.4554
769,6307840,1576960,2372,3952.0,28.3,,-0.0323,0.0299,1.8807,0.04517,0.4327
770,6316032,1579008,2372,3954.8,28.3,,-0.0347,0.0181,2.0719,0.03703,0.4734
771,6324224,1581056,2373,3957.6,28.49,,-0.0346,0.0172,2.077,0.03504,0.4836
772,6332416,1583104,2375,3960.4,28.52,,-0.034,0.0294,2.0366,0.03299,0.4501
773,6340608,1585152,2378,3963.2,28.58,,-0.0305,0.0277,2.0468,0.04025,0.4401
774,6348800,1587200,2379,3966.0,28.4,,-0.0369,0.0221,2.0158,0.04196,0.4553
775,6356992,1589248,2381,3968.8,28.37,,-0.0318,0.0251,1.878,0.0505,0.4742
776,6365184,1591296,2385,3971.6,28.4,,-0.0302,0.0322,1.9343,0.05263,0.441
777,6373376,1593344,2385,3974.4,28.4,,-0.0341,0.0185,1.9978,0.04007,0.4835
778,6381568,1595392,2388,3977.3,28.55,,-0.0281,0.0246,2.0104,0.04134,0.4801
779,6389760,1597440,2391,3980.1,28.41,,-0.0306,0.0321,1.8907,0.04186,0.437
780,6397952,1599488,2393,3982.9,28.3,,-0.0345,0.0205,2.1017,0.0411,0.4563
781,6406144,1601536,2394,3985.7,28.23,,-0.037,0.0185,1.9403,0.04872,0.4681
782,6414336,1603584,2396,3988.5,28.18,,-0.0356,0.0242,2.0721,0.04467,0.4685
783,6422528,1605632,2397,3991.3,28.01,,-0.0306,0.0278,1.7378,0.06124,0.4762
784,6430720,1607680,2402,3994.1,27.81,,-0.0335,0.0267,1.9293,0.06233,0.4772
785,6438912,1609728,2403,3996.9,27.74,,-0.0321,0.0251,1.9909,0.04217,0.4492
786,6447104,1611776,2406,3999.7,27.98,,-0.0364,0.02,2.0556,0.04178,0.4753
787,6455296,1613824,2407,4002.5,27.92,,-0.0314,0.0279,1.9732,0.04188,0.4684
788,6463488,1615872,2408,4005.3,28.01,,-0.0381,0.0191,2.0093,0.04836,0.4622
789,6471680,1617920,2411,4008.1,27.93,,-0.0339,0.0299,1.8585,0.0517,0.4788
790,6479872,1619968,2416,4011.0,27.5,,-0.0316,0.0332,1.8352,0.06168,0.4664
791,6488064,1622016,2418,4013.8,27.52,,-0.0338,0.0206,2.0339,0.04588,0.4915
792,6496256,1624064,2419,4016.6,27.61,,-0.033,0.0195,2.0761,0.04249,0.4855
793,6504448,1626112,2420,4019.4,27.7,,-0.0308,0.0231,2.015,0.03916,0.4761
794,6512640,1628160,2422,4022.2,27.62,,-0.0307,0.0307,1.8683,0.0402,0.4359
795,6520832,1630208,2426,4025.0,27.16,,-0.029,0.0288,1.9834,0.04254,0.4493
796,6529024,1632256,2426,4027.8,27.16,,-0.0347,0.0209,1.9537,0.0344,0.4651
797,6537216,1634304,2430,4030.6,26.25,,-0.035,0.0305,1.932,0.03991,0.4469
798,6545408,1636352,2432,4033.4,26.38,,-0.0337,0.0295,1.8884,0.05201,0.4724
799,6553600,1638400,2437,4036.3,25.94,,-0.0307,0.0299,2.008,0.04729,0.4594
800,6561792,1640448,2439,4175.0,26.0,67.94999694824219,-0.0361,0.0254,2.0299,0.03348,0.4795
801,6569984,1642496,2441,4177.8,25.71,,-0.0337,0.0228,2.0035,0.03844,0.469
802,6578176,1644544,2442,4180.6,25.66,,-0.0335,0.0243,1.9672,0.03864,0.4594
803,6586368,1646592,2443,4183.4,25.74,,-0.0376,0.0209,2.0435,0.03281,0.4736
804,6594560,1648640,2444,4186.2,25.63,,-0.0337,0.0247,1.9078,0.03663,0.453
805,6602752,1650688,2447,4189.0,25.43,,-0.0331,0.0359,1.9277,0.03876,0.4539
806,6610944,1652736,2450,4191.8,25.38,,-0.0341,0.0261,1.9361,0.04023,0.4647
807,6619136,1654784,2450,4194.6,25.38,,-0.0378,0.0193,1.9022,0.05587,0.4739
808,6627328,1656832,2454,4197.4,25.3,,-0.0317,0.0277,1.9222,0.04978,0.4458
809,6635520,1658880,2456,4200.2,25.6,,-0.0315,0.0271,1.965,0.04085,0.4692
810,6643712,1660928,2457,4203.0,25.65,,-0.0352,0.0206,2.025,0.03575,0.4658
811,6651904,1662976,2457,4205.8,25.65,,-0.0357,0.0187,1.9953,0.04273,0.4464
812,6660096,1665024,2460,4208.6,25.64,,-0.0339,0.0238,1.9872,0.04488,0.4833
813,6668288,1667072,2462,4211.4,25.75,,-0.0336,0.023,1.8814,0.04313,0.4674
814,6676480,1669120,2465,4214.3,25.6,,-0.0272,0.0365,1.8411,0.0546,0.4821
815,6684672,1671168,2468,4217.1,25.32,,-0.0312,0.0248,2.1155,0.04518,0.4691
816,6692864,1673216,2468,4219.9,25.32,,-0.0369,0.0202,2.0246,0.02839,0.4423
817,6701056,1675264,2470,4222.7,25.33,,-0.0311,0.0265,2.0903,0.03614,0.4315
818,6709248,1677312,2472,4225.5,25.35,,-0.0328,0.0252,2.1393,0.033,0.4597
819,6717440,1679360,2474,4228.3,25.46,,-0.0356,0.0207,2.0945,0.02982,0.4614
820,6725632,1681408,2475,4231.1,25.36,,-0.0325,0.0209,1.9876,0.04155,0.4884
821,6733824,1683456,2476,4233.9,25.36,,-0.0371,0.0227,1.9964,0.03246,0.4725
822,6742016,1685504,2480,4236.8,25.84,,-0.0306,0.0386,1.9264,0.03627,0.4655
823,6750208,1687552,2483,4239.6,25.87,,-0.0321,0.0239,2.0243,0.03549,0.4474
824,6758400,1689600,2484,4242.3,25.9,,-0.0322,0.0198,2.1025,0.0371,0.4608
825,6766592,1691648,2485,4245.1,25.83,,-0.033,0.0238,2.045,0.03792,0.4891
826,6774784,1693696,2486,4247.9,25.93,,-0.0368,0.0208,1.8733,0.05095,0.4814
827,6782976,1695744,2488,4250.7,25.84,,-0.0368,0.0205,1.9864,0.04305,0.4583
828,6791168,1697792,2489,4253.5,26.1,,-0.0329,0.025,1.9218,0.04796,0.4843
829,6799360,1699840,2494,4256.4,26.14,,-0.0251,0.0442,1.9102,0.04446,0.4698
830,6807552,1701888,2495,4259.2,26.18,,-0.0316,0.0233,1.9596,0.03318,0.4729
831,6815744,1703936,2498,4262.0,26.48,,-0.0329,0.0203,2.1847,0.04412,0.4115
832,6823936,1705984,2499,4264.8,26.58,,-0.0341,0.0181,2.2335,0.0271,0.4282
833,6832128,1708032,2499,4267.6,26.58,,-0.0392,0.0156,2.1787,0.02893,0.4557
834,6840320,1710080,2501,4270.4,26.75,,-0.0341,0.0179,2.1829,0.03756,0.469
835,6848512,1712128,2504,4273.3,26.82,,-0.0325,0.0225,2.0828,0.03919,0.4747
836,6856704,1714176,2505,4276.1,26.71,,-0.0328,0.023,2.0953,0.03306,0.5002
837,6864896,1716224,2506,4278.9,26.68,,-0.0293,0.0252,2.0454,0.0425,0.4519
838,6873088,1718272,2509,4281.7,26.73,,-0.0303,0.0351,2.0447,0.03321,0.4702
839,6881280,1720320,2513,4284.5,26.84,,-0.0332,0.0323,2.0353,0.03803,0.4512
840,6889472,1722368,2514,4287.3,26.96,,-0.036,0.022,2.1049,0.05891,0.4359
841,6897664,1724416,2514,4290.1,26.96,,-0.037,0.0198,2.0188,0.03802,0.446
842,6905856,1726464,2517,4292.9,27.04,,-0.0338,0.0282,1.9686,0.04058,0.4447
843,6914048,1728512,2520,4295.7,27.14,,-0.0355,0.0225,2.1163,0.04035,0.4615
844,6922240,1730560,2521,4298.5,27.25,,-0.0364,0.0256,2.0872,0.03747,0.4736
845,6930432,1732608,2521,4301.3,27.25,,-0.0346,0.0201,1.994,0.04427,0.4594
846,6938624,1734656,2524,4304.1,27.49,,-0.0328,0.0322,1.9407,0.04917,0.4419
847,6946816,1736704,2528,4307.0,27.88,,-0.0326,0.0244,1.9417,0.03978,0.4403
848,6955008,1738752,2531,4309.8,27.78,,-0.0308,0.023,2.0041,0.03663,0.4353
849,6963200,1740800,2532,4312.6,27.78,,-0.0333,0.0277,2.0073,0.04515,0.4506
850,6971392,1742848,2534,4315.4,27.58,,-0.0358,0.0177,2.0845,0.04345,0.4591
851,6979584,1744896,2536,4318.2,27.96,,-0.0339,0.0242,2.1265,0.03256,0.4425
852,6987776,1746944,2536,4321.0,27.96,,-0.0155,0.0745,2.0896,0.04001,0.4105
853,6995968,1748992,2537,4323.8,28.09,,-0.0167,0.102,1.946,0.04944,0.4336
854,7004160,1751040,2537,4326.6,28.09,,-0.025,0.062,2.0273,0.05027,0.4435
855,7012352,1753088,2540,4329.4,28.71,,-0.0251,0.0356,2.156,0.02992,0.4822
856,7020544,1755136,2544,4332.2,28.94,,-0.0321,0.0344,2.0813,0.02791,0.446
857,7028736,1757184,2548,4335.0,29.36,,-0.0331,0.0355,2.1309,0.0413,0.4448
858,7036928,1759232,2552,4337.8,29.49,,-0.0334,0.0313,2.1479,0.03912,0.4537
859,7045120,1761280,2552,4340.6,29.49,,-0.0389,0.0201,2.1954,0.02616,0.472
860,7053312,1763328,2554,4343.4,29.33,,-0.0215,0.1208,2.1287,0.02631,0.4003
861,7061504,1765376,2556,4346.2,28.8,,-0.026,0.0713,2.2174,0.02635,0.4066
862,7069696,1767424,2557,4349.0,28.76,,-0.0343,0.0486,2.229,0.027,0.4337
863,7077888,1769472,2562,4351.9,28.52,,-0.0283,0.0602,2.0647,0.03267,0.4419
864,7086080,1771520,2565,4354.7,28.79,,-0.0296,0.0338,2.2179,0.03384,0.4237
865,7094272,1773568,2566,4357.5,28.68,,-0.0372,0.0227,2.1456,0.03365,0.475
866,7102464,1775616,2568,4360.3,28.59,,-0.0343,0.0355,2.1262,0.03857,0.4386
867,7110656,1777664,2569,4363.1,28.68,,-0.0347,0.0235,2.2045,0.03227,0.4437
868,7118848,1779712,2570,4365.9,28.72,,-0.0381,0.0276,2.1402,0.04013,0.4736
869,7127040,1781760,2572,4368.7,28.76,,-0.0355,0.0293,2.0782,0.03681,0.4486
870,7135232,1783808,2575,4371.5,28.53,,-0.0324,0.0344,2.0144,0.04428,0.448
871,7143424,1785856,2576,4374.4,28.52,,-0.0386,0.023,2.0613,0.03817,0.4521
872,7151616,1787904,2578,4377.2,28.39,,-0.0346,0.0262,2.0441,0.0453,0.4586
873,7159808,1789952,2581,4380.0,28.32,,-0.0326,0.0355,2.0581,0.03631,0.4377
874,7168000,1792000,2582,4382.8,28.42,,-0.034,0.0292,2.0423,0.04032,0.46
875,7176192,1794048,2584,4385.6,28.5,,-0.0362,0.0307,2.0297,0.03934,0.4668
876,7184384,1796096,2587,4388.4,28.08,,-0.0326,0.0278,2.0312,0.04566,0.4496
877,7192576,1798144,2591,4391.2,28.07,,-0.0352,0.0273,2.1354,0.04633,0.4541
878,7200768,1800192,2592,4394.0,27.84,,-0.0356,0.021,2.1063,0.03803,0.4545
879,7208960,1802240,2594,4396.8,27.88,,-0.0348,0.0299,2.0804,0.03357,0.4402
880,7217152,1804288,2594,4399.6,27.88,,-0.039,0.0176,2.1852,0.02814,0.4534
881,7225344,1806336,2596,4402.4,27.87,,-0.0342,0.0273,2.0636,0.04339,0.4576
882,7233536,1808384,2598,4405.2,28.0,,-0.0367,0.0269,2.0361,0.04912,0.4579
883,7241728,1810432,2599,4408.0,28.01,,-0.037,0.0251,1.9864,0.03853,0.4547
884,7249920,1812480,2601,4410.8,27.9,,-0.0368,0.0239,1.9641,0.04467,0.4845
885,7258112,1814528,2607,4413.7,27.71,,-0.0317,0.0313,2.2174,0.04491,0.4572
886,7266304,1816576,2608,4416.5,27.96,,-0.0374,0.022,2.0984,0.03528,0.4653
887,7274496,1818624,2610,4419.3,27.93,,-0.0333,0.0279,2.1572,0.0382,0.4471
888,7282688,1820672,2610,4422.1,27.93,,-0.0366,0.0251,2.0964,0.03666,0.4432
889,7290880,1822720,2612,4424.9,28.09,,-0.0309,0.0274,2.0718,0.03434,0.4371
890,7299072,1824768,2614,4427.7,27.89,,-0.0335,0.0264,2.0963,0.04174,0.4662
891,7307264,1826816,2616,4430.4,27.79,,-0.035,0.0244,2.0985,0.04289,0.448
892,7315456,1828864,2618,4433.2,27.91,,-0.0354,0.0253,2.0858,0.03293,0.4271
893,7323648,1830912,2620,4436.0,27.66,,-0.0331,0.0293,1.9785,0.04936,0.4851
894,7331840,1832960,2621,4438.8,27.63,,-0.0367,0.0221,2.1138,0.04152,0.4808
895,7340032,1835008,2621,4441.6,27.63,,-0.0362,0.0198,1.9938,0.04517,0.4615
896,7348224,1837056,2625,4444.4,27.76,,-0.029,0.0365,1.9851,0.05574,0.4695
897,7356416,1839104,2628,4447.2,27.85,,-0.033,0.026,2.0225,0.04875,0.4725
898,7364608,1841152,2629,4450.0,27.81,,-0.0371,0.022,2.1027,0.0588,0.4647
899,7372800,1843200,2630,4452.8,27.79,,-0.0372,0.0206,2.0724,0.04509,0.4569
900,7380992,1845248,2631,4978.7,27.84,99.2699966430664,-0.0344,0.0278,1.977,0.05066,0.4857
901,7389184,1847296,2634,4981.5,28.23,,-0.0126,0.1532,1.7589,0.04529,0.4224
902,7397376,1849344,2638,4984.3,28.77,,-0.024,0.0835,1.9213,0.08569,0.4237
903,7405568,1851392,2640,4987.1,28.0,,-0.0313,0.0283,2.141,0.04647,0.4557
904,7413760,1853440,2641,4989.9,27.99,,-0.0343,0.0197,2.1987,0.03475,0.4696
905,7421952,1855488,2642,4992.7,28.03,,-0.0346,0.019,2.2433,0.03576,0.4503
906,7430144,1857536,2644,4995.5,28.09,,-0.0381,0.017,2.1855,0.03215,0.4712
907,7438336,1859584,2645,4998.3,28.04,,-0.0324,0.0245,2.0908,0.04151,0.4534
908,7446528,1861632,2647,5001.1,27.99,,-0.0351,0.0271,2.0336,0.05899,0.4562
909,7454720,1863680,2650,5004.0,28.07,,-0.0361,0.0257,2.0397,0.03833,0.4318
910,7462912,1865728,2652,5006.8,27.98,,-0.0341,0.0301,2.0285,0.04294,0.433
911,7471104,1867776,2655,5009.6,28.18,,-0.0326,0.0256,2.1325,0.04941,0.4523
912,7479296,1869824,2656,5012.4,28.29,,-0.0361,0.0188,2.1607,0.03182,0.4347
913,7487488,1871872,2657,5015.2,28.41,,-0.0377,0.0176,2.2152,0.0302,0.4497
914,7495680,1873920,2658,5018.0,28.42,,-0.0349,0.0251,2.1421,0.03749,0.4573
915,7503872,1875968,2661,5020.8,28.62,,-0.0377,0.0255,2.1232,0.04252,0.4541
916,7512064,1878016,2663,5023.6,28.76,,-0.0365,0.0281,2.0669,0.05668,0.457
917,7520256,1880064,2666,5026.4,28.68,,-0.0334,0.0254,2.1221,0.03904,0.444
918,7528448,1882112,2668,5029.2,28.75,,-0.0354,0.0228,2.115,0.04049,0.4589
919,7536640,1884160,2670,5032.0,28.58,,-0.0327,0.0237,2.1607,0.04153,0.4344
920,7544832,1886208,2671,5034.8,28.49,,-0.0375,0.0199,2.2741,0.02899,0.4392
921,7553024,1888256,2671,5037.6,28.49,,-0.0382,0.0159,2.2744,0.02696,0.4343
922,7561216,1890304,2673,5040.4,28.48,,-0.0352,0.0224,2.1676,0.03566,0.4423
923,7569408,1892352,2675,5043.2,28.81,,-0.0346,0.0237,2.1636,0.03285,0.4232
924,7577600,1894400,2678,5046.0,28.82,,-0.0345,0.0326,2.0693,0.05488,0.4314
925,7585792,1896448,2679,5048.8,28.85,,-0.0358,0.0196,2.1677,0.04325,0.427
926,7593984,1898496,2680,5051.6,28.94,,-0.0359,0.0214,2.0872,0.04382,0.4431
927,7602176,1900544,2683,5054.4,28.83,,-0.0323,0.0269,2.2461,0.02895,0.4346
928,7610368,1902592,2685,5057.2,28.83,,-0.0333,0.0307,2.1617,0.02909,0.4276
929,7618560,1904640,2688,5060.0,29.37,,-0.0379,0.0196,2.3007,0.02583,0.434
930,7626752,1906688,2688,5062.8,29.37,,-0.0365,0.0183,2.1656,0.02785,0.4552
931,7634944,1908736,2688,5065.6,29.37,,-0.0379,0.0199,2.1926,0.03557,0.4485
932,7643136,1910784,2690,5068.4,29.41,,-0.0352,0.0217,2.2786,0.03192,0.4408
933,7651328,1912832,2693,5071.2,29.78,,-0.0355,0.0266,2.2002,0.03474,0.454
934,7659520,1914880,2694,5074.0,29.89,,-0.0346,0.0166,2.2054,0.03031,0.4584
935,7667712,1916928,2695,5076.8,29.84,,-0.0317,0.0344,2.0114,0.05273,0.4587
936,7675904,1918976,2698,5079.6,29.97,,-0.0169,0.1655,2.1836,0.08264,0.4545
937,7684096,1921024,2701,5082.4,30.38,,-0.023,0.0804,2.163,0.11868,0.3905
938,7692288,1923072,2704,5085.2,30.58,,-0.0328,0.0258,2.268,0.03619,0.4468
939,7700480,1925120,2704,5088.0,30.58,,-0.039,0.0223,2.2517,0.03369,0.4536
940,7708672,1927168,2709,5090.9,30.38,,-0.0313,0.0299,2.2943,0.03138,0.421
941,7716864,1929216,2709,5093.7,30.38,,-0.0382,0.0217,2.2198,0.02981,0.4463
942,7725056,1931264,2711,5096.5,30.0,,-0.0365,0.0274,2.2042,0.04073,0.4291
943,7733248,1933312,2713,5099.3,30.05,,-0.0356,0.0261,2.2296,0.04449,0.4501
944,7741440,1935360,2715,5102.1,30.24,,-0.0359,0.0206,2.2084,0.03779,0.4462
945,7749632,1937408,2717,5104.9,30.19,,-0.0363,0.0282,2.169,0.0361,0.436
946,7757824,1939456,2720,5107.7,30.24,,-0.0333,0.0318,2.1506,0.04021,0.4248
947,7766016,1941504,2722,5110.5,30.14,,-0.0343,0.0351,2.1689,0.03833,0.443
948,7774208,1943552,2725,5113.4,30.12,,-0.0332,0.0349,2.1635,0.04425,0.4304
949,7782400,1945600,2727,5116.2,30.03,,-0.0373,0.0195,2.3357,0.0282,0.4562
950,7790592,1947648,2728,5119.0,29.81,,-0.0341,0.0251,2.1955,0.03398,0.4431
951,7798784,1949696,2731,5121.8,29.77,,-0.0364,0.0275,2.2216,0.0353,0.4406
952,7806976,1951744,2733,5124.6,29.67,,-0.0308,0.0388,2.2618,0.03333,0.4089
953,7815168,1953792,2734,5127.4,29.51,,-0.0372,0.0227,2.2577,0.03407,0.4462
954,7823360,1955840,2735,5130.2,29.2,,-0.0298,0.0328,2.0708,0.0476,0.4401
955,7831552,1957888,2739,5133.0,28.75,,-0.0296,0.0383,2.1651,0.03341,0.4421
956,7839744,1959936,2740,5135.8,28.77,,-0.0396,0.026,2.1665,0.03287,0.4655
957,7847936,1961984,2741,5138.6,28.87,,-0.0362,0.0244,2.1841,0.03946,0.449
958,7856128,1964032,2744,5141.4,29.05,,-0.0331,0.0365,2.1895,0.04188,0.4478
959,7864320,1966080,2747,5144.2,29.0,,-0.0339,0.0296,2.2456,0.03392,0.433
960,7872512,1968128,2749,5147.0,29.01,,-0.0346,0.0242,2.264,0.03471,0.4036
961,7880704,1970176,2749,5149.8,29.01,,-0.0394,0.0185,2.2283,0.02897,0.4352
962,7888896,1972224,2751,5152.6,29.07,,-0.0373,0.0247,2.226,0.03197,0.4507
963,7897088,1974272,2753,5155.4,29.18,,-0.0352,0.0206,2.1432,0.03551,0.463
964,7905280,1976320,2754,5158.2,29.13,,-0.0365,0.0241,2.1242,0.03825,0.4481
965,7913472,1978368,2756,5161.0,29.09,,-0.0353,0.0298,2.1301,0.0413,0.4463
966,7921664,1980416,2759,5163.8,29.19,,-0.0368,0.023,2.1679,0.03422,0.4551
967,7929856,1982464,2760,5166.6,29.25,,-0.0377,0.0184,2.2062,0.03425,0.4532
968,7938048,1984512,2763,5169.4,29.29,,-0.0312,0.0303,2.2498,0.03168,0.4143
969,7946240,1986560,2763,5172.2,29.29,,-0.0392,0.0162,2.2517,0.02142,0.4459
970,7954432,1988608,2764,5175.0,29.26,,-0.0395,0.0245,2.1645,0.03286,0.4532
971,7962624,1990656,2767,5177.8,29.1,,-0.0328,0.0329,2.1365,0.05004,0.4537
972,7970816,1992704,2770,5180.7,29.33,,-0.0369,0.0279,2.1127,0.03849,0.4675
973,7979008,1994752,2771,5183.5,29.44,,-0.0403,0.0168,2.1742,0.03252,0.4851
974,7987200,1996800,2772,5186.3,29.48,,-0.0351,0.0263,2.1179,0.03009,0.4406
975,7995392,1998848,2776,5189.1,29.38,,-0.0314,0.0341,2.1552,0.03061,0.411
976,8003584,2000896,2777,5191.9,29.38,,-0.0382,0.0201,2.1591,0.02916,0.4642
977,8011776,2002944,2778,5194.7,29.53,,-0.0358,0.0194,2.1737,0.02835,0.4283
978,8019968,2004992,2781,5197.5,29.14,,-0.0336,0.0247,2.1944,0.0359,0.4572
979,8028160,2007040,2782,5200.3,29.37,,-0.0367,0.0263,2.1056,0.03472,0.4675
980,8036352,2009088,2785,5203.1,29.55,,-0.0343,0.029,2.0208,0.04491,0.4508
981,8044544,2011136,2787,5205.9,29.42,,-0.0346,0.0256,2.0678,0.03886,0.4574
982,8052736,2013184,2787,5208.7,29.42,,-0.0376,0.0185,2.0839,0.03683,0.4709
983,8060928,2015232,2791,5211.5,29.26,,-0.0303,0.0335,2.0986,0.03868,0.4424
984,8069120,2017280,2793,5214.3,28.97,,-0.0311,0.028,1.9718,0.03339,0.4601
985,8077312,2019328,2794,5217.1,29.02,,-0.0345,0.0187,2.0278,0.06844,0.4587
986,8085504,2021376,2795,5219.9,29.12,,-0.0325,0.0169,2.1485,0.0498,0.4543
987,8093696,2023424,2796,5222.7,29.09,,-0.0343,0.0194,2.0998,0.0299,0.4436
988,8101888,2025472,2798,5225.6,28.93,,-0.0338,0.0189,2.1117,0.03238,0.4657
989,8110080,2027520,2800,5228.4,28.61,,-0.0336,0.0247,2.0998,0.02916,0.4647
990,8118272,2029568,2801,5231.2,28.66,,-0.0366,0.0235,2.0846,0.02656,0.4608
991,8126464,2031616,2804,5234.0,28.58,,-0.0338,0.0305,2.0798,0.03801,0.4393
992,8134656,2033664,2805,5236.8,28.56,,-0.0404,0.0158,2.1356,0.03859,0.4617
993,8142848,2035712,2807,5239.6,28.81,,-0.0334,0.0282,2.0746,0.03898,0.4426
994,8151040,2037760,2808,5242.4,28.93,,-0.0349,0.0236,1.9985,0.03685,0.4546
995,8159232,2039808,2812,5245.2,29.46,,-0.0339,0.0252,2.1639,0.03984,0.4421
996,8167424,2041856,2812,5248.0,29.46,,-0.0366,0.0171,2.1988,0.02598,0.4396
997,8175616,2043904,2813,5250.8,29.6,,-0.0405,0.0157,2.1937,0.02746,0.4738
998,8183808,2045952,2815,5253.6,29.48,,-0.037,0.0292,2.0797,0.03465,0.4596
999,8192000,2048000,2818,5256.4,29.89,,-0.0332,0.0234,2.0779,0.04204,0.4462
1000,8200192,2050048,2820,5383.6,29.73,87.56999969482422,-0.0345,0.0244,2.077,0.04327,0.4325
1001,8208384,2052096,2821,5386.3,29.86,,-0.034,0.0238,2.0692,0.04037,0.4305
1002,8216576,2054144,2823,5389.1,29.82,,-0.0359,0.0215,2.0312,0.03531,0.4414
1003,8224768,2056192,2826,5391.9,30.11,,-0.0316,0.022,1.9426,0.05462,0.4458
1004,8232960,2058240,2829,5394.8,30.14,,-0.0298,0.0323,2.0303,0.03929,0.4254
1005,8241152,2060288,2829,5397.6,30.14,,-0.0356,0.0178,2.0611,0.03561,0.4414
1006,8249344,2062336,2831,5400.4,30.36,,-0.0305,0.0247,1.9661,0.05415,0.4454
1007,8257536,2064384,2833,5403.2,30.34,,-0.0339,0.023,1.9711,0.04865,0.4646
1008,8265728,2066432,2834,5406.0,30.35,,-0.0347,0.0187,1.9558,0.05111,0.4575
1009,8273920,2068480,2836,5408.8,30.53,,-0.0311,0.0302,1.933,0.04628,0.4347
1010,8282112,2070528,2837,5411.6,30.61,,-0.0352,0.0209,2.0131,0.03589,0.4558
1011,8290304,2072576,2840,5414.4,30.82,,-0.0302,0.0253,1.9702,0.04855,0.4452
1012,8298496,2074624,2843,5417.3,30.83,,-0.0326,0.0335,2.0008,0.04621,0.4419
1013,8306688,2076672,2845,5420.1,30.74,,-0.0307,0.027,2.005,0.05765,0.4454
1014,8314880,2078720,2847,5422.9,30.83,,-0.0333,0.0204,2.1713,0.03703,0.4568
1015,8323072,2080768,2847,5425.7,30.83,,-0.0376,0.0233,2.0938,0.03389,0.4464
1016,8331264,2082816,2849,5428.5,30.79,,-0.0335,0.0214,2.0767,0.04136,0.4259
1017,8339456,2084864,2852,5431.3,30.62,,-0.0316,0.0257,2.0636,0.0381,0.4644
1018,8347648,2086912,2852,5434.1,30.62,,-0.0339,0.0284,1.964,0.03545,0.4584
1019,8355840,2088960,2853,5436.9,30.57,,-0.0161,0.1306,1.8177,0.07148,0.4418
1020,8364032,2091008,2858,5439.7,30.55,,-0.024,0.0771,2.0564,0.10639,0.4012
1021,8372224,2093056,2861,5442.5,30.78,,-0.0269,0.0302,2.155,0.03496,0.4149
1022,8380416,2095104,2861,5445.3,30.78,,-0.0357,0.0207,2.1823,0.04774,0.4348
1023,8388608,2097152,2861,5448.1,30.78,,-0.0388,0.0178,2.1114,0.03482,0.4803
1024,8396800,2099200,2865,5450.9,30.69,,-0.0277,0.0435,2.0114,0.04079,0.441
1025,8404992,2101248,2867,5453.7,31.03,,-0.0351,0.0307,2.1331,0.03385,0.4639
1026,8413184,2103296,2867,5456.5,31.03,,-0.0352,0.0212,2.1732,0.03232,0.436
1027,8421376,2105344,2869,5459.3,30.97,,-0.0347,0.0284,2.0764,0.03405,0.4689
1028,8429568,2107392,2872,5462.1,30.7,,-0.0314,0.0313,2.1334,0.03568,0.4404
1029,8437760,2109440,2875,5465.0,31.0,,-0.0352,0.0319,2.1288,0.03421,0.4252
1030,8445952,2111488,2876,5467.8,30.96,,-0.0387,0.0184,2.1423,0.02914,0.4482
1031,8454144,2113536,2877,5470.5,30.98,,-0.0364,0.022,2.1069,0.033,0.4333
1032,8462336,2115584,2879,5473.3,30.84,,-0.0364,0.0221,2.1399,0.03442,0.4471
1033,8470528,2117632,2881,5476.1,30.95,,-0.0351,0.0272,2.1042,0.03789,0.4695
1034,8478720,2119680,2885,5479.0,30.55,,-0.0277,0.0308,2.1271,0.03657,0.4308
1035,8486912,2121728,2886,5481.7,30.37,,-0.036,0.0268,2.0609,0.03306,0.4243
1036,8495104,2123776,2891,5484.6,30.38,,-0.0309,0.0351,2.0844,0.0368,0.423
1037,8503296,2125824,2891,5487.4,30.38,,-0.0379,0.0185,2.1668,0.02357,0.4573
1038,8511488,2127872,2891,5490.2,30.38,,-0.04,0.0169,2.1773,0.03538,0.4547
1039,8519680,2129920,2894,5493.0,30.45,,-0.0308,0.0271,2.1584,0.03168,0.4573
1040,8527872,2131968,2896,5495.8,30.27,,-0.0344,0.0289,2.0764,0.04766,0.4272
1041,8536064,2134016,2897,5498.6,30.21,,-0.0346,0.0225,2.089,0.03733,0.4626
1042,8544256,2136064,2899,5501.4,30.19,,-0.0351,0.0264,2.0291,0.04449,0.4596
1043,8552448,2138112,2902,5504.2,30.18,,-0.033,0.0336,2.0572,0.03688,0.4254
1044,8560640,2140160,2906,5507.1,30.08,,-0.036,0.0258,2.0863,0.03234,0.4408
1045,8568832,2142208,2906,5509.8,30.08,,-0.0391,0.0202,2.1256,0.02467,0.4613
1046,8577024,2144256,2907,5512.6,30.06,,-0.0336,0.0305,2.1183,0.03667,0.4242
1047,8585216,2146304,2907,5515.4,30.06,,-0.0253,0.0734,2.1985,0.04942,0.4088
1048,8593408,2148352,2907,5518.2,30.06,,-0.039,0.0295,1.9822,0.04985,0.4652
1049,8601600,2150400,2914,5521.0,30.07,,-0.0319,0.0377,2.0385,0.04736,0.4711
1050,8609792,2152448,2915,5523.8,30.16,,-0.038,0.02,2.0936,0.04789,0.4547
1051,8617984,2154496,2917,5526.6,29.95,,-0.0367,0.0173,2.2562,0.02465,0.4537
1052,8626176,2156544,2918,5529.4,29.92,,-0.0363,0.0196,2.2392,0.02715,0.4401
1053,8634368,2158592,2918,5532.2,29.92,,-0.0407,0.0188,2.125,0.02769,0.4568
1054,8642560,2160640,2922,5535.1,30.17,,-0.0328,0.0344,2.1066,0.03607,0.4335
1055,8650752,2162688,2922,5537.8,30.17,,-0.0394,0.0179,2.2147,0.02691,0.4191
1056,8658944,2164736,2924,5540.6,29.99,,-0.0348,0.0259,2.125,0.03856,0.4559
1057,8667136,2166784,2926,5543.4,30.01,,-0.0339,0.0248,2.164,0.03445,0.4547
1058,8675328,2168832,2926,5546.2,30.01,,-0.0295,0.0471,2.0527,0.03801,0.4572
1059,8683520,2170880,2930,5549.0,30.5,,-0.024,0.0947,1.9969,0.10876,0.4039
1060,8691712,2172928,2932,5551.8,30.66,,-0.0335,0.0335,2.1775,0.03555,0.4399
1061,8699904,2174976,2933,5554.6,30.69,,-0.0182,0.1002,2.1201,0.03823,0.4725
1062,8708096,2177024,2933,5557.4,30.69,,-0.024,0.092,2.1986,0.04008,0.4058
1063,8716288,2179072,2936,5560.2,31.39,,-0.0382,0.024,2.2221,0.03153,0.4435
1064,8724480,2181120,2938,5563.0,31.4,,-0.0312,0.0374,2.2079,0.03261,0.432
1065,8732672,2183168,2939,5565.8,31.28,,-0.0384,0.0231,2.2145,0.03122,0.4376
1066,8740864,2185216,2943,5568.7,31.38,,-0.0369,0.0313,2.1914,0.04184,0.4435
1067,8749056,2187264,2943,5571.4,31.38,,-0.0392,0.0229,2.2473,0.03132,0.4781
1068,8757248,2189312,2945,5574.2,31.35,,-0.0392,0.0311,2.0938,0.03878,0.4553
1069,8765440,2191360,2948,5577.0,31.48,,-0.0365,0.027,2.1789,0.04071,0.4608
1070,8773632,2193408,2951,5579.8,31.28,,-0.0334,0.035,2.1391,0.03648,0.4434
1071,8781824,2195456,2952,5582.6,31.36,,-0.0369,0.022,2.2166,0.03123,0.4564
1072,8790016,2197504,2955,5585.4,31.39,,-0.0322,0.0304,2.0977,0.0433,0.4495
1073,8798208,2199552,2955,5588.2,31.39,,-0.04,0.0153,2.23,0.03145,0.4684
1074,8806400,2201600,2956,5591.0,31.45,,-0.0352,0.0222,2.1705,0.04197,0.4685
1075,8814592,2203648,2958,5593.9,31.49,,-0.0349,0.022,2.1526,0.03322,0.4421
1076,8822784,2205696,2959,5596.6,31.59,,-0.0351,0.025,2.0702,0.03579,0.4468
1077,8830976,2207744,2961,5599.5,31.18,,-0.0277,0.0302,2.1309,0.04629,0.4421
1078,8839168,2209792,2963,5602.2,31.22,,-0.0321,0.0407,2.061,0.03519,0.4429
1079,8847360,2211840,2965,5605.0,31.35,,-0.0336,0.0384,2.1226,0.04117,0.4064
1080,8855552,2213888,2967,5607.8,31.41,,-0.0374,0.0235,2.1473,0.03525,0.4335
1081,8863744,2215936,2968,5610.6,31.41,,-0.0343,0.0249,2.0971,0.03757,0.4447
1082,8871936,2217984,2970,5613.4,31.66,,-0.0304,0.0412,2.1465,0.04633,0.4448
1083,8880128,2220032,2972,5616.2,31.7,,-0.036,0.0278,2.1402,0.03526,0.447
1084,8888320,2222080,2973,5619.0,31.84,,-0.0349,0.0243,2.0101,0.03416,0.4519
1085,8896512,2224128,2974,5621.8,31.68,,-0.0178,0.0873,2.0154,0.05447,0.3762
1086,8904704,2226176,2978,5624.7,32.03,,-0.0185,0.1093,2.0534,0.06174,0.4111
1087,8912896,2228224,2980,5627.5,32.04,,-0.0292,0.0347,2.0368,0.03909,0.4269
1088,8921088,2230272,2981,5630.2,32.03,,-0.0332,0.0223,2.1405,0.03327,0.4406
1089,8929280,2232320,2983,5633.0,32.18,,-0.0321,0.0256,2.1668,0.03185,0.4188
1090,8937472,2234368,2983,5635.8,32.18,,-0.0386,0.0201,2.048,0.05019,0.4711
1091,8945664,2236416,2985,5638.6,32.31,,-0.0308,0.0348,2.0034,0.0599,0.4344
1092,8953856,2238464,2988,5641.4,32.62,,-0.0312,0.0357,1.9591,0.04036,0.4349
1093,8962048,2240512,2990,5644.2,32.51,,-0.0316,0.0261,2.1003,0.04494,0.4435
1094,8970240,2242560,2993,5647.0,32.46,,-0.0284,0.0297,2.0885,0.03996,0.4303
1095,8978432,2244608,2993,5649.8,32.46,,-0.0369,0.0196,2.2705,0.02473,0.4431
1096,8986624,2246656,2994,5652.6,32.55,,-0.0362,0.0196,2.0825,0.0348,0.4269
1097,8994816,2248704,2996,5655.4,32.79,,-0.0329,0.0315,1.9467,0.05108,0.451
1098,9003008,2250752,3001,5658.2,33.01,,-0.0153,0.1106,1.9602,0.08107,0.4238
1099,9011200,2252800,3001,5661.0,33.01,,-0.0377,0.0242,2.1351,0.04185,0.4508
1100,9019392,2254848,3002,5816.3,32.94,87.55999755859375,-0.0278,0.0371,2.039,0.06606,0.4037
1101,9027584,2256896,3004,5819.1,33.0,,-0.0323,0.0372,1.9858,0.04926,0.438
1102,9035776,2258944,3006,5821.9,33.13,,-0.0314,0.0298,2.0426,0.04617,0.4467
1103,9043968,2260992,3008,5824.7,32.93,,-0.0278,0.0345,2.0049,0.04848,0.4355
1104,9052160,2263040,3010,5827.5,32.83,,-0.0305,0.0271,2.0288,0.0486,0.413
1105,9060352,2265088,3012,5830.3,32.88,,-0.0287,0.0279,2.1522,0.03415,0.4197
1106,9068544,2267136,3013,5833.1,33.02,,-0.0325,0.0218,2.0932,0.03889,0.4354
1107,9076736,2269184,3014,5835.9,32.94,,-0.025,0.0573,2.1481,0.04288,0.4281
1108,9084928,2271232,3014,5838.7,32.94,,-0.0166,0.1096,2.0129,0.02975,0.3783
1109,9093120,2273280,3017,5841.5,33.13,,-0.0257,0.0439,2.0241,0.03186,0.3483
1110,9101312,2275328,3020,5844.3,33.49,,-0.0276,0.0334,2.0635,0.03288,0.37
1111,9109504,2277376,3023,5847.1,33.33,,-0.0266,0.032,2.0131,0.05043,0.4115
1112,9117696,2279424,3025,5850.0,33.38,,-0.0269,0.0243,2.205,0.03957,0.3931
1113,9125888,2281472,3025,5852.7,33.38,,-0.0409,0.0189,2.1961,0.02865,0.4648
1114,9134080,2283520,3026,5855.5,33.49,,-0.0349,0.0252,2.1512,0.03318,0.417
1115,9142272,2285568,3026,5858.3,33.49,,-0.0133,0.1385,2.0416,0.05538,0.3842
1116,9150464,2287616,3028,5861.1,33.39,,-0.0204,0.1997,2.0235,0.04019,0.3729
1117,9158656,2289664,3030,5863.9,33.04,,-0.0234,0.1145,2.0253,0.05215,0.3929
1118,9166848,2291712,3032,5866.7,33.19,,-0.0223,0.0826,1.9244,0.07517,0.4039
1119,9175040,2293760,3035,5869.5,33.72,,-0.015,0.0833,2.1303,0.1098,0.39
1120,9183232,2295808,3036,5872.3,33.34,,-0.0252,0.0429,2.1224,0.03082,0.395
1121,9191424,2297856,3038,5875.1,33.6,,-0.0225,0.048,2.0958,0.03654,0.3987
1122,9199616,2299904,3040,5878.0,33.72,,-0.022,0.0456,2.187,0.03482,0.3914
1123,9207808,2301952,3041,5880.8,33.86,,-0.0248,0.0323,2.1849,0.03409,0.3773
1124,9216000,2304000,3042,5883.6,33.91,,-0.0265,0.0302,2.0227,0.04196,0.3989
1125,9224192,2306048,3043,5886.4,33.79,,-0.0125,0.0863,2.0316,0.07256,0.3645
1126,9232384,2308096,3045,5889.2,34.11,,-0.0176,0.0703,1.8768,0.05538,0.3673
1127,9240576,2310144,3050,5892.0,34.36,,-0.0214,0.0472,2.0583,0.04083,0.3929
1128,9248768,2312192,3051,5894.8,34.26,,-0.0234,0.0366,2.113,0.05145,0.3739
1129,9256960,2314240,3053,5897.6,34.52,,-0.0212,0.0406,2.1032,0.04026,0.4177
1130,9265152,2316288,3055,5900.4,34.41,,-0.0276,0.0345,2.1666,0.03854,0.4164
1131,9273344,2318336,3056,5903.2,34.39,,-0.0368,0.0211,2.1724,0.03485,0.4219
1132,9281536,2320384,3057,5906.0,34.47,,-0.0327,0.0292,2.1655,0.04085,0.4482
1133,9289728,2322432,3058,5908.8,34.38,,-0.0333,0.0241,2.1936,0.03994,0.4309
1134,9297920,2324480,3058,5911.6,34.38,,-0.0342,0.0285,2.147,0.03939,0.4479
1135,9306112,2326528,3059,5914.4,34.2,,-0.0336,0.0218,1.963,0.04558,0.4502
1136,9314304,2328576,3063,5917.3,34.3,,-0.0302,0.0422,1.9228,0.0493,0.4388
1137,9322496,2330624,3066,5920.1,34.34,,-0.0246,0.0417,1.9907,0.05033,0.4365
1138,9330688,2332672,3070,5922.9,34.11,,-0.0122,0.1153,2.1033,0.04091,0.4269
1139,9338880,2334720,3071,5925.7,34.47,,-0.025,0.0286,2.3007,0.03468,0.4457
1140,9347072,2336768,3071,5928.5,34.47,,-0.0373,0.0201,2.2581,0.03368,0.4531
1141,9355264,2338816,3074,5931.3,34.32,,-0.0341,0.0265,2.1926,0.03558,0.4189
1142,9363456,2340864,3075,5934.1,34.31,,-0.0307,0.0305,2.0694,0.03984,0.4343
1143,9371648,2342912,3078,5937.0,33.85,,-0.029,0.0411,2.1724,0.03548,0.4138
1144,9379840,2344960,3080,5939.8,33.79,,-0.0305,0.0338,2.0922,0.03861,0.4276
1145,9388032,2347008,3082,5942.6,33.73,,-0.0311,0.0303,2.204,0.03327,0.4098
1146,9396224,2349056,3082,5945.4,33.73,,-0.0368,0.0203,2.1722,0.07939,0.4475
1147,9404416,2351104,3086,5948.2,33.78,,-0.0308,0.0405,2.1076,0.03709,0.4358
1148,9412608,2353152,3086,5951.0,33.78,,-0.0382,0.0224,2.2259,0.03137,0.4292
1149,9420800,2355200,3088,5953.9,33.85,,-0.0321,0.0275,2.1852,0.03185,0.4464
1150,9428992,2357248,3089,5956.7,33.81,,-0.0337,0.0304,2.1281,0.03852,0.4366
1151,9437184,2359296,3092,5959.5,34.13,,-0.0323,0.0333,2.2218,0.03289,0.4054
1152,9445376,2361344,3092,5962.3,34.13,,-0.0364,0.0263,2.1638,0.02906,0.4437
1153,9453568,2363392,3092,5965.1,34.13,,-0.0219,0.0738,2.1465,0.03457,0.3652
1154,9461760,2365440,3094,5967.9,34.3,,-0.0191,0.0906,2.1061,0.0831,0.4365
1155,9469952,2367488,3099,5970.7,34.61,,-0.0328,0.0584,2.1496,0.05044,0.4358
1156,9478144,2369536,3103,5973.5,34.61,,-0.0291,0.0479,2.3033,0.03828,0.4209
1157,9486336,2371584,3103,5976.3,34.61,,-0.0169,0.0903,2.354,0.03357,0.3801
1158,9494528,2373632,3103,5979.1,34.61,,-0.0242,0.0595,2.2907,0.05545,0.3717
1159,9502720,2375680,3105,5981.9,34.84,,-0.0227,0.0346,2.3299,0.03777,0.3894
1160,9510912,2377728,3105,5984.7,34.84,,-0.0112,0.1096,2.2216,0.03856,0.4393
1161,9519104,2379776,3106,5987.5,34.91,,-0.0211,0.0728,2.2421,0.02929,0.3217
1162,9527296,2381824,3108,5990.3,35.93,,-0.0241,0.0662,2.1968,0.05618,0.4037
1163,9535488,2383872,3108,5993.1,35.93,,-0.0407,0.0178,2.3362,0.02346,0.4655
1164,9543680,2385920,3109,5995.9,35.95,,-0.0356,0.0346,2.0922,0.03448,0.4673
1165,9551872,2387968,3113,5998.7,35.98,,-0.0223,0.0803,2.0258,0.0483,0.4207
1166,9560064,2390016,3117,6001.5,36.12,,-0.0264,0.0665,2.1065,0.03952,0.4116
1167,9568256,2392064,3119,6004.3,35.82,,-0.0299,0.0283,2.269,0.03356,0.4208
1168,9576448,2394112,3120,6007.1,35.97,,-0.0336,0.0264,2.3121,0.02604,0.4304
1169,9584640,2396160,3122,6009.9,36.04,,-0.0298,0.0304,2.2793,0.02752,0.4037
1170,9592832,2398208,3123,6012.7,36.03,,-0.0364,0.0209,2.3538,0.02435,0.4489
1171,9601024,2400256,3123,6015.5,36.03,,-0.0374,0.0292,2.1806,0.02502,0.4263
1172,9609216,2402304,3124,6018.3,35.98,,-0.0354,0.03,2.236,0.03559,0.4287
1173,9617408,2404352,3128,6021.2,35.52,,-0.0322,0.0385,2.2042,0.04216,0.4591
1174,9625600,2406400,3130,6024.0,35.52,,-0.0322,0.0395,2.1091,0.03351,0.4067
1175,9633792,2408448,3132,6026.8,35.25,,-0.0143,0.108,2.0264,0.03966,0.4338
1176,9641984,2410496,3133,6029.6,34.82,,-0.0254,0.0671,2.1536,0.05241,0.3746
1177,9650176,2412544,3134,6032.4,34.97,,-0.0219,0.1048,1.9981,0.03924,0.3726
1178,9658368,2414592,3136,6035.2,35.72,,-0.0157,0.1479,2.1187,0.14343,0.3765
1179,9666560,2416640,3138,6038.0,35.6,,-0.0229,0.0776,2.2102,0.06186,0.3875
1180,9674752,2418688,3139,6040.7,35.88,,-0.0257,0.0448,2.2714,0.02644,0.3519
1181,9682944,2420736,3139,6043.5,35.88,,-0.0325,0.0377,2.1715,0.02607,0.3912
1182,9691136,2422784,3142,6046.3,35.87,,-0.026,0.0522,2.1603,0.02971,0.3904
1183,9699328,2424832,3142,6049.1,35.87,,-0.0385,0.0197,2.1932,0.03706,0.4572
1184,9707520,2426880,3146,6052.0,35.87,,-0.0263,0.0578,2.0648,0.05542,0.4288
1185,9715712,2428928,3150,6054.8,35.79,,-0.0306,0.0331,2.1725,0.09959,0.4427
1186,9723904,2430976,3153,6057.6,35.7,,-0.0257,0.0489,2.1126,0.03551,0.407
1187,9732096,2433024,3153,6060.4,35.7,,-0.035,0.0195,2.2705,0.02917,0.4028
1188,9740288,2435072,3154,6063.2,35.8,,-0.0257,0.0259,2.248,0.0245,0.4014
1189,9748480,2437120,3155,6066.0,35.76,,-0.034,0.0267,2.1501,0.0341,0.4435
1190,9756672,2439168,3156,6068.8,35.82,,-0.03,0.0272,2.1306,0.03241,0.4327
1191,9764864,2441216,3160,6071.6,35.75,,-0.0305,0.0413,2.1153,0.04931,0.4429
1192,9773056,2443264,3162,6074.4,35.71,,-0.0327,0.0308,2.1766,0.03814,0.4307
1193,9781248,2445312,3163,6077.2,35.73,,-0.0336,0.0241,2.2401,0.02976,0.4399
1194,9789440,2447360,3164,6080.0,35.72,,-0.0351,0.0236,2.2143,0.02904,0.4559
1195,9797632,2449408,3166,6082.8,35.75,,-0.0343,0.0233,2.1844,0.03076,0.4464
1196,9805824,2451456,3168,6085.6,36.03,,-0.0309,0.031,2.2253,0.04345,0.4583
1197,9814016,2453504,3170,6088.4,36.04,,-0.0348,0.0236,2.2613,0.03086,0.4261
1198,9822208,2455552,3170,6091.2,36.04,,-0.0381,0.0176,2.238,0.02133,0.4169
1199,9830400,2457600,3171,6094.0,35.6,,-0.0362,0.0174,2.3553,0.02631,0.4089
1200,9838592,2459648,3173,6248.2,35.5,157.9600067138672,-0.0328,0.0275,2.1084,0.03758,0.4453
1201,9846784,2461696,3177,6251.0,35.78,,-0.0328,0.0302,2.0283,0.03959,0.4498
1202,9854976,2463744,3178,6253.7,35.77,,-0.0333,0.0245,2.1944,0.03629,0.4238
1203,9863168,2465792,3180,6256.6,35.9,,-0.0332,0.026,2.2237,0.03073,0.4338
1204,9871360,2467840,3181,6259.3,36.07,,-0.0356,0.0222,2.2253,0.02898,0.4182
1205,9879552,2469888,3183,6262.2,36.08,,-0.0305,0.0287,2.189,0.0274,0.4142
1206,9887744,2471936,3183,6265.0,36.08,,-0.034,0.0217,2.203,0.02552,0.4192
1207,9895936,2473984,3184,6267.8,36.18,,-0.0362,0.0275,2.0788,0.04805,0.4398
1208,9904128,2476032,3188,6270.6,36.07,,-0.0296,0.0401,2.0294,0.04774,0.4294
1209,9912320,2478080,3191,6273.4,36.15,,-0.0325,0.028,2.1611,0.03404,0.3951
1210,9920512,2480128,3192,6276.2,36.13,,-0.0351,0.0196,2.2064,0.07661,0.4357
1211,9928704,2482176,3194,6279.0,35.98,,-0.0315,0.0297,2.2236,0.03297,0.4187
1212,9936896,2484224,3196,6281.8,35.92,,-0.0333,0.0275,2.2143,0.03033,0.4346
1213,9945088,2486272,3197,6284.6,35.59,,-0.0383,0.0179,2.2203,0.02849,0.4216
1214,9953280,2488320,3198,6287.4,35.39,,-0.0342,0.0279,2.1937,0.02993,0.4033
1215,9961472,2490368,3199,6290.2,35.56,,-0.0387,0.0232,2.2185,0.02285,0.4156
1216,9969664,2492416,3200,6293.0,35.83,,-0.033,0.0323,2.1801,0.03347,0.4219
1217,9977856,2494464,3204,6295.8,35.82,,-0.0334,0.0306,2.2191,0.0241,0.4082
1218,9986048,2496512,3205,6298.6,35.43,,-0.0342,0.0277,2.2502,0.02376,0.4148
1219,9994240,2498560,3206,6301.4,35.31,,-0.0343,0.021,2.292,0.02317,0.4012
1220,10002432,2500608,3206,6304.2,35.31,,-0.0338,0.0342,2.2065,0.03356,0.4169
1221,10010624,2502656,3210,6307.0,34.88,,-0.0298,0.0361,2.1539,0.03912,0.4177
1222,10018816,2504704,3212,6309.9,34.87,,-0.0342,0.0279,2.2399,0.02977,0.4082
1223,10027008,2506752,3212,6312.6,34.87,,-0.0367,0.0293,2.2154,0.02135,0.4235
1224,10035200,2508800,3213,6315.4,34.75,,-0.0217,0.1034,2.1975,0.034,0.4098
1225,10043392,2510848,3215,6318.2,34.66,,-0.0296,0.0528,2.239,0.028,0.3752
1226,10051584,2512896,3217,6321.0,34.73,,-0.0228,0.1464,2.169,0.03606,0.4027
1227,10059776,2514944,3218,6323.8,34.57,,-0.0274,0.1017,2.24,0.06975,0.3892
1228,10067968,2516992,3220,6326.6,34.31,,-0.0289,0.0601,2.1938,0.03529,0.3879
1229,10076160,2519040,3221,6329.4,34.24,,-0.0338,0.0362,2.2414,0.03038,0.4131
1230,10084352,2521088,3224,6332.2,35.12,,-0.0296,0.0594,2.2268,0.03526,0.3934
1231,10092544,2523136,3226,6335.1,35.3,,-0.0307,0.0487,2.2112,0.0241,0.4039
1232,10100736,2525184,3229,6337.9,35.59,,-0.0269,0.0751,2.2539,0.03224,0.4187
1233,10108928,2527232,3229,6340.6,35.59,,-0.0265,0.0653,2.2741,0.03437,0.3448
1234,10117120,2529280,3232,6343.4,36.34,,-0.0285,0.0581,2.197,0.04342,0.3743
1235,10125312,2531328,3233,6346.2,36.28,,-0.0344,0.0295,2.2457,0.02846,0.4208
1236,10133504,2533376,3234,6349.0,36.2,,-0.0262,0.0534,2.1414,0.03725,0.4315
1237,10141696,2535424,3234,6351.8,36.2,,-0.0344,0.0382,2.1622,0.03867,0.4144
1238,10149888,2537472,3239,6354.6,35.01,,-0.0234,0.1375,2.1074,0.03262,0.4269
1239,10158080,2539520,3240,6357.4,35.2,,-0.0163,0.1441,2.2671,0.03274,0.3928
1240,10166272,2541568,3241,6360.2,35.42,,-0.0228,0.0717,2.3598,0.03155,0.3484
1241,10174464,2543616,3241,6363.0,35.42,,-0.0324,0.0394,2.3556,0.02325,0.3796
1242,10182656,2545664,3244,6365.8,35.37,,-0.034,0.0417,2.1981,0.03279,0.4266
1243,10190848,2547712,3246,6368.6,35.44,,-0.0315,0.0486,2.2045,0.03835,0.421
1244,10199040,2549760,3248,6371.4,35.18,,-0.0319,0.039,2.2384,0.03797,0.4399
1245,10207232,2551808,3249,6374.1,35.19,,-0.031,0.0415,2.1994,0.05021,0.415
1246,10215424,2553856,3250,6376.9,35.17,,-0.0334,0.0415,2.1558,0.06525,0.4116
1247,10223616,2555904,3252,6379.7,35.43,,-0.031,0.0345,2.2697,0.05283,0.407
1248,10231808,2557952,3256,6382.6,36.33,,-0.0291,0.0426,2.2376,0.03935,0.3915
1249,10240000,2560000,3256,6385.3,36.33,,-0.0349,0.0186,2.3458,0.02139,0.4081
1250,10248192,2562048,3258,6388.2,36.36,,-0.0324,0.0391,2.2113,0.03738,0.4325
1251,10256384,2564096,3260,6390.9,36.52,,-0.0279,0.0348,2.3265,0.02069,0.4072
1252,10264576,2566144,3260,6393.7,36.52,,-0.0371,0.0225,2.2168,0.02836,0.4149
1253,10272768,2568192,3261,6396.5,36.5,,-0.0335,0.0343,2.1964,0.04157,0.4358
1254,10280960,2570240,3261,6399.3,36.5,,-0.0378,0.0241,2.1878,0.03518,0.4437
1255,10289152,2572288,3264,6402.1,36.85,,-0.02,0.138,2.0641,0.05301,0.4183
1256,10297344,2574336,3268,6404.9,37.06,,-0.0241,0.1142,2.1358,0.04924,0.3804
1257,10305536,2576384,3272,6407.8,36.97,,-0.023,0.0654,2.1742,0.03942,0.4022
1258,10313728,2578432,3274,6410.6,37.01,,-0.0297,0.0384,2.2226,0.03254,0.3953
1259,10321920,2580480,3276,6413.4,36.78,,-0.0294,0.0199,2.3415,0.0268,0.3806
1260,10330112,2582528,3277,6416.2,36.94,,-0.0335,0.0252,2.2897,0.02395,0.416
1261,10338304,2584576,3277,6419.0,36.94,,-0.0339,0.0195,2.3113,0.0254,0.4084
1262,10346496,2586624,3279,6421.8,36.79,,-0.032,0.0317,2.1586,0.02726,0.4175
1263,10354688,2588672,3280,6424.6,36.71,,-0.035,0.0269,2.1724,0.03774,0.436
1264,10362880,2590720,3282,6427.4,36.47,,-0.0327,0.034,2.1251,0.03674,0.4332
1265,10371072,2592768,3284,6430.2,36.39,,-0.0167,0.1232,2.1118,0.04656,0.424
1266,10379264,2594816,3285,6433.0,36.47,,-0.0293,0.0566,2.1733,0.0452,0.3694
1267,10387456,2596864,3286,6435.8,36.46,,-0.0238,0.0705,2.1064,0.05544,0.4026
1268,10395648,2598912,3287,6438.6,36.56,,-0.0204,0.1222,2.142,0.03704,0.3988
1269,10403840,2600960,3290,6441.3,37.05,,-0.0149,0.1951,2.0926,0.04757,0.4398
1270,10412032,2603008,3292,6444.1,37.27,,-0.019,0.1646,2.0091,0.04509,0.3654
1271,10420224,2605056,3294,6446.9,37.64,,-0.0222,0.1038,2.1211,0.05319,0.3673
1272,10428416,2607104,3296,6449.7,38.27,,-0.0261,0.0515,2.1243,0.0482,0.3783
1273,10436608,2609152,3297,6452.5,38.17,,-0.0273,0.0535,2.1659,0.04511,0.4072
1274,10444800,2611200,3299,6455.3,38.46,,-0.0275,0.0464,2.18,0.03374,0.4241
1275,10452992,2613248,3300,6458.1,38.36,,-0.0352,0.0282,2.1901,0.03422,0.4164
1276,10461184,2615296,3301,6460.9,38.41,,-0.0342,0.0243,2.2494,0.02503,0.4259
1277,10469376,2617344,3301,6463.7,38.41,,-0.0145,0.1306,2.1607,0.04673,0.4305
1278,10477568,2619392,3301,6466.5,38.41,,-0.0315,0.06,2.1758,0.05439,0.3831
1279,10485760,2621440,3305,6469.3,38.87,,-0.0297,0.0697,2.0828,0.03164,0.4211
1280,10493952,2623488,3309,6472.1,39.05,,-0.0293,0.0597,2.0361,0.04602,0.4265
1281,10502144,2625536,3311,6474.9,39.1,,-0.0173,0.1076,2.1702,0.03606,0.3877
1282,10510336,2627584,3311,6477.7,39.1,,-0.0267,0.0531,2.2295,0.03203,0.3947
1283,10518528,2629632,3311,6480.5,39.1,,-0.0307,0.037,2.1622,0.04284,0.4172
1284,10526720,2631680,3314,6483.3,39.74,,-0.0267,0.0449,2.2143,0.04029,0.4004
1285,10534912,2633728,3316,6486.1,39.56,,-0.0291,0.0516,2.188,0.02986,0.3922
1286,10543104,2635776,3319,6488.9,39.69,,-0.0323,0.0417,2.2118,0.03144,0.4126
1287,10551296,2637824,3320,6491.7,39.69,,-0.0323,0.027,2.3149,0.02319,0.4257
1288,10559488,2639872,3322,6494.5,39.63,,-0.0291,0.0375,2.194,0.03612,0.442
1289,10567680,2641920,3324,6497.3,38.94,,-0.0324,0.0375,2.2017,0.04388,0.4188
1290,10575872,2643968,3326,6500.1,38.94,,-0.0292,0.0283,2.274,0.03373,0.4546
1291,10584064,2646016,3327,6502.9,38.93,,-0.0336,0.0257,2.1648,0.04003,0.4366
1292,10592256,2648064,3329,6505.7,39.02,,-0.0319,0.0254,2.3129,0.0327,0.4475
1293,10600448,2650112,3330,6508.5,38.71,,-0.0328,0.0257,2.2549,0.03701,0.4486
1294,10608640,2652160,3332,6511.3,38.05,,-0.0348,0.0277,2.2235,0.04492,0.4711
1295,10616832,2654208,3333,6514.1,38.03,,-0.0347,0.0291,2.1309,0.04336,0.4686
1296,10625024,2656256,3335,6516.9,37.94,,-0.0308,0.0306,2.2561,0.03564,0.4291
1297,10633216,2658304,3336,6519.7,38.04,,-0.0339,0.0224,2.2102,0.03428,0.4279
1298,10641408,2660352,3337,6522.5,37.97,,-0.0364,0.0306,2.1906,0.03165,0.4266
1299,10649600,2662400,3340,6525.3,37.86,,-0.0288,0.051,2.1174,0.02839,0.4138
1300,10657792,2664448,3343,6673.7,37.73,133.41000366210938,-0.033,0.0265,2.1952,0.03105,0.4326
1301,10665984,2666496,3344,6676.4,37.55,,-0.0297,0.036,2.1079,0.03512,0.433
1302,10674176,2668544,3346,6679.2,37.47,,-0.0291,0.042,2.1138,0.04709,0.4279
1303,10682368,2670592,3347,6682.0,37.6,,-0.0313,0.0262,2.2222,0.03835,0.4354
1304,10690560,2672640,3349,6684.8,37.98,,-0.033,0.0347,2.1231,0.03521,0.4352
1305,10698752,2674688,3349,6687.6,37.98,,-0.0344,0.0246,2.2144,0.02644,0.4281
1306,10706944,2676736,3350,6690.4,38.08,,-0.0352,0.0317,2.1612,0.03068,0.3971
1307,10715136,2678784,3351,6693.2,37.9,,-0.0146,0.1176,2.0544,0.03157,0.4285
1308,10723328,2680832,3353,6696.0,37.81,,-0.0137,0.156,1.9975,0.03317,0.369
1309,10731520,2682880,3356,6698.8,37.31,,-0.0299,0.0579,2.0341,0.04311,0.4052
1310,10739712,2684928,3358,6701.6,37.94,,-0.0227,0.0717,2.0582,0.05036,0.4012
1311,10747904,2686976,3359,6704.4,37.9,,-0.014,0.0931,2.1057,0.06518,0.3622
1312,10756096,2689024,3361,6707.2,38.08,,-0.0091,0.1467,1.9749,0.04225,0.3815
1313,10764288,2691072,3362,6710.0,37.98,,-0.0257,0.05,2.1581,0.06867,0.3925
1314,10772480,2693120,3366,6712.8,38.58,,-0.0209,0.098,2.1684,0.03934,0.3547
1315,10780672,2695168,3366,6715.6,38.58,,-0.0167,0.0747,2.2425,0.02607,0.3627
1316,10788864,2697216,3368,6718.4,37.88,,-0.0236,0.0671,2.291,0.03665,0.3673
1317,10797056,2699264,3370,6721.2,38.67,,-0.0269,0.0509,2.1867,0.0668,0.4082
1318,10805248,2701312,3373,6724.0,38.36,,-0.0304,0.0428,2.2284,0.03285,0.4386
1319,10813440,2703360,3373,6726.8,38.36,,-0.0343,0.0261,2.2813,0.02078,0.3843
1320,10821632,2705408,3374,6729.6,38.29,,-0.0371,0.0325,2.2024,0.03561,0.4683
1321,10829824,2707456,3376,6732.4,38.57,,-0.0315,0.0386,2.0797,0.03787,0.4478
1322,10838016,2709504,3379,6735.2,38.5,,-0.0316,0.0475,2.0513,0.04456,0.4548
1323,10846208,2711552,3381,6738.0,38.7,,-0.0277,0.0437,2.185,0.03719,0.4358
1324,10854400,2713600,3381,6740.8,38.7,,-0.0268,0.0435,2.1832,0.04145,0.3995
1325,10862592,2715648,3384,6743.6,38.72,,-0.0352,0.0296,2.1874,0.036,0.459
1326,10870784,2717696,3385,6746.4,38.67,,-0.0316,0.0381,2.0978,0.03489,0.462
1327,10878976,2719744,3389,6749.3,37.73,,-0.024,0.063,2.1309,0.05248,0.3911
1328,10887168,2721792,3390,6752.1,38.07,,-0.0272,0.0402,2.1918,0.0705,0.4315
1329,10895360,2723840,3391,6754.8,38.0,,-0.017,0.0699,2.1354,0.05804,0.4042
1330,10903552,2725888,3394,6757.6,37.53,,-0.0184,0.0813,2.0409,0.04309,0.3838
1331,10911744,2727936,3397,6760.5,37.39,,-0.0229,0.038,2.3241,0.03292,0.4357
1332,10919936,2729984,3398,6763.2,37.32,,-0.0335,0.0305,2.2435,0.02946,0.4207
1333,10928128,2732032,3398,6766.0,37.32,,-0.0137,0.0837,2.1336,0.04102,0.3749
1334,10936320,2734080,3400,6768.8,36.85,,-0.0254,0.0565,2.015,0.06927,0.4055
1335,10944512,2736128,3404,6771.7,36.48,,-0.0283,0.1071,1.9944,0.04778,0.3911
1336,10952704,2738176,3406,6774.5,36.53,,-0.0284,0.0503,2.0906,0.0354,0.391
1337,10960896,2740224,3407,6777.3,36.24,,-0.0182,0.0979,2.1062,0.03143,0.3783
1338,10969088,2742272,3409,6780.1,36.11,,-0.0263,0.0558,2.1914,0.02444,0.3658
1339,10977280,2744320,3409,6782.9,36.11,,-0.0301,0.0541,2.1366,0.03548,0.421
1340,10985472,2746368,3413,6785.7,35.86,,-0.0292,0.0701,2.077,0.04593,0.4155
1341,10993664,2748416,3414,6788.5,35.51,,-0.0156,0.1017,2.1267,0.04053,0.4294
1342,11001856,2750464,3415,6791.3,35.89,,-0.0166,0.0898,2.0335,0.04523,0.3813
1343,11010048,2752512,3419,6794.1,35.75,,-0.0252,0.0666,2.1511,0.03896,0.3793
1344,11018240,2754560,3421,6796.9,35.75,,-0.0314,0.0395,2.2131,0.02892,0.4603
1345,11026432,2756608,3421,6799.7,35.75,,-0.0352,0.0344,2.1601,0.03283,0.4373
1346,11034624,2758656,3421,6802.5,35.75,,-0.0337,0.0284,2.1854,0.04517,0.4449
1347,11042816,2760704,3422,6805.3,35.83,,-0.0114,0.1157,2.1518,0.02386,0.3849
1348,11051008,2762752,3426,6808.1,36.32,,-0.0222,0.0981,2.0447,0.02527,0.3573
1349,11059200,2764800,3429,6810.9,36.2,,-0.0249,0.066,2.0709,0.04603,0.4205
1350,11067392,2766848,3430,6813.7,36.23,,-0.0263,0.0495,1.9025,0.05081,0.4369
1351,11075584,2768896,3434,6816.5,36.48,,-0.0186,0.1889,2.0631,0.04564,0.3851
1352,11083776,2770944,3434,6819.3,36.48,,-0.0189,0.0757,2.1218,0.03192,0.3641
1353,11091968,2772992,3436,6822.1,36.43,,-0.025,0.0685,2.0822,0.04626,0.4253
1354,11100160,2775040,3437,6824.9,36.3,,-0.032,0.0301,2.2073,0.02381,0.4277
1355,11108352,2777088,3441,6827.7,36.03,,-0.0284,0.0567,2.1629,0.03447,0.4473
1356,11116544,2779136,3442,6830.5,36.52,,-0.034,0.0235,2.2777,0.04003,0.4376
1357,11124736,2781184,3443,6833.3,36.54,,-0.031,0.0367,2.2255,0.0293,0.4178
1358,11132928,2783232,3444,6836.1,36.51,,-0.0291,0.0546,2.1523,0.027,0.4126
1359,11141120,2785280,3445,6838.9,36.36,,-0.0136,0.1375,2.029,0.03393,0.3884
1360,11149312,2787328,3448,6841.7,36.6,,-0.0131,0.1832,2.0092,0.05088,0.4008
1361,11157504,2789376,3449,6844.5,36.34,,-0.0149,0.0831,2.1396,0.03304,0.4059
1362,11165696,2791424,3450,6847.3,36.75,,-0.0233,0.0444,2.095,0.03099,0.4468
1363,11173888,2793472,3453,6850.1,36.96,,-0.0241,0.0817,2.0331,0.03483,0.4641
1364,11182080,2795520,3454,6852.9,37.08,,-0.018,0.1012,2.0863,0.0316,0.369
1365,11190272,2797568,3456,6855.8,37.02,,-0.025,0.0809,2.0378,0.04499,0.3551
1366,11198464,2799616,3458,6858.6,36.94,,-0.0212,0.0571,2.0949,0.03339,0.3738
1367,11206656,2801664,3462,6861.4,36.6,,-0.0301,0.0635,2.1319,0.03326,0.4305
1368,11214848,2803712,3464,6864.2,35.96,,-0.028,0.0497,2.1926,0.03207,0.4176
1369,11223040,2805760,3464,6866.9,35.96,,-0.0353,0.0272,2.2481,0.03416,0.4406
1370,11231232,2807808,3467,6869.7,36.13,,-0.0244,0.0465,2.1986,0.03012,0.3788
1371,11239424,2809856,3468,6872.5,36.1,,-0.0173,0.0668,2.1953,0.03827,0.3965
1372,11247616,2811904,3471,6875.4,35.59,,-0.0123,0.0854,2.275,0.03602,0.3752
1373,11255808,2813952,3471,6878.1,35.59,,-0.0206,0.0766,2.227,0.02089,0.392
1374,11264000,2816000,3472,6880.9,35.47,,-0.0269,0.0614,2.1982,0.05919,0.3878
1375,11272192,2818048,3473,6883.7,35.64,,-0.0283,0.0601,2.1872,0.03892,0.4089
1376,11280384,2820096,3476,6886.5,35.38,,-0.0284,0.0807,2.1416,0.04323,0.432
1377,11288576,2822144,3477,6889.3,35.42,,-0.0318,0.041,2.2177,0.04631,0.4585
1378,11296768,2824192,3479,6892.1,35.83,,-0.0197,0.0647,2.2862,0.02392,0.408
1379,11304960,2826240,3480,6894.9,35.89,,-0.0343,0.031,2.3196,0.03368,0.4154
1380,11313152,2828288,3481,6897.7,35.84,,-0.0241,0.048,2.2435,0.0384,0.4269
1381,11321344,2830336,3482,6900.5,35.76,,-0.0241,0.0775,2.1788,0.06185,0.3953
1382,11329536,2832384,3484,6903.3,36.56,,-0.0284,0.0471,2.1879,0.03677,0.3717
1383,11337728,2834432,3487,6906.1,37.3,,-0.018,0.0587,2.3203,0.0316,0.3749
1384,11345920,2836480,3489,6908.9,37.59,,-0.0286,0.0419,2.2437,0.0311,0.4237
1385,11354112,2838528,3491,6911.7,37.13,,-0.0225,0.0496,2.3141,0.03364,0.4044
1386,11362304,2840576,3492,6914.5,37.19,,-0.0338,0.0287,2.3059,0.03392,0.41
1387,11370496,2842624,3492,6917.3,37.19,,-0.0144,0.0877,2.2699,0.04333,0.3748
1388,11378688,2844672,3493,6920.1,37.3,,-0.0183,0.117,2.1859,0.03617,0.3638
1389,11386880,2846720,3499,6922.9,37.78,,-0.0185,0.1202,2.1735,0.05542,0.3763
1390,11395072,2848768,3501,6925.7,37.92,,-0.0214,0.055,2.2359,0.03931,0.4152
1391,11403264,2850816,3503,6928.5,38.14,,-0.0225,0.0448,2.3834,0.0216,0.3945
1392,11411456,2852864,3503,6931.3,38.14,,-0.037,0.0216,2.3145,0.02342,0.4424
1393,11419648,2854912,3503,6934.1,38.14,,-0.012,0.0913,2.2213,0.01815,0.366
1394,11427840,2856960,3506,6936.9,37.87,,-0.0216,0.0779,2.2265,0.03609,0.4098
1395,11436032,2859008,3506,6939.7,37.87,,-0.0346,0.026,2.2539,0.03132,0.4282
1396,11444224,2861056,3508,6942.5,38.11,,-0.0307,0.0665,2.2124,0.03439,0.4459
1397,11452416,2863104,3512,6945.3,37.48,,-0.0226,0.0755,2.163,0.03103,0.3965
1398,11460608,2865152,3515,6948.1,37.42,,-0.0232,0.0508,2.2928,0.02656,0.3373
1399,11468800,2867200,3516,6950.9,37.29,,-0.029,0.0272,2.3703,0.02272,0.3971
1400,11476992,2869248,3516,7778.4,37.29,278.55999755859375,-0.0385,0.0209,2.3265,0.03282,0.4172
1401,11485184,2871296,3518,7781.2,37.51,,-0.0314,0.0309,2.2342,0.03521,0.4103
1402,11493376,2873344,3519,7784.0,37.72,,-0.0337,0.0378,2.1857,0.03194,0.4226
1403,11501568,2875392,3521,7786.8,37.66,,-0.0116,0.1409,2.1189,0.02429,0.3954
1404,11509760,2877440,3522,7789.6,37.63,,-0.023,0.0688,2.1064,0.04421,0.4069
1405,11517952,2879488,3524,7792.4,37.47,,-0.0303,0.0422,2.1584,0.04875,0.4073
1406,11526144,2881536,3526,7795.2,37.54,,-0.033,0.0431,2.1705,0.03285,0.4481
1407,11534336,2883584,3529,7798.0,37.5,,-0.028,0.0571,2.172,0.04756,0.4161
1408,11542528,2885632,3532,7800.9,37.64,,-0.0296,0.0453,2.1037,0.0377,0.4269
1409,11550720,2887680,3535,7803.7,37.46,,-0.0282,0.0329,2.199,0.04333,0.4227
1410,11558912,2889728,3535,7806.5,37.46,,-0.036,0.0186,2.2569,0.0333,0.4618
1411,11567104,2891776,3537,7809.3,37.64,,-0.0271,0.0337,2.2245,0.03376,0.4095
1412,11575296,2893824,3537,7812.1,37.64,,-0.035,0.022,2.2516,0.02644,0.4227
1413,11583488,2895872,3538,7814.9,37.71,,-0.0358,0.0339,2.1203,0.0297,0.4342
1414,11591680,2897920,3540,7817.7,37.97,,-0.0297,0.0436,2.1897,0.02993,0.3972
1415,11599872,2899968,3542,7820.5,37.59,,-0.035,0.0279,2.1734,0.03561,0.4366
1416,11608064,2902016,3542,7823.2,37.59,,-0.0369,0.0261,2.2,0.03258,0.437
1417,11616256,2904064,3545,7826.1,37.6,,-0.0176,0.1072,2.0219,0.03477,0.4027
1418,11624448,2906112,3546,7828.9,37.41,,-0.0251,0.0597,2.0642,0.03508,0.385
1419,11632640,2908160,3549,7831.7,37.6,,-0.0258,0.0759,2.1626,0.04486,0.3766
1420,11640832,2910208,3549,7834.5,37.6,,-0.037,0.0263,2.1579,0.04134,0.4381
1421,11649024,2912256,3551,7837.3,37.35,,-0.0322,0.0384,2.1398,0.06128,0.4395
1422,11657216,2914304,3554,7840.1,37.63,,-0.0331,0.0309,2.1823,0.04887,0.4325
1423,11665408,2916352,3557,7842.9,37.04,,-0.0258,0.0374,2.2047,0.03638,0.4102
1424,11673600,2918400,3557,7845.7,37.04,,-0.041,0.018,2.2845,0.02411,0.4554
1425,11681792,2920448,3559,7848.5,36.81,,-0.0363,0.0295,2.2373,0.03443,0.4225
1426,11689984,2922496,3561,7851.3,36.69,,-0.0362,0.0339,2.18,0.03763,0.4457
1427,11698176,2924544,3562,7854.1,36.61,,-0.0328,0.0391,2.119,0.03784,0.429
1428,11706368,2926592,3564,7856.9,36.87,,-0.029,0.0455,2.0842,0.05684,0.4208
1429,11714560,2928640,3566,7859.7,36.59,,-0.0357,0.0331,2.1815,0.03637,0.4515
1430,11722752,2930688,3566,7862.5,36.59,,-0.0343,0.0378,2.094,0.04343,0.399
1431,11730944,2932736,3567,7865.3,36.62,,-0.0121,0.1122,2.0028,0.03887,0.3976
1432,11739136,2934784,3570,7868.1,37.44,,-0.0225,0.0816,2.0217,0.03917,0.3691
1433,11747328,2936832,3572,7870.9,37.56,,-0.0284,0.0577,1.9549,0.03887,0.4175
1434,11755520,2938880,3574,7873.8,37.94,,-0.031,0.0463,2.0812,0.06191,0.4056
1435,11763712,2940928,3575,7876.6,37.99,,-0.0309,0.041,2.1433,0.03264,0.4275
1436,11771904,2942976,3576,7879.4,38.05,,-0.0271,0.0365,2.1174,0.04343,0.4209
1437,11780096,2945024,3580,7882.2,37.9,,-0.0294,0.0505,2.123,0.03024,0.4308
1438,11788288,2947072,3581,7885.0,37.66,,-0.0333,0.0272,2.2814,0.03668,0.4645
1439,11796480,2949120,3582,7887.8,37.58,,-0.035,0.0337,2.1851,0.0332,0.4437
1440,11804672,2951168,3584,7890.6,36.91,,-0.0249,0.0425,2.1315,0.04122,0.4167
1441,11812864,2953216,3586,7893.4,35.95,,-0.0264,0.0436,2.1537,0.03581,0.449
1442,11821056,2955264,3587,7896.2,35.93,,-0.0131,0.1505,2.0837,0.03673,0.485
1443,11829248,2957312,3590,7899.0,35.86,,-0.0252,0.0871,2.1213,0.0398,0.3873
1444,11837440,2959360,3592,7901.8,35.94,,-0.0256,0.0784,2.0895,0.04541,0.3708
1445,11845632,2961408,3593,7904.6,36.07,,-0.0326,0.0365,2.2685,0.06108,0.4215
1446,11853824,2963456,3593,7907.4,36.07,,-0.0323,0.0357,2.2287,0.03371,0.4473
1447,11862016,2965504,3594,7910.2,36.06,,-0.0233,0.1003,2.1204,0.05061,0.4082
1448,11870208,2967552,3595,7913.0,36.01,,-0.0298,0.0545,2.0663,0.04277,0.4061
1449,11878400,2969600,3600,7915.8,36.27,,-0.0219,0.0774,2.1164,0.04027,0.3732
1450,11886592,2971648,3601,7918.6,36.44,,-0.0338,0.04,2.099,0.04549,0.4218
1451,11894784,2973696,3602,7921.4,36.36,,-0.0326,0.0516,2.0094,0.03775,0.4128
1452,11902976,2975744,3606,7924.2,36.48,,-0.0239,0.0716,2.1188,0.03914,0.401
1453,11911168,2977792,3607,7927.0,36.22,,-0.0298,0.0486,2.1676,0.03277,0.4359
1454,11919360,2979840,3607,7929.8,36.22,,-0.0116,0.1235,2.0732,0.04913,0.4061
1455,11927552,2981888,3608,7932.6,36.44,,-0.028,0.0732,1.9946,0.07583,0.3607
1456,11935744,2983936,3611,7935.4,37.17,,-0.0223,0.0685,2.0913,0.04716,0.3795
1457,11943936,2985984,3613,7938.2,36.96,,-0.0321,0.0472,2.1878,0.0334,0.394
1458,11952128,2988032,3614,7941.0,36.88,,-0.029,0.0284,2.2471,0.03823,0.4331
1459,11960320,2990080,3614,7943.8,36.88,,-0.0368,0.0282,2.1076,0.03102,0.4581
1460,11968512,2992128,3617,7946.6,36.97,,-0.0281,0.0541,1.9804,0.04224,0.4269
1461,11976704,2994176,3620,7949.4,36.67,,-0.0294,0.0419,2.2477,0.03002,0.4384
1462,11984896,2996224,3623,7952.2,36.66,,-0.0325,0.0305,2.2077,0.03348,0.4388
1463,11993088,2998272,3624,7955.0,36.7,,-0.0356,0.0244,2.2464,0.03154,0.4478
1464,12001280,3000320,3625,7957.8,36.66,,-0.0369,0.0242,2.2172,0.02788,0.4315
1465,12009472,3002368,3627,7960.6,36.72,,-0.0363,0.0319,2.1532,0.03254,0.4326
1466,12017664,3004416,3629,7963.4,36.63,,-0.0333,0.0318,2.1795,0.03127,0.446
1467,12025856,3006464,3631,7966.2,36.25,,-0.0176,0.0997,2.0668,0.04195,0.3938
1468,12034048,3008512,3631,7969.0,36.25,,-0.0245,0.0602,2.1194,0.04652,0.3895
1469,12042240,3010560,3633,7971.8,36.4,,-0.0253,0.0729,2.122,0.0339,0.3921
1470,12050432,3012608,3635,7974.6,36.31,,-0.0305,0.0408,2.1294,0.03857,0.4246
1471,12058624,3014656,3637,7977.4,36.77,,-0.0145,0.1063,2.1879,0.0207,0.3615
1472,12066816,3016704,3637,7980.2,36.77,,-0.0247,0.073,2.1337,0.06142,0.3495
1473,12075008,3018752,3638,7983.0,36.86,,-0.0251,0.0513,2.0923,0.02968,0.3934
1474,12083200,3020800,3639,7985.8,36.62,,-0.0315,0.0465,2.0632,0.0423,0.4321
1475,12091392,3022848,3641,7988.6,36.67,,-0.0267,0.0873,1.9715,0.06151,0.3667
1476,12099584,3024896,3645,7991.4,37.66,,-0.025,0.0599,2.158,0.03873,0.4127
1477,12107776,3026944,3647,7994.2,37.77,,-0.0184,0.0957,1.9416,0.02786,0.3469
1478,12115968,3028992,3649,7997.0,37.4,,-0.0122,0.1439,1.9682,0.04225,0.3373
1479,12124160,3031040,3651,7999.8,37.6,,-0.0115,0.1258,2.1235,0.04674,0.3912
1480,12132352,3033088,3653,8002.6,36.92,,-0.0251,0.0468,2.2154,0.03113,0.3643
1481,12140544,3035136,3653,8005.4,36.92,,-0.014,0.0884,2.0615,0.03244,0.3926
1482,12148736,3037184,3654,8008.2,37.28,,-0.0192,0.0558,2.2032,0.04343,0.3357
1483,12156928,3039232,3655,8011.0,37.18,,-0.0256,0.0554,2.2135,0.03576,0.3521
1484,12165120,3041280,3655,8013.7,37.18,,-0.0322,0.0513,2.1126,0.03267,0.3964
1485,12173312,3043328,3659,8016.6,37.18,,-0.0304,0.0655,2.105,0.04434,0.3999
1486,12181504,3045376,3663,8019.4,38.07,,-0.0289,0.0563,2.253,0.03324,0.4072
1487,12189696,3047424,3666,8022.2,37.96,,-0.0269,0.0618,2.2231,0.04097,0.3939
1488,12197888,3049472,3668,8025.0,37.78,,-0.0303,0.0382,2.3924,0.03192,0.3606
1489,12206080,3051520,3670,8027.8,37.14,,-0.0206,0.0903,2.2974,0.03122,0.3381
1490,12214272,3053568,3671,8030.6,37.03,,-0.0303,0.0489,2.2775,0.04203,0.3738
1491,12222464,3055616,3672,8033.4,36.86,,-0.0293,0.0335,2.3817,0.03296,0.3947
1492,12230656,3057664,3673,8036.1,36.73,,-0.0294,0.0477,2.3088,0.03906,0.3834
1493,12238848,3059712,3674,8038.9,37.27,,-0.0357,0.0307,2.3002,0.03256,0.4274
1494,12247040,3061760,3678,8041.8,36.71,,-0.0329,0.0561,2.2008,0.03834,0.4445
1495,12255232,3063808,3683,8044.6,36.56,,-0.0333,0.036,2.4034,0.02655,0.4155
1496,12263424,3065856,3684,8047.4,36.55,,-0.0385,0.0277,2.3668,0.03023,0.4318
1497,12271616,3067904,3684,8050.2,36.55,,-0.0292,0.0299,2.3593,0.043,0.3811
1498,12279808,3069952,3687,8053.0,36.81,,-0.0224,0.0496,2.3406,0.03137,0.3461
1499,12288000,3072000,3687,8055.8,36.81,,-0.0365,0.0248,2.3406,0.02449,0.4286
1500,12296192,3074048,3688,8210.8,36.57,127.26000213623047,-0.0361,0.0294,2.2452,0.03411,0.4299
1501,12304384,3076096,3690,8213.6,36.62,,-0.035,0.0439,2.0725,0.03939,0.4487
1502,12312576,3078144,3694,8216.4,35.94,,-0.0263,0.0538,2.2063,0.04375,0.4093
1503,12320768,3080192,3696,8219.3,35.9,,-0.036,0.0309,2.2973,0.02925,0.4482
1504,12328960,3082240,3697,8222.0,35.4,,-0.0348,0.0257,2.288,0.075,0.4469
1505,12337152,3084288,3698,8224.8,35.53,,-0.0318,0.0334,2.3036,0.03669,0.4242
1506,12345344,3086336,3700,8227.6,35.37,,-0.0331,0.033,2.1738,0.04917,0.451
1507,12353536,3088384,3705,8230.4,34.95,,-0.0325,0.0469,2.1964,0.03895,0.4691
1508,12361728,3090432,3708,8233.3,34.64,,-0.0313,0.0324,2.2737,0.034,0.4188
1509,12369920,3092480,3708,8236.0,34.64,,-0.0369,0.0189,2.3751,0.02138,0.4381
1510,12378112,3094528,3709,8238.8,34.38,,-0.0353,0.0268,2.2178,0.07373,0.4198
1511,12386304,3096576,3712,8241.7,33.88,,-0.0328,0.0369,2.2576,0.03323,0.469
1512,12394496,3098624,3712,8244.4,33.88,,-0.0363,0.0211,2.1515,0.04264,0.4525
1513,12402688,3100672,3713,8247.3,33.98,,-0.0375,0.0251,2.2454,0.03786,0.4255
1514,12410880,3102720,3713,8250.0,33.98,,-0.0377,0.0285,2.0614,0.04574,0.4584
1515,12419072,3104768,3718,8252.9,33.75,,-0.0322,0.0463,2.1129,0.03964,0.4165
1516,12427264,3106816,3721,8255.7,33.84,,-0.0277,0.0414,2.029,0.04803,0.4263
1517,12435456,3108864,3724,8258.5,33.42,,-0.0362,0.0184,2.2543,0.02635,0.4178
1518,12443648,3110912,3725,8261.3,33.57,,-0.03,0.0264,2.1828,0.05267,0.4482
1519,12451840,3112960,3726,8264.0,33.74,,-0.034,0.0239,2.2807,0.03318,0.4296
1520,12460032,3115008,3726,8266.8,33.74,,-0.0383,0.0163,2.3312,0.02003,0.4395
1521,12468224,3117056,3726,8269.6,33.74,,-0.0353,0.0254,2.1127,0.04094,0.4344
1522,12476416,3119104,3729,8272.5,33.94,,-0.0311,0.0334,2.1605,0.04212,0.3961
1523,12484608,3121152,3730,8275.3,33.96,,-0.0335,0.0261,2.2037,0.03374,0.4309
1524,12492800,3123200,3733,8278.1,34.0,,-0.0339,0.0277,2.2105,0.03215,0.4152
1525,12500992,3125248,3736,8280.9,33.34,,-0.0344,0.0397,2.0776,0.04542,0.4514
1526,12509184,3127296,3737,8283.7,33.36,,-0.036,0.0205,2.2293,0.0311,0.4672
1527,12517376,3129344,3739,8286.5,33.46,,-0.0306,0.0332,2.1658,0.04717,0.4553
1528,12525568,3131392,3740,8289.3,33.43,,-0.0363,0.0248,2.1964,0.0398,0.4164
1529,12533760,3133440,3744,8292.2,32.21,,-0.0301,0.0448,2.2157,0.05332,0.3855
1530,12541952,3135488,3744,8295.0,32.21,,-0.0337,0.0345,2.0947,0.04783,0.4182
1531,12550144,3137536,3744,8297.8,32.21,,-0.0131,0.0935,1.9805,0.07053,0.3821
1532,12558336,3139584,3747,8300.6,32.21,,-0.0169,0.175,2.0071,0.03766,0.3744
1533,12566528,3141632,3752,8303.4,32.76,,-0.0226,0.0755,2.1917,0.03616,0.3717
1534,12574720,3143680,3752,8306.2,32.76,,-0.0371,0.0211,2.2837,0.0249,0.4669
1535,12582912,3145728,3752,8309.0,32.76,,-0.0322,0.0246,2.2856,0.02845,0.4415
1536,12591104,3147776,3752,8311.8,32.76,,-0.0363,0.025,2.1514,0.02608,0.4268
1537,12599296,3149824,3755,8314.6,32.72,,-0.0323,0.0506,2.1039,0.03959,0.4391
1538,12607488,3151872,3756,8317.4,32.91,,-0.0375,0.0301,2.1559,0.03367,0.4596
1539,12615680,3153920,3756,8320.2,32.91,,-0.0333,0.0372,2.1346,0.04163,0.4491
1540,12623872,3155968,3757,8323.0,32.86,,-0.0177,0.1299,2.0087,0.03417,0.4125
1541,12632064,3158016,3761,8325.8,32.66,,-0.0224,0.1355,1.8472,0.05246,0.3875
1542,12640256,3160064,3762,8328.6,32.8,,-0.0182,0.107,2.1125,0.02795,0.3582
1543,12648448,3162112,3765,8331.5,33.56,,-0.0171,0.1132,2.105,0.04861,0.3885
1544,12656640,3164160,3766,8334.3,33.62,,-0.026,0.0443,2.2607,0.04302,0.3842
1545,12664832,3166208,3767,8337.1,33.34,,-0.033,0.0368,2.2493,0.03596,0.4171
1546,12673024,3168256,3767,8339.9,33.34,,-0.0307,0.0383,2.1628,0.03645,0.4073
1547,12681216,3170304,3769,8342.7,34.3,,-0.024,0.0618,2.1977,0.04313,0.3853
1548,12689408,3172352,3771,8345.5,34.47,,-0.036,0.0423,2.1086,0.04049,0.4408
1549,12697600,3174400,3772,8348.3,34.47,,-0.0317,0.0451,2.03,0.06533,0.4357
1550,12705792,3176448,3775,8351.1,34.27,,-0.0279,0.0395,2.201,0.0392,0.4308
1551,12713984,3178496,3776,8353.9,34.38,,-0.0316,0.0392,2.1653,0.04238,0.4229
1552,12722176,3180544,3779,8356.7,34.73,,-0.03,0.0467,2.1671,0.05436,0.4612
1553,12730368,3182592,3780,8359.5,34.85,,-0.0336,0.0385,2.0975,0.03877,0.4181
1554,12738560,3184640,3784,8362.3,35.31,,-0.0247,0.0526,2.092,0.07835,0.4426
1555,12746752,3186688,3786,8365.1,35.15,,-0.0317,0.0342,2.311,0.02604,0.3978
1556,12754944,3188736,3787,8367.9,35.01,,-0.0338,0.0287,2.3022,0.02679,0.4152
1557,12763136,3190784,3787,8370.7,35.01,,-0.0362,0.0233,2.1896,0.02632,0.4426
1558,12771328,3192832,3790,8373.6,35.32,,-0.0296,0.0374,2.0773,0.04891,0.4303
1559,12779520,3194880,3790,8376.4,35.32,,-0.0388,0.0185,2.2524,0.02427,0.4554
1560,12787712,3196928,3792,8379.2,35.36,,-0.0351,0.0373,2.1627,0.03438,0.4564
1561,12795904,3198976,3794,8382.0,35.26,,-0.0324,0.0354,2.036,0.03958,0.4354
1562,12804096,3201024,3796,8384.8,35.32,,-0.0345,0.0436,2.1474,0.034,0.4276
1563,12812288,3203072,3798,8387.6,35.42,,-0.0311,0.0418,2.0462,0.03782,0.4108
1564,12820480,3205120,3800,8390.4,35.67,,-0.0194,0.0706,2.1254,0.04518,0.3748
1565,12828672,3207168,3801,8393.2,35.92,,-0.0273,0.0523,2.072,0.03709,0.3757
1566,12836864,3209216,3803,8396.0,36.27,,-0.0338,0.0368,2.2563,0.02635,0.4017
1567,12845056,3211264,3803,8398.8,36.27,,-0.0369,0.0218,2.1653,0.0276,0.4504
1568,12853248,3213312,3804,8401.6,36.35,,-0.0331,0.0347,1.9998,0.04601,0.4419
1569,12861440,3215360,3805,8404.4,36.59,,-0.0307,0.039,1.9974,0.04412,0.4701
1570,12869632,3217408,3808,8407.2,37.03,,-0.0312,0.0398,2.0365,0.04739,0.4165
1571,12877824,3219456,3809,8410.0,37.2,,-0.0285,0.05,1.9577,0.04804,0.45
1572,12886016,3221504,3812,8412.8,37.62,,-0.0178,0.0909,2.0629,0.03493,0.3872
1573,12894208,3223552,3813,8415.6,37.66,,-0.0337,0.041,2.0631,0.04245,0.4359
1574,12902400,3225600,3814,8418.5,37.59,,-0.0298,0.0375,2.0844,0.04301,0.4301
1575,12910592,3227648,3818,8421.3,38.27,,-0.0294,0.047,2.0825,0.04039,0.4138
1576,12918784,3229696,3819,8424.1,38.18,,-0.0341,0.0318,2.1483,0.03979,0.4486
1577,12926976,3231744,3821,8426.9,38.19,,-0.0316,0.0326,2.0981,0.05969,0.4384
1578,12935168,3233792,3822,8429.7,38.37,,-0.0346,0.0233,2.1931,0.04753,0.4374
1579,12943360,3235840,3823,8432.5,38.18,,-0.0353,0.0281,2.194,0.02797,0.4299
1580,12951552,3237888,3823,8435.3,38.18,,-0.0337,0.0447,2.0206,0.04826,0.4413
1581,12959744,3239936,3828,8438.1,38.11,,-0.0276,0.0585,1.8719,0.05812,0.4205
1582,12967936,3241984,3830,8440.9,38.3,,-0.0312,0.033,2.0062,0.07212,0.4617
1583,12976128,3244032,3830,8443.7,38.3,,-0.032,0.0269,2.1226,0.06389,0.4247
1584,12984320,3246080,3832,8446.5,38.39,,-0.0301,0.0341,2.0359,0.03819,0.427
1585,12992512,3248128,3832,8449.3,38.39,,-0.0335,0.0371,1.9508,0.03987,0.4519
1586,13000704,3250176,3834,8452.1,38.52,,-0.0303,0.0368,1.9831,0.04292,0.4407
1587,13008896,3252224,3835,8454.9,38.58,,-0.0298,0.0403,2.0099,0.03178,0.4244
1588,13017088,3254272,3835,8457.7,38.58,,-0.0248,0.0726,1.9343,0.05023,0.3684
1589,13025280,3256320,3839,8460.5,39.29,,-0.0189,0.0957,1.9809,0.04951,0.3629
1590,13033472,3258368,3839,8463.3,39.29,,-0.02,0.098,1.9625,0.03743,0.332
1591,13041664,3260416,3841,8466.1,39.56,,-0.0188,0.0811,2.121,0.35329,0.3544
1592,13049856,3262464,3842,8468.9,39.52,,-0.0291,0.0462,2.0475,0.03524,0.3938
1593,13058048,3264512,3844,8471.7,39.82,,-0.0237,0.0782,1.8498,0.05367,0.3661
1594,13066240,3266560,3848,8474.5,40.05,,-0.0288,0.0578,2.1351,0.03714,0.3964
1595,13074432,3268608,3850,8477.3,39.76,,-0.0317,0.0381,2.2269,0.03221,0.418
1596,13082624,3270656,3852,8480.1,39.47,,-0.0304,0.0278,2.2767,0.03087,0.4177
1597,13090816,3272704,3852,8482.9,39.47,,-0.0333,0.0282,2.1986,0.03163,0.3977
1598,13099008,3274752,3853,8485.7,40.09,,-0.0329,0.0264,2.1195,0.02999,0.4072
1599,13107200,3276800,3854,8488.5,40.1,,-0.0145,0.1193,2.1554,0.0372,0.3685
1600,13115392,3278848,3854,9309.1,40.1,211.22999572753906,-0.0306,0.0398,2.1042,0.03307,0.3977
1601,13123584,3280896,3857,9311.9,40.39,,-0.027,0.051,2.1983,0.03249,0.3926
1602,13131776,3282944,3857,9314.7,40.39,,-0.0347,0.0363,2.073,0.03591,0.4176
1603,13139968,3284992,3863,9317.6,39.73,,-0.0264,0.0715,2.2032,0.02721,0.3611
1604,13148160,3287040,3865,9320.4,39.64,,-0.0276,0.0417,2.2098,0.03883,0.3972
1605,13156352,3289088,3866,9323.2,39.6,,-0.0333,0.0294,2.2706,0.03168,0.4076
1606,13164544,3291136,3868,9326.0,39.59,,-0.0294,0.0341,2.3592,0.02701,0.3829
1607,13172736,3293184,3869,9328.8,39.17,,-0.0328,0.0362,2.1819,0.03817,0.4047
1608,13180928,3295232,3871,9331.6,39.12,,-0.03,0.0482,2.1867,0.03322,0.399
1609,13189120,3297280,3872,9334.4,39.16,,-0.0239,0.087,2.2046,0.03698,0.3754
1610,13197312,3299328,3872,9337.2,39.16,,-0.0362,0.0263,2.1768,0.03542,0.4349
1611,13205504,3301376,3875,9340.0,39.1,,-0.0299,0.0562,2.1467,0.04065,0.4482
1612,13213696,3303424,3878,9342.8,38.87,,-0.0242,0.0666,2.0209,0.04818,0.4156
1613,13221888,3305472,3881,9345.6,38.77,,-0.0178,0.0849,2.0779,0.04842,0.3685
1614,13230080,3307520,3883,9348.4,38.81,,-0.0233,0.0585,2.2463,0.08659,0.3414
1615,13238272,3309568,3883,9351.2,38.81,,-0.0204,0.0513,2.2811,0.05355,0.3514
1616,13246464,3311616,3885,9354.0,39.25,,-0.032,0.0361,2.3019,0.03156,0.4132
1617,13254656,3313664,3886,9356.8,39.45,,-0.0328,0.0322,2.3262,0.02987,0.3854
1618,13262848,3315712,3887,9359.6,39.42,,-0.0362,0.0348,2.2499,0.03239,0.4441
1619,13271040,3317760,3889,9362.4,39.37,,-0.0329,0.0391,2.2841,0.03301,0.4014
1620,13279232,3319808,3891,9365.2,39.47,,-0.0336,0.0405,2.1932,0.0369,0.4255
1621,13287424,3321856,3894,9368.0,39.16,,-0.0279,0.0463,2.1856,0.04557,0.4163
1622,13295616,3323904,3898,9370.8,39.08,,-0.0328,0.0341,2.2787,0.02845,0.4165
1623,13303808,3325952,3898,9373.6,39.08,,-0.0357,0.0239,2.2443,0.04508,0.4299
1624,13312000,3328000,3900,9376.4,38.86,,-0.0275,0.0471,2.2042,0.03319,0.4062
1625,13320192,3330048,3901,9379.2,38.62,,-0.0325,0.0361,2.1293,0.03693,0.4308
1626,13328384,3332096,3904,9382.0,38.29,,-0.0312,0.0478,2.2118,0.04287,0.4288
1627,13336576,3334144,3904,9384.8,38.29,,-0.0386,0.0255,2.1559,0.03371,0.4442
1628,13344768,3336192,3906,9387.6,38.12,,-0.0313,0.0395,2.2486,0.03826,0.4227
1629,13352960,3338240,3907,9390.4,38.02,,-0.0158,0.1181,2.1886,0.03087,0.3811
1630,13361152,3340288,3910,9393.2,37.79,,-0.0229,0.0775,2.1067,0.02649,0.3315
1631,13369344,3342336,3914,9396.0,37.61,,-0.0233,0.0585,2.1319,0.03966,0.3632
1632,13377536,3344384,3915,9398.8,37.3,,-0.0338,0.0394,2.2073,0.03571,0.4283
1633,13385728,3346432,3916,9401.6,37.13,,-0.0227,0.1037,2.1036,0.0277,0.3663
1634,13393920,3348480,3916,9404.4,37.13,,-0.0198,0.0904,2.1161,0.04063,0.3453
1635,13402112,3350528,3918,9407.2,37.01,,-0.0254,0.0792,2.0978,0.04856,0.3911
1636,13410304,3352576,3918,9410.0,37.01,,-0.0258,0.0679,2.0498,0.16352,0.3687
1637,13418496,3354624,3919,9412.8,37.29,,-0.0315,0.0689,2.0348,0.05384,0.4108
1638,13426688,3356672,3921,9415.6,37.85,,-0.0293,0.0795,1.9561,0.04482,0.3938
1639,13434880,3358720,3924,9418.4,38.26,,-0.0169,0.1965,1.853,0.04623,0.3658
1640,13443072,3360768,3928,9421.2,39.02,,-0.0235,0.106,2.1042,0.02936,0.3268
1641,13451264,3362816,3929,9424.0,38.94,,-0.029,0.0595,2.1808,0.04188,0.3767
1642,13459456,3364864,3931,9426.8,38.68,,-0.023,0.1107,2.0592,0.03716,0.3711
1643,13467648,3366912,3932,9429.6,38.7,,-0.0235,0.0614,2.1919,0.04259,0.3564
1644,13475840,3368960,3935,9432.4,38.61,,-0.0254,0.0638,2.1223,0.04711,0.4166
1645,13484032,3371008,3935,9435.2,38.61,,-0.0066,0.0921,2.1677,0.03601,0.4202
1646,13492224,3373056,3938,9438.0,39.13,,-0.0215,0.0687,2.1832,0.0411,0.3403
1647,13500416,3375104,3938,9440.8,39.13,,-0.0385,0.0275,2.2658,0.02194,0.4226
1648,13508608,3377152,3941,9443.6,38.08,,-0.0273,0.0668,2.1448,0.04073,0.4194
1649,13516800,3379200,3942,9446.4,38.33,,-0.0313,0.0494,2.1694,0.04281,0.3889
1650,13524992,3381248,3943,9449.2,38.16,,-0.0201,0.0964,2.1007,0.03869,0.3492
1651,13533184,3383296,3946,9452.0,38.07,,-0.0195,0.1033,2.1162,0.03978,0.3666
1652,13541376,3385344,3949,9454.8,38.05,,-0.0166,0.1125,2.1184,0.06771,0.3456
1653,13549568,3387392,3950,9457.6,38.69,,-0.0304,0.0435,2.2163,0.04732,0.392
1654,13557760,3389440,3951,9460.4,38.47,,-0.0328,0.0437,2.22,0.03993,0.434
1655,13565952,3391488,3954,9463.2,37.64,,-0.0195,0.0885,2.1524,0.03967,0.3691
1656,13574144,3393536,3957,9466.0,37.19,,-0.0216,0.0747,2.211,0.06991,0.3716
1657,13582336,3395584,3958,9468.8,37.07,,-0.024,0.0557,2.2227,0.06112,0.3513
1658,13590528,3397632,3960,9471.6,37.53,,-0.0287,0.0436,2.2288,0.06167,0.3992
1659,13598720,3399680,3961,9474.4,37.42,,-0.0301,0.0318,2.3095,0.03031,0.3896
1660,13606912,3401728,3962,9477.2,37.33,,-0.0174,0.0683,2.2495,0.0315,0.3757
1661,13615104,3403776,3963,9480.0,37.18,,-0.0242,0.0549,2.2141,0.04076,0.3606
1662,13623296,3405824,3963,9482.8,37.18,,-0.0421,0.0171,2.3788,0.02448,0.4463
1663,13631488,3407872,3964,9485.6,37.1,,-0.0408,0.0265,2.2176,0.0311,0.4758
1664,13639680,3409920,3965,9488.4,37.1,,-0.0339,0.034,2.1726,0.0318,0.446
1665,13647872,3411968,3968,9491.2,37.09,,-0.0257,0.0772,2.0585,0.04624,0.3971
1666,13656064,3414016,3970,9494.0,37.02,,-0.0261,0.0613,2.076,0.03911,0.395
1667,13664256,3416064,3973,9496.8,37.88,,-0.0224,0.0849,2.0207,0.04734,0.3351
1668,13672448,3418112,3975,9499.6,38.12,,-0.016,0.0961,2.131,0.04091,0.2975
1669,13680640,3420160,3976,9502.4,38.41,,-0.0266,0.0439,2.1794,0.03745,0.368
1670,13688832,3422208,3976,9505.2,38.41,,-0.0306,0.0389,2.158,0.03165,0.4244
1671,13697024,3424256,3977,9508.0,38.85,,-0.0218,0.0593,2.2102,0.05442,0.3826
1672,13705216,3426304,3977,9510.8,38.85,,-0.0282,0.0515,2.1409,0.14041,0.3927
1673,13713408,3428352,3980,9513.6,39.5,,-0.0255,0.0642,2.2638,0.033,0.3524
1674,13721600,3430400,3981,9516.4,39.53,,-0.0337,0.0431,2.1801,0.03068,0.4122
1675,13729792,3432448,3981,9519.2,39.53,,-0.0243,0.0872,2.0326,0.03026,0.3279
1676,13737984,3434496,3981,9521.9,39.53,,-0.0202,0.1498,1.9693,0.02935,0.2983
1677,13746176,3436544,3984,9524.7,39.91,,-0.0214,0.1309,1.8396,0.04988,0.3794
1678,13754368,3438592,3989,9527.6,40.88,,-0.0194,0.204,2.059,0.04611,0.3551
1679,13762560,3440640,3991,9530.4,41.39,,-0.0182,0.1,2.2734,0.03261,0.3528
1680,13770752,3442688,3992,9533.1,41.68,,-0.0128,0.1128,2.2682,0.02318,0.3435
1681,13778944,3444736,3993,9535.9,41.82,,-0.0248,0.0593,2.2547,0.06317,0.3438
1682,13787136,3446784,3994,9538.7,41.88,,-0.0256,0.0569,2.2006,0.03248,0.3625
1683,13795328,3448832,3996,9541.5,42.25,,-0.019,0.134,2.1518,0.03441,0.369
1684,13803520,3450880,3996,9544.3,42.25,,-0.0217,0.0632,2.1518,0.03181,0.3677
1685,13811712,3452928,3999,9547.2,42.34,,-0.0195,0.1268,2.096,0.02242,0.3251
1686,13819904,3454976,4005,9550.0,42.25,,-0.0211,0.1197,2.1716,0.0361,0.3616
1687,13828096,3457024,4006,9552.8,42.35,,-0.0206,0.059,2.2976,0.02258,0.3301
1688,13836288,3459072,4006,9555.6,42.35,,-0.0246,0.0512,2.3136,0.03823,0.3594
1689,13844480,3461120,4007,9558.4,42.27,,-0.0302,0.0395,2.333,0.03031,0.4159
1690,13852672,3463168,4007,9561.2,42.27,,-0.0343,0.0329,2.3114,0.02882,0.4298
1691,13860864,3465216,4008,9563.9,42.6,,-0.0292,0.0516,2.2441,0.03542,0.3719
1692,13869056,3467264,4009,9566.7,42.84,,-0.031,0.0552,2.1617,0.03708,0.3715
1693,13877248,3469312,4010,9569.5,42.87,,-0.0255,0.0904,1.918,0.05227,0.3992
1694,13885440,3471360,4013,9572.3,43.03,,-0.0205,0.2212,1.9365,0.03738,0.338
1695,13893632,3473408,4016,9575.2,43.82,,-0.0199,0.1303,2.0864,0.03366,0.3303
1696,13901824,3475456,4018,9578.0,44.09,,-0.0238,0.0478,2.2728,0.03253,0.3658
1697,13910016,3477504,4021,9580.8,43.54,,-0.0153,0.1483,2.2777,0.04529,0.3541
1698,13918208,3479552,4023,9583.6,43.78,,-0.0225,0.0709,2.3718,0.02973,0.2939
1699,13926400,3481600,4023,9586.4,43.78,,-0.0266,0.0411,2.4195,0.04814,0.3796
1700,13934592,3483648,4023,9747.3,43.78,159.4199981689453,-0.0361,0.0254,2.371,0.03624,0.4095
1701,13942784,3485696,4024,9750.1,44.12,,-0.0339,0.0313,2.2618,0.03268,0.4286
1702,13950976,3487744,4029,9752.9,42.72,,-0.0193,0.0946,2.3027,0.02684,0.3875
1703,13959168,3489792,4030,9755.7,42.85,,-0.0308,0.0347,2.3158,0.02817,0.3843
1704,13967360,3491840,4033,9758.6,42.33,,-0.0201,0.1222,2.1355,0.0354,0.3707
1705,13975552,3493888,4034,9761.4,42.67,,-0.0209,0.0666,2.293,0.04425,0.3478
1706,13983744,3495936,4037,9764.2,42.78,,-0.0294,0.054,2.3078,0.03673,0.3932
1707,13991936,3497984,4038,9767.0,42.18,,-0.0367,0.0286,2.3457,0.03363,0.4458
1708,14000128,3500032,4039,9769.8,42.27,,-0.0208,0.0646,2.2953,0.07513,0.385
1709,14008320,3502080,4042,9772.6,42.52,,-0.0222,0.0906,2.1095,0.03418,0.3861
1710,14016512,3504128,4046,9775.4,42.31,,-0.0198,0.0781,2.3373,0.02685,0.407
1711,14024704,3506176,4048,9778.2,41.93,,-0.0296,0.0404,2.3926,0.03705,0.3923
1712,14032896,3508224,4051,9781.0,41.33,,-0.025,0.0747,2.2865,0.03164,0.3929
1713,14041088,3510272,4053,9783.8,41.32,,-0.0303,0.0485,2.3243,0.03805,0.4364
1714,14049280,3512320,4053,9786.6,41.32,,-0.0333,0.0443,2.1976,0.03066,0.4224
1715,14057472,3514368,4057,9789.4,41.0,,-0.0291,0.068,2.2126,0.03927,0.4144
1716,14065664,3516416,4058,9792.2,41.07,,-0.0322,0.0409,2.1795,0.05743,0.4424
1717,14073856,3518464,4059,9795.0,40.54,,-0.0128,0.1305,2.2806,0.03847,0.3485
1718,14082048,3520512,4061,9797.8,40.44,,-0.0242,0.0812,2.1673,0.03694,0.3658
1719,14090240,3522560,4064,9800.7,41.01,,-0.0275,0.0545,2.2519,0.04345,0.3915
1720,14098432,3524608,4065,9803.5,40.81,,-0.0169,0.0967,2.2585,0.03555,0.3821
1721,14106624,3526656,4065,9806.2,40.81,,-0.025,0.0708,2.1762,0.02325,0.2886
1722,14114816,3528704,4067,9809.0,41.16,,-0.0244,0.08,2.0479,0.05063,0.356
1723,14123008,3530752,4069,9811.8,41.18,,-0.0146,0.1735,2.1494,0.04059,0.3562
1724,14131200,3532800,4070,9814.6,41.42,,-0.0162,0.1027,2.2985,0.03913,0.3582
1725,14139392,3534848,4070,9817.4,41.42,,-0.0206,0.096,2.1936,0.05637,0.3818
1726,14147584,3536896,4073,9820.2,41.02,,-0.0205,0.1747,2.0775,0.02972,0.3298
1727,14155776,3538944,4075,9823.0,40.51,,-0.0164,0.1925,1.9443,0.03548,0.3104
1728,14163968,3540992,4078,9825.9,40.27,,-0.0167,0.1409,2.1004,0.0399,0.3607
1729,14172160,3543040,4081,9828.7,40.7,,-0.0202,0.0749,2.3441,0.03361,0.3116
1730,14180352,3545088,4081,9831.5,40.7,,-0.0389,0.0229,2.3696,0.03057,0.4337
1731,14188544,3547136,4081,9834.2,40.7,,-0.0299,0.0383,2.3418,0.02963,0.3925
1732,14196736,3549184,4083,9837.0,40.15,,-0.0222,0.0945,2.1344,0.0402,0.3982
1733,14204928,3551232,4086,9839.9,39.66,,-0.0132,0.2632,2.074,0.02342,0.3455
1734,14213120,3553280,4087,9842.6,39.36,,-0.0231,0.0986,2.158,0.04274,0.3505
1735,14221312,3555328,4089,9845.4,39.67,,-0.0202,0.0971,2.1701,0.03106,0.3677
1736,14229504,3557376,4092,9848.3,38.93,,-0.0192,0.0924,2.2686,0.02847,0.3405
1737,14237696,3559424,4092,9851.1,38.93,,-0.0269,0.0606,2.0964,0.04986,0.3942
1738,14245888,3561472,4095,9853.9,39.79,,-0.0129,0.1397,2.2343,0.02788,0.3285
1739,14254080,3563520,4096,9856.7,39.42,,-0.0254,0.045,2.442,0.02534,0.3693
1740,14262272,3565568,4097,9859.5,39.4,,-0.0214,0.0478,2.3764,0.02537,0.4106
1741,14270464,3567616,4099,9862.3,39.35,,-0.0279,0.0387,2.4077,0.03109,0.4065
1742,14278656,3569664,4100,9865.1,39.32,,-0.0352,0.0283,2.4051,0.02174,0.3979
1743,14286848,3571712,4103,9867.9,39.61,,-0.0276,0.0478,2.3822,0.03186,0.3821
1744,14295040,3573760,4103,9870.7,39.61,,-0.0371,0.021,2.3862,0.02277,0.4186
1745,14303232,3575808,4105,9873.5,39.51,,-0.0361,0.0368,2.391,0.02484,0.4485
1746,14311424,3577856,4108,9876.3,39.1,,-0.0159,0.1116,2.3213,0.03123,0.4197
1747,14319616,3579904,4110,9879.1,38.83,,-0.0189,0.083,2.2966,0.03428,0.3158
1748,14327808,3581952,4110,9881.9,38.83,,-0.0256,0.0688,2.265,0.02792,0.3737
1749,14336000,3584000,4113,9884.7,39.32,,-0.0244,0.0853,2.2689,0.0403,0.382
1750,14344192,3586048,4115,9887.5,38.79,,-0.0248,0.0978,2.3154,0.02125,0.3521
1751,14352384,3588096,4116,9890.3,38.64,,-0.0232,0.0525,2.4169,0.03031,0.3407
1752,14360576,3590144,4118,9893.1,38.3,,-0.0306,0.0559,2.4683,0.02691,0.3976
1753,14368768,3592192,4120,9895.9,38.48,,-0.0293,0.0392,2.451,0.02863,0.4122
1754,14376960,3594240,4121,9898.8,38.66,,-0.0363,0.0293,2.4618,0.02619,0.4276
1755,14385152,3596288,4122,9901.6,38.82,,-0.0372,0.024,2.5009,0.02506,0.4204
1756,14393344,3598336,4124,9904.4,37.88,,-0.0324,0.0389,2.4644,0.02392,0.4058
1757,14401536,3600384,4125,9907.1,37.85,,-0.0317,0.0476,2.3576,0.02142,0.3768
1758,14409728,3602432,4128,9910.0,37.95,,-0.0331,0.0503,2.3936,0.03057,0.413
1759,14417920,3604480,4128,9912.7,37.95,,-0.0219,0.0623,2.3663,0.02609,0.3774
1760,14426112,3606528,4133,9915.6,38.29,,-0.0233,0.0952,2.3701,0.03776,0.3378
1761,14434304,3608576,4135,9918.4,38.31,,-0.033,0.0389,2.4953,0.03577,0.3768
1762,14442496,3610624,4136,9921.2,38.27,,-0.0336,0.0459,2.4199,0.0325,0.4092
1763,14450688,3612672,4140,9924.0,37.94,,-0.0279,0.0413,2.4584,0.02651,0.395
1764,14458880,3614720,4143,9926.8,37.32,,-0.0334,0.0497,2.4417,0.03454,0.3992
1765,14467072,3616768,4144,9929.6,37.4,,-0.0139,0.0867,2.3867,0.03499,0.3269
1766,14475264,3618816,4144,9932.4,37.4,,-0.0162,0.0601,2.4209,0.04354,0.3187
1767,14483456,3620864,4146,9935.2,37.35,,-0.0268,0.071,2.3937,0.04432,0.401
1768,14491648,3622912,4147,9938.0,37.45,,-0.0293,0.0491,2.3351,0.05634,0.4366
1769,14499840,3624960,4148,9940.8,37.38,,-0.0329,0.0403,2.325,0.03951,0.3943
1770,14508032,3627008,4150,9943.6,38.19,,-0.0317,0.0352,2.386,0.03618,0.4144
1771,14516224,3629056,4153,9946.4,38.21,,-0.0262,0.0716,2.2362,0.03133,0.4188
1772,14524416,3631104,4155,9949.2,38.3,,-0.0277,0.0555,2.331,0.03638,0.4086
1773,14532608,3633152,4158,9952.0,38.49,,-0.0282,0.0539,2.3007,0.04287,0.3907
1774,14540800,3635200,4160,9954.8,38.68,,-0.0179,0.0894,2.3291,0.02671,0.3724
1775,14548992,3637248,4162,9957.6,38.45,,-0.0221,0.0539,2.3663,0.03054,0.3596
1776,14557184,3639296,4162,9960.4,38.45,,-0.0265,0.0527,2.2914,0.04069,0.3545
1777,14565376,3641344,4164,9963.2,38.45,,-0.0306,0.0474,2.3301,0.0317,0.4028
1778,14573568,3643392,4165,9966.0,38.5,,-0.0207,0.0874,2.2276,0.02374,0.3202
1779,14581760,3645440,4166,9968.9,38.15,,-0.0279,0.0795,2.1172,0.04129,0.3735
1780,14589952,3647488,4167,9971.7,38.38,,-0.0248,0.0636,2.2441,0.02769,0.3606
1781,14598144,3649536,4171,9974.5,38.12,,-0.0266,0.1115,2.2572,0.03848,0.3917
1782,14606336,3651584,4173,9977.3,37.96,,-0.0307,0.0342,2.3518,0.05231,0.4296
1783,14614528,3653632,4175,9980.1,37.85,,-0.0155,0.0962,2.3029,0.02739,0.3951
1784,14622720,3655680,4178,9983.0,37.26,,-0.0196,0.1074,2.2763,0.06274,0.3788
1785,14630912,3657728,4180,9985.8,36.86,,-0.0311,0.0402,2.4011,0.04145,0.4091
1786,14639104,3659776,4181,9988.5,36.6,,-0.032,0.0314,2.4445,0.04406,0.408
1787,14647296,3661824,4182,9991.3,36.44,,-0.0327,0.044,2.3653,0.03802,0.4404
1788,14655488,3663872,4185,9994.1,36.72,,-0.0332,0.0422,2.358,0.03596,0.412
1789,14663680,3665920,4188,9997.0,35.84,,-0.0281,0.0494,2.3857,0.02935,0.3871
1790,14671872,3667968,4190,9999.8,35.58,,-0.0182,0.0765,2.2953,0.03661,0.318
1791,14680064,3670016,4193,10002.6,35.74,,-0.0292,0.0303,2.4431,0.0256,0.3937
1792,14688256,3672064,4194,10005.4,35.11,,-0.0368,0.0256,2.4324,0.02652,0.4427
1793,14696448,3674112,4195,10008.2,34.73,,-0.0329,0.0267,2.5032,0.01989,0.4167
1794,14704640,3676160,4197,10011.0,34.5,,-0.0329,0.0315,2.3557,0.03837,0.4366
1795,14712832,3678208,4198,10013.8,34.42,,-0.0392,0.0321,2.3034,0.02893,0.4521
1796,14721024,3680256,4199,10016.6,34.51,,-0.035,0.0332,2.3056,0.02711,0.4169
1797,14729216,3682304,4200,10019.4,34.43,,-0.0249,0.0795,2.2987,0.03241,0.3798
1798,14737408,3684352,4203,10022.2,34.33,,-0.0283,0.1142,2.2144,0.02775,0.3865
1799,14745600,3686400,4207,10025.1,34.19,,-0.0291,0.0629,2.3426,0.0333,0.3895
1800,14753792,3688448,4210,10593.3,34.31,240.9199981689453,-0.0273,0.0529,2.3117,0.03788,0.4281
1801,14761984,3690496,4211,10596.1,34.39,,-0.028,0.0462,2.3299,0.04116,0.3926
1802,14770176,3692544,4212,10598.9,34.37,,-0.0354,0.0279,2.3689,0.02607,0.4413
1803,14778368,3694592,4212,10601.6,34.37,,-0.0333,0.0264,2.3405,0.02568,0.4297
1804,14786560,3696640,4213,10604.4,34.3,,-0.0342,0.027,2.3661,0.02735,0.4427
1805,14794752,3698688,4213,10607.2,34.3,,-0.0175,0.0978,2.2556,0.02416,0.3951
1806,14802944,3700736,4214,10610.0,34.21,,-0.0216,0.0656,2.1936,0.01665,0.323
1807,14811136,3702784,4216,10612.8,34.52,,-0.0263,0.0933,2.1446,0.02613,0.4001
1808,14819328,3704832,4218,10615.6,34.49,,-0.0286,0.105,2.1769,0.03015,0.3633
1809,14827520,3706880,4220,10618.4,34.38,,-0.02,0.1571,2.0952,0.03485,0.3663
1810,14835712,3708928,4222,10621.2,34.38,,-0.0304,0.0781,2.1901,0.03477,0.3702
1811,14843904,3710976,4224,10624.0,34.54,,-0.0263,0.0562,2.3007,0.0294,0.3545
1812,14852096,3713024,4228,10626.8,35.95,,-0.0252,0.0615,2.3112,0.04482,0.3668
1813,14860288,3715072,4228,10629.6,35.95,,-0.0365,0.0281,2.3517,0.03627,0.4352
1814,14868480,3717120,4232,10632.5,35.86,,-0.0239,0.0617,2.3409,0.04921,0.3837
1815,14876672,3719168,4232,10635.2,35.86,,-0.0182,0.0693,2.3296,0.02477,0.3134
1816,14884864,3721216,4233,10638.0,35.71,,-0.0254,0.0466,2.349,0.02107,0.3527
1817,14893056,3723264,4233,10640.8,35.71,,-0.0331,0.0308,2.3884,0.0202,0.3889
1818,14901248,3725312,4234,10643.6,36.15,,-0.0311,0.0366,2.3738,0.02594,0.4048
1819,14909440,3727360,4235,10646.4,35.67,,-0.0338,0.0428,2.2468,0.03165,0.427
1820,14917632,3729408,4238,10649.2,36.06,,-0.0237,0.0797,2.1077,0.03211,0.4152
1821,14925824,3731456,4239,10652.0,36.35,,-0.0137,0.1425,2.1347,0.03077,0.3712
1822,14934016,3733504,4242,10654.8,36.67,,-0.0236,0.0784,2.1873,0.04868,0.3534
1823,14942208,3735552,4245,10657.6,37.57,,-0.0203,0.1028,2.1564,0.06995,0.3547
1824,14950400,3737600,4247,10660.4,37.79,,-0.0321,0.031,2.3002,0.01855,0.308
1825,14958592,3739648,4247,10663.2,37.79,,-0.0386,0.0218,2.3212,0.0383,0.4075
1826,14966784,3741696,4247,10666.0,37.79,,-0.0162,0.1026,2.1532,0.01819,0.3438
1827,14974976,3743744,4250,10668.8,37.47,,-0.0178,0.2211,2.0565,0.06304,0.3939
1828,14983168,3745792,4251,10671.6,37.9,,-0.0295,0.0699,2.1966,0.03153,0.3569
1829,14991360,3747840,4252,10674.4,37.89,,-0.031,0.0507,2.1598,0.03169,0.3722
1830,14999552,3749888,4254,10677.2,38.14,,-0.0267,0.0691,2.188,0.03564,0.3761
1831,15007744,3751936,4256,10680.0,38.45,,-0.0238,0.0646,2.2794,0.02887,0.3594
1832,15015936,3753984,4256,10682.8,38.45,,-0.0355,0.0378,2.1639,0.02728,0.4136
1833,15024128,3756032,4258,10685.6,38.72,,-0.0215,0.1169,2.1435,0.03626,0.3306
1834,15032320,3758080,4258,10688.4,38.72,,-0.0292,0.0625,2.1751,0.04213,0.3956
1835,15040512,3760128,4259,10691.1,38.67,,-0.0211,0.0972,2.0407,0.04804,0.3671
1836,15048704,3762176,4262,10693.9,40.11,,-0.0181,0.1003,2.1765,0.0493,0.3953
1837,15056896,3764224,4264,10696.7,39.58,,-0.03,0.0501,2.2069,0.05075,0.4196
1838,15065088,3766272,4266,10699.5,40.13,,-0.0287,0.045,2.2293,0.08464,0.3954
1839,15073280,3768320,4266,10702.3,40.13,,-0.0169,0.0756,2.2627,0.03249,0.3813
1840,15081472,3770368,4267,10705.1,39.92,,-0.0334,0.0496,2.1932,0.03216,0.3759
1841,15089664,3772416,4268,10707.9,39.67,,-0.0322,0.0485,2.1461,0.05475,0.412
1842,15097856,3774464,4270,10710.7,40.0,,-0.0243,0.0666,2.2534,0.04149,0.3643
1843,15106048,3776512,4272,10713.5,40.6,,-0.0161,0.1187,2.2151,0.06199,0.3876
1844,15114240,3778560,4274,10716.3,40.72,,-0.0191,0.0768,2.2449,0.19837,0.3578
1845,15122432,3780608,4275,10719.1,41.34,,-0.0265,0.0408,2.3273,0.04562,0.3823
1846,15130624,3782656,4275,10721.8,41.34,,-0.0259,0.0662,2.1647,0.02791,0.3228
1847,15138816,3784704,4277,10724.7,41.82,,-0.0164,0.1968,2.0316,0.02833,0.3291
1848,15147008,3786752,4281,10727.5,41.93,,-0.0222,0.0979,2.1306,0.04569,0.364
1849,15155200,3788800,4282,10730.3,42.66,,-0.0223,0.0876,2.0648,0.07623,0.3184
1850,15163392,3790848,4284,10733.1,42.09,,-0.0187,0.085,2.2202,0.03334,0.3203
1851,15171584,3792896,4287,10735.9,43.02,,-0.0216,0.0748,2.2684,0.05453,0.3523
1852,15179776,3794944,4289,10738.7,43.1,,-0.0206,0.0637,2.3404,0.02183,0.353
1853,15187968,3796992,4289,10741.5,43.1,,-0.0331,0.0278,2.3787,0.02111,0.4293
1854,15196160,3799040,4291,10744.3,43.18,,-0.0268,0.0439,2.3087,0.02762,0.3973
1855,15204352,3801088,4294,10747.1,43.02,,-0.0282,0.0431,2.428,0.02123,0.3964
1856,15212544,3803136,4294,10749.9,43.02,,-0.0289,0.037,2.3337,0.02266,0.3942
1857,15220736,3805184,4296,10752.7,43.37,,-0.0154,0.0921,2.2866,0.03219,0.3193
1858,15228928,3807232,4296,10755.5,43.37,,-0.0187,0.049,2.2272,0.03924,0.3728
1859,15237120,3809280,4299,10758.3,43.74,,-0.024,0.0629,2.2976,0.03805,0.3882
1860,15245312,3811328,4301,10761.1,43.98,,-0.0317,0.0556,2.275,0.02365,0.3981
1861,15253504,3813376,4302,10763.9,43.95,,-0.0297,0.0313,2.3223,0.02585,0.3805
1862,15261696,3815424,4303,10766.7,43.84,,-0.0304,0.0377,2.3236,0.03755,0.4109
1863,15269888,3817472,4304,10769.5,43.82,,-0.0308,0.0453,2.2448,0.04821,0.3939
1864,15278080,3819520,4305,10772.3,44.09,,-0.0201,0.1015,2.116,0.03365,0.3544
1865,15286272,3821568,4306,10775.1,44.47,,-0.0283,0.0694,2.0739,0.04096,0.3831
1866,15294464,3823616,4310,10777.9,45.15,,-0.0187,0.1477,2.0968,0.031,0.3452
1867,15302656,3825664,4311,10780.7,44.78,,-0.0294,0.0597,2.2855,0.02712,0.3395
1868,15310848,3827712,4312,10783.5,44.9,,-0.0295,0.0722,2.2493,0.02886,0.3623
1869,15319040,3829760,4315,10786.3,44.67,,-0.0165,0.0953,2.2865,0.03919,0.3929
1870,15327232,3831808,4317,10789.1,44.58,,-0.0279,0.0627,2.2394,0.03755,0.3951
1871,15335424,3833856,4320,10791.9,44.97,,-0.016,0.1508,2.1819,0.03419,0.3735
1872,15343616,3835904,4320,10794.7,44.97,,-0.0173,0.0789,2.2717,0.03947,0.3206
1873,15351808,3837952,4323,10797.5,45.32,,-0.0185,0.0754,2.3663,0.03772,0.3138
1874,15360000,3840000,4325,10800.3,44.4,,-0.0333,0.0333,2.4745,0.01778,0.4039
1875,15368192,3842048,4326,10803.1,44.07,,-0.0348,0.0386,2.3508,0.02797,0.4052
1876,15376384,3844096,4327,10805.9,43.56,,-0.0251,0.0818,2.2964,0.02874,0.3693
1877,15384576,3846144,4329,10808.7,43.46,,-0.0352,0.0522,2.3104,0.02846,0.4388
1878,15392768,3848192,4331,10811.5,43.5,,-0.0259,0.0527,2.3054,0.02658,0.3971
1879,15400960,3850240,4332,10814.3,43.58,,-0.0367,0.0344,2.3042,0.03902,0.4332
1880,15409152,3852288,4333,10817.1,43.98,,-0.0271,0.0408,2.241,0.04449,0.4403
1881,15417344,3854336,4336,10819.9,43.61,,-0.0317,0.0632,2.1901,0.03439,0.3933
1882,15425536,3856384,4336,10822.7,43.61,,-0.0162,0.0944,2.0789,0.02458,0.3392
1883,15433728,3858432,4337,10825.5,43.53,,-0.0236,0.087,1.9208,0.05204,0.3289
1884,15441920,3860480,4340,10828.3,44.28,,-0.0189,0.1303,2.0582,0.04859,0.371
1885,15450112,3862528,4343,10831.2,44.58,,-0.0237,0.0649,2.2268,0.04475,0.377
1886,15458304,3864576,4345,10834.0,43.9,,-0.0177,0.0842,2.3428,0.03755,0.3452
1887,15466496,3866624,4345,10836.8,43.9,,-0.0361,0.023,2.4148,0.02404,0.4183
1888,15474688,3868672,4346,10839.5,43.89,,-0.0319,0.0521,2.2134,0.0285,0.4106
1889,15482880,3870720,4347,10842.3,43.89,,-0.0278,0.062,2.1855,0.04448,0.3878
1890,15491072,3872768,4349,10845.1,43.86,,-0.0222,0.0872,2.1775,0.03409,0.3558
1891,15499264,3874816,4350,10847.9,43.95,,-0.0145,0.1413,2.0317,0.02529,0.2961
1892,15507456,3876864,4351,10850.7,43.62,,-0.0171,0.0911,2.1377,0.0546,0.34
1893,15515648,3878912,4351,10853.5,43.62,,-0.0224,0.0924,2.0208,0.0229,0.3218
1894,15523840,3880960,4354,10856.3,43.91,,-0.02,0.1667,2.0457,0.04328,0.3481
1895,15532032,3883008,4357,10859.2,44.26,,-0.0152,0.1656,2.1091,0.04167,0.3064
1896,15540224,3885056,4359,10862.0,44.03,,-0.0193,0.1243,2.1678,0.0326,0.3313
1897,15548416,3887104,4360,10864.8,44.37,,-0.0146,0.1107,2.2114,0.02055,0.2444
1898,15556608,3889152,4360,10867.5,44.37,,-0.02,0.122,2.1617,0.0296,0.3079
1899,15564800,3891200,4361,10870.3,44.58,,-0.0266,0.0991,2.1319,0.05029,0.3353
1900,15572992,3893248,4361,11684.6,44.58,186.7899932861328,-0.0213,0.0798,2.1202,0.06286,0.3503
1901,15581184,3895296,4365,11687.4,45.34,,-0.0143,0.2053,2.0147,0.05259,0.3402
1902,15589376,3897344,4367,11690.2,45.54,,-0.0163,0.1762,2.0523,0.04071,0.3143
1903,15597568,3899392,4371,11693.0,45.06,,-0.0206,0.1085,2.2981,0.03169,0.3151
1904,15605760,3901440,4372,11695.8,45.1,,-0.0228,0.0403,2.3739,0.02185,0.3757
1905,15613952,3903488,4374,11698.6,44.84,,-0.0257,0.0514,2.346,0.02613,0.3541
1906,15622144,3905536,4375,11701.4,44.29,,-0.0248,0.0611,2.3504,0.03517,0.3571
1907,15630336,3907584,4376,11704.2,44.26,,-0.0244,0.0511,2.34,0.0322,0.3528
1908,15638528,3909632,4377,11707.0,43.63,,-0.0277,0.0617,2.2719,0.04278,0.3967
1909,15646720,3911680,4378,11709.8,43.45,,-0.0276,0.0586,2.2208,0.03582,0.4073
1910,15654912,3913728,4381,11712.6,43.19,,-0.0268,0.0634,2.2412,0.02949,0.4077
1911,15663104,3915776,4384,11715.4,43.09,,-0.0206,0.0694,2.2638,0.02627,0.3104
1912,15671296,3917824,4386,11718.2,43.01,,-0.0208,0.0724,2.277,0.03778,0.3174
1913,15679488,3919872,4386,11721.0,43.01,,-0.0315,0.0387,2.2706,0.02806,0.3867
1914,15687680,3921920,4388,11723.8,42.97,,-0.0277,0.0723,2.0334,0.03019,0.3369
1915,15695872,3923968,4389,11726.6,42.98,,-0.017,0.153,2.1484,0.03174,0.2917
1916,15704064,3926016,4390,11729.4,42.81,,-0.0223,0.0882,2.1872,0.02617,0.3322
1917,15712256,3928064,4392,11732.2,43.12,,-0.0185,0.1192,2.1605,0.03191,0.3289
1918,15720448,3930112,4396,11735.0,44.26,,-0.024,0.0758,2.26,0.0376,0.3241
1919,15728640,3932160,4396,11737.8,44.26,,-0.0384,0.026,2.389,0.02092,0.4036
1920,15736832,3934208,4397,11740.6,43.69,,-0.0329,0.04,2.3566,0.02984,0.4028
1921,15745024,3936256,4399,11743.4,43.6,,-0.0272,0.0648,2.2332,0.0324,0.371
1922,15753216,3938304,4400,11746.2,43.83,,-0.0202,0.1743,2.116,0.03061,0.3597
1923,15761408,3940352,4403,11749.0,44.01,,-0.023,0.1145,2.0949,0.03399,0.3566
1924,15769600,3942400,4406,11751.8,43.3,,-0.0246,0.0914,2.1986,0.04638,0.3583
1925,15777792,3944448,4407,11754.6,43.79,,-0.0185,0.0616,2.2963,0.03549,0.3619
1926,15785984,3946496,4407,11757.4,43.79,,-0.0288,0.0382,2.3203,0.02471,0.3794
1927,15794176,3948544,4409,11760.2,43.67,,-0.0279,0.0387,2.2227,0.04664,0.3842
1928,15802368,3950592,4410,11763.0,43.71,,-0.0146,0.1051,2.1824,0.01939,0.3263
1929,15810560,3952640,4410,11765.7,43.71,,-0.0309,0.0683,2.1713,0.02195,0.338
1930,15818752,3954688,4410,11768.5,43.71,,-0.0188,0.1454,2.0507,0.01767,0.3016
1931,15826944,3956736,4413,11771.3,44.33,,-0.0246,0.1046,2.0827,0.02942,0.3533
1932,15835136,3958784,4415,11774.2,44.36,,-0.0191,0.1962,2.0975,0.02718,0.3708
1933,15843328,3960832,4417,11777.0,44.46,,-0.024,0.0998,2.1075,0.0391,0.3529
1934,15851520,3962880,4417,11779.8,44.46,,-0.0265,0.0997,1.9319,0.03573,0.3591
1935,15859712,3964928,4419,11782.5,45.09,,-0.0233,0.1208,1.912,0.05235,0.3364
1936,15867904,3966976,4421,11785.3,44.93,,-0.0239,0.1316,2.0267,0.03727,0.3649
1937,15876096,3969024,4425,11788.1,45.35,,-0.0221,0.1027,2.206,0.02165,0.3395
1938,15884288,3971072,4427,11790.9,46.23,,-0.0255,0.065,2.2914,0.02818,0.3452
1939,15892480,3973120,4429,11793.8,46.72,,-0.0244,0.0652,2.2993,0.02228,0.3511
1940,15900672,3975168,4429,11796.5,46.72,,-0.0338,0.0245,2.3853,0.0184,0.3707
1941,15908864,3977216,4431,11799.4,46.6,,-0.0328,0.0593,2.2718,0.02149,0.39
1942,15917056,3979264,4431,11802.1,46.6,,-0.0346,0.031,2.2652,0.02675,0.3978
1943,15925248,3981312,4432,11804.9,46.56,,-0.0237,0.0805,2.1197,0.02501,0.3508
1944,15933440,3983360,4432,11807.7,46.56,,-0.0333,0.0477,2.0444,0.03604,0.4055
1945,15941632,3985408,4433,11810.5,46.22,,-0.0252,0.1376,1.9628,0.07104,0.3635
1946,15949824,3987456,4434,11813.3,45.94,,-0.0273,0.0694,2.0169,0.05098,0.3627
1947,15958016,3989504,4437,11816.1,47.16,,-0.0221,0.0952,1.961,0.05762,0.3804
1948,15966208,3991552,4437,11818.8,47.16,,-0.0269,0.0644,1.8732,0.03747,0.3705
1949,15974400,3993600,4442,11821.7,47.93,,-0.0185,0.1996,1.8881,0.04058,0.3351
1950,15982592,3995648,4445,11824.5,48.24,,-0.0156,0.1677,2.1036,0.0361,0.324
1951,15990784,3997696,4446,11827.2,48.22,,-0.0195,0.0843,2.2482,0.03253,0.3049
1952,15998976,3999744,4447,11830.0,48.62,,-0.0254,0.0564,2.3032,0.03013,0.373
1953,16007168,4001792,4447,11832.8,48.62,,-0.0128,0.2302,2.1965,0.0385,0.3564
1954,16015360,4003840,4449,11835.6,48.52,,-0.0152,0.1067,2.3099,0.03407,0.3756
1955,16023552,4005888,4450,11838.4,48.55,,-0.0186,0.111,2.2613,0.02999,0.3514
1956,16031744,4007936,4452,11841.3,48.7,,-0.0245,0.0771,2.15,0.04154,0.3591
1957,16039936,4009984,4453,11844.1,48.62,,-0.0206,0.0896,2.089,0.03899,0.3596
1958,16048128,4012032,4453,11846.8,48.62,,-0.0163,0.1387,2.078,0.02589,0.3544
1959,16056320,4014080,4457,11849.6,47.95,,-0.0215,0.1413,2.108,0.06466,0.36
1960,16064512,4016128,4459,11852.4,48.47,,-0.0218,0.1151,2.1427,0.03653,0.3497
1961,16072704,4018176,4460,11855.2,48.23,,-0.0208,0.0878,2.1906,0.03415,0.3536
1962,16080896,4020224,4463,11858.0,46.3,,-0.0286,0.0701,2.1979,0.04574,0.3959
1963,16089088,4022272,4466,11860.9,46.66,,-0.0186,0.075,2.2382,0.04181,0.4135
1964,16097280,4024320,4468,11863.7,46.36,,-0.025,0.0693,2.2467,0.03642,0.416
1965,16105472,4026368,4470,11866.5,46.4,,-0.0247,0.0624,2.2808,0.03178,0.3989
1966,16113664,4028416,4472,11869.3,46.25,,-0.0236,0.0582,2.226,0.03978,0.4221
1967,16121856,4030464,4473,11872.1,46.14,,-0.0314,0.05,2.1857,0.04045,0.4155
1968,16130048,4032512,4474,11874.9,46.09,,-0.0319,0.0479,2.0636,0.03612,0.4216
1969,16138240,4034560,4476,11877.7,45.86,,-0.0183,0.1857,1.9407,0.03533,0.3492
1970,16146432,4036608,4478,11880.5,46.4,,-0.0185,0.1185,1.988,0.04759,0.3981
1971,16154624,4038656,4480,11883.4,47.22,,-0.0167,0.1128,1.9832,0.03779,0.3785
1972,16162816,4040704,4482,11886.2,47.01,,-0.0206,0.0589,2.2021,0.17201,0.415
1973,16171008,4042752,4484,11889.0,46.57,,-0.0312,0.0513,2.1846,0.06496,0.3601
1974,16179200,4044800,4485,11891.8,47.1,,-0.0306,0.0466,2.1603,0.03068,0.4025
1975,16187392,4046848,4485,11894.5,47.1,,-0.0236,0.0663,2.0788,0.0361,0.3788
1976,16195584,4048896,4490,11897.4,47.1,,-0.0166,0.1413,2.167,0.0942,0.3885
1977,16203776,4050944,4491,11900.2,46.6,,-0.0356,0.0421,2.2983,0.02877,0.4573
1978,16211968,4052992,4491,11902.9,46.6,,-0.0321,0.0525,2.1586,0.0385,0.4216
1979,16220160,4055040,4494,11905.8,46.44,,-0.0247,0.0726,2.143,0.04593,0.4288
1980,16228352,4057088,4495,11908.6,45.93,,-0.0242,0.0586,2.2704,0.03291,0.4205
1981,16236544,4059136,4495,11911.4,45.93,,-0.0379,0.033,2.1895,0.0425,0.4598
1982,16244736,4061184,4497,11914.2,46.23,,-0.028,0.0574,2.1352,0.05743,0.4055
1983,16252928,4063232,4499,11917.0,46.6,,-0.0318,0.0386,2.2375,0.02992,0.4274
1984,16261120,4065280,4502,11919.8,46.53,,-0.0334,0.044,2.2825,0.03236,0.4584
1985,16269312,4067328,4503,11922.5,46.42,,-0.0345,0.0345,2.2711,0.02856,0.4454
1986,16277504,4069376,4503,11925.3,46.42,,-0.0357,0.0335,2.2506,0.03283,0.4454
1987,16285696,4071424,4503,11928.1,46.42,,-0.0374,0.0452,2.0922,0.04254,0.4944
1988,16293888,4073472,4503,11930.9,46.42,,-0.0298,0.0796,1.8501,0.03467,0.4227
1989,16302080,4075520,4505,11933.7,46.76,,-0.0135,0.2532,1.6834,0.0809,0.3516
1990,16310272,4077568,4507,11936.5,46.72,,-0.0158,0.187,1.7744,0.06356,0.4049
1991,16318464,4079616,4511,11939.3,47.17,,-0.0176,0.1304,1.905,0.04051,0.3394
1992,16326656,4081664,4514,11942.1,47.13,,-0.0214,0.0778,2.1283,0.05577,0.3944
1993,16334848,4083712,4516,11944.9,47.42,,-0.0184,0.0874,2.2286,0.05193,0.3552
1994,16343040,4085760,4517,11947.7,47.91,,-0.0365,0.0305,2.3096,0.0267,0.4309
1995,16351232,4087808,4518,11950.5,47.8,,-0.0267,0.0512,2.1866,0.08073,0.4142
1996,16359424,4089856,4519,11953.3,47.24,,-0.0197,0.1039,2.2237,0.03459,0.3856
1997,16367616,4091904,4519,11956.1,47.24,,-0.0341,0.045,2.2368,0.03225,0.4103
1998,16375808,4093952,4519,11958.9,47.24,,-0.0323,0.0558,2.0941,0.03387,0.3925
1999,16384000,4096000,4520,11961.6,47.59,,-0.0244,0.0932,1.8168,0.08131,0.3651
2000,16392192,4098048,4520,12139.3,47.59,280.239990234375,-0.0304,0.0688,1.8534,0.05874,0.4316
