method,after_task,after_task_name,eval_task,eval_task_name,raw,normalized
cka_rl,0,"biggrid50-goal(40,31)",0,"biggrid50-goal(40,31)",0.9877548813819885,0.9622238812282446
cka_rl,1,"biggrid50-goal(9,31)",0,"biggrid50-goal(40,31)",0.8098639249801636,0.41343132910286795
cka_rl,1,"biggrid50-goal(9,31)",1,"biggrid50-goal(9,31)",0.9122447371482849,0.6309006387524885
cka_rl,2,"biggrid50-goal(15,31)",0,"biggrid50-goal(40,31)",0.8146258592605591,0.4281218682941271
cka_rl,2,"biggrid50-goal(15,31)",1,"biggrid50-goal(9,31)",0.9166664481163025,0.6494983916493623
cka_rl,2,"biggrid50-goal(15,31)",2,"biggrid50-goal(15,31)",0.935033917427063,0.6768184908628838
cka_rl,3,"biggrid50-goal(9,24)",0,"biggrid50-goal(40,31)",0.768367350101471,0.2854146401560773
cka_rl,3,"biggrid50-goal(9,24)",1,"biggrid50-goal(9,31)",0.9112244248390198,0.6266091967422345
cka_rl,3,"biggrid50-goal(9,24)",2,"biggrid50-goal(15,31)",0.9139454960823059,0.5719116292267928
cka_rl,3,"biggrid50-goal(9,24)",3,"biggrid50-goal(9,24)",0.9649658799171448,0.8410489699789363
cka_rl,4,"biggrid50-goal(21,17)",0,"biggrid50-goal(40,31)",0.7717685699462891,0.2959073833327511
cka_rl,4,"biggrid50-goal(21,17)",1,"biggrid50-goal(9,31)",0.9081631898880005,0.6137336172233282
cka_rl,4,"biggrid50-goal(21,17)",2,"biggrid50-goal(15,31)",0.9265305399894714,0.6345174278434532
cka_rl,4,"biggrid50-goal(21,17)",3,"biggrid50-goal(9,24)",0.9727889895439148,0.8765426923901729
cka_rl,4,"biggrid50-goal(21,17)",4,"biggrid50-goal(21,17)",0.7843537926673889,0.2296479491023064
cka_rl,5,"biggrid50-goal(27,3)",0,"biggrid50-goal(40,31)",0.7826530933380127,0.3294860738498767
cka_rl,5,"biggrid50-goal(27,3)",1,"biggrid50-goal(9,31)",0.8724489212036133,0.4635191077972227
cka_rl,5,"biggrid50-goal(27,3)",2,"biggrid50-goal(15,31)",0.8802720308303833,0.40439896897404143
cka_rl,5,"biggrid50-goal(27,3)",3,"biggrid50-goal(9,24)",0.8493196964263916,0.316358184527874
cka_rl,5,"biggrid50-goal(27,3)",4,"biggrid50-goal(21,17)",0.7517006993293762,0.113001439375873
cka_rl,5,"biggrid50-goal(27,3)",5,"biggrid50-goal(27,3)",0.8755100965499878,0.6191463828922821
cka_rl,6,"biggrid50-goal(3,31)",0,"biggrid50-goal(40,31)",0.8013604283332825,0.3871980920613497
cka_rl,6,"biggrid50-goal(3,31)",1,"biggrid50-goal(9,31)",0.9040815234184265,0.5965660942989103
cka_rl,6,"biggrid50-goal(3,31)",2,"biggrid50-goal(15,31)",0.877210795879364,0.3891704914037188
cka_rl,6,"biggrid50-goal(3,31)",3,"biggrid50-goal(9,24)",0.9789114594459534,0.9043205527988389
cka_rl,6,"biggrid50-goal(3,31)",4,"biggrid50-goal(21,17)",0.7714285254478455,0.1834750706912411
cka_rl,6,"biggrid50-goal(3,31)",5,"biggrid50-goal(27,3)",0.8367346525192261,0.5005201513280225
cka_rl,6,"biggrid50-goal(3,31)",6,"biggrid50-goal(3,31)",0.9714283347129822,0.8157879870769943
cka_rl,7,"biggrid50-goal(33,10)",0,"biggrid50-goal(40,31)",0.7976189255714417,0.3756555780910684
cka_rl,7,"biggrid50-goal(33,10)",1,"biggrid50-goal(9,31)",0.8636054396629333,0.42632335130584637
cka_rl,7,"biggrid50-goal(33,10)",2,"biggrid50-goal(15,31)",0.8557822108268738,0.28257144492185915
cka_rl,7,"biggrid50-goal(33,10)",3,"biggrid50-goal(9,24)",0.8649658560752869,0.387345358921986
cka_rl,7,"biggrid50-goal(33,10)",4,"biggrid50-goal(21,17)",0.7619047164916992,0.1494532075086022
cka_rl,7,"biggrid50-goal(33,10)",5,"biggrid50-goal(27,3)",0.8414965867996216,0.5150884001968643
cka_rl,7,"biggrid50-goal(33,10)",6,"biggrid50-goal(3,31)",0.8962584137916565,0.33113991686204763
cka_rl,7,"biggrid50-goal(33,10)",7,"biggrid50-goal(33,10)",0.9734691977500916,0.9093016943847754
cka_rl,8,"biggrid50-goal(27,45)",0,"biggrid50-goal(40,31)",0.855102002620697,0.55299053201994
cka_rl,8,"biggrid50-goal(27,45)",1,"biggrid50-goal(9,31)",0.9013605117797852,0.5851214968453464
cka_rl,8,"biggrid50-goal(27,45)",2,"biggrid50-goal(15,31)",0.8925169110298157,0.46531258274493315
cka_rl,8,"biggrid50-goal(27,45)",3,"biggrid50-goal(9,24)",0.9153060913085938,0.6157407695363533
cka_rl,8,"biggrid50-goal(27,45)",4,"biggrid50-goal(21,17)",0.7612244486808777,0.1470230896330869
cka_rl,8,"biggrid50-goal(27,45)",5,"biggrid50-goal(27,3)",0.7748299241065979,0.3111341924780556
cka_rl,8,"biggrid50-goal(27,45)",6,"biggrid50-goal(3,31)",0.9027210474014282,0.37280688776069
cka_rl,8,"biggrid50-goal(27,45)",7,"biggrid50-goal(33,10)",0.8853740692138672,0.6081393391748591
cka_rl,8,"biggrid50-goal(27,45)",8,"biggrid50-goal(27,45)",0.6901360750198364,0.09980235545749326
cka_rl,9,"biggrid50-goal(21,45)",0,"biggrid50-goal(40,31)",0.905782163143158,0.7093385285556412
cka_rl,9,"biggrid50-goal(21,45)",1,"biggrid50-goal(9,31)",0.886734664440155,0.5236050619862422
cka_rl,9,"biggrid50-goal(21,45)",2,"biggrid50-goal(15,31)",0.8676870465278625,0.3417934668677798
cka_rl,9,"biggrid50-goal(21,45)",3,"biggrid50-goal(9,24)",0.8982992172241211,0.5385799860837566
cka_rl,9,"biggrid50-goal(21,45)",4,"biggrid50-goal(21,17)",0.7571428418159485,0.13244238237999523
cka_rl,9,"biggrid50-goal(21,45)",5,"biggrid50-goal(27,3)",0.7462584376335144,0.22372506396356953
cka_rl,9,"biggrid50-goal(21,45)",6,"biggrid50-goal(3,31)",0.8914964199066162,0.30043759446402846
cka_rl,9,"biggrid50-goal(21,45)",7,"biggrid50-goal(33,10)",0.8370746970176697,0.44302291415272
cka_rl,9,"biggrid50-goal(21,45)",8,"biggrid50-goal(27,45)",0.6816326975822449,0.07509886556119172
cka_rl,9,"biggrid50-goal(21,45)",9,"biggrid50-goal(21,45)",0.9534012675285339,0.7862710469697011
cka_rl,10,"biggrid50-goal(33,3)",0,"biggrid50-goal(40,31)",0.8374149203300476,0.4984259873895111
cka_rl,10,"biggrid50-goal(33,3)",1,"biggrid50-goal(9,31)",0.8714284896850586,0.459227164391711
cka_rl,10,"biggrid50-goal(33,3)",2,"biggrid50-goal(15,31)",0.8819726705551147,0.41285900367168826
cka_rl,10,"biggrid50-goal(33,3)",3,"biggrid50-goal(9,24)",0.8843536376953125,0.475308403263854
cka_rl,10,"biggrid50-goal(33,3)",4,"biggrid50-goal(21,17)",0.7571429014205933,0.13244259530542024
cka_rl,10,"biggrid50-goal(33,3)",5,"biggrid50-goal(27,3)",0.8129251599311829,0.4276794540316606
cka_rl,10,"biggrid50-goal(33,3)",6,"biggrid50-goal(3,31)",0.9374149441719055,0.5964911741343127
cka_rl,10,"biggrid50-goal(33,3)",7,"biggrid50-goal(33,10)",0.9289114475250244,0.7569763930473863
cka_rl,10,"biggrid50-goal(33,3)",8,"biggrid50-goal(27,45)",0.6778911352157593,0.06422910836233471
cka_rl,10,"biggrid50-goal(33,3)",9,"biggrid50-goal(21,45)",0.8687074184417725,0.3978156806246224
cka_rl,10,"biggrid50-goal(33,3)",10,"biggrid50-goal(33,3)",0.9639453887939453,0.8924943727567671
cka_rl,11,"biggrid50-goal(21,24)",0,"biggrid50-goal(40,31)",0.8333332538604736,0.4858340703855779
cka_rl,11,"biggrid50-goal(21,24)",1,"biggrid50-goal(9,31)",0.8690475821495056,0.44921304760823183
cka_rl,11,"biggrid50-goal(21,24)",2,"biggrid50-goal(15,31)",0.8867347240447998,0.43654840547085405
cka_rl,11,"biggrid50-goal(21,24)",3,"biggrid50-goal(9,24)",0.8833332657814026,0.4706789401479838
cka_rl,11,"biggrid50-goal(21,24)",4,"biggrid50-goal(21,17)",0.7670067548751831,0.16767919803767928
cka_rl,11,"biggrid50-goal(21,24)",5,"biggrid50-goal(27,3)",0.8557822704315186,0.558792782104825
cka_rl,11,"biggrid50-goal(21,24)",6,"biggrid50-goal(3,31)",0.9520406126976013,0.6907882272601329
cka_rl,11,"biggrid50-goal(21,24)",7,"biggrid50-goal(33,10)",0.9428569674491882,0.8046506026747782
cka_rl,11,"biggrid50-goal(21,24)",8,"biggrid50-goal(27,45)",0.6748300194740295,0.055336142908051826
cka_rl,11,"biggrid50-goal(21,24)",9,"biggrid50-goal(21,45)",0.881292462348938,0.45553802875428184
cka_rl,11,"biggrid50-goal(21,24)",10,"biggrid50-goal(33,3)",0.9319726824760437,0.7971599416703915
cka_rl,11,"biggrid50-goal(21,24)",11,"biggrid50-goal(21,24)",0.9275509119033813,0.6302078056809245
cka_rl,12,"biggrid50-goal(21,3)",0,"biggrid50-goal(40,31)",0.817686915397644,0.4375652084371489
cka_rl,12,"biggrid50-goal(21,3)",1,"biggrid50-goal(9,31)",0.8428571224212646,0.3390557574089297
cka_rl,12,"biggrid50-goal(21,3)",2,"biggrid50-goal(15,31)",0.8510203957557678,0.2588832291642884
cka_rl,12,"biggrid50-goal(21,3)",3,"biggrid50-goal(9,24)",0.8360544443130493,0.2561732710230332
cka_rl,12,"biggrid50-goal(21,3)",4,"biggrid50-goal(21,17)",0.7598638534545898,0.14216264095663134
cka_rl,12,"biggrid50-goal(21,3)",5,"biggrid50-goal(27,3)",0.8442175984382629,0.5234128272873302
cka_rl,12,"biggrid50-goal(21,3)",6,"biggrid50-goal(3,31)",0.862925112247467,0.11622788729915405
cka_rl,12,"biggrid50-goal(21,3)",7,"biggrid50-goal(33,10)",0.9772107601165771,0.9220926143048507
cka_rl,12,"biggrid50-goal(21,3)",8,"biggrid50-goal(27,45)",0.672448992729187,0.04841893023982279
cka_rl,12,"biggrid50-goal(21,3)",9,"biggrid50-goal(21,45)",0.8098638653755188,0.12792484191706147
cka_rl,12,"biggrid50-goal(21,3)",10,"biggrid50-goal(33,3)",0.9336733222007751,0.8022308142774246
cka_rl,12,"biggrid50-goal(21,3)",11,"biggrid50-goal(21,24)",0.8979591131210327,0.4791663434201459
cka_rl,12,"biggrid50-goal(21,3)",12,"biggrid50-goal(21,3)",0.918367326259613,0.7427652014444242
cka_rl,13,"biggrid50-goal(3,17)",0,"biggrid50-goal(40,31)",0.8142856359481812,0.4270722813804973
cka_rl,13,"biggrid50-goal(3,17)",1,"biggrid50-goal(9,31)",0.8425170183181763,0.337625276738845
cka_rl,13,"biggrid50-goal(3,17)",2,"biggrid50-goal(15,31)",0.8809522986412048,0.4077830421551799
cka_rl,13,"biggrid50-goal(3,17)",3,"biggrid50-goal(9,24)",0.8721086978912354,0.41975268244652214
cka_rl,13,"biggrid50-goal(3,17)",4,"biggrid50-goal(21,17)",0.7649659514427185,0.16038884441113344
cka_rl,13,"biggrid50-goal(3,17)",5,"biggrid50-goal(27,3)",0.8146257400512695,0.4328820614075796
cka_rl,13,"biggrid50-goal(3,17)",6,"biggrid50-goal(3,31)",0.9091836214065552,0.41447347436631043
cka_rl,13,"biggrid50-goal(3,17)",7,"biggrid50-goal(33,10)",0.9585033655166626,0.8581394410571963
cka_rl,13,"biggrid50-goal(3,17)",8,"biggrid50-goal(27,45)",0.6693877577781677,0.039525618466033155
cka_rl,13,"biggrid50-goal(3,17)",9,"biggrid50-goal(21,45)",0.8479591608047485,0.30265207537678823
cka_rl,13,"biggrid50-goal(3,17)",10,"biggrid50-goal(33,3)",0.9207481145858765,0.7636911516543162
cka_rl,13,"biggrid50-goal(3,17)",11,"biggrid50-goal(21,24)",0.8724488615989685,0.34895777715917264
cka_rl,13,"biggrid50-goal(3,17)",12,"biggrid50-goal(21,3)",0.9329931139945984,0.7888528939006401
cka_rl,13,"biggrid50-goal(3,17)",13,"biggrid50-goal(3,17)",0.9462583661079407,0.6721984067919482
cka_rl,14,"biggrid50-goal(15,45)",0,"biggrid50-goal(40,31)",0.7925169467926025,0.35991600362611315
cka_rl,14,"biggrid50-goal(15,45)",1,"biggrid50-goal(9,31)",0.885033905506134,0.5164516558453035
cka_rl,14,"biggrid50-goal(15,45)",2,"biggrid50-goal(15,31)",0.8904761075973511,0.45516036320151765
cka_rl,14,"biggrid50-goal(15,45)",3,"biggrid50-goal(9,24)",0.9306122064590454,0.6851851501296569
cka_rl,14,"biggrid50-goal(15,45)",4,"biggrid50-goal(21,17)",0.7595237493515015,0.1409476884815862
cka_rl,14,"biggrid50-goal(15,45)",5,"biggrid50-goal(27,3)",0.7755100727081299,0.3132149801394279
cka_rl,14,"biggrid50-goal(15,45)",6,"biggrid50-goal(3,31)",0.9431971311569214,0.6337710558950358
cka_rl,14,"biggrid50-goal(15,45)",7,"biggrid50-goal(33,10)",0.8625850081443787,0.5302325647737336
cka_rl,14,"biggrid50-goal(15,45)",8,"biggrid50-goal(27,45)",0.6816326379776001,0.07509869240143834
cka_rl,14,"biggrid50-goal(15,45)",9,"biggrid50-goal(21,45)",0.9302719831466675,0.6801866649899259
cka_rl,14,"biggrid50-goal(15,45)",10,"biggrid50-goal(33,3)",0.9486393332481384,0.8468556306644546
cka_rl,14,"biggrid50-goal(15,45)",11,"biggrid50-goal(21,24)",0.8897958397865295,0.43749963872447684
cka_rl,14,"biggrid50-goal(15,45)",12,"biggrid50-goal(21,3)",0.853741466999054,0.5391210093989742
cka_rl,14,"biggrid50-goal(15,45)",13,"biggrid50-goal(3,17)",0.8078230619430542,-0.17219931570074504
cka_rl,14,"biggrid50-goal(15,45)",14,"biggrid50-goal(15,45)",0.9255101680755615,0.5844400958320379
cka_rl,15,"biggrid50-goal(3,24)",0,"biggrid50-goal(40,31)",0.7826529741287231,0.329485706089921
cka_rl,15,"biggrid50-goal(3,24)",1,"biggrid50-goal(9,31)",0.8887754678726196,0.5321886980996368
cka_rl,15,"biggrid50-goal(3,24)",2,"biggrid50-goal(15,31)",0.8819727301597595,0.41285930018208705
cka_rl,15,"biggrid50-goal(3,24)",3,"biggrid50-goal(9,24)",0.9782311320304871,0.9012338834837771
cka_rl,15,"biggrid50-goal(3,24)",4,"biggrid50-goal(21,17)",0.7731292247772217,0.1895504718427418
cka_rl,15,"biggrid50-goal(3,24)",5,"biggrid50-goal(27,3)",0.7772108316421509,0.3184181345631941
cka_rl,15,"biggrid50-goal(3,24)",6,"biggrid50-goal(3,31)",0.9676868915557861,0.7916655297998102
cka_rl,15,"biggrid50-goal(3,24)",7,"biggrid50-goal(33,10)",0.8343536853790283,0.4337208529915303
cka_rl,15,"biggrid50-goal(3,24)",8,"biggrid50-goal(27,45)",0.6765305995941162,0.06027656383170673
cka_rl,15,"biggrid50-goal(3,24)",9,"biggrid50-goal(21,45)",0.8887754082679749,0.4898591811126086
cka_rl,15,"biggrid50-goal(3,24)",10,"biggrid50-goal(33,3)",0.8700679540634155,0.612575877809956
cka_rl,15,"biggrid50-goal(3,24)",11,"biggrid50-goal(21,24)",0.8901360034942627,0.4392358908598053
cka_rl,15,"biggrid50-goal(3,24)",12,"biggrid50-goal(21,3)",0.8404760956764221,0.4973201597686637
cka_rl,15,"biggrid50-goal(3,24)",13,"biggrid50-goal(3,17)",0.8707482814788818,0.21161832665527744
cka_rl,15,"biggrid50-goal(3,24)",14,"biggrid50-goal(15,45)",0.9122447371482849,0.5104356167982057
cka_rl,15,"biggrid50-goal(3,24)",15,"biggrid50-goal(3,24)",0.9986393451690674,0.9899489345289411
cka_rl,16,"biggrid50-goal(3,10)",0,"biggrid50-goal(40,31)",0.7666666507720947,0.28016799274777365
cka_rl,16,"biggrid50-goal(3,10)",1,"biggrid50-goal(9,31)",0.8697278499603271,0.45207425964603
cka_rl,16,"biggrid50-goal(3,10)",2,"biggrid50-goal(15,31)",0.8714284896850586,0.36040572110884217
cka_rl,16,"biggrid50-goal(3,10)",3,"biggrid50-goal(9,24)",0.9455781579017639,0.7530861960654296
cka_rl,16,"biggrid50-goal(3,10)",4,"biggrid50-goal(21,17)",0.7622449398040771,0.15066858583449733
cka_rl,16,"biggrid50-goal(3,10)",5,"biggrid50-goal(27,3)",0.7857142090797424,0.3444326302370486
cka_rl,16,"biggrid50-goal(3,10)",6,"biggrid50-goal(3,31)",0.9676870107650757,0.791666298385854
cka_rl,16,"biggrid50-goal(3,10)",7,"biggrid50-goal(33,10)",0.8962584137916565,0.6453486026429909
cka_rl,16,"biggrid50-goal(3,10)",8,"biggrid50-goal(27,45)",0.6727890372276306,0.04940680663284972
cka_rl,16,"biggrid50-goal(3,10)",9,"biggrid50-goal(21,45)",0.8619046807289124,0.3666143596444945
cka_rl,16,"biggrid50-goal(3,10)",10,"biggrid50-goal(33,3)",0.8823127746582031,0.6490868003934849
cka_rl,16,"biggrid50-goal(3,10)",11,"biggrid50-goal(21,24)",0.8625850677490234,0.2986113329469587
cka_rl,16,"biggrid50-goal(3,10)",12,"biggrid50-goal(21,3)",0.8829931020736694,0.6312965821331212
cka_rl,16,"biggrid50-goal(3,10)",13,"biggrid50-goal(3,17)",0.8965986371040344,0.3692947340369257
cka_rl,16,"biggrid50-goal(3,10)",14,"biggrid50-goal(15,45)",0.861564576625824,0.2277038384355636
cka_rl,16,"biggrid50-goal(3,10)",15,"biggrid50-goal(3,24)",0.9959182143211365,0.9698481244732965
cka_rl,16,"biggrid50-goal(3,10)",16,"biggrid50-goal(3,10)",0.7156461477279663,0.11440642884590038
cka_rl,17,"biggrid50-goal(46,31)",0,"biggrid50-goal(40,31)",0.903401255607605,0.7019934428399894
cka_rl,17,"biggrid50-goal(46,31)",1,"biggrid50-goal(9,31)",0.8812925219535828,0.5007153656838568
cka_rl,17,"biggrid50-goal(46,31)",2,"biggrid50-goal(15,31)",0.848979651927948,0.24873130613127167
cka_rl,17,"biggrid50-goal(46,31)",3,"biggrid50-goal(9,24)",0.9122447967529297,0.6018515689036591
cka_rl,17,"biggrid50-goal(46,31)",4,"biggrid50-goal(21,17)",0.7636054754257202,0.1555288215855279
cka_rl,17,"biggrid50-goal(46,31)",5,"biggrid50-goal(27,3)",0.7942175269126892,0.37044694356162067
cka_rl,17,"biggrid50-goal(46,31)",6,"biggrid50-goal(3,31)",0.9568026065826416,0.7214905496581522
cka_rl,17,"biggrid50-goal(46,31)",7,"biggrid50-goal(33,10)",0.8785713315010071,0.5848834730955237
cka_rl,17,"biggrid50-goal(46,31)",8,"biggrid50-goal(27,45)",0.6816326379776001,0.07509869240143834
cka_rl,17,"biggrid50-goal(46,31)",9,"biggrid50-goal(21,45)",0.862925112247467,0.37129465347509083
cka_rl,17,"biggrid50-goal(46,31)",10,"biggrid50-goal(33,3)",0.9051019549369812,0.7170383061309181
cka_rl,17,"biggrid50-goal(46,31)",11,"biggrid50-goal(21,24)",0.8979590535163879,0.47916603918812645
cka_rl,17,"biggrid50-goal(46,31)",12,"biggrid50-goal(21,3)",0.8397958874702454,0.495176738355711
cka_rl,17,"biggrid50-goal(46,31)",13,"biggrid50-goal(3,17)",0.8343536257743835,-0.010373921443376254
cka_rl,17,"biggrid50-goal(46,31)",14,"biggrid50-goal(15,45)",0.8761903643608093,0.3092974035237061
cka_rl,17,"biggrid50-goal(46,31)",15,"biggrid50-goal(3,24)",0.9880951046943665,0.9120593412651098
cka_rl,17,"biggrid50-goal(46,31)",16,"biggrid50-goal(3,10)",0.6982992887496948,0.06038125328338565
cka_rl,17,"biggrid50-goal(46,31)",17,"biggrid50-goal(46,31)",0.8738093972206116,0.6304777041492579
cka_rl,18,"biggrid50-goal(46,24)",0,"biggrid50-goal(40,31)",0.9289115071296692,0.7806924184446328
cka_rl,18,"biggrid50-goal(46,24)",1,"biggrid50-goal(9,31)",0.8571428060531616,0.3991414609003204
cka_rl,18,"biggrid50-goal(46,24)",2,"biggrid50-goal(15,31)",0.8425170183181763,0.21658216614485779
cka_rl,18,"biggrid50-goal(46,24)",3,"biggrid50-goal(9,24)",0.8608843684196472,0.3688275064585053
cka_rl,18,"biggrid50-goal(46,24)",4,"biggrid50-goal(21,17)",0.7455782294273376,0.09113016557081048
cka_rl,18,"biggrid50-goal(46,24)",5,"biggrid50-goal(27,3)",0.7588434815406799,0.26222665614632873
cka_rl,18,"biggrid50-goal(46,24)",6,"biggrid50-goal(3,31)",0.9057821035385132,0.3925426401929766
cka_rl,18,"biggrid50-goal(46,24)",7,"biggrid50-goal(33,10)",0.8602040410041809,0.522092981081265
cka_rl,18,"biggrid50-goal(46,24)",8,"biggrid50-goal(27,45)",0.685033917427063,0.0849798805682549
cka_rl,18,"biggrid50-goal(46,24)",9,"biggrid50-goal(21,45)",0.8340135216712952,0.23868924434578404
cka_rl,18,"biggrid50-goal(46,24)",10,"biggrid50-goal(33,3)",0.9061223268508911,0.7200807941499775
cka_rl,18,"biggrid50-goal(46,24)",11,"biggrid50-goal(21,24)",0.8891156315803528,0.4340277429178589
cka_rl,18,"biggrid50-goal(46,24)",12,"biggrid50-goal(21,3)",0.8146258592605591,0.415862821029571
cka_rl,18,"biggrid50-goal(46,24)",13,"biggrid50-goal(3,17)",0.7690475583076477,-0.40871374499145807
cka_rl,18,"biggrid50-goal(46,24)",14,"biggrid50-goal(15,45)",0.8727890849113464,0.29032252701302974
cka_rl,18,"biggrid50-goal(46,24)",15,"biggrid50-goal(3,24)",0.94047611951828,0.5603011092804603
cka_rl,18,"biggrid50-goal(46,24)",16,"biggrid50-goal(3,10)",0.6908162832260132,0.03707612999515498
cka_rl,18,"biggrid50-goal(46,24)",17,"biggrid50-goal(46,31)",0.8404762148857117,0.5328685811788468
cka_rl,18,"biggrid50-goal(46,24)",18,"biggrid50-goal(46,24)",0.9183672666549683,0.7785976010550469
cka_rl,19,"biggrid50-goal(3,45)",0,"biggrid50-goal(40,31)",0.892857015132904,0.6694645231164714
cka_rl,19,"biggrid50-goal(3,45)",1,"biggrid50-goal(9,31)",0.8870747089385986,0.525035291958698
cka_rl,19,"biggrid50-goal(3,45)",2,"biggrid50-goal(15,31)",0.8571427464485168,0.2893395912841361
cka_rl,19,"biggrid50-goal(3,45)",3,"biggrid50-goal(9,24)",0.8972787857055664,0.5339502525395251
cka_rl,19,"biggrid50-goal(3,45)",4,"biggrid50-goal(21,17)",0.7670068144798279,0.1676794109631043
cka_rl,19,"biggrid50-goal(3,45)",5,"biggrid50-goal(27,3)",0.7425169348716736,0.2122786348092745
cka_rl,19,"biggrid50-goal(3,45)",6,"biggrid50-goal(3,31)",0.9625847935676575,0.7587704314188751
cka_rl,19,"biggrid50-goal(3,45)",7,"biggrid50-goal(33,10)",0.8231291174888611,0.39534850076065353
cka_rl,19,"biggrid50-goal(3,45)",8,"biggrid50-goal(27,45)",0.6710883975028992,0.04446621254944144
cka_rl,19,"biggrid50-goal(3,45)",9,"biggrid50-goal(21,45)",0.911224365234375,0.592823184950887
cka_rl,19,"biggrid50-goal(3,45)",10,"biggrid50-goal(33,3)",0.8197277784347534,0.46247435194507563
cka_rl,19,"biggrid50-goal(3,45)",11,"biggrid50-goal(21,24)",0.8792515993118286,0.38368008177756685
cka_rl,19,"biggrid50-goal(3,45)",12,"biggrid50-goal(21,3)",0.7897958755493164,0.33762042658819225
cka_rl,19,"biggrid50-goal(3,45)",13,"biggrid50-goal(3,17)",0.8295918107032776,-0.03941901095453238
cka_rl,19,"biggrid50-goal(3,45)",14,"biggrid50-goal(15,45)",0.9003400206565857,0.44402221893397664
cka_rl,19,"biggrid50-goal(3,45)",15,"biggrid50-goal(3,24)",0.9367345571517944,0.5326624404170127
cka_rl,19,"biggrid50-goal(3,45)",16,"biggrid50-goal(3,10)",0.6972788572311401,0.05720321442295019
cka_rl,19,"biggrid50-goal(3,45)",17,"biggrid50-goal(46,31)",0.7479591369628906,0.26195202886464497
cka_rl,19,"biggrid50-goal(3,45)",18,"biggrid50-goal(46,24)",0.7772108316421509,0.39575640417557
cka_rl,19,"biggrid50-goal(3,45)",19,"biggrid50-goal(3,45)",0.9748297333717346,0.8929079715643272
cka_rl,20,"biggrid50-goal(21,10)",0,"biggrid50-goal(40,31)",0.8129251003265381,0.42287503700584556
cka_rl,20,"biggrid50-goal(21,10)",1,"biggrid50-goal(9,31)",0.8761903643608093,0.4792556486562983
cka_rl,20,"biggrid50-goal(21,10)",2,"biggrid50-goal(15,31)",0.8738094568252563,0.3722501254980263
cka_rl,20,"biggrid50-goal(21,10)",3,"biggrid50-goal(9,24)",0.9874147772789001,0.9429004036684148
cka_rl,20,"biggrid50-goal(21,10)",4,"biggrid50-goal(21,17)",0.777550995349884,0.20534634449630362
cka_rl,20,"biggrid50-goal(21,10)",5,"biggrid50-goal(27,3)",0.7700679302215576,0.29656576125993145
cka_rl,20,"biggrid50-goal(21,10)",6,"biggrid50-goal(3,31)",0.9006801843643188,0.3596486946911072
cka_rl,20,"biggrid50-goal(21,10)",7,"biggrid50-goal(33,10)",0.9034013152122498,0.6697673537203965
cka_rl,20,"biggrid50-goal(21,10)",8,"biggrid50-goal(27,45)",0.6700680255889893,0.04150189073134714
cka_rl,20,"biggrid50-goal(21,10)",9,"biggrid50-goal(21,45)",0.8833332657814026,0.4648983430338255
cka_rl,20,"biggrid50-goal(21,10)",10,"biggrid50-goal(33,3)",0.8965985178947449,0.691683232192541
cka_rl,20,"biggrid50-goal(21,10)",11,"biggrid50-goal(21,24)",0.9159862399101257,0.5711797965600486
cka_rl,20,"biggrid50-goal(21,10)",12,"biggrid50-goal(21,3)",0.8996598124504089,0.683815477936771
cka_rl,20,"biggrid50-goal(21,10)",13,"biggrid50-goal(3,17)",0.829931914806366,-0.037344517516672115
cka_rl,20,"biggrid50-goal(21,10)",14,"biggrid50-goal(15,45)",0.8894557356834412,0.38330155003832284
cka_rl,20,"biggrid50-goal(21,10)",15,"biggrid50-goal(3,24)",0.9853739142417908,0.8919580909139742
cka_rl,20,"biggrid50-goal(21,10)",16,"biggrid50-goal(3,10)",0.7054421901702881,0.08262715404021184
cka_rl,20,"biggrid50-goal(21,10)",17,"biggrid50-goal(46,31)",0.7778910994529724,0.34960140413539936
cka_rl,20,"biggrid50-goal(21,10)",18,"biggrid50-goal(46,24)",0.7785713076591492,0.39944625555660096
cka_rl,20,"biggrid50-goal(21,10)",19,"biggrid50-goal(3,45)",0.9591835141181946,0.8263379434451473
cka_rl,20,"biggrid50-goal(21,10)",20,"biggrid50-goal(21,10)",0.7857142686843872,0.1933416861051103
cka_rl,21,"biggrid50-goal(40,3)",0,"biggrid50-goal(40,31)",0.8503400087356567,0.538299808948703
cka_rl,21,"biggrid50-goal(40,3)",1,"biggrid50-goal(9,31)",0.8506802320480347,0.3719598211924232
cka_rl,21,"biggrid50-goal(40,3)",2,"biggrid50-goal(15,31)",0.8438775539398193,0.22335031250713477
cka_rl,21,"biggrid50-goal(40,3)",3,"biggrid50-goal(9,24)",0.8700680136680603,0.410494026643143
cka_rl,21,"biggrid50-goal(40,3)",4,"biggrid50-goal(21,17)",0.7724488377571106,0.1871199281163765
cka_rl,21,"biggrid50-goal(40,3)",5,"biggrid50-goal(27,3)",0.7908163070678711,0.36004154646050013
cka_rl,21,"biggrid50-goal(40,3)",6,"biggrid50-goal(3,31)",0.9476190209388733,0.6622806023101391
cka_rl,21,"biggrid50-goal(40,3)",7,"biggrid50-goal(33,10)",0.9255101680755615,0.7453487656547305
cka_rl,21,"biggrid50-goal(40,3)",8,"biggrid50-goal(27,45)",0.6636054515838623,0.022727217630987562
cka_rl,21,"biggrid50-goal(40,3)",9,"biggrid50-goal(21,45)",0.8292517066001892,0.2168487844084978
cka_rl,21,"biggrid50-goal(40,3)",10,"biggrid50-goal(33,3)",0.9377549290657043,0.8144011218052676
cka_rl,21,"biggrid50-goal(40,3)",11,"biggrid50-goal(21,24)",0.889115571975708,0.4340274386858394
cka_rl,21,"biggrid50-goal(40,3)",12,"biggrid50-goal(21,3)",0.9323127865791321,0.7867090968442572
cka_rl,21,"biggrid50-goal(40,3)",13,"biggrid50-goal(3,17)",0.7666666507720947,-0.42323628974703614
cka_rl,21,"biggrid50-goal(40,3)",14,"biggrid50-goal(15,45)",0.8459182977676392,0.14041721185963033
cka_rl,21,"biggrid50-goal(40,3)",15,"biggrid50-goal(3,24)",0.9527209401130676,0.6507527732011508
cka_rl,21,"biggrid50-goal(40,3)",16,"biggrid50-goal(3,10)",0.6965986490249634,0.05508476936014123
cka_rl,21,"biggrid50-goal(40,3)",17,"biggrid50-goal(46,31)",0.8404761552810669,0.5328684066393431
cka_rl,21,"biggrid50-goal(40,3)",18,"biggrid50-goal(46,24)",0.8683672547340393,0.6429887327377194
cka_rl,21,"biggrid50-goal(40,3)",19,"biggrid50-goal(3,45)",0.9200678467750549,0.6599123659469833
cka_rl,21,"biggrid50-goal(40,3)",20,"biggrid50-goal(21,10)",0.7605441808700562,0.09859127751635477
cka_rl,21,"biggrid50-goal(40,3)",21,"biggrid50-goal(40,3)",0.9772107601165771,0.9475329984011794
cka_rl,22,"biggrid50-goal(15,38)",0,"biggrid50-goal(40,31)",0.8401359915733337,0.5068204761388146
cka_rl,22,"biggrid50-goal(15,38)",1,"biggrid50-goal(9,31)",0.8846938014030457,0.5150211751752188
cka_rl,22,"biggrid50-goal(15,38)",2,"biggrid50-goal(15,31)",0.8690475821495056,0.3485616132300568
cka_rl,22,"biggrid50-goal(15,38)",3,"biggrid50-goal(9,24)",0.9683672785758972,0.8564812348408002
cka_rl,22,"biggrid50-goal(15,38)",4,"biggrid50-goal(21,17)",0.7809523940086365,0.217497146799305
cka_rl,22,"biggrid50-goal(15,38)",5,"biggrid50-goal(27,3)",0.7826529741287231,0.3350673534426906
cka_rl,22,"biggrid50-goal(15,38)",6,"biggrid50-goal(3,31)",0.9204080700874329,0.48684161478390625
cka_rl,22,"biggrid50-goal(15,38)",7,"biggrid50-goal(33,10)",0.911224365234375,0.6965112634999191
cka_rl,22,"biggrid50-goal(15,38)",8,"biggrid50-goal(27,45)",0.6608843207359314,0.014821955409978226
cka_rl,22,"biggrid50-goal(15,38)",9,"biggrid50-goal(21,45)",0.8935372829437256,0.5116999144315438
cka_rl,22,"biggrid50-goal(15,38)",10,"biggrid50-goal(33,3)",0.9241495132446289,0.7738332523199882
cka_rl,22,"biggrid50-goal(15,38)",11,"biggrid50-goal(21,24)",0.9241495728492737,0.6128468054877372
cka_rl,22,"biggrid50-goal(15,38)",12,"biggrid50-goal(21,3)",0.9251698851585388,0.7642009181476722
cka_rl,22,"biggrid50-goal(15,38)",13,"biggrid50-goal(3,17)",0.8721087574958801,0.21991666397023724
cka_rl,22,"biggrid50-goal(15,38)",14,"biggrid50-goal(15,45)",0.878911554813385,0.3244782357860505
cka_rl,22,"biggrid50-goal(15,38)",15,"biggrid50-goal(3,24)",0.9761903285980225,0.8241195631212019
cka_rl,22,"biggrid50-goal(15,38)",16,"biggrid50-goal(3,10)",0.7132652401924133,0.106991314226736
cka_rl,22,"biggrid50-goal(15,38)",17,"biggrid50-goal(46,31)",0.8071427941322327,0.43525876005042097
cka_rl,22,"biggrid50-goal(15,38)",18,"biggrid50-goal(46,24)",0.8384352326393127,0.5618077992384599
cka_rl,22,"biggrid50-goal(15,38)",19,"biggrid50-goal(3,45)",0.9119046330451965,0.6251803096761628
cka_rl,22,"biggrid50-goal(15,38)",20,"biggrid50-goal(21,10)",0.7687074542045593,0.12932114582557366
cka_rl,22,"biggrid50-goal(15,38)",21,"biggrid50-goal(40,3)",0.8037413358688354,0.5481594077983085
cka_rl,22,"biggrid50-goal(15,38)",22,"biggrid50-goal(15,38)",0.9680271148681641,0.7915737538413358
cka_rl,23,"biggrid50-goal(40,45)",0,"biggrid50-goal(40,31)",0.9088433980941772,0.7187824203385966
cka_rl,23,"biggrid50-goal(40,45)",1,"biggrid50-goal(9,31)",0.855102002620697,0.3905578247869258
cka_rl,23,"biggrid50-goal(40,45)",2,"biggrid50-goal(15,31)",0.901020348072052,0.5076139422747625
cka_rl,23,"biggrid50-goal(40,45)",3,"biggrid50-goal(9,24)",0.8459182977676392,0.3009259196660102
cka_rl,23,"biggrid50-goal(40,45)",4,"biggrid50-goal(21,17)",0.7568026185035706,0.1312270040541001
cka_rl,23,"biggrid50-goal(40,45)",5,"biggrid50-goal(27,3)",0.7353740930557251,0.19042644385529417
cka_rl,23,"biggrid50-goal(40,45)",6,"biggrid50-goal(3,31)",0.8285713195800781,-0.10526362309155282
cka_rl,23,"biggrid50-goal(40,45)",7,"biggrid50-goal(33,10)",0.8738094568252563,0.5686045094752611
cka_rl,23,"biggrid50-goal(40,45)",8,"biggrid50-goal(27,45)",0.6697279214859009,0.04051384117856684
cka_rl,23,"biggrid50-goal(40,45)",9,"biggrid50-goal(21,45)",0.9112244248390198,0.592823458332536
cka_rl,23,"biggrid50-goal(40,45)",10,"biggrid50-goal(33,3)",0.905782163143158,0.7190665129930891
cka_rl,23,"biggrid50-goal(40,45)",11,"biggrid50-goal(21,24)",0.9102040529251099,0.5416665525796593
cka_rl,23,"biggrid50-goal(40,45)",12,"biggrid50-goal(21,3)",0.7717686295509338,0.2808143123152069
cka_rl,23,"biggrid50-goal(40,45)",13,"biggrid50-goal(3,17)",0.7493197917938232,-0.5290449077293967
cka_rl,23,"biggrid50-goal(40,45)",14,"biggrid50-goal(15,45)",0.87312912940979,0.2922195491371958
cka_rl,23,"biggrid50-goal(40,45)",15,"biggrid50-goal(3,24)",0.8384352922439575,-0.19346759997569568
cka_rl,23,"biggrid50-goal(40,45)",16,"biggrid50-goal(3,10)",0.6819727420806885,0.009533745315084361
cka_rl,23,"biggrid50-goal(40,45)",17,"biggrid50-goal(46,31)",0.8173468112945557,0.465139050386413
cka_rl,23,"biggrid50-goal(40,45)",18,"biggrid50-goal(46,24)",0.8687074184417725,0.6439113168267245
cka_rl,23,"biggrid50-goal(40,45)",19,"biggrid50-goal(3,45)",0.9146257638931274,0.6367579153665435
cka_rl,23,"biggrid50-goal(40,45)",20,"biggrid50-goal(21,10)",0.7544216513633728,0.07554359581439973
cka_rl,23,"biggrid50-goal(40,45)",21,"biggrid50-goal(40,3)",0.8319727182388306,0.6131556951479756
cka_rl,23,"biggrid50-goal(40,45)",22,"biggrid50-goal(15,38)",0.9244896769523621,0.5077599936898932
cka_rl,23,"biggrid50-goal(40,45)",23,"biggrid50-goal(40,45)",0.8659862279891968,0.701966359938924
cka_rl,24,"biggrid50-goal(15,17)",0,"biggrid50-goal(40,31)",0.8863944411277771,0.6495275203968865
cka_rl,24,"biggrid50-goal(15,17)",1,"biggrid50-goal(9,31)",0.8727891445159912,0.46495008986256503
cka_rl,24,"biggrid50-goal(15,17)",2,"biggrid50-goal(15,31)",0.8846938014030457,0.42639559290664103
cka_rl,24,"biggrid50-goal(15,17)",3,"biggrid50-goal(9,24)",0.887414813041687,0.48919706303982574
cka_rl,24,"biggrid50-goal(15,17)",4,"biggrid50-goal(21,17)",0.7666666507720947,0.16646424556263414
cka_rl,24,"biggrid50-goal(15,17)",5,"biggrid50-goal(27,3)",0.7826530337333679,0.335067535791973
cka_rl,24,"biggrid50-goal(15,17)",6,"biggrid50-goal(3,31)",0.8642856478691101,0.12499975981686132
cka_rl,24,"biggrid50-goal(15,17)",7,"biggrid50-goal(33,10)",0.8823128342628479,0.5976741892509244
cka_rl,24,"biggrid50-goal(15,17)",8,"biggrid50-goal(27,45)",0.6663265228271484,0.030632306692243517
cka_rl,24,"biggrid50-goal(15,17)",9,"biggrid50-goal(21,45)",0.8758503198623657,0.4305771906754987
cka_rl,24,"biggrid50-goal(15,17)",10,"biggrid50-goal(33,3)",0.9040814638137817,0.7139954626602532
cka_rl,24,"biggrid50-goal(15,17)",11,"biggrid50-goal(21,24)",0.9282312393188477,0.6336803099515814
cka_rl,24,"biggrid50-goal(15,17)",12,"biggrid50-goal(21,3)",0.8316325545310974,0.4694530518962668
cka_rl,24,"biggrid50-goal(15,17)",13,"biggrid50-goal(3,17)",0.8081632256507874,-0.17012445869936604
cka_rl,24,"biggrid50-goal(15,17)",14,"biggrid50-goal(15,45)",0.8598639369010925,0.21821640018022542
cka_rl,24,"biggrid50-goal(15,17)",15,"biggrid50-goal(3,24)",0.915306031703949,0.3743713681125677
cka_rl,24,"biggrid50-goal(15,17)",16,"biggrid50-goal(3,10)",0.6840136051177979,0.015889823035955278
cka_rl,24,"biggrid50-goal(15,17)",17,"biggrid50-goal(46,31)",0.8132651448249817,0.4531867597125125
cka_rl,24,"biggrid50-goal(15,17)",18,"biggrid50-goal(46,24)",0.8523808121681213,0.5996306753794041
cka_rl,24,"biggrid50-goal(15,17)",19,"biggrid50-goal(3,45)",0.9193875789642334,0.657018027924415
cka_rl,24,"biggrid50-goal(15,17)",20,"biggrid50-goal(21,10)",0.7571428418159485,0.08578725921086051
cka_rl,24,"biggrid50-goal(15,17)",21,"biggrid50-goal(40,3)",0.861224353313446,0.6805008805108431
cka_rl,24,"biggrid50-goal(15,17)",22,"biggrid50-goal(15,38)",0.9265305995941162,0.5210644497365414
cka_rl,24,"biggrid50-goal(15,17)",23,"biggrid50-goal(40,45)",0.8680270910263062,0.706505041528804
cka_rl,24,"biggrid50-goal(15,17)",24,"biggrid50-goal(15,17)",0.9170066714286804,0.6422281188645934
cka_rl,25,"biggrid50-goal(15,24)",0,"biggrid50-goal(40,31)",0.8683672547340393,0.5939137566127837
cka_rl,25,"biggrid50-goal(15,24)",1,"biggrid50-goal(9,31)",0.8520406484603882,0.37768174387276193
cka_rl,25,"biggrid50-goal(15,24)",2,"biggrid50-goal(15,31)",0.8707482218742371,0.35702164792770363
cka_rl,25,"biggrid50-goal(15,24)",3,"biggrid50-goal(9,24)",0.9054421186447144,0.5709875800366538
cka_rl,25,"biggrid50-goal(15,24)",4,"biggrid50-goal(21,17)",0.7653060555458069,0.1616037968861786
cka_rl,25,"biggrid50-goal(15,24)",5,"biggrid50-goal(27,3)",0.7585033178329468,0.261185988791719
cka_rl,25,"biggrid50-goal(15,24)",6,"biggrid50-goal(3,31)",0.9108842015266418,0.42543773857391165
cka_rl,25,"biggrid50-goal(15,24)",7,"biggrid50-goal(33,10)",0.9061223864555359,0.6790696186462608
cka_rl,25,"biggrid50-goal(15,24)",8,"biggrid50-goal(27,45)",0.6625850200653076,0.01976272265313989
cka_rl,25,"biggrid50-goal(15,24)",9,"biggrid50-goal(21,45)",0.8901359438896179,0.4960993906323044
cka_rl,25,"biggrid50-goal(15,24)",10,"biggrid50-goal(33,3)",0.9170066714286804,0.7525351252833615
cka_rl,25,"biggrid50-goal(15,24)",11,"biggrid50-goal(21,24)",0.93265300989151,0.6562497623187348
cka_rl,25,"biggrid50-goal(15,24)",12,"biggrid50-goal(21,3)",0.9193875789642334,0.7459801457421381
cka_rl,25,"biggrid50-goal(15,24)",13,"biggrid50-goal(3,17)",0.8289114832878113,-0.043568724957290375
cka_rl,25,"biggrid50-goal(15,24)",14,"biggrid50-goal(15,45)",0.8789114356040955,0.32447757074761957
cka_rl,25,"biggrid50-goal(15,24)",15,"biggrid50-goal(3,24)",0.9812923073768616,0.8618075362737441
cka_rl,25,"biggrid50-goal(15,24)",16,"biggrid50-goal(3,10)",0.7166666388511658,0.11758465333944686
cka_rl,25,"biggrid50-goal(15,24)",17,"biggrid50-goal(46,31)",0.7799320220947266,0.35557781128160515
cka_rl,25,"biggrid50-goal(15,24)",18,"biggrid50-goal(46,24)",0.8625850081443787,0.6273062581496005
cka_rl,25,"biggrid50-goal(15,24)",19,"biggrid50-goal(3,45)",0.9139454364776611,0.633863323743868
cka_rl,25,"biggrid50-goal(15,24)",20,"biggrid50-goal(21,10)",0.7571429014205933,0.08578748358689321
cka_rl,25,"biggrid50-goal(15,24)",21,"biggrid50-goal(40,3)",0.9343535304069519,0.8488640497570619
cka_rl,25,"biggrid50-goal(15,24)",22,"biggrid50-goal(15,38)",0.9663264155387878,0.7804871604480642
cka_rl,25,"biggrid50-goal(15,24)",23,"biggrid50-goal(40,45)",0.879591703414917,0.7322236186150102
cka_rl,25,"biggrid50-goal(15,24)",24,"biggrid50-goal(15,17)",0.9173468947410583,0.6436947709024252
cka_rl,25,"biggrid50-goal(15,24)",25,"biggrid50-goal(15,24)",0.919387698173523,0.5062497763895065
cka_rl,26,"biggrid50-goal(21,38)",0,"biggrid50-goal(40,31)",0.862244725227356,0.575025789166895
cka_rl,26,"biggrid50-goal(21,38)",1,"biggrid50-goal(9,31)",0.8632651567459106,0.4248921185428752
cka_rl,26,"biggrid50-goal(21,38)",2,"biggrid50-goal(15,31)",0.8625849485397339,0.3164124732436429
cka_rl,26,"biggrid50-goal(21,38)",3,"biggrid50-goal(9,24)",0.9261903762817383,0.6651231517235616
cka_rl,26,"biggrid50-goal(21,38)",4,"biggrid50-goal(21,17)",0.7659863829612732,0.16403412768711886
cka_rl,26,"biggrid50-goal(21,38)",5,"biggrid50-goal(27,3)",0.744557797908783,0.21852227423836806
cka_rl,26,"biggrid50-goal(21,38)",6,"biggrid50-goal(3,31)",0.8996597528457642,0.3530695981563158
cka_rl,26,"biggrid50-goal(21,38)",7,"biggrid50-goal(33,10)",0.8639455437660217,0.5348836972366657
cka_rl,26,"biggrid50-goal(21,38)",8,"biggrid50-goal(27,45)",0.6700680255889893,0.04150189073134714
cka_rl,26,"biggrid50-goal(21,38)",9,"biggrid50-goal(21,45)",0.9258502125740051,0.6599058473600901
cka_rl,26,"biggrid50-goal(21,38)",10,"biggrid50-goal(33,3)",0.9517005085945129,0.8559832724474353
cka_rl,26,"biggrid50-goal(21,38)",11,"biggrid50-goal(21,24)",0.9231292009353638,0.6076386575457907
cka_rl,26,"biggrid50-goal(21,38)",12,"biggrid50-goal(21,3)",0.8989794254302979,0.6816714930586729
cka_rl,26,"biggrid50-goal(21,38)",13,"biggrid50-goal(3,17)",0.8503400087356567,0.08713635922402457
cka_rl,26,"biggrid50-goal(21,38)",14,"biggrid50-goal(15,45)",0.8846939206123352,0.35673658991568974
cka_rl,26,"biggrid50-goal(21,38)",15,"biggrid50-goal(3,24)",0.9527209401130676,0.6507527732011508
cka_rl,26,"biggrid50-goal(21,38)",16,"biggrid50-goal(3,10)",0.7102041244506836,0.09745775454476265
cka_rl,26,"biggrid50-goal(21,38)",17,"biggrid50-goal(46,31)",0.8275508880615234,0.49501951526190874
cka_rl,26,"biggrid50-goal(21,38)",18,"biggrid50-goal(46,24)",0.8476189970970154,0.5867157913999709
cka_rl,26,"biggrid50-goal(21,38)",19,"biggrid50-goal(3,45)",0.9248297810554504,0.6801729857050691
cka_rl,26,"biggrid50-goal(21,38)",20,"biggrid50-goal(21,10)",0.7534013986587524,0.07170295126283319
cka_rl,26,"biggrid50-goal(21,38)",21,"biggrid50-goal(40,3)",0.9295915961265564,0.8379007874990377
cka_rl,26,"biggrid50-goal(21,38)",22,"biggrid50-goal(15,38)",0.9683672785758972,0.7937912279413393
cka_rl,26,"biggrid50-goal(21,38)",23,"biggrid50-goal(40,45)",0.8017005920410156,0.559001336286481
cka_rl,26,"biggrid50-goal(21,38)",24,"biggrid50-goal(15,17)",0.9207481741905212,0.6583571801327747
cka_rl,26,"biggrid50-goal(21,38)",25,"biggrid50-goal(15,24)",0.9214284420013428,0.5187493291685195
cka_rl,26,"biggrid50-goal(21,38)",26,"biggrid50-goal(21,38)",0.8908162713050842,0.37304624462435976
cka_rl,27,"biggrid50-goal(33,17)",0,"biggrid50-goal(40,31)",0.8792515397071838,0.627491711609998
cka_rl,27,"biggrid50-goal(33,17)",1,"biggrid50-goal(9,31)",0.8605441451072693,0.41344752108931127
cka_rl,27,"biggrid50-goal(33,17)",2,"biggrid50-goal(15,31)",0.8605442047119141,0.30626055021062615
cka_rl,27,"biggrid50-goal(33,17)",3,"biggrid50-goal(9,24)",0.8782312273979187,0.44753081328354927
cka_rl,27,"biggrid50-goal(33,17)",4,"biggrid50-goal(21,17)",0.7534013986587524,0.11907684052737369
cka_rl,27,"biggrid50-goal(33,17)",5,"biggrid50-goal(27,3)",0.7768707275390625,0.3173776495578668
cka_rl,27,"biggrid50-goal(33,17)",6,"biggrid50-goal(3,31)",0.892857015132904,0.3092098512747576
cka_rl,27,"biggrid50-goal(33,17)",7,"biggrid50-goal(33,10)",0.9258501529693604,0.746511039358777
cka_rl,27,"biggrid50-goal(33,17)",8,"biggrid50-goal(27,45)",0.6612244844436646,0.01581017812251191
cka_rl,27,"biggrid50-goal(33,17)",9,"biggrid50-goal(21,45)",0.8666666150093079,0.3884553663450787
cka_rl,27,"biggrid50-goal(33,17)",10,"biggrid50-goal(33,3)",0.9312923550605774,0.7951313793566148
cka_rl,27,"biggrid50-goal(33,17)",11,"biggrid50-goal(21,24)",0.9057822823524475,0.5190971002125061
cka_rl,27,"biggrid50-goal(33,17)",12,"biggrid50-goal(21,3)",0.919387698173523,0.7459805213855683
cka_rl,27,"biggrid50-goal(33,17)",13,"biggrid50-goal(3,17)",0.8741496205329895,0.23236507885147376
cka_rl,27,"biggrid50-goal(33,17)",14,"biggrid50-goal(15,45)",0.8714284300804138,0.2827317783626421
cka_rl,27,"biggrid50-goal(33,17)",15,"biggrid50-goal(3,24)",0.9717685580253601,0.791456242113207
cka_rl,27,"biggrid50-goal(33,17)",16,"biggrid50-goal(3,10)",0.6846939325332642,0.018008639364986253
cka_rl,27,"biggrid50-goal(33,17)",17,"biggrid50-goal(46,31)",0.7986394166946411,0.4103584308340091
cka_rl,27,"biggrid50-goal(33,17)",18,"biggrid50-goal(46,24)",0.8591836094856262,0.6180810638928684
cka_rl,27,"biggrid50-goal(33,17)",19,"biggrid50-goal(3,45)",0.9248297214508057,0.680172732104962
cka_rl,27,"biggrid50-goal(33,17)",20,"biggrid50-goal(21,10)",0.7632653117179871,0.10883471653678287
cka_rl,27,"biggrid50-goal(33,17)",21,"biggrid50-goal(40,3)",0.94829922914505,0.8809708247847232
cka_rl,27,"biggrid50-goal(33,17)",22,"biggrid50-goal(15,38)",0.9503399729728699,0.6762740373687322
cka_rl,27,"biggrid50-goal(33,17)",23,"biggrid50-goal(40,45)",0.8346937298774719,0.6323748770718505
cka_rl,27,"biggrid50-goal(33,17)",24,"biggrid50-goal(15,17)",0.9272108674049377,0.6862168882361299
cka_rl,27,"biggrid50-goal(33,17)",25,"biggrid50-goal(15,24)",0.9265305399894714,0.5499996714294789
cka_rl,27,"biggrid50-goal(33,17)",26,"biggrid50-goal(21,38)",0.8744897246360779,0.27929610558074025
cka_rl,27,"biggrid50-goal(33,17)",27,"biggrid50-goal(33,17)",0.9734691977500916,0.8993541306110525
cka_rl,28,"biggrid50-goal(27,17)",0,"biggrid50-goal(40,31)",0.8843536376953125,0.6432316538349089
cka_rl,28,"biggrid50-goal(27,17)",1,"biggrid50-goal(9,31)",0.865646243095398,0.4349069874192409
cka_rl,28,"biggrid50-goal(27,17)",2,"biggrid50-goal(15,31)",0.8642856478691101,0.32487280445168853
cka_rl,28,"biggrid50-goal(27,17)",3,"biggrid50-goal(9,24)",0.8921767473220825,0.5108021256750906
cka_rl,28,"biggrid50-goal(27,17)",4,"biggrid50-goal(21,17)",0.76564621925354,0.16281896228664872
cka_rl,28,"biggrid50-goal(27,17)",5,"biggrid50-goal(27,3)",0.768027126789093,0.2903223041801202
cka_rl,28,"biggrid50-goal(27,17)",6,"biggrid50-goal(3,31)",0.9078230261802673,0.40570121755558125
cka_rl,28,"biggrid50-goal(27,17)",7,"biggrid50-goal(33,10)",0.9088433980941772,0.6883716798074505
cka_rl,28,"biggrid50-goal(27,17)",8,"biggrid50-goal(27,45)",0.6622448563575745,0.018774499940606204
cka_rl,28,"biggrid50-goal(27,17)",9,"biggrid50-goal(21,45)",0.8619047403335571,0.3666146330261435
cka_rl,28,"biggrid50-goal(27,17)",10,"biggrid50-goal(33,3)",0.9411563873291016,0.8245434001967424
cka_rl,28,"biggrid50-goal(27,17)",11,"biggrid50-goal(21,24)",0.8880952000617981,0.4288192907438929
cka_rl,28,"biggrid50-goal(27,17)",12,"biggrid50-goal(21,3)",0.9085033535957336,0.7116825858091679
cka_rl,28,"biggrid50-goal(27,17)",13,"biggrid50-goal(3,17)",0.845578134059906,0.05809090614934971
cka_rl,28,"biggrid50-goal(27,17)",14,"biggrid50-goal(15,45)",0.8602041006088257,0.2201140873428223
cka_rl,28,"biggrid50-goal(27,17)",15,"biggrid50-goal(3,24)",0.9867346286773682,0.9020095966805243
cka_rl,28,"biggrid50-goal(27,17)",16,"biggrid50-goal(3,10)",0.6993197798728943,0.06355947777693212
cka_rl,28,"biggrid50-goal(27,17)",17,"biggrid50-goal(46,31)",0.8142855763435364,0.45617487601586354
cka_rl,28,"biggrid50-goal(27,17)",18,"biggrid50-goal(46,24)",0.8914965391159058,0.7057194393818444
cka_rl,28,"biggrid50-goal(27,17)",19,"biggrid50-goal(3,45)",0.895578145980835,0.5557159435344146
cka_rl,28,"biggrid50-goal(27,17)",20,"biggrid50-goal(21,10)",0.7653061151504517,0.11651712752007941
cka_rl,28,"biggrid50-goal(27,17)",21,"biggrid50-goal(40,3)",0.9370746612548828,0.8551288298585186
cka_rl,28,"biggrid50-goal(27,17)",22,"biggrid50-goal(15,38)",0.9619046449661255,0.7516623284682565
cka_rl,28,"biggrid50-goal(27,17)",23,"biggrid50-goal(40,45)",0.8384352326393127,0.6406956165800265
cka_rl,28,"biggrid50-goal(27,17)",24,"biggrid50-goal(15,17)",0.9122448563575745,0.621700643163405
cka_rl,28,"biggrid50-goal(27,17)",25,"biggrid50-goal(15,24)",0.9187074303627014,0.5020831371037165
cka_rl,28,"biggrid50-goal(27,17)",26,"biggrid50-goal(21,38)",0.8727890849113464,0.26953070853205874
cka_rl,28,"biggrid50-goal(27,17)",27,"biggrid50-goal(33,17)",0.9741495251655579,0.9019349852551664
cka_rl,28,"biggrid50-goal(27,17)",28,"biggrid50-goal(27,17)",0.8037413954734802,0.25064883460111353
cka_rl,29,"biggrid50-goal(3,3)",0,"biggrid50-goal(40,31)",0.8006801605224609,0.3850994698740238
cka_rl,29,"biggrid50-goal(3,3)",1,"biggrid50-goal(9,31)",0.874829888343811,0.4735334752783308
cka_rl,29,"biggrid50-goal(3,3)",2,"biggrid50-goal(15,31)",0.8636053800582886,0.32148873127055
cka_rl,29,"biggrid50-goal(3,3)",3,"biggrid50-goal(9,24)",0.9204081296920776,0.6388888964007878
cka_rl,29,"biggrid50-goal(3,3)",4,"biggrid50-goal(21,17)",0.7761904001235962,0.20048589581984805
cka_rl,29,"biggrid50-goal(3,3)",5,"biggrid50-goal(27,3)",0.8136053681373596,0.42976042404231524
cka_rl,29,"biggrid50-goal(3,3)",6,"biggrid50-goal(3,31)",0.9653060436248779,0.7763153293333553
cka_rl,29,"biggrid50-goal(3,3)",7,"biggrid50-goal(33,10)",0.9486393332481384,0.8244182212892517
cka_rl,29,"biggrid50-goal(3,3)",8,"biggrid50-goal(27,45)",0.6608843207359314,0.014821955409978226
cka_rl,29,"biggrid50-goal(3,3)",9,"biggrid50-goal(21,45)",0.8173469305038452,0.16224654103868624
cka_rl,29,"biggrid50-goal(3,3)",10,"biggrid50-goal(33,3)",0.8884352445602417,0.6673424394110522
cka_rl,29,"biggrid50-goal(3,3)",11,"biggrid50-goal(21,24)",0.8462584614753723,0.21527761932360095
cka_rl,29,"biggrid50-goal(3,3)",12,"biggrid50-goal(21,3)",0.9146257042884827,0.7309748810994633
cka_rl,29,"biggrid50-goal(3,3)",13,"biggrid50-goal(3,17)",0.9139453768730164,0.47510262489224886
cka_rl,29,"biggrid50-goal(3,3)",14,"biggrid50-goal(15,45)",0.865646243095398,0.2504744217906492
cka_rl,29,"biggrid50-goal(3,3)",15,"biggrid50-goal(3,24)",0.9676869511604309,0.7613056874729769
cka_rl,29,"biggrid50-goal(3,3)",16,"biggrid50-goal(3,10)",0.720748245716095,0.13029643751496667
cka_rl,29,"biggrid50-goal(3,3)",17,"biggrid50-goal(46,31)",0.7275510430335999,0.2021912736531572
cka_rl,29,"biggrid50-goal(3,3)",18,"biggrid50-goal(46,24)",0.8353740572929382,0.5535053507290629
cka_rl,29,"biggrid50-goal(3,3)",19,"biggrid50-goal(3,45)",0.8819727301597595,0.49782892948293983
cka_rl,29,"biggrid50-goal(3,3)",20,"biggrid50-goal(21,10)",0.7731292247772217,0.14596648181073255
cka_rl,29,"biggrid50-goal(3,3)",21,"biggrid50-goal(40,3)",0.7935373187065125,0.524666997015471
cka_rl,29,"biggrid50-goal(3,3)",22,"biggrid50-goal(15,38)",0.8925169706344604,0.29933491319134814
cka_rl,29,"biggrid50-goal(3,3)",23,"biggrid50-goal(40,45)",0.8214284181594849,0.6028741095123953
cka_rl,29,"biggrid50-goal(3,3)",24,"biggrid50-goal(15,17)",0.8935374021530151,0.541055593769247
cka_rl,29,"biggrid50-goal(3,3)",25,"biggrid50-goal(15,24)",0.8891156315803528,0.3208334154759636
cka_rl,29,"biggrid50-goal(3,3)",26,"biggrid50-goal(21,38)",0.8486394882202148,0.13085912699431332
cka_rl,29,"biggrid50-goal(3,3)",27,"biggrid50-goal(33,17)",0.9013604521751404,0.6258061496425379
cka_rl,29,"biggrid50-goal(3,3)",28,"biggrid50-goal(27,17)",0.7833333611488342,0.1727272354866783
cka_rl,29,"biggrid50-goal(3,3)",29,"biggrid50-goal(3,3)",0.8792515993118286,0.6282720120930473
cka_rl,30,"biggrid50-goal(9,10)",0,"biggrid50-goal(40,31)",0.8051020503044128,0.39874097379158674
cka_rl,30,"biggrid50-goal(9,10)",1,"biggrid50-goal(9,31)",0.8772107362747192,0.48354734136418115
cka_rl,30,"biggrid50-goal(9,10)",2,"biggrid50-goal(15,31)",0.8503401279449463,0.25549915598314993
cka_rl,30,"biggrid50-goal(9,10)",3,"biggrid50-goal(9,24)",0.9078230261802673,0.5817898409259251
cka_rl,30,"biggrid50-goal(9,10)",4,"biggrid50-goal(21,17)",0.762584924697876,0.15188311245869246
cka_rl,30,"biggrid50-goal(9,10)",5,"biggrid50-goal(27,3)",0.7867346405982971,0.3475544499515954
cka_rl,30,"biggrid50-goal(9,10)",6,"biggrid50-goal(3,31)",0.9472787976264954,0.6600870577411794
cka_rl,30,"biggrid50-goal(9,10)",7,"biggrid50-goal(33,10)",0.9068027138710022,0.6813953886424016
cka_rl,30,"biggrid50-goal(9,10)",8,"biggrid50-goal(27,45)",0.6727891564369202,0.04940715295235648
cka_rl,30,"biggrid50-goal(9,10)",9,"biggrid50-goal(21,45)",0.8255101442337036,0.1996877981568609
cka_rl,30,"biggrid50-goal(9,10)",10,"biggrid50-goal(33,3)",0.9102038741111755,0.7322509239520176
cka_rl,30,"biggrid50-goal(9,10)",11,"biggrid50-goal(21,24)",0.8499999642372131,0.23437487165211676
cka_rl,30,"biggrid50-goal(9,10)",12,"biggrid50-goal(21,3)",0.9272106885910034,0.7706317458516757
cka_rl,30,"biggrid50-goal(9,10)",13,"biggrid50-goal(3,17)",0.9068027138710022,0.4315353541890334
cka_rl,30,"biggrid50-goal(9,10)",14,"biggrid50-goal(15,45)",0.8795917630195618,0.3282729450728134
cka_rl,30,"biggrid50-goal(9,10)",15,"biggrid50-goal(3,24)",0.9605441689491272,0.7085424370003196
cka_rl,30,"biggrid50-goal(9,10)",16,"biggrid50-goal(3,10)",0.732653021812439,0.16737275314323266
cka_rl,30,"biggrid50-goal(9,10)",17,"biggrid50-goal(46,31)",0.750680148601532,0.2699199317480725
cka_rl,30,"biggrid50-goal(9,10)",18,"biggrid50-goal(46,24)",0.861224353313446,0.6236159217935797
cka_rl,30,"biggrid50-goal(9,10)",19,"biggrid50-goal(3,45)",0.883673369884491,0.5050646477393073
cka_rl,30,"biggrid50-goal(9,10)",20,"biggrid50-goal(21,10)",0.7792516946792603,0.16901393913665488
cka_rl,30,"biggrid50-goal(9,10)",21,"biggrid50-goal(40,3)",0.7248298525810242,0.36648380382879847
cka_rl,30,"biggrid50-goal(9,10)",22,"biggrid50-goal(15,38)",0.8860543966293335,0.25720640227163843
cka_rl,30,"biggrid50-goal(9,10)",23,"biggrid50-goal(40,45)",0.7778911590576172,0.5060514649907125
cka_rl,30,"biggrid50-goal(9,10)",24,"biggrid50-goal(15,17)",0.9190475344657898,0.6510259755176
cka_rl,30,"biggrid50-goal(9,10)",25,"biggrid50-goal(15,24)",0.8938774466514587,0.3499995253981362
cka_rl,30,"biggrid50-goal(9,10)",26,"biggrid50-goal(21,38)",0.8571427464485168,0.17968645449893814
cka_rl,30,"biggrid50-goal(9,10)",27,"biggrid50-goal(33,17)",0.8867345452308655,0.5703220709425252
cka_rl,30,"biggrid50-goal(9,10)",28,"biggrid50-goal(27,17)",0.7833331823348999,0.17272655274244703
cka_rl,30,"biggrid50-goal(9,10)",29,"biggrid50-goal(3,3)",0.8891154527664185,0.6586382146827842
cka_rl,30,"biggrid50-goal(9,10)",30,"biggrid50-goal(9,10)",0.9170066714286804,0.5899155649526078
cka_rl,31,"biggrid50-goal(46,17)",0,"biggrid50-goal(40,31)",0.8683672547340393,0.5939137566127837
cka_rl,31,"biggrid50-goal(46,17)",1,"biggrid50-goal(9,31)",0.8734692931175232,0.4678108005051056
cka_rl,31,"biggrid50-goal(46,17)",2,"biggrid50-goal(15,31)",0.8568026423454285,0.28764770294876624
cka_rl,31,"biggrid50-goal(46,17)",3,"biggrid50-goal(9,24)",0.9180272221565247,0.6280866355115166
cka_rl,31,"biggrid50-goal(46,17)",4,"biggrid50-goal(21,17)",0.7598639726638794,0.14216306680748134
cka_rl,31,"biggrid50-goal(46,17)",5,"biggrid50-goal(27,3)",0.7965986132621765,0.37773143269460635
cka_rl,31,"biggrid50-goal(46,17)",6,"biggrid50-goal(3,31)",0.952380895614624,0.6929821561221144
cka_rl,31,"biggrid50-goal(46,17)",7,"biggrid50-goal(33,10)",0.9282311797142029,0.7546508268159202
cka_rl,31,"biggrid50-goal(46,17)",8,"biggrid50-goal(27,45)",0.6673468947410583,0.03359662851033781
cka_rl,31,"biggrid50-goal(46,17)",9,"biggrid50-goal(21,45)",0.8153060674667358,0.15288595337749358
cka_rl,31,"biggrid50-goal(46,17)",10,"biggrid50-goal(33,3)",0.9302720427513123,0.7920890690633584
cka_rl,31,"biggrid50-goal(46,17)",11,"biggrid50-goal(21,24)",0.881292462348938,0.39409698612549876
cka_rl,31,"biggrid50-goal(46,17)",12,"biggrid50-goal(21,3)",0.9078230261802673,0.709538788752785
cka_rl,31,"biggrid50-goal(46,17)",13,"biggrid50-goal(3,17)",0.835374116897583,-0.004149350439239265
cka_rl,31,"biggrid50-goal(46,17)",14,"biggrid50-goal(15,45)",0.8370748162269592,0.09108166838191162
cka_rl,31,"biggrid50-goal(46,17)",15,"biggrid50-goal(3,24)",0.9564625024795532,0.6783914420645983
cka_rl,31,"biggrid50-goal(46,17)",16,"biggrid50-goal(3,10)",0.7367346882820129,0.18008472295186348
cka_rl,31,"biggrid50-goal(46,17)",17,"biggrid50-goal(46,31)",0.7829930782318115,0.3645414620336435
cka_rl,31,"biggrid50-goal(46,17)",18,"biggrid50-goal(46,24)",0.9183672666549683,0.7785976010550469
cka_rl,31,"biggrid50-goal(46,17)",19,"biggrid50-goal(3,45)",0.8986393809318542,0.5687405914360258
cka_rl,31,"biggrid50-goal(46,17)",20,"biggrid50-goal(21,10)",0.7585033774375916,0.09090886653305821
cka_rl,31,"biggrid50-goal(46,17)",21,"biggrid50-goal(40,3)",0.9625847935676575,0.9138600626546624
cka_rl,31,"biggrid50-goal(46,17)",22,"biggrid50-goal(15,38)",0.883673369884491,0.2416848606783598
cka_rl,31,"biggrid50-goal(46,17)",23,"biggrid50-goal(40,45)",0.8329930901527405,0.6285928191535545
cka_rl,31,"biggrid50-goal(46,17)",24,"biggrid50-goal(15,17)",0.9867346286773682,0.9428149595424498
cka_rl,31,"biggrid50-goal(46,17)",25,"biggrid50-goal(15,24)",0.8823128938674927,0.27916665753970776
cka_rl,31,"biggrid50-goal(46,17)",26,"biggrid50-goal(21,38)",0.855102002620697,0.16796811494500719
cka_rl,31,"biggrid50-goal(46,17)",27,"biggrid50-goal(33,17)",0.9544216394424438,0.8270963056289041
cka_rl,31,"biggrid50-goal(46,17)",28,"biggrid50-goal(27,17)",0.8129251003265381,0.285713895574725
cka_rl,31,"biggrid50-goal(46,17)",29,"biggrid50-goal(3,3)",0.8027209043502808,0.392669709378956
cka_rl,31,"biggrid50-goal(46,17)",30,"biggrid50-goal(9,10)",0.8571427464485168,0.29411752578716266
cka_rl,31,"biggrid50-goal(46,17)",31,"biggrid50-goal(46,17)",0.9557821154594421,0.8770098451409594
cka_rl,32,"biggrid50-goal(40,10)",0,"biggrid50-goal(40,31)",0.8914965391159058,0.6652674626217975
cka_rl,32,"biggrid50-goal(40,10)",1,"biggrid50-goal(9,31)",0.85748291015625,0.40057194157040504
cka_rl,32,"biggrid50-goal(40,10)",2,"biggrid50-goal(15,31)",0.8357142806053162,0.18274113782307402
cka_rl,32,"biggrid50-goal(40,10)",3,"biggrid50-goal(9,24)",0.8197278380393982,0.18209888645713698
cka_rl,32,"biggrid50-goal(40,10)",4,"biggrid50-goal(21,17)",0.75782310962677,0.1348725002555105
cka_rl,32,"biggrid50-goal(40,10)",5,"biggrid50-goal(27,3)",0.8173468112945557,0.4412066708473279
cka_rl,32,"biggrid50-goal(40,10)",6,"biggrid50-goal(3,31)",0.8602039217948914,0.09868337367769575
cka_rl,32,"biggrid50-goal(40,10)",7,"biggrid50-goal(33,10)",0.9499998688697815,0.8290693537521838
cka_rl,32,"biggrid50-goal(40,10)",8,"biggrid50-goal(27,45)",0.6632652282714844,0.021738821758700497
cka_rl,32,"biggrid50-goal(40,10)",9,"biggrid50-goal(21,45)",0.8333331942558289,0.23556886620428716
cka_rl,32,"biggrid50-goal(40,10)",10,"biggrid50-goal(33,3)",0.9200679063796997,0.7616629447921452
cka_rl,32,"biggrid50-goal(40,10)",11,"biggrid50-goal(21,24)",0.8493196964263916,0.2309026716134793
cka_rl,32,"biggrid50-goal(40,10)",12,"biggrid50-goal(21,3)",0.9047617316246033,0.699892265464207
cka_rl,32,"biggrid50-goal(40,10)",13,"biggrid50-goal(3,17)",0.871768593788147,0.21784180696885824
cka_rl,32,"biggrid50-goal(40,10)",14,"biggrid50-goal(15,45)",0.809183657169342,-0.06451604322084763
cka_rl,32,"biggrid50-goal(40,10)",15,"biggrid50-goal(3,24)",0.8959182500839233,0.23115513283274672
cka_rl,32,"biggrid50-goal(40,10)",16,"biggrid50-goal(3,10)",0.6986395120620728,0.06144084708101215
cka_rl,32,"biggrid50-goal(40,10)",17,"biggrid50-goal(46,31)",0.8353740572929382,0.5179279996620916
cka_rl,32,"biggrid50-goal(40,10)",18,"biggrid50-goal(46,24)",0.9309521913528442,0.8127301408399702
cka_rl,32,"biggrid50-goal(40,10)",19,"biggrid50-goal(3,45)",0.8244897127151489,0.25325571817521536
cka_rl,32,"biggrid50-goal(40,10)",20,"biggrid50-goal(21,10)",0.7687073945999146,0.12932092144954097
cka_rl,32,"biggrid50-goal(40,10)",21,"biggrid50-goal(40,3)",0.9778909683227539,0.949099021894002
cka_rl,32,"biggrid50-goal(40,10)",22,"biggrid50-goal(15,38)",0.8636053204536438,0.11086437971922355
cka_rl,32,"biggrid50-goal(40,10)",23,"biggrid50-goal(40,45)",0.7656461000442505,0.4788196405613384
cka_rl,32,"biggrid50-goal(40,10)",24,"biggrid50-goal(15,17)",0.9663264751434326,0.8548384485863689
cka_rl,32,"biggrid50-goal(40,10)",25,"biggrid50-goal(15,24)",0.8806121349334717,0.26874951170769784
cka_rl,32,"biggrid50-goal(40,10)",26,"biggrid50-goal(21,38)",0.8608843088150024,0.20117121788520217
cka_rl,32,"biggrid50-goal(40,10)",27,"biggrid50-goal(33,17)",0.9622448682785034,0.8567740990185336
cka_rl,32,"biggrid50-goal(40,10)",28,"biggrid50-goal(27,17)",0.785374104976654,0.1805191678167114
cka_rl,32,"biggrid50-goal(40,10)",29,"biggrid50-goal(3,3)",0.7782312035560608,0.3172773468400253
cka_rl,32,"biggrid50-goal(40,10)",30,"biggrid50-goal(9,10)",0.8608842492103577,0.3126049400496143
cka_rl,32,"biggrid50-goal(40,10)",31,"biggrid50-goal(46,17)",0.9659862518310547,0.9053922140757796
cka_rl,32,"biggrid50-goal(40,10)",32,"biggrid50-goal(40,10)",0.7156461477279663,0.1730956294931732
cka_rl,33,"biggrid50-goal(46,38)",0,"biggrid50-goal(40,31)",0.9013603925704956,0.695697392398034
cka_rl,33,"biggrid50-goal(46,38)",1,"biggrid50-goal(9,31)",0.8608843684196472,0.41487850315465363
cka_rl,33,"biggrid50-goal(46,38)",2,"biggrid50-goal(15,31)",0.8680270910263062,0.34348505869275087
cka_rl,33,"biggrid50-goal(46,38)",3,"biggrid50-goal(9,24)",0.856802761554718,0.3503091131383022
cka_rl,33,"biggrid50-goal(46,38)",4,"biggrid50-goal(21,17)",0.7544217705726624,0.12272191087793412
cka_rl,33,"biggrid50-goal(46,38)",5,"biggrid50-goal(27,3)",0.7948978543281555,0.3725282782708401
cka_rl,33,"biggrid50-goal(46,38)",6,"biggrid50-goal(3,31)",0.9037414193153381,0.37938560000245947
cka_rl,33,"biggrid50-goal(46,38)",7,"biggrid50-goal(33,10)",0.9017006754875183,0.6639535400240687
cka_rl,33,"biggrid50-goal(46,38)",8,"biggrid50-goal(27,45)",0.6656462550163269,0.028656034426929527
cka_rl,33,"biggrid50-goal(46,38)",9,"biggrid50-goal(21,45)",0.8098639249801636,0.12792511529871045
cka_rl,33,"biggrid50-goal(46,38)",10,"biggrid50-goal(33,3)",0.9142856001853943,0.7444215869314663
cka_rl,33,"biggrid50-goal(46,38)",11,"biggrid50-goal(21,24)",0.869387686252594,0.33333302910131385
cka_rl,33,"biggrid50-goal(46,38)",12,"biggrid50-goal(21,3)",0.8102040886878967,0.40192926709337257
cka_rl,33,"biggrid50-goal(46,38)",13,"biggrid50-goal(3,17)",0.7938775420188904,-0.25726118148690935
cka_rl,33,"biggrid50-goal(46,38)",14,"biggrid50-goal(15,45)",0.8357142210006714,0.08349125225073945
cka_rl,33,"biggrid50-goal(46,38)",15,"biggrid50-goal(3,24)",0.8965985774993896,0.2361806655682762
cka_rl,33,"biggrid50-goal(46,38)",16,"biggrid50-goal(3,10)",0.6731292605400085,-0.01800845373187525
cka_rl,33,"biggrid50-goal(46,38)",17,"biggrid50-goal(46,31)",0.8197278380393982,0.4721113799407334
cka_rl,33,"biggrid50-goal(46,38)",18,"biggrid50-goal(46,24)",0.9537413716316223,0.8745384250534199
cka_rl,33,"biggrid50-goal(46,38)",19,"biggrid50-goal(3,45)",0.9023807644844055,0.5846590701599912
cka_rl,33,"biggrid50-goal(46,38)",20,"biggrid50-goal(21,10)",0.7595238089561462,0.09475018421272284
cka_rl,33,"biggrid50-goal(46,38)",21,"biggrid50-goal(40,3)",0.937414824962616,0.8559119788309631
cka_rl,33,"biggrid50-goal(46,38)",22,"biggrid50-goal(15,38)",0.9302720427513123,0.545454333516342
cka_rl,33,"biggrid50-goal(46,38)",23,"biggrid50-goal(40,45)",0.8098638653755188,0.5771556649811421
cka_rl,33,"biggrid50-goal(46,38)",24,"biggrid50-goal(15,17)",0.896938681602478,0.5557180029995963
cka_rl,33,"biggrid50-goal(46,38)",25,"biggrid50-goal(15,24)",0.8942175507545471,0.35208266250185277
cka_rl,33,"biggrid50-goal(46,38)",26,"biggrid50-goal(21,38)",0.8632652759552002,0.2148431844668169
cka_rl,33,"biggrid50-goal(46,38)",27,"biggrid50-goal(33,17)",0.982312798500061,0.9329027537407016
cka_rl,33,"biggrid50-goal(46,38)",28,"biggrid50-goal(27,17)",0.7931972742080688,0.2103894555160272
cka_rl,33,"biggrid50-goal(46,38)",29,"biggrid50-goal(3,3)",0.7387754917144775,0.19581161900662106
cka_rl,33,"biggrid50-goal(46,38)",30,"biggrid50-goal(9,10)",0.8146256804466248,0.08403332635328302
cka_rl,33,"biggrid50-goal(46,38)",31,"biggrid50-goal(46,17)",0.9540814757347107,0.8722795884749647
cka_rl,33,"biggrid50-goal(46,38)",32,"biggrid50-goal(40,10)",0.7054421901702881,0.14342240005213797
cka_rl,33,"biggrid50-goal(46,38)",33,"biggrid50-goal(46,38)",0.9517004489898682,0.8720714792708094
cka_rl,34,"biggrid50-goal(27,31)",0,"biggrid50-goal(40,31)",0.9163264036178589,0.7418674482791592
cka_rl,34,"biggrid50-goal(27,31)",1,"biggrid50-goal(9,31)",0.8367346525192261,0.31330459837111724
cka_rl,34,"biggrid50-goal(27,31)",2,"biggrid50-goal(15,31)",0.8608843088150024,0.307952438545996
cka_rl,34,"biggrid50-goal(27,31)",3,"biggrid50-goal(9,24)",0.9020407199859619,0.5555553151747901
cka_rl,34,"biggrid50-goal(27,31)",4,"biggrid50-goal(21,17)",0.7568026781082153,0.13122721697952508
cka_rl,34,"biggrid50-goal(27,31)",5,"biggrid50-goal(27,3)",0.7465985417366028,0.22476554896889686
cka_rl,34,"biggrid50-goal(27,31)",6,"biggrid50-goal(3,31)",0.8772108554840088,0.2083333173211241
cka_rl,34,"biggrid50-goal(27,31)",7,"biggrid50-goal(33,10)",0.8989794254302979,0.6546506638041805
cka_rl,34,"biggrid50-goal(27,31)",8,"biggrid50-goal(27,45)",0.6649659872055054,0.02667976216161554
cka_rl,34,"biggrid50-goal(27,31)",9,"biggrid50-goal(21,45)",0.8816325068473816,0.4570976710617323
cka_rl,34,"biggrid50-goal(27,31)",10,"biggrid50-goal(33,3)",0.923809289932251,0.772818793437297
cka_rl,34,"biggrid50-goal(27,31)",11,"biggrid50-goal(21,24)",0.8670066595077515,0.3211798726180534
cka_rl,34,"biggrid50-goal(27,31)",12,"biggrid50-goal(21,3)",0.8163264989852905,0.42122175020538305
cka_rl,34,"biggrid50-goal(27,31)",13,"biggrid50-goal(3,17)",0.7700679898262024,-0.4024895375508398
cka_rl,34,"biggrid50-goal(27,31)",14,"biggrid50-goal(15,45)",0.874829888343811,0.30170765243096487
cka_rl,34,"biggrid50-goal(27,31)",15,"biggrid50-goal(3,24)",0.8639454245567322,-0.005025973031020579
cka_rl,34,"biggrid50-goal(27,31)",16,"biggrid50-goal(3,10)",0.6697279214859009,-0.028601607211475095
cka_rl,34,"biggrid50-goal(27,31)",17,"biggrid50-goal(46,31)",0.8091835379600525,0.4412346435781157
cka_rl,34,"biggrid50-goal(27,31)",18,"biggrid50-goal(46,24)",0.9146257638931274,0.7684499843676394
cka_rl,34,"biggrid50-goal(27,31)",19,"biggrid50-goal(3,45)",0.9074828624725342,0.6063669857294147
cka_rl,34,"biggrid50-goal(27,31)",20,"biggrid50-goal(21,10)",0.7551020383834839,0.07810484822756397
cka_rl,34,"biggrid50-goal(27,31)",21,"biggrid50-goal(40,3)",0.8693876266479492,0.6992949463631465
cka_rl,34,"biggrid50-goal(27,31)",22,"biggrid50-goal(15,38)",0.9132652282714844,0.43458956524374537
cka_rl,34,"biggrid50-goal(27,31)",23,"biggrid50-goal(40,45)",0.8540815711021423,0.6754915568459927
cka_rl,34,"biggrid50-goal(27,31)",24,"biggrid50-goal(15,17)",0.9054420590400696,0.592374796915714
cka_rl,34,"biggrid50-goal(27,31)",25,"biggrid50-goal(15,24)",0.8935373425483704,0.3479163882944196
cka_rl,34,"biggrid50-goal(27,31)",26,"biggrid50-goal(21,38)",0.8744896650314331,0.2792957633195231
cka_rl,34,"biggrid50-goal(27,31)",27,"biggrid50-goal(33,17)",0.9649658203125,0.8670961609165357
cka_rl,34,"biggrid50-goal(27,31)",28,"biggrid50-goal(27,17)",0.7867346405982971,0.18571394109100708
cka_rl,34,"biggrid50-goal(27,31)",29,"biggrid50-goal(3,3)",0.7751700282096863,0.3078534162069661
cka_rl,34,"biggrid50-goal(27,31)",30,"biggrid50-goal(9,10)",0.7581632137298584,-0.1949575174111023
cka_rl,34,"biggrid50-goal(27,31)",31,"biggrid50-goal(46,17)",0.8999999165534973,0.7218540444258172
cka_rl,34,"biggrid50-goal(27,31)",32,"biggrid50-goal(40,10)",0.6942176818847656,0.11078139700636541
cka_rl,34,"biggrid50-goal(27,31)",33,"biggrid50-goal(46,38)",0.8765305280685425,0.6729728005941029
cka_rl,34,"biggrid50-goal(27,31)",34,"biggrid50-goal(27,31)",0.9302720427513123,0.6358790094936443
cka_rl,35,"biggrid50-goal(21,31)",0,"biggrid50-goal(40,31)",0.8918365240097046,0.6663163140155158
cka_rl,35,"biggrid50-goal(21,31)",1,"biggrid50-goal(9,31)",0.8605441451072693,0.41344752108931127
cka_rl,35,"biggrid50-goal(21,31)",2,"biggrid50-goal(15,31)",0.8768707513809204,0.3874788995787477
cka_rl,35,"biggrid50-goal(21,31)",3,"biggrid50-goal(9,24)",0.9207481145858765,0.640431419773235
cka_rl,35,"biggrid50-goal(21,31)",4,"biggrid50-goal(21,17)",0.7585033774375916,0.1373026181310258
cka_rl,35,"biggrid50-goal(21,31)",5,"biggrid50-goal(27,3)",0.7551020383834839,0.2507804093413161
cka_rl,35,"biggrid50-goal(21,31)",6,"biggrid50-goal(3,31)",0.8527210354804993,0.0504384591233277
cka_rl,35,"biggrid50-goal(21,31)",7,"biggrid50-goal(33,10)",0.8908161520957947,0.626743665261913
cka_rl,35,"biggrid50-goal(21,31)",8,"biggrid50-goal(27,45)",0.6629251837730408,0.02075094536567357
cka_rl,35,"biggrid50-goal(21,31)",9,"biggrid50-goal(21,45)",0.881292462348938,0.45553802875428184
cka_rl,35,"biggrid50-goal(21,31)",10,"biggrid50-goal(33,3)",0.9336732625961304,0.8022306365516217
cka_rl,35,"biggrid50-goal(21,31)",11,"biggrid50-goal(21,24)",0.9098637700080872,0.5399296919802918
cka_rl,35,"biggrid50-goal(21,31)",12,"biggrid50-goal(21,3)",0.8299318552017212,0.4640939348987397
cka_rl,35,"biggrid50-goal(21,31)",13,"biggrid50-goal(3,17)",0.7656462788581848,-0.42946013362413565
cka_rl,35,"biggrid50-goal(21,31)",14,"biggrid50-goal(15,45)",0.8904761075973511,0.38899394648768265
cka_rl,35,"biggrid50-goal(21,31)",15,"biggrid50-goal(3,24)",0.8605440855026245,-0.030151435231212373
cka_rl,35,"biggrid50-goal(21,31)",16,"biggrid50-goal(3,10)",0.7010204195976257,0.06885596170017654
cka_rl,35,"biggrid50-goal(21,31)",17,"biggrid50-goal(46,31)",0.837755024433136,0.5249001546769082
cka_rl,35,"biggrid50-goal(21,31)",18,"biggrid50-goal(46,24)",0.8778910040855408,0.6688188240132457
cka_rl,35,"biggrid50-goal(21,31)",19,"biggrid50-goal(3,45)",0.8846938014030457,0.5094062815732133
cka_rl,35,"biggrid50-goal(21,31)",20,"biggrid50-goal(21,10)",0.7605441808700562,0.09859127751635477
cka_rl,35,"biggrid50-goal(21,31)",21,"biggrid50-goal(40,3)",0.8357141017913818,0.6217693732626326
cka_rl,35,"biggrid50-goal(21,31)",22,"biggrid50-goal(15,38)",0.9030611515045166,0.368070781990862
cka_rl,35,"biggrid50-goal(21,31)",23,"biggrid50-goal(40,45)",0.8255100846290588,0.6119513401372023
cka_rl,35,"biggrid50-goal(21,31)",24,"biggrid50-goal(15,17)",0.9006802439689636,0.5718473212145256
cka_rl,35,"biggrid50-goal(21,31)",25,"biggrid50-goal(15,24)",0.9149658679962158,0.4791660734143369
cka_rl,35,"biggrid50-goal(21,31)",26,"biggrid50-goal(21,38)",0.8880951404571533,0.3574209932762784
cka_rl,35,"biggrid50-goal(21,31)",27,"biggrid50-goal(33,17)",0.948639452457428,0.8051613022846917
cka_rl,35,"biggrid50-goal(21,31)",28,"biggrid50-goal(27,17)",0.8030611872673035,0.2480516755453761
cka_rl,35,"biggrid50-goal(21,31)",29,"biggrid50-goal(3,3)",0.7571429014205933,0.2523563037743248
cka_rl,35,"biggrid50-goal(21,31)",30,"biggrid50-goal(9,10)",0.7411563992500305,-0.278991138281276
cka_rl,35,"biggrid50-goal(21,31)",31,"biggrid50-goal(46,17)",0.8704080581665039,0.6395455558267107
cka_rl,35,"biggrid50-goal(21,31)",32,"biggrid50-goal(40,10)",0.6942176818847656,0.11078139700636541
cka_rl,35,"biggrid50-goal(21,31)",33,"biggrid50-goal(46,38)",0.8853739500045776,0.6963959145320303
cka_rl,35,"biggrid50-goal(21,31)",34,"biggrid50-goal(27,31)",0.9431971907615662,0.7033744285713841
cka_rl,35,"biggrid50-goal(21,31)",35,"biggrid50-goal(21,31)",0.9068027138710022,0.538720718509454
cka_rl,36,"biggrid50-goal(46,10)",0,"biggrid50-goal(40,31)",0.9091835618019104,0.7198318233722485
cka_rl,36,"biggrid50-goal(46,10)",1,"biggrid50-goal(9,31)",0.8465986847877502,0.35479279966326294
cka_rl,36,"biggrid50-goal(46,10)",2,"biggrid50-goal(15,31)",0.8534013628959656,0.2707276335534725
cka_rl,36,"biggrid50-goal(46,10)",3,"biggrid50-goal(9,24)",0.892857015132904,0.5138885245617911
cka_rl,36,"biggrid50-goal(46,10)",4,"biggrid50-goal(21,17)",0.7493197321891785,0.10449592034885702
cka_rl,36,"biggrid50-goal(46,10)",5,"biggrid50-goal(27,3)",0.75,0.23517167546714696
cka_rl,36,"biggrid50-goal(46,10)",6,"biggrid50-goal(3,31)",0.840135931968689,-0.0307023223980192
cka_rl,36,"biggrid50-goal(46,10)",7,"biggrid50-goal(33,10)",0.8884352445602417,0.618604285334119
cka_rl,36,"biggrid50-goal(46,10)",8,"biggrid50-goal(27,45)",0.6642857193946838,0.02470348989630155
cka_rl,36,"biggrid50-goal(46,10)",9,"biggrid50-goal(21,45)",0.8591835498809814,0.35413366722345396
cka_rl,36,"biggrid50-goal(46,10)",10,"biggrid50-goal(33,3)",0.9078229665756226,0.7251516667570106
cka_rl,36,"biggrid50-goal(46,10)",11,"biggrid50-goal(21,24)",0.8911563754081726,0.44444403880175176
cka_rl,36,"biggrid50-goal(46,10)",12,"biggrid50-goal(21,3)",0.8857141733169556,0.6398710190717926
cka_rl,36,"biggrid50-goal(46,10)",13,"biggrid50-goal(3,17)",0.7710884213447571,-0.3962653301102215
cka_rl,36,"biggrid50-goal(46,10)",14,"biggrid50-goal(15,45)",0.8656461834907532,0.2504740892714338
cka_rl,36,"biggrid50-goal(46,10)",15,"biggrid50-goal(3,24)",0.8431971669197083,-0.1582919528954272
cka_rl,36,"biggrid50-goal(46,10)",16,"biggrid50-goal(3,10)",0.7003401517868042,0.06673733100425656
cka_rl,36,"biggrid50-goal(46,10)",17,"biggrid50-goal(46,31)",0.8656461238861084,0.6065732973409604
cka_rl,36,"biggrid50-goal(46,10)",18,"biggrid50-goal(46,24)",0.9217687249183655,0.7878229569701091
cka_rl,36,"biggrid50-goal(46,10)",19,"biggrid50-goal(3,45)",0.8465985655784607,0.34732233790895556
cka_rl,36,"biggrid50-goal(46,10)",20,"biggrid50-goal(21,10)",0.7513605356216431,0.06402031590350395
cka_rl,36,"biggrid50-goal(46,10)",21,"biggrid50-goal(40,3)",0.8704080581665039,0.7016442560544469
cka_rl,36,"biggrid50-goal(46,10)",22,"biggrid50-goal(15,38)",0.8989794850349426,0.3414630355576848
cka_rl,36,"biggrid50-goal(46,10)",23,"biggrid50-goal(40,45)",0.7931972146034241,0.5400906490301418
cka_rl,36,"biggrid50-goal(46,10)",24,"biggrid50-goal(15,17)",0.9071427583694458,0.5997062584776368
cka_rl,36,"biggrid50-goal(46,10)",25,"biggrid50-goal(15,24)",0.8833332061767578,0.28541606885085746
cka_rl,36,"biggrid50-goal(46,10)",26,"biggrid50-goal(21,38)",0.8819727301597595,0.322264947830834
cka_rl,36,"biggrid50-goal(46,10)",27,"biggrid50-goal(33,17)",0.983333170413971,0.9367735834807214
cka_rl,36,"biggrid50-goal(46,10)",28,"biggrid50-goal(27,17)",0.7962585091590881,0.2220778091738977
cka_rl,36,"biggrid50-goal(46,10)",29,"biggrid50-goal(3,3)",0.7085033655166626,0.10261786656728583
cka_rl,36,"biggrid50-goal(46,10)",30,"biggrid50-goal(9,10)",0.7350339293479919,-0.3092433242592679
cka_rl,36,"biggrid50-goal(46,10)",31,"biggrid50-goal(46,17)",0.9431971311569214,0.8420052495039629
cka_rl,36,"biggrid50-goal(46,10)",32,"biggrid50-goal(40,10)",0.6874149441719055,0.09099895516065358
cka_rl,36,"biggrid50-goal(46,10)",33,"biggrid50-goal(46,38)",0.905782163143158,0.750450092323392
cka_rl,36,"biggrid50-goal(46,10)",34,"biggrid50-goal(27,31)",0.9530611038208008,0.7548840085894433
cka_rl,36,"biggrid50-goal(46,10)",35,"biggrid50-goal(21,31)",0.8863944411277771,0.4377101228315088
cka_rl,36,"biggrid50-goal(46,10)",36,"biggrid50-goal(46,10)",0.9772107601165771,0.9471188895547705
cka_rl,37,"biggrid50-goal(9,17)",0,"biggrid50-goal(40,31)",0.84965980052948,0.536201370641355
cka_rl,37,"biggrid50-goal(9,17)",1,"biggrid50-goal(9,31)",0.8710883855819702,0.45779668372162635
cka_rl,37,"biggrid50-goal(9,17)",2,"biggrid50-goal(15,31)",0.8646258115768433,0.32656498929745714
cka_rl,37,"biggrid50-goal(9,17)",3,"biggrid50-goal(9,24)",0.9044216871261597,0.5663578464924225
cka_rl,37,"biggrid50-goal(9,17)",4,"biggrid50-goal(21,17)",0.7517006993293762,0.113001439375873
cka_rl,37,"biggrid50-goal(9,17)",5,"biggrid50-goal(27,3)",0.7547618746757507,0.24973974198670637
cka_rl,37,"biggrid50-goal(9,17)",6,"biggrid50-goal(3,31)",0.8870747685432434,0.2719295852210127
cka_rl,37,"biggrid50-goal(9,17)",7,"biggrid50-goal(33,10)",0.9302719831466675,0.7616275255103184
cka_rl,37,"biggrid50-goal(9,17)",8,"biggrid50-goal(27,45)",0.66700679063797,0.032608578957557505
cka_rl,37,"biggrid50-goal(9,17)",9,"biggrid50-goal(21,45)",0.87312912940979,0.4180962248728092
cka_rl,37,"biggrid50-goal(9,17)",10,"biggrid50-goal(33,3)",0.8880950808525085,0.6663281582541639
cka_rl,37,"biggrid50-goal(9,17)",11,"biggrid50-goal(21,24)",0.9238094091415405,0.6111105533524087
cka_rl,37,"biggrid50-goal(9,17)",12,"biggrid50-goal(21,3)",0.929251492023468,0.7770625735556792
cka_rl,37,"biggrid50-goal(9,17)",13,"biggrid50-goal(3,17)",0.8391156792640686,0.018672622321854786
cka_rl,37,"biggrid50-goal(9,17)",14,"biggrid50-goal(15,45)",0.8578230738639832,0.20683094224307488
cka_rl,37,"biggrid50-goal(9,17)",15,"biggrid50-goal(3,24)",0.9010202288627625,0.2688431059852888
cka_rl,37,"biggrid50-goal(9,17)",16,"biggrid50-goal(3,10)",0.7129251956939697,0.10593227732844251
cka_rl,37,"biggrid50-goal(9,17)",17,"biggrid50-goal(46,31)",0.847278892993927,0.5527887747361748
cka_rl,37,"biggrid50-goal(9,17)",18,"biggrid50-goal(46,24)",0.8792515993118286,0.6725089987109365
cka_rl,37,"biggrid50-goal(9,17)",19,"biggrid50-goal(3,45)",0.8799318671226501,0.48914566181512753
cka_rl,37,"biggrid50-goal(9,17)",20,"biggrid50-goal(21,10)",0.7632652521133423,0.10883449216075017
cka_rl,37,"biggrid50-goal(9,17)",21,"biggrid50-goal(40,3)",0.8472787737846375,0.6483943799352485
cka_rl,37,"biggrid50-goal(9,17)",22,"biggrid50-goal(15,38)",0.9530611038208008,0.6940126645086412
cka_rl,37,"biggrid50-goal(9,17)",23,"biggrid50-goal(40,45)",0.8105440735816956,0.5786683821044981
cka_rl,37,"biggrid50-goal(9,17)",24,"biggrid50-goal(15,17)",0.9204081296920776,0.6568912989351869
cka_rl,37,"biggrid50-goal(9,17)",25,"biggrid50-goal(15,24)",0.9156461954116821,0.4833330777784836
cka_rl,37,"biggrid50-goal(9,17)",26,"biggrid50-goal(21,38)",0.8670068383216858,0.23632794785308095
cka_rl,37,"biggrid50-goal(9,17)",27,"biggrid50-goal(33,17)",0.9697276949882507,0.885160560633804
cka_rl,37,"biggrid50-goal(9,17)",28,"biggrid50-goal(27,17)",0.7867346405982971,0.18571394109100708
cka_rl,37,"biggrid50-goal(9,17)",29,"biggrid50-goal(3,3)",0.7353740930557251,0.18534029953339085
cka_rl,37,"biggrid50-goal(9,17)",30,"biggrid50-goal(9,10)",0.8057821989059448,0.04033614979835901
cka_rl,37,"biggrid50-goal(9,17)",31,"biggrid50-goal(46,17)",0.9391155242919922,0.8306524345602513
cka_rl,37,"biggrid50-goal(9,17)",32,"biggrid50-goal(40,10)",0.6795918941497803,0.06824943303425644
cka_rl,37,"biggrid50-goal(9,17)",33,"biggrid50-goal(46,38)",0.8748298287391663,0.6684682463102217
cka_rl,37,"biggrid50-goal(9,17)",34,"biggrid50-goal(27,31)",0.9319726824760437,0.6447597891048285
cka_rl,37,"biggrid50-goal(9,17)",35,"biggrid50-goal(21,31)",0.8792515993118286,0.40235667985570334
cka_rl,37,"biggrid50-goal(9,17)",36,"biggrid50-goal(46,10)",0.8074829578399658,0.5532753606030056
cka_rl,37,"biggrid50-goal(9,17)",37,"biggrid50-goal(9,17)",0.9384353160858154,0.7167446826073495
cka_rl,38,"biggrid50-goal(33,24)",0,"biggrid50-goal(40,31)",0.8598638772964478,0.5676808873312211
cka_rl,38,"biggrid50-goal(33,24)",1,"biggrid50-goal(9,31)",0.8622449040412903,0.42060092723025
cka_rl,38,"biggrid50-goal(33,24)",2,"biggrid50-goal(15,31)",0.8585033416748047,0.2961080341568119
cka_rl,38,"biggrid50-goal(33,24)",3,"biggrid50-goal(9,24)",0.8857142329216003,0.48148147146561626
cka_rl,38,"biggrid50-goal(33,24)",4,"biggrid50-goal(21,17)",0.7489796280860901,0.10328096787381187
cka_rl,38,"biggrid50-goal(33,24)",5,"biggrid50-goal(27,3)",0.7581632137298584,0.2601455037863917
cka_rl,38,"biggrid50-goal(33,24)",6,"biggrid50-goal(3,31)",0.8547617793083191,0.0635958836068667
cka_rl,38,"biggrid50-goal(33,24)",7,"biggrid50-goal(33,10)",0.8874148726463318,0.6151160378692573
cka_rl,38,"biggrid50-goal(33,24)",8,"biggrid50-goal(27,45)",0.6741496324539185,0.05335952432323108
cka_rl,38,"biggrid50-goal(33,24)",9,"biggrid50-goal(21,45)",0.8608843088150024,0.3619343391955472
cka_rl,38,"biggrid50-goal(33,24)",10,"biggrid50-goal(33,3)",0.914965808391571,0.7464497937936372
cka_rl,38,"biggrid50-goal(33,24)",11,"biggrid50-goal(21,24)",0.911224365234375,0.5468743962895863
cka_rl,38,"biggrid50-goal(33,24)",12,"biggrid50-goal(21,3)",0.9214285612106323,0.7524115369112869
cka_rl,38,"biggrid50-goal(33,24)",13,"biggrid50-goal(3,17)",0.7744897603988647,-0.3755185779140252
cka_rl,38,"biggrid50-goal(33,24)",14,"biggrid50-goal(15,45)",0.8860543370246887,0.3643260084892156
cka_rl,38,"biggrid50-goal(33,24)",15,"biggrid50-goal(3,24)",0.8380951285362244,-0.19598036634346042
cka_rl,38,"biggrid50-goal(33,24)",16,"biggrid50-goal(3,10)",0.6891156435012817,0.031779646071910556
cka_rl,38,"biggrid50-goal(33,24)",17,"biggrid50-goal(46,31)",0.8615646362304688,0.5946215302855711
cka_rl,38,"biggrid50-goal(33,24)",18,"biggrid50-goal(46,24)",0.9207481145858765,0.7850548813864335
cka_rl,38,"biggrid50-goal(33,24)",19,"biggrid50-goal(3,45)",0.8646257519721985,0.4240226759071783
cka_rl,38,"biggrid50-goal(33,24)",20,"biggrid50-goal(21,10)",0.7557822465896606,0.08066542751263013
cka_rl,38,"biggrid50-goal(33,24)",21,"biggrid50-goal(40,3)",0.8581631183624268,0.6734530886629752
cka_rl,38,"biggrid50-goal(33,24)",22,"biggrid50-goal(15,38)",0.9469386339187622,0.654101239135562
cka_rl,38,"biggrid50-goal(33,24)",23,"biggrid50-goal(40,45)",0.7962583899497986,0.5468984063050558
cka_rl,38,"biggrid50-goal(33,24)",24,"biggrid50-goal(15,17)",0.908843457698822,0.6070377200395595
cka_rl,38,"biggrid50-goal(33,24)",25,"biggrid50-goal(15,24)",0.9159863591194153,0.4854165799605569
cka_rl,38,"biggrid50-goal(33,24)",26,"biggrid50-goal(21,38)",0.8727890849113464,0.26953070853205874
cka_rl,38,"biggrid50-goal(33,24)",27,"biggrid50-goal(33,17)",0.9806119203567505,0.9264503910173415
cka_rl,38,"biggrid50-goal(33,24)",28,"biggrid50-goal(27,17)",0.811564564704895,0.2805191223004293
cka_rl,38,"biggrid50-goal(33,24)",29,"biggrid50-goal(3,3)",0.7319726943969727,0.17486898006016063
cka_rl,38,"biggrid50-goal(33,24)",30,"biggrid50-goal(9,10)",0.7778910994529724,-0.0974786114471058
cka_rl,38,"biggrid50-goal(33,24)",31,"biggrid50-goal(46,17)",0.9214284420013428,0.7814565715619596
cka_rl,38,"biggrid50-goal(33,24)",32,"biggrid50-goal(40,10)",0.6850340366363525,0.0840752478460155
cka_rl,38,"biggrid50-goal(33,24)",33,"biggrid50-goal(46,38)",0.8697277307510376,0.6549545834585783
cka_rl,38,"biggrid50-goal(33,24)",34,"biggrid50-goal(27,31)",0.9374148845672607,0.673179093128352
cka_rl,38,"biggrid50-goal(33,24)",35,"biggrid50-goal(21,31)",0.8996597528457642,0.5033666855081477
cka_rl,38,"biggrid50-goal(33,24)",36,"biggrid50-goal(46,10)",0.9006800055503845,0.76953370876884
cka_rl,38,"biggrid50-goal(33,24)",37,"biggrid50-goal(9,17)",0.9292516112327576,0.6744910224306914
cka_rl,38,"biggrid50-goal(33,24)",38,"biggrid50-goal(33,24)",0.9102039933204651,0.6065570217017847
cka_rl,39,"biggrid50-goal(40,17)",0,"biggrid50-goal(40,31)",0.8700678944587708,0.5991602201411095
cka_rl,39,"biggrid50-goal(40,17)",1,"biggrid50-goal(9,31)",0.8214284777641296,0.24892670077658605
cka_rl,39,"biggrid50-goal(40,17)",2,"biggrid50-goal(15,31)",0.8482992649078369,0.24534663992933564
cka_rl,39,"biggrid50-goal(40,17)",3,"biggrid50-goal(9,24)",0.8867346048355103,0.4861109345814864
cka_rl,39,"biggrid50-goal(40,17)",4,"biggrid50-goal(21,17)",0.7469387650489807,0.09599040132184104
cka_rl,39,"biggrid50-goal(40,17)",5,"biggrid50-goal(27,3)",0.7544216513633728,0.24869889228281425
cka_rl,39,"biggrid50-goal(40,17)",6,"biggrid50-goal(3,31)",0.8333332538604736,-0.07456168498655551
cka_rl,39,"biggrid50-goal(40,17)",7,"biggrid50-goal(33,10)",0.9340135455131531,0.7744184454303937
cka_rl,39,"biggrid50-goal(40,17)",8,"biggrid50-goal(27,45)",0.6656462550163269,0.028656034426929527
cka_rl,39,"biggrid50-goal(40,17)",9,"biggrid50-goal(21,45)",0.8387754559516907,0.2605302510463683
cka_rl,39,"biggrid50-goal(40,17)",10,"biggrid50-goal(33,3)",0.9136053919792175,0.7423933800692953
cka_rl,39,"biggrid50-goal(40,17)",11,"biggrid50-goal(21,24)",0.8972788453102112,0.47569414338150845
cka_rl,39,"biggrid50-goal(40,17)",12,"biggrid50-goal(21,3)",0.8799318671226501,0.6216502466662585
cka_rl,39,"biggrid50-goal(40,17)",13,"biggrid50-goal(3,17)",0.7663265466690063,-0.4253107831848964
cka_rl,39,"biggrid50-goal(40,17)",14,"biggrid50-goal(15,45)",0.8333332538604736,0.07020843967020744
cka_rl,39,"biggrid50-goal(40,17)",15,"biggrid50-goal(3,24)",0.8370746970176697,-0.20351822515126353
cka_rl,39,"biggrid50-goal(40,17)",16,"biggrid50-goal(3,10)",0.710544228553772,0.09851697707616712
cka_rl,39,"biggrid50-goal(40,17)",17,"biggrid50-goal(46,31)",0.8346937894821167,0.5159359803063587
cka_rl,39,"biggrid50-goal(40,17)",18,"biggrid50-goal(46,24)",0.9897956848144531,0.9723240939131436
cka_rl,39,"biggrid50-goal(40,17)",19,"biggrid50-goal(3,45)",0.8251699209213257,0.2561498025976766
cka_rl,39,"biggrid50-goal(40,17)",20,"biggrid50-goal(21,10)",0.754081666469574,0.07426375492393204
cka_rl,39,"biggrid50-goal(40,17)",21,"biggrid50-goal(40,3)",0.8795917630195618,0.7227876315980507
cka_rl,39,"biggrid50-goal(40,17)",22,"biggrid50-goal(15,38)",0.9173468947410583,0.4611973116769225
cka_rl,39,"biggrid50-goal(40,17)",23,"biggrid50-goal(40,45)",0.7751700282096863,0.4999999337225235
cka_rl,39,"biggrid50-goal(40,17)",24,"biggrid50-goal(15,17)",0.978571355342865,0.9076243037706678
cka_rl,39,"biggrid50-goal(40,17)",25,"biggrid50-goal(15,24)",0.9047619700431824,0.41666721428420184
cka_rl,39,"biggrid50-goal(40,17)",26,"biggrid50-goal(21,38)",0.8659864068031311,0.2304684358148983
cka_rl,39,"biggrid50-goal(40,17)",27,"biggrid50-goal(33,17)",0.9710882306098938,0.8903218176958806
cka_rl,39,"biggrid50-goal(40,17)",28,"biggrid50-goal(27,17)",0.8027210235595703,0.24675286843609695
cka_rl,39,"biggrid50-goal(40,17)",29,"biggrid50-goal(3,3)",0.7027209401130676,0.08481647666688136
cka_rl,39,"biggrid50-goal(40,17)",30,"biggrid50-goal(9,10)",0.8064624667167664,0.0436974710718147
cka_rl,39,"biggrid50-goal(40,17)",31,"biggrid50-goal(46,17)",0.9700678586959839,0.9167450290194913
cka_rl,39,"biggrid50-goal(40,17)",32,"biggrid50-goal(40,10)",0.6860544681549072,0.08704267478872683
cka_rl,39,"biggrid50-goal(40,17)",33,"biggrid50-goal(46,38)",0.9448978304862976,0.854053735750497
cka_rl,39,"biggrid50-goal(40,17)",34,"biggrid50-goal(27,31)",0.9448979496955872,0.7122558306962099
cka_rl,39,"biggrid50-goal(40,17)",35,"biggrid50-goal(21,31)",0.8727889657020569,0.3703699223880456
cka_rl,39,"biggrid50-goal(40,17)",36,"biggrid50-goal(46,10)",0.9125849604606628,0.7971584667105844
cka_rl,39,"biggrid50-goal(40,17)",37,"biggrid50-goal(9,17)",0.8911563158035278,0.4992169153953254
cka_rl,39,"biggrid50-goal(40,17)",38,"biggrid50-goal(33,24)",0.8952379822731018,0.5409831484589273
cka_rl,39,"biggrid50-goal(40,17)",39,"biggrid50-goal(40,17)",0.9302719831466675,0.7937622459186735
cka_rl,40,"biggrid50-goal(40,38)",0,"biggrid50-goal(40,31)",0.9421768188476562,0.8216158269174544
cka_rl,40,"biggrid50-goal(40,38)",1,"biggrid50-goal(9,31)",0.8336734771728516,0.30042926954983984
cka_rl,40,"biggrid50-goal(40,38)",2,"biggrid50-goal(15,31)",0.8663265109062195,0.33502532050550277
cka_rl,40,"biggrid50-goal(40,38)",3,"biggrid50-goal(9,24)",0.8687074184417725,0.4043209584413807
cka_rl,40,"biggrid50-goal(40,38)",4,"biggrid50-goal(21,17)",0.7452381253242493,0.08991521309576533
cka_rl,40,"biggrid50-goal(40,38)",5,"biggrid50-goal(27,3)",0.7608843445777893,0.2684702955754223
cka_rl,40,"biggrid50-goal(40,38)",6,"biggrid50-goal(3,31)",0.8238094449043274,-0.13596517690352825
cka_rl,40,"biggrid50-goal(40,38)",7,"biggrid50-goal(33,10)",0.8659864068031311,0.5418605996957386
cka_rl,40,"biggrid50-goal(40,38)",8,"biggrid50-goal(27,45)",0.6646258234977722,0.025691539449081854
cka_rl,40,"biggrid50-goal(40,38)",9,"biggrid50-goal(21,45)",0.9649658203125,0.8393128278871153
cka_rl,40,"biggrid50-goal(40,38)",10,"biggrid50-goal(33,3)",0.858163058757782,0.5770785254801041
cka_rl,40,"biggrid50-goal(40,38)",11,"biggrid50-goal(21,24)",0.8857142329216003,0.41666643849265206
cka_rl,40,"biggrid50-goal(40,38)",12,"biggrid50-goal(21,3)",0.884353756904602,0.6355841762458871
cka_rl,40,"biggrid50-goal(40,38)",13,"biggrid50-goal(3,17)",0.7755101919174194,-0.36929437047340696
cka_rl,40,"biggrid50-goal(40,38)",14,"biggrid50-goal(15,45)",0.8350339531898499,0.07969621044476108
cka_rl,40,"biggrid50-goal(40,38)",15,"biggrid50-goal(3,24)",0.8285713195800781,-0.26633210079948855
cka_rl,40,"biggrid50-goal(40,38)",16,"biggrid50-goal(3,10)",0.6993197798728943,0.06355947777693212
cka_rl,40,"biggrid50-goal(40,38)",17,"biggrid50-goal(46,31)",0.8700678944587708,0.6195215104229755
cka_rl,40,"biggrid50-goal(40,38)",18,"biggrid50-goal(46,24)",0.8931971788406372,0.7103318748518805
cka_rl,40,"biggrid50-goal(40,38)",19,"biggrid50-goal(3,45)",0.8914965391159058,0.5383499153990042
cka_rl,40,"biggrid50-goal(40,38)",20,"biggrid50-goal(21,10)",0.7489795684814453,0.05505739090164163
cka_rl,40,"biggrid50-goal(40,38)",21,"biggrid50-goal(40,3)",0.8700678944587708,0.7008611070820023
cka_rl,40,"biggrid50-goal(40,38)",22,"biggrid50-goal(15,38)",0.9534012675285339,0.6962301386086448
cka_rl,40,"biggrid50-goal(40,38)",23,"biggrid50-goal(40,45)",0.840135931968689,0.6444778070532755
cka_rl,40,"biggrid50-goal(40,38)",24,"biggrid50-goal(15,17)",0.9047617316246033,0.5894420067335465
cka_rl,40,"biggrid50-goal(40,38)",25,"biggrid50-goal(15,24)",0.8887754678726196,0.31874991329389024
cka_rl,40,"biggrid50-goal(40,38)",26,"biggrid50-goal(21,38)",0.8663264513015747,0.23242103605893052
cka_rl,40,"biggrid50-goal(40,38)",27,"biggrid50-goal(33,17)",0.9792515635490417,0.9212898122944915
cka_rl,40,"biggrid50-goal(40,38)",28,"biggrid50-goal(27,17)",0.7833332419395447,0.17272678032385744
cka_rl,40,"biggrid50-goal(40,38)",29,"biggrid50-goal(3,3)",0.6833332777023315,0.025130909842904517
cka_rl,40,"biggrid50-goal(40,38)",30,"biggrid50-goal(9,10)",0.7578230500221252,-0.19663832530627548
cka_rl,40,"biggrid50-goal(40,38)",31,"biggrid50-goal(46,17)",0.9129250645637512,0.7578047908686749
cka_rl,40,"biggrid50-goal(40,38)",32,"biggrid50-goal(40,10)",0.6870748400688171,0.09000992840042514
cka_rl,40,"biggrid50-goal(40,38)",33,"biggrid50-goal(46,38)",0.88979572057724,0.7081076293727314
cka_rl,40,"biggrid50-goal(40,38)",34,"biggrid50-goal(27,31)",0.9295917749404907,0.6323266353978064
cka_rl,40,"biggrid50-goal(40,38)",35,"biggrid50-goal(21,31)",0.8367346525192261,0.1919193647549447
cka_rl,40,"biggrid50-goal(40,38)",36,"biggrid50-goal(46,10)",0.7581632137298584,0.4388317526214074
cka_rl,40,"biggrid50-goal(40,38)",37,"biggrid50-goal(9,17)",0.885033905506134,0.4710480828481847
cka_rl,40,"biggrid50-goal(40,38)",38,"biggrid50-goal(33,24)",0.9095236659049988,0.6035761536826282
cka_rl,40,"biggrid50-goal(40,38)",39,"biggrid50-goal(40,17)",0.9370747804641724,0.8138831916094676
cka_rl,40,"biggrid50-goal(40,38)",40,"biggrid50-goal(40,38)",0.7785713076591492,0.3617643819857759
cka_rl,41,"biggrid50-goal(33,38)",0,"biggrid50-goal(40,31)",0.9149658679962158,0.7376702039045074
cka_rl,41,"biggrid50-goal(33,38)",1,"biggrid50-goal(9,31)",0.855102002620697,0.3905578247869258
cka_rl,41,"biggrid50-goal(33,38)",2,"biggrid50-goal(15,31)",0.852040708065033,0.26395889417039803
cka_rl,41,"biggrid50-goal(33,38)",3,"biggrid50-goal(9,24)",0.8435373902320862,0.29012365877673896
cka_rl,41,"biggrid50-goal(33,38)",4,"biggrid50-goal(21,17)",0.7431972622871399,0.0826246465437945
cka_rl,41,"biggrid50-goal(33,38)",5,"biggrid50-goal(27,3)",0.7574828863143921,0.2580641690771722
cka_rl,41,"biggrid50-goal(33,38)",6,"biggrid50-goal(3,31)",0.7925168871879578,-0.3377197819828828
cka_rl,41,"biggrid50-goal(33,38)",7,"biggrid50-goal(33,10)",0.8704080581665039,0.5569764745532562
cka_rl,41,"biggrid50-goal(33,38)",8,"biggrid50-goal(27,45)",0.6636054515838623,0.022727217630987562
cka_rl,41,"biggrid50-goal(33,38)",9,"biggrid50-goal(21,45)",0.8874148726463318,0.48361897159291284
cka_rl,41,"biggrid50-goal(33,38)",10,"biggrid50-goal(33,3)",0.8727890253067017,0.6206894161618514
cka_rl,41,"biggrid50-goal(33,38)",11,"biggrid50-goal(21,24)",0.8836734890937805,0.40625014260875913
cka_rl,41,"biggrid50-goal(33,38)",12,"biggrid50-goal(21,3)",0.7829931378364563,0.3161841464197988
cka_rl,41,"biggrid50-goal(33,38)",13,"biggrid50-goal(3,17)",0.7448979616165161,-0.5560162309297301
cka_rl,41,"biggrid50-goal(33,38)",14,"biggrid50-goal(15,45)",0.8190475702285767,-0.009487770774553634
cka_rl,41,"biggrid50-goal(33,38)",15,"biggrid50-goal(3,24)",0.7955781817436218,-0.5100501848800767
cka_rl,41,"biggrid50-goal(33,38)",16,"biggrid50-goal(3,10)",0.6867347359657288,0.024364531452746162
cka_rl,41,"biggrid50-goal(33,38)",17,"biggrid50-goal(46,31)",0.8537414073944092,0.5717128713458846
cka_rl,41,"biggrid50-goal(33,38)",18,"biggrid50-goal(46,24)",0.8809522390365601,0.6771214341809726
cka_rl,41,"biggrid50-goal(33,38)",19,"biggrid50-goal(3,45)",0.8435373306274414,0.3342976900073443
cka_rl,41,"biggrid50-goal(33,38)",20,"biggrid50-goal(21,10)",0.7510204911231995,0.06274025063700356
cka_rl,41,"biggrid50-goal(33,38)",21,"biggrid50-goal(40,3)",0.8687073588371277,0.6977287856442906
cka_rl,41,"biggrid50-goal(33,38)",22,"biggrid50-goal(15,38)",0.9734693765640259,0.8270510081211541
cka_rl,41,"biggrid50-goal(33,38)",23,"biggrid50-goal(40,45)",0.8442175388336182,0.6535549051231296
cka_rl,41,"biggrid50-goal(33,38)",24,"biggrid50-goal(15,17)",0.885033905506134,0.5043982859596331
cka_rl,41,"biggrid50-goal(33,38)",25,"biggrid50-goal(15,24)",0.8765304684638977,0.2437493109146016
cka_rl,41,"biggrid50-goal(33,38)",26,"biggrid50-goal(21,38)",0.8867346048355103,0.3496085387328463
cka_rl,41,"biggrid50-goal(33,38)",27,"biggrid50-goal(33,17)",0.9670066237449646,0.8748380465096507
cka_rl,41,"biggrid50-goal(33,38)",28,"biggrid50-goal(27,17)",0.7853740453720093,0.18051894023530096
cka_rl,41,"biggrid50-goal(33,38)",29,"biggrid50-goal(3,3)",0.678571343421936,0.010471135978338795
cka_rl,41,"biggrid50-goal(33,38)",30,"biggrid50-goal(9,10)",0.7265306115150452,-0.35125969291901876
cka_rl,41,"biggrid50-goal(33,38)",31,"biggrid50-goal(46,17)",0.9197276830673218,0.776725983320424
cka_rl,41,"biggrid50-goal(33,38)",32,"biggrid50-goal(40,10)",0.6925169825553894,0.1058357432121842
cka_rl,41,"biggrid50-goal(33,38)",33,"biggrid50-goal(46,38)",0.886734664440155,0.6999999684256525
cka_rl,41,"biggrid50-goal(33,38)",34,"biggrid50-goal(27,31)",0.927210807800293,0.6198931704339636
cka_rl,41,"biggrid50-goal(33,38)",35,"biggrid50-goal(21,31)",0.8557822108268738,0.28619511435284234
cka_rl,41,"biggrid50-goal(33,38)",36,"biggrid50-goal(46,10)",0.7598638534545898,0.442777988545515
cka_rl,41,"biggrid50-goal(33,38)",37,"biggrid50-goal(9,17)",0.8659862279891968,0.3834108922118527
cka_rl,41,"biggrid50-goal(33,38)",38,"biggrid50-goal(33,24)",0.8836734294891357,0.4903128318350646
cka_rl,41,"biggrid50-goal(33,38)",39,"biggrid50-goal(40,17)",0.9448978304862976,0.837021785526783
cka_rl,41,"biggrid50-goal(33,38)",40,"biggrid50-goal(40,38)",0.7289114594459534,0.2186271779505682
cka_rl,41,"biggrid50-goal(33,38)",41,"biggrid50-goal(33,38)",0.8564624786376953,0.4859922997883061
cka_rl,42,"biggrid50-goal(9,45)",0,"biggrid50-goal(40,31)",0.9102039933204651,0.7229798485932263
cka_rl,42,"biggrid50-goal(9,45)",1,"biggrid50-goal(9,31)",0.8670066595077515,0.4406289100995796
cka_rl,42,"biggrid50-goal(9,45)",2,"biggrid50-goal(15,31)",0.8598638772964478,0.3028761805190889
cka_rl,42,"biggrid50-goal(9,45)",3,"biggrid50-goal(9,24)",0.8768706917762756,0.44135801551014825
cka_rl,42,"biggrid50-goal(9,45)",4,"biggrid50-goal(21,17)",0.7499999403953552,0.1069258252989473
cka_rl,42,"biggrid50-goal(9,45)",5,"biggrid50-goal(27,3)",0.7377550005912781,0.1977103859404327
cka_rl,42,"biggrid50-goal(9,45)",6,"biggrid50-goal(3,31)",0.8840134739875793,0.25219229561663853
cka_rl,42,"biggrid50-goal(9,45)",7,"biggrid50-goal(33,10)",0.8639455437660217,0.5348836972366657
cka_rl,42,"biggrid50-goal(9,45)",8,"biggrid50-goal(27,45)",0.6642857193946838,0.02470348989630155
cka_rl,42,"biggrid50-goal(9,45)",9,"biggrid50-goal(21,45)",0.8972787857055664,0.5288606273015317
cka_rl,42,"biggrid50-goal(9,45)",10,"biggrid50-goal(33,3)",0.822108805179596,0.4695739645916883
cka_rl,42,"biggrid50-goal(9,45)",11,"biggrid50-goal(21,24)",0.8690475225448608,0.33159677696598533
cka_rl,42,"biggrid50-goal(9,45)",12,"biggrid50-goal(21,3)",0.7612245082855225,0.24758846308871307
cka_rl,42,"biggrid50-goal(9,45)",13,"biggrid50-goal(3,17)",0.764285683631897,-0.43775919806613295
cka_rl,42,"biggrid50-goal(9,45)",14,"biggrid50-goal(15,45)",0.8190475702285767,-0.009487770774553634
cka_rl,42,"biggrid50-goal(9,45)",15,"biggrid50-goal(3,24)",0.8411563634872437,-0.17336723021554226
cka_rl,42,"biggrid50-goal(9,45)",16,"biggrid50-goal(3,10)",0.6738094687461853,-0.015890008669066286
cka_rl,42,"biggrid50-goal(9,45)",17,"biggrid50-goal(46,31)",0.8360543847084045,0.519920193557328
cka_rl,42,"biggrid50-goal(9,45)",18,"biggrid50-goal(46,24)",0.8843536376953125,0.6863466284377048
cka_rl,42,"biggrid50-goal(9,45)",19,"biggrid50-goal(3,45)",0.9105440974235535,0.619391633631026
cka_rl,42,"biggrid50-goal(9,45)",20,"biggrid50-goal(21,10)",0.7510204315185547,0.06274002626097086
cka_rl,42,"biggrid50-goal(9,45)",21,"biggrid50-goal(40,3)",0.8037413358688354,0.5481594077983085
cka_rl,42,"biggrid50-goal(9,45)",22,"biggrid50-goal(15,38)",0.9513604640960693,0.6829264596687427
cka_rl,42,"biggrid50-goal(9,45)",23,"biggrid50-goal(40,45)",0.8727889657020569,0.7170949892769671
cka_rl,42,"biggrid50-goal(9,45)",24,"biggrid50-goal(15,17)",0.881292462348938,0.48826948163819994
cka_rl,42,"biggrid50-goal(9,45)",25,"biggrid50-goal(15,24)",0.8880951404571533,0.3145829089297436
cka_rl,42,"biggrid50-goal(9,45)",26,"biggrid50-goal(21,38)",0.874829888343811,0.2812493903472069
cka_rl,42,"biggrid50-goal(9,45)",27,"biggrid50-goal(33,17)",0.9030611515045166,0.6322578340266714
cka_rl,42,"biggrid50-goal(9,45)",28,"biggrid50-goal(27,17)",0.7846937775611877,0.17792155359815312
cka_rl,42,"biggrid50-goal(9,45)",29,"biggrid50-goal(3,3)",0.6778910756111145,0.008376908782671036
cka_rl,42,"biggrid50-goal(9,45)",30,"biggrid50-goal(9,10)",0.7554420828819275,-0.20840309702181575
cka_rl,42,"biggrid50-goal(9,45)",31,"biggrid50-goal(46,17)",0.8962583541870117,0.7114470487124258
cka_rl,42,"biggrid50-goal(9,45)",32,"biggrid50-goal(40,10)",0.6812924742698669,0.07319474016641164
cka_rl,42,"biggrid50-goal(9,45)",33,"biggrid50-goal(46,38)",0.8238093256950378,0.533332880767686
cka_rl,42,"biggrid50-goal(9,45)",34,"biggrid50-goal(27,31)",0.881292462348938,0.3801065183092156
cka_rl,42,"biggrid50-goal(9,45)",35,"biggrid50-goal(21,31)",0.8408162593841553,0.21212124788033337
cka_rl,42,"biggrid50-goal(9,45)",36,"biggrid50-goal(46,10)",0.7561224102973938,0.43409618652700394
cka_rl,42,"biggrid50-goal(9,45)",37,"biggrid50-goal(9,17)",0.8799318671226501,0.4475739186069184
cka_rl,42,"biggrid50-goal(9,45)",38,"biggrid50-goal(33,24)",0.9064626097679138,0.5901640757089289
cka_rl,42,"biggrid50-goal(9,45)",39,"biggrid50-goal(40,17)",0.8795918226242065,0.6438632102897274
cka_rl,42,"biggrid50-goal(9,45)",40,"biggrid50-goal(40,38)",0.7054421901702881,0.15098046323557077
cka_rl,42,"biggrid50-goal(9,45)",41,"biggrid50-goal(33,38)",0.8421767354011536,0.4348350695593189
cka_rl,42,"biggrid50-goal(9,45)",42,"biggrid50-goal(9,45)",0.9863943457603455,0.9435019508799999
cka_rl,43,"biggrid50-goal(9,38)",0,"biggrid50-goal(40,31)",0.921428382396698,0.7576070227441145
cka_rl,43,"biggrid50-goal(9,38)",1,"biggrid50-goal(9,31)",0.8908161520957947,0.5407718328177736
cka_rl,43,"biggrid50-goal(9,38)",2,"biggrid50-goal(15,31)",0.8408162593841553,0.20812153842641337
cka_rl,43,"biggrid50-goal(9,38)",3,"biggrid50-goal(9,24)",0.9023808836936951,0.5570986498323209
cka_rl,43,"biggrid50-goal(9,38)",4,"biggrid50-goal(21,17)",0.7520408034324646,0.11421639185091813
cka_rl,43,"biggrid50-goal(9,38)",5,"biggrid50-goal(27,3)",0.7326529026031494,0.18210146971698116
cka_rl,43,"biggrid50-goal(9,38)",6,"biggrid50-goal(3,31)",0.9027208685874939,0.3728057348816243
cka_rl,43,"biggrid50-goal(9,38)",7,"biggrid50-goal(33,10)",0.8448979258537292,0.4697674352262664
cka_rl,43,"biggrid50-goal(9,38)",8,"biggrid50-goal(27,45)",0.6710883975028992,0.04446621254944144
cka_rl,43,"biggrid50-goal(9,38)",9,"biggrid50-goal(21,45)",0.9414964914321899,0.7316688035998895
cka_rl,43,"biggrid50-goal(9,38)",10,"biggrid50-goal(33,3)",0.8353740572929382,0.5091275529200794
cka_rl,43,"biggrid50-goal(9,38)",11,"biggrid50-goal(21,24)",0.86530601978302,0.3124995246374695
cka_rl,43,"biggrid50-goal(9,38)",12,"biggrid50-goal(21,3)",0.7758502960205078,0.29367615554492904
cka_rl,43,"biggrid50-goal(9,38)",13,"biggrid50-goal(3,17)",0.8146257996559143,-0.13070544774483367
cka_rl,43,"biggrid50-goal(9,38)",14,"biggrid50-goal(15,45)",0.8605440855026245,0.22201077694777288
cka_rl,43,"biggrid50-goal(9,38)",15,"biggrid50-goal(3,24)",0.8843536376953125,0.14572812105660352
cka_rl,43,"biggrid50-goal(9,38)",16,"biggrid50-goal(3,10)",0.7054421901702881,0.08262715404021184
cka_rl,43,"biggrid50-goal(9,38)",17,"biggrid50-goal(46,31)",0.8333332538604736,0.5119519415948931
cka_rl,43,"biggrid50-goal(9,38)",18,"biggrid50-goal(46,24)",0.8350339531898499,0.5525829282983876
cka_rl,43,"biggrid50-goal(9,38)",19,"biggrid50-goal(3,45)",0.8976188898086548,0.5643987040020125
cka_rl,43,"biggrid50-goal(9,38)",20,"biggrid50-goal(21,10)",0.7448979616165161,0.03969256893504852
cka_rl,43,"biggrid50-goal(9,38)",21,"biggrid50-goal(40,3)",0.7945577502250671,0.5270163067067715
cka_rl,43,"biggrid50-goal(9,38)",22,"biggrid50-goal(15,38)",0.9499999284744263,0.6740573403754747
cka_rl,43,"biggrid50-goal(9,38)",23,"biggrid50-goal(40,45)",0.8408161997795105,0.6459906567315846
cka_rl,43,"biggrid50-goal(9,38)",24,"biggrid50-goal(15,17)",0.8683673143386841,0.43255109321848156
cka_rl,43,"biggrid50-goal(9,38)",25,"biggrid50-goal(15,24)",0.885374128818512,0.2979167168649407
cka_rl,43,"biggrid50-goal(9,38)",26,"biggrid50-goal(21,38)",0.8724489212036133,0.2675774237655921
cka_rl,43,"biggrid50-goal(9,38)",27,"biggrid50-goal(33,17)",0.9020407199859619,0.6283867781735761
cka_rl,43,"biggrid50-goal(9,38)",28,"biggrid50-goal(27,17)",0.777550995349884,0.15064910769880602
cka_rl,43,"biggrid50-goal(9,38)",29,"biggrid50-goal(3,3)",0.6761904358863831,0.0031414325409473438
cka_rl,43,"biggrid50-goal(9,38)",30,"biggrid50-goal(9,10)",0.7921768426895142,-0.026890275670754856
cka_rl,43,"biggrid50-goal(9,38)",31,"biggrid50-goal(46,17)",0.8744897246360779,0.6508985365581929
cka_rl,43,"biggrid50-goal(9,38)",32,"biggrid50-goal(40,10)",0.6690475940704346,0.03758648350894076
cka_rl,43,"biggrid50-goal(9,38)",33,"biggrid50-goal(46,38)",0.8108842968940735,0.4990990259945288
cka_rl,43,"biggrid50-goal(9,38)",34,"biggrid50-goal(27,31)",0.8748300075531006,0.3463594312839873
cka_rl,43,"biggrid50-goal(9,38)",35,"biggrid50-goal(21,31)",0.8380952477455139,0.1986536208094914
cka_rl,43,"biggrid50-goal(9,38)",36,"biggrid50-goal(46,10)",0.7108843326568604,0.3291238490433365
cka_rl,43,"biggrid50-goal(9,38)",37,"biggrid50-goal(9,17)",0.8670068383216858,0.3881066574669194
cka_rl,43,"biggrid50-goal(9,38)",38,"biggrid50-goal(33,24)",0.882652997970581,0.4858417909652591
cka_rl,43,"biggrid50-goal(9,38)",39,"biggrid50-goal(40,17)",0.899319589138031,0.7022129302797561
cka_rl,43,"biggrid50-goal(9,38)",40,"biggrid50-goal(40,38)",0.788095235824585,0.3892157032862385
cka_rl,43,"biggrid50-goal(9,38)",41,"biggrid50-goal(33,38)",0.7758502960205078,0.19732016582050285
cka_rl,43,"biggrid50-goal(9,38)",42,"biggrid50-goal(9,45)",0.9880951046943665,0.9505644235919359
cka_rl,43,"biggrid50-goal(9,38)",43,"biggrid50-goal(9,38)",0.9020407199859619,0.6043952869744766
cka_rl,44,"biggrid50-goal(9,3)",0,"biggrid50-goal(40,31)",0.8931971192359924,0.6705137422701455
cka_rl,44,"biggrid50-goal(9,3)",1,"biggrid50-goal(9,31)",0.8687074184417725,0.4477823162405183
cka_rl,44,"biggrid50-goal(9,3)",2,"biggrid50-goal(15,31)",0.837074875831604,0.1895095806957498
cka_rl,44,"biggrid50-goal(9,3)",3,"biggrid50-goal(9,24)",0.8887754678726196,0.4953704016699492
cka_rl,44,"biggrid50-goal(9,3)",4,"biggrid50-goal(21,17)",0.7499999403953552,0.1069258252989473
cka_rl,44,"biggrid50-goal(9,3)",5,"biggrid50-goal(27,3)",0.7782313227653503,0.3215401366270233
cka_rl,44,"biggrid50-goal(9,3)",6,"biggrid50-goal(3,31)",0.8979589939117432,0.3421041810696489
cka_rl,44,"biggrid50-goal(9,3)",7,"biggrid50-goal(33,10)",0.8877550959587097,0.6162791266320022
cka_rl,44,"biggrid50-goal(9,3)",8,"biggrid50-goal(27,45)",0.6619047522544861,0.0177864503878259
cka_rl,44,"biggrid50-goal(9,3)",9,"biggrid50-goal(21,45)",0.9278910160064697,0.6692661616396338
cka_rl,44,"biggrid50-goal(9,3)",10,"biggrid50-goal(33,3)",0.9224488735198975,0.768762379712955
cka_rl,44,"biggrid50-goal(9,3)",11,"biggrid50-goal(21,24)",0.8585034012794495,0.2777778284831144
cka_rl,44,"biggrid50-goal(9,3)",12,"biggrid50-goal(21,3)",0.8051019906997681,0.38585191610079117
cka_rl,44,"biggrid50-goal(9,3)",13,"biggrid50-goal(3,17)",0.8163264989852905,-0.12033188986497614
cka_rl,44,"biggrid50-goal(9,3)",14,"biggrid50-goal(15,45)",0.883673369884491,0.35104319590868355
cka_rl,44,"biggrid50-goal(9,3)",15,"biggrid50-goal(3,24)",0.9115644693374634,0.3467326992491201
cka_rl,44,"biggrid50-goal(9,3)",16,"biggrid50-goal(3,10)",0.7153059840202332,0.1133470206813849
cka_rl,44,"biggrid50-goal(9,3)",17,"biggrid50-goal(46,31)",0.849319577217102,0.5587644837243658
cka_rl,44,"biggrid50-goal(9,3)",18,"biggrid50-goal(46,24)",0.8748298287391663,0.6605163755038486
cka_rl,44,"biggrid50-goal(9,3)",19,"biggrid50-goal(3,45)",0.8778910040855408,0.4804623941473153
cka_rl,44,"biggrid50-goal(9,3)",20,"biggrid50-goal(21,10)",0.7598639726638794,0.09603069823128861
cka_rl,44,"biggrid50-goal(9,3)",21,"biggrid50-goal(40,3)",0.8874148726463318,0.7407985484779094
cka_rl,44,"biggrid50-goal(9,3)",22,"biggrid50-goal(15,38)",0.935033917427063,0.5764962510427801
cka_rl,44,"biggrid50-goal(9,3)",23,"biggrid50-goal(40,45)",0.8343536257743835,0.6316185185101725
cka_rl,44,"biggrid50-goal(9,3)",24,"biggrid50-goal(15,17)",0.9125849604606628,0.6231667813077407
cka_rl,44,"biggrid50-goal(9,3)",25,"biggrid50-goal(15,24)",0.9030611515045166,0.40624970337383515
cka_rl,44,"biggrid50-goal(9,3)",26,"biggrid50-goal(21,38)",0.8605442047119141,0.19921827537995274
cka_rl,44,"biggrid50-goal(9,3)",27,"biggrid50-goal(33,17)",0.9357141852378845,0.7561286818557371
cka_rl,44,"biggrid50-goal(9,3)",28,"biggrid50-goal(27,17)",0.7955782413482666,0.21948042253674985
cka_rl,44,"biggrid50-goal(9,3)",29,"biggrid50-goal(3,3)",0.6976190805435181,0.0691102314366017
cka_rl,44,"biggrid50-goal(9,3)",30,"biggrid50-goal(9,10)",0.8040816783905029,0.031933582906946506
cka_rl,44,"biggrid50-goal(9,3)",31,"biggrid50-goal(46,17)",0.8969385623931885,0.7133390187486074
cka_rl,44,"biggrid50-goal(9,3)",32,"biggrid50-goal(40,10)",0.6918367147445679,0.10385751636071432
cka_rl,44,"biggrid50-goal(9,3)",33,"biggrid50-goal(46,38)",0.8309522867202759,0.552252071908682
cka_rl,44,"biggrid50-goal(9,3)",34,"biggrid50-goal(27,31)",0.9561223387718201,0.7708698476491239
cka_rl,44,"biggrid50-goal(9,3)",35,"biggrid50-goal(21,31)",0.8622448444366455,0.31818187182050006
cka_rl,44,"biggrid50-goal(9,3)",36,"biggrid50-goal(46,10)",0.7608842849731445,0.44514584074727864
cka_rl,44,"biggrid50-goal(9,3)",37,"biggrid50-goal(9,17)",0.8588433861732483,0.3505471171215395
cka_rl,44,"biggrid50-goal(9,3)",38,"biggrid50-goal(33,24)",0.8785713315010071,0.46795788864496646
cka_rl,44,"biggrid50-goal(9,3)",39,"biggrid50-goal(40,17)",0.9224488735198975,0.7706234757059661
cka_rl,44,"biggrid50-goal(9,3)",40,"biggrid50-goal(40,38)",0.6996597647666931,0.13431347300919294
cka_rl,44,"biggrid50-goal(9,3)",41,"biggrid50-goal(33,38)",0.7527210712432861,0.11449443828539449
cka_rl,44,"biggrid50-goal(9,3)",42,"biggrid50-goal(9,45)",0.9816324710845947,0.9237280668318719
cka_rl,44,"biggrid50-goal(9,3)",43,"biggrid50-goal(9,38)",0.886054277420044,0.5398346652275358
cka_rl,44,"biggrid50-goal(9,3)",44,"biggrid50-goal(9,3)",0.6877550482749939,0.1104649316666511
cka_rl,45,"biggrid50-goal(40,24)",0,"biggrid50-goal(40,31)",0.8846938014030457,0.6442810568685607
cka_rl,45,"biggrid50-goal(40,24)",1,"biggrid50-goal(9,31)",0.8544216752052307,0.3876963620514988
cka_rl,45,"biggrid50-goal(40,24)",2,"biggrid50-goal(15,31)",0.8465985655784607,0.23688630872129002
cka_rl,45,"biggrid50-goal(40,24)",3,"biggrid50-goal(9,24)",0.8768707513809204,0.44135828593850945
cka_rl,45,"biggrid50-goal(40,24)",4,"biggrid50-goal(21,17)",0.7387754321098328,0.06682856096480769
cka_rl,45,"biggrid50-goal(40,24)",5,"biggrid50-goal(27,3)",0.7646257877349854,0.27991654238043495
cka_rl,45,"biggrid50-goal(40,24)",6,"biggrid50-goal(3,31)",0.8785713315010071,0.21710480554580946
cka_rl,45,"biggrid50-goal(40,24)",7,"biggrid50-goal(33,10)",0.88979572057724,0.6232552140323766
cka_rl,45,"biggrid50-goal(40,24)",8,"biggrid50-goal(27,45)",0.6680272221565247,0.03557307393540518
cka_rl,45,"biggrid50-goal(40,24)",9,"biggrid50-goal(21,45)",0.9476190209388733,0.7597502932018185
cka_rl,45,"biggrid50-goal(40,24)",10,"biggrid50-goal(33,3)",0.8857141733169556,0.6592289010591569
cka_rl,45,"biggrid50-goal(40,24)",11,"biggrid50-goal(21,24)",0.9125849604606628,0.5538191005988807
cka_rl,45,"biggrid50-goal(40,24)",12,"biggrid50-goal(21,3)",0.8098638653755188,0.400857180743466
cka_rl,45,"biggrid50-goal(40,24)",13,"biggrid50-goal(3,17)",0.8122448325157166,-0.14522835606393047
cka_rl,45,"biggrid50-goal(40,24)",14,"biggrid50-goal(15,45)",0.8778911232948303,0.3187855068174752
cka_rl,45,"biggrid50-goal(40,24)",15,"biggrid50-goal(3,24)",0.8741495609283447,0.07035129416053702
cka_rl,45,"biggrid50-goal(40,24)",16,"biggrid50-goal(3,10)",0.6846939325332642,0.018008639364986253
cka_rl,45,"biggrid50-goal(40,24)",17,"biggrid50-goal(46,31)",0.849319577217102,0.5587644837243658
cka_rl,45,"biggrid50-goal(40,24)",18,"biggrid50-goal(46,24)",0.914965808391571,0.7693722451399848
cka_rl,45,"biggrid50-goal(40,24)",19,"biggrid50-goal(3,45)",0.8700678944587708,0.44717738008772534
cka_rl,45,"biggrid50-goal(40,24)",20,"biggrid50-goal(21,10)",0.7571429014205933,0.08578748358689321
cka_rl,45,"biggrid50-goal(40,24)",21,"biggrid50-goal(40,3)",0.8687073588371277,0.6977287856442906
cka_rl,45,"biggrid50-goal(40,24)",22,"biggrid50-goal(15,38)",0.9387752413749695,0.6008853577158346
cka_rl,45,"biggrid50-goal(40,24)",23,"biggrid50-goal(40,45)",0.871768593788147,0.71482578103698
cka_rl,45,"biggrid50-goal(40,24)",24,"biggrid50-goal(15,17)",0.9071428179740906,0.5997065154243848
cka_rl,45,"biggrid50-goal(40,24)",25,"biggrid50-goal(15,24)",0.8710883855819702,0.21041656170663908
cka_rl,45,"biggrid50-goal(40,24)",26,"biggrid50-goal(21,38)",0.8636053800582886,0.21679612697206635
cka_rl,45,"biggrid50-goal(40,24)",27,"biggrid50-goal(33,17)",0.9578229188919067,0.8399992221710202
cka_rl,45,"biggrid50-goal(40,24)",28,"biggrid50-goal(27,17)",0.7976189851760864,0.22727235486678293
cka_rl,45,"biggrid50-goal(40,24)",29,"biggrid50-goal(3,3)",0.6928570866584778,0.054450274077144555
cka_rl,45,"biggrid50-goal(40,24)",30,"biggrid50-goal(9,10)",0.7748299241065979,-0.11260440991921107
cka_rl,45,"biggrid50-goal(40,24)",31,"biggrid50-goal(46,17)",0.8945577144622803,0.7067167920464312
cka_rl,45,"biggrid50-goal(40,24)",32,"biggrid50-goal(40,10)",0.7095239162445068,0.15529210782298328
cka_rl,45,"biggrid50-goal(40,24)",33,"biggrid50-goal(46,38)",0.8863943815231323,0.6990986786767065
cka_rl,45,"biggrid50-goal(40,24)",34,"biggrid50-goal(27,31)",0.9646256566047668,0.8152743682186866
cka_rl,45,"biggrid50-goal(40,24)",35,"biggrid50-goal(21,31)",0.8591836094856262,0.30303031197008334
cka_rl,45,"biggrid50-goal(40,24)",36,"biggrid50-goal(46,10)",0.7530611157417297,0.4269926299217129
cka_rl,45,"biggrid50-goal(40,24)",37,"biggrid50-goal(9,17)",0.8721087574958801,0.4115802732335896
cka_rl,45,"biggrid50-goal(40,24)",38,"biggrid50-goal(33,24)",0.8761903643608093,0.45752563405470653
cka_rl,45,"biggrid50-goal(40,24)",39,"biggrid50-goal(40,17)",0.9207482933998108,0.7655935918740517
cka_rl,45,"biggrid50-goal(40,24)",40,"biggrid50-goal(40,38)",0.7717686891555786,0.342156835290526
cka_rl,45,"biggrid50-goal(40,24)",41,"biggrid50-goal(33,38)",0.7663265466690063,0.16321563026006464
cka_rl,45,"biggrid50-goal(40,24)",42,"biggrid50-goal(9,45)",0.9687073230743408,0.8700558483333118
cka_rl,45,"biggrid50-goal(40,24)",43,"biggrid50-goal(9,38)",0.8765304684638977,0.5013731360241135
cka_rl,45,"biggrid50-goal(40,24)",44,"biggrid50-goal(9,3)",0.6938775181770325,0.1279068523529307
cka_rl,45,"biggrid50-goal(40,24)",45,"biggrid50-goal(40,24)",0.9636052846908569,0.8511815381870675
cka_rl,46,"biggrid50-goal(33,31)",0,"biggrid50-goal(40,31)",0.8942176103591919,0.6736619513711011
cka_rl,46,"biggrid50-goal(33,31)",1,"biggrid50-goal(9,31)",0.8673468828201294,0.4420598921649219
cka_rl,46,"biggrid50-goal(33,31)",2,"biggrid50-goal(15,31)",0.8581631779670715,0.29441584931104325
cka_rl,46,"biggrid50-goal(33,31)",3,"biggrid50-goal(9,24)",0.8921768665313721,0.510802666531813
cka_rl,46,"biggrid50-goal(33,31)",4,"biggrid50-goal(21,17)",0.7462584972381592,0.09356028344632576
cka_rl,46,"biggrid50-goal(33,31)",5,"biggrid50-goal(27,3)",0.7595237493515015,0.2643078085062658
cka_rl,46,"biggrid50-goal(33,31)",6,"biggrid50-goal(3,31)",0.8666666150093079,0.14035072886935998
cka_rl,46,"biggrid50-goal(33,31)",7,"biggrid50-goal(33,10)",0.8690475225448608,0.552325342090324
cka_rl,46,"biggrid50-goal(33,31)",8,"biggrid50-goal(27,45)",0.6687074899673462,0.03754934620071917
cka_rl,46,"biggrid50-goal(33,31)",9,"biggrid50-goal(21,45)",0.9438773989677429,0.7425890335685327
cka_rl,46,"biggrid50-goal(33,31)",10,"biggrid50-goal(33,3)",0.8891154527664185,0.6693706462732232
cka_rl,46,"biggrid50-goal(33,31)",11,"biggrid50-goal(21,24)",0.8823128342628479,0.3993051340674452
cka_rl,46,"biggrid50-goal(33,31)",12,"biggrid50-goal(21,3)",0.7972788214683533,0.3612001281695384
cka_rl,46,"biggrid50-goal(33,31)",13,"biggrid50-goal(3,17)",0.807823121547699,-0.17219895213722633
cka_rl,46,"biggrid50-goal(33,31)",14,"biggrid50-goal(15,45)",0.8982992768287659,0.432637426035257
cka_rl,46,"biggrid50-goal(33,31)",15,"biggrid50-goal(3,24)",0.8676869869232178,0.02261269583242706
cka_rl,46,"biggrid50-goal(33,31)",16,"biggrid50-goal(3,10)",0.7149659395217896,0.11228798378309142
cka_rl,46,"biggrid50-goal(33,31)",17,"biggrid50-goal(46,31)",0.8309522867202759,0.5049797865800765
cka_rl,46,"biggrid50-goal(33,31)",18,"biggrid50-goal(46,24)",0.8996597528457642,0.7278595176180098
cka_rl,46,"biggrid50-goal(33,31)",19,"biggrid50-goal(3,45)",0.8670066595077515,0.43415273218611405
cka_rl,46,"biggrid50-goal(33,31)",20,"biggrid50-goal(21,10)",0.7595239281654358,0.09475063296478822
cka_rl,46,"biggrid50-goal(33,31)",21,"biggrid50-goal(40,3)",0.8595237135887146,0.6765855473267203
cka_rl,46,"biggrid50-goal(33,31)",22,"biggrid50-goal(15,38)",0.9510203003883362,0.6807089855687392
cka_rl,46,"biggrid50-goal(33,31)",23,"biggrid50-goal(40,45)",0.8333331942558289,0.6293491777152325
cka_rl,46,"biggrid50-goal(33,31)",24,"biggrid50-goal(15,17)",0.907482922077179,0.6011726535687205
cka_rl,46,"biggrid50-goal(33,31)",25,"biggrid50-goal(15,24)",0.8755101561546326,0.23749989960345189
cka_rl,46,"biggrid50-goal(33,31)",26,"biggrid50-goal(21,38)",0.8540815711021423,0.16210860290682452
cka_rl,46,"biggrid50-goal(33,31)",27,"biggrid50-goal(33,17)",0.9357141852378845,0.7561286818557371
cka_rl,46,"biggrid50-goal(33,31)",28,"biggrid50-goal(27,17)",0.7846938967704773,0.17792200876097397
cka_rl,46,"biggrid50-goal(33,31)",29,"biggrid50-goal(3,3)",0.6945577263832092,0.05968575031886825
cka_rl,46,"biggrid50-goal(33,31)",30,"biggrid50-goal(9,10)",0.7496598362922668,-0.2369741805877438
cka_rl,46,"biggrid50-goal(33,31)",31,"biggrid50-goal(46,17)",0.8989794850349426,0.7190157577960041
cka_rl,46,"biggrid50-goal(33,31)",32,"biggrid50-goal(40,10)",0.6904762387275696,0.09990123598878756
cka_rl,46,"biggrid50-goal(33,31)",33,"biggrid50-goal(46,38)",0.8962584137916565,0.7252250303745222
cka_rl,46,"biggrid50-goal(33,31)",34,"biggrid50-goal(27,31)",0.935033917427063,0.6607456281645092
cka_rl,46,"biggrid50-goal(33,31)",35,"biggrid50-goal(21,31)",0.8731292486190796,0.3720541501803708
cka_rl,46,"biggrid50-goal(33,31)",36,"biggrid50-goal(46,10)",0.7459182739257812,0.41041807943673886
cka_rl,46,"biggrid50-goal(33,31)",37,"biggrid50-goal(9,17)",0.8680270910263062,0.3928007772981977
cka_rl,46,"biggrid50-goal(33,31)",38,"biggrid50-goal(33,24)",0.8823128342628479,0.4843513569556808
cka_rl,46,"biggrid50-goal(33,31)",39,"biggrid50-goal(40,17)",0.927210807800293,0.7847080671713651
cka_rl,46,"biggrid50-goal(33,31)",40,"biggrid50-goal(40,38)",0.7122448682785034,0.1705881817324372
cka_rl,46,"biggrid50-goal(33,31)",41,"biggrid50-goal(33,38)",0.7809522747993469,0.215590346005798
cka_rl,46,"biggrid50-goal(33,31)",42,"biggrid50-goal(9,45)",0.9795916080474854,0.9152532975861758
cka_rl,46,"biggrid50-goal(33,31)",43,"biggrid50-goal(9,38)",0.8727890849113464,0.4862637051829175
cka_rl,46,"biggrid50-goal(33,31)",44,"biggrid50-goal(9,3)",0.6823129057884216,0.0949611531045678
cka_rl,46,"biggrid50-goal(33,31)",45,"biggrid50-goal(40,24)",0.9642856121063232,0.8539634057917148
cka_rl,46,"biggrid50-goal(33,31)",46,"biggrid50-goal(33,31)",0.9639455080032349,0.8398788477833364
cka_rl,47,"biggrid50-goal(46,45)",0,"biggrid50-goal(40,31)",0.8782311081886292,0.6243436863890202
cka_rl,47,"biggrid50-goal(46,45)",1,"biggrid50-goal(9,31)",0.8503400683403015,0.3705290898247097
cka_rl,47,"biggrid50-goal(46,45)",2,"biggrid50-goal(15,31)",0.8517006635665894,0.2622673023454269
cka_rl,47,"biggrid50-goal(46,45)",3,"biggrid50-goal(9,24)",0.8608842492103577,0.36882696560178285
cka_rl,47,"biggrid50-goal(46,45)",4,"biggrid50-goal(21,17)",0.7523809671401978,0.11543155725138828
cka_rl,47,"biggrid50-goal(46,45)",5,"biggrid50-goal(27,3)",0.7445576786994934,0.2185219095398033
cka_rl,47,"biggrid50-goal(46,45)",6,"biggrid50-goal(3,31)",0.8125849366188049,-0.20833370161414597
cka_rl,47,"biggrid50-goal(46,45)",7,"biggrid50-goal(33,10)",0.8670067191123962,0.5453486433959258
cka_rl,47,"biggrid50-goal(46,45)",8,"biggrid50-goal(27,45)",0.6721087694168091,0.047430534367535734
cka_rl,47,"biggrid50-goal(46,45)",9,"biggrid50-goal(21,45)",0.9510203003883362,0.775350543619409
cka_rl,47,"biggrid50-goal(46,45)",10,"biggrid50-goal(33,3)",0.8241495490074158,0.4756589406298069
cka_rl,47,"biggrid50-goal(46,45)",11,"biggrid50-goal(21,24)",0.8649659752845764,0.3107638809661801
cka_rl,47,"biggrid50-goal(46,45)",12,"biggrid50-goal(21,3)",0.8700678944587708,0.5905676310310022
cka_rl,47,"biggrid50-goal(46,45)",13,"biggrid50-goal(3,17)",0.7707481980323792,-0.39834055067511925
cka_rl,47,"biggrid50-goal(46,45)",14,"biggrid50-goal(15,45)",0.8670067191123962,0.2580641728833905
cka_rl,47,"biggrid50-goal(46,45)",15,"biggrid50-goal(3,24)",0.8132652640342712,-0.3793969008480972
cka_rl,47,"biggrid50-goal(46,45)",16,"biggrid50-goal(3,10)",0.6802721619606018,0.004237447024950947
cka_rl,47,"biggrid50-goal(46,45)",17,"biggrid50-goal(46,31)",0.859863817691803,0.5896410455474798
cka_rl,47,"biggrid50-goal(46,45)",18,"biggrid50-goal(46,24)",0.8904760479927063,0.7029516871148288
cka_rl,47,"biggrid50-goal(46,45)",19,"biggrid50-goal(3,45)",0.8530610799789429,0.3748184223233016
cka_rl,47,"biggrid50-goal(46,45)",20,"biggrid50-goal(21,10)",0.7534013390541077,0.0717027268868005
cka_rl,47,"biggrid50-goal(46,45)",21,"biggrid50-goal(40,3)",0.8156461119651794,0.5755674262173356
cka_rl,47,"biggrid50-goal(46,45)",22,"biggrid50-goal(15,38)",0.9329931139945984,0.5631925721028781
cka_rl,47,"biggrid50-goal(46,45)",23,"biggrid50-goal(40,45)",0.8666665554046631,0.703479342172186
cka_rl,47,"biggrid50-goal(46,45)",24,"biggrid50-goal(15,17)",0.8976190090179443,0.5586507931817639
cka_rl,47,"biggrid50-goal(46,45)",25,"biggrid50-goal(15,24)",0.8792516589164734,0.26041659821447477
cka_rl,47,"biggrid50-goal(46,45)",26,"biggrid50-goal(21,38)",0.8561224341392517,0.17382762698318985
cka_rl,47,"biggrid50-goal(46,45)",27,"biggrid50-goal(33,17)",0.9047618508338928,0.6387095184108049
cka_rl,47,"biggrid50-goal(46,45)",28,"biggrid50-goal(27,17)",0.7935373187065125,0.21168780746248547
cka_rl,47,"biggrid50-goal(46,45)",29,"biggrid50-goal(3,3)",0.677210807800293,0.006282681587003277
cka_rl,47,"biggrid50-goal(46,45)",30,"biggrid50-goal(9,10)",0.7285712957382202,-0.34117631813243304
cka_rl,47,"biggrid50-goal(46,45)",31,"biggrid50-goal(46,17)",0.905782163143158,0.7379371160355237
cka_rl,47,"biggrid50-goal(46,45)",32,"biggrid50-goal(40,10)",0.6799319386482239,0.06923828646347188
cka_rl,47,"biggrid50-goal(46,45)",33,"biggrid50-goal(46,38)",0.8931971192359924,0.7171167379404937
cka_rl,47,"biggrid50-goal(46,45)",34,"biggrid50-goal(27,31)",0.9591835737228394,0.7868556867088046
cka_rl,47,"biggrid50-goal(46,45)",35,"biggrid50-goal(21,31)",0.8578230738639832,0.2962963509282871
cka_rl,47,"biggrid50-goal(46,45)",36,"biggrid50-goal(46,10)",0.752380907535553,0.425414246199369
cka_rl,47,"biggrid50-goal(46,45)",37,"biggrid50-goal(9,17)",0.8503400683403015,0.31142387570249314
cka_rl,47,"biggrid50-goal(46,45)",38,"biggrid50-goal(33,24)",0.8785713315010071,0.46795788864496646
cka_rl,47,"biggrid50-goal(46,45)",39,"biggrid50-goal(40,17)",0.9180270433425903,0.7575448257478715
cka_rl,47,"biggrid50-goal(46,45)",40,"biggrid50-goal(40,38)",0.7122448086738586,0.17058800993082066
cka_rl,47,"biggrid50-goal(46,45)",41,"biggrid50-goal(33,38)",0.8020407557487488,0.29110817222212027
cka_rl,47,"biggrid50-goal(46,45)",42,"biggrid50-goal(9,45)",0.9799317717552185,0.9166658416307198
cka_rl,47,"biggrid50-goal(46,45)",43,"biggrid50-goal(9,38)",0.8707481622695923,0.47802151908393087
cka_rl,47,"biggrid50-goal(46,45)",44,"biggrid50-goal(9,3)",0.6755102276802063,0.0755814299019637
cka_rl,47,"biggrid50-goal(46,45)",45,"biggrid50-goal(40,24)",0.8972787261009216,0.5799713819086966
cka_rl,47,"biggrid50-goal(46,45)",46,"biggrid50-goal(33,31)",0.954761803150177,0.7990932113411053
cka_rl,47,"biggrid50-goal(46,45)",47,"biggrid50-goal(46,45)",0.8568026423454285,0.6674563895646396
cka_rl,48,"biggrid50-goal(3,38)",0,"biggrid50-goal(40,31)",0.8578230738639832,0.5613850207692435
cka_rl,48,"biggrid50-goal(3,38)",1,"biggrid50-goal(9,31)",0.861224353313446,0.41630848242948065
cka_rl,48,"biggrid50-goal(3,38)",2,"biggrid50-goal(15,31)",0.8602040410041809,0.30456836536485754
cka_rl,48,"biggrid50-goal(3,38)",3,"biggrid50-goal(9,24)",0.8819727301597595,0.46450614237458276
cka_rl,48,"biggrid50-goal(3,38)",4,"biggrid50-goal(21,17)",0.7455782294273376,0.09113016557081048
cka_rl,48,"biggrid50-goal(3,38)",5,"biggrid50-goal(27,3)",0.7513604760169983,0.23933379783773867
cka_rl,48,"biggrid50-goal(3,38)",6,"biggrid50-goal(3,31)",0.885033905506134,0.2587713921514299
cka_rl,48,"biggrid50-goal(3,38)",7,"biggrid50-goal(33,10)",0.8639455437660217,0.5348836972366657
cka_rl,48,"biggrid50-goal(3,38)",8,"biggrid50-goal(27,45)",0.6653060913085938,0.027667811714395845
cka_rl,48,"biggrid50-goal(3,38)",9,"biggrid50-goal(21,45)",0.939115583896637,0.7207485736312464
cka_rl,48,"biggrid50-goal(3,38)",10,"biggrid50-goal(33,3)",0.8765305280685425,0.6318456202586088
cka_rl,48,"biggrid50-goal(3,38)",11,"biggrid50-goal(21,24)",0.8615646362304688,0.2934028807729927
cka_rl,48,"biggrid50-goal(3,38)",12,"biggrid50-goal(21,3)",0.8499998450279236,0.5273306890540134
cka_rl,48,"biggrid50-goal(3,38)",13,"biggrid50-goal(3,17)",0.8285713195800781,-0.04564358195866937
cka_rl,48,"biggrid50-goal(3,38)",14,"biggrid50-goal(15,45)",0.9302720427513123,0.6110053884738864
cka_rl,48,"biggrid50-goal(3,38)",15,"biggrid50-goal(3,24)",0.8761903643608093,0.0854265714806521
cka_rl,48,"biggrid50-goal(3,38)",16,"biggrid50-goal(3,10)",0.6962584257125854,0.05402517556251474
cka_rl,48,"biggrid50-goal(3,38)",17,"biggrid50-goal(46,31)",0.8666666150093079,0.6095615881838152
cka_rl,48,"biggrid50-goal(3,38)",18,"biggrid50-goal(46,24)",0.8714284300804138,0.6512911812471164
cka_rl,48,"biggrid50-goal(3,38)",19,"biggrid50-goal(3,45)",0.9061222672462463,0.6005780560841709
cka_rl,48,"biggrid50-goal(3,38)",20,"biggrid50-goal(21,10)",0.7551020383834839,0.07810484822756397
cka_rl,48,"biggrid50-goal(3,38)",21,"biggrid50-goal(40,3)",0.8574828505516052,0.6718869279441194
cka_rl,48,"biggrid50-goal(3,38)",22,"biggrid50-goal(15,38)",0.942857027053833,0.6274938812557579
cka_rl,48,"biggrid50-goal(3,38)",23,"biggrid50-goal(40,45)",0.9017005562782288,0.7813915645474355
cka_rl,48,"biggrid50-goal(3,38)",24,"biggrid50-goal(15,17)",0.9108843207359314,0.6158355766925661
cka_rl,48,"biggrid50-goal(3,38)",25,"biggrid50-goal(15,24)",0.9091835618019104,0.4437494569459443
cka_rl,48,"biggrid50-goal(3,38)",26,"biggrid50-goal(21,38)",0.8731291890144348,0.2714836510373082
cka_rl,48,"biggrid50-goal(3,38)",27,"biggrid50-goal(33,17)",0.94047611951828,0.7741933076860809
cka_rl,48,"biggrid50-goal(3,38)",28,"biggrid50-goal(27,17)",0.7870748043060303,0.1870127482002862
cka_rl,48,"biggrid50-goal(3,38)",29,"biggrid50-goal(3,3)",0.6993196606636047,0.07434552418343397
cka_rl,48,"biggrid50-goal(3,38)",30,"biggrid50-goal(9,10)",0.754761815071106,-0.21176441829527146
cka_rl,48,"biggrid50-goal(3,38)",31,"biggrid50-goal(46,17)",0.9132651686668396,0.7587507758867656
cka_rl,48,"biggrid50-goal(3,38)",32,"biggrid50-goal(40,10)",0.6901360154151917,0.09891186256653312
cka_rl,48,"biggrid50-goal(3,38)",33,"biggrid50-goal(46,38)",0.8649659752845764,0.6423423682276183
cka_rl,48,"biggrid50-goal(3,38)",34,"biggrid50-goal(27,31)",0.9581631422042847,0.7815269699366374
cka_rl,48,"biggrid50-goal(3,38)",35,"biggrid50-goal(21,31)",0.8602040410041809,0.30808093025780575
cka_rl,48,"biggrid50-goal(3,38)",36,"biggrid50-goal(46,10)",0.7649658918380737,0.45461697293608555
cka_rl,48,"biggrid50-goal(3,38)",37,"biggrid50-goal(9,17)",0.8982991576194763,0.5320806904856386
cka_rl,48,"biggrid50-goal(3,38)",38,"biggrid50-goal(33,24)",0.8809522390365601,0.47838988207629707
cka_rl,48,"biggrid50-goal(3,38)",39,"biggrid50-goal(40,17)",0.9176868796348572,0.756538707945175
cka_rl,48,"biggrid50-goal(3,38)",40,"biggrid50-goal(40,38)",0.7887755036354065,0.39117647513592513
cka_rl,48,"biggrid50-goal(3,38)",41,"biggrid50-goal(33,38)",0.789455771446228,0.246041357795173
cka_rl,48,"biggrid50-goal(3,38)",42,"biggrid50-goal(9,45)",0.9833330512046814,0.9307897970114558
cka_rl,48,"biggrid50-goal(3,38)",43,"biggrid50-goal(9,38)",0.9010202884674072,0.6002743142804943
cka_rl,48,"biggrid50-goal(3,38)",44,"biggrid50-goal(9,3)",0.6840136051177979,0.09980616880718678
cka_rl,48,"biggrid50-goal(3,38)",45,"biggrid50-goal(40,24)",0.9384352564811707,0.7482609671608499
cka_rl,48,"biggrid50-goal(3,38)",46,"biggrid50-goal(33,31)",0.9020406603813171,0.5649540054111903
cka_rl,48,"biggrid50-goal(3,38)",47,"biggrid50-goal(46,45)",0.8241495490074158,0.5916269348291744
cka_rl,48,"biggrid50-goal(3,38)",48,"biggrid50-goal(3,38)",0.9261903166770935,0.7583513530865345
cka_rl,49,"biggrid50-goal(46,3)",0,"biggrid50-goal(40,31)",0.8860543370246887,0.6484783012432125
cka_rl,49,"biggrid50-goal(46,3)",1,"biggrid50-goal(9,31)",0.839115560054779,0.3233187151545965
cka_rl,49,"biggrid50-goal(46,3)",2,"biggrid50-goal(15,31)",0.8540815711021423,0.27411141022421226
cka_rl,49,"biggrid50-goal(46,3)",3,"biggrid50-goal(9,24)",0.8452379703521729,0.2978392503509484
cka_rl,49,"biggrid50-goal(46,3)",4,"biggrid50-goal(21,17)",0.7418367266654968,0.07776441079276394
cka_rl,49,"biggrid50-goal(46,3)",5,"biggrid50-goal(27,3)",0.7544216513633728,0.24869889228281425
cka_rl,49,"biggrid50-goal(46,3)",6,"biggrid50-goal(3,31)",0.8340135812759399,-0.07017536443467999
cka_rl,49,"biggrid50-goal(46,3)",7,"biggrid50-goal(33,10)",0.9316325783729553,0.7662788617379253
cka_rl,49,"biggrid50-goal(46,3)",8,"biggrid50-goal(27,45)",0.6608842611312866,0.014821782250224848
cka_rl,49,"biggrid50-goal(46,3)",9,"biggrid50-goal(21,45)",0.7846937775611877,0.012480145657742579
cka_rl,49,"biggrid50-goal(46,3)",10,"biggrid50-goal(33,3)",0.8925169110298157,0.679512924664698
cka_rl,49,"biggrid50-goal(46,3)",11,"biggrid50-goal(21,24)",0.8622448444366455,0.2968747765796107
cka_rl,49,"biggrid50-goal(46,3)",12,"biggrid50-goal(21,3)",0.9411563277244568,0.814576204716654
cka_rl,49,"biggrid50-goal(46,3)",13,"biggrid50-goal(3,17)",0.77448970079422,-0.37551894147754394
cka_rl,49,"biggrid50-goal(46,3)",14,"biggrid50-goal(15,45)",0.8363944292068481,0.08728596153750234
cka_rl,49,"biggrid50-goal(46,3)",15,"biggrid50-goal(3,24)",0.85748291015625,-0.05276413106363943
cka_rl,49,"biggrid50-goal(46,3)",16,"biggrid50-goal(3,10)",0.7034013271331787,0.07627107631934092
cka_rl,49,"biggrid50-goal(46,3)",17,"biggrid50-goal(46,31)",0.8278910517692566,0.496015612209527
cka_rl,49,"biggrid50-goal(46,3)",18,"biggrid50-goal(46,24)",0.9340134859085083,0.8210329126660272
cka_rl,49,"biggrid50-goal(46,3)",19,"biggrid50-goal(3,45)",0.8482992053031921,0.35455805616532293
cka_rl,49,"biggrid50-goal(46,3)",20,"biggrid50-goal(21,10)",0.7588434815406799,0.0921891561755913
cka_rl,49,"biggrid50-goal(46,3)",21,"biggrid50-goal(40,3)",0.9316324591636658,0.8425994068816386
cka_rl,49,"biggrid50-goal(46,3)",22,"biggrid50-goal(15,38)",0.9244897365570068,0.5077603822432663
cka_rl,49,"biggrid50-goal(46,3)",23,"biggrid50-goal(40,45)",0.802040696144104,0.559757694848159
cka_rl,49,"biggrid50-goal(46,3)",24,"biggrid50-goal(15,17)",0.9833332300186157,0.9281520364186043
cka_rl,49,"biggrid50-goal(46,3)",25,"biggrid50-goal(15,24)",0.9040815234184265,0.4124994797633416
cka_rl,49,"biggrid50-goal(46,3)",26,"biggrid50-goal(21,38)",0.8683672547340393,0.24413971787407868
cka_rl,49,"biggrid50-goal(46,3)",27,"biggrid50-goal(33,17)",0.9663264751434326,0.8722578702047635
cka_rl,49,"biggrid50-goal(46,3)",28,"biggrid50-goal(27,17)",0.7891156077384949,0.19480490811172974
cka_rl,49,"biggrid50-goal(46,3)",29,"biggrid50-goal(3,3)",0.7465985417366028,0.21989514000935456
cka_rl,49,"biggrid50-goal(46,3)",30,"biggrid50-goal(9,10)",0.8176870346069336,0.09916000837606037
cka_rl,49,"biggrid50-goal(46,3)",31,"biggrid50-goal(46,17)",0.9496597051620483,0.8599806227253918
cka_rl,49,"biggrid50-goal(46,3)",32,"biggrid50-goal(40,10)",0.7248298525810242,0.1998019519845361
cka_rl,49,"biggrid50-goal(46,3)",33,"biggrid50-goal(46,38)",0.9146257638931274,0.7738736798765317
cka_rl,49,"biggrid50-goal(46,3)",34,"biggrid50-goal(27,31)",0.9605441689491272,0.7939607461573011
cka_rl,49,"biggrid50-goal(46,3)",35,"biggrid50-goal(21,31)",0.8768705725669861,0.3905718055134343
cka_rl,49,"biggrid50-goal(46,3)",36,"biggrid50-goal(46,10)",0.9261903166770935,0.8287289073399408
cka_rl,49,"biggrid50-goal(46,3)",37,"biggrid50-goal(9,17)",0.8717686533927917,0.4100154752107308
cka_rl,49,"biggrid50-goal(46,3)",38,"biggrid50-goal(33,24)",0.8778911232948303,0.46497754294366855
cka_rl,49,"biggrid50-goal(46,3)",39,"biggrid50-goal(40,17)",0.9282311797142029,0.7877260679886705
cka_rl,49,"biggrid50-goal(46,3)",40,"biggrid50-goal(40,38)",0.699999988079071,0.13529411663646107
cka_rl,49,"biggrid50-goal(46,3)",41,"biggrid50-goal(33,38)",0.7738094925880432,0.1900120510575518
cka_rl,49,"biggrid50-goal(46,3)",42,"biggrid50-goal(9,45)",0.9588433504104614,0.8290952886817279
cka_rl,49,"biggrid50-goal(46,3)",43,"biggrid50-goal(9,38)",0.8704080581665039,0.47664802199328465
cka_rl,49,"biggrid50-goal(46,3)",44,"biggrid50-goal(9,3)",0.698639452457428,0.14147282839868947
cka_rl,49,"biggrid50-goal(46,3)",45,"biggrid50-goal(40,24)",0.9676870107650757,0.8678717689182961
cka_rl,49,"biggrid50-goal(46,3)",46,"biggrid50-goal(33,31)",0.9068025946617126,0.586102172020371
cka_rl,49,"biggrid50-goal(46,3)",47,"biggrid50-goal(46,45)",0.7768707275390625,0.48183252070219634
cka_rl,49,"biggrid50-goal(46,3)",48,"biggrid50-goal(3,38)",0.9051019549369812,0.6893092728241696
cka_rl,49,"biggrid50-goal(46,3)",49,"biggrid50-goal(46,3)",0.927210807800293,0.8360151630918635
