method,task,task_name,phase,iter,frames_total,raw,normalized
finetune,0,"biggrid50-goal(40,31)",task1,10,10240,0.8285714387893677,0.4533622633863899
finetune,0,"biggrid50-goal(40,31)",task1,20,20480,0.8285714387893677,0.4533622633863899
finetune,0,"biggrid50-goal(40,31)",task1,30,30720,0.8285714387893677,0.4533622633863899
finetune,0,"biggrid50-goal(40,31)",task1,40,40960,0.8285714387893677,0.4533622633863899
finetune,0,"biggrid50-goal(40,31)",task1,50,51200,0.8285714387893677,0.4533622633863899
finetune,0,"biggrid50-goal(40,31)",task1,60,61440,0.8285714387893677,0.4533622633863899
finetune,0,"biggrid50-goal(40,31)",task1,70,71680,0.8285714387893677,0.4533622633863899
finetune,0,"biggrid50-goal(40,31)",task1,80,81920,0.8285714387893677,0.4533622633863899
finetune,0,"biggrid50-goal(40,31)",task1,90,92160,0.8285714387893677,0.4533622633863899
finetune,0,"biggrid50-goal(40,31)",task1,100,102400,0.8346937894821167,0.4728847274484142
finetune,0,"biggrid50-goal(40,31)",task1,110,112640,0.8030611276626587,0.3720170159192584
finetune,0,"biggrid50-goal(40,31)",task1,120,122880,0.9091835021972656,0.7104115880371595
finetune,0,"biggrid50-goal(40,31)",task1,130,133120,0.8091835975646973,0.3915398601063666
finetune,0,"biggrid50-goal(40,31)",task1,140,143360,0.8255101442337036,0.44360065123029385
finetune,0,"biggrid50-goal(40,31)",task1,150,153600,0.8265304565429688,0.4468541418239086
finetune,0,"biggrid50-goal(40,31)",task1,160,163840,0.8265305757522583,0.44685452194899256
finetune,0,"biggrid50-goal(40,31)",task1,170,174080,0.8030611276626587,0.3720170159192584
finetune,0,"biggrid50-goal(40,31)",task1,180,184320,0.7979590892791748,0.3557480424508489
finetune,0,"biggrid50-goal(40,31)",task1,190,194560,0.8112243413925171,0.39804722141868004
finetune,0,"biggrid50-goal(40,31)",task1,200,204800,0.8081632852554321,0.38828636951275186
finetune,0,"biggrid50-goal(40,31)",task1,210,215040,0.8071428537368774,0.38503249879405316
finetune,0,"biggrid50-goal(40,31)",task1,220,225280,0.8673468828201294,0.5770063096962686
finetune,0,"biggrid50-goal(40,31)",task1,230,235520,0.8326529264450073,0.4663769860110168
finetune,0,"biggrid50-goal(40,31)",task1,240,245760,0.8346937298774719,0.4728845373858722
finetune,0,"biggrid50-goal(40,31)",task1,250,256000,0.8489794731140137,0.518437777134944
finetune,0,"biggrid50-goal(40,31)",task1,260,266240,0.9153059720993042,0.7299344322242677
finetune,0,"biggrid50-goal(40,31)",task1,270,276480,0.9367345571517944,0.7982641968166044
finetune,0,"biggrid50-goal(40,31)",task1,280,286720,0.9295916557312012,0.7754874819107975
finetune,0,"biggrid50-goal(40,31)",task1,290,296960,0.9540815353393555,0.8535788586592304
finetune,0,"biggrid50-goal(40,31)",task1,300,307200,0.95714271068573,0.8633400906902425
finetune,1,"biggrid50-goal(9,31)",finetune,10,317440,0.8224489092826843,0.2749998965611323
finetune,1,"biggrid50-goal(9,31)",finetune,20,327680,0.8989795446395874,0.5874999117727304
finetune,1,"biggrid50-goal(9,31)",finetune,30,337920,0.8887754678726196,0.5458332755292602
finetune,1,"biggrid50-goal(9,31)",finetune,40,348160,0.8877550363540649,0.5416665145506847
finetune,1,"biggrid50-goal(9,31)",finetune,50,358400,0.8918366432189941,0.5583330716938443
finetune,1,"biggrid50-goal(9,31)",finetune,60,368640,0.8826530575752258,0.5208334398145207
finetune,1,"biggrid50-goal(9,31)",finetune,70,378880,0.8989795446395874,0.5874999117727304
finetune,1,"biggrid50-goal(9,31)",finetune,80,389120,0.8775509595870972,0.49999987830721443
finetune,1,"biggrid50-goal(9,31)",finetune,90,399360,0.9255101084709167,0.6958330199744105
finetune,1,"biggrid50-goal(9,31)",finetune,100,409600,0.9091836214065552,0.6291665480162008
finetune,1,"biggrid50-goal(9,31)",finetune,110,419840,0.921428382396698,0.6791659760601084
finetune,1,"biggrid50-goal(9,31)",finetune,120,430080,0.9091836214065552,0.6291665480162008
finetune,1,"biggrid50-goal(9,31)",finetune,130,440320,0.9295917749404907,0.7124998205031412
finetune,1,"biggrid50-goal(9,31)",finetune,140,450560,0.9020407795906067,0.5999999513228857
finetune,1,"biggrid50-goal(9,31)",finetune,150,460800,0.9173469543457031,0.6625001490736624
finetune,2,"biggrid50-goal(15,31)",finetune,10,471040,0.883673369884491,0.4501603903235022
finetune,2,"biggrid50-goal(15,31)",finetune,20,481280,0.9867345690727234,0.9372984555986732
finetune,2,"biggrid50-goal(15,31)",finetune,30,491520,0.8571427464485168,0.32475842845092756
finetune,2,"biggrid50-goal(15,31)",finetune,40,501760,0.8724489212036133,0.39710593086396656
finetune,2,"biggrid50-goal(15,31)",finetune,50,512000,0.9561223983764648,0.7926042959701544
finetune,2,"biggrid50-goal(15,31)",finetune,60,522240,0.9122447967529297,0.5852085919403087
finetune,2,"biggrid50-goal(15,31)",finetune,70,532480,0.890816330909729,0.4839229337596134
finetune,2,"biggrid50-goal(15,31)",finetune,80,542720,0.9377549886703491,0.7057872930745075
finetune,2,"biggrid50-goal(15,31)",finetune,90,552960,0.9959182739257812,0.9807069570464966
finetune,2,"biggrid50-goal(15,31)",finetune,100,563200,0.964285671710968,0.8311895366796019
finetune,2,"biggrid50-goal(15,31)",finetune,110,573440,0.9887754321098328,0.9469449770754249
finetune,2,"biggrid50-goal(15,31)",finetune,120,583680,0.9969387054443359,0.9855302177848724
finetune,2,"biggrid50-goal(15,31)",finetune,130,593920,0.946938693523407,0.749195794522331
finetune,2,"biggrid50-goal(15,31)",finetune,140,604160,0.9999998807907104,0.9999994365349605
finetune,2,"biggrid50-goal(15,31)",finetune,150,614400,0.9918367266654968,0.9614147592905524
finetune,3,"biggrid50-goal(9,24)",finetune,10,624640,0.9734691381454468,0.8884110036175659
finetune,3,"biggrid50-goal(9,24)",finetune,20,634880,0.9918365478515625,0.9656644613637446
finetune,3,"biggrid50-goal(9,24)",finetune,30,645120,0.9479590654373169,0.7811154537500595
finetune,3,"biggrid50-goal(9,24)",finetune,40,655360,0.9551019668579102,0.811158548661651
finetune,3,"biggrid50-goal(9,24)",finetune,50,665600,0.9142856597900391,0.6394848666414298
finetune,3,"biggrid50-goal(9,24)",finetune,60,675840,0.9367345571517944,0.7339050909154723
finetune,3,"biggrid50-goal(9,24)",finetune,70,686080,0.9693876504898071,0.8712442370897021
finetune,3,"biggrid50-goal(9,24)",finetune,80,696320,0.9622448086738586,0.8412013928756765
finetune,3,"biggrid50-goal(9,24)",finetune,90,706560,0.9551020860671997,0.811159050056783
finetune,3,"biggrid50-goal(9,24)",finetune,100,716800,0.9836733937263489,0.9313301762153191
finetune,3,"biggrid50-goal(9,24)",finetune,110,727040,0.9897958040237427,0.9570810780998127
finetune,3,"biggrid50-goal(9,24)",finetune,120,737280,0.9765304327011108,0.9012868306061617
finetune,3,"biggrid50-goal(9,24)",finetune,130,747520,0.9867345690727234,0.9442055018087829
finetune,3,"biggrid50-goal(9,24)",finetune,140,757760,0.9908161163330078,0.9613725190342127
finetune,3,"biggrid50-goal(9,24)",finetune,150,768000,0.9857141375541687,0.939913559479251
finetune,4,"biggrid50-goal(21,17)",finetune,10,778240,0.810204029083252,0.3341286641766747
finetune,4,"biggrid50-goal(21,17)",finetune,20,788480,0.8234692811965942,0.38066785624740046
finetune,4,"biggrid50-goal(21,17)",finetune,30,798720,0.8081631660461426,0.3269685954450336
finetune,4,"biggrid50-goal(21,17)",finetune,40,808960,0.8010203242301941,0.3019089822267605
finetune,4,"biggrid50-goal(21,17)",finetune,50,819200,0.7826529741287231,0.23746982744108888
finetune,4,"biggrid50-goal(21,17)",finetune,60,829440,0.8051019906997681,0.31622891057588576
finetune,4,"biggrid50-goal(21,17)",finetune,70,839680,0.8051019906997681,0.31622891057588576
finetune,4,"biggrid50-goal(21,17)",finetune,80,849920,0.7887754440307617,0.2589496154076984
finetune,4,"biggrid50-goal(21,17)",finetune,90,860160,0.7775509357452393,0.21957007384029995
finetune,4,"biggrid50-goal(21,17)",finetune,100,870400,0.7908162474632263,0.26610947502518256
finetune,4,"biggrid50-goal(21,17)",finetune,110,880640,0.8132652044296265,0.34486834904582253
finetune,4,"biggrid50-goal(21,17)",finetune,120,890880,0.7795917391777039,0.22672993345778414
finetune,4,"biggrid50-goal(21,17)",finetune,130,901120,0.8153060674667358,0.35202841777746363
finetune,4,"biggrid50-goal(21,17)",finetune,140,911360,0.8030611872673035,0.30906905095840154
finetune,4,"biggrid50-goal(21,17)",finetune,150,921600,0.7928570508956909,0.2732693346426668
finetune,4,"biggrid50-goal(21,17)",finetune,160,931840,0.8357142210006714,0.42362743218061943
finetune,4,"biggrid50-goal(21,17)",finetune,170,942080,0.8091835975646973,0.33054862981085414
finetune,4,"biggrid50-goal(21,17)",finetune,180,952320,0.8122447729110718,0.34128831468000204
finetune,4,"biggrid50-goal(21,17)",finetune,190,962560,0.8040815591812134,0.3126488762100652
finetune,4,"biggrid50-goal(21,17)",finetune,200,972800,0.8071427345275879,0.32338856107921304
finetune,4,"biggrid50-goal(21,17)",finetune,210,983040,0.8081632852554321,0.32696901367334735
finetune,4,"biggrid50-goal(21,17)",finetune,220,993280,0.8316326141357422,0.40930771294565105
finetune,4,"biggrid50-goal(21,17)",finetune,230,1003520,0.8142856359481812,0.3484483834116431
finetune,4,"biggrid50-goal(21,17)",finetune,240,1013760,0.8387754559516907,0.43436732616392415
finetune,4,"biggrid50-goal(21,17)",finetune,250,1024000,0.8255101442337036,0.38782792497904156
finetune,4,"biggrid50-goal(21,17)",finetune,260,1034240,0.8408161997795105,0.4415269766672515
finetune,4,"biggrid50-goal(21,17)",finetune,270,1044480,0.8479591608047485,0.4665870081138384
finetune,4,"biggrid50-goal(21,17)",finetune,280,1054720,0.8040815591812134,0.3126488762100652
finetune,4,"biggrid50-goal(21,17)",finetune,290,1064960,0.8010203242301941,0.3019089822267605
finetune,4,"biggrid50-goal(21,17)",finetune,300,1075200,0.7969387173652649,0.28758926299179205
finetune,4,"biggrid50-goal(21,17)",finetune,310,1085440,0.8285713195800781,0.3985676098481894
finetune,4,"biggrid50-goal(21,17)",finetune,320,1095680,0.8316326141357422,0.40930771294565105
finetune,4,"biggrid50-goal(21,17)",finetune,330,1105920,0.8316326141357422,0.40930771294565105
finetune,4,"biggrid50-goal(21,17)",finetune,340,1116160,0.8499999046325684,0.4737466586171657
finetune,4,"biggrid50-goal(21,17)",finetune,350,1126400,0.8030611872673035,0.30906905095840154
finetune,4,"biggrid50-goal(21,17)",finetune,360,1136640,0.7877550721168518,0.2553697901560347
finetune,4,"biggrid50-goal(21,17)",finetune,370,1146880,0.7540816068649292,0.13723137456799628
finetune,4,"biggrid50-goal(21,17)",finetune,380,1157120,0.732653021812439,0.06205232579901997
finetune,4,"biggrid50-goal(21,17)",finetune,390,1167360,0.735714316368103,0.07279242889648159
finetune,4,"biggrid50-goal(21,17)",finetune,400,1177600,0.7408163547515869,0.09069218249727054
finetune,4,"biggrid50-goal(21,17)",finetune,410,1187840,0.7551019787788391,0.14081119981965995
finetune,4,"biggrid50-goal(21,17)",finetune,420,1198080,0.7438774704933167,0.10143165825226151
finetune,4,"biggrid50-goal(21,17)",finetune,430,1208320,0.7591835856437683,0.15513091905462836
finetune,4,"biggrid50-goal(21,17)",finetune,440,1218560,0.7734693288803101,0.20525035460533153
finetune,4,"biggrid50-goal(21,17)",finetune,450,1228800,0.7755101323127747,0.21241021422281572
finetune,4,"biggrid50-goal(21,17)",finetune,460,1239040,0.7795917391777039,0.22672993345778414
finetune,4,"biggrid50-goal(21,17)",finetune,470,1249280,0.7918366193771362,0.26968930027684623
finetune,4,"biggrid50-goal(21,17)",finetune,480,1259520,0.8153060674667358,0.35202841777746363
finetune,4,"biggrid50-goal(21,17)",finetune,490,1269760,0.8214285969734192,0.37350841485823
finetune,4,"biggrid50-goal(21,17)",finetune,500,1280000,0.7928570508956909,0.2732693346426668
finetune,5,"biggrid50-goal(27,3)",finetune,10,1290240,0.8102039098739624,0.4157063920261928
finetune,5,"biggrid50-goal(27,3)",finetune,20,1300480,0.8479591608047485,0.5319371941025476
finetune,5,"biggrid50-goal(27,3)",finetune,30,1310720,0.8316324949264526,0.48167500742695574
finetune,5,"biggrid50-goal(27,3)",finetune,40,1320960,0.8122447729110718,0.4219892571080875
finetune,5,"biggrid50-goal(27,3)",finetune,50,1331200,0.7581632137298584,0.2554973693254893
finetune,5,"biggrid50-goal(27,3)",finetune,60,1341440,0.7540816068649292,0.24293200615148275
finetune,5,"biggrid50-goal(27,3)",finetune,70,1351680,0.7704080939292908,0.29319364234240036
finetune,5,"biggrid50-goal(27,3)",finetune,80,1361920,0.7683672308921814,0.2869107772605057
finetune,5,"biggrid50-goal(27,3)",finetune,90,1372160,0.7673467993736267,0.28376934471955834
finetune,5,"biggrid50-goal(27,3)",finetune,100,1382400,0.7948979139328003,0.3685863718711139
finetune,5,"biggrid50-goal(27,3)",finetune,110,1392640,0.8408161997795105,0.5099473498108076
finetune,5,"biggrid50-goal(27,3)",finetune,120,1402880,0.8408163189888,0.5099477168005904
finetune,5,"biggrid50-goal(27,3)",finetune,130,1413120,0.8367346525192261,0.49738217013169245
finetune,5,"biggrid50-goal(27,3)",finetune,140,1423360,0.8295917510986328,0.47539250933484384
finetune,5,"biggrid50-goal(27,3)",finetune,150,1433600,0.8173468708992004,0.4376962363179328
finetune,5,"biggrid50-goal(27,3)",finetune,160,1443840,0.8714284896850586,0.6041883075954224
finetune,5,"biggrid50-goal(27,3)",finetune,170,1454080,0.8010203242301941,0.38743441663212375
finetune,5,"biggrid50-goal(27,3)",finetune,180,1464320,0.8755100965499878,0.616753670769429
finetune,5,"biggrid50-goal(27,3)",finetune,190,1474560,0.8704081773757935,0.6010472420442579
finetune,5,"biggrid50-goal(27,3)",finetune,200,1484800,0.8959182500839233,0.6795808536292446
finetune,5,"biggrid50-goal(27,3)",finetune,210,1495040,0.8387754559516907,0.5036648517186957
finetune,5,"biggrid50-goal(27,3)",finetune,220,1505280,0.8479591608047485,0.5319371941025476
finetune,5,"biggrid50-goal(27,3)",finetune,230,1515520,0.8224489092826843,0.4534030320328867
finetune,5,"biggrid50-goal(27,3)",finetune,240,1525760,0.8448978662490845,0.5225128964797056
finetune,5,"biggrid50-goal(27,3)",finetune,250,1536000,0.883673369884491,0.6418845806123334
finetune,5,"biggrid50-goal(27,3)",finetune,260,1546240,0.837755024433136,0.5005234191777483
finetune,5,"biggrid50-goal(27,3)",finetune,270,1556480,0.8265304565429688,0.4659682117120018
finetune,5,"biggrid50-goal(27,3)",finetune,280,1566720,0.8244897127151489,0.45968571361988997
finetune,5,"biggrid50-goal(27,3)",finetune,290,1576960,0.8112243413925171,0.41884782456714015
finetune,5,"biggrid50-goal(27,3)",finetune,300,1587200,0.7714284658432007,0.2963348913884563
finetune,5,"biggrid50-goal(27,3)",finetune,310,1597440,0.7908161878585815,0.35602064170732456
finetune,5,"biggrid50-goal(27,3)",finetune,320,1607680,0.7867345809936523,0.343455278533318
finetune,5,"biggrid50-goal(27,3)",finetune,330,1617920,0.8193876147270203,0.44397873441004465
finetune,5,"biggrid50-goal(27,3)",finetune,340,1628160,0.8357141613960266,0.4942405540958537
finetune,5,"biggrid50-goal(27,3)",finetune,350,1638400,0.8418366312980652,0.5130887823517549
finetune,5,"biggrid50-goal(27,3)",finetune,360,1648640,0.8295917510986328,0.47539250933484384
finetune,5,"biggrid50-goal(27,3)",finetune,370,1658880,0.8979590535163879,0.6858635352162478
finetune,5,"biggrid50-goal(27,3)",finetune,380,1669120,0.86530601978302,0.5853400793395211
finetune,5,"biggrid50-goal(27,3)",finetune,390,1679360,0.8877549171447754,0.6544497602914486
finetune,5,"biggrid50-goal(27,3)",finetune,400,1689600,0.8469387292861938,0.5287957615616002
finetune,5,"biggrid50-goal(27,3)",finetune,410,1699840,0.777550995349884,0.31518330313924897
finetune,5,"biggrid50-goal(27,3)",finetune,420,1710080,0.7724488973617554,0.29947632392940365
finetune,5,"biggrid50-goal(27,3)",finetune,430,1720320,0.7755101323127747,0.3089004380573543
finetune,5,"biggrid50-goal(27,3)",finetune,440,1730560,0.8040815591812134,0.3968585307600744
finetune,5,"biggrid50-goal(27,3)",finetune,450,1740800,0.8122447729110718,0.4219892571080875
finetune,5,"biggrid50-goal(27,3)",finetune,460,1751040,0.7918366193771362,0.3591620742482719
finetune,5,"biggrid50-goal(27,3)",finetune,470,1761280,0.7653059959411621,0.27748666313255504
finetune,5,"biggrid50-goal(27,3)",finetune,480,1771520,0.8275508880615234,0.46910964425294915
finetune,5,"biggrid50-goal(27,3)",finetune,490,1781760,0.8459182977676392,0.5256543290206529
finetune,5,"biggrid50-goal(27,3)",finetune,500,1792000,0.847959041595459,0.5319368271127648
finetune,6,"biggrid50-goal(3,31)",finetune,10,1802240,0.7510203123092651,-0.1749603113435862
finetune,6,"biggrid50-goal(3,31)",finetune,20,1812480,0.9408161044120789,0.7207052148250492
finetune,6,"biggrid50-goal(3,31)",finetune,30,1822720,0.9999998807907104,0.9999994374393137
finetune,6,"biggrid50-goal(3,31)",finetune,40,1832960,0.9999998807907104,0.9999994374393137
finetune,6,"biggrid50-goal(3,31)",finetune,50,1843200,0.982653021812439,0.918137856621283
finetune,6,"biggrid50-goal(3,31)",finetune,60,1853440,0.9357141256332397,0.6966284612952622
finetune,6,"biggrid50-goal(3,31)",finetune,70,1863680,0.8469386100769043,0.27768783057472324
finetune,6,"biggrid50-goal(3,31)",finetune,80,1873920,0.7999999523162842,0.05617956037007492
finetune,6,"biggrid50-goal(3,31)",finetune,90,1884160,0.7928570508956909,0.022471486611618227
finetune,6,"biggrid50-goal(3,31)",finetune,100,1894400,0.7693877220153809,-0.08828264849070594
finetune,6,"biggrid50-goal(3,31)",finetune,110,1904640,0.7887755036354065,0.0032102525559944777
finetune,6,"biggrid50-goal(3,31)",finetune,120,1914880,0.7591836452484131,-0.13643671811096622
finetune,6,"biggrid50-goal(3,31)",finetune,130,1925120,0.7397958040237427,-0.22792990043800976
finetune,6,"biggrid50-goal(3,31)",finetune,140,1935360,0.745918333530426,-0.19903706487337322
finetune,6,"biggrid50-goal(3,31)",finetune,150,1945600,0.7469387650489807,-0.19422154539920994
finetune,6,"biggrid50-goal(3,31)",finetune,160,1955840,0.7204080820083618,-0.31942252020436707
finetune,6,"biggrid50-goal(3,31)",finetune,170,1966080,0.7530611753463745,-0.16532927239525963
finetune,6,"biggrid50-goal(3,31)",finetune,180,1976320,0.7867346405982971,-0.006420786392332073
finetune,6,"biggrid50-goal(3,31)",finetune,190,1986560,0.8367345929145813,0.22953404223480608
finetune,6,"biggrid50-goal(3,31)",finetune,200,1996800,0.9540815353393555,0.7833061241481425
finetune,6,"biggrid50-goal(3,31)",finetune,210,2007040,0.938775360584259,0.711074738437409
finetune,6,"biggrid50-goal(3,31)",finetune,220,2017280,0.9775508046150208,0.8940599779701235
finetune,6,"biggrid50-goal(3,31)",finetune,230,2027520,0.9938775300979614,0.9711074457157066
finetune,6,"biggrid50-goal(3,31)",finetune,240,2037760,0.9999998807907104,0.9999994374393137
finetune,6,"biggrid50-goal(3,31)",finetune,250,2048000,0.9928570985794067,0.9662919262415433
finetune,6,"biggrid50-goal(3,31)",finetune,260,2058240,0.8846937417984009,0.4558581131939608
finetune,6,"biggrid50-goal(3,31)",finetune,270,2068480,0.9224488139152527,0.6340281145328552
finetune,6,"biggrid50-goal(3,31)",finetune,280,2078720,0.8897957801818848,0.47993514800409093
finetune,6,"biggrid50-goal(3,31)",finetune,290,2088960,0.8520406484603882,0.30176486538485336
finetune,6,"biggrid50-goal(3,31)",finetune,300,2099200,0.8683673143386841,0.3788120518500933
finetune,7,"biggrid50-goal(33,10)",finetune,10,2109440,0.7928570508956909,0.21923040112799133
finetune,7,"biggrid50-goal(33,10)",finetune,20,2119680,0.9489795565605164,0.8076921694377432
finetune,7,"biggrid50-goal(33,10)",finetune,30,2129920,0.9999998807907104,0.9999995506726654
finetune,7,"biggrid50-goal(33,10)",finetune,40,2140160,0.9622448086738586,0.8576919672404427
finetune,7,"biggrid50-goal(33,10)",finetune,50,2150400,0.9999998807907104,0.9999995506726654
finetune,7,"biggrid50-goal(33,10)",finetune,60,2160640,0.9653059840202332,0.8692302438634243
finetune,7,"biggrid50-goal(33,10)",finetune,70,2170880,0.9775508642196655,0.9153840243463522
finetune,7,"biggrid50-goal(33,10)",finetune,80,2181120,0.928571343421936,0.7307689024146402
finetune,7,"biggrid50-goal(33,10)",finetune,90,2191360,0.9428569674491882,0.7846147175371111
finetune,7,"biggrid50-goal(33,10)",finetune,100,2201600,0.9999998807907104,0.9999995506726654
finetune,7,"biggrid50-goal(33,10)",finetune,110,2211840,1.0,1.0
finetune,7,"biggrid50-goal(33,10)",finetune,120,2222080,0.9377551078796387,0.7653846309382539
finetune,7,"biggrid50-goal(33,10)",finetune,130,2232320,0.9989794492721558,0.9961533086892268
finetune,7,"biggrid50-goal(33,10)",finetune,140,2242560,0.9806121587753296,0.9269227502966684
finetune,7,"biggrid50-goal(33,10)",finetune,150,2252800,0.9326529502868652,0.7461534210210604
finetune,8,"biggrid50-goal(27,45)",finetune,10,2263040,0.7612245082855225,0.3049504988287704
finetune,8,"biggrid50-goal(27,45)",finetune,20,2273280,0.7653061151504517,0.31683161273655136
finetune,8,"biggrid50-goal(27,45)",finetune,30,2283520,0.7877550721168518,0.38217808623463007
finetune,8,"biggrid50-goal(27,45)",finetune,40,2293760,0.8183673620223999,0.47128713455355425
finetune,8,"biggrid50-goal(27,45)",finetune,50,2304000,0.8010204434394836,0.4207921401915226
finetune,8,"biggrid50-goal(27,45)",finetune,60,2314240,0.8183673024177551,0.47128696105091245
finetune,8,"biggrid50-goal(27,45)",finetune,70,2324480,0.8010204434394836,0.4207921401915226
finetune,8,"biggrid50-goal(27,45)",finetune,80,2334720,0.827551007270813,0.4980197275973823
finetune,8,"biggrid50-goal(27,45)",finetune,90,2344960,0.8285714387893677,0.5009900928256484
finetune,8,"biggrid50-goal(27,45)",finetune,100,2355200,0.8112244606018066,0.45049492496097493
finetune,8,"biggrid50-goal(27,45)",finetune,110,2365440,0.8204081654548645,0.47722769150744476
finetune,8,"biggrid50-goal(27,45)",finetune,120,2375680,0.7948979139328003,0.4029701223245676
finetune,8,"biggrid50-goal(27,45)",finetune,130,2385920,0.7908163070678711,0.3910890084167867
finetune,8,"biggrid50-goal(27,45)",finetune,140,2396160,0.7806122303009033,0.36138605014469255
finetune,8,"biggrid50-goal(27,45)",finetune,150,2406400,0.8081632852554321,0.44158417628146013
finetune,8,"biggrid50-goal(27,45)",finetune,160,2416640,0.7999999523162842,0.41782160146061464
finetune,8,"biggrid50-goal(27,45)",finetune,170,2426880,0.7999999523162842,0.41782160146061464
finetune,8,"biggrid50-goal(27,45)",finetune,180,2437120,0.8122448921203613,0.4534652901892411
finetune,8,"biggrid50-goal(27,45)",finetune,190,2447360,0.8030611872673035,0.42673252364277126
finetune,8,"biggrid50-goal(27,45)",finetune,200,2457600,0.7999999523162842,0.41782160146061464
finetune,8,"biggrid50-goal(27,45)",finetune,210,2467840,0.8071428537368774,0.438613811053194
finetune,8,"biggrid50-goal(27,45)",finetune,220,2478080,0.8173469305038452,0.46831676932528815
finetune,8,"biggrid50-goal(27,45)",finetune,230,2488320,0.8081632852554321,0.44158417628146013
finetune,8,"biggrid50-goal(27,45)",finetune,240,2498560,0.8204081654548645,0.47722769150744476
finetune,8,"biggrid50-goal(27,45)",finetune,250,2508800,0.8367345929145813,0.5247521471385684
finetune,8,"biggrid50-goal(27,45)",finetune,260,2519040,0.8204081654548645,0.47722769150744476
finetune,8,"biggrid50-goal(27,45)",finetune,270,2529280,0.8071428537368774,0.438613811053194
finetune,8,"biggrid50-goal(27,45)",finetune,280,2539520,0.8061224818229675,0.4356436193275697
finetune,8,"biggrid50-goal(27,45)",finetune,290,2549760,0.8051020503044128,0.4326732540993035
finetune,8,"biggrid50-goal(27,45)",finetune,300,2560000,0.8122448921203613,0.4534652901892411
finetune,8,"biggrid50-goal(27,45)",finetune,310,2570240,0.8142856359481812,0.4594056736404897
finetune,8,"biggrid50-goal(27,45)",finetune,320,2580480,0.8499999046325684,0.5633660275928192
finetune,8,"biggrid50-goal(27,45)",finetune,330,2590720,0.8459183573722839,0.5514850871876801
finetune,8,"biggrid50-goal(27,45)",finetune,340,2600960,0.8530611991882324,0.5722771232776176
finetune,8,"biggrid50-goal(27,45)",finetune,350,2611200,0.8479591608047485,0.5574256441415705
finetune,8,"biggrid50-goal(27,45)",finetune,360,2621440,0.8520407676696777,0.5693067580493515
finetune,8,"biggrid50-goal(27,45)",finetune,370,2631680,0.8479591608047485,0.5574256441415705
finetune,8,"biggrid50-goal(27,45)",finetune,380,2641920,0.8316326141357422,0.5099008415051631
finetune,8,"biggrid50-goal(27,45)",finetune,390,2652160,0.8204081654548645,0.47722769150744476
finetune,8,"biggrid50-goal(27,45)",finetune,400,2662400,0.8163264989852905,0.465346404097022
finetune,8,"biggrid50-goal(27,45)",finetune,410,2672640,0.8112244606018066,0.45049492496097493
finetune,8,"biggrid50-goal(27,45)",finetune,420,2682880,0.8357142210006714,0.5217819554129441
finetune,8,"biggrid50-goal(27,45)",finetune,430,2693120,0.8326530456542969,0.5128712067334293
finetune,8,"biggrid50-goal(27,45)",finetune,440,2703360,0.837755024433136,0.5277225123668345
finetune,8,"biggrid50-goal(27,45)",finetune,450,2713600,0.8346937894821167,0.5188115901846779
finetune,8,"biggrid50-goal(27,45)",finetune,460,2723840,0.837755024433136,0.5277225123668345
finetune,8,"biggrid50-goal(27,45)",finetune,470,2734080,0.8571427464485168,0.5841580636827567
finetune,8,"biggrid50-goal(27,45)",finetune,480,2744320,0.8571427464485168,0.5841580636827567
finetune,8,"biggrid50-goal(27,45)",finetune,490,2754560,0.886734664440155,0.6702969202760566
finetune,8,"biggrid50-goal(27,45)",finetune,500,2764800,0.8571427464485168,0.5841580636827567
finetune,9,"biggrid50-goal(21,45)",finetune,10,2775040,0.8826529383659363,0.5325198792617414
finetune,9,"biggrid50-goal(21,45)",finetune,20,2785280,0.8551019430160522,0.4227638917382814
finetune,9,"biggrid50-goal(21,45)",finetune,30,2795520,0.7714285254478455,0.08943079585432386
finetune,9,"biggrid50-goal(21,45)",finetune,40,2805760,0.7551019787788391,0.024390087533337892
finetune,9,"biggrid50-goal(21,45)",finetune,50,2816000,0.7571428418159485,0.03252035416049298
finetune,9,"biggrid50-goal(21,45)",finetune,60,2826240,0.7581632733345032,0.036585487474070526
finetune,9,"biggrid50-goal(21,45)",finetune,70,2836480,0.7448979616165161,-0.016260058355558594
finetune,9,"biggrid50-goal(21,45)",finetune,80,2846720,0.7795917391777039,0.12195091256544105
finetune,9,"biggrid50-goal(21,45)",finetune,90,2856960,0.7887754440307617,0.15853640003951158
finetune,9,"biggrid50-goal(21,45)",finetune,100,2867200,0.7938774824142456,0.1788615917086477
finetune,9,"biggrid50-goal(21,45)",finetune,110,2877440,0.8020407557487488,0.2113819458691407
finetune,9,"biggrid50-goal(21,45)",finetune,120,2887680,0.7979590892791748,0.19512165006420631
finetune,9,"biggrid50-goal(21,45)",finetune,130,2897920,0.938775360584259,0.756096987622239
finetune,9,"biggrid50-goal(21,45)",finetune,140,2908160,0.9489794969558716,0.796747608409887
finetune,9,"biggrid50-goal(21,45)",finetune,150,2918400,0.9499999284744263,0.8008127417234645
finetune,9,"biggrid50-goal(21,45)",finetune,160,2928640,0.984693706035614,0.9390237126444642
finetune,9,"biggrid50-goal(21,45)",finetune,170,2938880,0.9489794969558716,0.796747608409887
finetune,9,"biggrid50-goal(21,45)",finetune,180,2949120,0.9346938133239746,0.7398371667160561
finetune,9,"biggrid50-goal(21,45)",finetune,190,2959360,0.9336733818054199,0.7357720334024785
finetune,9,"biggrid50-goal(21,45)",finetune,200,2969600,0.961224377155304,0.8455280209259386
finetune,9,"biggrid50-goal(21,45)",finetune,210,2979840,0.9102039337158203,0.6422758667852014
finetune,9,"biggrid50-goal(21,45)",finetune,220,2990080,0.961224377155304,0.8455280209259386
finetune,9,"biggrid50-goal(21,45)",finetune,230,3000320,0.8806120753288269,0.5243896126345863
finetune,9,"biggrid50-goal(21,45)",finetune,240,3010560,0.8244897723197937,0.30081297917284033
finetune,9,"biggrid50-goal(21,45)",finetune,250,3020800,0.7336735129356384,-0.060975337558032625
finetune,9,"biggrid50-goal(21,45)",finetune,260,3031040,0.7112244367599487,-0.15040660831110808
finetune,9,"biggrid50-goal(21,45)",finetune,270,3041280,0.708163321018219,-0.16260129590371333
finetune,9,"biggrid50-goal(21,45)",finetune,280,3051520,0.7071428894996643,-0.16666642921729088
finetune,9,"biggrid50-goal(21,45)",finetune,290,3061760,0.7020407915115356,-0.1869918583358028
finetune,9,"biggrid50-goal(21,45)",finetune,300,3072000,0.7051020860671997,-0.17479645839507016
finetune,9,"biggrid50-goal(21,45)",finetune,310,3082240,0.708163321018219,-0.16260129590371333
finetune,9,"biggrid50-goal(21,45)",finetune,320,3092480,0.7051020860671997,-0.17479645839507016
finetune,9,"biggrid50-goal(21,45)",finetune,330,3102720,0.7071428894996643,-0.16666642921729088
finetune,9,"biggrid50-goal(21,45)",finetune,340,3112960,0.7346938848495483,-0.056910441693830874
finetune,9,"biggrid50-goal(21,45)",finetune,350,3123200,0.7122448682785034,-0.14634147499753053
finetune,9,"biggrid50-goal(21,45)",finetune,360,3133440,0.7132652997970581,-0.14227634168395298
finetune,9,"biggrid50-goal(21,45)",finetune,370,3143680,0.7397958636283875,-0.036585487474070526
finetune,9,"biggrid50-goal(21,45)",finetune,380,3153920,0.7469388246536255,-0.008129791728403505
finetune,9,"biggrid50-goal(21,45)",finetune,390,3164160,0.8051019906997681,0.22357710836049755
finetune,9,"biggrid50-goal(21,45)",finetune,400,3174400,0.9561222791671753,0.8252025918074266
finetune,9,"biggrid50-goal(21,45)",finetune,410,3184640,0.9479590654373169,0.7926824750963095
finetune,9,"biggrid50-goal(21,45)",finetune,420,3194880,0.9469386339187622,0.7886173417827319
finetune,9,"biggrid50-goal(21,45)",finetune,430,3205120,0.9346936941146851,0.7398366918173046
finetune,9,"biggrid50-goal(21,45)",finetune,440,3215360,0.8612244725227356,0.44715445417037086
finetune,9,"biggrid50-goal(21,45)",finetune,450,3225600,0.8918366432189941,0.5691053667358119
finetune,9,"biggrid50-goal(21,45)",finetune,460,3235840,0.8408161997795105,0.36585321259507475
finetune,9,"biggrid50-goal(21,45)",finetune,470,3246080,0.8193876147270203,0.28048731260495263
finetune,9,"biggrid50-goal(21,45)",finetune,480,3256320,0.8183673024177551,0.2764226541901267
finetune,9,"biggrid50-goal(21,45)",finetune,490,3266560,0.8428570628166199,0.3739834792222298
finetune,9,"biggrid50-goal(21,45)",finetune,500,3276800,0.8806120753288269,0.5243896126345863
finetune,10,"biggrid50-goal(33,3)",finetune,10,3287040,0.7734693288803101,0.27213102949144125
finetune,10,"biggrid50-goal(33,3)",finetune,20,3297280,0.8887754678726196,0.6426228497240534
finetune,10,"biggrid50-goal(33,3)",finetune,30,3307520,0.9397958517074585,0.8065571817650969
finetune,10,"biggrid50-goal(33,3)",finetune,40,3317760,0.9499999284744263,0.8393440481733057
finetune,10,"biggrid50-goal(33,3)",finetune,50,3328000,0.9561223983764648,0.8590162446248488
finetune,10,"biggrid50-goal(33,3)",finetune,60,3338240,0.9734693765640259,0.9147540707320394
finetune,10,"biggrid50-goal(33,3)",finetune,70,3348480,0.9612244367599487,0.8754096778289532
finetune,10,"biggrid50-goal(33,3)",finetune,80,3358720,0.9551019668579102,0.85573748137741
finetune,10,"biggrid50-goal(33,3)",finetune,90,3368960,0.9571428298950195,0.8622950078722875
finetune,10,"biggrid50-goal(33,3)",finetune,100,3379200,0.9724489450454712,0.9114753074846006
finetune,10,"biggrid50-goal(33,3)",finetune,110,3389440,0.9908162951469421,0.9704917053226852
finetune,10,"biggrid50-goal(33,3)",finetune,120,3399680,0.9561222791671753,0.8590158615917591
finetune,10,"biggrid50-goal(33,3)",finetune,130,3409920,0.9775508642196655,0.9278683576556154
finetune,10,"biggrid50-goal(33,3)",finetune,140,3420160,0.9938774108886719,0.9803274205153671
finetune,10,"biggrid50-goal(33,3)",finetune,150,3430400,0.9734692573547363,0.9147536876989498
finetune,11,"biggrid50-goal(21,24)",finetune,10,3440640,0.9499999284744263,0.7425566215417042
finetune,11,"biggrid50-goal(21,24)",finetune,20,3450880,0.9255101084709167,0.6164619619307808
finetune,11,"biggrid50-goal(21,24)",finetune,30,3461120,0.9295917749404907,0.6374778919805931
finetune,11,"biggrid50-goal(21,24)",finetune,40,3471360,0.9265305399894714,0.6217160211672298
finetune,11,"biggrid50-goal(21,24)",finetune,50,3481600,0.9836733937263489,0.9159365866967343
finetune,11,"biggrid50-goal(21,24)",finetune,60,3491840,0.9306122660636902,0.6427322581130255
finetune,11,"biggrid50-goal(21,24)",finetune,70,3502080,0.9377549886703491,0.6795091382882509
finetune,11,"biggrid50-goal(21,24)",finetune,80,3512320,0.9448978304862976,0.716286632255443
finetune,11,"biggrid50-goal(21,24)",finetune,90,3522560,0.9581631422042847,0.784587867849362
finetune,11,"biggrid50-goal(21,24)",finetune,100,3532800,0.9520407915115356,0.7530647400146021
finetune,11,"biggrid50-goal(21,24)",finetune,110,3543040,0.9795917272567749,0.894920656646922
finetune,11,"biggrid50-goal(21,24)",finetune,120,3553280,0.9367345571517944,0.6742550790518019
finetune,11,"biggrid50-goal(21,24)",finetune,130,3563520,0.936734676361084,0.6742556928437687
finetune,11,"biggrid50-goal(21,24)",finetune,140,3573760,0.9367345571517944,0.6742550790518019
finetune,11,"biggrid50-goal(21,24)",finetune,150,3584000,0.9357142448425293,0.6690016336073198
finetune,12,"biggrid50-goal(21,3)",finetune,10,3594240,0.8091835975646973,0.41256521868374685
finetune,12,"biggrid50-goal(21,3)",finetune,20,3604480,0.800000011920929,0.3842932381019138
finetune,12,"biggrid50-goal(21,3)",finetune,30,3614720,0.7826530337333679,0.3308899760759317
finetune,12,"biggrid50-goal(21,3)",finetune,40,3624960,0.7673468589782715,0.28376939678979296
finetune,12,"biggrid50-goal(21,3)",finetune,50,3635200,0.7306122183799744,0.17068055698783538
finetune,12,"biggrid50-goal(21,3)",finetune,60,3645440,0.7612244486808777,0.2649213485702626
finetune,12,"biggrid50-goal(21,3)",finetune,70,3655680,0.7489795684814453,0.22722506863627673
finetune,12,"biggrid50-goal(21,3)",finetune,80,3665920,0.7489795684814453,0.22722506863627673
finetune,12,"biggrid50-goal(21,3)",finetune,90,3676160,0.7295917868614197,0.1675391238704511
finetune,12,"biggrid50-goal(21,3)",finetune,100,3686400,0.7591835856437683,0.258638482335494
finetune,12,"biggrid50-goal(21,3)",finetune,110,3696640,0.7714285254478455,0.296334945764405
finetune,12,"biggrid50-goal(21,3)",finetune,120,3706880,0.8846938014030457,0.6450259480173557
finetune,12,"biggrid50-goal(21,3)",finetune,130,3717120,0.9357142448425293,0.8020941174829928
finetune,12,"biggrid50-goal(21,3)",finetune,140,3727360,0.9704080820083618,0.9089002745451069
finetune,12,"biggrid50-goal(21,3)",finetune,150,3737600,0.9816325902938843,0.9434553048566335
finetune,12,"biggrid50-goal(21,3)",finetune,160,3747840,0.9551018476486206,0.8617795117640431
finetune,12,"biggrid50-goal(21,3)",finetune,170,3758080,0.9999998807907104,0.9999996330101498
finetune,12,"biggrid50-goal(21,3)",finetune,180,3768320,0.9306120872497559,0.7863869518960714
finetune,12,"biggrid50-goal(21,3)",finetune,190,3778560,0.8877550363540649,0.6544500638745834
finetune,12,"biggrid50-goal(21,3)",finetune,200,3788800,0.8673468828201294,0.5916228694862986
finetune,12,"biggrid50-goal(21,3)",finetune,210,3799040,0.7836734652519226,0.3340314091933159
finetune,12,"biggrid50-goal(21,3)",finetune,220,3809280,0.7581632137298584,0.25549723271303487
finetune,12,"biggrid50-goal(21,3)",finetune,230,3819520,0.7581632137298584,0.25549723271303487
finetune,12,"biggrid50-goal(21,3)",finetune,240,3829760,0.7520407438278198,0.23664900099857938
finetune,12,"biggrid50-goal(21,3)",finetune,250,3840000,0.7714285254478455,0.296334945764405
finetune,12,"biggrid50-goal(21,3)",finetune,260,3850240,0.9316326379776001,0.7895287520033059
finetune,12,"biggrid50-goal(21,3)",finetune,270,3860480,0.9999998807907104,0.9999996330101498
finetune,12,"biggrid50-goal(21,3)",finetune,280,3870720,0.9999998807907104,0.9999996330101498
finetune,12,"biggrid50-goal(21,3)",finetune,290,3880960,0.9999998807907104,0.9999996330101498
finetune,12,"biggrid50-goal(21,3)",finetune,300,3891200,0.9999998807907104,0.9999996330101498
finetune,12,"biggrid50-goal(21,3)",finetune,310,3901440,0.9275509715080261,0.7769632030286938
finetune,12,"biggrid50-goal(21,3)",finetune,320,3911680,0.9479589462280273,0.8397898469322034
finetune,12,"biggrid50-goal(21,3)",finetune,330,3921920,0.9173467755317688,0.7455492388447013
finetune,12,"biggrid50-goal(21,3)",finetune,340,3932160,0.8887753486633301,0.6575911300021176
finetune,12,"biggrid50-goal(21,3)",finetune,350,3942400,0.8846937417984009,0.6450257645224307
finetune,12,"biggrid50-goal(21,3)",finetune,360,3952640,0.86530601978302,0.5853400032515301
finetune,12,"biggrid50-goal(21,3)",finetune,370,3962880,0.925510048866272,0.7706801532990002
finetune,12,"biggrid50-goal(21,3)",finetune,380,3973120,0.925510048866272,0.7706801532990002
finetune,12,"biggrid50-goal(21,3)",finetune,390,3983360,0.9999998807907104,0.9999996330101498
finetune,12,"biggrid50-goal(21,3)",finetune,400,3993600,0.9999998807907104,0.9999996330101498
finetune,13,"biggrid50-goal(3,17)",finetune,10,4003840,0.8551019430160522,0.45314461652529553
finetune,13,"biggrid50-goal(3,17)",finetune,20,4014080,0.9561222791671753,0.8344024181449956
finetune,13,"biggrid50-goal(3,17)",finetune,30,4024320,0.8908162117004395,0.5879327600204346
finetune,13,"biggrid50-goal(3,17)",finetune,40,4034560,0.8775508999824524,0.5378685474461077
finetune,13,"biggrid50-goal(3,17)",finetune,50,4044800,0.8785713315010071,0.5417197272410909
finetune,13,"biggrid50-goal(3,17)",finetune,60,4055040,0.8877550363540649,0.5763796705396668
finetune,13,"biggrid50-goal(3,17)",finetune,70,4065280,0.8867346048355103,0.5725284907446837
finetune,13,"biggrid50-goal(3,17)",finetune,80,4075520,0.9602039456367493,0.8498069123728373
finetune,13,"biggrid50-goal(3,17)",finetune,90,4085760,0.8887754678726196,0.5802308503346499
finetune,13,"biggrid50-goal(3,17)",finetune,100,4096000,0.9459182620048523,0.7958917449556181
finetune,13,"biggrid50-goal(3,17)",finetune,110,4106240,0.8928570747375488,0.5956351196104009
finetune,13,"biggrid50-goal(3,17)",finetune,120,4116480,0.8928570747375488,0.5956351196104009
finetune,13,"biggrid50-goal(3,17)",finetune,130,4126720,0.9081630706787109,0.6534010169184218
finetune,13,"biggrid50-goal(3,17)",finetune,140,4136960,0.9438775181770325,0.7881898352698334
finetune,13,"biggrid50-goal(3,17)",finetune,150,4147200,0.9622448086738586,0.8575092719628037
finetune,14,"biggrid50-goal(15,45)",finetune,10,4157440,0.8173469305038452,-0.036679470065149156
finetune,14,"biggrid50-goal(15,45)",finetune,20,4167680,0.8683673143386841,0.25289564970876044
finetune,14,"biggrid50-goal(15,45)",finetune,30,4177920,0.9030610918998718,0.44980625753978537
finetune,14,"biggrid50-goal(15,45)",finetune,40,4188160,0.9387754201889038,0.6525091796781175
finetune,14,"biggrid50-goal(15,45)",finetune,50,4198400,0.9234693646430969,0.5656369820425401
finetune,14,"biggrid50-goal(15,45)",finetune,60,4208640,0.896938681602478,0.4150574461448735
finetune,14,"biggrid50-goal(15,45)",finetune,70,4218880,0.9255101084709167,0.577219580877582
finetune,14,"biggrid50-goal(15,45)",finetune,80,4229120,0.9357142448425293,0.6351349431289594
finetune,14,"biggrid50-goal(15,45)",finetune,90,4239360,0.9448979496955872,0.6872586676662203
finetune,14,"biggrid50-goal(15,45)",finetune,100,4249600,0.9020407795906067,0.4440152964188599
finetune,14,"biggrid50-goal(15,45)",finetune,110,4259840,0.8979591131210327,0.42084908385898984
finetune,14,"biggrid50-goal(15,45)",finetune,120,4270080,0.9265305399894714,0.5830112185916984
finetune,14,"biggrid50-goal(15,45)",finetune,130,4280320,0.9295917749404907,0.600385793437452
finetune,14,"biggrid50-goal(15,45)",finetune,140,4290560,0.9306122064590454,0.6061774311515684
finetune,14,"biggrid50-goal(15,45)",finetune,150,4300800,0.9163264036178589,0.525095856340321
finetune,15,"biggrid50-goal(3,24)",finetune,10,4311040,0.8030611276626587,-3.026556520186375e-07
finetune,15,"biggrid50-goal(3,24)",finetune,20,4321280,0.928571343421936,0.6373053356678172
finetune,15,"biggrid50-goal(3,24)",finetune,30,4331520,0.9193876385688782,0.5906730607717416
finetune,15,"biggrid50-goal(3,24)",finetune,40,4341760,0.9999998807907104,0.9999993946886959
finetune,15,"biggrid50-goal(3,24)",finetune,50,4352000,0.9979591369628906,0.9896370704748818
finetune,15,"biggrid50-goal(3,24)",finetune,60,4362240,0.9918365478515625,0.9585482818995275
finetune,15,"biggrid50-goal(3,24)",finetune,70,4372480,0.9897956848144531,0.9481853523744093
finetune,15,"biggrid50-goal(3,24)",finetune,80,4382720,0.9989795684814453,0.9948185352374409
finetune,15,"biggrid50-goal(3,24)",finetune,90,4392960,0.9867345094680786,0.932641563398036
finetune,15,"biggrid50-goal(3,24)",finetune,100,4403200,0.9683672189712524,0.8393776189171889
finetune,15,"biggrid50-goal(3,24)",finetune,110,4413440,0.9785712957382202,0.8911910559201716
finetune,15,"biggrid50-goal(3,24)",finetune,120,4423680,0.9816325306892395,0.9067351475521968
finetune,15,"biggrid50-goal(3,24)",finetune,130,4433920,0.9908161163330078,0.9533668171369684
finetune,15,"biggrid50-goal(3,24)",finetune,140,4444160,0.9816325306892395,0.9067351475521968
finetune,15,"biggrid50-goal(3,24)",finetune,150,4454400,0.9653059244155884,0.8238332246295117
finetune,16,"biggrid50-goal(3,10)",finetune,10,4464640,0.7214285135269165,0.18263454256062794
finetune,16,"biggrid50-goal(3,10)",finetune,20,4474880,0.7306122183799744,0.20958074302516513
finetune,16,"biggrid50-goal(3,10)",finetune,30,4485120,0.7306122183799744,0.20958074302516513
finetune,16,"biggrid50-goal(3,10)",finetune,40,4495360,0.731632649898529,0.21257482359496385
finetune,16,"biggrid50-goal(3,10)",finetune,50,4505600,0.7387754917144775,0.23353286291990363
finetune,16,"biggrid50-goal(3,10)",finetune,60,4515840,0.7306122183799744,0.20958074302516513
finetune,16,"biggrid50-goal(3,10)",finetune,70,4526080,0.732653021812439,0.2155687292768788
finetune,16,"biggrid50-goal(3,10)",finetune,80,4536320,0.7091836333274841,0.1467064501624621
finetune,16,"biggrid50-goal(3,10)",finetune,90,4546560,0.7204080820083618,0.17964046199082923
finetune,16,"biggrid50-goal(3,10)",finetune,100,4556800,0.6846938729286194,0.0748502653661304
finetune,16,"biggrid50-goal(3,10)",finetune,110,4567040,0.6948978900909424,0.10479019662469882
finetune,16,"biggrid50-goal(3,10)",finetune,120,4577280,0.7091836333274841,0.1467064501624621
finetune,16,"biggrid50-goal(3,10)",finetune,130,4587520,0.7091836333274841,0.1467064501624621
finetune,16,"biggrid50-goal(3,10)",finetune,140,4597760,0.728571355342865,0.2035925818855677
finetune,16,"biggrid50-goal(3,10)",finetune,150,4608000,0.7704080939292908,0.3263470870411751
finetune,16,"biggrid50-goal(3,10)",finetune,160,4618240,0.7714284658432007,0.32934099272309003
finetune,16,"biggrid50-goal(3,10)",finetune,170,4628480,0.7448979020118713,0.25149682167504467
finetune,16,"biggrid50-goal(3,10)",finetune,180,4638720,0.718367338180542,0.1736526506269993
finetune,16,"biggrid50-goal(3,10)",finetune,190,4648960,0.7081632614135742,0.14371254448054713
finetune,16,"biggrid50-goal(3,10)",finetune,200,4659200,0.7091836929321289,0.14670662505034585
finetune,16,"biggrid50-goal(3,10)",finetune,210,4669440,0.7030612230300903,0.12874249140732105
finetune,16,"biggrid50-goal(3,10)",finetune,220,4679680,0.686734676361084,0.0808382516178441
finetune,16,"biggrid50-goal(3,10)",finetune,230,4689920,0.6887755393981934,0.08682641275744152
finetune,16,"biggrid50-goal(3,10)",finetune,240,4700160,0.6857142448425293,0.07784417104804538
finetune,16,"biggrid50-goal(3,10)",finetune,250,4710400,0.7295918464660645,0.20658683734325017
finetune,16,"biggrid50-goal(3,10)",finetune,260,4720640,0.7408162951469421,0.2395208491716173
finetune,16,"biggrid50-goal(3,10)",finetune,270,4730880,0.7295917272567749,0.20658648756748269
finetune,16,"biggrid50-goal(3,10)",finetune,280,4741120,0.7132652401924133,0.15868242266588947
finetune,16,"biggrid50-goal(3,10)",finetune,290,4751360,0.7204081416130066,0.17964063687871298
finetune,16,"biggrid50-goal(3,10)",finetune,300,4761600,0.7081632018089294,0.1437123695926634
finetune,16,"biggrid50-goal(3,10)",finetune,310,4771840,0.735714316368103,0.22455097098627497
finetune,16,"biggrid50-goal(3,10)",finetune,320,4782080,0.7204081416130066,0.17964063687871298
finetune,16,"biggrid50-goal(3,10)",finetune,330,4792320,0.7479591369628906,0.2604788884965571
finetune,16,"biggrid50-goal(3,10)",finetune,340,4802560,0.7724488973617554,0.33233507329288875
finetune,16,"biggrid50-goal(3,10)",finetune,350,4812800,0.7479591369628906,0.2604788884965571
finetune,16,"biggrid50-goal(3,10)",finetune,360,4823040,0.7479591369628906,0.2604788884965571
finetune,16,"biggrid50-goal(3,10)",finetune,370,4833280,0.7357142567634583,0.22455079609839124
finetune,16,"biggrid50-goal(3,10)",finetune,380,4843520,0.7112244367599487,0.1526944364141758
finetune,16,"biggrid50-goal(3,10)",finetune,390,4853760,0.7163265347480774,0.16766466437528563
finetune,16,"biggrid50-goal(3,10)",finetune,400,4864000,0.7214285731315613,0.1826347174485117
finetune,16,"biggrid50-goal(3,10)",finetune,410,4874240,0.7142857313156128,0.16167667812357192
finetune,16,"biggrid50-goal(3,10)",finetune,420,4884480,0.7969387173652649,0.4041914329771042
finetune,16,"biggrid50-goal(3,10)",finetune,430,4894720,0.7816326022148132,0.35928127375742597
finetune,16,"biggrid50-goal(3,10)",finetune,440,4904960,0.7632652521133423,0.3053890477162353
finetune,16,"biggrid50-goal(3,10)",finetune,450,4915200,0.7367347478866577,0.22754505155607369
finetune,16,"biggrid50-goal(3,10)",finetune,460,4925440,0.7132652997970581,0.1586825975537732
finetune,16,"biggrid50-goal(3,10)",finetune,470,4935680,0.7367347478866577,0.22754505155607369
finetune,16,"biggrid50-goal(3,10)",finetune,480,4945920,0.7387755513191223,0.23353303780778736
finetune,16,"biggrid50-goal(3,10)",finetune,490,4956160,0.7387755513191223,0.23353303780778736
finetune,16,"biggrid50-goal(3,10)",finetune,500,4966400,0.7142857313156128,0.16167667812357192
finetune,17,"biggrid50-goal(46,31)",finetune,10,4976640,0.7081632614135742,0.142857192875023
finetune,17,"biggrid50-goal(46,31)",finetune,20,4986880,0.7346938848495483,0.220779298079581
finetune,17,"biggrid50-goal(46,31)",finetune,30,4997120,0.7602040767669678,0.2957043319060481
finetune,17,"biggrid50-goal(46,31)",finetune,40,5007360,0.8112244606018066,0.44555439955898235
finetune,17,"biggrid50-goal(46,31)",finetune,50,5017600,0.8397958874702454,0.5294704724571416
finetune,17,"biggrid50-goal(46,31)",finetune,60,5027840,0.873469352722168,0.6283715521205943
finetune,17,"biggrid50-goal(46,31)",finetune,70,5038080,0.8663264513015747,0.6073924025991191
finetune,17,"biggrid50-goal(46,31)",finetune,80,5048320,0.8744896650314331,0.6313682733735242
finetune,17,"biggrid50-goal(46,31)",finetune,90,5058560,0.8775509595870972,0.6403594875077968
finetune,17,"biggrid50-goal(46,31)",finetune,100,5068800,0.8663265109062195,0.6073925776616996
finetune,17,"biggrid50-goal(46,31)",finetune,110,5079040,0.8653060793876648,0.6043955062836087
finetune,17,"biggrid50-goal(46,31)",finetune,120,5089280,0.886734664440155,0.6673326047228733
finetune,17,"biggrid50-goal(46,31)",finetune,130,5099520,0.8591836094856262,0.5864134281402245
finetune,17,"biggrid50-goal(46,31)",finetune,140,5109760,0.8265305757522583,0.4905094198548626
finetune,17,"biggrid50-goal(46,31)",finetune,150,5120000,0.7938775420188904,0.3946054115695008
finetune,17,"biggrid50-goal(46,31)",finetune,160,5130240,0.8540816307067871,0.5714285964375115
finetune,17,"biggrid50-goal(46,31)",finetune,170,5140480,0.8265305757522583,0.4905094198548626
finetune,17,"biggrid50-goal(46,31)",finetune,180,5150720,0.8744897842407227,0.6313686234986852
finetune,17,"biggrid50-goal(46,31)",finetune,190,5160960,0.8591836094856262,0.5864134281402245
finetune,17,"biggrid50-goal(46,31)",finetune,200,5171200,0.8520407676696777,0.5654344536813297
finetune,17,"biggrid50-goal(46,31)",finetune,210,5181440,0.8642856478691101,0.6013984349055178
finetune,17,"biggrid50-goal(46,31)",finetune,220,5191680,0.8612244725227356,0.5924075708964062
finetune,17,"biggrid50-goal(46,31)",finetune,230,5201920,0.8530611991882324,0.5684315250594206
finetune,17,"biggrid50-goal(46,31)",finetune,240,5212160,0.8928570747375488,0.6853145078036771
finetune,17,"biggrid50-goal(46,31)",finetune,250,5222400,0.8928570747375488,0.6853145078036771
finetune,17,"biggrid50-goal(46,31)",finetune,260,5232640,0.8989794850349426,0.7032964108844809
finetune,17,"biggrid50-goal(46,31)",finetune,270,5242880,0.893877387046814,0.688311229056607
finetune,17,"biggrid50-goal(46,31)",finetune,280,5253120,0.86530601978302,0.6043953312210283
finetune,17,"biggrid50-goal(46,31)",finetune,290,5263360,0.86530601978302,0.6043953312210283
finetune,17,"biggrid50-goal(46,31)",finetune,300,5273600,0.8683673143386841,0.6133865453553009
finetune,18,"biggrid50-goal(46,24)",finetune,10,5283840,0.9030610918998718,0.7373268882499221
finetune,18,"biggrid50-goal(46,24)",finetune,20,5294080,0.8775508999824524,0.6682025126651574
finetune,18,"biggrid50-goal(46,24)",finetune,30,5304320,0.8469387292861938,0.5852534234727638
finetune,18,"biggrid50-goal(46,24)",finetune,40,5314560,0.8244897723197937,0.5244240052600356
finetune,18,"biggrid50-goal(46,24)",finetune,50,5324800,0.7816326022148132,0.4082949250701718
finetune,18,"biggrid50-goal(46,24)",finetune,60,5335040,0.7795917391777039,0.40276484581593136
finetune,18,"biggrid50-goal(46,24)",finetune,70,5345280,0.7857142686843872,0.4193549220693285
finetune,18,"biggrid50-goal(46,24)",finetune,80,5355520,0.777550995349884,0.39723508958033904
finetune,18,"biggrid50-goal(46,24)",finetune,90,5365760,0.8693877458572388,0.6460830031948159
finetune,18,"biggrid50-goal(46,24)",finetune,100,5376000,0.8683673143386841,0.6433179635676958
finetune,18,"biggrid50-goal(46,24)",finetune,110,5386240,0.9632652401924133,0.9004606730448852
finetune,18,"biggrid50-goal(46,24)",finetune,120,5396480,0.9785712957382202,0.94193513688642
finetune,18,"biggrid50-goal(46,24)",finetune,130,5406720,0.9836732745170593,0.955759850494049
finetune,18,"biggrid50-goal(46,24)",finetune,140,5416960,0.9816325306892395,0.9502300942584566
finetune,18,"biggrid50-goal(46,24)",finetune,150,5427200,0.9806121587753296,0.9474652161406604
finetune,18,"biggrid50-goal(46,24)",finetune,160,5437440,0.9857141375541687,0.9612899297482893
finetune,18,"biggrid50-goal(46,24)",finetune,170,5447680,0.9908162355422974,0.9751149663745663
finetune,18,"biggrid50-goal(46,24)",finetune,180,5457920,0.9918365478515625,0.9778796829830384
finetune,18,"biggrid50-goal(46,24)",finetune,190,5468160,0.9836732745170593,0.955759850494049
finetune,18,"biggrid50-goal(46,24)",finetune,200,5478400,0.98163241147995,0.9502297712398086
finetune,19,"biggrid50-goal(3,45)",finetune,10,5488640,0.6387754678726196,-0.21510275459878408
finetune,19,"biggrid50-goal(3,45)",finetune,20,5498880,0.6948978900909424,-0.026315715605008828
finetune,19,"biggrid50-goal(3,45)",finetune,30,5509120,0.7459182739257812,0.1453088652984232
finetune,19,"biggrid50-goal(3,45)",finetune,40,5519360,0.7724488973617554,0.23455372756848403
finetune,19,"biggrid50-goal(3,45)",finetune,50,5529600,0.8887753486633301,0.625857691828033
finetune,19,"biggrid50-goal(3,45)",finetune,60,5539840,0.9591835141181946,0.8626997337751834
finetune,19,"biggrid50-goal(3,45)",finetune,70,5550080,0.9663262367248535,0.8867267340001451
finetune,19,"biggrid50-goal(3,45)",finetune,80,5560320,0.9612242579460144,0.8695644764104923
finetune,19,"biggrid50-goal(3,45)",finetune,90,5570560,0.9877549409866333,0.9588095391812435
finetune,19,"biggrid50-goal(3,45)",finetune,100,5580800,0.9632651209831238,0.8764296200471818
finetune,19,"biggrid50-goal(3,45)",finetune,110,5591040,0.988775372505188,0.9622421109995881
finetune,19,"biggrid50-goal(3,45)",finetune,120,5601280,0.9755101203918457,0.9176198803652481
finetune,19,"biggrid50-goal(3,45)",finetune,130,5611520,0.9724488258361816,0.9073221649102138
finetune,19,"biggrid50-goal(3,45)",finetune,140,5621760,0.9602039456367493,0.8661323055935282
finetune,19,"biggrid50-goal(3,45)",finetune,150,5632000,0.9499999284744263,0.8318075899135321
finetune,20,"biggrid50-goal(21,10)",finetune,10,5642240,0.7112244963645935,-0.035366176300253155
finetune,20,"biggrid50-goal(21,10)",finetune,20,5652480,0.7255102396011353,0.01585345682035869
finetune,20,"biggrid50-goal(21,10)",finetune,30,5662720,0.7295918464660645,0.030487515595088045
finetune,20,"biggrid50-goal(21,10)",finetune,40,5672960,0.7408163547515869,0.0707314977823881
finetune,20,"biggrid50-goal(21,10)",finetune,50,5683200,0.7408162951469421,0.07073128407785854
finetune,20,"biggrid50-goal(21,10)",finetune,60,5693440,0.7295917868614197,0.03048730189055849
finetune,20,"biggrid50-goal(21,10)",finetune,70,5703680,0.7265306115150452,0.019511864661776252
finetune,20,"biggrid50-goal(21,10)",finetune,80,5713920,0.7255101799964905,0.015853243115829137
finetune,20,"biggrid50-goal(21,10)",finetune,90,5724160,0.7663264870643616,0.16219468568124087
finetune,20,"biggrid50-goal(21,10)",finetune,100,5734400,0.7908162474632263,0.24999946573867612
finetune,20,"biggrid50-goal(21,10)",finetune,110,5744640,0.7908162474632263,0.24999946573867612
finetune,20,"biggrid50-goal(21,10)",finetune,120,5754880,0.7908162474632263,0.24999946573867612
finetune,20,"biggrid50-goal(21,10)",finetune,130,5765120,0.7928571105003357,0.25731670883057034
finetune,20,"biggrid50-goal(21,10)",finetune,140,5775360,0.7908162474632263,0.24999946573867612
finetune,20,"biggrid50-goal(21,10)",finetune,150,5785600,0.791836678981781,0.25365808728462325
finetune,20,"biggrid50-goal(21,10)",finetune,160,5795840,0.795918345451355,0.26829235976388216
finetune,20,"biggrid50-goal(21,10)",finetune,170,5806080,0.8081632852554321,0.31219496349712933
finetune,20,"biggrid50-goal(21,10)",finetune,180,5816320,0.8091837167739868,0.3158535850430764
finetune,20,"biggrid50-goal(21,10)",finetune,190,5826560,0.8051020503044128,0.3012193125638175
finetune,20,"biggrid50-goal(21,10)",finetune,200,5836800,0.8091837167739868,0.3158535850430764
finetune,20,"biggrid50-goal(21,10)",finetune,210,5847040,0.8081632852554321,0.31219496349712933
finetune,20,"biggrid50-goal(21,10)",finetune,220,5857280,0.8061224222183228,0.3048777204052351
finetune,20,"biggrid50-goal(21,10)",finetune,230,5867520,0.8061224222183228,0.3048777204052351
finetune,20,"biggrid50-goal(21,10)",finetune,240,5877760,0.8071428537368774,0.3085363419511822
finetune,20,"biggrid50-goal(21,10)",finetune,250,5888000,0.8061224222183228,0.3048777204052351
finetune,20,"biggrid50-goal(21,10)",finetune,260,5898240,0.8020407557487488,0.2902434479259762
finetune,20,"biggrid50-goal(21,10)",finetune,270,5908480,0.8061224222183228,0.3048777204052351
finetune,20,"biggrid50-goal(21,10)",finetune,280,5918720,0.791836678981781,0.25365808728462325
finetune,20,"biggrid50-goal(21,10)",finetune,290,5928960,0.803061306476593,0.2939024968809824
finetune,20,"biggrid50-goal(21,10)",finetune,300,5939200,0.8244897723197937,0.37073141230057627
finetune,20,"biggrid50-goal(21,10)",finetune,310,5949440,0.8163264989852905,0.341463081046588
finetune,20,"biggrid50-goal(21,10)",finetune,320,5959680,0.8204081654548645,0.3560973535258469
finetune,20,"biggrid50-goal(21,10)",finetune,330,5969920,0.8153061866760254,0.3378048869097
finetune,20,"biggrid50-goal(21,10)",finetune,340,5980160,0.8193877935409546,0.35243894568442935
finetune,20,"biggrid50-goal(21,10)",finetune,350,5990400,0.8153060674667358,0.3378044595006409
finetune,20,"biggrid50-goal(21,10)",finetune,360,6000640,0.8193877339363098,0.35243873197989983
finetune,20,"biggrid50-goal(21,10)",finetune,370,6010880,0.8193877339363098,0.35243873197989983
finetune,20,"biggrid50-goal(21,10)",finetune,380,6021120,0.8163264989852905,0.341463081046588
finetune,20,"biggrid50-goal(21,10)",finetune,390,6031360,0.8020407557487488,0.2902434479259762
finetune,20,"biggrid50-goal(21,10)",finetune,400,6041600,0.8153060674667358,0.3378044595006409
finetune,20,"biggrid50-goal(21,10)",finetune,410,6051840,0.8153060674667358,0.3378044595006409
finetune,20,"biggrid50-goal(21,10)",finetune,420,6062080,0.8357142210006714,0.41097518078334677
finetune,20,"biggrid50-goal(21,10)",finetune,430,6072320,0.8346939086914062,0.40731698664645877
finetune,20,"biggrid50-goal(21,10)",finetune,440,6082560,0.8173469305038452,0.3451217025925351
finetune,20,"biggrid50-goal(21,10)",finetune,450,6092800,0.8357142210006714,0.41097518078334677
finetune,20,"biggrid50-goal(21,10)",finetune,460,6103040,0.8295918703079224,0.3890243063257823
finetune,20,"biggrid50-goal(21,10)",finetune,470,6113280,0.8224489092826843,0.363414169208682
finetune,20,"biggrid50-goal(21,10)",finetune,480,6123520,0.8336734771728516,0.4036583651005117
finetune,20,"biggrid50-goal(21,10)",finetune,490,6133760,0.8214285969734192,0.359755975071794
finetune,20,"biggrid50-goal(21,10)",finetune,500,6144000,0.8081632852554321,0.31219496349712933
finetune,21,"biggrid50-goal(40,3)",finetune,10,6154240,0.6744897961616516,0.2362329690450274
finetune,21,"biggrid50-goal(40,3)",finetune,20,6164480,0.6459183096885681,0.16919372070135907
finetune,21,"biggrid50-goal(40,3)",finetune,30,6174720,0.7020407915115356,0.300877768716761
finetune,21,"biggrid50-goal(40,3)",finetune,40,6184960,0.6918367147445679,0.276935239960231
finetune,21,"biggrid50-goal(40,3)",finetune,50,6195200,0.6948979496955872,0.2841180265580874
finetune,21,"biggrid50-goal(40,3)",finetune,60,6205440,0.6765305399894714,0.241021306970949
finetune,21,"biggrid50-goal(40,3)",finetune,70,6215680,0.6612244844436646,0.20510765369064105
finetune,21,"biggrid50-goal(40,3)",finetune,80,6225920,0.6775509715080261,0.2434156157883968
finetune,21,"biggrid50-goal(40,3)",finetune,90,6236160,0.6836733818054199,0.2577810491296226
finetune,21,"biggrid50-goal(40,3)",finetune,100,6246400,0.6999999284744263,0.29608915108186534
finetune,21,"biggrid50-goal(40,3)",finetune,110,6256640,0.7193876504898071,0.34157989977747755
finetune,21,"biggrid50-goal(40,3)",finetune,120,6266880,0.7428570985794067,0.3966478837428809
finetune,21,"biggrid50-goal(40,3)",finetune,130,6277120,0.77448970079422,0.4708696389754316
finetune,21,"biggrid50-goal(40,3)",finetune,140,6287360,0.7846938371658325,0.4948123075864486
finetune,21,"biggrid50-goal(40,3)",finetune,150,6297600,0.810204029083252,0.5546686294777735
finetune,21,"biggrid50-goal(40,3)",finetune,160,6307840,0.8806120753288269,0.7198718821015486
finetune,21,"biggrid50-goal(40,3)",finetune,170,6318080,0.8744896650314331,0.7055064487603229
finetune,21,"biggrid50-goal(40,3)",finetune,180,6328320,0.8785713315010071,0.715083544175627
finetune,21,"biggrid50-goal(40,3)",finetune,190,6338560,0.8775508999824524,0.7126892353581792
finetune,21,"biggrid50-goal(40,3)",finetune,200,6348800,0.8775508999824524,0.7126892353581792
finetune,21,"biggrid50-goal(40,3)",finetune,210,6359040,0.8826529383659363,0.7246604997364442
finetune,21,"biggrid50-goal(40,3)",finetune,220,6369280,0.9693876504898071,0.9281721340214361
finetune,21,"biggrid50-goal(40,3)",finetune,230,6379520,0.8948977589607239,0.7533913664188958
finetune,21,"biggrid50-goal(40,3)",finetune,240,6389760,0.9295916557312012,0.8347960481037899
finetune,21,"biggrid50-goal(40,3)",finetune,250,6400000,0.9581631422042847,0.9018352964474583
finetune,21,"biggrid50-goal(40,3)",finetune,260,6410240,0.9204079508781433,0.8132476883102208
finetune,21,"biggrid50-goal(40,3)",finetune,270,6420480,0.9530609846115112,0.8898637523602193
finetune,21,"biggrid50-goal(40,3)",finetune,280,6430720,0.9520405530929565,0.8874694435427715
finetune,21,"biggrid50-goal(40,3)",finetune,290,6440960,0.9673467874526978,0.9233835163865405
finetune,21,"biggrid50-goal(40,3)",finetune,300,6451200,0.9346938133239746,0.8467675921910289
finetune,22,"biggrid50-goal(15,38)",finetune,10,6461440,0.8224489092826843,0.17665563000854353
finetune,22,"biggrid50-goal(15,38)",finetune,20,6471680,0.8908162117004395,0.49369019909932244
finetune,22,"biggrid50-goal(15,38)",finetune,30,6481920,0.9336733818054199,0.6924285429593556
finetune,22,"biggrid50-goal(15,38)",finetune,40,6492160,0.9285712242126465,0.6687686898328691
finetune,22,"biggrid50-goal(15,38)",finetune,50,6502400,0.9163264036178589,0.6119867007302215
finetune,22,"biggrid50-goal(15,38)",finetune,60,6512640,0.9346938133239746,0.6971605135846529
finetune,22,"biggrid50-goal(15,38)",finetune,70,6522880,0.9438773989677429,0.7397468672115619
finetune,22,"biggrid50-goal(15,38)",finetune,80,6533120,0.9561222791671753,0.7965291327143629
finetune,22,"biggrid50-goal(15,38)",finetune,90,6543360,0.9591835737228394,0.8107250445902547
finetune,22,"biggrid50-goal(15,38)",finetune,100,6553600,0.9581631422042847,0.8059930739649575
finetune,22,"biggrid50-goal(15,38)",finetune,110,6563840,0.9632651209831238,0.8296520978909839
finetune,22,"biggrid50-goal(15,38)",finetune,120,6574080,0.9346938133239746,0.6971605135846529
finetune,22,"biggrid50-goal(15,38)",finetune,130,6584320,0.9479591250419617,0.7586747497127512
finetune,22,"biggrid50-goal(15,38)",finetune,140,6594560,0.9673468470573425,0.8485799803921731
finetune,22,"biggrid50-goal(15,38)",finetune,150,6604800,0.9326529502868652,0.6876965723340583
finetune,23,"biggrid50-goal(40,45)",finetune,10,6615040,0.7071427702903748,0.3341065203723604
finetune,23,"biggrid50-goal(40,45)",finetune,20,6625280,0.7244897484779358,0.3735497660719564
finetune,23,"biggrid50-goal(40,45)",finetune,30,6635520,0.778571367263794,0.49651957410066017
finetune,23,"biggrid50-goal(40,45)",finetune,40,6645760,0.7765305638313293,0.49187923211481493
finetune,23,"biggrid50-goal(40,45)",finetune,50,6656000,0.7826529741287231,0.5058002580723505
finetune,23,"biggrid50-goal(40,45)",finetune,60,6666240,0.7979590892791748,0.5406030262581366
finetune,23,"biggrid50-goal(40,45)",finetune,70,6676480,0.8030611276626587,0.552203948986732
finetune,23,"biggrid50-goal(40,45)",finetune,80,6686720,0.7908162474632263,0.5243617615436961
finetune,23,"biggrid50-goal(40,45)",finetune,90,6696960,0.7846938371658325,0.5104407355861604
finetune,23,"biggrid50-goal(40,45)",finetune,100,6707200,0.8040815591812134,0.5545241877436369
finetune,23,"biggrid50-goal(40,45)",finetune,110,6717440,0.7816326022148132,0.5034801548434104
finetune,23,"biggrid50-goal(40,45)",finetune,120,6727680,0.859183669090271,0.6798143700572105
finetune,23,"biggrid50-goal(40,45)",finetune,130,6737920,0.9999998807907104,0.9999997289440704
finetune,23,"biggrid50-goal(40,45)",finetune,140,6748160,0.8816326260566711,0.730858402957437
finetune,23,"biggrid50-goal(40,45)",finetune,150,6758400,0.946938693523407,0.8793501596722717
finetune,23,"biggrid50-goal(40,45)",finetune,160,6768640,0.9306120872497559,0.8422270172016159
finetune,23,"biggrid50-goal(40,45)",finetune,170,6778880,0.8816326260566711,0.730858402957437
finetune,23,"biggrid50-goal(40,45)",finetune,180,6789120,0.9357142448425293,0.8538282109861408
finetune,23,"biggrid50-goal(40,45)",finetune,190,6799360,0.9999998807907104,0.9999997289440704
finetune,23,"biggrid50-goal(40,45)",finetune,200,6809600,0.8418366312980652,0.6403709888296496
finetune,23,"biggrid50-goal(40,45)",finetune,210,6819840,0.9061223268508911,0.786542642315544
finetune,23,"biggrid50-goal(40,45)",finetune,220,6830080,0.9999998807907104,0.9999997289440704
finetune,23,"biggrid50-goal(40,45)",finetune,230,6840320,0.9999998807907104,0.9999997289440704
finetune,23,"biggrid50-goal(40,45)",finetune,240,6850560,0.9999998807907104,0.9999997289440704
finetune,23,"biggrid50-goal(40,45)",finetune,250,6860800,0.9999998807907104,0.9999997289440704
finetune,23,"biggrid50-goal(40,45)",finetune,260,6871040,0.9724489450454712,0.9373549088432133
finetune,23,"biggrid50-goal(40,45)",finetune,270,6881280,0.9724489450454712,0.9373549088432133
finetune,23,"biggrid50-goal(40,45)",finetune,280,6891520,0.9999998807907104,0.9999997289440704
finetune,23,"biggrid50-goal(40,45)",finetune,290,6901760,0.9999998807907104,0.9999997289440704
finetune,23,"biggrid50-goal(40,45)",finetune,300,6912000,0.9357142448425293,0.8538282109861408
finetune,23,"biggrid50-goal(40,45)",finetune,310,6922240,0.9999998807907104,0.9999997289440704
finetune,23,"biggrid50-goal(40,45)",finetune,320,6932480,0.991836667060852,0.9814383610006897
finetune,23,"biggrid50-goal(40,45)",finetune,330,6942720,0.9999998807907104,0.9999997289440704
finetune,23,"biggrid50-goal(40,45)",finetune,340,6952960,0.9999998807907104,0.9999997289440704
finetune,23,"biggrid50-goal(40,45)",finetune,350,6963200,0.9999998211860657,0.9999995934161057
finetune,24,"biggrid50-goal(15,17)",finetune,10,6973440,0.8367346525192261,0.27272732100209357
finetune,24,"biggrid50-goal(15,17)",finetune,20,6983680,0.8428570628166199,0.2999998672442427
finetune,24,"biggrid50-goal(15,17)",finetune,30,6993920,0.8938775062561035,0.5272726789979064
finetune,24,"biggrid50-goal(15,17)",finetune,40,7004160,0.8408163189888,0.29090928400837424
finetune,24,"biggrid50-goal(15,17)",finetune,50,7014400,0.8408163189888,0.29090928400837424
finetune,24,"biggrid50-goal(15,17)",finetune,60,7024640,0.8387754559516907,0.2818181697494766
finetune,24,"biggrid50-goal(15,17)",finetune,70,7034880,0.8489795923233032,0.327272944509421
finetune,24,"biggrid50-goal(15,17)",finetune,80,7045120,0.8908162117004395,0.51363600760956
finetune,24,"biggrid50-goal(15,17)",finetune,90,7055360,0.9673467874526978,0.8545448269727838
finetune,24,"biggrid50-goal(15,17)",finetune,100,7065600,0.9397956728935242,0.731817174081297
finetune,24,"biggrid50-goal(15,17)",finetune,110,7075840,0.938775360584259,0.7272721479748773
finetune,24,"biggrid50-goal(15,17)",finetune,120,7086080,0.938775360584259,0.7272721479748773
finetune,24,"biggrid50-goal(15,17)",finetune,130,7096320,0.9367345571517944,0.7181812992274943
finetune,24,"biggrid50-goal(15,17)",finetune,140,7106560,0.9051019549369812,0.5772724798642705
finetune,24,"biggrid50-goal(15,17)",finetune,150,7116800,0.9397956728935242,0.731817174081297
finetune,24,"biggrid50-goal(15,17)",finetune,160,7127040,0.948979377746582,0.7727263917117926
finetune,24,"biggrid50-goal(15,17)",finetune,170,7137280,0.8387754559516907,0.2818181697494766
finetune,24,"biggrid50-goal(15,17)",finetune,180,7147520,0.8428571820259094,0.3000003982672719
finetune,24,"biggrid50-goal(15,17)",finetune,190,7157760,0.8346937894821167,0.26363620674319593
finetune,24,"biggrid50-goal(15,17)",finetune,200,7168000,0.8346937894821167,0.26363620674319593
finetune,24,"biggrid50-goal(15,17)",finetune,210,7178240,0.8367345929145813,0.27272705549057896
finetune,24,"biggrid50-goal(15,17)",finetune,220,7188480,0.8836734890937805,0.48181843526099116
finetune,24,"biggrid50-goal(15,17)",finetune,230,7198720,0.8775508999824524,0.4545450924842983
finetune,24,"biggrid50-goal(15,17)",finetune,240,7208960,0.8918367624282837,0.518182095762038
finetune,24,"biggrid50-goal(15,17)",finetune,250,7219200,0.9387754201889038,0.7272724134863918
finetune,24,"biggrid50-goal(15,17)",finetune,260,7229440,0.9265304803848267,0.6727267899790644
finetune,24,"biggrid50-goal(15,17)",finetune,270,7239680,0.928571343421936,0.6818179042379621
finetune,24,"biggrid50-goal(15,17)",finetune,280,7249920,0.9357141256332397,0.7136357420980455
finetune,24,"biggrid50-goal(15,17)",finetune,290,7260160,0.9357141256332397,0.7136357420980455
finetune,24,"biggrid50-goal(15,17)",finetune,300,7270400,0.948979377746582,0.7727263917117926
finetune,24,"biggrid50-goal(15,17)",finetune,310,7280640,0.9265304803848267,0.6727267899790644
finetune,24,"biggrid50-goal(15,17)",finetune,320,7290880,0.9520406723022461,0.786363063100139
finetune,24,"biggrid50-goal(15,17)",finetune,330,7301120,0.8867346048355103,0.4954543101147939
finetune,24,"biggrid50-goal(15,17)",finetune,340,7311360,0.9285712242126465,0.6818173732149329
finetune,24,"biggrid50-goal(15,17)",finetune,350,7321600,0.9285712242126465,0.6818173732149329
finetune,25,"biggrid50-goal(15,24)",finetune,10,7331840,0.8612244725227356,0.29166662863766424
finetune,25,"biggrid50-goal(15,24)",finetune,20,7342080,0.8418366312980652,0.19270786272442816
finetune,25,"biggrid50-goal(15,24)",finetune,30,7352320,0.8561223745346069,0.26562467199985396
finetune,25,"biggrid50-goal(15,24)",finetune,40,7362560,0.8479591608047485,0.22395827153620437
finetune,25,"biggrid50-goal(15,24)",finetune,50,7372800,0.8612244725227356,0.29166662863766424
finetune,25,"biggrid50-goal(15,24)",finetune,60,7383040,0.8469387292861938,0.21874981936223842
finetune,25,"biggrid50-goal(15,24)",finetune,70,7393280,0.8683673739433289,0.3281251853913869
finetune,25,"biggrid50-goal(15,24)",finetune,80,7403520,0.8826530575752258,0.4010416904347932
finetune,25,"biggrid50-goal(15,24)",finetune,90,7413760,0.8714286088943481,0.3437502376812652
finetune,25,"biggrid50-goal(15,24)",finetune,100,7424000,0.8816326260566711,0.3958332382608272
finetune,25,"biggrid50-goal(15,24)",finetune,110,7434240,0.9051020741462708,0.5156252044058881
finetune,25,"biggrid50-goal(15,24)",finetune,120,7444480,0.9081632494926453,0.531249952463747
finetune,25,"biggrid50-goal(15,24)",finetune,130,7454720,0.9102040529251099,0.5416665525796593
finetune,25,"biggrid50-goal(15,24)",finetune,140,7464960,0.8959182500839233,0.46874943907221406
finetune,25,"biggrid50-goal(15,24)",finetune,150,7475200,0.901020348072052,0.4947913957100243
finetune,26,"biggrid50-goal(21,38)",finetune,10,7485440,0.8622449040412903,0.28318590109214925
finetune,26,"biggrid50-goal(21,38)",finetune,20,7495680,0.9163265228271484,0.5646017468557248
finetune,26,"biggrid50-goal(21,38)",finetune,30,7505920,0.8989795446395874,0.4743360586664632
finetune,26,"biggrid50-goal(21,38)",finetune,40,7516160,0.9030612111091614,0.49557517183369604
finetune,26,"biggrid50-goal(21,38)",finetune,50,7526400,0.9091836810112,0.5274336865069802
finetune,26,"biggrid50-goal(21,38)",finetune,60,7536640,0.8918367624282837,0.4371683084728489
finetune,26,"biggrid50-goal(21,38)",finetune,70,7546880,0.9224489331245422,0.5964599513738786
finetune,26,"biggrid50-goal(21,38)",finetune,80,7557120,0.8836734890937805,0.39469039229351344
finetune,26,"biggrid50-goal(21,38)",finetune,90,7567360,0.8989795446395874,0.4743360586664632
finetune,26,"biggrid50-goal(21,38)",finetune,100,7577600,0.9020408391952515,0.49026562615823555
finetune,26,"biggrid50-goal(21,38)",finetune,110,7587840,0.9234693646430969,0.6017698072044695
finetune,26,"biggrid50-goal(21,38)",finetune,120,7598080,0.8979591131210327,0.46902620283587243
finetune,26,"biggrid50-goal(21,38)",finetune,130,7608320,0.9091836214065552,0.52743337635185
finetune,26,"biggrid50-goal(21,38)",finetune,140,7618560,0.9142856597900391,0.5539820351945433
finetune,26,"biggrid50-goal(21,38)",finetune,150,7628800,0.9561223983764648,0.7716811617666809
finetune,27,"biggrid50-goal(33,17)",finetune,10,7639040,0.8999999165534973,0.5033782073729431
finetune,27,"biggrid50-goal(33,17)",finetune,20,7649280,0.9479591250419617,0.7415538895488254
finetune,27,"biggrid50-goal(33,17)",finetune,30,7659520,0.9632652997970581,0.8175676255694111
finetune,27,"biggrid50-goal(33,17)",finetune,40,7669760,0.961224377155304,0.8074319674176524
finetune,27,"biggrid50-goal(33,17)",finetune,50,7680000,0.9622448086738586,0.8124996484888276
finetune,27,"biggrid50-goal(33,17)",finetune,60,7690240,0.9632652401924133,0.8175673295600028
finetune,27,"biggrid50-goal(33,17)",finetune,70,7700480,0.9683672189712524,0.8429048468876534
finetune,27,"biggrid50-goal(33,17)",finetune,80,7710720,0.9602039456367493,0.8023642863464773
finetune,27,"biggrid50-goal(33,17)",finetune,90,7720960,0.9540815353393555,0.7719590879476513
finetune,27,"biggrid50-goal(33,17)",finetune,100,7731200,0.9632651209831238,0.817566737541186
finetune,27,"biggrid50-goal(33,17)",finetune,110,7741440,0.9673467874526978,0.8378371658164783
finetune,27,"biggrid50-goal(33,17)",finetune,120,7751680,0.9755100011825562,0.8783774303482462
finetune,27,"biggrid50-goal(33,17)",finetune,130,7761920,0.9744895696640015,0.8733097492770711
finetune,27,"biggrid50-goal(33,17)",finetune,140,7772160,0.9836733937263489,0.9189185829082391
finetune,27,"biggrid50-goal(33,17)",finetune,150,7782400,0.9785712361335754,0.8935801775523633
finetune,28,"biggrid50-goal(27,17)",finetune,10,7792640,0.8010204434394836,0.20191030511904204
finetune,28,"biggrid50-goal(27,17)",finetune,20,7802880,0.8030611872673035,0.210095551116309
finetune,28,"biggrid50-goal(27,17)",finetune,30,7813120,0.8071428537368774,0.22646676031798096
finetune,28,"biggrid50-goal(27,17)",finetune,40,7823360,0.8142856359481812,0.25511583851555336
finetune,28,"biggrid50-goal(27,17)",finetune,50,7833600,0.8173468708992004,0.2673941856495458
finetune,28,"biggrid50-goal(27,17)",finetune,60,7843840,0.7928571105003357,0.16916788671569813
finetune,28,"biggrid50-goal(27,17)",finetune,70,7854080,0.7969387769699097,0.18553909591737008
finetune,28,"biggrid50-goal(27,17)",finetune,80,7864320,0.8040816187858582,0.21418841318398849
finetune,28,"biggrid50-goal(27,17)",finetune,90,7874560,0.8183673024177551,0.2714870477172253
finetune,28,"biggrid50-goal(27,17)",finetune,100,7884800,0.8112244606018066,0.24283773045060691
finetune,28,"biggrid50-goal(27,17)",finetune,110,7895040,0.8061224222183228,0.22237389825030146
finetune,28,"biggrid50-goal(27,17)",finetune,120,7905280,0.8071428537368774,0.22646676031798096
finetune,28,"biggrid50-goal(27,17)",finetune,130,7915520,0.7918367385864258,0.16507526371706466
finetune,28,"biggrid50-goal(27,17)",finetune,140,7925760,0.7918367385864258,0.16507526371706466
finetune,28,"biggrid50-goal(27,17)",finetune,150,7936000,0.7928571105003357,0.16916788671569813
finetune,28,"biggrid50-goal(27,17)",finetune,160,7946240,0.8061224222183228,0.22237389825030146
finetune,28,"biggrid50-goal(27,17)",finetune,170,7956480,0.8051019906997681,0.21828103618262198
finetune,28,"biggrid50-goal(27,17)",finetune,180,7966720,0.8071428537368774,0.22646676031798096
finetune,28,"biggrid50-goal(27,17)",finetune,190,7976960,0.8010204434394836,0.20191030511904204
finetune,28,"biggrid50-goal(27,17)",finetune,200,7987200,0.7938774824142456,0.17326050971433163
finetune,28,"biggrid50-goal(27,17)",finetune,210,7997440,0.8030611872673035,0.210095551116309
finetune,28,"biggrid50-goal(27,17)",finetune,220,8007680,0.8040816187858582,0.21418841318398849
finetune,28,"biggrid50-goal(27,17)",finetune,230,8017920,0.8142856359481812,0.25511583851555336
finetune,28,"biggrid50-goal(27,17)",finetune,240,8028160,0.8142856359481812,0.25511583851555336
finetune,28,"biggrid50-goal(27,17)",finetune,250,8038400,0.8142856359481812,0.25511583851555336
finetune,28,"biggrid50-goal(27,17)",finetune,260,8048640,0.8183673024177551,0.2714870477172253
finetune,28,"biggrid50-goal(27,17)",finetune,270,8058880,0.8193877339363098,0.2755799097849048
finetune,28,"biggrid50-goal(27,17)",finetune,280,8069120,0.8428570628166199,0.36971334665107297
finetune,28,"biggrid50-goal(27,17)",finetune,290,8079360,0.8642856478691101,0.45566153751997424
finetune,28,"biggrid50-goal(27,17)",finetune,300,8089600,0.833673357963562,0.3328783052490956
finetune,28,"biggrid50-goal(27,17)",finetune,310,8099840,0.8295917510986328,0.31650733511646967
finetune,28,"biggrid50-goal(27,17)",finetune,320,8110080,0.8122448921203613,0.2469305925182864
finetune,28,"biggrid50-goal(27,17)",finetune,330,8120320,0.8387754559516907,0.353342376518447
finetune,28,"biggrid50-goal(27,17)",finetune,340,8130560,0.8397958874702454,0.3574352385861265
finetune,28,"biggrid50-goal(27,17)",finetune,350,8140800,0.8387754559516907,0.353342376518447
finetune,28,"biggrid50-goal(27,17)",finetune,360,8151040,0.8173468708992004,0.2673941856495458
finetune,28,"biggrid50-goal(27,17)",finetune,370,8161280,0.8357142210006714,0.34106402938445457
finetune,28,"biggrid50-goal(27,17)",finetune,380,8171520,0.8418366312980652,0.3656204845833935
finetune,28,"biggrid50-goal(27,17)",finetune,390,8181760,0.8316326141357422,0.3246930592518286
finetune,28,"biggrid50-goal(27,17)",finetune,400,8192000,0.8357142210006714,0.34106402938445457
finetune,28,"biggrid50-goal(27,17)",finetune,410,8202240,0.823469340801239,0.2919508799175307
finetune,28,"biggrid50-goal(27,17)",finetune,420,8212480,0.837755024433136,0.3492495144507676
finetune,28,"biggrid50-goal(27,17)",finetune,430,8222720,0.8214284777641296,0.28376515578217176
finetune,28,"biggrid50-goal(27,17)",finetune,440,8232960,0.8438774943351746,0.3738062087187525
finetune,28,"biggrid50-goal(27,17)",finetune,450,8243200,0.8530611991882324,0.4106412501207299
finetune,28,"biggrid50-goal(27,17)",finetune,460,8253440,0.8530611991882324,0.4106412501207299
finetune,28,"biggrid50-goal(27,17)",finetune,470,8263680,0.8459182977676392,0.3819916937850655
finetune,28,"biggrid50-goal(27,17)",finetune,480,8273920,0.8244897723197937,0.2960437419852102
finetune,28,"biggrid50-goal(27,17)",finetune,490,8284160,0.810204029083252,0.2387448683829274
finetune,28,"biggrid50-goal(27,17)",finetune,500,8294400,0.8255102038383484,0.3001366040528897
finetune,29,"biggrid50-goal(3,3)",finetune,10,8304640,0.545918345451355,-0.3191699069179907
finetune,29,"biggrid50-goal(3,3)",finetune,20,8314880,0.5285714268684387,-0.36956510069670817
finetune,29,"biggrid50-goal(3,3)",finetune,30,8325120,0.5255101919174194,-0.3784584109305344
finetune,29,"biggrid50-goal(3,3)",finetune,40,8335360,0.5275510549545288,-0.3725294220015013
finetune,29,"biggrid50-goal(3,3)",finetune,50,8345600,0.5275510549545288,-0.3725294220015013
finetune,29,"biggrid50-goal(3,3)",finetune,60,8355840,0.5265306234359741,-0.3754939164660178
finetune,29,"biggrid50-goal(3,3)",finetune,70,8366080,0.5255101919174194,-0.3784584109305344
finetune,29,"biggrid50-goal(3,3)",finetune,80,8376320,0.5193877816200256,-0.39624485823846345
finetune,29,"biggrid50-goal(3,3)",finetune,90,8386560,0.5214285850524902,-0.39031604246915375
finetune,29,"biggrid50-goal(3,3)",finetune,100,8396800,0.5193877816200256,-0.39624485823846345
finetune,29,"biggrid50-goal(3,3)",finetune,110,8407040,0.5214285850524902,-0.39031604246915375
finetune,29,"biggrid50-goal(3,3)",finetune,120,8417280,0.5224489569664001,-0.3873517211643606
finetune,29,"biggrid50-goal(3,3)",finetune,130,8427520,0.5428571105003357,-0.3280632171518169
finetune,29,"biggrid50-goal(3,3)",finetune,140,8437760,0.5673469305038452,-0.25691690844093046
finetune,29,"biggrid50-goal(3,3)",finetune,150,8448000,0.5887754559516907,-0.19466408312359362
finetune,29,"biggrid50-goal(3,3)",finetune,160,8458240,0.5897958874702454,-0.19169958865907707
finetune,29,"biggrid50-goal(3,3)",finetune,170,8468480,0.5918366312980652,-0.1857709460494908
finetune,29,"biggrid50-goal(3,3)",finetune,180,8478720,0.6040815711021423,-0.15019770511418584
finetune,29,"biggrid50-goal(3,3)",finetune,190,8488960,0.5908163189888,-0.18873509419456053
finetune,29,"biggrid50-goal(3,3)",finetune,200,8499200,0.5948979258537292,-0.17687746265594115
finetune,29,"biggrid50-goal(3,3)",finetune,210,8509440,0.6051019430160522,-0.14723338380939271
finetune,29,"biggrid50-goal(3,3)",finetune,220,8519680,0.6112244725227356,-0.12944659018201685
finetune,29,"biggrid50-goal(3,3)",finetune,230,8529920,0.5846937894821167,-0.2065218878219364
finetune,29,"biggrid50-goal(3,3)",finetune,240,8540160,0.6030611991882324,-0.153162026418979
finetune,29,"biggrid50-goal(3,3)",finetune,250,8550400,0.5795917510986328,-0.22134401382507232
finetune,29,"biggrid50-goal(3,3)",finetune,260,8560640,0.5795917510986328,-0.22134401382507232
finetune,29,"biggrid50-goal(3,3)",finetune,270,8570880,0.577551007270813,-0.2272726564346586
finetune,29,"biggrid50-goal(3,3)",finetune,280,8581120,0.577551007270813,-0.2272726564346586
finetune,29,"biggrid50-goal(3,3)",finetune,290,8591360,0.6153060793876648,-0.11758895864339747
finetune,29,"biggrid50-goal(3,3)",finetune,300,8601600,0.6214284896850586,-0.0998025113354684
finetune,29,"biggrid50-goal(3,3)",finetune,310,8611840,0.6173468828201294,-0.11166014287408778
finetune,29,"biggrid50-goal(3,3)",finetune,320,8622080,0.6387754678726196,-0.04940714439702754
finetune,29,"biggrid50-goal(3,3)",finetune,330,8632320,0.6581631898880005,0.006916865150999608
finetune,29,"biggrid50-goal(3,3)",finetune,340,8642560,0.655102014541626,-0.00197627192310323
finetune,29,"biggrid50-goal(3,3)",finetune,350,8652800,0.6622447967529297,0.01877449668961899
finetune,29,"biggrid50-goal(3,3)",finetune,360,8663040,0.6591836214065552,0.00988135961551615
finetune,29,"biggrid50-goal(3,3)",finetune,370,8673280,0.6673468351364136,0.03359662269275491
finetune,29,"biggrid50-goal(3,3)",finetune,380,8683520,0.6724489331245422,0.04841892185561423
finetune,29,"biggrid50-goal(3,3)",finetune,390,8693760,0.6571428179740906,0.00395254384620646
finetune,29,"biggrid50-goal(3,3)",finetune,400,8704000,0.6540816426277161,-0.004940593227896378
finetune,29,"biggrid50-goal(3,3)",finetune,410,8714240,0.6530612111091614,-0.00790508769241292
finetune,29,"biggrid50-goal(3,3)",finetune,420,8724480,0.6469387412071228,-0.025691708160065385
finetune,29,"biggrid50-goal(3,3)",finetune,430,8734720,0.6704081296920776,0.04249010608630454
finetune,29,"biggrid50-goal(3,3)",finetune,440,8744960,0.686734676361084,0.08992097856022885
finetune,29,"biggrid50-goal(3,3)",finetune,450,8755200,0.7183672189712524,0.18181788272411414
finetune,29,"biggrid50-goal(3,3)",finetune,460,8765440,0.7999998927116394,0.4189720719340123
finetune,29,"biggrid50-goal(3,3)",finetune,470,8775680,0.7214285135269165,0.19071136611766376
finetune,29,"biggrid50-goal(3,3)",finetune,480,8785920,0.7591835260391235,0.3003948907492015
finetune,29,"biggrid50-goal(3,3)",finetune,490,8796160,0.7806121110916138,0.36264788922626173
finetune,29,"biggrid50-goal(3,3)",finetune,500,8806400,0.7510203123092651,0.27667962767196275
finetune,30,"biggrid50-goal(9,10)",finetune,10,8816640,0.9795916676521301,0.9218743760868211
finetune,30,"biggrid50-goal(9,10)",finetune,20,8826880,0.9785712957382202,0.9179682660216341
finetune,30,"biggrid50-goal(9,10)",finetune,30,8837120,0.9857141375541687,0.9453119491737935
finetune,30,"biggrid50-goal(9,10)",finetune,40,8847360,0.9867345094680786,0.9492180592389805
finetune,30,"biggrid50-goal(9,10)",finetune,50,8857600,0.9918365478515625,0.9687492940868033
finetune,30,"biggrid50-goal(9,10)",finetune,60,8867840,0.9602038264274597,0.8476553185867544
finetune,30,"biggrid50-goal(9,10)",finetune,70,8878080,0.9612242579460144,0.8515616568259039
finetune,30,"biggrid50-goal(9,10)",finetune,80,8888320,0.95714271068573,0.8359369883911933
finetune,30,"biggrid50-goal(9,10)",finetune,90,8898560,0.9836732745170593,0.9374992726954943
finetune,30,"biggrid50-goal(9,10)",finetune,100,8908800,0.9836732745170593,0.9374992726954943
finetune,30,"biggrid50-goal(9,10)",finetune,110,8919040,0.9826529622077942,0.9335933908042698
finetune,30,"biggrid50-goal(9,10)",finetune,120,8929280,0.9673467874526978,0.8749994580868389
finetune,30,"biggrid50-goal(9,10)",finetune,130,8939520,0.9785712957382202,0.9179682660216341
finetune,30,"biggrid50-goal(9,10)",finetune,140,8949760,0.9836732745170593,0.9374992726954943
finetune,30,"biggrid50-goal(9,10)",finetune,150,8960000,0.9836732745170593,0.9374992726954943
finetune,31,"biggrid50-goal(46,17)",finetune,10,8970240,0.7336733937263489,0.06674610493161243
finetune,31,"biggrid50-goal(46,17)",finetune,20,8980480,0.7520407438278198,0.13110843532029948
finetune,31,"biggrid50-goal(46,17)",finetune,30,8990720,0.756122350692749,0.14541108257785176
finetune,31,"biggrid50-goal(46,17)",finetune,40,9000960,0.7969387173652649,0.288438599477629
finetune,31,"biggrid50-goal(46,17)",finetune,50,9011200,0.8724488019943237,0.5530388269314516
finetune,31,"biggrid50-goal(46,17)",finetune,60,9021440,0.9061223268508911,0.671036606698087
finetune,31,"biggrid50-goal(46,17)",finetune,70,9031680,0.9561222791671753,0.8462449754949314
finetune,31,"biggrid50-goal(46,17)",finetune,80,9041920,0.9632651209831238,0.8712747126280733
finetune,31,"biggrid50-goal(46,17)",finetune,90,9052160,0.9755099415779114,0.9141826544007302
finetune,31,"biggrid50-goal(46,17)",finetune,100,9062400,0.9673467874526978,0.8855775687504764
finetune,31,"biggrid50-goal(46,17)",finetune,110,9072640,0.9642854928970337,0.8748502700100359
finetune,31,"biggrid50-goal(46,17)",finetune,120,9082880,0.9673468470573425,0.8855777776153273
finetune,31,"biggrid50-goal(46,17)",finetune,130,9093120,0.9622446894645691,0.8676989463812598
finetune,31,"biggrid50-goal(46,17)",finetune,140,9103360,0.9999998807907104,0.9999995822702983
finetune,31,"biggrid50-goal(46,17)",finetune,150,9113600,0.9785712957382202,0.9249101620060216
finetune,32,"biggrid50-goal(40,10)",finetune,10,9123840,0.7275509238243103,0.20377701616941962
finetune,32,"biggrid50-goal(40,10)",finetune,20,9134080,0.7275509238243103,0.20377701616941962
finetune,32,"biggrid50-goal(40,10)",finetune,30,9144320,0.7275509238243103,0.20377701616941962
finetune,32,"biggrid50-goal(40,10)",finetune,40,9154560,0.7163264751434326,0.17097395386511402
finetune,32,"biggrid50-goal(40,10)",finetune,50,9164800,0.7316325902938843,0.215705544983038
finetune,32,"biggrid50-goal(40,10)",finetune,60,9175040,0.701020359992981,0.12624236274719006
finetune,32,"biggrid50-goal(40,10)",finetune,70,9185280,0.7265305519104004,0.20079501461039667
finetune,32,"biggrid50-goal(40,10)",finetune,80,9195520,0.7316325902938843,0.215705544983038
finetune,32,"biggrid50-goal(40,10)",finetune,90,9205760,0.7316325902938843,0.215705544983038
finetune,32,"biggrid50-goal(40,10)",finetune,100,9216000,0.7244897484779358,0.1948308372998419
finetune,32,"biggrid50-goal(40,10)",finetune,110,9226240,0.7346938252449036,0.22465189804512456
finetune,32,"biggrid50-goal(40,10)",finetune,120,9236480,0.7214285135269165,0.18588448423775536
finetune,32,"biggrid50-goal(40,10)",finetune,130,9246720,0.7275509238243103,0.20377701616941962
finetune,32,"biggrid50-goal(40,10)",finetune,140,9256960,0.7275509238243103,0.20377701616941962
finetune,32,"biggrid50-goal(40,10)",finetune,150,9267200,0.7275509238243103,0.20377701616941962
finetune,32,"biggrid50-goal(40,10)",finetune,160,9277440,0.7295917272567749,0.20974119347997439
finetune,32,"biggrid50-goal(40,10)",finetune,170,9287680,0.7265305519104004,0.20079501461039667
finetune,32,"biggrid50-goal(40,10)",finetune,180,9297920,0.738775372505188,0.23658007847372522
finetune,32,"biggrid50-goal(40,10)",finetune,190,9308160,0.7234693169593811,0.19184866154831012
finetune,32,"biggrid50-goal(40,10)",finetune,200,9318400,0.7438774704933167,0.2514907830388754
finetune,32,"biggrid50-goal(40,10)",finetune,210,9328640,0.7275509238243103,0.20377701616941962
finetune,32,"biggrid50-goal(40,10)",finetune,220,9338880,0.7193876504898071,0.17992013273469173
finetune,32,"biggrid50-goal(40,10)",finetune,230,9349120,0.7367346286773682,0.23061607535567932
finetune,32,"biggrid50-goal(40,10)",finetune,240,9359360,0.7367346286773682,0.23061607535567932
finetune,32,"biggrid50-goal(40,10)",finetune,250,9369600,0.7367346286773682,0.23061607535567932
finetune,32,"biggrid50-goal(40,10)",finetune,260,9379840,0.7459182739257812,0.25745496034943016
finetune,32,"biggrid50-goal(40,10)",finetune,270,9390080,0.7510203123092651,0.2723654907220715
finetune,32,"biggrid50-goal(40,10)",finetune,280,9400320,0.7408162355422974,0.24254442997678885
finetune,32,"biggrid50-goal(40,10)",finetune,290,9410560,0.7438774704933167,0.2514907830388754
finetune,32,"biggrid50-goal(40,10)",finetune,300,9420800,0.7479590773582458,0.2634191376599849
finetune,32,"biggrid50-goal(40,10)",finetune,310,9431040,0.7642856240272522,0.3111329045294407
finetune,32,"biggrid50-goal(40,10)",finetune,320,9441280,0.7183672785758972,0.17693813117566878
finetune,32,"biggrid50-goal(40,10)",finetune,330,9451520,0.7234693169593811,0.19184866154831012
finetune,32,"biggrid50-goal(40,10)",finetune,340,9461760,0.7816325426101685,0.36182867295791943
finetune,32,"biggrid50-goal(40,10)",finetune,350,9472000,0.756122350692749,0.28727602109471284
finetune,32,"biggrid50-goal(40,10)",finetune,360,9482240,0.756122350692749,0.28727602109471284
finetune,32,"biggrid50-goal(40,10)",finetune,370,9492480,0.756122350692749,0.28727602109471284
finetune,32,"biggrid50-goal(40,10)",finetune,380,9502720,0.756122350692749,0.28727602109471284
finetune,32,"biggrid50-goal(40,10)",finetune,390,9512960,0.7551019787788391,0.2842940195356899
finetune,32,"biggrid50-goal(40,10)",finetune,400,9523200,0.7581632137298584,0.2932403725977764
finetune,32,"biggrid50-goal(40,10)",finetune,410,9533440,0.7214285135269165,0.18588448423775536
finetune,32,"biggrid50-goal(40,10)",finetune,420,9543680,0.756122350692749,0.28727602109471284
finetune,32,"biggrid50-goal(40,10)",finetune,430,9553920,0.756122350692749,0.28727602109471284
finetune,32,"biggrid50-goal(40,10)",finetune,440,9564160,0.756122350692749,0.28727602109471284
finetune,32,"biggrid50-goal(40,10)",finetune,450,9574400,0.756122350692749,0.28727602109471284
finetune,32,"biggrid50-goal(40,10)",finetune,460,9584640,0.756122350692749,0.28727602109471284
finetune,32,"biggrid50-goal(40,10)",finetune,470,9594880,0.7540815472602844,0.2813118437841581
finetune,32,"biggrid50-goal(40,10)",finetune,480,9605120,0.7571427822113037,0.29025819684624465
finetune,32,"biggrid50-goal(40,10)",finetune,490,9615360,0.7551019787788391,0.2842940195356899
finetune,32,"biggrid50-goal(40,10)",finetune,500,9625600,0.7642856240272522,0.3111329045294407
finetune,33,"biggrid50-goal(46,38)",finetune,10,9635840,0.8102039098739624,0.4936475567550445
finetune,33,"biggrid50-goal(46,38)",finetune,20,9646080,0.8346937298774719,0.5589833610130325
finetune,33,"biggrid50-goal(46,38)",finetune,30,9656320,0.8795917630195618,0.6787657483282459
finetune,33,"biggrid50-goal(46,38)",finetune,40,9666560,0.9214285016059875,0.7903809812161808
finetune,33,"biggrid50-goal(46,38)",finetune,50,9676800,0.9602039456367493,0.8938290596768377
finetune,33,"biggrid50-goal(46,38)",finetune,60,9687040,0.9122446775436401,0.7658796769521503
finetune,33,"biggrid50-goal(46,38)",finetune,70,9697280,0.9020406603813171,0.738656623950244
finetune,33,"biggrid50-goal(46,38)",finetune,80,9707520,0.8275508880615234,0.5399271444027959
finetune,33,"biggrid50-goal(46,38)",finetune,90,9717760,0.7479590773582458,0.3275860588454926
finetune,33,"biggrid50-goal(46,38)",finetune,100,9728000,0.745918333530426,0.3221416072629156
finetune,33,"biggrid50-goal(46,38)",finetune,110,9738240,0.7897958755493164,0.4392014507512319
finetune,33,"biggrid50-goal(46,38)",finetune,120,9748480,0.8051019906997681,0.48003626878079775
finetune,33,"biggrid50-goal(46,38)",finetune,130,9758720,0.8530610799789429,0.6079851744520723
finetune,33,"biggrid50-goal(46,38)",finetune,140,9768960,0.8469386100769043,0.5916511836331243
finetune,33,"biggrid50-goal(46,38)",finetune,150,9779200,0.8897958993911743,0.7059891193657607
finetune,33,"biggrid50-goal(46,38)",finetune,160,9789440,0.8857141733169556,0.6950995801293897
finetune,33,"biggrid50-goal(46,38)",finetune,170,9799680,0.8306121826171875,0.5480942988300742
finetune,33,"biggrid50-goal(46,38)",finetune,180,9809920,0.8877549171447754,0.7005440317119666
finetune,33,"biggrid50-goal(46,38)",finetune,190,9820160,0.8642855882644653,0.6379307712808757
finetune,33,"biggrid50-goal(46,38)",finetune,200,9830400,0.8755100965499878,0.667876368109679
finetune,33,"biggrid50-goal(46,38)",finetune,210,9840640,0.8989793658256531,0.7304894695229657
finetune,33,"biggrid50-goal(46,38)",finetune,220,9850880,0.8928569555282593,0.7141556377218219
finetune,33,"biggrid50-goal(46,38)",finetune,230,9861120,0.8908162117004395,0.7087111861392449
finetune,33,"biggrid50-goal(46,38)",finetune,240,9871360,0.903061032295227,0.7413788497415325
finetune,33,"biggrid50-goal(46,38)",finetune,250,9881600,0.9132652282714844,0.7686023797968515
finetune,34,"biggrid50-goal(27,31)",finetune,10,9891840,0.9561223983764648,0.7736839111821626
finetune,34,"biggrid50-goal(27,31)",finetune,20,9902080,0.9306122064590454,0.6421050042656542
finetune,34,"biggrid50-goal(27,31)",finetune,30,9912320,0.8755100965499878,0.35789407343073887
finetune,34,"biggrid50-goal(27,31)",finetune,40,9922560,0.9357141256332397,0.6684201707798846
finetune,34,"biggrid50-goal(27,31)",finetune,50,9932800,0.8704081773757935,0.3315789069165085
finetune,34,"biggrid50-goal(27,31)",finetune,60,9943040,0.8663265109062195,0.3105260973491457
finetune,34,"biggrid50-goal(27,31)",finetune,70,9953280,0.9683672785758972,0.8368417250151796
finetune,34,"biggrid50-goal(27,31)",finetune,80,9963520,0.9204081296920776,0.5894734414990508
finetune,34,"biggrid50-goal(27,31)",finetune,90,9973760,0.9091836214065552,0.5315785994819728
finetune,34,"biggrid50-goal(27,31)",finetune,100,9984000,0.8979591131210327,0.47368375746489483
finetune,34,"biggrid50-goal(27,31)",finetune,110,9994240,0.9663264155387878,0.8263151665142304
finetune,34,"biggrid50-goal(27,31)",finetune,120,10004480,0.9591835737228394,0.7894731340645151
finetune,34,"biggrid50-goal(27,31)",finetune,130,10014720,0.9653059840202332,0.8210518872637558
finetune,34,"biggrid50-goal(27,31)",finetune,140,10024960,0.9887754321098328,0.9421048505483863
finetune,34,"biggrid50-goal(27,31)",finetune,150,10035200,0.9775509834289551,0.884210315965844
finetune,35,"biggrid50-goal(21,31)",finetune,10,10045440,0.8704081773757935,0.3952383773666463
finetune,35,"biggrid50-goal(21,31)",finetune,20,10055680,0.8530611991882324,0.3142858414422443
finetune,35,"biggrid50-goal(21,31)",finetune,30,10065920,0.8683673143386841,0.3857143532661923
finetune,35,"biggrid50-goal(21,31)",finetune,40,10076160,0.9122449159622192,0.5904764209474012
finetune,35,"biggrid50-goal(21,31)",finetune,50,10086400,0.8846938014030457,0.46190459898545777
finetune,35,"biggrid50-goal(21,31)",finetune,60,10096640,0.9244897961616516,0.6476191747755776
finetune,35,"biggrid50-goal(21,31)",finetune,70,10106880,0.9153060913085938,0.6047619007882632
finetune,35,"biggrid50-goal(21,31)",finetune,80,10117120,0.9214285016059875,0.6333331386248967
finetune,35,"biggrid50-goal(21,31)",finetune,90,10127360,0.9336733818054199,0.6904758924530732
finetune,35,"biggrid50-goal(21,31)",finetune,100,10137600,0.9204080700874329,0.6285711265746697
finetune,35,"biggrid50-goal(21,31)",finetune,110,10147840,0.9265305399894714,0.6571426425662127
finetune,35,"biggrid50-goal(21,31)",finetune,120,10158080,0.9040815234184265,0.5523806027004947
finetune,35,"biggrid50-goal(21,31)",finetune,130,10168320,0.919387698173523,0.6238093926793522
finetune,35,"biggrid50-goal(21,31)",finetune,140,10178560,0.9285714030265808,0.6666666666666666
finetune,35,"biggrid50-goal(21,31)",finetune,150,10188800,0.9306122064590454,0.6761904126122111
finetune,36,"biggrid50-goal(46,10)",finetune,10,10199040,0.7714284658432007,0.46024076103525613
finetune,36,"biggrid50-goal(46,10)",finetune,20,10209280,0.9265304803848267,0.8265057276669128
finetune,36,"biggrid50-goal(46,10)",finetune,30,10219520,0.9459182024002075,0.8722887781193074
finetune,36,"biggrid50-goal(46,10)",finetune,40,10229760,0.9673467874526978,0.9228912155693224
finetune,36,"biggrid50-goal(46,10)",finetune,50,10240000,0.9602039456367493,0.9060237833370257
finetune,36,"biggrid50-goal(46,10)",finetune,60,10250240,0.9448977708816528,0.8698790846204972
finetune,36,"biggrid50-goal(46,10)",finetune,70,10260480,0.9479590654373169,0.8771081651169278
finetune,36,"biggrid50-goal(46,10)",finetune,80,10270720,0.9479590654373169,0.8771081651169278
finetune,36,"biggrid50-goal(46,10)",finetune,90,10280960,0.9489794969558716,0.8795178586157381
finetune,36,"biggrid50-goal(46,10)",finetune,100,10291200,0.9510202407836914,0.8843369641071086
finetune,36,"biggrid50-goal(46,10)",finetune,110,10301440,0.9469386339187622,0.8746984716181176
finetune,36,"biggrid50-goal(46,10)",finetune,120,10311680,0.9520406723022461,0.8867466576059189
finetune,36,"biggrid50-goal(46,10)",finetune,130,10321920,0.9102039337158203,0.787951476204699
finetune,36,"biggrid50-goal(46,10)",finetune,140,10332160,0.9102039337158203,0.787951476204699
finetune,36,"biggrid50-goal(46,10)",finetune,150,10342400,0.971428394317627,0.9325297080583135
finetune,37,"biggrid50-goal(9,17)",finetune,10,10352640,0.7520407438278198,0.008162975311279297
finetune,37,"biggrid50-goal(9,17)",finetune,20,10362880,0.7704080939292908,0.08163237571716309
finetune,37,"biggrid50-goal(9,17)",finetune,30,10373120,0.7765305638313293,0.10612225532531738
finetune,37,"biggrid50-goal(9,17)",finetune,40,10383360,0.8091835975646973,0.23673439025878906
finetune,37,"biggrid50-goal(9,17)",finetune,50,10393600,0.8122447729110718,0.2489790916442871
finetune,37,"biggrid50-goal(9,17)",finetune,60,10403840,0.8153060674667358,0.26122426986694336
finetune,37,"biggrid50-goal(9,17)",finetune,70,10414080,0.8357142210006714,0.34285688400268555
finetune,37,"biggrid50-goal(9,17)",finetune,80,10424320,0.8622447848320007,0.44897913932800293
finetune,37,"biggrid50-goal(9,17)",finetune,90,10434560,0.883673369884491,0.5346934795379639
finetune,37,"biggrid50-goal(9,17)",finetune,100,10444800,0.8887753486633301,0.5551013946533203
finetune,37,"biggrid50-goal(9,17)",finetune,110,10455040,0.8795917630195618,0.5183670520782471
finetune,37,"biggrid50-goal(9,17)",finetune,120,10465280,0.8979591131210327,0.5918364524841309
finetune,37,"biggrid50-goal(9,17)",finetune,130,10475520,0.8744896650314331,0.4979586601257324
finetune,37,"biggrid50-goal(9,17)",finetune,140,10485760,0.883673369884491,0.5346934795379639
finetune,37,"biggrid50-goal(9,17)",finetune,150,10496000,0.8642856478691101,0.45714259147644043
finetune,37,"biggrid50-goal(9,17)",finetune,160,10506240,0.8683673143386841,0.47346925735473633
finetune,37,"biggrid50-goal(9,17)",finetune,170,10516480,0.8469387292861938,0.3877549171447754
finetune,37,"biggrid50-goal(9,17)",finetune,180,10526720,0.8326529264450073,0.3306117057800293
finetune,37,"biggrid50-goal(9,17)",finetune,190,10536960,0.823469340801239,0.29387736320495605
finetune,37,"biggrid50-goal(9,17)",finetune,200,10547200,0.8500000238418579,0.40000009536743164
finetune,38,"biggrid50-goal(33,24)",finetune,10,10557440,0.8306121826171875,0.26002949095937794
finetune,38,"biggrid50-goal(33,24)",finetune,20,10567680,0.8295917510986328,0.2555717369018974
finetune,38,"biggrid50-goal(33,24)",finetune,30,10577920,0.833673357963562,0.2734022323661587
finetune,38,"biggrid50-goal(33,24)",finetune,40,10588160,0.9061225056648254,0.5898962608765163
finetune,38,"biggrid50-goal(33,24)",finetune,50,10598400,0.9102041125297546,0.6077267563407776
finetune,38,"biggrid50-goal(33,24)",finetune,60,10608640,0.8836734890937805,0.49182775467458784
finetune,38,"biggrid50-goal(33,24)",finetune,70,10618880,0.8836734890937805,0.49182775467458784
finetune,38,"biggrid50-goal(33,24)",finetune,80,10629120,0.8632652163505554,0.4026742358219596
finetune,38,"biggrid50-goal(33,24)",finetune,90,10639360,0.9102041125297546,0.6077267563407776
finetune,38,"biggrid50-goal(33,24)",finetune,100,10649600,0.8806120753288269,0.4784539717364853
finetune,38,"biggrid50-goal(33,24)",finetune,110,10659840,0.9438775181770325,0.7548289948780094
finetune,38,"biggrid50-goal(33,24)",finetune,120,10670080,0.9071428179740906,0.5943534941683359
finetune,38,"biggrid50-goal(33,24)",finetune,130,10680320,0.883673369884491,0.49182723390892696
finetune,38,"biggrid50-goal(33,24)",finetune,140,10690560,0.8418366312980652,0.3090634836775117
finetune,38,"biggrid50-goal(33,24)",finetune,150,10700800,0.8469387292861938,0.331351993582084
finetune,38,"biggrid50-goal(33,24)",finetune,160,10711040,0.8938775062561035,0.536403993335241
finetune,38,"biggrid50-goal(33,24)",finetune,170,10721280,0.8663264513015747,0.4160472376115708
finetune,38,"biggrid50-goal(33,24)",finetune,180,10731520,0.9132653474807739,0.6210997581303888
finetune,38,"biggrid50-goal(33,24)",finetune,190,10741760,0.8887753486633301,0.5141152230478383
finetune,38,"biggrid50-goal(33,24)",finetune,200,10752000,0.964285671710968,0.8439819929649767
finetune,38,"biggrid50-goal(33,24)",finetune,210,10762240,0.9479591250419617,0.7726594903422707
finetune,38,"biggrid50-goal(33,24)",finetune,220,10772480,0.946938693523407,0.76820173628479
finetune,38,"biggrid50-goal(33,24)",finetune,230,10782720,0.9479591250419617,0.7726594903422707
finetune,38,"biggrid50-goal(33,24)",finetune,240,10792960,0.9438775181770325,0.7548289948780094
finetune,38,"biggrid50-goal(33,24)",finetune,250,10803200,0.8999999165534973,0.563149736531633
finetune,38,"biggrid50-goal(33,24)",finetune,260,10813440,0.8918366432189941,0.52748848522028
finetune,38,"biggrid50-goal(33,24)",finetune,270,10823680,0.8428570628166199,0.31352123773499224
finetune,38,"biggrid50-goal(33,24)",finetune,280,10833920,0.8469387292861938,0.331351993582084
finetune,38,"biggrid50-goal(33,24)",finetune,290,10844160,0.8459182977676392,0.32689423952460345
finetune,38,"biggrid50-goal(33,24)",finetune,300,10854400,0.8693877458572388,0.4294204997840124
finetune,39,"biggrid50-goal(40,17)",finetune,10,10864640,0.9775508642196655,0.9305988889453973
finetune,39,"biggrid50-goal(40,17)",finetune,20,10874880,0.971428394317627,0.9116713802093123
finetune,39,"biggrid50-goal(40,17)",finetune,30,10885120,0.9724489450454712,0.914826394954335
finetune,39,"biggrid50-goal(40,17)",finetune,40,10895360,0.961224377155304,0.8801258394270337
finetune,39,"biggrid50-goal(40,17)",finetune,50,10905600,0.9622448086738586,0.8832804856386205
finetune,39,"biggrid50-goal(40,17)",finetune,60,10915840,0.961224377155304,0.8801258394270337
finetune,39,"biggrid50-goal(40,17)",finetune,70,10926080,0.9642855525016785,0.8895894095283583
finetune,39,"biggrid50-goal(40,17)",finetune,80,10936320,0.9642855525016785,0.8895894095283583
finetune,39,"biggrid50-goal(40,17)",finetune,90,10946560,0.9836733937263489,0.9495265819482004
finetune,39,"biggrid50-goal(40,17)",finetune,100,10956800,0.9867345690727234,0.958990152049525
finetune,39,"biggrid50-goal(40,17)",finetune,110,10967040,0.9979590177536011,0.9936903390433904
finetune,39,"biggrid50-goal(40,17)",finetune,120,10977280,0.9897958040237427,0.9684539064175676
finetune,39,"biggrid50-goal(40,17)",finetune,130,10987520,0.9826529622077942,0.9463719357366136
finetune,39,"biggrid50-goal(40,17)",finetune,140,10997760,0.9642855525016785,0.8895894095283583
finetune,39,"biggrid50-goal(40,17)",finetune,150,11008000,0.9734692573547363,0.917980672632486
finetune,40,"biggrid50-goal(40,38)",finetune,10,11018240,0.7234693169593811,0.15488564106272687
finetune,40,"biggrid50-goal(40,38)",finetune,20,11028480,0.7816325426101685,0.33264015502517535
finetune,40,"biggrid50-goal(40,38)",finetune,30,11038720,0.7816326022148132,0.3326403371848569
finetune,40,"biggrid50-goal(40,38)",finetune,40,11048960,0.7448979020118713,0.2203742324929518
finetune,40,"biggrid50-goal(40,38)",finetune,50,11059200,0.7204080820083618,0.1455301019784545
finetune,40,"biggrid50-goal(40,38)",finetune,60,11069440,0.7183672785758972,0.1392931366421668
finetune,40,"biggrid50-goal(40,38)",finetune,70,11079680,0.7397958636283875,0.20478172807239173
finetune,40,"biggrid50-goal(40,38)",finetune,80,11089920,0.741836667060852,0.21101869340867943
finetune,40,"biggrid50-goal(40,38)",finetune,90,11100160,0.7428570985794067,0.21413726715666406
finetune,40,"biggrid50-goal(40,38)",finetune,100,11110400,0.7408162355422974,0.2079001196606948
finetune,40,"biggrid50-goal(40,38)",finetune,110,11120640,0.7479591369628906,0.22972977157722413
finetune,40,"biggrid50-goal(40,38)",finetune,120,11130880,0.7540816068649292,0.24844084974576883
finetune,40,"biggrid50-goal(40,38)",finetune,130,11141120,0.778571367263794,0.3232847981005846
finetune,40,"biggrid50-goal(40,38)",finetune,140,11151360,0.7928570508956909,0.3669437376142802
finetune,40,"biggrid50-goal(40,38)",finetune,150,11161600,0.7806121706962585,0.3295217634368723
finetune,40,"biggrid50-goal(40,38)",finetune,160,11171840,0.837755024433136,0.5041578858110177
finetune,40,"biggrid50-goal(40,38)",finetune,170,11182080,0.7897958159446716,0.3575881985300078
finetune,40,"biggrid50-goal(40,38)",finetune,180,11192320,0.7673468589782715,0.2889812155114798
finetune,40,"biggrid50-goal(40,38)",finetune,190,11202560,0.7795917391777039,0.32640318968888765
finetune,40,"biggrid50-goal(40,38)",finetune,200,11212800,0.7734693288803101,0.3076922936800245
finetune,40,"biggrid50-goal(40,38)",finetune,210,11223040,0.7959182858467102,0.3762992766985525
finetune,40,"biggrid50-goal(40,38)",finetune,220,11233280,0.8091835975646973,0.416839824623945
finetune,40,"biggrid50-goal(40,38)",finetune,230,11243520,0.7928570508956909,0.3669437376142802
finetune,40,"biggrid50-goal(40,38)",finetune,240,11253760,0.764285683631897,0.279625858586889
finetune,40,"biggrid50-goal(40,38)",finetune,250,11264000,0.7693876624107361,0.2952181808477675
finetune,40,"biggrid50-goal(40,38)",finetune,260,11274240,0.7785713076591492,0.323284615940903
finetune,40,"biggrid50-goal(40,38)",finetune,270,11284480,0.7510203123092651,0.23908512850181496
finetune,40,"biggrid50-goal(40,38)",finetune,280,11294720,0.7867346405982971,0.348232841605417
finetune,40,"biggrid50-goal(40,38)",finetune,290,11304960,0.7755101323127747,0.3139292590163122
finetune,40,"biggrid50-goal(40,38)",finetune,300,11315200,0.7785713076591492,0.323284615940903
finetune,40,"biggrid50-goal(40,38)",finetune,310,11325440,0.7785713076591492,0.323284615940903
finetune,40,"biggrid50-goal(40,38)",finetune,320,11335680,0.7581631541252136,0.26091459825866276
finetune,40,"biggrid50-goal(40,38)",finetune,330,11345920,0.7857142090797424,0.3451142678574324
finetune,40,"biggrid50-goal(40,38)",finetune,340,11356160,0.8163264989852905,0.43866947654047433
finetune,40,"biggrid50-goal(40,38)",finetune,350,11366400,0.7897958159446716,0.3575881985300078
finetune,40,"biggrid50-goal(40,38)",finetune,360,11376640,0.7653061151504517,0.2827444323348736
finetune,40,"biggrid50-goal(40,38)",finetune,370,11386880,0.7428570985794067,0.21413726715666406
finetune,40,"biggrid50-goal(40,38)",finetune,380,11397120,0.7540816068649292,0.24844084974576883
finetune,40,"biggrid50-goal(40,38)",finetune,390,11407360,0.8408161997795105,0.5135132427356085
finetune,40,"biggrid50-goal(40,38)",finetune,400,11417600,0.8295917510986328,0.4792098423061853
finetune,40,"biggrid50-goal(40,38)",finetune,410,11427840,0.8397958874702454,0.510395033306987
finetune,40,"biggrid50-goal(40,38)",finetune,420,11438080,0.8051019906997681,0.40436589395136957
finetune,40,"biggrid50-goal(40,38)",finetune,430,11448320,0.8040815591812134,0.40124732020338494
finetune,40,"biggrid50-goal(40,38)",finetune,440,11458560,0.7622448205947876,0.2733887110909197
finetune,40,"biggrid50-goal(40,38)",finetune,450,11468800,0.8173468708992004,0.4417878681287774
finetune,40,"biggrid50-goal(40,38)",finetune,460,11479040,0.8357142210006714,0.49792092047472997
finetune,40,"biggrid50-goal(40,38)",finetune,470,11489280,0.8153060674667358,0.4355509027924897
finetune,40,"biggrid50-goal(40,38)",finetune,480,11499520,0.7795917391777039,0.32640318968888765
finetune,40,"biggrid50-goal(40,38)",finetune,490,11509760,0.760204017162323,0.267151745754632
finetune,40,"biggrid50-goal(40,38)",finetune,500,11520000,0.7989795207977295,0.38565481578282484
finetune,41,"biggrid50-goal(33,38)",finetune,10,11530240,0.8438774943351746,0.41528643765524437
finetune,41,"biggrid50-goal(33,38)",finetune,20,11540480,0.8428570628166199,0.41146469430182975
finetune,41,"biggrid50-goal(33,38)",finetune,30,11550720,0.8571427464485168,0.4649677618535991
finetune,41,"biggrid50-goal(33,38)",finetune,40,11560960,0.8571427464485168,0.4649677618535991
finetune,41,"biggrid50-goal(33,38)",finetune,50,11571200,0.9142855405807495,0.6789802552933489
finetune,41,"biggrid50-goal(33,38)",finetune,60,11581440,0.873469352722168,0.5261145393448702
finetune,41,"biggrid50-goal(33,38)",finetune,70,11591680,0.8816326260566711,0.5566878164741694
finetune,41,"biggrid50-goal(33,38)",finetune,80,11601920,0.9265305399894714,0.7248405058363067
finetune,41,"biggrid50-goal(33,38)",finetune,90,11612160,0.9999998807907104,0.999999553534655
finetune,41,"biggrid50-goal(33,38)",finetune,100,11622400,0.9020406603813171,0.6331204512157363
finetune,41,"biggrid50-goal(33,38)",finetune,110,11632640,0.9010202288627625,0.6292987078623217
finetune,41,"biggrid50-goal(33,38)",finetune,120,11642880,0.9061223268508911,0.6484072013967221
finetune,41,"biggrid50-goal(33,38)",finetune,130,11653120,0.8632652163505554,0.4878977755087417
finetune,41,"biggrid50-goal(33,38)",finetune,140,11663360,0.8867346048355103,0.5757958635432249
finetune,41,"biggrid50-goal(33,38)",finetune,150,11673600,0.8806120753288269,0.5528656266554098
finetune,42,"biggrid50-goal(9,45)",finetune,10,11683840,0.9102038145065308,0.6999991835520385
finetune,42,"biggrid50-goal(9,45)",finetune,20,11694080,0.9999998807907104,0.9999996017327017
finetune,42,"biggrid50-goal(9,45)",finetune,30,11704320,0.9928568601608276,0.9761354252190421
finetune,42,"biggrid50-goal(9,45)",finetune,40,11714560,0.9897956848144531,0.9659083192662005
finetune,42,"biggrid50-goal(9,45)",finetune,50,11724800,0.9765305519104004,0.9215907273814542
finetune,42,"biggrid50-goal(9,45)",finetune,60,11735040,0.9775508642196655,0.9249994971875359
finetune,42,"biggrid50-goal(9,45)",finetune,70,11745280,0.9999998807907104,0.9999996017327017
finetune,42,"biggrid50-goal(9,45)",finetune,80,11755520,0.98163241147995,0.9386355720801083
finetune,42,"biggrid50-goal(9,45)",finetune,90,11765760,0.9704080820083618,0.9011361172084729
finetune,42,"biggrid50-goal(9,45)",finetune,100,11776000,0.9693877100944519,0.897727148268742
finetune,42,"biggrid50-goal(9,45)",finetune,110,11786240,0.9438773989677429,0.8124995395034363
finetune,42,"biggrid50-goal(9,45)",finetune,120,11796480,0.9959182739257812,0.9863633277064802
finetune,42,"biggrid50-goal(9,45)",finetune,130,11806720,0.9979590177536011,0.9931812655859418
finetune,42,"biggrid50-goal(9,45)",finetune,140,11816960,0.9989794492721558,0.9965904336593218
finetune,42,"biggrid50-goal(9,45)",finetune,150,11827200,0.9979590177536011,0.9931812655859418
finetune,43,"biggrid50-goal(9,38)",finetune,10,11837440,0.9602039456367493,0.867796173879296
finetune,43,"biggrid50-goal(9,38)",finetune,20,11847680,0.9846938252449036,0.94915237456896
finetune,43,"biggrid50-goal(9,38)",finetune,30,11857920,0.9816325306892395,0.9389826514741247
finetune,43,"biggrid50-goal(9,38)",finetune,40,11868160,0.9755101203918457,0.9186437993103359
finetune,43,"biggrid50-goal(9,38)",finetune,50,11878400,0.9969385862350464,0.9898298808879102
finetune,43,"biggrid50-goal(9,38)",finetune,60,11888640,0.9622446894645691,0.8745755932585982
finetune,43,"biggrid50-goal(9,38)",finetune,70,11898880,0.9591835737228394,0.8644064641896447
finetune,43,"biggrid50-goal(9,38)",finetune,80,11909120,0.9530611038208008,0.8440674140172287
finetune,43,"biggrid50-goal(9,38)",finetune,90,11919360,0.9693876504898071,0.8983047491379199
finetune,43,"biggrid50-goal(9,38)",finetune,100,11929600,0.9591835141181946,0.8644062661810175
finetune,43,"biggrid50-goal(9,38)",finetune,110,11939840,0.9663264155387878,0.888135224051712
finetune,43,"biggrid50-goal(9,38)",finetune,120,11950080,0.9795916676521301,0.9322028360775679
finetune,43,"biggrid50-goal(9,38)",finetune,130,11960320,0.9510202407836914,0.8372875986206719
finetune,43,"biggrid50-goal(9,38)",finetune,140,11970560,0.9755100011825562,0.9186434032930815
finetune,43,"biggrid50-goal(9,38)",finetune,150,11980800,0.9612242579460144,0.8711856855603198
finetune,44,"biggrid50-goal(9,3)",finetune,10,11991040,0.6295918226242065,-0.06869488354176125
finetune,44,"biggrid50-goal(9,3)",finetune,20,12001280,0.6346938014030457,-0.053974747891645
finetune,44,"biggrid50-goal(9,3)",finetune,30,12011520,0.6255101561546326,-0.08047123282017417
finetune,44,"biggrid50-goal(9,3)",finetune,40,12021760,0.6244897246360779,-0.08341536313233452
finetune,44,"biggrid50-goal(9,3)",finetune,50,12032000,0.6244897246360779,-0.08341536313233452
finetune,44,"biggrid50-goal(9,3)",finetune,60,12042240,0.6295918226242065,-0.06869488354176125
finetune,44,"biggrid50-goal(9,3)",finetune,70,12052480,0.6285713911056519,-0.07163901385392162
finetune,44,"biggrid50-goal(9,3)",finetune,80,12062720,0.6285713911056519,-0.07163901385392162
finetune,44,"biggrid50-goal(9,3)",finetune,90,12072960,0.6285713911056519,-0.07163901385392162
finetune,44,"biggrid50-goal(9,3)",finetune,100,12083200,0.6295918226242065,-0.06869488354176125
finetune,44,"biggrid50-goal(9,3)",finetune,110,12093440,0.6265305280685425,-0.07752727447824233
finetune,44,"biggrid50-goal(9,3)",finetune,120,12103680,0.6285713911056519,-0.07163901385392162
finetune,44,"biggrid50-goal(9,3)",finetune,130,12113920,0.6285713911056519,-0.07163901385392162
finetune,44,"biggrid50-goal(9,3)",finetune,140,12124160,0.6285713911056519,-0.07163901385392162
finetune,44,"biggrid50-goal(9,3)",finetune,150,12134400,0.6285713911056519,-0.07163901385392162
finetune,44,"biggrid50-goal(9,3)",finetune,160,12144640,0.6306122541427612,-0.06575075322960089
finetune,44,"biggrid50-goal(9,3)",finetune,170,12154880,0.6295918226242065,-0.06869488354176125
finetune,44,"biggrid50-goal(9,3)",finetune,180,12165120,0.6336734294891357,-0.056918706233576845
finetune,44,"biggrid50-goal(9,3)",finetune,190,12175360,0.6377550363540649,-0.04514252892539244
finetune,44,"biggrid50-goal(9,3)",finetune,200,12185600,0.6336734294891357,-0.056918706233576845
finetune,44,"biggrid50-goal(9,3)",finetune,210,12195840,0.6428571343421936,-0.030422049334819155
finetune,44,"biggrid50-goal(9,3)",finetune,220,12206080,0.6428571343421936,-0.030422049334819155
finetune,44,"biggrid50-goal(9,3)",finetune,230,12216320,0.6448979377746582,-0.02453396068072695
finetune,44,"biggrid50-goal(9,3)",finetune,240,12226560,0.6428571343421936,-0.030422049334819155
finetune,44,"biggrid50-goal(9,3)",finetune,250,12236800,0.6346938610076904,-0.05397457592141648
finetune,44,"biggrid50-goal(9,3)",finetune,260,12247040,0.6459183692932129,-0.021589830368566595
finetune,44,"biggrid50-goal(9,3)",finetune,270,12257280,0.6785714030265808,0.07262010400759421
finetune,44,"biggrid50-goal(9,3)",finetune,280,12267520,0.669387698173523,0.04612344710883652
finetune,44,"biggrid50-goal(9,3)",finetune,290,12277760,0.6908162832260132,0.10794880790237595
finetune,44,"biggrid50-goal(9,3)",finetune,300,12288000,0.7071427702903748,0.1550536891053421
finetune,44,"biggrid50-goal(9,3)",finetune,310,12298240,0.6969387531280518,0.12561324583488107
finetune,44,"biggrid50-goal(9,3)",finetune,320,12308480,0.669387698173523,0.04612344710883652
finetune,44,"biggrid50-goal(9,3)",finetune,330,12318720,0.6714285016059875,0.052011535762928725
finetune,44,"biggrid50-goal(9,3)",finetune,340,12328960,0.6928570866584778,0.11383689655646814
finetune,44,"biggrid50-goal(9,3)",finetune,350,12339200,0.6928570866584778,0.11383689655646814
finetune,44,"biggrid50-goal(9,3)",finetune,360,12349440,0.640816330909729,-0.03631013798891136
finetune,44,"biggrid50-goal(9,3)",finetune,370,12359680,0.6632652282714844,0.028459009176331394
finetune,44,"biggrid50-goal(9,3)",finetune,380,12369920,0.6765305399894714,0.06673184338327348
finetune,44,"biggrid50-goal(9,3)",finetune,390,12380160,0.6193877458572388,-0.09813549878245079
finetune,44,"biggrid50-goal(9,3)",finetune,400,12390400,0.6489795446395874,-0.012757783372542545
finetune,44,"biggrid50-goal(9,3)",finetune,410,12400640,0.6816326379776001,0.08145232297384676
finetune,44,"biggrid50-goal(9,3)",finetune,420,12410880,0.6897958517074585,0.10500467759021558
finetune,44,"biggrid50-goal(9,3)",finetune,430,12421120,0.7163264155387878,0.18155017403387125
finetune,44,"biggrid50-goal(9,3)",finetune,440,12431360,0.6755101680755615,0.06378788504134164
finetune,44,"biggrid50-goal(9,3)",finetune,450,12441600,0.7142856121063232,0.17566208537977906
finetune,44,"biggrid50-goal(9,3)",finetune,460,12451840,0.6795917749404907,0.07556406234952605
finetune,44,"biggrid50-goal(9,3)",finetune,470,12462080,0.7132652997970581,0.17271829900807573
finetune,44,"biggrid50-goal(9,3)",finetune,480,12472320,0.7122448682785034,0.16977416869591536
finetune,44,"biggrid50-goal(9,3)",finetune,490,12482560,0.686734676361084,0.09617263059419154
finetune,44,"biggrid50-goal(9,3)",finetune,500,12492800,0.7142857313156128,0.17566242932023607
finetune,45,"biggrid50-goal(40,24)",finetune,10,12503040,0.8724489212036133,0.3980735671860602
finetune,45,"biggrid50-goal(40,24)",finetune,20,12513280,0.8928569555282593,0.49438114386589455
finetune,45,"biggrid50-goal(40,24)",finetune,30,12523520,0.9265304803848267,0.6532899111491652
finetune,45,"biggrid50-goal(40,24)",finetune,40,12533760,0.9591835141181946,0.8073828776779295
finetune,45,"biggrid50-goal(40,24)",finetune,50,12544000,0.9479590654373169,0.7544135698638491
finetune,45,"biggrid50-goal(40,24)",finetune,60,12554240,0.9520406723022461,0.773675085199816
finetune,45,"biggrid50-goal(40,24)",finetune,70,12564480,1.0,1.0
finetune,45,"biggrid50-goal(40,24)",finetune,80,12574720,0.9438773989677429,0.7351517732475391
finetune,45,"biggrid50-goal(40,24)",finetune,90,12584960,0.9918365478515625,0.9614758442066937
finetune,45,"biggrid50-goal(40,24)",finetune,100,12595200,0.9673467874526978,0.8459061896302064
finetune,45,"biggrid50-goal(40,24)",finetune,110,12605440,0.9908161163330078,0.9566603247325305
finetune,45,"biggrid50-goal(40,24)",finetune,120,12615680,0.9183672070503235,0.6147665991968884
finetune,45,"biggrid50-goal(40,24)",finetune,130,12625920,0.9489794969558716,0.7592290893380124
finetune,45,"biggrid50-goal(40,24)",finetune,140,12636160,0.9428569674491882,0.7303362537733759
finetune,45,"biggrid50-goal(40,24)",finetune,150,12646400,0.9030612111091614,0.5425360573271841
finetune,46,"biggrid50-goal(33,31)",finetune,10,12656640,0.9724488258361816,0.8661149431679611
finetune,46,"biggrid50-goal(33,31)",finetune,20,12666880,0.9081631898880005,0.5537186013195252
finetune,46,"biggrid50-goal(33,31)",finetune,30,12677120,0.9969387054443359,0.9851236251084011
finetune,46,"biggrid50-goal(33,31)",finetune,40,12687360,0.9418367147445679,0.7173552493385864
finetune,46,"biggrid50-goal(33,31)",finetune,50,12697600,0.9520407915115356,0.7669420070477405
finetune,46,"biggrid50-goal(33,31)",finetune,60,12707840,0.951020359992981,0.7619832154172076
finetune,46,"biggrid50-goal(33,31)",finetune,70,12718080,0.9683672785758972,0.8462806455929608
finetune,46,"biggrid50-goal(33,31)",finetune,80,12728320,0.9999998807907104,0.9999994207019123
finetune,46,"biggrid50-goal(33,31)",finetune,90,12738560,0.9999998807907104,0.9999994207019123
finetune,46,"biggrid50-goal(33,31)",finetune,100,12748800,0.9999998807907104,0.9999994207019123
finetune,46,"biggrid50-goal(33,31)",finetune,110,12759040,1.0,1.0
finetune,46,"biggrid50-goal(33,31)",finetune,120,12769280,0.9683672785758972,0.8462806455929608
finetune,46,"biggrid50-goal(33,31)",finetune,130,12779520,0.9938775300979614,0.97024782951489
finetune,46,"biggrid50-goal(33,31)",finetune,140,12789760,0.9999998807907104,0.9999994207019123
finetune,46,"biggrid50-goal(33,31)",finetune,150,12800000,1.0,1.0
finetune,47,"biggrid50-goal(46,45)",finetune,10,12810240,0.724489688873291,0.31355899985030544
finetune,47,"biggrid50-goal(46,45)",finetune,20,12820480,0.7336734533309937,0.33644058433149504
finetune,47,"biggrid50-goal(46,45)",finetune,30,12830720,0.7459182739257812,0.3669488686180817
finetune,47,"biggrid50-goal(46,45)",finetune,40,12840960,0.7530611753463745,0.38474559054500695
finetune,47,"biggrid50-goal(46,45)",finetune,50,12851200,0.770408034324646,0.42796573420425466
finetune,47,"biggrid50-goal(46,45)",finetune,60,12861440,0.7948979139328003,0.48898289680342727
finetune,47,"biggrid50-goal(46,45)",finetune,70,12871680,0.8724488019943237,0.6822029216574751
finetune,47,"biggrid50-goal(46,45)",finetune,80,12881920,0.9224488139152527,0.8067792326134531
finetune,47,"biggrid50-goal(46,45)",finetune,90,12892160,0.8153060674667358,0.5398303342940713
finetune,47,"biggrid50-goal(46,45)",finetune,100,12902400,0.8744896650314331,0.6872877842117394
finetune,47,"biggrid50-goal(46,45)",finetune,110,12912640,0.8632652163505554,0.659321782695785
finetune,47,"biggrid50-goal(46,45)",finetune,120,12922880,0.8948977589607239,0.7381350731958837
finetune,47,"biggrid50-goal(46,45)",finetune,130,12933120,0.8551018834114075,0.6389826294917276
finetune,47,"biggrid50-goal(46,45)",finetune,140,12943360,0.8459182977676392,0.6161014905300375
finetune,47,"biggrid50-goal(46,45)",finetune,150,12953600,0.8561223149299622,0.6415250607688597
finetune,47,"biggrid50-goal(46,45)",finetune,160,12963840,0.8928570747375488,0.7330506561611189
finetune,47,"biggrid50-goal(46,45)",finetune,170,12974080,0.8826529383659363,0.707626788909297
finetune,47,"biggrid50-goal(46,45)",finetune,180,12984320,0.8704080581665039,0.6771183561162105
finetune,47,"biggrid50-goal(46,45)",finetune,190,12994560,0.9234692454338074,0.8093216638905851
finetune,47,"biggrid50-goal(46,45)",finetune,200,13004800,0.9142856597900391,0.786440524928895
finetune,48,"biggrid50-goal(3,38)",finetune,10,13015040,0.7204080820083618,0.14374981175643792
finetune,48,"biggrid50-goal(3,38)",finetune,20,13025280,0.8081631660461426,0.4124997375998832
finetune,48,"biggrid50-goal(3,38)",finetune,30,13035520,0.8704080581665039,0.6031247062259562
finetune,48,"biggrid50-goal(3,38)",finetune,40,13045760,0.928571343421936,0.7812497547129342
finetune,48,"biggrid50-goal(3,38)",finetune,50,13056000,0.928571343421936,0.7812497547129342
finetune,48,"biggrid50-goal(3,38)",finetune,60,13066240,0.928571343421936,0.7812497547129342
finetune,48,"biggrid50-goal(3,38)",finetune,70,13076480,0.9795915484428406,0.9374991215300437
finetune,48,"biggrid50-goal(3,38)",finetune,80,13086720,0.9795915484428406,0.9374991215300437
finetune,48,"biggrid50-goal(3,38)",finetune,90,13096960,0.9795915484428406,0.9374991215300437
finetune,48,"biggrid50-goal(3,38)",finetune,100,13107200,0.9795915484428406,0.9374991215300437
finetune,48,"biggrid50-goal(3,38)",finetune,110,13117440,0.9795915484428406,0.9374991215300437
finetune,48,"biggrid50-goal(3,38)",finetune,120,13127680,0.9653059244155884,0.8937494010432115
finetune,48,"biggrid50-goal(3,38)",finetune,130,13137920,0.963265061378479,0.8874992584344524
finetune,48,"biggrid50-goal(3,38)",finetune,140,13148160,0.9795915484428406,0.9374991215300437
finetune,48,"biggrid50-goal(3,38)",finetune,150,13158400,0.9795915484428406,0.9374991215300437
finetune,49,"biggrid50-goal(46,3)",finetune,10,13168640,0.577551007270813,-0.07532456892300923
finetune,49,"biggrid50-goal(46,3)",finetune,20,13178880,0.6734693050384521,0.16883106637030518
finetune,49,"biggrid50-goal(46,3)",finetune,30,13189120,0.7479590773582458,0.35844137125344216
finetune,49,"biggrid50-goal(46,3)",finetune,40,13199360,0.8510202169418335,0.620778783350149
finetune,49,"biggrid50-goal(46,3)",finetune,50,13209600,0.8938775062561035,0.7298700510540809
finetune,49,"biggrid50-goal(46,3)",finetune,60,13219840,0.9071426391601562,0.7636358395096381
finetune,49,"biggrid50-goal(46,3)",finetune,70,13230080,0.7979591488838196,0.4857142640398722
finetune,49,"biggrid50-goal(46,3)",finetune,80,13240320,0.8806121945381165,0.696103807435841
finetune,49,"biggrid50-goal(46,3)",finetune,90,13250560,0.8857141733169556,0.7090906608203549
finetune,49,"biggrid50-goal(46,3)",finetune,100,13260800,0.86530601978302,0.6571426403987225
finetune,49,"biggrid50-goal(46,3)",finetune,110,13271040,0.8469387292861938,0.6103895433959687
finetune,49,"biggrid50-goal(46,3)",finetune,120,13281280,0.9244896769523621,0.8077919299656352
finetune,49,"biggrid50-goal(46,3)",finetune,130,13291520,0.9204080700874329,0.7974023865696664
finetune,49,"biggrid50-goal(46,3)",finetune,140,13301760,0.8499999046325684,0.6181816250824982
finetune,49,"biggrid50-goal(46,3)",finetune,150,13312000,0.8561223745346069,0.6337660918973457
