method,after_task,after_task_name,eval_task,eval_task_name,raw,normalized
constrained,0,"biggrid50-goal(40,31)",0,"biggrid50-goal(40,31)",0.9877548813819885,0.9622238812282446
constrained,1,"biggrid50-goal(9,31)",0,"biggrid50-goal(40,31)",0.9051019549369812,0.7072400902482932
constrained,1,"biggrid50-goal(9,31)",1,"biggrid50-goal(9,31)",0.8149660229682922,0.22174556246394656
constrained,2,"biggrid50-goal(15,31)",0,"biggrid50-goal(40,31)",0.8792515993118286,0.6274918954899757
constrained,2,"biggrid50-goal(15,31)",1,"biggrid50-goal(9,31)",0.8894557356834412,0.535049910137435
constrained,2,"biggrid50-goal(15,31)",2,"biggrid50-goal(15,31)",0.8414965271949768,0.21150561160755188
constrained,3,"biggrid50-goal(9,24)",0,"biggrid50-goal(40,31)",0.9561222195625305,0.8646373059376684
constrained,3,"biggrid50-goal(9,24)",1,"biggrid50-goal(9,31)",0.905102014541626,0.6008582884020508
constrained,3,"biggrid50-goal(9,24)",2,"biggrid50-goal(15,31)",0.8615645170211792,0.31133621521673577
constrained,3,"biggrid50-goal(9,24)",3,"biggrid50-goal(9,24)",0.8792515397071838,0.4521600059710582
constrained,4,"biggrid50-goal(21,17)",0,"biggrid50-goal(40,31)",0.9568026065826416,0.8667362958849499
constrained,4,"biggrid50-goal(21,17)",1,"biggrid50-goal(9,31)",0.9122447371482849,0.6309006387524885
constrained,4,"biggrid50-goal(21,17)",2,"biggrid50-goal(15,31)",0.8625849485397339,0.3164124732436429
constrained,4,"biggrid50-goal(21,17)",3,"biggrid50-goal(9,24)",0.9292516112327576,0.6790120819278946
constrained,4,"biggrid50-goal(21,17)",4,"biggrid50-goal(21,17)",0.7911564111709595,0.2539489149320342
constrained,5,"biggrid50-goal(27,3)",0,"biggrid50-goal(40,31)",0.9598637223243713,0.8761798199079497
constrained,5,"biggrid50-goal(27,3)",1,"biggrid50-goal(9,31)",0.9336733222007751,0.7210294446872033
constrained,5,"biggrid50-goal(27,3)",2,"biggrid50-goal(15,31)",0.8540815711021423,0.27411141022421226
constrained,5,"biggrid50-goal(27,3)",3,"biggrid50-goal(9,24)",0.8952379822731018,0.5246910558794236
constrained,5,"biggrid50-goal(27,3)",4,"biggrid50-goal(21,17)",0.7687073945999146,0.17375438626375497
constrained,5,"biggrid50-goal(27,3)",5,"biggrid50-goal(27,3)",0.7431972622871399,0.21435996951849395
constrained,6,"biggrid50-goal(3,31)",0,"biggrid50-goal(40,31)",0.9411563277244568,0.8184676178164988
constrained,6,"biggrid50-goal(3,31)",1,"biggrid50-goal(9,31)",0.9051018953323364,0.6008577870067932
constrained,6,"biggrid50-goal(3,31)",2,"biggrid50-goal(15,31)",0.9561223387718201,0.7817253524989748
constrained,6,"biggrid50-goal(3,31)",3,"biggrid50-goal(9,24)",0.9809522032737732,0.9135794790305792
constrained,6,"biggrid50-goal(3,31)",4,"biggrid50-goal(21,17)",0.7636054158210754,0.15552860866010287
constrained,6,"biggrid50-goal(3,31)",5,"biggrid50-goal(27,3)",0.7673469185829163,0.28824133416946557
constrained,6,"biggrid50-goal(3,31)",6,"biggrid50-goal(3,31)",0.7952381372451782,-0.3201748840684026
constrained,7,"biggrid50-goal(33,10)",0,"biggrid50-goal(40,31)",0.9513604640960693,0.8499473183863429
constrained,7,"biggrid50-goal(33,10)",1,"biggrid50-goal(9,31)",0.9248298406600952,0.6838336881958269
constrained,7,"biggrid50-goal(33,10)",2,"biggrid50-goal(15,31)",0.9180271625518799,0.5922163648240225
constrained,7,"biggrid50-goal(33,10)",3,"biggrid50-goal(9,24)",0.9418366551399231,0.7361108669743961
constrained,7,"biggrid50-goal(33,10)",4,"biggrid50-goal(21,17)",0.7948979735374451,0.26731488263550574
constrained,7,"biggrid50-goal(33,10)",5,"biggrid50-goal(27,3)",0.8040816187858582,0.4006242910031964
constrained,7,"biggrid50-goal(33,10)",6,"biggrid50-goal(3,31)",0.9132651686668396,0.4407887076264103
constrained,7,"biggrid50-goal(33,10)",7,"biggrid50-goal(33,10)",0.8166666626930237,0.37325592720873774
constrained,8,"biggrid50-goal(27,45)",0,"biggrid50-goal(40,31)",0.9476190209388733,0.8384049882960394
constrained,8,"biggrid50-goal(27,45)",1,"biggrid50-goal(9,31)",0.9040815830230713,0.5965663449965392
constrained,8,"biggrid50-goal(27,45)",2,"biggrid50-goal(15,31)",0.9411563873291016,0.7072754460035291
constrained,8,"biggrid50-goal(27,45)",3,"biggrid50-goal(9,24)",0.9816324710845947,0.9166658779172797
constrained,8,"biggrid50-goal(27,45)",4,"biggrid50-goal(21,17)",0.8251699805259705,0.37545544748407317
constrained,8,"biggrid50-goal(27,45)",5,"biggrid50-goal(27,3)",0.8051019310951233,0.4037457460191784
constrained,8,"biggrid50-goal(27,45)",6,"biggrid50-goal(3,31)",0.9517005085945129,0.6885954512772171
constrained,8,"biggrid50-goal(27,45)",7,"biggrid50-goal(33,10)",0.9329931139945984,0.7709299942008574
constrained,8,"biggrid50-goal(27,45)",8,"biggrid50-goal(27,45)",0.6724490523338318,0.048419103399576176
constrained,9,"biggrid50-goal(21,45)",0,"biggrid50-goal(40,31)",0.9384351968765259,0.8100729451872174
constrained,9,"biggrid50-goal(21,45)",1,"biggrid50-goal(9,31)",0.930952250957489,0.7095845965360106
constrained,9,"biggrid50-goal(21,45)",2,"biggrid50-goal(15,31)",0.9027210474014282,0.5160742734828082
constrained,9,"biggrid50-goal(21,45)",3,"biggrid50-goal(9,24)",0.9959182143211365,0.9814807953947132
constrained,9,"biggrid50-goal(21,45)",4,"biggrid50-goal(21,17)",0.7962583899497986,0.2721746925356863
constrained,9,"biggrid50-goal(21,45)",5,"biggrid50-goal(27,3)",0.7945576906204224,0.3714876109162304
constrained,9,"biggrid50-goal(21,45)",6,"biggrid50-goal(3,31)",0.9646256566047668,0.771928624488458
constrained,9,"biggrid50-goal(21,45)",7,"biggrid50-goal(33,10)",0.935033917427063,0.7779066928952556
constrained,9,"biggrid50-goal(21,45)",8,"biggrid50-goal(27,45)",0.6778911352157593,0.06422910836233471
constrained,9,"biggrid50-goal(21,45)",9,"biggrid50-goal(21,45)",0.8197278380393982,0.17316677100732936
constrained,10,"biggrid50-goal(33,3)",0,"biggrid50-goal(40,31)",0.9367345571517944,0.8048264816588916
constrained,10,"biggrid50-goal(33,3)",1,"biggrid50-goal(9,31)",0.8942176103591919,0.5550783944020222
constrained,10,"biggrid50-goal(33,3)",2,"biggrid50-goal(15,31)",0.882652997970581,0.41624337336322553
constrained,10,"biggrid50-goal(33,3)",3,"biggrid50-goal(9,24)",0.9659862518310547,0.8456784330948065
constrained,10,"biggrid50-goal(33,3)",4,"biggrid50-goal(21,17)",0.8054421544075012,0.30498181616870507
constrained,10,"biggrid50-goal(33,3)",5,"biggrid50-goal(27,3)",0.8010203242301941,0.39125883185955607
constrained,10,"biggrid50-goal(33,3)",6,"biggrid50-goal(3,31)",0.946938693523407,0.6578942817582636
constrained,10,"biggrid50-goal(33,3)",7,"biggrid50-goal(33,10)",0.9561222791671753,0.8499994498353786
constrained,10,"biggrid50-goal(33,3)",8,"biggrid50-goal(27,45)",0.6965985894203186,0.11857685539809946
constrained,10,"biggrid50-goal(33,3)",9,"biggrid50-goal(21,45)",0.9499999284744263,0.7706705231704617
constrained,10,"biggrid50-goal(33,3)",10,"biggrid50-goal(33,3)",0.7503401637077332,0.2555782353427309
constrained,11,"biggrid50-goal(21,24)",0,"biggrid50-goal(40,31)",0.9312923550605774,0.7880373202803066
constrained,11,"biggrid50-goal(21,24)",1,"biggrid50-goal(9,31)",0.8959183096885681,0.5622315498453321
constrained,11,"biggrid50-goal(21,24)",2,"biggrid50-goal(15,31)",0.8857142925262451,0.4314721474439469
constrained,11,"biggrid50-goal(21,24)",3,"biggrid50-goal(9,24)",0.9860543012619019,0.936727876323375
constrained,11,"biggrid50-goal(21,24)",4,"biggrid50-goal(21,17)",0.7884352803230286,0.2442282305045481
constrained,11,"biggrid50-goal(21,24)",5,"biggrid50-goal(27,3)",0.7795917391777039,0.3257020766483327
constrained,11,"biggrid50-goal(21,24)",6,"biggrid50-goal(3,31)",0.9132652282714844,0.4407890919194322
constrained,11,"biggrid50-goal(21,24)",7,"biggrid50-goal(33,10)",0.9765304327011108,0.91976684430871
constrained,11,"biggrid50-goal(21,24)",8,"biggrid50-goal(27,45)",0.6870747804641724,0.09090887052395025
constrained,11,"biggrid50-goal(21,24)",9,"biggrid50-goal(21,45)",0.9853740334510803,0.9329167908274989
constrained,11,"biggrid50-goal(21,24)",10,"biggrid50-goal(33,3)",0.8591835498809814,0.580121368950769
constrained,11,"biggrid50-goal(21,24)",11,"biggrid50-goal(21,24)",0.9153060913085938,0.56770820498545
constrained,12,"biggrid50-goal(21,3)",0,"biggrid50-goal(40,31)",0.9659861922264099,0.8950676034738605
constrained,12,"biggrid50-goal(21,3)",1,"biggrid50-goal(9,31)",0.930952250957489,0.7095845965360106
constrained,12,"biggrid50-goal(21,3)",2,"biggrid50-goal(15,31)",0.9499998688697815,0.7512683973583295
constrained,12,"biggrid50-goal(21,3)",3,"biggrid50-goal(9,24)",0.9568025469779968,0.8040116424818076
constrained,12,"biggrid50-goal(21,3)",4,"biggrid50-goal(21,17)",0.7938775420188904,0.26366959935952033
constrained,12,"biggrid50-goal(21,3)",5,"biggrid50-goal(27,3)",0.8153059482574463,0.4349630314182343
constrained,12,"biggrid50-goal(21,3)",6,"biggrid50-goal(3,31)",0.9775508642196655,0.8552621819927207
constrained,12,"biggrid50-goal(21,3)",7,"biggrid50-goal(33,10)",0.9156461954116821,0.7116277496514605
constrained,12,"biggrid50-goal(21,3)",8,"biggrid50-goal(27,45)",0.6846938729286194,0.08399200417522798
constrained,12,"biggrid50-goal(21,3)",9,"biggrid50-goal(21,45)",0.9557821750640869,0.7971912769383442
constrained,12,"biggrid50-goal(21,3)",10,"biggrid50-goal(33,3)",0.9040815234184265,0.713995640386056
constrained,12,"biggrid50-goal(21,3)",11,"biggrid50-goal(21,24)",0.9554421305656433,0.7725692241931387
constrained,12,"biggrid50-goal(21,3)",12,"biggrid50-goal(21,3)",0.7782313227653503,0.3011790695988391
constrained,13,"biggrid50-goal(3,17)",0,"biggrid50-goal(40,31)",0.9537413120269775,0.8572922202220167
constrained,13,"biggrid50-goal(3,17)",1,"biggrid50-goal(9,31)",0.9527209997177124,0.801144133838439
constrained,13,"biggrid50-goal(3,17)",2,"biggrid50-goal(15,31)",0.9462584257125854,0.7326561431172672
constrained,13,"biggrid50-goal(3,17)",3,"biggrid50-goal(9,24)",0.970408022403717,0.8657401610725405
constrained,13,"biggrid50-goal(3,17)",4,"biggrid50-goal(21,17)",0.8030612468719482,0.2964765100671141
constrained,13,"biggrid50-goal(3,17)",5,"biggrid50-goal(27,3)",0.803741455078125,0.3995836236485867
constrained,13,"biggrid50-goal(3,17)",6,"biggrid50-goal(3,31)",0.9721087217330933,0.8201746919218916
constrained,13,"biggrid50-goal(3,17)",7,"biggrid50-goal(33,10)",0.9714285731315613,0.902325606984401
constrained,13,"biggrid50-goal(3,17)",8,"biggrid50-goal(27,45)",0.6914965510368347,0.10375472682836787
constrained,13,"biggrid50-goal(3,17)",9,"biggrid50-goal(21,45)",0.9537413120269775,0.7878306892771516
constrained,13,"biggrid50-goal(3,17)",10,"biggrid50-goal(33,3)",0.9064624905586243,0.7210950753068658
constrained,13,"biggrid50-goal(3,17)",11,"biggrid50-goal(21,24)",0.9136054515838623,0.5590278570048662
constrained,13,"biggrid50-goal(3,17)",12,"biggrid50-goal(21,3)",0.8629251718521118,0.5680600157995627
constrained,13,"biggrid50-goal(3,17)",13,"biggrid50-goal(3,17)",0.7615645527839661,-0.4543569633866087
constrained,14,"biggrid50-goal(15,45)",0,"biggrid50-goal(40,31)",0.9350338578224182,0.799579834250588
constrained,14,"biggrid50-goal(15,45)",1,"biggrid50-goal(9,31)",0.9255102276802063,0.6866954016288828
constrained,14,"biggrid50-goal(15,45)",2,"biggrid50-goal(15,31)",0.9374148845672607,0.6886628952520679
constrained,14,"biggrid50-goal(15,45)",3,"biggrid50-goal(9,24)",0.9738094210624695,0.8811724259344044
constrained,14,"biggrid50-goal(15,45)",4,"biggrid50-goal(21,17)",0.7972788214683533,0.2758199758116717
constrained,14,"biggrid50-goal(15,45)",5,"biggrid50-goal(27,3)",0.7948979139328003,0.3725284606201225
constrained,14,"biggrid50-goal(15,45)",6,"biggrid50-goal(3,31)",0.9574828743934631,0.7258764859170058
constrained,14,"biggrid50-goal(15,45)",7,"biggrid50-goal(33,10)",0.9714285135269165,0.9023254032197264
constrained,14,"biggrid50-goal(15,45)",8,"biggrid50-goal(27,45)",0.6857143044471741,0.08695649915307564
constrained,14,"biggrid50-goal(15,45)",9,"biggrid50-goal(21,45)",0.9629250764846802,0.8299527869892206
constrained,14,"biggrid50-goal(15,45)",10,"biggrid50-goal(33,3)",0.9085033535957336,0.7271804067965901
constrained,14,"biggrid50-goal(15,45)",11,"biggrid50-goal(21,24)",0.8989795446395874,0.4843747955941119
constrained,14,"biggrid50-goal(15,45)",12,"biggrid50-goal(21,3)",0.875850260257721,0.6087885912582515
constrained,14,"biggrid50-goal(15,45)",13,"biggrid50-goal(3,17)",0.8853740692138672,0.300829542880681
constrained,14,"biggrid50-goal(15,45)",14,"biggrid50-goal(15,45)",0.8088434934616089,-0.06641373038344453
constrained,15,"biggrid50-goal(3,24)",0,"biggrid50-goal(40,31)",0.9455781579017639,0.8321089378540839
constrained,15,"biggrid50-goal(3,24)",1,"biggrid50-goal(9,31)",0.9183672666549683,0.6566520484879298
constrained,15,"biggrid50-goal(3,24)",2,"biggrid50-goal(15,31)",0.9139455556869507,0.5719119257371915
constrained,15,"biggrid50-goal(3,24)",3,"biggrid50-goal(9,24)",0.9561223387718201,0.8009255140234683
constrained,15,"biggrid50-goal(3,24)",4,"biggrid50-goal(21,17)",0.7938774228096008,0.2636691735086703
constrained,15,"biggrid50-goal(3,24)",5,"biggrid50-goal(27,3)",0.7911564707756042,0.36108221381510985
constrained,15,"biggrid50-goal(3,24)",6,"biggrid50-goal(3,31)",0.9687073230743408,0.7982446263346016
constrained,15,"biggrid50-goal(3,24)",7,"biggrid50-goal(33,10)",0.9438773989677429,0.8081390539043145
constrained,15,"biggrid50-goal(3,24)",8,"biggrid50-goal(27,45)",0.6775510311126709,0.0632410588095544
constrained,15,"biggrid50-goal(3,24)",9,"biggrid50-goal(21,45)",0.9690474271774292,0.8580334564462025
constrained,15,"biggrid50-goal(3,24)",10,"biggrid50-goal(33,3)",0.8853739500045776,0.6582144421764657
constrained,15,"biggrid50-goal(3,24)",11,"biggrid50-goal(21,24)",0.8833332657814026,0.40451358624141115
constrained,15,"biggrid50-goal(3,24)",12,"biggrid50-goal(21,3)",0.877210795879364,0.6130758097275871
constrained,15,"biggrid50-goal(3,24)",13,"biggrid50-goal(3,17)",0.9336733222007751,0.5954348783207437
constrained,15,"biggrid50-goal(3,24)",14,"biggrid50-goal(15,45)",0.8459182977676392,0.14041721185963033
constrained,15,"biggrid50-goal(3,24)",15,"biggrid50-goal(3,24)",0.8098639845848083,-0.40452192275279786
constrained,16,"biggrid50-goal(3,10)",0,"biggrid50-goal(40,31)",0.9608842134475708,0.8793280290089053
constrained,16,"biggrid50-goal(3,10)",1,"biggrid50-goal(9,31)",0.9221087694168091,0.6723888400446342
constrained,16,"biggrid50-goal(3,10)",2,"biggrid50-goal(15,31)",0.9085033535957336,0.5448390437776848
constrained,16,"biggrid50-goal(3,10)",3,"biggrid50-goal(9,24)",0.9625848531723022,0.8302461682329426
constrained,16,"biggrid50-goal(3,10)",4,"biggrid50-goal(21,17)",0.7901359796524048,0.2503036316560488
constrained,16,"biggrid50-goal(3,10)",5,"biggrid50-goal(27,3)",0.8265305161476135,0.4693025012304018
constrained,16,"biggrid50-goal(3,10)",6,"biggrid50-goal(3,31)",0.9632652401924133,0.7631575205567944
constrained,16,"biggrid50-goal(3,10)",7,"biggrid50-goal(33,10)",0.9537413120269775,0.84185986614291
constrained,16,"biggrid50-goal(3,10)",8,"biggrid50-goal(27,45)",0.689115583896637,0.09683768731989222
constrained,16,"biggrid50-goal(3,10)",9,"biggrid50-goal(21,45)",0.9527209401130676,0.7831506688282043
constrained,16,"biggrid50-goal(3,10)",10,"biggrid50-goal(33,3)",0.9051018953323364,0.7170381284051153
constrained,16,"biggrid50-goal(3,10)",11,"biggrid50-goal(21,24)",0.8925169110298157,0.4513884388790267
constrained,16,"biggrid50-goal(3,10)",12,"biggrid50-goal(21,3)",0.8816325068473816,0.6270091758420705
constrained,16,"biggrid50-goal(3,10)",13,"biggrid50-goal(3,17)",0.9224488735198975,0.5269704142915365
constrained,16,"biggrid50-goal(3,10)",14,"biggrid50-goal(15,45)",0.9176870584487915,0.540796948803679
constrained,16,"biggrid50-goal(3,10)",15,"biggrid50-goal(3,24)",0.8707481622695923,0.04522539166485412
constrained,16,"biggrid50-goal(3,10)",16,"biggrid50-goal(3,10)",0.7003400921821594,0.06673714537114556
constrained,17,"biggrid50-goal(46,31)",0,"biggrid50-goal(40,31)",0.9785712361335754,0.9338923897593563
constrained,17,"biggrid50-goal(46,31)",1,"biggrid50-goal(9,31)",0.9136053919792175,0.6366235642233425
constrained,17,"biggrid50-goal(46,31)",2,"biggrid50-goal(15,31)",0.9503400325775146,0.7529605822040982
constrained,17,"biggrid50-goal(46,31)",3,"biggrid50-goal(9,24)",0.9557822346687317,0.7993824497942986
constrained,17,"biggrid50-goal(46,31)",4,"biggrid50-goal(21,17)",0.7775509357452393,0.2053461315708786
constrained,17,"biggrid50-goal(46,31)",5,"biggrid50-goal(27,3)",0.793537437915802,0.36836633824953074
constrained,17,"biggrid50-goal(46,31)",6,"biggrid50-goal(3,31)",0.9741494655609131,0.8333321164054307
constrained,17,"biggrid50-goal(46,31)",7,"biggrid50-goal(33,10)",0.9578230381011963,0.8558136710610557
constrained,17,"biggrid50-goal(46,31)",8,"biggrid50-goal(27,45)",0.6833332777023315,0.08003928648484662
constrained,17,"biggrid50-goal(46,31)",9,"biggrid50-goal(21,45)",0.976870596408844,0.8939150712569268
constrained,17,"biggrid50-goal(46,31)",10,"biggrid50-goal(33,3)",0.9180271625518799,0.7555779687540266
constrained,17,"biggrid50-goal(46,31)",11,"biggrid50-goal(21,24)",0.9095236659049988,0.5381937440769828
constrained,17,"biggrid50-goal(46,31)",12,"biggrid50-goal(21,3)",0.9054420590400696,0.7020360625205899
constrained,17,"biggrid50-goal(46,31)",13,"biggrid50-goal(3,17)",0.8792515993118286,0.26348502536400886
constrained,17,"biggrid50-goal(46,31)",14,"biggrid50-goal(15,45)",0.9142856001853943,0.5218210747353562
constrained,17,"biggrid50-goal(46,31)",15,"biggrid50-goal(3,24)",0.8925169706344604,0.20603011092804602
constrained,17,"biggrid50-goal(46,31)",16,"biggrid50-goal(3,10)",0.7183673977851868,0.12288150852891329
constrained,17,"biggrid50-goal(46,31)",17,"biggrid50-goal(46,31)",0.7591836452484131,0.29482061004349175
constrained,18,"biggrid50-goal(46,24)",0,"biggrid50-goal(40,31)",0.9275509119033813,0.7764949901900032
constrained,18,"biggrid50-goal(46,24)",1,"biggrid50-goal(9,31)",0.9275509715080261,0.6952787870446485
constrained,18,"biggrid50-goal(46,24)",2,"biggrid50-goal(15,31)",0.9367345571517944,0.6852785255605307
constrained,18,"biggrid50-goal(46,24)",3,"biggrid50-goal(9,24)",0.9544217586517334,0.7932099224492588
constrained,18,"biggrid50-goal(46,24)",4,"biggrid50-goal(21,17)",0.8217686414718628,0.36330485810649676
constrained,18,"biggrid50-goal(46,24)",5,"biggrid50-goal(27,3)",0.7789115309715271,0.323621106637678
constrained,18,"biggrid50-goal(46,24)",6,"biggrid50-goal(3,31)",0.9700678586959839,0.8070164988523089
constrained,18,"biggrid50-goal(46,24)",7,"biggrid50-goal(33,10)",0.9816325306892395,0.9372088966917175
constrained,18,"biggrid50-goal(46,24)",8,"biggrid50-goal(27,45)",0.6833332777023315,0.08003928648484662
constrained,18,"biggrid50-goal(46,24)",9,"biggrid50-goal(21,45)",0.9734691977500916,0.8783142740760383
constrained,18,"biggrid50-goal(46,24)",10,"biggrid50-goal(33,3)",0.8996597528457642,0.7008110517013246
constrained,18,"biggrid50-goal(46,24)",11,"biggrid50-goal(21,24)",0.8993197083473206,0.48611104772944036
constrained,18,"biggrid50-goal(46,24)",12,"biggrid50-goal(21,3)",0.9336732625961304,0.7909961274918776
constrained,18,"biggrid50-goal(46,24)",13,"biggrid50-goal(3,17)",0.9632652401924133,0.775933258463486
constrained,18,"biggrid50-goal(46,24)",14,"biggrid50-goal(15,45)",0.9064624905586243,0.47817792770699735
constrained,18,"biggrid50-goal(46,24)",15,"biggrid50-goal(3,24)",0.9353739619255066,0.5226118152414448
constrained,18,"biggrid50-goal(46,24)",16,"biggrid50-goal(3,10)",0.7275510430335999,0.1514831157403884
constrained,18,"biggrid50-goal(46,24)",17,"biggrid50-goal(46,31)",0.8363944888114929,0.5209161159654426
constrained,18,"biggrid50-goal(46,24)",18,"biggrid50-goal(46,24)",0.8268707394599915,0.5304428500622222
constrained,19,"biggrid50-goal(3,45)",0,"biggrid50-goal(40,31)",0.9408162832260132,0.8174185825428026
constrained,19,"biggrid50-goal(3,45)",1,"biggrid50-goal(9,31)",0.94829922914505,0.7825461302439363
constrained,19,"biggrid50-goal(3,45)",2,"biggrid50-goal(15,31)",0.9370747208595276,0.6869707104062993
constrained,19,"biggrid50-goal(3,45)",3,"biggrid50-goal(9,24)",0.9659863114356995,0.8456787035231678
constrained,19,"biggrid50-goal(3,45)",4,"biggrid50-goal(21,17)",0.7738094925880432,0.19198058971825707
constrained,19,"biggrid50-goal(3,45)",5,"biggrid50-goal(27,3)",0.7853740453720093,0.3433919628824389
constrained,19,"biggrid50-goal(3,45)",6,"biggrid50-goal(3,31)",0.9816323518753052,0.8815770309597987
constrained,19,"biggrid50-goal(3,45)",7,"biggrid50-goal(33,10)",0.9523808360099792,0.8372089374446524
constrained,19,"biggrid50-goal(3,45)",8,"biggrid50-goal(27,45)",0.6870748400688171,0.09090904368370363
constrained,19,"biggrid50-goal(3,45)",9,"biggrid50-goal(21,45)",0.9408162236213684,0.7285486988400417
constrained,19,"biggrid50-goal(3,45)",10,"biggrid50-goal(33,3)",0.8948978185653687,0.6866121818597051
constrained,19,"biggrid50-goal(3,45)",11,"biggrid50-goal(21,24)",0.9074828624725342,0.5277771439610704
constrained,19,"biggrid50-goal(3,45)",12,"biggrid50-goal(21,3)",0.9149659276008606,0.7320469674493698
constrained,19,"biggrid50-goal(3,45)",13,"biggrid50-goal(3,17)",0.9119046330451965,0.4626549371380498
constrained,19,"biggrid50-goal(3,45)",14,"biggrid50-goal(15,45)",0.9302719831466675,0.611005055954671
constrained,19,"biggrid50-goal(3,45)",15,"biggrid50-goal(3,24)",0.8979591131210327,0.2462308504483529
constrained,19,"biggrid50-goal(3,45)",16,"biggrid50-goal(3,10)",0.7363945245742798,0.17902531478734798
constrained,19,"biggrid50-goal(3,45)",17,"biggrid50-goal(46,31)",0.8547618389129639,0.5747009876492356
constrained,19,"biggrid50-goal(3,45)",18,"biggrid50-goal(46,24)",0.9653059840202332,0.9059036975463175
constrained,19,"biggrid50-goal(3,45)",19,"biggrid50-goal(3,45)",0.6778910756111145,-0.37047805648993104
constrained,20,"biggrid50-goal(21,10)",0,"biggrid50-goal(40,31)",0.9421768188476562,0.8216158269174544
constrained,20,"biggrid50-goal(21,10)",1,"biggrid50-goal(9,31)",0.8962584137916565,0.5636620305154167
constrained,20,"biggrid50-goal(21,10)",2,"biggrid50-goal(15,31)",0.9319728016853333,0.6615906063133588
constrained,20,"biggrid50-goal(21,10)",3,"biggrid50-goal(9,24)",0.9738093614578247,0.8811721555060431
constrained,20,"biggrid50-goal(21,10)",4,"biggrid50-goal(21,17)",0.7935373783111572,0.26245443395905016
constrained,20,"biggrid50-goal(21,10)",5,"biggrid50-goal(27,3)",0.7741495966911316,0.3090528577688362
constrained,20,"biggrid50-goal(21,10)",6,"biggrid50-goal(3,31)",0.9717684984207153,0.817981147352932
constrained,20,"biggrid50-goal(21,10)",7,"biggrid50-goal(33,10)",0.9608842134475708,0.8662786172203156
constrained,20,"biggrid50-goal(21,10)",8,"biggrid50-goal(27,45)",0.6897960305213928,0.09881447906446633
constrained,20,"biggrid50-goal(21,10)",9,"biggrid50-goal(21,45)",0.9615644216537476,0.8237120307062268
constrained,20,"biggrid50-goal(21,10)",10,"biggrid50-goal(33,3)",0.8948978781700134,0.6866123595855079
constrained,20,"biggrid50-goal(21,10)",11,"biggrid50-goal(21,24)",0.9040815234184265,0.5104161437678831
constrained,20,"biggrid50-goal(21,10)",12,"biggrid50-goal(21,3)",0.9316324591636658,0.7845652997878741
constrained,20,"biggrid50-goal(21,10)",13,"biggrid50-goal(3,17)",0.8972788453102112,0.3734437209126462
constrained,20,"biggrid50-goal(21,10)",14,"biggrid50-goal(15,45)",0.9153060913085938,0.527514136223147
constrained,20,"biggrid50-goal(21,10)",15,"biggrid50-goal(3,24)",0.9261903166770935,0.45477284715318145
constrained,20,"biggrid50-goal(21,10)",16,"biggrid50-goal(3,10)",0.7238094806671143,0.13983036846316205
constrained,20,"biggrid50-goal(21,10)",17,"biggrid50-goal(46,31)",0.8374148011207581,0.5239038831897862
constrained,20,"biggrid50-goal(21,10)",18,"biggrid50-goal(46,24)",0.9663263559341431,0.9086711264966733
constrained,20,"biggrid50-goal(21,10)",19,"biggrid50-goal(3,45)",0.8411563634872437,0.3241673801283014
constrained,20,"biggrid50-goal(21,10)",20,"biggrid50-goal(21,10)",0.7530611753463745,0.07042221286823473
constrained,21,"biggrid50-goal(40,3)",0,"biggrid50-goal(40,31)",0.9309521913528442,0.7869879172466547
constrained,21,"biggrid50-goal(40,3)",1,"biggrid50-goal(9,31)",0.9098638296127319,0.6208865219690093
constrained,21,"biggrid50-goal(40,3)",2,"biggrid50-goal(15,31)",0.9248297810554504,0.6260568001250087
constrained,21,"biggrid50-goal(40,3)",3,"biggrid50-goal(9,24)",0.9812924265861511,0.9151230841164714
constrained,21,"biggrid50-goal(40,3)",4,"biggrid50-goal(21,17)",0.7670067548751831,0.16767919803767928
constrained,21,"biggrid50-goal(40,3)",5,"biggrid50-goal(27,3)",0.8278911709785461,0.4734651706488407
constrained,21,"biggrid50-goal(40,3)",6,"biggrid50-goal(3,31)",0.9608842134475708,0.7478061672112739
constrained,21,"biggrid50-goal(40,3)",7,"biggrid50-goal(33,10)",0.928571343421936,0.7558137118139906
constrained,21,"biggrid50-goal(40,3)",8,"biggrid50-goal(27,45)",0.6836735606193542,0.08102785551688706
constrained,21,"biggrid50-goal(40,3)",9,"biggrid50-goal(21,45)",0.9700679183006287,0.8627140236584478
constrained,21,"biggrid50-goal(40,3)",10,"biggrid50-goal(33,3)",0.8942175507545471,0.6845837972717312
constrained,21,"biggrid50-goal(40,3)",11,"biggrid50-goal(21,24)",0.9149658679962158,0.5659716486181021
constrained,21,"biggrid50-goal(40,3)",12,"biggrid50-goal(21,3)",0.9251699447631836,0.7642011059693873
constrained,21,"biggrid50-goal(40,3)",13,"biggrid50-goal(3,17)",0.9278910160064697,0.5601652178054506
constrained,21,"biggrid50-goal(40,3)",14,"biggrid50-goal(15,45)",0.9561223983764648,0.7552179746587105
constrained,21,"biggrid50-goal(40,3)",15,"biggrid50-goal(3,24)",0.9401359558105469,0.5577883429126955
constrained,21,"biggrid50-goal(40,3)",16,"biggrid50-goal(3,10)",0.7391156554222107,0.1875000232041389
constrained,21,"biggrid50-goal(40,3)",17,"biggrid50-goal(46,31)",0.843197226524353,0.5408364840622742
constrained,21,"biggrid50-goal(40,3)",18,"biggrid50-goal(46,24)",0.9132652282714844,0.7647599713282786
constrained,21,"biggrid50-goal(40,3)",19,"biggrid50-goal(3,45)",0.8278911113739014,0.2677276618881644
constrained,21,"biggrid50-goal(40,3)",20,"biggrid50-goal(21,10)",0.7789115905761719,0.16773364949412178
constrained,21,"biggrid50-goal(40,3)",21,"biggrid50-goal(40,3)",0.7139454483985901,0.3414249578750384
constrained,22,"biggrid50-goal(15,38)",0,"biggrid50-goal(40,31)",0.9510202407836914,0.8488977314727131
constrained,22,"biggrid50-goal(15,38)",1,"biggrid50-goal(9,31)",0.9431971907615662,0.7610869146116356
constrained,22,"biggrid50-goal(15,38)",2,"biggrid50-goal(15,31)",0.9190475344657898,0.597292326340531
constrained,22,"biggrid50-goal(15,38)",3,"biggrid50-goal(9,24)",0.9465984106063843,0.7577151183245773
constrained,22,"biggrid50-goal(15,38)",4,"biggrid50-goal(21,17)",0.7819727659225464,0.22114221714986543
constrained,22,"biggrid50-goal(15,38)",5,"biggrid50-goal(27,3)",0.7826530337333679,0.335067535791973
constrained,22,"biggrid50-goal(15,38)",6,"biggrid50-goal(3,31)",0.959523618221283,0.7390339104005448
constrained,22,"biggrid50-goal(15,38)",7,"biggrid50-goal(33,10)",0.9428569674491882,0.8046506026747782
constrained,22,"biggrid50-goal(15,38)",8,"biggrid50-goal(27,45)",0.6850340366363525,0.08498022688776166
constrained,22,"biggrid50-goal(15,38)",9,"biggrid50-goal(21,45)",0.9721087217330933,0.8720743379379916
constrained,22,"biggrid50-goal(15,38)",10,"biggrid50-goal(33,3)",0.9221087098121643,0.7677480985560667
constrained,22,"biggrid50-goal(15,38)",11,"biggrid50-goal(21,24)",0.8527210354804993,0.24826367180666664
constrained,22,"biggrid50-goal(15,38)",12,"biggrid50-goal(21,3)",0.9204081296920776,0.7491960291484276
constrained,22,"biggrid50-goal(15,38)",13,"biggrid50-goal(3,17)",0.9129250645637512,0.4688791445786681
constrained,22,"biggrid50-goal(15,38)",14,"biggrid50-goal(15,45)",0.9129250645637512,0.5142309911233995
constrained,22,"biggrid50-goal(15,38)",15,"biggrid50-goal(3,24)",0.9278910160064697,0.4673357984010229
constrained,22,"biggrid50-goal(15,38)",16,"biggrid50-goal(3,10)",0.7438774704933167,0.20233025244246766
constrained,22,"biggrid50-goal(15,38)",17,"biggrid50-goal(46,31)",0.8768706917762756,0.639442053059311
constrained,22,"biggrid50-goal(15,38)",18,"biggrid50-goal(46,24)",0.9098637700080872,0.7555346154132164
constrained,22,"biggrid50-goal(15,38)",19,"biggrid50-goal(3,45)",0.8476189374923706,0.35166371814275454
constrained,22,"biggrid50-goal(15,38)",20,"biggrid50-goal(21,10)",0.7544217705726624,0.07554404456646512
constrained,22,"biggrid50-goal(15,38)",21,"biggrid50-goal(40,3)",0.8948978185653687,0.7580263163853236
constrained,22,"biggrid50-goal(15,38)",22,"biggrid50-goal(15,38)",0.8479591608047485,0.008869507846641093
constrained,23,"biggrid50-goal(40,45)",0,"biggrid50-goal(40,31)",0.9517005085945129,0.850996353660039
constrained,23,"biggrid50-goal(40,45)",1,"biggrid50-goal(9,31)",0.9051019549369812,0.600858037704422
constrained,23,"biggrid50-goal(40,45)",2,"biggrid50-goal(15,31)",0.9119046330451965,0.5617591131729786
constrained,23,"biggrid50-goal(40,45)",3,"biggrid50-goal(9,24)",0.9761903882026672,0.8919749572520368
constrained,23,"biggrid50-goal(40,45)",4,"biggrid50-goal(21,17)",0.7904761433601379,0.2515187970565189
constrained,23,"biggrid50-goal(40,45)",5,"biggrid50-goal(27,3)",0.7619047164916992,0.2715919329406867
constrained,23,"biggrid50-goal(40,45)",6,"biggrid50-goal(3,31)",0.9619046449661255,0.7543852637460653
constrained,23,"biggrid50-goal(40,45)",7,"biggrid50-goal(33,10)",0.9469385743141174,0.8186040000635746
constrained,23,"biggrid50-goal(40,45)",8,"biggrid50-goal(27,45)",0.6792517304420471,0.06818182605271607
constrained,23,"biggrid50-goal(40,45)",9,"biggrid50-goal(21,45)",0.9544216394424438,0.7909510674186484
constrained,23,"biggrid50-goal(40,45)",10,"biggrid50-goal(33,3)",0.9051018953323364,0.7170381284051153
constrained,23,"biggrid50-goal(40,45)",11,"biggrid50-goal(21,24)",0.903401255607605,0.5069439437292457
constrained,23,"biggrid50-goal(40,45)",12,"biggrid50-goal(21,3)",0.9482992887496948,0.8370845712349541
constrained,23,"biggrid50-goal(40,45)",13,"biggrid50-goal(3,17)",0.9013604521751404,0.39833982354808184
constrained,23,"biggrid50-goal(40,45)",14,"biggrid50-goal(15,45)",0.8911563754081726,0.39278898829366105
constrained,23,"biggrid50-goal(40,45)",15,"biggrid50-goal(3,24)",0.9238093495368958,0.43718480346530164
constrained,23,"biggrid50-goal(40,45)",16,"biggrid50-goal(3,10)",0.7442176938056946,0.20338984624009415
constrained,23,"biggrid50-goal(40,45)",17,"biggrid50-goal(46,31)",0.883673369884491,0.659362246616639
constrained,23,"biggrid50-goal(40,45)",18,"biggrid50-goal(46,24)",0.9884350895881653,0.9686339192154527
constrained,23,"biggrid50-goal(40,45)",19,"biggrid50-goal(3,45)",0.8857142329216003,0.5137479154071195
constrained,23,"biggrid50-goal(40,45)",20,"biggrid50-goal(21,10)",0.7534013986587524,0.07170295126283319
constrained,23,"biggrid50-goal(40,45)",21,"biggrid50-goal(40,3)",0.9312923550605774,0.8418163951352273
constrained,23,"biggrid50-goal(40,45)",22,"biggrid50-goal(15,38)",0.9608842730522156,0.7450106832749921
constrained,23,"biggrid50-goal(40,45)",23,"biggrid50-goal(40,45)",0.7071428298950195,0.34871403800695144
constrained,24,"biggrid50-goal(15,17)",0,"biggrid50-goal(40,31)",0.9591836333274841,0.8740817493605574
constrained,24,"biggrid50-goal(15,17)",1,"biggrid50-goal(9,31)",0.9238094091415405,0.6795417447903153
constrained,24,"biggrid50-goal(15,17)",2,"biggrid50-goal(15,31)",0.9207481741905212,0.6057523610381778
constrained,24,"biggrid50-goal(15,17)",3,"biggrid50-goal(9,24)",0.9544216394424438,0.7932093815925364
constrained,24,"biggrid50-goal(15,17)",4,"biggrid50-goal(21,17)",0.7816326022148132,0.21992705174939528
constrained,24,"biggrid50-goal(15,17)",5,"biggrid50-goal(27,3)",0.776190459728241,0.31529649719792974
constrained,24,"biggrid50-goal(15,17)",6,"biggrid50-goal(3,31)",0.9799318909645081,0.8706135353382413
constrained,24,"biggrid50-goal(15,17)",7,"biggrid50-goal(33,10)",0.9125850200653076,0.7011628034922005
constrained,24,"biggrid50-goal(15,17)",8,"biggrid50-goal(27,45)",0.6782313585281372,0.06521750423462176
constrained,24,"biggrid50-goal(15,17)",9,"biggrid50-goal(21,45)",0.945237934589386,0.7488292430882285
constrained,24,"biggrid50-goal(15,17)",10,"biggrid50-goal(33,3)",0.8962583541870117,0.6906689510356527
constrained,24,"biggrid50-goal(15,17)",11,"biggrid50-goal(21,24)",0.8959182500839233,0.46874943907221406
constrained,24,"biggrid50-goal(15,17)",12,"biggrid50-goal(21,3)",0.9408162236213684,0.8135044940101777
constrained,24,"biggrid50-goal(15,17)",13,"biggrid50-goal(3,17)",0.9091836214065552,0.44605789894461145
constrained,24,"biggrid50-goal(15,17)",14,"biggrid50-goal(15,45)",0.871768593788147,0.28462946552523904
constrained,24,"biggrid50-goal(15,17)",15,"biggrid50-goal(3,24)",0.9071427583694458,0.3140698185366163
constrained,24,"biggrid50-goal(15,17)",16,"biggrid50-goal(3,10)",0.7285714745521545,0.15466115460082383
constrained,24,"biggrid50-goal(15,17)",17,"biggrid50-goal(46,31)",0.8408162593841553,0.5338643290474576
constrained,24,"biggrid50-goal(15,17)",18,"biggrid50-goal(46,24)",0.979251503944397,0.9437264120289317
constrained,24,"biggrid50-goal(15,17)",19,"biggrid50-goal(3,45)",0.8561223149299622,0.3878430702249129
constrained,24,"biggrid50-goal(15,17)",20,"biggrid50-goal(21,10)",0.7534013986587524,0.07170295126283319
constrained,24,"biggrid50-goal(15,17)",21,"biggrid50-goal(40,3)",0.9448978304862976,0.8731398839644107
constrained,24,"biggrid50-goal(15,17)",22,"biggrid50-goal(15,38)",0.9098638892173767,0.4124167670105753
constrained,24,"biggrid50-goal(15,17)",23,"biggrid50-goal(40,45)",0.7289114594459534,0.3971253602677928
constrained,24,"biggrid50-goal(15,17)",24,"biggrid50-goal(15,17)",0.8659862875938416,0.4222868414743913
constrained,25,"biggrid50-goal(15,24)",0,"biggrid50-goal(40,31)",0.926870584487915,0.7743961841226994
constrained,25,"biggrid50-goal(15,24)",1,"biggrid50-goal(9,31)",0.9163264632225037,0.6480684123745353
constrained,25,"biggrid50-goal(15,24)",2,"biggrid50-goal(15,31)",0.9537414908409119,0.7698815411305883
constrained,25,"biggrid50-goal(15,24)",3,"biggrid50-goal(9,24)",0.9639454483985901,0.836419236434705
constrained,25,"biggrid50-goal(15,24)",4,"biggrid50-goal(21,17)",0.7928571105003357,0.2600243160835349
constrained,25,"biggrid50-goal(15,24)",5,"biggrid50-goal(27,3)",0.7812924981117249,0.3309052310720989
constrained,25,"biggrid50-goal(15,24)",6,"biggrid50-goal(3,31)",0.9714284539222717,0.815788755663038
constrained,25,"biggrid50-goal(15,24)",7,"biggrid50-goal(33,10)",0.959523618221283,0.8616272809927089
constrained,25,"biggrid50-goal(15,24)",8,"biggrid50-goal(27,45)",0.6860544085502625,0.08794454870585595
constrained,25,"biggrid50-goal(15,24)",9,"biggrid50-goal(21,45)",0.9867345094680786,0.9391567269655458
constrained,25,"biggrid50-goal(15,24)",10,"biggrid50-goal(33,3)",0.9173468351364136,0.7535494064402499
constrained,25,"biggrid50-goal(15,24)",11,"biggrid50-goal(21,24)",0.9200679063796997,0.5920133010238928
constrained,25,"biggrid50-goal(15,24)",12,"biggrid50-goal(21,3)",0.9278910160064697,0.7727755429080586
constrained,25,"biggrid50-goal(15,24)",13,"biggrid50-goal(3,17)",0.929591715335846,0.5705387756853082
constrained,25,"biggrid50-goal(15,24)",14,"biggrid50-goal(15,45)",0.9741496443748474,0.8557874138151759
constrained,25,"biggrid50-goal(15,24)",15,"biggrid50-goal(3,24)",0.9346936941146851,0.5175867228014065
constrained,25,"biggrid50-goal(15,24)",16,"biggrid50-goal(3,10)",0.7435373663902283,0.2012710299110632
constrained,25,"biggrid50-goal(15,24)",17,"biggrid50-goal(46,31)",0.8465985655784607,0.5507965808409383
constrained,25,"biggrid50-goal(15,24)",18,"biggrid50-goal(46,24)",0.9653059840202332,0.9059036975463175
constrained,25,"biggrid50-goal(15,24)",19,"biggrid50-goal(3,45)",0.9472787976264954,0.775686901250147
constrained,25,"biggrid50-goal(15,24)",20,"biggrid50-goal(21,10)",0.7595237493515015,0.09474995983669014
constrained,25,"biggrid50-goal(15,24)",21,"biggrid50-goal(40,3)",0.9663264155387878,0.9224742896734528
constrained,25,"biggrid50-goal(15,24)",22,"biggrid50-goal(15,38)",0.9397957921028137,0.6075381685692183
constrained,25,"biggrid50-goal(15,24)",23,"biggrid50-goal(40,45)",0.7717685699462891,0.4924354202210725
constrained,25,"biggrid50-goal(15,24)",24,"biggrid50-goal(15,17)",0.9520406723022461,0.7932544798023154
constrained,25,"biggrid50-goal(15,24)",25,"biggrid50-goal(15,24)",0.8823128342628479,0.279166292461351
constrained,26,"biggrid50-goal(21,38)",0,"biggrid50-goal(40,31)",0.9574827551841736,0.8688345503123202
constrained,26,"biggrid50-goal(21,38)",1,"biggrid50-goal(9,31)",0.9261903762817383,0.6895561122714233
constrained,26,"biggrid50-goal(21,38)",2,"biggrid50-goal(15,31)",0.8955782651901245,0.4805416533360533
constrained,26,"biggrid50-goal(21,38)",3,"biggrid50-goal(9,24)",0.952380895614624,0.7839504553607961
constrained,26,"biggrid50-goal(21,38)",4,"biggrid50-goal(21,17)",0.7843537926673889,0.2296479491023064
constrained,26,"biggrid50-goal(21,38)",5,"biggrid50-goal(27,3)",0.8244897127151489,0.4630590441505906
constrained,26,"biggrid50-goal(21,38)",6,"biggrid50-goal(3,31)",0.9683672189712524,0.7960518503516858
constrained,26,"biggrid50-goal(21,38)",7,"biggrid50-goal(33,10)",0.9499998688697815,0.8290693537521838
constrained,26,"biggrid50-goal(21,38)",8,"biggrid50-goal(27,45)",0.6918367147445679,0.10474294954090155
constrained,26,"biggrid50-goal(21,38)",9,"biggrid50-goal(21,45)",0.9976189732551575,0.9890792232680589
constrained,26,"biggrid50-goal(21,38)",10,"biggrid50-goal(33,3)",0.9047618508338928,0.7160242026998327
constrained,26,"biggrid50-goal(21,38)",11,"biggrid50-goal(21,24)",0.9258502125740051,0.6215271534683211
constrained,26,"biggrid50-goal(21,38)",12,"biggrid50-goal(21,3)",0.9244897365570068,0.7620576845564346
constrained,26,"biggrid50-goal(21,38)",13,"biggrid50-goal(3,17)",0.9227889776229858,0.5290449077293967
constrained,26,"biggrid50-goal(21,38)",14,"biggrid50-goal(15,45)",0.9187073111534119,0.546488680214608
constrained,26,"biggrid50-goal(21,38)",15,"biggrid50-goal(3,24)",0.992516815662384,0.9447222219776136
constrained,26,"biggrid50-goal(21,38)",16,"biggrid50-goal(3,10)",0.7234694361686707,0.13877133156486857
constrained,26,"biggrid50-goal(21,38)",17,"biggrid50-goal(46,31)",0.8312923908233643,0.505975708988191
constrained,26,"biggrid50-goal(21,38)",18,"biggrid50-goal(46,24)",0.9676868915557861,0.9123611395360341
constrained,26,"biggrid50-goal(21,38)",19,"biggrid50-goal(3,45)",0.9180271625518799,0.6512298590794925
constrained,26,"biggrid50-goal(21,38)",20,"biggrid50-goal(21,10)",0.7574830651283264,0.08706799760545898
constrained,26,"biggrid50-goal(21,38)",21,"biggrid50-goal(40,3)",0.9755100011825562,0.9436173907649898
constrained,26,"biggrid50-goal(21,38)",22,"biggrid50-goal(15,38)",0.9602040648460388,0.740576512181731
constrained,26,"biggrid50-goal(21,38)",23,"biggrid50-goal(40,45)",0.8527209162712097,0.6724655923794688
constrained,26,"biggrid50-goal(21,38)",24,"biggrid50-goal(15,17)",0.9585033059120178,0.8211139309589227
constrained,26,"biggrid50-goal(21,38)",25,"biggrid50-goal(15,24)",0.884353756904602,0.29166694047543423
constrained,26,"biggrid50-goal(21,38)",26,"biggrid50-goal(21,38)",0.8649659752845764,0.22460892377671562
constrained,27,"biggrid50-goal(33,17)",0,"biggrid50-goal(40,31)",0.9435372948646545,0.8258128874121283
constrained,27,"biggrid50-goal(33,17)",1,"biggrid50-goal(9,31)",0.9340134859085083,0.7224601760549169
constrained,27,"biggrid50-goal(33,17)",2,"biggrid50-goal(15,31)",0.9119046330451965,0.5617591131729786
constrained,27,"biggrid50-goal(33,17)",3,"biggrid50-goal(9,24)",0.9438774585723877,0.7453700636344976
constrained,27,"biggrid50-goal(33,17)",4,"biggrid50-goal(21,17)",0.8119047284126282,0.3280680424488127
constrained,27,"biggrid50-goal(33,17)",5,"biggrid50-goal(27,3)",0.8391155004501343,0.5078039110638786
constrained,27,"biggrid50-goal(33,17)",6,"biggrid50-goal(3,31)",0.9646256566047668,0.771928624488458
constrained,27,"biggrid50-goal(33,17)",7,"biggrid50-goal(33,10)",0.942857027053833,0.8046508064394527
constrained,27,"biggrid50-goal(33,17)",8,"biggrid50-goal(27,45)",0.6860544085502625,0.08794454870585595
constrained,27,"biggrid50-goal(33,17)",9,"biggrid50-goal(21,45)",0.9748297929763794,0.8845547569773832
constrained,27,"biggrid50-goal(33,17)",10,"biggrid50-goal(33,3)",0.9112243056297302,0.7352935896968797
constrained,27,"biggrid50-goal(33,17)",11,"biggrid50-goal(21,24)",0.8965985774993896,0.472221943342871
constrained,27,"biggrid50-goal(33,17)",12,"biggrid50-goal(21,3)",0.9251699447631836,0.7642011059693873
constrained,27,"biggrid50-goal(33,17)",13,"biggrid50-goal(3,17)",0.9241495728492737,0.5373439721713941
constrained,27,"biggrid50-goal(33,17)",14,"biggrid50-goal(15,45)",0.9125850200653076,0.5123339689992336
constrained,27,"biggrid50-goal(33,17)",15,"biggrid50-goal(3,24)",0.9897956848144531,0.9246214119219691
constrained,27,"biggrid50-goal(33,17)",16,"biggrid50-goal(3,10)",0.7438775300979614,0.20233043807557866
constrained,27,"biggrid50-goal(33,17)",17,"biggrid50-goal(46,31)",0.8238094449043274,0.48406349607513016
constrained,27,"biggrid50-goal(33,17)",18,"biggrid50-goal(46,24)",0.9649658203125,0.9049811134573124
constrained,27,"biggrid50-goal(33,17)",19,"biggrid50-goal(3,45)",0.9489794373512268,0.7829226195065144
constrained,27,"biggrid50-goal(33,17)",20,"biggrid50-goal(21,10)",0.7534013390541077,0.0717027268868005
constrained,27,"biggrid50-goal(33,17)",21,"biggrid50-goal(40,3)",0.9785711765289307,0.9506650453868244
constrained,27,"biggrid50-goal(33,17)",22,"biggrid50-goal(15,38)",0.9751699566841125,0.8381368244076796
constrained,27,"biggrid50-goal(33,17)",23,"biggrid50-goal(40,45)",0.8326528668403625,0.6278361954819704
constrained,27,"biggrid50-goal(33,17)",24,"biggrid50-goal(15,17)",0.9622448086738586,0.837242992227104
constrained,27,"biggrid50-goal(33,17)",25,"biggrid50-goal(15,24)",0.9421768188476562,0.6458331051593603
constrained,27,"biggrid50-goal(33,17)",26,"biggrid50-goal(21,38)",0.8829930424690247,0.32812377534658227
constrained,27,"biggrid50-goal(33,17)",27,"biggrid50-goal(33,17)",0.8908162713050842,0.5858062943549062
constrained,28,"biggrid50-goal(27,17)",0,"biggrid50-goal(40,31)",0.9401359558105469,0.8153197764754989
constrained,28,"biggrid50-goal(27,17)",1,"biggrid50-goal(9,31)",0.9411563873291016,0.752503278498241
constrained,28,"biggrid50-goal(27,17)",2,"biggrid50-goal(15,31)",0.9057822823524475,0.5313027510531309
constrained,28,"biggrid50-goal(27,17)",3,"biggrid50-goal(9,24)",0.9527209401130676,0.7854932491616045
constrained,28,"biggrid50-goal(27,17)",4,"biggrid50-goal(21,17)",0.7955781817436218,0.269744787585596
constrained,28,"biggrid50-goal(27,17)",5,"biggrid50-goal(27,3)",0.803741455078125,0.3995836236485867
constrained,28,"biggrid50-goal(27,17)",6,"biggrid50-goal(3,31)",0.9853740334510803,0.9057010254090703
constrained,28,"biggrid50-goal(27,17)",7,"biggrid50-goal(33,10)",0.9489794969558716,0.8255811062873221
constrained,28,"biggrid50-goal(27,17)",8,"biggrid50-goal(27,45)",0.702380895614624,0.13537525623314506
constrained,28,"biggrid50-goal(27,17)",9,"biggrid50-goal(21,45)",0.9853739142417908,0.9329162440642009
constrained,28,"biggrid50-goal(27,17)",10,"biggrid50-goal(33,3)",0.9017005562782288,0.7068962054652461
constrained,28,"biggrid50-goal(27,17)",11,"biggrid50-goal(21,24)",0.9146257638931274,0.5642357007147931
constrained,28,"biggrid50-goal(27,17)",12,"biggrid50-goal(21,3)",0.9486393332481384,0.8381560941197153
constrained,28,"biggrid50-goal(27,17)",13,"biggrid50-goal(3,17)",0.9411563873291016,0.6410784602794131
constrained,28,"biggrid50-goal(27,17)",14,"biggrid50-goal(15,45)",0.9176869988441467,0.5407966162844635
constrained,28,"biggrid50-goal(27,17)",15,"biggrid50-goal(3,24)",0.9401358962059021,0.5577879026172045
constrained,28,"biggrid50-goal(27,17)",16,"biggrid50-goal(3,10)",0.741836667060852,0.19597436035470775
constrained,28,"biggrid50-goal(27,17)",17,"biggrid50-goal(46,31)",0.8363944888114929,0.5209161159654426
constrained,28,"biggrid50-goal(27,17)",18,"biggrid50-goal(46,24)",0.9765303134918213,0.93634606263355
constrained,28,"biggrid50-goal(27,17)",19,"biggrid50-goal(3,45)",0.927550733089447,0.6917498305951284
constrained,28,"biggrid50-goal(27,17)",20,"biggrid50-goal(21,10)",0.7785714268684387,0.166453135475556
constrained,28,"biggrid50-goal(27,17)",21,"biggrid50-goal(40,3)",0.9748296141624451,0.9420509555940673
constrained,28,"biggrid50-goal(27,17)",22,"biggrid50-goal(15,38)",0.934353768825531,0.5720624685028922
constrained,28,"biggrid50-goal(27,17)",23,"biggrid50-goal(40,45)",0.8387753963470459,0.6414521076966575
constrained,28,"biggrid50-goal(27,17)",24,"biggrid50-goal(15,17)",0.9625848531723022,0.8387088734246916
constrained,28,"biggrid50-goal(27,17)",25,"biggrid50-goal(15,24)",0.9306121468544006,0.5749995071442183
constrained,28,"biggrid50-goal(27,17)",26,"biggrid50-goal(21,38)",0.9030611515045166,0.44335867777646576
constrained,28,"biggrid50-goal(27,17)",27,"biggrid50-goal(33,17)",0.9738093614578247,0.9006445579331094
constrained,28,"biggrid50-goal(27,17)",28,"biggrid50-goal(27,17)",0.787755012512207,0.1896099072560236
constrained,29,"biggrid50-goal(3,3)",0,"biggrid50-goal(40,31)",0.9380951523780823,0.8090239099135212
constrained,29,"biggrid50-goal(3,3)",1,"biggrid50-goal(9,31)",0.8887754678726196,0.5321886980996368
constrained,29,"biggrid50-goal(3,3)",2,"biggrid50-goal(15,31)",0.9091836214065552,0.5482231169588233
constrained,29,"biggrid50-goal(3,3)",3,"biggrid50-goal(9,24)",0.980952262878418,0.9135797494589405
constrained,29,"biggrid50-goal(3,3)",4,"biggrid50-goal(21,17)",0.7969387769699097,0.2746052362620516
constrained,29,"biggrid50-goal(3,3)",5,"biggrid50-goal(27,3)",0.7867346405982971,0.3475544499515954
constrained,29,"biggrid50-goal(3,3)",6,"biggrid50-goal(3,31)",0.97278892993927,0.8245602438877234
constrained,29,"biggrid50-goal(3,3)",7,"biggrid50-goal(33,10)",0.9503400325775146,0.8302322387502542
constrained,29,"biggrid50-goal(3,3)",8,"biggrid50-goal(27,45)",0.6806122064590454,0.07213419742359066
constrained,29,"biggrid50-goal(3,3)",9,"biggrid50-goal(21,45)",0.9462583661079407,0.7535095369188248
constrained,29,"biggrid50-goal(3,3)",10,"biggrid50-goal(33,3)",0.8897958397865295,0.6713993863128027
constrained,29,"biggrid50-goal(3,3)",11,"biggrid50-goal(21,24)",0.9292516112327576,0.6388884578935279
constrained,29,"biggrid50-goal(3,3)",12,"biggrid50-goal(21,3)",0.9316324591636658,0.7845652997878741
constrained,29,"biggrid50-goal(3,3)",13,"biggrid50-goal(3,17)",0.9214284420013428,0.5207462068509182
constrained,29,"biggrid50-goal(3,3)",14,"biggrid50-goal(15,45)",0.9258501529693604,0.5863367854369884
constrained,29,"biggrid50-goal(3,3)",15,"biggrid50-goal(3,24)",0.9370747804641724,0.5351756470802685
constrained,29,"biggrid50-goal(3,3)",16,"biggrid50-goal(3,10)",0.7459182739257812,0.20868614453022757
constrained,29,"biggrid50-goal(3,3)",17,"biggrid50-goal(46,31)",0.8612244129180908,0.5936252587984491
constrained,29,"biggrid50-goal(3,3)",18,"biggrid50-goal(46,24)",0.9819726347923279,0.9511065997659834
constrained,29,"biggrid50-goal(3,3)",19,"biggrid50-goal(3,45)",0.9255101084709167,0.6830675773277447
constrained,29,"biggrid50-goal(3,3)",20,"biggrid50-goal(21,10)",0.7625849843025208,0.10627368849965133
constrained,29,"biggrid50-goal(3,3)",21,"biggrid50-goal(40,3)",0.9462583065032959,0.876272068176089
constrained,29,"biggrid50-goal(3,3)",22,"biggrid50-goal(15,38)",0.9568026661872864,0.7184033253951879
constrained,29,"biggrid50-goal(3,3)",23,"biggrid50-goal(40,45)",0.8472788333892822,0.6603629275079497
constrained,29,"biggrid50-goal(3,3)",24,"biggrid50-goal(15,17)",0.95714271068573,0.8152486075413357
constrained,29,"biggrid50-goal(3,3)",25,"biggrid50-goal(15,24)",0.9326528906822205,0.5874990599232314
constrained,29,"biggrid50-goal(3,3)",26,"biggrid50-goal(21,38)",0.8921768069267273,0.38085869916779186
constrained,29,"biggrid50-goal(3,3)",27,"biggrid50-goal(33,17)",0.9884351491928101,0.956128184406971
constrained,29,"biggrid50-goal(3,3)",28,"biggrid50-goal(27,17)",0.8149659633636475,0.2935062830675789
constrained,29,"biggrid50-goal(3,3)",29,"biggrid50-goal(3,3)",0.6377550959587097,-0.11518304624640098
constrained,30,"biggrid50-goal(9,10)",0,"biggrid50-goal(40,31)",0.9061223268508911,0.710387931589293
constrained,30,"biggrid50-goal(9,10)",1,"biggrid50-goal(9,31)",0.9163264632225037,0.6480684123745353
constrained,30,"biggrid50-goal(9,10)",2,"biggrid50-goal(15,31)",0.9214284420013428,0.6091364342193163
constrained,30,"biggrid50-goal(9,10)",3,"biggrid50-goal(9,24)",0.9632652401924133,0.8333331079763656
constrained,30,"biggrid50-goal(9,10)",4,"biggrid50-goal(21,17)",0.791836678981781,0.2563790328075495
constrained,30,"biggrid50-goal(9,10)",5,"biggrid50-goal(27,3)",0.8210883736610413,0.4526532823509053
constrained,30,"biggrid50-goal(9,10)",6,"biggrid50-goal(3,31)",0.9680271148681641,0.7938590743687699
constrained,30,"biggrid50-goal(9,10)",7,"biggrid50-goal(33,10)",0.9404760599136353,0.7965112227469842
constrained,30,"biggrid50-goal(9,10)",8,"biggrid50-goal(27,45)",0.6921768188476562,0.10573099909368185
constrained,30,"biggrid50-goal(9,10)",9,"biggrid50-goal(21,45)",0.9636052846908569,0.8330726183674194
constrained,30,"biggrid50-goal(9,10)",10,"biggrid50-goal(33,3)",0.9319726824760437,0.7971599416703915
constrained,30,"biggrid50-goal(9,10)",11,"biggrid50-goal(21,24)",0.8840135335922241,0.4079857862800486
constrained,30,"biggrid50-goal(9,10)",12,"biggrid50-goal(21,3)",0.9336732029914856,0.7909959396701626
constrained,30,"biggrid50-goal(9,10)",13,"biggrid50-goal(3,17)",0.9448978304862976,0.6638997059134697
constrained,30,"biggrid50-goal(9,10)",14,"biggrid50-goal(15,45)",0.9394556879997253,0.662238619114202
constrained,30,"biggrid50-goal(9,10)",15,"biggrid50-goal(3,24)",0.9391155242919922,0.5502504841048925
constrained,30,"biggrid50-goal(9,10)",16,"biggrid50-goal(3,10)",0.7384353280067444,0.1853812068751079
constrained,30,"biggrid50-goal(9,10)",17,"biggrid50-goal(46,31)",0.8387753963470459,0.5278880964407555
constrained,30,"biggrid50-goal(9,10)",18,"biggrid50-goal(46,24)",0.9816324710845947,0.9501840156769782
constrained,30,"biggrid50-goal(9,10)",19,"biggrid50-goal(3,45)",0.9462583661079407,0.771345267416241
constrained,30,"biggrid50-goal(9,10)",20,"biggrid50-goal(21,10)",0.7738094925880432,0.1485272854718314
constrained,30,"biggrid50-goal(9,10)",21,"biggrid50-goal(40,3)",0.9534012079238892,0.8927169615631253
constrained,30,"biggrid50-goal(9,10)",22,"biggrid50-goal(15,38)",0.9843537211418152,0.8980043510206714
constrained,30,"biggrid50-goal(9,10)",23,"biggrid50-goal(40,45)",0.7962585091590881,0.5468986714149618
constrained,30,"biggrid50-goal(9,10)",24,"biggrid50-goal(15,17)",0.9751700162887573,0.8929616375935704
constrained,30,"biggrid50-goal(9,10)",25,"biggrid50-goal(15,24)",0.9295918941497803,0.5687504609114254
constrained,30,"biggrid50-goal(9,10)",26,"biggrid50-goal(21,38)",0.898639440536499,0.41796837164092004
constrained,30,"biggrid50-goal(9,10)",27,"biggrid50-goal(33,17)",0.9619046449661255,0.8554834455834012
constrained,30,"biggrid50-goal(9,10)",28,"biggrid50-goal(27,17)",0.822108805179596,0.3207789565483365
constrained,30,"biggrid50-goal(9,10)",29,"biggrid50-goal(3,3)",0.6955782771110535,0.06282754984959842
constrained,30,"biggrid50-goal(9,10)",30,"biggrid50-goal(9,10)",0.7904760837554932,-0.035294020629730125
constrained,31,"biggrid50-goal(46,17)",0,"biggrid50-goal(40,31)",0.9397957921028137,0.814270373441847
constrained,31,"biggrid50-goal(46,17)",1,"biggrid50-goal(9,31)",0.9136053919792175,0.6366235642233425
constrained,31,"biggrid50-goal(46,17)",2,"biggrid50-goal(15,31)",0.9227889776229858,0.6159045805815933
constrained,31,"biggrid50-goal(46,17)",3,"biggrid50-goal(9,24)",0.9632651805877686,0.8333328375480045
constrained,31,"biggrid50-goal(46,17)",4,"biggrid50-goal(21,17)",0.7666666507720947,0.16646424556263414
constrained,31,"biggrid50-goal(46,17)",5,"biggrid50-goal(27,3)",0.7931972146034241,0.3673254885456387
constrained,31,"biggrid50-goal(46,17)",6,"biggrid50-goal(3,31)",0.9758502244949341,0.8442975334920976
constrained,31,"biggrid50-goal(46,17)",7,"biggrid50-goal(33,10)",0.925510048866272,0.7453483581253812
constrained,31,"biggrid50-goal(46,17)",8,"biggrid50-goal(27,45)",0.6836735010147095,0.08102768235713367
constrained,31,"biggrid50-goal(46,17)",9,"biggrid50-goal(21,45)",0.9418365955352783,0.733228719288989
constrained,31,"biggrid50-goal(46,17)",10,"biggrid50-goal(33,3)",0.9020406603813171,0.7079103088963317
constrained,31,"biggrid50-goal(46,17)",11,"biggrid50-goal(21,24)",0.9061223268508911,0.5208327438837955
constrained,31,"biggrid50-goal(46,17)",12,"biggrid50-goal(21,3)",0.9340133666992188,0.792067838198354
constrained,31,"biggrid50-goal(46,17)",13,"biggrid50-goal(3,17)",0.9442175626754761,0.6597503554742304
constrained,31,"biggrid50-goal(46,17)",14,"biggrid50-goal(15,45)",0.8999999165534973,0.44212486429059517
constrained,31,"biggrid50-goal(46,17)",15,"biggrid50-goal(3,24)",0.9486392736434937,0.6206017782654295
constrained,31,"biggrid50-goal(46,17)",16,"biggrid50-goal(3,10)",0.7411564588546753,0.19385591529189877
constrained,31,"biggrid50-goal(46,17)",17,"biggrid50-goal(46,31)",0.8421767354011536,0.5378481932194196
constrained,31,"biggrid50-goal(46,17)",18,"biggrid50-goal(46,24)",0.9819726347923279,0.9511065997659834
constrained,31,"biggrid50-goal(46,17)",19,"biggrid50-goal(3,45)",0.9482991695404053,0.7800282814839461
constrained,31,"biggrid50-goal(46,17)",20,"biggrid50-goal(21,10)",0.7598639726638794,0.09603069823128861
constrained,31,"biggrid50-goal(46,17)",21,"biggrid50-goal(40,3)",0.9636052250862122,0.9162093723459628
constrained,31,"biggrid50-goal(46,17)",22,"biggrid50-goal(15,38)",0.9891155362129211,0.9290458799937366
constrained,31,"biggrid50-goal(46,17)",23,"biggrid50-goal(40,45)",0.8333331942558289,0.6293491777152325
constrained,31,"biggrid50-goal(46,17)",24,"biggrid50-goal(15,17)",0.9513604640960693,0.790322203513644
constrained,31,"biggrid50-goal(46,17)",25,"biggrid50-goal(15,24)",0.9367345571517944,0.6124992607163275
constrained,31,"biggrid50-goal(46,17)",26,"biggrid50-goal(21,38)",0.9064624905586243,0.462889814135046
constrained,31,"biggrid50-goal(46,17)",27,"biggrid50-goal(33,17)",0.9710882306098938,0.8903218176958806
constrained,31,"biggrid50-goal(46,17)",28,"biggrid50-goal(27,17)",0.7894557118415833,0.19610348763959845
constrained,31,"biggrid50-goal(46,17)",29,"biggrid50-goal(3,3)",0.738095223903656,0.1937173918109533
constrained,31,"biggrid50-goal(46,17)",30,"biggrid50-goal(9,10)",0.9173468351364136,0.591596372847781
constrained,31,"biggrid50-goal(46,17)",31,"biggrid50-goal(46,17)",0.8023807406425476,0.45033048134158116
constrained,32,"biggrid50-goal(40,10)",0,"biggrid50-goal(40,31)",0.9340135455131531,0.7964321767895659
constrained,32,"biggrid50-goal(40,10)",1,"biggrid50-goal(9,31)",0.9102039933204651,0.6223172533367227
constrained,32,"biggrid50-goal(40,10)",2,"biggrid50-goal(15,31)",0.9119046330451965,0.5617591131729786
constrained,32,"biggrid50-goal(40,10)",3,"biggrid50-goal(9,24)",0.9564625024795532,0.8024688486809992
constrained,32,"biggrid50-goal(40,10)",4,"biggrid50-goal(21,17)",0.8105441331863403,0.3232075937723572
constrained,32,"biggrid50-goal(40,10)",5,"biggrid50-goal(27,3)",0.8027210235595703,0.3964618039340399
constrained,32,"biggrid50-goal(40,10)",6,"biggrid50-goal(3,31)",0.9585031867027283,0.7324548138657534
constrained,32,"biggrid50-goal(40,10)",7,"biggrid50-goal(33,10)",0.9132651686668396,0.7034879621943173
constrained,32,"biggrid50-goal(40,10)",8,"biggrid50-goal(27,45)",0.6928571462631226,0.10770744451874922
constrained,32,"biggrid50-goal(40,10)",9,"biggrid50-goal(21,45)",0.9387754201889038,0.7191883845604979
constrained,32,"biggrid50-goal(40,10)",10,"biggrid50-goal(33,3)",0.9234692454338074,0.7718048677320144
constrained,32,"biggrid50-goal(40,10)",11,"biggrid50-goal(21,24)",0.9244897961616516,0.6145833618550851
constrained,32,"biggrid50-goal(40,10)",12,"biggrid50-goal(21,3)",0.9411563277244568,0.814576204716654
constrained,32,"biggrid50-goal(40,10)",13,"biggrid50-goal(3,17)",0.9061223864555359,0.4273856401862754
constrained,32,"biggrid50-goal(40,10)",14,"biggrid50-goal(15,45)",0.9193876385688782,0.5502840545398017
constrained,32,"biggrid50-goal(40,10)",15,"biggrid50-goal(3,24)",0.9775508642196655,0.8341697480012786
constrained,32,"biggrid50-goal(40,10)",16,"biggrid50-goal(3,10)",0.7408162355422974,0.19279632149427228
constrained,32,"biggrid50-goal(40,10)",17,"biggrid50-goal(46,31)",0.8632652163505554,0.5996013168656475
constrained,32,"biggrid50-goal(40,10)",18,"biggrid50-goal(46,24)",0.9863943457603455,0.9630990613147413
constrained,32,"biggrid50-goal(40,10)",19,"biggrid50-goal(3,45)",0.9425168633460999,0.7554262814920613
constrained,32,"biggrid50-goal(40,10)",20,"biggrid50-goal(21,10)",0.7564626336097717,0.08322667992579436
constrained,32,"biggrid50-goal(40,10)",21,"biggrid50-goal(40,3)",0.9608842134475708,0.9099448666965728
constrained,32,"biggrid50-goal(40,10)",22,"biggrid50-goal(15,38)",0.9629250168800354,0.7583139736615211
constrained,32,"biggrid50-goal(40,10)",23,"biggrid50-goal(40,45)",0.8210882544517517,0.6021176183957643
constrained,32,"biggrid50-goal(40,10)",24,"biggrid50-goal(15,17)",0.9275510311126709,0.6876832833272137
constrained,32,"biggrid50-goal(40,10)",25,"biggrid50-goal(15,24)",0.9306121468544006,0.5749995071442183
constrained,32,"biggrid50-goal(40,10)",26,"biggrid50-goal(21,38)",0.9023808836936951,0.43945245050474974
constrained,32,"biggrid50-goal(40,10)",27,"biggrid50-goal(33,17)",0.9636052846908569,0.8619349038544591
constrained,32,"biggrid50-goal(40,10)",28,"biggrid50-goal(27,17)",0.7955782413482666,0.21948042253674985
constrained,32,"biggrid50-goal(40,10)",29,"biggrid50-goal(3,3)",0.7391155362129211,0.19685845736211782
constrained,32,"biggrid50-goal(40,10)",30,"biggrid50-goal(9,10)",0.9666665196418762,0.8352934904993269
constrained,32,"biggrid50-goal(40,10)",31,"biggrid50-goal(46,17)",0.7979591488838196,0.4380320129553195
constrained,32,"biggrid50-goal(40,10)",32,"biggrid50-goal(40,10)",0.6850339770317078,0.0840750745150025
constrained,33,"biggrid50-goal(46,38)",0,"biggrid50-goal(40,31)",0.946598470211029,0.8352565953151059
constrained,33,"biggrid50-goal(46,38)",1,"biggrid50-goal(9,31)",0.9190475344657898,0.659513260525728
constrained,33,"biggrid50-goal(46,38)",2,"biggrid50-goal(15,31)",0.9282311797142029,0.6429774625411
constrained,33,"biggrid50-goal(46,38)",3,"biggrid50-goal(9,24)",0.9544216990470886,0.7932096520208977
constrained,33,"biggrid50-goal(46,38)",4,"biggrid50-goal(21,17)",0.7948979139328003,0.2673146697100807
constrained,33,"biggrid50-goal(46,38)",5,"biggrid50-goal(27,3)",0.7891155481338501,0.3548383920367339
constrained,33,"biggrid50-goal(46,38)",6,"biggrid50-goal(3,31)",0.9591836333274841,0.7368419030036727
constrained,33,"biggrid50-goal(46,38)",7,"biggrid50-goal(33,10)",0.9183672666549683,0.7209300145773249
constrained,33,"biggrid50-goal(46,38)",8,"biggrid50-goal(27,45)",0.6812925338745117,0.07411064284865802
constrained,33,"biggrid50-goal(46,38)",9,"biggrid50-goal(21,45)",0.9829930663108826,0.9219962874772069
constrained,33,"biggrid50-goal(46,38)",10,"biggrid50-goal(33,3)",0.9224488139152527,0.7687622019871522
constrained,33,"biggrid50-goal(46,38)",11,"biggrid50-goal(21,24)",0.9183672666549683,0.5833329530433089
constrained,33,"biggrid50-goal(46,38)",12,"biggrid50-goal(21,3)",0.9302719235420227,0.7802780813185385
constrained,33,"biggrid50-goal(46,38)",13,"biggrid50-goal(3,17)",0.9312923550605774,0.580911970001647
constrained,33,"biggrid50-goal(46,38)",14,"biggrid50-goal(15,45)",0.8870747089385986,0.3700184049385754
constrained,33,"biggrid50-goal(46,38)",15,"biggrid50-goal(3,24)",0.9636052846908569,0.7311546925372556
constrained,33,"biggrid50-goal(46,38)",16,"biggrid50-goal(3,10)",0.748299241065979,0.21610144478250295
constrained,33,"biggrid50-goal(46,38)",17,"biggrid50-goal(46,31)",0.8357142806053162,0.5189242711492135
constrained,33,"biggrid50-goal(46,38)",18,"biggrid50-goal(46,24)",0.982992947101593,0.9538738670580091
constrained,33,"biggrid50-goal(46,38)",19,"biggrid50-goal(3,45)",0.9513604044914246,0.7930529293855574
constrained,33,"biggrid50-goal(46,38)",20,"biggrid50-goal(21,10)",0.7591836452484131,0.09346967019415707
constrained,33,"biggrid50-goal(46,38)",21,"biggrid50-goal(40,3)",0.959523618221283,0.9068124080328278
constrained,33,"biggrid50-goal(46,38)",22,"biggrid50-goal(15,38)",0.959523618221283,0.7361407868749779
constrained,33,"biggrid50-goal(46,38)",23,"biggrid50-goal(40,45)",0.8765304684638977,0.7254157287851432
constrained,33,"biggrid50-goal(46,38)",24,"biggrid50-goal(15,17)",0.9646257162094116,0.8475067300776982
constrained,33,"biggrid50-goal(46,38)",25,"biggrid50-goal(15,24)",0.93265300989151,0.5874997900799449
constrained,33,"biggrid50-goal(46,38)",26,"biggrid50-goal(21,38)",0.9054420590400696,0.45703030209686335
constrained,33,"biggrid50-goal(46,38)",27,"biggrid50-goal(33,17)",0.9408161640167236,0.7754832827819867
constrained,33,"biggrid50-goal(46,38)",28,"biggrid50-goal(27,17)",0.7758502960205078,0.1441555273152312
constrained,33,"biggrid50-goal(46,38)",29,"biggrid50-goal(3,3)",0.7360543608665466,0.1874345267290586
constrained,33,"biggrid50-goal(46,38)",30,"biggrid50-goal(9,10)",0.992516815662384,0.9630242879244246
constrained,33,"biggrid50-goal(46,38)",31,"biggrid50-goal(46,17)",0.9061222672462463,0.7388831010536144
constrained,33,"biggrid50-goal(46,38)",32,"biggrid50-goal(40,10)",0.6908162832260132,0.100890089418003
constrained,33,"biggrid50-goal(46,38)",33,"biggrid50-goal(46,38)",0.7615644931793213,0.36846821473587427
constrained,34,"biggrid50-goal(27,31)",0,"biggrid50-goal(40,31)",0.9761903285980225,0.9265473040437046
constrained,34,"biggrid50-goal(27,31)",1,"biggrid50-goal(9,31)",0.9282311797142029,0.6981397483848178
constrained,34,"biggrid50-goal(27,31)",2,"biggrid50-goal(15,31)",0.922448992729187,0.6142132852670209
constrained,34,"biggrid50-goal(27,31)",3,"biggrid50-goal(9,24)",0.9761903882026672,0.8919749572520368
constrained,34,"biggrid50-goal(27,31)",4,"biggrid50-goal(21,17)",0.7993196845054626,0.2831105423636426
constrained,34,"biggrid50-goal(27,31)",5,"biggrid50-goal(27,3)",0.788095235824585,0.3517169370207519
constrained,34,"biggrid50-goal(27,31)",6,"biggrid50-goal(3,31)",0.9731290340423584,0.8267530198706393
constrained,34,"biggrid50-goal(27,31)",7,"biggrid50-goal(33,10)",0.9394556283950806,0.7930227715174477
constrained,34,"biggrid50-goal(27,31)",8,"biggrid50-goal(27,45)",0.6833333373069763,0.08003945964459999
constrained,34,"biggrid50-goal(27,31)",9,"biggrid50-goal(21,45)",0.9642855525016785,0.8361927231272673
constrained,34,"biggrid50-goal(27,31)",10,"biggrid50-goal(33,3)",0.9129250049591064,0.7403646400297158
constrained,34,"biggrid50-goal(27,31)",11,"biggrid50-goal(21,24)",0.9261903762817383,0.6232634056036496
constrained,34,"biggrid50-goal(27,31)",12,"biggrid50-goal(21,3)",0.8972787261009216,0.6763123760611457
constrained,34,"biggrid50-goal(27,31)",13,"biggrid50-goal(3,17)",0.9340135455131531,0.5975100988856414
constrained,34,"biggrid50-goal(27,31)",14,"biggrid50-goal(15,45)",0.9146258234977722,0.5237190944171687
constrained,34,"biggrid50-goal(27,31)",15,"biggrid50-goal(3,24)",0.9751698970794678,0.8165817043133988
constrained,34,"biggrid50-goal(27,31)",16,"biggrid50-goal(3,10)",0.7343537211418152,0.17266942269958807
constrained,34,"biggrid50-goal(27,31)",17,"biggrid50-goal(46,31)",0.8673468232154846,0.6115534330000443
constrained,34,"biggrid50-goal(27,31)",18,"biggrid50-goal(46,24)",0.987074613571167,0.9649440678344218
constrained,34,"biggrid50-goal(27,31)",19,"biggrid50-goal(3,45)",0.9350338578224182,0.723588309643702
constrained,34,"biggrid50-goal(27,31)",20,"biggrid50-goal(21,10)",0.758163332939148,0.08962880126655783
constrained,34,"biggrid50-goal(27,31)",21,"biggrid50-goal(40,3)",0.9680269956588745,0.9263894856315423
constrained,34,"biggrid50-goal(27,31)",22,"biggrid50-goal(15,38)",0.9755101799964905,0.8403546870610561
constrained,34,"biggrid50-goal(27,31)",23,"biggrid50-goal(40,45)",0.8391155004501343,0.6422084662583355
constrained,34,"biggrid50-goal(27,31)",24,"biggrid50-goal(15,17)",0.94829922914505,0.7771256754808823
constrained,34,"biggrid50-goal(27,31)",25,"biggrid50-goal(15,24)",0.9340134859085083,0.5958327035731679
constrained,34,"biggrid50-goal(27,31)",26,"biggrid50-goal(21,38)",0.8880951404571533,0.3574209932762784
constrained,34,"biggrid50-goal(27,31)",27,"biggrid50-goal(33,17)",0.9819725751876831,0.9316121003055692
constrained,34,"biggrid50-goal(27,31)",28,"biggrid50-goal(27,17)",0.8098638653755188,0.2740255419168545
constrained,34,"biggrid50-goal(27,31)",29,"biggrid50-goal(3,3)",0.7380951046943665,0.19371702482117045
constrained,34,"biggrid50-goal(27,31)",30,"biggrid50-goal(9,10)",0.9850338101387024,0.9260494593995213
constrained,34,"biggrid50-goal(27,31)",31,"biggrid50-goal(46,17)",0.9346936941146851,0.8183533030229079
constrained,34,"biggrid50-goal(27,31)",32,"biggrid50-goal(40,10)",0.6989795565605164,0.12462898496665457
constrained,34,"biggrid50-goal(27,31)",33,"biggrid50-goal(46,38)",0.9149658679962158,0.7747744960102655
constrained,34,"biggrid50-goal(27,31)",34,"biggrid50-goal(27,31)",0.968707263469696,0.8365886127937137
constrained,35,"biggrid50-goal(21,31)",0,"biggrid50-goal(40,31)",0.9707481265068054,0.9097581426651197
constrained,35,"biggrid50-goal(21,31)",1,"biggrid50-goal(9,31)",0.9098638296127319,0.6208865219690093
constrained,35,"biggrid50-goal(21,31)",2,"biggrid50-goal(15,31)",0.9394556879997253,0.6988151147954834
constrained,35,"biggrid50-goal(21,31)",3,"biggrid50-goal(9,24)",0.94931960105896,0.7700612547281018
constrained,35,"biggrid50-goal(21,31)",4,"biggrid50-goal(21,17)",0.7772108912467957,0.20413139202125846
constrained,35,"biggrid50-goal(21,31)",5,"biggrid50-goal(27,3)",0.7843536138534546,0.34027014316789206
constrained,35,"biggrid50-goal(21,31)",6,"biggrid50-goal(3,31)",0.9612243175506592,0.7499989431941898
constrained,35,"biggrid50-goal(21,31)",7,"biggrid50-goal(33,10)",0.93265300989151,0.7697673129674616
constrained,35,"biggrid50-goal(21,31)",8,"biggrid50-goal(27,45)",0.6884353756904602,0.0948615882143316
constrained,35,"biggrid50-goal(21,31)",9,"biggrid50-goal(21,45)",0.9683672189712524,0.8549136250680037
constrained,35,"biggrid50-goal(21,31)",10,"biggrid50-goal(33,3)",0.8962583541870117,0.6906689510356527
constrained,35,"biggrid50-goal(21,31)",11,"biggrid50-goal(21,24)",0.8768706917762756,0.37152753375834546
constrained,35,"biggrid50-goal(21,31)",12,"biggrid50-goal(21,3)",0.9312924146652222,0.783493776903113
constrained,35,"biggrid50-goal(21,31)",13,"biggrid50-goal(3,17)",0.9159862995147705,0.4875514033370041
constrained,35,"biggrid50-goal(21,31)",14,"biggrid50-goal(15,45)",0.9163264036178589,0.5332062001532913
constrained,35,"biggrid50-goal(21,31)",15,"biggrid50-goal(3,24)",0.9455781579017639,0.5979895227284936
constrained,35,"biggrid50-goal(21,31)",16,"biggrid50-goal(3,10)",0.7370747923851013,0.18114394548326795
constrained,35,"biggrid50-goal(21,31)",17,"biggrid50-goal(46,31)",0.8506801724433899,0.5627486969753351
constrained,35,"biggrid50-goal(21,31)",18,"biggrid50-goal(46,24)",0.9755100011825562,0.9335787953415242
constrained,35,"biggrid50-goal(21,31)",19,"biggrid50-goal(3,45)",0.9054421186447144,0.5976842252618167
constrained,35,"biggrid50-goal(21,31)",20,"biggrid50-goal(21,10)",0.7564626336097717,0.08322667992579436
constrained,35,"biggrid50-goal(21,31)",21,"biggrid50-goal(40,3)",0.959523618221283,0.9068124080328278
constrained,35,"biggrid50-goal(21,31)",22,"biggrid50-goal(15,38)",0.9710883498191833,0.8115294665278754
constrained,35,"biggrid50-goal(21,31)",23,"biggrid50-goal(40,45)",0.8166664838790894,0.5922840292092793
constrained,35,"biggrid50-goal(21,31)",24,"biggrid50-goal(15,17)",0.9452379941940308,0.7639291474481206
constrained,35,"biggrid50-goal(21,31)",25,"biggrid50-goal(15,24)",0.9108842015266418,0.4541658726212407
constrained,35,"biggrid50-goal(21,31)",26,"biggrid50-goal(21,38)",0.8816326260566711,0.3203120053255845
constrained,35,"biggrid50-goal(21,31)",27,"biggrid50-goal(33,17)",0.9588434100151062,0.8438705041371909
constrained,35,"biggrid50-goal(21,31)",28,"biggrid50-goal(27,17)",0.8119048476219177,0.2818183845725293
constrained,35,"biggrid50-goal(21,31)",29,"biggrid50-goal(3,3)",0.7319726943969727,0.17486898006016063
constrained,35,"biggrid50-goal(21,31)",30,"biggrid50-goal(9,10)",0.992516815662384,0.9630242879244246
constrained,35,"biggrid50-goal(21,31)",31,"biggrid50-goal(46,17)",0.9122447371482849,0.7559124892569524
constrained,35,"biggrid50-goal(21,31)",32,"biggrid50-goal(40,10)",0.7051019668579102,0.14243302662988352
constrained,35,"biggrid50-goal(21,31)",33,"biggrid50-goal(46,38)",0.9173468351364136,0.7810808404333516
constrained,35,"biggrid50-goal(21,31)",34,"biggrid50-goal(27,31)",0.927210807800293,0.6198931704339636
constrained,35,"biggrid50-goal(21,31)",35,"biggrid50-goal(21,31)",0.8843535780906677,0.42760888625606397
constrained,36,"biggrid50-goal(46,10)",0,"biggrid50-goal(40,31)",0.9632651805877686,0.8866732986045348
constrained,36,"biggrid50-goal(46,10)",1,"biggrid50-goal(9,31)",0.9319726228713989,0.7138762892438935
constrained,36,"biggrid50-goal(46,10)",2,"biggrid50-goal(15,31)",0.9241496324539185,0.6226733199646678
constrained,36,"biggrid50-goal(46,10)",3,"biggrid50-goal(9,24)",0.9724488854408264,0.8749996281610033
constrained,36,"biggrid50-goal(46,10)",4,"biggrid50-goal(21,17)",0.8071428537368774,0.31105721732020575
constrained,36,"biggrid50-goal(46,10)",5,"biggrid50-goal(27,3)",0.7935373187065125,0.368365973550966
constrained,36,"biggrid50-goal(46,10)",6,"biggrid50-goal(3,31)",0.9639453887939453,0.7675426882296044
constrained,36,"biggrid50-goal(46,10)",7,"biggrid50-goal(33,10)",0.9238094091415405,0.7395345444290534
constrained,36,"biggrid50-goal(46,10)",8,"biggrid50-goal(27,45)",0.6843538284301758,0.08300412778220105
constrained,36,"biggrid50-goal(46,10)",9,"biggrid50-goal(21,45)",0.9588433504104614,0.8112316116668352
constrained,36,"biggrid50-goal(46,10)",10,"biggrid50-goal(33,3)",0.9136053323745728,0.7423932023434925
constrained,36,"biggrid50-goal(46,10)",11,"biggrid50-goal(21,24)",0.9323127865791321,0.6545132059513867
constrained,36,"biggrid50-goal(46,10)",12,"biggrid50-goal(21,3)",0.9333332180976868,0.7899246046071164
constrained,36,"biggrid50-goal(46,10)",13,"biggrid50-goal(3,17)",0.907142698764801,0.4336091204998562
constrained,36,"biggrid50-goal(46,10)",14,"biggrid50-goal(15,45)",0.8914965987205505,0.3946870079754734
constrained,36,"biggrid50-goal(46,10)",15,"biggrid50-goal(3,24)",0.9663264155387878,0.7512555025929002
constrained,36,"biggrid50-goal(46,10)",16,"biggrid50-goal(3,10)",0.7323129177093506,0.16631353061182816
constrained,36,"biggrid50-goal(46,10)",17,"biggrid50-goal(46,31)",0.8615646362304688,0.5946215302855711
constrained,36,"biggrid50-goal(46,10)",18,"biggrid50-goal(46,24)",0.9683672189712524,0.9142063077140445
constrained,36,"biggrid50-goal(46,10)",19,"biggrid50-goal(3,45)",0.916666567325592,0.6454409294342486
constrained,36,"biggrid50-goal(46,10)",20,"biggrid50-goal(21,10)",0.7561224102973938,0.0819459415311959
constrained,36,"biggrid50-goal(46,10)",21,"biggrid50-goal(40,3)",0.9578229188919067,0.9028969376226715
constrained,36,"biggrid50-goal(46,10)",22,"biggrid50-goal(15,38)",0.9585031867027283,0.7294887531283404
constrained,36,"biggrid50-goal(46,10)",23,"biggrid50-goal(40,45)",0.8153059482574463,0.5892583298526612
constrained,36,"biggrid50-goal(46,10)",24,"biggrid50-goal(15,17)",0.946938693523407,0.7712606090100432
constrained,36,"biggrid50-goal(46,10)",25,"biggrid50-goal(15,24)",0.941156268119812,0.6395822335347836
constrained,36,"biggrid50-goal(46,10)",26,"biggrid50-goal(21,38)",0.9142856597900391,0.5078119411516063
constrained,36,"biggrid50-goal(46,10)",27,"biggrid50-goal(33,17)",0.9605441689491272,0.8503224146344001
constrained,36,"biggrid50-goal(46,10)",28,"biggrid50-goal(27,17)",0.7904761433601379,0.19999968138602542
constrained,36,"biggrid50-goal(46,10)",29,"biggrid50-goal(3,3)",0.7258502840995789,0.15602093529915081
constrained,36,"biggrid50-goal(46,10)",30,"biggrid50-goal(9,10)",0.9850338101387024,0.9260494593995213
constrained,36,"biggrid50-goal(46,10)",31,"biggrid50-goal(46,17)",0.984693706035614,0.957426197916114
constrained,36,"biggrid50-goal(46,10)",32,"biggrid50-goal(40,10)",0.7197278141975403,0.1849651639330055
constrained,36,"biggrid50-goal(46,10)",33,"biggrid50-goal(46,38)",0.953061044216156,0.8756752174209568
constrained,36,"biggrid50-goal(46,10)",34,"biggrid50-goal(27,31)",0.9639454483985901,0.8117223053796695
constrained,36,"biggrid50-goal(46,10)",35,"biggrid50-goal(21,31)",0.8911563158035278,0.4612789864777956
constrained,36,"biggrid50-goal(46,10)",36,"biggrid50-goal(46,10)",0.6758503317832947,0.2478294803408103
constrained,37,"biggrid50-goal(9,17)",0,"biggrid50-goal(40,31)",0.9585031270980835,0.87198239165332
constrained,37,"biggrid50-goal(9,17)",1,"biggrid50-goal(9,31)",0.9272109270095825,0.6938485570721926
constrained,37,"biggrid50-goal(9,17)",2,"biggrid50-goal(15,31)",0.916666567325592,0.5854479219513468
constrained,37,"biggrid50-goal(9,17)",3,"biggrid50-goal(9,24)",0.9683672189712524,0.8564809644124389
constrained,37,"biggrid50-goal(9,17)",4,"biggrid50-goal(21,17)",0.7986394166946411,0.2806804244881273
constrained,37,"biggrid50-goal(9,17)",5,"biggrid50-goal(27,3)",0.7884352803230286,0.35275723967679684
constrained,37,"biggrid50-goal(9,17)",6,"biggrid50-goal(3,31)",0.9795917272567749,0.8684203750623035
constrained,37,"biggrid50-goal(9,17)",7,"biggrid50-goal(33,10)",0.9234693050384521,0.7383718631956577
constrained,37,"biggrid50-goal(9,17)",8,"biggrid50-goal(27,45)",0.6877550482749939,0.09288514278926423
constrained,37,"biggrid50-goal(9,17)",9,"biggrid50-goal(21,45)",0.9826528429985046,0.9204358250248094
constrained,37,"biggrid50-goal(9,17)",10,"biggrid50-goal(33,3)",0.9105440974235535,0.7332653828347088
constrained,37,"biggrid50-goal(9,17)",11,"biggrid50-goal(21,24)",0.9163264036178589,0.572916048695377
constrained,37,"biggrid50-goal(9,17)",12,"biggrid50-goal(21,3)",0.917346715927124,0.7395491302164194
constrained,37,"biggrid50-goal(9,17)",13,"biggrid50-goal(3,17)",0.9146257042884827,0.47925233889500685
constrained,37,"biggrid50-goal(9,17)",14,"biggrid50-goal(15,45)",0.8670067191123962,0.2580641728833905
constrained,37,"biggrid50-goal(9,17)",15,"biggrid50-goal(3,24)",0.9867345690727234,0.9020091563850331
constrained,37,"biggrid50-goal(9,17)",16,"biggrid50-goal(3,10)",0.7278911471366882,0.15254233827179287
constrained,37,"biggrid50-goal(9,17)",17,"biggrid50-goal(46,31)",0.8459182977676392,0.5488045614852055
constrained,37,"biggrid50-goal(9,17)",18,"biggrid50-goal(46,24)",0.992516815662384,0.9797042816501953
constrained,37,"biggrid50-goal(9,17)",19,"biggrid50-goal(3,45)",0.9391155242919922,0.7409545913792194
constrained,37,"biggrid50-goal(9,17)",20,"biggrid50-goal(21,10)",0.753741443157196,0.07298301652933357
constrained,37,"biggrid50-goal(9,17)",21,"biggrid50-goal(40,3)",0.9670066237449646,0.9240403131662753
constrained,37,"biggrid50-goal(9,17)",22,"biggrid50-goal(15,38)",0.9738094210624695,0.8292677051144115
constrained,37,"biggrid50-goal(9,17)",23,"biggrid50-goal(40,45)",0.9108842015266418,0.8018151014820837
constrained,37,"biggrid50-goal(9,17)",24,"biggrid50-goal(15,17)",0.9537413716316223,0.8005859413642382
constrained,37,"biggrid50-goal(9,17)",25,"biggrid50-goal(15,24)",0.9363943934440613,0.6104157585342542
constrained,37,"biggrid50-goal(9,17)",26,"biggrid50-goal(21,38)",0.8952380418777466,0.3984368930211227
constrained,37,"biggrid50-goal(9,17)",27,"biggrid50-goal(33,17)",0.9534012079238892,0.8232252497758089
constrained,37,"biggrid50-goal(9,17)",28,"biggrid50-goal(27,17)",0.7935373783111572,0.2116880350438959
constrained,37,"biggrid50-goal(9,17)",29,"biggrid50-goal(3,3)",0.7251699566841125,0.15392652460859163
constrained,37,"biggrid50-goal(9,17)",30,"biggrid50-goal(9,10)",0.9833330512046814,0.917645714440546
constrained,37,"biggrid50-goal(9,17)",31,"biggrid50-goal(46,17)",0.9425169229507446,0.8401132794677815
constrained,37,"biggrid50-goal(9,17)",32,"biggrid50-goal(40,10)",0.7102040648460388,0.15726998801242714
constrained,37,"biggrid50-goal(9,17)",33,"biggrid50-goal(46,38)",0.9551018476486206,0.8810805878385717
constrained,37,"biggrid50-goal(9,17)",34,"biggrid50-goal(27,31)",0.9384353160858154,0.6785078099005192
constrained,37,"biggrid50-goal(9,17)",35,"biggrid50-goal(21,31)",0.8795918226242065,0.4040406126352781
constrained,37,"biggrid50-goal(9,17)",36,"biggrid50-goal(46,10)",0.7282312512397766,0.36937636830945175
constrained,37,"biggrid50-goal(9,17)",37,"biggrid50-goal(9,17)",0.8397958874702454,0.2629107491971017
constrained,38,"biggrid50-goal(33,24)",0,"biggrid50-goal(40,31)",0.9544215798377991,0.8593908424093426
constrained,38,"biggrid50-goal(33,24)",1,"biggrid50-goal(9,31)",0.9122447967529297,0.6309008894501174
constrained,38,"biggrid50-goal(33,24)",2,"biggrid50-goal(15,31)",0.8996598124504089,0.5008457959124856
constrained,38,"biggrid50-goal(33,24)",3,"biggrid50-goal(9,24)",0.9775508642196655,0.8981474845970766
constrained,38,"biggrid50-goal(33,24)",4,"biggrid50-goal(21,17)",0.8003401160240173,0.286755825639628
constrained,38,"biggrid50-goal(33,24)",5,"biggrid50-goal(27,3)",0.7826529145240784,0.3350671710934082
constrained,38,"biggrid50-goal(33,24)",6,"biggrid50-goal(3,31)",0.9744897484779358,0.8355260452674123
constrained,38,"biggrid50-goal(33,24)",7,"biggrid50-goal(33,10)",0.9265304803848267,0.7488368093549177
constrained,38,"biggrid50-goal(33,24)",8,"biggrid50-goal(27,45)",0.6826530694961548,0.07806318737928601
constrained,38,"biggrid50-goal(33,24)",9,"biggrid50-goal(21,45)",0.9836733341217041,0.9251163922370547
constrained,38,"biggrid50-goal(33,24)",10,"biggrid50-goal(33,3)",0.8955780863761902,0.6886405664476789
constrained,38,"biggrid50-goal(33,24)",11,"biggrid50-goal(21,24)",0.8904761672019958,0.4409721429951338
constrained,38,"biggrid50-goal(33,24)",12,"biggrid50-goal(21,3)",0.937414824962616,0.8027862600151234
constrained,38,"biggrid50-goal(33,24)",13,"biggrid50-goal(3,17)",0.9010202884674072,0.39626496654670285
constrained,38,"biggrid50-goal(33,24)",14,"biggrid50-goal(15,45)",0.9159862995147705,0.5313088455099099
constrained,38,"biggrid50-goal(33,24)",15,"biggrid50-goal(3,24)",0.9748297333717346,0.8140689379456341
constrained,38,"biggrid50-goal(33,24)",16,"biggrid50-goal(3,10)",0.7391155362129211,0.18749965193791687
constrained,38,"biggrid50-goal(33,24)",17,"biggrid50-goal(46,31)",0.8639455437660217,0.6015935107608841
constrained,38,"biggrid50-goal(33,24)",18,"biggrid50-goal(46,24)",0.9778909087181091,0.9400362373312409
constrained,38,"biggrid50-goal(33,24)",19,"biggrid50-goal(3,45)",0.9527208209037781,0.7988410982304799
constrained,38,"biggrid50-goal(33,24)",20,"biggrid50-goal(21,10)",0.7632653117179871,0.10883471653678287
constrained,38,"biggrid50-goal(33,24)",21,"biggrid50-goal(40,3)",0.9574827551841736,0.9021137886502268
constrained,38,"biggrid50-goal(33,24)",22,"biggrid50-goal(15,38)",0.9639453887939453,0.7649656188547855
constrained,38,"biggrid50-goal(33,24)",23,"biggrid50-goal(40,45)",0.7748298048973083,0.4992433100509395
constrained,38,"biggrid50-goal(33,24)",24,"biggrid50-goal(15,17)",0.9741495251655579,0.888562452320319
constrained,38,"biggrid50-goal(33,24)",25,"biggrid50-goal(15,24)",0.9503400921821594,0.695833141667196
constrained,38,"biggrid50-goal(33,24)",26,"biggrid50-goal(21,38)",0.8911564350128174,0.37499952939082637
constrained,38,"biggrid50-goal(33,24)",27,"biggrid50-goal(33,17)",0.9615643620491028,0.8541925660351931
constrained,38,"biggrid50-goal(33,24)",28,"biggrid50-goal(27,17)",0.77448970079422,0.1389605264595251
constrained,38,"biggrid50-goal(33,24)",29,"biggrid50-goal(3,3)",0.7421767711639404,0.20628257149006843
constrained,38,"biggrid50-goal(33,24)",30,"biggrid50-goal(9,10)",0.9948978424072266,0.9747893541568555
constrained,38,"biggrid50-goal(33,24)",31,"biggrid50-goal(46,17)",0.9721086621284485,0.9224214364913472
constrained,38,"biggrid50-goal(33,24)",32,"biggrid50-goal(40,10)",0.6897957921028137,0.09792248914427866
constrained,38,"biggrid50-goal(33,24)",33,"biggrid50-goal(46,38)",0.9785711765289307,0.9432425844487498
constrained,38,"biggrid50-goal(33,24)",34,"biggrid50-goal(27,31)",0.9489795565605164,0.733570075271237
constrained,38,"biggrid50-goal(33,24)",35,"biggrid50-goal(21,31)",0.8710883259773254,0.36195261859217553
constrained,38,"biggrid50-goal(33,24)",36,"biggrid50-goal(46,10)",0.8176870346069336,0.5769533293841468
constrained,38,"biggrid50-goal(33,24)",37,"biggrid50-goal(9,17)",0.9231292009353638,0.6463221898835506
constrained,38,"biggrid50-goal(33,24)",38,"biggrid50-goal(33,24)",0.8840135335922241,0.49180300468571353
constrained,39,"biggrid50-goal(40,17)",0,"biggrid50-goal(40,31)",0.9537413120269775,0.8572922202220167
constrained,39,"biggrid50-goal(40,17)",1,"biggrid50-goal(9,31)",0.9367346167564392,0.7339052749037384
constrained,39,"biggrid50-goal(40,17)",2,"biggrid50-goal(15,31)",0.9112244248390198,0.5583753365022388
constrained,39,"biggrid50-goal(40,17)",3,"biggrid50-goal(9,24)",0.9744897484779358,0.8842590952494661
constrained,39,"biggrid50-goal(40,17)",4,"biggrid50-goal(21,17)",0.8295917510986328,0.391251320137635
constrained,39,"biggrid50-goal(40,17)",5,"biggrid50-goal(27,3)",0.7761905193328857,0.31529667954721213
constrained,39,"biggrid50-goal(40,17)",6,"biggrid50-goal(3,31)",0.9887753129005432,0.9276303224103166
constrained,39,"biggrid50-goal(40,17)",7,"biggrid50-goal(33,10)",0.9585031867027283,0.8581388297631725
constrained,39,"biggrid50-goal(40,17)",8,"biggrid50-goal(27,45)",0.6840136051177979,0.08201573190991399
constrained,39,"biggrid50-goal(40,17)",9,"biggrid50-goal(21,45)",0.9863943457603455,0.9375965378947972
constrained,39,"biggrid50-goal(40,17)",10,"biggrid50-goal(33,3)",0.9282311797142029,0.7860037375736341
constrained,39,"biggrid50-goal(40,17)",11,"biggrid50-goal(21,24)",0.9187074303627014,0.5850692051786375
constrained,39,"biggrid50-goal(40,17)",12,"biggrid50-goal(21,3)",0.9517005681991577,0.8478024295865781
constrained,39,"biggrid50-goal(40,17)",13,"biggrid50-goal(3,17)",0.9156461954116821,0.4854769098991438
constrained,39,"biggrid50-goal(40,17)",14,"biggrid50-goal(15,45)",0.892857015132904,0.4022764265489992
constrained,39,"biggrid50-goal(40,17)",15,"biggrid50-goal(3,24)",0.9734693169593811,0.8040196336565396
constrained,39,"biggrid50-goal(40,17)",16,"biggrid50-goal(3,10)",0.7581632733345032,0.24682205395612006
constrained,39,"biggrid50-goal(40,17)",17,"biggrid50-goal(46,31)",0.8459182977676392,0.5488045614852055
constrained,39,"biggrid50-goal(40,17)",18,"biggrid50-goal(46,24)",0.9867343902587891,0.9640213220870867
constrained,39,"biggrid50-goal(40,17)",19,"biggrid50-goal(3,45)",0.9663264155387878,0.856728873082276
constrained,39,"biggrid50-goal(40,17)",20,"biggrid50-goal(21,10)",0.7653061747550964,0.1165173518961121
constrained,39,"biggrid50-goal(40,17)",21,"biggrid50-goal(40,3)",0.9608840942382812,0.9099445922445061
constrained,39,"biggrid50-goal(40,17)",22,"biggrid50-goal(15,38)",0.9469386339187622,0.654101239135562
constrained,39,"biggrid50-goal(40,17)",23,"biggrid50-goal(40,45)",0.8197277188301086,0.5990919190391463
constrained,39,"biggrid50-goal(40,17)",24,"biggrid50-goal(15,17)",0.9642856121063232,0.8460405919333625
constrained,39,"biggrid50-goal(40,17)",25,"biggrid50-goal(15,24)",0.9520407319068909,0.7062495573424924
constrained,39,"biggrid50-goal(40,17)",26,"biggrid50-goal(21,38)",0.8952381014823914,0.3984372352823398
constrained,39,"biggrid50-goal(40,17)",27,"biggrid50-goal(33,17)",0.9578229784965515,0.8399994482840957
constrained,39,"biggrid50-goal(40,17)",28,"biggrid50-goal(27,17)",0.8217686414718628,0.31948014943905734
constrained,39,"biggrid50-goal(40,17)",29,"biggrid50-goal(3,3)",0.7523809671401978,0.23769652990975904
constrained,39,"biggrid50-goal(40,17)",30,"biggrid50-goal(9,10)",0.9891155362129211,0.9462179760740368
constrained,39,"biggrid50-goal(40,17)",31,"biggrid50-goal(46,17)",0.9642855525016785,0.9006617916220145
constrained,39,"biggrid50-goal(40,17)",32,"biggrid50-goal(40,10)",0.6955782175064087,0.11473785070930517
constrained,39,"biggrid50-goal(40,17)",33,"biggrid50-goal(46,38)",0.9789113402366638,0.9441435584542209
constrained,39,"biggrid50-goal(40,17)",34,"biggrid50-goal(27,31)",0.9568025469779968,0.7744219104881409
constrained,39,"biggrid50-goal(40,17)",35,"biggrid50-goal(21,31)",0.8761903643608093,0.3872051200052866
constrained,39,"biggrid50-goal(40,17)",36,"biggrid50-goal(46,10)",0.8806121945381165,0.7229675163042253
constrained,39,"biggrid50-goal(40,17)",37,"biggrid50-goal(9,17)",0.8921768069267273,0.503912132175796
constrained,39,"biggrid50-goal(40,17)",38,"biggrid50-goal(33,24)",0.8860543966293335,0.5007450864253244
constrained,39,"biggrid50-goal(40,17)",39,"biggrid50-goal(40,17)",0.8248299360275269,0.48189146620999107
constrained,40,"biggrid50-goal(40,38)",0,"biggrid50-goal(40,31)",0.9829930663108826,0.9475337097969413
constrained,40,"biggrid50-goal(40,38)",1,"biggrid50-goal(9,31)",0.9319726824760437,0.7138765399415222
constrained,40,"biggrid50-goal(40,38)",2,"biggrid50-goal(15,31)",0.9367344975471497,0.6852782290501319
constrained,40,"biggrid50-goal(40,38)",3,"biggrid50-goal(9,24)",0.9659863114356995,0.8456787035231678
constrained,40,"biggrid50-goal(40,38)",4,"biggrid50-goal(21,17)",0.8034012913703918,0.2976912496167342
constrained,40,"biggrid50-goal(40,38)",5,"biggrid50-goal(27,3)",0.7833333611488342,0.33714887050119247
constrained,40,"biggrid50-goal(40,38)",6,"biggrid50-goal(3,31)",0.9812923669815063,0.8793850235629266
constrained,40,"biggrid50-goal(40,38)",7,"biggrid50-goal(33,10)",0.9244897365570068,0.7418603144251941
constrained,40,"biggrid50-goal(40,38)",8,"biggrid50-goal(27,45)",0.6785714626312256,0.06620555378740207
constrained,40,"biggrid50-goal(40,38)",9,"biggrid50-goal(21,45)",0.9656460881233215,0.8424329326469632
constrained,40,"biggrid50-goal(40,38)",10,"biggrid50-goal(33,3)",0.9088433384895325,0.72819415477607
constrained,40,"biggrid50-goal(40,38)",11,"biggrid50-goal(21,24)",0.8962584137916565,0.4704856912075425
constrained,40,"biggrid50-goal(40,38)",12,"biggrid50-goal(21,3)",0.899319589138031,0.6827433915868644
constrained,40,"biggrid50-goal(40,38)",13,"biggrid50-goal(3,17)",0.8931971788406372,0.3485472547136919
constrained,40,"biggrid50-goal(40,38)",14,"biggrid50-goal(15,45)",0.9102040529251099,0.49905115641870157
constrained,40,"biggrid50-goal(40,38)",15,"biggrid50-goal(3,24)",0.9676868915557861,0.7613052471774857
constrained,40,"biggrid50-goal(40,38)",16,"biggrid50-goal(3,10)",0.7323129177093506,0.16631353061182816
constrained,40,"biggrid50-goal(40,38)",17,"biggrid50-goal(46,31)",0.8445578217506409,0.5448206973132436
constrained,40,"biggrid50-goal(40,38)",18,"biggrid50-goal(46,24)",0.9918365478515625,0.9778592751305148
constrained,40,"biggrid50-goal(40,38)",19,"biggrid50-goal(3,45)",0.9431971311569214,0.7583206195146297
constrained,40,"biggrid50-goal(40,38)",20,"biggrid50-goal(21,10)",0.7605441808700562,0.09859127751635477
constrained,40,"biggrid50-goal(40,38)",21,"biggrid50-goal(40,3)",0.9663263559341431,0.9224741524474195
constrained,40,"biggrid50-goal(40,38)",22,"biggrid50-goal(15,38)",0.9741497039794922,0.8314859563211611
constrained,40,"biggrid50-goal(40,38)",23,"biggrid50-goal(40,45)",0.8098639249801636,0.577155797536095
constrained,40,"biggrid50-goal(40,38)",24,"biggrid50-goal(15,17)",0.9489794969558716,0.7800582087163017
constrained,40,"biggrid50-goal(40,38)",25,"biggrid50-goal(15,24)",0.9435373544692993,0.6541663837309402
constrained,40,"biggrid50-goal(40,38)",26,"biggrid50-goal(21,38)",0.8891155123710632,0.36328016305324384
constrained,40,"biggrid50-goal(40,38)",27,"biggrid50-goal(33,17)",0.941156268119812,0.7767734839909681
constrained,40,"biggrid50-goal(40,38)",28,"biggrid50-goal(27,17)",0.7891156673431396,0.19480513569314015
constrained,40,"biggrid50-goal(40,38)",29,"biggrid50-goal(3,3)",0.7999999523162842,0.3842931675860678
constrained,40,"biggrid50-goal(40,38)",30,"biggrid50-goal(9,10)",0.9901358485221863,0.9512595162088844
constrained,40,"biggrid50-goal(40,38)",31,"biggrid50-goal(46,17)",0.9812923669815063,0.9479655187963543
constrained,40,"biggrid50-goal(40,38)",32,"biggrid50-goal(40,10)",0.7034013271331787,0.13748754616671532
constrained,40,"biggrid50-goal(40,38)",33,"biggrid50-goal(46,38)",0.9863942861557007,0.9639632499854758
constrained,40,"biggrid50-goal(40,38)",34,"biggrid50-goal(27,31)",0.9554421305656433,0.7673177848101069
constrained,40,"biggrid50-goal(40,38)",35,"biggrid50-goal(21,31)",0.8799318671226501,0.40572366037660146
constrained,40,"biggrid50-goal(40,38)",36,"biggrid50-goal(46,10)",0.9112243056297302,0.794001146029401
constrained,40,"biggrid50-goal(40,38)",37,"biggrid50-goal(9,17)",0.9040815830230713,0.5586852734845167
constrained,40,"biggrid50-goal(40,38)",38,"biggrid50-goal(33,24)",0.930952250957489,0.6974659226771088
constrained,40,"biggrid50-goal(40,38)",39,"biggrid50-goal(40,17)",0.947618842124939,0.8450698464713948
constrained,40,"biggrid50-goal(40,38)",40,"biggrid50-goal(40,38)",0.6925169229507446,0.11372528268667491
constrained,41,"biggrid50-goal(33,38)",0,"biggrid50-goal(40,31)",0.9574828743934631,0.8688349180722759
constrained,41,"biggrid50-goal(33,38)",1,"biggrid50-goal(9,31)",0.9081631898880005,0.6137336172233282
constrained,41,"biggrid50-goal(33,38)",2,"biggrid50-goal(15,31)",0.9122447371482849,0.5634510015083484
constrained,41,"biggrid50-goal(33,38)",3,"biggrid50-goal(9,24)",0.960204005241394,0.8194441777720327
constrained,41,"biggrid50-goal(33,38)",4,"biggrid50-goal(21,17)",0.8159863352775574,0.3426487497019044
constrained,41,"biggrid50-goal(33,38)",5,"biggrid50-goal(27,3)",0.7925169467926025,0.36524433618570157
constrained,41,"biggrid50-goal(33,38)",6,"biggrid50-goal(3,31)",0.9918366074562073,0.9473676120146908
constrained,41,"biggrid50-goal(33,38)",7,"biggrid50-goal(33,10)",0.9323128461837769,0.7686044279693913
constrained,41,"biggrid50-goal(33,38)",8,"biggrid50-goal(27,45)",0.678911566734314,0.06719360334018237
constrained,41,"biggrid50-goal(33,38)",9,"biggrid50-goal(21,45)",0.9656460881233215,0.8424329326469632
constrained,41,"biggrid50-goal(33,38)",10,"biggrid50-goal(33,3)",0.9030610918998718,0.7109529746411938
constrained,41,"biggrid50-goal(33,38)",11,"biggrid50-goal(21,24)",0.8948978781700134,0.4635412911302676
constrained,41,"biggrid50-goal(33,38)",12,"biggrid50-goal(21,3)",0.9472787380218506,0.8338686878286645
constrained,41,"biggrid50-goal(33,38)",13,"biggrid50-goal(3,17)",0.9421768188476562,0.6473026677200314
constrained,41,"biggrid50-goal(33,38)",14,"biggrid50-goal(15,45)",0.9180271029472351,0.542693970927845
constrained,41,"biggrid50-goal(33,38)",15,"biggrid50-goal(3,24)",0.9792515635490417,0.8467326992491201
constrained,41,"biggrid50-goal(33,38)",16,"biggrid50-goal(3,10)",0.7513604760169983,0.22563537573069833
constrained,41,"biggrid50-goal(33,38)",17,"biggrid50-goal(46,31)",0.8374148607254028,0.5239040577292899
constrained,41,"biggrid50-goal(33,38)",18,"biggrid50-goal(46,24)",0.9877549409866333,0.9667892360124322
constrained,41,"biggrid50-goal(33,38)",19,"biggrid50-goal(3,45)",0.9517005085945129,0.794499971596788
constrained,41,"biggrid50-goal(33,38)",20,"biggrid50-goal(21,10)",0.767346978187561,0.12419976287940865
constrained,41,"biggrid50-goal(33,38)",21,"biggrid50-goal(40,3)",0.9564625024795532,0.8997648906370266
constrained,41,"biggrid50-goal(33,38)",22,"biggrid50-goal(15,38)",0.9697277545928955,0.8026599586812343
constrained,41,"biggrid50-goal(33,38)",23,"biggrid50-goal(40,45)",0.8982992172241211,0.7738273161558905
constrained,41,"biggrid50-goal(33,38)",24,"biggrid50-goal(15,17)",0.9639455080032349,0.8445744537890266
constrained,41,"biggrid50-goal(33,38)",25,"biggrid50-goal(15,24)",0.9397957921028137,0.6312493200415605
constrained,41,"biggrid50-goal(33,38)",26,"biggrid50-goal(21,38)",0.8629251718521118,0.2128902419615675
constrained,41,"biggrid50-goal(33,38)",27,"biggrid50-goal(33,17)",0.969047486782074,0.8825801582158412
constrained,41,"biggrid50-goal(33,38)",28,"biggrid50-goal(27,17)",0.7911564111709595,0.20259706802317326
constrained,41,"biggrid50-goal(33,38)",29,"biggrid50-goal(3,3)",0.7554420232772827,0.24712009355303544
constrained,41,"biggrid50-goal(33,38)",30,"biggrid50-goal(9,10)",0.9700679183006287,0.852100391383496
constrained,41,"biggrid50-goal(33,38)",31,"biggrid50-goal(46,17)",0.9908162355422974,0.9744557519072226
constrained,41,"biggrid50-goal(33,38)",32,"biggrid50-goal(40,10)",0.6959183216094971,0.11572687746953361
constrained,41,"biggrid50-goal(33,38)",33,"biggrid50-goal(46,38)",0.953061044216156,0.8756752174209568
constrained,41,"biggrid50-goal(33,38)",34,"biggrid50-goal(27,31)",0.9343537092208862,0.6571935653254921
constrained,41,"biggrid50-goal(33,38)",35,"biggrid50-goal(21,31)",0.8714284896850586,0.3636362563589998
constrained,41,"biggrid50-goal(33,38)",36,"biggrid50-goal(46,10)",0.8904761075973511,0.7458561549150706
constrained,41,"biggrid50-goal(33,38)",37,"biggrid50-goal(9,17)",0.9346938729286194,0.6995305331694126
constrained,41,"biggrid50-goal(33,38)",38,"biggrid50-goal(33,24)",0.9200679659843445,0.6497762129134733
constrained,41,"biggrid50-goal(33,38)",39,"biggrid50-goal(40,17)",0.9496595859527588,0.8511058481060058
constrained,41,"biggrid50-goal(33,38)",40,"biggrid50-goal(40,38)",0.7377550601959229,0.24411755559972767
constrained,41,"biggrid50-goal(33,38)",41,"biggrid50-goal(33,38)",0.7551020383834839,0.1230206788975865
constrained,42,"biggrid50-goal(9,45)",0,"biggrid50-goal(40,31)",0.9687073826789856,0.9034624599831198
constrained,42,"biggrid50-goal(9,45)",1,"biggrid50-goal(9,31)",0.9013604521751404,0.5851212461477175
constrained,42,"biggrid50-goal(9,45)",2,"biggrid50-goal(15,31)",0.9125849604606628,0.5651434828645158
constrained,42,"biggrid50-goal(9,45)",3,"biggrid50-goal(9,24)",0.976870596408844,0.8950610857103761
constrained,42,"biggrid50-goal(9,45)",4,"biggrid50-goal(21,17)",0.8006801605224609,0.28797056518924813
constrained,42,"biggrid50-goal(9,45)",5,"biggrid50-goal(27,3)",0.784013569355011,0.3392298405118471
constrained,42,"biggrid50-goal(9,45)",6,"biggrid50-goal(3,31)",0.9744897484779358,0.8355260452674123
constrained,42,"biggrid50-goal(9,45)",7,"biggrid50-goal(33,10)",0.9102039337158203,0.6930228122703826
constrained,42,"biggrid50-goal(9,45)",8,"biggrid50-goal(27,45)",0.6812924742698669,0.07411046968890465
constrained,42,"biggrid50-goal(9,45)",9,"biggrid50-goal(21,45)",0.9840133786201477,0.9266760345445052
constrained,42,"biggrid50-goal(9,45)",10,"biggrid50-goal(33,3)",0.9200678467750549,0.7616627670663424
constrained,42,"biggrid50-goal(9,45)",11,"biggrid50-goal(21,24)",0.895578145980835,0.46701349116890506
constrained,42,"biggrid50-goal(9,45)",12,"biggrid50-goal(21,3)",0.9795916080474854,0.9356905960296743
constrained,42,"biggrid50-goal(9,45)",13,"biggrid50-goal(3,17)",0.9425168633460999,0.649376797594373
constrained,42,"biggrid50-goal(9,45)",14,"biggrid50-goal(15,45)",0.8802720904350281,0.33206831939800724
constrained,42,"biggrid50-goal(9,45)",15,"biggrid50-goal(3,24)",0.9795916676521301,0.8492450253213937
constrained,42,"biggrid50-goal(9,45)",16,"biggrid50-goal(3,10)",0.7404760718345642,0.19173691332975681
constrained,42,"biggrid50-goal(9,45)",17,"biggrid50-goal(46,31)",0.8469386696815491,0.5517925032490528
constrained,42,"biggrid50-goal(9,45)",18,"biggrid50-goal(46,24)",0.9840134382247925,0.9566416193250248
constrained,42,"biggrid50-goal(9,45)",19,"biggrid50-goal(3,45)",0.9976189732551575,0.98986943652085
constrained,42,"biggrid50-goal(9,45)",20,"biggrid50-goal(21,10)",0.7622448801994324,0.10499339885711824
constrained,42,"biggrid50-goal(9,45)",21,"biggrid50-goal(40,3)",0.9496597051620483,0.8841030089964015
constrained,42,"biggrid50-goal(9,45)",22,"biggrid50-goal(15,38)",0.9724488854408264,0.8203985858211434
constrained,42,"biggrid50-goal(9,45)",23,"biggrid50-goal(40,45)",0.8840134143829346,0.7420570752465423
constrained,42,"biggrid50-goal(9,45)",24,"biggrid50-goal(15,17)",0.9680271744728088,0.8621699101482917
constrained,42,"biggrid50-goal(9,45)",25,"biggrid50-goal(15,24)",0.9418367147445679,0.6437499680556438
constrained,42,"biggrid50-goal(9,45)",26,"biggrid50-goal(21,38)",0.9176869988441467,0.5273430775101865
constrained,42,"biggrid50-goal(9,45)",27,"biggrid50-goal(33,17)",0.9496597051620483,0.8090316797985604
constrained,42,"biggrid50-goal(9,45)",28,"biggrid50-goal(27,17)",0.8010204434394836,0.240259743215343
constrained,42,"biggrid50-goal(9,45)",29,"biggrid50-goal(3,3)",0.7880951762199402,0.3476439164195449
constrained,42,"biggrid50-goal(9,45)",30,"biggrid50-goal(9,10)",0.9761903882026672,0.882352577361488
constrained,42,"biggrid50-goal(9,45)",31,"biggrid50-goal(46,17)",0.9255101084709167,0.7928095522934417
constrained,42,"biggrid50-goal(9,45)",32,"biggrid50-goal(40,10)",0.6962584853172302,0.11671607756077505
constrained,42,"biggrid50-goal(9,45)",33,"biggrid50-goal(46,38)",0.969047486782074,0.9180176803716175
constrained,42,"biggrid50-goal(9,45)",34,"biggrid50-goal(27,31)",0.9438773989677429,0.7069264914104011
constrained,42,"biggrid50-goal(9,45)",35,"biggrid50-goal(21,31)",0.8697278499603271,0.3552189525631298
constrained,42,"biggrid50-goal(9,45)",36,"biggrid50-goal(46,10)",0.9333330988883972,0.8453033195157909
constrained,42,"biggrid50-goal(9,45)",37,"biggrid50-goal(9,17)",0.9221087694168091,0.6416272473403781
constrained,42,"biggrid50-goal(9,45)",38,"biggrid50-goal(33,24)",0.9040815830230713,0.5797315599597397
constrained,42,"biggrid50-goal(9,45)",39,"biggrid50-goal(40,17)",0.9819726943969727,0.9466798112511015
constrained,42,"biggrid50-goal(9,45)",40,"biggrid50-goal(40,38)",0.7166666388511658,0.18333328465620866
constrained,42,"biggrid50-goal(9,45)",41,"biggrid50-goal(33,38)",0.8421767950057983,0.43483528300348384
constrained,42,"biggrid50-goal(9,45)",42,"biggrid50-goal(9,45)",0.7387754321098328,-0.08474595988147203
constrained,43,"biggrid50-goal(9,38)",0,"biggrid50-goal(40,31)",0.9683672189712524,0.9024130569494679
constrained,43,"biggrid50-goal(9,38)",1,"biggrid50-goal(9,31)",0.9278910160064697,0.6967090170171043
constrained,43,"biggrid50-goal(9,38)",2,"biggrid50-goal(15,31)",0.9180271029472351,0.5922160683136238
constrained,43,"biggrid50-goal(9,38)",3,"biggrid50-goal(9,24)",0.9697278141975403,0.8626540326142013
constrained,43,"biggrid50-goal(9,38)",4,"biggrid50-goal(21,17)",0.7935373783111572,0.26245443395905016
constrained,43,"biggrid50-goal(9,38)",5,"biggrid50-goal(27,3)",0.7751700282096863,0.31217467748338296
constrained,43,"biggrid50-goal(9,38)",6,"biggrid50-goal(3,31)",0.9819726943969727,0.8837713441148022
constrained,43,"biggrid50-goal(9,38)",7,"biggrid50-goal(33,10)",0.9122447967529297,0.6999997147294555
constrained,43,"biggrid50-goal(9,38)",8,"biggrid50-goal(27,45)",0.6833333969116211,0.08003963280435338
constrained,43,"biggrid50-goal(9,38)",9,"biggrid50-goal(21,45)",0.9700679183006287,0.8627140236584478
constrained,43,"biggrid50-goal(9,38)",10,"biggrid50-goal(33,3)",0.9061223864555359,0.7200809718757804
constrained,43,"biggrid50-goal(9,38)",11,"biggrid50-goal(21,24)",0.8989794254302979,0.48437418713007285
constrained,43,"biggrid50-goal(9,38)",12,"biggrid50-goal(21,3)",0.9772107005119324,0.9281880576191944
constrained,43,"biggrid50-goal(9,38)",13,"biggrid50-goal(3,17)",0.9238094091415405,0.5352691151700151
constrained,43,"biggrid50-goal(9,38)",14,"biggrid50-goal(15,45)",0.8921768069267273,0.3984817172622363
constrained,43,"biggrid50-goal(9,38)",15,"biggrid50-goal(3,24)",0.9863943457603455,0.8994959497217773
constrained,43,"biggrid50-goal(9,38)",16,"biggrid50-goal(3,10)",0.7911564707756042,0.34957629242412713
constrained,43,"biggrid50-goal(9,38)",17,"biggrid50-goal(46,31)",0.8636053204536438,0.6005972392737621
constrained,43,"biggrid50-goal(9,38)",18,"biggrid50-goal(46,24)",0.9880950450897217,0.9677116584431075
constrained,43,"biggrid50-goal(9,38)",19,"biggrid50-goal(3,45)",0.961224377155304,0.8350212111129596
constrained,43,"biggrid50-goal(9,38)",20,"biggrid50-goal(21,10)",0.7551020383834839,0.07810484822756397
constrained,43,"biggrid50-goal(9,38)",21,"biggrid50-goal(40,3)",0.9608840942382812,0.9099445922445061
constrained,43,"biggrid50-goal(9,38)",22,"biggrid50-goal(15,38)",0.9945576786994934,0.9645223571668087
constrained,43,"biggrid50-goal(9,38)",23,"biggrid50-goal(40,45)",0.8568025827407837,0.6815428230042758
constrained,43,"biggrid50-goal(9,38)",24,"biggrid50-goal(15,17)",0.956462562084198,0.8123165881994122
constrained,43,"biggrid50-goal(9,38)",25,"biggrid50-goal(15,24)",0.9255101084709167,0.5437495299616156
constrained,43,"biggrid50-goal(9,38)",26,"biggrid50-goal(21,38)",0.9190475344657898,0.5351555320536187
constrained,43,"biggrid50-goal(9,38)",27,"biggrid50-goal(33,17)",0.9619046449661255,0.8554834455834012
constrained,43,"biggrid50-goal(9,38)",28,"biggrid50-goal(27,17)",0.7938775420188904,0.21298684215317504
constrained,43,"biggrid50-goal(9,38)",29,"biggrid50-goal(3,3)",0.7639455199241638,0.27329839223611097
constrained,43,"biggrid50-goal(9,38)",30,"biggrid50-goal(9,10)",0.9639454483985901,0.8218482054055041
constrained,43,"biggrid50-goal(9,38)",31,"biggrid50-goal(46,17)",0.9663263559341431,0.9063381990938704
constrained,43,"biggrid50-goal(9,38)",32,"biggrid50-goal(40,10)",0.7027210593223572,0.13550931931524543
constrained,43,"biggrid50-goal(9,38)",33,"biggrid50-goal(46,38)",0.9551019072532654,0.8810807457103091
constrained,43,"biggrid50-goal(9,38)",34,"biggrid50-goal(27,31)",0.94047611951828,0.6891649321880328
constrained,43,"biggrid50-goal(9,38)",35,"biggrid50-goal(21,31)",0.8717686533927917,0.3653198941258241
constrained,43,"biggrid50-goal(9,38)",36,"biggrid50-goal(46,10)",0.9306119084358215,0.8389889547716717
constrained,43,"biggrid50-goal(9,38)",37,"biggrid50-goal(9,17)",0.9278910756111145,0.6682312818646601
constrained,43,"biggrid50-goal(9,38)",38,"biggrid50-goal(33,24)",0.9214284420013428,0.6557371654749985
constrained,43,"biggrid50-goal(9,38)",39,"biggrid50-goal(40,17)",0.9897957444190979,0.9698184051684168
constrained,43,"biggrid50-goal(9,38)",40,"biggrid50-goal(40,38)",0.7081632018089294,0.15882337883270078
constrained,43,"biggrid50-goal(9,38)",41,"biggrid50-goal(33,38)",0.8357142210006714,0.4116928128653897
constrained,43,"biggrid50-goal(9,38)",42,"biggrid50-goal(9,45)",0.7605441212654114,0.005649433645823949
constrained,43,"biggrid50-goal(9,38)",43,"biggrid50-goal(9,38)",0.7945577502250671,0.17032952616757482
constrained,44,"biggrid50-goal(9,3)",0,"biggrid50-goal(40,31)",0.9503399133682251,0.8467989254054094
constrained,44,"biggrid50-goal(9,3)",1,"biggrid50-goal(9,31)",0.9214284420013428,0.6695273773092072
constrained,44,"biggrid50-goal(9,3)",2,"biggrid50-goal(15,31)",0.889115571975708,0.4483922168392407
constrained,44,"biggrid50-goal(9,3)",3,"biggrid50-goal(9,24)",0.9506801962852478,0.7762343229298642
constrained,44,"biggrid50-goal(9,3)",4,"biggrid50-goal(21,17)",0.7894557118415833,0.24787351378053352
constrained,44,"biggrid50-goal(9,3)",5,"biggrid50-goal(27,3)",0.8054420948028564,0.4047864133737881
constrained,44,"biggrid50-goal(9,3)",6,"biggrid50-goal(3,31)",0.9741495251655579,0.8333325006984525
constrained,44,"biggrid50-goal(9,3)",7,"biggrid50-goal(33,10)",0.9438773989677429,0.8081390539043145
constrained,44,"biggrid50-goal(9,3)",8,"biggrid50-goal(27,45)",0.6877551674842834,0.092885489108771
constrained,44,"biggrid50-goal(9,3)",9,"biggrid50-goal(21,45)",0.9605439901351929,0.8190317368756305
constrained,44,"biggrid50-goal(9,3)",10,"biggrid50-goal(33,3)",0.9091835618019104,0.7292086136587611
constrained,44,"biggrid50-goal(9,3)",11,"biggrid50-goal(21,24)",0.8816326260566711,0.3958332382608272
constrained,44,"biggrid50-goal(9,3)",12,"biggrid50-goal(21,3)",0.9578229188919067,0.8670947248768734
constrained,44,"biggrid50-goal(9,3)",13,"biggrid50-goal(3,17)",0.8840134739875793,0.29253047843868374
constrained,44,"biggrid50-goal(9,3)",14,"biggrid50-goal(15,45)",0.8690475821495056,0.269449630820541
constrained,44,"biggrid50-goal(9,3)",15,"biggrid50-goal(3,24)",0.9795917272567749,0.8492454656168849
constrained,44,"biggrid50-goal(9,3)",16,"biggrid50-goal(3,10)",0.7517005801200867,0.2266945982621028
constrained,44,"biggrid50-goal(9,3)",17,"biggrid50-goal(46,31)",0.8499999642372131,0.560756852159106
constrained,44,"biggrid50-goal(9,3)",18,"biggrid50-goal(46,24)",0.9802718758583069,0.9464938409792873
constrained,44,"biggrid50-goal(9,3)",19,"biggrid50-goal(3,45)",0.9914965033531189,0.9638201407176274
constrained,44,"biggrid50-goal(9,3)",20,"biggrid50-goal(21,10)",0.7693877816200256,0.1318821738627052
constrained,44,"biggrid50-goal(9,3)",21,"biggrid50-goal(40,3)",0.9775508046150208,0.9483158729215574
constrained,44,"biggrid50-goal(9,3)",22,"biggrid50-goal(15,38)",0.9717685580253601,0.8159636376211363
constrained,44,"biggrid50-goal(9,3)",23,"biggrid50-goal(40,45)",0.8653059601783752,0.700453510260615
constrained,44,"biggrid50-goal(9,3)",24,"biggrid50-goal(15,17)",0.9840133786201477,0.9310840557605277
constrained,44,"biggrid50-goal(9,3)",25,"biggrid50-goal(15,24)",0.9102040529251099,0.4499999634921643
constrained,44,"biggrid50-goal(9,3)",26,"biggrid50-goal(21,38)",0.9051019549369812,0.45507735959161394
constrained,44,"biggrid50-goal(9,3)",27,"biggrid50-goal(33,17)",0.9636052250862122,0.8619346777413837
constrained,44,"biggrid50-goal(9,3)",28,"biggrid50-goal(27,17)",0.8054420948028564,0.2571424149846883
constrained,44,"biggrid50-goal(9,3)",29,"biggrid50-goal(3,3)",0.7942176461219788,0.36649214467544616
constrained,44,"biggrid50-goal(9,3)",30,"biggrid50-goal(9,10)",0.9588434100151062,0.796638148596141
constrained,44,"biggrid50-goal(9,3)",31,"biggrid50-goal(46,17)",0.9663264155387878,0.9063383648816408
constrained,44,"biggrid50-goal(9,3)",32,"biggrid50-goal(40,10)",0.7105441689491272,0.15825901477265558
constrained,44,"biggrid50-goal(9,3)",33,"biggrid50-goal(46,38)",0.9482991695404053,0.8630626864465218
constrained,44,"biggrid50-goal(9,3)",34,"biggrid50-goal(27,31)",0.9588434100151062,0.7850793440324753
constrained,44,"biggrid50-goal(9,3)",35,"biggrid50-goal(21,31)",0.8755102157592773,0.3838387295098894
constrained,44,"biggrid50-goal(9,3)",36,"biggrid50-goal(46,10)",0.9346936941146851,0.8484605018878504
constrained,44,"biggrid50-goal(9,3)",37,"biggrid50-goal(9,17)",0.9129250645637512,0.5993735871637199
constrained,44,"biggrid50-goal(9,3)",38,"biggrid50-goal(33,24)",0.9261903762817383,0.6766016746555183
constrained,44,"biggrid50-goal(9,3)",39,"biggrid50-goal(40,17)",0.9989795088768005,0.9969816465919104
constrained,44,"biggrid50-goal(9,3)",40,"biggrid50-goal(40,38)",0.7431973218917847,0.2598040740004539
constrained,44,"biggrid50-goal(9,3)",41,"biggrid50-goal(33,38)",0.8333332538604736,0.40316657225319774
constrained,44,"biggrid50-goal(9,3)",42,"biggrid50-goal(9,45)",0.8071428537368774,0.19915262207974402
constrained,44,"biggrid50-goal(9,3)",43,"biggrid50-goal(9,38)",0.8632652163505554,0.44780193526847345
constrained,44,"biggrid50-goal(9,3)",44,"biggrid50-goal(9,3)",0.6476190090179443,-0.003876114444456708
constrained,45,"biggrid50-goal(40,24)",0,"biggrid50-goal(40,31)",0.9353739619255066,0.8006290534042619
constrained,45,"biggrid50-goal(40,24)",1,"biggrid50-goal(9,31)",0.9187074303627014,0.6580827798556433
constrained,45,"biggrid50-goal(40,24)",2,"biggrid50-goal(15,31)",0.9309523105621338,0.6565140517760528
constrained,45,"biggrid50-goal(40,24)",3,"biggrid50-goal(9,24)",0.9571428894996643,0.8055557884244222
constrained,45,"biggrid50-goal(40,24)",4,"biggrid50-goal(21,17)",0.7874149084091187,0.24058316015398767
constrained,45,"biggrid50-goal(40,24)",5,"biggrid50-goal(27,3)",0.7938775420188904,0.36940682325485813
constrained,45,"biggrid50-goal(40,24)",6,"biggrid50-goal(3,31)",0.9619046449661255,0.7543852637460653
constrained,45,"biggrid50-goal(40,24)",7,"biggrid50-goal(33,10)",0.9530611038208008,0.8395345036761185
constrained,45,"biggrid50-goal(40,24)",8,"biggrid50-goal(27,45)",0.6914966702461243,0.10375507314787462
constrained,45,"biggrid50-goal(40,24)",9,"biggrid50-goal(21,45)",0.9568026065826416,0.8018715707689406
constrained,45,"biggrid50-goal(40,24)",10,"biggrid50-goal(33,3)",0.9030610918998718,0.7109529746411938
constrained,45,"biggrid50-goal(40,24)",11,"biggrid50-goal(21,24)",0.8792517185211182,0.38368069024160584
constrained,45,"biggrid50-goal(40,24)",12,"biggrid50-goal(21,3)",0.9510203003883362,0.8456588203519103
constrained,45,"biggrid50-goal(40,24)",13,"biggrid50-goal(3,17)",0.8761904239654541,0.24481313016919157
constrained,45,"biggrid50-goal(40,24)",14,"biggrid50-goal(15,45)",0.873469352722168,0.29411756881900813
constrained,45,"biggrid50-goal(40,24)",15,"biggrid50-goal(3,24)",0.9768706560134888,0.8291450958567314
constrained,45,"biggrid50-goal(40,24)",16,"biggrid50-goal(3,10)",0.7448979020118713,0.20550829130290313
constrained,45,"biggrid50-goal(40,24)",17,"biggrid50-goal(46,31)",0.8554421663284302,0.5766931815444721
constrained,45,"biggrid50-goal(40,24)",18,"biggrid50-goal(46,24)",0.9306122064590454,0.8118080417259549
constrained,45,"biggrid50-goal(40,24)",19,"biggrid50-goal(3,45)",0.9989794492721558,0.9956578589658797
constrained,45,"biggrid50-goal(40,24)",20,"biggrid50-goal(21,10)",0.754081666469574,0.07426375492393204
constrained,45,"biggrid50-goal(40,24)",21,"biggrid50-goal(40,3)",0.9734691977500916,0.9389189086084223
constrained,45,"biggrid50-goal(40,24)",22,"biggrid50-goal(15,38)",0.9489794969558716,0.6674053066288371
constrained,45,"biggrid50-goal(40,24)",23,"biggrid50-goal(40,45)",0.9187073111534119,0.8192129390601138
constrained,45,"biggrid50-goal(40,24)",24,"biggrid50-goal(15,17)",0.9741495251655579,0.888562452320319
constrained,45,"biggrid50-goal(40,24)",25,"biggrid50-goal(15,24)",0.9248298406600952,0.5395828906758258
constrained,45,"biggrid50-goal(40,24)",26,"biggrid50-goal(21,38)",0.9095237851142883,0.480468350249594
constrained,45,"biggrid50-goal(40,24)",27,"biggrid50-goal(33,17)",0.9717685580253601,0.8929026723399944
constrained,45,"biggrid50-goal(40,24)",28,"biggrid50-goal(27,17)",0.811564564704895,0.2805191223004293
constrained,45,"biggrid50-goal(40,24)",29,"biggrid50-goal(3,3)",0.816326379776001,0.434554620282094
constrained,45,"biggrid50-goal(40,24)",30,"biggrid50-goal(9,10)",0.9639455080032349,0.8218484999223948
constrained,45,"biggrid50-goal(40,24)",31,"biggrid50-goal(46,17)",0.9442175030708313,0.8448433703460058
constrained,45,"biggrid50-goal(40,24)",32,"biggrid50-goal(40,10)",0.7054421305656433,0.14342222672112495
constrained,45,"biggrid50-goal(40,24)",33,"biggrid50-goal(46,38)",0.9414964914321899,0.8450447850544721
constrained,45,"biggrid50-goal(40,24)",34,"biggrid50-goal(27,31)",0.959523618221283,0.7886314068714924
constrained,45,"biggrid50-goal(40,24)",35,"biggrid50-goal(21,31)",0.8721086978912354,0.3670029418671475
constrained,45,"biggrid50-goal(40,24)",36,"biggrid50-goal(46,10)",0.9105439782142639,0.7924224856888091
constrained,45,"biggrid50-goal(40,24)",37,"biggrid50-goal(9,17)",0.9411563277244568,0.729263889502114
constrained,45,"biggrid50-goal(40,24)",38,"biggrid50-goal(33,24)",0.9289114475250244,0.6885241020964272
constrained,45,"biggrid50-goal(40,24)",39,"biggrid50-goal(40,17)",0.9965985417366028,0.9899393508592108
constrained,45,"biggrid50-goal(40,24)",40,"biggrid50-goal(40,38)",0.7078230381011963,0.1578429070070492
constrained,45,"biggrid50-goal(40,24)",41,"biggrid50-goal(33,38)",0.845578134059906,0.44701547427506894
constrained,45,"biggrid50-goal(40,24)",42,"biggrid50-goal(9,45)",0.8619046807289124,0.42655340243174394
constrained,45,"biggrid50-goal(40,24)",43,"biggrid50-goal(9,38)",0.9323127865791321,0.7266478414600183
constrained,45,"biggrid50-goal(40,24)",44,"biggrid50-goal(9,3)",0.6534013748168945,0.012596904983660616
constrained,45,"biggrid50-goal(40,24)",45,"biggrid50-goal(40,24)",0.8384353518486023,0.3393600632122991
constrained,46,"biggrid50-goal(33,31)",0,"biggrid50-goal(40,31)",0.9574828743934631,0.8688349180722759
constrained,46,"biggrid50-goal(33,31)",1,"biggrid50-goal(9,31)",0.9255101680755615,0.686695150931254
constrained,46,"biggrid50-goal(33,31)",2,"biggrid50-goal(15,31)",0.8785713911056519,0.39593893427639454
constrained,46,"biggrid50-goal(33,31)",3,"biggrid50-goal(9,24)",0.9612244367599487,0.8240739113162641
constrained,46,"biggrid50-goal(33,31)",4,"biggrid50-goal(21,17)",0.8010203838348389,0.28918594351514326
constrained,46,"biggrid50-goal(33,31)",5,"biggrid50-goal(27,3)",0.8054420948028564,0.4047864133737881
constrained,46,"biggrid50-goal(33,31)",6,"biggrid50-goal(3,31)",0.9731290936470032,0.8267534041636612
constrained,46,"biggrid50-goal(33,31)",7,"biggrid50-goal(33,10)",0.9418366551399231,0.801162558974591
constrained,46,"biggrid50-goal(33,31)",8,"biggrid50-goal(27,45)",0.6887754797935486,0.0958496377671119
constrained,46,"biggrid50-goal(33,31)",9,"biggrid50-goal(21,45)",0.9653059840202332,0.8408730169578637
constrained,46,"biggrid50-goal(33,31)",10,"biggrid50-goal(33,3)",0.946598470211029,0.8407702991747302
constrained,46,"biggrid50-goal(33,31)",11,"biggrid50-goal(21,24)",0.9074830412864685,0.527778056657129
constrained,46,"biggrid50-goal(33,31)",12,"biggrid50-goal(21,3)",0.9717685580253601,0.9110391837418518
constrained,46,"biggrid50-goal(33,31)",13,"biggrid50-goal(3,17)",0.8993196487426758,0.385891772230364
constrained,46,"biggrid50-goal(33,31)",14,"biggrid50-goal(15,45)",0.8768707513809204,0.3130931103681154
constrained,46,"biggrid50-goal(33,31)",15,"biggrid50-goal(3,24)",0.9792516231536865,0.8467331395446112
constrained,46,"biggrid50-goal(33,31)",16,"biggrid50-goal(3,10)",0.7442176342010498,0.20338966060698316
constrained,46,"biggrid50-goal(33,31)",17,"biggrid50-goal(46,31)",0.8469387292861938,0.5517926777885566
constrained,46,"biggrid50-goal(33,31)",18,"biggrid50-goal(46,24)",0.983333170413971,0.9547966128053443
constrained,46,"biggrid50-goal(33,31)",19,"biggrid50-goal(3,45)",0.9795916080474854,0.9131683377223059
constrained,46,"biggrid50-goal(33,31)",20,"biggrid50-goal(21,10)",0.7629251480102539,0.1075542025182171
constrained,46,"biggrid50-goal(33,31)",21,"biggrid50-goal(40,3)",0.9676868915557861,0.9256064738851311
constrained,46,"biggrid50-goal(33,31)",22,"biggrid50-goal(15,38)",0.9860543012619019,0.9090901673071969
constrained,46,"biggrid50-goal(33,31)",23,"biggrid50-goal(40,45)",0.8261903524398804,0.6134641898155113
constrained,46,"biggrid50-goal(33,31)",24,"biggrid50-goal(15,17)",0.9704080820083618,0.8724336479988859
constrained,46,"biggrid50-goal(33,31)",25,"biggrid50-goal(15,24)",0.9367346167564392,0.6124996257946843
constrained,46,"biggrid50-goal(33,31)",26,"biggrid50-goal(21,38)",0.903401255607605,0.4453116202817152
constrained,46,"biggrid50-goal(33,31)",27,"biggrid50-goal(33,17)",0.9499998688697815,0.8103221071206173
constrained,46,"biggrid50-goal(33,31)",28,"biggrid50-goal(27,17)",0.8421767950057983,0.3974022037163134
constrained,46,"biggrid50-goal(33,31)",29,"biggrid50-goal(3,3)",0.8030611872673035,0.39371728171401843
constrained,46,"biggrid50-goal(33,31)",30,"biggrid50-goal(9,10)",0.9673468470573425,0.8386551062896732
constrained,46,"biggrid50-goal(33,31)",31,"biggrid50-goal(46,17)",0.946598470211029,0.8514659286237227
constrained,46,"biggrid50-goal(33,31)",32,"biggrid50-goal(40,10)",0.7044217586517334,0.14045497310942665
constrained,46,"biggrid50-goal(33,31)",33,"biggrid50-goal(46,38)",0.9649658203125,0.9072067816646501
constrained,46,"biggrid50-goal(33,31)",34,"biggrid50-goal(27,31)",0.94829922914505,0.7300173899185783
constrained,46,"biggrid50-goal(33,31)",35,"biggrid50-goal(21,31)",0.8819727301597595,0.4158248969520463
constrained,46,"biggrid50-goal(33,31)",36,"biggrid50-goal(46,10)",0.9340133666992188,0.8468818415472587
constrained,46,"biggrid50-goal(33,31)",37,"biggrid50-goal(9,17)",0.9006801843643188,0.5430356478321404
constrained,46,"biggrid50-goal(33,31)",38,"biggrid50-goal(33,24)",0.9326528906822205,0.7049173092482123
constrained,46,"biggrid50-goal(33,31)",39,"biggrid50-goal(40,17)",0.982312798500061,0.9476857527584058
constrained,46,"biggrid50-goal(33,31)",40,"biggrid50-goal(40,38)",0.7350339889526367,0.23627446820098108
constrained,46,"biggrid50-goal(33,31)",41,"biggrid50-goal(33,38)",0.8581632375717163,0.492082715590346
constrained,46,"biggrid50-goal(33,31)",42,"biggrid50-goal(9,45)",0.8044216632843018,0.18785276474495993
constrained,46,"biggrid50-goal(33,31)",43,"biggrid50-goal(9,38)",0.8812924027442932,0.5206040209813355
constrained,46,"biggrid50-goal(33,31)",44,"biggrid50-goal(9,3)",0.652721107006073,0.010658932663400206
constrained,46,"biggrid50-goal(33,31)",45,"biggrid50-goal(40,24)",0.9384351968765259,0.7482607234366861
constrained,46,"biggrid50-goal(33,31)",46,"biggrid50-goal(33,31)",0.9017006158828735,0.5634438380539409
constrained,47,"biggrid50-goal(46,45)",0,"biggrid50-goal(40,31)",0.9448977708816528,0.8300099479068023
constrained,47,"biggrid50-goal(46,45)",1,"biggrid50-goal(9,31)",0.933333158493042,0.7195987133194898
constrained,47,"biggrid50-goal(46,45)",2,"biggrid50-goal(15,31)",0.9163264036178589,0.5837557371055782
constrained,47,"biggrid50-goal(46,45)",3,"biggrid50-goal(9,24)",0.9517005681991577,0.7808637860457343
constrained,47,"biggrid50-goal(46,45)",4,"biggrid50-goal(21,17)",0.8081632852554321,0.3147025005961912
constrained,47,"biggrid50-goal(46,45)",5,"biggrid50-goal(27,3)",0.7999999523162842,0.3881371944942916
constrained,47,"biggrid50-goal(46,45)",6,"biggrid50-goal(3,31)",0.9795916676521301,0.8684199907692817
constrained,47,"biggrid50-goal(46,45)",7,"biggrid50-goal(33,10)",0.9622448086738586,0.8709299534479225
constrained,47,"biggrid50-goal(46,45)",8,"biggrid50-goal(27,45)",0.6846938729286194,0.08399200417522798
constrained,47,"biggrid50-goal(46,45)",9,"biggrid50-goal(21,45)",0.9632651805877686,0.83151270267832
constrained,47,"biggrid50-goal(46,45)",10,"biggrid50-goal(33,3)",0.9309521913528442,0.7941170981997265
constrained,47,"biggrid50-goal(46,45)",11,"biggrid50-goal(21,24)",0.856802761554718,0.26909748050253046
constrained,47,"biggrid50-goal(46,45)",12,"biggrid50-goal(21,3)",0.9755100011825562,0.9228289406216673
constrained,47,"biggrid50-goal(46,45)",13,"biggrid50-goal(3,17)",0.8884352445602417,0.3195014380754983
constrained,47,"biggrid50-goal(46,45)",14,"biggrid50-goal(15,45)",0.873469352722168,0.29411756881900813
constrained,47,"biggrid50-goal(46,45)",15,"biggrid50-goal(3,24)",0.9785712361335754,0.8417071665135906
constrained,47,"biggrid50-goal(46,45)",16,"biggrid50-goal(3,10)",0.7394557595252991,0.18855924573554336
constrained,47,"biggrid50-goal(46,45)",17,"biggrid50-goal(46,31)",0.8367346525192261,0.5219122129130608
constrained,47,"biggrid50-goal(46,45)",18,"biggrid50-goal(46,24)",0.9374149441719055,0.8302582685810893
constrained,47,"biggrid50-goal(46,45)",19,"biggrid50-goal(3,45)",0.9846936464309692,0.9348759996916223
constrained,47,"biggrid50-goal(46,45)",20,"biggrid50-goal(21,10)",0.7619047164916992,0.10371288483855247
constrained,47,"biggrid50-goal(46,45)",21,"biggrid50-goal(40,3)",0.9802719354629517,0.9545806530230141
constrained,47,"biggrid50-goal(46,45)",22,"biggrid50-goal(15,38)",0.9710884094238281,0.8115298550812484
constrained,47,"biggrid50-goal(46,45)",23,"biggrid50-goal(40,45)",0.7942175269126892,0.5423597247151759
constrained,47,"biggrid50-goal(46,45)",24,"biggrid50-goal(15,17)",0.9557821154594421,0.8093832841237486
constrained,47,"biggrid50-goal(46,45)",25,"biggrid50-goal(15,24)",0.908843457698822,0.44166631984222776
constrained,47,"biggrid50-goal(46,45)",26,"biggrid50-goal(21,38)",0.9095237851142883,0.480468350249594
constrained,47,"biggrid50-goal(46,45)",27,"biggrid50-goal(33,17)",0.9761903285980225,0.9096768708482813
constrained,47,"biggrid50-goal(46,45)",28,"biggrid50-goal(27,17)",0.7914965152740479,0.20389564755104195
constrained,47,"biggrid50-goal(46,45)",29,"biggrid50-goal(3,3)",0.7911563515663147,0.35706784705260414
constrained,47,"biggrid50-goal(46,45)",30,"biggrid50-goal(9,10)",0.9666665196418762,0.8352934904993269
constrained,47,"biggrid50-goal(46,45)",31,"biggrid50-goal(46,17)",0.9670066237449646,0.9082303349178223
constrained,47,"biggrid50-goal(46,45)",32,"biggrid50-goal(40,10)",0.6931972503662109,0.10781397006365408
constrained,47,"biggrid50-goal(46,45)",33,"biggrid50-goal(46,38)",0.9442175626754761,0.852251945611292
constrained,47,"biggrid50-goal(46,45)",34,"biggrid50-goal(27,31)",0.9530611634254456,0.754884319846264
constrained,47,"biggrid50-goal(46,45)",35,"biggrid50-goal(21,31)",0.9027210474014282,0.5185185403713148
constrained,47,"biggrid50-goal(46,45)",36,"biggrid50-goal(46,10)",0.9207481741905212,0.8161007310881983
constrained,47,"biggrid50-goal(46,45)",37,"biggrid50-goal(9,17)",0.9425169229507446,0.7355239043054433
constrained,47,"biggrid50-goal(46,45)",38,"biggrid50-goal(33,24)",0.8989794254302979,0.5573763556107123
constrained,47,"biggrid50-goal(46,45)",39,"biggrid50-goal(40,17)",0.9758502840995789,0.9285712774610925
constrained,47,"biggrid50-goal(46,45)",40,"biggrid50-goal(40,38)",0.7275509238243103,0.21470563425119493
constrained,47,"biggrid50-goal(46,45)",41,"biggrid50-goal(33,38)",0.8884353041648865,0.6004869515178655
constrained,47,"biggrid50-goal(46,45)",42,"biggrid50-goal(9,45)",0.9200679659843445,0.668078880696832
constrained,47,"biggrid50-goal(46,45)",43,"biggrid50-goal(9,38)",0.9585033059120178,0.8324172273026959
constrained,47,"biggrid50-goal(46,45)",44,"biggrid50-goal(9,3)",0.6537414789199829,0.013565806241822879
constrained,47,"biggrid50-goal(46,45)",45,"biggrid50-goal(40,24)",0.9397957921028137,0.753824214921817
constrained,47,"biggrid50-goal(46,45)",46,"biggrid50-goal(33,31)",0.8687074780464172,0.4169184274035683
constrained,47,"biggrid50-goal(46,45)",47,"biggrid50-goal(46,45)",0.6476190090179443,0.1816745161413113
constrained,48,"biggrid50-goal(3,38)",0,"biggrid50-goal(40,31)",0.950680136680603,0.8478485123190391
constrained,48,"biggrid50-goal(3,38)",1,"biggrid50-goal(9,31)",0.9132652282714844,0.635192832855629
constrained,48,"biggrid50-goal(3,38)",2,"biggrid50-goal(15,31)",0.8789114356040955,0.3976305261013656
constrained,48,"biggrid50-goal(3,38)",3,"biggrid50-goal(9,24)",0.9829930663108826,0.922838946119042
constrained,48,"biggrid50-goal(3,38)",4,"biggrid50-goal(21,17)",0.7952379584312439,0.26852940925970087
constrained,48,"biggrid50-goal(3,38)",5,"biggrid50-goal(27,3)",0.8088434338569641,0.41519217517347345
constrained,48,"biggrid50-goal(3,38)",6,"biggrid50-goal(3,31)",0.9860542416572571,0.9100865773749021
constrained,48,"biggrid50-goal(3,38)",7,"biggrid50-goal(33,10)",0.9367345571517944,0.7837205065915834
constrained,48,"biggrid50-goal(3,38)",8,"biggrid50-goal(27,45)",0.6853742003440857,0.08596844960029534
constrained,48,"biggrid50-goal(3,38)",9,"biggrid50-goal(21,45)",0.9880950450897217,0.9453969364852415
constrained,48,"biggrid50-goal(3,38)",10,"biggrid50-goal(33,3)",0.9554420709609985,0.8671396542699957
constrained,48,"biggrid50-goal(3,38)",11,"biggrid50-goal(21,24)",0.8785713315010071,0.3802078817389294
constrained,48,"biggrid50-goal(3,38)",12,"biggrid50-goal(21,3)",0.9755100011825562,0.9228289406216673
constrained,48,"biggrid50-goal(3,38)",13,"biggrid50-goal(3,17)",0.9200678467750549,0.512447142408921
constrained,48,"biggrid50-goal(3,38)",14,"biggrid50-goal(15,45)",0.8894556760787964,0.3833012175191074
constrained,48,"biggrid50-goal(3,38)",15,"biggrid50-goal(3,24)",0.983333170413971,0.8768832538893502
constrained,48,"biggrid50-goal(3,38)",16,"biggrid50-goal(3,10)",0.7282312512397766,0.15360156080319734
constrained,48,"biggrid50-goal(3,38)",17,"biggrid50-goal(46,31)",0.8551019430160522,0.5756969100573502
constrained,48,"biggrid50-goal(3,38)",18,"biggrid50-goal(46,24)",0.9503400325775146,0.8653133924550178
constrained,48,"biggrid50-goal(3,38)",19,"biggrid50-goal(3,45)",0.9823126196861267,0.9247454362124723
constrained,48,"biggrid50-goal(3,38)",20,"biggrid50-goal(21,10)",0.7588435411453247,0.09218938055162398
constrained,48,"biggrid50-goal(3,38)",21,"biggrid50-goal(40,3)",0.9826527833938599,0.9600620096999594
constrained,48,"biggrid50-goal(3,38)",22,"biggrid50-goal(15,38)",0.9523808360099792,0.6895781048620072
constrained,48,"biggrid50-goal(3,38)",23,"biggrid50-goal(40,45)",0.8006801605224609,0.556731995491541
constrained,48,"biggrid50-goal(3,38)",24,"biggrid50-goal(15,17)",0.9615644812583923,0.8343102020449364
constrained,48,"biggrid50-goal(3,38)",25,"biggrid50-goal(15,24)",0.9299319386482239,0.5708332329367852
constrained,48,"biggrid50-goal(3,38)",26,"biggrid50-goal(21,38)",0.8887754678726196,0.36132756280921163
constrained,48,"biggrid50-goal(3,38)",27,"biggrid50-goal(33,17)",0.9448978900909424,0.7909675061943677
constrained,48,"biggrid50-goal(3,38)",28,"biggrid50-goal(27,17)",0.7897958755493164,0.19740229474887758
constrained,48,"biggrid50-goal(3,38)",29,"biggrid50-goal(3,3)",0.764285683631897,0.27434559758139054
constrained,48,"biggrid50-goal(3,38)",30,"biggrid50-goal(9,10)",0.9840133786201477,0.9210073302308924
constrained,48,"biggrid50-goal(3,38)",31,"biggrid50-goal(46,17)",0.9435372948646545,0.8429514003098242
constrained,48,"biggrid50-goal(3,38)",32,"biggrid50-goal(40,10)",0.6952381134033203,0.11374882394907673
constrained,48,"biggrid50-goal(3,38)",33,"biggrid50-goal(46,38)",0.9605440497398376,0.895495066823949
constrained,48,"biggrid50-goal(3,38)",34,"biggrid50-goal(27,31)",0.9731292128562927,0.8596801338155324
constrained,48,"biggrid50-goal(3,38)",35,"biggrid50-goal(21,31)",0.9081631898880005,0.5454543845384997
constrained,48,"biggrid50-goal(3,38)",36,"biggrid50-goal(46,10)",0.9418365955352783,0.8650351906819483
constrained,48,"biggrid50-goal(3,38)",37,"biggrid50-goal(9,17)",0.914965808391571,0.6087629237754688
constrained,48,"biggrid50-goal(3,38)",38,"biggrid50-goal(33,24)",0.9306121468544006,0.6959757498264599
constrained,48,"biggrid50-goal(3,38)",39,"biggrid50-goal(40,17)",0.9931972026824951,0.9798790543092059
constrained,48,"biggrid50-goal(3,38)",40,"biggrid50-goal(40,38)",0.7353740930557251,0.23725476822501615
constrained,48,"biggrid50-goal(3,38)",41,"biggrid50-goal(33,38)",0.8656461238861084,0.5188789229436682
constrained,48,"biggrid50-goal(3,38)",42,"biggrid50-goal(9,45)",0.9438773989677429,0.7669485484482559
constrained,48,"biggrid50-goal(3,38)",43,"biggrid50-goal(9,38)",0.9649658799171448,0.8585160791351927
constrained,48,"biggrid50-goal(3,38)",44,"biggrid50-goal(9,3)",0.6510204076766968,0.005813916960781234
constrained,48,"biggrid50-goal(3,38)",45,"biggrid50-goal(40,24)",0.937414824962616,0.7440884094780428
constrained,48,"biggrid50-goal(3,38)",46,"biggrid50-goal(33,31)",0.9278910756111145,0.6797579602761131
constrained,48,"biggrid50-goal(3,38)",47,"biggrid50-goal(46,45)",0.6965986490249634,0.2954186982445091
constrained,48,"biggrid50-goal(3,38)",48,"biggrid50-goal(3,38)",0.7336733937263489,0.12806204896546355
constrained,49,"biggrid50-goal(46,3)",0,"biggrid50-goal(40,31)",0.9442176222801208,0.827911693479432
constrained,49,"biggrid50-goal(46,3)",1,"biggrid50-goal(9,31)",0.9217687249183655,0.6709586100721784
constrained,49,"biggrid50-goal(46,3)",2,"biggrid50-goal(15,31)",0.9064624905586243,0.5346865277238705
constrained,49,"biggrid50-goal(46,3)",3,"biggrid50-goal(9,24)",0.988775372505188,0.9490734718701771
constrained,49,"biggrid50-goal(46,3)",4,"biggrid50-goal(21,17)",0.8081631064414978,0.3147018618199162
constrained,49,"biggrid50-goal(46,3)",5,"biggrid50-goal(27,3)",0.7993195652961731,0.3860556774357898
constrained,49,"biggrid50-goal(46,3)",6,"biggrid50-goal(3,31)",0.9938774108886719,0.9605254207912517
constrained,49,"biggrid50-goal(46,3)",7,"biggrid50-goal(33,10)",0.9238094091415405,0.7395345444290534
constrained,49,"biggrid50-goal(46,3)",8,"biggrid50-goal(27,45)",0.6989795565605164,0.12549389490657512
constrained,49,"biggrid50-goal(46,3)",9,"biggrid50-goal(21,45)",0.9632651805877686,0.83151270267832
constrained,49,"biggrid50-goal(46,3)",10,"biggrid50-goal(33,3)",0.9445577263832092,0.8346853231366116
constrained,49,"biggrid50-goal(46,3)",11,"biggrid50-goal(21,24)",0.8755100965499878,0.364582829449051
constrained,49,"biggrid50-goal(46,3)",12,"biggrid50-goal(21,3)",0.9738093018531799,0.9174698236241402
constrained,49,"biggrid50-goal(46,3)",13,"biggrid50-goal(3,17)",0.9323129057884216,0.5871369045693027
constrained,49,"biggrid50-goal(46,3)",14,"biggrid50-goal(15,45)",0.8789114356040955,0.32447757074761957
constrained,49,"biggrid50-goal(46,3)",15,"biggrid50-goal(3,24)",0.9826529026031494,0.8718581614493118
constrained,49,"biggrid50-goal(46,3)",16,"biggrid50-goal(3,10)",0.7278910875320435,0.15254215263868184
constrained,49,"biggrid50-goal(46,3)",17,"biggrid50-goal(46,31)",0.8534013032913208,0.57071694893777
constrained,49,"biggrid50-goal(46,3)",18,"biggrid50-goal(46,24)",0.9527209401130676,0.8717708344447344
constrained,49,"biggrid50-goal(46,3)",19,"biggrid50-goal(3,45)",0.9418365359306335,0.7525316898693858
constrained,49,"biggrid50-goal(46,3)",20,"biggrid50-goal(21,10)",0.7663266062736511,0.12035866957577672
constrained,49,"biggrid50-goal(46,3)",21,"biggrid50-goal(40,3)",0.9591835141181946,0.9060293962864165
constrained,49,"biggrid50-goal(46,3)",22,"biggrid50-goal(15,38)",0.9704081416130066,0.8070952954346144
constrained,49,"biggrid50-goal(46,3)",23,"biggrid50-goal(40,45)",0.8224487900733948,0.6051433177523823
constrained,49,"biggrid50-goal(46,3)",24,"biggrid50-goal(15,17)",0.9496597051620483,0.7829904850049733
constrained,49,"biggrid50-goal(46,3)",25,"biggrid50-goal(15,24)",0.9557822346687317,0.7291662559535153
constrained,49,"biggrid50-goal(46,3)",26,"biggrid50-goal(21,38)",0.8802720308303833,0.31249920852093527
constrained,49,"biggrid50-goal(46,3)",27,"biggrid50-goal(33,17)",0.9479589462280273,0.8025797693013513
constrained,49,"biggrid50-goal(46,3)",28,"biggrid50-goal(27,17)",0.7925170063972473,0.20779206887887935
constrained,49,"biggrid50-goal(46,3)",29,"biggrid50-goal(3,3)",0.7530611157417297,0.239790390115644
constrained,49,"biggrid50-goal(46,3)",30,"biggrid50-goal(9,10)",0.9870746731758118,0.9361337177367791
constrained,49,"biggrid50-goal(46,3)",31,"biggrid50-goal(46,17)",0.9534012675285339,0.8703876184387832
constrained,49,"biggrid50-goal(46,3)",32,"biggrid50-goal(40,10)",0.6982992887496948,0.1226507581151847
constrained,49,"biggrid50-goal(46,3)",33,"biggrid50-goal(46,38)",0.968707263469696,0.9171165484944088
constrained,49,"biggrid50-goal(46,3)",34,"biggrid50-goal(27,31)",0.9486393332481384,0.7317934213380869
constrained,49,"biggrid50-goal(46,3)",35,"biggrid50-goal(21,31)",0.8734692931175232,0.3737371979216942
constrained,49,"biggrid50-goal(46,3)",36,"biggrid50-goal(46,10)",0.9401358962059021,0.8610888164487168
constrained,49,"biggrid50-goal(46,3)",37,"biggrid50-goal(9,17)",0.93265300989151,0.6901406480830675
constrained,49,"biggrid50-goal(46,3)",38,"biggrid50-goal(33,24)",0.9183672666549683,0.6423245651834406
constrained,49,"biggrid50-goal(46,3)",39,"biggrid50-goal(40,17)",0.9884351491928101,0.9657941102530226
constrained,49,"biggrid50-goal(46,3)",40,"biggrid50-goal(40,38)",0.7197278738021851,0.1921568438806068
constrained,49,"biggrid50-goal(46,3)",41,"biggrid50-goal(33,38)",0.8353739976882935,0.41047447357198386
constrained,49,"biggrid50-goal(46,3)",42,"biggrid50-goal(9,45)",0.9238094091415405,0.6836153801221119
constrained,49,"biggrid50-goal(46,3)",43,"biggrid50-goal(9,38)",0.9044216275215149,0.6140104887420659
constrained,49,"biggrid50-goal(46,3)",44,"biggrid50-goal(9,3)",0.651020348072052,0.0058137471568453485
constrained,49,"biggrid50-goal(46,3)",45,"biggrid50-goal(40,24)",0.9690475463867188,0.8734350166792632
constrained,49,"biggrid50-goal(46,3)",46,"biggrid50-goal(33,31)",0.9200679659843445,0.6450148462289625
constrained,49,"biggrid50-goal(46,3)",47,"biggrid50-goal(46,45)",0.7557821869850159,0.43285913509286145
constrained,49,"biggrid50-goal(46,3)",48,"biggrid50-goal(3,38)",0.8578230738639832,0.5345209425600974
constrained,49,"biggrid50-goal(46,3)",49,"biggrid50-goal(46,3)",0.6329931020736694,0.17317991199176047
